run_accession	study_accession	sample_accession	experiment_accession	cell_line	library_layout	library_selection	total_assigned_gene_counts	n_genes	n_nonzero_genes	nonzero_gene_fraction
DRR091430	PRJDB5737	SAMD00079368	DRX085006	CHO-K1	SINGLE	PolyA	6283340	27775	14499	0.522016201620162
DRR091431	PRJDB5737	SAMD00079368	DRX085006	CHO-K1	SINGLE	PolyA	4149524	27775	14055	0.506030603060306
DRR091432	PRJDB5737	SAMD00079368	DRX085006	CHO-K1	SINGLE	PolyA	3665454	27775	13732	0.4944014401440144
DRR091433	PRJDB5737	SAMD00079369	DRX085007	CHO-K1	SINGLE	PolyA	3851113	27775	13848	0.49857785778577857
DRR091434	PRJDB5737	SAMD00079369	DRX085007	CHO-K1	SINGLE	PolyA	4238163	27775	14063	0.5063186318631863
DRR091435	PRJDB5737	SAMD00079369	DRX085007	CHO-K1	SINGLE	PolyA	5311798	27775	14300	0.5148514851485149
DRR091436	PRJDB5737	SAMD00079370	DRX085008	CHO-K1	SINGLE	PolyA	4501841	27775	14143	0.5091989198919892
DRR091437	PRJDB5737	SAMD00079370	DRX085008	CHO-K1	SINGLE	PolyA	4626108	27775	14139	0.5090549054905491
DRR091438	PRJDB5737	SAMD00079370	DRX085008	CHO-K1	SINGLE	PolyA	4835355	27775	14285	0.5143114311431143
DRR091439	PRJDB5737	SAMD00079371	DRX085009	CHO-K1	SINGLE	PolyA	8791549	27775	15181	0.5465706570657066
DRR091440	PRJDB5737	SAMD00079372	DRX085010	CHO-K1	SINGLE	PolyA	10550377	27775	15473	0.5570837083708371
DRR093872	PRJDB5831	SAMD00082620	DRX087368	CHO-DG44 SC20	PAIRED	PolyA	30299815	27775	17424	0.6273267326732673
DRR093873	PRJDB5831	SAMD00082621	DRX087369	CHO-DG44 SC39	PAIRED	PolyA	34224531	27775	17964	0.6467686768676868
DRR093874	PRJDB5831	SAMD00082622	DRX087370	CHO-DG44 lgG3SC20	PAIRED	PolyA	33201508	27775	18546	0.6677227722772278
DRR093875	PRJDB5831	SAMD00082623	DRX087371	CHO-DG44 lgG3SC39	PAIRED	PolyA	32329141	27775	18417	0.663078307830783
DRR096596	PRJDB5897	SAMD00084267	DRX090092	CHO-DG44	SINGLE	PolyA	24697796	27775	16293	0.5866066606660666
DRR096597	PRJDB5897	SAMD00084268	DRX090093	CHO-DG44	SINGLE	PolyA	21768869	27775	16380	0.5897389738973897
DRR096598	PRJDB5897	SAMD00084269	DRX090094	CHO-DG44	SINGLE	RANDOM	3705458	27775	14515	0.5225922592259226
DRR096599	PRJDB5897	SAMD00084270	DRX090095	CHO-DG44	SINGLE	RANDOM	4641225	27775	15165	0.545994599459946
DRR096600	PRJDB5898	SAMD00084271	DRX090096	CHO-K1	SINGLE	PolyA	14924589	27775	16290	0.5864986498649865
DRR096601	PRJDB5898	SAMD00084272	DRX090097	CHO-K1	SINGLE	PolyA	14787254	27775	16273	0.5858865886588659
DRR096602	PRJDB5898	SAMD00084273	DRX090098	CHO-K1	SINGLE	PolyA	16027683	27775	16410	0.5908190819081908
DRR096603	PRJDB5898	SAMD00084274	DRX090099	CHO-K1	SINGLE	PolyA	14374537	27775	16298	0.5867866786678668
DRR099453	PRJDB6126	SAMD00089406	DRX092931	CHO-S	SINGLE	PolyA	4692245	27775	13759	0.49537353735373535
DRR099454	PRJDB6126	SAMD00089407	DRX092932	CHO-S	SINGLE	PolyA	3639037	27775	13537	0.4873807380738074
DRR099455	PRJDB6126	SAMD00089408	DRX092933	CHO-S	SINGLE	PolyA	4654052	27775	13841	0.4983258325832583
DRR099456	PRJDB6126	SAMD00089409	DRX092934	CHO-S	SINGLE	PolyA	4197401	27775	13690	0.4928892889288929
DRR099457	PRJDB6126	SAMD00089410	DRX092935	CHO-S	SINGLE	PolyA	4342581	27775	13696	0.4931053105310531
DRR099458	PRJDB6126	SAMD00089411	DRX092936	CHO-S	SINGLE	PolyA	4420316	27775	13719	0.49393339333933395
DRR099459	PRJDB6126	SAMD00089412	DRX092937	CHO-S	SINGLE	PolyA	4271100	27775	13683	0.4926372637263726
DRR099460	PRJDB6126	SAMD00089413	DRX092938	CHO-S	SINGLE	PolyA	4461774	27775	13757	0.4953015301530153
DRR099461	PRJDB6126	SAMD00089414	DRX092939	CHO-S	SINGLE	PolyA	4654383	27775	13781	0.49616561656165614
DRR099462	PRJDB6126	SAMD00089415	DRX092940	CHO-S	SINGLE	PolyA	5041246	27775	13837	0.49818181818181817
DRR099463	PRJDB6126	SAMD00089416	DRX092941	CHO-S	SINGLE	PolyA	4705267	27775	13837	0.49818181818181817
DRR099464	PRJDB6126	SAMD00089417	DRX092942	CHO-S	SINGLE	PolyA	4671245	27775	13765	0.49558955895589557
DRR099465	PRJDB6126	SAMD00089418	DRX092943	CHO-S	SINGLE	PolyA	4175624	27775	14278	0.5140594059405941
DRR099466	PRJDB6126	SAMD00089419	DRX092944	CHO-S	SINGLE	PolyA	5035036	27775	14547	0.5237443744374437
DRR099467	PRJDB6126	SAMD00089420	DRX092945	CHO-S	SINGLE	PolyA	4726953	27775	14310	0.5152115211521152
DRR099468	PRJDB6126	SAMD00089421	DRX092946	CHO-S	SINGLE	PolyA	4462421	27775	14272	0.5138433843384338
DRR099469	PRJDB6126	SAMD00089422	DRX092947	CHO-S	SINGLE	PolyA	4384937	27775	14231	0.5123672367236723
DRR099470	PRJDB6126	SAMD00089423	DRX092948	CHO-S	SINGLE	PolyA	4344799	27775	14275	0.5139513951395139
DRR099471	PRJDB6126	SAMD00089424	DRX092949	CHO-S	SINGLE	PolyA	4868878	27775	14404	0.5185958595859586
DRR099472	PRJDB6126	SAMD00089425	DRX092950	CHO-S	SINGLE	PolyA	4089082	27775	14220	0.511971197119712
DRR099473	PRJDB6126	SAMD00089426	DRX092951	CHO-S	SINGLE	PolyA	4375543	27775	14323	0.5156795679567957
DRR099474	PRJDB6126	SAMD00089427	DRX092952	CHO-S	SINGLE	PolyA	4788201	27775	14329	0.5158955895589559
DRR099475	PRJDB6126	SAMD00089428	DRX092953	CHO-S	SINGLE	PolyA	4434741	27775	14313	0.5153195319531954
DRR099476	PRJDB6126	SAMD00089429	DRX092954	CHO-S	SINGLE	PolyA	4496104	27775	14278	0.5140594059405941
DRR099477	PRJDB6126	SAMD00089430	DRX092955	CHO-S	SINGLE	PolyA	4671539	27775	14332	0.516003600360036
DRR099478	PRJDB6126	SAMD00089431	DRX092956	CHO-S	SINGLE	PolyA	4558456	27775	14294	0.5146354635463546
DRR099479	PRJDB6126	SAMD00089432	DRX092957	CHO-S	SINGLE	PolyA	4511091	27775	14271	0.5138073807380739
DRR099480	PRJDB6126	SAMD00089433	DRX092958	CHO-S	SINGLE	PolyA	4652165	27775	14307	0.5151035103510351
DRR099481	PRJDB6126	SAMD00089434	DRX092959	CHO-S	SINGLE	PolyA	4772263	27775	14278	0.5140594059405941
DRR099482	PRJDB6126	SAMD00089435	DRX092960	CHO-S	SINGLE	PolyA	4633463	27775	14416	0.519027902790279
DRR099483	PRJDB6126	SAMD00089436	DRX092961	CHO-S	SINGLE	PolyA	4746892	27775	14258	0.5133393339333934
DRR099484	PRJDB6126	SAMD00089437	DRX092962	CHO-S	SINGLE	PolyA	4524779	27775	14216	0.5118271827182719
DRR099485	PRJDB6126	SAMD00089438	DRX092963	CHO-S	SINGLE	PolyA	4734681	27775	14307	0.5151035103510351
DRR099486	PRJDB6126	SAMD00089439	DRX092964	CHO-S	SINGLE	PolyA	4323730	27775	14181	0.5105670567056706
DRR099487	PRJDB6126	SAMD00089440	DRX092965	CHO-S	SINGLE	PolyA	4358177	27775	14205	0.5114311431143115
DRR099488	PRJDB6126	SAMD00089441	DRX092966	CHO-S	SINGLE	PolyA	4505234	27775	14256	0.5132673267326733
DRR099489	PRJDB6126	SAMD00089442	DRX092967	CHO-S	SINGLE	PolyA	4473767	27775	14074	0.5067146714671467
DRR099490	PRJDB6126	SAMD00089443	DRX092968	CHO-S	SINGLE	PolyA	4479801	27775	14100	0.5076507650765076
DRR099491	PRJDB6126	SAMD00089444	DRX092969	CHO-S	SINGLE	PolyA	4451141	27775	14052	0.5059225922592259
DRR099492	PRJDB6126	SAMD00089445	DRX092970	CHO-S	SINGLE	PolyA	4476172	27775	14135	0.5089108910891089
DRR099493	PRJDB6126	SAMD00089446	DRX092971	CHO-S	SINGLE	PolyA	4102772	27775	14033	0.5052385238523852
DRR099494	PRJDB6126	SAMD00089447	DRX092972	CHO-S	SINGLE	PolyA	3491727	27775	13808	0.49713771377137717
DRR099495	PRJDB6126	SAMD00089448	DRX092973	CHO-S	SINGLE	PolyA	4194525	27775	13959	0.5025742574257426
DRR099496	PRJDB6126	SAMD00089449	DRX092974	CHO-S	SINGLE	PolyA	3543080	27775	13773	0.4958775877587759
DRR099497	PRJDB6126	SAMD00089450	DRX092975	CHO-S	SINGLE	PolyA	3786132	27775	13884	0.4998739873987399
DRR099498	PRJDB6126	SAMD00089451	DRX092976	CHO-S	SINGLE	PolyA	4504867	27775	14060	0.5062106210621062
DRR099499	PRJDB6126	SAMD00089452	DRX092977	CHO-S	SINGLE	PolyA	3944547	27775	14002	0.5041224122412241
DRR099500	PRJDB6126	SAMD00089453	DRX092978	CHO-S	SINGLE	PolyA	4481993	27775	14076	0.5067866786678668
DRR164940	PRJDB7873	SAMD00156498	DRX155559		SINGLE	PolyA	13541418	27775	16511	0.5944554455445544
DRR164941	PRJDB7873	SAMD00156499	DRX155560		SINGLE	PolyA	14322698	27775	16638	0.5990279027902791
DRR164942	PRJDB7873	SAMD00156500	DRX155561		SINGLE	PolyA	13255457	27775	16405	0.5906390639063906
DRR164943	PRJDB7873	SAMD00156501	DRX155562		SINGLE	PolyA	13164675	27775	16467	0.5928712871287128
DRR164944	PRJDB7873	SAMD00156502	DRX155563		SINGLE	PolyA	13611788	27775	16376	0.5895949594959496
DRR164945	PRJDB7873	SAMD00156503	DRX155564		SINGLE	PolyA	12720713	27775	16233	0.5844464446444645
DRR164946	PRJDB7873	SAMD00156504	DRX155565		SINGLE	PolyA	14392379	27775	16386	0.58995499549955
DRR164947	PRJDB7873	SAMD00156505	DRX155566		SINGLE	PolyA	12134535	27775	16177	0.5824302430243025
DRR164948	PRJDB7873	SAMD00156506	DRX155567		SINGLE	PolyA	12816347	27775	16555	0.596039603960396
DRR164949	PRJDB7873	SAMD00156507	DRX155568		SINGLE	PolyA	14206956	27775	16668	0.6001080108010801
DRR164950	PRJDB7873	SAMD00156508	DRX155569		SINGLE	PolyA	14121220	27775	16520	0.5947794779477947
DRR164951	PRJDB7873	SAMD00156509	DRX155570		SINGLE	PolyA	13066007	27775	16485	0.5935193519351936
DRR169269	PRJDB7945	SAMD00159352	DRX159883		SINGLE	cDNA	7684411	27775	15149	0.5454185418541854
DRR169270	PRJDB7945	SAMD00159353	DRX159884		SINGLE	cDNA	6193166	27775	14842	0.5343654365436543
DRR169271	PRJDB7945	SAMD00159354	DRX159885		SINGLE	cDNA	6012484	27775	14762	0.5314851485148515
DRR169272	PRJDB7945	SAMD00159355	DRX159886		SINGLE	cDNA	9010489	27775	15451	0.5562916291629163
DRR169273	PRJDB7945	SAMD00159356	DRX159887		SINGLE	cDNA	9053521	27775	15229	0.5482988298829883
DRR169274	PRJDB7945	SAMD00159357	DRX159888		SINGLE	cDNA	8865835	27775	15425	0.5553555355535553
DRR169275	PRJDB7945	SAMD00159358	DRX159889		SINGLE	cDNA	7274950	27775	15091	0.5433303330333034
DRR169276	PRJDB7945	SAMD00159359	DRX159890		SINGLE	cDNA	7886139	27775	15125	0.5445544554455446
DRR169277	PRJDB7945	SAMD00159360	DRX159891		SINGLE	cDNA	5539996	27775	14891	0.5361296129612961
DRR169278	PRJDB7945	SAMD00159361	DRX159892		SINGLE	cDNA	6526644	27775	14822	0.5336453645364536
DRR169279	PRJDB7945	SAMD00159362	DRX159893		SINGLE	cDNA	7128285	27775	14928	0.5374617461746175
DRR169280	PRJDB7945	SAMD00159363	DRX159894		SINGLE	cDNA	4345877	27775	13599	0.48961296129612963
DRR169281	PRJDB7945	SAMD00159364	DRX159895		SINGLE	cDNA	4947323	27775	14451	0.5202880288028803
DRR169282	PRJDB7945	SAMD00159365	DRX159896		SINGLE	cDNA	8549832	27775	15722	0.566048604860486
DRR169283	PRJDB7945	SAMD00159366	DRX159897		SINGLE	cDNA	5765145	27775	14532	0.5232043204320432
DRR169284	PRJDB7945	SAMD00159367	DRX159898		SINGLE	cDNA	9515253	27775	15475	0.5571557155715572
DRR169285	PRJDB7945	SAMD00159368	DRX159899		SINGLE	cDNA	12989691	27775	15909	0.5727812781278128
DRR169286	PRJDB7945	SAMD00159369	DRX159900		SINGLE	cDNA	5403558	27775	14574	0.5247164716471647
DRR169287	PRJDB7945	SAMD00159370	DRX159901		SINGLE	cDNA	6861684	27775	14898	0.5363816381638163
DRR169288	PRJDB7945	SAMD00159371	DRX159902		SINGLE	cDNA	7182897	27775	15098	0.5435823582358236
DRR169289	PRJDB7945	SAMD00159372	DRX159903		SINGLE	cDNA	5843120	27775	15021	0.5408100810081008
DRR169290	PRJDB7945	SAMD00159373	DRX159904		SINGLE	cDNA	7982295	27775	15347	0.5525472547254725
DRR169291	PRJDB7945	SAMD00159374	DRX159905		SINGLE	cDNA	4740898	27775	14889	0.536057605760576
DRR169292	PRJDB7945	SAMD00159375	DRX159906		SINGLE	cDNA	4604051	27775	14578	0.5248604860486049
DRR169293	PRJDB7945	SAMD00159376	DRX159907		SINGLE	cDNA	5874340	27775	14830	0.533933393339334
DRR169294	PRJDB7945	SAMD00159377	DRX159908		SINGLE	cDNA	6438656	27775	15097	0.5435463546354635
DRR169295	PRJDB7945	SAMD00159378	DRX159909		SINGLE	cDNA	9351535	27775	15642	0.5631683168316831
DRR169296	PRJDB7945	SAMD00159379	DRX159910		SINGLE	cDNA	7521868	27775	15340	0.5522952295229523
DRR169297	PRJDB7945	SAMD00159380	DRX159911		SINGLE	cDNA	5825421	27775	14904	0.5365976597659766
DRR169298	PRJDB7945	SAMD00159381	DRX159912		SINGLE	cDNA	5010155	27775	14752	0.5311251125112512
DRR169299	PRJDB7945	SAMD00159382	DRX159913		SINGLE	cDNA	9074724	27775	15361	0.553051305130513
DRR169300	PRJDB7945	SAMD00159383	DRX159914		SINGLE	cDNA	8673080	27775	15449	0.5562196219621962
DRR169301	PRJDB7945	SAMD00159384	DRX159915		SINGLE	cDNA	10316549	27775	15676	0.5643924392439243
DRR169302	PRJDB7945	SAMD00159385	DRX159916		SINGLE	cDNA	6124646	27775	14684	0.5286768676867687
DRR169303	PRJDB7945	SAMD00159386	DRX159917		SINGLE	cDNA	6250601	27775	14770	0.5317731773177318
DRR524604	PRJDB17021	SAMD00731272	DRX508486	CHO-S	PAIRED	Oligo-dT	16353932	27775	15072	0.5426462646264626
DRR524605	PRJDB17021	SAMD00731273	DRX508487	CHO-K1	PAIRED	Oligo-dT	22346178	27775	16668	0.6001080108010801
DRR524608	PRJDB17021	SAMD00731276	DRX508490	CHO-S	PAIRED	Oligo-dT	24542506	27775	15436	0.5557515751575157
DRR524609	PRJDB17021	SAMD00731277	DRX508491	CHO-K1	PAIRED	Oligo-dT	17833915	27775	16407	0.5907110711071107
DRR524612	PRJDB17021	SAMD00731280	DRX508494	CHO-S	PAIRED	Oligo-dT	24776394	27775	15523	0.5588838883888388
DRR524613	PRJDB17021	SAMD00731281	DRX508495	CHO-K1	PAIRED	Oligo-dT	21124829	27775	16537	0.5953915391539154
DRR524616	PRJDB17021	SAMD00731284	DRX508498	CHO-S	PAIRED	Oligo-dT	23816671	27775	15579	0.5609000900090009
DRR524617	PRJDB17021	SAMD00731285	DRX508499	CHO-K1	PAIRED	Oligo-dT	26599556	27775	16880	0.6077407740774078
DRR524620	PRJDB17021	SAMD00731288	DRX508502	CHO-S	PAIRED	Oligo-dT	19038099	27775	15238	0.5486228622862286
DRR524621	PRJDB17021	SAMD00731289	DRX508503	CHO-K1	PAIRED	Oligo-dT	26584631	27775	16889	0.6080648064806481
DRR524624	PRJDB17021	SAMD00731292	DRX508506	CHO-S	PAIRED	Oligo-dT	23383420	27775	15495	0.5578757875787579
DRR524625	PRJDB17021	SAMD00731293	DRX508507	CHO-K1	PAIRED	Oligo-dT	20761613	27775	16524	0.5949234923492349
DRR524628	PRJDB17021	SAMD00731296	DRX508510	CHO-S	PAIRED	Oligo-dT	23315791	27775	15511	0.5584518451845184
DRR524629	PRJDB17021	SAMD00731297	DRX508511	CHO-K1	PAIRED	Oligo-dT	24438715	27775	16764	0.6035643564356435
DRR706779	PRJDB35724	SAMD01599750	DRX686803	CHO-K1	PAIRED	PolyA	13191993	27775	16285	0.5863186318631863
DRR706780	PRJDB35724	SAMD01599751	DRX686804	CHO-K1	PAIRED	PolyA	10676200	27775	15780	0.5681368136813681
DRR706781	PRJDB35724	SAMD01599752	DRX686805	CHO-DG44	PAIRED	PolyA	16635877	27775	16291	0.5865346534653465
DRR706782	PRJDB35724	SAMD01599753	DRX686806	CHO-DG44	PAIRED	PolyA	17529876	27775	16434	0.5916831683168317
DRR706783	PRJDB35724	SAMD01599754	DRX686807	CHO-S	PAIRED	PolyA	18075105	27775	15503	0.5581638163816381
DRR706784	PRJDB35724	SAMD01599755	DRX686808	CHO-S	PAIRED	PolyA	16049963	27775	15389	0.5540594059405941
DRR706788	PRJDB35724	SAMD01599759	DRX686812	CHO-HcD6	PAIRED	PolyA	18047797	27775	16023	0.5768856885688569
DRR706789	PRJDB35724	SAMD01599760	DRX686813	CHO-HcD6	PAIRED	PolyA	3256868	27775	13789	0.49645364536453646
DRR706790	PRJDB35724	SAMD01599761	DRX686814	CHO-HcD6	PAIRED	PolyA	17319752	27775	16027	0.577029702970297
ERR10745711	PRJEB55916	SAMEA111345349	ERX10195011		SINGLE	Inverse rRNA selection	10454827	27775	12885	0.4639063906390639
ERR10745712	PRJEB55916	SAMEA111345350	ERX10195012		SINGLE	Inverse rRNA selection	10314433	27775	12900	0.46444644464446444
ERR10745713	PRJEB55916	SAMEA111345351	ERX10195013		SINGLE	Inverse rRNA selection	10265223	27775	12875	0.46354635463546356
ERR10745714	PRJEB55916	SAMEA111345352	ERX10195014		SINGLE	Inverse rRNA selection	10316099	27775	12871	0.4634023402340234
ERR10745715	PRJEB55916	SAMEA111345353	ERX10195015		SINGLE	Inverse rRNA selection	10019889	27775	14276	0.513987398739874
ERR10745716	PRJEB55916	SAMEA111345354	ERX10195016		SINGLE	Inverse rRNA selection	9897975	27775	14306	0.515067506750675
ERR10745717	PRJEB55916	SAMEA111345355	ERX10195017		SINGLE	Inverse rRNA selection	9903490	27775	14264	0.5135553555355535
ERR10745718	PRJEB55916	SAMEA111345356	ERX10195018		SINGLE	Inverse rRNA selection	9962240	27775	14278	0.5140594059405941
ERR10745719	PRJEB55916	SAMEA111345357	ERX10195019		SINGLE	Inverse rRNA selection	11540611	27775	14992	0.5397659765976598
ERR10745720	PRJEB55916	SAMEA111345358	ERX10195020		SINGLE	Inverse rRNA selection	11441190	27775	15011	0.5404500450045004
ERR10745721	PRJEB55916	SAMEA111345359	ERX10195021		SINGLE	Inverse rRNA selection	11414856	27775	15005	0.5402340234023403
ERR10745722	PRJEB55916	SAMEA111345360	ERX10195022		SINGLE	Inverse rRNA selection	11499870	27775	14983	0.5394419441944195
ERR10745723	PRJEB55916	SAMEA111345361	ERX10195023		SINGLE	Inverse rRNA selection	10294468	27775	14943	0.538001800180018
ERR10745724	PRJEB55916	SAMEA111345362	ERX10195024		SINGLE	Inverse rRNA selection	10275254	27775	14971	0.539009900990099
ERR10745725	PRJEB55916	SAMEA111345363	ERX10195025		SINGLE	Inverse rRNA selection	10302805	27775	14924	0.5373177317731773
ERR10745726	PRJEB55916	SAMEA111345364	ERX10195026		SINGLE	Inverse rRNA selection	9008384	27775	12068	0.4344914491449145
ERR10745727	PRJEB55916	SAMEA111345365	ERX10195027		SINGLE	Inverse rRNA selection	8945158	27775	12062	0.4342754275427543
ERR10745728	PRJEB55916	SAMEA111345366	ERX10195028		SINGLE	Inverse rRNA selection	8813752	27775	12055	0.434023402340234
ERR10745729	PRJEB55916	SAMEA111345367	ERX10195029		SINGLE	Inverse rRNA selection	8661337	27775	12035	0.4333033303330333
ERR10745730	PRJEB55916	SAMEA111345368	ERX10195030		SINGLE	Inverse rRNA selection	11786414	27775	13111	0.47204320432043206
ERR10745731	PRJEB55916	SAMEA111345369	ERX10195031		SINGLE	Inverse rRNA selection	11683754	27775	13118	0.4722952295229523
ERR10745732	PRJEB55916	SAMEA111345370	ERX10195032		SINGLE	Inverse rRNA selection	11625689	27775	13125	0.47254725472547254
ERR10745733	PRJEB55916	SAMEA111345371	ERX10195033		SINGLE	Inverse rRNA selection	11660710	27775	13073	0.4706750675067507
ERR10745734	PRJEB55916	SAMEA111345372	ERX10195034		SINGLE	Inverse rRNA selection	9147547	27775	13850	0.49864986498649866
ERR10745735	PRJEB55916	SAMEA111345373	ERX10195035		SINGLE	Inverse rRNA selection	9118967	27775	13833	0.49803780378037804
ERR10745736	PRJEB55916	SAMEA111345374	ERX10195036		SINGLE	Inverse rRNA selection	9079135	27775	13836	0.4981458145814581
ERR10745737	PRJEB55916	SAMEA111345375	ERX10195037		SINGLE	Inverse rRNA selection	9115001	27775	13794	0.49663366336633663
ERR10745738	PRJEB55916	SAMEA111345376	ERX10195038		SINGLE	Inverse rRNA selection	10950541	27775	12460	0.4486048604860486
ERR10745739	PRJEB55916	SAMEA111345377	ERX10195039		SINGLE	Inverse rRNA selection	10855092	27775	12459	0.4485688568856886
ERR10745740	PRJEB55916	SAMEA111345378	ERX10195040		SINGLE	Inverse rRNA selection	10734065	27775	12451	0.4482808280828083
ERR10745741	PRJEB55916	SAMEA111345379	ERX10195041		SINGLE	Inverse rRNA selection	10735608	27775	12438	0.4478127812781278
ERR10745742	PRJEB55916	SAMEA111345380	ERX10195042		SINGLE	Inverse rRNA selection	10610162	27775	14385	0.5179117911791179
ERR10745743	PRJEB55916	SAMEA111345381	ERX10195043		SINGLE	Inverse rRNA selection	10456556	27775	14399	0.5184158415841584
ERR10745744	PRJEB55916	SAMEA111345382	ERX10195044		SINGLE	Inverse rRNA selection	10413640	27775	14369	0.5173357335733574
ERR10745745	PRJEB55916	SAMEA111345383	ERX10195045		SINGLE	Inverse rRNA selection	10435178	27775	14378	0.5176597659765977
ERR10745746	PRJEB55916	SAMEA111345384	ERX10195046		SINGLE	Inverse rRNA selection	8328724	27775	14305	0.515031503150315
ERR10745747	PRJEB55916	SAMEA111345385	ERX10195047		SINGLE	Inverse rRNA selection	8214731	27775	14327	0.5158235823582358
ERR10745748	PRJEB55916	SAMEA111345386	ERX10195048		SINGLE	Inverse rRNA selection	8199089	27775	14284	0.5142754275427542
ERR10745749	PRJEB55916	SAMEA111345387	ERX10195049		SINGLE	Inverse rRNA selection	8256147	27775	14272	0.5138433843384338
ERR10745750	PRJEB55916	SAMEA111345388	ERX10195050		SINGLE	Inverse rRNA selection	8124728	27775	13748	0.49497749774977495
ERR10745751	PRJEB55916	SAMEA111345389	ERX10195051		SINGLE	Inverse rRNA selection	8050028	27775	13770	0.49576957695769575
ERR10745752	PRJEB55916	SAMEA111345390	ERX10195052		SINGLE	Inverse rRNA selection	7971932	27775	13703	0.4933573357335734
ERR10745753	PRJEB55916	SAMEA111345391	ERX10195053		SINGLE	Inverse rRNA selection	7980086	27775	13705	0.4934293429342934
ERR10745754	PRJEB55916	SAMEA111345392	ERX10195054		SINGLE	Inverse rRNA selection	6445738	27775	14197	0.5111431143114311
ERR10745755	PRJEB55916	SAMEA111345393	ERX10195055		SINGLE	Inverse rRNA selection	6344324	27775	14179	0.5104950495049505
ERR10745756	PRJEB55916	SAMEA111345394	ERX10195056		SINGLE	Inverse rRNA selection	6304260	27775	14166	0.51002700270027
ERR10745757	PRJEB55916	SAMEA111345395	ERX10195057		SINGLE	Inverse rRNA selection	6354049	27775	14151	0.5094869486948694
ERR15000453	PRJEB89701	SAMEA118334018	ERX14404618	CHO-K1	PAIRED	RANDOM	9894896	27775	17313	0.6233303330333033
ERR15000454	PRJEB89701	SAMEA118334019	ERX14404619	CHO-K1	PAIRED	RANDOM	9654080	27775	17470	0.628982898289829
ERR15000455	PRJEB89701	SAMEA118334020	ERX14404620	CHO-K1	PAIRED	RANDOM	9727689	27775	17232	0.6204140414041404
ERR15000456	PRJEB89701	SAMEA118334021	ERX14404621	CHO-K1	PAIRED	RANDOM	10352310	27775	17418	0.6271107110711072
ERR15000457	PRJEB89701	SAMEA118334022	ERX14404622	CHO-K1	PAIRED	RANDOM	9100986	27775	17183	0.6186498649864987
ERR15000458	PRJEB89701	SAMEA118334023	ERX14404623	CHO-K1	PAIRED	RANDOM	7643825	27775	16810	0.6052205220522052
ERR15000459	PRJEB89701	SAMEA118334024	ERX14404624	CHO-K1	PAIRED	RANDOM	8361433	27775	16590	0.5972997299729973
ERR15000460	PRJEB89701	SAMEA118334025	ERX14404625	CHO-K1	PAIRED	RANDOM	9494932	27775	16830	0.6059405940594059
ERR15000461	PRJEB89701	SAMEA118334026	ERX14404626	CHO-K1	PAIRED	RANDOM	7106150	27775	16135	0.580918091809181
ERR15000462	PRJEB89701	SAMEA118334027	ERX14404627	CHO-K1	PAIRED	RANDOM	7129286	27775	16018	0.5767056705670567
ERR15000463	PRJEB89701	SAMEA118334028	ERX14404628	CHO-K1	PAIRED	RANDOM	11071476	27775	16752	0.6031323132313231
ERR15000464	PRJEB89701	SAMEA118334029	ERX14404629	CHO-K1	PAIRED	RANDOM	9796738	27775	17236	0.6205580558055805
ERR15000465	PRJEB89701	SAMEA118334030	ERX14404630	CHO-K1	PAIRED	RANDOM	9963514	27775	16611	0.598055805580558
ERR15000466	PRJEB89701	SAMEA118334031	ERX14404631	CHO-K1	PAIRED	RANDOM	10810102	27775	17113	0.6161296129612961
ERR15000467	PRJEB89701	SAMEA118334032	ERX14404632	CHO-K1	PAIRED	RANDOM	10112256	27775	16940	0.6099009900990099
ERR15000468	PRJEB89701	SAMEA118334033	ERX14404633	CHO-K1	PAIRED	RANDOM	11917390	27775	17210	0.6196219621962196
ERR15000469	PRJEB89701	SAMEA118334034	ERX14404634	CHO-K1	PAIRED	RANDOM	12198374	27775	17167	0.618073807380738
ERR15000470	PRJEB89701	SAMEA118334035	ERX14404635	CHO-K1	PAIRED	RANDOM	8743968	27775	16372	0.5894509450945095
ERR15000471	PRJEB89701	SAMEA118334036	ERX14404636	CHO-K1	PAIRED	RANDOM	8895106	27775	16452	0.5923312331233124
ERR15000472	PRJEB89701	SAMEA118334037	ERX14404637	CHO-K1	PAIRED	RANDOM	6189646	27775	15996	0.5759135913591359
ERR15000473	PRJEB89701	SAMEA118334038	ERX14404638	CHO-K1	PAIRED	RANDOM	10114674	27775	16690	0.6009000900090009
ERR15000474	PRJEB89701	SAMEA118334039	ERX14404639	CHO-K1	PAIRED	RANDOM	10960009	27775	17037	0.6133933393339334
ERR15000475	PRJEB89701	SAMEA118334040	ERX14404640	CHO-K1	PAIRED	RANDOM	9090436	27775	17098	0.6155895589558956
ERR15000476	PRJEB89701	SAMEA118334041	ERX14404641	CHO-K1	PAIRED	RANDOM	9099738	27775	16777	0.604032403240324
ERR15000477	PRJEB89701	SAMEA118334042	ERX14404642	CHO-K1	PAIRED	RANDOM	10396526	27775	16808	0.6051485148514851
ERR15000478	PRJEB89701	SAMEA118334043	ERX14404643	CHO-K1	PAIRED	RANDOM	11241392	27775	16836	0.6061566156615662
ERR15000486	PRJEB89701	SAMEA118334051	ERX14404651	CHO-K1	PAIRED	RANDOM	10216581	27775	17259	0.6213861386138614
ERR15000497	PRJEB89701	SAMEA118334062	ERX14404662	CHO-K1	PAIRED	RANDOM	8508900	27775	16290	0.5864986498649865
ERR15000508	PRJEB89701	SAMEA118334073	ERX14404673	CHO-K1	PAIRED	RANDOM	7863893	27775	16182	0.5826102610261026
ERR15000519	PRJEB89701	SAMEA118334084	ERX14404684	CHO-K1	PAIRED	RANDOM	9161381	27775	16431	0.5915751575157516
ERR15000530	PRJEB89701	SAMEA118334095	ERX14404695	CHO-K1	PAIRED	RANDOM	8005874	27775	16415	0.590999099909991
ERR15000540	PRJEB89701	SAMEA118334105	ERX14404705	CHO-K1	PAIRED	RANDOM	9469820	27775	17484	0.6294869486948695
ERR16729274	PRJEB108721	SAMEA121759863	ERX16120883		SINGLE	RANDOM PCR	25900952	27775	16850	0.6066606660666066
ERR16729275	PRJEB108721	SAMEA121759864	ERX16120884		SINGLE	RANDOM PCR	21731046	27775	17037	0.6133933393339334
ERR16729276	PRJEB108721	SAMEA121759865	ERX16120885		SINGLE	RANDOM PCR	25130954	27775	17109	0.615985598559856
ERR16729277	PRJEB108721	SAMEA121759866	ERX16120886		SINGLE	RANDOM PCR	26998968	27775	17348	0.6245904590459046
ERR16729278	PRJEB108721	SAMEA121759867	ERX16120887		SINGLE	RANDOM PCR	28500040	27775	17475	0.6291629162916291
ERR16729279	PRJEB108721	SAMEA121759868	ERX16120888		SINGLE	RANDOM PCR	24004812	27775	18162	0.6538973897389739
ERR16729280	PRJEB108721	SAMEA121759869	ERX16120889		SINGLE	RANDOM PCR	35587438	27775	18976	0.6832043204320432
ERR16729281	PRJEB108721	SAMEA121759870	ERX16120890		SINGLE	RANDOM PCR	24790233	27775	18429	0.6635103510351035
ERR16729282	PRJEB108721	SAMEA121759871	ERX16120891		SINGLE	RANDOM PCR	29630990	27775	17003	0.6121692169216921
ERR16729283	PRJEB108721	SAMEA121759872	ERX16120892		SINGLE	RANDOM PCR	21333021	27775	16915	0.609000900090009
ERR16729284	PRJEB108721	SAMEA121759873	ERX16120893		SINGLE	RANDOM PCR	28328776	27775	17211	0.6196579657965796
ERR16729285	PRJEB108721	SAMEA121759874	ERX16120894		SINGLE	RANDOM PCR	25244543	27775	17272	0.6218541854185419
ERR16729286	PRJEB108721	SAMEA121759875	ERX16120895		SINGLE	RANDOM PCR	28991811	27775	17646	0.6353195319531953
ERR16729287	PRJEB108721	SAMEA121759876	ERX16120896		SINGLE	RANDOM PCR	20764899	27775	17868	0.6433123312331233
ERR16729288	PRJEB108721	SAMEA121759877	ERX16120897		SINGLE	RANDOM PCR	27265115	27775	18330	0.6599459945994599
ERR16729289	PRJEB108721	SAMEA121759878	ERX16120898		SINGLE	RANDOM PCR	25845322	27775	18243	0.6568136813681368
ERR16729290	PRJEB108721	SAMEA121759879	ERX16120899		SINGLE	RANDOM PCR	27927410	27775	16952	0.6103330333033303
ERR16729291	PRJEB108721	SAMEA121759880	ERX16120900		SINGLE	RANDOM PCR	22897691	27775	16852	0.6067326732673267
ERR16729292	PRJEB108721	SAMEA121759881	ERX16120901		SINGLE	RANDOM PCR	29059021	27775	17333	0.624050405040504
ERR16729293	PRJEB108721	SAMEA121759882	ERX16120902		SINGLE	RANDOM PCR	29146918	27775	17461	0.6286588658865887
ERR16729294	PRJEB108721	SAMEA121759883	ERX16120903		SINGLE	RANDOM PCR	26193987	27775	17427	0.6274347434743475
ERR16729295	PRJEB108721	SAMEA121759884	ERX16120904		SINGLE	RANDOM PCR	23563191	27775	17564	0.6323672367236723
ERR16729296	PRJEB108721	SAMEA121759885	ERX16120905		SINGLE	RANDOM PCR	26361913	27775	17929	0.6455085508550855
ERR16729297	PRJEB108721	SAMEA121759886	ERX16120906		SINGLE	RANDOM PCR	25628972	27775	18157	0.6537173717371737
ERR1983091	PRJEB14303	SAMEA4467461	ERX2043467		PAIRED	cDNA	34695284	27775	15938	0.5738253825382539
ERR1983092	PRJEB14303	SAMEA4467462	ERX2043468		PAIRED	cDNA	31675986	27775	16801	0.6048964896489649
ERR1983093	PRJEB14303	SAMEA4467463	ERX2043469		PAIRED	cDNA	27293028	27775	16119	0.5803420342034203
ERR1983094	PRJEB14303	SAMEA4467464	ERX2043470		PAIRED	cDNA	21985470	27775	16144	0.5812421242124213
ERR1983095	PRJEB14303	SAMEA4467465	ERX2043471		PAIRED	cDNA	25654069	27775	16200	0.5832583258325833
ERR1983096	PRJEB14303	SAMEA4467466	ERX2043472		PAIRED	cDNA	18581264	27775	16136	0.5809540954095409
ERR1983097	PRJEB14303	SAMEA4467467	ERX2043473		PAIRED	cDNA	29511262	27775	16470	0.592979297929793
ERR2593198	PRJEB9291	SAMEA4681446	ERX2609474		PAIRED	unspecified	24733953	27775	17719	0.6379477947794779
ERR2593199	PRJEB9291	SAMEA4681447	ERX2609475		PAIRED	unspecified	33601683	27775	18094	0.6514491449144915
ERR2593200	PRJEB9291	SAMEA4681448	ERX2609476		PAIRED	unspecified	24736292	27775	17828	0.6418721872187219
ERR2593201	PRJEB9291	SAMEA4681449	ERX2609477		PAIRED	unspecified	17087719	27775	16462	0.5926912691269127
ERR2593202	PRJEB9291	SAMEA4681450	ERX2609478		PAIRED	unspecified	22111244	27775	17640	0.6351035103510351
ERR2593203	PRJEB9291	SAMEA4681451	ERX2609479		PAIRED	unspecified	28584672	27775	18409	0.6627902790279028
ERR2593204	PRJEB9291	SAMEA4681452	ERX2609480		PAIRED	unspecified	26803041	27775	19190	0.6909090909090909
ERR2593205	PRJEB9291	SAMEA4681453	ERX2609481		PAIRED	unspecified	24508986	27775	19028	0.6850765076507651
ERR2593206	PRJEB9291	SAMEA4681454	ERX2609482		PAIRED	unspecified	20307528	27775	18997	0.683960396039604
ERR3001877	PRJEB30364	SAMEA5176886	ERX3004241	The European Collection of Authenticated Cell Cultures 85050302	PAIRED	cDNA	26463698	27775	17417	0.6270747074707471
ERR3001878	PRJEB30364	SAMEA5176887	ERX3004242		PAIRED	cDNA	22442434	27775	17141	0.6171377137713772
ERR3001879	PRJEB30364	SAMEA5176888	ERX3004243		PAIRED	cDNA	21310732	27775	17046	0.6137173717371737
ERR3001880	PRJEB30364	SAMEA5176889	ERX3004244		PAIRED	cDNA	22670098	27775	17037	0.6133933393339334
ERR3001881	PRJEB30364	SAMEA5176890	ERX3004245		PAIRED	cDNA	21066344	27775	17017	0.6126732673267327
ERR3001882	PRJEB30364	SAMEA5176891	ERX3004246		PAIRED	cDNA	23874633	27775	17268	0.6217101710171017
ERR3001883	PRJEB30364	SAMEA5176892	ERX3004247		PAIRED	cDNA	22822158	27775	17189	0.6188658865886588
ERR3001884	PRJEB30364	SAMEA5176893	ERX3004248		PAIRED	cDNA	20000531	27775	16907	0.6087128712871287
ERR3001885	PRJEB30364	SAMEA5176894	ERX3004249		PAIRED	cDNA	21389423	27775	17027	0.613033303330333
ERR3001886	PRJEB30364	SAMEA5176895	ERX3004250		PAIRED	cDNA	20162118	27775	16930	0.6095409540954095
ERR3001887	PRJEB30364	SAMEA5176896	ERX3004251		PAIRED	cDNA	20544506	27775	16988	0.6116291629162917
ERR3001888	PRJEB30364	SAMEA5176897	ERX3004252		PAIRED	cDNA	20837357	27775	17255	0.6212421242124212
ERR3001889	PRJEB30364	SAMEA5176898	ERX3004253		PAIRED	cDNA	22159597	27775	17075	0.6147614761476148
ERR3001890	PRJEB30364	SAMEA5176899	ERX3004254		PAIRED	cDNA	21659800	27775	17047	0.6137533753375337
ERR3001891	PRJEB30364	SAMEA5176900	ERX3004255		PAIRED	cDNA	20729034	27775	16934	0.6096849684968497
ERR3001892	PRJEB30364	SAMEA5176901	ERX3004256		PAIRED	cDNA	22164925	27775	17054	0.614005400540054
ERR3001893	PRJEB30364	SAMEA5176902	ERX3004257		PAIRED	cDNA	21063878	27775	17116	0.6162376237623762
ERR3001894	PRJEB30364	SAMEA5176903	ERX3004258		PAIRED	cDNA	19623385	27775	16806	0.605076507650765
ERR3374020	PRJEB33024	SAMEA5713989	ERX3398172	CHO-K1	SINGLE	Oligo-dT	19049532	27775	16607	0.5979117911791179
ERR3374021	PRJEB33024	SAMEA5713990	ERX3398173	CHO-K1	SINGLE	Oligo-dT	20692955	27775	16648	0.5993879387938794
ERR3374022	PRJEB33024	SAMEA5713991	ERX3398174	CHO-K1	SINGLE	Oligo-dT	19383175	27775	17447	0.6281548154815482
ERR3374023	PRJEB33024	SAMEA5713992	ERX3398175	CHO-K1	SINGLE	Oligo-dT	18402792	27775	16535	0.5953195319531953
ERR3374024	PRJEB33024	SAMEA5713993	ERX3398176	CHO-K1	SINGLE	Oligo-dT	17506677	27775	16692	0.600972097209721
ERR3374025	PRJEB33024	SAMEA5713994	ERX3398177	CHO-K1	SINGLE	Oligo-dT	19609907	27775	17142	0.6171737173717372
ERR3374026	PRJEB33024	SAMEA5713995	ERX3398178	CHO-K1	SINGLE	Oligo-dT	19588523	27775	17841	0.6423402340234023
ERR3374027	PRJEB33024	SAMEA5713996	ERX3398179	CHO-K1	SINGLE	Oligo-dT	17493582	27775	17612	0.6340954095409541
ERR3374028	PRJEB33024	SAMEA5713997	ERX3398180	CHO-K1	SINGLE	Oligo-dT	18490584	27775	18080	0.6509450945094509
ERR3374029	PRJEB33024	SAMEA5713998	ERX3398181	CHO-K1	SINGLE	Oligo-dT	18167913	27775	18048	0.6497929792979298
ERR359637	PRJEB4847	SAMEA2242009	ERX332409	CHO-K1	PAIRED	cDNA	14090759	27775	16341	0.5883348334833484
ERR359638	PRJEB4847	SAMEA2242009	ERX332410	CHO-K1	PAIRED	cDNA	13624784	27775	16348	0.5885868586858686
ERR3668300	PRJEB35183	SAMEA6235195	ERX3659832		PAIRED	cDNA	285038	27775	9234	0.33245724572457247
ERR3668301	PRJEB35183	SAMEA6235196	ERX3659833		PAIRED	cDNA	275106	27775	9881	0.35575157515751576
ERR3668302	PRJEB35183	SAMEA6235197	ERX3659834		PAIRED	cDNA	317481	27775	10203	0.36734473447344734
ERR3668303	PRJEB35183	SAMEA6235198	ERX3659835		PAIRED	cDNA	376758	27775	10375	0.37353735373537356
ERR3668304	PRJEB35183	SAMEA6235199	ERX3659836		PAIRED	cDNA	268173	27775	9926	0.3573717371737174
ERR3668305	PRJEB35183	SAMEA6235200	ERX3659837		PAIRED	cDNA	371687	27775	10186	0.3667326732673267
ERR3668306	PRJEB35183	SAMEA6235201	ERX3659838		PAIRED	cDNA	676825	27775	10827	0.3898109810981098
ERR3668307	PRJEB35183	SAMEA6235202	ERX3659839		PAIRED	cDNA	533290	27775	10630	0.3827182718271827
ERR3668308	PRJEB35183	SAMEA6235203	ERX3659840		PAIRED	cDNA	339214	27775	10244	0.36882088208820885
ERR3668309	PRJEB35183	SAMEA6235204	ERX3659841		PAIRED	cDNA	354608	27775	9954	0.35837983798379835
ERR3668310	PRJEB35183	SAMEA6235205	ERX3659842		PAIRED	cDNA	330389	27775	9617	0.34624662466246625
ERR3668311	PRJEB35183	SAMEA6235206	ERX3659843		PAIRED	cDNA	342791	27775	10310	0.3711971197119712
ERR3668312	PRJEB35183	SAMEA6235207	ERX3659844		PAIRED	cDNA	431602	27775	10451	0.3762736273627363
ERR3972086	PRJEB37009	SAMEA6602844	ERX3975423		SINGLE	Inverse rRNA selection	21909203	27775	17461	0.6286588658865887
ERR3972087	PRJEB37009	SAMEA6602845	ERX3975424		SINGLE	Inverse rRNA selection	21674377	27775	17416	0.6270387038703871
ERR3972088	PRJEB37009	SAMEA6602846	ERX3975425		SINGLE	Inverse rRNA selection	22222867	27775	17001	0.6120972097209721
ERR3972089	PRJEB37009	SAMEA6602847	ERX3975426		SINGLE	Inverse rRNA selection	20063296	27775	16873	0.6074887488748875
ERR3972090	PRJEB37009	SAMEA6602848	ERX3975427		SINGLE	Inverse rRNA selection	22779191	27775	17196	0.6191179117911791
ERR3972091	PRJEB37009	SAMEA6602849	ERX3975428		SINGLE	Inverse rRNA selection	24217137	27775	17295	0.6226822682268227
ERR3972092	PRJEB37009	SAMEA6602850	ERX3975429		SINGLE	Inverse rRNA selection	20572722	27775	16763	0.6035283528352835
ERR3972093	PRJEB37009	SAMEA6602851	ERX3975430		SINGLE	Inverse rRNA selection	20133468	27775	16788	0.6044284428442844
ERR3972094	PRJEB37009	SAMEA6602852	ERX3975431		SINGLE	Inverse rRNA selection	20337615	27775	16268	0.5857065706570657
ERR3972095	PRJEB37009	SAMEA6602853	ERX3975432		SINGLE	Inverse rRNA selection	21726613	27775	16404	0.5906030603060306
ERR3972096	PRJEB37009	SAMEA6602854	ERX3975433		SINGLE	Inverse rRNA selection	21049098	27775	15946	0.5741134113411341
ERR3972097	PRJEB37009	SAMEA6602855	ERX3975434		SINGLE	Inverse rRNA selection	21361327	27775	15928	0.5734653465346534
ERR4184070	PRJEB38542	SAMEA6870271	ERX4147361		SINGLE	size fractionation	40801876	27775	17253	0.6211701170117012
ERR4184071	PRJEB38542	SAMEA6870272	ERX4147362		SINGLE	size fractionation	31607268	27775	17053	0.613969396939694
ERR4184072	PRJEB38542	SAMEA6870273	ERX4147363		SINGLE	size fractionation	31321172	27775	17347	0.6245544554455446
ERR4184073	PRJEB38542	SAMEA6870274	ERX4147364		SINGLE	size fractionation	34095576	27775	17466	0.6288388838883888
ERR4184074	PRJEB38542	SAMEA6870275	ERX4147365		SINGLE	size fractionation	30262296	27775	17349	0.6246264626462646
ERR4184075	PRJEB38542	SAMEA6870276	ERX4147366		SINGLE	size fractionation	29665554	27775	17157	0.6177137713771377
ERR4184076	PRJEB38542	SAMEA6870277	ERX4147367		SINGLE	size fractionation	26996870	27775	17002	0.6121332133213321
ERR4184077	PRJEB38542	SAMEA6870278	ERX4147368		SINGLE	size fractionation	32443196	27775	17249	0.621026102610261
ERR4184078	PRJEB38542	SAMEA6870279	ERX4147369		SINGLE	size fractionation	25857993	27775	17175	0.6183618361836184
ERR4184079	PRJEB38542	SAMEA6870280	ERX4147370		SINGLE	size fractionation	29787982	27775	17510	0.6304230423042304
ERR4184080	PRJEB38542	SAMEA6870281	ERX4147371		SINGLE	size fractionation	35931650	27775	17553	0.631971197119712
ERR4184081	PRJEB38542	SAMEA6870282	ERX4147372		SINGLE	size fractionation	33079614	27775	17330	0.623942394239424
ERR4184082	PRJEB38542	SAMEA6870283	ERX4147373		SINGLE	size fractionation	41707908	27775	17570	0.6325832583258326
ERR4184083	PRJEB38542	SAMEA6870284	ERX4147374		SINGLE	size fractionation	43254048	27775	17739	0.6386678667866786
ERR4319912	PRJEB39258	SAMEA7040950	ERX4268279	Horizon-Discovery CHO-K1 (GS -/-)	PAIRED	unspecified	37197710	27775	17035	0.6133213321332133
ERR4319913	PRJEB39258	SAMEA7040959	ERX4268280	Horizon-Discovery CHO-K1 (GS -/-)	PAIRED	unspecified	36218616	27775	17185	0.6187218721872187
ERR4319914	PRJEB39258	SAMEA7040968	ERX4268281	Horizon-Discovery CHO-K1 (GS -/-)	PAIRED	unspecified	34583918	27775	17071	0.6146174617461746
ERR4319915	PRJEB39258	SAMEA7040949	ERX4268282	Horizon-Discovery CHO-K1 (GS -/-)	PAIRED	unspecified	37449648	27775	17471	0.629018901890189
ERR4319916	PRJEB39258	SAMEA7040958	ERX4268283	Horizon-Discovery CHO-K1 (GS -/-)	PAIRED	unspecified	41863362	27775	17562	0.6322952295229523
ERR4319917	PRJEB39258	SAMEA7040967	ERX4268284	Horizon-Discovery CHO-K1 (GS -/-)	PAIRED	unspecified	39153804	27775	17474	0.6291269126912691
ERR4319918	PRJEB39258	SAMEA7040948	ERX4268285	Horizon-Discovery CHO-K1 (GS -/-)	PAIRED	unspecified	40952444	27775	17328	0.6238703870387039
ERR4319919	PRJEB39258	SAMEA7040957	ERX4268286	Horizon-Discovery CHO-K1 (GS -/-)	PAIRED	unspecified	37373746	27775	17233	0.6204500450045004
ERR4319920	PRJEB39258	SAMEA7040966	ERX4268287	Horizon-Discovery CHO-K1 (GS -/-)	PAIRED	unspecified	38072706	27775	17339	0.6242664266426643
ERR4319921	PRJEB39258	SAMEA7040951	ERX4268288	Horizon-Discovery CHO-K1 (GS -/-)	PAIRED	unspecified	33041456	27775	17275	0.621962196219622
ERR4319922	PRJEB39258	SAMEA7040960	ERX4268289	Horizon-Discovery CHO-K1 (GS -/-)	PAIRED	unspecified	38793321	27775	17516	0.6306390639063907
ERR4319923	PRJEB39258	SAMEA7040969	ERX4268290	Horizon-Discovery CHO-K1 (GS -/-)	PAIRED	unspecified	37201199	27775	17383	0.6258505850585059
ERR4319924	PRJEB39258	SAMEA7040952	ERX4268291	Horizon-Discovery CHO-K1 (GS -/-)	PAIRED	unspecified	37029937	27775	16896	0.6083168316831683
ERR4319925	PRJEB39258	SAMEA7040961	ERX4268292	Horizon-Discovery CHO-K1 (GS -/-)	PAIRED	unspecified	37076005	27775	17002	0.6121332133213321
ERR4319926	PRJEB39258	SAMEA7040970	ERX4268293	Horizon-Discovery CHO-K1 (GS -/-)	PAIRED	unspecified	36181973	27775	16926	0.6093969396939694
ERR4319927	PRJEB39258	SAMEA7040944	ERX4268294	Horizon-Discovery CHO-K1 (GS -/-)	PAIRED	unspecified	34997257	27775	16947	0.6101530153015301
ERR4319928	PRJEB39258	SAMEA7040953	ERX4268295	Horizon-Discovery CHO-K1 (GS -/-)	PAIRED	unspecified	37228062	27775	17009	0.6123852385238524
ERR4319929	PRJEB39258	SAMEA7040962	ERX4268296	Horizon-Discovery CHO-K1 (GS -/-)	PAIRED	unspecified	37969291	27775	16983	0.6114491449144914
ERR4319930	PRJEB39258	SAMEA7040945	ERX4268297	Horizon-Discovery CHO-K1 (GS -/-)	PAIRED	unspecified	40683237	27775	17102	0.6157335733573357
ERR4319931	PRJEB39258	SAMEA7040954	ERX4268298	Horizon-Discovery CHO-K1 (GS -/-)	PAIRED	unspecified	42107892	27775	16889	0.6080648064806481
ERR4319932	PRJEB39258	SAMEA7040963	ERX4268299	Horizon-Discovery CHO-K1 (GS -/-)	PAIRED	unspecified	40498933	27775	16934	0.6096849684968497
ERR4319933	PRJEB39258	SAMEA7040947	ERX4268300	Horizon-Discovery CHO-K1 (GS -/-)	PAIRED	unspecified	39021752	27775	16989	0.6116651665166517
ERR4319934	PRJEB39258	SAMEA7040956	ERX4268301	Horizon-Discovery CHO-K1 (GS -/-)	PAIRED	unspecified	36830939	27775	17022	0.6128532853285329
ERR4319935	PRJEB39258	SAMEA7040965	ERX4268302	Horizon-Discovery CHO-K1 (GS -/-)	PAIRED	unspecified	39601119	27775	16990	0.6117011701170117
ERR4319936	PRJEB39258	SAMEA7040946	ERX4268303	Horizon-Discovery CHO-K1 (GS -/-)	PAIRED	unspecified	39184854	27775	17206	0.6194779477947795
ERR4319937	PRJEB39258	SAMEA7040955	ERX4268304	Horizon-Discovery CHO-K1 (GS -/-)	PAIRED	unspecified	36897854	27775	17167	0.618073807380738
ERR4319938	PRJEB39258	SAMEA7040964	ERX4268305	Horizon-Discovery CHO-K1 (GS -/-)	PAIRED	unspecified	36749760	27775	17224	0.6201260126012601
ERR7417863	PRJEB48931	SAMEA11293139	ERX6987504	CHO-K1	PAIRED	PolyA	35822181	27775	18541	0.6675427542754275
ERR7417864	PRJEB48931	SAMEA11293140	ERX6987505	CHO-K1	PAIRED	PolyA	40656849	27775	18738	0.6746354635463546
ERR7417865	PRJEB48931	SAMEA11293141	ERX6987506	CHO-K1	PAIRED	PolyA	36336927	27775	18698	0.6731953195319532
ERR7417866	PRJEB48931	SAMEA11293142	ERX6987507	CHO-K1	PAIRED	PolyA	39387462	27775	18831	0.677983798379838
ERR7417867	PRJEB48931	SAMEA11293143	ERX6987508	CHO-K1	PAIRED	PolyA	33694621	27775	18498	0.665994599459946
ERR7417868	PRJEB48931	SAMEA11293144	ERX6987509	CHO-K1	PAIRED	PolyA	33440480	27775	18283	0.6582538253825383
ERR7417869	PRJEB48931	SAMEA11293145	ERX6987510	CHO-K1	PAIRED	PolyA	33282036	27775	18278	0.6580738073807381
ERR7417870	PRJEB48931	SAMEA11293146	ERX6987511	CHO-K1	PAIRED	PolyA	35209205	27775	18641	0.6711431143114311
ERR8006957	PRJEB49939	SAMEA12293228	ERX7572626		PAIRED	PCR	25424573	27775	17096	0.6155175517551755
ERR8006958	PRJEB49939	SAMEA12293227	ERX7572627		PAIRED	PCR	21286750	27775	16934	0.6096849684968497
SRR10493804	PRJNA590486	SAMN13327513	SRX7182892	3478	SINGLE	cDNA	23724353	27775	19487	0.7016021602160216
SRR10493805	PRJNA590486	SAMN13327508	SRX7182893	3478	SINGLE	cDNA	23571136	27775	19467	0.7008820882088209
SRR10493806	PRJNA590486	SAMN13327506	SRX7182894	3068	SINGLE	cDNA	17877474	27775	18104	0.6518091809180918
SRR10493807	PRJNA590486	SAMN13327504	SRX7182895	3068	SINGLE	cDNA	19360146	27775	18656	0.6716831683168317
SRR10493808	PRJNA590486	SAMN13327503	SRX7182896	3077	SINGLE	cDNA	19884626	27775	18567	0.6684788478847885
SRR10493809	PRJNA590486	SAMN13327512	SRX7182897	3077	SINGLE	cDNA	18423479	27775	18209	0.6555895589558955
SRR10493810	PRJNA590486	SAMN13327510	SRX7182898	3080	SINGLE	cDNA	15726803	27775	20610	0.742034203420342
SRR10493811	PRJNA590486	SAMN13327509	SRX7182899	3080	SINGLE	cDNA	14412344	27775	19941	0.7179477947794779
SRR10493812	PRJNA590486	SAMN13327501	SRX7182900	3478	SINGLE	cDNA	18016446	27775	19824	0.7137353735373537
SRR10493813	PRJNA590486	SAMN13327500	SRX7182901	3478	SINGLE	cDNA	19262652	27775	20239	0.7286768676867686
SRR10493814	PRJNA590486	SAMN13327498	SRX7182902	3068	SINGLE	cDNA	15721651	27775	19654	0.7076147614761477
SRR10493816	PRJNA590486	SAMN13327545	SRX7182904	3077	SINGLE	cDNA	16744010	27775	20408	0.7347614761476148
SRR10493817	PRJNA590486	SAMN13327544	SRX7182905	3077	SINGLE	cDNA	15302729	27775	19659	0.7077947794779478
SRR10493818	PRJNA590486	SAMN13327543	SRX7182906	3080	SINGLE	cDNA	20130254	27775	18653	0.6715751575157516
SRR10493819	PRJNA590486	SAMN13327542	SRX7182907	3080	SINGLE	cDNA	19631462	27775	18562	0.6682988298829883
SRR10493846	PRJNA590485	SAMN13327598	SRX7182934	3068	SINGLE	cDNA	210955	27775	11191	0.4029162916291629
SRR10493847	PRJNA590485	SAMN13327597	SRX7182935	3068	SINGLE	cDNA	8163175	27775	15722	0.566048604860486
SRR10493848	PRJNA590485	SAMN13327596	SRX7182936	3068	SINGLE	cDNA	5407994	27775	13923	0.5012781278127812
SRR10493849	PRJNA590485	SAMN13327595	SRX7182937	3068	SINGLE	cDNA	10878569	27775	16855	0.6068406840684069
SRR10493850	PRJNA590485	SAMN13327594	SRX7182938	3068	SINGLE	cDNA	11732768	27775	16968	0.610909090909091
SRR10493851	PRJNA590485	SAMN13327593	SRX7182939	3068	SINGLE	cDNA	11596249	27775	17113	0.6161296129612961
SRR10493852	PRJNA590485	SAMN13327592	SRX7182940	3068	SINGLE	cDNA	1173664	27775	11828	0.42585058505850587
SRR10493853	PRJNA590485	SAMN13327591	SRX7182941	3068	SINGLE	cDNA	2186703	27775	11465	0.4127812781278128
SRR10493854	PRJNA590485	SAMN13327590	SRX7182942	3068	SINGLE	cDNA	1363758	27775	11327	0.4078127812781278
SRR10493855	PRJNA590485	SAMN13327589	SRX7182943	3080	SINGLE	cDNA	6221330	27775	14932	0.5376057605760576
SRR10493856	PRJNA590485	SAMN13327549	SRX7182944	3080	SINGLE	cDNA	14186090	27775	15514	0.5585598559855985
SRR10493857	PRJNA590485	SAMN13327588	SRX7182945	3080	SINGLE	cDNA	1168067	27775	10924	0.39330333033303333
SRR10493858	PRJNA590485	SAMN13327587	SRX7182946	3080	SINGLE	cDNA	12674475	27775	17550	0.6318631863186318
SRR10493859	PRJNA590485	SAMN13327586	SRX7182947	3080	SINGLE	cDNA	11225403	27775	17492	0.6297749774977498
SRR10493860	PRJNA590485	SAMN13327585	SRX7182948	3080	SINGLE	cDNA	12874369	27775	17776	0.64
SRR10493861	PRJNA590485	SAMN13327584	SRX7182949	3080	SINGLE	cDNA	2467063	27775	12135	0.4369036903690369
SRR10493862	PRJNA590485	SAMN13327583	SRX7182950	3080	SINGLE	cDNA	1233854	27775	12129	0.4366876687668767
SRR10493863	PRJNA590485	SAMN13327582	SRX7182951	3080	SINGLE	cDNA	11308880	27775	15555	0.56003600360036
SRR10493864	PRJNA590485	SAMN13327581	SRX7182952	3936	SINGLE	cDNA	17015098	27775	17311	0.6232583258325832
SRR10493865	PRJNA590485	SAMN13327579	SRX7182953	3936	SINGLE	cDNA	6263106	27775	13584	0.48907290729072905
SRR10493866	PRJNA590485	SAMN13327577	SRX7182954	3936	SINGLE	cDNA	19582833	27775	18021	0.6488208820882089
SRR10493867	PRJNA590485	SAMN13327575	SRX7182955	3936	SINGLE	cDNA	14219718	27775	18004	0.6482088208820882
SRR10493868	PRJNA590485	SAMN13327574	SRX7182956	3936	SINGLE	cDNA	14679099	27775	17906	0.6446804680468047
SRR10493869	PRJNA590485	SAMN13327572	SRX7182957	3936	SINGLE	cDNA	13338631	27775	17796	0.6407200720072007
SRR10493870	PRJNA590485	SAMN13327571	SRX7182958	3936	SINGLE	cDNA	8105841	27775	16105	0.5798379837983798
SRR10493871	PRJNA590485	SAMN13327568	SRX7182959	3936	SINGLE	cDNA	8538349	27775	15608	0.561944194419442
SRR10493872	PRJNA590485	SAMN13327566	SRX7182960	3936	SINGLE	cDNA	15762032	27775	17414	0.626966696669667
SRR10493873	PRJNA590485	SAMN13327565	SRX7182961	4384	SINGLE	cDNA	18033613	27775	17258	0.6213501350135013
SRR10493874	PRJNA590485	SAMN13327563	SRX7182962	4384	SINGLE	cDNA	15770027	27775	17100	0.6156615661566157
SRR10493875	PRJNA590485	SAMN13327561	SRX7182963	4384	SINGLE	cDNA	13715178	27775	16907	0.6087128712871287
SRR10493876	PRJNA590485	SAMN13327560	SRX7182964	4384	SINGLE	cDNA	14505579	27775	17232	0.6204140414041404
SRR10493877	PRJNA590485	SAMN13327558	SRX7182965	4384	SINGLE	cDNA	13902806	27775	17375	0.6255625562556255
SRR10493878	PRJNA590485	SAMN13327555	SRX7182966	4384	SINGLE	cDNA	11356482	27775	17013	0.6125292529252925
SRR10493879	PRJNA590485	SAMN13327553	SRX7182967	4384	SINGLE	cDNA	12200421	27775	16092	0.5793699369936993
SRR10493880	PRJNA590485	SAMN13327552	SRX7182968	4384	SINGLE	cDNA	12879788	27775	16198	0.5831863186318632
SRR10493881	PRJNA590485	SAMN13327551	SRX7182969	4384	SINGLE	cDNA	13535918	27775	15934	0.5736813681368137
SRR10572657	PRJNA593052	SAMN13451146	SRX7254149	CHOK1	PAIRED	RANDOM	40452477	27775	18704	0.6734113411341134
SRR10572658	PRJNA593052	SAMN13451145	SRX7254148	CHOK1	PAIRED	RANDOM	37754596	27775	18727	0.6742394239423942
SRR10572659	PRJNA593052	SAMN13451144	SRX7254147	CHOK1	PAIRED	RANDOM	42334204	27775	18831	0.677983798379838
SRR10572660	PRJNA593052	SAMN13451143	SRX7254146	CHOK1	PAIRED	RANDOM	38082436	27775	18872	0.6794599459945995
SRR10572661	PRJNA593052	SAMN13451142	SRX7254145	CHOK1	PAIRED	RANDOM	44218074	27775	19266	0.6936453645364536
SRR10572662	PRJNA593052	SAMN13451141	SRX7254144	CHOK1	PAIRED	RANDOM	40775464	27775	19220	0.691989198919892
SRR10572663	PRJNA593052	SAMN13451140	SRX7254143	CHOK1	PAIRED	RANDOM	26836277	27775	18743	0.6748154815481548
SRR10572664	PRJNA593052	SAMN13451139	SRX7254142	CHOK1	PAIRED	RANDOM	38269183	27775	19140	0.689108910891089
SRR10669486	PRJNA594947	SAMN13541379	SRX7347961	CHO	SINGLE	cDNA	31905754	27775	16700	0.6012601260126013
SRR10669487	PRJNA594947	SAMN13541378	SRX7347962	CHO	SINGLE	cDNA	27978688	27775	16472	0.5930513051305131
SRR10669488	PRJNA594947	SAMN13541384	SRX7347963	CHO	SINGLE	cDNA	25985559	27775	16349	0.5886228622862286
SRR10669489	PRJNA594947	SAMN13541377	SRX7347964	CHO	SINGLE	cDNA	21799689	27775	16027	0.577029702970297
SRR10995631	PRJNA604220	SAMN13957915	SRX7656770		PAIRED	cDNA	4168024	27775	13668	0.4920972097209721
SRR10995632	PRJNA604220	SAMN13957915	SRX7656770		PAIRED	cDNA	3771827	27775	13648	0.4913771377137714
SRR10995633	PRJNA604220	SAMN13957915	SRX7656770		PAIRED	cDNA	3669708	27775	13576	0.4887848784878488
SRR10995634	PRJNA604220	SAMN13957915	SRX7656770		PAIRED	cDNA	3598528	27775	13553	0.48795679567956796
SRR10995635	PRJNA604220	SAMN13957914	SRX7656771		PAIRED	cDNA	4356087	27775	14135	0.5089108910891089
SRR10995636	PRJNA604220	SAMN13957914	SRX7656771		PAIRED	cDNA	3981175	27775	14125	0.5085508550855086
SRR10995637	PRJNA604220	SAMN13957914	SRX7656771		PAIRED	cDNA	3879518	27775	14082	0.507002700270027
SRR10995638	PRJNA604220	SAMN13957914	SRX7656771		PAIRED	cDNA	3800292	27775	14048	0.5057785778577858
SRR10995639	PRJNA604220	SAMN13957913	SRX7656772		PAIRED	cDNA	4027100	27775	14174	0.5103150315031503
SRR10995640	PRJNA604220	SAMN13957913	SRX7656772		PAIRED	cDNA	3611753	27775	14073	0.5066786678667867
SRR10995641	PRJNA604220	SAMN13957913	SRX7656772		PAIRED	cDNA	3450266	27775	14085	0.5071107110711071
SRR10995642	PRJNA604220	SAMN13957913	SRX7656772		PAIRED	cDNA	3381646	27775	14037	0.5053825382538254
SRR10995643	PRJNA604220	SAMN13957912	SRX7656773		PAIRED	cDNA	4442202	27775	13692	0.492961296129613
SRR10995644	PRJNA604220	SAMN13957912	SRX7656773		PAIRED	cDNA	4039774	27775	13635	0.4909090909090909
SRR10995645	PRJNA604220	SAMN13957912	SRX7656773		PAIRED	cDNA	3930965	27775	13680	0.49252925292529254
SRR10995646	PRJNA604220	SAMN13957912	SRX7656773		PAIRED	cDNA	3846937	27775	13635	0.4909090909090909
SRR10995647	PRJNA604220	SAMN13957911	SRX7656774		PAIRED	cDNA	4623781	27775	14235	0.5125112511251125
SRR10995648	PRJNA604220	SAMN13957911	SRX7656774		PAIRED	cDNA	4201646	27775	14084	0.5070747074707471
SRR10995649	PRJNA604220	SAMN13957911	SRX7656774		PAIRED	cDNA	4059670	27775	14129	0.5086948694869486
SRR10995650	PRJNA604220	SAMN13957911	SRX7656774		PAIRED	cDNA	3971961	27775	14065	0.5063906390639064
SRR10995651	PRJNA604220	SAMN13957910	SRX7656775		PAIRED	cDNA	3980169	27775	14008	0.5043384338433844
SRR10995652	PRJNA604220	SAMN13957910	SRX7656775		PAIRED	cDNA	3607253	27775	13888	0.50001800180018
SRR10995653	PRJNA604220	SAMN13957910	SRX7656775		PAIRED	cDNA	3443806	27775	13905	0.5006300630063006
SRR10995654	PRJNA604220	SAMN13957910	SRX7656775		PAIRED	cDNA	3380921	27775	13847	0.4985418541854185
SRR10995655	PRJNA604220	SAMN13957909	SRX7656776		PAIRED	cDNA	6442261	27775	14163	0.5099189918991899
SRR10995656	PRJNA604220	SAMN13957909	SRX7656776		PAIRED	cDNA	5876348	27775	14066	0.5064266426642664
SRR10995657	PRJNA604220	SAMN13957909	SRX7656776		PAIRED	cDNA	5685261	27775	14063	0.5063186318631863
SRR10995658	PRJNA604220	SAMN13957909	SRX7656776		PAIRED	cDNA	5569350	27775	13993	0.5037983798379838
SRR10995659	PRJNA604220	SAMN13957908	SRX7656777		PAIRED	cDNA	5066945	27775	14018	0.5046984698469847
SRR10995660	PRJNA604220	SAMN13957908	SRX7656777		PAIRED	cDNA	4488094	27775	13910	0.5008100810081008
SRR10995661	PRJNA604220	SAMN13957908	SRX7656777		PAIRED	cDNA	4285644	27775	13905	0.5006300630063006
SRR10995662	PRJNA604220	SAMN13957908	SRX7656777		PAIRED	cDNA	4178459	27775	13900	0.5004500450045004
SRR10995663	PRJNA604220	SAMN13957907	SRX7656778		PAIRED	cDNA	4010442	27775	14050	0.5058505850585059
SRR10995664	PRJNA604220	SAMN13957907	SRX7656778		PAIRED	cDNA	3623858	27775	13946	0.5021062106210621
SRR10995665	PRJNA604220	SAMN13957907	SRX7656778		PAIRED	cDNA	3459708	27775	13923	0.5012781278127812
SRR10995666	PRJNA604220	SAMN13957907	SRX7656778		PAIRED	cDNA	3393860	27775	13931	0.5015661566156616
SRR10995667	PRJNA604220	SAMN13957906	SRX7656779		PAIRED	cDNA	4326362	27775	13664	0.49195319531953197
SRR10995668	PRJNA604220	SAMN13957906	SRX7656779		PAIRED	cDNA	3963350	27775	13574	0.4887128712871287
SRR10995669	PRJNA604220	SAMN13957906	SRX7656779		PAIRED	cDNA	3871383	27775	13600	0.4896489648964896
SRR10995670	PRJNA604220	SAMN13957906	SRX7656779		PAIRED	cDNA	3807265	27775	13614	0.49015301530153016
SRR10995671	PRJNA604220	SAMN13957905	SRX7656780		PAIRED	cDNA	4306642	27775	13794	0.49663366336633663
SRR10995672	PRJNA604220	SAMN13957905	SRX7656780		PAIRED	cDNA	3915232	27775	13728	0.49425742574257425
SRR10995673	PRJNA604220	SAMN13957905	SRX7656780		PAIRED	cDNA	3759731	27775	13744	0.4948334833483348
SRR10995674	PRJNA604220	SAMN13957905	SRX7656780		PAIRED	cDNA	3693228	27775	13678	0.49245724572457245
SRR10995675	PRJNA604220	SAMN13957904	SRX7656781		PAIRED	cDNA	4808115	27775	14352	0.5167236723672367
SRR10995676	PRJNA604220	SAMN13957904	SRX7656781		PAIRED	cDNA	4384082	27775	14225	0.5121512151215122
SRR10995677	PRJNA604220	SAMN13957904	SRX7656781		PAIRED	cDNA	4233523	27775	14245	0.5128712871287129
SRR10995678	PRJNA604220	SAMN13957904	SRX7656781		PAIRED	cDNA	4165184	27775	14217	0.5118631863186318
SRR10995679	PRJNA604220	SAMN13957903	SRX7656782		PAIRED	cDNA	4826888	27775	13570	0.4885688568856886
SRR10995680	PRJNA604220	SAMN13957903	SRX7656782		PAIRED	cDNA	4417310	27775	13521	0.4868046804680468
SRR10995681	PRJNA604220	SAMN13957903	SRX7656782		PAIRED	cDNA	4298941	27775	13460	0.4846084608460846
SRR10995682	PRJNA604220	SAMN13957903	SRX7656782		PAIRED	cDNA	4225200	27775	13473	0.4850765076507651
SRR10995683	PRJNA604220	SAMN13957902	SRX7656783		PAIRED	cDNA	4936915	27775	13689	0.49285328532853284
SRR10995684	PRJNA604220	SAMN13957902	SRX7656783		PAIRED	cDNA	4470154	27775	13629	0.4906930693069307
SRR10995685	PRJNA604220	SAMN13957902	SRX7656783		PAIRED	cDNA	4258775	27775	13675	0.49234923492349236
SRR10995686	PRJNA604220	SAMN13957902	SRX7656783		PAIRED	cDNA	4177518	27775	13572	0.48864086408640867
SRR10995687	PRJNA604220	SAMN13957901	SRX7656784		PAIRED	cDNA	5476899	27775	14424	0.5193159315931594
SRR10995688	PRJNA604220	SAMN13957901	SRX7656784		PAIRED	cDNA	4961915	27775	14313	0.5153195319531954
SRR10995689	PRJNA604220	SAMN13957901	SRX7656784		PAIRED	cDNA	4727273	27775	14296	0.5147074707470747
SRR10995690	PRJNA604220	SAMN13957901	SRX7656784		PAIRED	cDNA	4648081	27775	14338	0.5162196219621962
SRR10995691	PRJNA604220	SAMN13957900	SRX7656785		PAIRED	cDNA	5104620	27775	13591	0.4893249324932493
SRR10995692	PRJNA604220	SAMN13957900	SRX7656785		PAIRED	cDNA	4668184	27775	13570	0.4885688568856886
SRR10995693	PRJNA604220	SAMN13957900	SRX7656785		PAIRED	cDNA	4550579	27775	13460	0.4846084608460846
SRR10995694	PRJNA604220	SAMN13957900	SRX7656785		PAIRED	cDNA	4463354	27775	13487	0.4855805580558056
SRR10995695	PRJNA604220	SAMN13957899	SRX7656786		PAIRED	cDNA	5174901	27775	13488	0.4856165616561656
SRR10995696	PRJNA604220	SAMN13957899	SRX7656786		PAIRED	cDNA	4605827	27775	13412	0.4828802880288029
SRR10995697	PRJNA604220	SAMN13957899	SRX7656786		PAIRED	cDNA	4395100	27775	13369	0.48133213321332136
SRR10995698	PRJNA604220	SAMN13957899	SRX7656786		PAIRED	cDNA	4306743	27775	13342	0.48036003600360033
SRR10995699	PRJNA604220	SAMN13957898	SRX7656787		PAIRED	cDNA	8523885	27775	14686	0.5287488748874888
SRR10995700	PRJNA604220	SAMN13957898	SRX7656787		PAIRED	cDNA	7735550	27775	14704	0.5293969396939694
SRR10995701	PRJNA604220	SAMN13957898	SRX7656787		PAIRED	cDNA	7391097	27775	14565	0.5243924392439244
SRR10995702	PRJNA604220	SAMN13957898	SRX7656787		PAIRED	cDNA	7264118	27775	14638	0.527020702070207
SRR11184908	PRJNA599947	SAMN13762564	SRX7805411	VRC01 CHO-K1	PAIRED	Oligo-dT	23492435	27775	16949	0.6102250225022502
SRR11184909	PRJNA599947	SAMN13762563	SRX7805410	VRC01 CHO-K1	PAIRED	Oligo-dT	28606588	27775	17262	0.6214941494149415
SRR11184910	PRJNA599947	SAMN13762562	SRX7805409	VRC01 CHO-K1	PAIRED	Oligo-dT	25021530	27775	16987	0.6115931593159316
SRR11184911	PRJNA599947	SAMN13762561	SRX7805408	VRC01 CHO-K1	PAIRED	Oligo-dT	23096014	27775	16900	0.6084608460846085
SRR11184912	PRJNA599947	SAMN13762560	SRX7805407	VRC01 CHO-K1	PAIRED	Oligo-dT	23513325	27775	16582	0.597011701170117
SRR11184913	PRJNA599947	SAMN13762559	SRX7805406	VRC01 CHO-K1	PAIRED	Oligo-dT	25406132	27775	16509	0.5943834383438343
SRR11184914	PRJNA599947	SAMN13762557	SRX7805404	VRC01 CHO-K1	PAIRED	Oligo-dT	23168798	27775	16349	0.5886228622862286
SRR11184915	PRJNA599947	SAMN13762568	SRX7805403	VRC01 CHO-K1	PAIRED	Oligo-dT	25563394	27775	18278	0.6580738073807381
SRR11184916	PRJNA599947	SAMN13762567	SRX7805402	VRC01 CHO-K1	PAIRED	Oligo-dT	33737378	27775	18136	0.652961296129613
SRR11184917	PRJNA599947	SAMN13762558	SRX7805405	VRC01 CHO-K1	PAIRED	Oligo-dT	25474136	27775	16512	0.5944914491449145
SRR11184918	PRJNA599947	SAMN13762566	SRX7805401	VRC01 CHO-K1	PAIRED	Oligo-dT	29105189	27775	17844	0.6424482448244825
SRR11184919	PRJNA599947	SAMN13762565	SRX7805400	VRC01 CHO-K1	PAIRED	Oligo-dT	30324744	27775	17916	0.645040504050405
SRR11184920	PRJNA599947	SAMN13762556	SRX7805399	VRC01 CHO-K1	PAIRED	Oligo-dT	23936861	27775	16729	0.6023042304230423
SRR11184921	PRJNA599947	SAMN13762555	SRX7805398	VRC01 CHO-K1	PAIRED	Oligo-dT	26836990	27775	16718	0.6019081908190819
SRR11350303	PRJNA613438	SAMN14404311	SRX7952186	CHO-S	SINGLE	DNase	23979167	27775	16736	0.6025562556255626
SRR11350304	PRJNA613438	SAMN14404310	SRX7952185	CHO-S	SINGLE	DNase	25353836	27775	16823	0.6056885688568857
SRR11350305	PRJNA613438	SAMN14404309	SRX7952184	CHO-S	SINGLE	DNase	19528746	27775	16578	0.5968676867686769
SRR11350306	PRJNA613438	SAMN14404308	SRX7952183	CHO-S	SINGLE	DNase	19833622	27775	16560	0.5962196219621962
SRR11350307	PRJNA613438	SAMN14404307	SRX7952182	CHO-S	SINGLE	DNase	17708329	27775	16375	0.5895589558955896
SRR11350308	PRJNA613438	SAMN14404306	SRX7952181	CHO-S	SINGLE	DNase	17072444	27775	16271	0.5858145814581458
SRR11350309	PRJNA613438	SAMN14404305	SRX7952180	CHO-S	SINGLE	DNase	17634019	27775	16319	0.5875427542754276
SRR11350310	PRJNA613438	SAMN14404304	SRX7952179	CHO-S	SINGLE	DNase	19943974	27775	16328	0.5878667866786679
SRR11350311	PRJNA613438	SAMN14404318	SRX7952178	CHO-S	SINGLE	DNase	32818889	27775	17428	0.6274707470747075
SRR11350312	PRJNA613438	SAMN14404317	SRX7952177	CHO-S	SINGLE	DNase	26647878	27775	16953	0.6103690369036904
SRR11350313	PRJNA613438	SAMN14404316	SRX7952176	CHO-S	SINGLE	DNase	21471745	27775	16568	0.5965076507650765
SRR11350314	PRJNA613438	SAMN14404315	SRX7952175	CHO-S	SINGLE	DNase	56156028	27775	17923	0.6452925292529252
SRR11350315	PRJNA613438	SAMN14404314	SRX7952174	CHO-S	SINGLE	DNase	18096894	27775	16321	0.5876147614761477
SRR11350316	PRJNA613438	SAMN14404313	SRX7952173	CHO-S	SINGLE	DNase	18222763	27775	16286	0.5863546354635464
SRR11350317	PRJNA613438	SAMN14404312	SRX7952172	CHO-S	SINGLE	DNase	21586483	27775	16630	0.5987398739873987
SRR11350318	PRJNA613438	SAMN14404303	SRX7952171	CHO-S	SINGLE	DNase	17558418	27775	16083	0.579045904590459
SRR11350319	PRJNA613438	SAMN14404302	SRX7952170	CHO-S	SINGLE	DNase	32896246	27775	17030	0.6131413141314132
SRR11721629	PRJNA630824	SAMN14845996	SRX8280955		SINGLE	PolyA	11115673	27775	15121	0.5444104410441044
SRR11721630	PRJNA630824	SAMN14845995	SRX8280954		SINGLE	PolyA	14447726	27775	15459	0.5565796579657966
SRR11721631	PRJNA630824	SAMN14846004	SRX8280953		SINGLE	PolyA	10199674	27775	14998	0.53998199819982
SRR11721632	PRJNA630824	SAMN14846003	SRX8280952		SINGLE	PolyA	11707276	27775	15325	0.5517551755175517
SRR11721633	PRJNA630824	SAMN14846002	SRX8280951		SINGLE	PolyA	10089922	27775	15170	0.5461746174617462
SRR11721634	PRJNA630824	SAMN14846001	SRX8280950		SINGLE	PolyA	10504181	27775	15207	0.5475067506750675
SRR11721635	PRJNA630824	SAMN14846000	SRX8280949		SINGLE	PolyA	10095048	27775	15133	0.5448424842484249
SRR11721636	PRJNA630824	SAMN14845999	SRX8280948		SINGLE	PolyA	11145672	27775	15283	0.5502430243024302
SRR11721637	PRJNA630824	SAMN14845998	SRX8280947		SINGLE	PolyA	11568399	27775	15356	0.5528712871287129
SRR11721638	PRJNA630824	SAMN14846024	SRX8280946		SINGLE	PolyA	10733759	27775	15489	0.5576597659765976
SRR11721639	PRJNA630824	SAMN14846023	SRX8280945		SINGLE	PolyA	10997264	27775	15532	0.5592079207920793
SRR11721640	PRJNA630824	SAMN14846022	SRX8280944		SINGLE	PolyA	9857153	27775	15476	0.5571917191719172
SRR11721641	PRJNA630824	SAMN14846021	SRX8280943		SINGLE	PolyA	9509680	27775	15229	0.5482988298829883
SRR11721642	PRJNA630824	SAMN14846020	SRX8280942		SINGLE	PolyA	10493790	27775	15356	0.5528712871287129
SRR11721643	PRJNA630824	SAMN14846019	SRX8280941		SINGLE	PolyA	12258130	27775	15650	0.5634563456345635
SRR11721644	PRJNA630824	SAMN14846018	SRX8280940		SINGLE	PolyA	10461475	27775	15195	0.547074707470747
SRR11721645	PRJNA630824	SAMN14846017	SRX8280939		SINGLE	PolyA	10697062	27775	15213	0.5477227722772278
SRR11721646	PRJNA630824	SAMN14846016	SRX8280938		SINGLE	PolyA	13222296	27775	15364	0.5531593159315932
SRR11721647	PRJNA630824	SAMN14846015	SRX8280937		SINGLE	PolyA	10144994	27775	15174	0.5463186318631863
SRR11721648	PRJNA630824	SAMN14845997	SRX8280936		SINGLE	PolyA	12308267	27775	15152	0.5455265526552655
SRR11721649	PRJNA630824	SAMN14846014	SRX8280935		SINGLE	PolyA	11097508	27775	15290	0.5504950495049505
SRR11721650	PRJNA630824	SAMN14846013	SRX8280934		SINGLE	PolyA	12994068	27775	15466	0.5568316831683169
SRR11721651	PRJNA630824	SAMN14846012	SRX8280933		SINGLE	PolyA	10355620	27775	15174	0.5463186318631863
SRR11721652	PRJNA630824	SAMN14846011	SRX8280932		SINGLE	PolyA	12021138	27775	15306	0.5510711071107111
SRR11721653	PRJNA630824	SAMN14846010	SRX8280931		SINGLE	PolyA	11026853	27775	15200	0.5472547254725473
SRR11721654	PRJNA630824	SAMN14846009	SRX8280930		SINGLE	PolyA	11238495	27775	15177	0.5464266426642664
SRR11721655	PRJNA630824	SAMN14846008	SRX8280929		SINGLE	PolyA	10904429	27775	15074	0.5427182718271827
SRR11721656	PRJNA630824	SAMN14846007	SRX8280928		SINGLE	PolyA	9950198	27775	14855	0.5348334833483348
SRR11721657	PRJNA630824	SAMN14846006	SRX8280927		SINGLE	PolyA	10371861	27775	15036	0.5413501350135014
SRR11721658	PRJNA630824	SAMN14846005	SRX8280926		SINGLE	PolyA	10966403	27775	15106	0.5438703870387038
SRR12194145	PRJNA645419	SAMN15504221	SRX8707288		PAIRED	unspecified	73893014	27775	17209	0.6195859585958596
SRR12194146	PRJNA645419	SAMN15504221	SRX8707287		PAIRED	unspecified	69609893	27775	17099	0.6156255625562557
SRR12194147	PRJNA645419	SAMN15504221	SRX8707286		PAIRED	unspecified	72261433	27775	17063	0.6143294329432943
SRR12194150	PRJNA645419	SAMN15504220	SRX8707283		PAIRED	unspecified	71995502	27775	17698	0.6371917191719172
SRR12194151	PRJNA645419	SAMN15504220	SRX8707282		PAIRED	unspecified	77407090	27775	17731	0.6383798379837984
SRR12194152	PRJNA645419	SAMN15504220	SRX8707281		PAIRED	unspecified	74884362	27775	17782	0.6402160216021602
SRR12587964	PRJNA661407	SAMN16057385	SRX9074579	CHO K1 DP12	PAIRED	PolyA	15502829	27775	15676	0.5643924392439243
SRR12587965	PRJNA661407	SAMN16057385	SRX9074578	CHO K1 DP12	PAIRED	PolyA	18120237	27775	15933	0.5736453645364537
SRR12587966	PRJNA661407	SAMN16057385	SRX9074577	CHO K1 DP12	PAIRED	PolyA	13861289	27775	15531	0.5591719171917192
SRR12587967	PRJNA661407	SAMN16057385	SRX9074576	CHO K1 DP12	PAIRED	PolyA	16475572	27775	15699	0.5652205220522052
SRR12618082	PRJNA662582	SAMN16089553	SRX9101117	CHO	SINGLE	cDNA	31943101	27775	15929	0.5735013501350135
SRR12618083	PRJNA662582	SAMN16089553	SRX9101117	CHO	SINGLE	cDNA	31550448	27775	16106	0.5798739873987399
SRR12618084	PRJNA662582	SAMN16089552	SRX9101118	CHO	SINGLE	cDNA	32586468	27775	16197	0.5831503150315032
SRR12618085	PRJNA662582	SAMN16089552	SRX9101118	CHO	SINGLE	cDNA	32145083	27775	16353	0.5887668766876688
SRR12618086	PRJNA662582	SAMN16089551	SRX9101119	CHO	SINGLE	cDNA	37358945	27775	16838	0.6062286228622862
SRR12618087	PRJNA662582	SAMN16089551	SRX9101119	CHO	SINGLE	cDNA	37065896	27775	16967	0.6108730873087309
SRR12618088	PRJNA662582	SAMN16089550	SRX9101120	CHO	SINGLE	cDNA	36550951	27775	16411	0.5908550855085508
SRR12618089	PRJNA662582	SAMN16089550	SRX9101120	CHO	SINGLE	cDNA	36218771	27775	16571	0.5966156615661566
SRR12618090	PRJNA662582	SAMN16089549	SRX9101121	CHO	SINGLE	cDNA	32458474	27775	16678	0.6004680468046805
SRR12618091	PRJNA662582	SAMN16089549	SRX9101121	CHO	SINGLE	cDNA	32356160	27775	16759	0.6033843384338434
SRR12618092	PRJNA662582	SAMN16089549	SRX9101121	CHO	SINGLE	cDNA	34189003	27775	16738	0.6026282628262827
SRR12618093	PRJNA662582	SAMN16089549	SRX9101121	CHO	SINGLE	cDNA	34031400	27775	16841	0.6063366336633663
SRR12618094	PRJNA662582	SAMN16089547	SRX9101122	CHO	SINGLE	cDNA	34518608	27775	16128	0.5806660666066606
SRR12618095	PRJNA662582	SAMN16089547	SRX9101122	CHO	SINGLE	cDNA	34178765	27775	16293	0.5866066606660666
SRR12618096	PRJNA662582	SAMN16089546	SRX9101123	CHO	SINGLE	cDNA	35293810	27775	16280	0.5861386138613861
SRR12618097	PRJNA662582	SAMN16089546	SRX9101123	CHO	SINGLE	cDNA	35017583	27775	16441	0.591935193519352
SRR12618098	PRJNA662582	SAMN16089545	SRX9101124	CHO	SINGLE	cDNA	32215433	27775	16122	0.5804500450045005
SRR12618099	PRJNA662582	SAMN16089545	SRX9101124	CHO	SINGLE	cDNA	31914741	27775	16275	0.585958595859586
SRR12618100	PRJNA662582	SAMN16089593	SRX9101125	CHO	SINGLE	cDNA	30029739	27775	16282	0.5862106210621062
SRR12618101	PRJNA662582	SAMN16089593	SRX9101125	CHO	SINGLE	cDNA	29633774	27775	16453	0.5923672367236724
SRR12618102	PRJNA662582	SAMN16089592	SRX9101126	CHO	SINGLE	cDNA	25104865	27775	16123	0.5804860486048605
SRR12618103	PRJNA662582	SAMN16089592	SRX9101126	CHO	SINGLE	cDNA	24958549	27775	16197	0.5831503150315032
SRR12618104	PRJNA662582	SAMN16089591	SRX9101127	CHO	SINGLE	cDNA	26951830	27775	16024	0.576921692169217
SRR12618105	PRJNA662582	SAMN16089591	SRX9101127	CHO	SINGLE	cDNA	26400062	27775	16177	0.5824302430243025
SRR12618106	PRJNA662582	SAMN16089590	SRX9101128	CHO	SINGLE	cDNA	48403087	27775	16823	0.6056885688568857
SRR12618107	PRJNA662582	SAMN16089590	SRX9101128	CHO	SINGLE	cDNA	47886894	27775	16932	0.6096129612961296
SRR12618108	PRJNA662582	SAMN16089588	SRX9101129	CHO	SINGLE	cDNA	21426932	27775	15601	0.5616921692169217
SRR12618109	PRJNA662582	SAMN16089588	SRX9101129	CHO	SINGLE	cDNA	21230835	27775	15735	0.5665166516651665
SRR12618110	PRJNA662582	SAMN16089588	SRX9101129	CHO	SINGLE	cDNA	8294486	27775	14522	0.5228442844284429
SRR12618111	PRJNA662582	SAMN16089588	SRX9101129	CHO	SINGLE	cDNA	8199520	27775	14656	0.5276687668766876
SRR12618112	PRJNA662582	SAMN16089587	SRX9101130	CHO	SINGLE	cDNA	40693611	27775	16609	0.597983798379838
SRR12618113	PRJNA662582	SAMN16089587	SRX9101130	CHO	SINGLE	cDNA	40251313	27775	16786	0.6043564356435643
SRR12618114	PRJNA662582	SAMN16089586	SRX9101131	CHO	SINGLE	cDNA	32885888	27775	16159	0.5817821782178217
SRR12618115	PRJNA662582	SAMN16089586	SRX9101131	CHO	SINGLE	cDNA	32665000	27775	16268	0.5857065706570657
SRR12618116	PRJNA662582	SAMN16089585	SRX9101132	CHO	SINGLE	cDNA	26890545	27775	16658	0.5997479747974798
SRR12618117	PRJNA662582	SAMN16089585	SRX9101132	CHO	SINGLE	cDNA	26631925	27775	16775	0.6039603960396039
SRR12618118	PRJNA662582	SAMN16089584	SRX9101133	CHO	SINGLE	cDNA	28088408	27775	16763	0.6035283528352835
SRR12618119	PRJNA662582	SAMN16089584	SRX9101133	CHO	SINGLE	cDNA	27942467	27775	16813	0.6053285328532854
SRR12618120	PRJNA662582	SAMN16089584	SRX9101133	CHO	SINGLE	cDNA	29283236	27775	16700	0.6012601260126013
SRR12618121	PRJNA662582	SAMN16089584	SRX9101133	CHO	SINGLE	cDNA	29087271	27775	16822	0.6056525652565257
SRR12618122	PRJNA662582	SAMN16089583	SRX9101134	CHO	SINGLE	cDNA	31351869	27775	16738	0.6026282628262827
SRR12618123	PRJNA662582	SAMN16089583	SRX9101134	CHO	SINGLE	cDNA	31077009	27775	16852	0.6067326732673267
SRR12618124	PRJNA662582	SAMN16089582	SRX9101135	CHO	SINGLE	cDNA	32048660	27775	16481	0.5933753375337534
SRR12618125	PRJNA662582	SAMN16089582	SRX9101135	CHO	SINGLE	cDNA	31965959	27775	16559	0.5961836183618362
SRR12618126	PRJNA662582	SAMN16089581	SRX9101136	CHO	SINGLE	cDNA	38173633	27775	16417	0.5910711071107111
SRR12618127	PRJNA662582	SAMN16089581	SRX9101136	CHO	SINGLE	cDNA	37726668	27775	16622	0.5984518451845184
SRR12618128	PRJNA662582	SAMN16089580	SRX9101137	CHO	SINGLE	cDNA	29705828	27775	16325	0.5877587758775877
SRR12618129	PRJNA662582	SAMN16089580	SRX9101137	CHO	SINGLE	cDNA	29600756	27775	16401	0.5904950495049505
SRR12618130	PRJNA662582	SAMN16089579	SRX9101138	CHO	SINGLE	cDNA	34558811	27775	16179	0.5825022502250226
SRR12618131	PRJNA662582	SAMN16089579	SRX9101138	CHO	SINGLE	cDNA	34277057	27775	16280	0.5861386138613861
SRR12618132	PRJNA662582	SAMN16089578	SRX9101139	CHO	SINGLE	cDNA	34249176	27775	16276	0.585994599459946
SRR12618133	PRJNA662582	SAMN16089578	SRX9101139	CHO	SINGLE	cDNA	34011776	27775	16402	0.5905310531053105
SRR12618134	PRJNA662582	SAMN16089597	SRX9101140	CHO	SINGLE	cDNA	28209730	27775	16297	0.5867506750675068
SRR12618135	PRJNA662582	SAMN16089597	SRX9101140	CHO	SINGLE	cDNA	27671175	27775	16429	0.5915031503150315
SRR12618136	PRJNA662582	SAMN16089596	SRX9101141	CHO	SINGLE	cDNA	30722532	27775	15955	0.5744374437443744
SRR12618137	PRJNA662582	SAMN16089596	SRX9101141	CHO	SINGLE	cDNA	30013099	27775	16074	0.5787218721872187
SRR12618138	PRJNA662582	SAMN16089594	SRX9101142	CHO	SINGLE	cDNA	31733023	27775	16459	0.5925832583258326
SRR12618139	PRJNA662582	SAMN16089594	SRX9101142	CHO	SINGLE	cDNA	31509068	27775	16592	0.5973717371737174
SRR14860925	PRJNA739051	SAMN19770454	SRX11178688		PAIRED	RANDOM	27652935	27775	17590	0.6333033303330333
SRR14860926	PRJNA739051	SAMN19770453	SRX11178687		PAIRED	RANDOM	36391333	27775	17738	0.6386318631863186
SRR14860927	PRJNA739051	SAMN19770453	SRX11178686		PAIRED	RANDOM	33302551	27775	17505	0.6302430243024303
SRR14860928	PRJNA739051	SAMN19770453	SRX11178685		PAIRED	RANDOM	33772849	27775	17819	0.6415481548154816
SRR14860929	PRJNA739051	SAMN19770452	SRX11178684		PAIRED	RANDOM	21879800	27775	17384	0.6258865886588659
SRR14860930	PRJNA739051	SAMN19770452	SRX11178683		PAIRED	RANDOM	40017542	27775	18208	0.6555535553555355
SRR14860931	PRJNA739051	SAMN19770452	SRX11178682		PAIRED	RANDOM	27373324	27775	17654	0.6356075607560756
SRR14860932	PRJNA739051	SAMN19770451	SRX11178681		PAIRED	RANDOM	39719943	27775	17912	0.6448964896489648
SRR14860933	PRJNA739051	SAMN19770456	SRX11178680		PAIRED	RANDOM	32667246	27775	17495	0.6298829882988299
SRR14860934	PRJNA739051	SAMN19770456	SRX11178679		PAIRED	RANDOM	36007543	27775	17707	0.6375157515751575
SRR14860935	PRJNA739051	SAMN19770456	SRX11178678		PAIRED	RANDOM	32243921	27775	17481	0.6293789378937894
SRR14860936	PRJNA739051	SAMN19770455	SRX11178677		PAIRED	RANDOM	35887540	27775	18087	0.6511971197119713
SRR14860937	PRJNA739051	SAMN19770455	SRX11178676		PAIRED	RANDOM	29653792	27775	17260	0.6214221422142214
SRR14860938	PRJNA739051	SAMN19770455	SRX11178675		PAIRED	RANDOM	30983767	27775	17708	0.6375517551755175
SRR14860939	PRJNA739051	SAMN19770454	SRX11178674		PAIRED	RANDOM	35929713	27775	17700	0.6372637263726373
SRR14860940	PRJNA739051	SAMN19770454	SRX11178673		PAIRED	RANDOM	29745726	27775	17721	0.638019801980198
SRR14860941	PRJNA739051	SAMN19770451	SRX11178672		PAIRED	RANDOM	34117496	27775	17759	0.6393879387938793
SRR14860942	PRJNA739051	SAMN19770451	SRX11178671		PAIRED	RANDOM	35172791	27775	17850	0.6426642664266426
SRR15111551	PRJNA746067	SAMN20179686	SRX11420376		PAIRED	Oligo-dT	28512823	27775	16495	0.5938793879387939
SRR15111552	PRJNA746067	SAMN20179674	SRX11420375		PAIRED	Oligo-dT	8679044	27775	15432	0.5556075607560756
SRR15111553	PRJNA746067	SAMN20179685	SRX11420374		PAIRED	Oligo-dT	19848348	27775	16026	0.5769936993699369
SRR15111554	PRJNA746067	SAMN20179684	SRX11420373		PAIRED	Oligo-dT	19136129	27775	15967	0.5748694869486949
SRR15111555	PRJNA746067	SAMN20179683	SRX11420372		PAIRED	Oligo-dT	14011441	27775	15446	0.5561116111611161
SRR15111556	PRJNA746067	SAMN20179682	SRX11420371		PAIRED	Oligo-dT	16807771	27775	15488	0.5576237623762377
SRR15111557	PRJNA746067	SAMN20179681	SRX11420370		PAIRED	Oligo-dT	14138425	27775	15648	0.5633843384338434
SRR15111558	PRJNA746067	SAMN20179680	SRX11420369		PAIRED	Oligo-dT	18756362	27775	15785	0.5683168316831683
SRR15111559	PRJNA746067	SAMN20179679	SRX11420368		PAIRED	Oligo-dT	13555737	27775	15394	0.5542394239423942
SRR15111560	PRJNA746067	SAMN20179678	SRX11420367		PAIRED	Oligo-dT	12474831	27775	15292	0.5505670567056705
SRR15111561	PRJNA746067	SAMN20179677	SRX11420366		PAIRED	Oligo-dT	8605307	27775	15233	0.5484428442844285
SRR15111562	PRJNA746067	SAMN20179676	SRX11420365		PAIRED	Oligo-dT	8648077	27775	15244	0.5488388838883889
SRR15111563	PRJNA746067	SAMN20179673	SRX11420364		PAIRED	Oligo-dT	8820100	27775	15412	0.5548874887488748
SRR15111564	PRJNA746067	SAMN20179672	SRX11420363		PAIRED	Oligo-dT	8901864	27775	15345	0.5524752475247525
SRR15111565	PRJNA746067	SAMN20179675	SRX11420362		PAIRED	Oligo-dT	8265403	27775	15130	0.5447344734473447
SRR15111566	PRJNA746067	SAMN20179668	SRX11420361		PAIRED	Oligo-dT	8779937	27775	15342	0.5523672367236724
SRR15111567	PRJNA746067	SAMN20179667	SRX11420360		PAIRED	Oligo-dT	7669978	27775	15251	0.5490909090909091
SRR15111568	PRJNA746067	SAMN20179666	SRX11420359		PAIRED	Oligo-dT	9984712	27775	15480	0.5573357335733573
SRR15111569	PRJNA746067	SAMN20179671	SRX11420358		PAIRED	Oligo-dT	9311798	27775	15223	0.5480828082808281
SRR15111570	PRJNA746067	SAMN20179670	SRX11420357		PAIRED	Oligo-dT	9335730	27775	15120	0.5443744374437444
SRR15111571	PRJNA746067	SAMN20179669	SRX11420356		PAIRED	Oligo-dT	9653754	27775	15243	0.5488028802880288
SRR15111572	PRJNA746067	SAMN20179695	SRX11420355		PAIRED	Oligo-dT	21287970	27775	16191	0.5829342934293429
SRR15111573	PRJNA746067	SAMN20179694	SRX11420354		PAIRED	Oligo-dT	25871920	27775	16458	0.5925472547254725
SRR15111574	PRJNA746067	SAMN20179693	SRX11420353		PAIRED	Oligo-dT	18456736	27775	16013	0.5765256525652566
SRR15111575	PRJNA746067	SAMN20179692	SRX11420352		PAIRED	Oligo-dT	17130239	27775	15895	0.5722772277227722
SRR15111576	PRJNA746067	SAMN20179691	SRX11420351		PAIRED	Oligo-dT	12347020	27775	15484	0.5574797479747975
SRR15111577	PRJNA746067	SAMN20179690	SRX11420350		PAIRED	Oligo-dT	16746727	27775	15937	0.5737893789378938
SRR15111578	PRJNA746067	SAMN20179689	SRX11420349		PAIRED	Oligo-dT	13529954	27775	15966	0.5748334833483348
SRR15111579	PRJNA746067	SAMN20179688	SRX11420348		PAIRED	Oligo-dT	18063430	27775	16154	0.5816021602160216
SRR15111580	PRJNA746067	SAMN20179687	SRX11420347		PAIRED	Oligo-dT	24530693	27775	16590	0.5972997299729973
SRR1516214	PRJNA255418	SAMN02918450	SRX653805		SINGLE	cDNA	17447265	27775	16537	0.5953915391539154
SRR1516215	PRJNA255418	SAMN02918451	SRX653806		SINGLE	cDNA	18892402	27775	17277	0.622034203420342
SRR1516216	PRJNA255418	SAMN02918452	SRX653807		SINGLE	cDNA	19357459	27775	16593	0.5974077407740774
SRR1516217	PRJNA255418	SAMN02918453	SRX653808		SINGLE	cDNA	19530446	27775	17017	0.6126732673267327
SRR15221365	PRJNA749145	SAMN20355394	SRX11527351		PAIRED	cDNA	3965448	27775	13987	0.5035823582358235
SRR15221366	PRJNA749145	SAMN20355394	SRX11527350		PAIRED	cDNA	4044203	27775	13995	0.5038703870387039
SRR15221367	PRJNA749145	SAMN20355394	SRX11527349		PAIRED	cDNA	3744382	27775	13971	0.503006300630063
SRR15221368	PRJNA749145	SAMN20355394	SRX11527348		PAIRED	cDNA	3759470	27775	13981	0.5033663366336634
SRR15221369	PRJNA749145	SAMN20355394	SRX11527347		PAIRED	cDNA	3694362	27775	13953	0.5023582358235824
SRR15221370	PRJNA749145	SAMN20355394	SRX11527346		PAIRED	cDNA	3770999	27775	13948	0.5021782178217822
SRR15221371	PRJNA749145	SAMN20355393	SRX11527345		PAIRED	cDNA	3523100	27775	13534	0.48727272727272725
SRR15221372	PRJNA749145	SAMN20355393	SRX11527344		PAIRED	cDNA	3539738	27775	13571	0.4886048604860486
SRR15221373	PRJNA749145	SAMN20355393	SRX11527343		PAIRED	cDNA	3477975	27775	13512	0.48648064806480645
SRR15221374	PRJNA749145	SAMN20355394	SRX11527342		PAIRED	cDNA	4038376	27775	14016	0.5046264626462647
SRR15221375	PRJNA749145	SAMN20355394	SRX11527341		PAIRED	cDNA	4606805	27775	14265	0.5135913591359136
SRR15221376	PRJNA749145	SAMN20355394	SRX11527340		PAIRED	cDNA	4703577	27775	14288	0.5144194419441944
SRR15221377	PRJNA749145	SAMN20355393	SRX11527339		PAIRED	cDNA	3547031	27775	13533	0.48723672367236726
SRR15221378	PRJNA749145	SAMN20355393	SRX11527338		PAIRED	cDNA	3668336	27775	13540	0.48748874887488747
SRR15221379	PRJNA749145	SAMN20355393	SRX11527337		PAIRED	cDNA	3677663	27775	13520	0.48676867686768677
SRR15221380	PRJNA749145	SAMN20355394	SRX11527336		PAIRED	cDNA	4668971	27775	14269	0.5137353735373538
SRR15221381	PRJNA749145	SAMN20355393	SRX11527335		PAIRED	cDNA	3616865	27775	13516	0.48662466246624664
SRR15221382	PRJNA749145	SAMN20355393	SRX11527334		PAIRED	cDNA	3696507	27775	13518	0.4866966696669667
SRR15221383	PRJNA749145	SAMN20355393	SRX11527333		PAIRED	cDNA	2895940	27775	13213	0.4757155715571557
SRR15221384	PRJNA749145	SAMN20355393	SRX11527332		PAIRED	cDNA	2901925	27775	13158	0.47373537353735373
SRR15221385	PRJNA749145	SAMN20355393	SRX11527331		PAIRED	cDNA	2860379	27775	13217	0.47585958595859584
SRR15221386	PRJNA749145	SAMN20355393	SRX11527330		PAIRED	cDNA	2920435	27775	13226	0.4761836183618362
SRR15221387	PRJNA749145	SAMN20355395	SRX11527329		PAIRED	cDNA	3299582	27775	13593	0.4893969396939694
SRR15221388	PRJNA749145	SAMN20355395	SRX11527328		PAIRED	cDNA	3319452	27775	13569	0.4885328532853285
SRR15221389	PRJNA749145	SAMN20355395	SRX11527327		PAIRED	cDNA	3258464	27775	13582	0.489000900090009
SRR15221390	PRJNA749145	SAMN20355395	SRX11527326		PAIRED	cDNA	3320328	27775	13531	0.48716471647164716
SRR15221391	PRJNA749145	SAMN20355394	SRX11527325		PAIRED	cDNA	4695557	27775	14284	0.5142754275427542
SRR15221392	PRJNA749145	SAMN20355395	SRX11527324		PAIRED	cDNA	3396081	27775	13632	0.4908010801080108
SRR15221393	PRJNA749145	SAMN20355395	SRX11527323		PAIRED	cDNA	3401274	27775	13628	0.49065706570657064
SRR15221394	PRJNA749145	SAMN20355395	SRX11527322		PAIRED	cDNA	3339740	27775	13579	0.4888928892889289
SRR15221395	PRJNA749145	SAMN20355395	SRX11527321		PAIRED	cDNA	3417429	27775	13614	0.49015301530153016
SRR15221396	PRJNA749145	SAMN20355395	SRX11527320		PAIRED	cDNA	3683486	27775	13835	0.49810981098109813
SRR15221397	PRJNA749145	SAMN20355395	SRX11527319		PAIRED	cDNA	3697821	27775	13843	0.4983978397839784
SRR15221398	PRJNA749145	SAMN20355395	SRX11527318		PAIRED	cDNA	3631031	27775	13783	0.49623762376237623
SRR15221399	PRJNA749145	SAMN20355395	SRX11527317		PAIRED	cDNA	3702471	27775	13763	0.49551755175517553
SRR15221400	PRJNA749145	SAMN20355394	SRX11527316		PAIRED	cDNA	4017778	27775	14024	0.5049144914491449
SRR15559102	PRJNA742028	SAMN20893082	SRX11857249	Flip-In CHO-K1	SINGLE	Oligo-dT	4818077	27775	14768	0.5317011701170117
SRR15559103	PRJNA742028	SAMN20893081	SRX11857248	Flip-In CHO-K1	SINGLE	Oligo-dT	5578097	27775	15201	0.5472907290729073
SRR15559104	PRJNA742028	SAMN20893080	SRX11857247	Flip-In CHO-K1	SINGLE	Oligo-dT	5539860	27775	15734	0.5664806480648065
SRR15559105	PRJNA742028	SAMN20893079	SRX11857246	Flip-In CHO-K1	SINGLE	Oligo-dT	5794687	27775	15376	0.5535913591359136
SRR15559106	PRJNA742028	SAMN20893077	SRX11857244	Flip-In CHO-K1	SINGLE	Oligo-dT	11111013	27775	16198	0.5831863186318632
SRR15559107	PRJNA742028	SAMN20893076	SRX11857243	Flip-In CHO-K1	SINGLE	Oligo-dT	9641564	27775	16063	0.5783258325832583
SRR15559108	PRJNA742028	SAMN20893075	SRX11857242	Flip-In CHO-K1	SINGLE	Oligo-dT	8346451	27775	15091	0.5433303330333034
SRR15559109	PRJNA742028	SAMN20893078	SRX11857245	Flip-In CHO-K1	SINGLE	Oligo-dT	5854452	27775	15371	0.5534113411341134
SRR15559110	PRJNA742028	SAMN20893092	SRX11857241	Flip-In CHO-K1	SINGLE	Oligo-dT	8402211	27775	15378	0.5536633663366337
SRR15559111	PRJNA742028	SAMN20893091	SRX11857240	Flip-In CHO-K1	SINGLE	Oligo-dT	9304645	27775	15583	0.5610441044104411
SRR15559112	PRJNA742028	SAMN20893090	SRX11857239	Flip-In CHO-K1	SINGLE	Oligo-dT	9733737	27775	15621	0.5624122412241224
SRR15559113	PRJNA742028	SAMN20893089	SRX11857238	Flip-In CHO-K1	SINGLE	Oligo-dT	9755151	27775	16186	0.5827542754275428
SRR15559114	PRJNA742028	SAMN20893087	SRX11857236	Flip-In CHO-K1	SINGLE	Oligo-dT	6866427	27775	15760	0.5674167416741674
SRR15559115	PRJNA742028	SAMN20893086	SRX11857235	Flip-In CHO-K1	SINGLE	Oligo-dT	7132127	27775	15026	0.540990099009901
SRR15559116	PRJNA742028	SAMN20893085	SRX11857234	Flip-In CHO-K1	SINGLE	Oligo-dT	6968391	27775	15109	0.543978397839784
SRR15559117	PRJNA742028	SAMN20893088	SRX11857237	Flip-In CHO-K1	SINGLE	Oligo-dT	8301844	27775	16038	0.5774257425742574
SRR15559118	PRJNA742028	SAMN20893084	SRX11857233	Flip-In CHO-K1	SINGLE	Oligo-dT	6375650	27775	14934	0.5376777677767777
SRR15559119	PRJNA742028	SAMN20893083	SRX11857232	Flip-In CHO-K1	SINGLE	Oligo-dT	6232760	27775	15227	0.5482268226822682
SRR15559120	PRJNA742028	SAMN20893074	SRX11857231	Flip-In CHO-K1	SINGLE	Oligo-dT	9185655	27775	15258	0.5493429342934294
SRR15559121	PRJNA742028	SAMN20893073	SRX11857230	Flip-In CHO-K1	SINGLE	Oligo-dT	8747336	27775	15245	0.5488748874887489
SRR15923892	PRJNA763926	SAMN21462896	SRX12214016	ChA27	PAIRED	RT-PCR	18360017	27775	15773	0.5678847884788479
SRR15923900	PRJNA763926	SAMN21462896	SRX12214008	ChA27	PAIRED	RT-PCR	20340013	27775	15955	0.5744374437443744
SRR15923901	PRJNA763926	SAMN21462896	SRX12214007	ChA27	PAIRED	RT-PCR	21294997	27775	15926	0.5733933393339334
SRR16796943	PRJNA778050	SAMN22901735	SRX12995938	CHO-K1	SINGLE	Inverse rRNA	24429949	27775	18567	0.6684788478847885
SRR16796944	PRJNA778050	SAMN22901734	SRX12995937	CHO-K1	SINGLE	Inverse rRNA	24401075	27775	19342	0.6963816381638164
SRR16796945	PRJNA778050	SAMN22901733	SRX12995936	CHO-K1	SINGLE	Inverse rRNA	30543321	27775	18323	0.6596939693969397
SRR16796946	PRJNA778050	SAMN22901732	SRX12995935	CHO-K1	SINGLE	Inverse rRNA	20278971	27775	18072	0.6506570657065707
SRR16796949	PRJNA778050	SAMN22901731	SRX12995932	CHO-K1	SINGLE	Inverse rRNA	31201183	27775	18546	0.6677227722772278
SRR16796960	PRJNA778050	SAMN22901730	SRX12995921	CHO-K1	SINGLE	Inverse rRNA	32705727	27775	18293	0.6586138613861386
SRR16796971	PRJNA778050	SAMN22901729	SRX12995910	CHO-K1	SINGLE	Inverse rRNA	33113591	27775	18397	0.6623582358235823
SRR16796972	PRJNA778050	SAMN22901728	SRX12995909	CHO-K1	SINGLE	Inverse rRNA	28192744	27775	18385	0.6619261926192619
SRR16980320	PRJNA766998	SAMN23296634	SRX13171165		PAIRED	RANDOM	33348894	27775	16363	0.5891269126912692
SRR16980321	PRJNA766998	SAMN23296634	SRX13171164		PAIRED	RANDOM	32640069	27775	16283	0.5862466246624662
SRR16980322	PRJNA766998	SAMN23296634	SRX13171163		PAIRED	RANDOM	37307567	27775	16144	0.5812421242124213
SRR16980323	PRJNA766998	SAMN23296634	SRX13171162		PAIRED	RANDOM	37817143	27775	16127	0.5806300630063006
SRR16980324	PRJNA766998	SAMN23296634	SRX13171161		PAIRED	RANDOM	32170613	27775	17297	0.6227542754275428
SRR16980325	PRJNA766998	SAMN23296634	SRX13171160		PAIRED	RANDOM	34532118	27775	17367	0.6252745274527453
SRR16980326	PRJNA766998	SAMN23296634	SRX13171159		PAIRED	RANDOM	32753928	27775	17066	0.6144374437443745
SRR16980327	PRJNA766998	SAMN23296634	SRX13171158		PAIRED	RANDOM	39706589	27775	17202	0.6193339333933393
SRR16980328	PRJNA766998	SAMN23296634	SRX13171157		PAIRED	RANDOM	23526768	27775	17099	0.6156255625562557
SRR16980329	PRJNA766998	SAMN23296634	SRX13171156		PAIRED	RANDOM	29099326	27775	17376	0.6255985598559856
SRR16980330	PRJNA766998	SAMN23296634	SRX13171155		PAIRED	RANDOM	25864756	27775	16782	0.6042124212421243
SRR16980331	PRJNA766998	SAMN23296634	SRX13171154		PAIRED	RANDOM	37433829	27775	16589	0.5972637263726372
SRR16980332	PRJNA766998	SAMN23296634	SRX13171153		PAIRED	RANDOM	4508802	27775	14867	0.5352655265526552
SRR16980333	PRJNA766998	SAMN23296634	SRX13171152		PAIRED	RANDOM	19187402	27775	16894	0.6082448244824482
SRR16980334	PRJNA766998	SAMN23296634	SRX13171151		PAIRED	RANDOM	48990381	27775	17796	0.6407200720072007
SRR16980335	PRJNA766998	SAMN23296634	SRX13171150		PAIRED	RANDOM	25067925	27775	17187	0.6187938793879388
SRR16980336	PRJNA766998	SAMN23296634	SRX13171149		PAIRED	RANDOM	44972362	27775	17284	0.6222862286228623
SRR16980337	PRJNA766998	SAMN23296634	SRX13171148		PAIRED	RANDOM	33586640	27775	17273	0.6218901890189019
SRR16980338	PRJNA766998	SAMN23296634	SRX13171147		PAIRED	RANDOM	21854765	27775	16767	0.6036723672367237
SRR16980339	PRJNA766998	SAMN23296634	SRX13171146		PAIRED	RANDOM	27588871	27775	17173	0.6182898289828983
SRR16980340	PRJNA766998	SAMN23296634	SRX13171145		PAIRED	RANDOM	34783844	27775	17233	0.6204500450045004
SRR16980341	PRJNA766998	SAMN23296634	SRX13171144		PAIRED	RANDOM	53498439	27775	17686	0.6367596759675967
SRR16980342	PRJNA766998	SAMN23296634	SRX13171143		PAIRED	RANDOM	32080182	27775	16231	0.5843744374437444
SRR16980343	PRJNA766998	SAMN23296634	SRX13171142		PAIRED	RANDOM	32322162	27775	16244	0.5848424842484249
SRR16980344	PRJNA766998	SAMN23296634	SRX13171141		PAIRED	RANDOM	26404024	27775	16144	0.5812421242124213
SRR16980345	PRJNA766998	SAMN23296634	SRX13171140		PAIRED	RANDOM	21808956	27775	16941	0.6099369936993699
SRR16980346	PRJNA766998	SAMN23296634	SRX13171139		PAIRED	RANDOM	30317567	27775	17404	0.6266066606660666
SRR16980347	PRJNA766998	SAMN23296634	SRX13171138		PAIRED	RANDOM	14793302	27775	16232	0.5844104410441044
SRR16980348	PRJNA766998	SAMN23296634	SRX13171137		PAIRED	RANDOM	15572613	27775	16352	0.5887308730873088
SRR16980349	PRJNA766998	SAMN23296634	SRX13171136		PAIRED	RANDOM	40036363	27775	17512	0.6304950495049505
SRR16980350	PRJNA766998	SAMN23296634	SRX13171135		PAIRED	RANDOM	32896382	27775	17751	0.6390999099909991
SRR16980351	PRJNA766998	SAMN23296634	SRX13171134		PAIRED	RANDOM	29417807	27775	17496	0.6299189918991899
SRR16980352	PRJNA766998	SAMN23296634	SRX13171133		PAIRED	RANDOM	35875455	27775	17049	0.6138253825382538
SRR16980353	PRJNA766998	SAMN23296634	SRX13171132		PAIRED	RANDOM	45005054	27775	17556	0.6320792079207921
SRR16980354	PRJNA766998	SAMN23296634	SRX13171131		PAIRED	RANDOM	30304049	27775	17280	0.6221422142214221
SRR16980355	PRJNA766998	SAMN23296634	SRX13171130		PAIRED	RANDOM	47125126	27775	16419	0.5911431143114312
SRR16980356	PRJNA766998	SAMN23296634	SRX13171129		PAIRED	RANDOM	32043016	27775	17486	0.6295589558955895
SRR16980357	PRJNA766998	SAMN23296634	SRX13171128		PAIRED	RANDOM	25006073	27775	16789	0.6044644464446445
SRR16980358	PRJNA766998	SAMN23296634	SRX13171127		PAIRED	RANDOM	34836003	27775	17270	0.6217821782178218
SRR16980359	PRJNA766998	SAMN23296634	SRX13171126		PAIRED	RANDOM	27037989	27775	17213	0.6197299729972997
SRR16980360	PRJNA766998	SAMN23296634	SRX13171125		PAIRED	RANDOM	26734929	27775	17439	0.6278667866786679
SRR16980361	PRJNA766998	SAMN23296634	SRX13171124		PAIRED	RANDOM	29811309	27775	17258	0.6213501350135013
SRR16980362	PRJNA766998	SAMN23296634	SRX13171123		PAIRED	RANDOM	33845723	27775	17587	0.6331953195319532
SRR16980363	PRJNA766998	SAMN23296634	SRX13171122		PAIRED	RANDOM	32251562	27775	17275	0.621962196219622
SRR16980364	PRJNA766998	SAMN23296634	SRX13171121		PAIRED	RANDOM	28310848	27775	17171	0.6182178217821782
SRR16980365	PRJNA766998	SAMN23296634	SRX13171120		PAIRED	RANDOM	24803567	27775	16712	0.6016921692169217
SRR16980366	PRJNA766998	SAMN23296634	SRX13171119		PAIRED	RANDOM	38597364	27775	16243	0.5848064806480648
SRR16980367	PRJNA766998	SAMN23296634	SRX13171118		PAIRED	RANDOM	33366236	27775	17438	0.6278307830783079
SRR16980368	PRJNA766998	SAMN23296634	SRX13171117		PAIRED	RANDOM	41525207	27775	17581	0.632979297929793
SRR16980369	PRJNA766998	SAMN23296634	SRX13171116		PAIRED	RANDOM	30716692	27775	17281	0.6221782178217822
SRR16980370	PRJNA766998	SAMN23296634	SRX13171115		PAIRED	RANDOM	36544878	27775	17351	0.6246984698469847
SRR16980371	PRJNA766998	SAMN23296634	SRX13171114		PAIRED	RANDOM	29396296	27775	17072	0.6146534653465346
SRR16980372	PRJNA766998	SAMN23296634	SRX13171113		PAIRED	RANDOM	32890435	27775	17280	0.6221422142214221
SRR16980373	PRJNA766998	SAMN23296634	SRX13171112		PAIRED	RANDOM	34141718	27775	17010	0.6124212421242125
SRR16980374	PRJNA766998	SAMN23296634	SRX13171111		PAIRED	RANDOM	25752934	27775	16813	0.6053285328532854
SRR16980375	PRJNA766998	SAMN23296634	SRX13171110		PAIRED	RANDOM	37179051	27775	16286	0.5863546354635464
SRR16980376	PRJNA766998	SAMN23296634	SRX13171109		PAIRED	RANDOM	31328343	27775	15969	0.574941494149415
SRR17085234	PRJNA785251	SAMN23551696	SRX13273392	CHO-K1	SINGLE	cDNA	2854383	27775	14402	0.5185238523852386
SRR17085235	PRJNA785251	SAMN23551696	SRX13273392	CHO-K1	SINGLE	cDNA	2852002	27775	14447	0.5201440144014401
SRR17085236	PRJNA785251	SAMN23551696	SRX13273392	CHO-K1	SINGLE	cDNA	984152	27775	12987	0.46757875787578757
SRR17085237	PRJNA785251	SAMN23551696	SRX13273392	CHO-K1	SINGLE	cDNA	2854293	27775	14440	0.5198919891989199
SRR17085238	PRJNA785251	SAMN23551696	SRX13273392	CHO-K1	SINGLE	cDNA	2843333	27775	14510	0.5224122412241224
SRR17085239	PRJNA785251	SAMN23551696	SRX13273392	CHO-K1	SINGLE	cDNA	999537	27775	12978	0.46725472547254726
SRR17085240	PRJNA785251	SAMN23551697	SRX13273391	CHO-K1	SINGLE	cDNA	3025598	27775	14115	0.5081908190819082
SRR17085241	PRJNA785251	SAMN23551697	SRX13273391	CHO-K1	SINGLE	cDNA	3025096	27775	14101	0.5076867686768677
SRR17085242	PRJNA785251	SAMN23551697	SRX13273391	CHO-K1	SINGLE	cDNA	720160	27775	12230	0.4403240324032403
SRR17085243	PRJNA785251	SAMN23551697	SRX13273391	CHO-K1	SINGLE	cDNA	3025437	27775	14109	0.5079747974797479
SRR17085244	PRJNA785251	SAMN23551697	SRX13273391	CHO-K1	SINGLE	cDNA	3013618	27775	14107	0.5079027902790278
SRR17085245	PRJNA785251	SAMN23551697	SRX13273391	CHO-K1	SINGLE	cDNA	736567	27775	12295	0.44266426642664264
SRR17085246	PRJNA785251	SAMN23551698	SRX13273390	CHO-K1	SINGLE	cDNA	3098484	27775	14143	0.5091989198919892
SRR17085247	PRJNA785251	SAMN23551698	SRX13273390	CHO-K1	SINGLE	cDNA	2625327	27775	13877	0.4996219621962196
SRR17085248	PRJNA785251	SAMN23551698	SRX13273390	CHO-K1	SINGLE	cDNA	3089151	27775	14008	0.5043384338433844
SRR17085249	PRJNA785251	SAMN23551698	SRX13273390	CHO-K1	SINGLE	cDNA	2612626	27775	13854	0.4987938793879388
SRR17085250	PRJNA785251	SAMN23551699	SRX13273389	CHO-K1	SINGLE	cDNA	3018224	27775	14233	0.5124392439243924
SRR17085251	PRJNA785251	SAMN23551699	SRX13273389	CHO-K1	SINGLE	cDNA	3019025	27775	14255	0.5132313231323132
SRR17085252	PRJNA785251	SAMN23551699	SRX13273389	CHO-K1	SINGLE	cDNA	529902	27775	11989	0.43164716471647163
SRR17085253	PRJNA785251	SAMN23551699	SRX13273389	CHO-K1	SINGLE	cDNA	3018994	27775	14226	0.5121872187218722
SRR17085254	PRJNA785251	SAMN23551699	SRX13273389	CHO-K1	SINGLE	cDNA	3007519	27775	14325	0.5157515751575158
SRR17085255	PRJNA785251	SAMN23551699	SRX13273389	CHO-K1	SINGLE	cDNA	534916	27775	11960	0.4306030603060306
SRR17085256	PRJNA785251	SAMN23551700	SRX13273388	CHO-K1	SINGLE	cDNA	3086921	27775	14097	0.5075427542754275
SRR17085257	PRJNA785251	SAMN23551700	SRX13273388	CHO-K1	SINGLE	cDNA	3085138	27775	14126	0.5085868586858686
SRR17085258	PRJNA785251	SAMN23551700	SRX13273388	CHO-K1	SINGLE	cDNA	830845	27775	12439	0.44784878487848784
SRR17085259	PRJNA785251	SAMN23551700	SRX13273388	CHO-K1	SINGLE	cDNA	3084875	27775	14115	0.5081908190819082
SRR17085260	PRJNA785251	SAMN23551700	SRX13273388	CHO-K1	SINGLE	cDNA	3074976	27775	14183	0.5106390639063907
SRR17085261	PRJNA785251	SAMN23551700	SRX13273388	CHO-K1	SINGLE	cDNA	856620	27775	12437	0.4477767776777678
SRR17085262	PRJNA785251	SAMN23551701	SRX13273387	CHO-K1	SINGLE	cDNA	3069878	27775	14375	0.5175517551755175
SRR17085263	PRJNA785251	SAMN23551701	SRX13273387	CHO-K1	SINGLE	cDNA	3055487	27775	14316	0.5154275427542754
SRR17085264	PRJNA785251	SAMN23551701	SRX13273387	CHO-K1	SINGLE	cDNA	3068013	27775	14389	0.5180558055805581
SRR17085265	PRJNA785251	SAMN23551701	SRX13273387	CHO-K1	SINGLE	cDNA	3053797	27775	14397	0.5183438343834383
SRR17085266	PRJNA785251	SAMN23551702	SRX13273386	CHO-K1	SINGLE	cDNA	2554279	27775	14845	0.5344734473447345
SRR17085267	PRJNA785251	SAMN23551702	SRX13273386	CHO-K1	SINGLE	cDNA	2557763	27775	14853	0.5347614761476147
SRR17085268	PRJNA785251	SAMN23551702	SRX13273386	CHO-K1	SINGLE	cDNA	257307	27775	11699	0.4212061206120612
SRR17085269	PRJNA785251	SAMN23551702	SRX13273386	CHO-K1	SINGLE	cDNA	2555365	27775	14831	0.5339693969396939
SRR17085270	PRJNA785251	SAMN23551702	SRX13273386	CHO-K1	SINGLE	cDNA	2547572	27775	14883	0.5358415841584159
SRR17085271	PRJNA785251	SAMN23551702	SRX13273386	CHO-K1	SINGLE	cDNA	260524	27775	11669	0.42012601260126015
SRR17085272	PRJNA785251	SAMN23551703	SRX13273385	CHO-K1	SINGLE	cDNA	2638742	27775	14760	0.5314131413141314
SRR17085273	PRJNA785251	SAMN23551703	SRX13273385	CHO-K1	SINGLE	cDNA	2635430	27775	14757	0.5313051305130513
SRR17085274	PRJNA785251	SAMN23551703	SRX13273385	CHO-K1	SINGLE	cDNA	819771	27775	13110	0.472007200720072
SRR17085275	PRJNA785251	SAMN23551703	SRX13273385	CHO-K1	SINGLE	cDNA	2636864	27775	14754	0.5311971197119711
SRR17085276	PRJNA785251	SAMN23551703	SRX13273385	CHO-K1	SINGLE	cDNA	2627818	27775	14771	0.5318091809180918
SRR17085277	PRJNA785251	SAMN23551703	SRX13273385	CHO-K1	SINGLE	cDNA	831086	27775	13073	0.4706750675067507
SRR17085278	PRJNA785251	SAMN23551704	SRX13273384	CHO-K1	SINGLE	cDNA	2421053	27775	14959	0.5385778577857786
SRR17085279	PRJNA785251	SAMN23551704	SRX13273384	CHO-K1	SINGLE	cDNA	2416589	27775	14953	0.5383618361836183
SRR17085280	PRJNA785251	SAMN23551704	SRX13273384	CHO-K1	SINGLE	cDNA	1082771	27775	13768	0.4956975697569757
SRR17085281	PRJNA785251	SAMN23551704	SRX13273384	CHO-K1	SINGLE	cDNA	2419845	27775	14968	0.5389018901890189
SRR17085282	PRJNA785251	SAMN23551704	SRX13273384	CHO-K1	SINGLE	cDNA	2407482	27775	14976	0.5391899189918992
SRR17085283	PRJNA785251	SAMN23551704	SRX13273384	CHO-K1	SINGLE	cDNA	1100123	27775	13760	0.4954095409540954
SRR17085284	PRJNA785251	SAMN23551705	SRX13273383	CHO-K1	SINGLE	cDNA	2609545	27775	14481	0.5213681368136813
SRR17085285	PRJNA785251	SAMN23551705	SRX13273383	CHO-K1	SINGLE	cDNA	2604670	27775	14482	0.5214041404140414
SRR17085286	PRJNA785251	SAMN23551705	SRX13273383	CHO-K1	SINGLE	cDNA	1421765	27775	13700	0.49324932493249324
SRR17085287	PRJNA785251	SAMN23551705	SRX13273383	CHO-K1	SINGLE	cDNA	2607067	27775	14505	0.5222322232223222
SRR17085288	PRJNA785251	SAMN23551705	SRX13273383	CHO-K1	SINGLE	cDNA	2596277	27775	14499	0.522016201620162
SRR17085289	PRJNA785251	SAMN23551705	SRX13273383	CHO-K1	SINGLE	cDNA	1431001	27775	13692	0.492961296129613
SRR17085290	PRJNA785251	SAMN23551706	SRX13273382	CHO-K1	SINGLE	cDNA	2478983	27775	14851	0.5346894689468947
SRR17085291	PRJNA785251	SAMN23551706	SRX13273382	CHO-K1	SINGLE	cDNA	2477468	27775	14851	0.5346894689468947
SRR17085292	PRJNA785251	SAMN23551706	SRX13273382	CHO-K1	SINGLE	cDNA	679313	27775	12993	0.4677947794779478
SRR17085293	PRJNA785251	SAMN23551706	SRX13273382	CHO-K1	SINGLE	cDNA	2475995	27775	14848	0.5345814581458146
SRR17085294	PRJNA785251	SAMN23551706	SRX13273382	CHO-K1	SINGLE	cDNA	2464908	27775	14884	0.5358775877587759
SRR17085295	PRJNA785251	SAMN23551706	SRX13273382	CHO-K1	SINGLE	cDNA	693171	27775	12996	0.4679027902790279
SRR17085296	PRJNA785251	SAMN23551707	SRX13273381	CHO-K1	SINGLE	cDNA	2563962	27775	14729	0.5302970297029703
SRR17085297	PRJNA785251	SAMN23551707	SRX13273381	CHO-K1	SINGLE	cDNA	2561735	27775	14756	0.5312691269126912
SRR17085298	PRJNA785251	SAMN23551707	SRX13273381	CHO-K1	SINGLE	cDNA	1124511	27775	13659	0.4917731773177318
SRR17085299	PRJNA785251	SAMN23551707	SRX13273381	CHO-K1	SINGLE	cDNA	2561042	27775	14730	0.5303330333033304
SRR17085300	PRJNA785251	SAMN23551707	SRX13273381	CHO-K1	SINGLE	cDNA	2551223	27775	14758	0.5313411341134113
SRR17085301	PRJNA785251	SAMN23551707	SRX13273381	CHO-K1	SINGLE	cDNA	1134862	27775	13628	0.49065706570657064
SRR17085302	PRJNA785251	SAMN23551708	SRX13273380	CHO-K1	SINGLE	cDNA	2651498	27775	14495	0.5218721872187219
SRR17085303	PRJNA785251	SAMN23551708	SRX13273380	CHO-K1	SINGLE	cDNA	2648228	27775	14488	0.5216201620162016
SRR17085304	PRJNA785251	SAMN23551708	SRX13273380	CHO-K1	SINGLE	cDNA	842776	27775	12843	0.4623942394239424
SRR17085305	PRJNA785251	SAMN23551708	SRX13273380	CHO-K1	SINGLE	cDNA	2649747	27775	14456	0.5204680468046805
SRR17085306	PRJNA785251	SAMN23551708	SRX13273380	CHO-K1	SINGLE	cDNA	2638975	27775	14496	0.5219081908190819
SRR17085307	PRJNA785251	SAMN23551708	SRX13273380	CHO-K1	SINGLE	cDNA	854348	27775	12930	0.46552655265526555
SRR17085308	PRJNA785251	SAMN23551690	SRX13273379	CHO-K1	SINGLE	cDNA	2879120	27775	14588	0.5252205220522053
SRR17085309	PRJNA785251	SAMN23551690	SRX13273379	CHO-K1	SINGLE	cDNA	2876331	27775	14632	0.5268046804680468
SRR17085310	PRJNA785251	SAMN23551690	SRX13273379	CHO-K1	SINGLE	cDNA	489548	27775	12222	0.44003600360036005
SRR17085311	PRJNA785251	SAMN23551690	SRX13273379	CHO-K1	SINGLE	cDNA	2876486	27775	14622	0.5264446444644465
SRR17085312	PRJNA785251	SAMN23551690	SRX13273379	CHO-K1	SINGLE	cDNA	2868652	27775	14667	0.528064806480648
SRR17085313	PRJNA785251	SAMN23551690	SRX13273379	CHO-K1	SINGLE	cDNA	520046	27775	12235	0.4405040504050405
SRR17085314	PRJNA785251	SAMN23551691	SRX13273378	CHO-K1	SINGLE	cDNA	2807996	27775	14099	0.5076147614761476
SRR17085315	PRJNA785251	SAMN23551691	SRX13273378	CHO-K1	SINGLE	cDNA	2806468	27775	14132	0.5088028802880288
SRR17085316	PRJNA785251	SAMN23551691	SRX13273378	CHO-K1	SINGLE	cDNA	364818	27775	11465	0.4127812781278128
SRR17085317	PRJNA785251	SAMN23551691	SRX13273378	CHO-K1	SINGLE	cDNA	2805748	27775	14051	0.5058865886588659
SRR17085318	PRJNA785251	SAMN23551691	SRX13273378	CHO-K1	SINGLE	cDNA	2797281	27775	14149	0.5094149414941495
SRR17085319	PRJNA785251	SAMN23551691	SRX13273378	CHO-K1	SINGLE	cDNA	371803	27775	11481	0.41335733573357336
SRR17085320	PRJNA785251	SAMN23551692	SRX13273377	CHO-K1	SINGLE	cDNA	2785232	27775	13981	0.5033663366336634
SRR17085321	PRJNA785251	SAMN23551692	SRX13273377	CHO-K1	SINGLE	cDNA	2784209	27775	13969	0.5029342934293429
SRR17085322	PRJNA785251	SAMN23551692	SRX13273377	CHO-K1	SINGLE	cDNA	434357	27775	11678	0.42045004500450045
SRR17085323	PRJNA785251	SAMN23551692	SRX13273377	CHO-K1	SINGLE	cDNA	2785047	27775	14011	0.5044464446444644
SRR17085324	PRJNA785251	SAMN23551692	SRX13273377	CHO-K1	SINGLE	cDNA	2775634	27775	14094	0.5074347434743475
SRR17085325	PRJNA785251	SAMN23551692	SRX13273377	CHO-K1	SINGLE	cDNA	447074	27775	11657	0.4196939693969397
SRR17085326	PRJNA785251	SAMN23551693	SRX13273376	CHO-K1	SINGLE	cDNA	2682390	27775	14890	0.5360936093609361
SRR17085327	PRJNA785251	SAMN23551693	SRX13273376	CHO-K1	SINGLE	cDNA	2679944	27775	14866	0.5352295229522952
SRR17085328	PRJNA785251	SAMN23551693	SRX13273376	CHO-K1	SINGLE	cDNA	1103441	27775	13571	0.4886048604860486
SRR17085329	PRJNA785251	SAMN23551693	SRX13273376	CHO-K1	SINGLE	cDNA	2681943	27775	14870	0.5353735373537354
SRR17085330	PRJNA785251	SAMN23551693	SRX13273376	CHO-K1	SINGLE	cDNA	2666366	27775	14869	0.5353375337533753
SRR17085331	PRJNA785251	SAMN23551693	SRX13273376	CHO-K1	SINGLE	cDNA	1122812	27775	13545	0.48766876687668764
SRR17085332	PRJNA785251	SAMN23551694	SRX13273375	CHO-K1	SINGLE	cDNA	2885193	27775	13954	0.5023942394239423
SRR17085333	PRJNA785251	SAMN23551694	SRX13273375	CHO-K1	SINGLE	cDNA	2882084	27775	13993	0.5037983798379838
SRR17085334	PRJNA785251	SAMN23551694	SRX13273375	CHO-K1	SINGLE	cDNA	483924	27775	11707	0.4214941494149415
SRR17085335	PRJNA785251	SAMN23551694	SRX13273375	CHO-K1	SINGLE	cDNA	2881436	27775	13981	0.5033663366336634
SRR17085336	PRJNA785251	SAMN23551694	SRX13273375	CHO-K1	SINGLE	cDNA	2871635	27775	14028	0.5050585058505851
SRR17085337	PRJNA785251	SAMN23551694	SRX13273375	CHO-K1	SINGLE	cDNA	504044	27775	11714	0.4217461746174617
SRR17085338	PRJNA785251	SAMN23551695	SRX13273374	CHO-K1	SINGLE	cDNA	2791605	27775	14096	0.5075067506750675
SRR17085339	PRJNA785251	SAMN23551695	SRX13273374	CHO-K1	SINGLE	cDNA	2790778	27775	14112	0.5080828082808281
SRR17085340	PRJNA785251	SAMN23551695	SRX13273374	CHO-K1	SINGLE	cDNA	846669	27775	12553	0.45195319531953193
SRR17085341	PRJNA785251	SAMN23551695	SRX13273374	CHO-K1	SINGLE	cDNA	2791925	27775	14130	0.5087308730873087
SRR17085342	PRJNA785251	SAMN23551695	SRX13273374	CHO-K1	SINGLE	cDNA	2781168	27775	14150	0.5094509450945095
SRR17085343	PRJNA785251	SAMN23551695	SRX13273374	CHO-K1	SINGLE	cDNA	850320	27775	12488	0.4496129612961296
SRR18163655	PRJNA810994	SAMN26308029	SRX14311064	CHO-K1 (CCL-61 ATCC)	SINGLE	cDNA	29336161	27775	19889	0.7160756075607561
SRR18163656	PRJNA810994	SAMN26308030	SRX14311063	CHO-K1 (CCL-61 ATCC)	SINGLE	cDNA	29613193	27775	20301	0.730909090909091
SRR18163657	PRJNA810994	SAMN26308031	SRX14311062	CHO-K1 (CCL-61 ATCC)	SINGLE	cDNA	28646229	27775	20068	0.7225202520252025
SRR18163658	PRJNA810994	SAMN26308032	SRX14311061	CHO-K1 (CCL-61 ATCC)	SINGLE	cDNA	33130561	27775	19954	0.7184158415841584
SRR18163659	PRJNA810994	SAMN26308033	SRX14311060	CHO-K1 (CCL-61 ATCC)	SINGLE	cDNA	26393984	27775	18679	0.6725112511251126
SRR18163660	PRJNA810994	SAMN26308034	SRX14311059	CHO-K1 (CCL-61 ATCC)	SINGLE	cDNA	35484400	27775	19959	0.7185958595859586
SRR18163661	PRJNA810994	SAMN26308035	SRX14311058	CHO-K1 (CCL-61 ATCC)	SINGLE	cDNA	28560994	27775	19522	0.7028622862286229
SRR18163662	PRJNA810994	SAMN26308036	SRX14311057	CHO-K1 (CCL-61 ATCC)	SINGLE	cDNA	37487253	27775	19715	0.7098109810981098
SRR18163663	PRJNA810994	SAMN26308037	SRX14311056	CHO-K1 (CCL-61 ATCC)	SINGLE	cDNA	28667453	27775	18879	0.6797119711971197
SRR18163664	PRJNA810994	SAMN26308038	SRX14311055	CHO-K1 (CCL-61 ATCC)	SINGLE	cDNA	31969628	27775	18289	0.6584698469846985
SRR18163665	PRJNA810994	SAMN26308039	SRX14311054	CHO-K1 (CCL-61 ATCC)	SINGLE	cDNA	25009488	27775	20053	0.721980198019802
SRR18163666	PRJNA810994	SAMN26308040	SRX14311053	CHO-K1 (CCL-61 ATCC)	SINGLE	cDNA	29685342	27775	20359	0.732997299729973
SRR18163667	PRJNA810994	SAMN26308041	SRX14311052	CHO-K1 (CCL-61 ATCC)	SINGLE	cDNA	27825164	27775	20073	0.7227002700270027
SRR18163668	PRJNA810994	SAMN26308042	SRX14311051	CHO-K1 (CCL-61 ATCC)	SINGLE	cDNA	31053324	27775	19540	0.7035103510351035
SRR18163669	PRJNA810994	SAMN26308043	SRX14311050	CHO-K1 (CCL-61 ATCC)	SINGLE	cDNA	34157078	27775	18592	0.6693789378937893
SRR18356112	PRJNA817102	SAMN26747791	SRX14491410	CHO	PAIRED	cDNA	17821160	27775	18572	0.6686588658865886
SRR18356113	PRJNA817102	SAMN26747792	SRX14491409	CHO	PAIRED	cDNA	17848020	27775	18479	0.6653105310531053
SRR18502223	PRJNA820638	SAMN27019286	SRX14633673	CHO (ATCC CCL-61)	PAIRED	cDNA	20698165	27775	17591	0.6333393339333934
SRR18502224	PRJNA820638	SAMN27019287	SRX14633672	CHO (ATCC CCL-61)	PAIRED	cDNA	17555830	27775	17498	0.62999099909991
SRR18502225	PRJNA820638	SAMN27019288	SRX14633671	CHO (ATCC CCL-61)	PAIRED	cDNA	17397018	27775	17293	0.6226102610261026
SRR18502226	PRJNA820638	SAMN27019289	SRX14633670	CHO (ATCC CCL-61)	PAIRED	cDNA	19061312	27775	17567	0.6324752475247525
SRR18502227	PRJNA820638	SAMN27019290	SRX14633669	CHO (ATCC CCL-61)	PAIRED	cDNA	18217974	27775	16466	0.5928352835283528
SRR18502228	PRJNA820638	SAMN27019291	SRX14633668	CHO (ATCC CCL-61)	PAIRED	cDNA	18052949	27775	16642	0.5991719171917191
SRR18502229	PRJNA820638	SAMN27019292	SRX14633667	CHO (ATCC CCL-61)	PAIRED	cDNA	18594951	27775	16587	0.5971917191719172
SRR18502230	PRJNA820638	SAMN27019293	SRX14633666	CHO (ATCC CCL-61)	PAIRED	cDNA	17585916	27775	16528	0.5950675067506751
SRR18502231	PRJNA820638	SAMN27019294	SRX14633665	CHO (ATCC CCL-61)	PAIRED	cDNA	20191306	27775	16695	0.601080108010801
SRR18502232	PRJNA820638	SAMN27019295	SRX14633664	CHO (ATCC CCL-61)	PAIRED	cDNA	19127367	27775	16616	0.5982358235823583
SRR18502233	PRJNA820638	SAMN27019296	SRX14633663	CHO (ATCC CCL-61)	PAIRED	cDNA	18355267	27775	16584	0.5970837083708371
SRR18502234	PRJNA820638	SAMN27019297	SRX14633662	CHO (ATCC CCL-61)	PAIRED	cDNA	21066764	27775	16968	0.610909090909091
SRR18502235	PRJNA820638	SAMN27019298	SRX14633661	CHO (ATCC CCL-61)	PAIRED	cDNA	18681850	27775	16535	0.5953195319531953
SRR18502236	PRJNA820638	SAMN27019299	SRX14633660	CHO (ATCC CCL-61)	PAIRED	cDNA	16614144	27775	16526	0.594995499549955
SRR18502237	PRJNA820638	SAMN27019300	SRX14633659	CHO (ATCC CCL-61)	PAIRED	cDNA	19241340	27775	16715	0.6018001800180018
SRR18502238	PRJNA820638	SAMN27019301	SRX14633658	CHO (ATCC CCL-61)	PAIRED	cDNA	19808933	27775	16916	0.609036903690369
SRR19256295	PRJNA839086	SAMN28495772	SRX15316780	Chinese hamster ovary cells (CHO-S)	PAIRED	cDNA	20424977	27775	15575	0.5607560756075608
SRR19256296	PRJNA839086	SAMN28495773	SRX15316779	Chinese hamster ovary cells (CHO-S)	PAIRED	cDNA	19714101	27775	15584	0.5610801080108011
SRR19256297	PRJNA839086	SAMN28495774	SRX15316778	Chinese hamster ovary cells (CHO-S)	PAIRED	cDNA	18592435	27775	15394	0.5542394239423942
SRR19256298	PRJNA839086	SAMN28495775	SRX15316777	Chinese hamster ovary cells (CHO-S)	PAIRED	cDNA	18652382	27775	15517	0.5586678667866787
SRR19256299	PRJNA839086	SAMN28495776	SRX15316776	Chinese hamster ovary cells (CHO-S)	PAIRED	cDNA	18695087	27775	15541	0.5595319531953196
SRR19256300	PRJNA839086	SAMN28495777	SRX15316775	Chinese hamster ovary cells (CHO-S)	PAIRED	cDNA	19075998	27775	15516	0.5586318631863186
SRR19256301	PRJNA839086	SAMN28495778	SRX15316774	Chinese hamster ovary cells (CHO-S)	PAIRED	cDNA	20241577	27775	14997	0.5399459945994599
SRR19256302	PRJNA839086	SAMN28495779	SRX15316773	Chinese hamster ovary cells (CHO-S)	PAIRED	cDNA	17171606	27775	14697	0.5291449144914492
SRR19256303	PRJNA839086	SAMN28495780	SRX15316772	Chinese hamster ovary cells (CHO-S)	PAIRED	cDNA	20564145	27775	14813	0.5333213321332133
SRR19256304	PRJNA839086	SAMN28495781	SRX15316771	Chinese hamster ovary cells (CHO-S)	PAIRED	cDNA	20793915	27775	14506	0.5222682268226823
SRR19256305	PRJNA839086	SAMN28495782	SRX15316770	Chinese hamster ovary cells (CHO-S)	PAIRED	cDNA	18904665	27775	14319	0.5155355535553555
SRR19256306	PRJNA839086	SAMN28495783	SRX15316769	Chinese hamster ovary cells (CHO-S)	PAIRED	cDNA	21423400	27775	14860	0.535013501350135
SRR22143436	PRJNA896947	SAMN31573491	SRX18122743	VRC01	PAIRED	DNase	19280077	27775	16829	0.6059045904590459
SRR22143437	PRJNA896947	SAMN31573491	SRX18122742	VRC01	PAIRED	DNase	18427302	27775	16677	0.6004320432043204
SRR22143444	PRJNA896947	SAMN31573491	SRX18122735	VRC01	PAIRED	DNase	19370817	27775	16368	0.5893069306930693
SRR22143445	PRJNA896947	SAMN31573491	SRX18122734	VRC01	PAIRED	DNase	15162771	27775	16463	0.5927272727272728
SRR22143446	PRJNA896947	SAMN31573491	SRX18122733	VRC01	PAIRED	DNase	19770277	27775	16383	0.5898469846984699
SRR22143447	PRJNA896947	SAMN31573491	SRX18122732	VRC01	PAIRED	DNase	18293030	27775	16935	0.6097209720972098
SRR22143448	PRJNA896947	SAMN31573491	SRX18122731	VRC01	PAIRED	DNase	18889977	27775	16577	0.5968316831683168
SRR22143449	PRJNA896947	SAMN31573491	SRX18122730	VRC01	PAIRED	DNase	19431378	27775	17002	0.6121332133213321
SRR22246869	PRJNA899862	SAMN31670978	SRX18223562	CHOZN GS-/- clone 1	PAIRED	cDNA	23707928	27775	16597	0.5975517551755175
SRR22246870	PRJNA899862	SAMN31670979	SRX18223561	CHOZN GS-/- clone 1	PAIRED	cDNA	23537856	27775	16538	0.5954275427542755
SRR22246871	PRJNA899862	SAMN31670980	SRX18223560	CHOZN GS-/- clone 1	PAIRED	cDNA	23812800	27775	16555	0.596039603960396
SRR22246872	PRJNA899862	SAMN31670981	SRX18223559	CHOZN GS-/-	PAIRED	cDNA	24335086	27775	15791	0.5685328532853285
SRR22246873	PRJNA899862	SAMN31670982	SRX18223558	CHOZN GS-/-	PAIRED	cDNA	27680707	27775	16110	0.58001800180018
SRR22246874	PRJNA899862	SAMN31670983	SRX18223557	CHOZN GS-/-	PAIRED	cDNA	23791745	27775	15676	0.5643924392439243
SRR22246875	PRJNA899862	SAMN31670984	SRX18223556	CHOZN GS-/- clone 2	PAIRED	cDNA	23046937	27775	15730	0.5663366336633663
SRR22246876	PRJNA899862	SAMN31670985	SRX18223555	CHOZN GS-/- clone 2	PAIRED	cDNA	26001143	27775	15594	0.5614401440144015
SRR22246877	PRJNA899862	SAMN31670986	SRX18223554	CHOZN GS-/- clone 2	PAIRED	cDNA	26976761	27775	15679	0.5645004500450045
SRR22246878	PRJNA899862	SAMN31670987	SRX18223553	CHOZN GS-/- clone 1	PAIRED	cDNA	22611253	27775	15796	0.5687128712871287
SRR22246879	PRJNA899862	SAMN31670988	SRX18223552	CHOZN GS-/- clone 1	PAIRED	cDNA	22904173	27775	15873	0.5714851485148514
SRR22246880	PRJNA899862	SAMN31670989	SRX18223551	CHOZN GS-/- clone 1	PAIRED	cDNA	25610724	27775	15905	0.5726372637263727
SRR22246881	PRJNA899862	SAMN31670990	SRX18223550	CHOZN GS-/-	PAIRED	cDNA	26489185	27775	15499	0.5580198019801981
SRR22246882	PRJNA899862	SAMN31670991	SRX18223549	CHOZN GS-/-	PAIRED	cDNA	27593335	27775	15443	0.556003600360036
SRR22246883	PRJNA899862	SAMN31670992	SRX18223548	CHOZN GS-/-	PAIRED	cDNA	22235317	27775	15103	0.5437623762376238
SRR22246884	PRJNA899862	SAMN31670993	SRX18223547	CHOZN GS-/- clone 2	PAIRED	cDNA	22508319	27775	15438	0.5558235823582358
SRR22246885	PRJNA899862	SAMN31670994	SRX18223546	CHOZN GS-/- clone 2	PAIRED	cDNA	25773301	27775	15578	0.5608640864086408
SRR22246886	PRJNA899862	SAMN31670995	SRX18223545	CHOZN GS-/- clone 2	PAIRED	cDNA	25457523	27775	15493	0.5578037803780378
SRR22246887	PRJNA899862	SAMN31670996	SRX18223544	CHOZN GS-/- clone 1	PAIRED	cDNA	21649035	27775	15557	0.5601080108010801
SRR22246888	PRJNA899862	SAMN31670997	SRX18223543	CHOZN GS-/- clone 1	PAIRED	cDNA	23087825	27775	15467	0.5568676867686768
SRR22246889	PRJNA899862	SAMN31670998	SRX18223542	CHOZN GS-/- clone 1	PAIRED	cDNA	17774562	27775	15215	0.5477947794779477
SRR22246890	PRJNA899862	SAMN31670999	SRX18223541	CHOZN GS-/-	PAIRED	cDNA	23089827	27775	15277	0.55002700270027
SRR22246891	PRJNA899862	SAMN31671000	SRX18223540	CHOZN GS-/-	PAIRED	cDNA	18198318	27775	14846	0.5345094509450945
SRR22246892	PRJNA899862	SAMN31671001	SRX18223539	CHOZN GS-/-	PAIRED	cDNA	17795089	27775	14851	0.5346894689468947
SRR22246893	PRJNA899862	SAMN31670975	SRX18223538	CHOZN GS-/- clone 2	PAIRED	cDNA	21984457	27775	16310	0.5872187218721873
SRR22246894	PRJNA899862	SAMN31670976	SRX18223537	CHOZN GS-/- clone 2	PAIRED	cDNA	25789991	27775	16542	0.5955715571557155
SRR22246895	PRJNA899862	SAMN31670977	SRX18223536	CHOZN GS-/- clone 2	PAIRED	cDNA	24081529	27775	16313	0.5873267326732673
SRR22246896	PRJNA899862	SAMN31671002	SRX18223535	CHOZN GS-/- clone 2	PAIRED	cDNA	20193126	27775	15299	0.5508190819081908
SRR22246897	PRJNA899862	SAMN31671003	SRX18223534	CHOZN GS-/- clone 2	PAIRED	cDNA	19413534	27775	14924	0.5373177317731773
SRR22246898	PRJNA899862	SAMN31671004	SRX18223533	CHOZN GS-/- clone 2	PAIRED	cDNA	17570601	27775	15060	0.5422142214221423
SRR22246899	PRJNA899862	SAMN31671005	SRX18223532	CHOZN GS-/- clone 1	PAIRED	cDNA	17620750	27775	15360	0.553015301530153
SRR22246900	PRJNA899862	SAMN31671006	SRX18223531	CHOZN GS-/- clone 1	PAIRED	cDNA	16466402	27775	15298	0.5507830783078308
SRR22246901	PRJNA899862	SAMN31671007	SRX18223530	CHOZN GS-/- clone 1	PAIRED	cDNA	20242943	27775	15573	0.5606840684068407
SRR22246902	PRJNA899862	SAMN31671008	SRX18223529	CHOZN GS-/-	PAIRED	cDNA	19118394	27775	15035	0.5413141314131413
SRR22246903	PRJNA899862	SAMN31671009	SRX18223528	CHOZN GS-/-	PAIRED	cDNA	19706056	27775	14983	0.5394419441944195
SRR22246904	PRJNA899862	SAMN31671010	SRX18223527	CHOZN GS-/-	PAIRED	cDNA	23249884	27775	15070	0.5425742574257426
SRR22810189	PRJNA913861	SAMN32309273	SRX18769908	stably expressing Cdh13	SINGLE	cDNA	11177025	27775	15663	0.563924392439244
SRR22810190	PRJNA913861	SAMN32309274	SRX18769907	stably expressing Cdh13	SINGLE	cDNA	9422746	27775	15478	0.5572637263726372
SRR22810191	PRJNA913861	SAMN32309275	SRX18769906	stably expressing Cdh13	SINGLE	cDNA	9822246	27775	15484	0.5574797479747975
SRR22810192	PRJNA913861	SAMN32309276	SRX18769905	stably expressing Cdh13	SINGLE	cDNA	10078726	27775	15292	0.5505670567056705
SRR22810193	PRJNA913861	SAMN32309277	SRX18769904	stably expressing Cdh13	SINGLE	cDNA	9675325	27775	15219	0.5479387938793879
SRR22810194	PRJNA913861	SAMN32309278	SRX18769903	stably expressing Cdh13	SINGLE	cDNA	10324180	27775	15302	0.550927092709271
SRR23603787	PRJNA938154	SAMN33426958	SRX19488787	Icosagen QMCF	PAIRED	cDNA	22988096	27775	15565	0.5603960396039604
SRR23603788	PRJNA938154	SAMN33426959	SRX19488786	Icosagen QMCF	PAIRED	cDNA	12841336	27775	15365	0.5531953195319532
SRR23603789	PRJNA938154	SAMN33426960	SRX19488785	Icosagen QMCF	PAIRED	cDNA	11561198	27775	15574	0.5607200720072008
SRR23603790	PRJNA938154	SAMN33426961	SRX19488784	Icosagen QMCF	PAIRED	cDNA	13844946	27775	15956	0.5744734473447345
SRR23603791	PRJNA938154	SAMN33426962	SRX19488783	Icosagen QMCF	PAIRED	cDNA	16642039	27775	15124	0.5445184518451845
SRR23603792	PRJNA938154	SAMN33426963	SRX19488782	Icosagen QMCF	PAIRED	cDNA	19030335	27775	15858	0.570945094509451
SRR23603793	PRJNA938154	SAMN33426964	SRX19488781	Icosagen QMCF	PAIRED	cDNA	19848169	27775	15890	0.5720972097209721
SRR23603794	PRJNA938154	SAMN33426965	SRX19488780	Icosagen QMCF	PAIRED	cDNA	18161991	27775	15909	0.5727812781278128
SRR23603795	PRJNA938154	SAMN33426966	SRX19488779	Icosagen QMCF	PAIRED	cDNA	16493607	27775	15780	0.5681368136813681
SRR23603796	PRJNA938154	SAMN33426967	SRX19488778	Icosagen QMCF	PAIRED	cDNA	16212876	27775	15769	0.5677407740774078
SRR23603797	PRJNA938154	SAMN33426968	SRX19488777	Icosagen QMCF	PAIRED	cDNA	16615288	27775	15794	0.5686408640864087
SRR23603798	PRJNA938154	SAMN33426969	SRX19488776	Icosagen QMCF	PAIRED	cDNA	16233632	27775	15907	0.5727092709270927
SRR23603799	PRJNA938154	SAMN33426970	SRX19488775	Icosagen QMCF	PAIRED	cDNA	16515212	27775	15483	0.5574437443744374
SRR23603800	PRJNA938154	SAMN33426971	SRX19488754	Icosagen QMCF	PAIRED	cDNA	17505035	27775	15796	0.5687128712871287
SRR23603801	PRJNA938154	SAMN33426992	SRX19488773	Icosagen QMCF	PAIRED	cDNA	16805518	27775	15874	0.5715211521152115
SRR23603802	PRJNA938154	SAMN33426993	SRX19488772	Icosagen QMCF	PAIRED	cDNA	15499696	27775	15987	0.5755895589558956
SRR23603803	PRJNA938154	SAMN33426994	SRX19488771	Icosagen QMCF	PAIRED	cDNA	15903101	27775	15717	0.5658685868586859
SRR23603804	PRJNA938154	SAMN33426995	SRX19488770	Icosagen QMCF	PAIRED	cDNA	16694080	27775	15702	0.5653285328532853
SRR23603805	PRJNA938154	SAMN33426996	SRX19488769	Icosagen QMCF	PAIRED	cDNA	17313276	27775	16151	0.5814941494149415
SRR23603806	PRJNA938154	SAMN33426997	SRX19488768	Icosagen QMCF	PAIRED	cDNA	15794783	27775	15732	0.5664086408640864
SRR23603807	PRJNA938154	SAMN33426998	SRX19488767	Icosagen QMCF	PAIRED	cDNA	15940861	27775	16036	0.5773537353735374
SRR23603808	PRJNA938154	SAMN33426999	SRX19488766	Icosagen QMCF	PAIRED	cDNA	15417978	27775	15954	0.5744014401440144
SRR23603809	PRJNA938154	SAMN33427000	SRX19488765	Icosagen QMCF	PAIRED	cDNA	15941018	27775	15853	0.5707650765076507
SRR23603810	PRJNA938154	SAMN33427001	SRX19488764	Icosagen QMCF	PAIRED	cDNA	15114325	27775	15920	0.5731773177317732
SRR23603811	PRJNA938154	SAMN33427002	SRX19488763	Icosagen QMCF	PAIRED	cDNA	17193340	27775	15507	0.5583078307830783
SRR23603812	PRJNA938154	SAMN33427003	SRX19488762	Icosagen QMCF	PAIRED	cDNA	17261321	27775	15976	0.5751935193519352
SRR23603813	PRJNA938154	SAMN33427004	SRX19488761	Icosagen QMCF	PAIRED	cDNA	16964980	27775	15832	0.57000900090009
SRR23603814	PRJNA938154	SAMN33427005	SRX19488760	Icosagen QMCF	PAIRED	cDNA	14850393	27775	15519	0.5587398739873988
SRR23603815	PRJNA938154	SAMN33427006	SRX19488759	Icosagen QMCF	PAIRED	cDNA	17111769	27775	15949	0.5742214221422142
SRR23603816	PRJNA938154	SAMN33427007	SRX19488758	Icosagen QMCF	PAIRED	cDNA	18187839	27775	16085	0.5791179117911791
SRR23603817	PRJNA938154	SAMN33427008	SRX19488757	Icosagen QMCF	PAIRED	cDNA	17578536	27775	15882	0.5718091809180919
SRR23603818	PRJNA938154	SAMN33427009	SRX19488756	Icosagen QMCF	PAIRED	cDNA	17356748	27775	16173	0.5822862286228623
SRR23603819	PRJNA938154	SAMN33427010	SRX19488755	Icosagen QMCF	PAIRED	cDNA	17631412	27775	15766	0.5676327632763276
SRR23603820	PRJNA938154	SAMN33427011	SRX19488734	Icosagen QMCF	PAIRED	cDNA	17785738	27775	16026	0.5769936993699369
SRR23603821	PRJNA938154	SAMN33426972	SRX19488753	Icosagen QMCF	PAIRED	cDNA	19228045	27775	15932	0.5736093609360936
SRR23603822	PRJNA938154	SAMN33426973	SRX19488752	Icosagen QMCF	PAIRED	cDNA	17280268	27775	15719	0.5659405940594059
SRR23603823	PRJNA938154	SAMN33426974	SRX19488751	Icosagen QMCF	PAIRED	cDNA	16886333	27775	15841	0.5703330333033303
SRR23603824	PRJNA938154	SAMN33426975	SRX19488750	Icosagen QMCF	PAIRED	cDNA	18398216	27775	16205	0.5834383438343834
SRR23603825	PRJNA938154	SAMN33426976	SRX19488749	Icosagen QMCF	PAIRED	cDNA	16350246	27775	16031	0.5771737173717372
SRR23603826	PRJNA938154	SAMN33426977	SRX19488748	Icosagen QMCF	PAIRED	cDNA	17235386	27775	16104	0.5798019801980198
SRR23603827	PRJNA938154	SAMN33426978	SRX19488747	Icosagen QMCF	PAIRED	cDNA	16596169	27775	15725	0.5661566156615662
SRR23603828	PRJNA938154	SAMN33426979	SRX19488746	Icosagen QMCF	PAIRED	cDNA	17299978	27775	16047	0.5777497749774978
SRR23603829	PRJNA938154	SAMN33426980	SRX19488745	Icosagen QMCF	PAIRED	cDNA	17541539	27775	15879	0.5717011701170117
SRR23603830	PRJNA938154	SAMN33426981	SRX19488744	Icosagen QMCF	PAIRED	cDNA	17443681	27775	15933	0.5736453645364537
SRR23603831	PRJNA938154	SAMN33426982	SRX19488743	Icosagen QMCF	PAIRED	cDNA	16429225	27775	15657	0.5637083708370837
SRR23603832	PRJNA938154	SAMN33426983	SRX19488742	Icosagen QMCF	PAIRED	cDNA	15553224	27775	16229	0.5843024302430243
SRR23603833	PRJNA938154	SAMN33426984	SRX19488741	Icosagen QMCF	PAIRED	cDNA	17085215	27775	15939	0.5738613861386138
SRR23603834	PRJNA938154	SAMN33426985	SRX19488740	Icosagen QMCF	PAIRED	cDNA	17200339	27775	16068	0.5785058505850585
SRR23603835	PRJNA938154	SAMN33426986	SRX19488739	Icosagen QMCF	PAIRED	cDNA	16893618	27775	15941	0.5739333933393339
SRR23603836	PRJNA938154	SAMN33426987	SRX19488738	Icosagen QMCF	PAIRED	cDNA	16595862	27775	15898	0.5723852385238524
SRR23603837	PRJNA938154	SAMN33426988	SRX19488737	Icosagen QMCF	PAIRED	cDNA	17714881	27775	15872	0.5714491449144915
SRR23603838	PRJNA938154	SAMN33426989	SRX19488736	Icosagen QMCF	PAIRED	cDNA	15372062	27775	15847	0.5705490549054906
SRR23603839	PRJNA938154	SAMN33426990	SRX19488735	Icosagen QMCF	PAIRED	cDNA	18150623	27775	16096	0.5795139513951395
SRR23603840	PRJNA938154	SAMN33426991	SRX19488774	Icosagen QMCF	PAIRED	cDNA	16232734	27775	15845	0.5704770477047705
SRR23603841	PRJNA938154	SAMN33427012	SRX19488733	Icosagen QMCF	PAIRED	cDNA	21567986	27775	16196	0.5831143114311431
SRR23603842	PRJNA938154	SAMN33427013	SRX19488732	Icosagen QMCF	PAIRED	cDNA	16525160	27775	15902	0.5725292529252926
SRR23603843	PRJNA938154	SAMN33427014	SRX19488731	Icosagen QMCF	PAIRED	cDNA	17538640	27775	16033	0.5772457245724573
SRR23603844	PRJNA938154	SAMN33427015	SRX19488730	Icosagen QMCF	PAIRED	cDNA	16861771	27775	16097	0.5795499549954995
SRR23603845	PRJNA938154	SAMN33427016	SRX19488729	Icosagen QMCF	PAIRED	cDNA	17396977	27775	16003	0.5761656165616562
SRR23603846	PRJNA938154	SAMN33427017	SRX19488728	Icosagen QMCF	PAIRED	cDNA	16055160	27775	15980	0.5753375337533754
SRR23603847	PRJNA938154	SAMN33427018	SRX19488727	Icosagen QMCF	PAIRED	cDNA	17725027	27775	16049	0.5778217821782178
SRR23603848	PRJNA938154	SAMN33427019	SRX19488726	Icosagen QMCF	PAIRED	cDNA	17605126	27775	15710	0.5656165616561656
SRR23603849	PRJNA938154	SAMN33427020	SRX19488725	Icosagen QMCF	PAIRED	cDNA	18999537	27775	15967	0.5748694869486949
SRR23603850	PRJNA938154	SAMN33427021	SRX19488724	Icosagen QMCF	PAIRED	cDNA	16019194	27775	15857	0.5709090909090909
SRR23603851	PRJNA938154	SAMN33427022	SRX19488723	Icosagen QMCF	PAIRED	cDNA	17654675	27775	16188	0.5828262826282629
SRR23603852	PRJNA938154	SAMN33427023	SRX19488722	Icosagen QMCF	PAIRED	cDNA	15503290	27775	15837	0.5701890189018902
SRR23603853	PRJNA938154	SAMN33427024	SRX19488721	Icosagen QMCF	PAIRED	cDNA	16512136	27775	16126	0.5805940594059406
SRR23603854	PRJNA938154	SAMN33427025	SRX19488720	Icosagen QMCF	PAIRED	cDNA	17434771	27775	15930	0.5735373537353735
SRR23603855	PRJNA938154	SAMN33427026	SRX19488719	Icosagen QMCF	PAIRED	cDNA	16281141	27775	15755	0.5672367236723672
SRR23603856	PRJNA938154	SAMN33427027	SRX19488718	Icosagen QMCF	PAIRED	cDNA	16315119	27775	16189	0.5828622862286229
SRR23603857	PRJNA938154	SAMN33427028	SRX19488717	Icosagen QMCF	PAIRED	cDNA	19253725	27775	16094	0.5794419441944194
SRR23603858	PRJNA938154	SAMN33427029	SRX19488716	Icosagen QMCF	PAIRED	cDNA	16339080	27775	15958	0.5745454545454546
SRR23603859	PRJNA938154	SAMN33427030	SRX19488715	Icosagen QMCF	PAIRED	cDNA	8992917	27775	15194	0.547038703870387
SRR23603860	PRJNA938154	SAMN33427031	SRX19488714	Icosagen QMCF	PAIRED	cDNA	10017592	27775	15327	0.5518271827182718
SRR23603861	PRJNA938154	SAMN33427032	SRX19488713	Icosagen QMCF	PAIRED	cDNA	10308031	27775	15384	0.5538793879387939
SRR23603862	PRJNA938154	SAMN33427033	SRX19488712	Icosagen QMCF	PAIRED	cDNA	9486602	27775	15195	0.547074707470747
SRR23603863	PRJNA938154	SAMN33427034	SRX19488711	Icosagen QMCF	PAIRED	cDNA	7668624	27775	15010	0.5404140414041404
SRR23603864	PRJNA938154	SAMN33427035	SRX19488710	Icosagen QMCF	PAIRED	cDNA	8510459	27775	15095	0.5434743474347434
SRR23603865	PRJNA938154	SAMN33427036	SRX19488709	Icosagen QMCF	PAIRED	cDNA	10360940	27775	15429	0.5554995499549955
SRR23603866	PRJNA938154	SAMN33427037	SRX19488708	Icosagen QMCF	PAIRED	cDNA	7917753	27775	15130	0.5447344734473447
SRR23603867	PRJNA938154	SAMN33427038	SRX19488707	Icosagen QMCF	PAIRED	cDNA	14371223	27775	15839	0.5702610261026103
SRR23603868	PRJNA938154	SAMN33427039	SRX19488706	Icosagen QMCF	PAIRED	cDNA	15966368	27775	15896	0.5723132313231323
SRR23603869	PRJNA938154	SAMN33427040	SRX19488705	Icosagen QMCF	PAIRED	cDNA	14437314	27775	15846	0.5705130513051305
SRR23603870	PRJNA938154	SAMN33427041	SRX19488704	Icosagen QMCF	PAIRED	cDNA	14382572	27775	15866	0.5712331233123312
SRR23603871	PRJNA938154	SAMN33427042	SRX19488703	Icosagen QMCF	PAIRED	cDNA	15947347	27775	16135	0.580918091809181
SRR23603872	PRJNA938154	SAMN33427043	SRX19488702	Icosagen QMCF	PAIRED	cDNA	13884929	27775	15698	0.5651845184518451
SRR23603873	PRJNA938154	SAMN33427044	SRX19488701	Icosagen QMCF	PAIRED	cDNA	16002303	27775	15996	0.5759135913591359
SRR23603874	PRJNA938154	SAMN33427045	SRX19488700	Icosagen QMCF	PAIRED	cDNA	14172806	27775	15767	0.5676687668766877
SRR23603875	PRJNA938154	SAMN33427046	SRX19488699	Icosagen QMCF	PAIRED	cDNA	14317967	27775	15558	0.5601440144014401
SRR23603876	PRJNA938154	SAMN33427047	SRX19488698	Icosagen QMCF	PAIRED	cDNA	15282343	27775	15790	0.5684968496849685
SRR23603877	PRJNA938154	SAMN33427048	SRX19488697	Icosagen QMCF	PAIRED	cDNA	14634062	27775	15705	0.5654365436543655
SRR23603878	PRJNA938154	SAMN33427049	SRX19488696	Icosagen QMCF	PAIRED	cDNA	13614406	27775	15562	0.5602880288028803
SRR23603879	PRJNA938154	SAMN33427050	SRX19488695	Icosagen QMCF	PAIRED	cDNA	14207978	27775	15715	0.5657965796579658
SRR23603880	PRJNA938154	SAMN33427051	SRX19488694	Icosagen QMCF	PAIRED	cDNA	14205648	27775	15735	0.5665166516651665
SRR23603881	PRJNA938154	SAMN33427052	SRX19488693	Icosagen QMCF	PAIRED	cDNA	17355730	27775	16003	0.5761656165616562
SRR23603882	PRJNA938154	SAMN33427053	SRX19488692	Icosagen QMCF	PAIRED	cDNA	12890198	27775	15781	0.5681728172817282
SRR23702453	PRJNA941080	SAMN33589141	SRX19564102		PAIRED	cDNA	18785964	27775	15688	0.5648244824482448
SRR23702454	PRJNA941080	SAMN33589140	SRX19564101		PAIRED	cDNA	16809545	27775	15680	0.5645364536453645
SRR23702455	PRJNA941080	SAMN33589139	SRX19564100		PAIRED	cDNA	15933126	27775	15553	0.55996399639964
SRR23702456	PRJNA941080	SAMN33589138	SRX19564099		PAIRED	cDNA	17118206	27775	15600	0.5616561656165616
SRR23702457	PRJNA941080	SAMN33589137	SRX19564098		PAIRED	cDNA	16636461	27775	15853	0.5707650765076507
SRR24099901	PRJNA953054	SAMN34105229	SRX19900050	MI5-4 (CHO)	PAIRED	cDNA	25051476	27775	16877	0.6076327632763276
SRR24099902	PRJNA953054	SAMN34105230	SRX19900049	MI5-4 (CHO)	PAIRED	cDNA	29901191	27775	17125	0.6165616561656165
SRR24099903	PRJNA953054	SAMN34105231	SRX19900048	MI5-4 (CHO)	PAIRED	cDNA	20765683	27775	16738	0.6026282628262827
SRR24099904	PRJNA953054	SAMN34105232	SRX19900047	MI5-4 (CHO)	PAIRED	cDNA	22609650	27775	16440	0.5918991899189919
SRR24099905	PRJNA953054	SAMN34105233	SRX19900046	MI5-4 (CHO)	PAIRED	cDNA	23335906	27775	16468	0.5929072907290729
SRR24099906	PRJNA953054	SAMN34105234	SRX19900045	MI5-4 (CHO)	PAIRED	cDNA	24171242	27775	16762	0.6034923492349235
SRR24099907	PRJNA953054	SAMN34105235	SRX19900044	MI5-4 (CHO)	PAIRED	cDNA	25102705	27775	16567	0.5964716471647165
SRR24099908	PRJNA953054	SAMN34105236	SRX19900043	MI5-4 (CHO)	PAIRED	cDNA	27584352	27775	16512	0.5944914491449145
SRR24099909	PRJNA953054	SAMN34105237	SRX19900042	MI5-4 (CHO)	PAIRED	cDNA	26112556	27775	16574	0.5967236723672367
SRR24650910	PRJNA974014	SAMN35159448	SRX20431028	CHOZN GS -/- ZFN Clone 23	PAIRED	cDNA	13046513	27775	15848	0.5705850585058506
SRR24650911	PRJNA974014	SAMN35159449	SRX20431027	CHOZN GS -/- ZFN Clone 23	PAIRED	cDNA	13124168	27775	17600	0.6336633663366337
SRR24650912	PRJNA974014	SAMN35159450	SRX20431026	CHOZN GS -/- ZFN Clone 23	PAIRED	cDNA	14102567	27775	16230	0.5843384338433844
SRR24650913	PRJNA974014	SAMN35159451	SRX20431025	CHOZN GS -/- ZFN Clone 23	PAIRED	cDNA	13219068	27775	16666	0.60003600360036
SRR24650914	PRJNA974014	SAMN35159452	SRX20431024	CHOZN GS -/- ZFN Clone 23	PAIRED	cDNA	13150881	27775	17616	0.6342394239423942
SRR24650915	PRJNA974014	SAMN35159453	SRX20431023	CHOZN GS -/- ZFN Clone 23	PAIRED	cDNA	11396938	27775	17125	0.6165616561656165
SRR24650916	PRJNA974014	SAMN35159454	SRX20431022	CHOZN GS -/- ZFN Clone 23	PAIRED	cDNA	13120422	27775	18422	0.6632583258325833
SRR24650917	PRJNA974014	SAMN35159455	SRX20431021	CHOZN GS -/- ZFN Clone 23	PAIRED	cDNA	13500177	27775	17807	0.6411161116111611
SRR24650918	PRJNA974014	SAMN35159393	SRX20431020	CHOZN GS -/- ZFN Clone 23	PAIRED	cDNA	34494710	27775	19140	0.689108910891089
SRR24650919	PRJNA974014	SAMN35159394	SRX20431019	CHOZN GS -/- ZFN Clone 23	PAIRED	cDNA	41453442	27775	19692	0.708982898289829
SRR24650920	PRJNA974014	SAMN35159395	SRX20431018	CHOZN GS -/- ZFN Clone 23	PAIRED	cDNA	35968257	27775	20141	0.7251485148514851
SRR24650921	PRJNA974014	SAMN35159396	SRX20431017	CHOZN GS -/- ZFN Clone 23	PAIRED	cDNA	39800788	27775	20765	0.7476147614761476
SRR24650922	PRJNA974014	SAMN35159397	SRX20431016	CHOZN GS -/- ZFN Clone 23	PAIRED	cDNA	40005181	27775	19223	0.6920972097209721
SRR24650923	PRJNA974014	SAMN35159398	SRX20431015	CHOZN GS -/- ZFN Clone 23	PAIRED	cDNA	39553917	27775	17771	0.6398199819981998
SRR24650924	PRJNA974014	SAMN35159399	SRX20431014	CHOZN GS -/- ZFN Clone 23	PAIRED	cDNA	36648086	27775	21348	0.7686048604860486
SRR24650925	PRJNA974014	SAMN35159424	SRX20431013	CHOZN GS -/- ZFN Clone 23	PAIRED	cDNA	13752426	27775	15905	0.5726372637263727
SRR24650926	PRJNA974014	SAMN35159425	SRX20431012	CHOZN GS -/- ZFN Clone 23	PAIRED	cDNA	12594713	27775	15855	0.5708370837083708
SRR24650927	PRJNA974014	SAMN35159426	SRX20431011	CHOZN GS -/- ZFN Clone 23	PAIRED	cDNA	12632660	27775	15801	0.5688928892889289
SRR24650928	PRJNA974014	SAMN35159427	SRX20431010	CHOZN GS -/- ZFN Clone 23	PAIRED	cDNA	12779970	27775	15746	0.5669126912691269
SRR24650929	PRJNA974014	SAMN35159428	SRX20431009	CHOZN GS -/- ZFN Clone 23	PAIRED	cDNA	13780372	27775	15924	0.5733213321332133
SRR24650930	PRJNA974014	SAMN35159429	SRX20431008	CHOZN GS -/- ZFN Clone 23	PAIRED	cDNA	10823497	27775	15522	0.5588478847884788
SRR24650931	PRJNA974014	SAMN35159430	SRX20431007	CHOZN GS -/- ZFN Clone 23	PAIRED	cDNA	11627496	27775	15862	0.571089108910891
SRR24650932	PRJNA974014	SAMN35159431	SRX20431006	CHOZN GS -/- ZFN Clone 23	PAIRED	cDNA	11993141	27775	15644	0.5632403240324032
SRR24650933	PRJNA974014	SAMN35159456	SRX20431005	CHOZN GS -/- ZFN Clone 23	PAIRED	cDNA	13260417	27775	16363	0.5891269126912692
SRR24650934	PRJNA974014	SAMN35159457	SRX20431004	CHOZN GS -/- ZFN Clone 23	PAIRED	cDNA	12800190	27775	16823	0.6056885688568857
SRR24650935	PRJNA974014	SAMN35159458	SRX20431003	CHOZN GS -/- ZFN Clone 23	PAIRED	cDNA	13026814	27775	16641	0.5991359135913591
SRR24650936	PRJNA974014	SAMN35159459	SRX20431002	CHOZN GS -/- ZFN Clone 23	PAIRED	cDNA	12247690	27775	16657	0.5997119711971197
SRR24650937	PRJNA974014	SAMN35159460	SRX20431001	CHOZN GS -/- ZFN Clone 23	PAIRED	cDNA	12462965	27775	17738	0.6386318631863186
SRR24650938	PRJNA974014	SAMN35159461	SRX20431000	CHOZN GS -/- ZFN Clone 23	PAIRED	cDNA	10758282	27775	18752	0.6751395139513952
SRR24650939	PRJNA974014	SAMN35159462	SRX20430999	CHOZN GS -/- ZFN Clone 23	PAIRED	cDNA	12418197	27775	16982	0.6114131413141314
SRR24650940	PRJNA974014	SAMN35159463	SRX20430998	CHOZN GS -/- ZFN Clone 23	SINGLE	cDNA	13625397	27775	17430	0.6275427542754275
SRR24650941	PRJNA974014	SAMN35159400	SRX20430997	CHOZN GS -/- ZFN Clone 23	PAIRED	cDNA	38202321	27775	19931	0.7175877587758775
SRR24650942	PRJNA974014	SAMN35159401	SRX20430996	CHOZN GS -/- ZFN Clone 23	PAIRED	cDNA	35635729	27775	18393	0.6622142214221423
SRR24650943	PRJNA974014	SAMN35159402	SRX20430995	CHOZN GS -/- ZFN Clone 23	PAIRED	cDNA	42058248	27775	19709	0.7095949594959496
SRR24650944	PRJNA974014	SAMN35159403	SRX20430994	CHOZN GS -/- ZFN Clone 23	PAIRED	cDNA	40692663	27775	19170	0.6901890189018902
SRR24650945	PRJNA974014	SAMN35159404	SRX20430993	CHOZN GS -/- ZFN Clone 23	PAIRED	cDNA	41568931	27775	19428	0.6994779477947795
SRR24650946	PRJNA974014	SAMN35159405	SRX20430992	CHOZN GS -/- ZFN Clone 23	PAIRED	cDNA	40320922	27775	18637	0.670999099909991
SRR24650947	PRJNA974014	SAMN35159406	SRX20430991	CHOZN GS -/- ZFN Clone 23	PAIRED	cDNA	39925899	27775	20551	0.7399099909990999
SRR24650948	PRJNA974014	SAMN35159407	SRX20430990	CHOZN GS -/- ZFN Clone 23	PAIRED	cDNA	41970772	27775	20910	0.7528352835283528
SRR24650949	PRJNA974014	SAMN35159432	SRX20430989	CHOZN GS -/- ZFN Clone 23	PAIRED	cDNA	12155344	27775	15853	0.5707650765076507
SRR24650950	PRJNA974014	SAMN35159433	SRX20430988	CHOZN GS -/- ZFN Clone 23	PAIRED	cDNA	12992849	27775	15875	0.5715571557155715
SRR24650951	PRJNA974014	SAMN35159434	SRX20430987	CHOZN GS -/- ZFN Clone 23	PAIRED	cDNA	12112910	27775	15773	0.5678847884788479
SRR24650952	PRJNA974014	SAMN35159435	SRX20430986	CHOZN GS -/- ZFN Clone 23	PAIRED	cDNA	12331509	27775	15715	0.5657965796579658
SRR24650953	PRJNA974014	SAMN35159436	SRX20430985	CHOZN GS -/- ZFN Clone 23	PAIRED	cDNA	12183100	27775	15702	0.5653285328532853
SRR24650954	PRJNA974014	SAMN35159437	SRX20430984	CHOZN GS -/- ZFN Clone 23	PAIRED	cDNA	12347452	27775	15779	0.5681008100810081
SRR24650955	PRJNA974014	SAMN35159438	SRX20430983	CHOZN GS -/- ZFN Clone 23	PAIRED	cDNA	12450166	27775	15821	0.5696129612961296
SRR24650956	PRJNA974014	SAMN35159439	SRX20430982	CHOZN GS -/- ZFN Clone 23	PAIRED	cDNA	12112097	27775	15802	0.5689288928892889
SRR24650957	PRJNA974014	SAMN35159464	SRX20430981	CHOZN GS -/- ZFN Clone 23	PAIRED	cDNA	11923093	27775	17003	0.6121692169216921
SRR24650958	PRJNA974014	SAMN35159465	SRX20430980	CHOZN GS -/- ZFN Clone 23	PAIRED	cDNA	11937416	27775	17309	0.6231863186318631
SRR24650959	PRJNA974014	SAMN35159466	SRX20430979	CHOZN GS -/- ZFN Clone 23	PAIRED	cDNA	11358576	27775	16281	0.5861746174617462
SRR24650960	PRJNA974014	SAMN35159467	SRX20430978	CHOZN GS -/- ZFN Clone 23	PAIRED	cDNA	11553378	27775	17215	0.6198019801980198
SRR24650961	PRJNA974014	SAMN35159468	SRX20430977	CHOZN GS -/- ZFN Clone 23	PAIRED	cDNA	10655610	27775	16305	0.587038703870387
SRR24650962	PRJNA974014	SAMN35159469	SRX20430976	CHOZN GS -/- ZFN Clone 23	PAIRED	cDNA	10831644	27775	16185	0.5827182718271827
SRR24650963	PRJNA974014	SAMN35159470	SRX20430975	CHOZN GS -/- ZFN Clone 23	PAIRED	cDNA	11742885	27775	17168	0.6181098109810981
SRR24650964	PRJNA974014	SAMN35159471	SRX20430974	CHOZN GS -/- ZFN Clone 23	PAIRED	cDNA	13582124	27775	16892	0.6081728172817281
SRR24650965	PRJNA974014	SAMN35159408	SRX20430973	CHOZN GS -/- ZFN Clone 23	PAIRED	cDNA	36505363	27775	21127	0.7606480648064806
SRR24650966	PRJNA974014	SAMN35159409	SRX20430972	CHOZN GS -/- ZFN Clone 23	PAIRED	cDNA	11130649	27775	15618	0.5623042304230423
SRR24650967	PRJNA974014	SAMN35159410	SRX20430971	CHOZN GS -/- ZFN Clone 23	PAIRED	cDNA	9839346	27775	15408	0.5547434743474348
SRR24650968	PRJNA974014	SAMN35159411	SRX20430970	CHOZN GS -/- ZFN Clone 23	PAIRED	cDNA	10583508	27775	15466	0.5568316831683169
SRR24650969	PRJNA974014	SAMN35159412	SRX20430969	CHOZN GS -/- ZFN Clone 23	PAIRED	cDNA	11197163	27775	15682	0.5646084608460846
SRR24650970	PRJNA974014	SAMN35159413	SRX20430968	CHOZN GS -/- ZFN Clone 23	PAIRED	cDNA	10176745	27775	15545	0.5596759675967596
SRR24650971	PRJNA974014	SAMN35159414	SRX20430967	CHOZN GS -/- ZFN Clone 23	PAIRED	cDNA	10534640	27775	15475	0.5571557155715572
SRR24650972	PRJNA974014	SAMN35159415	SRX20430966	CHOZN GS -/- ZFN Clone 23	PAIRED	cDNA	10267634	27775	15491	0.5577317731773177
SRR24650973	PRJNA974014	SAMN35159440	SRX20430965	CHOZN GS -/- ZFN Clone 23	PAIRED	cDNA	13046722	27775	15896	0.5723132313231323
SRR24650974	PRJNA974014	SAMN35159441	SRX20430964	CHOZN GS -/- ZFN Clone 23	PAIRED	cDNA	13447555	27775	15974	0.5751215121512151
SRR24650975	PRJNA974014	SAMN35159442	SRX20430963	CHOZN GS -/- ZFN Clone 23	PAIRED	cDNA	13515433	27775	15989	0.5756615661566157
SRR24650976	PRJNA974014	SAMN35159443	SRX20430962	CHOZN GS -/- ZFN Clone 23	PAIRED	cDNA	15207013	27775	16082	0.579009900990099
SRR24650977	PRJNA974014	SAMN35159444	SRX20430961	CHOZN GS -/- ZFN Clone 23	PAIRED	cDNA	12701447	27775	15761	0.5674527452745275
SRR24650978	PRJNA974014	SAMN35159445	SRX20430960	CHOZN GS -/- ZFN Clone 23	PAIRED	cDNA	14716461	27775	16086	0.5791539153915392
SRR24650979	PRJNA974014	SAMN35159446	SRX20430959	CHOZN GS -/- ZFN Clone 23	PAIRED	cDNA	11529718	27775	15712	0.5656885688568857
SRR24650980	PRJNA974014	SAMN35159447	SRX20430958	CHOZN GS -/- ZFN Clone 23	PAIRED	cDNA	13571296	27775	15878	0.5716651665166517
SRR24650981	PRJNA974014	SAMN35159472	SRX20430957	CHOZN GS -/- ZFN Clone 23	PAIRED	cDNA	11069271	27775	17523	0.6308910891089109
SRR24650982	PRJNA974014	SAMN35159473	SRX20430956	CHOZN GS -/- ZFN Clone 23	PAIRED	cDNA	10619866	27775	17266	0.6216381638163816
SRR24650983	PRJNA974014	SAMN35159474	SRX20430955	CHOZN GS -/- ZFN Clone 23	PAIRED	cDNA	10415913	27775	16445	0.592079207920792
SRR24650984	PRJNA974014	SAMN35159475	SRX20430954	CHOZN GS -/- ZFN Clone 23	PAIRED	cDNA	10422686	27775	17701	0.6372997299729973
SRR24650985	PRJNA974014	SAMN35159476	SRX20430953	CHOZN GS -/- ZFN Clone 23	PAIRED	cDNA	10272993	27775	16616	0.5982358235823583
SRR24650986	PRJNA974014	SAMN35159477	SRX20430952	CHOZN GS -/- ZFN Clone 23	PAIRED	cDNA	10426696	27775	16371	0.5894149414941494
SRR24650987	PRJNA974014	SAMN35159478	SRX20430951	CHOZN GS -/- ZFN Clone 23	PAIRED	cDNA	10248449	27775	16532	0.5952115211521152
SRR24650988	PRJNA974014	SAMN35159479	SRX20430950	CHOZN GS -/- ZFN Clone 23	PAIRED	cDNA	12947332	27775	16803	0.604968496849685
SRR24650989	PRJNA974014	SAMN35159480	SRX20430949	CHOZN GS -/- ZFN Clone 23	PAIRED	cDNA	13926364	27775	17370	0.6253825382538254
SRR24650990	PRJNA974014	SAMN35159481	SRX20430948	CHOZN GS -/- ZFN Clone 23	PAIRED	cDNA	13025651	27775	18868	0.6793159315931593
SRR24650991	PRJNA974014	SAMN35159482	SRX20430947	CHOZN GS -/- ZFN Clone 23	PAIRED	cDNA	13054430	27775	17414	0.626966696669667
SRR24650992	PRJNA974014	SAMN35159483	SRX20430946	CHOZN GS -/- ZFN Clone 23	PAIRED	cDNA	13383697	27775	17129	0.6167056705670567
SRR24650993	PRJNA974014	SAMN35159484	SRX20430945	CHOZN GS -/- ZFN Clone 23	PAIRED	cDNA	12185914	27775	17358	0.624950495049505
SRR24650994	PRJNA974014	SAMN35159485	SRX20430944	CHOZN GS -/- ZFN Clone 23	PAIRED	cDNA	12459517	27775	17841	0.6423402340234023
SRR24650995	PRJNA974014	SAMN35159486	SRX20430943	CHOZN GS -/- ZFN Clone 23	PAIRED	cDNA	14437306	27775	17927	0.6454365436543654
SRR24650996	PRJNA974014	SAMN35159487	SRX20430942	CHOZN GS -/- ZFN Clone 23	PAIRED	cDNA	13110944	27775	16892	0.6081728172817281
SRR24650997	PRJNA974014	SAMN35159416	SRX20431036	CHOZN GS -/- ZFN Clone 23	PAIRED	cDNA	12676139	27775	15897	0.5723492349234923
SRR24650998	PRJNA974014	SAMN35159417	SRX20431035	CHOZN GS -/- ZFN Clone 23	PAIRED	cDNA	14411209	27775	16189	0.5828622862286229
SRR24650999	PRJNA974014	SAMN35159418	SRX20431034	CHOZN GS -/- ZFN Clone 23	PAIRED	cDNA	12740301	27775	15820	0.5695769576957695
SRR24651000	PRJNA974014	SAMN35159419	SRX20431033	CHOZN GS -/- ZFN Clone 23	PAIRED	cDNA	14733837	27775	16129	0.5807020702070207
SRR24651001	PRJNA974014	SAMN35159420	SRX20431032	CHOZN GS -/- ZFN Clone 23	PAIRED	cDNA	13490678	27775	15964	0.5747614761476147
SRR24651002	PRJNA974014	SAMN35159421	SRX20431031	CHOZN GS -/- ZFN Clone 23	PAIRED	cDNA	13135153	27775	15826	0.5697929792979298
SRR24651003	PRJNA974014	SAMN35159422	SRX20431030	CHOZN GS -/- ZFN Clone 23	PAIRED	cDNA	13522216	27775	16023	0.5768856885688569
SRR24651004	PRJNA974014	SAMN35159423	SRX20431029	CHOZN GS -/- ZFN Clone 23	PAIRED	cDNA	13134999	27775	15932	0.5736093609360936
SRR25184716	PRJNA992436	SAMN36352946	SRX20932350		PAIRED	Oligo-dT	17768547	27775	16396	0.5903150315031503
SRR25184717	PRJNA992436	SAMN36352946	SRX20932349		PAIRED	Oligo-dT	20922671	27775	16100	0.5796579657965797
SRR25184718	PRJNA992436	SAMN36352946	SRX20932348		PAIRED	Oligo-dT	18736100	27775	14652	0.5275247524752475
SRR25184719	PRJNA992436	SAMN36352946	SRX20932347		PAIRED	Oligo-dT	21038383	27775	15296	0.5507110711071107
SRR25184720	PRJNA992436	SAMN36352946	SRX20932346		PAIRED	Oligo-dT	19762502	27775	16034	0.5772817281728173
SRR25184721	PRJNA992436	SAMN36352946	SRX20932345		PAIRED	Oligo-dT	18343256	27775	15872	0.5714491449144915
SRR28349048	PRJNA1088164	SAMN40463204	SRX23955098		PAIRED	PCR	62592408	27775	17030	0.6131413141314132
SRR28349051	PRJNA1088164	SAMN40463201	SRX23955095		PAIRED	PCR	67353552	27775	17368	0.6253105310531053
SRR28349055	PRJNA1088164	SAMN40463197	SRX23955091		PAIRED	PCR	62823698	27775	17492	0.6297749774977498
SRR28349056	PRJNA1088164	SAMN40463210	SRX23955090		PAIRED	PCR	70570356	27775	17137	0.616993699369937
SRR28349060	PRJNA1088164	SAMN40463206	SRX23955086		PAIRED	PCR	63118645	27775	17301	0.6228982898289829
SRR28349062	PRJNA1088164	SAMN40463196	SRX23955084		PAIRED	PCR	50637505	27775	17110	0.6160216021602161
SRR28349063	PRJNA1088164	SAMN40463195	SRX23955083		PAIRED	PCR	57530763	27775	17327	0.6238343834383439
SRR28413170	PRJNA1090557	SAMN40570597	SRX24017562		PAIRED	PCR	18001520	27775	15683	0.5646444644464447
SRR28413171	PRJNA1090557	SAMN40570596	SRX24017561		PAIRED	PCR	17914168	27775	15398	0.5543834383438344
SRR2922597	PRJNA302601	SAMN04275174	SRX1436207	CHO-K1	SINGLE	cDNA	11302568	27775	17330	0.623942394239424
SRR2922598	PRJNA302601	SAMN04275175	SRX1436208	CHO-K1	SINGLE	cDNA	6663025	27775	16608	0.5979477947794779
SRR2922599	PRJNA302601	SAMN04275176	SRX1436209	CHO-K1	SINGLE	cDNA	9448336	27775	17391	0.6261386138613861
SRR2922600	PRJNA302601	SAMN04275177	SRX1436210	CHO-K1	SINGLE	cDNA	8685649	27775	17334	0.6240864086408641
SRR2922601	PRJNA302601	SAMN04275178	SRX1436211	CHO-K1	SINGLE	cDNA	10347901	27775	17630	0.6347434743474347
SRR2922602	PRJNA302601	SAMN04275179	SRX1436212	CHO-K1	SINGLE	cDNA	8650309	27775	17540	0.6315031503150315
SRR2922603	PRJNA302601	SAMN04275180	SRX1436213	CHO-K1	SINGLE	cDNA	13383720	27775	18101	0.6517011701170117
SRR2922604	PRJNA302601	SAMN04275181	SRX1436214	CHO-K1	SINGLE	cDNA	7786141	27775	17935	0.6457245724572457
SRR2922605	PRJNA302601	SAMN04275182	SRX1436215	CHO-K1	SINGLE	cDNA	12257277	27775	17430	0.6275427542754275
SRR2922606	PRJNA302601	SAMN04275183	SRX1436216	CHO-K1	SINGLE	cDNA	14339975	27775	17273	0.6218901890189019
SRR29441690	PRJNA1123849	SAMN41829164	SRX24954114	CHO-K1	PAIRED	PCR	21059996	27775	17821	0.6416201620162016
SRR29441691	PRJNA1123849	SAMN41829163	SRX24954113	CHO-K1	PAIRED	PCR	19805025	27775	17966	0.6468406840684069
SRR29441692	PRJNA1123849	SAMN41829162	SRX24954112	CHO-K1	PAIRED	PCR	21965760	27775	18318	0.6595139513951395
SRR29441693	PRJNA1123849	SAMN41829161	SRX24954111	CHO-K1	PAIRED	PCR	22119524	27775	18080	0.6509450945094509
SRR29441694	PRJNA1123849	SAMN41829160	SRX24954110	CHO-K1	PAIRED	PCR	19962763	27775	18044	0.6496489648964896
SRR29441695	PRJNA1123849	SAMN41829159	SRX24954109	CHO-K1	PAIRED	PCR	25016373	27775	18415	0.663006300630063
SRR29441696	PRJNA1123849	SAMN41829158	SRX24954108	CHO-K1	PAIRED	PCR	25393981	27775	18295	0.6586858685868587
SRR29441697	PRJNA1123849	SAMN41829157	SRX24954107	CHO-K1	PAIRED	PCR	22753417	27775	17807	0.6411161116111611
SRR29441698	PRJNA1123849	SAMN41829166	SRX24954106	CHO-K1	PAIRED	PCR	18240038	27775	17616	0.6342394239423942
SRR29441699	PRJNA1123849	SAMN41829165	SRX24954105	CHO-K1	PAIRED	PCR	21992650	27775	17288	0.6224302430243024
SRR29441700	PRJNA1123849	SAMN41829156	SRX24954104	CHO-K1	PAIRED	PCR	20799382	27775	17948	0.6461926192619262
SRR29441701	PRJNA1123849	SAMN41829155	SRX24954103	CHO-K1	PAIRED	PCR	20379564	27775	17495	0.6298829882988299
SRR29672912	PRJNA1130622	SAMN42212541	SRX25176403	rCHO DP-12	PAIRED	cDNA_oligo_dT	18979906	27775	17374	0.6255265526552656
SRR29672913	PRJNA1130622	SAMN42212540	SRX25176402	rCHO DP-12	PAIRED	cDNA_oligo_dT	21218087	27775	17546	0.6317191719171917
SRR29672921	PRJNA1130622	SAMN42212557	SRX25176394	CHO dhFr-	PAIRED	cDNA_oligo_dT	15803772	27775	16312	0.5872907290729072
SRR29672924	PRJNA1130622	SAMN42212553	SRX25176390	rCHO DP-12	PAIRED	cDNA_oligo_dT	13815164	27775	15627	0.5626282628262826
SRR29672926	PRJNA1130622	SAMN42212550	SRX25176387	rCHO DP-12	PAIRED	cDNA_oligo_dT	17975059	27775	16021	0.5768136813681368
SRR29672927	PRJNA1130622	SAMN42212551	SRX25176386	rCHO DP-12	PAIRED	cDNA_oligo_dT	14956116	27775	15859	0.570981098109811
SRR29672928	PRJNA1130622	SAMN42212552	SRX25176389	rCHO DP-12	PAIRED	cDNA_oligo_dT	18569686	27775	16120	0.5803780378037804
SRR29672929	PRJNA1130622	SAMN42212554	SRX25176391	rCHO DP-12	PAIRED	cDNA_oligo_dT	15204236	27775	16212	0.5836903690369037
SRR29672930	PRJNA1130622	SAMN42212549	SRX25176385	rCHO DP-12	PAIRED	cDNA_oligo_dT	15483491	27775	16441	0.591935193519352
SRR29672931	PRJNA1130622	SAMN42212547	SRX25176383	rCHO DP-12	PAIRED	cDNA_oligo_dT	21264134	27775	17257	0.6213141314131413
SRR29672932	PRJNA1130622	SAMN42212545	SRX25176381	CHO K1-PF	PAIRED	cDNA_oligo_dT	22480564	27775	17656	0.6356795679567957
SRR29672934	PRJNA1130622	SAMN42212542	SRX25176378	CHO K1-PF	PAIRED	cDNA_oligo_dT	13040216	27775	16955	0.6104410441044105
SRR29672936	PRJNA1130622	SAMN42212546	SRX25176382	rCHO DP-12	PAIRED	cDNA_oligo_dT	14309900	27775	16757	0.6033123312331233
SRR29672939	PRJNA1130622	SAMN42212532	SRX25176376	rCHO DP-12	PAIRED	cDNA_oligo_dT	19596041	27775	17058	0.6141494149414941
SRR2968323	PRJNA304606	SAMN04305210	SRX1457795		PAIRED	cDNA	37126906	27775	17315	0.6234023402340234
SRR2968324	PRJNA304606	SAMN04305211	SRX1457796		PAIRED	cDNA	30938827	27775	17063	0.6143294329432943
SRR2968325	PRJNA304606	SAMN04305212	SRX1457797		PAIRED	cDNA	22809197	27775	15813	0.5693249324932493
SRR2968326	PRJNA304606	SAMN04305213	SRX1457798		PAIRED	cDNA	23912985	27775	15970	0.574977497749775
SRR2968327	PRJNA304606	SAMN04305214	SRX1457799		PAIRED	cDNA	26441348	27775	15922	0.5732493249324933
SRR2968328	PRJNA304606	SAMN04305215	SRX1457800		PAIRED	cDNA	29209462	27775	16065	0.5783978397839784
SRR3161757	PRJNA311594	SAMN04501027	SRX1570960	CHO-S	PAIRED	cDNA	13290253	27775	15400	0.5544554455445545
SRR3161758	PRJNA311594	SAMN04501028	SRX1570961	CHO-S	PAIRED	cDNA	14132687	27775	15264	0.5495589558955896
SRR3161759	PRJNA311594	SAMN04501029	SRX1570962	CHO-S	PAIRED	cDNA	14227589	27775	15433	0.5556435643564357
SRR3161760	PRJNA311594	SAMN04501030	SRX1570963	CHO-S	PAIRED	cDNA	13982730	27775	15402	0.5545274527452745
SRR3161761	PRJNA311594	SAMN04501031	SRX1570964	CHO-S	PAIRED	cDNA	12780901	27775	15417	0.5550675067506751
SRR3161762	PRJNA311594	SAMN04501032	SRX1570965	CHO-S	PAIRED	cDNA	13138465	27775	15318	0.5515031503150315
SRR3161763	PRJNA311594	SAMN04501033	SRX1570966	CHO-S	PAIRED	cDNA	13091738	27775	15409	0.5547794779477948
SRR3161764	PRJNA311594	SAMN04501034	SRX1570967	CHO-S	PAIRED	cDNA	13507485	27775	15236	0.5485508550855086
SRR3161765	PRJNA311594	SAMN04501035	SRX1570968	CHO-S	PAIRED	cDNA	14380484	27775	15377	0.5536273627362737
SRR3161766	PRJNA311594	SAMN04501036	SRX1570969	CHO-S	PAIRED	cDNA	17264266	27775	15603	0.5617641764176418
SRR3161767	PRJNA311594	SAMN04501037	SRX1570970	CHO-S	PAIRED	cDNA	15323240	27775	15594	0.5614401440144015
SRR3161768	PRJNA311594	SAMN04501038	SRX1570971	CHO-S	PAIRED	cDNA	14490279	27775	15365	0.5531953195319532
SRR3161769	PRJNA311594	SAMN04501039	SRX1570972	CHO-S	PAIRED	cDNA	16623552	27775	15755	0.5672367236723672
SRR3161770	PRJNA311594	SAMN04501040	SRX1570973	CHO-S	PAIRED	cDNA	15646105	27775	15491	0.5577317731773177
SRR3161771	PRJNA311594	SAMN04501041	SRX1570974	CHO-S	PAIRED	cDNA	15435984	27775	15621	0.5624122412241224
SRR3161772	PRJNA311594	SAMN04501042	SRX1570975	CHO-S	PAIRED	cDNA	14518913	27775	15438	0.5558235823582358
SRR3161773	PRJNA311594	SAMN04501043	SRX1570976	CHO-S	PAIRED	cDNA	15053403	27775	15650	0.5634563456345635
SRR3161774	PRJNA311594	SAMN04501044	SRX1570977	CHO-S	PAIRED	cDNA	16755211	27775	15846	0.5705130513051305
SRR3161775	PRJNA311594	SAMN04501045	SRX1570978	CHO-S	PAIRED	cDNA	17176068	27775	15796	0.5687128712871287
SRR3161776	PRJNA311594	SAMN04501046	SRX1570979	CHO-S	PAIRED	cDNA	16390303	27775	15856	0.5708730873087309
SRR3161777	PRJNA311594	SAMN04501047	SRX1570980	CHO-S	PAIRED	cDNA	15016252	27775	15537	0.5593879387938794
SRR3161778	PRJNA311594	SAMN04501048	SRX1570981	CHO-S	PAIRED	cDNA	14856637	27775	15683	0.5646444644464447
SRR3161779	PRJNA311594	SAMN04501049	SRX1570982	CHO-S	PAIRED	cDNA	12898248	27775	15468	0.5569036903690369
SRR3161780	PRJNA311594	SAMN04501050	SRX1570983	CHO-S	PAIRED	cDNA	12276019	27775	15301	0.5508910891089109
SRR3161781	PRJNA311594	SAMN04501051	SRX1570984	CHO-S	PAIRED	cDNA	16955033	27775	15862	0.571089108910891
SRR3161782	PRJNA311594	SAMN04501052	SRX1570985	CHO-S	PAIRED	cDNA	16731485	27775	16022	0.5768496849684969
SRR3161783	PRJNA311594	SAMN04501053	SRX1570986	CHO-S	PAIRED	cDNA	16511681	27775	15712	0.5656885688568857
SRR3161784	PRJNA311594	SAMN04501054	SRX1570987	CHO-S	PAIRED	cDNA	16351056	27775	15688	0.5648244824482448
SRR3161785	PRJNA311594	SAMN04501055	SRX1570988	CHO-S	PAIRED	cDNA	13543691	27775	15757	0.5673087308730873
SRR3161786	PRJNA311594	SAMN04501056	SRX1570989	CHO-S	PAIRED	cDNA	18090128	27775	15926	0.5733933393339334
SRR3161787	PRJNA311594	SAMN04501057	SRX1570990	CHO-S	PAIRED	cDNA	17105799	27775	15929	0.5735013501350135
SRR3161788	PRJNA311594	SAMN04501058	SRX1570991	CHO-S	PAIRED	cDNA	15731354	27775	15479	0.5572997299729973
SRR3161789	PRJNA311594	SAMN04501059	SRX1570992	CHO-S	PAIRED	cDNA	13842009	27775	15396	0.5543114311431143
SRR3161790	PRJNA311594	SAMN04501060	SRX1570993	CHO-S	PAIRED	cDNA	14283735	27775	15350	0.5526552655265526
SRR3161791	PRJNA311594	SAMN04501061	SRX1570994	CHO-S	PAIRED	cDNA	15306889	27775	15473	0.5570837083708371
SRR3161792	PRJNA311594	SAMN04501062	SRX1570995	CHO-S	PAIRED	cDNA	13290215	27775	15574	0.5607200720072008
SRR3161793	PRJNA311594	SAMN04501063	SRX1570996	CHO-S	PAIRED	cDNA	15230405	27775	15618	0.5623042304230423
SRR3161794	PRJNA311594	SAMN04501064	SRX1570997	CHO-S	PAIRED	cDNA	14854841	27775	15589	0.5612601260126012
SRR3161795	PRJNA311594	SAMN04501065	SRX1570998	CHO-S	PAIRED	cDNA	14720727	27775	15623	0.5624842484248425
SRR3161796	PRJNA311594	SAMN04501066	SRX1570999	CHO-S	PAIRED	cDNA	12169301	27775	15330	0.5519351935193519
SRR3284443	PRJNA316065	SAMN04574676	SRX1655601		SINGLE	cDNA	8804257	27775	16585	0.5971197119711971
SRR3284444	PRJNA316065	SAMN04574676	SRX1655601		SINGLE	cDNA	8657343	27775	16605	0.5978397839783979
SRR3284445	PRJNA316065	SAMN04574677	SRX1655602		SINGLE	cDNA	9496792	27775	16631	0.5987758775877587
SRR3284446	PRJNA316065	SAMN04574677	SRX1655602		SINGLE	cDNA	9572372	27775	16732	0.6024122412241224
SRR3284447	PRJNA316065	SAMN04574678	SRX1655603		SINGLE	cDNA	5845945	27775	16091	0.5793339333933394
SRR3284448	PRJNA316065	SAMN04574678	SRX1655603		SINGLE	cDNA	5881635	27775	16175	0.5823582358235824
SRR3284455	PRJNA316065	SAMN04574682	SRX1655607		SINGLE	cDNA	7804643	27775	16383	0.5898469846984699
SRR3284456	PRJNA316065	SAMN04574682	SRX1655607		SINGLE	cDNA	7653689	27775	16359	0.588982898289829
SRR3284457	PRJNA316065	SAMN04574683	SRX1655608		SINGLE	cDNA	7146576	27775	16038	0.5774257425742574
SRR3284458	PRJNA316065	SAMN04574683	SRX1655608		SINGLE	cDNA	7005216	27775	16035	0.5773177317731774
SRR3284459	PRJNA316065	SAMN04574684	SRX1655609		SINGLE	cDNA	6385861	27775	15584	0.5610801080108011
SRR3284460	PRJNA316065	SAMN04574684	SRX1655609		SINGLE	cDNA	6287232	27775	15572	0.5606480648064807
SRR33198151	PRJNA1252143	SAMN48037637	SRX28445686	CHO-S	PAIRED	cDNA	19103841	27775	15682	0.5646084608460846
SRR33198152	PRJNA1252143	SAMN48037638	SRX28445685	CHO-S	PAIRED	cDNA	18751408	27775	15607	0.5619081908190819
SRR33198153	PRJNA1252143	SAMN48037639	SRX28445684	CHO-S	PAIRED	cDNA	16617672	27775	15625	0.5625562556255626
SRR33198154	PRJNA1252143	SAMN48037640	SRX28445683	CHO-S	PAIRED	cDNA	24246500	27775	16283	0.5862466246624662
SRR33198155	PRJNA1252143	SAMN48037641	SRX28445682	CHO-S	PAIRED	cDNA	17052181	27775	15899	0.5724212421242124
SRR33198156	PRJNA1252143	SAMN48037643	SRX28445680	CHO-S	PAIRED	cDNA	18394447	27775	15904	0.5726012601260126
SRR33198157	PRJNA1252143	SAMN48037644	SRX28445679	CHO-S	PAIRED	cDNA	20908134	27775	16200	0.5832583258325833
SRR33198158	PRJNA1252143	SAMN48037645	SRX28445678	CHO-S	PAIRED	cDNA	25016645	27775	16407	0.5907110711071107
SRR33198159	PRJNA1252143	SAMN48037642	SRX28445681	CHO-S	PAIRED	cDNA	18468100	27775	16063	0.5783258325832583
SRR33198160	PRJNA1252143	SAMN48037646	SRX28445677	CHO-S	PAIRED	cDNA	18672744	27775	15627	0.5626282628262826
SRR33198161	PRJNA1252143	SAMN48037647	SRX28445676	CHO-S	PAIRED	cDNA	22822960	27775	15581	0.560972097209721
SRR33198162	PRJNA1252143	SAMN48037648	SRX28445675	CHO-S	PAIRED	cDNA	19761435	27775	15657	0.5637083708370837
SRR33198163	PRJNA1252143	SAMN48037649	SRX28445674	CHO-S	PAIRED	cDNA	20820643	27775	15798	0.5687848784878488
SRR33198164	PRJNA1252143	SAMN48037650	SRX28445673	CHO-S	PAIRED	cDNA	20503897	27775	15748	0.566984698469847
SRR33198165	PRJNA1252143	SAMN48037651	SRX28445672	CHO-S	PAIRED	cDNA	20363310	27775	15667	0.564068406840684
SRR33198166	PRJNA1252143	SAMN48037652	SRX28445671	CHO-S	PAIRED	cDNA	18689172	27775	15842	0.5703690369036903
SRR33198167	PRJNA1252143	SAMN48037653	SRX28445670	CHO-S	PAIRED	cDNA	19571769	27775	15948	0.5741854185418542
SRR33198168	PRJNA1252143	SAMN48037654	SRX28445669	CHO-S	PAIRED	cDNA	19869684	27775	15973	0.575085508550855
SRR33309095	PRJNA1254963	SAMN48140364	SRX28553915	CHO-S	PAIRED	cDNA	21945684	27775	16574	0.5967236723672367
SRR33309096	PRJNA1254963	SAMN48140365	SRX28553914	CHO-S	PAIRED	cDNA	29339764	27775	16955	0.6104410441044105
SRR33309097	PRJNA1254963	SAMN48140366	SRX28553913	CHO-S	PAIRED	cDNA	19436592	27775	16449	0.5922232223222322
SRR33309098	PRJNA1254963	SAMN48140367	SRX28553912	CHO-S	PAIRED	cDNA	15772535	27775	15774	0.5679207920792079
SRR33309099	PRJNA1254963	SAMN48140368	SRX28553911	CHO-S	PAIRED	cDNA	16811167	27775	15887	0.571989198919892
SRR33309100	PRJNA1254963	SAMN48140369	SRX28553910	CHO-S	PAIRED	cDNA	19158564	27775	16087	0.5791899189918992
SRR33309101	PRJNA1254963	SAMN48140370	SRX28553909	CHO-S	PAIRED	cDNA	24190929	27775	16299	0.5868226822682269
SRR33309102	PRJNA1254963	SAMN48140371	SRX28553908	CHO-S	PAIRED	cDNA	19742739	27775	15974	0.5751215121512151
SRR33309103	PRJNA1254963	SAMN48140372	SRX28553907	CHO-S	PAIRED	cDNA	25643760	27775	16379	0.5897029702970297
SRR33309104	PRJNA1254963	SAMN48140374	SRX28553905	CHO-S	PAIRED	cDNA	25471915	27775	16053	0.577965796579658
SRR33309105	PRJNA1254963	SAMN48140375	SRX28553904	CHO-S	PAIRED	cDNA	23233901	27775	15874	0.5715211521152115
SRR33309106	PRJNA1254963	SAMN48140376	SRX28553903	CHO-S	PAIRED	cDNA	18596328	27775	16028	0.577065706570657
SRR33309107	PRJNA1254963	SAMN48140373	SRX28553906	CHO-S	PAIRED	cDNA	21301661	27775	15793	0.5686048604860486
SRR33309108	PRJNA1254963	SAMN48140377	SRX28553902	CHO-S	PAIRED	cDNA	20727733	27775	16294	0.5866426642664266
SRR33309109	PRJNA1254963	SAMN48140378	SRX28553901	CHO-S	PAIRED	cDNA	22437456	27775	16366	0.5892349234923492
SRR33309110	PRJNA1254963	SAMN48140379	SRX28553900	CHO-S	PAIRED	cDNA	22304787	27775	16335	0.5881188118811881
SRR33309111	PRJNA1254963	SAMN48140380	SRX28553899	CHO-S	PAIRED	cDNA	22611968	27775	16347	0.5885508550855085
SRR33309112	PRJNA1254963	SAMN48140382	SRX28553897	CHO-S	PAIRED	cDNA	22272452	27775	15956	0.5744734473447345
SRR33309113	PRJNA1254963	SAMN48140383	SRX28553896	CHO-S	PAIRED	cDNA	19602291	27775	15833	0.57004500450045
SRR33309114	PRJNA1254963	SAMN48140384	SRX28553895	CHO-S	PAIRED	cDNA	25992487	27775	16115	0.5801980198019802
SRR33309115	PRJNA1254963	SAMN48140381	SRX28553898	CHO-S	PAIRED	cDNA	25277782	27775	16549	0.5958235823582358
SRR33309116	PRJNA1254963	SAMN48140385	SRX28553894	CHO-S	PAIRED	cDNA	20288306	27775	16178	0.5824662466246625
SRR33309117	PRJNA1254963	SAMN48140386	SRX28553893	CHO-S	PAIRED	cDNA	22054096	27775	16276	0.585994599459946
SRR33309118	PRJNA1254963	SAMN48140387	SRX28553892	CHO-S	PAIRED	cDNA	25641230	27775	16482	0.5934113411341134
SRR33309119	PRJNA1254963	SAMN48140388	SRX28553891	CHO-S	PAIRED	cDNA	25340048	27775	16944	0.6100450045004501
SRR33309120	PRJNA1254963	SAMN48140390	SRX28553889	CHO-S	PAIRED	cDNA	24326815	27775	16888	0.608028802880288
SRR33309121	PRJNA1254963	SAMN48140391	SRX28553888	CHO-S	PAIRED	cDNA	20595913	27775	16452	0.5923312331233124
SRR33309122	PRJNA1254963	SAMN48140392	SRX28553887	CHO-S	PAIRED	cDNA	15473198	27775	16075	0.5787578757875788
SRR33309123	PRJNA1254963	SAMN48140389	SRX28553890	CHO-S	PAIRED	cDNA	17020929	27775	16395	0.5902790279027903
SRR33309124	PRJNA1254963	SAMN48140393	SRX28553886	CHO-S	PAIRED	cDNA	21225545	27775	16565	0.5963996399639964
SRR33309125	PRJNA1254963	SAMN48140394	SRX28553885	CHO-S	PAIRED	cDNA	31969576	27775	16142	0.5811701170117012
SRR33309126	PRJNA1254963	SAMN48140395	SRX28553884	CHO-S	PAIRED	cDNA	26792077	27775	15965	0.5747974797479748
SRR33309127	PRJNA1254963	SAMN48140396	SRX28553883	CHO-S	PAIRED	cDNA	26011389	27775	16005	0.5762376237623762
SRR3401399	PRJNA318741	SAMN04867124	SRX1712536	CHO-K1	PAIRED	unspecified	14913271	27775	16641	0.5991359135913591
SRR3401401	PRJNA318741	SAMN04867128	SRX1712537	CHO-K1	PAIRED	unspecified	16660030	27775	17369	0.6253465346534653
SRR3401745	PRJNA318886	SAMN04869813	SRX1712689	CHO-K1	PAIRED	unspecified	14913271	27775	16641	0.5991359135913591
SRR3401746	PRJNA318886	SAMN04869814	SRX1712691	CHO-K1	PAIRED	unspecified	16660030	27775	17369	0.6253465346534653
SRR3401747	PRJNA318886	SAMN04869815	SRX1712692	CHO DG44 IgG	PAIRED	unspecified	15886260	27775	18414	0.662970297029703
SRR3401748	PRJNA318886	SAMN04869816	SRX1712693	CHO DG44 IgG	PAIRED	unspecified	13777768	27775	18189	0.6548694869486948
SRR3401749	PRJNA318886	SAMN04869817	SRX1712694	CHO DG44 IgG	PAIRED	unspecified	14821343	27775	19163	0.6899369936993699
SRR3401750	PRJNA318886	SAMN04869818	SRX1712695	CHO DG44 IgG	PAIRED	unspecified	14716976	27775	19732	0.7104230423042304
SRR3401751	PRJNA318886	SAMN04869819	SRX1712696	CHO DG44 IgG	PAIRED	unspecified	16070738	27775	18428	0.6634743474347434
SRR3401752	PRJNA318886	SAMN04869820	SRX1712697	CHO DG44 IgG	PAIRED	unspecified	14581736	27775	18533	0.6672547254725473
SRR35653646	PRJNA1335855	SAMN52025842	SRX30705858		PAIRED	cDNA	18942023	27775	15474	0.5571197119711971
SRR35653647	PRJNA1335855	SAMN52025842	SRX30705857		PAIRED	cDNA	17651105	27775	15383	0.5538433843384338
SRR35653648	PRJNA1335855	SAMN52025842	SRX30705856		PAIRED	cDNA	17294890	27775	15381	0.5537713771377137
SRR35653649	PRJNA1335855	SAMN52025841	SRX30705855		PAIRED	cDNA	16731580	27775	15414	0.5549594959495949
SRR35653650	PRJNA1335855	SAMN52025841	SRX30705854		PAIRED	cDNA	15719917	27775	15391	0.5541314131413141
SRR35653651	PRJNA1335855	SAMN52025841	SRX30705853		PAIRED	cDNA	18077453	27775	15561	0.5602520252025203
SRR35653652	PRJNA1335855	SAMN52025840	SRX30705852		PAIRED	cDNA	17070910	27775	15455	0.5564356435643565
SRR35653653	PRJNA1335855	SAMN52025840	SRX30705851		PAIRED	cDNA	18048632	27775	15556	0.56007200720072
SRR35653654	PRJNA1335855	SAMN52025840	SRX30705850		PAIRED	cDNA	17449708	27775	15528	0.5590639063906391
SRR36222935	PRJNA1363687	SAMN53215357	SRX31259000	CHO-K1	PAIRED	RANDOM	49632015	27775	18695	0.6730873087308731
SRR36222936	PRJNA1363687	SAMN53215356	SRX31258999	CHO-K1	PAIRED	RANDOM	35871152	27775	18548	0.6677947794779477
SRR36222937	PRJNA1363687	SAMN53215355	SRX31258998	CHO-K1	PAIRED	RANDOM	55540788	27775	19167	0.6900810081008101
SRR36222938	PRJNA1363687	SAMN53215354	SRX31258997	CHO-K1	PAIRED	RANDOM	44148233	27775	18803	0.676975697569757
SRR36222939	PRJNA1363687	SAMN53215353	SRX31258996	CHO-K1	PAIRED	RANDOM	22313314	27775	17628	0.6346714671467146
SRR36222940	PRJNA1363687	SAMN53215352	SRX31258995	CHO-K1	PAIRED	RANDOM	20385434	27775	17637	0.634995499549955
SRR36222941	PRJNA1363687	SAMN53215351	SRX31258994	CHO-K1	PAIRED	RANDOM	11832198	27775	16583	0.5970477047704771
SRR36222942	PRJNA1363687	SAMN53215350	SRX31258993	CHO-K1	PAIRED	RANDOM	12907321	27775	16798	0.6047884788478848
SRR36663596	PRJNA1397464	SAMN54431546	SRX31674380		PAIRED	cDNA	17880990	27775	15344	0.5524392439243925
SRR36663597	PRJNA1397464	SAMN54431545	SRX31674379		PAIRED	cDNA	20074529	27775	15452	0.5563276327632763
SRR36663598	PRJNA1397464	SAMN54431544	SRX31674378		PAIRED	cDNA	19287809	27775	15359	0.552979297929793
SRR36663599	PRJNA1397464	SAMN54431543	SRX31674377		PAIRED	cDNA	17112915	27775	15300	0.5508550855085509
SRR36663600	PRJNA1397464	SAMN54431542	SRX31674376		PAIRED	cDNA	14770121	27775	15168	0.5461026102610261
SRR36663601	PRJNA1397464	SAMN54431541	SRX31674375		PAIRED	cDNA	18526098	27775	15510	0.5584158415841585
SRR36699389	PRJNA1399147	SAMN54474211	SRX31707199	CHO-K1	PAIRED	PolyA	58317857	27775	18135	0.6529252925292529
SRR36699390	PRJNA1399147	SAMN54474210	SRX31707198	CHO-K1	PAIRED	PolyA	55790825	27775	17958	0.6465526552655265
SRR36699391	PRJNA1399147	SAMN54474209	SRX31707197	CHO-K1	PAIRED	PolyA	50889324	27775	17844	0.6424482448244825
SRR36699392	PRJNA1399147	SAMN54474214	SRX31707196	CHO-K1	PAIRED	PolyA	57420194	27775	18120	0.6523852385238524
SRR36699393	PRJNA1399147	SAMN54474213	SRX31707195	CHO-K1	PAIRED	PolyA	59715073	27775	18265	0.6576057605760576
SRR36699394	PRJNA1399147	SAMN54474212	SRX31707194	CHO-K1	PAIRED	PolyA	64089224	27775	18102	0.6517371737173717
SRR38262918	PRJNA1282762	SAMN49662886	SRX33099502		SINGLE	Oligo-dT	21410105	27775	16640	0.599099909990999
SRR38262919	PRJNA1282762	SAMN49662885	SRX33099501		SINGLE	Oligo-dT	41865697	27775	17696	0.6371197119711971
SRR38262920	PRJNA1282762	SAMN49662871	SRX33099500		SINGLE	Oligo-dT	24490258	27775	16420	0.5911791179117912
SRR38262921	PRJNA1282762	SAMN49662869	SRX33099499		SINGLE	Oligo-dT	45334177	27775	18088	0.6512331233123312
SRR38263132	PRJNA1282762	SAMN57466944	SRX33099713		SINGLE	PolyA	23125898	27775	16808	0.6051485148514851
SRR3946101	PRJNA330832	SAMN05426770	SRX1971986		SINGLE	RT-PCR	25179150	27775	16432	0.5916111611161116
SRR3946102	PRJNA330832	SAMN05426770	SRX1971987		SINGLE	RT-PCR	17175835	27775	16012	0.5764896489648965
SRR3946103	PRJNA330832	SAMN05426770	SRX1971988		SINGLE	RT-PCR	17285085	27775	15683	0.5646444644464447
SRR3946104	PRJNA330832	SAMN05426770	SRX1971989		SINGLE	RT-PCR	17199386	27775	15786	0.5683528352835283
SRR3946105	PRJNA330832	SAMN05426770	SRX1971990		SINGLE	RT-PCR	19526644	27775	15815	0.5693969396939694
SRR3946106	PRJNA330832	SAMN05426770	SRX1971991		SINGLE	RT-PCR	27863655	27775	15982	0.5754095409540954
SRR3946107	PRJNA330832	SAMN05426770	SRX1971992		SINGLE	RT-PCR	20487780	27775	16118	0.5803060306030603
SRR3946108	PRJNA330832	SAMN05426770	SRX1971993		SINGLE	RT-PCR	34224361	27775	16429	0.5915031503150315
SRR3946109	PRJNA330832	SAMN05426770	SRX1971994		SINGLE	RT-PCR	23535829	27775	16241	0.5847344734473447
SRR3946110	PRJNA330832	SAMN05426770	SRX1971995		SINGLE	RT-PCR	19050252	27775	16136	0.5809540954095409
SRR3946111	PRJNA330832	SAMN05426770	SRX1971996		SINGLE	RT-PCR	17704145	27775	16010	0.5764176417641764
SRR3946112	PRJNA330832	SAMN05426770	SRX1971997		SINGLE	RT-PCR	15172883	27775	15585	0.5611161116111612
SRR39497722	PRJNA1489724	SAMN61409210	SRX34192516	CHO DG44	PAIRED	PolyA	45561013	27775	16585	0.5971197119711971
SRR39497723	PRJNA1489724	SAMN61409209	SRX34192515	CHO DG44	PAIRED	PolyA	44436580	27775	16641	0.5991359135913591
SRR39497724	PRJNA1489724	SAMN61409207	SRX34192514	CHO DG44	PAIRED	PolyA	59097022	27775	16928	0.6094689468946894
SRR39499716	PRJNA1489724	SAMN61409214	SRX34194511	CHO DG44	PAIRED	PolyA	107501466	27775	17440	0.627902790279028
SRR39499717	PRJNA1489724	SAMN61409213	SRX34194510	CHO DG44	PAIRED	PolyA	43941846	27775	16478	0.5932673267326732
SRR39499718	PRJNA1489724	SAMN61409212	SRX34194509	CHO DG44	PAIRED	PolyA	74441589	27775	17280	0.6221422142214221
SRR39499719	PRJNA1489724	SAMN61409211	SRX34194508	CHO DG44	PAIRED	PolyA	56256865	27775	16888	0.608028802880288
SRR39503241	PRJNA1489724	SAMN61409218	SRX34197920	CHO DG44	PAIRED	PolyA	74005363	27775	17334	0.6240864086408641
SRR39503242	PRJNA1489724	SAMN61409217	SRX34197919	CHO DG44	PAIRED	PolyA	54930551	27775	16885	0.6079207920792079
SRR39503243	PRJNA1489724	SAMN61409216	SRX34197918	CHO DG44	PAIRED	PolyA	54567270	27775	16920	0.6091809180918092
SRR39503244	PRJNA1489724	SAMN61409215	SRX34197917	CHO DG44	PAIRED	PolyA	77337560	27775	17217	0.6198739873987399
SRR39505007	PRJNA1489724	SAMN61409222	SRX34199678	CHO DG44	PAIRED	PolyA	75659973	27775	17396	0.6263186318631864
SRR39505008	PRJNA1489724	SAMN61409221	SRX34199677	CHO DG44	PAIRED	PolyA	56821440	27775	17131	0.6167776777677768
SRR39505009	PRJNA1489724	SAMN61409220	SRX34199676	CHO DG44	PAIRED	PolyA	53686865	27775	16769	0.6037443744374438
SRR39505010	PRJNA1489724	SAMN61409219	SRX34199675	CHO DG44	PAIRED	PolyA	47860303	27775	16703	0.6013681368136814
SRR39506912	PRJNA1489724	SAMN61409226	SRX34201582	CHO DG44	PAIRED	PolyA	39195010	27775	16614	0.5981638163816382
SRR39506913	PRJNA1489724	SAMN61409225	SRX34201581	CHO DG44	PAIRED	PolyA	33821390	27775	16303	0.5869666966696669
SRR39506914	PRJNA1489724	SAMN61409224	SRX34201580	CHO DG44	PAIRED	PolyA	68790065	27775	17153	0.6175697569756976
SRR39506915	PRJNA1489724	SAMN61409223	SRX34201579	CHO DG44	PAIRED	PolyA	69615904	27775	17193	0.619009900990099
SRR39511190	PRJNA1489724	SAMN61409230	SRX34203865	CHO DG44	PAIRED	PolyA	81192487	27775	17250	0.6210621062106211
SRR39511191	PRJNA1489724	SAMN61409229	SRX34203864	CHO DG44	PAIRED	PolyA	81063977	27775	17343	0.6244104410441044
SRR39511192	PRJNA1489724	SAMN61409228	SRX34203863	CHO DG44	PAIRED	PolyA	42701283	27775	16679	0.6005040504050405
SRR39511193	PRJNA1489724	SAMN61409227	SRX34203862	CHO DG44	PAIRED	PolyA	55602654	27775	16981	0.6113771377137713
SRR39561850	PRJNA1492564	SAMN61510925	SRX34250724	CHO-S/HB8-Ags#18	PAIRED	PolyA	27958477	27775	16256	0.5852745274527452
SRR39561851	PRJNA1492564	SAMN61510924	SRX34250723	CHO-S/HB8-Ags#18	PAIRED	PolyA	27803622	27775	16597	0.5975517551755175
SRR39561852	PRJNA1492564	SAMN61510923	SRX34250722	CHO-S/HB8-Ags#18	PAIRED	PolyA	26963185	27775	16248	0.584986498649865
SRR39561853	PRJNA1492564	SAMN61510922	SRX34250721	CHO 4BGD/Dul#73	PAIRED	PolyA	26776627	27775	17174	0.6183258325832584
SRR39561854	PRJNA1492564	SAMN61510921	SRX34250720	CHO 4BGD/Dul#73	PAIRED	PolyA	26808890	27775	16512	0.5944914491449145
SRR39561855	PRJNA1492564	SAMN61510920	SRX34250719	CHO 4BGD/Dul#73	PAIRED	PolyA	26754127	27775	16948	0.6101890189018901
SRR39561856	PRJNA1492564	SAMN61510919	SRX34250718	CHO 4BGD/Dul#73	PAIRED	PolyA	26875764	27775	16477	0.5932313231323132
SRR39561857	PRJNA1492564	SAMN61510928	SRX34250717	CHO-S/HB8-Ags#18	PAIRED	PolyA	26712929	27775	16864	0.6071647164716472
SRR39561859	PRJNA1492564	SAMN61510918	SRX34250715	CHO 4BGD/Dul#73	PAIRED	PolyA	26537837	27775	16949	0.6102250225022502
SRR39561860	PRJNA1492564	SAMN61510917	SRX34250714	CHO 4BGD/Dul#73	PAIRED	PolyA	27560172	27775	16510	0.5944194419441944
SRR40188909	PRJNA1497331	SAMN61798551	SRX34813914		PAIRED	RT-PCR	15034052	27775	17507	0.6303150315031503
SRR40188910	PRJNA1497331	SAMN61798550	SRX34813913		PAIRED	RT-PCR	14162128	27775	17094	0.6154455445544554
SRR40188912	PRJNA1497331	SAMN61798548	SRX34813911		PAIRED	RT-PCR	18153870	27775	17448	0.6281908190819082
SRR40188913	PRJNA1497331	SAMN61798547	SRX34813910		PAIRED	RT-PCR	31150315	27775	18375	0.6615661566156615
SRR40310829	PRJNA1516528	SAMN62608409	SRX34926297	EACC CHO K1	PAIRED	cDNA	20203217	27775	16603	0.5977677767776778
SRR40310830	PRJNA1516528	SAMN62608408	SRX34926296	CHOZN	PAIRED	cDNA	21281602	27775	16868	0.6073087308730873
SRR40310831	PRJNA1516528	SAMN62608407	SRX34926295	CHOZN	PAIRED	cDNA	17927953	27775	16662	0.5998919891989198
SRR40310832	PRJNA1516528	SAMN62608406	SRX34926294	CHOZN	PAIRED	cDNA	12306387	27775	16045	0.5776777677767777
SRR40310833	PRJNA1516528	SAMN62608405	SRX34926293	ATCC CHO K1	PAIRED	cDNA	21251030	27775	16656	0.5996759675967597
SRR40310834	PRJNA1516528	SAMN62608404	SRX34926292	ATCC CHO K1	PAIRED	cDNA	16344510	27775	16439	0.5918631863186319
SRR40310835	PRJNA1516528	SAMN62608403	SRX34926291	ATCC CHO K1	PAIRED	cDNA	20037481	27775	16680	0.6005400540054006
SRR40310836	PRJNA1516528	SAMN62608402	SRX34926290	EACC CHO K1	PAIRED	cDNA	20200332	27775	16343	0.5884068406840685
SRR40310838	PRJNA1516528	SAMN62608410	SRX34926288	EACC CHO K1	PAIRED	cDNA	15554773	27775	16297	0.5867506750675068
SRR40310839	PRJNA1516528	SAMN62608401	SRX34926287	EACC CHO K1	PAIRED	cDNA	17189160	27775	16170	0.5821782178217821
SRR40310840	PRJNA1516528	SAMN62608400	SRX34926286	EACC CHO K1	PAIRED	cDNA	17595676	27775	16099	0.5796219621962196
SRR4035674	PRJNA339147	SAMN05580156	SRX2026831	CHO-K1	SINGLE	cDNA	37373252	27775	18628	0.6706750675067507
SRR4035675	PRJNA339147	SAMN05580155	SRX2026832	CHO-K1	SINGLE	cDNA	33250629	27775	18399	0.6624302430243024
SRR4035676	PRJNA339147	SAMN05580154	SRX2026833	CHO-K1	SINGLE	cDNA	36226767	27775	18513	0.6665346534653466
SRR4035677	PRJNA339147	SAMN05580166	SRX2026834	CHO-K1	SINGLE	cDNA	32856386	27775	17354	0.6248064806480648
SRR4035678	PRJNA339147	SAMN05580165	SRX2026835	CHO-K1	SINGLE	cDNA	29232140	27775	17408	0.6267506750675067
SRR4035679	PRJNA339147	SAMN05580164	SRX2026836	CHO-K1	SINGLE	cDNA	34674702	27775	17556	0.6320792079207921
SRR4035680	PRJNA339147	SAMN05580163	SRX2026837	CHO-K1	SINGLE	cDNA	32903759	27775	18362	0.661098109810981
SRR4035681	PRJNA339147	SAMN05580162	SRX2026838	CHO-K1	SINGLE	cDNA	36034521	27775	18464	0.6647704770477048
SRR4035682	PRJNA339147	SAMN05580161	SRX2026839	CHO-K1	SINGLE	cDNA	31015596	27775	18165	0.654005400540054
SRR5298325	PRJNA355213	SAMN06074320	SRX2600494		SINGLE	cDNA	25642500	27775	17402	0.6265346534653465
SRR5358888	PRJNA378939	SAMN06563821	SRX2654728		PAIRED	unspecified	57899297	27775	18828	0.6778757875787579
SRR5358890	PRJNA378939	SAMN06563820	SRX2654730		PAIRED	unspecified	70418346	27775	19178	0.6904770477047705
SRR5409489	PRJNA378247	SAMN06481670	SRX2701774	Chinese hamster ovary	PAIRED	size fractionation	15483491	27775	16441	0.591935193519352
SRR5409490	PRJNA378247	SAMN06481669	SRX2701775	Chinese hamster ovary	PAIRED	size fractionation	26154559	27775	17228	0.6202700270027003
SRR5409491	PRJNA378247	SAMN06481668	SRX2701776	Chinese hamster ovary	PAIRED	size fractionation	21264134	27775	17257	0.6213141314131413
SRR5409492	PRJNA378247	SAMN06481667	SRX2701777	Chinese hamster ovary	PAIRED	size fractionation	14309900	27775	16757	0.6033123312331233
SRR5812564	PRJNA393479	SAMN07334547	SRX2991083		PAIRED	cDNA	50891960	27775	18533	0.6672547254725473
SRR5812565	PRJNA393479	SAMN07334560	SRX2991084		PAIRED	cDNA	49209782	27775	18485	0.6655265526552655
SRR5812566	PRJNA393479	SAMN07334559	SRX2991085		PAIRED	cDNA	51988692	27775	18436	0.6637623762376238
SRR5812567	PRJNA393479	SAMN07334558	SRX2991086		PAIRED	cDNA	48442692	27775	17898	0.6443924392439244
SRR5812568	PRJNA393479	SAMN07334557	SRX2991087		PAIRED	cDNA	50479407	27775	17885	0.6439243924392439
SRR5812569	PRJNA393479	SAMN07334556	SRX2991088		PAIRED	cDNA	42986083	27775	17677	0.6364356435643564
SRR5812570	PRJNA393479	SAMN07334555	SRX2991089		PAIRED	cDNA	20029641	27775	16171	0.5822142214221422
SRR5812571	PRJNA393479	SAMN07334555	SRX2991089		PAIRED	cDNA	19525938	27775	16233	0.5844464446444645
SRR5812572	PRJNA393479	SAMN07334554	SRX2991090		PAIRED	cDNA	19238346	27775	16204	0.5834023402340234
SRR5812573	PRJNA393479	SAMN07334554	SRX2991090		PAIRED	cDNA	18743967	27775	16195	0.5830783078307831
SRR5812574	PRJNA393479	SAMN07334553	SRX2991091		PAIRED	cDNA	19150370	27775	16352	0.5887308730873088
SRR5812575	PRJNA393479	SAMN07334553	SRX2991091		PAIRED	cDNA	18711389	27775	16312	0.5872907290729072
SRR5812576	PRJNA393479	SAMN07334552	SRX2991092		PAIRED	cDNA	20487127	27775	16370	0.5893789378937894
SRR5812577	PRJNA393479	SAMN07334552	SRX2991092		PAIRED	cDNA	19942742	27775	16306	0.5870747074707471
SRR5812578	PRJNA393479	SAMN07334551	SRX2991093		PAIRED	cDNA	19475066	27775	16291	0.5865346534653465
SRR5812579	PRJNA393479	SAMN07334551	SRX2991093		PAIRED	cDNA	18984652	27775	16218	0.5839063906390639
SRR5812580	PRJNA393479	SAMN07334550	SRX2991094		PAIRED	cDNA	19081370	27775	16272	0.5858505850585058
SRR5812581	PRJNA393479	SAMN07334550	SRX2991094		PAIRED	cDNA	18622213	27775	16233	0.5844464446444645
SRR6232157	PRJNA319417	SAMN04887243	SRX3340585		PAIRED	PolyA	20938147	27775	16509	0.5943834383438343
SRR6232300	PRJNA319417	SAMN04887242	SRX3340727		PAIRED	PolyA	19626075	27775	17763	0.6395319531953195
SRR7421882	PRJNA477823	SAMN09479743	SRX4292704		SINGLE	cDNA	23965454	27775	17334	0.6240864086408641
SRR7770742	PRJNA488640	SAMN09938583	SRX4626197		PAIRED	cDNA	28975755	27775	16509	0.5943834383438343
SRR7770743	PRJNA488640	SAMN09938582	SRX4626198		PAIRED	cDNA	32617917	27775	16785	0.6043204320432043
SRR7770744	PRJNA488640	SAMN09938581	SRX4626199		PAIRED	cDNA	26865390	27775	16585	0.5971197119711971
SRR7770745	PRJNA488640	SAMN09938580	SRX4626200		PAIRED	cDNA	26427029	27775	16512	0.5944914491449145
SRR7770746	PRJNA488640	SAMN09938579	SRX4626201		PAIRED	cDNA	28002266	27775	16869	0.6073447344734474
SRR7770747	PRJNA488640	SAMN09938578	SRX4626202		PAIRED	cDNA	25029176	27775	16768	0.6037083708370837
SRR7770748	PRJNA488640	SAMN09938577	SRX4626203		PAIRED	cDNA	25187156	27775	16704	0.6014041404140414
SRR7770749	PRJNA488640	SAMN09938576	SRX4626204		PAIRED	cDNA	28263632	27775	16920	0.6091809180918092
SRR7779168	PRJNA489076	SAMN09948071	SRX4634288		PAIRED	cDNA	15827690	27775	16988	0.6116291629162917
SRR7779169	PRJNA489076	SAMN09948070	SRX4634289		PAIRED	cDNA	16643624	27775	17518	0.6307110711071107
SRR7779170	PRJNA489076	SAMN09948069	SRX4634290		PAIRED	cDNA	13008250	27775	16504	0.5942034203420342
SRR7779171	PRJNA489076	SAMN09948086	SRX4634291		PAIRED	cDNA	11339950	27775	17154	0.6176057605760576
SRR7779172	PRJNA489076	SAMN09948085	SRX4634292		PAIRED	cDNA	11104033	27775	16692	0.600972097209721
SRR7779173	PRJNA489076	SAMN09948084	SRX4634293		PAIRED	cDNA	16386783	27775	17248	0.620990099009901
SRR7779174	PRJNA489076	SAMN09948083	SRX4634294		PAIRED	cDNA	15144550	27775	16525	0.594959495949595
SRR7779175	PRJNA489076	SAMN09948082	SRX4634295		PAIRED	cDNA	12419490	27775	15884	0.5718811881188118
SRR7779176	PRJNA489076	SAMN09948075	SRX4634296		PAIRED	cDNA	12692137	27775	16080	0.578937893789379
SRR7779177	PRJNA489076	SAMN09948081	SRX4634297		PAIRED	cDNA	9656429	27775	17330	0.623942394239424
SRR7779178	PRJNA489076	SAMN09948080	SRX4634298		PAIRED	cDNA	15496305	27775	17117	0.6162736273627363
SRR7779179	PRJNA489076	SAMN09948079	SRX4634299		PAIRED	cDNA	14787497	27775	16342	0.5883708370837084
SRR7779180	PRJNA489076	SAMN09948078	SRX4634300		PAIRED	cDNA	17482681	27775	16908	0.6087488748874887
SRR7779181	PRJNA489076	SAMN09948077	SRX4634301		PAIRED	cDNA	20626925	27775	17381	0.6257785778577858
SRR7779182	PRJNA489076	SAMN09948076	SRX4634302		PAIRED	cDNA	17846175	27775	16838	0.6062286228622862
SRR7779183	PRJNA489076	SAMN09948074	SRX4634303		PAIRED	cDNA	15658801	27775	16704	0.6014041404140414
SRR7779184	PRJNA489076	SAMN09948073	SRX4634304		PAIRED	cDNA	16964178	27775	17128	0.6166696669666967
SRR7779185	PRJNA489076	SAMN09948072	SRX4634305		PAIRED	cDNA	16981949	27775	16897	0.6083528352835283
SRR7779186	PRJNA489076	SAMN09948104	SRX4634306		PAIRED	cDNA	18623179	27775	16881	0.6077767776777678
SRR7779187	PRJNA489076	SAMN09948103	SRX4634307		PAIRED	cDNA	17922688	27775	16900	0.6084608460846085
SRR7779188	PRJNA489076	SAMN09948102	SRX4634308		PAIRED	cDNA	15219833	27775	16421	0.5912151215121512
SRR7779189	PRJNA489076	SAMN09948101	SRX4634309		PAIRED	cDNA	17076676	27775	16548	0.5957875787578758
SRR7779190	PRJNA489076	SAMN09948100	SRX4634310		PAIRED	cDNA	14491515	27775	16467	0.5928712871287128
SRR7779191	PRJNA489076	SAMN09948099	SRX4634311		PAIRED	cDNA	15669237	27775	16779	0.6041044104410441
SRR7779192	PRJNA489076	SAMN09948098	SRX4634312		PAIRED	cDNA	16456588	27775	16948	0.6101890189018901
SRR7779193	PRJNA489076	SAMN09948097	SRX4634313		PAIRED	cDNA	17343369	27775	17314	0.6233663366336634
SRR7779194	PRJNA489076	SAMN09948096	SRX4634314		PAIRED	cDNA	15635312	27775	16749	0.6030243024302431
SRR7779195	PRJNA489076	SAMN09948095	SRX4634315		PAIRED	cDNA	16956361	27775	17037	0.6133933393339334
SRR7779196	PRJNA489076	SAMN09948094	SRX4634316		PAIRED	cDNA	16022999	27775	17110	0.6160216021602161
SRR7779197	PRJNA489076	SAMN09948093	SRX4634317		PAIRED	cDNA	14674924	27775	16854	0.6068046804680468
SRR7779198	PRJNA489076	SAMN09948092	SRX4634318		PAIRED	cDNA	17972258	27775	16643	0.5992079207920792
SRR7779199	PRJNA489076	SAMN09948091	SRX4634319		PAIRED	cDNA	19167534	27775	17039	0.6134653465346535
SRR7779200	PRJNA489076	SAMN09948090	SRX4634320		PAIRED	cDNA	17525791	27775	16445	0.592079207920792
SRR7779201	PRJNA489076	SAMN09948089	SRX4634321		PAIRED	cDNA	16051695	27775	17078	0.6148694869486949
SRR7779202	PRJNA489076	SAMN09948088	SRX4634322		PAIRED	cDNA	17115040	27775	16705	0.6014401440144015
SRR7779203	PRJNA489076	SAMN09948087	SRX4634323		PAIRED	cDNA	13902485	27775	16878	0.6076687668766877
SRR8165621	PRJNA504034	SAMN10388073	SRX4986365		PAIRED	unspecified	46066230	27775	20304	0.731017101710171
SRR8165622	PRJNA504034	SAMN10388074	SRX4986364		PAIRED	unspecified	53396068	27775	20751	0.7471107110711072
SRR8165623	PRJNA504034	SAMN10388069	SRX4986363		PAIRED	unspecified	45940638	27775	19745	0.7108910891089109
SRR8165624	PRJNA504034	SAMN10388070	SRX4986362		PAIRED	unspecified	54608978	27775	20122	0.7244644464446445
SRR8165625	PRJNA504034	SAMN10388071	SRX4986361		PAIRED	unspecified	58393186	27775	20052	0.7219441944194419
SRR8165626	PRJNA504034	SAMN10388072	SRX4986360		PAIRED	unspecified	55389092	27775	20589	0.7412781278127812
SRR8165627	PRJNA504034	SAMN10388065	SRX4986359		PAIRED	unspecified	22245366	27775	16675	0.6003600360036003
SRR8165628	PRJNA504034	SAMN10388066	SRX4986358		PAIRED	unspecified	51458474	27775	20424	0.7353375337533753
SRR8165629	PRJNA504034	SAMN10388067	SRX4986357		PAIRED	unspecified	47786627	27775	20502	0.7381458145814581
SRR8165630	PRJNA504034	SAMN10388068	SRX4986356		PAIRED	unspecified	50036704	27775	20305	0.731053105310531
SRR8165633	PRJNA504034	SAMN10388089	SRX4986353		PAIRED	unspecified	31842877	27775	15129	0.5446984698469847
SRR8165636	PRJNA504034	SAMN10388088	SRX4986350		PAIRED	unspecified	39025311	27775	15189	0.5468586858685869
SRR8165637	PRJNA504034	SAMN10388085	SRX4986349		PAIRED	unspecified	36763292	27775	15218	0.5479027902790279
SRR8165651	PRJNA504034	SAMN10388064	SRX4986335		PAIRED	unspecified	31051560	27775	17013	0.6125292529252925
SRR8165652	PRJNA504034	SAMN10388063	SRX4986334		PAIRED	unspecified	30133793	27775	17113	0.6161296129612961
SRR8165653	PRJNA504034	SAMN10388056	SRX4986333		PAIRED	unspecified	101343668	27775	19554	0.704014401440144
SRR8165655	PRJNA504034	SAMN10388058	SRX4986331		PAIRED	unspecified	24079254	27775	18135	0.6529252925292529
SRR8165656	PRJNA504034	SAMN10388057	SRX4986330		PAIRED	unspecified	26614674	27775	18390	0.6621062106210621
SRR8165658	PRJNA504034	SAMN10388059	SRX4986328		PAIRED	unspecified	22073982	27775	18061	0.6502610261026103
SRR8165660	PRJNA504034	SAMN10388061	SRX4986326		PAIRED	unspecified	105586356	27775	20263	0.7295409540954095
SRR8165661	PRJNA504034	SAMN10388078	SRX4986325		PAIRED	unspecified	52337152	27775	21037	0.7574077407740774
SRR8165662	PRJNA504034	SAMN10388077	SRX4986324		PAIRED	unspecified	49983987	27775	20377	0.7336453645364537
SRR8165663	PRJNA504034	SAMN10388076	SRX4986323		PAIRED	unspecified	67036340	27775	20591	0.7413501350135013
SRR8165664	PRJNA504034	SAMN10388075	SRX4986322		PAIRED	unspecified	51543446	27775	20369	0.7333573357335733
SRR8165665	PRJNA504034	SAMN10388082	SRX4986321		PAIRED	unspecified	60223968	27775	21120	0.7603960396039604
SRR8165666	PRJNA504034	SAMN10388081	SRX4986320		PAIRED	unspecified	51561826	27775	20940	0.7539153915391539
SRR8165667	PRJNA504034	SAMN10388080	SRX4986319		PAIRED	unspecified	50033183	27775	20891	0.7521512151215122
SRR8165668	PRJNA504034	SAMN10388079	SRX4986318		PAIRED	unspecified	63947818	27775	21205	0.7634563456345634
SRR8165670	PRJNA504034	SAMN10388084	SRX4986316		PAIRED	unspecified	40751950	27775	15343	0.5524032403240324
SRR8165671	PRJNA504034	SAMN10388083	SRX4986315		PAIRED	unspecified	48402639	27775	20771	0.7478307830783079
SRR8165675	PRJNA504034	SAMN10388053	SRX4986311		PAIRED	unspecified	54903304	27775	19919	0.7171557155715571
SRR8165677	PRJNA504034	SAMN10388048	SRX4986309		PAIRED	unspecified	54843808	27775	18808	0.6771557155715572
SRR8165678	PRJNA504034	SAMN10388047	SRX4986308		PAIRED	unspecified	61763225	27775	19640	0.7071107110711071
SRR8165679	PRJNA504034	SAMN10388046	SRX4986307		PAIRED	unspecified	55225608	27775	19505	0.7022502250225022
SRR8165680	PRJNA504034	SAMN10388045	SRX4986306		PAIRED	unspecified	55002240	27775	19477	0.7012421242124213
SRR8165681	PRJNA504034	SAMN10388052	SRX4986305		PAIRED	unspecified	65430394	27775	20162	0.7259045904590459
SRR8165682	PRJNA504034	SAMN10388051	SRX4986304		PAIRED	unspecified	60791245	27775	19930	0.7175517551755175
SRR8165683	PRJNA504034	SAMN10388050	SRX4986303		PAIRED	unspecified	59633352	27775	18994	0.6838523852385239
SRR8165684	PRJNA504034	SAMN10388049	SRX4986302		PAIRED	unspecified	60192989	27775	18924	0.6813321332133213
SRR9137503	PRJNA545135	SAMN11875000	SRX5910664		PAIRED	cDNA	27337855	27775	16900	0.6084608460846085
SRR9137504	PRJNA545135	SAMN11874999	SRX5910665		PAIRED	cDNA	24669342	27775	16871	0.6074167416741674
SRR9137505	PRJNA545135	SAMN11874998	SRX5910666		PAIRED	cDNA	28886001	27775	16899	0.6084248424842484
SRR9137506	PRJNA545135	SAMN11874997	SRX5910667		PAIRED	cDNA	27227594	27775	16770	0.6037803780378038
SRR9137507	PRJNA545135	SAMN11874996	SRX5910668		PAIRED	cDNA	25551532	27775	16386	0.58995499549955
SRR9137508	PRJNA545135	SAMN11874994	SRX5910669		PAIRED	cDNA	29571981	27775	16658	0.5997479747974798
SRR9137509	PRJNA545135	SAMN11874993	SRX5910670		PAIRED	cDNA	30829155	27775	16421	0.5912151215121512
SRR9137510	PRJNA545135	SAMN11874992	SRX5910671		PAIRED	cDNA	24772474	27775	16156	0.5816741674167417
SRR9151757	PRJNA545309	SAMN11883837	SRX5924873	LR73	PAIRED	cDNA	16715861	27775	16126	0.5805940594059406
SRR9151758	PRJNA545309	SAMN11883836	SRX5924874	LR73	PAIRED	cDNA	16705271	27775	16279	0.5861026102610261
SRR9151759	PRJNA545309	SAMN11883835	SRX5924875	LR73	PAIRED	cDNA	17898811	27775	16206	0.5834743474347435
SRR9151760	PRJNA545309	SAMN11883834	SRX5924876	LR73	PAIRED	cDNA	18387028	27775	16162	0.5818901890189019
SRR9151761	PRJNA545309	SAMN11883833	SRX5924877	LR73	PAIRED	cDNA	13734995	27775	15753	0.5671647164716471
SRR9151762	PRJNA545309	SAMN11883832	SRX5924878	LR73	PAIRED	cDNA	10933349	27775	15714	0.5657605760576058
SRR9151763	PRJNA545309	SAMN11883831	SRX5924879	LR73	PAIRED	cDNA	13802747	27775	15862	0.571089108910891
SRR9151764	PRJNA545309	SAMN11883830	SRX5924880	LR73	PAIRED	cDNA	16403419	27775	16077	0.5788298829882988
SRR9151765	PRJNA545309	SAMN11883829	SRX5924881	LR73	PAIRED	cDNA	13317149	27775	15594	0.5614401440144015
SRR9151766	PRJNA545309	SAMN11883828	SRX5924882	LR73	PAIRED	cDNA	13629665	27775	16039	0.5774617461746174
SRR9151767	PRJNA545309	SAMN11883827	SRX5924883	LR73	PAIRED	cDNA	18345980	27775	16274	0.5859225922592259
SRR9151768	PRJNA545309	SAMN11883826	SRX5924884	LR73	PAIRED	cDNA	17518287	27775	16049	0.5778217821782178
SRR9620991	PRJNA551666	SAMN12162723	SRX6384003	antibody-producing CHO DG44 cell line	SINGLE	cDNA	3160313	27775	14179	0.5104950495049505
SRR9620992	PRJNA551666	SAMN12162723	SRX6384003	antibody-producing CHO DG44 cell line	SINGLE	cDNA	3113833	27775	14129	0.5086948694869486
SRR9620993	PRJNA551666	SAMN12162723	SRX6384003	antibody-producing CHO DG44 cell line	SINGLE	cDNA	3196081	27775	14168	0.5100990099009901
SRR9620994	PRJNA551666	SAMN12162723	SRX6384003	antibody-producing CHO DG44 cell line	SINGLE	cDNA	3206400	27775	14178	0.5104590459045905
SRR9620995	PRJNA551666	SAMN12162722	SRX6384004	antibody-producing CHO DG44 cell line	SINGLE	cDNA	3545670	27775	14513	0.5225202520252025
SRR9620996	PRJNA551666	SAMN12162722	SRX6384004	antibody-producing CHO DG44 cell line	SINGLE	cDNA	3474651	27775	14476	0.5211881188118812
SRR9620997	PRJNA551666	SAMN12162722	SRX6384004	antibody-producing CHO DG44 cell line	SINGLE	cDNA	3582622	27775	14570	0.5245724572457245
SRR9620998	PRJNA551666	SAMN12162722	SRX6384004	antibody-producing CHO DG44 cell line	SINGLE	cDNA	3584511	27775	14566	0.5244284428442845
SRR9620999	PRJNA551666	SAMN12162721	SRX6384005	antibody-producing CHO DG44 cell line	SINGLE	cDNA	3739020	27775	14605	0.5258325832583258
SRR9621000	PRJNA551666	SAMN12162721	SRX6384005	antibody-producing CHO DG44 cell line	SINGLE	cDNA	3660985	27775	14568	0.5245004500450045
SRR9621001	PRJNA551666	SAMN12162721	SRX6384005	antibody-producing CHO DG44 cell line	SINGLE	cDNA	3779119	27775	14636	0.5269486948694869
SRR9621002	PRJNA551666	SAMN12162721	SRX6384005	antibody-producing CHO DG44 cell line	SINGLE	cDNA	3777608	27775	14681	0.5285688568856886
SRR9621003	PRJNA551666	SAMN12162720	SRX6384006	antibody-producing CHO DG44 cell line	SINGLE	cDNA	3015687	27775	14332	0.516003600360036
SRR9621004	PRJNA551666	SAMN12162720	SRX6384006	antibody-producing CHO DG44 cell line	SINGLE	cDNA	2953518	27775	14309	0.5151755175517552
SRR9621005	PRJNA551666	SAMN12162720	SRX6384006	antibody-producing CHO DG44 cell line	SINGLE	cDNA	3059110	27775	14330	0.5159315931593159
SRR9621006	PRJNA551666	SAMN12162720	SRX6384006	antibody-producing CHO DG44 cell line	SINGLE	cDNA	3052891	27775	14311	0.5152475247524753
SRR9621007	PRJNA551666	SAMN12162719	SRX6384007	antibody-producing CHO DG44 cell line	SINGLE	cDNA	3106155	27775	14091	0.5073267326732673
SRR9621008	PRJNA551666	SAMN12162719	SRX6384007	antibody-producing CHO DG44 cell line	SINGLE	cDNA	3041792	27775	14137	0.508982898289829
SRR9621009	PRJNA551666	SAMN12162719	SRX6384007	antibody-producing CHO DG44 cell line	SINGLE	cDNA	3148060	27775	14153	0.5095589558955895
SRR9621010	PRJNA551666	SAMN12162719	SRX6384007	antibody-producing CHO DG44 cell line	SINGLE	cDNA	3147069	27775	14165	0.50999099909991
SRR9621011	PRJNA551666	SAMN12162718	SRX6384008	antibody-producing CHO DG44 cell line	SINGLE	cDNA	3388769	27775	14215	0.5117911791179118
SRR9621012	PRJNA551666	SAMN12162718	SRX6384008	antibody-producing CHO DG44 cell line	SINGLE	cDNA	3322853	27775	14144	0.5092349234923492
SRR9621013	PRJNA551666	SAMN12162718	SRX6384008	antibody-producing CHO DG44 cell line	SINGLE	cDNA	3436045	27775	14267	0.5136633663366337
SRR9621014	PRJNA551666	SAMN12162718	SRX6384008	antibody-producing CHO DG44 cell line	SINGLE	cDNA	3433373	27775	14268	0.5136993699369937
SRR9621015	PRJNA551666	SAMN12162717	SRX6384009	antibody-producing CHO DG44 cell line	SINGLE	cDNA	3782373	27775	14499	0.522016201620162
SRR9621016	PRJNA551666	SAMN12162717	SRX6384009	antibody-producing CHO DG44 cell line	SINGLE	cDNA	3709867	27775	14433	0.5196399639963997
SRR9621017	PRJNA551666	SAMN12162717	SRX6384009	antibody-producing CHO DG44 cell line	SINGLE	cDNA	3836861	27775	14546	0.5237083708370837
SRR9621018	PRJNA551666	SAMN12162717	SRX6384009	antibody-producing CHO DG44 cell line	SINGLE	cDNA	3841071	27775	14561	0.5242484248424842
SRR9621019	PRJNA551666	SAMN12162716	SRX6384010	antibody-producing CHO DG44 cell line	SINGLE	cDNA	2207544	27775	13689	0.49285328532853284
SRR9621020	PRJNA551666	SAMN12162716	SRX6384010	antibody-producing CHO DG44 cell line	SINGLE	cDNA	2158845	27775	13683	0.4926372637263726
SRR9621021	PRJNA551666	SAMN12162716	SRX6384010	antibody-producing CHO DG44 cell line	SINGLE	cDNA	2223303	27775	13709	0.4935733573357336
SRR9621022	PRJNA551666	SAMN12162716	SRX6384010	antibody-producing CHO DG44 cell line	SINGLE	cDNA	2220022	27775	13762	0.4954815481548155
SRR9621023	PRJNA551666	SAMN12162715	SRX6384011	antibody-producing CHO DG44 cell line	SINGLE	cDNA	2775503	27775	14130	0.5087308730873087
SRR9621024	PRJNA551666	SAMN12162715	SRX6384011	antibody-producing CHO DG44 cell line	SINGLE	cDNA	2737457	27775	14165	0.50999099909991
SRR9621025	PRJNA551666	SAMN12162715	SRX6384011	antibody-producing CHO DG44 cell line	SINGLE	cDNA	2806127	27775	14194	0.5110351035103511
SRR9621026	PRJNA551666	SAMN12162715	SRX6384011	antibody-producing CHO DG44 cell line	SINGLE	cDNA	2816769	27775	14144	0.5092349234923492
SRR9621027	PRJNA551666	SAMN12162714	SRX6384012	antibody-producing CHO DG44 cell line	SINGLE	cDNA	3002800	27775	14449	0.5202160216021602
SRR9621028	PRJNA551666	SAMN12162714	SRX6384012	antibody-producing CHO DG44 cell line	SINGLE	cDNA	2951237	27775	14391	0.5181278127812782
SRR9621029	PRJNA551666	SAMN12162714	SRX6384012	antibody-producing CHO DG44 cell line	SINGLE	cDNA	3044563	27775	14424	0.5193159315931594
SRR9621030	PRJNA551666	SAMN12162714	SRX6384012	antibody-producing CHO DG44 cell line	SINGLE	cDNA	3042210	27775	14466	0.5208280828082809
SRR9621031	PRJNA551666	SAMN12162713	SRX6384013	antibody-producing CHO DG44 cell line	SINGLE	cDNA	3192097	27775	14475	0.5211521152115212
SRR9621032	PRJNA551666	SAMN12162713	SRX6384013	antibody-producing CHO DG44 cell line	SINGLE	cDNA	3136435	27775	14443	0.52
SRR9621033	PRJNA551666	SAMN12162713	SRX6384013	antibody-producing CHO DG44 cell line	SINGLE	cDNA	3234332	27775	14455	0.5204320432043205
SRR9621034	PRJNA551666	SAMN12162713	SRX6384013	antibody-producing CHO DG44 cell line	SINGLE	cDNA	3234449	27775	14465	0.5207920792079208
SRR9621035	PRJNA551666	SAMN12162712	SRX6384014	antibody-producing CHO DG44 cell line	SINGLE	cDNA	3347323	27775	14399	0.5184158415841584
SRR9621036	PRJNA551666	SAMN12162712	SRX6384014	antibody-producing CHO DG44 cell line	SINGLE	cDNA	3286914	27775	14387	0.517983798379838
SRR9621037	PRJNA551666	SAMN12162712	SRX6384014	antibody-producing CHO DG44 cell line	SINGLE	cDNA	3394617	27775	14466	0.5208280828082809
SRR9621038	PRJNA551666	SAMN12162712	SRX6384014	antibody-producing CHO DG44 cell line	SINGLE	cDNA	3387046	27775	14482	0.5214041404140414
SRR9621039	PRJNA551666	SAMN12162711	SRX6384015	amplified progeny of cell line of antibody-producing CHO DG44	SINGLE	cDNA	3109328	27775	14232	0.5124032403240324
SRR9621040	PRJNA551666	SAMN12162711	SRX6384015	amplified progeny of cell line of antibody-producing CHO DG44	SINGLE	cDNA	3052004	27775	14193	0.510999099909991
SRR9621041	PRJNA551666	SAMN12162711	SRX6384015	amplified progeny of cell line of antibody-producing CHO DG44	SINGLE	cDNA	3144312	27775	14233	0.5124392439243924
SRR9621042	PRJNA551666	SAMN12162711	SRX6384015	amplified progeny of cell line of antibody-producing CHO DG44	SINGLE	cDNA	3150782	27775	14225	0.5121512151215122
SRR9621043	PRJNA551666	SAMN12162710	SRX6384016	amplified progeny of cell line of antibody-producing CHO DG44	SINGLE	cDNA	3056037	27775	14090	0.5072907290729073
SRR9621044	PRJNA551666	SAMN12162710	SRX6384016	amplified progeny of cell line of antibody-producing CHO DG44	SINGLE	cDNA	2996930	27775	14021	0.5048064806480648
SRR9621045	PRJNA551666	SAMN12162710	SRX6384016	amplified progeny of cell line of antibody-producing CHO DG44	SINGLE	cDNA	3091509	27775	14111	0.508046804680468
SRR9621046	PRJNA551666	SAMN12162710	SRX6384016	amplified progeny of cell line of antibody-producing CHO DG44	SINGLE	cDNA	3092345	27775	14138	0.5090189018901891
SRR9621047	PRJNA551666	SAMN12162709	SRX6384017	amplified progeny of cell line of antibody-producing CHO DG44	SINGLE	cDNA	3373479	27775	14240	0.5126912691269127
SRR9621048	PRJNA551666	SAMN12162709	SRX6384017	amplified progeny of cell line of antibody-producing CHO DG44	SINGLE	cDNA	3312767	27775	14214	0.5117551755175518
SRR9621049	PRJNA551666	SAMN12162709	SRX6384017	amplified progeny of cell line of antibody-producing CHO DG44	SINGLE	cDNA	3413011	27775	14254	0.5131953195319532
SRR9621050	PRJNA551666	SAMN12162709	SRX6384017	amplified progeny of cell line of antibody-producing CHO DG44	SINGLE	cDNA	3420096	27775	14189	0.5108550855085509
SRR9621051	PRJNA551666	SAMN12162708	SRX6384018	amplified progeny of cell line of antibody-producing CHO DG44	SINGLE	cDNA	1694468	27775	13649	0.49141314131413144
SRR9621052	PRJNA551666	SAMN12162708	SRX6384018	amplified progeny of cell line of antibody-producing CHO DG44	SINGLE	cDNA	1659398	27775	13702	0.49332133213321333
SRR9621053	PRJNA551666	SAMN12162708	SRX6384018	amplified progeny of cell line of antibody-producing CHO DG44	SINGLE	cDNA	1710093	27775	13704	0.49339333933393337
SRR9621054	PRJNA551666	SAMN12162708	SRX6384018	amplified progeny of cell line of antibody-producing CHO DG44	SINGLE	cDNA	1709259	27775	13683	0.4926372637263726
SRR9621055	PRJNA551666	SAMN12162707	SRX6384019	amplified progeny of cell line of antibody-producing CHO DG44	SINGLE	cDNA	3136457	27775	14426	0.5193879387938793
SRR9621056	PRJNA551666	SAMN12162707	SRX6384019	amplified progeny of cell line of antibody-producing CHO DG44	SINGLE	cDNA	3089334	27775	14361	0.517047704770477
SRR9621057	PRJNA551666	SAMN12162707	SRX6384019	amplified progeny of cell line of antibody-producing CHO DG44	SINGLE	cDNA	3164425	27775	14440	0.5198919891989199
SRR9621058	PRJNA551666	SAMN12162707	SRX6384019	amplified progeny of cell line of antibody-producing CHO DG44	SINGLE	cDNA	3180205	27775	14432	0.5196039603960396
SRR9621059	PRJNA551666	SAMN12162706	SRX6384020	amplified progeny of cell line of antibody-producing CHO DG44	SINGLE	cDNA	2938789	27775	14444	0.5200360036003601
SRR9621060	PRJNA551666	SAMN12162706	SRX6384020	amplified progeny of cell line of antibody-producing CHO DG44	SINGLE	cDNA	2887993	27775	14285	0.5143114311431143
SRR9621061	PRJNA551666	SAMN12162706	SRX6384020	amplified progeny of cell line of antibody-producing CHO DG44	SINGLE	cDNA	2968970	27775	14343	0.5163996399639964
SRR9621062	PRJNA551666	SAMN12162706	SRX6384020	amplified progeny of cell line of antibody-producing CHO DG44	SINGLE	cDNA	2969148	27775	14373	0.5174797479747975
SRR9621063	PRJNA551666	SAMN12162705	SRX6384021	CHO-S cell line	SINGLE	cDNA	3813500	27775	13884	0.4998739873987399
SRR9621064	PRJNA551666	SAMN12162705	SRX6384021	CHO-S cell line	SINGLE	cDNA	3736538	27775	13846	0.49850585058505853
SRR9621065	PRJNA551666	SAMN12162705	SRX6384021	CHO-S cell line	SINGLE	cDNA	3852456	27775	13927	0.5014221422142214
SRR9621066	PRJNA551666	SAMN12162705	SRX6384021	CHO-S cell line	SINGLE	cDNA	3854290	27775	13900	0.5004500450045004
SRR9621067	PRJNA551666	SAMN12162704	SRX6384022	CHO-S cell line	SINGLE	cDNA	3238944	27775	13658	0.49173717371737174
SRR9621068	PRJNA551666	SAMN12162704	SRX6384022	CHO-S cell line	SINGLE	cDNA	3165141	27775	13587	0.4891809180918092
SRR9621069	PRJNA551666	SAMN12162704	SRX6384022	CHO-S cell line	SINGLE	cDNA	3274508	27775	13668	0.4920972097209721
SRR9621070	PRJNA551666	SAMN12162704	SRX6384022	CHO-S cell line	SINGLE	cDNA	3275127	27775	13613	0.4901170117011701
SRR9621071	PRJNA551666	SAMN12162703	SRX6384023	CHO-S cell line	SINGLE	cDNA	3539302	27775	13804	0.496993699369937
SRR9621072	PRJNA551666	SAMN12162703	SRX6384023	CHO-S cell line	SINGLE	cDNA	3467976	27775	13754	0.4951935193519352
SRR9621073	PRJNA551666	SAMN12162703	SRX6384023	CHO-S cell line	SINGLE	cDNA	3578104	27775	13785	0.4963096309630963
SRR9621074	PRJNA551666	SAMN12162703	SRX6384023	CHO-S cell line	SINGLE	cDNA	3580020	27775	13805	0.497029702970297
SRR9621075	PRJNA551666	SAMN12162702	SRX6384024	CHO-S cell line	SINGLE	cDNA	271102	27775	10805	0.389018901890189
SRR9621076	PRJNA551666	SAMN12162702	SRX6384024	CHO-S cell line	SINGLE	cDNA	265017	27775	10811	0.3892349234923492
SRR9621077	PRJNA551666	SAMN12162702	SRX6384024	CHO-S cell line	SINGLE	cDNA	276188	27775	10850	0.39063906390639064
SRR9621078	PRJNA551666	SAMN12162702	SRX6384024	CHO-S cell line	SINGLE	cDNA	274297	27775	10830	0.38991899189918994
SRR9621079	PRJNA551666	SAMN12162725	SRX6384025	CHO-S cell line	SINGLE	cDNA	3705099	27775	14203	0.5113591359135914
SRR9621080	PRJNA551666	SAMN12162725	SRX6384025	CHO-S cell line	SINGLE	cDNA	3634245	27775	14201	0.5112871287128713
SRR9621081	PRJNA551666	SAMN12162725	SRX6384025	CHO-S cell line	SINGLE	cDNA	3748689	27775	14269	0.5137353735373538
SRR9621082	PRJNA551666	SAMN12162725	SRX6384025	CHO-S cell line	SINGLE	cDNA	3751967	27775	14253	0.5131593159315931
SRR9621083	PRJNA551666	SAMN12162724	SRX6384026	CHO-S cell line	SINGLE	cDNA	1955420	27775	13407	0.4827002700270027
SRR9621084	PRJNA551666	SAMN12162724	SRX6384026	CHO-S cell line	SINGLE	cDNA	1911665	27775	13374	0.48151215121512153
SRR9621085	PRJNA551666	SAMN12162724	SRX6384026	CHO-S cell line	SINGLE	cDNA	1970313	27775	13407	0.4827002700270027
SRR9621086	PRJNA551666	SAMN12162724	SRX6384026	CHO-S cell line	SINGLE	cDNA	1970254	27775	13444	0.48403240324032404
SRR9703434	PRJNA555245	SAMN12308451	SRX6461459	CHO	SINGLE	cDNA	34436758	27775	18172	0.6542574257425743
SRR9703435	PRJNA555245	SAMN12308450	SRX6461460	CHO	SINGLE	cDNA	23142200	27775	21563	0.7763456345634564
SRR9703436	PRJNA555245	SAMN12308449	SRX6461461	CHO	SINGLE	cDNA	12897068	27775	19740	0.7107110711071107
SRR9846909	PRJNA556890	SAMN12375427	SRX6601534	CHO-K1	PAIRED	cDNA	22348756	27775	16990	0.6117011701170117
SRR9846910	PRJNA556890	SAMN12375426	SRX6601535	CHO-K1	PAIRED	cDNA	23586295	27775	15974	0.5751215121512151
SRR9846911	PRJNA556890	SAMN12375425	SRX6601536	CHO-K1	PAIRED	cDNA	24332597	27775	16767	0.6036723672367237
SRR9846912	PRJNA556890	SAMN12375424	SRX6601537	CHO-K1	PAIRED	cDNA	24824021	27775	17018	0.6127092709270927
