run_accession	gate_status	gate_reason	count_path
DRR091430	ELIGIBLE	eligible	/cephyr/users/mayoa/Vera/hpc_rnaseq_production_results/2026-09-10/runs/DRR091430/gene_counts.tsv.gz
DRR091431	ELIGIBLE	eligible	/cephyr/users/mayoa/Vera/hpc_rnaseq_production_results/2026-09-10/runs/DRR091431/gene_counts.tsv.gz
DRR091432	ELIGIBLE	eligible	/cephyr/users/mayoa/Vera/hpc_rnaseq_production_results/2026-09-10/runs/DRR091432/gene_counts.tsv.gz
DRR091433	ELIGIBLE	eligible	/cephyr/users/mayoa/Vera/hpc_rnaseq_production_results/2026-09-10/runs/DRR091433/gene_counts.tsv.gz
DRR091434	ELIGIBLE	eligible	/cephyr/users/mayoa/Vera/hpc_rnaseq_production_results/2026-09-10/runs/DRR091434/gene_counts.tsv.gz
DRR091435	ELIGIBLE	eligible	/cephyr/users/mayoa/Vera/hpc_rnaseq_production_results/2026-09-10/runs/DRR091435/gene_counts.tsv.gz
DRR091436	ELIGIBLE	eligible	/cephyr/users/mayoa/Vera/hpc_rnaseq_production_results/2026-09-10/runs/DRR091436/gene_counts.tsv.gz
DRR091437	ELIGIBLE	eligible	/cephyr/users/mayoa/Vera/hpc_rnaseq_production_results/2026-09-10/runs/DRR091437/gene_counts.tsv.gz
DRR091438	ELIGIBLE	eligible	/cephyr/users/mayoa/Vera/hpc_rnaseq_production_results/2026-09-10/runs/DRR091438/gene_counts.tsv.gz
DRR091439	ELIGIBLE	eligible	/cephyr/users/mayoa/Vera/hpc_rnaseq_production_results/2026-09-10/runs/DRR091439/gene_counts.tsv.gz
DRR091440	ELIGIBLE	eligible	/cephyr/users/mayoa/Vera/hpc_rnaseq_production_results/2026-09-10/runs/DRR091440/gene_counts.tsv.gz
DRR093872	ELIGIBLE	eligible	/cephyr/users/mayoa/Vera/hpc_rnaseq_production_results/2026-09-10/runs/DRR093872/gene_counts.tsv.gz
DRR093873	ELIGIBLE	eligible	/cephyr/users/mayoa/Vera/hpc_rnaseq_production_results/2026-09-10/runs/DRR093873/gene_counts.tsv.gz
DRR093874	ELIGIBLE	eligible	/cephyr/users/mayoa/Vera/hpc_rnaseq_production_results/2026-09-10/runs/DRR093874/gene_counts.tsv.gz
DRR093875	ELIGIBLE	eligible	/cephyr/users/mayoa/Vera/hpc_rnaseq_production_results/2026-09-10/runs/DRR093875/gene_counts.tsv.gz
DRR096596	ELIGIBLE	eligible	/cephyr/users/mayoa/Vera/hpc_rnaseq_production_results/2026-09-10/runs/DRR096596/gene_counts.tsv.gz
DRR096597	ELIGIBLE	eligible	/cephyr/users/mayoa/Vera/hpc_rnaseq_production_results/2026-09-10/runs/DRR096597/gene_counts.tsv.gz
DRR096598	ELIGIBLE	eligible	/cephyr/users/mayoa/Vera/hpc_rnaseq_production_results/2026-09-10/runs/DRR096598/gene_counts.tsv.gz
DRR096599	ELIGIBLE	eligible	/cephyr/users/mayoa/Vera/hpc_rnaseq_production_results/2026-09-10/runs/DRR096599/gene_counts.tsv.gz
DRR096600	ELIGIBLE	eligible	/cephyr/users/mayoa/Vera/hpc_rnaseq_production_results/2026-09-10/runs/DRR096600/gene_counts.tsv.gz
DRR096601	ELIGIBLE	eligible	/cephyr/users/mayoa/Vera/hpc_rnaseq_production_results/2026-09-10/runs/DRR096601/gene_counts.tsv.gz
DRR096602	ELIGIBLE	eligible	/cephyr/users/mayoa/Vera/hpc_rnaseq_production_results/2026-09-10/runs/DRR096602/gene_counts.tsv.gz
DRR096603	ELIGIBLE	eligible	/cephyr/users/mayoa/Vera/hpc_rnaseq_production_results/2026-09-10/runs/DRR096603/gene_counts.tsv.gz
DRR099453	ELIGIBLE	eligible	/cephyr/users/mayoa/Vera/hpc_rnaseq_production_results/2026-09-10/runs/DRR099453/gene_counts.tsv.gz
DRR099454	ELIGIBLE	eligible	/cephyr/users/mayoa/Vera/hpc_rnaseq_production_results/2026-09-10/runs/DRR099454/gene_counts.tsv.gz
DRR099455	ELIGIBLE	eligible	/cephyr/users/mayoa/Vera/hpc_rnaseq_production_results/2026-09-10/runs/DRR099455/gene_counts.tsv.gz
DRR099456	ELIGIBLE	eligible	/cephyr/users/mayoa/Vera/hpc_rnaseq_production_results/2026-09-10/runs/DRR099456/gene_counts.tsv.gz
DRR099457	ELIGIBLE	eligible	/cephyr/users/mayoa/Vera/hpc_rnaseq_production_results/2026-09-10/runs/DRR099457/gene_counts.tsv.gz
DRR099458	ELIGIBLE	eligible	/cephyr/users/mayoa/Vera/hpc_rnaseq_production_results/2026-09-10/runs/DRR099458/gene_counts.tsv.gz
DRR099459	ELIGIBLE	eligible	/cephyr/users/mayoa/Vera/hpc_rnaseq_production_results/2026-09-10/runs/DRR099459/gene_counts.tsv.gz
DRR099460	ELIGIBLE	eligible	/cephyr/users/mayoa/Vera/hpc_rnaseq_production_results/2026-09-10/runs/DRR099460/gene_counts.tsv.gz
DRR099461	ELIGIBLE	eligible	/cephyr/users/mayoa/Vera/hpc_rnaseq_production_results/2026-09-10/runs/DRR099461/gene_counts.tsv.gz
DRR099462	ELIGIBLE	eligible	/cephyr/users/mayoa/Vera/hpc_rnaseq_production_results/2026-09-10/runs/DRR099462/gene_counts.tsv.gz
DRR099463	ELIGIBLE	eligible	/cephyr/users/mayoa/Vera/hpc_rnaseq_production_results/2026-09-10/runs/DRR099463/gene_counts.tsv.gz
DRR099464	ELIGIBLE	eligible	/cephyr/users/mayoa/Vera/hpc_rnaseq_production_results/2026-09-10/runs/DRR099464/gene_counts.tsv.gz
DRR099465	ELIGIBLE	eligible	/cephyr/users/mayoa/Vera/hpc_rnaseq_production_results/2026-09-10/runs/DRR099465/gene_counts.tsv.gz
DRR099466	ELIGIBLE	eligible	/cephyr/users/mayoa/Vera/hpc_rnaseq_production_results/2026-09-10/runs/DRR099466/gene_counts.tsv.gz
DRR099467	ELIGIBLE	eligible	/cephyr/users/mayoa/Vera/hpc_rnaseq_production_results/2026-09-10/runs/DRR099467/gene_counts.tsv.gz
DRR099468	ELIGIBLE	eligible	/cephyr/users/mayoa/Vera/hpc_rnaseq_production_results/2026-09-10/runs/DRR099468/gene_counts.tsv.gz
DRR099469	ELIGIBLE	eligible	/cephyr/users/mayoa/Vera/hpc_rnaseq_production_results/2026-09-10/runs/DRR099469/gene_counts.tsv.gz
DRR099470	ELIGIBLE	eligible	/cephyr/users/mayoa/Vera/hpc_rnaseq_production_results/2026-09-10/runs/DRR099470/gene_counts.tsv.gz
DRR099471	ELIGIBLE	eligible	/cephyr/users/mayoa/Vera/hpc_rnaseq_production_results/2026-09-10/runs/DRR099471/gene_counts.tsv.gz
DRR099472	ELIGIBLE	eligible	/cephyr/users/mayoa/Vera/hpc_rnaseq_production_results/2026-09-10/runs/DRR099472/gene_counts.tsv.gz
DRR099473	ELIGIBLE	eligible	/cephyr/users/mayoa/Vera/hpc_rnaseq_production_results/2026-09-10/runs/DRR099473/gene_counts.tsv.gz
DRR099474	ELIGIBLE	eligible	/cephyr/users/mayoa/Vera/hpc_rnaseq_production_results/2026-09-10/runs/DRR099474/gene_counts.tsv.gz
DRR099475	ELIGIBLE	eligible	/cephyr/users/mayoa/Vera/hpc_rnaseq_production_results/2026-09-10/runs/DRR099475/gene_counts.tsv.gz
DRR099476	ELIGIBLE	eligible	/cephyr/users/mayoa/Vera/hpc_rnaseq_production_results/2026-09-10/runs/DRR099476/gene_counts.tsv.gz
DRR099477	ELIGIBLE	eligible	/cephyr/users/mayoa/Vera/hpc_rnaseq_production_results/2026-09-10/runs/DRR099477/gene_counts.tsv.gz
DRR099478	ELIGIBLE	eligible	/cephyr/users/mayoa/Vera/hpc_rnaseq_production_results/2026-09-10/runs/DRR099478/gene_counts.tsv.gz
DRR099479	ELIGIBLE	eligible	/cephyr/users/mayoa/Vera/hpc_rnaseq_production_results/2026-09-10/runs/DRR099479/gene_counts.tsv.gz
DRR099480	ELIGIBLE	eligible	/cephyr/users/mayoa/Vera/hpc_rnaseq_production_results/2026-09-10/runs/DRR099480/gene_counts.tsv.gz
DRR099481	ELIGIBLE	eligible	/cephyr/users/mayoa/Vera/hpc_rnaseq_production_results/2026-09-10/runs/DRR099481/gene_counts.tsv.gz
DRR099482	ELIGIBLE	eligible	/cephyr/users/mayoa/Vera/hpc_rnaseq_production_results/2026-09-10/runs/DRR099482/gene_counts.tsv.gz
DRR099483	ELIGIBLE	eligible	/cephyr/users/mayoa/Vera/hpc_rnaseq_production_results/2026-09-10/runs/DRR099483/gene_counts.tsv.gz
DRR099484	ELIGIBLE	eligible	/cephyr/users/mayoa/Vera/hpc_rnaseq_production_results/2026-09-10/runs/DRR099484/gene_counts.tsv.gz
DRR099485	ELIGIBLE	eligible	/cephyr/users/mayoa/Vera/hpc_rnaseq_production_results/2026-09-10/runs/DRR099485/gene_counts.tsv.gz
DRR099486	ELIGIBLE	eligible	/cephyr/users/mayoa/Vera/hpc_rnaseq_production_results/2026-09-10/runs/DRR099486/gene_counts.tsv.gz
DRR099487	ELIGIBLE	eligible	/cephyr/users/mayoa/Vera/hpc_rnaseq_production_results/2026-09-10/runs/DRR099487/gene_counts.tsv.gz
DRR099488	ELIGIBLE	eligible	/cephyr/users/mayoa/Vera/hpc_rnaseq_production_results/2026-09-10/runs/DRR099488/gene_counts.tsv.gz
DRR099489	ELIGIBLE	eligible	/cephyr/users/mayoa/Vera/hpc_rnaseq_production_results/2026-09-10/runs/DRR099489/gene_counts.tsv.gz
DRR099490	ELIGIBLE	eligible	/cephyr/users/mayoa/Vera/hpc_rnaseq_production_results/2026-09-10/runs/DRR099490/gene_counts.tsv.gz
DRR099491	ELIGIBLE	eligible	/cephyr/users/mayoa/Vera/hpc_rnaseq_production_results/2026-09-10/runs/DRR099491/gene_counts.tsv.gz
DRR099492	ELIGIBLE	eligible	/cephyr/users/mayoa/Vera/hpc_rnaseq_production_results/2026-09-10/runs/DRR099492/gene_counts.tsv.gz
DRR099493	ELIGIBLE	eligible	/cephyr/users/mayoa/Vera/hpc_rnaseq_production_results/2026-09-10/runs/DRR099493/gene_counts.tsv.gz
DRR099494	ELIGIBLE	eligible	/cephyr/users/mayoa/Vera/hpc_rnaseq_production_results/2026-09-10/runs/DRR099494/gene_counts.tsv.gz
DRR099495	ELIGIBLE	eligible	/cephyr/users/mayoa/Vera/hpc_rnaseq_production_results/2026-09-10/runs/DRR099495/gene_counts.tsv.gz
DRR099496	ELIGIBLE	eligible	/cephyr/users/mayoa/Vera/hpc_rnaseq_production_results/2026-09-10/runs/DRR099496/gene_counts.tsv.gz
DRR099497	ELIGIBLE	eligible	/cephyr/users/mayoa/Vera/hpc_rnaseq_production_results/2026-09-10/runs/DRR099497/gene_counts.tsv.gz
DRR099498	ELIGIBLE	eligible	/cephyr/users/mayoa/Vera/hpc_rnaseq_production_results/2026-09-10/runs/DRR099498/gene_counts.tsv.gz
DRR099499	ELIGIBLE	eligible	/cephyr/users/mayoa/Vera/hpc_rnaseq_production_results/2026-09-10/runs/DRR099499/gene_counts.tsv.gz
DRR099500	ELIGIBLE	eligible	/cephyr/users/mayoa/Vera/hpc_rnaseq_production_results/2026-09-10/runs/DRR099500/gene_counts.tsv.gz
DRR126383	BLOCKED	excluded:single_cell_protocol	/cephyr/users/mayoa/Vera/hpc_rnaseq_production_results/2026-09-10/runs/DRR126383/gene_counts.tsv.gz
DRR126384	BLOCKED	excluded:single_cell_protocol	/cephyr/users/mayoa/Vera/hpc_rnaseq_production_results/2026-09-10/runs/DRR126384/gene_counts.tsv.gz
DRR126385	BLOCKED	excluded:single_cell_protocol	/cephyr/users/mayoa/Vera/hpc_rnaseq_production_results/2026-09-10/runs/DRR126385/gene_counts.tsv.gz
DRR126386	BLOCKED	excluded:single_cell_protocol	/cephyr/users/mayoa/Vera/hpc_rnaseq_production_results/2026-09-10/runs/DRR126386/gene_counts.tsv.gz
DRR126387	BLOCKED	excluded:single_cell_protocol	/cephyr/users/mayoa/Vera/hpc_rnaseq_production_results/2026-09-10/runs/DRR126387/gene_counts.tsv.gz
DRR126388	BLOCKED	excluded:single_cell_protocol	/cephyr/users/mayoa/Vera/hpc_rnaseq_production_results/2026-09-10/runs/DRR126388/gene_counts.tsv.gz
DRR126389	BLOCKED	excluded:single_cell_protocol	/cephyr/users/mayoa/Vera/hpc_rnaseq_production_results/2026-09-10/runs/DRR126389/gene_counts.tsv.gz
DRR126390	BLOCKED	excluded:single_cell_protocol	/cephyr/users/mayoa/Vera/hpc_rnaseq_production_results/2026-09-10/runs/DRR126390/gene_counts.tsv.gz
DRR126391	BLOCKED	excluded:single_cell_protocol	/cephyr/users/mayoa/Vera/hpc_rnaseq_production_results/2026-09-10/runs/DRR126391/gene_counts.tsv.gz
DRR126392	BLOCKED	excluded:single_cell_protocol	/cephyr/users/mayoa/Vera/hpc_rnaseq_production_results/2026-09-10/runs/DRR126392/gene_counts.tsv.gz
DRR126393	BLOCKED	excluded:single_cell_protocol	/cephyr/users/mayoa/Vera/hpc_rnaseq_production_results/2026-09-10/runs/DRR126393/gene_counts.tsv.gz
DRR126394	BLOCKED	excluded:single_cell_protocol	/cephyr/users/mayoa/Vera/hpc_rnaseq_production_results/2026-09-10/runs/DRR126394/gene_counts.tsv.gz
DRR126395	BLOCKED	excluded:single_cell_protocol	/cephyr/users/mayoa/Vera/hpc_rnaseq_production_results/2026-09-10/runs/DRR126395/gene_counts.tsv.gz
DRR126396	BLOCKED	excluded:single_cell_protocol	/cephyr/users/mayoa/Vera/hpc_rnaseq_production_results/2026-09-10/runs/DRR126396/gene_counts.tsv.gz
DRR126397	BLOCKED	excluded:single_cell_protocol	/cephyr/users/mayoa/Vera/hpc_rnaseq_production_results/2026-09-10/runs/DRR126397/gene_counts.tsv.gz
DRR126398	BLOCKED	excluded:single_cell_protocol	/cephyr/users/mayoa/Vera/hpc_rnaseq_production_results/2026-09-10/runs/DRR126398/gene_counts.tsv.gz
DRR126399	BLOCKED	excluded:single_cell_protocol	/cephyr/users/mayoa/Vera/hpc_rnaseq_production_results/2026-09-10/runs/DRR126399/gene_counts.tsv.gz
DRR126400	BLOCKED	excluded:single_cell_protocol	/cephyr/users/mayoa/Vera/hpc_rnaseq_production_results/2026-09-10/runs/DRR126400/gene_counts.tsv.gz
DRR126401	BLOCKED	excluded:single_cell_protocol	/cephyr/users/mayoa/Vera/hpc_rnaseq_production_results/2026-09-10/runs/DRR126401/gene_counts.tsv.gz
DRR126402	BLOCKED	excluded:single_cell_protocol	/cephyr/users/mayoa/Vera/hpc_rnaseq_production_results/2026-09-10/runs/DRR126402/gene_counts.tsv.gz
DRR126403	BLOCKED	excluded:single_cell_protocol	/cephyr/users/mayoa/Vera/hpc_rnaseq_production_results/2026-09-10/runs/DRR126403/gene_counts.tsv.gz
DRR126404	BLOCKED	excluded:single_cell_protocol	/cephyr/users/mayoa/Vera/hpc_rnaseq_production_results/2026-09-10/runs/DRR126404/gene_counts.tsv.gz
DRR126405	BLOCKED	excluded:single_cell_protocol	/cephyr/users/mayoa/Vera/hpc_rnaseq_production_results/2026-09-10/runs/DRR126405/gene_counts.tsv.gz
DRR126406	BLOCKED	excluded:single_cell_protocol	/cephyr/users/mayoa/Vera/hpc_rnaseq_production_results/2026-09-10/runs/DRR126406/gene_counts.tsv.gz
DRR126407	BLOCKED	excluded:single_cell_protocol	/cephyr/users/mayoa/Vera/hpc_rnaseq_production_results/2026-09-10/runs/DRR126407/gene_counts.tsv.gz
DRR126408	BLOCKED	excluded:single_cell_protocol	/cephyr/users/mayoa/Vera/hpc_rnaseq_production_results/2026-09-10/runs/DRR126408/gene_counts.tsv.gz
DRR126409	BLOCKED	excluded:single_cell_protocol	/cephyr/users/mayoa/Vera/hpc_rnaseq_production_results/2026-09-10/runs/DRR126409/gene_counts.tsv.gz
DRR126410	BLOCKED	excluded:single_cell_protocol	/cephyr/users/mayoa/Vera/hpc_rnaseq_production_results/2026-09-10/runs/DRR126410/gene_counts.tsv.gz
DRR126411	BLOCKED	excluded:single_cell_protocol	/cephyr/users/mayoa/Vera/hpc_rnaseq_production_results/2026-09-10/runs/DRR126411/gene_counts.tsv.gz
DRR126412	BLOCKED	excluded:single_cell_protocol	/cephyr/users/mayoa/Vera/hpc_rnaseq_production_results/2026-09-10/runs/DRR126412/gene_counts.tsv.gz
DRR126413	BLOCKED	excluded:single_cell_protocol	/cephyr/users/mayoa/Vera/hpc_rnaseq_production_results/2026-09-10/runs/DRR126413/gene_counts.tsv.gz
DRR126414	BLOCKED	excluded:single_cell_protocol	/cephyr/users/mayoa/Vera/hpc_rnaseq_production_results/2026-09-10/runs/DRR126414/gene_counts.tsv.gz
DRR164940	ELIGIBLE	eligible	/cephyr/users/mayoa/Vera/hpc_rnaseq_production_results/2026-09-10/runs/DRR164940/gene_counts.tsv.gz
DRR164941	ELIGIBLE	eligible	/cephyr/users/mayoa/Vera/hpc_rnaseq_production_results/2026-09-10/runs/DRR164941/gene_counts.tsv.gz
DRR164942	ELIGIBLE	eligible	/cephyr/users/mayoa/Vera/hpc_rnaseq_production_results/2026-09-10/runs/DRR164942/gene_counts.tsv.gz
DRR164943	ELIGIBLE	eligible	/cephyr/users/mayoa/Vera/hpc_rnaseq_production_results/2026-09-10/runs/DRR164943/gene_counts.tsv.gz
DRR164944	ELIGIBLE	eligible	/cephyr/users/mayoa/Vera/hpc_rnaseq_production_results/2026-09-10/runs/DRR164944/gene_counts.tsv.gz
DRR164945	ELIGIBLE	eligible	/cephyr/users/mayoa/Vera/hpc_rnaseq_production_results/2026-09-10/runs/DRR164945/gene_counts.tsv.gz
DRR164946	ELIGIBLE	eligible	/cephyr/users/mayoa/Vera/hpc_rnaseq_production_results/2026-09-10/runs/DRR164946/gene_counts.tsv.gz
DRR164947	ELIGIBLE	eligible	/cephyr/users/mayoa/Vera/hpc_rnaseq_production_results/2026-09-10/runs/DRR164947/gene_counts.tsv.gz
DRR164948	ELIGIBLE	eligible	/cephyr/users/mayoa/Vera/hpc_rnaseq_production_results/2026-09-10/runs/DRR164948/gene_counts.tsv.gz
DRR164949	ELIGIBLE	eligible	/cephyr/users/mayoa/Vera/hpc_rnaseq_production_results/2026-09-10/runs/DRR164949/gene_counts.tsv.gz
DRR164950	ELIGIBLE	eligible	/cephyr/users/mayoa/Vera/hpc_rnaseq_production_results/2026-09-10/runs/DRR164950/gene_counts.tsv.gz
DRR164951	ELIGIBLE	eligible	/cephyr/users/mayoa/Vera/hpc_rnaseq_production_results/2026-09-10/runs/DRR164951/gene_counts.tsv.gz
DRR169269	ELIGIBLE	eligible	/cephyr/users/mayoa/Vera/hpc_rnaseq_production_results/2026-09-10/runs/DRR169269/gene_counts.tsv.gz
DRR169270	ELIGIBLE	eligible	/cephyr/users/mayoa/Vera/hpc_rnaseq_production_results/2026-09-10/runs/DRR169270/gene_counts.tsv.gz
DRR169271	ELIGIBLE	eligible	/cephyr/users/mayoa/Vera/hpc_rnaseq_production_results/2026-09-10/runs/DRR169271/gene_counts.tsv.gz
DRR169272	ELIGIBLE	eligible	/cephyr/users/mayoa/Vera/hpc_rnaseq_production_results/2026-09-10/runs/DRR169272/gene_counts.tsv.gz
DRR169273	ELIGIBLE	eligible	/cephyr/users/mayoa/Vera/hpc_rnaseq_production_results/2026-09-10/runs/DRR169273/gene_counts.tsv.gz
DRR169274	ELIGIBLE	eligible	/cephyr/users/mayoa/Vera/hpc_rnaseq_production_results/2026-09-10/runs/DRR169274/gene_counts.tsv.gz
DRR169275	ELIGIBLE	eligible	/cephyr/users/mayoa/Vera/hpc_rnaseq_production_results/2026-09-10/runs/DRR169275/gene_counts.tsv.gz
DRR169276	ELIGIBLE	eligible	/cephyr/users/mayoa/Vera/hpc_rnaseq_production_results/2026-09-10/runs/DRR169276/gene_counts.tsv.gz
DRR169277	ELIGIBLE	eligible	/cephyr/users/mayoa/Vera/hpc_rnaseq_production_results/2026-09-10/runs/DRR169277/gene_counts.tsv.gz
DRR169278	ELIGIBLE	eligible	/cephyr/users/mayoa/Vera/hpc_rnaseq_production_results/2026-09-10/runs/DRR169278/gene_counts.tsv.gz
DRR169279	ELIGIBLE	eligible	/cephyr/users/mayoa/Vera/hpc_rnaseq_production_results/2026-09-10/runs/DRR169279/gene_counts.tsv.gz
DRR169280	ELIGIBLE	eligible	/cephyr/users/mayoa/Vera/hpc_rnaseq_production_results/2026-09-10/runs/DRR169280/gene_counts.tsv.gz
DRR169281	ELIGIBLE	eligible	/cephyr/users/mayoa/Vera/hpc_rnaseq_production_results/2026-09-10/runs/DRR169281/gene_counts.tsv.gz
DRR169282	ELIGIBLE	eligible	/cephyr/users/mayoa/Vera/hpc_rnaseq_production_results/2026-09-10/runs/DRR169282/gene_counts.tsv.gz
DRR169283	ELIGIBLE	eligible	/cephyr/users/mayoa/Vera/hpc_rnaseq_production_results/2026-09-10/runs/DRR169283/gene_counts.tsv.gz
DRR169284	ELIGIBLE	eligible	/cephyr/users/mayoa/Vera/hpc_rnaseq_production_results/2026-09-10/runs/DRR169284/gene_counts.tsv.gz
DRR169285	ELIGIBLE	eligible	/cephyr/users/mayoa/Vera/hpc_rnaseq_production_results/2026-09-10/runs/DRR169285/gene_counts.tsv.gz
DRR169286	ELIGIBLE	eligible	/cephyr/users/mayoa/Vera/hpc_rnaseq_production_results/2026-09-10/runs/DRR169286/gene_counts.tsv.gz
DRR169287	ELIGIBLE	eligible	/cephyr/users/mayoa/Vera/hpc_rnaseq_production_results/2026-09-10/runs/DRR169287/gene_counts.tsv.gz
DRR169288	ELIGIBLE	eligible	/cephyr/users/mayoa/Vera/hpc_rnaseq_production_results/2026-09-10/runs/DRR169288/gene_counts.tsv.gz
DRR169289	ELIGIBLE	eligible	/cephyr/users/mayoa/Vera/hpc_rnaseq_production_results/2026-09-10/runs/DRR169289/gene_counts.tsv.gz
DRR169290	ELIGIBLE	eligible	/cephyr/users/mayoa/Vera/hpc_rnaseq_production_results/2026-09-10/runs/DRR169290/gene_counts.tsv.gz
DRR169291	ELIGIBLE	eligible	/cephyr/users/mayoa/Vera/hpc_rnaseq_production_results/2026-09-10/runs/DRR169291/gene_counts.tsv.gz
DRR169292	ELIGIBLE	eligible	/cephyr/users/mayoa/Vera/hpc_rnaseq_production_results/2026-09-10/runs/DRR169292/gene_counts.tsv.gz
DRR169293	ELIGIBLE	eligible	/cephyr/users/mayoa/Vera/hpc_rnaseq_production_results/2026-09-10/runs/DRR169293/gene_counts.tsv.gz
DRR169294	ELIGIBLE	eligible	/cephyr/users/mayoa/Vera/hpc_rnaseq_production_results/2026-09-10/runs/DRR169294/gene_counts.tsv.gz
DRR169295	ELIGIBLE	eligible	/cephyr/users/mayoa/Vera/hpc_rnaseq_production_results/2026-09-10/runs/DRR169295/gene_counts.tsv.gz
DRR169296	ELIGIBLE	eligible	/cephyr/users/mayoa/Vera/hpc_rnaseq_production_results/2026-09-10/runs/DRR169296/gene_counts.tsv.gz
DRR169297	ELIGIBLE	eligible	/cephyr/users/mayoa/Vera/hpc_rnaseq_production_results/2026-09-10/runs/DRR169297/gene_counts.tsv.gz
DRR169298	ELIGIBLE	eligible	/cephyr/users/mayoa/Vera/hpc_rnaseq_production_results/2026-09-10/runs/DRR169298/gene_counts.tsv.gz
DRR169299	ELIGIBLE	eligible	/cephyr/users/mayoa/Vera/hpc_rnaseq_production_results/2026-09-10/runs/DRR169299/gene_counts.tsv.gz
DRR169300	ELIGIBLE	eligible	/cephyr/users/mayoa/Vera/hpc_rnaseq_production_results/2026-09-10/runs/DRR169300/gene_counts.tsv.gz
DRR169301	ELIGIBLE	eligible	/cephyr/users/mayoa/Vera/hpc_rnaseq_production_results/2026-09-10/runs/DRR169301/gene_counts.tsv.gz
DRR169302	ELIGIBLE	eligible	/cephyr/users/mayoa/Vera/hpc_rnaseq_production_results/2026-09-10/runs/DRR169302/gene_counts.tsv.gz
DRR169303	ELIGIBLE	eligible	/cephyr/users/mayoa/Vera/hpc_rnaseq_production_results/2026-09-10/runs/DRR169303/gene_counts.tsv.gz
DRR524604	ELIGIBLE	eligible	/cephyr/users/mayoa/Vera/hpc_rnaseq_production_results/2026-09-10/runs/DRR524604/gene_counts.tsv.gz
DRR524605	ELIGIBLE	eligible	/cephyr/users/mayoa/Vera/hpc_rnaseq_production_results/2026-09-10/runs/DRR524605/gene_counts.tsv.gz
DRR524608	ELIGIBLE	eligible	/cephyr/users/mayoa/Vera/hpc_rnaseq_production_results/2026-09-10/runs/DRR524608/gene_counts.tsv.gz
DRR524609	ELIGIBLE	eligible	/cephyr/users/mayoa/Vera/hpc_rnaseq_production_results/2026-09-10/runs/DRR524609/gene_counts.tsv.gz
DRR524612	ELIGIBLE	eligible	/cephyr/users/mayoa/Vera/hpc_rnaseq_production_results/2026-09-10/runs/DRR524612/gene_counts.tsv.gz
DRR524613	ELIGIBLE	eligible	/cephyr/users/mayoa/Vera/hpc_rnaseq_production_results/2026-09-10/runs/DRR524613/gene_counts.tsv.gz
DRR524616	ELIGIBLE	eligible	/cephyr/users/mayoa/Vera/hpc_rnaseq_production_results/2026-09-10/runs/DRR524616/gene_counts.tsv.gz
DRR524617	ELIGIBLE	eligible	/cephyr/users/mayoa/Vera/hpc_rnaseq_production_results/2026-09-10/runs/DRR524617/gene_counts.tsv.gz
DRR524620	ELIGIBLE	eligible	/cephyr/users/mayoa/Vera/hpc_rnaseq_production_results/2026-09-10/runs/DRR524620/gene_counts.tsv.gz
DRR524621	ELIGIBLE	eligible	/cephyr/users/mayoa/Vera/hpc_rnaseq_production_results/2026-09-10/runs/DRR524621/gene_counts.tsv.gz
DRR524624	ELIGIBLE	eligible	/cephyr/users/mayoa/Vera/hpc_rnaseq_production_results/2026-09-10/runs/DRR524624/gene_counts.tsv.gz
DRR524625	ELIGIBLE	eligible	/cephyr/users/mayoa/Vera/hpc_rnaseq_production_results/2026-09-10/runs/DRR524625/gene_counts.tsv.gz
DRR524628	ELIGIBLE	eligible	/cephyr/users/mayoa/Vera/hpc_rnaseq_production_results/2026-09-10/runs/DRR524628/gene_counts.tsv.gz
DRR524629	ELIGIBLE	eligible	/cephyr/users/mayoa/Vera/hpc_rnaseq_production_results/2026-09-10/runs/DRR524629/gene_counts.tsv.gz
DRR706773	BLOCKED	excluded:non_CHO	/cephyr/users/mayoa/Vera/hpc_rnaseq_production_results/2026-09-10/runs/DRR706773/gene_counts.tsv.gz
DRR706774	BLOCKED	excluded:non_CHO	/cephyr/users/mayoa/Vera/hpc_rnaseq_production_results/2026-09-10/runs/DRR706774/gene_counts.tsv.gz
DRR706775	BLOCKED	excluded:non_CHO	/cephyr/users/mayoa/Vera/hpc_rnaseq_production_results/2026-09-10/runs/DRR706775/gene_counts.tsv.gz
DRR706776	BLOCKED	excluded:non_CHO	/cephyr/users/mayoa/Vera/hpc_rnaseq_production_results/2026-09-10/runs/DRR706776/gene_counts.tsv.gz
DRR706777	BLOCKED	excluded:non_CHO	/cephyr/users/mayoa/Vera/hpc_rnaseq_production_results/2026-09-10/runs/DRR706777/gene_counts.tsv.gz
DRR706778	BLOCKED	excluded:non_CHO	/cephyr/users/mayoa/Vera/hpc_rnaseq_production_results/2026-09-10/runs/DRR706778/gene_counts.tsv.gz
DRR706779	ELIGIBLE	eligible	/cephyr/users/mayoa/Vera/hpc_rnaseq_production_results/2026-09-10/runs/DRR706779/gene_counts.tsv.gz
DRR706780	ELIGIBLE	eligible	/cephyr/users/mayoa/Vera/hpc_rnaseq_production_results/2026-09-10/runs/DRR706780/gene_counts.tsv.gz
DRR706781	ELIGIBLE	eligible	/cephyr/users/mayoa/Vera/hpc_rnaseq_production_results/2026-09-10/runs/DRR706781/gene_counts.tsv.gz
DRR706782	ELIGIBLE	eligible	/cephyr/users/mayoa/Vera/hpc_rnaseq_production_results/2026-09-10/runs/DRR706782/gene_counts.tsv.gz
DRR706783	ELIGIBLE	eligible	/cephyr/users/mayoa/Vera/hpc_rnaseq_production_results/2026-09-10/runs/DRR706783/gene_counts.tsv.gz
DRR706784	ELIGIBLE	eligible	/cephyr/users/mayoa/Vera/hpc_rnaseq_production_results/2026-09-10/runs/DRR706784/gene_counts.tsv.gz
DRR706785	BLOCKED	excluded:non_CHO	/cephyr/users/mayoa/Vera/hpc_rnaseq_production_results/2026-09-10/runs/DRR706785/gene_counts.tsv.gz
DRR706786	BLOCKED	excluded:non_CHO	/cephyr/users/mayoa/Vera/hpc_rnaseq_production_results/2026-09-10/runs/DRR706786/gene_counts.tsv.gz
DRR706787	BLOCKED	excluded:non_CHO	/cephyr/users/mayoa/Vera/hpc_rnaseq_production_results/2026-09-10/runs/DRR706787/gene_counts.tsv.gz
DRR706788	ELIGIBLE	eligible	/cephyr/users/mayoa/Vera/hpc_rnaseq_production_results/2026-09-10/runs/DRR706788/gene_counts.tsv.gz
DRR706789	ELIGIBLE	eligible	/cephyr/users/mayoa/Vera/hpc_rnaseq_production_results/2026-09-10/runs/DRR706789/gene_counts.tsv.gz
DRR706790	ELIGIBLE	eligible	/cephyr/users/mayoa/Vera/hpc_rnaseq_production_results/2026-09-10/runs/DRR706790/gene_counts.tsv.gz
ERR10745711	ELIGIBLE	eligible	/cephyr/users/mayoa/Vera/hpc_rnaseq_production_results/2026-09-10/runs/ERR10745711/gene_counts.tsv.gz
ERR10745712	ELIGIBLE	eligible	/cephyr/users/mayoa/Vera/hpc_rnaseq_production_results/2026-09-10/runs/ERR10745712/gene_counts.tsv.gz
ERR10745713	ELIGIBLE	eligible	/cephyr/users/mayoa/Vera/hpc_rnaseq_production_results/2026-09-10/runs/ERR10745713/gene_counts.tsv.gz
ERR10745714	ELIGIBLE	eligible	/cephyr/users/mayoa/Vera/hpc_rnaseq_production_results/2026-09-10/runs/ERR10745714/gene_counts.tsv.gz
ERR10745715	ELIGIBLE	eligible	/cephyr/users/mayoa/Vera/hpc_rnaseq_production_results/2026-09-10/runs/ERR10745715/gene_counts.tsv.gz
ERR10745716	ELIGIBLE	eligible	/cephyr/users/mayoa/Vera/hpc_rnaseq_production_results/2026-09-10/runs/ERR10745716/gene_counts.tsv.gz
ERR10745717	ELIGIBLE	eligible	/cephyr/users/mayoa/Vera/hpc_rnaseq_production_results/2026-09-10/runs/ERR10745717/gene_counts.tsv.gz
ERR10745718	ELIGIBLE	eligible	/cephyr/users/mayoa/Vera/hpc_rnaseq_production_results/2026-09-10/runs/ERR10745718/gene_counts.tsv.gz
ERR10745719	ELIGIBLE	eligible	/cephyr/users/mayoa/Vera/hpc_rnaseq_production_results/2026-09-10/runs/ERR10745719/gene_counts.tsv.gz
ERR10745720	ELIGIBLE	eligible	/cephyr/users/mayoa/Vera/hpc_rnaseq_production_results/2026-09-10/runs/ERR10745720/gene_counts.tsv.gz
ERR10745721	ELIGIBLE	eligible	/cephyr/users/mayoa/Vera/hpc_rnaseq_production_results/2026-09-10/runs/ERR10745721/gene_counts.tsv.gz
ERR10745722	ELIGIBLE	eligible	/cephyr/users/mayoa/Vera/hpc_rnaseq_production_results/2026-09-10/runs/ERR10745722/gene_counts.tsv.gz
ERR10745723	ELIGIBLE	eligible	/cephyr/users/mayoa/Vera/hpc_rnaseq_production_results/2026-09-10/runs/ERR10745723/gene_counts.tsv.gz
ERR10745724	ELIGIBLE	eligible	/cephyr/users/mayoa/Vera/hpc_rnaseq_production_results/2026-09-10/runs/ERR10745724/gene_counts.tsv.gz
ERR10745725	ELIGIBLE	eligible	/cephyr/users/mayoa/Vera/hpc_rnaseq_production_results/2026-09-10/runs/ERR10745725/gene_counts.tsv.gz
ERR10745726	ELIGIBLE	eligible	/cephyr/users/mayoa/Vera/hpc_rnaseq_production_results/2026-09-10/runs/ERR10745726/gene_counts.tsv.gz
ERR10745727	ELIGIBLE	eligible	/cephyr/users/mayoa/Vera/hpc_rnaseq_production_results/2026-09-10/runs/ERR10745727/gene_counts.tsv.gz
ERR10745728	ELIGIBLE	eligible	/cephyr/users/mayoa/Vera/hpc_rnaseq_production_results/2026-09-10/runs/ERR10745728/gene_counts.tsv.gz
ERR10745729	ELIGIBLE	eligible	/cephyr/users/mayoa/Vera/hpc_rnaseq_production_results/2026-09-10/runs/ERR10745729/gene_counts.tsv.gz
ERR10745730	ELIGIBLE	eligible	/cephyr/users/mayoa/Vera/hpc_rnaseq_production_results/2026-09-10/runs/ERR10745730/gene_counts.tsv.gz
ERR10745731	ELIGIBLE	eligible	/cephyr/users/mayoa/Vera/hpc_rnaseq_production_results/2026-09-10/runs/ERR10745731/gene_counts.tsv.gz
ERR10745732	ELIGIBLE	eligible	/cephyr/users/mayoa/Vera/hpc_rnaseq_production_results/2026-09-10/runs/ERR10745732/gene_counts.tsv.gz
ERR10745733	ELIGIBLE	eligible	/cephyr/users/mayoa/Vera/hpc_rnaseq_production_results/2026-09-10/runs/ERR10745733/gene_counts.tsv.gz
ERR10745734	ELIGIBLE	eligible	/cephyr/users/mayoa/Vera/hpc_rnaseq_production_results/2026-09-10/runs/ERR10745734/gene_counts.tsv.gz
ERR10745735	ELIGIBLE	eligible	/cephyr/users/mayoa/Vera/hpc_rnaseq_production_results/2026-09-10/runs/ERR10745735/gene_counts.tsv.gz
ERR10745736	ELIGIBLE	eligible	/cephyr/users/mayoa/Vera/hpc_rnaseq_production_results/2026-09-10/runs/ERR10745736/gene_counts.tsv.gz
ERR10745737	ELIGIBLE	eligible	/cephyr/users/mayoa/Vera/hpc_rnaseq_production_results/2026-09-10/runs/ERR10745737/gene_counts.tsv.gz
ERR10745738	ELIGIBLE	eligible	/cephyr/users/mayoa/Vera/hpc_rnaseq_production_results/2026-09-10/runs/ERR10745738/gene_counts.tsv.gz
ERR10745739	ELIGIBLE	eligible	/cephyr/users/mayoa/Vera/hpc_rnaseq_production_results/2026-09-10/runs/ERR10745739/gene_counts.tsv.gz
ERR10745740	ELIGIBLE	eligible	/cephyr/users/mayoa/Vera/hpc_rnaseq_production_results/2026-09-10/runs/ERR10745740/gene_counts.tsv.gz
ERR10745741	ELIGIBLE	eligible	/cephyr/users/mayoa/Vera/hpc_rnaseq_production_results/2026-09-10/runs/ERR10745741/gene_counts.tsv.gz
ERR10745742	ELIGIBLE	eligible	/cephyr/users/mayoa/Vera/hpc_rnaseq_production_results/2026-09-10/runs/ERR10745742/gene_counts.tsv.gz
ERR10745743	ELIGIBLE	eligible	/cephyr/users/mayoa/Vera/hpc_rnaseq_production_results/2026-09-10/runs/ERR10745743/gene_counts.tsv.gz
ERR10745744	ELIGIBLE	eligible	/cephyr/users/mayoa/Vera/hpc_rnaseq_production_results/2026-09-10/runs/ERR10745744/gene_counts.tsv.gz
ERR10745745	ELIGIBLE	eligible	/cephyr/users/mayoa/Vera/hpc_rnaseq_production_results/2026-09-10/runs/ERR10745745/gene_counts.tsv.gz
ERR10745746	ELIGIBLE	eligible	/cephyr/users/mayoa/Vera/hpc_rnaseq_production_results/2026-09-10/runs/ERR10745746/gene_counts.tsv.gz
ERR10745747	ELIGIBLE	eligible	/cephyr/users/mayoa/Vera/hpc_rnaseq_production_results/2026-09-10/runs/ERR10745747/gene_counts.tsv.gz
ERR10745748	ELIGIBLE	eligible	/cephyr/users/mayoa/Vera/hpc_rnaseq_production_results/2026-09-10/runs/ERR10745748/gene_counts.tsv.gz
ERR10745749	ELIGIBLE	eligible	/cephyr/users/mayoa/Vera/hpc_rnaseq_production_results/2026-09-10/runs/ERR10745749/gene_counts.tsv.gz
ERR10745750	ELIGIBLE	eligible	/cephyr/users/mayoa/Vera/hpc_rnaseq_production_results/2026-09-10/runs/ERR10745750/gene_counts.tsv.gz
ERR10745751	ELIGIBLE	eligible	/cephyr/users/mayoa/Vera/hpc_rnaseq_production_results/2026-09-10/runs/ERR10745751/gene_counts.tsv.gz
ERR10745752	ELIGIBLE	eligible	/cephyr/users/mayoa/Vera/hpc_rnaseq_production_results/2026-09-10/runs/ERR10745752/gene_counts.tsv.gz
ERR10745753	ELIGIBLE	eligible	/cephyr/users/mayoa/Vera/hpc_rnaseq_production_results/2026-09-10/runs/ERR10745753/gene_counts.tsv.gz
ERR10745754	ELIGIBLE	eligible	/cephyr/users/mayoa/Vera/hpc_rnaseq_production_results/2026-09-10/runs/ERR10745754/gene_counts.tsv.gz
ERR10745755	ELIGIBLE	eligible	/cephyr/users/mayoa/Vera/hpc_rnaseq_production_results/2026-09-10/runs/ERR10745755/gene_counts.tsv.gz
ERR10745756	ELIGIBLE	eligible	/cephyr/users/mayoa/Vera/hpc_rnaseq_production_results/2026-09-10/runs/ERR10745756/gene_counts.tsv.gz
ERR10745757	ELIGIBLE	eligible	/cephyr/users/mayoa/Vera/hpc_rnaseq_production_results/2026-09-10/runs/ERR10745757/gene_counts.tsv.gz
ERR15000453	ELIGIBLE	eligible	/cephyr/users/mayoa/Vera/hpc_rnaseq_production_results/2026-09-10/runs/ERR15000453/gene_counts.tsv.gz
ERR15000454	ELIGIBLE	eligible	/cephyr/users/mayoa/Vera/hpc_rnaseq_production_results/2026-09-10/runs/ERR15000454/gene_counts.tsv.gz
ERR15000455	ELIGIBLE	eligible	/cephyr/users/mayoa/Vera/hpc_rnaseq_production_results/2026-09-10/runs/ERR15000455/gene_counts.tsv.gz
ERR15000456	ELIGIBLE	eligible	/cephyr/users/mayoa/Vera/hpc_rnaseq_production_results/2026-09-10/runs/ERR15000456/gene_counts.tsv.gz
ERR15000457	ELIGIBLE	eligible	/cephyr/users/mayoa/Vera/hpc_rnaseq_production_results/2026-09-10/runs/ERR15000457/gene_counts.tsv.gz
ERR15000458	ELIGIBLE	eligible	/cephyr/users/mayoa/Vera/hpc_rnaseq_production_results/2026-09-10/runs/ERR15000458/gene_counts.tsv.gz
ERR15000459	ELIGIBLE	eligible	/cephyr/users/mayoa/Vera/hpc_rnaseq_production_results/2026-09-10/runs/ERR15000459/gene_counts.tsv.gz
ERR15000460	ELIGIBLE	eligible	/cephyr/users/mayoa/Vera/hpc_rnaseq_production_results/2026-09-10/runs/ERR15000460/gene_counts.tsv.gz
ERR15000461	ELIGIBLE	eligible	/cephyr/users/mayoa/Vera/hpc_rnaseq_production_results/2026-09-10/runs/ERR15000461/gene_counts.tsv.gz
ERR15000462	ELIGIBLE	eligible	/cephyr/users/mayoa/Vera/hpc_rnaseq_production_results/2026-09-10/runs/ERR15000462/gene_counts.tsv.gz
ERR15000463	ELIGIBLE	eligible	/cephyr/users/mayoa/Vera/hpc_rnaseq_production_results/2026-09-10/runs/ERR15000463/gene_counts.tsv.gz
ERR15000464	ELIGIBLE	eligible	/cephyr/users/mayoa/Vera/hpc_rnaseq_production_results/2026-09-10/runs/ERR15000464/gene_counts.tsv.gz
ERR15000465	ELIGIBLE	eligible	/cephyr/users/mayoa/Vera/hpc_rnaseq_production_results/2026-09-10/runs/ERR15000465/gene_counts.tsv.gz
ERR15000466	ELIGIBLE	eligible	/cephyr/users/mayoa/Vera/hpc_rnaseq_production_results/2026-09-10/runs/ERR15000466/gene_counts.tsv.gz
ERR15000467	ELIGIBLE	eligible	/cephyr/users/mayoa/Vera/hpc_rnaseq_production_results/2026-09-10/runs/ERR15000467/gene_counts.tsv.gz
ERR15000468	ELIGIBLE	eligible	/cephyr/users/mayoa/Vera/hpc_rnaseq_production_results/2026-09-10/runs/ERR15000468/gene_counts.tsv.gz
ERR15000469	ELIGIBLE	eligible	/cephyr/users/mayoa/Vera/hpc_rnaseq_production_results/2026-09-10/runs/ERR15000469/gene_counts.tsv.gz
ERR15000470	ELIGIBLE	eligible	/cephyr/users/mayoa/Vera/hpc_rnaseq_production_results/2026-09-10/runs/ERR15000470/gene_counts.tsv.gz
ERR15000471	ELIGIBLE	eligible	/cephyr/users/mayoa/Vera/hpc_rnaseq_production_results/2026-09-10/runs/ERR15000471/gene_counts.tsv.gz
ERR15000472	ELIGIBLE	eligible	/cephyr/users/mayoa/Vera/hpc_rnaseq_production_results/2026-09-10/runs/ERR15000472/gene_counts.tsv.gz
ERR15000473	ELIGIBLE	eligible	/cephyr/users/mayoa/Vera/hpc_rnaseq_production_results/2026-09-10/runs/ERR15000473/gene_counts.tsv.gz
ERR15000474	ELIGIBLE	eligible	/cephyr/users/mayoa/Vera/hpc_rnaseq_production_results/2026-09-10/runs/ERR15000474/gene_counts.tsv.gz
ERR15000475	ELIGIBLE	eligible	/cephyr/users/mayoa/Vera/hpc_rnaseq_production_results/2026-09-10/runs/ERR15000475/gene_counts.tsv.gz
ERR15000476	ELIGIBLE	eligible	/cephyr/users/mayoa/Vera/hpc_rnaseq_production_results/2026-09-10/runs/ERR15000476/gene_counts.tsv.gz
ERR15000477	ELIGIBLE	eligible	/cephyr/users/mayoa/Vera/hpc_rnaseq_production_results/2026-09-10/runs/ERR15000477/gene_counts.tsv.gz
ERR15000478	ELIGIBLE	eligible	/cephyr/users/mayoa/Vera/hpc_rnaseq_production_results/2026-09-10/runs/ERR15000478/gene_counts.tsv.gz
ERR15000486	ELIGIBLE	eligible	/cephyr/users/mayoa/Vera/hpc_rnaseq_production_results/2026-09-10/runs/ERR15000486/gene_counts.tsv.gz
ERR15000497	ELIGIBLE	eligible	/cephyr/users/mayoa/Vera/hpc_rnaseq_production_results/2026-09-10/runs/ERR15000497/gene_counts.tsv.gz
ERR15000508	ELIGIBLE	eligible	/cephyr/users/mayoa/Vera/hpc_rnaseq_production_results/2026-09-10/runs/ERR15000508/gene_counts.tsv.gz
ERR15000519	ELIGIBLE	eligible	/cephyr/users/mayoa/Vera/hpc_rnaseq_production_results/2026-09-10/runs/ERR15000519/gene_counts.tsv.gz
ERR15000530	ELIGIBLE	eligible	/cephyr/users/mayoa/Vera/hpc_rnaseq_production_results/2026-09-10/runs/ERR15000530/gene_counts.tsv.gz
ERR15000540	ELIGIBLE	eligible	/cephyr/users/mayoa/Vera/hpc_rnaseq_production_results/2026-09-10/runs/ERR15000540/gene_counts.tsv.gz
ERR16729274	ELIGIBLE	eligible	/cephyr/users/mayoa/Vera/hpc_rnaseq_production_results/2026-09-10/runs/ERR16729274/gene_counts.tsv.gz
ERR16729275	ELIGIBLE	eligible	/cephyr/users/mayoa/Vera/hpc_rnaseq_production_results/2026-09-10/runs/ERR16729275/gene_counts.tsv.gz
ERR16729276	ELIGIBLE	eligible	/cephyr/users/mayoa/Vera/hpc_rnaseq_production_results/2026-09-10/runs/ERR16729276/gene_counts.tsv.gz
ERR16729277	ELIGIBLE	eligible	/cephyr/users/mayoa/Vera/hpc_rnaseq_production_results/2026-09-10/runs/ERR16729277/gene_counts.tsv.gz
ERR16729278	ELIGIBLE	eligible	/cephyr/users/mayoa/Vera/hpc_rnaseq_production_results/2026-09-10/runs/ERR16729278/gene_counts.tsv.gz
ERR16729279	ELIGIBLE	eligible	/cephyr/users/mayoa/Vera/hpc_rnaseq_production_results/2026-09-10/runs/ERR16729279/gene_counts.tsv.gz
ERR16729280	ELIGIBLE	eligible	/cephyr/users/mayoa/Vera/hpc_rnaseq_production_results/2026-09-10/runs/ERR16729280/gene_counts.tsv.gz
ERR16729281	ELIGIBLE	eligible	/cephyr/users/mayoa/Vera/hpc_rnaseq_production_results/2026-09-10/runs/ERR16729281/gene_counts.tsv.gz
ERR16729282	ELIGIBLE	eligible	/cephyr/users/mayoa/Vera/hpc_rnaseq_production_results/2026-09-10/runs/ERR16729282/gene_counts.tsv.gz
ERR16729283	ELIGIBLE	eligible	/cephyr/users/mayoa/Vera/hpc_rnaseq_production_results/2026-09-10/runs/ERR16729283/gene_counts.tsv.gz
ERR16729284	ELIGIBLE	eligible	/cephyr/users/mayoa/Vera/hpc_rnaseq_production_results/2026-09-10/runs/ERR16729284/gene_counts.tsv.gz
ERR16729285	ELIGIBLE	eligible	/cephyr/users/mayoa/Vera/hpc_rnaseq_production_results/2026-09-10/runs/ERR16729285/gene_counts.tsv.gz
ERR16729286	ELIGIBLE	eligible	/cephyr/users/mayoa/Vera/hpc_rnaseq_production_results/2026-09-10/runs/ERR16729286/gene_counts.tsv.gz
ERR16729287	ELIGIBLE	eligible	/cephyr/users/mayoa/Vera/hpc_rnaseq_production_results/2026-09-10/runs/ERR16729287/gene_counts.tsv.gz
ERR16729288	ELIGIBLE	eligible	/cephyr/users/mayoa/Vera/hpc_rnaseq_production_results/2026-09-10/runs/ERR16729288/gene_counts.tsv.gz
ERR16729289	ELIGIBLE	eligible	/cephyr/users/mayoa/Vera/hpc_rnaseq_production_results/2026-09-10/runs/ERR16729289/gene_counts.tsv.gz
ERR16729290	ELIGIBLE	eligible	/cephyr/users/mayoa/Vera/hpc_rnaseq_production_results/2026-09-10/runs/ERR16729290/gene_counts.tsv.gz
ERR16729291	ELIGIBLE	eligible	/cephyr/users/mayoa/Vera/hpc_rnaseq_production_results/2026-09-10/runs/ERR16729291/gene_counts.tsv.gz
ERR16729292	ELIGIBLE	eligible	/cephyr/users/mayoa/Vera/hpc_rnaseq_production_results/2026-09-10/runs/ERR16729292/gene_counts.tsv.gz
ERR16729293	ELIGIBLE	eligible	/cephyr/users/mayoa/Vera/hpc_rnaseq_production_results/2026-09-10/runs/ERR16729293/gene_counts.tsv.gz
ERR16729294	ELIGIBLE	eligible	/cephyr/users/mayoa/Vera/hpc_rnaseq_production_results/2026-09-10/runs/ERR16729294/gene_counts.tsv.gz
ERR16729295	ELIGIBLE	eligible	/cephyr/users/mayoa/Vera/hpc_rnaseq_production_results/2026-09-10/runs/ERR16729295/gene_counts.tsv.gz
ERR16729296	ELIGIBLE	eligible	/cephyr/users/mayoa/Vera/hpc_rnaseq_production_results/2026-09-10/runs/ERR16729296/gene_counts.tsv.gz
ERR16729297	ELIGIBLE	eligible	/cephyr/users/mayoa/Vera/hpc_rnaseq_production_results/2026-09-10/runs/ERR16729297/gene_counts.tsv.gz
ERR1983091	ELIGIBLE	eligible	/cephyr/users/mayoa/Vera/hpc_rnaseq_production_results/2026-09-10/runs/ERR1983091/gene_counts.tsv.gz
ERR1983092	ELIGIBLE	eligible	/cephyr/users/mayoa/Vera/hpc_rnaseq_production_results/2026-09-10/runs/ERR1983092/gene_counts.tsv.gz
ERR1983093	ELIGIBLE	eligible	/cephyr/users/mayoa/Vera/hpc_rnaseq_production_results/2026-09-10/runs/ERR1983093/gene_counts.tsv.gz
ERR1983094	ELIGIBLE	eligible	/cephyr/users/mayoa/Vera/hpc_rnaseq_production_results/2026-09-10/runs/ERR1983094/gene_counts.tsv.gz
ERR1983095	ELIGIBLE	eligible	/cephyr/users/mayoa/Vera/hpc_rnaseq_production_results/2026-09-10/runs/ERR1983095/gene_counts.tsv.gz
ERR1983096	ELIGIBLE	eligible	/cephyr/users/mayoa/Vera/hpc_rnaseq_production_results/2026-09-10/runs/ERR1983096/gene_counts.tsv.gz
ERR1983097	ELIGIBLE	eligible	/cephyr/users/mayoa/Vera/hpc_rnaseq_production_results/2026-09-10/runs/ERR1983097/gene_counts.tsv.gz
ERR2593198	ELIGIBLE	eligible	/cephyr/users/mayoa/Vera/hpc_rnaseq_production_results/2026-09-10/runs/ERR2593198/gene_counts.tsv.gz
ERR2593199	ELIGIBLE	eligible	/cephyr/users/mayoa/Vera/hpc_rnaseq_production_results/2026-09-10/runs/ERR2593199/gene_counts.tsv.gz
ERR2593200	ELIGIBLE	eligible	/cephyr/users/mayoa/Vera/hpc_rnaseq_production_results/2026-09-10/runs/ERR2593200/gene_counts.tsv.gz
ERR2593201	ELIGIBLE	eligible	/cephyr/users/mayoa/Vera/hpc_rnaseq_production_results/2026-09-10/runs/ERR2593201/gene_counts.tsv.gz
ERR2593202	ELIGIBLE	eligible	/cephyr/users/mayoa/Vera/hpc_rnaseq_production_results/2026-09-10/runs/ERR2593202/gene_counts.tsv.gz
ERR2593203	ELIGIBLE	eligible	/cephyr/users/mayoa/Vera/hpc_rnaseq_production_results/2026-09-10/runs/ERR2593203/gene_counts.tsv.gz
ERR2593204	ELIGIBLE	eligible	/cephyr/users/mayoa/Vera/hpc_rnaseq_production_results/2026-09-10/runs/ERR2593204/gene_counts.tsv.gz
ERR2593205	ELIGIBLE	eligible	/cephyr/users/mayoa/Vera/hpc_rnaseq_production_results/2026-09-10/runs/ERR2593205/gene_counts.tsv.gz
ERR2593206	ELIGIBLE	eligible	/cephyr/users/mayoa/Vera/hpc_rnaseq_production_results/2026-09-10/runs/ERR2593206/gene_counts.tsv.gz
ERR3001877	ELIGIBLE	eligible	/cephyr/users/mayoa/Vera/hpc_rnaseq_production_results/2026-09-10/runs/ERR3001877/gene_counts.tsv.gz
ERR3001878	ELIGIBLE	eligible	/cephyr/users/mayoa/Vera/hpc_rnaseq_production_results/2026-09-10/runs/ERR3001878/gene_counts.tsv.gz
ERR3001879	ELIGIBLE	eligible	/cephyr/users/mayoa/Vera/hpc_rnaseq_production_results/2026-09-10/runs/ERR3001879/gene_counts.tsv.gz
ERR3001880	ELIGIBLE	eligible	/cephyr/users/mayoa/Vera/hpc_rnaseq_production_results/2026-09-10/runs/ERR3001880/gene_counts.tsv.gz
ERR3001881	ELIGIBLE	eligible	/cephyr/users/mayoa/Vera/hpc_rnaseq_production_results/2026-09-10/runs/ERR3001881/gene_counts.tsv.gz
ERR3001882	ELIGIBLE	eligible	/cephyr/users/mayoa/Vera/hpc_rnaseq_production_results/2026-09-10/runs/ERR3001882/gene_counts.tsv.gz
ERR3001883	ELIGIBLE	eligible	/cephyr/users/mayoa/Vera/hpc_rnaseq_production_results/2026-09-10/runs/ERR3001883/gene_counts.tsv.gz
ERR3001884	ELIGIBLE	eligible	/cephyr/users/mayoa/Vera/hpc_rnaseq_production_results/2026-09-10/runs/ERR3001884/gene_counts.tsv.gz
ERR3001885	ELIGIBLE	eligible	/cephyr/users/mayoa/Vera/hpc_rnaseq_production_results/2026-09-10/runs/ERR3001885/gene_counts.tsv.gz
ERR3001886	ELIGIBLE	eligible	/cephyr/users/mayoa/Vera/hpc_rnaseq_production_results/2026-09-10/runs/ERR3001886/gene_counts.tsv.gz
ERR3001887	ELIGIBLE	eligible	/cephyr/users/mayoa/Vera/hpc_rnaseq_production_results/2026-09-10/runs/ERR3001887/gene_counts.tsv.gz
ERR3001888	ELIGIBLE	eligible	/cephyr/users/mayoa/Vera/hpc_rnaseq_production_results/2026-09-10/runs/ERR3001888/gene_counts.tsv.gz
ERR3001889	ELIGIBLE	eligible	/cephyr/users/mayoa/Vera/hpc_rnaseq_production_results/2026-09-10/runs/ERR3001889/gene_counts.tsv.gz
ERR3001890	ELIGIBLE	eligible	/cephyr/users/mayoa/Vera/hpc_rnaseq_production_results/2026-09-10/runs/ERR3001890/gene_counts.tsv.gz
ERR3001891	ELIGIBLE	eligible	/cephyr/users/mayoa/Vera/hpc_rnaseq_production_results/2026-09-10/runs/ERR3001891/gene_counts.tsv.gz
ERR3001892	ELIGIBLE	eligible	/cephyr/users/mayoa/Vera/hpc_rnaseq_production_results/2026-09-10/runs/ERR3001892/gene_counts.tsv.gz
ERR3001893	ELIGIBLE	eligible	/cephyr/users/mayoa/Vera/hpc_rnaseq_production_results/2026-09-10/runs/ERR3001893/gene_counts.tsv.gz
ERR3001894	ELIGIBLE	eligible	/cephyr/users/mayoa/Vera/hpc_rnaseq_production_results/2026-09-10/runs/ERR3001894/gene_counts.tsv.gz
ERR3374020	ELIGIBLE	eligible	/cephyr/users/mayoa/Vera/hpc_rnaseq_production_results/2026-09-10/runs/ERR3374020/gene_counts.tsv.gz
ERR3374021	ELIGIBLE	eligible	/cephyr/users/mayoa/Vera/hpc_rnaseq_production_results/2026-09-10/runs/ERR3374021/gene_counts.tsv.gz
ERR3374022	ELIGIBLE	eligible	/cephyr/users/mayoa/Vera/hpc_rnaseq_production_results/2026-09-10/runs/ERR3374022/gene_counts.tsv.gz
ERR3374023	ELIGIBLE	eligible	/cephyr/users/mayoa/Vera/hpc_rnaseq_production_results/2026-09-10/runs/ERR3374023/gene_counts.tsv.gz
ERR3374024	ELIGIBLE	eligible	/cephyr/users/mayoa/Vera/hpc_rnaseq_production_results/2026-09-10/runs/ERR3374024/gene_counts.tsv.gz
ERR3374025	ELIGIBLE	eligible	/cephyr/users/mayoa/Vera/hpc_rnaseq_production_results/2026-09-10/runs/ERR3374025/gene_counts.tsv.gz
ERR3374026	ELIGIBLE	eligible	/cephyr/users/mayoa/Vera/hpc_rnaseq_production_results/2026-09-10/runs/ERR3374026/gene_counts.tsv.gz
ERR3374027	ELIGIBLE	eligible	/cephyr/users/mayoa/Vera/hpc_rnaseq_production_results/2026-09-10/runs/ERR3374027/gene_counts.tsv.gz
ERR3374028	ELIGIBLE	eligible	/cephyr/users/mayoa/Vera/hpc_rnaseq_production_results/2026-09-10/runs/ERR3374028/gene_counts.tsv.gz
ERR3374029	ELIGIBLE	eligible	/cephyr/users/mayoa/Vera/hpc_rnaseq_production_results/2026-09-10/runs/ERR3374029/gene_counts.tsv.gz
ERR359637	ELIGIBLE	eligible	/cephyr/users/mayoa/Vera/hpc_rnaseq_production_results/2026-09-10/runs/ERR359637/gene_counts.tsv.gz
ERR359638	ELIGIBLE	eligible	/cephyr/users/mayoa/Vera/hpc_rnaseq_production_results/2026-09-10/runs/ERR359638/gene_counts.tsv.gz
ERR3668300	ELIGIBLE	eligible	/cephyr/users/mayoa/Vera/hpc_rnaseq_production_results/2026-09-10/runs/ERR3668300/gene_counts.tsv.gz
ERR3668301	ELIGIBLE	eligible	/cephyr/users/mayoa/Vera/hpc_rnaseq_production_results/2026-09-10/runs/ERR3668301/gene_counts.tsv.gz
ERR3668302	ELIGIBLE	eligible	/cephyr/users/mayoa/Vera/hpc_rnaseq_production_results/2026-09-10/runs/ERR3668302/gene_counts.tsv.gz
ERR3668303	ELIGIBLE	eligible	/cephyr/users/mayoa/Vera/hpc_rnaseq_production_results/2026-09-10/runs/ERR3668303/gene_counts.tsv.gz
ERR3668304	ELIGIBLE	eligible	/cephyr/users/mayoa/Vera/hpc_rnaseq_production_results/2026-09-10/runs/ERR3668304/gene_counts.tsv.gz
ERR3668305	ELIGIBLE	eligible	/cephyr/users/mayoa/Vera/hpc_rnaseq_production_results/2026-09-10/runs/ERR3668305/gene_counts.tsv.gz
ERR3668306	ELIGIBLE	eligible	/cephyr/users/mayoa/Vera/hpc_rnaseq_production_results/2026-09-10/runs/ERR3668306/gene_counts.tsv.gz
ERR3668307	ELIGIBLE	eligible	/cephyr/users/mayoa/Vera/hpc_rnaseq_production_results/2026-09-10/runs/ERR3668307/gene_counts.tsv.gz
ERR3668308	ELIGIBLE	eligible	/cephyr/users/mayoa/Vera/hpc_rnaseq_production_results/2026-09-10/runs/ERR3668308/gene_counts.tsv.gz
ERR3668309	ELIGIBLE	eligible	/cephyr/users/mayoa/Vera/hpc_rnaseq_production_results/2026-09-10/runs/ERR3668309/gene_counts.tsv.gz
ERR3668310	ELIGIBLE	eligible	/cephyr/users/mayoa/Vera/hpc_rnaseq_production_results/2026-09-10/runs/ERR3668310/gene_counts.tsv.gz
ERR3668311	ELIGIBLE	eligible	/cephyr/users/mayoa/Vera/hpc_rnaseq_production_results/2026-09-10/runs/ERR3668311/gene_counts.tsv.gz
ERR3668312	ELIGIBLE	eligible	/cephyr/users/mayoa/Vera/hpc_rnaseq_production_results/2026-09-10/runs/ERR3668312/gene_counts.tsv.gz
ERR3972086	ELIGIBLE	eligible	/cephyr/users/mayoa/Vera/hpc_rnaseq_production_results/2026-09-10/runs/ERR3972086/gene_counts.tsv.gz
ERR3972087	ELIGIBLE	eligible	/cephyr/users/mayoa/Vera/hpc_rnaseq_production_results/2026-09-10/runs/ERR3972087/gene_counts.tsv.gz
ERR3972088	ELIGIBLE	eligible	/cephyr/users/mayoa/Vera/hpc_rnaseq_production_results/2026-09-10/runs/ERR3972088/gene_counts.tsv.gz
ERR3972089	ELIGIBLE	eligible	/cephyr/users/mayoa/Vera/hpc_rnaseq_production_results/2026-09-10/runs/ERR3972089/gene_counts.tsv.gz
ERR3972090	ELIGIBLE	eligible	/cephyr/users/mayoa/Vera/hpc_rnaseq_production_results/2026-09-10/runs/ERR3972090/gene_counts.tsv.gz
ERR3972091	ELIGIBLE	eligible	/cephyr/users/mayoa/Vera/hpc_rnaseq_production_results/2026-09-10/runs/ERR3972091/gene_counts.tsv.gz
ERR3972092	ELIGIBLE	eligible	/cephyr/users/mayoa/Vera/hpc_rnaseq_production_results/2026-09-10/runs/ERR3972092/gene_counts.tsv.gz
ERR3972093	ELIGIBLE	eligible	/cephyr/users/mayoa/Vera/hpc_rnaseq_production_results/2026-09-10/runs/ERR3972093/gene_counts.tsv.gz
ERR3972094	ELIGIBLE	eligible	/cephyr/users/mayoa/Vera/hpc_rnaseq_production_results/2026-09-10/runs/ERR3972094/gene_counts.tsv.gz
ERR3972095	ELIGIBLE	eligible	/cephyr/users/mayoa/Vera/hpc_rnaseq_production_results/2026-09-10/runs/ERR3972095/gene_counts.tsv.gz
ERR3972096	ELIGIBLE	eligible	/cephyr/users/mayoa/Vera/hpc_rnaseq_production_results/2026-09-10/runs/ERR3972096/gene_counts.tsv.gz
ERR3972097	ELIGIBLE	eligible	/cephyr/users/mayoa/Vera/hpc_rnaseq_production_results/2026-09-10/runs/ERR3972097/gene_counts.tsv.gz
ERR4184070	ELIGIBLE	eligible	/cephyr/users/mayoa/Vera/hpc_rnaseq_production_results/2026-09-10/runs/ERR4184070/gene_counts.tsv.gz
ERR4184071	ELIGIBLE	eligible	/cephyr/users/mayoa/Vera/hpc_rnaseq_production_results/2026-09-10/runs/ERR4184071/gene_counts.tsv.gz
ERR4184072	ELIGIBLE	eligible	/cephyr/users/mayoa/Vera/hpc_rnaseq_production_results/2026-09-10/runs/ERR4184072/gene_counts.tsv.gz
ERR4184073	ELIGIBLE	eligible	/cephyr/users/mayoa/Vera/hpc_rnaseq_production_results/2026-09-10/runs/ERR4184073/gene_counts.tsv.gz
ERR4184074	ELIGIBLE	eligible	/cephyr/users/mayoa/Vera/hpc_rnaseq_production_results/2026-09-10/runs/ERR4184074/gene_counts.tsv.gz
ERR4184075	ELIGIBLE	eligible	/cephyr/users/mayoa/Vera/hpc_rnaseq_production_results/2026-09-10/runs/ERR4184075/gene_counts.tsv.gz
ERR4184076	ELIGIBLE	eligible	/cephyr/users/mayoa/Vera/hpc_rnaseq_production_results/2026-09-10/runs/ERR4184076/gene_counts.tsv.gz
ERR4184077	ELIGIBLE	eligible	/cephyr/users/mayoa/Vera/hpc_rnaseq_production_results/2026-09-10/runs/ERR4184077/gene_counts.tsv.gz
ERR4184078	ELIGIBLE	eligible	/cephyr/users/mayoa/Vera/hpc_rnaseq_production_results/2026-09-10/runs/ERR4184078/gene_counts.tsv.gz
ERR4184079	ELIGIBLE	eligible	/cephyr/users/mayoa/Vera/hpc_rnaseq_production_results/2026-09-10/runs/ERR4184079/gene_counts.tsv.gz
ERR4184080	ELIGIBLE	eligible	/cephyr/users/mayoa/Vera/hpc_rnaseq_production_results/2026-09-10/runs/ERR4184080/gene_counts.tsv.gz
ERR4184081	ELIGIBLE	eligible	/cephyr/users/mayoa/Vera/hpc_rnaseq_production_results/2026-09-10/runs/ERR4184081/gene_counts.tsv.gz
ERR4184082	ELIGIBLE	eligible	/cephyr/users/mayoa/Vera/hpc_rnaseq_production_results/2026-09-10/runs/ERR4184082/gene_counts.tsv.gz
ERR4184083	ELIGIBLE	eligible	/cephyr/users/mayoa/Vera/hpc_rnaseq_production_results/2026-09-10/runs/ERR4184083/gene_counts.tsv.gz
ERR4319912	ELIGIBLE	eligible	/cephyr/users/mayoa/Vera/hpc_rnaseq_production_results/2026-09-10/runs/ERR4319912/gene_counts.tsv.gz
ERR4319913	ELIGIBLE	eligible	/cephyr/users/mayoa/Vera/hpc_rnaseq_production_results/2026-09-10/runs/ERR4319913/gene_counts.tsv.gz
ERR4319914	ELIGIBLE	eligible	/cephyr/users/mayoa/Vera/hpc_rnaseq_production_results/2026-09-10/runs/ERR4319914/gene_counts.tsv.gz
ERR4319915	ELIGIBLE	eligible	/cephyr/users/mayoa/Vera/hpc_rnaseq_production_results/2026-09-10/runs/ERR4319915/gene_counts.tsv.gz
ERR4319916	ELIGIBLE	eligible	/cephyr/users/mayoa/Vera/hpc_rnaseq_production_results/2026-09-10/runs/ERR4319916/gene_counts.tsv.gz
ERR4319917	ELIGIBLE	eligible	/cephyr/users/mayoa/Vera/hpc_rnaseq_production_results/2026-09-10/runs/ERR4319917/gene_counts.tsv.gz
ERR4319918	ELIGIBLE	eligible	/cephyr/users/mayoa/Vera/hpc_rnaseq_production_results/2026-09-10/runs/ERR4319918/gene_counts.tsv.gz
ERR4319919	ELIGIBLE	eligible	/cephyr/users/mayoa/Vera/hpc_rnaseq_production_results/2026-09-10/runs/ERR4319919/gene_counts.tsv.gz
ERR4319920	ELIGIBLE	eligible	/cephyr/users/mayoa/Vera/hpc_rnaseq_production_results/2026-09-10/runs/ERR4319920/gene_counts.tsv.gz
ERR4319921	ELIGIBLE	eligible	/cephyr/users/mayoa/Vera/hpc_rnaseq_production_results/2026-09-10/runs/ERR4319921/gene_counts.tsv.gz
ERR4319922	ELIGIBLE	eligible	/cephyr/users/mayoa/Vera/hpc_rnaseq_production_results/2026-09-10/runs/ERR4319922/gene_counts.tsv.gz
ERR4319923	ELIGIBLE	eligible	/cephyr/users/mayoa/Vera/hpc_rnaseq_production_results/2026-09-10/runs/ERR4319923/gene_counts.tsv.gz
ERR4319924	ELIGIBLE	eligible	/cephyr/users/mayoa/Vera/hpc_rnaseq_production_results/2026-09-10/runs/ERR4319924/gene_counts.tsv.gz
ERR4319925	ELIGIBLE	eligible	/cephyr/users/mayoa/Vera/hpc_rnaseq_production_results/2026-09-10/runs/ERR4319925/gene_counts.tsv.gz
ERR4319926	ELIGIBLE	eligible	/cephyr/users/mayoa/Vera/hpc_rnaseq_production_results/2026-09-10/runs/ERR4319926/gene_counts.tsv.gz
ERR4319927	ELIGIBLE	eligible	/cephyr/users/mayoa/Vera/hpc_rnaseq_production_results/2026-09-10/runs/ERR4319927/gene_counts.tsv.gz
ERR4319928	ELIGIBLE	eligible	/cephyr/users/mayoa/Vera/hpc_rnaseq_production_results/2026-09-10/runs/ERR4319928/gene_counts.tsv.gz
ERR4319929	ELIGIBLE	eligible	/cephyr/users/mayoa/Vera/hpc_rnaseq_production_results/2026-09-10/runs/ERR4319929/gene_counts.tsv.gz
ERR4319930	ELIGIBLE	eligible	/cephyr/users/mayoa/Vera/hpc_rnaseq_production_results/2026-09-10/runs/ERR4319930/gene_counts.tsv.gz
ERR4319931	ELIGIBLE	eligible	/cephyr/users/mayoa/Vera/hpc_rnaseq_production_results/2026-09-10/runs/ERR4319931/gene_counts.tsv.gz
ERR4319932	ELIGIBLE	eligible	/cephyr/users/mayoa/Vera/hpc_rnaseq_production_results/2026-09-10/runs/ERR4319932/gene_counts.tsv.gz
ERR4319933	ELIGIBLE	eligible	/cephyr/users/mayoa/Vera/hpc_rnaseq_production_results/2026-09-10/runs/ERR4319933/gene_counts.tsv.gz
ERR4319934	ELIGIBLE	eligible	/cephyr/users/mayoa/Vera/hpc_rnaseq_production_results/2026-09-10/runs/ERR4319934/gene_counts.tsv.gz
ERR4319935	ELIGIBLE	eligible	/cephyr/users/mayoa/Vera/hpc_rnaseq_production_results/2026-09-10/runs/ERR4319935/gene_counts.tsv.gz
ERR4319936	ELIGIBLE	eligible	/cephyr/users/mayoa/Vera/hpc_rnaseq_production_results/2026-09-10/runs/ERR4319936/gene_counts.tsv.gz
ERR4319937	ELIGIBLE	eligible	/cephyr/users/mayoa/Vera/hpc_rnaseq_production_results/2026-09-10/runs/ERR4319937/gene_counts.tsv.gz
ERR4319938	ELIGIBLE	eligible	/cephyr/users/mayoa/Vera/hpc_rnaseq_production_results/2026-09-10/runs/ERR4319938/gene_counts.tsv.gz
ERR7417863	ELIGIBLE	eligible	/cephyr/users/mayoa/Vera/hpc_rnaseq_production_results/2026-09-10/runs/ERR7417863/gene_counts.tsv.gz
ERR7417864	ELIGIBLE	eligible	/cephyr/users/mayoa/Vera/hpc_rnaseq_production_results/2026-09-10/runs/ERR7417864/gene_counts.tsv.gz
ERR7417865	ELIGIBLE	eligible	/cephyr/users/mayoa/Vera/hpc_rnaseq_production_results/2026-09-10/runs/ERR7417865/gene_counts.tsv.gz
ERR7417866	ELIGIBLE	eligible	/cephyr/users/mayoa/Vera/hpc_rnaseq_production_results/2026-09-10/runs/ERR7417866/gene_counts.tsv.gz
ERR7417867	ELIGIBLE	eligible	/cephyr/users/mayoa/Vera/hpc_rnaseq_production_results/2026-09-10/runs/ERR7417867/gene_counts.tsv.gz
ERR7417868	ELIGIBLE	eligible	/cephyr/users/mayoa/Vera/hpc_rnaseq_production_results/2026-09-10/runs/ERR7417868/gene_counts.tsv.gz
ERR7417869	ELIGIBLE	eligible	/cephyr/users/mayoa/Vera/hpc_rnaseq_production_results/2026-09-10/runs/ERR7417869/gene_counts.tsv.gz
ERR7417870	ELIGIBLE	eligible	/cephyr/users/mayoa/Vera/hpc_rnaseq_production_results/2026-09-10/runs/ERR7417870/gene_counts.tsv.gz
ERR8006957	ELIGIBLE	eligible	/cephyr/users/mayoa/Vera/hpc_rnaseq_production_results/2026-09-10/runs/ERR8006957/gene_counts.tsv.gz
ERR8006958	ELIGIBLE	eligible	/cephyr/users/mayoa/Vera/hpc_rnaseq_production_results/2026-09-10/runs/ERR8006958/gene_counts.tsv.gz
SRR070303	BLOCKED	excluded:specialized_RNA_assay	/cephyr/users/mayoa/Vera/hpc_rnaseq_production_results/2026-09-10/runs/SRR070303/gene_counts.tsv.gz
SRR10215648	BLOCKED	excluded:specialized_RNA_assay	/cephyr/users/mayoa/Vera/hpc_rnaseq_production_results/2026-09-10/runs/SRR10215648/gene_counts.tsv.gz
SRR10215649	BLOCKED	excluded:specialized_RNA_assay	/cephyr/users/mayoa/Vera/hpc_rnaseq_production_results/2026-09-10/runs/SRR10215649/gene_counts.tsv.gz
SRR10215650	BLOCKED	excluded:specialized_RNA_assay	/cephyr/users/mayoa/Vera/hpc_rnaseq_production_results/2026-09-10/runs/SRR10215650/gene_counts.tsv.gz
SRR10215651	BLOCKED	excluded:specialized_RNA_assay	/cephyr/users/mayoa/Vera/hpc_rnaseq_production_results/2026-09-10/runs/SRR10215651/gene_counts.tsv.gz
SRR10215652	BLOCKED	excluded:specialized_RNA_assay	/cephyr/users/mayoa/Vera/hpc_rnaseq_production_results/2026-09-10/runs/SRR10215652/gene_counts.tsv.gz
SRR10215653	BLOCKED	excluded:specialized_RNA_assay	/cephyr/users/mayoa/Vera/hpc_rnaseq_production_results/2026-09-10/runs/SRR10215653/gene_counts.tsv.gz
SRR10215654	BLOCKED	excluded:specialized_RNA_assay	/cephyr/users/mayoa/Vera/hpc_rnaseq_production_results/2026-09-10/runs/SRR10215654/gene_counts.tsv.gz
SRR10215655	BLOCKED	excluded:specialized_RNA_assay	/cephyr/users/mayoa/Vera/hpc_rnaseq_production_results/2026-09-10/runs/SRR10215655/gene_counts.tsv.gz
SRR10215656	BLOCKED	excluded:specialized_RNA_assay	/cephyr/users/mayoa/Vera/hpc_rnaseq_production_results/2026-09-10/runs/SRR10215656/gene_counts.tsv.gz
SRR10215657	BLOCKED	excluded:specialized_RNA_assay	/cephyr/users/mayoa/Vera/hpc_rnaseq_production_results/2026-09-10/runs/SRR10215657/gene_counts.tsv.gz
SRR10215658	BLOCKED	excluded:specialized_RNA_assay	/cephyr/users/mayoa/Vera/hpc_rnaseq_production_results/2026-09-10/runs/SRR10215658/gene_counts.tsv.gz
SRR10493804	ELIGIBLE	eligible	/cephyr/users/mayoa/Vera/hpc_rnaseq_production_results/2026-09-10/runs/SRR10493804/gene_counts.tsv.gz
SRR10493805	ELIGIBLE	eligible	/cephyr/users/mayoa/Vera/hpc_rnaseq_production_results/2026-09-10/runs/SRR10493805/gene_counts.tsv.gz
SRR10493806	ELIGIBLE	eligible	/cephyr/users/mayoa/Vera/hpc_rnaseq_production_results/2026-09-10/runs/SRR10493806/gene_counts.tsv.gz
SRR10493807	ELIGIBLE	eligible	/cephyr/users/mayoa/Vera/hpc_rnaseq_production_results/2026-09-10/runs/SRR10493807/gene_counts.tsv.gz
SRR10493808	ELIGIBLE	eligible	/cephyr/users/mayoa/Vera/hpc_rnaseq_production_results/2026-09-10/runs/SRR10493808/gene_counts.tsv.gz
SRR10493809	ELIGIBLE	eligible	/cephyr/users/mayoa/Vera/hpc_rnaseq_production_results/2026-09-10/runs/SRR10493809/gene_counts.tsv.gz
SRR10493810	ELIGIBLE	eligible	/cephyr/users/mayoa/Vera/hpc_rnaseq_production_results/2026-09-10/runs/SRR10493810/gene_counts.tsv.gz
SRR10493811	ELIGIBLE	eligible	/cephyr/users/mayoa/Vera/hpc_rnaseq_production_results/2026-09-10/runs/SRR10493811/gene_counts.tsv.gz
SRR10493812	ELIGIBLE	eligible	/cephyr/users/mayoa/Vera/hpc_rnaseq_production_results/2026-09-10/runs/SRR10493812/gene_counts.tsv.gz
SRR10493813	ELIGIBLE	eligible	/cephyr/users/mayoa/Vera/hpc_rnaseq_production_results/2026-09-10/runs/SRR10493813/gene_counts.tsv.gz
SRR10493814	ELIGIBLE	eligible	/cephyr/users/mayoa/Vera/hpc_rnaseq_production_results/2026-09-10/runs/SRR10493814/gene_counts.tsv.gz
SRR10493816	ELIGIBLE	eligible	/cephyr/users/mayoa/Vera/hpc_rnaseq_production_results/2026-09-10/runs/SRR10493816/gene_counts.tsv.gz
SRR10493817	ELIGIBLE	eligible	/cephyr/users/mayoa/Vera/hpc_rnaseq_production_results/2026-09-10/runs/SRR10493817/gene_counts.tsv.gz
SRR10493818	ELIGIBLE	eligible	/cephyr/users/mayoa/Vera/hpc_rnaseq_production_results/2026-09-10/runs/SRR10493818/gene_counts.tsv.gz
SRR10493819	ELIGIBLE	eligible	/cephyr/users/mayoa/Vera/hpc_rnaseq_production_results/2026-09-10/runs/SRR10493819/gene_counts.tsv.gz
SRR10493846	ELIGIBLE	eligible	/cephyr/users/mayoa/Vera/hpc_rnaseq_production_results/2026-09-10/runs/SRR10493846/gene_counts.tsv.gz
SRR10493847	ELIGIBLE	eligible	/cephyr/users/mayoa/Vera/hpc_rnaseq_production_results/2026-09-10/runs/SRR10493847/gene_counts.tsv.gz
SRR10493848	ELIGIBLE	eligible	/cephyr/users/mayoa/Vera/hpc_rnaseq_production_results/2026-09-10/runs/SRR10493848/gene_counts.tsv.gz
SRR10493849	ELIGIBLE	eligible	/cephyr/users/mayoa/Vera/hpc_rnaseq_production_results/2026-09-10/runs/SRR10493849/gene_counts.tsv.gz
SRR10493850	ELIGIBLE	eligible	/cephyr/users/mayoa/Vera/hpc_rnaseq_production_results/2026-09-10/runs/SRR10493850/gene_counts.tsv.gz
SRR10493851	ELIGIBLE	eligible	/cephyr/users/mayoa/Vera/hpc_rnaseq_production_results/2026-09-10/runs/SRR10493851/gene_counts.tsv.gz
SRR10493852	ELIGIBLE	eligible	/cephyr/users/mayoa/Vera/hpc_rnaseq_production_results/2026-09-10/runs/SRR10493852/gene_counts.tsv.gz
SRR10493853	ELIGIBLE	eligible	/cephyr/users/mayoa/Vera/hpc_rnaseq_production_results/2026-09-10/runs/SRR10493853/gene_counts.tsv.gz
SRR10493854	ELIGIBLE	eligible	/cephyr/users/mayoa/Vera/hpc_rnaseq_production_results/2026-09-10/runs/SRR10493854/gene_counts.tsv.gz
SRR10493855	ELIGIBLE	eligible	/cephyr/users/mayoa/Vera/hpc_rnaseq_production_results/2026-09-10/runs/SRR10493855/gene_counts.tsv.gz
SRR10493856	ELIGIBLE	eligible	/cephyr/users/mayoa/Vera/hpc_rnaseq_production_results/2026-09-10/runs/SRR10493856/gene_counts.tsv.gz
SRR10493857	ELIGIBLE	eligible	/cephyr/users/mayoa/Vera/hpc_rnaseq_production_results/2026-09-10/runs/SRR10493857/gene_counts.tsv.gz
SRR10493858	ELIGIBLE	eligible	/cephyr/users/mayoa/Vera/hpc_rnaseq_production_results/2026-09-10/runs/SRR10493858/gene_counts.tsv.gz
SRR10493859	ELIGIBLE	eligible	/cephyr/users/mayoa/Vera/hpc_rnaseq_production_results/2026-09-10/runs/SRR10493859/gene_counts.tsv.gz
SRR10493860	ELIGIBLE	eligible	/cephyr/users/mayoa/Vera/hpc_rnaseq_production_results/2026-09-10/runs/SRR10493860/gene_counts.tsv.gz
SRR10493861	ELIGIBLE	eligible	/cephyr/users/mayoa/Vera/hpc_rnaseq_production_results/2026-09-10/runs/SRR10493861/gene_counts.tsv.gz
SRR10493862	ELIGIBLE	eligible	/cephyr/users/mayoa/Vera/hpc_rnaseq_production_results/2026-09-10/runs/SRR10493862/gene_counts.tsv.gz
SRR10493863	ELIGIBLE	eligible	/cephyr/users/mayoa/Vera/hpc_rnaseq_production_results/2026-09-10/runs/SRR10493863/gene_counts.tsv.gz
SRR10493864	ELIGIBLE	eligible	/cephyr/users/mayoa/Vera/hpc_rnaseq_production_results/2026-09-10/runs/SRR10493864/gene_counts.tsv.gz
SRR10493865	ELIGIBLE	eligible	/cephyr/users/mayoa/Vera/hpc_rnaseq_production_results/2026-09-10/runs/SRR10493865/gene_counts.tsv.gz
SRR10493866	ELIGIBLE	eligible	/cephyr/users/mayoa/Vera/hpc_rnaseq_production_results/2026-09-10/runs/SRR10493866/gene_counts.tsv.gz
SRR10493867	ELIGIBLE	eligible	/cephyr/users/mayoa/Vera/hpc_rnaseq_production_results/2026-09-10/runs/SRR10493867/gene_counts.tsv.gz
SRR10493868	ELIGIBLE	eligible	/cephyr/users/mayoa/Vera/hpc_rnaseq_production_results/2026-09-10/runs/SRR10493868/gene_counts.tsv.gz
SRR10493869	ELIGIBLE	eligible	/cephyr/users/mayoa/Vera/hpc_rnaseq_production_results/2026-09-10/runs/SRR10493869/gene_counts.tsv.gz
SRR10493870	ELIGIBLE	eligible	/cephyr/users/mayoa/Vera/hpc_rnaseq_production_results/2026-09-10/runs/SRR10493870/gene_counts.tsv.gz
SRR10493871	ELIGIBLE	eligible	/cephyr/users/mayoa/Vera/hpc_rnaseq_production_results/2026-09-10/runs/SRR10493871/gene_counts.tsv.gz
SRR10493872	ELIGIBLE	eligible	/cephyr/users/mayoa/Vera/hpc_rnaseq_production_results/2026-09-10/runs/SRR10493872/gene_counts.tsv.gz
SRR10493873	ELIGIBLE	eligible	/cephyr/users/mayoa/Vera/hpc_rnaseq_production_results/2026-09-10/runs/SRR10493873/gene_counts.tsv.gz
SRR10493874	ELIGIBLE	eligible	/cephyr/users/mayoa/Vera/hpc_rnaseq_production_results/2026-09-10/runs/SRR10493874/gene_counts.tsv.gz
SRR10493875	ELIGIBLE	eligible	/cephyr/users/mayoa/Vera/hpc_rnaseq_production_results/2026-09-10/runs/SRR10493875/gene_counts.tsv.gz
SRR10493876	ELIGIBLE	eligible	/cephyr/users/mayoa/Vera/hpc_rnaseq_production_results/2026-09-10/runs/SRR10493876/gene_counts.tsv.gz
SRR10493877	ELIGIBLE	eligible	/cephyr/users/mayoa/Vera/hpc_rnaseq_production_results/2026-09-10/runs/SRR10493877/gene_counts.tsv.gz
SRR10493878	ELIGIBLE	eligible	/cephyr/users/mayoa/Vera/hpc_rnaseq_production_results/2026-09-10/runs/SRR10493878/gene_counts.tsv.gz
SRR10493879	ELIGIBLE	eligible	/cephyr/users/mayoa/Vera/hpc_rnaseq_production_results/2026-09-10/runs/SRR10493879/gene_counts.tsv.gz
SRR10493880	ELIGIBLE	eligible	/cephyr/users/mayoa/Vera/hpc_rnaseq_production_results/2026-09-10/runs/SRR10493880/gene_counts.tsv.gz
SRR10493881	ELIGIBLE	eligible	/cephyr/users/mayoa/Vera/hpc_rnaseq_production_results/2026-09-10/runs/SRR10493881/gene_counts.tsv.gz
SRR10572657	ELIGIBLE	eligible	/cephyr/users/mayoa/Vera/hpc_rnaseq_production_results/2026-09-10/runs/SRR10572657/gene_counts.tsv.gz
SRR10572658	ELIGIBLE	eligible	/cephyr/users/mayoa/Vera/hpc_rnaseq_production_results/2026-09-10/runs/SRR10572658/gene_counts.tsv.gz
SRR10572659	ELIGIBLE	eligible	/cephyr/users/mayoa/Vera/hpc_rnaseq_production_results/2026-09-10/runs/SRR10572659/gene_counts.tsv.gz
SRR10572660	ELIGIBLE	eligible	/cephyr/users/mayoa/Vera/hpc_rnaseq_production_results/2026-09-10/runs/SRR10572660/gene_counts.tsv.gz
SRR10572661	ELIGIBLE	eligible	/cephyr/users/mayoa/Vera/hpc_rnaseq_production_results/2026-09-10/runs/SRR10572661/gene_counts.tsv.gz
SRR10572662	ELIGIBLE	eligible	/cephyr/users/mayoa/Vera/hpc_rnaseq_production_results/2026-09-10/runs/SRR10572662/gene_counts.tsv.gz
SRR10572663	ELIGIBLE	eligible	/cephyr/users/mayoa/Vera/hpc_rnaseq_production_results/2026-09-10/runs/SRR10572663/gene_counts.tsv.gz
SRR10572664	ELIGIBLE	eligible	/cephyr/users/mayoa/Vera/hpc_rnaseq_production_results/2026-09-10/runs/SRR10572664/gene_counts.tsv.gz
SRR10669486	ELIGIBLE	eligible	/cephyr/users/mayoa/Vera/hpc_rnaseq_production_results/2026-09-10/runs/SRR10669486/gene_counts.tsv.gz
SRR10669487	ELIGIBLE	eligible	/cephyr/users/mayoa/Vera/hpc_rnaseq_production_results/2026-09-10/runs/SRR10669487/gene_counts.tsv.gz
SRR10669488	ELIGIBLE	eligible	/cephyr/users/mayoa/Vera/hpc_rnaseq_production_results/2026-09-10/runs/SRR10669488/gene_counts.tsv.gz
SRR10669489	ELIGIBLE	eligible	/cephyr/users/mayoa/Vera/hpc_rnaseq_production_results/2026-09-10/runs/SRR10669489/gene_counts.tsv.gz
SRR10995631	ELIGIBLE	eligible	/cephyr/users/mayoa/Vera/hpc_rnaseq_production_results/2026-09-10/runs/SRR10995631/gene_counts.tsv.gz
SRR10995632	ELIGIBLE	eligible	/cephyr/users/mayoa/Vera/hpc_rnaseq_production_results/2026-09-10/runs/SRR10995632/gene_counts.tsv.gz
SRR10995633	ELIGIBLE	eligible	/cephyr/users/mayoa/Vera/hpc_rnaseq_production_results/2026-09-10/runs/SRR10995633/gene_counts.tsv.gz
SRR10995634	ELIGIBLE	eligible	/cephyr/users/mayoa/Vera/hpc_rnaseq_production_results/2026-09-10/runs/SRR10995634/gene_counts.tsv.gz
SRR10995635	ELIGIBLE	eligible	/cephyr/users/mayoa/Vera/hpc_rnaseq_production_results/2026-09-10/runs/SRR10995635/gene_counts.tsv.gz
SRR10995636	ELIGIBLE	eligible	/cephyr/users/mayoa/Vera/hpc_rnaseq_production_results/2026-09-10/runs/SRR10995636/gene_counts.tsv.gz
SRR10995637	ELIGIBLE	eligible	/cephyr/users/mayoa/Vera/hpc_rnaseq_production_results/2026-09-10/runs/SRR10995637/gene_counts.tsv.gz
SRR10995638	ELIGIBLE	eligible	/cephyr/users/mayoa/Vera/hpc_rnaseq_production_results/2026-09-10/runs/SRR10995638/gene_counts.tsv.gz
SRR10995639	ELIGIBLE	eligible	/cephyr/users/mayoa/Vera/hpc_rnaseq_production_results/2026-09-10/runs/SRR10995639/gene_counts.tsv.gz
SRR10995640	ELIGIBLE	eligible	/cephyr/users/mayoa/Vera/hpc_rnaseq_production_results/2026-09-10/runs/SRR10995640/gene_counts.tsv.gz
SRR10995641	ELIGIBLE	eligible	/cephyr/users/mayoa/Vera/hpc_rnaseq_production_results/2026-09-10/runs/SRR10995641/gene_counts.tsv.gz
SRR10995642	ELIGIBLE	eligible	/cephyr/users/mayoa/Vera/hpc_rnaseq_production_results/2026-09-10/runs/SRR10995642/gene_counts.tsv.gz
SRR10995643	ELIGIBLE	eligible	/cephyr/users/mayoa/Vera/hpc_rnaseq_production_results/2026-09-10/runs/SRR10995643/gene_counts.tsv.gz
SRR10995644	ELIGIBLE	eligible	/cephyr/users/mayoa/Vera/hpc_rnaseq_production_results/2026-09-10/runs/SRR10995644/gene_counts.tsv.gz
SRR10995645	ELIGIBLE	eligible	/cephyr/users/mayoa/Vera/hpc_rnaseq_production_results/2026-09-10/runs/SRR10995645/gene_counts.tsv.gz
SRR10995646	ELIGIBLE	eligible	/cephyr/users/mayoa/Vera/hpc_rnaseq_production_results/2026-09-10/runs/SRR10995646/gene_counts.tsv.gz
SRR10995647	ELIGIBLE	eligible	/cephyr/users/mayoa/Vera/hpc_rnaseq_production_results/2026-09-10/runs/SRR10995647/gene_counts.tsv.gz
SRR10995648	ELIGIBLE	eligible	/cephyr/users/mayoa/Vera/hpc_rnaseq_production_results/2026-09-10/runs/SRR10995648/gene_counts.tsv.gz
SRR10995649	ELIGIBLE	eligible	/cephyr/users/mayoa/Vera/hpc_rnaseq_production_results/2026-09-10/runs/SRR10995649/gene_counts.tsv.gz
SRR10995650	ELIGIBLE	eligible	/cephyr/users/mayoa/Vera/hpc_rnaseq_production_results/2026-09-10/runs/SRR10995650/gene_counts.tsv.gz
SRR10995651	ELIGIBLE	eligible	/cephyr/users/mayoa/Vera/hpc_rnaseq_production_results/2026-09-10/runs/SRR10995651/gene_counts.tsv.gz
SRR10995652	ELIGIBLE	eligible	/cephyr/users/mayoa/Vera/hpc_rnaseq_production_results/2026-09-10/runs/SRR10995652/gene_counts.tsv.gz
SRR10995653	ELIGIBLE	eligible	/cephyr/users/mayoa/Vera/hpc_rnaseq_production_results/2026-09-10/runs/SRR10995653/gene_counts.tsv.gz
SRR10995654	ELIGIBLE	eligible	/cephyr/users/mayoa/Vera/hpc_rnaseq_production_results/2026-09-10/runs/SRR10995654/gene_counts.tsv.gz
SRR10995655	ELIGIBLE	eligible	/cephyr/users/mayoa/Vera/hpc_rnaseq_production_results/2026-09-10/runs/SRR10995655/gene_counts.tsv.gz
SRR10995656	ELIGIBLE	eligible	/cephyr/users/mayoa/Vera/hpc_rnaseq_production_results/2026-09-10/runs/SRR10995656/gene_counts.tsv.gz
SRR10995657	ELIGIBLE	eligible	/cephyr/users/mayoa/Vera/hpc_rnaseq_production_results/2026-09-10/runs/SRR10995657/gene_counts.tsv.gz
SRR10995658	ELIGIBLE	eligible	/cephyr/users/mayoa/Vera/hpc_rnaseq_production_results/2026-09-10/runs/SRR10995658/gene_counts.tsv.gz
SRR10995659	ELIGIBLE	eligible	/cephyr/users/mayoa/Vera/hpc_rnaseq_production_results/2026-09-10/runs/SRR10995659/gene_counts.tsv.gz
SRR10995660	ELIGIBLE	eligible	/cephyr/users/mayoa/Vera/hpc_rnaseq_production_results/2026-09-10/runs/SRR10995660/gene_counts.tsv.gz
SRR10995661	ELIGIBLE	eligible	/cephyr/users/mayoa/Vera/hpc_rnaseq_production_results/2026-09-10/runs/SRR10995661/gene_counts.tsv.gz
SRR10995662	ELIGIBLE	eligible	/cephyr/users/mayoa/Vera/hpc_rnaseq_production_results/2026-09-10/runs/SRR10995662/gene_counts.tsv.gz
SRR10995663	ELIGIBLE	eligible	/cephyr/users/mayoa/Vera/hpc_rnaseq_production_results/2026-09-10/runs/SRR10995663/gene_counts.tsv.gz
SRR10995664	ELIGIBLE	eligible	/cephyr/users/mayoa/Vera/hpc_rnaseq_production_results/2026-09-10/runs/SRR10995664/gene_counts.tsv.gz
SRR10995665	ELIGIBLE	eligible	/cephyr/users/mayoa/Vera/hpc_rnaseq_production_results/2026-09-10/runs/SRR10995665/gene_counts.tsv.gz
SRR10995666	ELIGIBLE	eligible	/cephyr/users/mayoa/Vera/hpc_rnaseq_production_results/2026-09-10/runs/SRR10995666/gene_counts.tsv.gz
SRR10995667	ELIGIBLE	eligible	/cephyr/users/mayoa/Vera/hpc_rnaseq_production_results/2026-09-10/runs/SRR10995667/gene_counts.tsv.gz
SRR10995668	ELIGIBLE	eligible	/cephyr/users/mayoa/Vera/hpc_rnaseq_production_results/2026-09-10/runs/SRR10995668/gene_counts.tsv.gz
SRR10995669	ELIGIBLE	eligible	/cephyr/users/mayoa/Vera/hpc_rnaseq_production_results/2026-09-10/runs/SRR10995669/gene_counts.tsv.gz
SRR10995670	ELIGIBLE	eligible	/cephyr/users/mayoa/Vera/hpc_rnaseq_production_results/2026-09-10/runs/SRR10995670/gene_counts.tsv.gz
SRR10995671	ELIGIBLE	eligible	/cephyr/users/mayoa/Vera/hpc_rnaseq_production_results/2026-09-10/runs/SRR10995671/gene_counts.tsv.gz
SRR10995672	ELIGIBLE	eligible	/cephyr/users/mayoa/Vera/hpc_rnaseq_production_results/2026-09-10/runs/SRR10995672/gene_counts.tsv.gz
SRR10995673	ELIGIBLE	eligible	/cephyr/users/mayoa/Vera/hpc_rnaseq_production_results/2026-09-10/runs/SRR10995673/gene_counts.tsv.gz
SRR10995674	ELIGIBLE	eligible	/cephyr/users/mayoa/Vera/hpc_rnaseq_production_results/2026-09-10/runs/SRR10995674/gene_counts.tsv.gz
SRR10995675	ELIGIBLE	eligible	/cephyr/users/mayoa/Vera/hpc_rnaseq_production_results/2026-09-10/runs/SRR10995675/gene_counts.tsv.gz
SRR10995676	ELIGIBLE	eligible	/cephyr/users/mayoa/Vera/hpc_rnaseq_production_results/2026-09-10/runs/SRR10995676/gene_counts.tsv.gz
SRR10995677	ELIGIBLE	eligible	/cephyr/users/mayoa/Vera/hpc_rnaseq_production_results/2026-09-10/runs/SRR10995677/gene_counts.tsv.gz
SRR10995678	ELIGIBLE	eligible	/cephyr/users/mayoa/Vera/hpc_rnaseq_production_results/2026-09-10/runs/SRR10995678/gene_counts.tsv.gz
SRR10995679	ELIGIBLE	eligible	/cephyr/users/mayoa/Vera/hpc_rnaseq_production_results/2026-09-10/runs/SRR10995679/gene_counts.tsv.gz
SRR10995680	ELIGIBLE	eligible	/cephyr/users/mayoa/Vera/hpc_rnaseq_production_results/2026-09-10/runs/SRR10995680/gene_counts.tsv.gz
SRR10995681	ELIGIBLE	eligible	/cephyr/users/mayoa/Vera/hpc_rnaseq_production_results/2026-09-10/runs/SRR10995681/gene_counts.tsv.gz
SRR10995682	ELIGIBLE	eligible	/cephyr/users/mayoa/Vera/hpc_rnaseq_production_results/2026-09-10/runs/SRR10995682/gene_counts.tsv.gz
SRR10995683	ELIGIBLE	eligible	/cephyr/users/mayoa/Vera/hpc_rnaseq_production_results/2026-09-10/runs/SRR10995683/gene_counts.tsv.gz
SRR10995684	ELIGIBLE	eligible	/cephyr/users/mayoa/Vera/hpc_rnaseq_production_results/2026-09-10/runs/SRR10995684/gene_counts.tsv.gz
SRR10995685	ELIGIBLE	eligible	/cephyr/users/mayoa/Vera/hpc_rnaseq_production_results/2026-09-10/runs/SRR10995685/gene_counts.tsv.gz
SRR10995686	ELIGIBLE	eligible	/cephyr/users/mayoa/Vera/hpc_rnaseq_production_results/2026-09-10/runs/SRR10995686/gene_counts.tsv.gz
SRR10995687	ELIGIBLE	eligible	/cephyr/users/mayoa/Vera/hpc_rnaseq_production_results/2026-09-10/runs/SRR10995687/gene_counts.tsv.gz
SRR10995688	ELIGIBLE	eligible	/cephyr/users/mayoa/Vera/hpc_rnaseq_production_results/2026-09-10/runs/SRR10995688/gene_counts.tsv.gz
SRR10995689	ELIGIBLE	eligible	/cephyr/users/mayoa/Vera/hpc_rnaseq_production_results/2026-09-10/runs/SRR10995689/gene_counts.tsv.gz
SRR10995690	ELIGIBLE	eligible	/cephyr/users/mayoa/Vera/hpc_rnaseq_production_results/2026-09-10/runs/SRR10995690/gene_counts.tsv.gz
SRR10995691	ELIGIBLE	eligible	/cephyr/users/mayoa/Vera/hpc_rnaseq_production_results/2026-09-10/runs/SRR10995691/gene_counts.tsv.gz
SRR10995692	ELIGIBLE	eligible	/cephyr/users/mayoa/Vera/hpc_rnaseq_production_results/2026-09-10/runs/SRR10995692/gene_counts.tsv.gz
SRR10995693	ELIGIBLE	eligible	/cephyr/users/mayoa/Vera/hpc_rnaseq_production_results/2026-09-10/runs/SRR10995693/gene_counts.tsv.gz
SRR10995694	ELIGIBLE	eligible	/cephyr/users/mayoa/Vera/hpc_rnaseq_production_results/2026-09-10/runs/SRR10995694/gene_counts.tsv.gz
SRR10995695	ELIGIBLE	eligible	/cephyr/users/mayoa/Vera/hpc_rnaseq_production_results/2026-09-10/runs/SRR10995695/gene_counts.tsv.gz
SRR10995696	ELIGIBLE	eligible	/cephyr/users/mayoa/Vera/hpc_rnaseq_production_results/2026-09-10/runs/SRR10995696/gene_counts.tsv.gz
SRR10995697	ELIGIBLE	eligible	/cephyr/users/mayoa/Vera/hpc_rnaseq_production_results/2026-09-10/runs/SRR10995697/gene_counts.tsv.gz
SRR10995698	ELIGIBLE	eligible	/cephyr/users/mayoa/Vera/hpc_rnaseq_production_results/2026-09-10/runs/SRR10995698/gene_counts.tsv.gz
SRR10995699	ELIGIBLE	eligible	/cephyr/users/mayoa/Vera/hpc_rnaseq_production_results/2026-09-10/runs/SRR10995699/gene_counts.tsv.gz
SRR10995700	ELIGIBLE	eligible	/cephyr/users/mayoa/Vera/hpc_rnaseq_production_results/2026-09-10/runs/SRR10995700/gene_counts.tsv.gz
SRR10995701	ELIGIBLE	eligible	/cephyr/users/mayoa/Vera/hpc_rnaseq_production_results/2026-09-10/runs/SRR10995701/gene_counts.tsv.gz
SRR10995702	ELIGIBLE	eligible	/cephyr/users/mayoa/Vera/hpc_rnaseq_production_results/2026-09-10/runs/SRR10995702/gene_counts.tsv.gz
SRR11184908	ELIGIBLE	eligible	/cephyr/users/mayoa/Vera/hpc_rnaseq_production_results/2026-09-10/runs/SRR11184908/gene_counts.tsv.gz
SRR11184909	ELIGIBLE	eligible	/cephyr/users/mayoa/Vera/hpc_rnaseq_production_results/2026-09-10/runs/SRR11184909/gene_counts.tsv.gz
SRR11184910	ELIGIBLE	eligible	/cephyr/users/mayoa/Vera/hpc_rnaseq_production_results/2026-09-10/runs/SRR11184910/gene_counts.tsv.gz
SRR11184911	ELIGIBLE	eligible	/cephyr/users/mayoa/Vera/hpc_rnaseq_production_results/2026-09-10/runs/SRR11184911/gene_counts.tsv.gz
SRR11184912	ELIGIBLE	eligible	/cephyr/users/mayoa/Vera/hpc_rnaseq_production_results/2026-09-10/runs/SRR11184912/gene_counts.tsv.gz
SRR11184913	ELIGIBLE	eligible	/cephyr/users/mayoa/Vera/hpc_rnaseq_production_results/2026-09-10/runs/SRR11184913/gene_counts.tsv.gz
SRR11184914	ELIGIBLE	eligible	/cephyr/users/mayoa/Vera/hpc_rnaseq_production_results/2026-09-10/runs/SRR11184914/gene_counts.tsv.gz
SRR11184915	ELIGIBLE	eligible	/cephyr/users/mayoa/Vera/hpc_rnaseq_production_results/2026-09-10/runs/SRR11184915/gene_counts.tsv.gz
SRR11184916	ELIGIBLE	eligible	/cephyr/users/mayoa/Vera/hpc_rnaseq_production_results/2026-09-10/runs/SRR11184916/gene_counts.tsv.gz
SRR11184917	ELIGIBLE	eligible	/cephyr/users/mayoa/Vera/hpc_rnaseq_production_results/2026-09-10/runs/SRR11184917/gene_counts.tsv.gz
SRR11184918	ELIGIBLE	eligible	/cephyr/users/mayoa/Vera/hpc_rnaseq_production_results/2026-09-10/runs/SRR11184918/gene_counts.tsv.gz
SRR11184919	ELIGIBLE	eligible	/cephyr/users/mayoa/Vera/hpc_rnaseq_production_results/2026-09-10/runs/SRR11184919/gene_counts.tsv.gz
SRR11184920	ELIGIBLE	eligible	/cephyr/users/mayoa/Vera/hpc_rnaseq_production_results/2026-09-10/runs/SRR11184920/gene_counts.tsv.gz
SRR11184921	ELIGIBLE	eligible	/cephyr/users/mayoa/Vera/hpc_rnaseq_production_results/2026-09-10/runs/SRR11184921/gene_counts.tsv.gz
SRR11350303	ELIGIBLE	eligible	/cephyr/users/mayoa/Vera/hpc_rnaseq_production_results/2026-09-10/runs/SRR11350303/gene_counts.tsv.gz
SRR11350304	ELIGIBLE	eligible	/cephyr/users/mayoa/Vera/hpc_rnaseq_production_results/2026-09-10/runs/SRR11350304/gene_counts.tsv.gz
SRR11350305	ELIGIBLE	eligible	/cephyr/users/mayoa/Vera/hpc_rnaseq_production_results/2026-09-10/runs/SRR11350305/gene_counts.tsv.gz
SRR11350306	ELIGIBLE	eligible	/cephyr/users/mayoa/Vera/hpc_rnaseq_production_results/2026-09-10/runs/SRR11350306/gene_counts.tsv.gz
SRR11350307	ELIGIBLE	eligible	/cephyr/users/mayoa/Vera/hpc_rnaseq_production_results/2026-09-10/runs/SRR11350307/gene_counts.tsv.gz
SRR11350308	ELIGIBLE	eligible	/cephyr/users/mayoa/Vera/hpc_rnaseq_production_results/2026-09-10/runs/SRR11350308/gene_counts.tsv.gz
SRR11350309	ELIGIBLE	eligible	/cephyr/users/mayoa/Vera/hpc_rnaseq_production_results/2026-09-10/runs/SRR11350309/gene_counts.tsv.gz
SRR11350310	ELIGIBLE	eligible	/cephyr/users/mayoa/Vera/hpc_rnaseq_production_results/2026-09-10/runs/SRR11350310/gene_counts.tsv.gz
SRR11350311	ELIGIBLE	eligible	/cephyr/users/mayoa/Vera/hpc_rnaseq_production_results/2026-09-10/runs/SRR11350311/gene_counts.tsv.gz
SRR11350312	ELIGIBLE	eligible	/cephyr/users/mayoa/Vera/hpc_rnaseq_production_results/2026-09-10/runs/SRR11350312/gene_counts.tsv.gz
SRR11350313	ELIGIBLE	eligible	/cephyr/users/mayoa/Vera/hpc_rnaseq_production_results/2026-09-10/runs/SRR11350313/gene_counts.tsv.gz
SRR11350314	ELIGIBLE	eligible	/cephyr/users/mayoa/Vera/hpc_rnaseq_production_results/2026-09-10/runs/SRR11350314/gene_counts.tsv.gz
SRR11350315	ELIGIBLE	eligible	/cephyr/users/mayoa/Vera/hpc_rnaseq_production_results/2026-09-10/runs/SRR11350315/gene_counts.tsv.gz
SRR11350316	ELIGIBLE	eligible	/cephyr/users/mayoa/Vera/hpc_rnaseq_production_results/2026-09-10/runs/SRR11350316/gene_counts.tsv.gz
SRR11350317	ELIGIBLE	eligible	/cephyr/users/mayoa/Vera/hpc_rnaseq_production_results/2026-09-10/runs/SRR11350317/gene_counts.tsv.gz
SRR11350318	ELIGIBLE	eligible	/cephyr/users/mayoa/Vera/hpc_rnaseq_production_results/2026-09-10/runs/SRR11350318/gene_counts.tsv.gz
SRR11350319	ELIGIBLE	eligible	/cephyr/users/mayoa/Vera/hpc_rnaseq_production_results/2026-09-10/runs/SRR11350319/gene_counts.tsv.gz
SRR11721629	ELIGIBLE	eligible	/cephyr/users/mayoa/Vera/hpc_rnaseq_production_results/2026-09-10/runs/SRR11721629/gene_counts.tsv.gz
SRR11721630	ELIGIBLE	eligible	/cephyr/users/mayoa/Vera/hpc_rnaseq_production_results/2026-09-10/runs/SRR11721630/gene_counts.tsv.gz
SRR11721631	ELIGIBLE	eligible	/cephyr/users/mayoa/Vera/hpc_rnaseq_production_results/2026-09-10/runs/SRR11721631/gene_counts.tsv.gz
SRR11721632	ELIGIBLE	eligible	/cephyr/users/mayoa/Vera/hpc_rnaseq_production_results/2026-09-10/runs/SRR11721632/gene_counts.tsv.gz
SRR11721633	ELIGIBLE	eligible	/cephyr/users/mayoa/Vera/hpc_rnaseq_production_results/2026-09-10/runs/SRR11721633/gene_counts.tsv.gz
SRR11721634	ELIGIBLE	eligible	/cephyr/users/mayoa/Vera/hpc_rnaseq_production_results/2026-09-10/runs/SRR11721634/gene_counts.tsv.gz
SRR11721635	ELIGIBLE	eligible	/cephyr/users/mayoa/Vera/hpc_rnaseq_production_results/2026-09-10/runs/SRR11721635/gene_counts.tsv.gz
SRR11721636	ELIGIBLE	eligible	/cephyr/users/mayoa/Vera/hpc_rnaseq_production_results/2026-09-10/runs/SRR11721636/gene_counts.tsv.gz
SRR11721637	ELIGIBLE	eligible	/cephyr/users/mayoa/Vera/hpc_rnaseq_production_results/2026-09-10/runs/SRR11721637/gene_counts.tsv.gz
SRR11721638	ELIGIBLE	eligible	/cephyr/users/mayoa/Vera/hpc_rnaseq_production_results/2026-09-10/runs/SRR11721638/gene_counts.tsv.gz
SRR11721639	ELIGIBLE	eligible	/cephyr/users/mayoa/Vera/hpc_rnaseq_production_results/2026-09-10/runs/SRR11721639/gene_counts.tsv.gz
SRR11721640	ELIGIBLE	eligible	/cephyr/users/mayoa/Vera/hpc_rnaseq_production_results/2026-09-10/runs/SRR11721640/gene_counts.tsv.gz
SRR11721641	ELIGIBLE	eligible	/cephyr/users/mayoa/Vera/hpc_rnaseq_production_results/2026-09-10/runs/SRR11721641/gene_counts.tsv.gz
SRR11721642	ELIGIBLE	eligible	/cephyr/users/mayoa/Vera/hpc_rnaseq_production_results/2026-09-10/runs/SRR11721642/gene_counts.tsv.gz
SRR11721643	ELIGIBLE	eligible	/cephyr/users/mayoa/Vera/hpc_rnaseq_production_results/2026-09-10/runs/SRR11721643/gene_counts.tsv.gz
SRR11721644	ELIGIBLE	eligible	/cephyr/users/mayoa/Vera/hpc_rnaseq_production_results/2026-09-10/runs/SRR11721644/gene_counts.tsv.gz
SRR11721645	ELIGIBLE	eligible	/cephyr/users/mayoa/Vera/hpc_rnaseq_production_results/2026-09-10/runs/SRR11721645/gene_counts.tsv.gz
SRR11721646	ELIGIBLE	eligible	/cephyr/users/mayoa/Vera/hpc_rnaseq_production_results/2026-09-10/runs/SRR11721646/gene_counts.tsv.gz
SRR11721647	ELIGIBLE	eligible	/cephyr/users/mayoa/Vera/hpc_rnaseq_production_results/2026-09-10/runs/SRR11721647/gene_counts.tsv.gz
SRR11721648	ELIGIBLE	eligible	/cephyr/users/mayoa/Vera/hpc_rnaseq_production_results/2026-09-10/runs/SRR11721648/gene_counts.tsv.gz
SRR11721649	ELIGIBLE	eligible	/cephyr/users/mayoa/Vera/hpc_rnaseq_production_results/2026-09-10/runs/SRR11721649/gene_counts.tsv.gz
SRR11721650	ELIGIBLE	eligible	/cephyr/users/mayoa/Vera/hpc_rnaseq_production_results/2026-09-10/runs/SRR11721650/gene_counts.tsv.gz
SRR11721651	ELIGIBLE	eligible	/cephyr/users/mayoa/Vera/hpc_rnaseq_production_results/2026-09-10/runs/SRR11721651/gene_counts.tsv.gz
SRR11721652	ELIGIBLE	eligible	/cephyr/users/mayoa/Vera/hpc_rnaseq_production_results/2026-09-10/runs/SRR11721652/gene_counts.tsv.gz
SRR11721653	ELIGIBLE	eligible	/cephyr/users/mayoa/Vera/hpc_rnaseq_production_results/2026-09-10/runs/SRR11721653/gene_counts.tsv.gz
SRR11721654	ELIGIBLE	eligible	/cephyr/users/mayoa/Vera/hpc_rnaseq_production_results/2026-09-10/runs/SRR11721654/gene_counts.tsv.gz
SRR11721655	ELIGIBLE	eligible	/cephyr/users/mayoa/Vera/hpc_rnaseq_production_results/2026-09-10/runs/SRR11721655/gene_counts.tsv.gz
SRR11721656	ELIGIBLE	eligible	/cephyr/users/mayoa/Vera/hpc_rnaseq_production_results/2026-09-10/runs/SRR11721656/gene_counts.tsv.gz
SRR11721657	ELIGIBLE	eligible	/cephyr/users/mayoa/Vera/hpc_rnaseq_production_results/2026-09-10/runs/SRR11721657/gene_counts.tsv.gz
SRR11721658	ELIGIBLE	eligible	/cephyr/users/mayoa/Vera/hpc_rnaseq_production_results/2026-09-10/runs/SRR11721658/gene_counts.tsv.gz
SRR12194145	ELIGIBLE	eligible	/cephyr/users/mayoa/Vera/hpc_rnaseq_production_results/2026-09-10/runs/SRR12194145/gene_counts.tsv.gz
SRR12194146	ELIGIBLE	eligible	/cephyr/users/mayoa/Vera/hpc_rnaseq_production_results/2026-09-10/runs/SRR12194146/gene_counts.tsv.gz
SRR12194147	ELIGIBLE	eligible	/cephyr/users/mayoa/Vera/hpc_rnaseq_production_results/2026-09-10/runs/SRR12194147/gene_counts.tsv.gz
SRR12194150	ELIGIBLE	eligible	/cephyr/users/mayoa/Vera/hpc_rnaseq_production_results/2026-09-10/runs/SRR12194150/gene_counts.tsv.gz
SRR12194151	ELIGIBLE	eligible	/cephyr/users/mayoa/Vera/hpc_rnaseq_production_results/2026-09-10/runs/SRR12194151/gene_counts.tsv.gz
SRR12194152	ELIGIBLE	eligible	/cephyr/users/mayoa/Vera/hpc_rnaseq_production_results/2026-09-10/runs/SRR12194152/gene_counts.tsv.gz
SRR12587964	ELIGIBLE	eligible	/cephyr/users/mayoa/Vera/hpc_rnaseq_production_results/2026-09-10/runs/SRR12587964/gene_counts.tsv.gz
SRR12587965	ELIGIBLE	eligible	/cephyr/users/mayoa/Vera/hpc_rnaseq_production_results/2026-09-10/runs/SRR12587965/gene_counts.tsv.gz
SRR12587966	ELIGIBLE	eligible	/cephyr/users/mayoa/Vera/hpc_rnaseq_production_results/2026-09-10/runs/SRR12587966/gene_counts.tsv.gz
SRR12587967	ELIGIBLE	eligible	/cephyr/users/mayoa/Vera/hpc_rnaseq_production_results/2026-09-10/runs/SRR12587967/gene_counts.tsv.gz
SRR12618082	ELIGIBLE	eligible	/cephyr/users/mayoa/Vera/hpc_rnaseq_production_results/2026-09-10/runs/SRR12618082/gene_counts.tsv.gz
SRR12618083	ELIGIBLE	eligible	/cephyr/users/mayoa/Vera/hpc_rnaseq_production_results/2026-09-10/runs/SRR12618083/gene_counts.tsv.gz
SRR12618084	ELIGIBLE	eligible	/cephyr/users/mayoa/Vera/hpc_rnaseq_production_results/2026-09-10/runs/SRR12618084/gene_counts.tsv.gz
SRR12618085	ELIGIBLE	eligible	/cephyr/users/mayoa/Vera/hpc_rnaseq_production_results/2026-09-10/runs/SRR12618085/gene_counts.tsv.gz
SRR12618086	ELIGIBLE	eligible	/cephyr/users/mayoa/Vera/hpc_rnaseq_production_results/2026-09-10/runs/SRR12618086/gene_counts.tsv.gz
SRR12618087	ELIGIBLE	eligible	/cephyr/users/mayoa/Vera/hpc_rnaseq_production_results/2026-09-10/runs/SRR12618087/gene_counts.tsv.gz
SRR12618088	ELIGIBLE	eligible	/cephyr/users/mayoa/Vera/hpc_rnaseq_production_results/2026-09-10/runs/SRR12618088/gene_counts.tsv.gz
SRR12618089	ELIGIBLE	eligible	/cephyr/users/mayoa/Vera/hpc_rnaseq_production_results/2026-09-10/runs/SRR12618089/gene_counts.tsv.gz
SRR12618090	ELIGIBLE	eligible	/cephyr/users/mayoa/Vera/hpc_rnaseq_production_results/2026-09-10/runs/SRR12618090/gene_counts.tsv.gz
SRR12618091	ELIGIBLE	eligible	/cephyr/users/mayoa/Vera/hpc_rnaseq_production_results/2026-09-10/runs/SRR12618091/gene_counts.tsv.gz
SRR12618092	ELIGIBLE	eligible	/cephyr/users/mayoa/Vera/hpc_rnaseq_production_results/2026-09-10/runs/SRR12618092/gene_counts.tsv.gz
SRR12618093	ELIGIBLE	eligible	/cephyr/users/mayoa/Vera/hpc_rnaseq_production_results/2026-09-10/runs/SRR12618093/gene_counts.tsv.gz
SRR12618094	ELIGIBLE	eligible	/cephyr/users/mayoa/Vera/hpc_rnaseq_production_results/2026-09-10/runs/SRR12618094/gene_counts.tsv.gz
SRR12618095	ELIGIBLE	eligible	/cephyr/users/mayoa/Vera/hpc_rnaseq_production_results/2026-09-10/runs/SRR12618095/gene_counts.tsv.gz
SRR12618096	ELIGIBLE	eligible	/cephyr/users/mayoa/Vera/hpc_rnaseq_production_results/2026-09-10/runs/SRR12618096/gene_counts.tsv.gz
SRR12618097	ELIGIBLE	eligible	/cephyr/users/mayoa/Vera/hpc_rnaseq_production_results/2026-09-10/runs/SRR12618097/gene_counts.tsv.gz
SRR12618098	ELIGIBLE	eligible	/cephyr/users/mayoa/Vera/hpc_rnaseq_production_results/2026-09-10/runs/SRR12618098/gene_counts.tsv.gz
SRR12618099	ELIGIBLE	eligible	/cephyr/users/mayoa/Vera/hpc_rnaseq_production_results/2026-09-10/runs/SRR12618099/gene_counts.tsv.gz
SRR12618100	ELIGIBLE	eligible	/cephyr/users/mayoa/Vera/hpc_rnaseq_production_results/2026-09-10/runs/SRR12618100/gene_counts.tsv.gz
SRR12618101	ELIGIBLE	eligible	/cephyr/users/mayoa/Vera/hpc_rnaseq_production_results/2026-09-10/runs/SRR12618101/gene_counts.tsv.gz
SRR12618102	ELIGIBLE	eligible	/cephyr/users/mayoa/Vera/hpc_rnaseq_production_results/2026-09-10/runs/SRR12618102/gene_counts.tsv.gz
SRR12618103	ELIGIBLE	eligible	/cephyr/users/mayoa/Vera/hpc_rnaseq_production_results/2026-09-10/runs/SRR12618103/gene_counts.tsv.gz
SRR12618104	ELIGIBLE	eligible	/cephyr/users/mayoa/Vera/hpc_rnaseq_production_results/2026-09-10/runs/SRR12618104/gene_counts.tsv.gz
SRR12618105	ELIGIBLE	eligible	/cephyr/users/mayoa/Vera/hpc_rnaseq_production_results/2026-09-10/runs/SRR12618105/gene_counts.tsv.gz
SRR12618106	ELIGIBLE	eligible	/cephyr/users/mayoa/Vera/hpc_rnaseq_production_results/2026-09-10/runs/SRR12618106/gene_counts.tsv.gz
SRR12618107	ELIGIBLE	eligible	/cephyr/users/mayoa/Vera/hpc_rnaseq_production_results/2026-09-10/runs/SRR12618107/gene_counts.tsv.gz
SRR12618108	ELIGIBLE	eligible	/cephyr/users/mayoa/Vera/hpc_rnaseq_production_results/2026-09-10/runs/SRR12618108/gene_counts.tsv.gz
SRR12618109	ELIGIBLE	eligible	/cephyr/users/mayoa/Vera/hpc_rnaseq_production_results/2026-09-10/runs/SRR12618109/gene_counts.tsv.gz
SRR12618110	ELIGIBLE	eligible	/cephyr/users/mayoa/Vera/hpc_rnaseq_production_results/2026-09-10/runs/SRR12618110/gene_counts.tsv.gz
SRR12618111	ELIGIBLE	eligible	/cephyr/users/mayoa/Vera/hpc_rnaseq_production_results/2026-09-10/runs/SRR12618111/gene_counts.tsv.gz
SRR12618112	ELIGIBLE	eligible	/cephyr/users/mayoa/Vera/hpc_rnaseq_production_results/2026-09-10/runs/SRR12618112/gene_counts.tsv.gz
SRR12618113	ELIGIBLE	eligible	/cephyr/users/mayoa/Vera/hpc_rnaseq_production_results/2026-09-10/runs/SRR12618113/gene_counts.tsv.gz
SRR12618114	ELIGIBLE	eligible	/cephyr/users/mayoa/Vera/hpc_rnaseq_production_results/2026-09-10/runs/SRR12618114/gene_counts.tsv.gz
SRR12618115	ELIGIBLE	eligible	/cephyr/users/mayoa/Vera/hpc_rnaseq_production_results/2026-09-10/runs/SRR12618115/gene_counts.tsv.gz
SRR12618116	ELIGIBLE	eligible	/cephyr/users/mayoa/Vera/hpc_rnaseq_production_results/2026-09-10/runs/SRR12618116/gene_counts.tsv.gz
SRR12618117	ELIGIBLE	eligible	/cephyr/users/mayoa/Vera/hpc_rnaseq_production_results/2026-09-10/runs/SRR12618117/gene_counts.tsv.gz
SRR12618118	ELIGIBLE	eligible	/cephyr/users/mayoa/Vera/hpc_rnaseq_production_results/2026-09-10/runs/SRR12618118/gene_counts.tsv.gz
SRR12618119	ELIGIBLE	eligible	/cephyr/users/mayoa/Vera/hpc_rnaseq_production_results/2026-09-10/runs/SRR12618119/gene_counts.tsv.gz
SRR12618120	ELIGIBLE	eligible	/cephyr/users/mayoa/Vera/hpc_rnaseq_production_results/2026-09-10/runs/SRR12618120/gene_counts.tsv.gz
SRR12618121	ELIGIBLE	eligible	/cephyr/users/mayoa/Vera/hpc_rnaseq_production_results/2026-09-10/runs/SRR12618121/gene_counts.tsv.gz
SRR12618122	ELIGIBLE	eligible	/cephyr/users/mayoa/Vera/hpc_rnaseq_production_results/2026-09-10/runs/SRR12618122/gene_counts.tsv.gz
SRR12618123	ELIGIBLE	eligible	/cephyr/users/mayoa/Vera/hpc_rnaseq_production_results/2026-09-10/runs/SRR12618123/gene_counts.tsv.gz
SRR12618124	ELIGIBLE	eligible	/cephyr/users/mayoa/Vera/hpc_rnaseq_production_results/2026-09-10/runs/SRR12618124/gene_counts.tsv.gz
SRR12618125	ELIGIBLE	eligible	/cephyr/users/mayoa/Vera/hpc_rnaseq_production_results/2026-09-10/runs/SRR12618125/gene_counts.tsv.gz
SRR12618126	ELIGIBLE	eligible	/cephyr/users/mayoa/Vera/hpc_rnaseq_production_results/2026-09-10/runs/SRR12618126/gene_counts.tsv.gz
SRR12618127	ELIGIBLE	eligible	/cephyr/users/mayoa/Vera/hpc_rnaseq_production_results/2026-09-10/runs/SRR12618127/gene_counts.tsv.gz
SRR12618128	ELIGIBLE	eligible	/cephyr/users/mayoa/Vera/hpc_rnaseq_production_results/2026-09-10/runs/SRR12618128/gene_counts.tsv.gz
SRR12618129	ELIGIBLE	eligible	/cephyr/users/mayoa/Vera/hpc_rnaseq_production_results/2026-09-10/runs/SRR12618129/gene_counts.tsv.gz
SRR12618130	ELIGIBLE	eligible	/cephyr/users/mayoa/Vera/hpc_rnaseq_production_results/2026-09-10/runs/SRR12618130/gene_counts.tsv.gz
SRR12618131	ELIGIBLE	eligible	/cephyr/users/mayoa/Vera/hpc_rnaseq_production_results/2026-09-10/runs/SRR12618131/gene_counts.tsv.gz
SRR12618132	ELIGIBLE	eligible	/cephyr/users/mayoa/Vera/hpc_rnaseq_production_results/2026-09-10/runs/SRR12618132/gene_counts.tsv.gz
SRR12618133	ELIGIBLE	eligible	/cephyr/users/mayoa/Vera/hpc_rnaseq_production_results/2026-09-10/runs/SRR12618133/gene_counts.tsv.gz
SRR12618134	ELIGIBLE	eligible	/cephyr/users/mayoa/Vera/hpc_rnaseq_production_results/2026-09-10/runs/SRR12618134/gene_counts.tsv.gz
SRR12618135	ELIGIBLE	eligible	/cephyr/users/mayoa/Vera/hpc_rnaseq_production_results/2026-09-10/runs/SRR12618135/gene_counts.tsv.gz
SRR12618136	ELIGIBLE	eligible	/cephyr/users/mayoa/Vera/hpc_rnaseq_production_results/2026-09-10/runs/SRR12618136/gene_counts.tsv.gz
SRR12618137	ELIGIBLE	eligible	/cephyr/users/mayoa/Vera/hpc_rnaseq_production_results/2026-09-10/runs/SRR12618137/gene_counts.tsv.gz
SRR12618138	ELIGIBLE	eligible	/cephyr/users/mayoa/Vera/hpc_rnaseq_production_results/2026-09-10/runs/SRR12618138/gene_counts.tsv.gz
SRR12618139	ELIGIBLE	eligible	/cephyr/users/mayoa/Vera/hpc_rnaseq_production_results/2026-09-10/runs/SRR12618139/gene_counts.tsv.gz
SRR12774953	BLOCKED	excluded:non_CHO	/cephyr/users/mayoa/Vera/hpc_rnaseq_production_results/2026-09-10/runs/SRR12774953/gene_counts.tsv.gz
SRR12774954	BLOCKED	excluded:non_CHO	/cephyr/users/mayoa/Vera/hpc_rnaseq_production_results/2026-09-10/runs/SRR12774954/gene_counts.tsv.gz
SRR12774955	BLOCKED	excluded:non_CHO	/cephyr/users/mayoa/Vera/hpc_rnaseq_production_results/2026-09-10/runs/SRR12774955/gene_counts.tsv.gz
SRR12774956	BLOCKED	excluded:non_CHO	/cephyr/users/mayoa/Vera/hpc_rnaseq_production_results/2026-09-10/runs/SRR12774956/gene_counts.tsv.gz
SRR12774957	BLOCKED	excluded:non_CHO	/cephyr/users/mayoa/Vera/hpc_rnaseq_production_results/2026-09-10/runs/SRR12774957/gene_counts.tsv.gz
SRR12774958	BLOCKED	excluded:non_CHO	/cephyr/users/mayoa/Vera/hpc_rnaseq_production_results/2026-09-10/runs/SRR12774958/gene_counts.tsv.gz
SRR12774959	BLOCKED	excluded:non_CHO	/cephyr/users/mayoa/Vera/hpc_rnaseq_production_results/2026-09-10/runs/SRR12774959/gene_counts.tsv.gz
SRR12774960	BLOCKED	excluded:non_CHO	/cephyr/users/mayoa/Vera/hpc_rnaseq_production_results/2026-09-10/runs/SRR12774960/gene_counts.tsv.gz
SRR12774961	BLOCKED	excluded:non_CHO	/cephyr/users/mayoa/Vera/hpc_rnaseq_production_results/2026-09-10/runs/SRR12774961/gene_counts.tsv.gz
SRR12774962	BLOCKED	excluded:non_CHO	/cephyr/users/mayoa/Vera/hpc_rnaseq_production_results/2026-09-10/runs/SRR12774962/gene_counts.tsv.gz
SRR12774963	BLOCKED	excluded:non_CHO	/cephyr/users/mayoa/Vera/hpc_rnaseq_production_results/2026-09-10/runs/SRR12774963/gene_counts.tsv.gz
SRR14860925	ELIGIBLE	eligible	/cephyr/users/mayoa/Vera/hpc_rnaseq_production_results/2026-09-10/runs/SRR14860925/gene_counts.tsv.gz
SRR14860926	ELIGIBLE	eligible	/cephyr/users/mayoa/Vera/hpc_rnaseq_production_results/2026-09-10/runs/SRR14860926/gene_counts.tsv.gz
SRR14860927	ELIGIBLE	eligible	/cephyr/users/mayoa/Vera/hpc_rnaseq_production_results/2026-09-10/runs/SRR14860927/gene_counts.tsv.gz
SRR14860928	ELIGIBLE	eligible	/cephyr/users/mayoa/Vera/hpc_rnaseq_production_results/2026-09-10/runs/SRR14860928/gene_counts.tsv.gz
SRR14860929	ELIGIBLE	eligible	/cephyr/users/mayoa/Vera/hpc_rnaseq_production_results/2026-09-10/runs/SRR14860929/gene_counts.tsv.gz
SRR14860930	ELIGIBLE	eligible	/cephyr/users/mayoa/Vera/hpc_rnaseq_production_results/2026-09-10/runs/SRR14860930/gene_counts.tsv.gz
SRR14860931	ELIGIBLE	eligible	/cephyr/users/mayoa/Vera/hpc_rnaseq_production_results/2026-09-10/runs/SRR14860931/gene_counts.tsv.gz
SRR14860932	ELIGIBLE	eligible	/cephyr/users/mayoa/Vera/hpc_rnaseq_production_results/2026-09-10/runs/SRR14860932/gene_counts.tsv.gz
SRR14860933	ELIGIBLE	eligible	/cephyr/users/mayoa/Vera/hpc_rnaseq_production_results/2026-09-10/runs/SRR14860933/gene_counts.tsv.gz
SRR14860934	ELIGIBLE	eligible	/cephyr/users/mayoa/Vera/hpc_rnaseq_production_results/2026-09-10/runs/SRR14860934/gene_counts.tsv.gz
SRR14860935	ELIGIBLE	eligible	/cephyr/users/mayoa/Vera/hpc_rnaseq_production_results/2026-09-10/runs/SRR14860935/gene_counts.tsv.gz
SRR14860936	ELIGIBLE	eligible	/cephyr/users/mayoa/Vera/hpc_rnaseq_production_results/2026-09-10/runs/SRR14860936/gene_counts.tsv.gz
SRR14860937	ELIGIBLE	eligible	/cephyr/users/mayoa/Vera/hpc_rnaseq_production_results/2026-09-10/runs/SRR14860937/gene_counts.tsv.gz
SRR14860938	ELIGIBLE	eligible	/cephyr/users/mayoa/Vera/hpc_rnaseq_production_results/2026-09-10/runs/SRR14860938/gene_counts.tsv.gz
SRR14860939	ELIGIBLE	eligible	/cephyr/users/mayoa/Vera/hpc_rnaseq_production_results/2026-09-10/runs/SRR14860939/gene_counts.tsv.gz
SRR14860940	ELIGIBLE	eligible	/cephyr/users/mayoa/Vera/hpc_rnaseq_production_results/2026-09-10/runs/SRR14860940/gene_counts.tsv.gz
SRR14860941	ELIGIBLE	eligible	/cephyr/users/mayoa/Vera/hpc_rnaseq_production_results/2026-09-10/runs/SRR14860941/gene_counts.tsv.gz
SRR14860942	ELIGIBLE	eligible	/cephyr/users/mayoa/Vera/hpc_rnaseq_production_results/2026-09-10/runs/SRR14860942/gene_counts.tsv.gz
SRR15111551	ELIGIBLE	eligible	/cephyr/users/mayoa/Vera/hpc_rnaseq_production_results/2026-09-10/runs/SRR15111551/gene_counts.tsv.gz
SRR15111552	ELIGIBLE	eligible	/cephyr/users/mayoa/Vera/hpc_rnaseq_production_results/2026-09-10/runs/SRR15111552/gene_counts.tsv.gz
SRR15111553	ELIGIBLE	eligible	/cephyr/users/mayoa/Vera/hpc_rnaseq_production_results/2026-09-10/runs/SRR15111553/gene_counts.tsv.gz
SRR15111554	ELIGIBLE	eligible	/cephyr/users/mayoa/Vera/hpc_rnaseq_production_results/2026-09-10/runs/SRR15111554/gene_counts.tsv.gz
SRR15111555	ELIGIBLE	eligible	/cephyr/users/mayoa/Vera/hpc_rnaseq_production_results/2026-09-10/runs/SRR15111555/gene_counts.tsv.gz
SRR15111556	ELIGIBLE	eligible	/cephyr/users/mayoa/Vera/hpc_rnaseq_production_results/2026-09-10/runs/SRR15111556/gene_counts.tsv.gz
SRR15111557	ELIGIBLE	eligible	/cephyr/users/mayoa/Vera/hpc_rnaseq_production_results/2026-09-10/runs/SRR15111557/gene_counts.tsv.gz
SRR15111558	ELIGIBLE	eligible	/cephyr/users/mayoa/Vera/hpc_rnaseq_production_results/2026-09-10/runs/SRR15111558/gene_counts.tsv.gz
SRR15111559	ELIGIBLE	eligible	/cephyr/users/mayoa/Vera/hpc_rnaseq_production_results/2026-09-10/runs/SRR15111559/gene_counts.tsv.gz
SRR15111560	ELIGIBLE	eligible	/cephyr/users/mayoa/Vera/hpc_rnaseq_production_results/2026-09-10/runs/SRR15111560/gene_counts.tsv.gz
SRR15111561	ELIGIBLE	eligible	/cephyr/users/mayoa/Vera/hpc_rnaseq_production_results/2026-09-10/runs/SRR15111561/gene_counts.tsv.gz
SRR15111562	ELIGIBLE	eligible	/cephyr/users/mayoa/Vera/hpc_rnaseq_production_results/2026-09-10/runs/SRR15111562/gene_counts.tsv.gz
SRR15111563	ELIGIBLE	eligible	/cephyr/users/mayoa/Vera/hpc_rnaseq_production_results/2026-09-10/runs/SRR15111563/gene_counts.tsv.gz
SRR15111564	ELIGIBLE	eligible	/cephyr/users/mayoa/Vera/hpc_rnaseq_production_results/2026-09-10/runs/SRR15111564/gene_counts.tsv.gz
SRR15111565	ELIGIBLE	eligible	/cephyr/users/mayoa/Vera/hpc_rnaseq_production_results/2026-09-10/runs/SRR15111565/gene_counts.tsv.gz
SRR15111566	ELIGIBLE	eligible	/cephyr/users/mayoa/Vera/hpc_rnaseq_production_results/2026-09-10/runs/SRR15111566/gene_counts.tsv.gz
SRR15111567	ELIGIBLE	eligible	/cephyr/users/mayoa/Vera/hpc_rnaseq_production_results/2026-09-10/runs/SRR15111567/gene_counts.tsv.gz
SRR15111568	ELIGIBLE	eligible	/cephyr/users/mayoa/Vera/hpc_rnaseq_production_results/2026-09-10/runs/SRR15111568/gene_counts.tsv.gz
SRR15111569	ELIGIBLE	eligible	/cephyr/users/mayoa/Vera/hpc_rnaseq_production_results/2026-09-10/runs/SRR15111569/gene_counts.tsv.gz
SRR15111570	ELIGIBLE	eligible	/cephyr/users/mayoa/Vera/hpc_rnaseq_production_results/2026-09-10/runs/SRR15111570/gene_counts.tsv.gz
SRR15111571	ELIGIBLE	eligible	/cephyr/users/mayoa/Vera/hpc_rnaseq_production_results/2026-09-10/runs/SRR15111571/gene_counts.tsv.gz
SRR15111572	ELIGIBLE	eligible	/cephyr/users/mayoa/Vera/hpc_rnaseq_production_results/2026-09-10/runs/SRR15111572/gene_counts.tsv.gz
SRR15111573	ELIGIBLE	eligible	/cephyr/users/mayoa/Vera/hpc_rnaseq_production_results/2026-09-10/runs/SRR15111573/gene_counts.tsv.gz
SRR15111574	ELIGIBLE	eligible	/cephyr/users/mayoa/Vera/hpc_rnaseq_production_results/2026-09-10/runs/SRR15111574/gene_counts.tsv.gz
SRR15111575	ELIGIBLE	eligible	/cephyr/users/mayoa/Vera/hpc_rnaseq_production_results/2026-09-10/runs/SRR15111575/gene_counts.tsv.gz
SRR15111576	ELIGIBLE	eligible	/cephyr/users/mayoa/Vera/hpc_rnaseq_production_results/2026-09-10/runs/SRR15111576/gene_counts.tsv.gz
SRR15111577	ELIGIBLE	eligible	/cephyr/users/mayoa/Vera/hpc_rnaseq_production_results/2026-09-10/runs/SRR15111577/gene_counts.tsv.gz
SRR15111578	ELIGIBLE	eligible	/cephyr/users/mayoa/Vera/hpc_rnaseq_production_results/2026-09-10/runs/SRR15111578/gene_counts.tsv.gz
SRR15111579	ELIGIBLE	eligible	/cephyr/users/mayoa/Vera/hpc_rnaseq_production_results/2026-09-10/runs/SRR15111579/gene_counts.tsv.gz
SRR15111580	ELIGIBLE	eligible	/cephyr/users/mayoa/Vera/hpc_rnaseq_production_results/2026-09-10/runs/SRR15111580/gene_counts.tsv.gz
SRR1516214	ELIGIBLE	eligible	/cephyr/users/mayoa/Vera/hpc_rnaseq_production_results/2026-09-10/runs/SRR1516214/gene_counts.tsv.gz
SRR1516215	ELIGIBLE	eligible	/cephyr/users/mayoa/Vera/hpc_rnaseq_production_results/2026-09-10/runs/SRR1516215/gene_counts.tsv.gz
SRR1516216	ELIGIBLE	eligible	/cephyr/users/mayoa/Vera/hpc_rnaseq_production_results/2026-09-10/runs/SRR1516216/gene_counts.tsv.gz
SRR1516217	ELIGIBLE	eligible	/cephyr/users/mayoa/Vera/hpc_rnaseq_production_results/2026-09-10/runs/SRR1516217/gene_counts.tsv.gz
SRR15221365	ELIGIBLE	eligible	/cephyr/users/mayoa/Vera/hpc_rnaseq_production_results/2026-09-10/runs/SRR15221365/gene_counts.tsv.gz
SRR15221366	ELIGIBLE	eligible	/cephyr/users/mayoa/Vera/hpc_rnaseq_production_results/2026-09-10/runs/SRR15221366/gene_counts.tsv.gz
SRR15221367	ELIGIBLE	eligible	/cephyr/users/mayoa/Vera/hpc_rnaseq_production_results/2026-09-10/runs/SRR15221367/gene_counts.tsv.gz
SRR15221368	ELIGIBLE	eligible	/cephyr/users/mayoa/Vera/hpc_rnaseq_production_results/2026-09-10/runs/SRR15221368/gene_counts.tsv.gz
SRR15221369	ELIGIBLE	eligible	/cephyr/users/mayoa/Vera/hpc_rnaseq_production_results/2026-09-10/runs/SRR15221369/gene_counts.tsv.gz
SRR15221370	ELIGIBLE	eligible	/cephyr/users/mayoa/Vera/hpc_rnaseq_production_results/2026-09-10/runs/SRR15221370/gene_counts.tsv.gz
SRR15221371	ELIGIBLE	eligible	/cephyr/users/mayoa/Vera/hpc_rnaseq_production_results/2026-09-10/runs/SRR15221371/gene_counts.tsv.gz
SRR15221372	ELIGIBLE	eligible	/cephyr/users/mayoa/Vera/hpc_rnaseq_production_results/2026-09-10/runs/SRR15221372/gene_counts.tsv.gz
SRR15221373	ELIGIBLE	eligible	/cephyr/users/mayoa/Vera/hpc_rnaseq_production_results/2026-09-10/runs/SRR15221373/gene_counts.tsv.gz
SRR15221374	ELIGIBLE	eligible	/cephyr/users/mayoa/Vera/hpc_rnaseq_production_results/2026-09-10/runs/SRR15221374/gene_counts.tsv.gz
SRR15221375	ELIGIBLE	eligible	/cephyr/users/mayoa/Vera/hpc_rnaseq_production_results/2026-09-10/runs/SRR15221375/gene_counts.tsv.gz
SRR15221376	ELIGIBLE	eligible	/cephyr/users/mayoa/Vera/hpc_rnaseq_production_results/2026-09-10/runs/SRR15221376/gene_counts.tsv.gz
SRR15221377	ELIGIBLE	eligible	/cephyr/users/mayoa/Vera/hpc_rnaseq_production_results/2026-09-10/runs/SRR15221377/gene_counts.tsv.gz
SRR15221378	ELIGIBLE	eligible	/cephyr/users/mayoa/Vera/hpc_rnaseq_production_results/2026-09-10/runs/SRR15221378/gene_counts.tsv.gz
SRR15221379	ELIGIBLE	eligible	/cephyr/users/mayoa/Vera/hpc_rnaseq_production_results/2026-09-10/runs/SRR15221379/gene_counts.tsv.gz
SRR15221380	ELIGIBLE	eligible	/cephyr/users/mayoa/Vera/hpc_rnaseq_production_results/2026-09-10/runs/SRR15221380/gene_counts.tsv.gz
SRR15221381	ELIGIBLE	eligible	/cephyr/users/mayoa/Vera/hpc_rnaseq_production_results/2026-09-10/runs/SRR15221381/gene_counts.tsv.gz
SRR15221382	ELIGIBLE	eligible	/cephyr/users/mayoa/Vera/hpc_rnaseq_production_results/2026-09-10/runs/SRR15221382/gene_counts.tsv.gz
SRR15221383	ELIGIBLE	eligible	/cephyr/users/mayoa/Vera/hpc_rnaseq_production_results/2026-09-10/runs/SRR15221383/gene_counts.tsv.gz
SRR15221384	ELIGIBLE	eligible	/cephyr/users/mayoa/Vera/hpc_rnaseq_production_results/2026-09-10/runs/SRR15221384/gene_counts.tsv.gz
SRR15221385	ELIGIBLE	eligible	/cephyr/users/mayoa/Vera/hpc_rnaseq_production_results/2026-09-10/runs/SRR15221385/gene_counts.tsv.gz
SRR15221386	ELIGIBLE	eligible	/cephyr/users/mayoa/Vera/hpc_rnaseq_production_results/2026-09-10/runs/SRR15221386/gene_counts.tsv.gz
SRR15221387	ELIGIBLE	eligible	/cephyr/users/mayoa/Vera/hpc_rnaseq_production_results/2026-09-10/runs/SRR15221387/gene_counts.tsv.gz
SRR15221388	ELIGIBLE	eligible	/cephyr/users/mayoa/Vera/hpc_rnaseq_production_results/2026-09-10/runs/SRR15221388/gene_counts.tsv.gz
SRR15221389	ELIGIBLE	eligible	/cephyr/users/mayoa/Vera/hpc_rnaseq_production_results/2026-09-10/runs/SRR15221389/gene_counts.tsv.gz
SRR15221390	ELIGIBLE	eligible	/cephyr/users/mayoa/Vera/hpc_rnaseq_production_results/2026-09-10/runs/SRR15221390/gene_counts.tsv.gz
SRR15221391	ELIGIBLE	eligible	/cephyr/users/mayoa/Vera/hpc_rnaseq_production_results/2026-09-10/runs/SRR15221391/gene_counts.tsv.gz
SRR15221392	ELIGIBLE	eligible	/cephyr/users/mayoa/Vera/hpc_rnaseq_production_results/2026-09-10/runs/SRR15221392/gene_counts.tsv.gz
SRR15221393	ELIGIBLE	eligible	/cephyr/users/mayoa/Vera/hpc_rnaseq_production_results/2026-09-10/runs/SRR15221393/gene_counts.tsv.gz
SRR15221394	ELIGIBLE	eligible	/cephyr/users/mayoa/Vera/hpc_rnaseq_production_results/2026-09-10/runs/SRR15221394/gene_counts.tsv.gz
SRR15221395	ELIGIBLE	eligible	/cephyr/users/mayoa/Vera/hpc_rnaseq_production_results/2026-09-10/runs/SRR15221395/gene_counts.tsv.gz
SRR15221396	ELIGIBLE	eligible	/cephyr/users/mayoa/Vera/hpc_rnaseq_production_results/2026-09-10/runs/SRR15221396/gene_counts.tsv.gz
SRR15221397	ELIGIBLE	eligible	/cephyr/users/mayoa/Vera/hpc_rnaseq_production_results/2026-09-10/runs/SRR15221397/gene_counts.tsv.gz
SRR15221398	ELIGIBLE	eligible	/cephyr/users/mayoa/Vera/hpc_rnaseq_production_results/2026-09-10/runs/SRR15221398/gene_counts.tsv.gz
SRR15221399	ELIGIBLE	eligible	/cephyr/users/mayoa/Vera/hpc_rnaseq_production_results/2026-09-10/runs/SRR15221399/gene_counts.tsv.gz
SRR15221400	ELIGIBLE	eligible	/cephyr/users/mayoa/Vera/hpc_rnaseq_production_results/2026-09-10/runs/SRR15221400/gene_counts.tsv.gz
SRR15559102	ELIGIBLE	eligible	/cephyr/users/mayoa/Vera/hpc_rnaseq_production_results/2026-09-10/runs/SRR15559102/gene_counts.tsv.gz
SRR15559103	ELIGIBLE	eligible	/cephyr/users/mayoa/Vera/hpc_rnaseq_production_results/2026-09-10/runs/SRR15559103/gene_counts.tsv.gz
SRR15559104	ELIGIBLE	eligible	/cephyr/users/mayoa/Vera/hpc_rnaseq_production_results/2026-09-10/runs/SRR15559104/gene_counts.tsv.gz
SRR15559105	ELIGIBLE	eligible	/cephyr/users/mayoa/Vera/hpc_rnaseq_production_results/2026-09-10/runs/SRR15559105/gene_counts.tsv.gz
SRR15559106	ELIGIBLE	eligible	/cephyr/users/mayoa/Vera/hpc_rnaseq_production_results/2026-09-10/runs/SRR15559106/gene_counts.tsv.gz
SRR15559107	ELIGIBLE	eligible	/cephyr/users/mayoa/Vera/hpc_rnaseq_production_results/2026-09-10/runs/SRR15559107/gene_counts.tsv.gz
SRR15559108	ELIGIBLE	eligible	/cephyr/users/mayoa/Vera/hpc_rnaseq_production_results/2026-09-10/runs/SRR15559108/gene_counts.tsv.gz
SRR15559109	ELIGIBLE	eligible	/cephyr/users/mayoa/Vera/hpc_rnaseq_production_results/2026-09-10/runs/SRR15559109/gene_counts.tsv.gz
SRR15559110	ELIGIBLE	eligible	/cephyr/users/mayoa/Vera/hpc_rnaseq_production_results/2026-09-10/runs/SRR15559110/gene_counts.tsv.gz
SRR15559111	ELIGIBLE	eligible	/cephyr/users/mayoa/Vera/hpc_rnaseq_production_results/2026-09-10/runs/SRR15559111/gene_counts.tsv.gz
SRR15559112	ELIGIBLE	eligible	/cephyr/users/mayoa/Vera/hpc_rnaseq_production_results/2026-09-10/runs/SRR15559112/gene_counts.tsv.gz
SRR15559113	ELIGIBLE	eligible	/cephyr/users/mayoa/Vera/hpc_rnaseq_production_results/2026-09-10/runs/SRR15559113/gene_counts.tsv.gz
SRR15559114	ELIGIBLE	eligible	/cephyr/users/mayoa/Vera/hpc_rnaseq_production_results/2026-09-10/runs/SRR15559114/gene_counts.tsv.gz
SRR15559115	ELIGIBLE	eligible	/cephyr/users/mayoa/Vera/hpc_rnaseq_production_results/2026-09-10/runs/SRR15559115/gene_counts.tsv.gz
SRR15559116	ELIGIBLE	eligible	/cephyr/users/mayoa/Vera/hpc_rnaseq_production_results/2026-09-10/runs/SRR15559116/gene_counts.tsv.gz
SRR15559117	ELIGIBLE	eligible	/cephyr/users/mayoa/Vera/hpc_rnaseq_production_results/2026-09-10/runs/SRR15559117/gene_counts.tsv.gz
SRR15559118	ELIGIBLE	eligible	/cephyr/users/mayoa/Vera/hpc_rnaseq_production_results/2026-09-10/runs/SRR15559118/gene_counts.tsv.gz
SRR15559119	ELIGIBLE	eligible	/cephyr/users/mayoa/Vera/hpc_rnaseq_production_results/2026-09-10/runs/SRR15559119/gene_counts.tsv.gz
SRR15559120	ELIGIBLE	eligible	/cephyr/users/mayoa/Vera/hpc_rnaseq_production_results/2026-09-10/runs/SRR15559120/gene_counts.tsv.gz
SRR15559121	ELIGIBLE	eligible	/cephyr/users/mayoa/Vera/hpc_rnaseq_production_results/2026-09-10/runs/SRR15559121/gene_counts.tsv.gz
SRR15923892	ELIGIBLE	eligible	/cephyr/users/mayoa/Vera/hpc_rnaseq_production_results/2026-09-10/runs/SRR15923892/gene_counts.tsv.gz
SRR15923900	ELIGIBLE	eligible	/cephyr/users/mayoa/Vera/hpc_rnaseq_production_results/2026-09-10/runs/SRR15923900/gene_counts.tsv.gz
SRR15923901	ELIGIBLE	eligible	/cephyr/users/mayoa/Vera/hpc_rnaseq_production_results/2026-09-10/runs/SRR15923901/gene_counts.tsv.gz
SRR16796943	ELIGIBLE	eligible	/cephyr/users/mayoa/Vera/hpc_rnaseq_production_results/2026-09-10/runs/SRR16796943/gene_counts.tsv.gz
SRR16796944	ELIGIBLE	eligible	/cephyr/users/mayoa/Vera/hpc_rnaseq_production_results/2026-09-10/runs/SRR16796944/gene_counts.tsv.gz
SRR16796945	ELIGIBLE	eligible	/cephyr/users/mayoa/Vera/hpc_rnaseq_production_results/2026-09-10/runs/SRR16796945/gene_counts.tsv.gz
SRR16796946	ELIGIBLE	eligible	/cephyr/users/mayoa/Vera/hpc_rnaseq_production_results/2026-09-10/runs/SRR16796946/gene_counts.tsv.gz
SRR16796949	ELIGIBLE	eligible	/cephyr/users/mayoa/Vera/hpc_rnaseq_production_results/2026-09-10/runs/SRR16796949/gene_counts.tsv.gz
SRR16796960	ELIGIBLE	eligible	/cephyr/users/mayoa/Vera/hpc_rnaseq_production_results/2026-09-10/runs/SRR16796960/gene_counts.tsv.gz
SRR16796971	ELIGIBLE	eligible	/cephyr/users/mayoa/Vera/hpc_rnaseq_production_results/2026-09-10/runs/SRR16796971/gene_counts.tsv.gz
SRR16796972	ELIGIBLE	eligible	/cephyr/users/mayoa/Vera/hpc_rnaseq_production_results/2026-09-10/runs/SRR16796972/gene_counts.tsv.gz
SRR16980320	ELIGIBLE	eligible	/cephyr/users/mayoa/Vera/hpc_rnaseq_production_results/2026-09-10/runs/SRR16980320/gene_counts.tsv.gz
SRR16980321	ELIGIBLE	eligible	/cephyr/users/mayoa/Vera/hpc_rnaseq_production_results/2026-09-10/runs/SRR16980321/gene_counts.tsv.gz
SRR16980322	ELIGIBLE	eligible	/cephyr/users/mayoa/Vera/hpc_rnaseq_production_results/2026-09-10/runs/SRR16980322/gene_counts.tsv.gz
SRR16980323	ELIGIBLE	eligible	/cephyr/users/mayoa/Vera/hpc_rnaseq_production_results/2026-09-10/runs/SRR16980323/gene_counts.tsv.gz
SRR16980324	ELIGIBLE	eligible	/cephyr/users/mayoa/Vera/hpc_rnaseq_production_results/2026-09-10/runs/SRR16980324/gene_counts.tsv.gz
SRR16980325	ELIGIBLE	eligible	/cephyr/users/mayoa/Vera/hpc_rnaseq_production_results/2026-09-10/runs/SRR16980325/gene_counts.tsv.gz
SRR16980326	ELIGIBLE	eligible	/cephyr/users/mayoa/Vera/hpc_rnaseq_production_results/2026-09-10/runs/SRR16980326/gene_counts.tsv.gz
SRR16980327	ELIGIBLE	eligible	/cephyr/users/mayoa/Vera/hpc_rnaseq_production_results/2026-09-10/runs/SRR16980327/gene_counts.tsv.gz
SRR16980328	ELIGIBLE	eligible	/cephyr/users/mayoa/Vera/hpc_rnaseq_production_results/2026-09-10/runs/SRR16980328/gene_counts.tsv.gz
SRR16980329	ELIGIBLE	eligible	/cephyr/users/mayoa/Vera/hpc_rnaseq_production_results/2026-09-10/runs/SRR16980329/gene_counts.tsv.gz
SRR16980330	ELIGIBLE	eligible	/cephyr/users/mayoa/Vera/hpc_rnaseq_production_results/2026-09-10/runs/SRR16980330/gene_counts.tsv.gz
SRR16980331	ELIGIBLE	eligible	/cephyr/users/mayoa/Vera/hpc_rnaseq_production_results/2026-09-10/runs/SRR16980331/gene_counts.tsv.gz
SRR16980332	ELIGIBLE	eligible	/cephyr/users/mayoa/Vera/hpc_rnaseq_production_results/2026-09-10/runs/SRR16980332/gene_counts.tsv.gz
SRR16980333	ELIGIBLE	eligible	/cephyr/users/mayoa/Vera/hpc_rnaseq_production_results/2026-09-10/runs/SRR16980333/gene_counts.tsv.gz
SRR16980334	ELIGIBLE	eligible	/cephyr/users/mayoa/Vera/hpc_rnaseq_production_results/2026-09-10/runs/SRR16980334/gene_counts.tsv.gz
SRR16980335	ELIGIBLE	eligible	/cephyr/users/mayoa/Vera/hpc_rnaseq_production_results/2026-09-10/runs/SRR16980335/gene_counts.tsv.gz
SRR16980336	ELIGIBLE	eligible	/cephyr/users/mayoa/Vera/hpc_rnaseq_production_results/2026-09-10/runs/SRR16980336/gene_counts.tsv.gz
SRR16980337	ELIGIBLE	eligible	/cephyr/users/mayoa/Vera/hpc_rnaseq_production_results/2026-09-10/runs/SRR16980337/gene_counts.tsv.gz
SRR16980338	ELIGIBLE	eligible	/cephyr/users/mayoa/Vera/hpc_rnaseq_production_results/2026-09-10/runs/SRR16980338/gene_counts.tsv.gz
SRR16980339	ELIGIBLE	eligible	/cephyr/users/mayoa/Vera/hpc_rnaseq_production_results/2026-09-10/runs/SRR16980339/gene_counts.tsv.gz
SRR16980340	ELIGIBLE	eligible	/cephyr/users/mayoa/Vera/hpc_rnaseq_production_results/2026-09-10/runs/SRR16980340/gene_counts.tsv.gz
SRR16980341	ELIGIBLE	eligible	/cephyr/users/mayoa/Vera/hpc_rnaseq_production_results/2026-09-10/runs/SRR16980341/gene_counts.tsv.gz
SRR16980342	ELIGIBLE	eligible	/cephyr/users/mayoa/Vera/hpc_rnaseq_production_results/2026-09-10/runs/SRR16980342/gene_counts.tsv.gz
SRR16980343	ELIGIBLE	eligible	/cephyr/users/mayoa/Vera/hpc_rnaseq_production_results/2026-09-10/runs/SRR16980343/gene_counts.tsv.gz
SRR16980344	ELIGIBLE	eligible	/cephyr/users/mayoa/Vera/hpc_rnaseq_production_results/2026-09-10/runs/SRR16980344/gene_counts.tsv.gz
SRR16980345	ELIGIBLE	eligible	/cephyr/users/mayoa/Vera/hpc_rnaseq_production_results/2026-09-10/runs/SRR16980345/gene_counts.tsv.gz
SRR16980346	ELIGIBLE	eligible	/cephyr/users/mayoa/Vera/hpc_rnaseq_production_results/2026-09-10/runs/SRR16980346/gene_counts.tsv.gz
SRR16980347	ELIGIBLE	eligible	/cephyr/users/mayoa/Vera/hpc_rnaseq_production_results/2026-09-10/runs/SRR16980347/gene_counts.tsv.gz
SRR16980348	ELIGIBLE	eligible	/cephyr/users/mayoa/Vera/hpc_rnaseq_production_results/2026-09-10/runs/SRR16980348/gene_counts.tsv.gz
SRR16980349	ELIGIBLE	eligible	/cephyr/users/mayoa/Vera/hpc_rnaseq_production_results/2026-09-10/runs/SRR16980349/gene_counts.tsv.gz
SRR16980350	ELIGIBLE	eligible	/cephyr/users/mayoa/Vera/hpc_rnaseq_production_results/2026-09-10/runs/SRR16980350/gene_counts.tsv.gz
SRR16980351	ELIGIBLE	eligible	/cephyr/users/mayoa/Vera/hpc_rnaseq_production_results/2026-09-10/runs/SRR16980351/gene_counts.tsv.gz
SRR16980352	ELIGIBLE	eligible	/cephyr/users/mayoa/Vera/hpc_rnaseq_production_results/2026-09-10/runs/SRR16980352/gene_counts.tsv.gz
SRR16980353	ELIGIBLE	eligible	/cephyr/users/mayoa/Vera/hpc_rnaseq_production_results/2026-09-10/runs/SRR16980353/gene_counts.tsv.gz
SRR16980354	ELIGIBLE	eligible	/cephyr/users/mayoa/Vera/hpc_rnaseq_production_results/2026-09-10/runs/SRR16980354/gene_counts.tsv.gz
SRR16980355	ELIGIBLE	eligible	/cephyr/users/mayoa/Vera/hpc_rnaseq_production_results/2026-09-10/runs/SRR16980355/gene_counts.tsv.gz
SRR16980356	ELIGIBLE	eligible	/cephyr/users/mayoa/Vera/hpc_rnaseq_production_results/2026-09-10/runs/SRR16980356/gene_counts.tsv.gz
SRR16980357	ELIGIBLE	eligible	/cephyr/users/mayoa/Vera/hpc_rnaseq_production_results/2026-09-10/runs/SRR16980357/gene_counts.tsv.gz
SRR16980358	ELIGIBLE	eligible	/cephyr/users/mayoa/Vera/hpc_rnaseq_production_results/2026-09-10/runs/SRR16980358/gene_counts.tsv.gz
SRR16980359	ELIGIBLE	eligible	/cephyr/users/mayoa/Vera/hpc_rnaseq_production_results/2026-09-10/runs/SRR16980359/gene_counts.tsv.gz
SRR16980360	ELIGIBLE	eligible	/cephyr/users/mayoa/Vera/hpc_rnaseq_production_results/2026-09-10/runs/SRR16980360/gene_counts.tsv.gz
SRR16980361	ELIGIBLE	eligible	/cephyr/users/mayoa/Vera/hpc_rnaseq_production_results/2026-09-10/runs/SRR16980361/gene_counts.tsv.gz
SRR16980362	ELIGIBLE	eligible	/cephyr/users/mayoa/Vera/hpc_rnaseq_production_results/2026-09-10/runs/SRR16980362/gene_counts.tsv.gz
SRR16980363	ELIGIBLE	eligible	/cephyr/users/mayoa/Vera/hpc_rnaseq_production_results/2026-09-10/runs/SRR16980363/gene_counts.tsv.gz
SRR16980364	ELIGIBLE	eligible	/cephyr/users/mayoa/Vera/hpc_rnaseq_production_results/2026-09-10/runs/SRR16980364/gene_counts.tsv.gz
SRR16980365	ELIGIBLE	eligible	/cephyr/users/mayoa/Vera/hpc_rnaseq_production_results/2026-09-10/runs/SRR16980365/gene_counts.tsv.gz
SRR16980366	ELIGIBLE	eligible	/cephyr/users/mayoa/Vera/hpc_rnaseq_production_results/2026-09-10/runs/SRR16980366/gene_counts.tsv.gz
SRR16980367	ELIGIBLE	eligible	/cephyr/users/mayoa/Vera/hpc_rnaseq_production_results/2026-09-10/runs/SRR16980367/gene_counts.tsv.gz
SRR16980368	ELIGIBLE	eligible	/cephyr/users/mayoa/Vera/hpc_rnaseq_production_results/2026-09-10/runs/SRR16980368/gene_counts.tsv.gz
SRR16980369	ELIGIBLE	eligible	/cephyr/users/mayoa/Vera/hpc_rnaseq_production_results/2026-09-10/runs/SRR16980369/gene_counts.tsv.gz
SRR16980370	ELIGIBLE	eligible	/cephyr/users/mayoa/Vera/hpc_rnaseq_production_results/2026-09-10/runs/SRR16980370/gene_counts.tsv.gz
SRR16980371	ELIGIBLE	eligible	/cephyr/users/mayoa/Vera/hpc_rnaseq_production_results/2026-09-10/runs/SRR16980371/gene_counts.tsv.gz
SRR16980372	ELIGIBLE	eligible	/cephyr/users/mayoa/Vera/hpc_rnaseq_production_results/2026-09-10/runs/SRR16980372/gene_counts.tsv.gz
SRR16980373	ELIGIBLE	eligible	/cephyr/users/mayoa/Vera/hpc_rnaseq_production_results/2026-09-10/runs/SRR16980373/gene_counts.tsv.gz
SRR16980374	ELIGIBLE	eligible	/cephyr/users/mayoa/Vera/hpc_rnaseq_production_results/2026-09-10/runs/SRR16980374/gene_counts.tsv.gz
SRR16980375	ELIGIBLE	eligible	/cephyr/users/mayoa/Vera/hpc_rnaseq_production_results/2026-09-10/runs/SRR16980375/gene_counts.tsv.gz
SRR16980376	ELIGIBLE	eligible	/cephyr/users/mayoa/Vera/hpc_rnaseq_production_results/2026-09-10/runs/SRR16980376/gene_counts.tsv.gz
SRR17085234	ELIGIBLE	eligible	/cephyr/users/mayoa/Vera/hpc_rnaseq_production_results/2026-09-10/runs/SRR17085234/gene_counts.tsv.gz
SRR17085235	ELIGIBLE	eligible	/cephyr/users/mayoa/Vera/hpc_rnaseq_production_results/2026-09-10/runs/SRR17085235/gene_counts.tsv.gz
SRR17085236	ELIGIBLE	eligible	/cephyr/users/mayoa/Vera/hpc_rnaseq_production_results/2026-09-10/runs/SRR17085236/gene_counts.tsv.gz
SRR17085237	ELIGIBLE	eligible	/cephyr/users/mayoa/Vera/hpc_rnaseq_production_results/2026-09-10/runs/SRR17085237/gene_counts.tsv.gz
SRR17085238	ELIGIBLE	eligible	/cephyr/users/mayoa/Vera/hpc_rnaseq_production_results/2026-09-10/runs/SRR17085238/gene_counts.tsv.gz
SRR17085239	ELIGIBLE	eligible	/cephyr/users/mayoa/Vera/hpc_rnaseq_production_results/2026-09-10/runs/SRR17085239/gene_counts.tsv.gz
SRR17085240	ELIGIBLE	eligible	/cephyr/users/mayoa/Vera/hpc_rnaseq_production_results/2026-09-10/runs/SRR17085240/gene_counts.tsv.gz
SRR17085241	ELIGIBLE	eligible	/cephyr/users/mayoa/Vera/hpc_rnaseq_production_results/2026-09-10/runs/SRR17085241/gene_counts.tsv.gz
SRR17085242	ELIGIBLE	eligible	/cephyr/users/mayoa/Vera/hpc_rnaseq_production_results/2026-09-10/runs/SRR17085242/gene_counts.tsv.gz
SRR17085243	ELIGIBLE	eligible	/cephyr/users/mayoa/Vera/hpc_rnaseq_production_results/2026-09-10/runs/SRR17085243/gene_counts.tsv.gz
SRR17085244	ELIGIBLE	eligible	/cephyr/users/mayoa/Vera/hpc_rnaseq_production_results/2026-09-10/runs/SRR17085244/gene_counts.tsv.gz
SRR17085245	ELIGIBLE	eligible	/cephyr/users/mayoa/Vera/hpc_rnaseq_production_results/2026-09-10/runs/SRR17085245/gene_counts.tsv.gz
SRR17085246	ELIGIBLE	eligible	/cephyr/users/mayoa/Vera/hpc_rnaseq_production_results/2026-09-10/runs/SRR17085246/gene_counts.tsv.gz
SRR17085247	ELIGIBLE	eligible	/cephyr/users/mayoa/Vera/hpc_rnaseq_production_results/2026-09-10/runs/SRR17085247/gene_counts.tsv.gz
SRR17085248	ELIGIBLE	eligible	/cephyr/users/mayoa/Vera/hpc_rnaseq_production_results/2026-09-10/runs/SRR17085248/gene_counts.tsv.gz
SRR17085249	ELIGIBLE	eligible	/cephyr/users/mayoa/Vera/hpc_rnaseq_production_results/2026-09-10/runs/SRR17085249/gene_counts.tsv.gz
SRR17085250	ELIGIBLE	eligible	/cephyr/users/mayoa/Vera/hpc_rnaseq_production_results/2026-09-10/runs/SRR17085250/gene_counts.tsv.gz
SRR17085251	ELIGIBLE	eligible	/cephyr/users/mayoa/Vera/hpc_rnaseq_production_results/2026-09-10/runs/SRR17085251/gene_counts.tsv.gz
SRR17085252	ELIGIBLE	eligible	/cephyr/users/mayoa/Vera/hpc_rnaseq_production_results/2026-09-10/runs/SRR17085252/gene_counts.tsv.gz
SRR17085253	ELIGIBLE	eligible	/cephyr/users/mayoa/Vera/hpc_rnaseq_production_results/2026-09-10/runs/SRR17085253/gene_counts.tsv.gz
SRR17085254	ELIGIBLE	eligible	/cephyr/users/mayoa/Vera/hpc_rnaseq_production_results/2026-09-10/runs/SRR17085254/gene_counts.tsv.gz
SRR17085255	ELIGIBLE	eligible	/cephyr/users/mayoa/Vera/hpc_rnaseq_production_results/2026-09-10/runs/SRR17085255/gene_counts.tsv.gz
SRR17085256	ELIGIBLE	eligible	/cephyr/users/mayoa/Vera/hpc_rnaseq_production_results/2026-09-10/runs/SRR17085256/gene_counts.tsv.gz
SRR17085257	ELIGIBLE	eligible	/cephyr/users/mayoa/Vera/hpc_rnaseq_production_results/2026-09-10/runs/SRR17085257/gene_counts.tsv.gz
SRR17085258	ELIGIBLE	eligible	/cephyr/users/mayoa/Vera/hpc_rnaseq_production_results/2026-09-10/runs/SRR17085258/gene_counts.tsv.gz
SRR17085259	ELIGIBLE	eligible	/cephyr/users/mayoa/Vera/hpc_rnaseq_production_results/2026-09-10/runs/SRR17085259/gene_counts.tsv.gz
SRR17085260	ELIGIBLE	eligible	/cephyr/users/mayoa/Vera/hpc_rnaseq_production_results/2026-09-10/runs/SRR17085260/gene_counts.tsv.gz
SRR17085261	ELIGIBLE	eligible	/cephyr/users/mayoa/Vera/hpc_rnaseq_production_results/2026-09-10/runs/SRR17085261/gene_counts.tsv.gz
SRR17085262	ELIGIBLE	eligible	/cephyr/users/mayoa/Vera/hpc_rnaseq_production_results/2026-09-10/runs/SRR17085262/gene_counts.tsv.gz
SRR17085263	ELIGIBLE	eligible	/cephyr/users/mayoa/Vera/hpc_rnaseq_production_results/2026-09-10/runs/SRR17085263/gene_counts.tsv.gz
SRR17085264	ELIGIBLE	eligible	/cephyr/users/mayoa/Vera/hpc_rnaseq_production_results/2026-09-10/runs/SRR17085264/gene_counts.tsv.gz
SRR17085265	ELIGIBLE	eligible	/cephyr/users/mayoa/Vera/hpc_rnaseq_production_results/2026-09-10/runs/SRR17085265/gene_counts.tsv.gz
SRR17085266	ELIGIBLE	eligible	/cephyr/users/mayoa/Vera/hpc_rnaseq_production_results/2026-09-10/runs/SRR17085266/gene_counts.tsv.gz
SRR17085267	ELIGIBLE	eligible	/cephyr/users/mayoa/Vera/hpc_rnaseq_production_results/2026-09-10/runs/SRR17085267/gene_counts.tsv.gz
SRR17085268	ELIGIBLE	eligible	/cephyr/users/mayoa/Vera/hpc_rnaseq_production_results/2026-09-10/runs/SRR17085268/gene_counts.tsv.gz
SRR17085269	ELIGIBLE	eligible	/cephyr/users/mayoa/Vera/hpc_rnaseq_production_results/2026-09-10/runs/SRR17085269/gene_counts.tsv.gz
SRR17085270	ELIGIBLE	eligible	/cephyr/users/mayoa/Vera/hpc_rnaseq_production_results/2026-09-10/runs/SRR17085270/gene_counts.tsv.gz
SRR17085271	ELIGIBLE	eligible	/cephyr/users/mayoa/Vera/hpc_rnaseq_production_results/2026-09-10/runs/SRR17085271/gene_counts.tsv.gz
SRR17085272	ELIGIBLE	eligible	/cephyr/users/mayoa/Vera/hpc_rnaseq_production_results/2026-09-10/runs/SRR17085272/gene_counts.tsv.gz
SRR17085273	ELIGIBLE	eligible	/cephyr/users/mayoa/Vera/hpc_rnaseq_production_results/2026-09-10/runs/SRR17085273/gene_counts.tsv.gz
SRR17085274	ELIGIBLE	eligible	/cephyr/users/mayoa/Vera/hpc_rnaseq_production_results/2026-09-10/runs/SRR17085274/gene_counts.tsv.gz
SRR17085275	ELIGIBLE	eligible	/cephyr/users/mayoa/Vera/hpc_rnaseq_production_results/2026-09-10/runs/SRR17085275/gene_counts.tsv.gz
SRR17085276	ELIGIBLE	eligible	/cephyr/users/mayoa/Vera/hpc_rnaseq_production_results/2026-09-10/runs/SRR17085276/gene_counts.tsv.gz
SRR17085277	ELIGIBLE	eligible	/cephyr/users/mayoa/Vera/hpc_rnaseq_production_results/2026-09-10/runs/SRR17085277/gene_counts.tsv.gz
SRR17085278	ELIGIBLE	eligible	/cephyr/users/mayoa/Vera/hpc_rnaseq_production_results/2026-09-10/runs/SRR17085278/gene_counts.tsv.gz
SRR17085279	ELIGIBLE	eligible	/cephyr/users/mayoa/Vera/hpc_rnaseq_production_results/2026-09-10/runs/SRR17085279/gene_counts.tsv.gz
SRR17085280	ELIGIBLE	eligible	/cephyr/users/mayoa/Vera/hpc_rnaseq_production_results/2026-09-10/runs/SRR17085280/gene_counts.tsv.gz
SRR17085281	ELIGIBLE	eligible	/cephyr/users/mayoa/Vera/hpc_rnaseq_production_results/2026-09-10/runs/SRR17085281/gene_counts.tsv.gz
SRR17085282	ELIGIBLE	eligible	/cephyr/users/mayoa/Vera/hpc_rnaseq_production_results/2026-09-10/runs/SRR17085282/gene_counts.tsv.gz
SRR17085283	ELIGIBLE	eligible	/cephyr/users/mayoa/Vera/hpc_rnaseq_production_results/2026-09-10/runs/SRR17085283/gene_counts.tsv.gz
SRR17085284	ELIGIBLE	eligible	/cephyr/users/mayoa/Vera/hpc_rnaseq_production_results/2026-09-10/runs/SRR17085284/gene_counts.tsv.gz
SRR17085285	ELIGIBLE	eligible	/cephyr/users/mayoa/Vera/hpc_rnaseq_production_results/2026-09-10/runs/SRR17085285/gene_counts.tsv.gz
SRR17085286	ELIGIBLE	eligible	/cephyr/users/mayoa/Vera/hpc_rnaseq_production_results/2026-09-10/runs/SRR17085286/gene_counts.tsv.gz
SRR17085287	ELIGIBLE	eligible	/cephyr/users/mayoa/Vera/hpc_rnaseq_production_results/2026-09-10/runs/SRR17085287/gene_counts.tsv.gz
SRR17085288	ELIGIBLE	eligible	/cephyr/users/mayoa/Vera/hpc_rnaseq_production_results/2026-09-10/runs/SRR17085288/gene_counts.tsv.gz
SRR17085289	ELIGIBLE	eligible	/cephyr/users/mayoa/Vera/hpc_rnaseq_production_results/2026-09-10/runs/SRR17085289/gene_counts.tsv.gz
SRR17085290	ELIGIBLE	eligible	/cephyr/users/mayoa/Vera/hpc_rnaseq_production_results/2026-09-10/runs/SRR17085290/gene_counts.tsv.gz
SRR17085291	ELIGIBLE	eligible	/cephyr/users/mayoa/Vera/hpc_rnaseq_production_results/2026-09-10/runs/SRR17085291/gene_counts.tsv.gz
SRR17085292	ELIGIBLE	eligible	/cephyr/users/mayoa/Vera/hpc_rnaseq_production_results/2026-09-10/runs/SRR17085292/gene_counts.tsv.gz
SRR17085293	ELIGIBLE	eligible	/cephyr/users/mayoa/Vera/hpc_rnaseq_production_results/2026-09-10/runs/SRR17085293/gene_counts.tsv.gz
SRR17085294	ELIGIBLE	eligible	/cephyr/users/mayoa/Vera/hpc_rnaseq_production_results/2026-09-10/runs/SRR17085294/gene_counts.tsv.gz
SRR17085295	ELIGIBLE	eligible	/cephyr/users/mayoa/Vera/hpc_rnaseq_production_results/2026-09-10/runs/SRR17085295/gene_counts.tsv.gz
SRR17085296	ELIGIBLE	eligible	/cephyr/users/mayoa/Vera/hpc_rnaseq_production_results/2026-09-10/runs/SRR17085296/gene_counts.tsv.gz
SRR17085297	ELIGIBLE	eligible	/cephyr/users/mayoa/Vera/hpc_rnaseq_production_results/2026-09-10/runs/SRR17085297/gene_counts.tsv.gz
SRR17085298	ELIGIBLE	eligible	/cephyr/users/mayoa/Vera/hpc_rnaseq_production_results/2026-09-10/runs/SRR17085298/gene_counts.tsv.gz
SRR17085299	ELIGIBLE	eligible	/cephyr/users/mayoa/Vera/hpc_rnaseq_production_results/2026-09-10/runs/SRR17085299/gene_counts.tsv.gz
SRR17085300	ELIGIBLE	eligible	/cephyr/users/mayoa/Vera/hpc_rnaseq_production_results/2026-09-10/runs/SRR17085300/gene_counts.tsv.gz
SRR17085301	ELIGIBLE	eligible	/cephyr/users/mayoa/Vera/hpc_rnaseq_production_results/2026-09-10/runs/SRR17085301/gene_counts.tsv.gz
SRR17085302	ELIGIBLE	eligible	/cephyr/users/mayoa/Vera/hpc_rnaseq_production_results/2026-09-10/runs/SRR17085302/gene_counts.tsv.gz
SRR17085303	ELIGIBLE	eligible	/cephyr/users/mayoa/Vera/hpc_rnaseq_production_results/2026-09-10/runs/SRR17085303/gene_counts.tsv.gz
SRR17085304	ELIGIBLE	eligible	/cephyr/users/mayoa/Vera/hpc_rnaseq_production_results/2026-09-10/runs/SRR17085304/gene_counts.tsv.gz
SRR17085305	ELIGIBLE	eligible	/cephyr/users/mayoa/Vera/hpc_rnaseq_production_results/2026-09-10/runs/SRR17085305/gene_counts.tsv.gz
SRR17085306	ELIGIBLE	eligible	/cephyr/users/mayoa/Vera/hpc_rnaseq_production_results/2026-09-10/runs/SRR17085306/gene_counts.tsv.gz
SRR17085307	ELIGIBLE	eligible	/cephyr/users/mayoa/Vera/hpc_rnaseq_production_results/2026-09-10/runs/SRR17085307/gene_counts.tsv.gz
SRR17085308	ELIGIBLE	eligible	/cephyr/users/mayoa/Vera/hpc_rnaseq_production_results/2026-09-10/runs/SRR17085308/gene_counts.tsv.gz
SRR17085309	ELIGIBLE	eligible	/cephyr/users/mayoa/Vera/hpc_rnaseq_production_results/2026-09-10/runs/SRR17085309/gene_counts.tsv.gz
SRR17085310	ELIGIBLE	eligible	/cephyr/users/mayoa/Vera/hpc_rnaseq_production_results/2026-09-10/runs/SRR17085310/gene_counts.tsv.gz
SRR17085311	ELIGIBLE	eligible	/cephyr/users/mayoa/Vera/hpc_rnaseq_production_results/2026-09-10/runs/SRR17085311/gene_counts.tsv.gz
SRR17085312	ELIGIBLE	eligible	/cephyr/users/mayoa/Vera/hpc_rnaseq_production_results/2026-09-10/runs/SRR17085312/gene_counts.tsv.gz
SRR17085313	ELIGIBLE	eligible	/cephyr/users/mayoa/Vera/hpc_rnaseq_production_results/2026-09-10/runs/SRR17085313/gene_counts.tsv.gz
SRR17085314	ELIGIBLE	eligible	/cephyr/users/mayoa/Vera/hpc_rnaseq_production_results/2026-09-10/runs/SRR17085314/gene_counts.tsv.gz
SRR17085315	ELIGIBLE	eligible	/cephyr/users/mayoa/Vera/hpc_rnaseq_production_results/2026-09-10/runs/SRR17085315/gene_counts.tsv.gz
SRR17085316	ELIGIBLE	eligible	/cephyr/users/mayoa/Vera/hpc_rnaseq_production_results/2026-09-10/runs/SRR17085316/gene_counts.tsv.gz
SRR17085317	ELIGIBLE	eligible	/cephyr/users/mayoa/Vera/hpc_rnaseq_production_results/2026-09-10/runs/SRR17085317/gene_counts.tsv.gz
SRR17085318	ELIGIBLE	eligible	/cephyr/users/mayoa/Vera/hpc_rnaseq_production_results/2026-09-10/runs/SRR17085318/gene_counts.tsv.gz
SRR17085319	ELIGIBLE	eligible	/cephyr/users/mayoa/Vera/hpc_rnaseq_production_results/2026-09-10/runs/SRR17085319/gene_counts.tsv.gz
SRR17085320	ELIGIBLE	eligible	/cephyr/users/mayoa/Vera/hpc_rnaseq_production_results/2026-09-10/runs/SRR17085320/gene_counts.tsv.gz
SRR17085321	ELIGIBLE	eligible	/cephyr/users/mayoa/Vera/hpc_rnaseq_production_results/2026-09-10/runs/SRR17085321/gene_counts.tsv.gz
SRR17085322	ELIGIBLE	eligible	/cephyr/users/mayoa/Vera/hpc_rnaseq_production_results/2026-09-10/runs/SRR17085322/gene_counts.tsv.gz
SRR17085323	ELIGIBLE	eligible	/cephyr/users/mayoa/Vera/hpc_rnaseq_production_results/2026-09-10/runs/SRR17085323/gene_counts.tsv.gz
SRR17085324	ELIGIBLE	eligible	/cephyr/users/mayoa/Vera/hpc_rnaseq_production_results/2026-09-10/runs/SRR17085324/gene_counts.tsv.gz
SRR17085325	ELIGIBLE	eligible	/cephyr/users/mayoa/Vera/hpc_rnaseq_production_results/2026-09-10/runs/SRR17085325/gene_counts.tsv.gz
SRR17085326	ELIGIBLE	eligible	/cephyr/users/mayoa/Vera/hpc_rnaseq_production_results/2026-09-10/runs/SRR17085326/gene_counts.tsv.gz
SRR17085327	ELIGIBLE	eligible	/cephyr/users/mayoa/Vera/hpc_rnaseq_production_results/2026-09-10/runs/SRR17085327/gene_counts.tsv.gz
SRR17085328	ELIGIBLE	eligible	/cephyr/users/mayoa/Vera/hpc_rnaseq_production_results/2026-09-10/runs/SRR17085328/gene_counts.tsv.gz
SRR17085329	ELIGIBLE	eligible	/cephyr/users/mayoa/Vera/hpc_rnaseq_production_results/2026-09-10/runs/SRR17085329/gene_counts.tsv.gz
SRR17085330	ELIGIBLE	eligible	/cephyr/users/mayoa/Vera/hpc_rnaseq_production_results/2026-09-10/runs/SRR17085330/gene_counts.tsv.gz
SRR17085331	ELIGIBLE	eligible	/cephyr/users/mayoa/Vera/hpc_rnaseq_production_results/2026-09-10/runs/SRR17085331/gene_counts.tsv.gz
SRR17085332	ELIGIBLE	eligible	/cephyr/users/mayoa/Vera/hpc_rnaseq_production_results/2026-09-10/runs/SRR17085332/gene_counts.tsv.gz
SRR17085333	ELIGIBLE	eligible	/cephyr/users/mayoa/Vera/hpc_rnaseq_production_results/2026-09-10/runs/SRR17085333/gene_counts.tsv.gz
SRR17085334	ELIGIBLE	eligible	/cephyr/users/mayoa/Vera/hpc_rnaseq_production_results/2026-09-10/runs/SRR17085334/gene_counts.tsv.gz
SRR17085335	ELIGIBLE	eligible	/cephyr/users/mayoa/Vera/hpc_rnaseq_production_results/2026-09-10/runs/SRR17085335/gene_counts.tsv.gz
SRR17085336	ELIGIBLE	eligible	/cephyr/users/mayoa/Vera/hpc_rnaseq_production_results/2026-09-10/runs/SRR17085336/gene_counts.tsv.gz
SRR17085337	ELIGIBLE	eligible	/cephyr/users/mayoa/Vera/hpc_rnaseq_production_results/2026-09-10/runs/SRR17085337/gene_counts.tsv.gz
SRR17085338	ELIGIBLE	eligible	/cephyr/users/mayoa/Vera/hpc_rnaseq_production_results/2026-09-10/runs/SRR17085338/gene_counts.tsv.gz
SRR17085339	ELIGIBLE	eligible	/cephyr/users/mayoa/Vera/hpc_rnaseq_production_results/2026-09-10/runs/SRR17085339/gene_counts.tsv.gz
SRR17085340	ELIGIBLE	eligible	/cephyr/users/mayoa/Vera/hpc_rnaseq_production_results/2026-09-10/runs/SRR17085340/gene_counts.tsv.gz
SRR17085341	ELIGIBLE	eligible	/cephyr/users/mayoa/Vera/hpc_rnaseq_production_results/2026-09-10/runs/SRR17085341/gene_counts.tsv.gz
SRR17085342	ELIGIBLE	eligible	/cephyr/users/mayoa/Vera/hpc_rnaseq_production_results/2026-09-10/runs/SRR17085342/gene_counts.tsv.gz
SRR17085343	ELIGIBLE	eligible	/cephyr/users/mayoa/Vera/hpc_rnaseq_production_results/2026-09-10/runs/SRR17085343/gene_counts.tsv.gz
SRR18163655	ELIGIBLE	eligible	/cephyr/users/mayoa/Vera/hpc_rnaseq_production_results/2026-09-10/runs/SRR18163655/gene_counts.tsv.gz
SRR18163656	ELIGIBLE	eligible	/cephyr/users/mayoa/Vera/hpc_rnaseq_production_results/2026-09-10/runs/SRR18163656/gene_counts.tsv.gz
SRR18163657	ELIGIBLE	eligible	/cephyr/users/mayoa/Vera/hpc_rnaseq_production_results/2026-09-10/runs/SRR18163657/gene_counts.tsv.gz
SRR18163658	ELIGIBLE	eligible	/cephyr/users/mayoa/Vera/hpc_rnaseq_production_results/2026-09-10/runs/SRR18163658/gene_counts.tsv.gz
SRR18163659	ELIGIBLE	eligible	/cephyr/users/mayoa/Vera/hpc_rnaseq_production_results/2026-09-10/runs/SRR18163659/gene_counts.tsv.gz
SRR18163660	ELIGIBLE	eligible	/cephyr/users/mayoa/Vera/hpc_rnaseq_production_results/2026-09-10/runs/SRR18163660/gene_counts.tsv.gz
SRR18163661	ELIGIBLE	eligible	/cephyr/users/mayoa/Vera/hpc_rnaseq_production_results/2026-09-10/runs/SRR18163661/gene_counts.tsv.gz
SRR18163662	ELIGIBLE	eligible	/cephyr/users/mayoa/Vera/hpc_rnaseq_production_results/2026-09-10/runs/SRR18163662/gene_counts.tsv.gz
SRR18163663	ELIGIBLE	eligible	/cephyr/users/mayoa/Vera/hpc_rnaseq_production_results/2026-09-10/runs/SRR18163663/gene_counts.tsv.gz
SRR18163664	ELIGIBLE	eligible	/cephyr/users/mayoa/Vera/hpc_rnaseq_production_results/2026-09-10/runs/SRR18163664/gene_counts.tsv.gz
SRR18163665	ELIGIBLE	eligible	/cephyr/users/mayoa/Vera/hpc_rnaseq_production_results/2026-09-10/runs/SRR18163665/gene_counts.tsv.gz
SRR18163666	ELIGIBLE	eligible	/cephyr/users/mayoa/Vera/hpc_rnaseq_production_results/2026-09-10/runs/SRR18163666/gene_counts.tsv.gz
SRR18163667	ELIGIBLE	eligible	/cephyr/users/mayoa/Vera/hpc_rnaseq_production_results/2026-09-10/runs/SRR18163667/gene_counts.tsv.gz
SRR18163668	ELIGIBLE	eligible	/cephyr/users/mayoa/Vera/hpc_rnaseq_production_results/2026-09-10/runs/SRR18163668/gene_counts.tsv.gz
SRR18163669	ELIGIBLE	eligible	/cephyr/users/mayoa/Vera/hpc_rnaseq_production_results/2026-09-10/runs/SRR18163669/gene_counts.tsv.gz
SRR18356112	ELIGIBLE	eligible	/cephyr/users/mayoa/Vera/hpc_rnaseq_production_results/2026-09-10/runs/SRR18356112/gene_counts.tsv.gz
SRR18356113	ELIGIBLE	eligible	/cephyr/users/mayoa/Vera/hpc_rnaseq_production_results/2026-09-10/runs/SRR18356113/gene_counts.tsv.gz
SRR18502223	ELIGIBLE	eligible	/cephyr/users/mayoa/Vera/hpc_rnaseq_production_results/2026-09-10/runs/SRR18502223/gene_counts.tsv.gz
SRR18502224	ELIGIBLE	eligible	/cephyr/users/mayoa/Vera/hpc_rnaseq_production_results/2026-09-10/runs/SRR18502224/gene_counts.tsv.gz
SRR18502225	ELIGIBLE	eligible	/cephyr/users/mayoa/Vera/hpc_rnaseq_production_results/2026-09-10/runs/SRR18502225/gene_counts.tsv.gz
SRR18502226	ELIGIBLE	eligible	/cephyr/users/mayoa/Vera/hpc_rnaseq_production_results/2026-09-10/runs/SRR18502226/gene_counts.tsv.gz
SRR18502227	ELIGIBLE	eligible	/cephyr/users/mayoa/Vera/hpc_rnaseq_production_results/2026-09-10/runs/SRR18502227/gene_counts.tsv.gz
SRR18502228	ELIGIBLE	eligible	/cephyr/users/mayoa/Vera/hpc_rnaseq_production_results/2026-09-10/runs/SRR18502228/gene_counts.tsv.gz
SRR18502229	ELIGIBLE	eligible	/cephyr/users/mayoa/Vera/hpc_rnaseq_production_results/2026-09-10/runs/SRR18502229/gene_counts.tsv.gz
SRR18502230	ELIGIBLE	eligible	/cephyr/users/mayoa/Vera/hpc_rnaseq_production_results/2026-09-10/runs/SRR18502230/gene_counts.tsv.gz
SRR18502231	ELIGIBLE	eligible	/cephyr/users/mayoa/Vera/hpc_rnaseq_production_results/2026-09-10/runs/SRR18502231/gene_counts.tsv.gz
SRR18502232	ELIGIBLE	eligible	/cephyr/users/mayoa/Vera/hpc_rnaseq_production_results/2026-09-10/runs/SRR18502232/gene_counts.tsv.gz
SRR18502233	ELIGIBLE	eligible	/cephyr/users/mayoa/Vera/hpc_rnaseq_production_results/2026-09-10/runs/SRR18502233/gene_counts.tsv.gz
SRR18502234	ELIGIBLE	eligible	/cephyr/users/mayoa/Vera/hpc_rnaseq_production_results/2026-09-10/runs/SRR18502234/gene_counts.tsv.gz
SRR18502235	ELIGIBLE	eligible	/cephyr/users/mayoa/Vera/hpc_rnaseq_production_results/2026-09-10/runs/SRR18502235/gene_counts.tsv.gz
SRR18502236	ELIGIBLE	eligible	/cephyr/users/mayoa/Vera/hpc_rnaseq_production_results/2026-09-10/runs/SRR18502236/gene_counts.tsv.gz
SRR18502237	ELIGIBLE	eligible	/cephyr/users/mayoa/Vera/hpc_rnaseq_production_results/2026-09-10/runs/SRR18502237/gene_counts.tsv.gz
SRR18502238	ELIGIBLE	eligible	/cephyr/users/mayoa/Vera/hpc_rnaseq_production_results/2026-09-10/runs/SRR18502238/gene_counts.tsv.gz
SRR19256295	ELIGIBLE	eligible	/cephyr/users/mayoa/Vera/hpc_rnaseq_production_results/2026-09-10/runs/SRR19256295/gene_counts.tsv.gz
SRR19256296	ELIGIBLE	eligible	/cephyr/users/mayoa/Vera/hpc_rnaseq_production_results/2026-09-10/runs/SRR19256296/gene_counts.tsv.gz
SRR19256297	ELIGIBLE	eligible	/cephyr/users/mayoa/Vera/hpc_rnaseq_production_results/2026-09-10/runs/SRR19256297/gene_counts.tsv.gz
SRR19256298	ELIGIBLE	eligible	/cephyr/users/mayoa/Vera/hpc_rnaseq_production_results/2026-09-10/runs/SRR19256298/gene_counts.tsv.gz
SRR19256299	ELIGIBLE	eligible	/cephyr/users/mayoa/Vera/hpc_rnaseq_production_results/2026-09-10/runs/SRR19256299/gene_counts.tsv.gz
SRR19256300	ELIGIBLE	eligible	/cephyr/users/mayoa/Vera/hpc_rnaseq_production_results/2026-09-10/runs/SRR19256300/gene_counts.tsv.gz
SRR19256301	ELIGIBLE	eligible	/cephyr/users/mayoa/Vera/hpc_rnaseq_production_results/2026-09-10/runs/SRR19256301/gene_counts.tsv.gz
SRR19256302	ELIGIBLE	eligible	/cephyr/users/mayoa/Vera/hpc_rnaseq_production_results/2026-09-10/runs/SRR19256302/gene_counts.tsv.gz
SRR19256303	ELIGIBLE	eligible	/cephyr/users/mayoa/Vera/hpc_rnaseq_production_results/2026-09-10/runs/SRR19256303/gene_counts.tsv.gz
SRR19256304	ELIGIBLE	eligible	/cephyr/users/mayoa/Vera/hpc_rnaseq_production_results/2026-09-10/runs/SRR19256304/gene_counts.tsv.gz
SRR19256305	ELIGIBLE	eligible	/cephyr/users/mayoa/Vera/hpc_rnaseq_production_results/2026-09-10/runs/SRR19256305/gene_counts.tsv.gz
SRR19256306	ELIGIBLE	eligible	/cephyr/users/mayoa/Vera/hpc_rnaseq_production_results/2026-09-10/runs/SRR19256306/gene_counts.tsv.gz
SRR22143436	ELIGIBLE	eligible	/cephyr/users/mayoa/Vera/hpc_rnaseq_production_results/2026-09-10/runs/SRR22143436/gene_counts.tsv.gz
SRR22143437	ELIGIBLE	eligible	/cephyr/users/mayoa/Vera/hpc_rnaseq_production_results/2026-09-10/runs/SRR22143437/gene_counts.tsv.gz
SRR22143444	ELIGIBLE	eligible	/cephyr/users/mayoa/Vera/hpc_rnaseq_production_results/2026-09-10/runs/SRR22143444/gene_counts.tsv.gz
SRR22143445	ELIGIBLE	eligible	/cephyr/users/mayoa/Vera/hpc_rnaseq_production_results/2026-09-10/runs/SRR22143445/gene_counts.tsv.gz
SRR22143446	ELIGIBLE	eligible	/cephyr/users/mayoa/Vera/hpc_rnaseq_production_results/2026-09-10/runs/SRR22143446/gene_counts.tsv.gz
SRR22143447	ELIGIBLE	eligible	/cephyr/users/mayoa/Vera/hpc_rnaseq_production_results/2026-09-10/runs/SRR22143447/gene_counts.tsv.gz
SRR22143448	ELIGIBLE	eligible	/cephyr/users/mayoa/Vera/hpc_rnaseq_production_results/2026-09-10/runs/SRR22143448/gene_counts.tsv.gz
SRR22143449	ELIGIBLE	eligible	/cephyr/users/mayoa/Vera/hpc_rnaseq_production_results/2026-09-10/runs/SRR22143449/gene_counts.tsv.gz
SRR22246869	ELIGIBLE	eligible	/cephyr/users/mayoa/Vera/hpc_rnaseq_production_results/2026-09-10/runs/SRR22246869/gene_counts.tsv.gz
SRR22246870	ELIGIBLE	eligible	/cephyr/users/mayoa/Vera/hpc_rnaseq_production_results/2026-09-10/runs/SRR22246870/gene_counts.tsv.gz
SRR22246871	ELIGIBLE	eligible	/cephyr/users/mayoa/Vera/hpc_rnaseq_production_results/2026-09-10/runs/SRR22246871/gene_counts.tsv.gz
SRR22246872	ELIGIBLE	eligible	/cephyr/users/mayoa/Vera/hpc_rnaseq_production_results/2026-09-10/runs/SRR22246872/gene_counts.tsv.gz
SRR22246873	ELIGIBLE	eligible	/cephyr/users/mayoa/Vera/hpc_rnaseq_production_results/2026-09-10/runs/SRR22246873/gene_counts.tsv.gz
SRR22246874	ELIGIBLE	eligible	/cephyr/users/mayoa/Vera/hpc_rnaseq_production_results/2026-09-10/runs/SRR22246874/gene_counts.tsv.gz
SRR22246875	ELIGIBLE	eligible	/cephyr/users/mayoa/Vera/hpc_rnaseq_production_results/2026-09-10/runs/SRR22246875/gene_counts.tsv.gz
SRR22246876	ELIGIBLE	eligible	/cephyr/users/mayoa/Vera/hpc_rnaseq_production_results/2026-09-10/runs/SRR22246876/gene_counts.tsv.gz
SRR22246877	ELIGIBLE	eligible	/cephyr/users/mayoa/Vera/hpc_rnaseq_production_results/2026-09-10/runs/SRR22246877/gene_counts.tsv.gz
SRR22246878	ELIGIBLE	eligible	/cephyr/users/mayoa/Vera/hpc_rnaseq_production_results/2026-09-10/runs/SRR22246878/gene_counts.tsv.gz
SRR22246879	ELIGIBLE	eligible	/cephyr/users/mayoa/Vera/hpc_rnaseq_production_results/2026-09-10/runs/SRR22246879/gene_counts.tsv.gz
SRR22246880	ELIGIBLE	eligible	/cephyr/users/mayoa/Vera/hpc_rnaseq_production_results/2026-09-10/runs/SRR22246880/gene_counts.tsv.gz
SRR22246881	ELIGIBLE	eligible	/cephyr/users/mayoa/Vera/hpc_rnaseq_production_results/2026-09-10/runs/SRR22246881/gene_counts.tsv.gz
SRR22246882	ELIGIBLE	eligible	/cephyr/users/mayoa/Vera/hpc_rnaseq_production_results/2026-09-10/runs/SRR22246882/gene_counts.tsv.gz
SRR22246883	ELIGIBLE	eligible	/cephyr/users/mayoa/Vera/hpc_rnaseq_production_results/2026-09-10/runs/SRR22246883/gene_counts.tsv.gz
SRR22246884	ELIGIBLE	eligible	/cephyr/users/mayoa/Vera/hpc_rnaseq_production_results/2026-09-10/runs/SRR22246884/gene_counts.tsv.gz
SRR22246885	ELIGIBLE	eligible	/cephyr/users/mayoa/Vera/hpc_rnaseq_production_results/2026-09-10/runs/SRR22246885/gene_counts.tsv.gz
SRR22246886	ELIGIBLE	eligible	/cephyr/users/mayoa/Vera/hpc_rnaseq_production_results/2026-09-10/runs/SRR22246886/gene_counts.tsv.gz
SRR22246887	ELIGIBLE	eligible	/cephyr/users/mayoa/Vera/hpc_rnaseq_production_results/2026-09-10/runs/SRR22246887/gene_counts.tsv.gz
SRR22246888	ELIGIBLE	eligible	/cephyr/users/mayoa/Vera/hpc_rnaseq_production_results/2026-09-10/runs/SRR22246888/gene_counts.tsv.gz
SRR22246889	ELIGIBLE	eligible	/cephyr/users/mayoa/Vera/hpc_rnaseq_production_results/2026-09-10/runs/SRR22246889/gene_counts.tsv.gz
SRR22246890	ELIGIBLE	eligible	/cephyr/users/mayoa/Vera/hpc_rnaseq_production_results/2026-09-10/runs/SRR22246890/gene_counts.tsv.gz
SRR22246891	ELIGIBLE	eligible	/cephyr/users/mayoa/Vera/hpc_rnaseq_production_results/2026-09-10/runs/SRR22246891/gene_counts.tsv.gz
SRR22246892	ELIGIBLE	eligible	/cephyr/users/mayoa/Vera/hpc_rnaseq_production_results/2026-09-10/runs/SRR22246892/gene_counts.tsv.gz
SRR22246893	ELIGIBLE	eligible	/cephyr/users/mayoa/Vera/hpc_rnaseq_production_results/2026-09-10/runs/SRR22246893/gene_counts.tsv.gz
SRR22246894	ELIGIBLE	eligible	/cephyr/users/mayoa/Vera/hpc_rnaseq_production_results/2026-09-10/runs/SRR22246894/gene_counts.tsv.gz
SRR22246895	ELIGIBLE	eligible	/cephyr/users/mayoa/Vera/hpc_rnaseq_production_results/2026-09-10/runs/SRR22246895/gene_counts.tsv.gz
SRR22246896	ELIGIBLE	eligible	/cephyr/users/mayoa/Vera/hpc_rnaseq_production_results/2026-09-10/runs/SRR22246896/gene_counts.tsv.gz
SRR22246897	ELIGIBLE	eligible	/cephyr/users/mayoa/Vera/hpc_rnaseq_production_results/2026-09-10/runs/SRR22246897/gene_counts.tsv.gz
SRR22246898	ELIGIBLE	eligible	/cephyr/users/mayoa/Vera/hpc_rnaseq_production_results/2026-09-10/runs/SRR22246898/gene_counts.tsv.gz
SRR22246899	ELIGIBLE	eligible	/cephyr/users/mayoa/Vera/hpc_rnaseq_production_results/2026-09-10/runs/SRR22246899/gene_counts.tsv.gz
SRR22246900	ELIGIBLE	eligible	/cephyr/users/mayoa/Vera/hpc_rnaseq_production_results/2026-09-10/runs/SRR22246900/gene_counts.tsv.gz
SRR22246901	ELIGIBLE	eligible	/cephyr/users/mayoa/Vera/hpc_rnaseq_production_results/2026-09-10/runs/SRR22246901/gene_counts.tsv.gz
SRR22246902	ELIGIBLE	eligible	/cephyr/users/mayoa/Vera/hpc_rnaseq_production_results/2026-09-10/runs/SRR22246902/gene_counts.tsv.gz
SRR22246903	ELIGIBLE	eligible	/cephyr/users/mayoa/Vera/hpc_rnaseq_production_results/2026-09-10/runs/SRR22246903/gene_counts.tsv.gz
SRR22246904	ELIGIBLE	eligible	/cephyr/users/mayoa/Vera/hpc_rnaseq_production_results/2026-09-10/runs/SRR22246904/gene_counts.tsv.gz
SRR22810189	ELIGIBLE	eligible	/cephyr/users/mayoa/Vera/hpc_rnaseq_production_results/2026-09-10/runs/SRR22810189/gene_counts.tsv.gz
SRR22810190	ELIGIBLE	eligible	/cephyr/users/mayoa/Vera/hpc_rnaseq_production_results/2026-09-10/runs/SRR22810190/gene_counts.tsv.gz
SRR22810191	ELIGIBLE	eligible	/cephyr/users/mayoa/Vera/hpc_rnaseq_production_results/2026-09-10/runs/SRR22810191/gene_counts.tsv.gz
SRR22810192	ELIGIBLE	eligible	/cephyr/users/mayoa/Vera/hpc_rnaseq_production_results/2026-09-10/runs/SRR22810192/gene_counts.tsv.gz
SRR22810193	ELIGIBLE	eligible	/cephyr/users/mayoa/Vera/hpc_rnaseq_production_results/2026-09-10/runs/SRR22810193/gene_counts.tsv.gz
SRR22810194	ELIGIBLE	eligible	/cephyr/users/mayoa/Vera/hpc_rnaseq_production_results/2026-09-10/runs/SRR22810194/gene_counts.tsv.gz
SRR23603787	ELIGIBLE	eligible	/cephyr/users/mayoa/Vera/hpc_rnaseq_production_results/2026-09-10/runs/SRR23603787/gene_counts.tsv.gz
SRR23603788	ELIGIBLE	eligible	/cephyr/users/mayoa/Vera/hpc_rnaseq_production_results/2026-09-10/runs/SRR23603788/gene_counts.tsv.gz
SRR23603789	ELIGIBLE	eligible	/cephyr/users/mayoa/Vera/hpc_rnaseq_production_results/2026-09-10/runs/SRR23603789/gene_counts.tsv.gz
SRR23603790	ELIGIBLE	eligible	/cephyr/users/mayoa/Vera/hpc_rnaseq_production_results/2026-09-10/runs/SRR23603790/gene_counts.tsv.gz
SRR23603791	ELIGIBLE	eligible	/cephyr/users/mayoa/Vera/hpc_rnaseq_production_results/2026-09-10/runs/SRR23603791/gene_counts.tsv.gz
SRR23603792	ELIGIBLE	eligible	/cephyr/users/mayoa/Vera/hpc_rnaseq_production_results/2026-09-10/runs/SRR23603792/gene_counts.tsv.gz
SRR23603793	ELIGIBLE	eligible	/cephyr/users/mayoa/Vera/hpc_rnaseq_production_results/2026-09-10/runs/SRR23603793/gene_counts.tsv.gz
SRR23603794	ELIGIBLE	eligible	/cephyr/users/mayoa/Vera/hpc_rnaseq_production_results/2026-09-10/runs/SRR23603794/gene_counts.tsv.gz
SRR23603795	ELIGIBLE	eligible	/cephyr/users/mayoa/Vera/hpc_rnaseq_production_results/2026-09-10/runs/SRR23603795/gene_counts.tsv.gz
SRR23603796	ELIGIBLE	eligible	/cephyr/users/mayoa/Vera/hpc_rnaseq_production_results/2026-09-10/runs/SRR23603796/gene_counts.tsv.gz
SRR23603797	ELIGIBLE	eligible	/cephyr/users/mayoa/Vera/hpc_rnaseq_production_results/2026-09-10/runs/SRR23603797/gene_counts.tsv.gz
SRR23603798	ELIGIBLE	eligible	/cephyr/users/mayoa/Vera/hpc_rnaseq_production_results/2026-09-10/runs/SRR23603798/gene_counts.tsv.gz
SRR23603799	ELIGIBLE	eligible	/cephyr/users/mayoa/Vera/hpc_rnaseq_production_results/2026-09-10/runs/SRR23603799/gene_counts.tsv.gz
SRR23603800	ELIGIBLE	eligible	/cephyr/users/mayoa/Vera/hpc_rnaseq_production_results/2026-09-10/runs/SRR23603800/gene_counts.tsv.gz
SRR23603801	ELIGIBLE	eligible	/cephyr/users/mayoa/Vera/hpc_rnaseq_production_results/2026-09-10/runs/SRR23603801/gene_counts.tsv.gz
SRR23603802	ELIGIBLE	eligible	/cephyr/users/mayoa/Vera/hpc_rnaseq_production_results/2026-09-10/runs/SRR23603802/gene_counts.tsv.gz
SRR23603803	ELIGIBLE	eligible	/cephyr/users/mayoa/Vera/hpc_rnaseq_production_results/2026-09-10/runs/SRR23603803/gene_counts.tsv.gz
SRR23603804	ELIGIBLE	eligible	/cephyr/users/mayoa/Vera/hpc_rnaseq_production_results/2026-09-10/runs/SRR23603804/gene_counts.tsv.gz
SRR23603805	ELIGIBLE	eligible	/cephyr/users/mayoa/Vera/hpc_rnaseq_production_results/2026-09-10/runs/SRR23603805/gene_counts.tsv.gz
SRR23603806	ELIGIBLE	eligible	/cephyr/users/mayoa/Vera/hpc_rnaseq_production_results/2026-09-10/runs/SRR23603806/gene_counts.tsv.gz
SRR23603807	ELIGIBLE	eligible	/cephyr/users/mayoa/Vera/hpc_rnaseq_production_results/2026-09-10/runs/SRR23603807/gene_counts.tsv.gz
SRR23603808	ELIGIBLE	eligible	/cephyr/users/mayoa/Vera/hpc_rnaseq_production_results/2026-09-10/runs/SRR23603808/gene_counts.tsv.gz
SRR23603809	ELIGIBLE	eligible	/cephyr/users/mayoa/Vera/hpc_rnaseq_production_results/2026-09-10/runs/SRR23603809/gene_counts.tsv.gz
SRR23603810	ELIGIBLE	eligible	/cephyr/users/mayoa/Vera/hpc_rnaseq_production_results/2026-09-10/runs/SRR23603810/gene_counts.tsv.gz
SRR23603811	ELIGIBLE	eligible	/cephyr/users/mayoa/Vera/hpc_rnaseq_production_results/2026-09-10/runs/SRR23603811/gene_counts.tsv.gz
SRR23603812	ELIGIBLE	eligible	/cephyr/users/mayoa/Vera/hpc_rnaseq_production_results/2026-09-10/runs/SRR23603812/gene_counts.tsv.gz
SRR23603813	ELIGIBLE	eligible	/cephyr/users/mayoa/Vera/hpc_rnaseq_production_results/2026-09-10/runs/SRR23603813/gene_counts.tsv.gz
SRR23603814	ELIGIBLE	eligible	/cephyr/users/mayoa/Vera/hpc_rnaseq_production_results/2026-09-10/runs/SRR23603814/gene_counts.tsv.gz
SRR23603815	ELIGIBLE	eligible	/cephyr/users/mayoa/Vera/hpc_rnaseq_production_results/2026-09-10/runs/SRR23603815/gene_counts.tsv.gz
SRR23603816	ELIGIBLE	eligible	/cephyr/users/mayoa/Vera/hpc_rnaseq_production_results/2026-09-10/runs/SRR23603816/gene_counts.tsv.gz
SRR23603817	ELIGIBLE	eligible	/cephyr/users/mayoa/Vera/hpc_rnaseq_production_results/2026-09-10/runs/SRR23603817/gene_counts.tsv.gz
SRR23603818	ELIGIBLE	eligible	/cephyr/users/mayoa/Vera/hpc_rnaseq_production_results/2026-09-10/runs/SRR23603818/gene_counts.tsv.gz
SRR23603819	ELIGIBLE	eligible	/cephyr/users/mayoa/Vera/hpc_rnaseq_production_results/2026-09-10/runs/SRR23603819/gene_counts.tsv.gz
SRR23603820	ELIGIBLE	eligible	/cephyr/users/mayoa/Vera/hpc_rnaseq_production_results/2026-09-10/runs/SRR23603820/gene_counts.tsv.gz
SRR23603821	ELIGIBLE	eligible	/cephyr/users/mayoa/Vera/hpc_rnaseq_production_results/2026-09-10/runs/SRR23603821/gene_counts.tsv.gz
SRR23603822	ELIGIBLE	eligible	/cephyr/users/mayoa/Vera/hpc_rnaseq_production_results/2026-09-10/runs/SRR23603822/gene_counts.tsv.gz
SRR23603823	ELIGIBLE	eligible	/cephyr/users/mayoa/Vera/hpc_rnaseq_production_results/2026-09-10/runs/SRR23603823/gene_counts.tsv.gz
SRR23603824	ELIGIBLE	eligible	/cephyr/users/mayoa/Vera/hpc_rnaseq_production_results/2026-09-10/runs/SRR23603824/gene_counts.tsv.gz
SRR23603825	ELIGIBLE	eligible	/cephyr/users/mayoa/Vera/hpc_rnaseq_production_results/2026-09-10/runs/SRR23603825/gene_counts.tsv.gz
SRR23603826	ELIGIBLE	eligible	/cephyr/users/mayoa/Vera/hpc_rnaseq_production_results/2026-09-10/runs/SRR23603826/gene_counts.tsv.gz
SRR23603827	ELIGIBLE	eligible	/cephyr/users/mayoa/Vera/hpc_rnaseq_production_results/2026-09-10/runs/SRR23603827/gene_counts.tsv.gz
SRR23603828	ELIGIBLE	eligible	/cephyr/users/mayoa/Vera/hpc_rnaseq_production_results/2026-09-10/runs/SRR23603828/gene_counts.tsv.gz
SRR23603829	ELIGIBLE	eligible	/cephyr/users/mayoa/Vera/hpc_rnaseq_production_results/2026-09-10/runs/SRR23603829/gene_counts.tsv.gz
SRR23603830	ELIGIBLE	eligible	/cephyr/users/mayoa/Vera/hpc_rnaseq_production_results/2026-09-10/runs/SRR23603830/gene_counts.tsv.gz
SRR23603831	ELIGIBLE	eligible	/cephyr/users/mayoa/Vera/hpc_rnaseq_production_results/2026-09-10/runs/SRR23603831/gene_counts.tsv.gz
SRR23603832	ELIGIBLE	eligible	/cephyr/users/mayoa/Vera/hpc_rnaseq_production_results/2026-09-10/runs/SRR23603832/gene_counts.tsv.gz
SRR23603833	ELIGIBLE	eligible	/cephyr/users/mayoa/Vera/hpc_rnaseq_production_results/2026-09-10/runs/SRR23603833/gene_counts.tsv.gz
SRR23603834	ELIGIBLE	eligible	/cephyr/users/mayoa/Vera/hpc_rnaseq_production_results/2026-09-10/runs/SRR23603834/gene_counts.tsv.gz
SRR23603835	ELIGIBLE	eligible	/cephyr/users/mayoa/Vera/hpc_rnaseq_production_results/2026-09-10/runs/SRR23603835/gene_counts.tsv.gz
SRR23603836	ELIGIBLE	eligible	/cephyr/users/mayoa/Vera/hpc_rnaseq_production_results/2026-09-10/runs/SRR23603836/gene_counts.tsv.gz
SRR23603837	ELIGIBLE	eligible	/cephyr/users/mayoa/Vera/hpc_rnaseq_production_results/2026-09-10/runs/SRR23603837/gene_counts.tsv.gz
SRR23603838	ELIGIBLE	eligible	/cephyr/users/mayoa/Vera/hpc_rnaseq_production_results/2026-09-10/runs/SRR23603838/gene_counts.tsv.gz
SRR23603839	ELIGIBLE	eligible	/cephyr/users/mayoa/Vera/hpc_rnaseq_production_results/2026-09-10/runs/SRR23603839/gene_counts.tsv.gz
SRR23603840	ELIGIBLE	eligible	/cephyr/users/mayoa/Vera/hpc_rnaseq_production_results/2026-09-10/runs/SRR23603840/gene_counts.tsv.gz
SRR23603841	ELIGIBLE	eligible	/cephyr/users/mayoa/Vera/hpc_rnaseq_production_results/2026-09-10/runs/SRR23603841/gene_counts.tsv.gz
SRR23603842	ELIGIBLE	eligible	/cephyr/users/mayoa/Vera/hpc_rnaseq_production_results/2026-09-10/runs/SRR23603842/gene_counts.tsv.gz
SRR23603843	ELIGIBLE	eligible	/cephyr/users/mayoa/Vera/hpc_rnaseq_production_results/2026-09-10/runs/SRR23603843/gene_counts.tsv.gz
SRR23603844	ELIGIBLE	eligible	/cephyr/users/mayoa/Vera/hpc_rnaseq_production_results/2026-09-10/runs/SRR23603844/gene_counts.tsv.gz
SRR23603845	ELIGIBLE	eligible	/cephyr/users/mayoa/Vera/hpc_rnaseq_production_results/2026-09-10/runs/SRR23603845/gene_counts.tsv.gz
SRR23603846	ELIGIBLE	eligible	/cephyr/users/mayoa/Vera/hpc_rnaseq_production_results/2026-09-10/runs/SRR23603846/gene_counts.tsv.gz
SRR23603847	ELIGIBLE	eligible	/cephyr/users/mayoa/Vera/hpc_rnaseq_production_results/2026-09-10/runs/SRR23603847/gene_counts.tsv.gz
SRR23603848	ELIGIBLE	eligible	/cephyr/users/mayoa/Vera/hpc_rnaseq_production_results/2026-09-10/runs/SRR23603848/gene_counts.tsv.gz
SRR23603849	ELIGIBLE	eligible	/cephyr/users/mayoa/Vera/hpc_rnaseq_production_results/2026-09-10/runs/SRR23603849/gene_counts.tsv.gz
SRR23603850	ELIGIBLE	eligible	/cephyr/users/mayoa/Vera/hpc_rnaseq_production_results/2026-09-10/runs/SRR23603850/gene_counts.tsv.gz
SRR23603851	ELIGIBLE	eligible	/cephyr/users/mayoa/Vera/hpc_rnaseq_production_results/2026-09-10/runs/SRR23603851/gene_counts.tsv.gz
SRR23603852	ELIGIBLE	eligible	/cephyr/users/mayoa/Vera/hpc_rnaseq_production_results/2026-09-10/runs/SRR23603852/gene_counts.tsv.gz
SRR23603853	ELIGIBLE	eligible	/cephyr/users/mayoa/Vera/hpc_rnaseq_production_results/2026-09-10/runs/SRR23603853/gene_counts.tsv.gz
SRR23603854	ELIGIBLE	eligible	/cephyr/users/mayoa/Vera/hpc_rnaseq_production_results/2026-09-10/runs/SRR23603854/gene_counts.tsv.gz
SRR23603855	ELIGIBLE	eligible	/cephyr/users/mayoa/Vera/hpc_rnaseq_production_results/2026-09-10/runs/SRR23603855/gene_counts.tsv.gz
SRR23603856	ELIGIBLE	eligible	/cephyr/users/mayoa/Vera/hpc_rnaseq_production_results/2026-09-10/runs/SRR23603856/gene_counts.tsv.gz
SRR23603857	ELIGIBLE	eligible	/cephyr/users/mayoa/Vera/hpc_rnaseq_production_results/2026-09-10/runs/SRR23603857/gene_counts.tsv.gz
SRR23603858	ELIGIBLE	eligible	/cephyr/users/mayoa/Vera/hpc_rnaseq_production_results/2026-09-10/runs/SRR23603858/gene_counts.tsv.gz
SRR23603859	ELIGIBLE	eligible	/cephyr/users/mayoa/Vera/hpc_rnaseq_production_results/2026-09-10/runs/SRR23603859/gene_counts.tsv.gz
SRR23603860	ELIGIBLE	eligible	/cephyr/users/mayoa/Vera/hpc_rnaseq_production_results/2026-09-10/runs/SRR23603860/gene_counts.tsv.gz
SRR23603861	ELIGIBLE	eligible	/cephyr/users/mayoa/Vera/hpc_rnaseq_production_results/2026-09-10/runs/SRR23603861/gene_counts.tsv.gz
SRR23603862	ELIGIBLE	eligible	/cephyr/users/mayoa/Vera/hpc_rnaseq_production_results/2026-09-10/runs/SRR23603862/gene_counts.tsv.gz
SRR23603863	ELIGIBLE	eligible	/cephyr/users/mayoa/Vera/hpc_rnaseq_production_results/2026-09-10/runs/SRR23603863/gene_counts.tsv.gz
SRR23603864	ELIGIBLE	eligible	/cephyr/users/mayoa/Vera/hpc_rnaseq_production_results/2026-09-10/runs/SRR23603864/gene_counts.tsv.gz
SRR23603865	ELIGIBLE	eligible	/cephyr/users/mayoa/Vera/hpc_rnaseq_production_results/2026-09-10/runs/SRR23603865/gene_counts.tsv.gz
SRR23603866	ELIGIBLE	eligible	/cephyr/users/mayoa/Vera/hpc_rnaseq_production_results/2026-09-10/runs/SRR23603866/gene_counts.tsv.gz
SRR23603867	ELIGIBLE	eligible	/cephyr/users/mayoa/Vera/hpc_rnaseq_production_results/2026-09-10/runs/SRR23603867/gene_counts.tsv.gz
SRR23603868	ELIGIBLE	eligible	/cephyr/users/mayoa/Vera/hpc_rnaseq_production_results/2026-09-10/runs/SRR23603868/gene_counts.tsv.gz
SRR23603869	ELIGIBLE	eligible	/cephyr/users/mayoa/Vera/hpc_rnaseq_production_results/2026-09-10/runs/SRR23603869/gene_counts.tsv.gz
SRR23603870	ELIGIBLE	eligible	/cephyr/users/mayoa/Vera/hpc_rnaseq_production_results/2026-09-10/runs/SRR23603870/gene_counts.tsv.gz
SRR23603871	ELIGIBLE	eligible	/cephyr/users/mayoa/Vera/hpc_rnaseq_production_results/2026-09-10/runs/SRR23603871/gene_counts.tsv.gz
SRR23603872	ELIGIBLE	eligible	/cephyr/users/mayoa/Vera/hpc_rnaseq_production_results/2026-09-10/runs/SRR23603872/gene_counts.tsv.gz
SRR23603873	ELIGIBLE	eligible	/cephyr/users/mayoa/Vera/hpc_rnaseq_production_results/2026-09-10/runs/SRR23603873/gene_counts.tsv.gz
SRR23603874	ELIGIBLE	eligible	/cephyr/users/mayoa/Vera/hpc_rnaseq_production_results/2026-09-10/runs/SRR23603874/gene_counts.tsv.gz
SRR23603875	ELIGIBLE	eligible	/cephyr/users/mayoa/Vera/hpc_rnaseq_production_results/2026-09-10/runs/SRR23603875/gene_counts.tsv.gz
SRR23603876	ELIGIBLE	eligible	/cephyr/users/mayoa/Vera/hpc_rnaseq_production_results/2026-09-10/runs/SRR23603876/gene_counts.tsv.gz
SRR23603877	ELIGIBLE	eligible	/cephyr/users/mayoa/Vera/hpc_rnaseq_production_results/2026-09-10/runs/SRR23603877/gene_counts.tsv.gz
SRR23603878	ELIGIBLE	eligible	/cephyr/users/mayoa/Vera/hpc_rnaseq_production_results/2026-09-10/runs/SRR23603878/gene_counts.tsv.gz
SRR23603879	ELIGIBLE	eligible	/cephyr/users/mayoa/Vera/hpc_rnaseq_production_results/2026-09-10/runs/SRR23603879/gene_counts.tsv.gz
SRR23603880	ELIGIBLE	eligible	/cephyr/users/mayoa/Vera/hpc_rnaseq_production_results/2026-09-10/runs/SRR23603880/gene_counts.tsv.gz
SRR23603881	ELIGIBLE	eligible	/cephyr/users/mayoa/Vera/hpc_rnaseq_production_results/2026-09-10/runs/SRR23603881/gene_counts.tsv.gz
SRR23603882	ELIGIBLE	eligible	/cephyr/users/mayoa/Vera/hpc_rnaseq_production_results/2026-09-10/runs/SRR23603882/gene_counts.tsv.gz
SRR23702453	ELIGIBLE	eligible	/cephyr/users/mayoa/Vera/hpc_rnaseq_production_results/2026-09-10/runs/SRR23702453/gene_counts.tsv.gz
SRR23702454	ELIGIBLE	eligible	/cephyr/users/mayoa/Vera/hpc_rnaseq_production_results/2026-09-10/runs/SRR23702454/gene_counts.tsv.gz
SRR23702455	ELIGIBLE	eligible	/cephyr/users/mayoa/Vera/hpc_rnaseq_production_results/2026-09-10/runs/SRR23702455/gene_counts.tsv.gz
SRR23702456	ELIGIBLE	eligible	/cephyr/users/mayoa/Vera/hpc_rnaseq_production_results/2026-09-10/runs/SRR23702456/gene_counts.tsv.gz
SRR23702457	ELIGIBLE	eligible	/cephyr/users/mayoa/Vera/hpc_rnaseq_production_results/2026-09-10/runs/SRR23702457/gene_counts.tsv.gz
SRR24099901	ELIGIBLE	eligible	/cephyr/users/mayoa/Vera/hpc_rnaseq_production_results/2026-09-10/runs/SRR24099901/gene_counts.tsv.gz
SRR24099902	ELIGIBLE	eligible	/cephyr/users/mayoa/Vera/hpc_rnaseq_production_results/2026-09-10/runs/SRR24099902/gene_counts.tsv.gz
SRR24099903	ELIGIBLE	eligible	/cephyr/users/mayoa/Vera/hpc_rnaseq_production_results/2026-09-10/runs/SRR24099903/gene_counts.tsv.gz
SRR24099904	ELIGIBLE	eligible	/cephyr/users/mayoa/Vera/hpc_rnaseq_production_results/2026-09-10/runs/SRR24099904/gene_counts.tsv.gz
SRR24099905	ELIGIBLE	eligible	/cephyr/users/mayoa/Vera/hpc_rnaseq_production_results/2026-09-10/runs/SRR24099905/gene_counts.tsv.gz
SRR24099906	ELIGIBLE	eligible	/cephyr/users/mayoa/Vera/hpc_rnaseq_production_results/2026-09-10/runs/SRR24099906/gene_counts.tsv.gz
SRR24099907	ELIGIBLE	eligible	/cephyr/users/mayoa/Vera/hpc_rnaseq_production_results/2026-09-10/runs/SRR24099907/gene_counts.tsv.gz
SRR24099908	ELIGIBLE	eligible	/cephyr/users/mayoa/Vera/hpc_rnaseq_production_results/2026-09-10/runs/SRR24099908/gene_counts.tsv.gz
SRR24099909	ELIGIBLE	eligible	/cephyr/users/mayoa/Vera/hpc_rnaseq_production_results/2026-09-10/runs/SRR24099909/gene_counts.tsv.gz
SRR24650910	ELIGIBLE	eligible	/cephyr/users/mayoa/Vera/hpc_rnaseq_production_results/2026-09-10/runs/SRR24650910/gene_counts.tsv.gz
SRR24650911	ELIGIBLE	eligible	/cephyr/users/mayoa/Vera/hpc_rnaseq_production_results/2026-09-10/runs/SRR24650911/gene_counts.tsv.gz
SRR24650912	ELIGIBLE	eligible	/cephyr/users/mayoa/Vera/hpc_rnaseq_production_results/2026-09-10/runs/SRR24650912/gene_counts.tsv.gz
SRR24650913	ELIGIBLE	eligible	/cephyr/users/mayoa/Vera/hpc_rnaseq_production_results/2026-09-10/runs/SRR24650913/gene_counts.tsv.gz
SRR24650914	ELIGIBLE	eligible	/cephyr/users/mayoa/Vera/hpc_rnaseq_production_results/2026-09-10/runs/SRR24650914/gene_counts.tsv.gz
SRR24650915	ELIGIBLE	eligible	/cephyr/users/mayoa/Vera/hpc_rnaseq_production_results/2026-09-10/runs/SRR24650915/gene_counts.tsv.gz
SRR24650916	ELIGIBLE	eligible	/cephyr/users/mayoa/Vera/hpc_rnaseq_production_results/2026-09-10/runs/SRR24650916/gene_counts.tsv.gz
SRR24650917	ELIGIBLE	eligible	/cephyr/users/mayoa/Vera/hpc_rnaseq_production_results/2026-09-10/runs/SRR24650917/gene_counts.tsv.gz
SRR24650918	ELIGIBLE	eligible	/cephyr/users/mayoa/Vera/hpc_rnaseq_production_results/2026-09-10/runs/SRR24650918/gene_counts.tsv.gz
SRR24650919	ELIGIBLE	eligible	/cephyr/users/mayoa/Vera/hpc_rnaseq_production_results/2026-09-10/runs/SRR24650919/gene_counts.tsv.gz
SRR24650920	ELIGIBLE	eligible	/cephyr/users/mayoa/Vera/hpc_rnaseq_production_results/2026-09-10/runs/SRR24650920/gene_counts.tsv.gz
SRR24650921	ELIGIBLE	eligible	/cephyr/users/mayoa/Vera/hpc_rnaseq_production_results/2026-09-10/runs/SRR24650921/gene_counts.tsv.gz
SRR24650922	ELIGIBLE	eligible	/cephyr/users/mayoa/Vera/hpc_rnaseq_production_results/2026-09-10/runs/SRR24650922/gene_counts.tsv.gz
SRR24650923	ELIGIBLE	eligible	/cephyr/users/mayoa/Vera/hpc_rnaseq_production_results/2026-09-10/runs/SRR24650923/gene_counts.tsv.gz
SRR24650924	ELIGIBLE	eligible	/cephyr/users/mayoa/Vera/hpc_rnaseq_production_results/2026-09-10/runs/SRR24650924/gene_counts.tsv.gz
SRR24650925	ELIGIBLE	eligible	/cephyr/users/mayoa/Vera/hpc_rnaseq_production_results/2026-09-10/runs/SRR24650925/gene_counts.tsv.gz
SRR24650926	ELIGIBLE	eligible	/cephyr/users/mayoa/Vera/hpc_rnaseq_production_results/2026-09-10/runs/SRR24650926/gene_counts.tsv.gz
SRR24650927	ELIGIBLE	eligible	/cephyr/users/mayoa/Vera/hpc_rnaseq_production_results/2026-09-10/runs/SRR24650927/gene_counts.tsv.gz
SRR24650928	ELIGIBLE	eligible	/cephyr/users/mayoa/Vera/hpc_rnaseq_production_results/2026-09-10/runs/SRR24650928/gene_counts.tsv.gz
SRR24650929	ELIGIBLE	eligible	/cephyr/users/mayoa/Vera/hpc_rnaseq_production_results/2026-09-10/runs/SRR24650929/gene_counts.tsv.gz
SRR24650930	ELIGIBLE	eligible	/cephyr/users/mayoa/Vera/hpc_rnaseq_production_results/2026-09-10/runs/SRR24650930/gene_counts.tsv.gz
SRR24650931	ELIGIBLE	eligible	/cephyr/users/mayoa/Vera/hpc_rnaseq_production_results/2026-09-10/runs/SRR24650931/gene_counts.tsv.gz
SRR24650932	ELIGIBLE	eligible	/cephyr/users/mayoa/Vera/hpc_rnaseq_production_results/2026-09-10/runs/SRR24650932/gene_counts.tsv.gz
SRR24650933	ELIGIBLE	eligible	/cephyr/users/mayoa/Vera/hpc_rnaseq_production_results/2026-09-10/runs/SRR24650933/gene_counts.tsv.gz
SRR24650934	ELIGIBLE	eligible	/cephyr/users/mayoa/Vera/hpc_rnaseq_production_results/2026-09-10/runs/SRR24650934/gene_counts.tsv.gz
SRR24650935	ELIGIBLE	eligible	/cephyr/users/mayoa/Vera/hpc_rnaseq_production_results/2026-09-10/runs/SRR24650935/gene_counts.tsv.gz
SRR24650936	ELIGIBLE	eligible	/cephyr/users/mayoa/Vera/hpc_rnaseq_production_results/2026-09-10/runs/SRR24650936/gene_counts.tsv.gz
SRR24650937	ELIGIBLE	eligible	/cephyr/users/mayoa/Vera/hpc_rnaseq_production_results/2026-09-10/runs/SRR24650937/gene_counts.tsv.gz
SRR24650938	ELIGIBLE	eligible	/cephyr/users/mayoa/Vera/hpc_rnaseq_production_results/2026-09-10/runs/SRR24650938/gene_counts.tsv.gz
SRR24650939	ELIGIBLE	eligible	/cephyr/users/mayoa/Vera/hpc_rnaseq_production_results/2026-09-10/runs/SRR24650939/gene_counts.tsv.gz
SRR24650940	ELIGIBLE	eligible	/cephyr/users/mayoa/Vera/hpc_rnaseq_production_results/2026-09-10/runs/SRR24650940/gene_counts.tsv.gz
SRR24650941	ELIGIBLE	eligible	/cephyr/users/mayoa/Vera/hpc_rnaseq_production_results/2026-09-10/runs/SRR24650941/gene_counts.tsv.gz
SRR24650942	ELIGIBLE	eligible	/cephyr/users/mayoa/Vera/hpc_rnaseq_production_results/2026-09-10/runs/SRR24650942/gene_counts.tsv.gz
SRR24650943	ELIGIBLE	eligible	/cephyr/users/mayoa/Vera/hpc_rnaseq_production_results/2026-09-10/runs/SRR24650943/gene_counts.tsv.gz
SRR24650944	ELIGIBLE	eligible	/cephyr/users/mayoa/Vera/hpc_rnaseq_production_results/2026-09-10/runs/SRR24650944/gene_counts.tsv.gz
SRR24650945	ELIGIBLE	eligible	/cephyr/users/mayoa/Vera/hpc_rnaseq_production_results/2026-09-10/runs/SRR24650945/gene_counts.tsv.gz
SRR24650946	ELIGIBLE	eligible	/cephyr/users/mayoa/Vera/hpc_rnaseq_production_results/2026-09-10/runs/SRR24650946/gene_counts.tsv.gz
SRR24650947	ELIGIBLE	eligible	/cephyr/users/mayoa/Vera/hpc_rnaseq_production_results/2026-09-10/runs/SRR24650947/gene_counts.tsv.gz
SRR24650948	ELIGIBLE	eligible	/cephyr/users/mayoa/Vera/hpc_rnaseq_production_results/2026-09-10/runs/SRR24650948/gene_counts.tsv.gz
SRR24650949	ELIGIBLE	eligible	/cephyr/users/mayoa/Vera/hpc_rnaseq_production_results/2026-09-10/runs/SRR24650949/gene_counts.tsv.gz
SRR24650950	ELIGIBLE	eligible	/cephyr/users/mayoa/Vera/hpc_rnaseq_production_results/2026-09-10/runs/SRR24650950/gene_counts.tsv.gz
SRR24650951	ELIGIBLE	eligible	/cephyr/users/mayoa/Vera/hpc_rnaseq_production_results/2026-09-10/runs/SRR24650951/gene_counts.tsv.gz
SRR24650952	ELIGIBLE	eligible	/cephyr/users/mayoa/Vera/hpc_rnaseq_production_results/2026-09-10/runs/SRR24650952/gene_counts.tsv.gz
SRR24650953	ELIGIBLE	eligible	/cephyr/users/mayoa/Vera/hpc_rnaseq_production_results/2026-09-10/runs/SRR24650953/gene_counts.tsv.gz
SRR24650954	ELIGIBLE	eligible	/cephyr/users/mayoa/Vera/hpc_rnaseq_production_results/2026-09-10/runs/SRR24650954/gene_counts.tsv.gz
SRR24650955	ELIGIBLE	eligible	/cephyr/users/mayoa/Vera/hpc_rnaseq_production_results/2026-09-10/runs/SRR24650955/gene_counts.tsv.gz
SRR24650956	ELIGIBLE	eligible	/cephyr/users/mayoa/Vera/hpc_rnaseq_production_results/2026-09-10/runs/SRR24650956/gene_counts.tsv.gz
SRR24650957	ELIGIBLE	eligible	/cephyr/users/mayoa/Vera/hpc_rnaseq_production_results/2026-09-10/runs/SRR24650957/gene_counts.tsv.gz
SRR24650958	ELIGIBLE	eligible	/cephyr/users/mayoa/Vera/hpc_rnaseq_production_results/2026-09-10/runs/SRR24650958/gene_counts.tsv.gz
SRR24650959	ELIGIBLE	eligible	/cephyr/users/mayoa/Vera/hpc_rnaseq_production_results/2026-09-10/runs/SRR24650959/gene_counts.tsv.gz
SRR24650960	ELIGIBLE	eligible	/cephyr/users/mayoa/Vera/hpc_rnaseq_production_results/2026-09-10/runs/SRR24650960/gene_counts.tsv.gz
SRR24650961	ELIGIBLE	eligible	/cephyr/users/mayoa/Vera/hpc_rnaseq_production_results/2026-09-10/runs/SRR24650961/gene_counts.tsv.gz
SRR24650962	ELIGIBLE	eligible	/cephyr/users/mayoa/Vera/hpc_rnaseq_production_results/2026-09-10/runs/SRR24650962/gene_counts.tsv.gz
SRR24650963	ELIGIBLE	eligible	/cephyr/users/mayoa/Vera/hpc_rnaseq_production_results/2026-09-10/runs/SRR24650963/gene_counts.tsv.gz
SRR24650964	ELIGIBLE	eligible	/cephyr/users/mayoa/Vera/hpc_rnaseq_production_results/2026-09-10/runs/SRR24650964/gene_counts.tsv.gz
SRR24650965	ELIGIBLE	eligible	/cephyr/users/mayoa/Vera/hpc_rnaseq_production_results/2026-09-10/runs/SRR24650965/gene_counts.tsv.gz
SRR24650966	ELIGIBLE	eligible	/cephyr/users/mayoa/Vera/hpc_rnaseq_production_results/2026-09-10/runs/SRR24650966/gene_counts.tsv.gz
SRR24650967	ELIGIBLE	eligible	/cephyr/users/mayoa/Vera/hpc_rnaseq_production_results/2026-09-10/runs/SRR24650967/gene_counts.tsv.gz
SRR24650968	ELIGIBLE	eligible	/cephyr/users/mayoa/Vera/hpc_rnaseq_production_results/2026-09-10/runs/SRR24650968/gene_counts.tsv.gz
SRR24650969	ELIGIBLE	eligible	/cephyr/users/mayoa/Vera/hpc_rnaseq_production_results/2026-09-10/runs/SRR24650969/gene_counts.tsv.gz
SRR24650970	ELIGIBLE	eligible	/cephyr/users/mayoa/Vera/hpc_rnaseq_production_results/2026-09-10/runs/SRR24650970/gene_counts.tsv.gz
SRR24650971	ELIGIBLE	eligible	/cephyr/users/mayoa/Vera/hpc_rnaseq_production_results/2026-09-10/runs/SRR24650971/gene_counts.tsv.gz
SRR24650972	ELIGIBLE	eligible	/cephyr/users/mayoa/Vera/hpc_rnaseq_production_results/2026-09-10/runs/SRR24650972/gene_counts.tsv.gz
SRR24650973	ELIGIBLE	eligible	/cephyr/users/mayoa/Vera/hpc_rnaseq_production_results/2026-09-10/runs/SRR24650973/gene_counts.tsv.gz
SRR24650974	ELIGIBLE	eligible	/cephyr/users/mayoa/Vera/hpc_rnaseq_production_results/2026-09-10/runs/SRR24650974/gene_counts.tsv.gz
SRR24650975	ELIGIBLE	eligible	/cephyr/users/mayoa/Vera/hpc_rnaseq_production_results/2026-09-10/runs/SRR24650975/gene_counts.tsv.gz
SRR24650976	ELIGIBLE	eligible	/cephyr/users/mayoa/Vera/hpc_rnaseq_production_results/2026-09-10/runs/SRR24650976/gene_counts.tsv.gz
SRR24650977	ELIGIBLE	eligible	/cephyr/users/mayoa/Vera/hpc_rnaseq_production_results/2026-09-10/runs/SRR24650977/gene_counts.tsv.gz
SRR24650978	ELIGIBLE	eligible	/cephyr/users/mayoa/Vera/hpc_rnaseq_production_results/2026-09-10/runs/SRR24650978/gene_counts.tsv.gz
SRR24650979	ELIGIBLE	eligible	/cephyr/users/mayoa/Vera/hpc_rnaseq_production_results/2026-09-10/runs/SRR24650979/gene_counts.tsv.gz
SRR24650980	ELIGIBLE	eligible	/cephyr/users/mayoa/Vera/hpc_rnaseq_production_results/2026-09-10/runs/SRR24650980/gene_counts.tsv.gz
SRR24650981	ELIGIBLE	eligible	/cephyr/users/mayoa/Vera/hpc_rnaseq_production_results/2026-09-10/runs/SRR24650981/gene_counts.tsv.gz
SRR24650982	ELIGIBLE	eligible	/cephyr/users/mayoa/Vera/hpc_rnaseq_production_results/2026-09-10/runs/SRR24650982/gene_counts.tsv.gz
SRR24650983	ELIGIBLE	eligible	/cephyr/users/mayoa/Vera/hpc_rnaseq_production_results/2026-09-10/runs/SRR24650983/gene_counts.tsv.gz
SRR24650984	ELIGIBLE	eligible	/cephyr/users/mayoa/Vera/hpc_rnaseq_production_results/2026-09-10/runs/SRR24650984/gene_counts.tsv.gz
SRR24650985	ELIGIBLE	eligible	/cephyr/users/mayoa/Vera/hpc_rnaseq_production_results/2026-09-10/runs/SRR24650985/gene_counts.tsv.gz
SRR24650986	ELIGIBLE	eligible	/cephyr/users/mayoa/Vera/hpc_rnaseq_production_results/2026-09-10/runs/SRR24650986/gene_counts.tsv.gz
SRR24650987	ELIGIBLE	eligible	/cephyr/users/mayoa/Vera/hpc_rnaseq_production_results/2026-09-10/runs/SRR24650987/gene_counts.tsv.gz
SRR24650988	ELIGIBLE	eligible	/cephyr/users/mayoa/Vera/hpc_rnaseq_production_results/2026-09-10/runs/SRR24650988/gene_counts.tsv.gz
SRR24650989	ELIGIBLE	eligible	/cephyr/users/mayoa/Vera/hpc_rnaseq_production_results/2026-09-10/runs/SRR24650989/gene_counts.tsv.gz
SRR24650990	ELIGIBLE	eligible	/cephyr/users/mayoa/Vera/hpc_rnaseq_production_results/2026-09-10/runs/SRR24650990/gene_counts.tsv.gz
SRR24650991	ELIGIBLE	eligible	/cephyr/users/mayoa/Vera/hpc_rnaseq_production_results/2026-09-10/runs/SRR24650991/gene_counts.tsv.gz
SRR24650992	ELIGIBLE	eligible	/cephyr/users/mayoa/Vera/hpc_rnaseq_production_results/2026-09-10/runs/SRR24650992/gene_counts.tsv.gz
SRR24650993	ELIGIBLE	eligible	/cephyr/users/mayoa/Vera/hpc_rnaseq_production_results/2026-09-10/runs/SRR24650993/gene_counts.tsv.gz
SRR24650994	ELIGIBLE	eligible	/cephyr/users/mayoa/Vera/hpc_rnaseq_production_results/2026-09-10/runs/SRR24650994/gene_counts.tsv.gz
SRR24650995	ELIGIBLE	eligible	/cephyr/users/mayoa/Vera/hpc_rnaseq_production_results/2026-09-10/runs/SRR24650995/gene_counts.tsv.gz
SRR24650996	ELIGIBLE	eligible	/cephyr/users/mayoa/Vera/hpc_rnaseq_production_results/2026-09-10/runs/SRR24650996/gene_counts.tsv.gz
SRR24650997	ELIGIBLE	eligible	/cephyr/users/mayoa/Vera/hpc_rnaseq_production_results/2026-09-10/runs/SRR24650997/gene_counts.tsv.gz
SRR24650998	ELIGIBLE	eligible	/cephyr/users/mayoa/Vera/hpc_rnaseq_production_results/2026-09-10/runs/SRR24650998/gene_counts.tsv.gz
SRR24650999	ELIGIBLE	eligible	/cephyr/users/mayoa/Vera/hpc_rnaseq_production_results/2026-09-10/runs/SRR24650999/gene_counts.tsv.gz
SRR24651000	ELIGIBLE	eligible	/cephyr/users/mayoa/Vera/hpc_rnaseq_production_results/2026-09-10/runs/SRR24651000/gene_counts.tsv.gz
SRR24651001	ELIGIBLE	eligible	/cephyr/users/mayoa/Vera/hpc_rnaseq_production_results/2026-09-10/runs/SRR24651001/gene_counts.tsv.gz
SRR24651002	ELIGIBLE	eligible	/cephyr/users/mayoa/Vera/hpc_rnaseq_production_results/2026-09-10/runs/SRR24651002/gene_counts.tsv.gz
SRR24651003	ELIGIBLE	eligible	/cephyr/users/mayoa/Vera/hpc_rnaseq_production_results/2026-09-10/runs/SRR24651003/gene_counts.tsv.gz
SRR24651004	ELIGIBLE	eligible	/cephyr/users/mayoa/Vera/hpc_rnaseq_production_results/2026-09-10/runs/SRR24651004/gene_counts.tsv.gz
SRR25184716	ELIGIBLE	eligible	/cephyr/users/mayoa/Vera/hpc_rnaseq_production_results/2026-09-10/runs/SRR25184716/gene_counts.tsv.gz
SRR25184717	ELIGIBLE	eligible	/cephyr/users/mayoa/Vera/hpc_rnaseq_production_results/2026-09-10/runs/SRR25184717/gene_counts.tsv.gz
SRR25184718	ELIGIBLE	eligible	/cephyr/users/mayoa/Vera/hpc_rnaseq_production_results/2026-09-10/runs/SRR25184718/gene_counts.tsv.gz
SRR25184719	ELIGIBLE	eligible	/cephyr/users/mayoa/Vera/hpc_rnaseq_production_results/2026-09-10/runs/SRR25184719/gene_counts.tsv.gz
SRR25184720	ELIGIBLE	eligible	/cephyr/users/mayoa/Vera/hpc_rnaseq_production_results/2026-09-10/runs/SRR25184720/gene_counts.tsv.gz
SRR25184721	ELIGIBLE	eligible	/cephyr/users/mayoa/Vera/hpc_rnaseq_production_results/2026-09-10/runs/SRR25184721/gene_counts.tsv.gz
SRR28349048	ELIGIBLE	eligible	/cephyr/users/mayoa/Vera/hpc_rnaseq_production_results/2026-09-10/runs/SRR28349048/gene_counts.tsv.gz
SRR28349051	ELIGIBLE	eligible	/cephyr/users/mayoa/Vera/hpc_rnaseq_production_results/2026-09-10/runs/SRR28349051/gene_counts.tsv.gz
SRR28349055	ELIGIBLE	eligible	/cephyr/users/mayoa/Vera/hpc_rnaseq_production_results/2026-09-10/runs/SRR28349055/gene_counts.tsv.gz
SRR28349056	ELIGIBLE	eligible	/cephyr/users/mayoa/Vera/hpc_rnaseq_production_results/2026-09-10/runs/SRR28349056/gene_counts.tsv.gz
SRR28349060	ELIGIBLE	eligible	/cephyr/users/mayoa/Vera/hpc_rnaseq_production_results/2026-09-10/runs/SRR28349060/gene_counts.tsv.gz
SRR28349062	ELIGIBLE	eligible	/cephyr/users/mayoa/Vera/hpc_rnaseq_production_results/2026-09-10/runs/SRR28349062/gene_counts.tsv.gz
SRR28349063	ELIGIBLE	eligible	/cephyr/users/mayoa/Vera/hpc_rnaseq_production_results/2026-09-10/runs/SRR28349063/gene_counts.tsv.gz
SRR28413170	ELIGIBLE	eligible	/cephyr/users/mayoa/Vera/hpc_rnaseq_production_results/2026-09-10/runs/SRR28413170/gene_counts.tsv.gz
SRR28413171	ELIGIBLE	eligible	/cephyr/users/mayoa/Vera/hpc_rnaseq_production_results/2026-09-10/runs/SRR28413171/gene_counts.tsv.gz
SRR2922597	ELIGIBLE	eligible	/cephyr/users/mayoa/Vera/hpc_rnaseq_production_results/2026-09-10/runs/SRR2922597/gene_counts.tsv.gz
SRR2922598	ELIGIBLE	eligible	/cephyr/users/mayoa/Vera/hpc_rnaseq_production_results/2026-09-10/runs/SRR2922598/gene_counts.tsv.gz
SRR2922599	ELIGIBLE	eligible	/cephyr/users/mayoa/Vera/hpc_rnaseq_production_results/2026-09-10/runs/SRR2922599/gene_counts.tsv.gz
SRR2922600	ELIGIBLE	eligible	/cephyr/users/mayoa/Vera/hpc_rnaseq_production_results/2026-09-10/runs/SRR2922600/gene_counts.tsv.gz
SRR2922601	ELIGIBLE	eligible	/cephyr/users/mayoa/Vera/hpc_rnaseq_production_results/2026-09-10/runs/SRR2922601/gene_counts.tsv.gz
SRR2922602	ELIGIBLE	eligible	/cephyr/users/mayoa/Vera/hpc_rnaseq_production_results/2026-09-10/runs/SRR2922602/gene_counts.tsv.gz
SRR2922603	ELIGIBLE	eligible	/cephyr/users/mayoa/Vera/hpc_rnaseq_production_results/2026-09-10/runs/SRR2922603/gene_counts.tsv.gz
SRR2922604	ELIGIBLE	eligible	/cephyr/users/mayoa/Vera/hpc_rnaseq_production_results/2026-09-10/runs/SRR2922604/gene_counts.tsv.gz
SRR2922605	ELIGIBLE	eligible	/cephyr/users/mayoa/Vera/hpc_rnaseq_production_results/2026-09-10/runs/SRR2922605/gene_counts.tsv.gz
SRR2922606	ELIGIBLE	eligible	/cephyr/users/mayoa/Vera/hpc_rnaseq_production_results/2026-09-10/runs/SRR2922606/gene_counts.tsv.gz
SRR29441690	ELIGIBLE	eligible	/cephyr/users/mayoa/Vera/hpc_rnaseq_production_results/2026-09-10/runs/SRR29441690/gene_counts.tsv.gz
SRR29441691	ELIGIBLE	eligible	/cephyr/users/mayoa/Vera/hpc_rnaseq_production_results/2026-09-10/runs/SRR29441691/gene_counts.tsv.gz
SRR29441692	ELIGIBLE	eligible	/cephyr/users/mayoa/Vera/hpc_rnaseq_production_results/2026-09-10/runs/SRR29441692/gene_counts.tsv.gz
SRR29441693	ELIGIBLE	eligible	/cephyr/users/mayoa/Vera/hpc_rnaseq_production_results/2026-09-10/runs/SRR29441693/gene_counts.tsv.gz
SRR29441694	ELIGIBLE	eligible	/cephyr/users/mayoa/Vera/hpc_rnaseq_production_results/2026-09-10/runs/SRR29441694/gene_counts.tsv.gz
SRR29441695	ELIGIBLE	eligible	/cephyr/users/mayoa/Vera/hpc_rnaseq_production_results/2026-09-10/runs/SRR29441695/gene_counts.tsv.gz
SRR29441696	ELIGIBLE	eligible	/cephyr/users/mayoa/Vera/hpc_rnaseq_production_results/2026-09-10/runs/SRR29441696/gene_counts.tsv.gz
SRR29441697	ELIGIBLE	eligible	/cephyr/users/mayoa/Vera/hpc_rnaseq_production_results/2026-09-10/runs/SRR29441697/gene_counts.tsv.gz
SRR29441698	ELIGIBLE	eligible	/cephyr/users/mayoa/Vera/hpc_rnaseq_production_results/2026-09-10/runs/SRR29441698/gene_counts.tsv.gz
SRR29441699	ELIGIBLE	eligible	/cephyr/users/mayoa/Vera/hpc_rnaseq_production_results/2026-09-10/runs/SRR29441699/gene_counts.tsv.gz
SRR29441700	ELIGIBLE	eligible	/cephyr/users/mayoa/Vera/hpc_rnaseq_production_results/2026-09-10/runs/SRR29441700/gene_counts.tsv.gz
SRR29441701	ELIGIBLE	eligible	/cephyr/users/mayoa/Vera/hpc_rnaseq_production_results/2026-09-10/runs/SRR29441701/gene_counts.tsv.gz
SRR29672912	ELIGIBLE	eligible	/cephyr/users/mayoa/Vera/hpc_rnaseq_production_results/2026-09-10/runs/SRR29672912/gene_counts.tsv.gz
SRR29672913	ELIGIBLE	eligible	/cephyr/users/mayoa/Vera/hpc_rnaseq_production_results/2026-09-10/runs/SRR29672913/gene_counts.tsv.gz
SRR29672921	ELIGIBLE	eligible	/cephyr/users/mayoa/Vera/hpc_rnaseq_production_results/2026-09-10/runs/SRR29672921/gene_counts.tsv.gz
SRR29672924	ELIGIBLE	eligible	/cephyr/users/mayoa/Vera/hpc_rnaseq_production_results/2026-09-10/runs/SRR29672924/gene_counts.tsv.gz
SRR29672926	ELIGIBLE	eligible	/cephyr/users/mayoa/Vera/hpc_rnaseq_production_results/2026-09-10/runs/SRR29672926/gene_counts.tsv.gz
SRR29672927	ELIGIBLE	eligible	/cephyr/users/mayoa/Vera/hpc_rnaseq_production_results/2026-09-10/runs/SRR29672927/gene_counts.tsv.gz
SRR29672928	ELIGIBLE	eligible	/cephyr/users/mayoa/Vera/hpc_rnaseq_production_results/2026-09-10/runs/SRR29672928/gene_counts.tsv.gz
SRR29672929	ELIGIBLE	eligible	/cephyr/users/mayoa/Vera/hpc_rnaseq_production_results/2026-09-10/runs/SRR29672929/gene_counts.tsv.gz
SRR29672930	ELIGIBLE	eligible	/cephyr/users/mayoa/Vera/hpc_rnaseq_production_results/2026-09-10/runs/SRR29672930/gene_counts.tsv.gz
SRR29672931	ELIGIBLE	eligible	/cephyr/users/mayoa/Vera/hpc_rnaseq_production_results/2026-09-10/runs/SRR29672931/gene_counts.tsv.gz
SRR29672932	ELIGIBLE	eligible	/cephyr/users/mayoa/Vera/hpc_rnaseq_production_results/2026-09-10/runs/SRR29672932/gene_counts.tsv.gz
SRR29672934	ELIGIBLE	eligible	/cephyr/users/mayoa/Vera/hpc_rnaseq_production_results/2026-09-10/runs/SRR29672934/gene_counts.tsv.gz
SRR29672936	ELIGIBLE	eligible	/cephyr/users/mayoa/Vera/hpc_rnaseq_production_results/2026-09-10/runs/SRR29672936/gene_counts.tsv.gz
SRR29672939	ELIGIBLE	eligible	/cephyr/users/mayoa/Vera/hpc_rnaseq_production_results/2026-09-10/runs/SRR29672939/gene_counts.tsv.gz
SRR2968323	ELIGIBLE	eligible	/cephyr/users/mayoa/Vera/hpc_rnaseq_production_results/2026-09-10/runs/SRR2968323/gene_counts.tsv.gz
SRR2968324	ELIGIBLE	eligible	/cephyr/users/mayoa/Vera/hpc_rnaseq_production_results/2026-09-10/runs/SRR2968324/gene_counts.tsv.gz
SRR2968325	ELIGIBLE	eligible	/cephyr/users/mayoa/Vera/hpc_rnaseq_production_results/2026-09-10/runs/SRR2968325/gene_counts.tsv.gz
SRR2968326	ELIGIBLE	eligible	/cephyr/users/mayoa/Vera/hpc_rnaseq_production_results/2026-09-10/runs/SRR2968326/gene_counts.tsv.gz
SRR2968327	ELIGIBLE	eligible	/cephyr/users/mayoa/Vera/hpc_rnaseq_production_results/2026-09-10/runs/SRR2968327/gene_counts.tsv.gz
SRR2968328	ELIGIBLE	eligible	/cephyr/users/mayoa/Vera/hpc_rnaseq_production_results/2026-09-10/runs/SRR2968328/gene_counts.tsv.gz
SRR3161757	ELIGIBLE	eligible	/cephyr/users/mayoa/Vera/hpc_rnaseq_production_results/2026-09-10/runs/SRR3161757/gene_counts.tsv.gz
SRR3161758	ELIGIBLE	eligible	/cephyr/users/mayoa/Vera/hpc_rnaseq_production_results/2026-09-10/runs/SRR3161758/gene_counts.tsv.gz
SRR3161759	ELIGIBLE	eligible	/cephyr/users/mayoa/Vera/hpc_rnaseq_production_results/2026-09-10/runs/SRR3161759/gene_counts.tsv.gz
SRR3161760	ELIGIBLE	eligible	/cephyr/users/mayoa/Vera/hpc_rnaseq_production_results/2026-09-10/runs/SRR3161760/gene_counts.tsv.gz
SRR3161761	ELIGIBLE	eligible	/cephyr/users/mayoa/Vera/hpc_rnaseq_production_results/2026-09-10/runs/SRR3161761/gene_counts.tsv.gz
SRR3161762	ELIGIBLE	eligible	/cephyr/users/mayoa/Vera/hpc_rnaseq_production_results/2026-09-10/runs/SRR3161762/gene_counts.tsv.gz
SRR3161763	ELIGIBLE	eligible	/cephyr/users/mayoa/Vera/hpc_rnaseq_production_results/2026-09-10/runs/SRR3161763/gene_counts.tsv.gz
SRR3161764	ELIGIBLE	eligible	/cephyr/users/mayoa/Vera/hpc_rnaseq_production_results/2026-09-10/runs/SRR3161764/gene_counts.tsv.gz
SRR3161765	ELIGIBLE	eligible	/cephyr/users/mayoa/Vera/hpc_rnaseq_production_results/2026-09-10/runs/SRR3161765/gene_counts.tsv.gz
SRR3161766	ELIGIBLE	eligible	/cephyr/users/mayoa/Vera/hpc_rnaseq_production_results/2026-09-10/runs/SRR3161766/gene_counts.tsv.gz
SRR3161767	ELIGIBLE	eligible	/cephyr/users/mayoa/Vera/hpc_rnaseq_production_results/2026-09-10/runs/SRR3161767/gene_counts.tsv.gz
SRR3161768	ELIGIBLE	eligible	/cephyr/users/mayoa/Vera/hpc_rnaseq_production_results/2026-09-10/runs/SRR3161768/gene_counts.tsv.gz
SRR3161769	ELIGIBLE	eligible	/cephyr/users/mayoa/Vera/hpc_rnaseq_production_results/2026-09-10/runs/SRR3161769/gene_counts.tsv.gz
SRR3161770	ELIGIBLE	eligible	/cephyr/users/mayoa/Vera/hpc_rnaseq_production_results/2026-09-10/runs/SRR3161770/gene_counts.tsv.gz
SRR3161771	ELIGIBLE	eligible	/cephyr/users/mayoa/Vera/hpc_rnaseq_production_results/2026-09-10/runs/SRR3161771/gene_counts.tsv.gz
SRR3161772	ELIGIBLE	eligible	/cephyr/users/mayoa/Vera/hpc_rnaseq_production_results/2026-09-10/runs/SRR3161772/gene_counts.tsv.gz
SRR3161773	ELIGIBLE	eligible	/cephyr/users/mayoa/Vera/hpc_rnaseq_production_results/2026-09-10/runs/SRR3161773/gene_counts.tsv.gz
SRR3161774	ELIGIBLE	eligible	/cephyr/users/mayoa/Vera/hpc_rnaseq_production_results/2026-09-10/runs/SRR3161774/gene_counts.tsv.gz
SRR3161775	ELIGIBLE	eligible	/cephyr/users/mayoa/Vera/hpc_rnaseq_production_results/2026-09-10/runs/SRR3161775/gene_counts.tsv.gz
SRR3161776	ELIGIBLE	eligible	/cephyr/users/mayoa/Vera/hpc_rnaseq_production_results/2026-09-10/runs/SRR3161776/gene_counts.tsv.gz
SRR3161777	ELIGIBLE	eligible	/cephyr/users/mayoa/Vera/hpc_rnaseq_production_results/2026-09-10/runs/SRR3161777/gene_counts.tsv.gz
SRR3161778	ELIGIBLE	eligible	/cephyr/users/mayoa/Vera/hpc_rnaseq_production_results/2026-09-10/runs/SRR3161778/gene_counts.tsv.gz
SRR3161779	ELIGIBLE	eligible	/cephyr/users/mayoa/Vera/hpc_rnaseq_production_results/2026-09-10/runs/SRR3161779/gene_counts.tsv.gz
SRR3161780	ELIGIBLE	eligible	/cephyr/users/mayoa/Vera/hpc_rnaseq_production_results/2026-09-10/runs/SRR3161780/gene_counts.tsv.gz
SRR3161781	ELIGIBLE	eligible	/cephyr/users/mayoa/Vera/hpc_rnaseq_production_results/2026-09-10/runs/SRR3161781/gene_counts.tsv.gz
SRR3161782	ELIGIBLE	eligible	/cephyr/users/mayoa/Vera/hpc_rnaseq_production_results/2026-09-10/runs/SRR3161782/gene_counts.tsv.gz
SRR3161783	ELIGIBLE	eligible	/cephyr/users/mayoa/Vera/hpc_rnaseq_production_results/2026-09-10/runs/SRR3161783/gene_counts.tsv.gz
SRR3161784	ELIGIBLE	eligible	/cephyr/users/mayoa/Vera/hpc_rnaseq_production_results/2026-09-10/runs/SRR3161784/gene_counts.tsv.gz
SRR3161785	ELIGIBLE	eligible	/cephyr/users/mayoa/Vera/hpc_rnaseq_production_results/2026-09-10/runs/SRR3161785/gene_counts.tsv.gz
SRR3161786	ELIGIBLE	eligible	/cephyr/users/mayoa/Vera/hpc_rnaseq_production_results/2026-09-10/runs/SRR3161786/gene_counts.tsv.gz
SRR3161787	ELIGIBLE	eligible	/cephyr/users/mayoa/Vera/hpc_rnaseq_production_results/2026-09-10/runs/SRR3161787/gene_counts.tsv.gz
SRR3161788	ELIGIBLE	eligible	/cephyr/users/mayoa/Vera/hpc_rnaseq_production_results/2026-09-10/runs/SRR3161788/gene_counts.tsv.gz
SRR3161789	ELIGIBLE	eligible	/cephyr/users/mayoa/Vera/hpc_rnaseq_production_results/2026-09-10/runs/SRR3161789/gene_counts.tsv.gz
SRR3161790	ELIGIBLE	eligible	/cephyr/users/mayoa/Vera/hpc_rnaseq_production_results/2026-09-10/runs/SRR3161790/gene_counts.tsv.gz
SRR3161791	ELIGIBLE	eligible	/cephyr/users/mayoa/Vera/hpc_rnaseq_production_results/2026-09-10/runs/SRR3161791/gene_counts.tsv.gz
SRR3161792	ELIGIBLE	eligible	/cephyr/users/mayoa/Vera/hpc_rnaseq_production_results/2026-09-10/runs/SRR3161792/gene_counts.tsv.gz
SRR3161793	ELIGIBLE	eligible	/cephyr/users/mayoa/Vera/hpc_rnaseq_production_results/2026-09-10/runs/SRR3161793/gene_counts.tsv.gz
SRR3161794	ELIGIBLE	eligible	/cephyr/users/mayoa/Vera/hpc_rnaseq_production_results/2026-09-10/runs/SRR3161794/gene_counts.tsv.gz
SRR3161795	ELIGIBLE	eligible	/cephyr/users/mayoa/Vera/hpc_rnaseq_production_results/2026-09-10/runs/SRR3161795/gene_counts.tsv.gz
SRR3161796	ELIGIBLE	eligible	/cephyr/users/mayoa/Vera/hpc_rnaseq_production_results/2026-09-10/runs/SRR3161796/gene_counts.tsv.gz
SRR32329205	BLOCKED	excluded:specialized_RNA_assay	/cephyr/users/mayoa/Vera/hpc_rnaseq_production_results/2026-09-10/runs/SRR32329205/gene_counts.tsv.gz
SRR32329207	BLOCKED	excluded:specialized_RNA_assay	/cephyr/users/mayoa/Vera/hpc_rnaseq_production_results/2026-09-10/runs/SRR32329207/gene_counts.tsv.gz
SRR32329208	BLOCKED	excluded:specialized_RNA_assay	/cephyr/users/mayoa/Vera/hpc_rnaseq_production_results/2026-09-10/runs/SRR32329208/gene_counts.tsv.gz
SRR32329209	BLOCKED	excluded:specialized_RNA_assay	/cephyr/users/mayoa/Vera/hpc_rnaseq_production_results/2026-09-10/runs/SRR32329209/gene_counts.tsv.gz
SRR32329210	BLOCKED	excluded:specialized_RNA_assay	/cephyr/users/mayoa/Vera/hpc_rnaseq_production_results/2026-09-10/runs/SRR32329210/gene_counts.tsv.gz
SRR32329211	BLOCKED	excluded:specialized_RNA_assay	/cephyr/users/mayoa/Vera/hpc_rnaseq_production_results/2026-09-10/runs/SRR32329211/gene_counts.tsv.gz
SRR32329212	BLOCKED	excluded:specialized_RNA_assay	/cephyr/users/mayoa/Vera/hpc_rnaseq_production_results/2026-09-10/runs/SRR32329212/gene_counts.tsv.gz
SRR32329213	BLOCKED	excluded:specialized_RNA_assay	/cephyr/users/mayoa/Vera/hpc_rnaseq_production_results/2026-09-10/runs/SRR32329213/gene_counts.tsv.gz
SRR3284443	ELIGIBLE	eligible	/cephyr/users/mayoa/Vera/hpc_rnaseq_production_results/2026-09-10/runs/SRR3284443/gene_counts.tsv.gz
SRR3284444	ELIGIBLE	eligible	/cephyr/users/mayoa/Vera/hpc_rnaseq_production_results/2026-09-10/runs/SRR3284444/gene_counts.tsv.gz
SRR3284445	ELIGIBLE	eligible	/cephyr/users/mayoa/Vera/hpc_rnaseq_production_results/2026-09-10/runs/SRR3284445/gene_counts.tsv.gz
SRR3284446	ELIGIBLE	eligible	/cephyr/users/mayoa/Vera/hpc_rnaseq_production_results/2026-09-10/runs/SRR3284446/gene_counts.tsv.gz
SRR3284447	ELIGIBLE	eligible	/cephyr/users/mayoa/Vera/hpc_rnaseq_production_results/2026-09-10/runs/SRR3284447/gene_counts.tsv.gz
SRR3284448	ELIGIBLE	eligible	/cephyr/users/mayoa/Vera/hpc_rnaseq_production_results/2026-09-10/runs/SRR3284448/gene_counts.tsv.gz
SRR3284449	BLOCKED	excluded:specialized_RNA_assay	/cephyr/users/mayoa/Vera/hpc_rnaseq_production_results/2026-09-10/runs/SRR3284449/gene_counts.tsv.gz
SRR3284450	BLOCKED	excluded:specialized_RNA_assay	/cephyr/users/mayoa/Vera/hpc_rnaseq_production_results/2026-09-10/runs/SRR3284450/gene_counts.tsv.gz
SRR3284451	BLOCKED	excluded:specialized_RNA_assay	/cephyr/users/mayoa/Vera/hpc_rnaseq_production_results/2026-09-10/runs/SRR3284451/gene_counts.tsv.gz
SRR3284452	BLOCKED	excluded:specialized_RNA_assay	/cephyr/users/mayoa/Vera/hpc_rnaseq_production_results/2026-09-10/runs/SRR3284452/gene_counts.tsv.gz
SRR3284453	BLOCKED	excluded:specialized_RNA_assay	/cephyr/users/mayoa/Vera/hpc_rnaseq_production_results/2026-09-10/runs/SRR3284453/gene_counts.tsv.gz
SRR3284454	BLOCKED	excluded:specialized_RNA_assay	/cephyr/users/mayoa/Vera/hpc_rnaseq_production_results/2026-09-10/runs/SRR3284454/gene_counts.tsv.gz
SRR3284455	ELIGIBLE	eligible	/cephyr/users/mayoa/Vera/hpc_rnaseq_production_results/2026-09-10/runs/SRR3284455/gene_counts.tsv.gz
SRR3284456	ELIGIBLE	eligible	/cephyr/users/mayoa/Vera/hpc_rnaseq_production_results/2026-09-10/runs/SRR3284456/gene_counts.tsv.gz
SRR3284457	ELIGIBLE	eligible	/cephyr/users/mayoa/Vera/hpc_rnaseq_production_results/2026-09-10/runs/SRR3284457/gene_counts.tsv.gz
SRR3284458	ELIGIBLE	eligible	/cephyr/users/mayoa/Vera/hpc_rnaseq_production_results/2026-09-10/runs/SRR3284458/gene_counts.tsv.gz
SRR3284459	ELIGIBLE	eligible	/cephyr/users/mayoa/Vera/hpc_rnaseq_production_results/2026-09-10/runs/SRR3284459/gene_counts.tsv.gz
SRR3284460	ELIGIBLE	eligible	/cephyr/users/mayoa/Vera/hpc_rnaseq_production_results/2026-09-10/runs/SRR3284460/gene_counts.tsv.gz
SRR3284461	BLOCKED	excluded:specialized_RNA_assay	/cephyr/users/mayoa/Vera/hpc_rnaseq_production_results/2026-09-10/runs/SRR3284461/gene_counts.tsv.gz
SRR3284462	BLOCKED	excluded:specialized_RNA_assay	/cephyr/users/mayoa/Vera/hpc_rnaseq_production_results/2026-09-10/runs/SRR3284462/gene_counts.tsv.gz
SRR3284463	BLOCKED	excluded:specialized_RNA_assay	/cephyr/users/mayoa/Vera/hpc_rnaseq_production_results/2026-09-10/runs/SRR3284463/gene_counts.tsv.gz
SRR3284464	BLOCKED	excluded:specialized_RNA_assay	/cephyr/users/mayoa/Vera/hpc_rnaseq_production_results/2026-09-10/runs/SRR3284464/gene_counts.tsv.gz
SRR3284465	BLOCKED	excluded:specialized_RNA_assay	/cephyr/users/mayoa/Vera/hpc_rnaseq_production_results/2026-09-10/runs/SRR3284465/gene_counts.tsv.gz
SRR3284466	BLOCKED	excluded:specialized_RNA_assay	/cephyr/users/mayoa/Vera/hpc_rnaseq_production_results/2026-09-10/runs/SRR3284466/gene_counts.tsv.gz
SRR33198151	ELIGIBLE	eligible	/cephyr/users/mayoa/Vera/hpc_rnaseq_production_results/2026-09-10/runs/SRR33198151/gene_counts.tsv.gz
SRR33198152	ELIGIBLE	eligible	/cephyr/users/mayoa/Vera/hpc_rnaseq_production_results/2026-09-10/runs/SRR33198152/gene_counts.tsv.gz
SRR33198153	ELIGIBLE	eligible	/cephyr/users/mayoa/Vera/hpc_rnaseq_production_results/2026-09-10/runs/SRR33198153/gene_counts.tsv.gz
SRR33198154	ELIGIBLE	eligible	/cephyr/users/mayoa/Vera/hpc_rnaseq_production_results/2026-09-10/runs/SRR33198154/gene_counts.tsv.gz
SRR33198155	ELIGIBLE	eligible	/cephyr/users/mayoa/Vera/hpc_rnaseq_production_results/2026-09-10/runs/SRR33198155/gene_counts.tsv.gz
SRR33198156	ELIGIBLE	eligible	/cephyr/users/mayoa/Vera/hpc_rnaseq_production_results/2026-09-10/runs/SRR33198156/gene_counts.tsv.gz
SRR33198157	ELIGIBLE	eligible	/cephyr/users/mayoa/Vera/hpc_rnaseq_production_results/2026-09-10/runs/SRR33198157/gene_counts.tsv.gz
SRR33198158	ELIGIBLE	eligible	/cephyr/users/mayoa/Vera/hpc_rnaseq_production_results/2026-09-10/runs/SRR33198158/gene_counts.tsv.gz
SRR33198159	ELIGIBLE	eligible	/cephyr/users/mayoa/Vera/hpc_rnaseq_production_results/2026-09-10/runs/SRR33198159/gene_counts.tsv.gz
SRR33198160	ELIGIBLE	eligible	/cephyr/users/mayoa/Vera/hpc_rnaseq_production_results/2026-09-10/runs/SRR33198160/gene_counts.tsv.gz
SRR33198161	ELIGIBLE	eligible	/cephyr/users/mayoa/Vera/hpc_rnaseq_production_results/2026-09-10/runs/SRR33198161/gene_counts.tsv.gz
SRR33198162	ELIGIBLE	eligible	/cephyr/users/mayoa/Vera/hpc_rnaseq_production_results/2026-09-10/runs/SRR33198162/gene_counts.tsv.gz
SRR33198163	ELIGIBLE	eligible	/cephyr/users/mayoa/Vera/hpc_rnaseq_production_results/2026-09-10/runs/SRR33198163/gene_counts.tsv.gz
SRR33198164	ELIGIBLE	eligible	/cephyr/users/mayoa/Vera/hpc_rnaseq_production_results/2026-09-10/runs/SRR33198164/gene_counts.tsv.gz
SRR33198165	ELIGIBLE	eligible	/cephyr/users/mayoa/Vera/hpc_rnaseq_production_results/2026-09-10/runs/SRR33198165/gene_counts.tsv.gz
SRR33198166	ELIGIBLE	eligible	/cephyr/users/mayoa/Vera/hpc_rnaseq_production_results/2026-09-10/runs/SRR33198166/gene_counts.tsv.gz
SRR33198167	ELIGIBLE	eligible	/cephyr/users/mayoa/Vera/hpc_rnaseq_production_results/2026-09-10/runs/SRR33198167/gene_counts.tsv.gz
SRR33198168	ELIGIBLE	eligible	/cephyr/users/mayoa/Vera/hpc_rnaseq_production_results/2026-09-10/runs/SRR33198168/gene_counts.tsv.gz
SRR33309095	ELIGIBLE	eligible	/cephyr/users/mayoa/Vera/hpc_rnaseq_production_results/2026-09-10/runs/SRR33309095/gene_counts.tsv.gz
SRR33309096	ELIGIBLE	eligible	/cephyr/users/mayoa/Vera/hpc_rnaseq_production_results/2026-09-10/runs/SRR33309096/gene_counts.tsv.gz
SRR33309097	ELIGIBLE	eligible	/cephyr/users/mayoa/Vera/hpc_rnaseq_production_results/2026-09-10/runs/SRR33309097/gene_counts.tsv.gz
SRR33309098	ELIGIBLE	eligible	/cephyr/users/mayoa/Vera/hpc_rnaseq_production_results/2026-09-10/runs/SRR33309098/gene_counts.tsv.gz
SRR33309099	ELIGIBLE	eligible	/cephyr/users/mayoa/Vera/hpc_rnaseq_production_results/2026-09-10/runs/SRR33309099/gene_counts.tsv.gz
SRR33309100	ELIGIBLE	eligible	/cephyr/users/mayoa/Vera/hpc_rnaseq_production_results/2026-09-10/runs/SRR33309100/gene_counts.tsv.gz
SRR33309101	ELIGIBLE	eligible	/cephyr/users/mayoa/Vera/hpc_rnaseq_production_results/2026-09-10/runs/SRR33309101/gene_counts.tsv.gz
SRR33309102	ELIGIBLE	eligible	/cephyr/users/mayoa/Vera/hpc_rnaseq_production_results/2026-09-10/runs/SRR33309102/gene_counts.tsv.gz
SRR33309103	ELIGIBLE	eligible	/cephyr/users/mayoa/Vera/hpc_rnaseq_production_results/2026-09-10/runs/SRR33309103/gene_counts.tsv.gz
SRR33309104	ELIGIBLE	eligible	/cephyr/users/mayoa/Vera/hpc_rnaseq_production_results/2026-09-10/runs/SRR33309104/gene_counts.tsv.gz
SRR33309105	ELIGIBLE	eligible	/cephyr/users/mayoa/Vera/hpc_rnaseq_production_results/2026-09-10/runs/SRR33309105/gene_counts.tsv.gz
SRR33309106	ELIGIBLE	eligible	/cephyr/users/mayoa/Vera/hpc_rnaseq_production_results/2026-09-10/runs/SRR33309106/gene_counts.tsv.gz
SRR33309107	ELIGIBLE	eligible	/cephyr/users/mayoa/Vera/hpc_rnaseq_production_results/2026-09-10/runs/SRR33309107/gene_counts.tsv.gz
SRR33309108	ELIGIBLE	eligible	/cephyr/users/mayoa/Vera/hpc_rnaseq_production_results/2026-09-10/runs/SRR33309108/gene_counts.tsv.gz
SRR33309109	ELIGIBLE	eligible	/cephyr/users/mayoa/Vera/hpc_rnaseq_production_results/2026-09-10/runs/SRR33309109/gene_counts.tsv.gz
SRR33309110	ELIGIBLE	eligible	/cephyr/users/mayoa/Vera/hpc_rnaseq_production_results/2026-09-10/runs/SRR33309110/gene_counts.tsv.gz
SRR33309111	ELIGIBLE	eligible	/cephyr/users/mayoa/Vera/hpc_rnaseq_production_results/2026-09-10/runs/SRR33309111/gene_counts.tsv.gz
SRR33309112	ELIGIBLE	eligible	/cephyr/users/mayoa/Vera/hpc_rnaseq_production_results/2026-09-10/runs/SRR33309112/gene_counts.tsv.gz
SRR33309113	ELIGIBLE	eligible	/cephyr/users/mayoa/Vera/hpc_rnaseq_production_results/2026-09-10/runs/SRR33309113/gene_counts.tsv.gz
SRR33309114	ELIGIBLE	eligible	/cephyr/users/mayoa/Vera/hpc_rnaseq_production_results/2026-09-10/runs/SRR33309114/gene_counts.tsv.gz
SRR33309115	ELIGIBLE	eligible	/cephyr/users/mayoa/Vera/hpc_rnaseq_production_results/2026-09-10/runs/SRR33309115/gene_counts.tsv.gz
SRR33309116	ELIGIBLE	eligible	/cephyr/users/mayoa/Vera/hpc_rnaseq_production_results/2026-09-10/runs/SRR33309116/gene_counts.tsv.gz
SRR33309117	ELIGIBLE	eligible	/cephyr/users/mayoa/Vera/hpc_rnaseq_production_results/2026-09-10/runs/SRR33309117/gene_counts.tsv.gz
SRR33309118	ELIGIBLE	eligible	/cephyr/users/mayoa/Vera/hpc_rnaseq_production_results/2026-09-10/runs/SRR33309118/gene_counts.tsv.gz
SRR33309119	ELIGIBLE	eligible	/cephyr/users/mayoa/Vera/hpc_rnaseq_production_results/2026-09-10/runs/SRR33309119/gene_counts.tsv.gz
SRR33309120	ELIGIBLE	eligible	/cephyr/users/mayoa/Vera/hpc_rnaseq_production_results/2026-09-10/runs/SRR33309120/gene_counts.tsv.gz
SRR33309121	ELIGIBLE	eligible	/cephyr/users/mayoa/Vera/hpc_rnaseq_production_results/2026-09-10/runs/SRR33309121/gene_counts.tsv.gz
SRR33309122	ELIGIBLE	eligible	/cephyr/users/mayoa/Vera/hpc_rnaseq_production_results/2026-09-10/runs/SRR33309122/gene_counts.tsv.gz
SRR33309123	ELIGIBLE	eligible	/cephyr/users/mayoa/Vera/hpc_rnaseq_production_results/2026-09-10/runs/SRR33309123/gene_counts.tsv.gz
SRR33309124	ELIGIBLE	eligible	/cephyr/users/mayoa/Vera/hpc_rnaseq_production_results/2026-09-10/runs/SRR33309124/gene_counts.tsv.gz
SRR33309125	ELIGIBLE	eligible	/cephyr/users/mayoa/Vera/hpc_rnaseq_production_results/2026-09-10/runs/SRR33309125/gene_counts.tsv.gz
SRR33309126	ELIGIBLE	eligible	/cephyr/users/mayoa/Vera/hpc_rnaseq_production_results/2026-09-10/runs/SRR33309126/gene_counts.tsv.gz
SRR33309127	ELIGIBLE	eligible	/cephyr/users/mayoa/Vera/hpc_rnaseq_production_results/2026-09-10/runs/SRR33309127/gene_counts.tsv.gz
SRR3401399	ELIGIBLE	eligible	/cephyr/users/mayoa/Vera/hpc_rnaseq_production_results/2026-09-10/runs/SRR3401399/gene_counts.tsv.gz
SRR3401401	ELIGIBLE	eligible	/cephyr/users/mayoa/Vera/hpc_rnaseq_production_results/2026-09-10/runs/SRR3401401/gene_counts.tsv.gz
SRR3401745	ELIGIBLE	eligible	/cephyr/users/mayoa/Vera/hpc_rnaseq_production_results/2026-09-10/runs/SRR3401745/gene_counts.tsv.gz
SRR3401746	ELIGIBLE	eligible	/cephyr/users/mayoa/Vera/hpc_rnaseq_production_results/2026-09-10/runs/SRR3401746/gene_counts.tsv.gz
SRR3401747	ELIGIBLE	eligible	/cephyr/users/mayoa/Vera/hpc_rnaseq_production_results/2026-09-10/runs/SRR3401747/gene_counts.tsv.gz
SRR3401748	ELIGIBLE	eligible	/cephyr/users/mayoa/Vera/hpc_rnaseq_production_results/2026-09-10/runs/SRR3401748/gene_counts.tsv.gz
SRR3401749	ELIGIBLE	eligible	/cephyr/users/mayoa/Vera/hpc_rnaseq_production_results/2026-09-10/runs/SRR3401749/gene_counts.tsv.gz
SRR3401750	ELIGIBLE	eligible	/cephyr/users/mayoa/Vera/hpc_rnaseq_production_results/2026-09-10/runs/SRR3401750/gene_counts.tsv.gz
SRR3401751	ELIGIBLE	eligible	/cephyr/users/mayoa/Vera/hpc_rnaseq_production_results/2026-09-10/runs/SRR3401751/gene_counts.tsv.gz
SRR3401752	ELIGIBLE	eligible	/cephyr/users/mayoa/Vera/hpc_rnaseq_production_results/2026-09-10/runs/SRR3401752/gene_counts.tsv.gz
SRR35653646	ELIGIBLE	eligible	/cephyr/users/mayoa/Vera/hpc_rnaseq_production_results/2026-09-10/runs/SRR35653646/gene_counts.tsv.gz
SRR35653647	ELIGIBLE	eligible	/cephyr/users/mayoa/Vera/hpc_rnaseq_production_results/2026-09-10/runs/SRR35653647/gene_counts.tsv.gz
SRR35653648	ELIGIBLE	eligible	/cephyr/users/mayoa/Vera/hpc_rnaseq_production_results/2026-09-10/runs/SRR35653648/gene_counts.tsv.gz
SRR35653649	ELIGIBLE	eligible	/cephyr/users/mayoa/Vera/hpc_rnaseq_production_results/2026-09-10/runs/SRR35653649/gene_counts.tsv.gz
SRR35653650	ELIGIBLE	eligible	/cephyr/users/mayoa/Vera/hpc_rnaseq_production_results/2026-09-10/runs/SRR35653650/gene_counts.tsv.gz
SRR35653651	ELIGIBLE	eligible	/cephyr/users/mayoa/Vera/hpc_rnaseq_production_results/2026-09-10/runs/SRR35653651/gene_counts.tsv.gz
SRR35653652	ELIGIBLE	eligible	/cephyr/users/mayoa/Vera/hpc_rnaseq_production_results/2026-09-10/runs/SRR35653652/gene_counts.tsv.gz
SRR35653653	ELIGIBLE	eligible	/cephyr/users/mayoa/Vera/hpc_rnaseq_production_results/2026-09-10/runs/SRR35653653/gene_counts.tsv.gz
SRR35653654	ELIGIBLE	eligible	/cephyr/users/mayoa/Vera/hpc_rnaseq_production_results/2026-09-10/runs/SRR35653654/gene_counts.tsv.gz
SRR36222935	ELIGIBLE	eligible	/cephyr/users/mayoa/Vera/hpc_rnaseq_production_results/2026-09-10/runs/SRR36222935/gene_counts.tsv.gz
SRR36222936	ELIGIBLE	eligible	/cephyr/users/mayoa/Vera/hpc_rnaseq_production_results/2026-09-10/runs/SRR36222936/gene_counts.tsv.gz
SRR36222937	ELIGIBLE	eligible	/cephyr/users/mayoa/Vera/hpc_rnaseq_production_results/2026-09-10/runs/SRR36222937/gene_counts.tsv.gz
SRR36222938	ELIGIBLE	eligible	/cephyr/users/mayoa/Vera/hpc_rnaseq_production_results/2026-09-10/runs/SRR36222938/gene_counts.tsv.gz
SRR36222939	ELIGIBLE	eligible	/cephyr/users/mayoa/Vera/hpc_rnaseq_production_results/2026-09-10/runs/SRR36222939/gene_counts.tsv.gz
SRR36222940	ELIGIBLE	eligible	/cephyr/users/mayoa/Vera/hpc_rnaseq_production_results/2026-09-10/runs/SRR36222940/gene_counts.tsv.gz
SRR36222941	ELIGIBLE	eligible	/cephyr/users/mayoa/Vera/hpc_rnaseq_production_results/2026-09-10/runs/SRR36222941/gene_counts.tsv.gz
SRR36222942	ELIGIBLE	eligible	/cephyr/users/mayoa/Vera/hpc_rnaseq_production_results/2026-09-10/runs/SRR36222942/gene_counts.tsv.gz
SRR36663584	BLOCKED	review_required:protocol_review	/cephyr/users/mayoa/Vera/hpc_rnaseq_production_results/2026-09-10/runs/SRR36663584/gene_counts.tsv.gz
SRR36663585	BLOCKED	review_required:protocol_review	/cephyr/users/mayoa/Vera/hpc_rnaseq_production_results/2026-09-10/runs/SRR36663585/gene_counts.tsv.gz
SRR36663587	BLOCKED	review_required:protocol_review	/cephyr/users/mayoa/Vera/hpc_rnaseq_production_results/2026-09-10/runs/SRR36663587/gene_counts.tsv.gz
SRR36663588	BLOCKED	review_required:protocol_review	/cephyr/users/mayoa/Vera/hpc_rnaseq_production_results/2026-09-10/runs/SRR36663588/gene_counts.tsv.gz
SRR36663589	BLOCKED	review_required:protocol_review	/cephyr/users/mayoa/Vera/hpc_rnaseq_production_results/2026-09-10/runs/SRR36663589/gene_counts.tsv.gz
SRR36663590	BLOCKED	review_required:protocol_review	/cephyr/users/mayoa/Vera/hpc_rnaseq_production_results/2026-09-10/runs/SRR36663590/gene_counts.tsv.gz
SRR36663591	BLOCKED	review_required:protocol_review	/cephyr/users/mayoa/Vera/hpc_rnaseq_production_results/2026-09-10/runs/SRR36663591/gene_counts.tsv.gz
SRR36663596	ELIGIBLE	eligible	/cephyr/users/mayoa/Vera/hpc_rnaseq_production_results/2026-09-10/runs/SRR36663596/gene_counts.tsv.gz
SRR36663597	ELIGIBLE	eligible	/cephyr/users/mayoa/Vera/hpc_rnaseq_production_results/2026-09-10/runs/SRR36663597/gene_counts.tsv.gz
SRR36663598	ELIGIBLE	eligible	/cephyr/users/mayoa/Vera/hpc_rnaseq_production_results/2026-09-10/runs/SRR36663598/gene_counts.tsv.gz
SRR36663599	ELIGIBLE	eligible	/cephyr/users/mayoa/Vera/hpc_rnaseq_production_results/2026-09-10/runs/SRR36663599/gene_counts.tsv.gz
SRR36663600	ELIGIBLE	eligible	/cephyr/users/mayoa/Vera/hpc_rnaseq_production_results/2026-09-10/runs/SRR36663600/gene_counts.tsv.gz
SRR36663601	ELIGIBLE	eligible	/cephyr/users/mayoa/Vera/hpc_rnaseq_production_results/2026-09-10/runs/SRR36663601/gene_counts.tsv.gz
SRR36699389	ELIGIBLE	eligible	/cephyr/users/mayoa/Vera/hpc_rnaseq_production_results/2026-09-10/runs/SRR36699389/gene_counts.tsv.gz
SRR36699390	ELIGIBLE	eligible	/cephyr/users/mayoa/Vera/hpc_rnaseq_production_results/2026-09-10/runs/SRR36699390/gene_counts.tsv.gz
SRR36699391	ELIGIBLE	eligible	/cephyr/users/mayoa/Vera/hpc_rnaseq_production_results/2026-09-10/runs/SRR36699391/gene_counts.tsv.gz
SRR36699392	ELIGIBLE	eligible	/cephyr/users/mayoa/Vera/hpc_rnaseq_production_results/2026-09-10/runs/SRR36699392/gene_counts.tsv.gz
SRR36699393	ELIGIBLE	eligible	/cephyr/users/mayoa/Vera/hpc_rnaseq_production_results/2026-09-10/runs/SRR36699393/gene_counts.tsv.gz
SRR36699394	ELIGIBLE	eligible	/cephyr/users/mayoa/Vera/hpc_rnaseq_production_results/2026-09-10/runs/SRR36699394/gene_counts.tsv.gz
SRR38262918	ELIGIBLE	eligible	/cephyr/users/mayoa/Vera/hpc_rnaseq_production_results/2026-09-10/runs/SRR38262918/gene_counts.tsv.gz
SRR38262919	ELIGIBLE	eligible	/cephyr/users/mayoa/Vera/hpc_rnaseq_production_results/2026-09-10/runs/SRR38262919/gene_counts.tsv.gz
SRR38262920	ELIGIBLE	eligible	/cephyr/users/mayoa/Vera/hpc_rnaseq_production_results/2026-09-10/runs/SRR38262920/gene_counts.tsv.gz
SRR38262921	ELIGIBLE	eligible	/cephyr/users/mayoa/Vera/hpc_rnaseq_production_results/2026-09-10/runs/SRR38262921/gene_counts.tsv.gz
SRR38263132	ELIGIBLE	eligible	/cephyr/users/mayoa/Vera/hpc_rnaseq_production_results/2026-09-10/runs/SRR38263132/gene_counts.tsv.gz
SRR3946101	ELIGIBLE	eligible	/cephyr/users/mayoa/Vera/hpc_rnaseq_production_results/2026-09-10/runs/SRR3946101/gene_counts.tsv.gz
SRR3946102	ELIGIBLE	eligible	/cephyr/users/mayoa/Vera/hpc_rnaseq_production_results/2026-09-10/runs/SRR3946102/gene_counts.tsv.gz
SRR3946103	ELIGIBLE	eligible	/cephyr/users/mayoa/Vera/hpc_rnaseq_production_results/2026-09-10/runs/SRR3946103/gene_counts.tsv.gz
SRR3946104	ELIGIBLE	eligible	/cephyr/users/mayoa/Vera/hpc_rnaseq_production_results/2026-09-10/runs/SRR3946104/gene_counts.tsv.gz
SRR3946105	ELIGIBLE	eligible	/cephyr/users/mayoa/Vera/hpc_rnaseq_production_results/2026-09-10/runs/SRR3946105/gene_counts.tsv.gz
SRR3946106	ELIGIBLE	eligible	/cephyr/users/mayoa/Vera/hpc_rnaseq_production_results/2026-09-10/runs/SRR3946106/gene_counts.tsv.gz
SRR3946107	ELIGIBLE	eligible	/cephyr/users/mayoa/Vera/hpc_rnaseq_production_results/2026-09-10/runs/SRR3946107/gene_counts.tsv.gz
SRR3946108	ELIGIBLE	eligible	/cephyr/users/mayoa/Vera/hpc_rnaseq_production_results/2026-09-10/runs/SRR3946108/gene_counts.tsv.gz
SRR3946109	ELIGIBLE	eligible	/cephyr/users/mayoa/Vera/hpc_rnaseq_production_results/2026-09-10/runs/SRR3946109/gene_counts.tsv.gz
SRR3946110	ELIGIBLE	eligible	/cephyr/users/mayoa/Vera/hpc_rnaseq_production_results/2026-09-10/runs/SRR3946110/gene_counts.tsv.gz
SRR3946111	ELIGIBLE	eligible	/cephyr/users/mayoa/Vera/hpc_rnaseq_production_results/2026-09-10/runs/SRR3946111/gene_counts.tsv.gz
SRR3946112	ELIGIBLE	eligible	/cephyr/users/mayoa/Vera/hpc_rnaseq_production_results/2026-09-10/runs/SRR3946112/gene_counts.tsv.gz
SRR39497722	ELIGIBLE	eligible	/cephyr/users/mayoa/Vera/hpc_rnaseq_production_results/2026-09-10/runs/SRR39497722/gene_counts.tsv.gz
SRR39497723	ELIGIBLE	eligible	/cephyr/users/mayoa/Vera/hpc_rnaseq_production_results/2026-09-10/runs/SRR39497723/gene_counts.tsv.gz
SRR39497724	ELIGIBLE	eligible	/cephyr/users/mayoa/Vera/hpc_rnaseq_production_results/2026-09-10/runs/SRR39497724/gene_counts.tsv.gz
SRR39499716	ELIGIBLE	eligible	/cephyr/users/mayoa/Vera/hpc_rnaseq_production_results/2026-09-10/runs/SRR39499716/gene_counts.tsv.gz
SRR39499717	ELIGIBLE	eligible	/cephyr/users/mayoa/Vera/hpc_rnaseq_production_results/2026-09-10/runs/SRR39499717/gene_counts.tsv.gz
SRR39499718	ELIGIBLE	eligible	/cephyr/users/mayoa/Vera/hpc_rnaseq_production_results/2026-09-10/runs/SRR39499718/gene_counts.tsv.gz
SRR39499719	ELIGIBLE	eligible	/cephyr/users/mayoa/Vera/hpc_rnaseq_production_results/2026-09-10/runs/SRR39499719/gene_counts.tsv.gz
SRR39503241	ELIGIBLE	eligible	/cephyr/users/mayoa/Vera/hpc_rnaseq_production_results/2026-09-10/runs/SRR39503241/gene_counts.tsv.gz
SRR39503242	ELIGIBLE	eligible	/cephyr/users/mayoa/Vera/hpc_rnaseq_production_results/2026-09-10/runs/SRR39503242/gene_counts.tsv.gz
SRR39503243	ELIGIBLE	eligible	/cephyr/users/mayoa/Vera/hpc_rnaseq_production_results/2026-09-10/runs/SRR39503243/gene_counts.tsv.gz
SRR39503244	ELIGIBLE	eligible	/cephyr/users/mayoa/Vera/hpc_rnaseq_production_results/2026-09-10/runs/SRR39503244/gene_counts.tsv.gz
SRR39505007	ELIGIBLE	eligible	/cephyr/users/mayoa/Vera/hpc_rnaseq_production_results/2026-09-10/runs/SRR39505007/gene_counts.tsv.gz
SRR39505008	ELIGIBLE	eligible	/cephyr/users/mayoa/Vera/hpc_rnaseq_production_results/2026-09-10/runs/SRR39505008/gene_counts.tsv.gz
SRR39505009	ELIGIBLE	eligible	/cephyr/users/mayoa/Vera/hpc_rnaseq_production_results/2026-09-10/runs/SRR39505009/gene_counts.tsv.gz
SRR39505010	ELIGIBLE	eligible	/cephyr/users/mayoa/Vera/hpc_rnaseq_production_results/2026-09-10/runs/SRR39505010/gene_counts.tsv.gz
SRR39506912	ELIGIBLE	eligible	/cephyr/users/mayoa/Vera/hpc_rnaseq_production_results/2026-09-10/runs/SRR39506912/gene_counts.tsv.gz
SRR39506913	ELIGIBLE	eligible	/cephyr/users/mayoa/Vera/hpc_rnaseq_production_results/2026-09-10/runs/SRR39506913/gene_counts.tsv.gz
SRR39506914	ELIGIBLE	eligible	/cephyr/users/mayoa/Vera/hpc_rnaseq_production_results/2026-09-10/runs/SRR39506914/gene_counts.tsv.gz
SRR39506915	ELIGIBLE	eligible	/cephyr/users/mayoa/Vera/hpc_rnaseq_production_results/2026-09-10/runs/SRR39506915/gene_counts.tsv.gz
SRR39511190	ELIGIBLE	eligible	/cephyr/users/mayoa/Vera/hpc_rnaseq_production_results/2026-09-10/runs/SRR39511190/gene_counts.tsv.gz
SRR39511191	ELIGIBLE	eligible	/cephyr/users/mayoa/Vera/hpc_rnaseq_production_results/2026-09-10/runs/SRR39511191/gene_counts.tsv.gz
SRR39511192	ELIGIBLE	eligible	/cephyr/users/mayoa/Vera/hpc_rnaseq_production_results/2026-09-10/runs/SRR39511192/gene_counts.tsv.gz
SRR39511193	ELIGIBLE	eligible	/cephyr/users/mayoa/Vera/hpc_rnaseq_production_results/2026-09-10/runs/SRR39511193/gene_counts.tsv.gz
SRR39561850	ELIGIBLE	eligible	/cephyr/users/mayoa/Vera/hpc_rnaseq_production_results/2026-09-10/runs/SRR39561850/gene_counts.tsv.gz
SRR39561851	ELIGIBLE	eligible	/cephyr/users/mayoa/Vera/hpc_rnaseq_production_results/2026-09-10/runs/SRR39561851/gene_counts.tsv.gz
SRR39561852	ELIGIBLE	eligible	/cephyr/users/mayoa/Vera/hpc_rnaseq_production_results/2026-09-10/runs/SRR39561852/gene_counts.tsv.gz
SRR39561853	ELIGIBLE	eligible	/cephyr/users/mayoa/Vera/hpc_rnaseq_production_results/2026-09-10/runs/SRR39561853/gene_counts.tsv.gz
SRR39561854	ELIGIBLE	eligible	/cephyr/users/mayoa/Vera/hpc_rnaseq_production_results/2026-09-10/runs/SRR39561854/gene_counts.tsv.gz
SRR39561855	ELIGIBLE	eligible	/cephyr/users/mayoa/Vera/hpc_rnaseq_production_results/2026-09-10/runs/SRR39561855/gene_counts.tsv.gz
SRR39561856	ELIGIBLE	eligible	/cephyr/users/mayoa/Vera/hpc_rnaseq_production_results/2026-09-10/runs/SRR39561856/gene_counts.tsv.gz
SRR39561857	ELIGIBLE	eligible	/cephyr/users/mayoa/Vera/hpc_rnaseq_production_results/2026-09-10/runs/SRR39561857/gene_counts.tsv.gz
SRR39561858	ELIGIBLE	eligible	/cephyr/users/mayoa/Vera/hpc_rnaseq_production_results/2026-09-10/runs/SRR39561858/gene_counts.tsv.gz
SRR39561859	ELIGIBLE	eligible	/cephyr/users/mayoa/Vera/hpc_rnaseq_production_results/2026-09-10/runs/SRR39561859/gene_counts.tsv.gz
SRR39561860	ELIGIBLE	eligible	/cephyr/users/mayoa/Vera/hpc_rnaseq_production_results/2026-09-10/runs/SRR39561860/gene_counts.tsv.gz
SRR40188909	ELIGIBLE	eligible	/cephyr/users/mayoa/Vera/hpc_rnaseq_production_results/2026-09-10/runs/SRR40188909/gene_counts.tsv.gz
SRR40188910	ELIGIBLE	eligible	/cephyr/users/mayoa/Vera/hpc_rnaseq_production_results/2026-09-10/runs/SRR40188910/gene_counts.tsv.gz
SRR40188912	ELIGIBLE	eligible	/cephyr/users/mayoa/Vera/hpc_rnaseq_production_results/2026-09-10/runs/SRR40188912/gene_counts.tsv.gz
SRR40188913	ELIGIBLE	eligible	/cephyr/users/mayoa/Vera/hpc_rnaseq_production_results/2026-09-10/runs/SRR40188913/gene_counts.tsv.gz
SRR40310829	ELIGIBLE	eligible	/cephyr/users/mayoa/Vera/hpc_rnaseq_production_results/2026-09-10/runs/SRR40310829/gene_counts.tsv.gz
SRR40310830	ELIGIBLE	eligible	/cephyr/users/mayoa/Vera/hpc_rnaseq_production_results/2026-09-10/runs/SRR40310830/gene_counts.tsv.gz
SRR40310831	ELIGIBLE	eligible	/cephyr/users/mayoa/Vera/hpc_rnaseq_production_results/2026-09-10/runs/SRR40310831/gene_counts.tsv.gz
SRR40310832	ELIGIBLE	eligible	/cephyr/users/mayoa/Vera/hpc_rnaseq_production_results/2026-09-10/runs/SRR40310832/gene_counts.tsv.gz
SRR40310833	ELIGIBLE	eligible	/cephyr/users/mayoa/Vera/hpc_rnaseq_production_results/2026-09-10/runs/SRR40310833/gene_counts.tsv.gz
SRR40310834	ELIGIBLE	eligible	/cephyr/users/mayoa/Vera/hpc_rnaseq_production_results/2026-09-10/runs/SRR40310834/gene_counts.tsv.gz
SRR40310835	ELIGIBLE	eligible	/cephyr/users/mayoa/Vera/hpc_rnaseq_production_results/2026-09-10/runs/SRR40310835/gene_counts.tsv.gz
SRR40310836	ELIGIBLE	eligible	/cephyr/users/mayoa/Vera/hpc_rnaseq_production_results/2026-09-10/runs/SRR40310836/gene_counts.tsv.gz
SRR40310838	ELIGIBLE	eligible	/cephyr/users/mayoa/Vera/hpc_rnaseq_production_results/2026-09-10/runs/SRR40310838/gene_counts.tsv.gz
SRR40310839	ELIGIBLE	eligible	/cephyr/users/mayoa/Vera/hpc_rnaseq_production_results/2026-09-10/runs/SRR40310839/gene_counts.tsv.gz
SRR40310840	ELIGIBLE	eligible	/cephyr/users/mayoa/Vera/hpc_rnaseq_production_results/2026-09-10/runs/SRR40310840/gene_counts.tsv.gz
SRR4035674	ELIGIBLE	eligible	/cephyr/users/mayoa/Vera/hpc_rnaseq_production_results/2026-09-10/runs/SRR4035674/gene_counts.tsv.gz
SRR4035675	ELIGIBLE	eligible	/cephyr/users/mayoa/Vera/hpc_rnaseq_production_results/2026-09-10/runs/SRR4035675/gene_counts.tsv.gz
SRR4035676	ELIGIBLE	eligible	/cephyr/users/mayoa/Vera/hpc_rnaseq_production_results/2026-09-10/runs/SRR4035676/gene_counts.tsv.gz
SRR4035677	ELIGIBLE	eligible	/cephyr/users/mayoa/Vera/hpc_rnaseq_production_results/2026-09-10/runs/SRR4035677/gene_counts.tsv.gz
SRR4035678	ELIGIBLE	eligible	/cephyr/users/mayoa/Vera/hpc_rnaseq_production_results/2026-09-10/runs/SRR4035678/gene_counts.tsv.gz
SRR4035679	ELIGIBLE	eligible	/cephyr/users/mayoa/Vera/hpc_rnaseq_production_results/2026-09-10/runs/SRR4035679/gene_counts.tsv.gz
SRR4035680	ELIGIBLE	eligible	/cephyr/users/mayoa/Vera/hpc_rnaseq_production_results/2026-09-10/runs/SRR4035680/gene_counts.tsv.gz
SRR4035681	ELIGIBLE	eligible	/cephyr/users/mayoa/Vera/hpc_rnaseq_production_results/2026-09-10/runs/SRR4035681/gene_counts.tsv.gz
SRR4035682	ELIGIBLE	eligible	/cephyr/users/mayoa/Vera/hpc_rnaseq_production_results/2026-09-10/runs/SRR4035682/gene_counts.tsv.gz
SRR5298325	ELIGIBLE	eligible	/cephyr/users/mayoa/Vera/hpc_rnaseq_production_results/2026-09-10/runs/SRR5298325/gene_counts.tsv.gz
SRR5358887	BLOCKED	excluded:specialized_RNA_assay	/cephyr/users/mayoa/Vera/hpc_rnaseq_production_results/2026-09-10/runs/SRR5358887/gene_counts.tsv.gz
SRR5358888	ELIGIBLE	eligible	/cephyr/users/mayoa/Vera/hpc_rnaseq_production_results/2026-09-10/runs/SRR5358888/gene_counts.tsv.gz
SRR5358889	BLOCKED	excluded:specialized_RNA_assay	/cephyr/users/mayoa/Vera/hpc_rnaseq_production_results/2026-09-10/runs/SRR5358889/gene_counts.tsv.gz
SRR5358890	ELIGIBLE	eligible	/cephyr/users/mayoa/Vera/hpc_rnaseq_production_results/2026-09-10/runs/SRR5358890/gene_counts.tsv.gz
SRR5409489	ELIGIBLE	eligible	/cephyr/users/mayoa/Vera/hpc_rnaseq_production_results/2026-09-10/runs/SRR5409489/gene_counts.tsv.gz
SRR5409490	ELIGIBLE	eligible	/cephyr/users/mayoa/Vera/hpc_rnaseq_production_results/2026-09-10/runs/SRR5409490/gene_counts.tsv.gz
SRR5409491	ELIGIBLE	eligible	/cephyr/users/mayoa/Vera/hpc_rnaseq_production_results/2026-09-10/runs/SRR5409491/gene_counts.tsv.gz
SRR5409492	ELIGIBLE	eligible	/cephyr/users/mayoa/Vera/hpc_rnaseq_production_results/2026-09-10/runs/SRR5409492/gene_counts.tsv.gz
SRR5812564	ELIGIBLE	eligible	/cephyr/users/mayoa/Vera/hpc_rnaseq_production_results/2026-09-10/runs/SRR5812564/gene_counts.tsv.gz
SRR5812565	ELIGIBLE	eligible	/cephyr/users/mayoa/Vera/hpc_rnaseq_production_results/2026-09-10/runs/SRR5812565/gene_counts.tsv.gz
SRR5812566	ELIGIBLE	eligible	/cephyr/users/mayoa/Vera/hpc_rnaseq_production_results/2026-09-10/runs/SRR5812566/gene_counts.tsv.gz
SRR5812567	ELIGIBLE	eligible	/cephyr/users/mayoa/Vera/hpc_rnaseq_production_results/2026-09-10/runs/SRR5812567/gene_counts.tsv.gz
SRR5812568	ELIGIBLE	eligible	/cephyr/users/mayoa/Vera/hpc_rnaseq_production_results/2026-09-10/runs/SRR5812568/gene_counts.tsv.gz
SRR5812569	ELIGIBLE	eligible	/cephyr/users/mayoa/Vera/hpc_rnaseq_production_results/2026-09-10/runs/SRR5812569/gene_counts.tsv.gz
SRR5812570	ELIGIBLE	eligible	/cephyr/users/mayoa/Vera/hpc_rnaseq_production_results/2026-09-10/runs/SRR5812570/gene_counts.tsv.gz
SRR5812571	ELIGIBLE	eligible	/cephyr/users/mayoa/Vera/hpc_rnaseq_production_results/2026-09-10/runs/SRR5812571/gene_counts.tsv.gz
SRR5812572	ELIGIBLE	eligible	/cephyr/users/mayoa/Vera/hpc_rnaseq_production_results/2026-09-10/runs/SRR5812572/gene_counts.tsv.gz
SRR5812573	ELIGIBLE	eligible	/cephyr/users/mayoa/Vera/hpc_rnaseq_production_results/2026-09-10/runs/SRR5812573/gene_counts.tsv.gz
SRR5812574	ELIGIBLE	eligible	/cephyr/users/mayoa/Vera/hpc_rnaseq_production_results/2026-09-10/runs/SRR5812574/gene_counts.tsv.gz
SRR5812575	ELIGIBLE	eligible	/cephyr/users/mayoa/Vera/hpc_rnaseq_production_results/2026-09-10/runs/SRR5812575/gene_counts.tsv.gz
SRR5812576	ELIGIBLE	eligible	/cephyr/users/mayoa/Vera/hpc_rnaseq_production_results/2026-09-10/runs/SRR5812576/gene_counts.tsv.gz
SRR5812577	ELIGIBLE	eligible	/cephyr/users/mayoa/Vera/hpc_rnaseq_production_results/2026-09-10/runs/SRR5812577/gene_counts.tsv.gz
SRR5812578	ELIGIBLE	eligible	/cephyr/users/mayoa/Vera/hpc_rnaseq_production_results/2026-09-10/runs/SRR5812578/gene_counts.tsv.gz
SRR5812579	ELIGIBLE	eligible	/cephyr/users/mayoa/Vera/hpc_rnaseq_production_results/2026-09-10/runs/SRR5812579/gene_counts.tsv.gz
SRR5812580	ELIGIBLE	eligible	/cephyr/users/mayoa/Vera/hpc_rnaseq_production_results/2026-09-10/runs/SRR5812580/gene_counts.tsv.gz
SRR5812581	ELIGIBLE	eligible	/cephyr/users/mayoa/Vera/hpc_rnaseq_production_results/2026-09-10/runs/SRR5812581/gene_counts.tsv.gz
SRR6232157	ELIGIBLE	eligible	/cephyr/users/mayoa/Vera/hpc_rnaseq_production_results/2026-09-10/runs/SRR6232157/gene_counts.tsv.gz
SRR6232300	ELIGIBLE	eligible	/cephyr/users/mayoa/Vera/hpc_rnaseq_production_results/2026-09-10/runs/SRR6232300/gene_counts.tsv.gz
SRR7421882	ELIGIBLE	eligible	/cephyr/users/mayoa/Vera/hpc_rnaseq_production_results/2026-09-10/runs/SRR7421882/gene_counts.tsv.gz
SRR7770742	ELIGIBLE	eligible	/cephyr/users/mayoa/Vera/hpc_rnaseq_production_results/2026-09-10/runs/SRR7770742/gene_counts.tsv.gz
SRR7770743	ELIGIBLE	eligible	/cephyr/users/mayoa/Vera/hpc_rnaseq_production_results/2026-09-10/runs/SRR7770743/gene_counts.tsv.gz
SRR7770744	ELIGIBLE	eligible	/cephyr/users/mayoa/Vera/hpc_rnaseq_production_results/2026-09-10/runs/SRR7770744/gene_counts.tsv.gz
SRR7770745	ELIGIBLE	eligible	/cephyr/users/mayoa/Vera/hpc_rnaseq_production_results/2026-09-10/runs/SRR7770745/gene_counts.tsv.gz
SRR7770746	ELIGIBLE	eligible	/cephyr/users/mayoa/Vera/hpc_rnaseq_production_results/2026-09-10/runs/SRR7770746/gene_counts.tsv.gz
SRR7770747	ELIGIBLE	eligible	/cephyr/users/mayoa/Vera/hpc_rnaseq_production_results/2026-09-10/runs/SRR7770747/gene_counts.tsv.gz
SRR7770748	ELIGIBLE	eligible	/cephyr/users/mayoa/Vera/hpc_rnaseq_production_results/2026-09-10/runs/SRR7770748/gene_counts.tsv.gz
SRR7770749	ELIGIBLE	eligible	/cephyr/users/mayoa/Vera/hpc_rnaseq_production_results/2026-09-10/runs/SRR7770749/gene_counts.tsv.gz
SRR7779168	ELIGIBLE	eligible	/cephyr/users/mayoa/Vera/hpc_rnaseq_production_results/2026-09-10/runs/SRR7779168/gene_counts.tsv.gz
SRR7779169	ELIGIBLE	eligible	/cephyr/users/mayoa/Vera/hpc_rnaseq_production_results/2026-09-10/runs/SRR7779169/gene_counts.tsv.gz
SRR7779170	ELIGIBLE	eligible	/cephyr/users/mayoa/Vera/hpc_rnaseq_production_results/2026-09-10/runs/SRR7779170/gene_counts.tsv.gz
SRR7779171	ELIGIBLE	eligible	/cephyr/users/mayoa/Vera/hpc_rnaseq_production_results/2026-09-10/runs/SRR7779171/gene_counts.tsv.gz
SRR7779172	ELIGIBLE	eligible	/cephyr/users/mayoa/Vera/hpc_rnaseq_production_results/2026-09-10/runs/SRR7779172/gene_counts.tsv.gz
SRR7779173	ELIGIBLE	eligible	/cephyr/users/mayoa/Vera/hpc_rnaseq_production_results/2026-09-10/runs/SRR7779173/gene_counts.tsv.gz
SRR7779174	ELIGIBLE	eligible	/cephyr/users/mayoa/Vera/hpc_rnaseq_production_results/2026-09-10/runs/SRR7779174/gene_counts.tsv.gz
SRR7779175	ELIGIBLE	eligible	/cephyr/users/mayoa/Vera/hpc_rnaseq_production_results/2026-09-10/runs/SRR7779175/gene_counts.tsv.gz
SRR7779176	ELIGIBLE	eligible	/cephyr/users/mayoa/Vera/hpc_rnaseq_production_results/2026-09-10/runs/SRR7779176/gene_counts.tsv.gz
SRR7779177	ELIGIBLE	eligible	/cephyr/users/mayoa/Vera/hpc_rnaseq_production_results/2026-09-10/runs/SRR7779177/gene_counts.tsv.gz
SRR7779178	ELIGIBLE	eligible	/cephyr/users/mayoa/Vera/hpc_rnaseq_production_results/2026-09-10/runs/SRR7779178/gene_counts.tsv.gz
SRR7779179	ELIGIBLE	eligible	/cephyr/users/mayoa/Vera/hpc_rnaseq_production_results/2026-09-10/runs/SRR7779179/gene_counts.tsv.gz
SRR7779180	ELIGIBLE	eligible	/cephyr/users/mayoa/Vera/hpc_rnaseq_production_results/2026-09-10/runs/SRR7779180/gene_counts.tsv.gz
SRR7779181	ELIGIBLE	eligible	/cephyr/users/mayoa/Vera/hpc_rnaseq_production_results/2026-09-10/runs/SRR7779181/gene_counts.tsv.gz
SRR7779182	ELIGIBLE	eligible	/cephyr/users/mayoa/Vera/hpc_rnaseq_production_results/2026-09-10/runs/SRR7779182/gene_counts.tsv.gz
SRR7779183	ELIGIBLE	eligible	/cephyr/users/mayoa/Vera/hpc_rnaseq_production_results/2026-09-10/runs/SRR7779183/gene_counts.tsv.gz
SRR7779184	ELIGIBLE	eligible	/cephyr/users/mayoa/Vera/hpc_rnaseq_production_results/2026-09-10/runs/SRR7779184/gene_counts.tsv.gz
SRR7779185	ELIGIBLE	eligible	/cephyr/users/mayoa/Vera/hpc_rnaseq_production_results/2026-09-10/runs/SRR7779185/gene_counts.tsv.gz
SRR7779186	ELIGIBLE	eligible	/cephyr/users/mayoa/Vera/hpc_rnaseq_production_results/2026-09-10/runs/SRR7779186/gene_counts.tsv.gz
SRR7779187	ELIGIBLE	eligible	/cephyr/users/mayoa/Vera/hpc_rnaseq_production_results/2026-09-10/runs/SRR7779187/gene_counts.tsv.gz
SRR7779188	ELIGIBLE	eligible	/cephyr/users/mayoa/Vera/hpc_rnaseq_production_results/2026-09-10/runs/SRR7779188/gene_counts.tsv.gz
SRR7779189	ELIGIBLE	eligible	/cephyr/users/mayoa/Vera/hpc_rnaseq_production_results/2026-09-10/runs/SRR7779189/gene_counts.tsv.gz
SRR7779190	ELIGIBLE	eligible	/cephyr/users/mayoa/Vera/hpc_rnaseq_production_results/2026-09-10/runs/SRR7779190/gene_counts.tsv.gz
SRR7779191	ELIGIBLE	eligible	/cephyr/users/mayoa/Vera/hpc_rnaseq_production_results/2026-09-10/runs/SRR7779191/gene_counts.tsv.gz
SRR7779192	ELIGIBLE	eligible	/cephyr/users/mayoa/Vera/hpc_rnaseq_production_results/2026-09-10/runs/SRR7779192/gene_counts.tsv.gz
SRR7779193	ELIGIBLE	eligible	/cephyr/users/mayoa/Vera/hpc_rnaseq_production_results/2026-09-10/runs/SRR7779193/gene_counts.tsv.gz
SRR7779194	ELIGIBLE	eligible	/cephyr/users/mayoa/Vera/hpc_rnaseq_production_results/2026-09-10/runs/SRR7779194/gene_counts.tsv.gz
SRR7779195	ELIGIBLE	eligible	/cephyr/users/mayoa/Vera/hpc_rnaseq_production_results/2026-09-10/runs/SRR7779195/gene_counts.tsv.gz
SRR7779196	ELIGIBLE	eligible	/cephyr/users/mayoa/Vera/hpc_rnaseq_production_results/2026-09-10/runs/SRR7779196/gene_counts.tsv.gz
SRR7779197	ELIGIBLE	eligible	/cephyr/users/mayoa/Vera/hpc_rnaseq_production_results/2026-09-10/runs/SRR7779197/gene_counts.tsv.gz
SRR7779198	ELIGIBLE	eligible	/cephyr/users/mayoa/Vera/hpc_rnaseq_production_results/2026-09-10/runs/SRR7779198/gene_counts.tsv.gz
SRR7779199	ELIGIBLE	eligible	/cephyr/users/mayoa/Vera/hpc_rnaseq_production_results/2026-09-10/runs/SRR7779199/gene_counts.tsv.gz
SRR7779200	ELIGIBLE	eligible	/cephyr/users/mayoa/Vera/hpc_rnaseq_production_results/2026-09-10/runs/SRR7779200/gene_counts.tsv.gz
SRR7779201	ELIGIBLE	eligible	/cephyr/users/mayoa/Vera/hpc_rnaseq_production_results/2026-09-10/runs/SRR7779201/gene_counts.tsv.gz
SRR7779202	ELIGIBLE	eligible	/cephyr/users/mayoa/Vera/hpc_rnaseq_production_results/2026-09-10/runs/SRR7779202/gene_counts.tsv.gz
SRR7779203	ELIGIBLE	eligible	/cephyr/users/mayoa/Vera/hpc_rnaseq_production_results/2026-09-10/runs/SRR7779203/gene_counts.tsv.gz
SRR8165621	ELIGIBLE	eligible	/cephyr/users/mayoa/Vera/hpc_rnaseq_production_results/2026-09-10/runs/SRR8165621/gene_counts.tsv.gz
SRR8165622	ELIGIBLE	eligible	/cephyr/users/mayoa/Vera/hpc_rnaseq_production_results/2026-09-10/runs/SRR8165622/gene_counts.tsv.gz
SRR8165623	ELIGIBLE	eligible	/cephyr/users/mayoa/Vera/hpc_rnaseq_production_results/2026-09-10/runs/SRR8165623/gene_counts.tsv.gz
SRR8165624	ELIGIBLE	eligible	/cephyr/users/mayoa/Vera/hpc_rnaseq_production_results/2026-09-10/runs/SRR8165624/gene_counts.tsv.gz
SRR8165625	ELIGIBLE	eligible	/cephyr/users/mayoa/Vera/hpc_rnaseq_production_results/2026-09-10/runs/SRR8165625/gene_counts.tsv.gz
SRR8165626	ELIGIBLE	eligible	/cephyr/users/mayoa/Vera/hpc_rnaseq_production_results/2026-09-10/runs/SRR8165626/gene_counts.tsv.gz
SRR8165627	ELIGIBLE	eligible	/cephyr/users/mayoa/Vera/hpc_rnaseq_production_results/2026-09-10/runs/SRR8165627/gene_counts.tsv.gz
SRR8165628	ELIGIBLE	eligible	/cephyr/users/mayoa/Vera/hpc_rnaseq_production_results/2026-09-10/runs/SRR8165628/gene_counts.tsv.gz
SRR8165629	ELIGIBLE	eligible	/cephyr/users/mayoa/Vera/hpc_rnaseq_production_results/2026-09-10/runs/SRR8165629/gene_counts.tsv.gz
SRR8165630	ELIGIBLE	eligible	/cephyr/users/mayoa/Vera/hpc_rnaseq_production_results/2026-09-10/runs/SRR8165630/gene_counts.tsv.gz
SRR8165633	ELIGIBLE	eligible	/cephyr/users/mayoa/Vera/hpc_rnaseq_production_results/2026-09-10/runs/SRR8165633/gene_counts.tsv.gz
SRR8165636	ELIGIBLE	eligible	/cephyr/users/mayoa/Vera/hpc_rnaseq_production_results/2026-09-10/runs/SRR8165636/gene_counts.tsv.gz
SRR8165637	ELIGIBLE	eligible	/cephyr/users/mayoa/Vera/hpc_rnaseq_production_results/2026-09-10/runs/SRR8165637/gene_counts.tsv.gz
SRR8165651	ELIGIBLE	eligible	/cephyr/users/mayoa/Vera/hpc_rnaseq_production_results/2026-09-10/runs/SRR8165651/gene_counts.tsv.gz
SRR8165652	ELIGIBLE	eligible	/cephyr/users/mayoa/Vera/hpc_rnaseq_production_results/2026-09-10/runs/SRR8165652/gene_counts.tsv.gz
SRR8165653	ELIGIBLE	eligible	/cephyr/users/mayoa/Vera/hpc_rnaseq_production_results/2026-09-10/runs/SRR8165653/gene_counts.tsv.gz
SRR8165655	ELIGIBLE	eligible	/cephyr/users/mayoa/Vera/hpc_rnaseq_production_results/2026-09-10/runs/SRR8165655/gene_counts.tsv.gz
SRR8165656	ELIGIBLE	eligible	/cephyr/users/mayoa/Vera/hpc_rnaseq_production_results/2026-09-10/runs/SRR8165656/gene_counts.tsv.gz
SRR8165658	ELIGIBLE	eligible	/cephyr/users/mayoa/Vera/hpc_rnaseq_production_results/2026-09-10/runs/SRR8165658/gene_counts.tsv.gz
SRR8165660	ELIGIBLE	eligible	/cephyr/users/mayoa/Vera/hpc_rnaseq_production_results/2026-09-10/runs/SRR8165660/gene_counts.tsv.gz
SRR8165661	ELIGIBLE	eligible	/cephyr/users/mayoa/Vera/hpc_rnaseq_production_results/2026-09-10/runs/SRR8165661/gene_counts.tsv.gz
SRR8165662	ELIGIBLE	eligible	/cephyr/users/mayoa/Vera/hpc_rnaseq_production_results/2026-09-10/runs/SRR8165662/gene_counts.tsv.gz
SRR8165663	ELIGIBLE	eligible	/cephyr/users/mayoa/Vera/hpc_rnaseq_production_results/2026-09-10/runs/SRR8165663/gene_counts.tsv.gz
SRR8165664	ELIGIBLE	eligible	/cephyr/users/mayoa/Vera/hpc_rnaseq_production_results/2026-09-10/runs/SRR8165664/gene_counts.tsv.gz
SRR8165665	ELIGIBLE	eligible	/cephyr/users/mayoa/Vera/hpc_rnaseq_production_results/2026-09-10/runs/SRR8165665/gene_counts.tsv.gz
SRR8165666	ELIGIBLE	eligible	/cephyr/users/mayoa/Vera/hpc_rnaseq_production_results/2026-09-10/runs/SRR8165666/gene_counts.tsv.gz
SRR8165667	ELIGIBLE	eligible	/cephyr/users/mayoa/Vera/hpc_rnaseq_production_results/2026-09-10/runs/SRR8165667/gene_counts.tsv.gz
SRR8165668	ELIGIBLE	eligible	/cephyr/users/mayoa/Vera/hpc_rnaseq_production_results/2026-09-10/runs/SRR8165668/gene_counts.tsv.gz
SRR8165670	ELIGIBLE	eligible	/cephyr/users/mayoa/Vera/hpc_rnaseq_production_results/2026-09-10/runs/SRR8165670/gene_counts.tsv.gz
SRR8165671	ELIGIBLE	eligible	/cephyr/users/mayoa/Vera/hpc_rnaseq_production_results/2026-09-10/runs/SRR8165671/gene_counts.tsv.gz
SRR8165675	ELIGIBLE	eligible	/cephyr/users/mayoa/Vera/hpc_rnaseq_production_results/2026-09-10/runs/SRR8165675/gene_counts.tsv.gz
SRR8165677	ELIGIBLE	eligible	/cephyr/users/mayoa/Vera/hpc_rnaseq_production_results/2026-09-10/runs/SRR8165677/gene_counts.tsv.gz
SRR8165678	ELIGIBLE	eligible	/cephyr/users/mayoa/Vera/hpc_rnaseq_production_results/2026-09-10/runs/SRR8165678/gene_counts.tsv.gz
SRR8165679	ELIGIBLE	eligible	/cephyr/users/mayoa/Vera/hpc_rnaseq_production_results/2026-09-10/runs/SRR8165679/gene_counts.tsv.gz
SRR8165680	ELIGIBLE	eligible	/cephyr/users/mayoa/Vera/hpc_rnaseq_production_results/2026-09-10/runs/SRR8165680/gene_counts.tsv.gz
SRR8165681	ELIGIBLE	eligible	/cephyr/users/mayoa/Vera/hpc_rnaseq_production_results/2026-09-10/runs/SRR8165681/gene_counts.tsv.gz
SRR8165682	ELIGIBLE	eligible	/cephyr/users/mayoa/Vera/hpc_rnaseq_production_results/2026-09-10/runs/SRR8165682/gene_counts.tsv.gz
SRR8165683	ELIGIBLE	eligible	/cephyr/users/mayoa/Vera/hpc_rnaseq_production_results/2026-09-10/runs/SRR8165683/gene_counts.tsv.gz
SRR8165684	ELIGIBLE	eligible	/cephyr/users/mayoa/Vera/hpc_rnaseq_production_results/2026-09-10/runs/SRR8165684/gene_counts.tsv.gz
SRR9137503	ELIGIBLE	eligible	/cephyr/users/mayoa/Vera/hpc_rnaseq_production_results/2026-09-10/runs/SRR9137503/gene_counts.tsv.gz
SRR9137504	ELIGIBLE	eligible	/cephyr/users/mayoa/Vera/hpc_rnaseq_production_results/2026-09-10/runs/SRR9137504/gene_counts.tsv.gz
SRR9137505	ELIGIBLE	eligible	/cephyr/users/mayoa/Vera/hpc_rnaseq_production_results/2026-09-10/runs/SRR9137505/gene_counts.tsv.gz
SRR9137506	ELIGIBLE	eligible	/cephyr/users/mayoa/Vera/hpc_rnaseq_production_results/2026-09-10/runs/SRR9137506/gene_counts.tsv.gz
SRR9137507	ELIGIBLE	eligible	/cephyr/users/mayoa/Vera/hpc_rnaseq_production_results/2026-09-10/runs/SRR9137507/gene_counts.tsv.gz
SRR9137508	ELIGIBLE	eligible	/cephyr/users/mayoa/Vera/hpc_rnaseq_production_results/2026-09-10/runs/SRR9137508/gene_counts.tsv.gz
SRR9137509	ELIGIBLE	eligible	/cephyr/users/mayoa/Vera/hpc_rnaseq_production_results/2026-09-10/runs/SRR9137509/gene_counts.tsv.gz
SRR9137510	ELIGIBLE	eligible	/cephyr/users/mayoa/Vera/hpc_rnaseq_production_results/2026-09-10/runs/SRR9137510/gene_counts.tsv.gz
SRR9151757	ELIGIBLE	eligible	/cephyr/users/mayoa/Vera/hpc_rnaseq_production_results/2026-09-10/runs/SRR9151757/gene_counts.tsv.gz
SRR9151758	ELIGIBLE	eligible	/cephyr/users/mayoa/Vera/hpc_rnaseq_production_results/2026-09-10/runs/SRR9151758/gene_counts.tsv.gz
SRR9151759	ELIGIBLE	eligible	/cephyr/users/mayoa/Vera/hpc_rnaseq_production_results/2026-09-10/runs/SRR9151759/gene_counts.tsv.gz
SRR9151760	ELIGIBLE	eligible	/cephyr/users/mayoa/Vera/hpc_rnaseq_production_results/2026-09-10/runs/SRR9151760/gene_counts.tsv.gz
SRR9151761	ELIGIBLE	eligible	/cephyr/users/mayoa/Vera/hpc_rnaseq_production_results/2026-09-10/runs/SRR9151761/gene_counts.tsv.gz
SRR9151762	ELIGIBLE	eligible	/cephyr/users/mayoa/Vera/hpc_rnaseq_production_results/2026-09-10/runs/SRR9151762/gene_counts.tsv.gz
SRR9151763	ELIGIBLE	eligible	/cephyr/users/mayoa/Vera/hpc_rnaseq_production_results/2026-09-10/runs/SRR9151763/gene_counts.tsv.gz
SRR9151764	ELIGIBLE	eligible	/cephyr/users/mayoa/Vera/hpc_rnaseq_production_results/2026-09-10/runs/SRR9151764/gene_counts.tsv.gz
SRR9151765	ELIGIBLE	eligible	/cephyr/users/mayoa/Vera/hpc_rnaseq_production_results/2026-09-10/runs/SRR9151765/gene_counts.tsv.gz
SRR9151766	ELIGIBLE	eligible	/cephyr/users/mayoa/Vera/hpc_rnaseq_production_results/2026-09-10/runs/SRR9151766/gene_counts.tsv.gz
SRR9151767	ELIGIBLE	eligible	/cephyr/users/mayoa/Vera/hpc_rnaseq_production_results/2026-09-10/runs/SRR9151767/gene_counts.tsv.gz
SRR9151768	ELIGIBLE	eligible	/cephyr/users/mayoa/Vera/hpc_rnaseq_production_results/2026-09-10/runs/SRR9151768/gene_counts.tsv.gz
SRR9620991	ELIGIBLE	eligible	/cephyr/users/mayoa/Vera/hpc_rnaseq_production_results/2026-09-10/runs/SRR9620991/gene_counts.tsv.gz
SRR9620992	ELIGIBLE	eligible	/cephyr/users/mayoa/Vera/hpc_rnaseq_production_results/2026-09-10/runs/SRR9620992/gene_counts.tsv.gz
SRR9620993	ELIGIBLE	eligible	/cephyr/users/mayoa/Vera/hpc_rnaseq_production_results/2026-09-10/runs/SRR9620993/gene_counts.tsv.gz
SRR9620994	ELIGIBLE	eligible	/cephyr/users/mayoa/Vera/hpc_rnaseq_production_results/2026-09-10/runs/SRR9620994/gene_counts.tsv.gz
SRR9620995	ELIGIBLE	eligible	/cephyr/users/mayoa/Vera/hpc_rnaseq_production_results/2026-09-10/runs/SRR9620995/gene_counts.tsv.gz
SRR9620996	ELIGIBLE	eligible	/cephyr/users/mayoa/Vera/hpc_rnaseq_production_results/2026-09-10/runs/SRR9620996/gene_counts.tsv.gz
SRR9620997	ELIGIBLE	eligible	/cephyr/users/mayoa/Vera/hpc_rnaseq_production_results/2026-09-10/runs/SRR9620997/gene_counts.tsv.gz
SRR9620998	ELIGIBLE	eligible	/cephyr/users/mayoa/Vera/hpc_rnaseq_production_results/2026-09-10/runs/SRR9620998/gene_counts.tsv.gz
SRR9620999	ELIGIBLE	eligible	/cephyr/users/mayoa/Vera/hpc_rnaseq_production_results/2026-09-10/runs/SRR9620999/gene_counts.tsv.gz
SRR9621000	ELIGIBLE	eligible	/cephyr/users/mayoa/Vera/hpc_rnaseq_production_results/2026-09-10/runs/SRR9621000/gene_counts.tsv.gz
SRR9621001	ELIGIBLE	eligible	/cephyr/users/mayoa/Vera/hpc_rnaseq_production_results/2026-09-10/runs/SRR9621001/gene_counts.tsv.gz
SRR9621002	ELIGIBLE	eligible	/cephyr/users/mayoa/Vera/hpc_rnaseq_production_results/2026-09-10/runs/SRR9621002/gene_counts.tsv.gz
SRR9621003	ELIGIBLE	eligible	/cephyr/users/mayoa/Vera/hpc_rnaseq_production_results/2026-09-10/runs/SRR9621003/gene_counts.tsv.gz
SRR9621004	ELIGIBLE	eligible	/cephyr/users/mayoa/Vera/hpc_rnaseq_production_results/2026-09-10/runs/SRR9621004/gene_counts.tsv.gz
SRR9621005	ELIGIBLE	eligible	/cephyr/users/mayoa/Vera/hpc_rnaseq_production_results/2026-09-10/runs/SRR9621005/gene_counts.tsv.gz
SRR9621006	ELIGIBLE	eligible	/cephyr/users/mayoa/Vera/hpc_rnaseq_production_results/2026-09-10/runs/SRR9621006/gene_counts.tsv.gz
SRR9621007	ELIGIBLE	eligible	/cephyr/users/mayoa/Vera/hpc_rnaseq_production_results/2026-09-10/runs/SRR9621007/gene_counts.tsv.gz
SRR9621008	ELIGIBLE	eligible	/cephyr/users/mayoa/Vera/hpc_rnaseq_production_results/2026-09-10/runs/SRR9621008/gene_counts.tsv.gz
SRR9621009	ELIGIBLE	eligible	/cephyr/users/mayoa/Vera/hpc_rnaseq_production_results/2026-09-10/runs/SRR9621009/gene_counts.tsv.gz
SRR9621010	ELIGIBLE	eligible	/cephyr/users/mayoa/Vera/hpc_rnaseq_production_results/2026-09-10/runs/SRR9621010/gene_counts.tsv.gz
SRR9621011	ELIGIBLE	eligible	/cephyr/users/mayoa/Vera/hpc_rnaseq_production_results/2026-09-10/runs/SRR9621011/gene_counts.tsv.gz
SRR9621012	ELIGIBLE	eligible	/cephyr/users/mayoa/Vera/hpc_rnaseq_production_results/2026-09-10/runs/SRR9621012/gene_counts.tsv.gz
SRR9621013	ELIGIBLE	eligible	/cephyr/users/mayoa/Vera/hpc_rnaseq_production_results/2026-09-10/runs/SRR9621013/gene_counts.tsv.gz
SRR9621014	ELIGIBLE	eligible	/cephyr/users/mayoa/Vera/hpc_rnaseq_production_results/2026-09-10/runs/SRR9621014/gene_counts.tsv.gz
SRR9621015	ELIGIBLE	eligible	/cephyr/users/mayoa/Vera/hpc_rnaseq_production_results/2026-09-10/runs/SRR9621015/gene_counts.tsv.gz
SRR9621016	ELIGIBLE	eligible	/cephyr/users/mayoa/Vera/hpc_rnaseq_production_results/2026-09-10/runs/SRR9621016/gene_counts.tsv.gz
SRR9621017	ELIGIBLE	eligible	/cephyr/users/mayoa/Vera/hpc_rnaseq_production_results/2026-09-10/runs/SRR9621017/gene_counts.tsv.gz
SRR9621018	ELIGIBLE	eligible	/cephyr/users/mayoa/Vera/hpc_rnaseq_production_results/2026-09-10/runs/SRR9621018/gene_counts.tsv.gz
SRR9621019	ELIGIBLE	eligible	/cephyr/users/mayoa/Vera/hpc_rnaseq_production_results/2026-09-10/runs/SRR9621019/gene_counts.tsv.gz
SRR9621020	ELIGIBLE	eligible	/cephyr/users/mayoa/Vera/hpc_rnaseq_production_results/2026-09-10/runs/SRR9621020/gene_counts.tsv.gz
SRR9621021	ELIGIBLE	eligible	/cephyr/users/mayoa/Vera/hpc_rnaseq_production_results/2026-09-10/runs/SRR9621021/gene_counts.tsv.gz
SRR9621022	ELIGIBLE	eligible	/cephyr/users/mayoa/Vera/hpc_rnaseq_production_results/2026-09-10/runs/SRR9621022/gene_counts.tsv.gz
SRR9621023	ELIGIBLE	eligible	/cephyr/users/mayoa/Vera/hpc_rnaseq_production_results/2026-09-10/runs/SRR9621023/gene_counts.tsv.gz
SRR9621024	ELIGIBLE	eligible	/cephyr/users/mayoa/Vera/hpc_rnaseq_production_results/2026-09-10/runs/SRR9621024/gene_counts.tsv.gz
SRR9621025	ELIGIBLE	eligible	/cephyr/users/mayoa/Vera/hpc_rnaseq_production_results/2026-09-10/runs/SRR9621025/gene_counts.tsv.gz
SRR9621026	ELIGIBLE	eligible	/cephyr/users/mayoa/Vera/hpc_rnaseq_production_results/2026-09-10/runs/SRR9621026/gene_counts.tsv.gz
SRR9621027	ELIGIBLE	eligible	/cephyr/users/mayoa/Vera/hpc_rnaseq_production_results/2026-09-10/runs/SRR9621027/gene_counts.tsv.gz
SRR9621028	ELIGIBLE	eligible	/cephyr/users/mayoa/Vera/hpc_rnaseq_production_results/2026-09-10/runs/SRR9621028/gene_counts.tsv.gz
SRR9621029	ELIGIBLE	eligible	/cephyr/users/mayoa/Vera/hpc_rnaseq_production_results/2026-09-10/runs/SRR9621029/gene_counts.tsv.gz
SRR9621030	ELIGIBLE	eligible	/cephyr/users/mayoa/Vera/hpc_rnaseq_production_results/2026-09-10/runs/SRR9621030/gene_counts.tsv.gz
SRR9621031	ELIGIBLE	eligible	/cephyr/users/mayoa/Vera/hpc_rnaseq_production_results/2026-09-10/runs/SRR9621031/gene_counts.tsv.gz
SRR9621032	ELIGIBLE	eligible	/cephyr/users/mayoa/Vera/hpc_rnaseq_production_results/2026-09-10/runs/SRR9621032/gene_counts.tsv.gz
SRR9621033	ELIGIBLE	eligible	/cephyr/users/mayoa/Vera/hpc_rnaseq_production_results/2026-09-10/runs/SRR9621033/gene_counts.tsv.gz
SRR9621034	ELIGIBLE	eligible	/cephyr/users/mayoa/Vera/hpc_rnaseq_production_results/2026-09-10/runs/SRR9621034/gene_counts.tsv.gz
SRR9621035	ELIGIBLE	eligible	/cephyr/users/mayoa/Vera/hpc_rnaseq_production_results/2026-09-10/runs/SRR9621035/gene_counts.tsv.gz
SRR9621036	ELIGIBLE	eligible	/cephyr/users/mayoa/Vera/hpc_rnaseq_production_results/2026-09-10/runs/SRR9621036/gene_counts.tsv.gz
SRR9621037	ELIGIBLE	eligible	/cephyr/users/mayoa/Vera/hpc_rnaseq_production_results/2026-09-10/runs/SRR9621037/gene_counts.tsv.gz
SRR9621038	ELIGIBLE	eligible	/cephyr/users/mayoa/Vera/hpc_rnaseq_production_results/2026-09-10/runs/SRR9621038/gene_counts.tsv.gz
SRR9621039	ELIGIBLE	eligible	/cephyr/users/mayoa/Vera/hpc_rnaseq_production_results/2026-09-10/runs/SRR9621039/gene_counts.tsv.gz
SRR9621040	ELIGIBLE	eligible	/cephyr/users/mayoa/Vera/hpc_rnaseq_production_results/2026-09-10/runs/SRR9621040/gene_counts.tsv.gz
SRR9621041	ELIGIBLE	eligible	/cephyr/users/mayoa/Vera/hpc_rnaseq_production_results/2026-09-10/runs/SRR9621041/gene_counts.tsv.gz
SRR9621042	ELIGIBLE	eligible	/cephyr/users/mayoa/Vera/hpc_rnaseq_production_results/2026-09-10/runs/SRR9621042/gene_counts.tsv.gz
SRR9621043	ELIGIBLE	eligible	/cephyr/users/mayoa/Vera/hpc_rnaseq_production_results/2026-09-10/runs/SRR9621043/gene_counts.tsv.gz
SRR9621044	ELIGIBLE	eligible	/cephyr/users/mayoa/Vera/hpc_rnaseq_production_results/2026-09-10/runs/SRR9621044/gene_counts.tsv.gz
SRR9621045	ELIGIBLE	eligible	/cephyr/users/mayoa/Vera/hpc_rnaseq_production_results/2026-09-10/runs/SRR9621045/gene_counts.tsv.gz
SRR9621046	ELIGIBLE	eligible	/cephyr/users/mayoa/Vera/hpc_rnaseq_production_results/2026-09-10/runs/SRR9621046/gene_counts.tsv.gz
SRR9621047	ELIGIBLE	eligible	/cephyr/users/mayoa/Vera/hpc_rnaseq_production_results/2026-09-10/runs/SRR9621047/gene_counts.tsv.gz
SRR9621048	ELIGIBLE	eligible	/cephyr/users/mayoa/Vera/hpc_rnaseq_production_results/2026-09-10/runs/SRR9621048/gene_counts.tsv.gz
SRR9621049	ELIGIBLE	eligible	/cephyr/users/mayoa/Vera/hpc_rnaseq_production_results/2026-09-10/runs/SRR9621049/gene_counts.tsv.gz
SRR9621050	ELIGIBLE	eligible	/cephyr/users/mayoa/Vera/hpc_rnaseq_production_results/2026-09-10/runs/SRR9621050/gene_counts.tsv.gz
SRR9621051	ELIGIBLE	eligible	/cephyr/users/mayoa/Vera/hpc_rnaseq_production_results/2026-09-10/runs/SRR9621051/gene_counts.tsv.gz
SRR9621052	ELIGIBLE	eligible	/cephyr/users/mayoa/Vera/hpc_rnaseq_production_results/2026-09-10/runs/SRR9621052/gene_counts.tsv.gz
SRR9621053	ELIGIBLE	eligible	/cephyr/users/mayoa/Vera/hpc_rnaseq_production_results/2026-09-10/runs/SRR9621053/gene_counts.tsv.gz
SRR9621054	ELIGIBLE	eligible	/cephyr/users/mayoa/Vera/hpc_rnaseq_production_results/2026-09-10/runs/SRR9621054/gene_counts.tsv.gz
SRR9621055	ELIGIBLE	eligible	/cephyr/users/mayoa/Vera/hpc_rnaseq_production_results/2026-09-10/runs/SRR9621055/gene_counts.tsv.gz
SRR9621056	ELIGIBLE	eligible	/cephyr/users/mayoa/Vera/hpc_rnaseq_production_results/2026-09-10/runs/SRR9621056/gene_counts.tsv.gz
SRR9621057	ELIGIBLE	eligible	/cephyr/users/mayoa/Vera/hpc_rnaseq_production_results/2026-09-10/runs/SRR9621057/gene_counts.tsv.gz
SRR9621058	ELIGIBLE	eligible	/cephyr/users/mayoa/Vera/hpc_rnaseq_production_results/2026-09-10/runs/SRR9621058/gene_counts.tsv.gz
SRR9621059	ELIGIBLE	eligible	/cephyr/users/mayoa/Vera/hpc_rnaseq_production_results/2026-09-10/runs/SRR9621059/gene_counts.tsv.gz
SRR9621060	ELIGIBLE	eligible	/cephyr/users/mayoa/Vera/hpc_rnaseq_production_results/2026-09-10/runs/SRR9621060/gene_counts.tsv.gz
SRR9621061	ELIGIBLE	eligible	/cephyr/users/mayoa/Vera/hpc_rnaseq_production_results/2026-09-10/runs/SRR9621061/gene_counts.tsv.gz
SRR9621062	ELIGIBLE	eligible	/cephyr/users/mayoa/Vera/hpc_rnaseq_production_results/2026-09-10/runs/SRR9621062/gene_counts.tsv.gz
SRR9621063	ELIGIBLE	eligible	/cephyr/users/mayoa/Vera/hpc_rnaseq_production_results/2026-09-10/runs/SRR9621063/gene_counts.tsv.gz
SRR9621064	ELIGIBLE	eligible	/cephyr/users/mayoa/Vera/hpc_rnaseq_production_results/2026-09-10/runs/SRR9621064/gene_counts.tsv.gz
SRR9621065	ELIGIBLE	eligible	/cephyr/users/mayoa/Vera/hpc_rnaseq_production_results/2026-09-10/runs/SRR9621065/gene_counts.tsv.gz
SRR9621066	ELIGIBLE	eligible	/cephyr/users/mayoa/Vera/hpc_rnaseq_production_results/2026-09-10/runs/SRR9621066/gene_counts.tsv.gz
SRR9621067	ELIGIBLE	eligible	/cephyr/users/mayoa/Vera/hpc_rnaseq_production_results/2026-09-10/runs/SRR9621067/gene_counts.tsv.gz
SRR9621068	ELIGIBLE	eligible	/cephyr/users/mayoa/Vera/hpc_rnaseq_production_results/2026-09-10/runs/SRR9621068/gene_counts.tsv.gz
SRR9621069	ELIGIBLE	eligible	/cephyr/users/mayoa/Vera/hpc_rnaseq_production_results/2026-09-10/runs/SRR9621069/gene_counts.tsv.gz
SRR9621070	ELIGIBLE	eligible	/cephyr/users/mayoa/Vera/hpc_rnaseq_production_results/2026-09-10/runs/SRR9621070/gene_counts.tsv.gz
SRR9621071	ELIGIBLE	eligible	/cephyr/users/mayoa/Vera/hpc_rnaseq_production_results/2026-09-10/runs/SRR9621071/gene_counts.tsv.gz
SRR9621072	ELIGIBLE	eligible	/cephyr/users/mayoa/Vera/hpc_rnaseq_production_results/2026-09-10/runs/SRR9621072/gene_counts.tsv.gz
SRR9621073	ELIGIBLE	eligible	/cephyr/users/mayoa/Vera/hpc_rnaseq_production_results/2026-09-10/runs/SRR9621073/gene_counts.tsv.gz
SRR9621074	ELIGIBLE	eligible	/cephyr/users/mayoa/Vera/hpc_rnaseq_production_results/2026-09-10/runs/SRR9621074/gene_counts.tsv.gz
SRR9621075	ELIGIBLE	eligible	/cephyr/users/mayoa/Vera/hpc_rnaseq_production_results/2026-09-10/runs/SRR9621075/gene_counts.tsv.gz
SRR9621076	ELIGIBLE	eligible	/cephyr/users/mayoa/Vera/hpc_rnaseq_production_results/2026-09-10/runs/SRR9621076/gene_counts.tsv.gz
SRR9621077	ELIGIBLE	eligible	/cephyr/users/mayoa/Vera/hpc_rnaseq_production_results/2026-09-10/runs/SRR9621077/gene_counts.tsv.gz
SRR9621078	ELIGIBLE	eligible	/cephyr/users/mayoa/Vera/hpc_rnaseq_production_results/2026-09-10/runs/SRR9621078/gene_counts.tsv.gz
SRR9621079	ELIGIBLE	eligible	/cephyr/users/mayoa/Vera/hpc_rnaseq_production_results/2026-09-10/runs/SRR9621079/gene_counts.tsv.gz
SRR9621080	ELIGIBLE	eligible	/cephyr/users/mayoa/Vera/hpc_rnaseq_production_results/2026-09-10/runs/SRR9621080/gene_counts.tsv.gz
SRR9621081	ELIGIBLE	eligible	/cephyr/users/mayoa/Vera/hpc_rnaseq_production_results/2026-09-10/runs/SRR9621081/gene_counts.tsv.gz
SRR9621082	ELIGIBLE	eligible	/cephyr/users/mayoa/Vera/hpc_rnaseq_production_results/2026-09-10/runs/SRR9621082/gene_counts.tsv.gz
SRR9621083	ELIGIBLE	eligible	/cephyr/users/mayoa/Vera/hpc_rnaseq_production_results/2026-09-10/runs/SRR9621083/gene_counts.tsv.gz
SRR9621084	ELIGIBLE	eligible	/cephyr/users/mayoa/Vera/hpc_rnaseq_production_results/2026-09-10/runs/SRR9621084/gene_counts.tsv.gz
SRR9621085	ELIGIBLE	eligible	/cephyr/users/mayoa/Vera/hpc_rnaseq_production_results/2026-09-10/runs/SRR9621085/gene_counts.tsv.gz
SRR9621086	ELIGIBLE	eligible	/cephyr/users/mayoa/Vera/hpc_rnaseq_production_results/2026-09-10/runs/SRR9621086/gene_counts.tsv.gz
SRR9703434	ELIGIBLE	eligible	/cephyr/users/mayoa/Vera/hpc_rnaseq_production_results/2026-09-10/runs/SRR9703434/gene_counts.tsv.gz
SRR9703435	ELIGIBLE	eligible	/cephyr/users/mayoa/Vera/hpc_rnaseq_production_results/2026-09-10/runs/SRR9703435/gene_counts.tsv.gz
SRR9703436	ELIGIBLE	eligible	/cephyr/users/mayoa/Vera/hpc_rnaseq_production_results/2026-09-10/runs/SRR9703436/gene_counts.tsv.gz
SRR9846909	ELIGIBLE	eligible	/cephyr/users/mayoa/Vera/hpc_rnaseq_production_results/2026-09-10/runs/SRR9846909/gene_counts.tsv.gz
SRR9846910	ELIGIBLE	eligible	/cephyr/users/mayoa/Vera/hpc_rnaseq_production_results/2026-09-10/runs/SRR9846910/gene_counts.tsv.gz
SRR9846911	ELIGIBLE	eligible	/cephyr/users/mayoa/Vera/hpc_rnaseq_production_results/2026-09-10/runs/SRR9846911/gene_counts.tsv.gz
SRR9846912	ELIGIBLE	eligible	/cephyr/users/mayoa/Vera/hpc_rnaseq_production_results/2026-09-10/runs/SRR9846912/gene_counts.tsv.gz
