run_accession	study_accession	experiment_accession	sample_accession	proposed_action	hard_categories	hard_evidence	study_context_categories	bulk_evidence_fields	study_title	sample_title	experiment_title	library_selection
DRR091440	PRJDB5737	DRX085010	SAMD00079372	NO_FLAG					Phenobarbital exposed CHO-K1 cells	2.5 mM to 0 mM phenobarbital exposed CHO-K1 cells	Illumina HiSeq 2000 sequencing: Illumina HiSeq 2000 sequencing of SAMD00079372	PolyA
DRR093875	PRJDB5831	DRX087371	SAMD00082623	NO_FLAG					CHO-DG44	CHO-DG44 lgG3SC39	Illumina HiSeq 2000 paired end sequencing: Illumina HiSeq 2000 paired end sequencing of SAMD00082623	PolyA
DRR096596	PRJDB5897	DRX090092	SAMD00084267	NO_FLAG					Polyploid CHO cells	SC20m	NextSeq 500 sequencing: NextSeq 500 sequencing of SAMD00084267	PolyA
DRR096599	PRJDB5897	DRX090095	SAMD00084270	NO_FLAG					Polyploid CHO cells	SC39t	NextSeq 500 sequencing: NextSeq 500 sequencing of SAMD00084270	RANDOM
DRR099453	PRJDB6126	DRX092931	SAMD00089406	NO_FLAG					Transcriptome of cultured CHO-S cells	Chinese Hamster Ovary (CHO-S) cells, 3 days in culture, time lag from harvesting cells to protecting RNA: 15 min, technical replicate: 1	NextSeq 500 sequencing: NextSeq 500 sequencing of SAMD00089406	PolyA
DRR099455	PRJDB6126	DRX092933	SAMD00089408	NO_FLAG					Transcriptome of cultured CHO-S cells	Chinese Hamster Ovary (CHO-S) cells, 3 days in culture, time lag from harvesting cells to protecting RNA: 15 min, technical replicate: 3	NextSeq 500 sequencing: NextSeq 500 sequencing of SAMD00089408	PolyA
DRR099468	PRJDB6126	DRX092946	SAMD00089421	NO_FLAG					Transcriptome of cultured CHO-S cells	Chinese Hamster Ovary (CHO-S) cells, 5 days in culture, time lag from harvesting cells to protecting RNA: 30 min, technical replicate: 1	NextSeq 500 sequencing: NextSeq 500 sequencing of SAMD00089421	PolyA
DRR099474	PRJDB6126	DRX092952	SAMD00089427	NO_FLAG					Transcriptome of cultured CHO-S cells	Chinese Hamster Ovary (CHO-S) cells, 5 days in culture, time lag from harvesting cells to protecting RNA: 60 min, technical replicate: 1	NextSeq 500 sequencing: NextSeq 500 sequencing of SAMD00089427	PolyA
DRR099476	PRJDB6126	DRX092954	SAMD00089429	NO_FLAG					Transcriptome of cultured CHO-S cells	Chinese Hamster Ovary (CHO-S) cells, 5 days in culture, time lag from harvesting cells to protecting RNA: 60 min, technical replicate: 3	NextSeq 500 sequencing: NextSeq 500 sequencing of SAMD00089429	PolyA
DRR099480	PRJDB6126	DRX092958	SAMD00089433	NO_FLAG					Transcriptome of cultured CHO-S cells	Chinese Hamster Ovary (CHO-S) cells, 6 days in culture, time lag from harvesting cells to protecting RNA: 30 min, technical replicate: 1	NextSeq 500 sequencing: NextSeq 500 sequencing of SAMD00089433	PolyA
DRR099491	PRJDB6126	DRX092969	SAMD00089444	NO_FLAG					Transcriptome of cultured CHO-S cells	Chinese Hamster Ovary (CHO-S) cells, 7 days in culture, time lag from harvesting cells to protecting RNA: 15 min, technical replicate: 3	NextSeq 500 sequencing: NextSeq 500 sequencing of SAMD00089444	PolyA
DRR099500	PRJDB6126	DRX092978	SAMD00089453	NO_FLAG					Transcriptome of cultured CHO-S cells	Chinese Hamster Ovary (CHO-S) cells, 7 days in culture, time lag from harvesting cells to protecting RNA: 60 min, technical replicate: 3	NextSeq 500 sequencing: NextSeq 500 sequencing of SAMD00089453	PolyA
DRR164945	PRJDB7873	DRX155564	SAMD00156503	NO_FLAG					Thermal hysteresis in CHO K1, a Chinese Hamster (Cricetulus griseus) Ovary derived established cell line	CHO-K1_27_Celsius_degree_1_rep2	NextSeq 500 sequencing: NextSeq 500 sequencing of SAMD00156503	PolyA
DRR164946	PRJDB7873	DRX155565	SAMD00156504	NO_FLAG					Thermal hysteresis in CHO K1, a Chinese Hamster (Cricetulus griseus) Ovary derived established cell line	CHO-K1_27_Celsius_degree_1_rep3	NextSeq 500 sequencing: NextSeq 500 sequencing of SAMD00156504	PolyA
DRR164951	PRJDB7873	DRX155570	SAMD00156509	NO_FLAG					Thermal hysteresis in CHO K1, a Chinese Hamster (Cricetulus griseus) Ovary derived established cell line	CHO-K1_29_Celsius_degree_2_rep4	NextSeq 500 sequencing: NextSeq 500 sequencing of SAMD00156509	PolyA
DRR169279	PRJDB7945	DRX159893	SAMD00159362	NO_FLAG					Cell culture with semiconductor devices materials	Platinum_biological_replicate_1	NextSeq 500 sequencing: NextSeq 500 sequencing of SAMD00159362	cDNA
DRR169281	PRJDB7945	DRX159895	SAMD00159364	NO_FLAG					Cell culture with semiconductor devices materials	Platinum_biological_replicate_3	NextSeq 500 sequencing: NextSeq 500 sequencing of SAMD00159364	cDNA
DRR169284	PRJDB7945	DRX159898	SAMD00159367	NO_FLAG					Cell culture with semiconductor devices materials	Silicon_nitride_biological_replicate_1	NextSeq 500 sequencing: NextSeq 500 sequencing of SAMD00159367	cDNA
DRR169292	PRJDB7945	DRX159906	SAMD00159375	NO_FLAG					Cell culture with semiconductor devices materials	Silicon_dioxide_biological_replicate_4	NextSeq 500 sequencing: NextSeq 500 sequencing of SAMD00159375	cDNA
DRR169295	PRJDB7945	DRX159909	SAMD00159378	NO_FLAG					Cell culture with semiconductor devices materials	Tantalum_nitride_biological_replicate_2	NextSeq 500 sequencing: NextSeq 500 sequencing of SAMD00159378	cDNA
DRR169300	PRJDB7945	DRX159914	SAMD00159383	NO_FLAG					Cell culture with semiconductor devices materials	Titanium_nitride_biological_replicate_2	NextSeq 500 sequencing: NextSeq 500 sequencing of SAMD00159383	cDNA
DRR524613	PRJDB17021	DRX508495	SAMD00731281	NO_FLAG					RNA Sequencing of Chinese Hamster Cell lines	Total RNA of CHO-K1 cells, spike-in control	Illumina NovaSeq 6000 paired end sequencing: Illumina NovaSeq 6000 paired end sequencing of SAMD00731281	Oligo-dT
DRR524621	PRJDB17021	DRX508503	SAMD00731289	NO_FLAG					RNA Sequencing of Chinese Hamster Cell lines	Total RNA of CHO-K1 cells, 5x100	Illumina NovaSeq 6000 paired end sequencing: Illumina NovaSeq 6000 paired end sequencing of SAMD00731289	Oligo-dT
DRR524628	PRJDB17021	DRX508510	SAMD00731296	NO_FLAG					RNA Sequencing of Chinese Hamster Cell lines	Total RNA of CHO-S cells, 5x10000	Illumina NovaSeq 6000 paired end sequencing: Illumina NovaSeq 6000 paired end sequencing of SAMD00731296	Oligo-dT
DRR706789	PRJDB35724	DRX686813	SAMD01599760	NO_FLAG					Comparative transcriptomic profiling of CHO and fast-growing CHL-YN cells	CHO-2, Batch culture, exponential growth phase	Illumina NovaSeq X paired end sequencing: Illumina NovaSeq X paired end sequencing of SAMD01599760	PolyA
ERR10745711	PRJEB55916	ERX10195011	SAMEA111345349	REVIEW_STUDY_CONTEXT_ONLY			metabolic_labeling		SLAM-seq Reveals Early Transcriptomic Response Mechanisms upon Glutamine Deprivation in Chinese Hamster Ovary Cells	132344_1	Illumina NovaSeq 6000 sequencing	Inverse rRNA selection
ERR10745720	PRJEB55916	ERX10195020	SAMEA111345358	REVIEW_STUDY_CONTEXT_ONLY			metabolic_labeling		SLAM-seq Reveals Early Transcriptomic Response Mechanisms upon Glutamine Deprivation in Chinese Hamster Ovary Cells	132346_2	Illumina NovaSeq 6000 sequencing	Inverse rRNA selection
ERR10745727	PRJEB55916	ERX10195027	SAMEA111345365	REVIEW_STUDY_CONTEXT_ONLY			metabolic_labeling		SLAM-seq Reveals Early Transcriptomic Response Mechanisms upon Glutamine Deprivation in Chinese Hamster Ovary Cells	132348_2	Illumina NovaSeq 6000 sequencing	Inverse rRNA selection
ERR10745728	PRJEB55916	ERX10195028	SAMEA111345366	REVIEW_STUDY_CONTEXT_ONLY			metabolic_labeling		SLAM-seq Reveals Early Transcriptomic Response Mechanisms upon Glutamine Deprivation in Chinese Hamster Ovary Cells	132348_3	Illumina NovaSeq 6000 sequencing	Inverse rRNA selection
ERR10745730	PRJEB55916	ERX10195030	SAMEA111345368	REVIEW_STUDY_CONTEXT_ONLY			metabolic_labeling		SLAM-seq Reveals Early Transcriptomic Response Mechanisms upon Glutamine Deprivation in Chinese Hamster Ovary Cells	132349_1	Illumina NovaSeq 6000 sequencing	Inverse rRNA selection
ERR10745733	PRJEB55916	ERX10195033	SAMEA111345371	REVIEW_STUDY_CONTEXT_ONLY			metabolic_labeling		SLAM-seq Reveals Early Transcriptomic Response Mechanisms upon Glutamine Deprivation in Chinese Hamster Ovary Cells	132349_4	Illumina NovaSeq 6000 sequencing	Inverse rRNA selection
ERR10745740	PRJEB55916	ERX10195040	SAMEA111345378	REVIEW_STUDY_CONTEXT_ONLY			metabolic_labeling		SLAM-seq Reveals Early Transcriptomic Response Mechanisms upon Glutamine Deprivation in Chinese Hamster Ovary Cells	132351_3	Illumina NovaSeq 6000 sequencing	Inverse rRNA selection
ERR10745756	PRJEB55916	ERX10195056	SAMEA111345394	REVIEW_STUDY_CONTEXT_ONLY			metabolic_labeling		SLAM-seq Reveals Early Transcriptomic Response Mechanisms upon Glutamine Deprivation in Chinese Hamster Ovary Cells	132355_3	Illumina NovaSeq 6000 sequencing	Inverse rRNA selection
ERR15000453	PRJEB89701	ERX14404618	SAMEA118334018	NO_FLAG					Transcriptomic analysis of H1299, HEK293T and CHO-K1 treated with Filgotinib	Sample 1	Illumina NovaSeq 6000 sequencing: Transcriptomic analysis of H1299, HEK293T and CHO-K1 treated with Filgotinib	RANDOM
ERR15000460	PRJEB89701	ERX14404625	SAMEA118334025	NO_FLAG					Transcriptomic analysis of H1299, HEK293T and CHO-K1 treated with Filgotinib	Sample 16	Illumina NovaSeq 6000 sequencing: Transcriptomic analysis of H1299, HEK293T and CHO-K1 treated with Filgotinib	RANDOM
ERR15000466	PRJEB89701	ERX14404631	SAMEA118334031	NO_FLAG					Transcriptomic analysis of H1299, HEK293T and CHO-K1 treated with Filgotinib	Sample 21	Illumina NovaSeq 6000 sequencing: Transcriptomic analysis of H1299, HEK293T and CHO-K1 treated with Filgotinib	RANDOM
ERR15000477	PRJEB89701	ERX14404642	SAMEA118334042	NO_FLAG					Transcriptomic analysis of H1299, HEK293T and CHO-K1 treated with Filgotinib	Sample 31	Illumina NovaSeq 6000 sequencing: Transcriptomic analysis of H1299, HEK293T and CHO-K1 treated with Filgotinib	RANDOM
ERR15000486	PRJEB89701	ERX14404651	SAMEA118334051	NO_FLAG					Transcriptomic analysis of H1299, HEK293T and CHO-K1 treated with Filgotinib	Sample 4	Illumina NovaSeq 6000 sequencing: Transcriptomic analysis of H1299, HEK293T and CHO-K1 treated with Filgotinib	RANDOM
ERR15000540	PRJEB89701	ERX14404705	SAMEA118334105	NO_FLAG					Transcriptomic analysis of H1299, HEK293T and CHO-K1 treated with Filgotinib	Sample 9	Illumina NovaSeq 6000 sequencing: Transcriptomic analysis of H1299, HEK293T and CHO-K1 treated with Filgotinib	RANDOM
ERR16729279	PRJEB108721	ERX16120888	SAMEA121759868	NO_FLAG					Time series multi-omics data generation and analysis in a CHO fed-batch culture	B12_D11	Illumina NovaSeq 6000 sequencing	RANDOM PCR
ERR16729295	PRJEB108721	ERX16120904	SAMEA121759884	NO_FLAG					Time series multi-omics data generation and analysis in a CHO fed-batch culture	B14_D11	Illumina NovaSeq 6000 sequencing	RANDOM PCR
ERR1983092	PRJEB14303	ERX2043468	SAMEA4467462	NO_FLAG					CHO_cell_line_transcriptome_____	4258STDY6437275	Illumina HiSeq 2500 paired end sequencing	cDNA
ERR1983093	PRJEB14303	ERX2043469	SAMEA4467463	NO_FLAG					CHO_cell_line_transcriptome_____	4258STDY6437276	Illumina HiSeq 2500 paired end sequencing	cDNA
ERR3001877	PRJEB30364	ERX3004241	SAMEA5176886	NO_FLAG					Transcriptional profiling of Chinese hamster ovary (CHO) cells exposed to 2,3,7,8-tetrachlorodibenzo-p-dioxin (TCDD)	Control hamster ovarian cells incubated for 3h (1n)	Illumina HiSeq 2500 paired end sequencing	cDNA
ERR3374020	PRJEB33024	ERX3398172	SAMEA5713989	NO_FLAG					Cold inducible genes and promoters in Chinese Hamster Ovary cells were identified by analyzing transcriptome data of cultivation before and after temperature shift from 37 to 33Â°C	Expression profile of CHO-K1 at 37Â°C	Illumina HiSeq 2500 sequencing	Oligo-dT
ERR3374021	PRJEB33024	ERX3398173	SAMEA5713990	NO_FLAG					Cold inducible genes and promoters in Chinese Hamster Ovary cells were identified by analyzing transcriptome data of cultivation before and after temperature shift from 37 to 33Â°C	Expression profile of CHO-K1 at 37Â°C	Illumina HiSeq 2500 sequencing	Oligo-dT
ERR359638	PRJEB4847	ERX332410	SAMEA2242009	NO_FLAG					CHO-K1 transcriptome sequencing	CHO-K1 RNA-seq	Illumina Genome Analyzer IIx paired end sequencing	cDNA
ERR3668302	PRJEB35183	ERX3659834	SAMEA6235197	NO_FLAG					Endogenous retroviral elements of CHO cells	AOKS-30: poly PPYP / Chinese Hamster Ovary Cell supernatant RNA	NextSeq 500 paired end sequencing	cDNA
ERR3668303	PRJEB35183	ERX3659835	SAMEA6235198	NO_FLAG					Endogenous retroviral elements of CHO cells	AOKS-31: C2 / Chinese Hamster Ovary Cell supernatant RNA	NextSeq 500 paired end sequencing	cDNA
ERR3668305	PRJEB35183	ERX3659837	SAMEA6235200	NO_FLAG					Endogenous retroviral elements of CHO cells	AOKS-33: G9 / Chinese Hamster Ovary Cell supernatant RNA	NextSeq 500 paired end sequencing	cDNA
ERR3668306	PRJEB35183	ERX3659838	SAMEA6235201	NO_FLAG					Endogenous retroviral elements of CHO cells	AOKS-34: B1 / Chinese Hamster Ovary Cell supernatant RNA	NextSeq 500 paired end sequencing	cDNA
ERR3668312	PRJEB35183	ERX3659844	SAMEA6235207	NO_FLAG					Endogenous retroviral elements of CHO cells	AOKS-40: B3 / Chinese Hamster Ovary Cell supernatant RNA	NextSeq 500 paired end sequencing	cDNA
ERR4184070	PRJEB38542	ERX4147361	SAMEA6870271	NO_FLAG					Investigation of Trancriptome and methylome changes in Chinese Hamster Ovary cells after single cell cloning	Transcriptome of subclone 1-B3 Replicate 1	Illumina NovaSeq 6000 sequencing	size fractionation
ERR4184071	PRJEB38542	ERX4147362	SAMEA6870272	NO_FLAG					Investigation of Trancriptome and methylome changes in Chinese Hamster Ovary cells after single cell cloning	Transcriptome of subclone 1-B3 Replicate 2	Illumina NovaSeq 6000 sequencing	size fractionation
ERR4184072	PRJEB38542	ERX4147363	SAMEA6870273	NO_FLAG					Investigation of Trancriptome and methylome changes in Chinese Hamster Ovary cells after single cell cloning	Transcriptome of subclone 1-C3 Replicate 1	Illumina NovaSeq 6000 sequencing	size fractionation
ERR4184075	PRJEB38542	ERX4147366	SAMEA6870276	NO_FLAG					Investigation of Trancriptome and methylome changes in Chinese Hamster Ovary cells after single cell cloning	Transcriptome of subclone 1-C6 Replicate 2	Illumina NovaSeq 6000 sequencing	size fractionation
ERR4319918	PRJEB39258	ERX4268285	SAMEA7040948	NO_FLAG					Predicting favorable landing pads for targeted integrations in Chinese hamster ovary cell lines by learning stability characteristics from random transgene integrations	Horizon CHO-K1	Illumina HiSeq 4000 paired end sequencing	unspecified
ERR4319921	PRJEB39258	ERX4268288	SAMEA7040951	NO_FLAG					Predicting favorable landing pads for targeted integrations in Chinese hamster ovary cell lines by learning stability characteristics from random transgene integrations	Horizon CHO-K1	Illumina HiSeq 4000 paired end sequencing	unspecified
ERR4319935	PRJEB39258	ERX4268302	SAMEA7040965	NO_FLAG					Predicting favorable landing pads for targeted integrations in Chinese hamster ovary cell lines by learning stability characteristics from random transgene integrations	Horizon CHO-K1	Illumina HiSeq 4000 paired end sequencing	unspecified
ERR4319937	PRJEB39258	ERX4268304	SAMEA7040955	NO_FLAG					Predicting favorable landing pads for targeted integrations in Chinese hamster ovary cell lines by learning stability characteristics from random transgene integrations	Horizon CHO-K1	Illumina HiSeq 4000 paired end sequencing	unspecified
ERR7417865	PRJEB48931	ERX6987506	SAMEA11293141	NO_FLAG					"RNAseq of two recombinant CHO cell lines differing only in the factor âproduced monoclonal antibody\"""	Sample 3	"Illumina HiSeq 4000 sequencing: RNAseq of two recombinant CHO cell lines differing only in the factor âproduced monoclonal antibody\"""	PolyA
ERR7417868	PRJEB48931	ERX6987509	SAMEA11293144	NO_FLAG					"RNAseq of two recombinant CHO cell lines differing only in the factor âproduced monoclonal antibody\"""	Sample 6	"Illumina HiSeq 4000 sequencing: RNAseq of two recombinant CHO cell lines differing only in the factor âproduced monoclonal antibody\"""	PolyA
ERR7417870	PRJEB48931	ERX6987511	SAMEA11293146	NO_FLAG					"RNAseq of two recombinant CHO cell lines differing only in the factor âproduced monoclonal antibody\"""	Sample 8	"Illumina HiSeq 4000 sequencing: RNAseq of two recombinant CHO cell lines differing only in the factor âproduced monoclonal antibody\"""	PolyA
SRR10215651	PRJNA575354	SRX6935331	SAMN12886797	EXCLUDE_SPECIALIZED	metabolic_labeling	sample_title:metabolic_labeling;experiment_title:metabolic_labeling			Codon and amino acid content regulate mRNA stability in mammalian cells	CHO_2_hr_metabolic_labeling	Illumina HiSeq 2500 sequencing: GSM4104560: CHO_2_hr_metabolic_labeling Cricetulus griseus RNA-Seq	cDNA
SRR10215656	PRJNA575354	SRX6935336	SAMN12886792	EXCLUDE_SPECIALIZED	metabolic_labeling	sample_title:metabolic_labeling;experiment_title:metabolic_labeling			Codon and amino acid content regulate mRNA stability in mammalian cells	CHO_10_hr_metabolic_labeling	Illumina HiSeq 2500 sequencing: GSM4104565: CHO_10_hr_metabolic_labeling Cricetulus griseus RNA-Seq	cDNA
SRR10669486	PRJNA594947	SRX7347961	SAMN13541379	NO_FLAG					Change in translation efficiency by RNG140-GFP overexpression in CHO cells	rna.cont1	Illumina HiSeq 4000 sequencing: GSM4214036: rna.cont1 Cricetulus griseus RNA-Seq	cDNA
SRR10995634	PRJNA604220	SRX7656770	SAMN13957915	NO_FLAG					Multiplex secretome engineering enhances recombinant protein production and purity	WT-Rituximab-Day4_rep1	NextSeq 500 sequencing: GSM4292486: WT-Rituximab-Day4_rep1 Cricetulus griseus RNA-Seq	cDNA
SRR10995641	PRJNA604220	SRX7656772	SAMN13957913	NO_FLAG					Multiplex secretome engineering enhances recombinant protein production and purity	WT-Rituximab-Day8_rep1	NextSeq 500 sequencing: GSM4292488: WT-Rituximab-Day8_rep1 Cricetulus griseus RNA-Seq	cDNA
SRR10995648	PRJNA604220	SRX7656774	SAMN13957911	NO_FLAG					Multiplex secretome engineering enhances recombinant protein production and purity	WT-Rituximab-Day6_rep2	NextSeq 500 sequencing: GSM4292490: WT-Rituximab-Day6_rep2 Cricetulus griseus RNA-Seq	cDNA
SRR10995665	PRJNA604220	SRX7656778	SAMN13957907	NO_FLAG					Multiplex secretome engineering enhances recombinant protein production and purity	6X-Rituximab-Day8_rep1	NextSeq 500 sequencing: GSM4292494: 6X-Rituximab-Day8_rep1 Cricetulus griseus RNA-Seq	cDNA
SRR10995669	PRJNA604220	SRX7656779	SAMN13957906	NO_FLAG					Multiplex secretome engineering enhances recombinant protein production and purity	6X-Rituximab-Day4_rep2	NextSeq 500 sequencing: GSM4292495: 6X-Rituximab-Day4_rep2 Cricetulus griseus RNA-Seq	cDNA
SRR10995673	PRJNA604220	SRX7656780	SAMN13957905	NO_FLAG					Multiplex secretome engineering enhances recombinant protein production and purity	6X-Rituximab-Day6_rep2	NextSeq 500 sequencing: GSM4292496: 6X-Rituximab-Day6_rep2 Cricetulus griseus RNA-Seq	cDNA
SRR10995674	PRJNA604220	SRX7656780	SAMN13957905	NO_FLAG					Multiplex secretome engineering enhances recombinant protein production and purity	6X-Rituximab-Day6_rep2	NextSeq 500 sequencing: GSM4292496: 6X-Rituximab-Day6_rep2 Cricetulus griseus RNA-Seq	cDNA
SRR10995677	PRJNA604220	SRX7656781	SAMN13957904	NO_FLAG					Multiplex secretome engineering enhances recombinant protein production and purity	6X-Rituximab-Day8_rep2	NextSeq 500 sequencing: GSM4292497: 6X-Rituximab-Day8_rep2 Cricetulus griseus RNA-Seq	cDNA
SRR10995678	PRJNA604220	SRX7656781	SAMN13957904	NO_FLAG					Multiplex secretome engineering enhances recombinant protein production and purity	6X-Rituximab-Day8_rep2	NextSeq 500 sequencing: GSM4292497: 6X-Rituximab-Day8_rep2 Cricetulus griseus RNA-Seq	cDNA
SRR10995680	PRJNA604220	SRX7656782	SAMN13957903	NO_FLAG					Multiplex secretome engineering enhances recombinant protein production and purity	11X-Rituximab-Day4_rep1	NextSeq 500 sequencing: GSM4292498: 11X-Rituximab-Day4_rep1 Cricetulus griseus RNA-Seq	cDNA
SRR10995683	PRJNA604220	SRX7656783	SAMN13957902	NO_FLAG					Multiplex secretome engineering enhances recombinant protein production and purity	11X-Rituximab-Day6_rep1	NextSeq 500 sequencing: GSM4292499: 11X-Rituximab-Day6_rep1 Cricetulus griseus RNA-Seq	cDNA
SRR10995693	PRJNA604220	SRX7656785	SAMN13957900	NO_FLAG					Multiplex secretome engineering enhances recombinant protein production and purity	11X-Rituximab-Day4_rep2	NextSeq 500 sequencing: GSM4292501: 11X-Rituximab-Day4_rep2 Cricetulus griseus RNA-Seq	cDNA
SRR11184910	PRJNA599947	SRX7805409	SAMN13762562	NO_FLAG					Effects of ammonia stress on recombinant CHO-K1 cells expressing the anti-HIV antibody VRC01 (IgG1)	Model organism or animal sample from Cricetulus griseus	Illumina NovaSeq 6000 sequencing: RNA-Seq of Cricetulus griseus: control group (0mM NH3 addition), day 6	Oligo-dT
SRR11184911	PRJNA599947	SRX7805408	SAMN13762561	NO_FLAG					Effects of ammonia stress on recombinant CHO-K1 cells expressing the anti-HIV antibody VRC01 (IgG1)	Model organism or animal sample from Cricetulus griseus	Illumina NovaSeq 6000 sequencing: RNA-Seq of Cricetulus griseus: control group (0mM NH3 addition), day 6	Oligo-dT
SRR11184921	PRJNA599947	SRX7805398	SAMN13762555	NO_FLAG					Effects of ammonia stress on recombinant CHO-K1 cells expressing the anti-HIV antibody VRC01 (IgG1)	Model organism or animal sample from Cricetulus griseus	Illumina NovaSeq 6000 sequencing: RNA-Seq of Cricetulus griseus: control group (0mM NH3 addition), day 0	Oligo-dT
SRR11350306	PRJNA613438	SRX7952183	SAMN14404308	NO_FLAG					Transcriptome of temporal growth in CHO-S cells in batch culture	T84_4	Illumina HiSeq 2500 sequencing: T84_4	DNase
SRR11350307	PRJNA613438	SRX7952182	SAMN14404307	NO_FLAG					Transcriptome of temporal growth in CHO-S cells in batch culture	T84_3	Illumina HiSeq 2500 sequencing: T84_3	DNase
SRR11350308	PRJNA613438	SRX7952181	SAMN14404306	NO_FLAG					Transcriptome of temporal growth in CHO-S cells in batch culture	T84_2	Illumina HiSeq 2500 sequencing: T84_2	DNase
SRR11350310	PRJNA613438	SRX7952179	SAMN14404304	NO_FLAG					Transcriptome of temporal growth in CHO-S cells in batch culture	T72_3	Illumina HiSeq 2500 sequencing: T72_3	DNase
SRR11721633	PRJNA630824	SRX8280951	SAMN14846002	NO_FLAG					Abhd11 knockout in CHO cells	Model organism or animal sample from Cricetulus griseus	NextSeq 500 sequencing: RNA Seq of CHO cell in exponential growth in media with glutamine, Abhd11 KO strain C, replicate 2	PolyA
SRR11721636	PRJNA630824	SRX8280948	SAMN14845999	NO_FLAG					Abhd11 knockout in CHO cells	Model organism or animal sample from Cricetulus griseus	NextSeq 500 sequencing: RNA Seq of CHO cell in exponential growth in media with glutamine, Abhd11 KO strain B, replicate 2	PolyA
SRR11721638	PRJNA630824	SRX8280946	SAMN14846024	NO_FLAG					Abhd11 knockout in CHO cells	Model organism or animal sample from Cricetulus griseus	NextSeq 500 sequencing: RNA Seq of CHO cell in exponential growth in media without glutamine, Control strain B, replicate 3	PolyA
SRR11721644	PRJNA630824	SRX8280940	SAMN14846018	NO_FLAG					Abhd11 knockout in CHO cells	Model organism or animal sample from Cricetulus griseus	NextSeq 500 sequencing: RNA Seq of CHO cell in exponential growth in media without glutamine, Abhd11 KO strain C, replicate 3	PolyA
SRR11721647	PRJNA630824	SRX8280937	SAMN14846015	NO_FLAG					Abhd11 knockout in CHO cells	Model organism or animal sample from Cricetulus griseus	NextSeq 500 sequencing: RNA Seq of CHO cell in exponential growth in media without glutamine, Abhd11 KO strain B, replicate 3	PolyA
SRR11721650	PRJNA630824	SRX8280934	SAMN14846013	NO_FLAG					Abhd11 knockout in CHO cells	Model organism or animal sample from Cricetulus griseus	NextSeq 500 sequencing: RNA Seq of CHO cell in exponential growth in media without glutamine, Abhd11 KO strain B, replicate 1	PolyA
SRR11721653	PRJNA630824	SRX8280931	SAMN14846010	NO_FLAG					Abhd11 knockout in CHO cells	Model organism or animal sample from Cricetulus griseus	NextSeq 500 sequencing: RNA Seq of CHO cell in exponential growth in media without glutamine, Abhd11 KO strain A, replicate 1	PolyA
SRR12194146	PRJNA645419	SRX8707287	SAMN15504221	NO_FLAG					Systematic identification of safe harbor regions in the CHO genome through a comprehensive epigenome analysis	Model organism or animal sample from Cricetulus griseus	NextSeq 550 sequencing: RNAseq of CHO-K1 VRC01 antibody production cell line replicate 2	unspecified
SRR12194147	PRJNA645419	SRX8707286	SAMN15504221	NO_FLAG					Systematic identification of safe harbor regions in the CHO genome through a comprehensive epigenome analysis	Model organism or animal sample from Cricetulus griseus	NextSeq 550 sequencing: RNAseq of CHO-K1 VRC01 antibody production cell line replicate 1	unspecified
SRR12194151	PRJNA645419	SRX8707282	SAMN15504220	NO_FLAG					Systematic identification of safe harbor regions in the CHO genome through a comprehensive epigenome analysis	Model organism or animal sample from Cricetulus griseus	NextSeq 550 sequencing: RNAseq of CHO-K1 host cell line replicate 2	unspecified
SRR12618089	PRJNA662582	SRX9101120	SAMN16089550	NO_FLAG					Secretory pathway differences between HEK293 and CHO enable rescue of difficult to express human proteins	CHO_ASGR1	Illumina MiSeq sequencing: GSM4774043: CHO_ASGR1 Cricetulus griseus RNA-Seq	cDNA
SRR12618092	PRJNA662582	SRX9101121	SAMN16089549	NO_FLAG					Secretory pathway differences between HEK293 and CHO enable rescue of difficult to express human proteins	CHO_BMP10	Illumina MiSeq sequencing: GSM4774044: CHO_BMP10 Cricetulus griseus RNA-Seq	cDNA
SRR12618103	PRJNA662582	SRX9101126	SAMN16089592	NO_FLAG					Secretory pathway differences between HEK293 and CHO enable rescue of difficult to express human proteins	CHO_Control_pQMCF2	Illumina MiSeq sequencing: GSM4774049: CHO_Control_pQMCF2 Cricetulus griseus RNA-Seq	cDNA
SRR12618113	PRJNA662582	SRX9101130	SAMN16089587	NO_FLAG					Secretory pathway differences between HEK293 and CHO enable rescue of difficult to express human proteins	CHO_GCG	Illumina MiSeq sequencing: GSM4774053: CHO_GCG Cricetulus griseus RNA-Seq	cDNA
SRR12618121	PRJNA662582	SRX9101133	SAMN16089584	NO_FLAG					Secretory pathway differences between HEK293 and CHO enable rescue of difficult to express human proteins	CHO_LOX	Illumina MiSeq sequencing: GSM4774056: CHO_LOX Cricetulus griseus RNA-Seq	cDNA
SRR12618123	PRJNA662582	SRX9101134	SAMN16089583	NO_FLAG					Secretory pathway differences between HEK293 and CHO enable rescue of difficult to express human proteins	CHO_NRTN	Illumina MiSeq sequencing: GSM4774057: CHO_NRTN Cricetulus griseus RNA-Seq	cDNA
SRR12618125	PRJNA662582	SRX9101135	SAMN16089582	NO_FLAG					Secretory pathway differences between HEK293 and CHO enable rescue of difficult to express human proteins	CHO_NRTN_PP	Illumina MiSeq sequencing: GSM4774058: CHO_NRTN_PP Cricetulus griseus RNA-Seq	cDNA
SRR12618136	PRJNA662582	SRX9101141	SAMN16089596	NO_FLAG					Secretory pathway differences between HEK293 and CHO enable rescue of difficult to express human proteins	CHO_ST6GAL1	Illumina MiSeq sequencing: GSM4774064: CHO_ST6GAL1 Cricetulus griseus RNA-Seq	cDNA
SRR12618137	PRJNA662582	SRX9101141	SAMN16089596	NO_FLAG					Secretory pathway differences between HEK293 and CHO enable rescue of difficult to express human proteins	CHO_ST6GAL1	Illumina MiSeq sequencing: GSM4774064: CHO_ST6GAL1 Cricetulus griseus RNA-Seq	cDNA
SRR15111556	PRJNA746067	SRX11420371	SAMN20179682	NO_FLAG					Warburg-null Chinese hamster ovary cell line RNA-Seq	Model organism or animal sample from Cricetulus griseus	NextSeq 500 sequencing: RNASeq of wildtype CHO-S cells in bioreactors, replicate 2	Oligo-dT
SRR15111567	PRJNA746067	SRX11420360	SAMN20179667	NO_FLAG					Warburg-null Chinese hamster ovary cell line RNA-Seq	Model organism or animal sample from Cricetulus griseus	NextSeq 500 sequencing: RNASeq of Warburg-null CHO-S cells in shake flask culture, clone 0-F5, replicate 2	Oligo-dT
SRR15111570	PRJNA746067	SRX11420357	SAMN20179670	NO_FLAG					Warburg-null Chinese hamster ovary cell line RNA-Seq	Model organism or animal sample from Cricetulus griseus	NextSeq 500 sequencing: RNASeq of Warburg-null CHO-S cells in shake flask culture, clone 0-F4, replicate 2	Oligo-dT
SRR15111571	PRJNA746067	SRX11420356	SAMN20179669	NO_FLAG					Warburg-null Chinese hamster ovary cell line RNA-Seq	Model organism or animal sample from Cricetulus griseus	NextSeq 500 sequencing: RNASeq of Warburg-null CHO-S cells in shake flask culture, clone 0-F4, replicate 1	Oligo-dT
SRR15111580	PRJNA746067	SRX11420347	SAMN20179687	NO_FLAG					Warburg-null Chinese hamster ovary cell line RNA-Seq	Model organism or animal sample from Cricetulus griseus	NextSeq 500 sequencing: RNASeq of Warburg-null CHO-K1 cells in shake flask culture, day 3, replicate 1	Oligo-dT
SRR1516216	PRJNA255418	SRX653807	SAMN02918452	NO_FLAG					Mre11 suppresses replication stress and gene amplification proficiency	Control sample B	Illumina Genome Analyzer IIx sequencing: GSM1437749: Control sample B Cricetulus griseus RNA-Seq	cDNA
SRR1516217	PRJNA255418	SRX653808	SAMN02918453	NO_FLAG					Mre11 suppresses replication stress and gene amplification proficiency	Mre11-KD sample B	Illumina Genome Analyzer IIx sequencing: GSM1437750: Mre11-KD sample B Cricetulus griseus RNA-Seq	cDNA
SRR15221367	PRJNA749145	SRX11527349	SAMN20355394	NO_FLAG					Restoration of deficient DNA Repair Genes Mitigates Genome Instability and Increases Productivity of Chinese Hamster Ovary Cells	Model organism or animal sample from Cricetulus griseus	Illumina HiSeq 4000 sequencing: RNA-Seq of CHO-K1-ATMplus	cDNA
SRR15221368	PRJNA749145	SRX11527348	SAMN20355394	NO_FLAG					Restoration of deficient DNA Repair Genes Mitigates Genome Instability and Increases Productivity of Chinese Hamster Ovary Cells	Model organism or animal sample from Cricetulus griseus	Illumina HiSeq 4000 sequencing: RNA-Seq of CHO-K1-ATMplus	cDNA
SRR15221369	PRJNA749145	SRX11527347	SAMN20355394	NO_FLAG					Restoration of deficient DNA Repair Genes Mitigates Genome Instability and Increases Productivity of Chinese Hamster Ovary Cells	Model organism or animal sample from Cricetulus griseus	Illumina HiSeq 4000 sequencing: RNA-Seq of CHO-K1-ATMplus	cDNA
SRR15221377	PRJNA749145	SRX11527339	SAMN20355393	NO_FLAG					Restoration of deficient DNA Repair Genes Mitigates Genome Instability and Increases Productivity of Chinese Hamster Ovary Cells	Model organism or animal sample from Cricetulus griseus	Illumina HiSeq 4000 sequencing: RNA-Seq of CHO-K1-WT	cDNA
SRR15221381	PRJNA749145	SRX11527335	SAMN20355393	NO_FLAG					Restoration of deficient DNA Repair Genes Mitigates Genome Instability and Increases Productivity of Chinese Hamster Ovary Cells	Model organism or animal sample from Cricetulus griseus	Illumina HiSeq 4000 sequencing: RNA-Seq of CHO-K1-WT	cDNA
SRR15221382	PRJNA749145	SRX11527334	SAMN20355393	NO_FLAG					Restoration of deficient DNA Repair Genes Mitigates Genome Instability and Increases Productivity of Chinese Hamster Ovary Cells	Model organism or animal sample from Cricetulus griseus	Illumina HiSeq 4000 sequencing: RNA-Seq of CHO-K1-WT	cDNA
SRR15221388	PRJNA749145	SRX11527328	SAMN20355395	NO_FLAG					Restoration of deficient DNA Repair Genes Mitigates Genome Instability and Increases Productivity of Chinese Hamster Ovary Cells	Model organism or animal sample from Cricetulus griseus	Illumina HiSeq 4000 sequencing: RNA-Seq of CHO-K1-ATMplus_PRKDCplus	cDNA
SRR15221394	PRJNA749145	SRX11527322	SAMN20355395	NO_FLAG					Restoration of deficient DNA Repair Genes Mitigates Genome Instability and Increases Productivity of Chinese Hamster Ovary Cells	Model organism or animal sample from Cricetulus griseus	Illumina HiSeq 4000 sequencing: RNA-Seq of CHO-K1-ATMplus_PRKDCplus	cDNA
SRR15221395	PRJNA749145	SRX11527321	SAMN20355395	NO_FLAG					Restoration of deficient DNA Repair Genes Mitigates Genome Instability and Increases Productivity of Chinese Hamster Ovary Cells	Model organism or animal sample from Cricetulus griseus	Illumina HiSeq 4000 sequencing: RNA-Seq of CHO-K1-ATMplus_PRKDCplus	cDNA
SRR15221397	PRJNA749145	SRX11527319	SAMN20355395	NO_FLAG					Restoration of deficient DNA Repair Genes Mitigates Genome Instability and Increases Productivity of Chinese Hamster Ovary Cells	Model organism or animal sample from Cricetulus griseus	Illumina HiSeq 4000 sequencing: RNA-Seq of CHO-K1-ATMplus_PRKDCplus	cDNA
SRR15221399	PRJNA749145	SRX11527317	SAMN20355395	NO_FLAG					Restoration of deficient DNA Repair Genes Mitigates Genome Instability and Increases Productivity of Chinese Hamster Ovary Cells	Model organism or animal sample from Cricetulus griseus	Illumina HiSeq 4000 sequencing: RNA-Seq of CHO-K1-ATMplus_PRKDCplus	cDNA
SRR15559111	PRJNA742028	SRX11857240	SAMN20893091	NO_FLAG					Cricetulus griseus Transcriptome or Gene expression	Control Construct 48h on Val-free media rep 2	NextSeq 550 sequencing: RNAseq of FLP-in CHO-K1 cells: Control Construct 48h on Val-free media rep 2	Oligo-dT
SRR15559113	PRJNA742028	SRX11857238	SAMN20893089	NO_FLAG					Cricetulus griseus Transcriptome or Gene expression	Control Construct 4h on Val-free media rep 3	NextSeq 550 sequencing: RNAseq of FLP-in CHO-K1 cells: Control Construct 4h on Val-free media rep 3	Oligo-dT
SRR15559114	PRJNA742028	SRX11857236	SAMN20893087	NO_FLAG					Cricetulus griseus Transcriptome or Gene expression	Control Construct 4h on Val-free media rep 1	NextSeq 550 sequencing: RNAseq of FLP-in CHO-K1 cells: Control Construct 4h on Val-free media rep 1	Oligo-dT
SRR15559115	PRJNA742028	SRX11857235	SAMN20893086	NO_FLAG					Cricetulus griseus Transcriptome or Gene expression	Control Construct 0h on Val-free media rep 3	NextSeq 550 sequencing: RNAseq of FLP-in CHO-K1 cells: Control Construct 0h on Val-free media rep 3	Oligo-dT
SRR16796960	PRJNA778050	SRX12995921	SAMN22901730	NO_FLAG					Ribosome footprint profiling of the CHO cell response to reduced cell culture temperature	Total RNA-seq non-temerature shifted replicate 3	NextSeq 500 sequencing: Total RNA-seq of non-temperature shifted CHO-K1 cell line - Replicate 3	Inverse rRNA
SRR16980326	PRJNA766998	SRX13171159	SAMN23296634	NO_FLAG					Systems biology greatly improve activity of secreted therapeutic sulfatase in CHO bioprocess	Model organism or animal sample from Cricetulus griseus	Illumina HiSeq 2500 sequencing: clone A without copper day 17	RANDOM
SRR16980327	PRJNA766998	SRX13171158	SAMN23296634	NO_FLAG					Systems biology greatly improve activity of secreted therapeutic sulfatase in CHO bioprocess	Model organism or animal sample from Cricetulus griseus	Illumina HiSeq 2500 sequencing: clone A without copper day 17	RANDOM
SRR16980329	PRJNA766998	SRX13171156	SAMN23296634	NO_FLAG					Systems biology greatly improve activity of secreted therapeutic sulfatase in CHO bioprocess	Model organism or animal sample from Cricetulus griseus	Illumina HiSeq 2500 sequencing: clone B high cell density day 17	RANDOM
SRR16980330	PRJNA766998	SRX13171155	SAMN23296634	NO_FLAG					Systems biology greatly improve activity of secreted therapeutic sulfatase in CHO bioprocess	Model organism or animal sample from Cricetulus griseus	Illumina HiSeq 2500 sequencing: clone A high cell density day 17	RANDOM
SRR16980331	PRJNA766998	SRX13171154	SAMN23296634	NO_FLAG					Systems biology greatly improve activity of secreted therapeutic sulfatase in CHO bioprocess	Model organism or animal sample from Cricetulus griseus	Illumina HiSeq 2500 sequencing: clone A high cell density day 3	RANDOM
SRR16980333	PRJNA766998	SRX13171152	SAMN23296634	NO_FLAG					Systems biology greatly improve activity of secreted therapeutic sulfatase in CHO bioprocess	Model organism or animal sample from Cricetulus griseus	Illumina HiSeq 2500 sequencing: clone A high cell density day 17	RANDOM
SRR16980342	PRJNA766998	SRX13171143	SAMN23296634	NO_FLAG					Systems biology greatly improve activity of secreted therapeutic sulfatase in CHO bioprocess	Model organism or animal sample from Cricetulus griseus	Illumina HiSeq 2500 sequencing: clone A high cell density day 3	RANDOM
SRR16980352	PRJNA766998	SRX13171133	SAMN23296634	NO_FLAG					Systems biology greatly improve activity of secreted therapeutic sulfatase in CHO bioprocess	Model organism or animal sample from Cricetulus griseus	Illumina HiSeq 2500 sequencing: clone A standard condition day 14	RANDOM
SRR16980357	PRJNA766998	SRX13171128	SAMN23296634	NO_FLAG					Systems biology greatly improve activity of secreted therapeutic sulfatase in CHO bioprocess	Model organism or animal sample from Cricetulus griseus	Illumina HiSeq 2500 sequencing: clone A without copper day 12	RANDOM
SRR16980361	PRJNA766998	SRX13171124	SAMN23296634	NO_FLAG					Systems biology greatly improve activity of secreted therapeutic sulfatase in CHO bioprocess	Model organism or animal sample from Cricetulus griseus	Illumina HiSeq 2500 sequencing: clone A high cell density day 12	RANDOM
SRR16980373	PRJNA766998	SRX13171112	SAMN23296634	NO_FLAG					Systems biology greatly improve activity of secreted therapeutic sulfatase in CHO bioprocess	Model organism or animal sample from Cricetulus griseus	Illumina HiSeq 2500 sequencing: clone A standard condition day 6	RANDOM
SRR16980375	PRJNA766998	SRX13171110	SAMN23296634	NO_FLAG					Systems biology greatly improve activity of secreted therapeutic sulfatase in CHO bioprocess	Model organism or animal sample from Cricetulus griseus	Illumina HiSeq 2500 sequencing: clone B without copper day 3	RANDOM
SRR16980376	PRJNA766998	SRX13171109	SAMN23296634	NO_FLAG					Systems biology greatly improve activity of secreted therapeutic sulfatase in CHO bioprocess	Model organism or animal sample from Cricetulus griseus	Illumina HiSeq 2500 sequencing: clone B without copper day 3	RANDOM
SRR17085240	PRJNA785251	SRX13273391	SAMN23551697	NO_FLAG					Whole genomic RNA sequencing of the Paradaux cell line after long-term culture	Neg7: Negative feedback, Replicate7	Illumina HiSeq 2500 sequencing: GSM5710429: Neg7: Negative feedback, Replicate7 Cricetulus griseus RNA-Seq	cDNA
SRR17085241	PRJNA785251	SRX13273391	SAMN23551697	NO_FLAG					Whole genomic RNA sequencing of the Paradaux cell line after long-term culture	Neg7: Negative feedback, Replicate7	Illumina HiSeq 2500 sequencing: GSM5710429: Neg7: Negative feedback, Replicate7 Cricetulus griseus RNA-Seq	cDNA
SRR17085247	PRJNA785251	SRX13273390	SAMN23551698	NO_FLAG					Whole genomic RNA sequencing of the Paradaux cell line after long-term culture	Neg6: Negative feedback, Replicate6	Illumina HiSeq 2500 sequencing: GSM5710428: Neg6: Negative feedback, Replicate6 Cricetulus griseus RNA-Seq	cDNA
SRR17085248	PRJNA785251	SRX13273390	SAMN23551698	NO_FLAG					Whole genomic RNA sequencing of the Paradaux cell line after long-term culture	Neg6: Negative feedback, Replicate6	Illumina HiSeq 2500 sequencing: GSM5710428: Neg6: Negative feedback, Replicate6 Cricetulus griseus RNA-Seq	cDNA
SRR17085250	PRJNA785251	SRX13273389	SAMN23551699	NO_FLAG					Whole genomic RNA sequencing of the Paradaux cell line after long-term culture	Neg5: Negative feedback, Replicate5	Illumina HiSeq 2500 sequencing: GSM5710427: Neg5: Negative feedback, Replicate5 Cricetulus griseus RNA-Seq	cDNA
SRR17085255	PRJNA785251	SRX13273389	SAMN23551699	NO_FLAG					Whole genomic RNA sequencing of the Paradaux cell line after long-term culture	Neg5: Negative feedback, Replicate5	Illumina HiSeq 2500 sequencing: GSM5710427: Neg5: Negative feedback, Replicate5 Cricetulus griseus RNA-Seq	cDNA
SRR17085262	PRJNA785251	SRX13273387	SAMN23551701	NO_FLAG					Whole genomic RNA sequencing of the Paradaux cell line after long-term culture	Neg3: Negative feedback, Replicate3	Illumina HiSeq 2500 sequencing: GSM5710425: Neg3: Negative feedback, Replicate3 Cricetulus griseus RNA-Seq	cDNA
SRR17085263	PRJNA785251	SRX13273387	SAMN23551701	NO_FLAG					Whole genomic RNA sequencing of the Paradaux cell line after long-term culture	Neg3: Negative feedback, Replicate3	Illumina HiSeq 2500 sequencing: GSM5710425: Neg3: Negative feedback, Replicate3 Cricetulus griseus RNA-Seq	cDNA
SRR17085271	PRJNA785251	SRX13273386	SAMN23551702	NO_FLAG					Whole genomic RNA sequencing of the Paradaux cell line after long-term culture	Neg2: Negative feedback, Replicate2	Illumina HiSeq 2500 sequencing: GSM5710424: Neg2: Negative feedback, Replicate2 Cricetulus griseus RNA-Seq	cDNA
SRR17085275	PRJNA785251	SRX13273385	SAMN23551703	NO_FLAG					Whole genomic RNA sequencing of the Paradaux cell line after long-term culture	Neg1: Negative feedback, Replicate1	Illumina HiSeq 2500 sequencing: GSM5710423: Neg1: Negative feedback, Replicate1 Cricetulus griseus RNA-Seq	cDNA
SRR17085276	PRJNA785251	SRX13273385	SAMN23551703	NO_FLAG					Whole genomic RNA sequencing of the Paradaux cell line after long-term culture	Neg1: Negative feedback, Replicate1	Illumina HiSeq 2500 sequencing: GSM5710423: Neg1: Negative feedback, Replicate1 Cricetulus griseus RNA-Seq	cDNA
SRR17085287	PRJNA785251	SRX13273383	SAMN23551705	NO_FLAG					Whole genomic RNA sequencing of the Paradaux cell line after long-term culture	unCt3: uncontrolled growth, Replicate3	Illumina HiSeq 2500 sequencing: GSM5710421: unCt3: uncontrolled growth, Replicate3 Cricetulus griseus RNA-Seq	cDNA
SRR17085296	PRJNA785251	SRX13273381	SAMN23551707	NO_FLAG					Whole genomic RNA sequencing of the Paradaux cell line after long-term culture	unCt1: uncontrolled growth, Replicate1	Illumina HiSeq 2500 sequencing: GSM5710419: unCt1: uncontrolled growth, Replicate1 Cricetulus griseus RNA-Seq	cDNA
SRR17085297	PRJNA785251	SRX13273381	SAMN23551707	NO_FLAG					Whole genomic RNA sequencing of the Paradaux cell line after long-term culture	unCt1: uncontrolled growth, Replicate1	Illumina HiSeq 2500 sequencing: GSM5710419: unCt1: uncontrolled growth, Replicate1 Cricetulus griseus RNA-Seq	cDNA
SRR17085320	PRJNA785251	SRX13273377	SAMN23551692	NO_FLAG					Whole genomic RNA sequencing of the Paradaux cell line after long-term culture	Para5: Paradoxical feedback, Replicate5	Illumina HiSeq 2500 sequencing: GSM5710434: Para5: Paradoxical feedback, Replicate5 Cricetulus griseus RNA-Seq	cDNA
SRR17085326	PRJNA785251	SRX13273376	SAMN23551693	NO_FLAG					Whole genomic RNA sequencing of the Paradaux cell line after long-term culture	Para4: Paradoxical feedback, Replicate4	Illumina HiSeq 2500 sequencing: GSM5710433: Para4: Paradoxical feedback, Replicate4 Cricetulus griseus RNA-Seq	cDNA
SRR17085328	PRJNA785251	SRX13273376	SAMN23551693	NO_FLAG					Whole genomic RNA sequencing of the Paradaux cell line after long-term culture	Para4: Paradoxical feedback, Replicate4	Illumina HiSeq 2500 sequencing: GSM5710433: Para4: Paradoxical feedback, Replicate4 Cricetulus griseus RNA-Seq	cDNA
SRR17085329	PRJNA785251	SRX13273376	SAMN23551693	NO_FLAG					Whole genomic RNA sequencing of the Paradaux cell line after long-term culture	Para4: Paradoxical feedback, Replicate4	Illumina HiSeq 2500 sequencing: GSM5710433: Para4: Paradoxical feedback, Replicate4 Cricetulus griseus RNA-Seq	cDNA
SRR17085330	PRJNA785251	SRX13273376	SAMN23551693	NO_FLAG					Whole genomic RNA sequencing of the Paradaux cell line after long-term culture	Para4: Paradoxical feedback, Replicate4	Illumina HiSeq 2500 sequencing: GSM5710433: Para4: Paradoxical feedback, Replicate4 Cricetulus griseus RNA-Seq	cDNA
SRR17085332	PRJNA785251	SRX13273375	SAMN23551694	NO_FLAG					Whole genomic RNA sequencing of the Paradaux cell line after long-term culture	Para3: Paradoxical feedback, Replicate3	Illumina HiSeq 2500 sequencing: GSM5710432: Para3: Paradoxical feedback, Replicate3 Cricetulus griseus RNA-Seq	cDNA
SRR17085337	PRJNA785251	SRX13273375	SAMN23551694	NO_FLAG					Whole genomic RNA sequencing of the Paradaux cell line after long-term culture	Para3: Paradoxical feedback, Replicate3	Illumina HiSeq 2500 sequencing: GSM5710432: Para3: Paradoxical feedback, Replicate3 Cricetulus griseus RNA-Seq	cDNA
SRR17085339	PRJNA785251	SRX13273374	SAMN23551695	NO_FLAG					Whole genomic RNA sequencing of the Paradaux cell line after long-term culture	Para2: Paradoxical feedback, Replicate2	Illumina HiSeq 2500 sequencing: GSM5710431: Para2: Paradoxical feedback, Replicate2 Cricetulus griseus RNA-Seq	cDNA
SRR17085343	PRJNA785251	SRX13273374	SAMN23551695	NO_FLAG					Whole genomic RNA sequencing of the Paradaux cell line after long-term culture	Para2: Paradoxical feedback, Replicate2	Illumina HiSeq 2500 sequencing: GSM5710431: Para2: Paradoxical feedback, Replicate2 Cricetulus griseus RNA-Seq	cDNA
SRR18163659	PRJNA810994	SRX14311060	SAMN26308033	NO_FLAG					Comparison of transcriptional profile of CHO cells cultured in different media.	PR0126_11_b	Illumina HiSeq 2000 sequencing: GSM5920725: PR0126_11_b Cricetulus griseus RNA-Seq	cDNA
SRR18163662	PRJNA810994	SRX14311057	SAMN26308036	NO_FLAG					Comparison of transcriptional profile of CHO cells cultured in different media.	PR0126_08_b	Illumina HiSeq 2000 sequencing: GSM5920722: PR0126_08_b Cricetulus griseus RNA-Seq	cDNA
SRR18163667	PRJNA810994	SRX14311052	SAMN26308041	NO_FLAG					Comparison of transcriptional profile of CHO cells cultured in different media.	PR0126_03_b	Illumina HiSeq 2000 sequencing: GSM5920717: PR0126_03_b Cricetulus griseus RNA-Seq	cDNA
SRR18356113	PRJNA817102	SRX14491409	SAMN26747792	NO_FLAG					Mechanism of abnormal coagulation induced by tigecycline in cancers	CHOctrl	Illumina NovaSeq 6000 sequencing: GSM5957533: CHOctrl Cricetulus griseus RNA-Seq	cDNA
SRR19256302	PRJNA839086	SRX15316773	SAMN28495779	NO_FLAG					Stability and transcriptomic study of C12orf35 site-specific integrated CHO cell line	CLL1-2	Illumina NovaSeq 6000 sequencing: GSM6164889: CLL1-2 Cricetulus griseus RNA-Seq	cDNA
SRR23603788	PRJNA938154	SRX19488786	SAMN33426959	NO_FLAG					Deciphering the determinants of recombinant protein yield across the human secretome	P6975_195	Illumina HiSeq 2500 sequencing: GSM7061444: P6975_195 Cricetulus griseus RNA-Seq	cDNA
SRR23603790	PRJNA938154	SRX19488784	SAMN33426961	NO_FLAG					Deciphering the determinants of recombinant protein yield across the human secretome	P6975_193	Illumina HiSeq 2500 sequencing: GSM7061442: P6975_193 Cricetulus griseus RNA-Seq	cDNA
SRR23603800	PRJNA938154	SRX19488754	SAMN33426971	NO_FLAG					Deciphering the determinants of recombinant protein yield across the human secretome	P6975_183	Illumina HiSeq 2500 sequencing: GSM7061432: P6975_183 Cricetulus griseus RNA-Seq	cDNA
SRR23603808	PRJNA938154	SRX19488766	SAMN33426999	NO_FLAG					Deciphering the determinants of recombinant protein yield across the human secretome	P6975_155	Illumina HiSeq 2500 sequencing: GSM7061404: P6975_155 Cricetulus griseus RNA-Seq	cDNA
SRR23603822	PRJNA938154	SRX19488752	SAMN33426973	NO_FLAG					Deciphering the determinants of recombinant protein yield across the human secretome	P6975_181	Illumina HiSeq 2500 sequencing: GSM7061430: P6975_181 Cricetulus griseus RNA-Seq	cDNA
SRR23603825	PRJNA938154	SRX19488749	SAMN33426976	NO_FLAG					Deciphering the determinants of recombinant protein yield across the human secretome	P6975_178	Illumina HiSeq 2500 sequencing: GSM7061427: P6975_178 Cricetulus griseus RNA-Seq	cDNA
SRR23603828	PRJNA938154	SRX19488746	SAMN33426979	NO_FLAG					Deciphering the determinants of recombinant protein yield across the human secretome	P6975_175	Illumina HiSeq 2500 sequencing: GSM7061424: P6975_175 Cricetulus griseus RNA-Seq	cDNA
SRR23603829	PRJNA938154	SRX19488745	SAMN33426980	NO_FLAG					Deciphering the determinants of recombinant protein yield across the human secretome	P6975_174	Illumina HiSeq 2500 sequencing: GSM7061423: P6975_174 Cricetulus griseus RNA-Seq	cDNA
SRR23603832	PRJNA938154	SRX19488742	SAMN33426983	NO_FLAG					Deciphering the determinants of recombinant protein yield across the human secretome	P6975_171	Illumina HiSeq 2500 sequencing: GSM7061420: P6975_171 Cricetulus griseus RNA-Seq	cDNA
SRR23603834	PRJNA938154	SRX19488740	SAMN33426985	NO_FLAG					Deciphering the determinants of recombinant protein yield across the human secretome	P6975_169	Illumina HiSeq 2500 sequencing: GSM7061418: P6975_169 Cricetulus griseus RNA-Seq	cDNA
SRR23603840	PRJNA938154	SRX19488774	SAMN33426991	NO_FLAG					Deciphering the determinants of recombinant protein yield across the human secretome	P6975_163	Illumina HiSeq 2500 sequencing: GSM7061412: P6975_163 Cricetulus griseus RNA-Seq	cDNA
SRR23603842	PRJNA938154	SRX19488732	SAMN33427013	NO_FLAG					Deciphering the determinants of recombinant protein yield across the human secretome	P6975_141	Illumina HiSeq 2500 sequencing: GSM7061390: P6975_141 Cricetulus griseus RNA-Seq	cDNA
SRR23603846	PRJNA938154	SRX19488728	SAMN33427017	NO_FLAG					Deciphering the determinants of recombinant protein yield across the human secretome	P6975_137	Illumina HiSeq 2500 sequencing: GSM7061386: P6975_137 Cricetulus griseus RNA-Seq	cDNA
SRR23603850	PRJNA938154	SRX19488724	SAMN33427021	NO_FLAG					Deciphering the determinants of recombinant protein yield across the human secretome	P6975_133	Illumina HiSeq 2500 sequencing: GSM7061382: P6975_133 Cricetulus griseus RNA-Seq	cDNA
SRR23603854	PRJNA938154	SRX19488720	SAMN33427025	NO_FLAG					Deciphering the determinants of recombinant protein yield across the human secretome	P6975_129	Illumina HiSeq 2500 sequencing: GSM7061378: P6975_129 Cricetulus griseus RNA-Seq	cDNA
SRR23603860	PRJNA938154	SRX19488714	SAMN33427031	NO_FLAG					Deciphering the determinants of recombinant protein yield across the human secretome	P6975_123	Illumina HiSeq 2500 sequencing: GSM7061372: P6975_123 Cricetulus griseus RNA-Seq	cDNA
SRR23603870	PRJNA938154	SRX19488704	SAMN33427041	NO_FLAG					Deciphering the determinants of recombinant protein yield across the human secretome	P6975_113	Illumina HiSeq 2500 sequencing: GSM7061362: P6975_113 Cricetulus griseus RNA-Seq	cDNA
SRR23603880	PRJNA938154	SRX19488694	SAMN33427051	NO_FLAG					Deciphering the determinants of recombinant protein yield across the human secretome	P6975_103	Illumina HiSeq 2500 sequencing: GSM7061352: P6975_103 Cricetulus griseus RNA-Seq	cDNA
SRR23603881	PRJNA938154	SRX19488693	SAMN33427052	NO_FLAG					Deciphering the determinants of recombinant protein yield across the human secretome	P6975_102	Illumina HiSeq 2500 sequencing: GSM7061351: P6975_102 Cricetulus griseus RNA-Seq	cDNA
SRR24099909	PRJNA953054	SRX19900042	SAMN34105237	NO_FLAG					Hexokinase 2 and lactate mediated gene expression via histone H3 lysine 18 lactylation (CHO RNA-Seq)	CHO_EV_rep1	Illumina NovaSeq 6000 sequencing: GSM7156045: CHO_EV_rep1 Cricetulus griseus RNA-Seq	cDNA
SRR24650918	PRJNA974014	SRX20431020	SAMN35159393	NO_FLAG					Heritable non-genetic phenotypes are enriched for stress responses as a form of bet hedging	StressFB_Day5_Flask13_Fed-Batch-5-13	Illumina HiSeq 4000 sequencing: GSM7383740: StressFB_Day5_Flask13_Fed-Batch-5-13 Cricetulus griseus RNA-Seq	cDNA
SRR24650920	PRJNA974014	SRX20431018	SAMN35159395	NO_FLAG					Heritable non-genetic phenotypes are enriched for stress responses as a form of bet hedging	StressFB_Day5_Flask11_Fed-Batch-5-11	Illumina HiSeq 4000 sequencing: GSM7383738: StressFB_Day5_Flask11_Fed-Batch-5-11 Cricetulus griseus RNA-Seq	cDNA
SRR24650929	PRJNA974014	SRX20431009	SAMN35159428	NO_FLAG					Heritable non-genetic phenotypes are enriched for stress responses as a form of bet hedging	NoiseControl_Sample21_Bulk-Population-21	Illumina HiSeq 4000 sequencing: GSM7383705: NoiseControl_Sample21_Bulk-Population-21 Cricetulus griseus RNA-Seq	cDNA
SRR24650931	PRJNA974014	SRX20431007	SAMN35159430	NO_FLAG					Heritable non-genetic phenotypes are enriched for stress responses as a form of bet hedging	NoiseControl_Sample19_Bulk-Population-19	Illumina HiSeq 4000 sequencing: GSM7383703: NoiseControl_Sample19_Bulk-Population-19 Cricetulus griseus RNA-Seq	cDNA
SRR24650938	PRJNA974014	SRX20431000	SAMN35159461	NO_FLAG					Heritable non-genetic phenotypes are enriched for stress responses as a form of bet hedging	MemorySeq_Sample28_Single-Cell-28	Illumina HiSeq 4000 sequencing: GSM7383672: MemorySeq_Sample28_Single-Cell-28 Cricetulus griseus RNA-Seq	cDNA
SRR24650942	PRJNA974014	SRX20430996	SAMN35159401	NO_FLAG					Heritable non-genetic phenotypes are enriched for stress responses as a form of bet hedging	StressFB_Day5_Flask5_Fed-Batch-5-5	Illumina HiSeq 4000 sequencing: GSM7383732: StressFB_Day5_Flask5_Fed-Batch-5-5 Cricetulus griseus RNA-Seq	cDNA
SRR24650944	PRJNA974014	SRX20430994	SAMN35159403	NO_FLAG					Heritable non-genetic phenotypes are enriched for stress responses as a form of bet hedging	StressFB_Day5_Flask3_Fed-Batch-5-3	Illumina HiSeq 4000 sequencing: GSM7383730: StressFB_Day5_Flask3_Fed-Batch-5-3 Cricetulus griseus RNA-Seq	cDNA
SRR24650953	PRJNA974014	SRX20430985	SAMN35159436	NO_FLAG					Heritable non-genetic phenotypes are enriched for stress responses as a form of bet hedging	NoiseControl_Sample13_Bulk-Population-13	Illumina HiSeq 4000 sequencing: GSM7383697: NoiseControl_Sample13_Bulk-Population-13 Cricetulus griseus RNA-Seq	cDNA
SRR24650955	PRJNA974014	SRX20430983	SAMN35159438	NO_FLAG					Heritable non-genetic phenotypes are enriched for stress responses as a form of bet hedging	NoiseControl_Sample11_Bulk-Population-11	Illumina HiSeq 4000 sequencing: GSM7383695: NoiseControl_Sample11_Bulk-Population-11 Cricetulus griseus RNA-Seq	cDNA
SRR24650959	PRJNA974014	SRX20430979	SAMN35159466	NO_FLAG					Heritable non-genetic phenotypes are enriched for stress responses as a form of bet hedging	MemorySeq_Sample22_Single-Cell-22	Illumina HiSeq 4000 sequencing: GSM7383667: MemorySeq_Sample22_Single-Cell-22 Cricetulus griseus RNA-Seq	cDNA
SRR24650968	PRJNA974014	SRX20430970	SAMN35159411	NO_FLAG					Heritable non-genetic phenotypes are enriched for stress responses as a form of bet hedging	NoiseControl_Sample38_Bulk-Population-38	Illumina HiSeq 4000 sequencing: GSM7383722: NoiseControl_Sample38_Bulk-Population-38 Cricetulus griseus RNA-Seq	cDNA
SRR24650971	PRJNA974014	SRX20430967	SAMN35159414	NO_FLAG					Heritable non-genetic phenotypes are enriched for stress responses as a form of bet hedging	NoiseControl_Sample35_Bulk-Population-35	Illumina HiSeq 4000 sequencing: GSM7383719: NoiseControl_Sample35_Bulk-Population-35 Cricetulus griseus RNA-Seq	cDNA
SRR24650974	PRJNA974014	SRX20430964	SAMN35159441	NO_FLAG					Heritable non-genetic phenotypes are enriched for stress responses as a form of bet hedging	NoiseControl_Sample8_Bulk-Population-8	Illumina HiSeq 4000 sequencing: GSM7383692: NoiseControl_Sample8_Bulk-Population-8 Cricetulus griseus RNA-Seq	cDNA
SRR24650976	PRJNA974014	SRX20430962	SAMN35159443	NO_FLAG					Heritable non-genetic phenotypes are enriched for stress responses as a form of bet hedging	NoiseControl_Sample6_Bulk-Population-6	Illumina HiSeq 4000 sequencing: GSM7383690: NoiseControl_Sample6_Bulk-Population-6 Cricetulus griseus RNA-Seq	cDNA
SRR24650980	PRJNA974014	SRX20430958	SAMN35159447	NO_FLAG					Heritable non-genetic phenotypes are enriched for stress responses as a form of bet hedging	NoiseControl_Sample2_Bulk-Population-2	Illumina HiSeq 4000 sequencing: GSM7383686: NoiseControl_Sample2_Bulk-Population-2 Cricetulus griseus RNA-Seq	cDNA
SRR24650983	PRJNA974014	SRX20430955	SAMN35159474	NO_FLAG					Heritable non-genetic phenotypes are enriched for stress responses as a form of bet hedging	MemorySeq_Sample14_Single-Cell-14	Illumina HiSeq 4000 sequencing: GSM7383659: MemorySeq_Sample14_Single-Cell-14 Cricetulus griseus RNA-Seq	cDNA
SRR24650987	PRJNA974014	SRX20430951	SAMN35159478	NO_FLAG					Heritable non-genetic phenotypes are enriched for stress responses as a form of bet hedging	MemorySeq_Sample10_Single-Cell-10	Illumina HiSeq 4000 sequencing: GSM7383655: MemorySeq_Sample10_Single-Cell-10 Cricetulus griseus RNA-Seq	cDNA
SRR24650990	PRJNA974014	SRX20430948	SAMN35159481	NO_FLAG					Heritable non-genetic phenotypes are enriched for stress responses as a form of bet hedging	MemorySeq_Sample7_Single-Cell-7	Illumina HiSeq 4000 sequencing: GSM7383652: MemorySeq_Sample7_Single-Cell-7 Cricetulus griseus RNA-Seq	cDNA
SRR24651000	PRJNA974014	SRX20431033	SAMN35159419	NO_FLAG					Heritable non-genetic phenotypes are enriched for stress responses as a form of bet hedging	NoiseControl_Sample30_Bulk-Population-30	Illumina HiSeq 4000 sequencing: GSM7383714: NoiseControl_Sample30_Bulk-Population-30 Cricetulus griseus RNA-Seq	cDNA
ERR3972087	PRJEB37009	ERX3975424	SAMEA6602845	NO_FLAG					Directed Evolution Approach to enhance Efficiency and Speed of Outgrowth during Single Cell Subcloning of Chinese Hamster Ovary Cells	Expression profile of CHO K1 8mM replicate 2	Illumina HiSeq 2500 sequencing	Inverse rRNA selection
ERR3972094	PRJEB37009	ERX3975431	SAMEA6602852	NO_FLAG					Directed Evolution Approach to enhance Efficiency and Speed of Outgrowth during Single Cell Subcloning of Chinese Hamster Ovary Cells	Expression profile of CHO K1 Hy replicate 1	Illumina HiSeq 2500 sequencing	Inverse rRNA selection
SRR18502230	PRJNA820638	SRX14633666	SAMN27019293	NO_FLAG					Distinct cellular tools of mild hyperthermia-induced acquired stress tolerance in Chinese Hamster Ovary cells	CHO 40Â°C_6h_A3	NextSeq 550 sequencing: GSM5974760: CHO 40Â°C_6h_A3 Cricetulus griseus RNA-Seq	cDNA
SRR18502234	PRJNA820638	SRX14633662	SAMN27019297	NO_FLAG					Distinct cellular tools of mild hyperthermia-induced acquired stress tolerance in Chinese Hamster Ovary cells	CHO 40Â°C_1h_A2	NextSeq 550 sequencing: GSM5974756: CHO 40Â°C_1h_A2 Cricetulus griseus RNA-Seq	cDNA
SRR3401399	PRJNA318741	SRX1712536	SAMN04867124	NO_FLAG					CHO RNA-seq	Sample from suspension CHO-K1 cells exponential phase	Illumina HiSeq 2000 sequencing: RNA-Seq of CHO cell: CHO-K1 cells in exponential growth phase	unspecified
SRR36222941	PRJNA1363687	SRX31258994	SAMN53215351	NO_FLAG					Transcriptomic response of CHO cells in response to tunicamycin-induced ER stress	CHO_C_C2	NextSeq 550 sequencing: RNASeq of CHO_C cells non-treated on day 4 of batch culture_Biological Replicate 2	RANDOM
SRR36663596	PRJNA1397464	SRX31674380	SAMN54431546	NO_FLAG					Research on IGF2BP2 in CHO cells	Model organism or animal sample from Cricetulus griseus	Illumina NovaSeq 6000 sequencing: Lip3	cDNA
SRR36663601	PRJNA1397464	SRX31674375	SAMN54431541	NO_FLAG					Research on IGF2BP2 in CHO cells	Model organism or animal sample from Cricetulus griseus	Illumina NovaSeq 6000 sequencing: BP2_1	cDNA
SRR36699390	PRJNA1399147	SRX31707198	SAMN54474210	NO_FLAG					RNA-seq of CHO cells treated with a small-molecule ISR activator and DMSO control	CHO_DMSO_rep2	Illumina NovaSeq X sequencing: CHO_DMSO_rep2	PolyA
SRR36699394	PRJNA1399147	SRX31707194	SAMN54474212	NO_FLAG					RNA-seq of CHO cells treated with a small-molecule ISR activator and DMSO control	CHO_ISRAC-B_rep1	Illumina NovaSeq X sequencing: CHO_ISRAC-B_rep1	PolyA
SRR10493807	PRJNA590486	SRX7182895	SAMN13327504	NO_FLAG					Defining lncRNAs Associated with CHO Cell Growth and IgG Productivity by RNA-Seq I	3068 Day 4 Rep2	Illumina HiSeq 4000 sequencing: GSM4176479: 3068 Day 4 Rep2 Cricetulus griseus RNA-Seq	cDNA
SRR10493819	PRJNA590486	SRX7182907	SAMN13327542	NO_FLAG					Defining lncRNAs Associated with CHO Cell Growth and IgG Productivity by RNA-Seq I	3080 Day 7 Rep2	Illumina HiSeq 4000 sequencing: GSM4176491: 3080 Day 7 Rep2 Cricetulus griseus RNA-Seq	cDNA
SRR10493854	PRJNA590485	SRX7182942	SAMN13327590	NO_FLAG					Defining lncRNAs Associated with CHO Cell Growth and IgG Productivity by RNA-Seq II	3068 Seed train rep3 (dataset 2)	Illumina HiSeq 4000 sequencing: GSM4177581: 3068 Seed train rep3 (dataset 2) Cricetulus griseus RNA-Seq	cDNA
SRR10493855	PRJNA590485	SRX7182943	SAMN13327589	NO_FLAG					Defining lncRNAs Associated with CHO Cell Growth and IgG Productivity by RNA-Seq II	3080 Day 4 rep1 (dataset 2)	Illumina HiSeq 4000 sequencing: GSM4177583: 3080 Day 4 rep1 (dataset 2) Cricetulus griseus RNA-Seq	cDNA
SRR10493858	PRJNA590485	SRX7182946	SAMN13327587	NO_FLAG					Defining lncRNAs Associated with CHO Cell Growth and IgG Productivity by RNA-Seq II	3080 Day 7 rep1 (dataset 2)	Illumina HiSeq 4000 sequencing: GSM4177587: 3080 Day 7 rep1 (dataset 2) Cricetulus griseus RNA-Seq	cDNA
SRR10493861	PRJNA590485	SRX7182949	SAMN13327584	NO_FLAG					Defining lncRNAs Associated with CHO Cell Growth and IgG Productivity by RNA-Seq II	3080 Seed train rep1 (dataset 2)	Illumina HiSeq 4000 sequencing: GSM4177592: 3080 Seed train rep1 (dataset 2) Cricetulus griseus RNA-Seq	cDNA
SRR10493866	PRJNA590485	SRX7182954	SAMN13327577	NO_FLAG					Defining lncRNAs Associated with CHO Cell Growth and IgG Productivity by RNA-Seq II	3936 Day 4 rep3 (dataset 2)	Illumina HiSeq 4000 sequencing: GSM4177600: 3936 Day 4 rep3 (dataset 2) Cricetulus griseus RNA-Seq	cDNA
SRR10493871	PRJNA590485	SRX7182959	SAMN13327568	NO_FLAG					Defining lncRNAs Associated with CHO Cell Growth and IgG Productivity by RNA-Seq II	3936 Seed train rep2 (dataset 2)	Illumina HiSeq 4000 sequencing: GSM4177608: 3936 Seed train rep2 (dataset 2) Cricetulus griseus RNA-Seq	cDNA
SRR22143445	PRJNA896947	SRX18122734	SAMN31573491	NO_FLAG					EccDNA of a CHO-K1 clone	Model organism or animal sample from Cricetulus griseus	Illumina NovaSeq 6000 sequencing: RNA-seq of CHO-K1	DNase
SRR22143446	PRJNA896947	SRX18122733	SAMN31573491	NO_FLAG					EccDNA of a CHO-K1 clone	Model organism or animal sample from Cricetulus griseus	Illumina NovaSeq 6000 sequencing: RNA-seq of CHO-K1	DNase
SRR22143447	PRJNA896947	SRX18122732	SAMN31573491	NO_FLAG					EccDNA of a CHO-K1 clone	Model organism or animal sample from Cricetulus griseus	Illumina NovaSeq 6000 sequencing: RNA-seq of CHO-K1	DNase
SRR22246881	PRJNA899862	SRX18223550	SAMN31670990	NO_FLAG					Timecourse RNA Sequencing of three CHO cell lines: non-producing CHOZNÂ®GS-/-, an IgG1 producer, and an EPO-Fc producer	ZN_D3_3	Illumina NovaSeq 6000 sequencing: GSM6723619: ZN_D3_3 Cricetulus griseus RNA-Seq	cDNA
SRR22246891	PRJNA899862	SRX18223540	SAMN31671000	NO_FLAG					Timecourse RNA Sequencing of three CHO cell lines: non-producing CHOZNÂ®GS-/-, an IgG1 producer, and an EPO-Fc producer	ZN_D1_2	Illumina NovaSeq 6000 sequencing: GSM6723609: ZN_D1_2 Cricetulus griseus RNA-Seq	cDNA
SRR22246896	PRJNA899862	SRX18223535	SAMN31671002	NO_FLAG					Timecourse RNA Sequencing of three CHO cell lines: non-producing CHOZNÂ®GS-/-, an IgG1 producer, and an EPO-Fc producer	E33_D0_3	Illumina NovaSeq 6000 sequencing: GSM6723607: E33_D0_3 Cricetulus griseus RNA-Seq	cDNA
SRR22246901	PRJNA899862	SRX18223530	SAMN31671007	NO_FLAG					Timecourse RNA Sequencing of three CHO cell lines: non-producing CHOZNÂ®GS-/-, an IgG1 producer, and an EPO-Fc producer	I23_D0_1	Illumina NovaSeq 6000 sequencing: GSM6723602: I23_D0_1 Cricetulus griseus RNA-Seq	cDNA
SRR28349049	PRJNA1088164	SRX23955097	SAMN40463203	NO_FLAG					Systems biology analysis of CHO cell clonal variation	Model organism or animal sample from Cricetulus griseus	Illumina NovaSeq 6000 sequencing: RNA-seq of cricetulus griseus (CHO-S)	PCR
SRR28349050	PRJNA1088164	SRX23955096	SAMN40463202	NO_FLAG					Systems biology analysis of CHO cell clonal variation	Model organism or animal sample from Cricetulus griseus	Illumina NovaSeq 6000 sequencing: RNA-seq of cricetulus griseus (CHO-S)	PCR
SRR28349057	PRJNA1088164	SRX23955089	SAMN40463209	NO_FLAG					Systems biology analysis of CHO cell clonal variation	Model organism or animal sample from Cricetulus griseus	Illumina NovaSeq 6000 sequencing: RNA-seq of cricetulus griseus (CHO-S)	PCR
SRR28349062	PRJNA1088164	SRX23955084	SAMN40463196	NO_FLAG					Systems biology analysis of CHO cell clonal variation	Model organism or animal sample from Cricetulus griseus	Illumina NovaSeq 6000 sequencing: RNA-seq of cricetulus griseus (CHO-S)	PCR
SRR28349063	PRJNA1088164	SRX23955083	SAMN40463195	NO_FLAG					Systems biology analysis of CHO cell clonal variation	Model organism or animal sample from Cricetulus griseus	Illumina NovaSeq 6000 sequencing: RNA-seq of cricetulus griseus (CHO-S)	PCR
SRR2922597	PRJNA302601	SRX1436207	SAMN04275174	NO_FLAG					Revealing suspension adapation of CHO cell in serum free media	SUS0_1	Illumina MiSeq sequencing: GSM1942561: SUS0_1 Cricetulus griseus RNA-Seq	cDNA
SRR2922602	PRJNA302601	SRX1436212	SAMN04275179	NO_FLAG					Revealing suspension adapation of CHO cell in serum free media	SUS2_2	Illumina MiSeq sequencing: GSM1942566: SUS2_2 Cricetulus griseus RNA-Seq	cDNA
SRR2922604	PRJNA302601	SRX1436214	SAMN04275181	NO_FLAG					Revealing suspension adapation of CHO cell in serum free media	SUS3_2	Illumina MiSeq sequencing: GSM1942568: SUS3_2 Cricetulus griseus RNA-Seq	cDNA
SRR2922605	PRJNA302601	SRX1436215	SAMN04275182	NO_FLAG					Revealing suspension adapation of CHO cell in serum free media	SUS4_1	Illumina MiSeq sequencing: GSM1942569: SUS4_1 Cricetulus griseus RNA-Seq	cDNA
SRR29441693	PRJNA1123849	SRX24954111	SAMN41829161	NO_FLAG					Transcriptomic Responses of HHBN-Treated CHO-K1 Cells	Model organism or animal sample from Cricetulus griseus	Illumina NovaSeq 6000 sequencing: RNA-seq of cricetulus griseus picr: exposure to 3,5-dibromo-2-hydroxybenzonitrile	PCR
SRR29441695	PRJNA1123849	SRX24954109	SAMN41829159	NO_FLAG					Transcriptomic Responses of HHBN-Treated CHO-K1 Cells	Model organism or animal sample from Cricetulus griseus	Illumina NovaSeq 6000 sequencing: RNA-seq of cricetulus griseus picr: exposure to 3,5-dibromo-2-hydroxybenzonitrile	PCR
SRR29441696	PRJNA1123849	SRX24954108	SAMN41829158	NO_FLAG					Transcriptomic Responses of HHBN-Treated CHO-K1 Cells	Model organism or animal sample from Cricetulus griseus	Illumina NovaSeq 6000 sequencing: RNA-seq of cricetulus griseus picr: exposure to 3,5-dibromo-2-hydroxybenzonitrile	PCR
SRR29672913	PRJNA1130622	SRX25176402	SAMN42212540	NO_FLAG					CHO serum-free adaptation, temperature, pH, glucose		Illumina HiSeq 2500 sequencing: RNA-Seq of cricetulus griseus: low temperature/pH	cDNA_oligo_dT
SRR29672932	PRJNA1130622	SRX25176381	SAMN42212545	NO_FLAG					CHO serum-free adaptation, temperature, pH, glucose		Illumina HiSeq 2500 sequencing: RNA-Seq of cricetulus griseus: low temperature/pH	cDNA_oligo_dT
SRR2968323	PRJNA304606	SRX1457795	SAMN04305210	NO_FLAG					RNA-sequencing analysis of a wildtype CHO cell line (CHO-K1), a mutant CHO cell line (pgsA745) that lacks xylosyltransferase (XylT) activity, and pgsA745 stably transfected with XylT1 (pgsA745-XylT1).	CHOK1 rep1	Illumina HiSeq 2500 sequencing: GSM1958459: CHOK1 rep1 Cricetulus griseus RNA-Seq	cDNA
SRR3161765	PRJNA311594	SRX1570968	SAMN04501035	NO_FLAG					CHO-S transcriptome in batch culture	96h-1	Illumina HiSeq 2500 sequencing: GSM2059634: 96h-1 Cricetulus griseus RNA-Seq	cDNA
SRR3161770	PRJNA311594	SRX1570973	SAMN04501040	NO_FLAG					CHO-S transcriptome in batch culture	108h-2	Illumina HiSeq 2500 sequencing: GSM2059639: 108h-2 Cricetulus griseus RNA-Seq	cDNA
SRR3161778	PRJNA311594	SRX1570981	SAMN04501048	NO_FLAG					CHO-S transcriptome in batch culture	132h-2	Illumina HiSeq 2500 sequencing: GSM2059647: 132h-2 Cricetulus griseus RNA-Seq	cDNA
SRR3161784	PRJNA311594	SRX1570987	SAMN04501054	NO_FLAG					CHO-S transcriptome in batch culture	144h-4	Illumina HiSeq 2500 sequencing: GSM2059653: 144h-4 Cricetulus griseus RNA-Seq	cDNA
SRR3161789	PRJNA311594	SRX1570992	SAMN04501059	NO_FLAG					CHO-S transcriptome in batch culture	168h-1	Illumina HiSeq 2500 sequencing: GSM2059658: 168h-1 Cricetulus griseus RNA-Seq	cDNA
SRR3161793	PRJNA311594	SRX1570996	SAMN04501063	NO_FLAG					CHO-S transcriptome in batch culture	180h-1	Illumina HiSeq 2500 sequencing: GSM2059662: 180h-1 Cricetulus griseus RNA-Seq	cDNA
SRR3161796	PRJNA311594	SRX1570999	SAMN04501066	NO_FLAG					CHO-S transcriptome in batch culture	180h-4	Illumina HiSeq 2500 sequencing: GSM2059665: 180h-4 Cricetulus griseus RNA-Seq	cDNA
SRR3284457	PRJNA316065	SRX1655608	SAMN04574683	REVIEW_STUDY_CONTEXT_ONLY			ribosome_profiling		Ribosome profiling-guided depletion of an mRNA improves CHO cell growth and recombinant product titers	Day6_rep2_RNAseq	Illumina HiSeq 2500 sequencing: GSM2096526: Day6_rep2_RNAseq Cricetulus griseus RNA-Seq	cDNA
SRR3284458	PRJNA316065	SRX1655608	SAMN04574683	REVIEW_STUDY_CONTEXT_ONLY			ribosome_profiling		Ribosome profiling-guided depletion of an mRNA improves CHO cell growth and recombinant product titers	Day6_rep2_RNAseq	Illumina HiSeq 2500 sequencing: GSM2096526: Day6_rep2_RNAseq Cricetulus griseus RNA-Seq	cDNA
SRR33198158	PRJNA1252143	SRX28445678	SAMN48037645	NO_FLAG					Enhanced Production of HCV E1E2 Subunit Vaccine Candidates via Protein-Protein Interaction Identification in Glyco-engineered CHO cells	wt-like, Sppl3 KO, E1E2, Furin,clone1_1, rep1	Illumina NovaSeq X Plus sequencing: GSM8935928: wt-like, Sppl3 KO, E1E2, Furin,clone1_1, rep1 Cricetulus griseus RNA-Seq	cDNA
SRR33198160	PRJNA1252143	SRX28445677	SAMN48037646	NO_FLAG					Enhanced Production of HCV E1E2 Subunit Vaccine Candidates via Protein-Protein Interaction Identification in Glyco-engineered CHO cells	Cell-line 1, Sppl3/Mgat2/St3gal3/4/6/B3gnt2 KO, cell-line1, rep3	Illumina NovaSeq X Plus sequencing: GSM8935927: Cell-line 1, Sppl3/Mgat2/St3gal3/4/6/B3gnt2 KO, cell-line1, rep3 Cricetulus griseus RNA-Seq	cDNA
SRR33198161	PRJNA1252143	SRX28445676	SAMN48037647	NO_FLAG					Enhanced Production of HCV E1E2 Subunit Vaccine Candidates via Protein-Protein Interaction Identification in Glyco-engineered CHO cells	Cell-line 1, Sppl3/Mgat2/St3gal3/4/6/B3gnt2 KO, cell-line1, rep2	Illumina NovaSeq X Plus sequencing: GSM8935926: Cell-line 1, Sppl3/Mgat2/St3gal3/4/6/B3gnt2 KO, cell-line1, rep2 Cricetulus griseus RNA-Seq	cDNA
SRR33198166	PRJNA1252143	SRX28445671	SAMN48037652	NO_FLAG					Enhanced Production of HCV E1E2 Subunit Vaccine Candidates via Protein-Protein Interaction Identification in Glyco-engineered CHO cells	Cell-line 1, Sppl3/Mgat2/St3gal3/4/6/B3gnt2 KO, E1E2, Furin,cell-line1_17, rep3	Illumina NovaSeq X Plus sequencing: GSM8935920: Cell-line 1, Sppl3/Mgat2/St3gal3/4/6/B3gnt2 KO, E1E2, Furin,cell-line1_17, rep3 Cricetulus griseus RNA-Seq	cDNA
SRR33198168	PRJNA1252143	SRX28445669	SAMN48037654	NO_FLAG					Enhanced Production of HCV E1E2 Subunit Vaccine Candidates via Protein-Protein Interaction Identification in Glyco-engineered CHO cells	Cell-line 1, Sppl3/Mgat2/St3gal3/4/6/B3gnt2 KO, E1E2, Furin,cell-line1_17, rep1	Illumina NovaSeq X Plus sequencing: GSM8935918: Cell-line 1, Sppl3/Mgat2/St3gal3/4/6/B3gnt2 KO, E1E2, Furin,cell-line1_17, rep1 Cricetulus griseus RNA-Seq	cDNA
SRR33309095	PRJNA1254963	SRX28553915	SAMN48140364	NO_FLAG					In situ detection and amplification of protein-protein interactions can increase recombinant protein production	G12, Rituximab, rep3	Illumina NovaSeq X Plus sequencing: GSM8951146: G12, Rituximab, rep3 Cricetulus griseus RNA-Seq	cDNA
SRR33309100	PRJNA1254963	SRX28553910	SAMN48140369	NO_FLAG					In situ detection and amplification of protein-protein interactions can increase recombinant protein production	F1, Rituximab, rep1	Illumina NovaSeq X Plus sequencing: GSM8951141: F1, Rituximab, rep1 Cricetulus griseus RNA-Seq	cDNA
SRR33309101	PRJNA1254963	SRX28553909	SAMN48140370	NO_FLAG					In situ detection and amplification of protein-protein interactions can increase recombinant protein production	E10, Rituximab, rep3	Illumina NovaSeq X Plus sequencing: GSM8951140: E10, Rituximab, rep3 Cricetulus griseus RNA-Seq	cDNA
SRR33309103	PRJNA1254963	SRX28553907	SAMN48140372	NO_FLAG					In situ detection and amplification of protein-protein interactions can increase recombinant protein production	E10, Rituximab, rep1	Illumina NovaSeq X Plus sequencing: GSM8951138: E10, Rituximab, rep1 Cricetulus griseus RNA-Seq	cDNA
SRR33309109	PRJNA1254963	SRX28553901	SAMN48140378	NO_FLAG					In situ detection and amplification of protein-protein interactions can increase recombinant protein production	E7, Rituximab, rep1	Illumina NovaSeq X Plus sequencing: GSM8951132: E7, Rituximab, rep1 Cricetulus griseus RNA-Seq	cDNA
SRR33309113	PRJNA1254963	SRX28553896	SAMN48140383	NO_FLAG					In situ detection and amplification of protein-protein interactions can increase recombinant protein production	B5, Rituximab, rep2	Illumina NovaSeq X Plus sequencing: GSM8951127: B5, Rituximab, rep2 Cricetulus griseus RNA-Seq	cDNA
SRR33309114	PRJNA1254963	SRX28553895	SAMN48140384	NO_FLAG					In situ detection and amplification of protein-protein interactions can increase recombinant protein production	B5, Rituximab, rep1	Illumina NovaSeq X Plus sequencing: GSM8951126: B5, Rituximab, rep1 Cricetulus griseus RNA-Seq	cDNA
SRR33309115	PRJNA1254963	SRX28553898	SAMN48140381	NO_FLAG					In situ detection and amplification of protein-protein interactions can increase recombinant protein production	E6, Rituximab, rep1	Illumina NovaSeq X Plus sequencing: GSM8951129: E6, Rituximab, rep1 Cricetulus griseus RNA-Seq	cDNA
SRR33309118	PRJNA1254963	SRX28553892	SAMN48140387	NO_FLAG					In situ detection and amplification of protein-protein interactions can increase recombinant protein production	B2, Rituximab, rep1	Illumina NovaSeq X Plus sequencing: GSM8951123: B2, Rituximab, rep1 Cricetulus griseus RNA-Seq	cDNA
SRR33309126	PRJNA1254963	SRX28553884	SAMN48140395	NO_FLAG					In situ detection and amplification of protein-protein interactions can increase recombinant protein production	CHO-S, Lama knockout, rep2	Illumina NovaSeq X Plus sequencing: GSM8951115: CHO-S, Lama knockout, rep2 Cricetulus griseus RNA-Seq	cDNA
SRR35653648	PRJNA1335855	SRX30705856	SAMN52025842	NO_FLAG					Research on M6A in CHO cells	Model organism or animal sample from Cricetulus griseus	Illumina NovaSeq 6000 sequencing: OE-ALKBH5-1	cDNA
SRR38262918	PRJNA1282762	SRX33099502	SAMN49662886	NO_FLAG					Shotgun Genetic Engineering	Model organism or animal sample from Cricetulus griseus	Illumina NovaSeq X Plus sequencing: RNA-Seq of Engineered Cricetulus griseus clone: female ovary	Oligo-dT
SRR3946106	PRJNA330832	SRX1971991	SAMN05426770	NO_FLAG					Cricetulus griseus Transcriptome or Gene expression	Gene expression in EGFR-TAM expressing CHO (Cricetulus griseus) cell lines	NextSeq 500 sequencing: EGFR-TAM signaling using RNASeq	RT-PCR
SRR3946108	PRJNA330832	SRX1971993	SAMN05426770	NO_FLAG					Cricetulus griseus Transcriptome or Gene expression	Gene expression in EGFR-TAM expressing CHO (Cricetulus griseus) cell lines	NextSeq 500 sequencing: EGFR-TAM signaling using RNASeq	RT-PCR
SRR3946110	PRJNA330832	SRX1971995	SAMN05426770	NO_FLAG					Cricetulus griseus Transcriptome or Gene expression	Gene expression in EGFR-TAM expressing CHO (Cricetulus griseus) cell lines	NextSeq 500 sequencing: EGFR-TAM signaling using RNASeq	RT-PCR
SRR39497723	PRJNA1489724	SRX34192515	SAMN61409209	NO_FLAG					RNA-seq analysis of multiplex CRISPR knockout gene sets in CHO-DG44-derived co-culture samples	100_DNAdam	Illumina NovaSeq 6000 sequencing: 100_DNAdam multiplex CRISPR gene-set co-culture RNA-seq replicate 3	PolyA
SRR39499716	PRJNA1489724	SRX34194511	SAMN61409214	NO_FLAG					RNA-seq analysis of multiplex CRISPR knockout gene sets in CHO-DG44-derived co-culture samples	101_TGFbeta	Illumina NovaSeq 6000 sequencing: 101_TGFbeta multiplex CRISPR gene-set co-culture RNA-seq replicate 4	PolyA
SRR39505007	PRJNA1489724	SRX34199678	SAMN61409222	NO_FLAG					RNA-seq analysis of multiplex CRISPR knockout gene sets in CHO-DG44-derived co-culture samples	152_Immune	Illumina NovaSeq 6000 sequencing: 152_Immune multiplex CRISPR gene-set co-culture RNA-seq replicate 4	PolyA
SRR39505009	PRJNA1489724	SRX34199676	SAMN61409220	NO_FLAG					RNA-seq analysis of multiplex CRISPR knockout gene sets in CHO-DG44-derived co-culture samples	152_Immune	Illumina NovaSeq 6000 sequencing: 152_Immune multiplex CRISPR gene-set co-culture RNA-seq replicate 2	PolyA
SRR39506912	PRJNA1489724	SRX34201582	SAMN61409226	NO_FLAG					RNA-seq analysis of multiplex CRISPR knockout gene sets in CHO-DG44-derived co-culture samples	154_Biogenesis	Illumina NovaSeq 6000 sequencing: 154_Biogenesis multiplex CRISPR gene-set co-culture RNA-seq replicate 4	PolyA
SRR39506913	PRJNA1489724	SRX34201581	SAMN61409225	NO_FLAG					RNA-seq analysis of multiplex CRISPR knockout gene sets in CHO-DG44-derived co-culture samples	154_Biogenesis	Illumina NovaSeq 6000 sequencing: 154_Biogenesis multiplex CRISPR gene-set co-culture RNA-seq replicate 3	PolyA
SRR39561849	PRJNA1492564	SRX34250725	SAMN61510926	NO_FLAG					DTT-induced transcriptome profiling reveals divergent ER proteostasis and stress-adaptation programs in CHO-S and apoptosis-resistant CHO-4BGD producer cell lines	HB8 producer clone replicate 2 DTT-treated	DNBSEQ-G400 sequencing: HB8 producer clone replicate 2 DTT-treated	PolyA
SRR39561858	PRJNA1492564	SRX34250716	SAMN61510927	NO_FLAG					DTT-induced transcriptome profiling reveals divergent ER proteostasis and stress-adaptation programs in CHO-S and apoptosis-resistant CHO-4BGD producer cell lines	HB8 producer clone replicate 3 untreated control	DNBSEQ-G400 sequencing: HB8 producer clone replicate 3 untreated control	PolyA
SRR40188913	PRJNA1497331	SRX34813910	SAMN61798547	NO_FLAG					Coordinated bioprocess optimization and Tcf7l1 overexpression synergistically increase recombinant antibody production in CHO cells	Model organism or animal sample from Cricetulus griseus	Illumina NovaSeq X Plus sequencing: RNA-seq of CHO cells	RT-PCR
SRR40310829	PRJNA1516528	SRX34926297	SAMN62608409	NO_FLAG					Transcriptomic profiling of exon-specific glutamine synthetase knockout CHO cell lines	Model organism or animal sample from Cricetulus griseus	Illumina NovaSeq 6000 sequencing: RNA-seq of E7 GS-knockout CHO cells, biological replicate 1	cDNA
SRR7770748	PRJNA488640	SRX4626203	SAMN09938577	NO_FLAG					Efferocytosis induces a novel SLC program to promote glucose uptake and lactate release	Phagocytes + Apoptotic Cells 3	NextSeq 500 sequencing: GSM3362984: Phagocytes + Apoptotic Cells 3 Cricetulus griseus RNA-Seq	cDNA
SRR7779168	PRJNA489076	SRX4634288	SAMN09948071	NO_FLAG					Combating viral contaminants in CHO cells by engineering innate immunity	VSV-1 m	NextSeq 500 sequencing: GSM3373941: VSV-1 m Cricetulus griseus RNA-Seq	cDNA
SRR7779171	PRJNA489076	SRX4634291	SAMN09948086	NO_FLAG					Combating viral contaminants in CHO cells by engineering innate immunity	VSV-1 V+m	NextSeq 500 sequencing: GSM3373944: VSV-1 V+m Cricetulus griseus RNA-Seq	cDNA
SRR7779172	PRJNA489076	SRX4634292	SAMN09948085	NO_FLAG					Combating viral contaminants in CHO cells by engineering innate immunity	VSV-1 V+poly	NextSeq 500 sequencing: GSM3373945: VSV-1 V+poly Cricetulus griseus RNA-Seq	cDNA
SRR7779174	PRJNA489076	SRX4634294	SAMN09948083	NO_FLAG					Combating viral contaminants in CHO cells by engineering innate immunity	VSV-2 m	NextSeq 500 sequencing: GSM3373947: VSV-2 m Cricetulus griseus RNA-Seq	cDNA
SRR7779177	PRJNA489076	SRX4634297	SAMN09948081	NO_FLAG					Combating viral contaminants in CHO cells by engineering innate immunity	VSV-2 V+m	NextSeq 500 sequencing: GSM3373950: VSV-2 V+m Cricetulus griseus RNA-Seq	cDNA
SRR7779184	PRJNA489076	SRX4634304	SAMN09948073	NO_FLAG					Combating viral contaminants in CHO cells by engineering innate immunity	EMCV-1 V+poly	NextSeq 500 sequencing: GSM3373957: EMCV-1 V+poly Cricetulus griseus RNA-Seq	cDNA
SRR7779186	PRJNA489076	SRX4634306	SAMN09948104	NO_FLAG					Combating viral contaminants in CHO cells by engineering innate immunity	EMCV-2 m	NextSeq 500 sequencing: GSM3373959: EMCV-2 m Cricetulus griseus RNA-Seq	cDNA
SRR7779198	PRJNA489076	SRX4634318	SAMN09948092	NO_FLAG					Combating viral contaminants in CHO cells by engineering innate immunity	Reo-2 m	NextSeq 500 sequencing: GSM3373971: Reo-2 m Cricetulus griseus RNA-Seq	cDNA
SRR7779200	PRJNA489076	SRX4634320	SAMN09948090	NO_FLAG					Combating viral contaminants in CHO cells by engineering innate immunity	Reo-2 ifn	NextSeq 500 sequencing: GSM3373973: Reo-2 ifn Cricetulus griseus RNA-Seq	cDNA
SRR7779202	PRJNA489076	SRX4634322	SAMN09948088	NO_FLAG					Combating viral contaminants in CHO cells by engineering innate immunity	Reo-2 V+poly	NextSeq 500 sequencing: GSM3373975: Reo-2 V+poly Cricetulus griseus RNA-Seq	cDNA
SRR5812569	PRJNA393479	SRX2991088	SAMN07334556	NO_FLAG					High technical resolution transcriptomics analysis for CHO cells	LP biological replicate 3	Illumina HiSeq 2000 sequencing: GSM2696086: LP biological replicate 3 Cricetulus griseus RNA-Seq	cDNA
SRR5812575	PRJNA393479	SRX2991091	SAMN07334553	NO_FLAG					High technical resolution transcriptomics analysis for CHO cells	Subclone HP biological replicate 3	Illumina HiSeq 2500 sequencing: GSM2696089: Subclone HP biological replicate 3 Cricetulus griseus RNA-Seq	cDNA
SRR5812576	PRJNA393479	SRX2991092	SAMN07334552	NO_FLAG					High technical resolution transcriptomics analysis for CHO cells	Subclone LP biological replicate 1	Illumina HiSeq 2500 sequencing: GSM2696090: Subclone LP biological replicate 1 Cricetulus griseus RNA-Seq	cDNA
SRR5812581	PRJNA393479	SRX2991094	SAMN07334550	NO_FLAG					High technical resolution transcriptomics analysis for CHO cells	Subclone LP biological replicate 3	Illumina HiSeq 2500 sequencing: GSM2696092: Subclone LP biological replicate 3 Cricetulus griseus RNA-Seq	cDNA
SRR6232157	PRJNA319417	SRX3340585	SAMN04887243	NO_FLAG					Cricetulus griseus Raw sequence reads	Model organism or animal sample from Cricetulus griseus	Illumina HiSeq 2000 paired end sequencing: CHO _ 30 _SP	PolyA
SRR6232300	PRJNA319417	SRX3340727	SAMN04887242	NO_FLAG					Cricetulus griseus Raw sequence reads	Model organism or animal sample from Cricetulus griseus	Illumina HiSeq 2000 paired end sequencing: CHO_10% FBS	PolyA
SRR8165626	PRJNA504034	SRX4986360	SAMN10388072	NO_FLAG					Annotation improvement and retroviral element discovery in the Chinese hamster genome using proteogenomics	Model organism or animal sample from Cricetulus griseus	Illumina HiSeq 2500 sequencing: CellLine10_1R	unspecified
SRR8165637	PRJNA504034	SRX4986349	SAMN10388085	NO_FLAG					Annotation improvement and retroviral element discovery in the Chinese hamster genome using proteogenomics	Model organism or animal sample from Cricetulus griseus	Illumina HiSeq 2500 sequencing: CellLine14_2	unspecified
SRR8165657	PRJNA504034	SRX4986329	SAMN10388060	NO_FLAG					Annotation improvement and retroviral element discovery in the Chinese hamster genome using proteogenomics	Model organism or animal sample from Cricetulus griseus	Illumina HiSeq 2500 sequencing: CellLine6_1	unspecified
SRR8165665	PRJNA504034	SRX4986321	SAMN10388082	NO_FLAG					Annotation improvement and retroviral element discovery in the Chinese hamster genome using proteogenomics	Model organism or animal sample from Cricetulus griseus	Illumina HiSeq 2500 sequencing: CellLine13_2R	unspecified
SRR8165671	PRJNA504034	SRX4986315	SAMN10388083	NO_FLAG					Annotation improvement and retroviral element discovery in the Chinese hamster genome using proteogenomics	Model organism or animal sample from Cricetulus griseus	Illumina HiSeq 2500 sequencing: CellLine13_3R	unspecified
SRR9137503	PRJNA545135	SRX5910664	SAMN11875000	NO_FLAG					Interpreting an apoptotic corpse as anti-inflammatory involves a chloride sensing pathway	RaviLabHam.09: WT Phagocytes + Apoptotic Cells	NextSeq 500 sequencing: GSM3822307: RaviLabHam.09: WT Phagocytes + Apoptotic Cells Cricetulus griseus RNA-Seq	cDNA
SRR9151761	PRJNA545309	SRX5924877	SAMN11883833	NO_FLAG					Apoptotic cells actively release metabolite messanger with anti-inflammatory properties	FA-1	NextSeq 500 sequencing: GSM3827106: FA-1 Cricetulus griseus RNA-Seq	cDNA
SRR9151762	PRJNA545309	SRX5924878	SAMN11883832	NO_FLAG					Apoptotic cells actively release metabolite messanger with anti-inflammatory properties	FA-2	NextSeq 500 sequencing: GSM3827107: FA-2 Cricetulus griseus RNA-Seq	cDNA
SRR9151765	PRJNA545309	SRX5924881	SAMN11883829	NO_FLAG					Apoptotic cells actively release metabolite messanger with anti-inflammatory properties	DA-1	NextSeq 500 sequencing: GSM3827110: DA-1 Cricetulus griseus RNA-Seq	cDNA
SRR9621001	PRJNA551666	SRX6384005	SAMN12162721	NO_FLAG					Transcriptome profiles of antibody-producing CHO cells across different amplification strategies	CHO cells, A01_EXP_RLT	Illumina MiSeq sequencing: GSM3910580: CHO cells, A01_EXP_RLT Cricetulus griseus RNA-Seq	cDNA
SRR9621016	PRJNA551666	SRX6384009	SAMN12162717	NO_FLAG					Transcriptome profiles of antibody-producing CHO cells across different amplification strategies	CHO cells, A04_EXP_Duplicate	Illumina MiSeq sequencing: GSM3910584: CHO cells, A04_EXP_Duplicate Cricetulus griseus RNA-Seq	cDNA
SRR9621024	PRJNA551666	SRX6384011	SAMN12162715	NO_FLAG					Transcriptome profiles of antibody-producing CHO cells across different amplification strategies	CHO cells, A01_STA	Illumina MiSeq sequencing: GSM3910586: CHO cells, A01_STA Cricetulus griseus RNA-Seq	cDNA
SRR9621053	PRJNA551666	SRX6384018	SAMN12162708	NO_FLAG					Transcriptome profiles of antibody-producing CHO cells across different amplification strategies	CHO cells, A1-1_STA	Illumina MiSeq sequencing: GSM3910593: CHO cells, A1-1_STA Cricetulus griseus RNA-Seq	cDNA
SRR9621059	PRJNA551666	SRX6384020	SAMN12162706	NO_FLAG					Transcriptome profiles of antibody-producing CHO cells across different amplification strategies	CHO cells, A1-3_STA	Illumina MiSeq sequencing: GSM3910595: CHO cells, A1-3_STA Cricetulus griseus RNA-Seq	cDNA
SRR9621066	PRJNA551666	SRX6384021	SAMN12162705	NO_FLAG					Transcriptome profiles of antibody-producing CHO cells across different amplification strategies	CHO cells, NDST-1_EXP	Illumina MiSeq sequencing: GSM3910596: CHO cells, NDST-1_EXP Cricetulus griseus RNA-Seq	cDNA
SRR9621067	PRJNA551666	SRX6384022	SAMN12162704	NO_FLAG					Transcriptome profiles of antibody-producing CHO cells across different amplification strategies	CHO cells, NDST-2_EXP	Illumina MiSeq sequencing: GSM3910597: CHO cells, NDST-2_EXP Cricetulus griseus RNA-Seq	cDNA
SRR9621071	PRJNA551666	SRX6384023	SAMN12162703	NO_FLAG					Transcriptome profiles of antibody-producing CHO cells across different amplification strategies	CHO cells, NDST-3_EXP	Illumina MiSeq sequencing: GSM3910598: CHO cells, NDST-3_EXP Cricetulus griseus RNA-Seq	cDNA
SRR9621073	PRJNA551666	SRX6384023	SAMN12162703	NO_FLAG					Transcriptome profiles of antibody-producing CHO cells across different amplification strategies	CHO cells, NDST-3_EXP	Illumina MiSeq sequencing: GSM3910598: CHO cells, NDST-3_EXP Cricetulus griseus RNA-Seq	cDNA
SRR9621082	PRJNA551666	SRX6384025	SAMN12162725	NO_FLAG					Transcriptome profiles of antibody-producing CHO cells across different amplification strategies	CHO cells, NDST-2_STA	Illumina MiSeq sequencing: GSM3910600: CHO cells, NDST-2_STA Cricetulus griseus RNA-Seq	cDNA
SRR9621084	PRJNA551666	SRX6384026	SAMN12162724	NO_FLAG					Transcriptome profiles of antibody-producing CHO cells across different amplification strategies	CHO cells, NDST-3_STA	Illumina MiSeq sequencing: GSM3910601: CHO cells, NDST-3_STA Cricetulus griseus RNA-Seq	cDNA
SRR9703435	PRJNA555245	SRX6461460	SAMN12308450	NO_FLAG					The midbody acts as a translationally active membraneless organelle	Mitosis	Illumina HiSeq 2000 sequencing: GSM3950595: Mitosis Cricetulus griseus RNA-Seq	cDNA
DRR091430	PRJDB5737	DRX085006	SAMD00079368	NO_FLAG					Phenobarbital exposed CHO-K1 cells	0 mM phenobarbital exposed CHO-K1 cells	Illumina HiSeq 2000 sequencing: Illumina HiSeq 2000 sequencing of SAMD00079368	PolyA
DRR096597	PRJDB5897	DRX090093	SAMD00084268	NO_FLAG					Polyploid CHO cells	SC39m	NextSeq 500 sequencing: NextSeq 500 sequencing of SAMD00084268	PolyA
DRR096598	PRJDB5897	DRX090094	SAMD00084269	NO_FLAG					Polyploid CHO cells	SC20t	NextSeq 500 sequencing: NextSeq 500 sequencing of SAMD00084269	RANDOM
DRR096601	PRJDB5898	DRX090097	SAMD00084272	NO_FLAG					Mahafacyclin B exposed CHO-K1 cells	0.22 microM	NextSeq 500 sequencing: NextSeq 500 sequencing of SAMD00084272	PolyA
DRR096603	PRJDB5898	DRX090099	SAMD00084274	NO_FLAG					Mahafacyclin B exposed CHO-K1 cells	22 microM	NextSeq 500 sequencing: NextSeq 500 sequencing of SAMD00084274	PolyA
DRR099458	PRJDB6126	DRX092936	SAMD00089411	NO_FLAG					Transcriptome of cultured CHO-S cells	Chinese Hamster Ovary (CHO-S) cells, 3 days in culture, time lag from harvesting cells to protecting RNA: 30 min, technical replicate: 3	NextSeq 500 sequencing: NextSeq 500 sequencing of SAMD00089411	PolyA
DRR099460	PRJDB6126	DRX092938	SAMD00089413	NO_FLAG					Transcriptome of cultured CHO-S cells	Chinese Hamster Ovary (CHO-S) cells, 3 days in culture, time lag from harvesting cells to protecting RNA: 45 min, technical replicate: 2	NextSeq 500 sequencing: NextSeq 500 sequencing of SAMD00089413	PolyA
DRR099464	PRJDB6126	DRX092942	SAMD00089417	NO_FLAG					Transcriptome of cultured CHO-S cells	Chinese Hamster Ovary (CHO-S) cells, 3 days in culture, time lag from harvesting cells to protecting RNA: 60 min, technical replicate: 3	NextSeq 500 sequencing: NextSeq 500 sequencing of SAMD00089417	PolyA
DRR099473	PRJDB6126	DRX092951	SAMD00089426	NO_FLAG					Transcriptome of cultured CHO-S cells	Chinese Hamster Ovary (CHO-S) cells, 5 days in culture, time lag from harvesting cells to protecting RNA: 45 min, technical replicate: 3	NextSeq 500 sequencing: NextSeq 500 sequencing of SAMD00089426	PolyA
DRR099477	PRJDB6126	DRX092955	SAMD00089430	NO_FLAG					Transcriptome of cultured CHO-S cells	Chinese Hamster Ovary (CHO-S) cells, 6 days in culture, time lag from harvesting cells to protecting RNA: 15 min, technical replicate: 1	NextSeq 500 sequencing: NextSeq 500 sequencing of SAMD00089430	PolyA
DRR099481	PRJDB6126	DRX092959	SAMD00089434	NO_FLAG					Transcriptome of cultured CHO-S cells	Chinese Hamster Ovary (CHO-S) cells, 6 days in culture, time lag from harvesting cells to protecting RNA: 30 min, technical replicate: 2	NextSeq 500 sequencing: NextSeq 500 sequencing of SAMD00089434	PolyA
DRR099483	PRJDB6126	DRX092961	SAMD00089436	NO_FLAG					Transcriptome of cultured CHO-S cells	Chinese Hamster Ovary (CHO-S) cells, 6 days in culture, time lag from harvesting cells to protecting RNA: 45 min, technical replicate: 1	NextSeq 500 sequencing: NextSeq 500 sequencing of SAMD00089436	PolyA
DRR099485	PRJDB6126	DRX092963	SAMD00089438	NO_FLAG					Transcriptome of cultured CHO-S cells	Chinese Hamster Ovary (CHO-S) cells, 6 days in culture, time lag from harvesting cells to protecting RNA: 45 min, technical replicate: 3	NextSeq 500 sequencing: NextSeq 500 sequencing of SAMD00089438	PolyA
DRR099489	PRJDB6126	DRX092967	SAMD00089442	NO_FLAG					Transcriptome of cultured CHO-S cells	Chinese Hamster Ovary (CHO-S) cells, 7 days in culture, time lag from harvesting cells to protecting RNA: 15 min, technical replicate: 1	NextSeq 500 sequencing: NextSeq 500 sequencing of SAMD00089442	PolyA
DRR099493	PRJDB6126	DRX092971	SAMD00089446	NO_FLAG					Transcriptome of cultured CHO-S cells	Chinese Hamster Ovary (CHO-S) cells, 7 days in culture, time lag from harvesting cells to protecting RNA: 30 min, technical replicate: 2	NextSeq 500 sequencing: NextSeq 500 sequencing of SAMD00089446	PolyA
DRR099494	PRJDB6126	DRX092972	SAMD00089447	NO_FLAG					Transcriptome of cultured CHO-S cells	Chinese Hamster Ovary (CHO-S) cells, 7 days in culture, time lag from harvesting cells to protecting RNA: 30 min, technical replicate: 3	NextSeq 500 sequencing: NextSeq 500 sequencing of SAMD00089447	PolyA
DRR099495	PRJDB6126	DRX092973	SAMD00089448	NO_FLAG					Transcriptome of cultured CHO-S cells	Chinese Hamster Ovary (CHO-S) cells, 7 days in culture, time lag from harvesting cells to protecting RNA: 45 min, technical replicate: 1	NextSeq 500 sequencing: NextSeq 500 sequencing of SAMD00089448	PolyA
DRR164941	PRJDB7873	DRX155560	SAMD00156499	NO_FLAG					Thermal hysteresis in CHO K1, a Chinese Hamster (Cricetulus griseus) Ovary derived established cell line	CHO-K1_29_Celsius_degree_1 _rep2	NextSeq 500 sequencing: NextSeq 500 sequencing of SAMD00156499	PolyA
DRR164942	PRJDB7873	DRX155561	SAMD00156500	NO_FLAG					Thermal hysteresis in CHO K1, a Chinese Hamster (Cricetulus griseus) Ovary derived established cell line	CHO-K1_29_Celsius_degree_1 _rep3	NextSeq 500 sequencing: NextSeq 500 sequencing of SAMD00156500	PolyA
DRR164950	PRJDB7873	DRX155569	SAMD00156508	NO_FLAG					Thermal hysteresis in CHO K1, a Chinese Hamster (Cricetulus griseus) Ovary derived established cell line	CHO-K1_29_Celsius_degree_2_rep3	NextSeq 500 sequencing: NextSeq 500 sequencing of SAMD00156508	PolyA
DRR169271	PRJDB7945	DRX159885	SAMD00159354	NO_FLAG					Cell culture with semiconductor devices materials	Control_biological_replicate_3	NextSeq 500 sequencing: NextSeq 500 sequencing of SAMD00159354	cDNA
DRR169272	PRJDB7945	DRX159886	SAMD00159355	NO_FLAG					Cell culture with semiconductor devices materials	Control_biological_replicate_4	NextSeq 500 sequencing: NextSeq 500 sequencing of SAMD00159355	cDNA
DRR169278	PRJDB7945	DRX159892	SAMD00159361	NO_FLAG					Cell culture with semiconductor devices materials	Alminium_biological_replicate_5	NextSeq 500 sequencing: NextSeq 500 sequencing of SAMD00159361	cDNA
DRR169297	PRJDB7945	DRX159911	SAMD00159380	NO_FLAG					Cell culture with semiconductor devices materials	Tantalum_nitride_biological_replicate_4	NextSeq 500 sequencing: NextSeq 500 sequencing of SAMD00159380	cDNA
DRR169303	PRJDB7945	DRX159917	SAMD00159386	NO_FLAG					Cell culture with semiconductor devices materials	Titanium_nitride_biological_replicate_5	NextSeq 500 sequencing: NextSeq 500 sequencing of SAMD00159386	cDNA
DRR524604	PRJDB17021	DRX508486	SAMD00731272	NO_FLAG					RNA Sequencing of Chinese Hamster Cell lines	Total RNA of CHO-S cells	Illumina NovaSeq 6000 paired end sequencing: Illumina NovaSeq 6000 paired end sequencing of SAMD00731272	Oligo-dT
DRR524608	PRJDB17021	DRX508490	SAMD00731276	NO_FLAG					RNA Sequencing of Chinese Hamster Cell lines	Total RNA of CHO-S cells without PBS washing	Illumina NovaSeq 6000 paired end sequencing: Illumina NovaSeq 6000 paired end sequencing of SAMD00731276	Oligo-dT
DRR524616	PRJDB17021	DRX508498	SAMD00731284	NO_FLAG					RNA Sequencing of Chinese Hamster Cell lines	Total RNA of CHO-S cells, 5x10	Illumina NovaSeq 6000 paired end sequencing: Illumina NovaSeq 6000 paired end sequencing of SAMD00731284	Oligo-dT
DRR706781	PRJDB35724	DRX686805	SAMD01599752	NO_FLAG					Comparative transcriptomic profiling of CHO and fast-growing CHL-YN cells	CHO-DG44-1, Batch culture, exponential growth phase	NextSeq 500 paired end sequencing: NextSeq 500 paired end sequencing of SAMD01599752	PolyA
DRR706788	PRJDB35724	DRX686812	SAMD01599759	NO_FLAG					Comparative transcriptomic profiling of CHO and fast-growing CHL-YN cells	CHO-1, Batch culture, exponential growth phase	Illumina NovaSeq X paired end sequencing: Illumina NovaSeq X paired end sequencing of SAMD01599759	PolyA
ERR10745714	PRJEB55916	ERX10195014	SAMEA111345352	REVIEW_STUDY_CONTEXT_ONLY			metabolic_labeling		SLAM-seq Reveals Early Transcriptomic Response Mechanisms upon Glutamine Deprivation in Chinese Hamster Ovary Cells	132344_4	Illumina NovaSeq 6000 sequencing	Inverse rRNA selection
ERR10745718	PRJEB55916	ERX10195018	SAMEA111345356	REVIEW_STUDY_CONTEXT_ONLY			metabolic_labeling		SLAM-seq Reveals Early Transcriptomic Response Mechanisms upon Glutamine Deprivation in Chinese Hamster Ovary Cells	132345_4	Illumina NovaSeq 6000 sequencing	Inverse rRNA selection
ERR10745724	PRJEB55916	ERX10195024	SAMEA111345362	REVIEW_STUDY_CONTEXT_ONLY			metabolic_labeling		SLAM-seq Reveals Early Transcriptomic Response Mechanisms upon Glutamine Deprivation in Chinese Hamster Ovary Cells	132347_3	Illumina NovaSeq 6000 sequencing	Inverse rRNA selection
ERR10745725	PRJEB55916	ERX10195025	SAMEA111345363	REVIEW_STUDY_CONTEXT_ONLY			metabolic_labeling		SLAM-seq Reveals Early Transcriptomic Response Mechanisms upon Glutamine Deprivation in Chinese Hamster Ovary Cells	132347_4	Illumina NovaSeq 6000 sequencing	Inverse rRNA selection
ERR10745736	PRJEB55916	ERX10195036	SAMEA111345374	REVIEW_STUDY_CONTEXT_ONLY			metabolic_labeling		SLAM-seq Reveals Early Transcriptomic Response Mechanisms upon Glutamine Deprivation in Chinese Hamster Ovary Cells	132350_3	Illumina NovaSeq 6000 sequencing	Inverse rRNA selection
ERR10745739	PRJEB55916	ERX10195039	SAMEA111345377	REVIEW_STUDY_CONTEXT_ONLY			metabolic_labeling		SLAM-seq Reveals Early Transcriptomic Response Mechanisms upon Glutamine Deprivation in Chinese Hamster Ovary Cells	132351_2	Illumina NovaSeq 6000 sequencing	Inverse rRNA selection
ERR10745742	PRJEB55916	ERX10195042	SAMEA111345380	REVIEW_STUDY_CONTEXT_ONLY			metabolic_labeling		SLAM-seq Reveals Early Transcriptomic Response Mechanisms upon Glutamine Deprivation in Chinese Hamster Ovary Cells	132352_1	Illumina NovaSeq 6000 sequencing	Inverse rRNA selection
ERR10745743	PRJEB55916	ERX10195043	SAMEA111345381	REVIEW_STUDY_CONTEXT_ONLY			metabolic_labeling		SLAM-seq Reveals Early Transcriptomic Response Mechanisms upon Glutamine Deprivation in Chinese Hamster Ovary Cells	132352_2	Illumina NovaSeq 6000 sequencing	Inverse rRNA selection
ERR10745750	PRJEB55916	ERX10195050	SAMEA111345388	REVIEW_STUDY_CONTEXT_ONLY			metabolic_labeling		SLAM-seq Reveals Early Transcriptomic Response Mechanisms upon Glutamine Deprivation in Chinese Hamster Ovary Cells	132354_1	Illumina NovaSeq 6000 sequencing	Inverse rRNA selection
ERR10745755	PRJEB55916	ERX10195055	SAMEA111345393	REVIEW_STUDY_CONTEXT_ONLY			metabolic_labeling		SLAM-seq Reveals Early Transcriptomic Response Mechanisms upon Glutamine Deprivation in Chinese Hamster Ovary Cells	132355_2	Illumina NovaSeq 6000 sequencing	Inverse rRNA selection
ERR15000457	PRJEB89701	ERX14404622	SAMEA118334022	NO_FLAG					Transcriptomic analysis of H1299, HEK293T and CHO-K1 treated with Filgotinib	Sample 13	Illumina NovaSeq 6000 sequencing: Transcriptomic analysis of H1299, HEK293T and CHO-K1 treated with Filgotinib	RANDOM
ERR15000458	PRJEB89701	ERX14404623	SAMEA118334023	NO_FLAG					Transcriptomic analysis of H1299, HEK293T and CHO-K1 treated with Filgotinib	Sample 14	Illumina NovaSeq 6000 sequencing: Transcriptomic analysis of H1299, HEK293T and CHO-K1 treated with Filgotinib	RANDOM
ERR15000461	PRJEB89701	ERX14404626	SAMEA118334026	NO_FLAG					Transcriptomic analysis of H1299, HEK293T and CHO-K1 treated with Filgotinib	Sample 17	Illumina NovaSeq 6000 sequencing: Transcriptomic analysis of H1299, HEK293T and CHO-K1 treated with Filgotinib	RANDOM
ERR15000462	PRJEB89701	ERX14404627	SAMEA118334027	NO_FLAG					Transcriptomic analysis of H1299, HEK293T and CHO-K1 treated with Filgotinib	Sample 18	Illumina NovaSeq 6000 sequencing: Transcriptomic analysis of H1299, HEK293T and CHO-K1 treated with Filgotinib	RANDOM
ERR15000469	PRJEB89701	ERX14404634	SAMEA118334034	NO_FLAG					Transcriptomic analysis of H1299, HEK293T and CHO-K1 treated with Filgotinib	Sample 24	Illumina NovaSeq 6000 sequencing: Transcriptomic analysis of H1299, HEK293T and CHO-K1 treated with Filgotinib	RANDOM
ERR15000470	PRJEB89701	ERX14404635	SAMEA118334035	NO_FLAG					Transcriptomic analysis of H1299, HEK293T and CHO-K1 treated with Filgotinib	Sample 25	Illumina NovaSeq 6000 sequencing: Transcriptomic analysis of H1299, HEK293T and CHO-K1 treated with Filgotinib	RANDOM
ERR15000472	PRJEB89701	ERX14404637	SAMEA118334037	NO_FLAG					Transcriptomic analysis of H1299, HEK293T and CHO-K1 treated with Filgotinib	Sample 27	Illumina NovaSeq 6000 sequencing: Transcriptomic analysis of H1299, HEK293T and CHO-K1 treated with Filgotinib	RANDOM
ERR15000474	PRJEB89701	ERX14404639	SAMEA118334039	NO_FLAG					Transcriptomic analysis of H1299, HEK293T and CHO-K1 treated with Filgotinib	Sample 29	Illumina NovaSeq 6000 sequencing: Transcriptomic analysis of H1299, HEK293T and CHO-K1 treated with Filgotinib	RANDOM
ERR15000478	PRJEB89701	ERX14404643	SAMEA118334043	NO_FLAG					Transcriptomic analysis of H1299, HEK293T and CHO-K1 treated with Filgotinib	Sample 32	Illumina NovaSeq 6000 sequencing: Transcriptomic analysis of H1299, HEK293T and CHO-K1 treated with Filgotinib	RANDOM
ERR15000530	PRJEB89701	ERX14404695	SAMEA118334095	NO_FLAG					Transcriptomic analysis of H1299, HEK293T and CHO-K1 treated with Filgotinib	Sample 8	Illumina NovaSeq 6000 sequencing: Transcriptomic analysis of H1299, HEK293T and CHO-K1 treated with Filgotinib	RANDOM
ERR16729275	PRJEB108721	ERX16120884	SAMEA121759864	NO_FLAG					Time series multi-omics data generation and analysis in a CHO fed-batch culture	B12_D5	Illumina NovaSeq 6000 sequencing	RANDOM PCR
ERR16729282	PRJEB108721	ERX16120891	SAMEA121759871	NO_FLAG					Time series multi-omics data generation and analysis in a CHO fed-batch culture	B13_D4	Illumina NovaSeq 6000 sequencing	RANDOM PCR
ERR16729290	PRJEB108721	ERX16120899	SAMEA121759879	NO_FLAG					Time series multi-omics data generation and analysis in a CHO fed-batch culture	B14_D4	Illumina NovaSeq 6000 sequencing	RANDOM PCR
ERR1983094	PRJEB14303	ERX2043470	SAMEA4467464	NO_FLAG					CHO_cell_line_transcriptome_____	4258STDY6437277	Illumina HiSeq 2500 paired end sequencing	cDNA
ERR1983095	PRJEB14303	ERX2043471	SAMEA4467465	NO_FLAG					CHO_cell_line_transcriptome_____	4258STDY6437278	Illumina HiSeq 2500 paired end sequencing	cDNA
ERR2593198	PRJEB9291	ERX2609474	SAMEA4681446	NO_FLAG					Dynamic changes in expression levels and histone modifications were analyzed in a CHO-K1 batch culture by capturing expression profiles every 24 hours and histone modifications every 12 hours for understanding the contribution of epigenetic regulation on culture behavior of CHO cells.	Expression profile of CHO-K1_8mM_Gln	Illumina HiSeq 2000 paired end sequencing	unspecified
ERR3001883	PRJEB30364	ERX3004247	SAMEA5176892	NO_FLAG					Transcriptional profiling of Chinese hamster ovary (CHO) cells exposed to 2,3,7,8-tetrachlorodibenzo-p-dioxin (TCDD)	Control hamster ovarian cells incubated for 12h (1n)	Illumina HiSeq 2500 paired end sequencing	cDNA
ERR3001884	PRJEB30364	ERX3004248	SAMEA5176893	NO_FLAG					Transcriptional profiling of Chinese hamster ovary (CHO) cells exposed to 2,3,7,8-tetrachlorodibenzo-p-dioxin (TCDD)	Hamster ovarian cells exposed to TCDD for 12h (1n)	Illumina HiSeq 2500 paired end sequencing	cDNA
ERR3001891	PRJEB30364	ERX3004255	SAMEA5176900	NO_FLAG					Transcriptional profiling of Chinese hamster ovary (CHO) cells exposed to 2,3,7,8-tetrachlorodibenzo-p-dioxin (TCDD)	Control hamster ovarian cells incubated for 24h (2n)	Illumina HiSeq 2500 paired end sequencing	cDNA
ERR3001892	PRJEB30364	ERX3004256	SAMEA5176901	NO_FLAG					Transcriptional profiling of Chinese hamster ovary (CHO) cells exposed to 2,3,7,8-tetrachlorodibenzo-p-dioxin (TCDD)	Hamster ovarian cells exposed to TCDD for 24h (2n)	Illumina HiSeq 2500 paired end sequencing	cDNA
ERR3001894	PRJEB30364	ERX3004258	SAMEA5176903	NO_FLAG					Transcriptional profiling of Chinese hamster ovary (CHO) cells exposed to 2,3,7,8-tetrachlorodibenzo-p-dioxin (TCDD)	Hamster ovarian cells exposed to TCDD for 24h (3n)	Illumina HiSeq 2500 paired end sequencing	cDNA
ERR3374027	PRJEB33024	ERX3398179	SAMEA5713996	NO_FLAG					Cold inducible genes and promoters in Chinese Hamster Ovary cells were identified by analyzing transcriptome data of cultivation before and after temperature shift from 37 to 33Â°C	Expression profile of CHO-K1 at 33Â°C	Illumina HiSeq 2500 sequencing	Oligo-dT
ERR3374028	PRJEB33024	ERX3398180	SAMEA5713997	NO_FLAG					Cold inducible genes and promoters in Chinese Hamster Ovary cells were identified by analyzing transcriptome data of cultivation before and after temperature shift from 37 to 33Â°C	Expression profile of CHO-K1 at 33Â°C	Illumina HiSeq 2500 sequencing	Oligo-dT
ERR3374029	PRJEB33024	ERX3398181	SAMEA5713998	NO_FLAG					Cold inducible genes and promoters in Chinese Hamster Ovary cells were identified by analyzing transcriptome data of cultivation before and after temperature shift from 37 to 33Â°C	Expression profile of CHO-K1 at 33Â°C	Illumina HiSeq 2500 sequencing	Oligo-dT
ERR359637	PRJEB4847	ERX332409	SAMEA2242009	NO_FLAG					CHO-K1 transcriptome sequencing	CHO-K1 RNA-seq	Illumina Genome Analyzer IIx paired end sequencing	cDNA
ERR3668300	PRJEB35183	ERX3659832	SAMEA6235195	NO_FLAG					Endogenous retroviral elements of CHO cells	AOKS-28: Empty / Chinese Hamster Ovary Cell supernatant RNA	NextSeq 500 paired end sequencing	cDNA
ERR3668301	PRJEB35183	ERX3659833	SAMEA6235196	NO_FLAG					Endogenous retroviral elements of CHO cells	AOKS-29: poly Myr / Chinese Hamster Ovary Cell supernatant RNA	NextSeq 500 paired end sequencing	cDNA
ERR3668307	PRJEB35183	ERX3659839	SAMEA6235202	NO_FLAG					Endogenous retroviral elements of CHO cells	AOKS-35: A2 / Chinese Hamster Ovary Cell supernatant RNA	NextSeq 500 paired end sequencing	cDNA
ERR3668308	PRJEB35183	ERX3659840	SAMEA6235203	NO_FLAG					Endogenous retroviral elements of CHO cells	AOKS-36: E10 / Chinese Hamster Ovary Cell supernatant RNA	NextSeq 500 paired end sequencing	cDNA
ERR4184074	PRJEB38542	ERX4147365	SAMEA6870275	NO_FLAG					Investigation of Trancriptome and methylome changes in Chinese Hamster Ovary cells after single cell cloning	Transcriptome of subclone 1-C6 Replicate 1	Illumina NovaSeq 6000 sequencing	size fractionation
ERR4319914	PRJEB39258	ERX4268281	SAMEA7040968	NO_FLAG					Predicting favorable landing pads for targeted integrations in Chinese hamster ovary cell lines by learning stability characteristics from random transgene integrations	Horizon CHO-K1	Illumina HiSeq 4000 paired end sequencing	unspecified
ERR4319922	PRJEB39258	ERX4268289	SAMEA7040960	NO_FLAG					Predicting favorable landing pads for targeted integrations in Chinese hamster ovary cell lines by learning stability characteristics from random transgene integrations	Horizon CHO-K1	Illumina HiSeq 4000 paired end sequencing	unspecified
ERR4319923	PRJEB39258	ERX4268290	SAMEA7040969	NO_FLAG					Predicting favorable landing pads for targeted integrations in Chinese hamster ovary cell lines by learning stability characteristics from random transgene integrations	Horizon CHO-K1	Illumina HiSeq 4000 paired end sequencing	unspecified
ERR4319925	PRJEB39258	ERX4268292	SAMEA7040961	NO_FLAG					Predicting favorable landing pads for targeted integrations in Chinese hamster ovary cell lines by learning stability characteristics from random transgene integrations	Horizon CHO-K1	Illumina HiSeq 4000 paired end sequencing	unspecified
ERR4319932	PRJEB39258	ERX4268299	SAMEA7040963	NO_FLAG					Predicting favorable landing pads for targeted integrations in Chinese hamster ovary cell lines by learning stability characteristics from random transgene integrations	Horizon CHO-K1	Illumina HiSeq 4000 paired end sequencing	unspecified
ERR4319933	PRJEB39258	ERX4268300	SAMEA7040947	NO_FLAG					Predicting favorable landing pads for targeted integrations in Chinese hamster ovary cell lines by learning stability characteristics from random transgene integrations	Horizon CHO-K1	Illumina HiSeq 4000 paired end sequencing	unspecified
ERR7417864	PRJEB48931	ERX6987505	SAMEA11293140	NO_FLAG					"RNAseq of two recombinant CHO cell lines differing only in the factor âproduced monoclonal antibody\"""	Sample 2	"Illumina HiSeq 4000 sequencing: RNAseq of two recombinant CHO cell lines differing only in the factor âproduced monoclonal antibody\"""	PolyA
ERR7417866	PRJEB48931	ERX6987507	SAMEA11293142	NO_FLAG					"RNAseq of two recombinant CHO cell lines differing only in the factor âproduced monoclonal antibody\"""	Sample 4	"Illumina HiSeq 4000 sequencing: RNAseq of two recombinant CHO cell lines differing only in the factor âproduced monoclonal antibody\"""	PolyA
ERR8006958	PRJEB49939	ERX7572627	SAMEA12293227	NO_FLAG					Delineating the meachanism of insulin resistance	Resistant	Illumina HiSeq 2500 sequencing	PCR
SRR10215657	PRJNA575354	SRX6935337	SAMN12886791	EXCLUDE_SPECIALIZED	metabolic_labeling	sample_title:metabolic_labeling;experiment_title:metabolic_labeling			Codon and amino acid content regulate mRNA stability in mammalian cells	CHO_12_hr_metabolic_labeling	Illumina HiSeq 2500 sequencing: GSM4104566: CHO_12_hr_metabolic_labeling Cricetulus griseus RNA-Seq	cDNA
SRR10493808	PRJNA590486	SRX7182896	SAMN13327503	NO_FLAG					Defining lncRNAs Associated with CHO Cell Growth and IgG Productivity by RNA-Seq I	3077 Day 4 Rep1	Illumina HiSeq 4000 sequencing: GSM4176480: 3077 Day 4 Rep1 Cricetulus griseus RNA-Seq	cDNA
SRR10493810	PRJNA590486	SRX7182898	SAMN13327510	NO_FLAG					Defining lncRNAs Associated with CHO Cell Growth and IgG Productivity by RNA-Seq I	3080 Day 4 Rep1	Illumina HiSeq 4000 sequencing: GSM4176482: 3080 Day 4 Rep1 Cricetulus griseus RNA-Seq	cDNA
SRR10493812	PRJNA590486	SRX7182900	SAMN13327501	NO_FLAG					Defining lncRNAs Associated with CHO Cell Growth and IgG Productivity by RNA-Seq I	3478 Day 7 Rep1	Illumina HiSeq 4000 sequencing: GSM4176484: 3478 Day 7 Rep1 Cricetulus griseus RNA-Seq	cDNA
SRR10493813	PRJNA590486	SRX7182901	SAMN13327500	NO_FLAG					Defining lncRNAs Associated with CHO Cell Growth and IgG Productivity by RNA-Seq I	3478 Day 7 Rep2	Illumina HiSeq 4000 sequencing: GSM4176485: 3478 Day 7 Rep2 Cricetulus griseus RNA-Seq	cDNA
SRR10493817	PRJNA590486	SRX7182905	SAMN13327544	NO_FLAG					Defining lncRNAs Associated with CHO Cell Growth and IgG Productivity by RNA-Seq I	3077 Day 7 Rep2	Illumina HiSeq 4000 sequencing: GSM4176489: 3077 Day 7 Rep2 Cricetulus griseus RNA-Seq	cDNA
SRR10493818	PRJNA590486	SRX7182906	SAMN13327543	NO_FLAG					Defining lncRNAs Associated with CHO Cell Growth and IgG Productivity by RNA-Seq I	3080 Day 7 Rep1	Illumina HiSeq 4000 sequencing: GSM4176490: 3080 Day 7 Rep1 Cricetulus griseus RNA-Seq	cDNA
SRR10493853	PRJNA590485	SRX7182941	SAMN13327591	NO_FLAG					Defining lncRNAs Associated with CHO Cell Growth and IgG Productivity by RNA-Seq II	3068 Seed train rep2 (dataset 2)	Illumina HiSeq 4000 sequencing: GSM4177580: 3068 Seed train rep2 (dataset 2) Cricetulus griseus RNA-Seq	cDNA
SRR10493860	PRJNA590485	SRX7182948	SAMN13327585	NO_FLAG					Defining lncRNAs Associated with CHO Cell Growth and IgG Productivity by RNA-Seq II	3080 Day 7 rep3 (dataset 2)	Illumina HiSeq 4000 sequencing: GSM4177590: 3080 Day 7 rep3 (dataset 2) Cricetulus griseus RNA-Seq	cDNA
SRR10493868	PRJNA590485	SRX7182956	SAMN13327574	NO_FLAG					Defining lncRNAs Associated with CHO Cell Growth and IgG Productivity by RNA-Seq II	3936 Day 7 rep2 (dataset 2)	Illumina HiSeq 4000 sequencing: GSM4177603: 3936 Day 7 rep2 (dataset 2) Cricetulus griseus RNA-Seq	cDNA
SRR10493872	PRJNA590485	SRX7182960	SAMN13327566	NO_FLAG					Defining lncRNAs Associated with CHO Cell Growth and IgG Productivity by RNA-Seq II	3936 Seed train rep3 (dataset 2)	Illumina HiSeq 4000 sequencing: GSM4177609: 3936 Seed train rep3 (dataset 2) Cricetulus griseus RNA-Seq	cDNA
SRR10493878	PRJNA590485	SRX7182966	SAMN13327555	NO_FLAG					Defining lncRNAs Associated with CHO Cell Growth and IgG Productivity by RNA-Seq II	4384 Day 7 rep3 (dataset 2)	Illumina HiSeq 4000 sequencing: GSM4177618: 4384 Day 7 rep3 (dataset 2) Cricetulus griseus RNA-Seq	cDNA
SRR10493879	PRJNA590485	SRX7182967	SAMN13327553	NO_FLAG					Defining lncRNAs Associated with CHO Cell Growth and IgG Productivity by RNA-Seq II	4384 Seed train rep1 (dataset 2)	Illumina HiSeq 4000 sequencing: GSM4177620: 4384 Seed train rep1 (dataset 2) Cricetulus griseus RNA-Seq	cDNA
SRR10493880	PRJNA590485	SRX7182968	SAMN13327552	NO_FLAG					Defining lncRNAs Associated with CHO Cell Growth and IgG Productivity by RNA-Seq II	4384 Seed train rep2 (dataset 2)	Illumina HiSeq 4000 sequencing: GSM4177621: 4384 Seed train rep2 (dataset 2) Cricetulus griseus RNA-Seq	cDNA
SRR10493881	PRJNA590485	SRX7182969	SAMN13327551	NO_FLAG					Defining lncRNAs Associated with CHO Cell Growth and IgG Productivity by RNA-Seq II	4384 Seed train rep3 (dataset 2)	Illumina HiSeq 4000 sequencing: GSM4177623: 4384 Seed train rep3 (dataset 2) Cricetulus griseus RNA-Seq	cDNA
SRR10572663	PRJNA593052	SRX7254143	SAMN13451140	NO_FLAG					Transcriptomic analysis of reducing CHO cell culture temperature	Reduced temperature replicate 2	NextSeq 500 sequencing: RNA-Seq of CHOK1 cell line	RANDOM
SRR10572664	PRJNA593052	SRX7254142	SAMN13451139	NO_FLAG					Transcriptomic analysis of reducing CHO cell culture temperature	Reduced temperature replicate 1	NextSeq 500 sequencing: RNA-Seq of CHOK1 cell line	RANDOM
SRR10669488	PRJNA594947	SRX7347963	SAMN13541384	NO_FLAG					Change in translation efficiency by RNG140-GFP overexpression in CHO cells	rna.1401	Illumina HiSeq 4000 sequencing: GSM4214038: rna.1401 Cricetulus griseus RNA-Seq	cDNA
SRR10995636	PRJNA604220	SRX7656771	SAMN13957914	NO_FLAG					Multiplex secretome engineering enhances recombinant protein production and purity	WT-Rituximab-Day6_rep1	NextSeq 500 sequencing: GSM4292487: WT-Rituximab-Day6_rep1 Cricetulus griseus RNA-Seq	cDNA
SRR10995643	PRJNA604220	SRX7656773	SAMN13957912	NO_FLAG					Multiplex secretome engineering enhances recombinant protein production and purity	WT-Rituximab-Day4_rep2	NextSeq 500 sequencing: GSM4292489: WT-Rituximab-Day4_rep2 Cricetulus griseus RNA-Seq	cDNA
SRR10995649	PRJNA604220	SRX7656774	SAMN13957911	NO_FLAG					Multiplex secretome engineering enhances recombinant protein production and purity	WT-Rituximab-Day6_rep2	NextSeq 500 sequencing: GSM4292490: WT-Rituximab-Day6_rep2 Cricetulus griseus RNA-Seq	cDNA
SRR10995653	PRJNA604220	SRX7656775	SAMN13957910	NO_FLAG					Multiplex secretome engineering enhances recombinant protein production and purity	WT-Rituximab-Day8_rep2	NextSeq 500 sequencing: GSM4292491: WT-Rituximab-Day8_rep2 Cricetulus griseus RNA-Seq	cDNA
SRR10995658	PRJNA604220	SRX7656776	SAMN13957909	NO_FLAG					Multiplex secretome engineering enhances recombinant protein production and purity	6X-Rituximab-Day4_rep1	NextSeq 500 sequencing: GSM4292492: 6X-Rituximab-Day4_rep1 Cricetulus griseus RNA-Seq	cDNA
SRR10995659	PRJNA604220	SRX7656777	SAMN13957908	NO_FLAG					Multiplex secretome engineering enhances recombinant protein production and purity	6X-Rituximab-Day6_rep1	NextSeq 500 sequencing: GSM4292493: 6X-Rituximab-Day6_rep1 Cricetulus griseus RNA-Seq	cDNA
SRR10995660	PRJNA604220	SRX7656777	SAMN13957908	NO_FLAG					Multiplex secretome engineering enhances recombinant protein production and purity	6X-Rituximab-Day6_rep1	NextSeq 500 sequencing: GSM4292493: 6X-Rituximab-Day6_rep1 Cricetulus griseus RNA-Seq	cDNA
SRR10995662	PRJNA604220	SRX7656777	SAMN13957908	NO_FLAG					Multiplex secretome engineering enhances recombinant protein production and purity	6X-Rituximab-Day6_rep1	NextSeq 500 sequencing: GSM4292493: 6X-Rituximab-Day6_rep1 Cricetulus griseus RNA-Seq	cDNA
SRR10995675	PRJNA604220	SRX7656781	SAMN13957904	NO_FLAG					Multiplex secretome engineering enhances recombinant protein production and purity	6X-Rituximab-Day8_rep2	NextSeq 500 sequencing: GSM4292497: 6X-Rituximab-Day8_rep2 Cricetulus griseus RNA-Seq	cDNA
SRR10995685	PRJNA604220	SRX7656783	SAMN13957902	NO_FLAG					Multiplex secretome engineering enhances recombinant protein production and purity	11X-Rituximab-Day6_rep1	NextSeq 500 sequencing: GSM4292499: 11X-Rituximab-Day6_rep1 Cricetulus griseus RNA-Seq	cDNA
SRR10995690	PRJNA604220	SRX7656784	SAMN13957901	NO_FLAG					Multiplex secretome engineering enhances recombinant protein production and purity	11X-Rituximab-Day8_rep1	NextSeq 500 sequencing: GSM4292500: 11X-Rituximab-Day8_rep1 Cricetulus griseus RNA-Seq	cDNA
SRR10995700	PRJNA604220	SRX7656787	SAMN13957898	NO_FLAG					Multiplex secretome engineering enhances recombinant protein production and purity	11X-Rituximab-Day8_rep2	NextSeq 500 sequencing: GSM4292503: 11X-Rituximab-Day8_rep2 Cricetulus griseus RNA-Seq	cDNA
SRR11184915	PRJNA599947	SRX7805403	SAMN13762568	NO_FLAG					Effects of ammonia stress on recombinant CHO-K1 cells expressing the anti-HIV antibody VRC01 (IgG1)	Model organism or animal sample from Cricetulus griseus	Illumina NovaSeq 6000 sequencing: RNA-Seq of Cricetulus griseus: treatment group (10mM NH3 addition), day 9	Oligo-dT
SRR11184918	PRJNA599947	SRX7805401	SAMN13762566	NO_FLAG					Effects of ammonia stress on recombinant CHO-K1 cells expressing the anti-HIV antibody VRC01 (IgG1)	Model organism or animal sample from Cricetulus griseus	Illumina NovaSeq 6000 sequencing: RNA-Seq of Cricetulus griseus: control group (0mM NH3 addition), day 9	Oligo-dT
SRR11350309	PRJNA613438	SRX7952180	SAMN14404305	NO_FLAG					Transcriptome of temporal growth in CHO-S cells in batch culture	T84_1	Illumina HiSeq 2500 sequencing: T84_1	DNase
SRR11350316	PRJNA613438	SRX7952173	SAMN14404313	NO_FLAG					Transcriptome of temporal growth in CHO-S cells in batch culture	T108_1	Illumina HiSeq 2500 sequencing: T108_1	DNase
SRR11350317	PRJNA613438	SRX7952172	SAMN14404312	NO_FLAG					Transcriptome of temporal growth in CHO-S cells in batch culture	T96_4	Illumina HiSeq 2500 sequencing: T96_4	DNase
SRR11350318	PRJNA613438	SRX7952171	SAMN14404303	NO_FLAG					Transcriptome of temporal growth in CHO-S cells in batch culture	T72_2	Illumina HiSeq 2500 sequencing: T72_2	DNase
SRR11721631	PRJNA630824	SRX8280953	SAMN14846004	NO_FLAG					Abhd11 knockout in CHO cells	Model organism or animal sample from Cricetulus griseus	NextSeq 500 sequencing: RNA Seq of CHO cell in exponential growth in media with glutamine, Control strain A, replicate 1	PolyA
SRR11721632	PRJNA630824	SRX8280952	SAMN14846003	NO_FLAG					Abhd11 knockout in CHO cells	Model organism or animal sample from Cricetulus griseus	NextSeq 500 sequencing: RNA Seq of CHO cell in exponential growth in media with glutamine, Abhd11 KO strain C, replicate 3	PolyA
SRR11721635	PRJNA630824	SRX8280949	SAMN14846000	NO_FLAG					Abhd11 knockout in CHO cells	Model organism or animal sample from Cricetulus griseus	NextSeq 500 sequencing: RNA Seq of CHO cell in exponential growth in media with glutamine, Abhd11 KO strain B, replicate 3	PolyA
SRR11721637	PRJNA630824	SRX8280947	SAMN14845998	NO_FLAG					Abhd11 knockout in CHO cells	Model organism or animal sample from Cricetulus griseus	NextSeq 500 sequencing: RNA Seq of CHO cell in exponential growth in media with glutamine, Abhd11 KO strain B, replicate 1	PolyA
SRR11721639	PRJNA630824	SRX8280945	SAMN14846023	NO_FLAG					Abhd11 knockout in CHO cells	Model organism or animal sample from Cricetulus griseus	NextSeq 500 sequencing: RNA Seq of CHO cell in exponential growth in media without glutamine, Control strain B, replicate 2	PolyA
SRR11721642	PRJNA630824	SRX8280942	SAMN14846020	NO_FLAG					Abhd11 knockout in CHO cells	Model organism or animal sample from Cricetulus griseus	NextSeq 500 sequencing: RNA Seq of CHO cell in exponential growth in media without glutamine, Control strain A, replicate 2	PolyA
SRR11721645	PRJNA630824	SRX8280939	SAMN14846017	NO_FLAG					Abhd11 knockout in CHO cells	Model organism or animal sample from Cricetulus griseus	NextSeq 500 sequencing: RNA Seq of CHO cell in exponential growth in media without glutamine, Abhd11 KO strain C, replicate 2	PolyA
SRR11721648	PRJNA630824	SRX8280936	SAMN14845997	NO_FLAG					Abhd11 knockout in CHO cells	Model organism or animal sample from Cricetulus griseus	NextSeq 500 sequencing: RNA Seq of CHO cell in exponential growth in media with glutamine, Abhd11 KO strain A, replicate 3	PolyA
SRR11721649	PRJNA630824	SRX8280935	SAMN14846014	NO_FLAG					Abhd11 knockout in CHO cells	Model organism or animal sample from Cricetulus griseus	NextSeq 500 sequencing: RNA Seq of CHO cell in exponential growth in media without glutamine, Abhd11 KO strain B, replicate 2	PolyA
SRR11721658	PRJNA630824	SRX8280926	SAMN14846005	NO_FLAG					Abhd11 knockout in CHO cells	Model organism or animal sample from Cricetulus griseus	NextSeq 500 sequencing: RNA Seq of CHO cell in exponential growth in media with glutamine, Control strain A, replicate 2	PolyA
SRR12194150	PRJNA645419	SRX8707283	SAMN15504220	NO_FLAG					Systematic identification of safe harbor regions in the CHO genome through a comprehensive epigenome analysis	Model organism or animal sample from Cricetulus griseus	NextSeq 550 sequencing: RNAseq of CHO-K1 host cell line replicate 3	unspecified
SRR12618085	PRJNA662582	SRX9101118	SAMN16089552	NO_FLAG					Secretory pathway differences between HEK293 and CHO enable rescue of difficult to express human proteins	CHO_AMBP	Illumina MiSeq sequencing: GSM4774041: CHO_AMBP Cricetulus griseus RNA-Seq	cDNA
SRR12618090	PRJNA662582	SRX9101121	SAMN16089549	NO_FLAG					Secretory pathway differences between HEK293 and CHO enable rescue of difficult to express human proteins	CHO_BMP10	Illumina MiSeq sequencing: GSM4774044: CHO_BMP10 Cricetulus griseus RNA-Seq	cDNA
SRR12618096	PRJNA662582	SRX9101123	SAMN16089546	NO_FLAG					Secretory pathway differences between HEK293 and CHO enable rescue of difficult to express human proteins	CHO_CCL28	Illumina MiSeq sequencing: GSM4774046: CHO_CCL28 Cricetulus griseus RNA-Seq	cDNA
SRR12618098	PRJNA662582	SRX9101124	SAMN16089545	NO_FLAG					Secretory pathway differences between HEK293 and CHO enable rescue of difficult to express human proteins	CHO_CXCL13	Illumina MiSeq sequencing: GSM4774047: CHO_CXCL13 Cricetulus griseus RNA-Seq	cDNA
SRR12618100	PRJNA662582	SRX9101125	SAMN16089593	NO_FLAG					Secretory pathway differences between HEK293 and CHO enable rescue of difficult to express human proteins	CHO_Control_pQMCF	Illumina MiSeq sequencing: GSM4774048: CHO_Control_pQMCF Cricetulus griseus RNA-Seq	cDNA
SRR12618105	PRJNA662582	SRX9101127	SAMN16089591	NO_FLAG					Secretory pathway differences between HEK293 and CHO enable rescue of difficult to express human proteins	CHO_FLT3LG	Illumina MiSeq sequencing: GSM4774050: CHO_FLT3LG Cricetulus griseus RNA-Seq	cDNA
SRR12618107	PRJNA662582	SRX9101128	SAMN16089590	NO_FLAG					Secretory pathway differences between HEK293 and CHO enable rescue of difficult to express human proteins	CHO_FN1	Illumina MiSeq sequencing: GSM4774051: CHO_FN1 Cricetulus griseus RNA-Seq	cDNA
SRR12618108	PRJNA662582	SRX9101129	SAMN16089588	NO_FLAG					Secretory pathway differences between HEK293 and CHO enable rescue of difficult to express human proteins	CHO_FSTL3	Illumina MiSeq sequencing: GSM4774052: CHO_FSTL3 Cricetulus griseus RNA-Seq	cDNA
SRR12618109	PRJNA662582	SRX9101129	SAMN16089588	NO_FLAG					Secretory pathway differences between HEK293 and CHO enable rescue of difficult to express human proteins	CHO_FSTL3	Illumina MiSeq sequencing: GSM4774052: CHO_FSTL3 Cricetulus griseus RNA-Seq	cDNA
SRR12618118	PRJNA662582	SRX9101133	SAMN16089584	NO_FLAG					Secretory pathway differences between HEK293 and CHO enable rescue of difficult to express human proteins	CHO_LOX	Illumina MiSeq sequencing: GSM4774056: CHO_LOX Cricetulus griseus RNA-Seq	cDNA
SRR12618120	PRJNA662582	SRX9101133	SAMN16089584	NO_FLAG					Secretory pathway differences between HEK293 and CHO enable rescue of difficult to express human proteins	CHO_LOX	Illumina MiSeq sequencing: GSM4774056: CHO_LOX Cricetulus griseus RNA-Seq	cDNA
SRR12618126	PRJNA662582	SRX9101136	SAMN16089581	NO_FLAG					Secretory pathway differences between HEK293 and CHO enable rescue of difficult to express human proteins	CHO_PAMR1	Illumina MiSeq sequencing: GSM4774059: CHO_PAMR1 Cricetulus griseus RNA-Seq	cDNA
SRR12618130	PRJNA662582	SRX9101138	SAMN16089579	NO_FLAG					Secretory pathway differences between HEK293 and CHO enable rescue of difficult to express human proteins	CHO_POSTN	Illumina MiSeq sequencing: GSM4774061: CHO_POSTN Cricetulus griseus RNA-Seq	cDNA
SRR12618134	PRJNA662582	SRX9101140	SAMN16089597	NO_FLAG					Secretory pathway differences between HEK293 and CHO enable rescue of difficult to express human proteins	CHO_RSPO1	Illumina MiSeq sequencing: GSM4774063: CHO_RSPO1 Cricetulus griseus RNA-Seq	cDNA
SRR12618135	PRJNA662582	SRX9101140	SAMN16089597	NO_FLAG					Secretory pathway differences between HEK293 and CHO enable rescue of difficult to express human proteins	CHO_RSPO1	Illumina MiSeq sequencing: GSM4774063: CHO_RSPO1 Cricetulus griseus RNA-Seq	cDNA
SRR14860930	PRJNA739051	SRX11178683	SAMN19770452	NO_FLAG					Autophagy and intracellular product degradation genes reduce aggregation of bispecific antibody in CHO cells with a high translational burden	Model organism or animal sample from Cricetulus griseus	Illumina HiSeq 2500 sequencing: RNA-Seq of Cricetulus griseus: empty expression vector with glutamine synthetase	RANDOM
SRR14860938	PRJNA739051	SRX11178675	SAMN19770455	NO_FLAG					Autophagy and intracellular product degradation genes reduce aggregation of bispecific antibody in CHO cells with a high translational burden	Model organism or animal sample from Cricetulus griseus	Illumina HiSeq 2500 sequencing: RNA-Seq of Cricetulus griseus: expressing Ab2-less	RANDOM
SRR14860940	PRJNA739051	SRX11178673	SAMN19770454	NO_FLAG					Autophagy and intracellular product degradation genes reduce aggregation of bispecific antibody in CHO cells with a high translational burden	Model organism or animal sample from Cricetulus griseus	Illumina HiSeq 2500 sequencing: RNA-Seq of Cricetulus griseus: expressing Ab1-agg	RANDOM
SRR15111552	PRJNA746067	SRX11420375	SAMN20179674	NO_FLAG					Warburg-null Chinese hamster ovary cell line RNA-Seq	Model organism or animal sample from Cricetulus griseus	NextSeq 500 sequencing: RNASeq of Warburg-null CHO-S cells in shake flask culture, clone 0-B6, replicate 3	Oligo-dT
SRR15111554	PRJNA746067	SRX11420373	SAMN20179684	NO_FLAG					Warburg-null Chinese hamster ovary cell line RNA-Seq	Model organism or animal sample from Cricetulus griseus	NextSeq 500 sequencing: RNASeq of Warburg-null CHO-K1 cells in shake flask culture, day 2, replicate 1	Oligo-dT
SRR15111555	PRJNA746067	SRX11420372	SAMN20179683	NO_FLAG					Warburg-null Chinese hamster ovary cell line RNA-Seq	Model organism or animal sample from Cricetulus griseus	NextSeq 500 sequencing: RNASeq of wildtype CHO-S cells in bioreactors, replicate 3	Oligo-dT
SRR15111558	PRJNA746067	SRX11420369	SAMN20179680	NO_FLAG					Warburg-null Chinese hamster ovary cell line RNA-Seq	Model organism or animal sample from Cricetulus griseus	NextSeq 500 sequencing: RNASeq of Warburg-null CHO-S cells in bioreactors, clone 0-F5, replicate 3	Oligo-dT
SRR15111565	PRJNA746067	SRX11420362	SAMN20179675	NO_FLAG					Warburg-null Chinese hamster ovary cell line RNA-Seq	Model organism or animal sample from Cricetulus griseus	NextSeq 500 sequencing: RNASeq of wildtype CHO-S cells in shake flask culture, replicate 1	Oligo-dT
SRR15111566	PRJNA746067	SRX11420361	SAMN20179668	NO_FLAG					Warburg-null Chinese hamster ovary cell line RNA-Seq	Model organism or animal sample from Cricetulus griseus	NextSeq 500 sequencing: RNASeq of Warburg-null CHO-S cells in shake flask culture, clone 0-F5, replicate 3	Oligo-dT
SRR15111568	PRJNA746067	SRX11420359	SAMN20179666	NO_FLAG					Warburg-null Chinese hamster ovary cell line RNA-Seq	Model organism or animal sample from Cricetulus griseus	NextSeq 500 sequencing: RNASeq of Warburg-null CHO-S cells in shake flask culture, clone 0-F5, replicate 1	Oligo-dT
SRR15221365	PRJNA749145	SRX11527351	SAMN20355394	NO_FLAG					Restoration of deficient DNA Repair Genes Mitigates Genome Instability and Increases Productivity of Chinese Hamster Ovary Cells	Model organism or animal sample from Cricetulus griseus	Illumina HiSeq 4000 sequencing: RNA-Seq of CHO-K1-ATMplus	cDNA
SRR15221376	PRJNA749145	SRX11527340	SAMN20355394	NO_FLAG					Restoration of deficient DNA Repair Genes Mitigates Genome Instability and Increases Productivity of Chinese Hamster Ovary Cells	Model organism or animal sample from Cricetulus griseus	Illumina HiSeq 4000 sequencing: RNA-Seq of CHO-K1-ATMplus	cDNA
SRR15221380	PRJNA749145	SRX11527336	SAMN20355394	NO_FLAG					Restoration of deficient DNA Repair Genes Mitigates Genome Instability and Increases Productivity of Chinese Hamster Ovary Cells	Model organism or animal sample from Cricetulus griseus	Illumina HiSeq 4000 sequencing: RNA-Seq of CHO-K1-ATMplus	cDNA
SRR15221391	PRJNA749145	SRX11527325	SAMN20355394	NO_FLAG					Restoration of deficient DNA Repair Genes Mitigates Genome Instability and Increases Productivity of Chinese Hamster Ovary Cells	Model organism or animal sample from Cricetulus griseus	Illumina HiSeq 4000 sequencing: RNA-Seq of CHO-K1-ATMplus	cDNA
SRR15221392	PRJNA749145	SRX11527324	SAMN20355395	NO_FLAG					Restoration of deficient DNA Repair Genes Mitigates Genome Instability and Increases Productivity of Chinese Hamster Ovary Cells	Model organism or animal sample from Cricetulus griseus	Illumina HiSeq 4000 sequencing: RNA-Seq of CHO-K1-ATMplus_PRKDCplus	cDNA
SRR15221396	PRJNA749145	SRX11527320	SAMN20355395	NO_FLAG					Restoration of deficient DNA Repair Genes Mitigates Genome Instability and Increases Productivity of Chinese Hamster Ovary Cells	Model organism or animal sample from Cricetulus griseus	Illumina HiSeq 4000 sequencing: RNA-Seq of CHO-K1-ATMplus_PRKDCplus	cDNA
SRR15559105	PRJNA742028	SRX11857246	SAMN20893079	NO_FLAG					Cricetulus griseus Transcriptome or Gene expression	MTIV Construct after 5 passages on Val-free media rep 1	NextSeq 550 sequencing: RNAseq of FLP-in CHO-K1 cells: MTIV Construct after 5 passages on Val-free media rep 1	Oligo-dT
SRR15559109	PRJNA742028	SRX11857245	SAMN20893078	NO_FLAG					Cricetulus griseus Transcriptome or Gene expression	MTIV Construct 4h on Val-free media rep 3	NextSeq 550 sequencing: RNAseq of FLP-in CHO-K1 cells: MTIV Construct 4h on Val-free media rep 3	Oligo-dT
SRR15559110	PRJNA742028	SRX11857241	SAMN20893092	NO_FLAG					Cricetulus griseus Transcriptome or Gene expression	Control Construct 48h on Val-free media rep 3	NextSeq 550 sequencing: RNAseq of FLP-in CHO-K1 cells: Control Construct 48h on Val-free media rep 3	Oligo-dT
SRR15559112	PRJNA742028	SRX11857239	SAMN20893090	NO_FLAG					Cricetulus griseus Transcriptome or Gene expression	Control Construct 48h on Val-free media rep 1	NextSeq 550 sequencing: RNAseq of FLP-in CHO-K1 cells: Control Construct 48h on Val-free media rep 1	Oligo-dT
SRR15923901	PRJNA763926	SRX12214007	SAMN21462896	NO_FLAG					Murine mast cell and mastocytoma transcriptome	Model organism or animal sample from Cricetulus griseus	Illumina HiSeq 4000 sequencing: RNA-Seq of Cricetulus griseus:ovary cells	RT-PCR
SRR16796944	PRJNA778050	SRX12995937	SAMN22901734	NO_FLAG					Ribosome footprint profiling of the CHO cell response to reduced cell culture temperature	Total RNA-seq temerature shifted replicate 3	NextSeq 500 sequencing: Total RNA-seq of temperature shifted CHO-K1 cell line - Replicate 3	Inverse rRNA
SRR16796945	PRJNA778050	SRX12995936	SAMN22901733	NO_FLAG					Ribosome footprint profiling of the CHO cell response to reduced cell culture temperature	Total RNA-seq temerature shifted replicate 2	NextSeq 500 sequencing: Total RNA-seq of temperature shifted CHO-K1 cell line - Replicate 2	Inverse rRNA
SRR16796946	PRJNA778050	SRX12995935	SAMN22901732	NO_FLAG					Ribosome footprint profiling of the CHO cell response to reduced cell culture temperature	Total RNA-seq temerature shifted replicate 1	NextSeq 500 sequencing: Total RNA-seq of temperature shifted CHO-K1 cell line - Replicate 1	Inverse rRNA
SRR16980324	PRJNA766998	SRX13171161	SAMN23296634	NO_FLAG					Systems biology greatly improve activity of secreted therapeutic sulfatase in CHO bioprocess	Model organism or animal sample from Cricetulus griseus	Illumina HiSeq 2500 sequencing: clone B without copper day 17	RANDOM
SRR16980325	PRJNA766998	SRX13171160	SAMN23296634	NO_FLAG					Systems biology greatly improve activity of secreted therapeutic sulfatase in CHO bioprocess	Model organism or animal sample from Cricetulus griseus	Illumina HiSeq 2500 sequencing: clone B without copper day 17	RANDOM
SRR16980334	PRJNA766998	SRX13171151	SAMN23296634	NO_FLAG					Systems biology greatly improve activity of secreted therapeutic sulfatase in CHO bioprocess	Model organism or animal sample from Cricetulus griseus	Illumina HiSeq 2500 sequencing: clone B standard condition day 17	RANDOM
SRR16980336	PRJNA766998	SRX13171149	SAMN23296634	NO_FLAG					Systems biology greatly improve activity of secreted therapeutic sulfatase in CHO bioprocess	Model organism or animal sample from Cricetulus griseus	Illumina HiSeq 2500 sequencing: clone A standard condition day 17	RANDOM
SRR16980337	PRJNA766998	SRX13171148	SAMN23296634	NO_FLAG					Systems biology greatly improve activity of secreted therapeutic sulfatase in CHO bioprocess	Model organism or animal sample from Cricetulus griseus	Illumina HiSeq 2500 sequencing: clone A standard condition day 17	RANDOM
SRR16980344	PRJNA766998	SRX13171141	SAMN23296634	NO_FLAG					Systems biology greatly improve activity of secreted therapeutic sulfatase in CHO bioprocess	Model organism or animal sample from Cricetulus griseus	Illumina HiSeq 2500 sequencing: clone A standard condition day 3	RANDOM
SRR16980346	PRJNA766998	SRX13171139	SAMN23296634	NO_FLAG					Systems biology greatly improve activity of secreted therapeutic sulfatase in CHO bioprocess	Model organism or animal sample from Cricetulus griseus	Illumina HiSeq 2500 sequencing: clone B high cell density day 14	RANDOM
SRR16980355	PRJNA766998	SRX13171130	SAMN23296634	NO_FLAG					Systems biology greatly improve activity of secreted therapeutic sulfatase in CHO bioprocess	Model organism or animal sample from Cricetulus griseus	Illumina HiSeq 2500 sequencing: clone B standard condition day 3	RANDOM
SRR16980358	PRJNA766998	SRX13171127	SAMN23296634	NO_FLAG					Systems biology greatly improve activity of secreted therapeutic sulfatase in CHO bioprocess	Model organism or animal sample from Cricetulus griseus	Illumina HiSeq 2500 sequencing: clone A without copper day 12	RANDOM
SRR16980365	PRJNA766998	SRX13171120	SAMN23296634	NO_FLAG					Systems biology greatly improve activity of secreted therapeutic sulfatase in CHO bioprocess	Model organism or animal sample from Cricetulus griseus	Illumina HiSeq 2500 sequencing: clone A standard condition day 12	RANDOM
SRR16980366	PRJNA766998	SRX13171119	SAMN23296634	NO_FLAG					Systems biology greatly improve activity of secreted therapeutic sulfatase in CHO bioprocess	Model organism or animal sample from Cricetulus griseus	Illumina HiSeq 2500 sequencing: clone B standard condition day 3	RANDOM
SRR16980368	PRJNA766998	SRX13171117	SAMN23296634	NO_FLAG					Systems biology greatly improve activity of secreted therapeutic sulfatase in CHO bioprocess	Model organism or animal sample from Cricetulus griseus	Illumina HiSeq 2500 sequencing: clone B without copper day 6	RANDOM
SRR16980374	PRJNA766998	SRX13171111	SAMN23296634	NO_FLAG					Systems biology greatly improve activity of secreted therapeutic sulfatase in CHO bioprocess	Model organism or animal sample from Cricetulus griseus	Illumina HiSeq 2500 sequencing: clone A standard condition day 6	RANDOM
SRR17085235	PRJNA785251	SRX13273392	SAMN23551696	NO_FLAG					Whole genomic RNA sequencing of the Paradaux cell line after long-term culture	Para1: Paradoxical feedback, Replicate1	Illumina HiSeq 2500 sequencing: GSM5710430: Para1: Paradoxical feedback, Replicate1 Cricetulus griseus RNA-Seq	cDNA
SRR17085243	PRJNA785251	SRX13273391	SAMN23551697	NO_FLAG					Whole genomic RNA sequencing of the Paradaux cell line after long-term culture	Neg7: Negative feedback, Replicate7	Illumina HiSeq 2500 sequencing: GSM5710429: Neg7: Negative feedback, Replicate7 Cricetulus griseus RNA-Seq	cDNA
SRR17085244	PRJNA785251	SRX13273391	SAMN23551697	NO_FLAG					Whole genomic RNA sequencing of the Paradaux cell line after long-term culture	Neg7: Negative feedback, Replicate7	Illumina HiSeq 2500 sequencing: GSM5710429: Neg7: Negative feedback, Replicate7 Cricetulus griseus RNA-Seq	cDNA
SRR17085251	PRJNA785251	SRX13273389	SAMN23551699	NO_FLAG					Whole genomic RNA sequencing of the Paradaux cell line after long-term culture	Neg5: Negative feedback, Replicate5	Illumina HiSeq 2500 sequencing: GSM5710427: Neg5: Negative feedback, Replicate5 Cricetulus griseus RNA-Seq	cDNA
SRR17085252	PRJNA785251	SRX13273389	SAMN23551699	NO_FLAG					Whole genomic RNA sequencing of the Paradaux cell line after long-term culture	Neg5: Negative feedback, Replicate5	Illumina HiSeq 2500 sequencing: GSM5710427: Neg5: Negative feedback, Replicate5 Cricetulus griseus RNA-Seq	cDNA
SRR17085256	PRJNA785251	SRX13273388	SAMN23551700	NO_FLAG					Whole genomic RNA sequencing of the Paradaux cell line after long-term culture	Neg4: Negative feedback, Replicate4	Illumina HiSeq 2500 sequencing: GSM5710426: Neg4: Negative feedback, Replicate4 Cricetulus griseus RNA-Seq	cDNA
SRR17085261	PRJNA785251	SRX13273388	SAMN23551700	NO_FLAG					Whole genomic RNA sequencing of the Paradaux cell line after long-term culture	Neg4: Negative feedback, Replicate4	Illumina HiSeq 2500 sequencing: GSM5710426: Neg4: Negative feedback, Replicate4 Cricetulus griseus RNA-Seq	cDNA
SRR17085264	PRJNA785251	SRX13273387	SAMN23551701	NO_FLAG					Whole genomic RNA sequencing of the Paradaux cell line after long-term culture	Neg3: Negative feedback, Replicate3	Illumina HiSeq 2500 sequencing: GSM5710425: Neg3: Negative feedback, Replicate3 Cricetulus griseus RNA-Seq	cDNA
SRR17085272	PRJNA785251	SRX13273385	SAMN23551703	NO_FLAG					Whole genomic RNA sequencing of the Paradaux cell line after long-term culture	Neg1: Negative feedback, Replicate1	Illumina HiSeq 2500 sequencing: GSM5710423: Neg1: Negative feedback, Replicate1 Cricetulus griseus RNA-Seq	cDNA
SRR17085278	PRJNA785251	SRX13273384	SAMN23551704	NO_FLAG					Whole genomic RNA sequencing of the Paradaux cell line after long-term culture	unCt4: uncontrolled growth, Replicate4	Illumina HiSeq 2500 sequencing: GSM5710422: unCt4: uncontrolled growth, Replicate4 Cricetulus griseus RNA-Seq	cDNA
SRR17085282	PRJNA785251	SRX13273384	SAMN23551704	NO_FLAG					Whole genomic RNA sequencing of the Paradaux cell line after long-term culture	unCt4: uncontrolled growth, Replicate4	Illumina HiSeq 2500 sequencing: GSM5710422: unCt4: uncontrolled growth, Replicate4 Cricetulus griseus RNA-Seq	cDNA
SRR17085286	PRJNA785251	SRX13273383	SAMN23551705	NO_FLAG					Whole genomic RNA sequencing of the Paradaux cell line after long-term culture	unCt3: uncontrolled growth, Replicate3	Illumina HiSeq 2500 sequencing: GSM5710421: unCt3: uncontrolled growth, Replicate3 Cricetulus griseus RNA-Seq	cDNA
SRR17085288	PRJNA785251	SRX13273383	SAMN23551705	NO_FLAG					Whole genomic RNA sequencing of the Paradaux cell line after long-term culture	unCt3: uncontrolled growth, Replicate3	Illumina HiSeq 2500 sequencing: GSM5710421: unCt3: uncontrolled growth, Replicate3 Cricetulus griseus RNA-Seq	cDNA
SRR17085289	PRJNA785251	SRX13273383	SAMN23551705	NO_FLAG					Whole genomic RNA sequencing of the Paradaux cell line after long-term culture	unCt3: uncontrolled growth, Replicate3	Illumina HiSeq 2500 sequencing: GSM5710421: unCt3: uncontrolled growth, Replicate3 Cricetulus griseus RNA-Seq	cDNA
SRR17085292	PRJNA785251	SRX13273382	SAMN23551706	NO_FLAG					Whole genomic RNA sequencing of the Paradaux cell line after long-term culture	unCt2: uncontrolled growth, Replicate2	Illumina HiSeq 2500 sequencing: GSM5710420: unCt2: uncontrolled growth, Replicate2 Cricetulus griseus RNA-Seq	cDNA
SRR17085298	PRJNA785251	SRX13273381	SAMN23551707	NO_FLAG					Whole genomic RNA sequencing of the Paradaux cell line after long-term culture	unCt1: uncontrolled growth, Replicate1	Illumina HiSeq 2500 sequencing: GSM5710419: unCt1: uncontrolled growth, Replicate1 Cricetulus griseus RNA-Seq	cDNA
SRR17085306	PRJNA785251	SRX13273380	SAMN23551708	NO_FLAG					Whole genomic RNA sequencing of the Paradaux cell line after long-term culture	Parental	Illumina HiSeq 2500 sequencing: GSM5710418: Parental Cricetulus griseus RNA-Seq	cDNA
SRR17085308	PRJNA785251	SRX13273379	SAMN23551690	NO_FLAG					Whole genomic RNA sequencing of the Paradaux cell line after long-term culture	Para7: Paradoxical feedback, Replicate7	Illumina HiSeq 2500 sequencing: GSM5710436: Para7: Paradoxical feedback, Replicate7 Cricetulus griseus RNA-Seq	cDNA
SRR17085309	PRJNA785251	SRX13273379	SAMN23551690	NO_FLAG					Whole genomic RNA sequencing of the Paradaux cell line after long-term culture	Para7: Paradoxical feedback, Replicate7	Illumina HiSeq 2500 sequencing: GSM5710436: Para7: Paradoxical feedback, Replicate7 Cricetulus griseus RNA-Seq	cDNA
SRR17085314	PRJNA785251	SRX13273378	SAMN23551691	NO_FLAG					Whole genomic RNA sequencing of the Paradaux cell line after long-term culture	Para6: Paradoxical feedback, Replicate6	Illumina HiSeq 2500 sequencing: GSM5710435: Para6: Paradoxical feedback, Replicate6 Cricetulus griseus RNA-Seq	cDNA
SRR17085317	PRJNA785251	SRX13273378	SAMN23551691	NO_FLAG					Whole genomic RNA sequencing of the Paradaux cell line after long-term culture	Para6: Paradoxical feedback, Replicate6	Illumina HiSeq 2500 sequencing: GSM5710435: Para6: Paradoxical feedback, Replicate6 Cricetulus griseus RNA-Seq	cDNA
SRR17085323	PRJNA785251	SRX13273377	SAMN23551692	NO_FLAG					Whole genomic RNA sequencing of the Paradaux cell line after long-term culture	Para5: Paradoxical feedback, Replicate5	Illumina HiSeq 2500 sequencing: GSM5710434: Para5: Paradoxical feedback, Replicate5 Cricetulus griseus RNA-Seq	cDNA
SRR17085324	PRJNA785251	SRX13273377	SAMN23551692	NO_FLAG					Whole genomic RNA sequencing of the Paradaux cell line after long-term culture	Para5: Paradoxical feedback, Replicate5	Illumina HiSeq 2500 sequencing: GSM5710434: Para5: Paradoxical feedback, Replicate5 Cricetulus griseus RNA-Seq	cDNA
SRR17085327	PRJNA785251	SRX13273376	SAMN23551693	NO_FLAG					Whole genomic RNA sequencing of the Paradaux cell line after long-term culture	Para4: Paradoxical feedback, Replicate4	Illumina HiSeq 2500 sequencing: GSM5710433: Para4: Paradoxical feedback, Replicate4 Cricetulus griseus RNA-Seq	cDNA
SRR17085335	PRJNA785251	SRX13273375	SAMN23551694	NO_FLAG					Whole genomic RNA sequencing of the Paradaux cell line after long-term culture	Para3: Paradoxical feedback, Replicate3	Illumina HiSeq 2500 sequencing: GSM5710432: Para3: Paradoxical feedback, Replicate3 Cricetulus griseus RNA-Seq	cDNA
SRR17085342	PRJNA785251	SRX13273374	SAMN23551695	NO_FLAG					Whole genomic RNA sequencing of the Paradaux cell line after long-term culture	Para2: Paradoxical feedback, Replicate2	Illumina HiSeq 2500 sequencing: GSM5710431: Para2: Paradoxical feedback, Replicate2 Cricetulus griseus RNA-Seq	cDNA
SRR18163660	PRJNA810994	SRX14311059	SAMN26308034	NO_FLAG					Comparison of transcriptional profile of CHO cells cultured in different media.	PR0126_10_b	Illumina HiSeq 2000 sequencing: GSM5920724: PR0126_10_b Cricetulus griseus RNA-Seq	cDNA
SRR18163664	PRJNA810994	SRX14311055	SAMN26308038	NO_FLAG					Comparison of transcriptional profile of CHO cells cultured in different media.	PR0126_06_b	Illumina HiSeq 2000 sequencing: GSM5920720: PR0126_06_b Cricetulus griseus RNA-Seq	cDNA
SRR18163668	PRJNA810994	SRX14311051	SAMN26308042	NO_FLAG					Comparison of transcriptional profile of CHO cells cultured in different media.	PR0126_02_b	Illumina HiSeq 2000 sequencing: GSM5920716: PR0126_02_b Cricetulus griseus RNA-Seq	cDNA
SRR18502225	PRJNA820638	SRX14633671	SAMN27019288	NO_FLAG					Distinct cellular tools of mild hyperthermia-induced acquired stress tolerance in Chinese Hamster Ovary cells	CHO 42.5Â°C_1h_B4	NextSeq 550 sequencing: GSM5974765: CHO 42.5Â°C_1h_B4 Cricetulus griseus RNA-Seq	cDNA
SRR18502229	PRJNA820638	SRX14633667	SAMN27019292	NO_FLAG					Distinct cellular tools of mild hyperthermia-induced acquired stress tolerance in Chinese Hamster Ovary cells	CHO 40Â°C_6h_B3	NextSeq 550 sequencing: GSM5974761: CHO 40Â°C_6h_B3 Cricetulus griseus RNA-Seq	cDNA
SRR18502231	PRJNA820638	SRX14633665	SAMN27019294	NO_FLAG					Distinct cellular tools of mild hyperthermia-induced acquired stress tolerance in Chinese Hamster Ovary cells	CHO 40Â°C_1h_D2	NextSeq 550 sequencing: GSM5974759: CHO 40Â°C_1h_D2 Cricetulus griseus RNA-Seq	cDNA
SRR18502238	PRJNA820638	SRX14633658	SAMN27019301	NO_FLAG					Distinct cellular tools of mild hyperthermia-induced acquired stress tolerance in Chinese Hamster Ovary cells	CHO Ctrl_A1	NextSeq 550 sequencing: GSM5974752: CHO Ctrl_A1 Cricetulus griseus RNA-Seq	cDNA
SRR22143444	PRJNA896947	SRX18122735	SAMN31573491	NO_FLAG					EccDNA of a CHO-K1 clone	Model organism or animal sample from Cricetulus griseus	Illumina NovaSeq 6000 sequencing: RNA-seq of CHO-K1	DNase
SRR22246870	PRJNA899862	SRX18223561	SAMN31670979	NO_FLAG					Timecourse RNA Sequencing of three CHO cell lines: non-producing CHOZNÂ®GS-/-, an IgG1 producer, and an EPO-Fc producer	I23_D5_2	Illumina NovaSeq 6000 sequencing: GSM6723630: I23_D5_2 Cricetulus griseus RNA-Seq	cDNA
SRR22246877	PRJNA899862	SRX18223554	SAMN31670986	NO_FLAG					Timecourse RNA Sequencing of three CHO cell lines: non-producing CHOZNÂ®GS-/-, an IgG1 producer, and an EPO-Fc producer	E33_D3_1	Illumina NovaSeq 6000 sequencing: GSM6723623: E33_D3_1 Cricetulus griseus RNA-Seq	cDNA
SRR22246882	PRJNA899862	SRX18223549	SAMN31670991	NO_FLAG					Timecourse RNA Sequencing of three CHO cell lines: non-producing CHOZNÂ®GS-/-, an IgG1 producer, and an EPO-Fc producer	ZN_D3_2	Illumina NovaSeq 6000 sequencing: GSM6723618: ZN_D3_2 Cricetulus griseus RNA-Seq	cDNA
SRR22246886	PRJNA899862	SRX18223545	SAMN31670995	NO_FLAG					Timecourse RNA Sequencing of three CHO cell lines: non-producing CHOZNÂ®GS-/-, an IgG1 producer, and an EPO-Fc producer	E33_D1_1	Illumina NovaSeq 6000 sequencing: GSM6723614: E33_D1_1 Cricetulus griseus RNA-Seq	cDNA
SRR22246892	PRJNA899862	SRX18223539	SAMN31671001	NO_FLAG					Timecourse RNA Sequencing of three CHO cell lines: non-producing CHOZNÂ®GS-/-, an IgG1 producer, and an EPO-Fc producer	ZN_D1_1	Illumina NovaSeq 6000 sequencing: GSM6723608: ZN_D1_1 Cricetulus griseus RNA-Seq	cDNA
SRR22246898	PRJNA899862	SRX18223533	SAMN31671004	NO_FLAG					Timecourse RNA Sequencing of three CHO cell lines: non-producing CHOZNÂ®GS-/-, an IgG1 producer, and an EPO-Fc producer	E33_D0_1	Illumina NovaSeq 6000 sequencing: GSM6723605: E33_D0_1 Cricetulus griseus RNA-Seq	cDNA
SRR22246902	PRJNA899862	SRX18223529	SAMN31671008	NO_FLAG					Timecourse RNA Sequencing of three CHO cell lines: non-producing CHOZNÂ®GS-/-, an IgG1 producer, and an EPO-Fc producer	ZN_D0_3	Illumina NovaSeq 6000 sequencing: GSM6723601: ZN_D0_3 Cricetulus griseus RNA-Seq	cDNA
SRR22246904	PRJNA899862	SRX18223527	SAMN31671010	NO_FLAG					Timecourse RNA Sequencing of three CHO cell lines: non-producing CHOZNÂ®GS-/-, an IgG1 producer, and an EPO-Fc producer	ZN_D0_1	Illumina NovaSeq 6000 sequencing: GSM6723599: ZN_D0_1 Cricetulus griseus RNA-Seq	cDNA
SRR23603795	PRJNA938154	SRX19488779	SAMN33426966	NO_FLAG					Deciphering the determinants of recombinant protein yield across the human secretome	P6975_188	Illumina HiSeq 2500 sequencing: GSM7061437: P6975_188 Cricetulus griseus RNA-Seq	cDNA
SRR23603802	PRJNA938154	SRX19488772	SAMN33426993	NO_FLAG					Deciphering the determinants of recombinant protein yield across the human secretome	P6975_161	Illumina HiSeq 2500 sequencing: GSM7061410: P6975_161 Cricetulus griseus RNA-Seq	cDNA
SRR23603814	PRJNA938154	SRX19488760	SAMN33427005	NO_FLAG					Deciphering the determinants of recombinant protein yield across the human secretome	P6975_149	Illumina HiSeq 2500 sequencing: GSM7061398: P6975_149 Cricetulus griseus RNA-Seq	cDNA
SRR23603819	PRJNA938154	SRX19488755	SAMN33427010	NO_FLAG					Deciphering the determinants of recombinant protein yield across the human secretome	P6975_144	Illumina HiSeq 2500 sequencing: GSM7061393: P6975_144 Cricetulus griseus RNA-Seq	cDNA
SRR23603827	PRJNA938154	SRX19488747	SAMN33426978	NO_FLAG					Deciphering the determinants of recombinant protein yield across the human secretome	P6975_176	Illumina HiSeq 2500 sequencing: GSM7061425: P6975_176 Cricetulus griseus RNA-Seq	cDNA
SRR23603845	PRJNA938154	SRX19488729	SAMN33427016	NO_FLAG					Deciphering the determinants of recombinant protein yield across the human secretome	P6975_138	Illumina HiSeq 2500 sequencing: GSM7061387: P6975_138 Cricetulus griseus RNA-Seq	cDNA
SRR23603855	PRJNA938154	SRX19488719	SAMN33427026	NO_FLAG					Deciphering the determinants of recombinant protein yield across the human secretome	P6975_128	Illumina HiSeq 2500 sequencing: GSM7061377: P6975_128 Cricetulus griseus RNA-Seq	cDNA
SRR23603858	PRJNA938154	SRX19488716	SAMN33427029	NO_FLAG					Deciphering the determinants of recombinant protein yield across the human secretome	P6975_125	Illumina HiSeq 2500 sequencing: GSM7061374: P6975_125 Cricetulus griseus RNA-Seq	cDNA
SRR23603861	PRJNA938154	SRX19488713	SAMN33427032	NO_FLAG					Deciphering the determinants of recombinant protein yield across the human secretome	P6975_122	Illumina HiSeq 2500 sequencing: GSM7061371: P6975_122 Cricetulus griseus RNA-Seq	cDNA
SRR23603864	PRJNA938154	SRX19488710	SAMN33427035	NO_FLAG					Deciphering the determinants of recombinant protein yield across the human secretome	P6975_119	Illumina HiSeq 2500 sequencing: GSM7061368: P6975_119 Cricetulus griseus RNA-Seq	cDNA
SRR23603868	PRJNA938154	SRX19488706	SAMN33427039	NO_FLAG					Deciphering the determinants of recombinant protein yield across the human secretome	P6975_115	Illumina HiSeq 2500 sequencing: GSM7061364: P6975_115 Cricetulus griseus RNA-Seq	cDNA
SRR23603874	PRJNA938154	SRX19488700	SAMN33427045	NO_FLAG					Deciphering the determinants of recombinant protein yield across the human secretome	P6975_109	Illumina HiSeq 2500 sequencing: GSM7061358: P6975_109 Cricetulus griseus RNA-Seq	cDNA
SRR24099902	PRJNA953054	SRX19900049	SAMN34105230	NO_FLAG					Hexokinase 2 and lactate mediated gene expression via histone H3 lysine 18 lactylation (CHO RNA-Seq)	CHO_LAC_rep2	Illumina NovaSeq 6000 sequencing: GSM7156052: CHO_LAC_rep2 Cricetulus griseus RNA-Seq	cDNA
SRR24099906	PRJNA953054	SRX19900045	SAMN34105234	NO_FLAG					Hexokinase 2 and lactate mediated gene expression via histone H3 lysine 18 lactylation (CHO RNA-Seq)	CHO_WTHK2_rep1	Illumina NovaSeq 6000 sequencing: GSM7156048: CHO_WTHK2_rep1 Cricetulus griseus RNA-Seq	cDNA
SRR24650912	PRJNA974014	SRX20431026	SAMN35159450	NO_FLAG					Heritable non-genetic phenotypes are enriched for stress responses as a form of bet hedging	MemorySeq_Sample39_Single-Cell-39	Illumina HiSeq 4000 sequencing: GSM7383683: MemorySeq_Sample39_Single-Cell-39 Cricetulus griseus RNA-Seq	cDNA
SRR24650913	PRJNA974014	SRX20431025	SAMN35159451	NO_FLAG					Heritable non-genetic phenotypes are enriched for stress responses as a form of bet hedging	MemorySeq_Sample38_Single-Cell-38	Illumina HiSeq 4000 sequencing: GSM7383682: MemorySeq_Sample38_Single-Cell-38 Cricetulus griseus RNA-Seq	cDNA
SRR24650915	PRJNA974014	SRX20431023	SAMN35159453	NO_FLAG					Heritable non-genetic phenotypes are enriched for stress responses as a form of bet hedging	MemorySeq_Sample36_Single-Cell-36	Illumina HiSeq 4000 sequencing: GSM7383680: MemorySeq_Sample36_Single-Cell-36 Cricetulus griseus RNA-Seq	cDNA
SRR24650917	PRJNA974014	SRX20431021	SAMN35159455	NO_FLAG					Heritable non-genetic phenotypes are enriched for stress responses as a form of bet hedging	MemorySeq_Sample34_Single-Cell-34	Illumina HiSeq 4000 sequencing: GSM7383678: MemorySeq_Sample34_Single-Cell-34 Cricetulus griseus RNA-Seq	cDNA
SRR24650923	PRJNA974014	SRX20431015	SAMN35159398	NO_FLAG					Heritable non-genetic phenotypes are enriched for stress responses as a form of bet hedging	StressFB_Day5_Flask8_Fed-Batch-5-8	Illumina HiSeq 4000 sequencing: GSM7383735: StressFB_Day5_Flask8_Fed-Batch-5-8 Cricetulus griseus RNA-Seq	cDNA
SRR24650927	PRJNA974014	SRX20431011	SAMN35159426	NO_FLAG					Heritable non-genetic phenotypes are enriched for stress responses as a form of bet hedging	NoiseControl_Sample23_Bulk-Population-23	Illumina HiSeq 4000 sequencing: GSM7383707: NoiseControl_Sample23_Bulk-Population-23 Cricetulus griseus RNA-Seq	cDNA
SRR24650928	PRJNA974014	SRX20431010	SAMN35159427	NO_FLAG					Heritable non-genetic phenotypes are enriched for stress responses as a form of bet hedging	NoiseControl_Sample22_Bulk-Population-22	Illumina HiSeq 4000 sequencing: GSM7383706: NoiseControl_Sample22_Bulk-Population-22 Cricetulus griseus RNA-Seq	cDNA
SRR24650932	PRJNA974014	SRX20431006	SAMN35159431	NO_FLAG					Heritable non-genetic phenotypes are enriched for stress responses as a form of bet hedging	NoiseControl_Sample18_Bulk-Population-18	Illumina HiSeq 4000 sequencing: GSM7383702: NoiseControl_Sample18_Bulk-Population-18 Cricetulus griseus RNA-Seq	cDNA
SRR24650933	PRJNA974014	SRX20431005	SAMN35159456	NO_FLAG					Heritable non-genetic phenotypes are enriched for stress responses as a form of bet hedging	MemorySeq_Sample33_Single-Cell-33	Illumina HiSeq 4000 sequencing: GSM7383677: MemorySeq_Sample33_Single-Cell-33 Cricetulus griseus RNA-Seq	cDNA
SRR24650940	PRJNA974014	SRX20430998	SAMN35159463	NO_FLAG					Heritable non-genetic phenotypes are enriched for stress responses as a form of bet hedging	MemorySeq_Sample26_Single-Cell-26	Illumina HiSeq 4000 sequencing: GSM7383670: MemorySeq_Sample26_Single-Cell-26 Cricetulus griseus RNA-Seq	cDNA
SRR24650943	PRJNA974014	SRX20430995	SAMN35159402	NO_FLAG					Heritable non-genetic phenotypes are enriched for stress responses as a form of bet hedging	StressFB_Day5_Flask4_Fed-Batch-5-4	Illumina HiSeq 4000 sequencing: GSM7383731: StressFB_Day5_Flask4_Fed-Batch-5-4 Cricetulus griseus RNA-Seq	cDNA
SRR24650950	PRJNA974014	SRX20430988	SAMN35159433	NO_FLAG					Heritable non-genetic phenotypes are enriched for stress responses as a form of bet hedging	NoiseControl_Sample16_Bulk-Population-16	Illumina HiSeq 4000 sequencing: GSM7383700: NoiseControl_Sample16_Bulk-Population-16 Cricetulus griseus RNA-Seq	cDNA
SRR24650964	PRJNA974014	SRX20430974	SAMN35159471	NO_FLAG					Heritable non-genetic phenotypes are enriched for stress responses as a form of bet hedging	MemorySeq_Sample17_Single-Cell-17	Illumina HiSeq 4000 sequencing: GSM7383662: MemorySeq_Sample17_Single-Cell-17 Cricetulus griseus RNA-Seq	cDNA
SRR24650978	PRJNA974014	SRX20430960	SAMN35159445	NO_FLAG					Heritable non-genetic phenotypes are enriched for stress responses as a form of bet hedging	NoiseControl_Sample4_Bulk-Population-4	Illumina HiSeq 4000 sequencing: GSM7383688: NoiseControl_Sample4_Bulk-Population-4 Cricetulus griseus RNA-Seq	cDNA
SRR24650982	PRJNA974014	SRX20430956	SAMN35159473	NO_FLAG					Heritable non-genetic phenotypes are enriched for stress responses as a form of bet hedging	MemorySeq_Sample15_Single-Cell-15	Illumina HiSeq 4000 sequencing: GSM7383660: MemorySeq_Sample15_Single-Cell-15 Cricetulus griseus RNA-Seq	cDNA
SRR24650984	PRJNA974014	SRX20430954	SAMN35159475	NO_FLAG					Heritable non-genetic phenotypes are enriched for stress responses as a form of bet hedging	MemorySeq_Sample13_Single-Cell-13	Illumina HiSeq 4000 sequencing: GSM7383658: MemorySeq_Sample13_Single-Cell-13 Cricetulus griseus RNA-Seq	cDNA
SRR24650985	PRJNA974014	SRX20430953	SAMN35159476	NO_FLAG					Heritable non-genetic phenotypes are enriched for stress responses as a form of bet hedging	MemorySeq_Sample12_Single-Cell-12	Illumina HiSeq 4000 sequencing: GSM7383657: MemorySeq_Sample12_Single-Cell-12 Cricetulus griseus RNA-Seq	cDNA
SRR24650991	PRJNA974014	SRX20430947	SAMN35159482	NO_FLAG					Heritable non-genetic phenotypes are enriched for stress responses as a form of bet hedging	MemorySeq_Sample6_Single-Cell-6	Illumina HiSeq 4000 sequencing: GSM7383651: MemorySeq_Sample6_Single-Cell-6 Cricetulus griseus RNA-Seq	cDNA
SRR24650995	PRJNA974014	SRX20430943	SAMN35159486	NO_FLAG					Heritable non-genetic phenotypes are enriched for stress responses as a form of bet hedging	MemorySeq_Sample2_Single-Cell-2	Illumina HiSeq 4000 sequencing: GSM7383647: MemorySeq_Sample2_Single-Cell-2 Cricetulus griseus RNA-Seq	cDNA
SRR24650996	PRJNA974014	SRX20430942	SAMN35159487	NO_FLAG					Heritable non-genetic phenotypes are enriched for stress responses as a form of bet hedging	MemorySeq_Sample1_Single-Cell-1	Illumina HiSeq 4000 sequencing: GSM7383646: MemorySeq_Sample1_Single-Cell-1 Cricetulus griseus RNA-Seq	cDNA
SRR24650998	PRJNA974014	SRX20431035	SAMN35159417	NO_FLAG					Heritable non-genetic phenotypes are enriched for stress responses as a form of bet hedging	NoiseControl_Sample32_Bulk-Population-32	Illumina HiSeq 4000 sequencing: GSM7383716: NoiseControl_Sample32_Bulk-Population-32 Cricetulus griseus RNA-Seq	cDNA
SRR24651001	PRJNA974014	SRX20431032	SAMN35159420	NO_FLAG					Heritable non-genetic phenotypes are enriched for stress responses as a form of bet hedging	NoiseControl_Sample29_Bulk-Population-29	Illumina HiSeq 4000 sequencing: GSM7383713: NoiseControl_Sample29_Bulk-Population-29 Cricetulus griseus RNA-Seq	cDNA
SRR24651002	PRJNA974014	SRX20431031	SAMN35159421	NO_FLAG					Heritable non-genetic phenotypes are enriched for stress responses as a form of bet hedging	NoiseControl_Sample28_Bulk-Population-28	Illumina HiSeq 4000 sequencing: GSM7383712: NoiseControl_Sample28_Bulk-Population-28 Cricetulus griseus RNA-Seq	cDNA
ERR3972090	PRJEB37009	ERX3975427	SAMEA6602848	NO_FLAG					Directed Evolution Approach to enhance Efficiency and Speed of Outgrowth during Single Cell Subcloning of Chinese Hamster Ovary Cells	Expression profile of CHO K1 0mM replicate 1	Illumina HiSeq 2500 sequencing	Inverse rRNA selection
ERR3972092	PRJEB37009	ERX3975429	SAMEA6602850	NO_FLAG					Directed Evolution Approach to enhance Efficiency and Speed of Outgrowth during Single Cell Subcloning of Chinese Hamster Ovary Cells	Expression profile of CHO K1 0mM DE replicate 1	Illumina HiSeq 2500 sequencing	Inverse rRNA selection
ERR3972097	PRJEB37009	ERX3975434	SAMEA6602855	NO_FLAG					Directed Evolution Approach to enhance Efficiency and Speed of Outgrowth during Single Cell Subcloning of Chinese Hamster Ovary Cells	Expression profile of CHO K1 Hy DE replicate 2	Illumina HiSeq 2500 sequencing	Inverse rRNA selection
SRR22810190	PRJNA913861	SRX18769907	SAMN32309274	NO_FLAG					Xbp1 knockdown in CHO cells stably expressing Cdh13 (RNA-Seq)	siXBP1_2	Illumina NovaSeq 6000 sequencing: GSM6858196: siXBP1_2 Cricetulus griseus RNA-Seq	cDNA
SRR22810192	PRJNA913861	SRX18769905	SAMN32309276	NO_FLAG					Xbp1 knockdown in CHO cells stably expressing Cdh13 (RNA-Seq)	Ctrl3	Illumina NovaSeq 6000 sequencing: GSM6858194: Ctrl3 Cricetulus griseus RNA-Seq	cDNA
SRR22810194	PRJNA913861	SRX18769903	SAMN32309278	NO_FLAG					Xbp1 knockdown in CHO cells stably expressing Cdh13 (RNA-Seq)	Ctrl1	Illumina NovaSeq 6000 sequencing: GSM6858192: Ctrl1 Cricetulus griseus RNA-Seq	cDNA
SRR28349053	PRJNA1088164	SRX23955093	SAMN40463199	NO_FLAG					Systems biology analysis of CHO cell clonal variation	Model organism or animal sample from Cricetulus griseus	Illumina NovaSeq 6000 sequencing: RNA-seq of cricetulus griseus (CHO-S)	PCR
SRR28349061	PRJNA1088164	SRX23955085	SAMN40463205	NO_FLAG					Systems biology analysis of CHO cell clonal variation	Model organism or animal sample from Cricetulus griseus	Illumina NovaSeq 6000 sequencing: RNA-seq of cricetulus griseus (CHO-S)	PCR
SRR28413170	PRJNA1090557	SRX24017562	SAMN40570597	NO_FLAG					Overexpression of YTHDF3 increases the specific productivity of the recombinant protein in CHO cells by promoting the translation process	AD_17_DF3_1	Illumina NovaSeq 6000 sequencing: AD_17_DF3_1	PCR
SRR28413171	PRJNA1090557	SRX24017561	SAMN40570596	NO_FLAG					Overexpression of YTHDF3 increases the specific productivity of the recombinant protein in CHO cells by promoting the translation process	AD_17_1	Illumina NovaSeq 6000 sequencing: AD_17_1	PCR
SRR2922598	PRJNA302601	SRX1436208	SAMN04275175	NO_FLAG					Revealing suspension adapation of CHO cell in serum free media	SUS0_2	Illumina MiSeq sequencing: GSM1942562: SUS0_2 Cricetulus griseus RNA-Seq	cDNA
SRR2922606	PRJNA302601	SRX1436216	SAMN04275183	NO_FLAG					Revealing suspension adapation of CHO cell in serum free media	SUS4_2	Illumina MiSeq sequencing: GSM1942570: SUS4_2 Cricetulus griseus RNA-Seq	cDNA
SRR29441700	PRJNA1123849	SRX24954104	SAMN41829156	NO_FLAG					Transcriptomic Responses of HHBN-Treated CHO-K1 Cells	Model organism or animal sample from Cricetulus griseus	Illumina NovaSeq 6000 sequencing: RNA-seq of cricetulus griseus picr: control	PCR
SRR29441701	PRJNA1123849	SRX24954103	SAMN41829155	NO_FLAG					Transcriptomic Responses of HHBN-Treated CHO-K1 Cells	Model organism or animal sample from Cricetulus griseus	Illumina NovaSeq 6000 sequencing: RNA-seq of cricetulus griseus picr: control	PCR
SRR29672921	PRJNA1130622	SRX25176394	SAMN42212557	NO_FLAG					CHO serum-free adaptation, temperature, pH, glucose		Illumina HiSeq 2500 sequencing: RNA-Seq of cricetulus griseus: serum-free medium adaptation	cDNA_oligo_dT
SRR29672926	PRJNA1130622	SRX25176387	SAMN42212550	NO_FLAG					CHO serum-free adaptation, temperature, pH, glucose		Illumina HiSeq 2500 sequencing: RNA-Seq of cricetulus griseus: serum-free medium adaptation	cDNA_oligo_dT
SRR29672927	PRJNA1130622	SRX25176386	SAMN42212551	NO_FLAG					CHO serum-free adaptation, temperature, pH, glucose		Illumina HiSeq 2500 sequencing: RNA-Seq of cricetulus griseus: serum-free medium adaptation	cDNA_oligo_dT
SRR29672934	PRJNA1130622	SRX25176378	SAMN42212542	NO_FLAG					CHO serum-free adaptation, temperature, pH, glucose		Illumina HiSeq 2500 sequencing: RNA-Seq of cricetulus griseus: low temperature/pH	cDNA_oligo_dT
SRR29672936	PRJNA1130622	SRX25176382	SAMN42212546	NO_FLAG					CHO serum-free adaptation, temperature, pH, glucose		Illumina HiSeq 2500 sequencing: RNA-Seq of cricetulus griseus: low basal glucose	cDNA_oligo_dT
SRR2968326	PRJNA304606	SRX1457798	SAMN04305213	NO_FLAG					RNA-sequencing analysis of a wildtype CHO cell line (CHO-K1), a mutant CHO cell line (pgsA745) that lacks xylosyltransferase (XylT) activity, and pgsA745 stably transfected with XylT1 (pgsA745-XylT1).	Pgsa745 rep2	Illumina HiSeq 2500 sequencing: GSM1958462: Pgsa745 rep2 Cricetulus griseus RNA-Seq	cDNA
SRR2968327	PRJNA304606	SRX1457799	SAMN04305214	NO_FLAG					RNA-sequencing analysis of a wildtype CHO cell line (CHO-K1), a mutant CHO cell line (pgsA745) that lacks xylosyltransferase (XylT) activity, and pgsA745 stably transfected with XylT1 (pgsA745-XylT1).	Pgsa745-XYLT1 rep1	Illumina HiSeq 2500 sequencing: GSM1958463: Pgsa745-XYLT1 rep1 Cricetulus griseus RNA-Seq	cDNA
SRR3161757	PRJNA311594	SRX1570960	SAMN04501027	NO_FLAG					CHO-S transcriptome in batch culture	72h-1	Illumina HiSeq 2500 sequencing: GSM2059626: 72h-1 Cricetulus griseus RNA-Seq	cDNA
SRR3161779	PRJNA311594	SRX1570982	SAMN04501049	NO_FLAG					CHO-S transcriptome in batch culture	132h-3	Illumina HiSeq 2500 sequencing: GSM2059648: 132h-3 Cricetulus griseus RNA-Seq	cDNA
SRR3161783	PRJNA311594	SRX1570986	SAMN04501053	NO_FLAG					CHO-S transcriptome in batch culture	144h-3	Illumina HiSeq 2500 sequencing: GSM2059652: 144h-3 Cricetulus griseus RNA-Seq	cDNA
SRR3161785	PRJNA311594	SRX1570988	SAMN04501055	NO_FLAG					CHO-S transcriptome in batch culture	156h-1	Illumina HiSeq 2500 sequencing: GSM2059654: 156h-1 Cricetulus griseus RNA-Seq	cDNA
SRR3161786	PRJNA311594	SRX1570989	SAMN04501056	NO_FLAG					CHO-S transcriptome in batch culture	156h-2	Illumina HiSeq 2500 sequencing: GSM2059655: 156h-2 Cricetulus griseus RNA-Seq	cDNA
SRR3161792	PRJNA311594	SRX1570995	SAMN04501062	NO_FLAG					CHO-S transcriptome in batch culture	168h-4	Illumina HiSeq 2500 sequencing: GSM2059661: 168h-4 Cricetulus griseus RNA-Seq	cDNA
SRR3284444	PRJNA316065	SRX1655601	SAMN04574676	REVIEW_STUDY_CONTEXT_ONLY			ribosome_profiling		Ribosome profiling-guided depletion of an mRNA improves CHO cell growth and recombinant product titers	Day3_rep1_RNAseq	Illumina HiSeq 2500 sequencing: GSM2096519: Day3_rep1_RNAseq Cricetulus griseus RNA-Seq	cDNA
SRR3284446	PRJNA316065	SRX1655602	SAMN04574677	REVIEW_STUDY_CONTEXT_ONLY			ribosome_profiling		Ribosome profiling-guided depletion of an mRNA improves CHO cell growth and recombinant product titers	Day3_rep2_RNAseq	Illumina HiSeq 2500 sequencing: GSM2096520: Day3_rep2_RNAseq Cricetulus griseus RNA-Seq	cDNA
SRR3284448	PRJNA316065	SRX1655603	SAMN04574678	REVIEW_STUDY_CONTEXT_ONLY			ribosome_profiling		Ribosome profiling-guided depletion of an mRNA improves CHO cell growth and recombinant product titers	Day3_rep3_RNAseq	Illumina HiSeq 2500 sequencing: GSM2096521: Day3_rep3_RNAseq Cricetulus griseus RNA-Seq	cDNA
SRR3284459	PRJNA316065	SRX1655609	SAMN04574684	REVIEW_STUDY_CONTEXT_ONLY			ribosome_profiling		Ribosome profiling-guided depletion of an mRNA improves CHO cell growth and recombinant product titers	Day6_rep3_RNAseq	Illumina HiSeq 2500 sequencing: GSM2096527: Day6_rep3_RNAseq Cricetulus griseus RNA-Seq	cDNA
SRR3284460	PRJNA316065	SRX1655609	SAMN04574684	REVIEW_STUDY_CONTEXT_ONLY			ribosome_profiling		Ribosome profiling-guided depletion of an mRNA improves CHO cell growth and recombinant product titers	Day6_rep3_RNAseq	Illumina HiSeq 2500 sequencing: GSM2096527: Day6_rep3_RNAseq Cricetulus griseus RNA-Seq	cDNA
SRR33198154	PRJNA1252143	SRX28445683	SAMN48037640	NO_FLAG					Enhanced Production of HCV E1E2 Subunit Vaccine Candidates via Protein-Protein Interaction Identification in Glyco-engineered CHO cells	wt-like, Sppl3 KO, E1E2, Furin,clone1_3, rep3	Illumina NovaSeq X Plus sequencing: GSM8935933: wt-like, Sppl3 KO, E1E2, Furin,clone1_3, rep3 Cricetulus griseus RNA-Seq	cDNA
SRR33198155	PRJNA1252143	SRX28445682	SAMN48037641	NO_FLAG					Enhanced Production of HCV E1E2 Subunit Vaccine Candidates via Protein-Protein Interaction Identification in Glyco-engineered CHO cells	wt-like, Sppl3 KO, E1E2, Furin,clone1_3, rep2	Illumina NovaSeq X Plus sequencing: GSM8935932: wt-like, Sppl3 KO, E1E2, Furin,clone1_3, rep2 Cricetulus griseus RNA-Seq	cDNA
SRR33198159	PRJNA1252143	SRX28445681	SAMN48037642	NO_FLAG					Enhanced Production of HCV E1E2 Subunit Vaccine Candidates via Protein-Protein Interaction Identification in Glyco-engineered CHO cells	wt-like, Sppl3 KO, E1E2, Furin,clone1_3, rep1	Illumina NovaSeq X Plus sequencing: GSM8935931: wt-like, Sppl3 KO, E1E2, Furin,clone1_3, rep1 Cricetulus griseus RNA-Seq	cDNA
SRR33198167	PRJNA1252143	SRX28445670	SAMN48037653	NO_FLAG					Enhanced Production of HCV E1E2 Subunit Vaccine Candidates via Protein-Protein Interaction Identification in Glyco-engineered CHO cells	Cell-line 1, Sppl3/Mgat2/St3gal3/4/6/B3gnt2 KO, E1E2, Furin,cell-line1_17, rep2	Illumina NovaSeq X Plus sequencing: GSM8935919: Cell-line 1, Sppl3/Mgat2/St3gal3/4/6/B3gnt2 KO, E1E2, Furin,cell-line1_17, rep2 Cricetulus griseus RNA-Seq	cDNA
SRR33309099	PRJNA1254963	SRX28553911	SAMN48140368	NO_FLAG					In situ detection and amplification of protein-protein interactions can increase recombinant protein production	F1, Rituximab, rep2	Illumina NovaSeq X Plus sequencing: GSM8951142: F1, Rituximab, rep2 Cricetulus griseus RNA-Seq	cDNA
SRR33309102	PRJNA1254963	SRX28553908	SAMN48140371	NO_FLAG					In situ detection and amplification of protein-protein interactions can increase recombinant protein production	E10, Rituximab, rep2	Illumina NovaSeq X Plus sequencing: GSM8951139: E10, Rituximab, rep2 Cricetulus griseus RNA-Seq	cDNA
SRR33309124	PRJNA1254963	SRX28553886	SAMN48140393	NO_FLAG					In situ detection and amplification of protein-protein interactions can increase recombinant protein production	A4, Rituximab, rep1	Illumina NovaSeq X Plus sequencing: GSM8951117: A4, Rituximab, rep1 Cricetulus griseus RNA-Seq	cDNA
SRR35653649	PRJNA1335855	SRX30705855	SAMN52025841	NO_FLAG					Research on M6A in CHO cells	Model organism or animal sample from Cricetulus griseus	Illumina NovaSeq 6000 sequencing: Sh-ALKBH5-3	cDNA
SRR35653654	PRJNA1335855	SRX30705850	SAMN52025840	NO_FLAG					Research on M6A in CHO cells	Model organism or animal sample from Cricetulus griseus	Illumina NovaSeq 6000 sequencing: Control-1	cDNA
SRR38262921	PRJNA1282762	SRX33099499	SAMN49662869	NO_FLAG					Shotgun Genetic Engineering	Model organism or animal sample from Cricetulus griseus	Illumina NovaSeq X Plus sequencing: RNA-Seq of Engineered Cricetulus griseus clone: female ovary	Oligo-dT
SRR3946101	PRJNA330832	SRX1971986	SAMN05426770	NO_FLAG					Cricetulus griseus Transcriptome or Gene expression	Gene expression in EGFR-TAM expressing CHO (Cricetulus griseus) cell lines	NextSeq 500 sequencing: EGFR-TAM signaling using RNASeq	RT-PCR
SRR3946104	PRJNA330832	SRX1971989	SAMN05426770	NO_FLAG					Cricetulus griseus Transcriptome or Gene expression	Gene expression in EGFR-TAM expressing CHO (Cricetulus griseus) cell lines	NextSeq 500 sequencing: EGFR-TAM signaling using RNASeq	RT-PCR
SRR3946105	PRJNA330832	SRX1971990	SAMN05426770	NO_FLAG					Cricetulus griseus Transcriptome or Gene expression	Gene expression in EGFR-TAM expressing CHO (Cricetulus griseus) cell lines	NextSeq 500 sequencing: EGFR-TAM signaling using RNASeq	RT-PCR
SRR3946112	PRJNA330832	SRX1971997	SAMN05426770	NO_FLAG					Cricetulus griseus Transcriptome or Gene expression	Gene expression in EGFR-TAM expressing CHO (Cricetulus griseus) cell lines	NextSeq 500 sequencing: EGFR-TAM signaling using RNASeq	RT-PCR
SRR39497724	PRJNA1489724	SRX34192514	SAMN61409207	NO_FLAG					RNA-seq analysis of multiplex CRISPR knockout gene sets in CHO-DG44-derived co-culture samples	100_DNAdam	Illumina NovaSeq 6000 sequencing: 100_DNAdam multiplex CRISPR gene-set co-culture RNA-seq replicate 1	PolyA
SRR39561851	PRJNA1492564	SRX34250723	SAMN61510924	NO_FLAG					DTT-induced transcriptome profiling reveals divergent ER proteostasis and stress-adaptation programs in CHO-S and apoptosis-resistant CHO-4BGD producer cell lines	HB8 producer clone replicate 1 DTT-treated	DNBSEQ-G400 sequencing: HB8 producer clone replicate 1 DTT-treated	PolyA
SRR39561857	PRJNA1492564	SRX34250717	SAMN61510928	NO_FLAG					DTT-induced transcriptome profiling reveals divergent ER proteostasis and stress-adaptation programs in CHO-S and apoptosis-resistant CHO-4BGD producer cell lines	HB8 producer clone replicate 3 DTT-treated	DNBSEQ-G400 sequencing: HB8 producer clone replicate 3 DTT-treated	PolyA
SRR40310831	PRJNA1516528	SRX34926295	SAMN62608407	NO_FLAG					Transcriptomic profiling of exon-specific glutamine synthetase knockout CHO cell lines	Model organism or animal sample from Cricetulus griseus	Illumina NovaSeq 6000 sequencing: RNA-seq of CHOZN cells, biological replicate 2	cDNA
SRR40310833	PRJNA1516528	SRX34926293	SAMN62608405	NO_FLAG					Transcriptomic profiling of exon-specific glutamine synthetase knockout CHO cell lines	Model organism or animal sample from Cricetulus griseus	Illumina NovaSeq 6000 sequencing: RNA-seq of AK1 CHO cells, biological replicate 3	cDNA
SRR40310835	PRJNA1516528	SRX34926291	SAMN62608403	NO_FLAG					Transcriptomic profiling of exon-specific glutamine synthetase knockout CHO cell lines	Model organism or animal sample from Cricetulus griseus	Illumina NovaSeq 6000 sequencing: RNA-seq of AK1 CHO cells, biological replicate 1	cDNA
SRR40310836	PRJNA1516528	SRX34926290	SAMN62608402	NO_FLAG					Transcriptomic profiling of exon-specific glutamine synthetase knockout CHO cell lines	Model organism or animal sample from Cricetulus griseus	Illumina NovaSeq 6000 sequencing: RNA-seq of EK1 CHO cells, biological replicate 3	cDNA
SRR4035674	PRJNA339147	SRX2026831	SAMN05580156	NO_FLAG					Next Generation Sequencing Facilitates Quantitative Analysis of miR-29b-1 and miR-29a targets in CHO-K1 cells	CHO-K1_7A	NextSeq 500 sequencing: GSM2282051: CHO-K1_7A Cricetulus griseus RNA-Seq	cDNA
SRR4035678	PRJNA339147	SRX2026835	SAMN05580165	NO_FLAG					Next Generation Sequencing Facilitates Quantitative Analysis of miR-29b-1 and miR-29a targets in CHO-K1 cells	CHO-K1_8B	NextSeq 500 sequencing: GSM2282055: CHO-K1_8B Cricetulus griseus RNA-Seq	cDNA
SRR4035681	PRJNA339147	SRX2026838	SAMN05580162	NO_FLAG					Next Generation Sequencing Facilitates Quantitative Analysis of miR-29b-1 and miR-29a targets in CHO-K1 cells	CHO-K1_9B	NextSeq 500 sequencing: GSM2282058: CHO-K1_9B Cricetulus griseus RNA-Seq	cDNA
SRR3401749	PRJNA318886	SRX1712694	SAMN04869817	NO_FLAG					RNA-Seq of CHO cell	Model organism or animal sample from Cricetulus griseus	Illumina HiSeq 2000 sequencing: RNA-Seq of CHO cell: CHO DG44 IgG producing cells in exponential growth phase	unspecified
SRR3401750	PRJNA318886	SRX1712695	SAMN04869818	NO_FLAG					RNA-Seq of CHO cell	Model organism or animal sample from Cricetulus griseus	Illumina HiSeq 2000 sequencing: RNA-Seq of CHO cell: CHO DG44 IgG producing cells in stationary cultivation phase	unspecified
SRR3401751	PRJNA318886	SRX1712696	SAMN04869819	NO_FLAG					RNA-Seq of CHO cell	Model organism or animal sample from Cricetulus griseus	Illumina HiSeq 2000 sequencing: RNA-Seq of CHO cell: DG44 IgG producing cells treated with NaBu 48h after seeding	unspecified
SRR3401752	PRJNA318886	SRX1712697	SAMN04869820	NO_FLAG					RNA-Seq of CHO cell	Model organism or animal sample from Cricetulus griseus	Illumina HiSeq 2000 sequencing: RNA-Seq of CHO cell: CHO DG44 IgG producing cells treated with NaBu 48h after seeding	unspecified
SRR36222938	PRJNA1363687	SRX31258997	SAMN53215354	NO_FLAG					Transcriptomic response of CHO cells in response to tunicamycin-induced ER stress	CHO_ER_BR1	Illumina NovaSeq X Plus sequencing: RNASeq of CHO_ER cells adapted to tunicamycin non-treated on day 4 of batch culture_Biological Replicate 1	RANDOM
SRR36222942	PRJNA1363687	SRX31258993	SAMN53215350	NO_FLAG					Transcriptomic response of CHO cells in response to tunicamycin-induced ER stress	CHO_C_C1	NextSeq 550 sequencing: RNASeq of CHO_C cells non-treated on day 4 of batch culture_Biological Replicate 1	RANDOM
SRR36663600	PRJNA1397464	SRX31674376	SAMN54431542	NO_FLAG					Research on IGF2BP2 in CHO cells	Model organism or animal sample from Cricetulus griseus	Illumina NovaSeq 6000 sequencing: BP2_2	cDNA
SRR5358890	PRJNA378939	SRX2654730	SAMN06563820	NO_FLAG					Cricetulus griseus Transcriptome or Gene expression	CHO-K1 parental cell line	Illumina HiSeq 2000 sequencing: RNA-Seq of CHO-K1 cells growing at exponential growth phase	unspecified
SRR5409489	PRJNA378247	SRX2701774	SAMN06481670	NO_FLAG					Effects of glucose concentration on recombinant CHO cells	T	Illumina HiSeq 2500 sequencing: RNAseq of Ovary tissue from DP12 cell line: low glucose	size fractionation
SRR5409490	PRJNA378247	SRX2701775	SAMN06481669	NO_FLAG					Effects of glucose concentration on recombinant CHO cells	S	Illumina HiSeq 2500 sequencing: RNAseq of Ovary tissue from DP12 cell line: low glucose	size fractionation
SRR5812572	PRJNA393479	SRX2991090	SAMN07334554	NO_FLAG					High technical resolution transcriptomics analysis for CHO cells	Subclone HP biological replicate 2	Illumina HiSeq 2500 sequencing: GSM2696088: Subclone HP biological replicate 2 Cricetulus griseus RNA-Seq	cDNA
SRR5812578	PRJNA393479	SRX2991093	SAMN07334551	NO_FLAG					High technical resolution transcriptomics analysis for CHO cells	Subclone LP biological replicate 2	Illumina HiSeq 2500 sequencing: GSM2696091: Subclone LP biological replicate 2 Cricetulus griseus RNA-Seq	cDNA
SRR8165624	PRJNA504034	SRX4986362	SAMN10388070	NO_FLAG					Annotation improvement and retroviral element discovery in the Chinese hamster genome using proteogenomics	Model organism or animal sample from Cricetulus griseus	Illumina HiSeq 2500 sequencing: CellLine9_2R	unspecified
SRR8165628	PRJNA504034	SRX4986358	SAMN10388066	NO_FLAG					Annotation improvement and retroviral element discovery in the Chinese hamster genome using proteogenomics	Model organism or animal sample from Cricetulus griseus	Illumina HiSeq 2500 sequencing: CellLine8_1R	unspecified
SRR8165630	PRJNA504034	SRX4986356	SAMN10388068	NO_FLAG					Annotation improvement and retroviral element discovery in the Chinese hamster genome using proteogenomics	Model organism or animal sample from Cricetulus griseus	Illumina HiSeq 2500 sequencing: CellLine8_3R	unspecified
SRR8165651	PRJNA504034	SRX4986335	SAMN10388064	NO_FLAG					Annotation improvement and retroviral element discovery in the Chinese hamster genome using proteogenomics	Model organism or animal sample from Cricetulus griseus	Illumina HiSeq 2500 sequencing: CellLine7_B	unspecified
SRR8165658	PRJNA504034	SRX4986328	SAMN10388059	NO_FLAG					Annotation improvement and retroviral element discovery in the Chinese hamster genome using proteogenomics	Model organism or animal sample from Cricetulus griseus	Illumina HiSeq 2500 sequencing: CellLine5_C	unspecified
SRR8165659	PRJNA504034	SRX4986327	SAMN10388062	NO_FLAG					Annotation improvement and retroviral element discovery in the Chinese hamster genome using proteogenomics	Model organism or animal sample from Cricetulus griseus	Illumina HiSeq 2500 sequencing: CellLine6_3	unspecified
SRR8165660	PRJNA504034	SRX4986326	SAMN10388061	NO_FLAG					Annotation improvement and retroviral element discovery in the Chinese hamster genome using proteogenomics	Model organism or animal sample from Cricetulus griseus	Illumina HiSeq 2500 sequencing: CellLine6_2	unspecified
SRR8165661	PRJNA504034	SRX4986325	SAMN10388078	NO_FLAG					Annotation improvement and retroviral element discovery in the Chinese hamster genome using proteogenomics	Model organism or animal sample from Cricetulus griseus	Illumina HiSeq 2500 sequencing: CellLine12_1R	unspecified
SRR8165666	PRJNA504034	SRX4986320	SAMN10388081	NO_FLAG					Annotation improvement and retroviral element discovery in the Chinese hamster genome using proteogenomics	Model organism or animal sample from Cricetulus griseus	Illumina HiSeq 2500 sequencing: CellLine13_1R	unspecified
SRR8165674	PRJNA504034	SRX4986312	SAMN10388054	NO_FLAG					Annotation improvement and retroviral element discovery in the Chinese hamster genome using proteogenomics	Model organism or animal sample from Cricetulus griseus	Illumina HiSeq 2500 sequencing: CellLine4_1	unspecified
SRR8165679	PRJNA504034	SRX4986307	SAMN10388046	NO_FLAG					Annotation improvement and retroviral element discovery in the Chinese hamster genome using proteogenomics	Model organism or animal sample from Cricetulus griseus	Illumina HiSeq 2500 sequencing: CellLine1_2	unspecified
SRR8165683	PRJNA504034	SRX4986303	SAMN10388050	NO_FLAG					Annotation improvement and retroviral element discovery in the Chinese hamster genome using proteogenomics	Model organism or animal sample from Cricetulus griseus	Illumina HiSeq 2500 sequencing: CellLine2_3	unspecified
SRR8165684	PRJNA504034	SRX4986302	SAMN10388049	NO_FLAG					Annotation improvement and retroviral element discovery in the Chinese hamster genome using proteogenomics	Model organism or animal sample from Cricetulus griseus	Illumina HiSeq 2500 sequencing: CellLine2_2	unspecified
SRR9137504	PRJNA545135	SRX5910665	SAMN11874999	NO_FLAG					Interpreting an apoptotic corpse as anti-inflammatory involves a chloride sensing pathway	RaviLabHam.10: WT Phagocytes + Apoptotic Cells	NextSeq 500 sequencing: GSM3822308: RaviLabHam.10: WT Phagocytes + Apoptotic Cells Cricetulus griseus RNA-Seq	cDNA
SRR9151758	PRJNA545309	SRX5924874	SAMN11883836	NO_FLAG					Apoptotic cells actively release metabolite messanger with anti-inflammatory properties	FL-2	NextSeq 500 sequencing: GSM3827103: FL-2 Cricetulus griseus RNA-Seq	cDNA
SRR9151764	PRJNA545309	SRX5924880	SAMN11883830	NO_FLAG					Apoptotic cells actively release metabolite messanger with anti-inflammatory properties	FA-4	NextSeq 500 sequencing: GSM3827109: FA-4 Cricetulus griseus RNA-Seq	cDNA
SRR9151766	PRJNA545309	SRX5924882	SAMN11883828	NO_FLAG					Apoptotic cells actively release metabolite messanger with anti-inflammatory properties	DA-2	NextSeq 500 sequencing: GSM3827111: DA-2 Cricetulus griseus RNA-Seq	cDNA
SRR9151767	PRJNA545309	SRX5924883	SAMN11883827	NO_FLAG					Apoptotic cells actively release metabolite messanger with anti-inflammatory properties	DA-3	NextSeq 500 sequencing: GSM3827112: DA-3 Cricetulus griseus RNA-Seq	cDNA
SRR9620993	PRJNA551666	SRX6384003	SAMN12162723	NO_FLAG					Transcriptome profiles of antibody-producing CHO cells across different amplification strategies	CHO cells, A01_EXP	Illumina MiSeq sequencing: GSM3910578: CHO cells, A01_EXP Cricetulus griseus RNA-Seq	cDNA
SRR9620996	PRJNA551666	SRX6384004	SAMN12162722	NO_FLAG					Transcriptome profiles of antibody-producing CHO cells across different amplification strategies	CHO cells, A02_EXP	Illumina MiSeq sequencing: GSM3910579: CHO cells, A02_EXP Cricetulus griseus RNA-Seq	cDNA
SRR9621000	PRJNA551666	SRX6384005	SAMN12162721	NO_FLAG					Transcriptome profiles of antibody-producing CHO cells across different amplification strategies	CHO cells, A01_EXP_RLT	Illumina MiSeq sequencing: GSM3910580: CHO cells, A01_EXP_RLT Cricetulus griseus RNA-Seq	cDNA
SRR9621007	PRJNA551666	SRX6384007	SAMN12162719	NO_FLAG					Transcriptome profiles of antibody-producing CHO cells across different amplification strategies	CHO cells, A03_EXP_Duplicate	Illumina MiSeq sequencing: GSM3910582: CHO cells, A03_EXP_Duplicate Cricetulus griseus RNA-Seq	cDNA
SRR9621015	PRJNA551666	SRX6384009	SAMN12162717	NO_FLAG					Transcriptome profiles of antibody-producing CHO cells across different amplification strategies	CHO cells, A04_EXP_Duplicate	Illumina MiSeq sequencing: GSM3910584: CHO cells, A04_EXP_Duplicate Cricetulus griseus RNA-Seq	cDNA
SRR9621017	PRJNA551666	SRX6384009	SAMN12162717	NO_FLAG					Transcriptome profiles of antibody-producing CHO cells across different amplification strategies	CHO cells, A04_EXP_Duplicate	Illumina MiSeq sequencing: GSM3910584: CHO cells, A04_EXP_Duplicate Cricetulus griseus RNA-Seq	cDNA
SRR9621027	PRJNA551666	SRX6384012	SAMN12162714	NO_FLAG					Transcriptome profiles of antibody-producing CHO cells across different amplification strategies	CHO cells, A02_STA	Illumina MiSeq sequencing: GSM3910587: CHO cells, A02_STA Cricetulus griseus RNA-Seq	cDNA
SRR9621036	PRJNA551666	SRX6384014	SAMN12162712	NO_FLAG					Transcriptome profiles of antibody-producing CHO cells across different amplification strategies	CHO cells, A04_STA	Illumina MiSeq sequencing: GSM3910589: CHO cells, A04_STA Cricetulus griseus RNA-Seq	cDNA
SRR9621040	PRJNA551666	SRX6384015	SAMN12162711	NO_FLAG					Transcriptome profiles of antibody-producing CHO cells across different amplification strategies	CHO cells, A1-1_EXP	Illumina MiSeq sequencing: GSM3910590: CHO cells, A1-1_EXP Cricetulus griseus RNA-Seq	cDNA
SRR9621052	PRJNA551666	SRX6384018	SAMN12162708	NO_FLAG					Transcriptome profiles of antibody-producing CHO cells across different amplification strategies	CHO cells, A1-1_STA	Illumina MiSeq sequencing: GSM3910593: CHO cells, A1-1_STA Cricetulus griseus RNA-Seq	cDNA
SRR9621079	PRJNA551666	SRX6384025	SAMN12162725	NO_FLAG					Transcriptome profiles of antibody-producing CHO cells across different amplification strategies	CHO cells, NDST-2_STA	Illumina MiSeq sequencing: GSM3910600: CHO cells, NDST-2_STA Cricetulus griseus RNA-Seq	cDNA
SRR9703436	PRJNA555245	SRX6461461	SAMN12308449	NO_FLAG					The midbody acts as a translationally active membraneless organelle	Midbody	Illumina HiSeq 2000 sequencing: GSM3950596: Midbody Cricetulus griseus RNA-Seq	cDNA
SRR7770744	PRJNA488640	SRX4626199	SAMN09938581	NO_FLAG					Efferocytosis induces a novel SLC program to promote glucose uptake and lactate release	Phagocytes alone 3	NextSeq 500 sequencing: GSM3362980: Phagocytes alone 3 Cricetulus griseus RNA-Seq	cDNA
SRR7770745	PRJNA488640	SRX4626200	SAMN09938580	NO_FLAG					Efferocytosis induces a novel SLC program to promote glucose uptake and lactate release	Phagocytes alone 4	NextSeq 500 sequencing: GSM3362981: Phagocytes alone 4 Cricetulus griseus RNA-Seq	cDNA
SRR7779169	PRJNA489076	SRX4634289	SAMN09948070	NO_FLAG					Combating viral contaminants in CHO cells by engineering innate immunity	VSV-1 poly	NextSeq 500 sequencing: GSM3373942: VSV-1 poly Cricetulus griseus RNA-Seq	cDNA
SRR7779179	PRJNA489076	SRX4634299	SAMN09948079	NO_FLAG					Combating viral contaminants in CHO cells by engineering innate immunity	VSV-2 V+ifn	NextSeq 500 sequencing: GSM3373952: VSV-2 V+ifn Cricetulus griseus RNA-Seq	cDNA
SRR7779182	PRJNA489076	SRX4634302	SAMN09948076	NO_FLAG					Combating viral contaminants in CHO cells by engineering innate immunity	EMCV-1 ifn	NextSeq 500 sequencing: GSM3373955: EMCV-1 ifn Cricetulus griseus RNA-Seq	cDNA
SRR7779187	PRJNA489076	SRX4634307	SAMN09948103	NO_FLAG					Combating viral contaminants in CHO cells by engineering innate immunity	EMCV-2 poly	NextSeq 500 sequencing: GSM3373960: EMCV-2 poly Cricetulus griseus RNA-Seq	cDNA
SRR7779188	PRJNA489076	SRX4634308	SAMN09948102	NO_FLAG					Combating viral contaminants in CHO cells by engineering innate immunity	EMCV-2 ifn	NextSeq 500 sequencing: GSM3373961: EMCV-2 ifn Cricetulus griseus RNA-Seq	cDNA
SRR7779194	PRJNA489076	SRX4634314	SAMN09948096	NO_FLAG					Combating viral contaminants in CHO cells by engineering innate immunity	Reo-1 ifn	NextSeq 500 sequencing: GSM3373967: Reo-1 ifn Cricetulus griseus RNA-Seq	cDNA
SRR7779199	PRJNA489076	SRX4634319	SAMN09948091	NO_FLAG					Combating viral contaminants in CHO cells by engineering innate immunity	Reo-2 poly	NextSeq 500 sequencing: GSM3373972: Reo-2 poly Cricetulus griseus RNA-Seq	cDNA
DRR091432	PRJDB5737	DRX085006	SAMD00079368	NO_FLAG					Phenobarbital exposed CHO-K1 cells	0 mM phenobarbital exposed CHO-K1 cells	Illumina HiSeq 2000 sequencing: Illumina HiSeq 2000 sequencing of SAMD00079368	PolyA
DRR091435	PRJDB5737	DRX085007	SAMD00079369	NO_FLAG					Phenobarbital exposed CHO-K1 cells	0.25 mM phenobarbital exposed CHO-K1 cells	Illumina HiSeq 2000 sequencing: Illumina HiSeq 2000 sequencing of SAMD00079369	PolyA
DRR091437	PRJDB5737	DRX085008	SAMD00079370	NO_FLAG					Phenobarbital exposed CHO-K1 cells	2.5 mM phenobarbital exposed CHO-K1 cells	Illumina HiSeq 2000 sequencing: Illumina HiSeq 2000 sequencing of SAMD00079370	PolyA
DRR096600	PRJDB5898	DRX090096	SAMD00084271	NO_FLAG					Mahafacyclin B exposed CHO-K1 cells	cont	NextSeq 500 sequencing: NextSeq 500 sequencing of SAMD00084271	PolyA
DRR096602	PRJDB5898	DRX090098	SAMD00084273	NO_FLAG					Mahafacyclin B exposed CHO-K1 cells	2.2 microM	NextSeq 500 sequencing: NextSeq 500 sequencing of SAMD00084273	PolyA
DRR099454	PRJDB6126	DRX092932	SAMD00089407	NO_FLAG					Transcriptome of cultured CHO-S cells	Chinese Hamster Ovary (CHO-S) cells, 3 days in culture, time lag from harvesting cells to protecting RNA: 15 min, technical replicate: 2	NextSeq 500 sequencing: NextSeq 500 sequencing of SAMD00089407	PolyA
DRR099456	PRJDB6126	DRX092934	SAMD00089409	NO_FLAG					Transcriptome of cultured CHO-S cells	Chinese Hamster Ovary (CHO-S) cells, 3 days in culture, time lag from harvesting cells to protecting RNA: 30 min, technical replicate: 1	NextSeq 500 sequencing: NextSeq 500 sequencing of SAMD00089409	PolyA
DRR099461	PRJDB6126	DRX092939	SAMD00089414	NO_FLAG					Transcriptome of cultured CHO-S cells	Chinese Hamster Ovary (CHO-S) cells, 3 days in culture, time lag from harvesting cells to protecting RNA: 45 min, technical replicate: 3	NextSeq 500 sequencing: NextSeq 500 sequencing of SAMD00089414	PolyA
DRR099462	PRJDB6126	DRX092940	SAMD00089415	NO_FLAG					Transcriptome of cultured CHO-S cells	Chinese Hamster Ovary (CHO-S) cells, 3 days in culture, time lag from harvesting cells to protecting RNA: 60 min, technical replicate: 1	NextSeq 500 sequencing: NextSeq 500 sequencing of SAMD00089415	PolyA
DRR099463	PRJDB6126	DRX092941	SAMD00089416	NO_FLAG					Transcriptome of cultured CHO-S cells	Chinese Hamster Ovary (CHO-S) cells, 3 days in culture, time lag from harvesting cells to protecting RNA: 60 min, technical replicate: 2	NextSeq 500 sequencing: NextSeq 500 sequencing of SAMD00089416	PolyA
DRR099469	PRJDB6126	DRX092947	SAMD00089422	NO_FLAG					Transcriptome of cultured CHO-S cells	Chinese Hamster Ovary (CHO-S) cells, 5 days in culture, time lag from harvesting cells to protecting RNA: 30 min, technical replicate: 2	NextSeq 500 sequencing: NextSeq 500 sequencing of SAMD00089422	PolyA
DRR099471	PRJDB6126	DRX092949	SAMD00089424	NO_FLAG					Transcriptome of cultured CHO-S cells	Chinese Hamster Ovary (CHO-S) cells, 5 days in culture, time lag from harvesting cells to protecting RNA: 45 min, technical replicate: 1	NextSeq 500 sequencing: NextSeq 500 sequencing of SAMD00089424	PolyA
DRR099484	PRJDB6126	DRX092962	SAMD00089437	NO_FLAG					Transcriptome of cultured CHO-S cells	Chinese Hamster Ovary (CHO-S) cells, 6 days in culture, time lag from harvesting cells to protecting RNA: 45 min, technical replicate: 2	NextSeq 500 sequencing: NextSeq 500 sequencing of SAMD00089437	PolyA
DRR099492	PRJDB6126	DRX092970	SAMD00089445	NO_FLAG					Transcriptome of cultured CHO-S cells	Chinese Hamster Ovary (CHO-S) cells, 7 days in culture, time lag from harvesting cells to protecting RNA: 30 min, technical replicate: 1	NextSeq 500 sequencing: NextSeq 500 sequencing of SAMD00089445	PolyA
DRR164943	PRJDB7873	DRX155562	SAMD00156501	NO_FLAG					Thermal hysteresis in CHO K1, a Chinese Hamster (Cricetulus griseus) Ovary derived established cell line	CHO-K1_29_Celsius_degree_1 _rep4	NextSeq 500 sequencing: NextSeq 500 sequencing of SAMD00156501	PolyA
DRR164944	PRJDB7873	DRX155563	SAMD00156502	NO_FLAG					Thermal hysteresis in CHO K1, a Chinese Hamster (Cricetulus griseus) Ovary derived established cell line	CHO-K1_27_Celsius_degree_1_rep1	NextSeq 500 sequencing: NextSeq 500 sequencing of SAMD00156502	PolyA
DRR169269	PRJDB7945	DRX159883	SAMD00159352	NO_FLAG					Cell culture with semiconductor devices materials	Control_biological_replicate_1	NextSeq 500 sequencing: NextSeq 500 sequencing of SAMD00159352	cDNA
DRR169275	PRJDB7945	DRX159889	SAMD00159358	NO_FLAG					Cell culture with semiconductor devices materials	Alminium_biological_replicate_2	NextSeq 500 sequencing: NextSeq 500 sequencing of SAMD00159358	cDNA
DRR169280	PRJDB7945	DRX159894	SAMD00159363	NO_FLAG					Cell culture with semiconductor devices materials	Platinum_biological_replicate_2	NextSeq 500 sequencing: NextSeq 500 sequencing of SAMD00159363	cDNA
DRR169286	PRJDB7945	DRX159900	SAMD00159369	NO_FLAG					Cell culture with semiconductor devices materials	Silicon_nitride_biological_replicate_3	NextSeq 500 sequencing: NextSeq 500 sequencing of SAMD00159369	cDNA
DRR169289	PRJDB7945	DRX159903	SAMD00159372	NO_FLAG					Cell culture with semiconductor devices materials	Silicon_dioxide_biological_replicate_1	NextSeq 500 sequencing: NextSeq 500 sequencing of SAMD00159372	cDNA
DRR169293	PRJDB7945	DRX159907	SAMD00159376	NO_FLAG					Cell culture with semiconductor devices materials	Silicon_dioxide_biological_replicate_5	NextSeq 500 sequencing: NextSeq 500 sequencing of SAMD00159376	cDNA
DRR169298	PRJDB7945	DRX159912	SAMD00159381	NO_FLAG					Cell culture with semiconductor devices materials	Tantalum_nitride_biological_replicate_5	NextSeq 500 sequencing: NextSeq 500 sequencing of SAMD00159381	cDNA
DRR169299	PRJDB7945	DRX159913	SAMD00159382	NO_FLAG					Cell culture with semiconductor devices materials	Titanium_nitride_biological_replicate_1	NextSeq 500 sequencing: NextSeq 500 sequencing of SAMD00159382	cDNA
DRR524617	PRJDB17021	DRX508499	SAMD00731285	NO_FLAG					RNA Sequencing of Chinese Hamster Cell lines	Total RNA of CHO-K1 cells, 5x10	Illumina NovaSeq 6000 paired end sequencing: Illumina NovaSeq 6000 paired end sequencing of SAMD00731285	Oligo-dT
DRR524620	PRJDB17021	DRX508502	SAMD00731288	NO_FLAG					RNA Sequencing of Chinese Hamster Cell lines	Total RNA of CHO-S cells, 5x100	Illumina NovaSeq 6000 paired end sequencing: Illumina NovaSeq 6000 paired end sequencing of SAMD00731288	Oligo-dT
DRR706779	PRJDB35724	DRX686803	SAMD01599750	NO_FLAG					Comparative transcriptomic profiling of CHO and fast-growing CHL-YN cells	CHO-K1-d3-1, Batch culture, exponential growth phase	NextSeq 500 paired end sequencing: NextSeq 500 paired end sequencing of SAMD01599750	PolyA
DRR706780	PRJDB35724	DRX686804	SAMD01599751	NO_FLAG					Comparative transcriptomic profiling of CHO and fast-growing CHL-YN cells	CHO-K1-d3-2, Batch culture, exponential growth phase	NextSeq 500 paired end sequencing: NextSeq 500 paired end sequencing of SAMD01599751	PolyA
DRR706782	PRJDB35724	DRX686806	SAMD01599753	NO_FLAG					Comparative transcriptomic profiling of CHO and fast-growing CHL-YN cells	CHO-DG44-2, Batch culture, exponential growth phase	NextSeq 500 paired end sequencing: NextSeq 500 paired end sequencing of SAMD01599753	PolyA
ERR10745717	PRJEB55916	ERX10195017	SAMEA111345355	REVIEW_STUDY_CONTEXT_ONLY			metabolic_labeling		SLAM-seq Reveals Early Transcriptomic Response Mechanisms upon Glutamine Deprivation in Chinese Hamster Ovary Cells	132345_3	Illumina NovaSeq 6000 sequencing	Inverse rRNA selection
ERR10745731	PRJEB55916	ERX10195031	SAMEA111345369	REVIEW_STUDY_CONTEXT_ONLY			metabolic_labeling		SLAM-seq Reveals Early Transcriptomic Response Mechanisms upon Glutamine Deprivation in Chinese Hamster Ovary Cells	132349_2	Illumina NovaSeq 6000 sequencing	Inverse rRNA selection
ERR10745735	PRJEB55916	ERX10195035	SAMEA111345373	REVIEW_STUDY_CONTEXT_ONLY			metabolic_labeling		SLAM-seq Reveals Early Transcriptomic Response Mechanisms upon Glutamine Deprivation in Chinese Hamster Ovary Cells	132350_2	Illumina NovaSeq 6000 sequencing	Inverse rRNA selection
ERR10745738	PRJEB55916	ERX10195038	SAMEA111345376	REVIEW_STUDY_CONTEXT_ONLY			metabolic_labeling		SLAM-seq Reveals Early Transcriptomic Response Mechanisms upon Glutamine Deprivation in Chinese Hamster Ovary Cells	132351_1	Illumina NovaSeq 6000 sequencing	Inverse rRNA selection
ERR10745748	PRJEB55916	ERX10195048	SAMEA111345386	REVIEW_STUDY_CONTEXT_ONLY			metabolic_labeling		SLAM-seq Reveals Early Transcriptomic Response Mechanisms upon Glutamine Deprivation in Chinese Hamster Ovary Cells	132353_3	Illumina NovaSeq 6000 sequencing	Inverse rRNA selection
ERR10745754	PRJEB55916	ERX10195054	SAMEA111345392	REVIEW_STUDY_CONTEXT_ONLY			metabolic_labeling		SLAM-seq Reveals Early Transcriptomic Response Mechanisms upon Glutamine Deprivation in Chinese Hamster Ovary Cells	132355_1	Illumina NovaSeq 6000 sequencing	Inverse rRNA selection
ERR10745757	PRJEB55916	ERX10195057	SAMEA111345395	REVIEW_STUDY_CONTEXT_ONLY			metabolic_labeling		SLAM-seq Reveals Early Transcriptomic Response Mechanisms upon Glutamine Deprivation in Chinese Hamster Ovary Cells	132355_4	Illumina NovaSeq 6000 sequencing	Inverse rRNA selection
ERR15000454	PRJEB89701	ERX14404619	SAMEA118334019	NO_FLAG					Transcriptomic analysis of H1299, HEK293T and CHO-K1 treated with Filgotinib	Sample 10	Illumina NovaSeq 6000 sequencing: Transcriptomic analysis of H1299, HEK293T and CHO-K1 treated with Filgotinib	RANDOM
ERR15000456	PRJEB89701	ERX14404621	SAMEA118334021	NO_FLAG					Transcriptomic analysis of H1299, HEK293T and CHO-K1 treated with Filgotinib	Sample 12	Illumina NovaSeq 6000 sequencing: Transcriptomic analysis of H1299, HEK293T and CHO-K1 treated with Filgotinib	RANDOM
ERR15000464	PRJEB89701	ERX14404629	SAMEA118334029	NO_FLAG					Transcriptomic analysis of H1299, HEK293T and CHO-K1 treated with Filgotinib	Sample 2	Illumina NovaSeq 6000 sequencing: Transcriptomic analysis of H1299, HEK293T and CHO-K1 treated with Filgotinib	RANDOM
ERR15000465	PRJEB89701	ERX14404630	SAMEA118334030	NO_FLAG					Transcriptomic analysis of H1299, HEK293T and CHO-K1 treated with Filgotinib	Sample 20	Illumina NovaSeq 6000 sequencing: Transcriptomic analysis of H1299, HEK293T and CHO-K1 treated with Filgotinib	RANDOM
ERR15000467	PRJEB89701	ERX14404632	SAMEA118334032	NO_FLAG					Transcriptomic analysis of H1299, HEK293T and CHO-K1 treated with Filgotinib	Sample 22	Illumina NovaSeq 6000 sequencing: Transcriptomic analysis of H1299, HEK293T and CHO-K1 treated with Filgotinib	RANDOM
ERR15000468	PRJEB89701	ERX14404633	SAMEA118334033	NO_FLAG					Transcriptomic analysis of H1299, HEK293T and CHO-K1 treated with Filgotinib	Sample 23	Illumina NovaSeq 6000 sequencing: Transcriptomic analysis of H1299, HEK293T and CHO-K1 treated with Filgotinib	RANDOM
ERR15000475	PRJEB89701	ERX14404640	SAMEA118334040	NO_FLAG					Transcriptomic analysis of H1299, HEK293T and CHO-K1 treated with Filgotinib	Sample 3	Illumina NovaSeq 6000 sequencing: Transcriptomic analysis of H1299, HEK293T and CHO-K1 treated with Filgotinib	RANDOM
ERR15000508	PRJEB89701	ERX14404673	SAMEA118334073	NO_FLAG					Transcriptomic analysis of H1299, HEK293T and CHO-K1 treated with Filgotinib	Sample 6	Illumina NovaSeq 6000 sequencing: Transcriptomic analysis of H1299, HEK293T and CHO-K1 treated with Filgotinib	RANDOM
ERR15000519	PRJEB89701	ERX14404684	SAMEA118334084	NO_FLAG					Transcriptomic analysis of H1299, HEK293T and CHO-K1 treated with Filgotinib	Sample 7	Illumina NovaSeq 6000 sequencing: Transcriptomic analysis of H1299, HEK293T and CHO-K1 treated with Filgotinib	RANDOM
ERR16729277	PRJEB108721	ERX16120886	SAMEA121759866	NO_FLAG					Time series multi-omics data generation and analysis in a CHO fed-batch culture	B12_D7	Illumina NovaSeq 6000 sequencing	RANDOM PCR
ERR16729280	PRJEB108721	ERX16120889	SAMEA121759869	NO_FLAG					Time series multi-omics data generation and analysis in a CHO fed-batch culture	B12_D12	Illumina NovaSeq 6000 sequencing	RANDOM PCR
ERR16729286	PRJEB108721	ERX16120895	SAMEA121759875	NO_FLAG					Time series multi-omics data generation and analysis in a CHO fed-batch culture	B13_D8	Illumina NovaSeq 6000 sequencing	RANDOM PCR
ERR16729288	PRJEB108721	ERX16120897	SAMEA121759877	NO_FLAG					Time series multi-omics data generation and analysis in a CHO fed-batch culture	B13_D12	Illumina NovaSeq 6000 sequencing	RANDOM PCR
ERR16729293	PRJEB108721	ERX16120902	SAMEA121759882	NO_FLAG					Time series multi-omics data generation and analysis in a CHO fed-batch culture	B14_D7	Illumina NovaSeq 6000 sequencing	RANDOM PCR
ERR1983091	PRJEB14303	ERX2043467	SAMEA4467461	NO_FLAG					CHO_cell_line_transcriptome_____	4258STDY6437274	Illumina HiSeq 2500 paired end sequencing	cDNA
ERR1983097	PRJEB14303	ERX2043473	SAMEA4467467	NO_FLAG					CHO_cell_line_transcriptome_____	4258STDY6437280	Illumina HiSeq 2500 paired end sequencing	cDNA
ERR2593199	PRJEB9291	ERX2609475	SAMEA4681447	NO_FLAG					Dynamic changes in expression levels and histone modifications were analyzed in a CHO-K1 batch culture by capturing expression profiles every 24 hours and histone modifications every 12 hours for understanding the contribution of epigenetic regulation on culture behavior of CHO cells.	Expression profile of CHO-K1_8mM_Gln	Illumina HiSeq 2000 paired end sequencing	unspecified
ERR2593203	PRJEB9291	ERX2609479	SAMEA4681451	NO_FLAG					Dynamic changes in expression levels and histone modifications were analyzed in a CHO-K1 batch culture by capturing expression profiles every 24 hours and histone modifications every 12 hours for understanding the contribution of epigenetic regulation on culture behavior of CHO cells.	Expression profile of CHO-K1_8mM_Gln	Illumina HiSeq 2000 paired end sequencing	unspecified
ERR2593206	PRJEB9291	ERX2609482	SAMEA4681454	NO_FLAG					Dynamic changes in expression levels and histone modifications were analyzed in a CHO-K1 batch culture by capturing expression profiles every 24 hours and histone modifications every 12 hours for understanding the contribution of epigenetic regulation on culture behavior of CHO cells.	Expression profile of CHO-K1_8mM_Gln	Illumina HiSeq 2000 paired end sequencing	unspecified
ERR3001879	PRJEB30364	ERX3004243	SAMEA5176888	NO_FLAG					Transcriptional profiling of Chinese hamster ovary (CHO) cells exposed to 2,3,7,8-tetrachlorodibenzo-p-dioxin (TCDD)	Control hamster ovarian cells incubated for 3h (2n)	Illumina HiSeq 2500 paired end sequencing	cDNA
ERR3001880	PRJEB30364	ERX3004244	SAMEA5176889	NO_FLAG					Transcriptional profiling of Chinese hamster ovary (CHO) cells exposed to 2,3,7,8-tetrachlorodibenzo-p-dioxin (TCDD)	Hamster ovarian cells exposed to TCDD for 3h (2n)	Illumina HiSeq 2500 paired end sequencing	cDNA
ERR3001881	PRJEB30364	ERX3004245	SAMEA5176890	NO_FLAG					Transcriptional profiling of Chinese hamster ovary (CHO) cells exposed to 2,3,7,8-tetrachlorodibenzo-p-dioxin (TCDD)	Control hamster ovarian cells incubated for 3h (3n)	Illumina HiSeq 2500 paired end sequencing	cDNA
ERR3001885	PRJEB30364	ERX3004249	SAMEA5176894	NO_FLAG					Transcriptional profiling of Chinese hamster ovary (CHO) cells exposed to 2,3,7,8-tetrachlorodibenzo-p-dioxin (TCDD)	Control hamster ovarian cells incubated for 12h (2n)	Illumina HiSeq 2500 paired end sequencing	cDNA
ERR3001887	PRJEB30364	ERX3004251	SAMEA5176896	NO_FLAG					Transcriptional profiling of Chinese hamster ovary (CHO) cells exposed to 2,3,7,8-tetrachlorodibenzo-p-dioxin (TCDD)	Control hamster ovarian cells incubated for 12h (3n)	Illumina HiSeq 2500 paired end sequencing	cDNA
ERR3001888	PRJEB30364	ERX3004252	SAMEA5176897	NO_FLAG					Transcriptional profiling of Chinese hamster ovary (CHO) cells exposed to 2,3,7,8-tetrachlorodibenzo-p-dioxin (TCDD)	Hamster ovarian cells exposed to TCDD for 12h (3n)	Illumina HiSeq 2500 paired end sequencing	cDNA
ERR3001890	PRJEB30364	ERX3004254	SAMEA5176899	NO_FLAG					Transcriptional profiling of Chinese hamster ovary (CHO) cells exposed to 2,3,7,8-tetrachlorodibenzo-p-dioxin (TCDD)	Hamster ovarian cells exposed to TCDD for 24h (1n)	Illumina HiSeq 2500 paired end sequencing	cDNA
ERR3374022	PRJEB33024	ERX3398174	SAMEA5713991	NO_FLAG					Cold inducible genes and promoters in Chinese Hamster Ovary cells were identified by analyzing transcriptome data of cultivation before and after temperature shift from 37 to 33Â°C	Expression profile of CHO-K1 at 37Â°C	Illumina HiSeq 2500 sequencing	Oligo-dT
ERR3374023	PRJEB33024	ERX3398175	SAMEA5713992	NO_FLAG					Cold inducible genes and promoters in Chinese Hamster Ovary cells were identified by analyzing transcriptome data of cultivation before and after temperature shift from 37 to 33Â°C	Expression profile of CHO-K1 at 37Â°C	Illumina HiSeq 2500 sequencing	Oligo-dT
ERR3374026	PRJEB33024	ERX3398178	SAMEA5713995	NO_FLAG					Cold inducible genes and promoters in Chinese Hamster Ovary cells were identified by analyzing transcriptome data of cultivation before and after temperature shift from 37 to 33Â°C	Expression profile of CHO-K1 at 33Â°C	Illumina HiSeq 2500 sequencing	Oligo-dT
ERR3668304	PRJEB35183	ERX3659836	SAMEA6235199	NO_FLAG					Endogenous retroviral elements of CHO cells	AOKS-32: D12 / Chinese Hamster Ovary Cell supernatant RNA	NextSeq 500 paired end sequencing	cDNA
ERR4319913	PRJEB39258	ERX4268280	SAMEA7040959	NO_FLAG					Predicting favorable landing pads for targeted integrations in Chinese hamster ovary cell lines by learning stability characteristics from random transgene integrations	Horizon CHO-K1	Illumina HiSeq 4000 paired end sequencing	unspecified
ERR4319919	PRJEB39258	ERX4268286	SAMEA7040957	NO_FLAG					Predicting favorable landing pads for targeted integrations in Chinese hamster ovary cell lines by learning stability characteristics from random transgene integrations	Horizon CHO-K1	Illumina HiSeq 4000 paired end sequencing	unspecified
ERR4319926	PRJEB39258	ERX4268293	SAMEA7040970	NO_FLAG					Predicting favorable landing pads for targeted integrations in Chinese hamster ovary cell lines by learning stability characteristics from random transgene integrations	Horizon CHO-K1	Illumina HiSeq 4000 paired end sequencing	unspecified
ERR4319928	PRJEB39258	ERX4268295	SAMEA7040953	NO_FLAG					Predicting favorable landing pads for targeted integrations in Chinese hamster ovary cell lines by learning stability characteristics from random transgene integrations	CHO-K1 ATCC	Illumina HiSeq 4000 paired end sequencing	unspecified
ERR4319930	PRJEB39258	ERX4268297	SAMEA7040945	NO_FLAG					Predicting favorable landing pads for targeted integrations in Chinese hamster ovary cell lines by learning stability characteristics from random transgene integrations	Horizon CHO-K1	Illumina HiSeq 4000 paired end sequencing	unspecified
ERR4319931	PRJEB39258	ERX4268298	SAMEA7040954	NO_FLAG					Predicting favorable landing pads for targeted integrations in Chinese hamster ovary cell lines by learning stability characteristics from random transgene integrations	Horizon CHO-K1	Illumina HiSeq 4000 paired end sequencing	unspecified
ERR4319934	PRJEB39258	ERX4268301	SAMEA7040956	NO_FLAG					Predicting favorable landing pads for targeted integrations in Chinese hamster ovary cell lines by learning stability characteristics from random transgene integrations	Horizon CHO-K1	Illumina HiSeq 4000 paired end sequencing	unspecified
ERR4319936	PRJEB39258	ERX4268303	SAMEA7040946	NO_FLAG					Predicting favorable landing pads for targeted integrations in Chinese hamster ovary cell lines by learning stability characteristics from random transgene integrations	Horizon CHO-K1	Illumina HiSeq 4000 paired end sequencing	unspecified
ERR4319938	PRJEB39258	ERX4268305	SAMEA7040964	NO_FLAG					Predicting favorable landing pads for targeted integrations in Chinese hamster ovary cell lines by learning stability characteristics from random transgene integrations	Horizon CHO-K1	Illumina HiSeq 4000 paired end sequencing	unspecified
ERR8006957	PRJEB49939	ERX7572626	SAMEA12293228	NO_FLAG					Delineating the meachanism of insulin resistance	Sensitive	Illumina HiSeq 2500 sequencing	PCR
SRR10215649	PRJNA575354	SRX6935329	SAMN12886799	EXCLUDE_SPECIALIZED	metabolic_labeling	sample_title:metabolic_labeling;experiment_title:metabolic_labeling			Codon and amino acid content regulate mRNA stability in mammalian cells	CHO_0.5_hr_metabolic_labeling	Illumina HiSeq 2500 sequencing: GSM4104558: CHO_0.5_hr_metabolic_labeling Cricetulus griseus RNA-Seq	cDNA
SRR10215654	PRJNA575354	SRX6935334	SAMN12886794	EXCLUDE_SPECIALIZED	metabolic_labeling	sample_title:metabolic_labeling;experiment_title:metabolic_labeling			Codon and amino acid content regulate mRNA stability in mammalian cells	CHO_6_hr_metabolic_labeling	Illumina HiSeq 2500 sequencing: GSM4104563: CHO_6_hr_metabolic_labeling Cricetulus griseus RNA-Seq	cDNA
SRR10215658	PRJNA575354	SRX6935338	SAMN12886790	EXCLUDE_SPECIALIZED	metabolic_labeling	sample_title:metabolic_labeling;experiment_title:metabolic_labeling			Codon and amino acid content regulate mRNA stability in mammalian cells	CHO_no_metabolic_labeling	Illumina HiSeq 2500 sequencing: GSM4104567: CHO_no_metabolic_labeling Cricetulus griseus RNA-Seq	cDNA
SRR11184909	PRJNA599947	SRX7805410	SAMN13762563	NO_FLAG					Effects of ammonia stress on recombinant CHO-K1 cells expressing the anti-HIV antibody VRC01 (IgG1)	Model organism or animal sample from Cricetulus griseus	Illumina NovaSeq 6000 sequencing: RNA-Seq of Cricetulus griseus: treatment group (10mM NH3 addition), day 6	Oligo-dT
SRR11350303	PRJNA613438	SRX7952186	SAMN14404311	NO_FLAG					Transcriptome of temporal growth in CHO-S cells in batch culture	T96_3	Illumina HiSeq 2500 sequencing: T96_3	DNase
SRR11350304	PRJNA613438	SRX7952185	SAMN14404310	NO_FLAG					Transcriptome of temporal growth in CHO-S cells in batch culture	T96_2	Illumina HiSeq 2500 sequencing: T96_2	DNase
SRR11350311	PRJNA613438	SRX7952178	SAMN14404318	NO_FLAG					Transcriptome of temporal growth in CHO-S cells in batch culture	T120_4	Illumina HiSeq 2500 sequencing: T120_4	DNase
SRR11350314	PRJNA613438	SRX7952175	SAMN14404315	NO_FLAG					Transcriptome of temporal growth in CHO-S cells in batch culture	T108_3	Illumina HiSeq 2500 sequencing: T108_3	DNase
SRR11350315	PRJNA613438	SRX7952174	SAMN14404314	NO_FLAG					Transcriptome of temporal growth in CHO-S cells in batch culture	T108_2	Illumina HiSeq 2500 sequencing: T108_2	DNase
SRR11721629	PRJNA630824	SRX8280955	SAMN14845996	NO_FLAG					Abhd11 knockout in CHO cells	Model organism or animal sample from Cricetulus griseus	NextSeq 500 sequencing: RNA Seq of CHO cell in exponential growth in media with glutamine, Abhd11 KO strain A, replicate 2	PolyA
SRR11721634	PRJNA630824	SRX8280950	SAMN14846001	NO_FLAG					Abhd11 knockout in CHO cells	Model organism or animal sample from Cricetulus griseus	NextSeq 500 sequencing: RNA Seq of CHO cell in exponential growth in media with glutamine, Abhd11 KO strain C, replicate 1	PolyA
SRR11721646	PRJNA630824	SRX8280938	SAMN14846016	NO_FLAG					Abhd11 knockout in CHO cells	Model organism or animal sample from Cricetulus griseus	NextSeq 500 sequencing: RNA Seq of CHO cell in exponential growth in media without glutamine, Abhd11 KO strain C, replicate 1	PolyA
SRR11721651	PRJNA630824	SRX8280933	SAMN14846012	NO_FLAG					Abhd11 knockout in CHO cells	Model organism or animal sample from Cricetulus griseus	NextSeq 500 sequencing: RNA Seq of CHO cell in exponential growth in media without glutamine, Abhd11 KO strain A, replicate 3	PolyA
SRR11721657	PRJNA630824	SRX8280927	SAMN14846006	NO_FLAG					Abhd11 knockout in CHO cells	Model organism or animal sample from Cricetulus griseus	NextSeq 500 sequencing: RNA Seq of CHO cell in exponential growth in media with glutamine, Control strain A, replicate 3	PolyA
SRR12587966	PRJNA661407	SRX9074577	SAMN16057385	RETAIN_BULK_EVIDENCE			single_cell_rna	experiment_title	Single cell RNASeq of the CHO K1 DP12 cell line	Model organism or animal sample from Cricetulus griseus	Illumina HiSeq 4000 sequencing: Bulk RNASeq of the CHO K1 DP12 cell line: Replicate 2	PolyA
SRR12618082	PRJNA662582	SRX9101117	SAMN16089553	NO_FLAG					Secretory pathway differences between HEK293 and CHO enable rescue of difficult to express human proteins	CHO_ADM5	Illumina MiSeq sequencing: GSM4774040: CHO_ADM5 Cricetulus griseus RNA-Seq	cDNA
SRR12618083	PRJNA662582	SRX9101117	SAMN16089553	NO_FLAG					Secretory pathway differences between HEK293 and CHO enable rescue of difficult to express human proteins	CHO_ADM5	Illumina MiSeq sequencing: GSM4774040: CHO_ADM5 Cricetulus griseus RNA-Seq	cDNA
SRR12618084	PRJNA662582	SRX9101118	SAMN16089552	NO_FLAG					Secretory pathway differences between HEK293 and CHO enable rescue of difficult to express human proteins	CHO_AMBP	Illumina MiSeq sequencing: GSM4774041: CHO_AMBP Cricetulus griseus RNA-Seq	cDNA
SRR12618087	PRJNA662582	SRX9101119	SAMN16089551	NO_FLAG					Secretory pathway differences between HEK293 and CHO enable rescue of difficult to express human proteins	CHO_ARTN	Illumina MiSeq sequencing: GSM4774042: CHO_ARTN Cricetulus griseus RNA-Seq	cDNA
SRR12618093	PRJNA662582	SRX9101121	SAMN16089549	NO_FLAG					Secretory pathway differences between HEK293 and CHO enable rescue of difficult to express human proteins	CHO_BMP10	Illumina MiSeq sequencing: GSM4774044: CHO_BMP10 Cricetulus griseus RNA-Seq	cDNA
SRR12618104	PRJNA662582	SRX9101127	SAMN16089591	NO_FLAG					Secretory pathway differences between HEK293 and CHO enable rescue of difficult to express human proteins	CHO_FLT3LG	Illumina MiSeq sequencing: GSM4774050: CHO_FLT3LG Cricetulus griseus RNA-Seq	cDNA
SRR12618106	PRJNA662582	SRX9101128	SAMN16089590	NO_FLAG					Secretory pathway differences between HEK293 and CHO enable rescue of difficult to express human proteins	CHO_FN1	Illumina MiSeq sequencing: GSM4774051: CHO_FN1 Cricetulus griseus RNA-Seq	cDNA
SRR12618112	PRJNA662582	SRX9101130	SAMN16089587	NO_FLAG					Secretory pathway differences between HEK293 and CHO enable rescue of difficult to express human proteins	CHO_GCG	Illumina MiSeq sequencing: GSM4774053: CHO_GCG Cricetulus griseus RNA-Seq	cDNA
SRR12618116	PRJNA662582	SRX9101132	SAMN16089585	NO_FLAG					Secretory pathway differences between HEK293 and CHO enable rescue of difficult to express human proteins	CHO_JAG2	Illumina MiSeq sequencing: GSM4774055: CHO_JAG2 Cricetulus griseus RNA-Seq	cDNA
SRR14860928	PRJNA739051	SRX11178685	SAMN19770453	NO_FLAG					Autophagy and intracellular product degradation genes reduce aggregation of bispecific antibody in CHO cells with a high translational burden	Model organism or animal sample from Cricetulus griseus	Illumina HiSeq 2500 sequencing: RNA-Seq of Cricetulus griseus: expressing Ab1-less	RANDOM
SRR14860936	PRJNA739051	SRX11178677	SAMN19770455	NO_FLAG					Autophagy and intracellular product degradation genes reduce aggregation of bispecific antibody in CHO cells with a high translational burden	Model organism or animal sample from Cricetulus griseus	Illumina HiSeq 2500 sequencing: RNA-Seq of Cricetulus griseus: expressing Ab2-less	RANDOM
SRR15111560	PRJNA746067	SRX11420367	SAMN20179678	NO_FLAG					Warburg-null Chinese hamster ovary cell line RNA-Seq	Model organism or animal sample from Cricetulus griseus	NextSeq 500 sequencing: RNASeq of Warburg-null CHO-S cells in bioreactors, clone 0-F5, replicate 1	Oligo-dT
SRR15111561	PRJNA746067	SRX11420366	SAMN20179677	NO_FLAG					Warburg-null Chinese hamster ovary cell line RNA-Seq	Model organism or animal sample from Cricetulus griseus	NextSeq 500 sequencing: RNASeq of wildtype CHO-S cells in shake flask culture, replicate 3	Oligo-dT
SRR15111562	PRJNA746067	SRX11420365	SAMN20179676	NO_FLAG					Warburg-null Chinese hamster ovary cell line RNA-Seq	Model organism or animal sample from Cricetulus griseus	NextSeq 500 sequencing: RNASeq of wildtype CHO-S cells in shake flask culture, replicate 2	Oligo-dT
SRR15221366	PRJNA749145	SRX11527350	SAMN20355394	NO_FLAG					Restoration of deficient DNA Repair Genes Mitigates Genome Instability and Increases Productivity of Chinese Hamster Ovary Cells	Model organism or animal sample from Cricetulus griseus	Illumina HiSeq 4000 sequencing: RNA-Seq of CHO-K1-ATMplus	cDNA
SRR15221370	PRJNA749145	SRX11527346	SAMN20355394	NO_FLAG					Restoration of deficient DNA Repair Genes Mitigates Genome Instability and Increases Productivity of Chinese Hamster Ovary Cells	Model organism or animal sample from Cricetulus griseus	Illumina HiSeq 4000 sequencing: RNA-Seq of CHO-K1-ATMplus	cDNA
SRR15221373	PRJNA749145	SRX11527343	SAMN20355393	NO_FLAG					Restoration of deficient DNA Repair Genes Mitigates Genome Instability and Increases Productivity of Chinese Hamster Ovary Cells	Model organism or animal sample from Cricetulus griseus	Illumina HiSeq 4000 sequencing: RNA-Seq of CHO-K1-WT	cDNA
SRR15221375	PRJNA749145	SRX11527341	SAMN20355394	NO_FLAG					Restoration of deficient DNA Repair Genes Mitigates Genome Instability and Increases Productivity of Chinese Hamster Ovary Cells	Model organism or animal sample from Cricetulus griseus	Illumina HiSeq 4000 sequencing: RNA-Seq of CHO-K1-ATMplus	cDNA
SRR15221378	PRJNA749145	SRX11527338	SAMN20355393	NO_FLAG					Restoration of deficient DNA Repair Genes Mitigates Genome Instability and Increases Productivity of Chinese Hamster Ovary Cells	Model organism or animal sample from Cricetulus griseus	Illumina HiSeq 4000 sequencing: RNA-Seq of CHO-K1-WT	cDNA
SRR15221379	PRJNA749145	SRX11527337	SAMN20355393	NO_FLAG					Restoration of deficient DNA Repair Genes Mitigates Genome Instability and Increases Productivity of Chinese Hamster Ovary Cells	Model organism or animal sample from Cricetulus griseus	Illumina HiSeq 4000 sequencing: RNA-Seq of CHO-K1-WT	cDNA
SRR16796949	PRJNA778050	SRX12995932	SAMN22901731	NO_FLAG					Ribosome footprint profiling of the CHO cell response to reduced cell culture temperature	Total RNA-seq non-temerature shifted replicate 4	NextSeq 500 sequencing: Total RNA-seq of non-temperature shifted CHO-K1 cell line - Replicate 4	Inverse rRNA
SRR16796972	PRJNA778050	SRX12995909	SAMN22901728	NO_FLAG					Ribosome footprint profiling of the CHO cell response to reduced cell culture temperature	Total RNA-seq non-temerature shifted replicate 1	NextSeq 500 sequencing: Total RNA-seq of non-temperature shifted CHO-K1 cell line - Replicate 1	Inverse rRNA
SRR16980320	PRJNA766998	SRX13171165	SAMN23296634	NO_FLAG					Systems biology greatly improve activity of secreted therapeutic sulfatase in CHO bioprocess	Model organism or animal sample from Cricetulus griseus	Illumina HiSeq 2500 sequencing: clone A without copper day 3	RANDOM
SRR16980322	PRJNA766998	SRX13171163	SAMN23296634	NO_FLAG					Systems biology greatly improve activity of secreted therapeutic sulfatase in CHO bioprocess	Model organism or animal sample from Cricetulus griseus	Illumina HiSeq 2500 sequencing: clone B high cell density day 3	RANDOM
SRR16980323	PRJNA766998	SRX13171162	SAMN23296634	NO_FLAG					Systems biology greatly improve activity of secreted therapeutic sulfatase in CHO bioprocess	Model organism or animal sample from Cricetulus griseus	Illumina HiSeq 2500 sequencing: clone B high cell density day 3	RANDOM
SRR16980332	PRJNA766998	SRX13171153	SAMN23296634	NO_FLAG					Systems biology greatly improve activity of secreted therapeutic sulfatase in CHO bioprocess	Model organism or animal sample from Cricetulus griseus	Illumina HiSeq 2500 sequencing: clone A high cell density day 17	RANDOM
SRR16980335	PRJNA766998	SRX13171150	SAMN23296634	NO_FLAG					Systems biology greatly improve activity of secreted therapeutic sulfatase in CHO bioprocess	Model organism or animal sample from Cricetulus griseus	Illumina HiSeq 2500 sequencing: clone B standard condition day 17	RANDOM
SRR16980345	PRJNA766998	SRX13171140	SAMN23296634	NO_FLAG					Systems biology greatly improve activity of secreted therapeutic sulfatase in CHO bioprocess	Model organism or animal sample from Cricetulus griseus	Illumina HiSeq 2500 sequencing: clone B high cell density day 14	RANDOM
SRR16980347	PRJNA766998	SRX13171138	SAMN23296634	NO_FLAG					Systems biology greatly improve activity of secreted therapeutic sulfatase in CHO bioprocess	Model organism or animal sample from Cricetulus griseus	Illumina HiSeq 2500 sequencing: clone A high cell density day 14	RANDOM
SRR16980349	PRJNA766998	SRX13171136	SAMN23296634	NO_FLAG					Systems biology greatly improve activity of secreted therapeutic sulfatase in CHO bioprocess	Model organism or animal sample from Cricetulus griseus	Illumina HiSeq 2500 sequencing: clone A high cell density day 14	RANDOM
SRR16980350	PRJNA766998	SRX13171135	SAMN23296634	NO_FLAG					Systems biology greatly improve activity of secreted therapeutic sulfatase in CHO bioprocess	Model organism or animal sample from Cricetulus griseus	Illumina HiSeq 2500 sequencing: clone B standard condition day 14	RANDOM
SRR16980351	PRJNA766998	SRX13171134	SAMN23296634	NO_FLAG					Systems biology greatly improve activity of secreted therapeutic sulfatase in CHO bioprocess	Model organism or animal sample from Cricetulus griseus	Illumina HiSeq 2500 sequencing: clone B standard condition day 14	RANDOM
SRR16980353	PRJNA766998	SRX13171132	SAMN23296634	NO_FLAG					Systems biology greatly improve activity of secreted therapeutic sulfatase in CHO bioprocess	Model organism or animal sample from Cricetulus griseus	Illumina HiSeq 2500 sequencing: clone A standard condition day 14	RANDOM
SRR16980354	PRJNA766998	SRX13171131	SAMN23296634	NO_FLAG					Systems biology greatly improve activity of secreted therapeutic sulfatase in CHO bioprocess	Model organism or animal sample from Cricetulus griseus	Illumina HiSeq 2500 sequencing: clone B without copper day 12	RANDOM
SRR16980364	PRJNA766998	SRX13171121	SAMN23296634	NO_FLAG					Systems biology greatly improve activity of secreted therapeutic sulfatase in CHO bioprocess	Model organism or animal sample from Cricetulus griseus	Illumina HiSeq 2500 sequencing: clone B standard condition day 12	RANDOM
SRR16980371	PRJNA766998	SRX13171114	SAMN23296634	NO_FLAG					Systems biology greatly improve activity of secreted therapeutic sulfatase in CHO bioprocess	Model organism or animal sample from Cricetulus griseus	Illumina HiSeq 2500 sequencing: clone A without copper day 6	RANDOM
SRR17085237	PRJNA785251	SRX13273392	SAMN23551696	NO_FLAG					Whole genomic RNA sequencing of the Paradaux cell line after long-term culture	Para1: Paradoxical feedback, Replicate1	Illumina HiSeq 2500 sequencing: GSM5710430: Para1: Paradoxical feedback, Replicate1 Cricetulus griseus RNA-Seq	cDNA
SRR17085242	PRJNA785251	SRX13273391	SAMN23551697	NO_FLAG					Whole genomic RNA sequencing of the Paradaux cell line after long-term culture	Neg7: Negative feedback, Replicate7	Illumina HiSeq 2500 sequencing: GSM5710429: Neg7: Negative feedback, Replicate7 Cricetulus griseus RNA-Seq	cDNA
SRR17085245	PRJNA785251	SRX13273391	SAMN23551697	NO_FLAG					Whole genomic RNA sequencing of the Paradaux cell line after long-term culture	Neg7: Negative feedback, Replicate7	Illumina HiSeq 2500 sequencing: GSM5710429: Neg7: Negative feedback, Replicate7 Cricetulus griseus RNA-Seq	cDNA
SRR17085246	PRJNA785251	SRX13273390	SAMN23551698	NO_FLAG					Whole genomic RNA sequencing of the Paradaux cell line after long-term culture	Neg6: Negative feedback, Replicate6	Illumina HiSeq 2500 sequencing: GSM5710428: Neg6: Negative feedback, Replicate6 Cricetulus griseus RNA-Seq	cDNA
SRR17085269	PRJNA785251	SRX13273386	SAMN23551702	NO_FLAG					Whole genomic RNA sequencing of the Paradaux cell line after long-term culture	Neg2: Negative feedback, Replicate2	Illumina HiSeq 2500 sequencing: GSM5710424: Neg2: Negative feedback, Replicate2 Cricetulus griseus RNA-Seq	cDNA
SRR17085273	PRJNA785251	SRX13273385	SAMN23551703	NO_FLAG					Whole genomic RNA sequencing of the Paradaux cell line after long-term culture	Neg1: Negative feedback, Replicate1	Illumina HiSeq 2500 sequencing: GSM5710423: Neg1: Negative feedback, Replicate1 Cricetulus griseus RNA-Seq	cDNA
SRR17085274	PRJNA785251	SRX13273385	SAMN23551703	NO_FLAG					Whole genomic RNA sequencing of the Paradaux cell line after long-term culture	Neg1: Negative feedback, Replicate1	Illumina HiSeq 2500 sequencing: GSM5710423: Neg1: Negative feedback, Replicate1 Cricetulus griseus RNA-Seq	cDNA
SRR17085277	PRJNA785251	SRX13273385	SAMN23551703	NO_FLAG					Whole genomic RNA sequencing of the Paradaux cell line after long-term culture	Neg1: Negative feedback, Replicate1	Illumina HiSeq 2500 sequencing: GSM5710423: Neg1: Negative feedback, Replicate1 Cricetulus griseus RNA-Seq	cDNA
SRR17085290	PRJNA785251	SRX13273382	SAMN23551706	NO_FLAG					Whole genomic RNA sequencing of the Paradaux cell line after long-term culture	unCt2: uncontrolled growth, Replicate2	Illumina HiSeq 2500 sequencing: GSM5710420: unCt2: uncontrolled growth, Replicate2 Cricetulus griseus RNA-Seq	cDNA
SRR17085291	PRJNA785251	SRX13273382	SAMN23551706	NO_FLAG					Whole genomic RNA sequencing of the Paradaux cell line after long-term culture	unCt2: uncontrolled growth, Replicate2	Illumina HiSeq 2500 sequencing: GSM5710420: unCt2: uncontrolled growth, Replicate2 Cricetulus griseus RNA-Seq	cDNA
SRR17085305	PRJNA785251	SRX13273380	SAMN23551708	NO_FLAG					Whole genomic RNA sequencing of the Paradaux cell line after long-term culture	Parental	Illumina HiSeq 2500 sequencing: GSM5710418: Parental Cricetulus griseus RNA-Seq	cDNA
SRR17085310	PRJNA785251	SRX13273379	SAMN23551690	NO_FLAG					Whole genomic RNA sequencing of the Paradaux cell line after long-term culture	Para7: Paradoxical feedback, Replicate7	Illumina HiSeq 2500 sequencing: GSM5710436: Para7: Paradoxical feedback, Replicate7 Cricetulus griseus RNA-Seq	cDNA
SRR17085311	PRJNA785251	SRX13273379	SAMN23551690	NO_FLAG					Whole genomic RNA sequencing of the Paradaux cell line after long-term culture	Para7: Paradoxical feedback, Replicate7	Illumina HiSeq 2500 sequencing: GSM5710436: Para7: Paradoxical feedback, Replicate7 Cricetulus griseus RNA-Seq	cDNA
SRR17085313	PRJNA785251	SRX13273379	SAMN23551690	NO_FLAG					Whole genomic RNA sequencing of the Paradaux cell line after long-term culture	Para7: Paradoxical feedback, Replicate7	Illumina HiSeq 2500 sequencing: GSM5710436: Para7: Paradoxical feedback, Replicate7 Cricetulus griseus RNA-Seq	cDNA
SRR17085321	PRJNA785251	SRX13273377	SAMN23551692	NO_FLAG					Whole genomic RNA sequencing of the Paradaux cell line after long-term culture	Para5: Paradoxical feedback, Replicate5	Illumina HiSeq 2500 sequencing: GSM5710434: Para5: Paradoxical feedback, Replicate5 Cricetulus griseus RNA-Seq	cDNA
SRR17085325	PRJNA785251	SRX13273377	SAMN23551692	NO_FLAG					Whole genomic RNA sequencing of the Paradaux cell line after long-term culture	Para5: Paradoxical feedback, Replicate5	Illumina HiSeq 2500 sequencing: GSM5710434: Para5: Paradoxical feedback, Replicate5 Cricetulus griseus RNA-Seq	cDNA
SRR17085341	PRJNA785251	SRX13273374	SAMN23551695	NO_FLAG					Whole genomic RNA sequencing of the Paradaux cell line after long-term culture	Para2: Paradoxical feedback, Replicate2	Illumina HiSeq 2500 sequencing: GSM5710431: Para2: Paradoxical feedback, Replicate2 Cricetulus griseus RNA-Seq	cDNA
SRR18163656	PRJNA810994	SRX14311063	SAMN26308030	NO_FLAG					Comparison of transcriptional profile of CHO cells cultured in different media.	PR0126_14_b	Illumina HiSeq 2000 sequencing: GSM5920728: PR0126_14_b Cricetulus griseus RNA-Seq	cDNA
SRR18163666	PRJNA810994	SRX14311053	SAMN26308040	NO_FLAG					Comparison of transcriptional profile of CHO cells cultured in different media.	PR0126_04_b	Illumina HiSeq 2000 sequencing: GSM5920718: PR0126_04_b Cricetulus griseus RNA-Seq	cDNA
SRR18356112	PRJNA817102	SRX14491410	SAMN26747791	NO_FLAG					Mechanism of abnormal coagulation induced by tigecycline in cancers	CHOtige	Illumina NovaSeq 6000 sequencing: GSM5957534: CHOtige Cricetulus griseus RNA-Seq	cDNA
SRR18502223	PRJNA820638	SRX14633673	SAMN27019286	NO_FLAG					Distinct cellular tools of mild hyperthermia-induced acquired stress tolerance in Chinese Hamster Ovary cells	CHO 42.5Â°C_1h_D4	NextSeq 550 sequencing: GSM5974767: CHO 42.5Â°C_1h_D4 Cricetulus griseus RNA-Seq	cDNA
SRR18502226	PRJNA820638	SRX14633670	SAMN27019289	NO_FLAG					Distinct cellular tools of mild hyperthermia-induced acquired stress tolerance in Chinese Hamster Ovary cells	CHO 42.5Â°C_1h_A4	NextSeq 550 sequencing: GSM5974764: CHO 42.5Â°C_1h_A4 Cricetulus griseus RNA-Seq	cDNA
SRR18502227	PRJNA820638	SRX14633669	SAMN27019290	NO_FLAG					Distinct cellular tools of mild hyperthermia-induced acquired stress tolerance in Chinese Hamster Ovary cells	CHO 40Â°C_6h_D3	NextSeq 550 sequencing: GSM5974763: CHO 40Â°C_6h_D3 Cricetulus griseus RNA-Seq	cDNA
SRR18502228	PRJNA820638	SRX14633668	SAMN27019291	NO_FLAG					Distinct cellular tools of mild hyperthermia-induced acquired stress tolerance in Chinese Hamster Ovary cells	CHO 40Â°C_6h_C3	NextSeq 550 sequencing: GSM5974762: CHO 40Â°C_6h_C3 Cricetulus griseus RNA-Seq	cDNA
SRR18502233	PRJNA820638	SRX14633663	SAMN27019296	NO_FLAG					Distinct cellular tools of mild hyperthermia-induced acquired stress tolerance in Chinese Hamster Ovary cells	CHO 40Â°C_1h_B2	NextSeq 550 sequencing: GSM5974757: CHO 40Â°C_1h_B2 Cricetulus griseus RNA-Seq	cDNA
SRR19256297	PRJNA839086	SRX15316778	SAMN28495774	NO_FLAG					Stability and transcriptomic study of C12orf35 site-specific integrated CHO cell line	KSP-1	Illumina NovaSeq 6000 sequencing: GSM6164894: KSP-1 Cricetulus griseus RNA-Seq	cDNA
SRR19256298	PRJNA839086	SRX15316777	SAMN28495775	NO_FLAG					Stability and transcriptomic study of C12orf35 site-specific integrated CHO cell line	CD33-3	Illumina NovaSeq 6000 sequencing: GSM6164893: CD33-3 Cricetulus griseus RNA-Seq	cDNA
SRR19256300	PRJNA839086	SRX15316775	SAMN28495777	NO_FLAG					Stability and transcriptomic study of C12orf35 site-specific integrated CHO cell line	CD33-1	Illumina NovaSeq 6000 sequencing: GSM6164891: CD33-1 Cricetulus griseus RNA-Seq	cDNA
SRR19256301	PRJNA839086	SRX15316774	SAMN28495778	NO_FLAG					Stability and transcriptomic study of C12orf35 site-specific integrated CHO cell line	CLL1-3	Illumina NovaSeq 6000 sequencing: GSM6164890: CLL1-3 Cricetulus griseus RNA-Seq	cDNA
SRR19256305	PRJNA839086	SRX15316770	SAMN28495782	NO_FLAG					Stability and transcriptomic study of C12orf35 site-specific integrated CHO cell line	CHOS-2	Illumina NovaSeq 6000 sequencing: GSM6164886: CHOS-2 Cricetulus griseus RNA-Seq	cDNA
SRR23603791	PRJNA938154	SRX19488783	SAMN33426962	NO_FLAG					Deciphering the determinants of recombinant protein yield across the human secretome	P6975_192	Illumina HiSeq 2500 sequencing: GSM7061441: P6975_192 Cricetulus griseus RNA-Seq	cDNA
SRR23603801	PRJNA938154	SRX19488773	SAMN33426992	NO_FLAG					Deciphering the determinants of recombinant protein yield across the human secretome	P6975_162	Illumina HiSeq 2500 sequencing: GSM7061411: P6975_162 Cricetulus griseus RNA-Seq	cDNA
SRR23603804	PRJNA938154	SRX19488770	SAMN33426995	NO_FLAG					Deciphering the determinants of recombinant protein yield across the human secretome	P6975_159	Illumina HiSeq 2500 sequencing: GSM7061408: P6975_159 Cricetulus griseus RNA-Seq	cDNA
SRR23603811	PRJNA938154	SRX19488763	SAMN33427002	NO_FLAG					Deciphering the determinants of recombinant protein yield across the human secretome	P6975_152	Illumina HiSeq 2500 sequencing: GSM7061401: P6975_152 Cricetulus griseus RNA-Seq	cDNA
SRR23603820	PRJNA938154	SRX19488734	SAMN33427011	NO_FLAG					Deciphering the determinants of recombinant protein yield across the human secretome	P6975_143	Illumina HiSeq 2500 sequencing: GSM7061392: P6975_143 Cricetulus griseus RNA-Seq	cDNA
SRR23603821	PRJNA938154	SRX19488753	SAMN33426972	NO_FLAG					Deciphering the determinants of recombinant protein yield across the human secretome	P6975_182	Illumina HiSeq 2500 sequencing: GSM7061431: P6975_182 Cricetulus griseus RNA-Seq	cDNA
SRR23603833	PRJNA938154	SRX19488741	SAMN33426984	NO_FLAG					Deciphering the determinants of recombinant protein yield across the human secretome	P6975_170	Illumina HiSeq 2500 sequencing: GSM7061419: P6975_170 Cricetulus griseus RNA-Seq	cDNA
SRR23603836	PRJNA938154	SRX19488738	SAMN33426987	NO_FLAG					Deciphering the determinants of recombinant protein yield across the human secretome	P6975_167	Illumina HiSeq 2500 sequencing: GSM7061416: P6975_167 Cricetulus griseus RNA-Seq	cDNA
SRR23603843	PRJNA938154	SRX19488731	SAMN33427014	NO_FLAG					Deciphering the determinants of recombinant protein yield across the human secretome	P6975_140	Illumina HiSeq 2500 sequencing: GSM7061389: P6975_140 Cricetulus griseus RNA-Seq	cDNA
SRR23603847	PRJNA938154	SRX19488727	SAMN33427018	NO_FLAG					Deciphering the determinants of recombinant protein yield across the human secretome	P6975_136	Illumina HiSeq 2500 sequencing: GSM7061385: P6975_136 Cricetulus griseus RNA-Seq	cDNA
SRR23603848	PRJNA938154	SRX19488726	SAMN33427019	NO_FLAG					Deciphering the determinants of recombinant protein yield across the human secretome	P6975_135	Illumina HiSeq 2500 sequencing: GSM7061384: P6975_135 Cricetulus griseus RNA-Seq	cDNA
SRR23603849	PRJNA938154	SRX19488725	SAMN33427020	NO_FLAG					Deciphering the determinants of recombinant protein yield across the human secretome	P6975_134	Illumina HiSeq 2500 sequencing: GSM7061383: P6975_134 Cricetulus griseus RNA-Seq	cDNA
SRR23603851	PRJNA938154	SRX19488723	SAMN33427022	NO_FLAG					Deciphering the determinants of recombinant protein yield across the human secretome	P6975_132	Illumina HiSeq 2500 sequencing: GSM7061381: P6975_132 Cricetulus griseus RNA-Seq	cDNA
SRR23603863	PRJNA938154	SRX19488711	SAMN33427034	NO_FLAG					Deciphering the determinants of recombinant protein yield across the human secretome	P6975_120	Illumina HiSeq 2500 sequencing: GSM7061369: P6975_120 Cricetulus griseus RNA-Seq	cDNA
SRR23603867	PRJNA938154	SRX19488707	SAMN33427038	NO_FLAG					Deciphering the determinants of recombinant protein yield across the human secretome	P6975_116	Illumina HiSeq 2500 sequencing: GSM7061365: P6975_116 Cricetulus griseus RNA-Seq	cDNA
SRR23603869	PRJNA938154	SRX19488705	SAMN33427040	NO_FLAG					Deciphering the determinants of recombinant protein yield across the human secretome	P6975_114	Illumina HiSeq 2500 sequencing: GSM7061363: P6975_114 Cricetulus griseus RNA-Seq	cDNA
SRR23603872	PRJNA938154	SRX19488702	SAMN33427043	NO_FLAG					Deciphering the determinants of recombinant protein yield across the human secretome	P6975_111	Illumina HiSeq 2500 sequencing: GSM7061360: P6975_111 Cricetulus griseus RNA-Seq	cDNA
SRR23603873	PRJNA938154	SRX19488701	SAMN33427044	NO_FLAG					Deciphering the determinants of recombinant protein yield across the human secretome	P6975_110	Illumina HiSeq 2500 sequencing: GSM7061359: P6975_110 Cricetulus griseus RNA-Seq	cDNA
SRR23603877	PRJNA938154	SRX19488697	SAMN33427048	NO_FLAG					Deciphering the determinants of recombinant protein yield across the human secretome	P6975_106	Illumina HiSeq 2500 sequencing: GSM7061355: P6975_106 Cricetulus griseus RNA-Seq	cDNA
SRR23603878	PRJNA938154	SRX19488696	SAMN33427049	NO_FLAG					Deciphering the determinants of recombinant protein yield across the human secretome	P6975_105	Illumina HiSeq 2500 sequencing: GSM7061354: P6975_105 Cricetulus griseus RNA-Seq	cDNA
SRR23702454	PRJNA941080	SRX19564101	SAMN33589140	NO_FLAG					Mechanisms and countermeasures of mammalian drug resistance acquired during long-term evolution	B3	HiSeq X Ten sequencing: RNAseq of mNF CHO R4 without doxycycline	cDNA
SRR24099905	PRJNA953054	SRX19900046	SAMN34105233	NO_FLAG					Hexokinase 2 and lactate mediated gene expression via histone H3 lysine 18 lactylation (CHO RNA-Seq)	CHO_WTHK2_rep2	Illumina NovaSeq 6000 sequencing: GSM7156049: CHO_WTHK2_rep2 Cricetulus griseus RNA-Seq	cDNA
SRR24650914	PRJNA974014	SRX20431024	SAMN35159452	NO_FLAG					Heritable non-genetic phenotypes are enriched for stress responses as a form of bet hedging	MemorySeq_Sample37_Single-Cell-37	Illumina HiSeq 4000 sequencing: GSM7383681: MemorySeq_Sample37_Single-Cell-37 Cricetulus griseus RNA-Seq	cDNA
SRR24650916	PRJNA974014	SRX20431022	SAMN35159454	NO_FLAG					Heritable non-genetic phenotypes are enriched for stress responses as a form of bet hedging	MemorySeq_Sample35_Single-Cell-35	Illumina HiSeq 4000 sequencing: GSM7383679: MemorySeq_Sample35_Single-Cell-35 Cricetulus griseus RNA-Seq	cDNA
SRR24650922	PRJNA974014	SRX20431016	SAMN35159397	NO_FLAG					Heritable non-genetic phenotypes are enriched for stress responses as a form of bet hedging	StressFB_Day5_Flask9_Fed-Batch-5-9	Illumina HiSeq 4000 sequencing: GSM7383736: StressFB_Day5_Flask9_Fed-Batch-5-9 Cricetulus griseus RNA-Seq	cDNA
SRR24650930	PRJNA974014	SRX20431008	SAMN35159429	NO_FLAG					Heritable non-genetic phenotypes are enriched for stress responses as a form of bet hedging	NoiseControl_Sample20_Bulk-Population-20	Illumina HiSeq 4000 sequencing: GSM7383704: NoiseControl_Sample20_Bulk-Population-20 Cricetulus griseus RNA-Seq	cDNA
SRR24650934	PRJNA974014	SRX20431004	SAMN35159457	NO_FLAG					Heritable non-genetic phenotypes are enriched for stress responses as a form of bet hedging	MemorySeq_Sample32_Single-Cell-32	Illumina HiSeq 4000 sequencing: GSM7383676: MemorySeq_Sample32_Single-Cell-32 Cricetulus griseus RNA-Seq	cDNA
SRR24650939	PRJNA974014	SRX20430999	SAMN35159462	NO_FLAG					Heritable non-genetic phenotypes are enriched for stress responses as a form of bet hedging	MemorySeq_Sample27_Single-Cell-27	Illumina HiSeq 4000 sequencing: GSM7383671: MemorySeq_Sample27_Single-Cell-27 Cricetulus griseus RNA-Seq	cDNA
SRR24650945	PRJNA974014	SRX20430993	SAMN35159404	NO_FLAG					Heritable non-genetic phenotypes are enriched for stress responses as a form of bet hedging	StressFB_Day5_Flask2_Fed-Batch-5-2	Illumina HiSeq 4000 sequencing: GSM7383729: StressFB_Day5_Flask2_Fed-Batch-5-2 Cricetulus griseus RNA-Seq	cDNA
SRR24650947	PRJNA974014	SRX20430991	SAMN35159406	NO_FLAG					Heritable non-genetic phenotypes are enriched for stress responses as a form of bet hedging	StressFB_Day0_Flask3_Fed-Batch-0-3	Illumina HiSeq 4000 sequencing: GSM7383727: StressFB_Day0_Flask3_Fed-Batch-0-3 Cricetulus griseus RNA-Seq	cDNA
SRR24650951	PRJNA974014	SRX20430987	SAMN35159434	NO_FLAG					Heritable non-genetic phenotypes are enriched for stress responses as a form of bet hedging	NoiseControl_Sample15_Bulk-Population-15	Illumina HiSeq 4000 sequencing: GSM7383699: NoiseControl_Sample15_Bulk-Population-15 Cricetulus griseus RNA-Seq	cDNA
SRR24650956	PRJNA974014	SRX20430982	SAMN35159439	NO_FLAG					Heritable non-genetic phenotypes are enriched for stress responses as a form of bet hedging	NoiseControl_Sample10_Bulk-Population-10	Illumina HiSeq 4000 sequencing: GSM7383694: NoiseControl_Sample10_Bulk-Population-10 Cricetulus griseus RNA-Seq	cDNA
SRR24650961	PRJNA974014	SRX20430977	SAMN35159468	NO_FLAG					Heritable non-genetic phenotypes are enriched for stress responses as a form of bet hedging	MemorySeq_Sample20_Single-Cell-20	Illumina HiSeq 4000 sequencing: GSM7383665: MemorySeq_Sample20_Single-Cell-20 Cricetulus griseus RNA-Seq	cDNA
SRR24650965	PRJNA974014	SRX20430973	SAMN35159408	NO_FLAG					Heritable non-genetic phenotypes are enriched for stress responses as a form of bet hedging	StressFB_Day0_Flask1_Fed-Batch-0-1	Illumina HiSeq 4000 sequencing: GSM7383725: StressFB_Day0_Flask1_Fed-Batch-0-1 Cricetulus griseus RNA-Seq	cDNA
SRR24650966	PRJNA974014	SRX20430972	SAMN35159409	NO_FLAG					Heritable non-genetic phenotypes are enriched for stress responses as a form of bet hedging	NoiseControl_Sample40_Bulk-Population-40	Illumina HiSeq 4000 sequencing: GSM7383724: NoiseControl_Sample40_Bulk-Population-40 Cricetulus griseus RNA-Seq	cDNA
SRR24650970	PRJNA974014	SRX20430968	SAMN35159413	NO_FLAG					Heritable non-genetic phenotypes are enriched for stress responses as a form of bet hedging	NoiseControl_Sample36_Bulk-Population-36	Illumina HiSeq 4000 sequencing: GSM7383720: NoiseControl_Sample36_Bulk-Population-36 Cricetulus griseus RNA-Seq	cDNA
SRR24650977	PRJNA974014	SRX20430961	SAMN35159444	NO_FLAG					Heritable non-genetic phenotypes are enriched for stress responses as a form of bet hedging	NoiseControl_Sample5_Bulk-Population-5	Illumina HiSeq 4000 sequencing: GSM7383689: NoiseControl_Sample5_Bulk-Population-5 Cricetulus griseus RNA-Seq	cDNA
SRR24650979	PRJNA974014	SRX20430959	SAMN35159446	NO_FLAG					Heritable non-genetic phenotypes are enriched for stress responses as a form of bet hedging	NoiseControl_Sample3_Bulk-Population-3	Illumina HiSeq 4000 sequencing: GSM7383687: NoiseControl_Sample3_Bulk-Population-3 Cricetulus griseus RNA-Seq	cDNA
SRR24650986	PRJNA974014	SRX20430952	SAMN35159477	NO_FLAG					Heritable non-genetic phenotypes are enriched for stress responses as a form of bet hedging	MemorySeq_Sample11_Single-Cell-11	Illumina HiSeq 4000 sequencing: GSM7383656: MemorySeq_Sample11_Single-Cell-11 Cricetulus griseus RNA-Seq	cDNA
SRR24650993	PRJNA974014	SRX20430945	SAMN35159484	NO_FLAG					Heritable non-genetic phenotypes are enriched for stress responses as a form of bet hedging	MemorySeq_Sample4_Single-Cell-4	Illumina HiSeq 4000 sequencing: GSM7383649: MemorySeq_Sample4_Single-Cell-4 Cricetulus griseus RNA-Seq	cDNA
SRR24650997	PRJNA974014	SRX20431036	SAMN35159416	NO_FLAG					Heritable non-genetic phenotypes are enriched for stress responses as a form of bet hedging	NoiseControl_Sample33_Bulk-Population-33	Illumina HiSeq 4000 sequencing: GSM7383717: NoiseControl_Sample33_Bulk-Population-33 Cricetulus griseus RNA-Seq	cDNA
SRR24650999	PRJNA974014	SRX20431034	SAMN35159418	NO_FLAG					Heritable non-genetic phenotypes are enriched for stress responses as a form of bet hedging	NoiseControl_Sample31_Bulk-Population-31	Illumina HiSeq 4000 sequencing: GSM7383715: NoiseControl_Sample31_Bulk-Population-31 Cricetulus griseus RNA-Seq	cDNA
SRR24651004	PRJNA974014	SRX20431029	SAMN35159423	NO_FLAG					Heritable non-genetic phenotypes are enriched for stress responses as a form of bet hedging	NoiseControl_Sample26_Bulk-Population-26	Illumina HiSeq 4000 sequencing: GSM7383710: NoiseControl_Sample26_Bulk-Population-26 Cricetulus griseus RNA-Seq	cDNA
SRR25184716	PRJNA992436	SRX20932350	SAMN36352946	NO_FLAG					DYNAMICS OF AMINO ACID METABOLISM, GENE EXPRESSION, AND CIRCULOMICS IN A RECOMBINANT CHINESE HAMSTER OVARY CELL LINE ADAPTED TO MODERATE AND HIGH LEVELS OF EXTRACELLULAR LACTATE	Model organism or animal sample from Cricetulus griseus	Illumina NovaSeq 6000 sequencing: RNA-Seq of CHOK1 cells under lactate adaptation	Oligo-dT
SRR25184717	PRJNA992436	SRX20932349	SAMN36352946	NO_FLAG					DYNAMICS OF AMINO ACID METABOLISM, GENE EXPRESSION, AND CIRCULOMICS IN A RECOMBINANT CHINESE HAMSTER OVARY CELL LINE ADAPTED TO MODERATE AND HIGH LEVELS OF EXTRACELLULAR LACTATE	Model organism or animal sample from Cricetulus griseus	Illumina NovaSeq 6000 sequencing: RNA-Seq of CHOK1 cells under lactate adaptation	Oligo-dT
SRR25184718	PRJNA992436	SRX20932348	SAMN36352946	NO_FLAG					DYNAMICS OF AMINO ACID METABOLISM, GENE EXPRESSION, AND CIRCULOMICS IN A RECOMBINANT CHINESE HAMSTER OVARY CELL LINE ADAPTED TO MODERATE AND HIGH LEVELS OF EXTRACELLULAR LACTATE	Model organism or animal sample from Cricetulus griseus	Illumina NovaSeq 6000 sequencing: RNA-Seq of CHOK1 cells under lactate adaptation	Oligo-dT
SRR25184719	PRJNA992436	SRX20932347	SAMN36352946	NO_FLAG					DYNAMICS OF AMINO ACID METABOLISM, GENE EXPRESSION, AND CIRCULOMICS IN A RECOMBINANT CHINESE HAMSTER OVARY CELL LINE ADAPTED TO MODERATE AND HIGH LEVELS OF EXTRACELLULAR LACTATE	Model organism or animal sample from Cricetulus griseus	Illumina NovaSeq 6000 sequencing: RNA-Seq of CHOK1 cells under lactate adaptation	Oligo-dT
SRR25184721	PRJNA992436	SRX20932345	SAMN36352946	NO_FLAG					DYNAMICS OF AMINO ACID METABOLISM, GENE EXPRESSION, AND CIRCULOMICS IN A RECOMBINANT CHINESE HAMSTER OVARY CELL LINE ADAPTED TO MODERATE AND HIGH LEVELS OF EXTRACELLULAR LACTATE	Model organism or animal sample from Cricetulus griseus	Illumina NovaSeq 6000 sequencing: RNA-Seq of CHOK1 cells under lactate adaptation	Oligo-dT
SRR10493806	PRJNA590486	SRX7182894	SAMN13327506	NO_FLAG					Defining lncRNAs Associated with CHO Cell Growth and IgG Productivity by RNA-Seq I	3068 Day 4 Rep1	Illumina HiSeq 4000 sequencing: GSM4176478: 3068 Day 4 Rep1 Cricetulus griseus RNA-Seq	cDNA
SRR10493847	PRJNA590485	SRX7182935	SAMN13327597	NO_FLAG					Defining lncRNAs Associated with CHO Cell Growth and IgG Productivity by RNA-Seq II	3068 Day 4 rep2 (dataset 2)	Illumina HiSeq 4000 sequencing: GSM4177570: 3068 Day 4 rep2 (dataset 2) Cricetulus griseus RNA-Seq	cDNA
SRR10493848	PRJNA590485	SRX7182936	SAMN13327596	NO_FLAG					Defining lncRNAs Associated with CHO Cell Growth and IgG Productivity by RNA-Seq II	3068 Day 4 rep3 (dataset 2)	Illumina HiSeq 4000 sequencing: GSM4177572: 3068 Day 4 rep3 (dataset 2) Cricetulus griseus RNA-Seq	cDNA
SRR10493850	PRJNA590485	SRX7182938	SAMN13327594	NO_FLAG					Defining lncRNAs Associated with CHO Cell Growth and IgG Productivity by RNA-Seq II	3068 Day 7 rep2 (dataset 2)	Illumina HiSeq 4000 sequencing: GSM4177575: 3068 Day 7 rep2 (dataset 2) Cricetulus griseus RNA-Seq	cDNA
SRR10493852	PRJNA590485	SRX7182940	SAMN13327592	NO_FLAG					Defining lncRNAs Associated with CHO Cell Growth and IgG Productivity by RNA-Seq II	3068 Seed train rep1 (dataset 2)	Illumina HiSeq 4000 sequencing: GSM4177578: 3068 Seed train rep1 (dataset 2) Cricetulus griseus RNA-Seq	cDNA
SRR10493867	PRJNA590485	SRX7182955	SAMN13327575	NO_FLAG					Defining lncRNAs Associated with CHO Cell Growth and IgG Productivity by RNA-Seq II	3936 Day 7 rep1 (dataset 2)	Illumina HiSeq 4000 sequencing: GSM4177601: 3936 Day 7 rep1 (dataset 2) Cricetulus griseus RNA-Seq	cDNA
SRR10493876	PRJNA590485	SRX7182964	SAMN13327560	NO_FLAG					Defining lncRNAs Associated with CHO Cell Growth and IgG Productivity by RNA-Seq II	4384 Day 7 rep1 (dataset 2)	Illumina HiSeq 4000 sequencing: GSM4177615: 4384 Day 7 rep1 (dataset 2) Cricetulus griseus RNA-Seq	cDNA
SRR22143436	PRJNA896947	SRX18122743	SAMN31573491	NO_FLAG					EccDNA of a CHO-K1 clone	Model organism or animal sample from Cricetulus griseus	Illumina NovaSeq 6000 sequencing: RNA-seq of CHO-K1	DNase
SRR22246873	PRJNA899862	SRX18223558	SAMN31670982	NO_FLAG					Timecourse RNA Sequencing of three CHO cell lines: non-producing CHOZNÂ®GS-/-, an IgG1 producer, and an EPO-Fc producer	ZN_D5_2	Illumina NovaSeq 6000 sequencing: GSM6723627: ZN_D5_2 Cricetulus griseus RNA-Seq	cDNA
SRR22246874	PRJNA899862	SRX18223557	SAMN31670983	NO_FLAG					Timecourse RNA Sequencing of three CHO cell lines: non-producing CHOZNÂ®GS-/-, an IgG1 producer, and an EPO-Fc producer	ZN_D5_1	Illumina NovaSeq 6000 sequencing: GSM6723626: ZN_D5_1 Cricetulus griseus RNA-Seq	cDNA
SRR22246876	PRJNA899862	SRX18223555	SAMN31670985	NO_FLAG					Timecourse RNA Sequencing of three CHO cell lines: non-producing CHOZNÂ®GS-/-, an IgG1 producer, and an EPO-Fc producer	E33_D3_2	Illumina NovaSeq 6000 sequencing: GSM6723624: E33_D3_2 Cricetulus griseus RNA-Seq	cDNA
SRR22246880	PRJNA899862	SRX18223551	SAMN31670989	NO_FLAG					Timecourse RNA Sequencing of three CHO cell lines: non-producing CHOZNÂ®GS-/-, an IgG1 producer, and an EPO-Fc producer	I23_D3_1	Illumina NovaSeq 6000 sequencing: GSM6723620: I23_D3_1 Cricetulus griseus RNA-Seq	cDNA
SRR22246883	PRJNA899862	SRX18223548	SAMN31670992	NO_FLAG					Timecourse RNA Sequencing of three CHO cell lines: non-producing CHOZNÂ®GS-/-, an IgG1 producer, and an EPO-Fc producer	ZN_D3_1	Illumina NovaSeq 6000 sequencing: GSM6723617: ZN_D3_1 Cricetulus griseus RNA-Seq	cDNA
SRR22246888	PRJNA899862	SRX18223543	SAMN31670997	NO_FLAG					Timecourse RNA Sequencing of three CHO cell lines: non-producing CHOZNÂ®GS-/-, an IgG1 producer, and an EPO-Fc producer	I23_D1_2	Illumina NovaSeq 6000 sequencing: GSM6723612: I23_D1_2 Cricetulus griseus RNA-Seq	cDNA
SRR22810189	PRJNA913861	SRX18769908	SAMN32309273	NO_FLAG					Xbp1 knockdown in CHO cells stably expressing Cdh13 (RNA-Seq)	siXBP1_3	Illumina NovaSeq 6000 sequencing: GSM6858197: siXBP1_3 Cricetulus griseus RNA-Seq	cDNA
SRR28349054	PRJNA1088164	SRX23955092	SAMN40463198	NO_FLAG					Systems biology analysis of CHO cell clonal variation	Model organism or animal sample from Cricetulus griseus	Illumina NovaSeq 6000 sequencing: RNA-seq of cricetulus griseus (CHO-S)	PCR
SRR28349056	PRJNA1088164	SRX23955090	SAMN40463210	NO_FLAG					Systems biology analysis of CHO cell clonal variation	Model organism or animal sample from Cricetulus griseus	Illumina NovaSeq 6000 sequencing: RNA-seq of cricetulus griseus (CHO-S)	PCR
SRR28349060	PRJNA1088164	SRX23955086	SAMN40463206	NO_FLAG					Systems biology analysis of CHO cell clonal variation	Model organism or animal sample from Cricetulus griseus	Illumina NovaSeq 6000 sequencing: RNA-seq of cricetulus griseus (CHO-S)	PCR
SRR2922600	PRJNA302601	SRX1436210	SAMN04275177	NO_FLAG					Revealing suspension adapation of CHO cell in serum free media	SUS1_2	Illumina MiSeq sequencing: GSM1942564: SUS1_2 Cricetulus griseus RNA-Seq	cDNA
SRR29441690	PRJNA1123849	SRX24954114	SAMN41829164	NO_FLAG					Transcriptomic Responses of HHBN-Treated CHO-K1 Cells	Model organism or animal sample from Cricetulus griseus	Illumina NovaSeq 6000 sequencing: RNA-seq of cricetulus griseus picr: exposure to 3,5-dibromo-2-hydroxybenzonitrile	PCR
SRR29672924	PRJNA1130622	SRX25176390	SAMN42212553	NO_FLAG					CHO serum-free adaptation, temperature, pH, glucose		Illumina HiSeq 2500 sequencing: RNA-Seq of cricetulus griseus: serum-free medium adaptation	cDNA_oligo_dT
SRR29672929	PRJNA1130622	SRX25176391	SAMN42212554	NO_FLAG					CHO serum-free adaptation, temperature, pH, glucose		Illumina HiSeq 2500 sequencing: RNA-Seq of cricetulus griseus: serum-free medium adaptation	cDNA_oligo_dT
SRR29672930	PRJNA1130622	SRX25176385	SAMN42212549	NO_FLAG					CHO serum-free adaptation, temperature, pH, glucose		Illumina HiSeq 2500 sequencing: RNA-Seq of cricetulus griseus: low basal glucose	cDNA_oligo_dT
SRR2968328	PRJNA304606	SRX1457800	SAMN04305215	NO_FLAG					RNA-sequencing analysis of a wildtype CHO cell line (CHO-K1), a mutant CHO cell line (pgsA745) that lacks xylosyltransferase (XylT) activity, and pgsA745 stably transfected with XylT1 (pgsA745-XylT1).	Pgsa745-XYLT1 rep2	Illumina HiSeq 2500 sequencing: GSM1958464: Pgsa745-XYLT1 rep2 Cricetulus griseus RNA-Seq	cDNA
SRR3284443	PRJNA316065	SRX1655601	SAMN04574676	REVIEW_STUDY_CONTEXT_ONLY			ribosome_profiling		Ribosome profiling-guided depletion of an mRNA improves CHO cell growth and recombinant product titers	Day3_rep1_RNAseq	Illumina HiSeq 2500 sequencing: GSM2096519: Day3_rep1_RNAseq Cricetulus griseus RNA-Seq	cDNA
SRR3284455	PRJNA316065	SRX1655607	SAMN04574682	REVIEW_STUDY_CONTEXT_ONLY			ribosome_profiling		Ribosome profiling-guided depletion of an mRNA improves CHO cell growth and recombinant product titers	Day6_rep1_RNAseq	Illumina HiSeq 2500 sequencing: GSM2096525: Day6_rep1_RNAseq Cricetulus griseus RNA-Seq	cDNA
SRR33198151	PRJNA1252143	SRX28445686	SAMN48037637	NO_FLAG					Enhanced Production of HCV E1E2 Subunit Vaccine Candidates via Protein-Protein Interaction Identification in Glyco-engineered CHO cells	wt-like, Sppl3 KO, rep3	Illumina NovaSeq X Plus sequencing: GSM8935937: wt-like, Sppl3 KO, rep3 Cricetulus griseus RNA-Seq	cDNA
SRR33309110	PRJNA1254963	SRX28553900	SAMN48140379	NO_FLAG					In situ detection and amplification of protein-protein interactions can increase recombinant protein production	E6, Rituximab, rep3	Illumina NovaSeq X Plus sequencing: GSM8951131: E6, Rituximab, rep3 Cricetulus griseus RNA-Seq	cDNA
SRR33309111	PRJNA1254963	SRX28553899	SAMN48140380	NO_FLAG					In situ detection and amplification of protein-protein interactions can increase recombinant protein production	E6, Rituximab, rep2	Illumina NovaSeq X Plus sequencing: GSM8951130: E6, Rituximab, rep2 Cricetulus griseus RNA-Seq	cDNA
SRR33309121	PRJNA1254963	SRX28553888	SAMN48140391	NO_FLAG					In situ detection and amplification of protein-protein interactions can increase recombinant protein production	A4, Rituximab, rep3	Illumina NovaSeq X Plus sequencing: GSM8951119: A4, Rituximab, rep3 Cricetulus griseus RNA-Seq	cDNA
SRR33309123	PRJNA1254963	SRX28553890	SAMN48140389	NO_FLAG					In situ detection and amplification of protein-protein interactions can increase recombinant protein production	A6, Rituximab, rep2	Illumina NovaSeq X Plus sequencing: GSM8951121: A6, Rituximab, rep2 Cricetulus griseus RNA-Seq	cDNA
SRR38262919	PRJNA1282762	SRX33099501	SAMN49662885	NO_FLAG					Shotgun Genetic Engineering	Model organism or animal sample from Cricetulus griseus	Illumina NovaSeq X Plus sequencing: RNA-Seq of Engineered Cricetulus griseus clone: female ovary	Oligo-dT
SRR3946103	PRJNA330832	SRX1971988	SAMN05426770	NO_FLAG					Cricetulus griseus Transcriptome or Gene expression	Gene expression in EGFR-TAM expressing CHO (Cricetulus griseus) cell lines	NextSeq 500 sequencing: EGFR-TAM signaling using RNASeq	RT-PCR
SRR3946111	PRJNA330832	SRX1971996	SAMN05426770	NO_FLAG					Cricetulus griseus Transcriptome or Gene expression	Gene expression in EGFR-TAM expressing CHO (Cricetulus griseus) cell lines	NextSeq 500 sequencing: EGFR-TAM signaling using RNASeq	RT-PCR
SRR39497722	PRJNA1489724	SRX34192516	SAMN61409210	NO_FLAG					RNA-seq analysis of multiplex CRISPR knockout gene sets in CHO-DG44-derived co-culture samples	100_DNAdam	Illumina NovaSeq 6000 sequencing: 100_DNAdam multiplex CRISPR gene-set co-culture RNA-seq replicate 4	PolyA
SRR39505008	PRJNA1489724	SRX34199677	SAMN61409221	NO_FLAG					RNA-seq analysis of multiplex CRISPR knockout gene sets in CHO-DG44-derived co-culture samples	152_Immune	Illumina NovaSeq 6000 sequencing: 152_Immune multiplex CRISPR gene-set co-culture RNA-seq replicate 3	PolyA
SRR39505010	PRJNA1489724	SRX34199675	SAMN61409219	NO_FLAG					RNA-seq analysis of multiplex CRISPR knockout gene sets in CHO-DG44-derived co-culture samples	152_Immune	Illumina NovaSeq 6000 sequencing: 152_Immune multiplex CRISPR gene-set co-culture RNA-seq replicate 1	PolyA
SRR39506914	PRJNA1489724	SRX34201580	SAMN61409224	NO_FLAG					RNA-seq analysis of multiplex CRISPR knockout gene sets in CHO-DG44-derived co-culture samples	154_Biogenesis	Illumina NovaSeq 6000 sequencing: 154_Biogenesis multiplex CRISPR gene-set co-culture RNA-seq replicate 2	PolyA
SRR39506915	PRJNA1489724	SRX34201579	SAMN61409223	NO_FLAG					RNA-seq analysis of multiplex CRISPR knockout gene sets in CHO-DG44-derived co-culture samples	154_Biogenesis	Illumina NovaSeq 6000 sequencing: 154_Biogenesis multiplex CRISPR gene-set co-culture RNA-seq replicate 1	PolyA
SRR39511191	PRJNA1489724	SRX34203864	SAMN61409229	NO_FLAG					RNA-seq analysis of multiplex CRISPR knockout gene sets in CHO-DG44-derived co-culture samples	Control_Intron	Illumina NovaSeq 6000 sequencing: Intron-targeting control co-culture RNA-seq replicate 3	PolyA
SRR39511192	PRJNA1489724	SRX34203863	SAMN61409228	NO_FLAG					RNA-seq analysis of multiplex CRISPR knockout gene sets in CHO-DG44-derived co-culture samples	Control_Intron	Illumina NovaSeq 6000 sequencing: Intron-targeting control co-culture RNA-seq replicate 2	PolyA
SRR39511193	PRJNA1489724	SRX34203862	SAMN61409227	NO_FLAG					RNA-seq analysis of multiplex CRISPR knockout gene sets in CHO-DG44-derived co-culture samples	Control_Intron	Illumina NovaSeq 6000 sequencing: Intron-targeting control co-culture RNA-seq replicate 1	PolyA
SRR39561852	PRJNA1492564	SRX34250722	SAMN61510923	NO_FLAG					DTT-induced transcriptome profiling reveals divergent ER proteostasis and stress-adaptation programs in CHO-S and apoptosis-resistant CHO-4BGD producer cell lines	HB8 producer clone replicate 1 untreated control	DNBSEQ-G400 sequencing: HB8 producer clone replicate 1 untreated control	PolyA
SRR40310830	PRJNA1516528	SRX34926296	SAMN62608408	NO_FLAG					Transcriptomic profiling of exon-specific glutamine synthetase knockout CHO cell lines	Model organism or animal sample from Cricetulus griseus	Illumina NovaSeq 6000 sequencing: RNA-seq of CHOZN cells, biological replicate 3	cDNA
SRR40310832	PRJNA1516528	SRX34926294	SAMN62608406	NO_FLAG					Transcriptomic profiling of exon-specific glutamine synthetase knockout CHO cell lines	Model organism or animal sample from Cricetulus griseus	Illumina NovaSeq 6000 sequencing: RNA-seq of CHOZN cells, biological replicate 1	cDNA
SRR40310834	PRJNA1516528	SRX34926292	SAMN62608404	NO_FLAG					Transcriptomic profiling of exon-specific glutamine synthetase knockout CHO cell lines	Model organism or animal sample from Cricetulus griseus	Illumina NovaSeq 6000 sequencing: RNA-seq of AK1 CHO cells, biological replicate 2	cDNA
SRR4035680	PRJNA339147	SRX2026837	SAMN05580163	NO_FLAG					Next Generation Sequencing Facilitates Quantitative Analysis of miR-29b-1 and miR-29a targets in CHO-K1 cells	CHO-K1_9A	NextSeq 500 sequencing: GSM2282057: CHO-K1_9A Cricetulus griseus RNA-Seq	cDNA
ERR3972091	PRJEB37009	ERX3975428	SAMEA6602849	NO_FLAG					Directed Evolution Approach to enhance Efficiency and Speed of Outgrowth during Single Cell Subcloning of Chinese Hamster Ovary Cells	Expression profile of CHO K1 0mM replicate 2	Illumina HiSeq 2500 sequencing	Inverse rRNA selection
ERR3972093	PRJEB37009	ERX3975430	SAMEA6602851	NO_FLAG					Directed Evolution Approach to enhance Efficiency and Speed of Outgrowth during Single Cell Subcloning of Chinese Hamster Ovary Cells	Expression profile of CHO K1 0mM DE replicate 2	Illumina HiSeq 2500 sequencing	Inverse rRNA selection
SRR3401401	PRJNA318741	SRX1712537	SAMN04867128	NO_FLAG					CHO RNA-seq	Model organism or animal sample from Cricetulus griseus	Illumina HiSeq 2000 sequencing: RNA-Seq of CHO cell: CHO-K1 cells in stationary cultivation phase	unspecified
SRR3401745	PRJNA318886	SRX1712689	SAMN04869813	NO_FLAG					RNA-Seq of CHO cell	Model organism or animal sample from Cricetulus griseus	Illumina HiSeq 2000 sequencing: RNA-Seq of CHO cell: CHO-K1 cells in exponential growth phase	unspecified
SRR3401747	PRJNA318886	SRX1712692	SAMN04869815	NO_FLAG					RNA-Seq of CHO cell	Model organism or animal sample from Cricetulus griseus	Illumina HiSeq 2000 sequencing: RNA-Seq of CHO cell: CHO DG44 IgG producing cells in exponential growth phase	unspecified
SRR3401748	PRJNA318886	SRX1712693	SAMN04869816	NO_FLAG					RNA-Seq of CHO cell	Model organism or animal sample from Cricetulus griseus	Illumina HiSeq 2000 sequencing: RNA-Seq of CHO cell: CHO DG44 IgG producing cells in stationary cultivation phase	unspecified
SRR36222935	PRJNA1363687	SRX31259000	SAMN53215357	NO_FLAG					Transcriptomic response of CHO cells in response to tunicamycin-induced ER stress	CHO_ER_Tr_BR2	Illumina NovaSeq X Plus sequencing: RNASeq of CHO_ER cells adapted to tunicamycin treated with tunicamycin for 12 hours on day 4 of batch culture_Biological Replicate 2	RANDOM
SRR36222936	PRJNA1363687	SRX31258999	SAMN53215356	NO_FLAG					Transcriptomic response of CHO cells in response to tunicamycin-induced ER stress	CHO_ER_Tr_BR1	Illumina NovaSeq X Plus sequencing: RNASeq of CHO_ER cells adapted to tunicamycin treated with tunicamycin for 12 hours on day 4 of batch culture_Biological Replicate 1	RANDOM
SRR36222937	PRJNA1363687	SRX31258998	SAMN53215355	NO_FLAG					Transcriptomic response of CHO cells in response to tunicamycin-induced ER stress	CHO_ER_BR2	Illumina NovaSeq X Plus sequencing: RNASeq of CHO_ER cells adapted to tunicamycin non-treated on day 4 of batch culture_Biological Replicate 2	RANDOM
SRR36222940	PRJNA1363687	SRX31258995	SAMN53215352	NO_FLAG					Transcriptomic response of CHO cells in response to tunicamycin-induced ER stress	CHO_C_Tr1	NextSeq 550 sequencing: RNASeq of CHO_C cells treated with tunicamycin for 12 hours on day 4 of batch culture_Biological Replicate 1	RANDOM
SRR36699389	PRJNA1399147	SRX31707199	SAMN54474211	NO_FLAG					RNA-seq of CHO cells treated with a small-molecule ISR activator and DMSO control	CHO_DMSO_rep3	Illumina NovaSeq X sequencing: CHO_DMSO_rep3	PolyA
SRR36699392	PRJNA1399147	SRX31707196	SAMN54474214	NO_FLAG					RNA-seq of CHO cells treated with a small-molecule ISR activator and DMSO control	CHO_ISRAC-B_rep3	Illumina NovaSeq X sequencing: CHO_ISRAC-B_rep3	PolyA
SRR36699393	PRJNA1399147	SRX31707195	SAMN54474213	NO_FLAG					RNA-seq of CHO cells treated with a small-molecule ISR activator and DMSO control	CHO_ISRAC-B_rep2	Illumina NovaSeq X sequencing: CHO_ISRAC-B_rep2	PolyA
SRR7421882	PRJNA477823	SRX4292704	SAMN09479743	NO_FLAG					CRISPR/Cas9-assisted targeted sequencing of CHOK1 cell line clones	CHOK1 clone	Illumina MiSeq sequencing: RNA-seq of AD49ZG	cDNA
SRR7779181	PRJNA489076	SRX4634301	SAMN09948077	NO_FLAG					Combating viral contaminants in CHO cells by engineering innate immunity	EMCV-1 poly	NextSeq 500 sequencing: GSM3373954: EMCV-1 poly Cricetulus griseus RNA-Seq	cDNA
SRR7779190	PRJNA489076	SRX4634310	SAMN09948100	NO_FLAG					Combating viral contaminants in CHO cells by engineering innate immunity	EMCV-2 V+poly	NextSeq 500 sequencing: GSM3373963: EMCV-2 V+poly Cricetulus griseus RNA-Seq	cDNA
SRR7779192	PRJNA489076	SRX4634312	SAMN09948098	NO_FLAG					Combating viral contaminants in CHO cells by engineering innate immunity	Reo-1 m	NextSeq 500 sequencing: GSM3373965: Reo-1 m Cricetulus griseus RNA-Seq	cDNA
SRR7779201	PRJNA489076	SRX4634321	SAMN09948089	NO_FLAG					Combating viral contaminants in CHO cells by engineering innate immunity	Reo-2 V+m	NextSeq 500 sequencing: GSM3373974: Reo-2 V+m Cricetulus griseus RNA-Seq	cDNA
SRR8165633	PRJNA504034	SRX4986353	SAMN10388089	NO_FLAG					Annotation improvement and retroviral element discovery in the Chinese hamster genome using proteogenomics	Model organism or animal sample from Cricetulus griseus	Illumina HiSeq 2500 sequencing: CellLine15_7	unspecified
SRR8165638	PRJNA504034	SRX4986348	SAMN10388086	NO_FLAG					Annotation improvement and retroviral element discovery in the Chinese hamster genome using proteogenomics	Model organism or animal sample from Cricetulus griseus	Illumina HiSeq 2500 sequencing: CellLine14_3	unspecified
SRR8165653	PRJNA504034	SRX4986333	SAMN10388056	NO_FLAG					Annotation improvement and retroviral element discovery in the Chinese hamster genome using proteogenomics	Model organism or animal sample from Cricetulus griseus	Illumina HiSeq 2500 sequencing: CellLine4_3	unspecified
SRR8165664	PRJNA504034	SRX4986322	SAMN10388075	NO_FLAG					Annotation improvement and retroviral element discovery in the Chinese hamster genome using proteogenomics	Model organism or animal sample from Cricetulus griseus	Illumina HiSeq 2500 sequencing: CellLine11_1R	unspecified
SRR8165677	PRJNA504034	SRX4986309	SAMN10388048	NO_FLAG					Annotation improvement and retroviral element discovery in the Chinese hamster genome using proteogenomics	Model organism or animal sample from Cricetulus griseus	Illumina HiSeq 2500 sequencing: CellLine2_1	unspecified
SRR8165680	PRJNA504034	SRX4986306	SAMN10388045	NO_FLAG					Annotation improvement and retroviral element discovery in the Chinese hamster genome using proteogenomics	Model organism or animal sample from Cricetulus griseus	Illumina HiSeq 2500 sequencing: CellLine1_1	unspecified
SRR8165681	PRJNA504034	SRX4986305	SAMN10388052	NO_FLAG					Annotation improvement and retroviral element discovery in the Chinese hamster genome using proteogenomics	Model organism or animal sample from Cricetulus griseus	Illumina HiSeq 2500 sequencing: CellLine3_2	unspecified
SRR9137506	PRJNA545135	SRX5910667	SAMN11874997	NO_FLAG					Interpreting an apoptotic corpse as anti-inflammatory involves a chloride sensing pathway	RaviLabHam.14: WT Phagocytes + Apoptotic Cells	NextSeq 500 sequencing: GSM3822310: RaviLabHam.14: WT Phagocytes + Apoptotic Cells Cricetulus griseus RNA-Seq	cDNA
SRR9137510	PRJNA545135	SRX5910671	SAMN11874992	NO_FLAG					Interpreting an apoptotic corpse as anti-inflammatory involves a chloride sensing pathway	RaviLabHam.16: Slc12a2-deficient Phagocytes + Apoptotic Cells	NextSeq 500 sequencing: GSM3822314: RaviLabHam.16: Slc12a2-deficient Phagocytes + Apoptotic Cells Cricetulus griseus RNA-Seq	cDNA
SRR9151757	PRJNA545309	SRX5924873	SAMN11883837	NO_FLAG					Apoptotic cells actively release metabolite messanger with anti-inflammatory properties	FL-1	NextSeq 500 sequencing: GSM3827102: FL-1 Cricetulus griseus RNA-Seq	cDNA
SRR9151760	PRJNA545309	SRX5924876	SAMN11883834	NO_FLAG					Apoptotic cells actively release metabolite messanger with anti-inflammatory properties	FL-4	NextSeq 500 sequencing: GSM3827105: FL-4 Cricetulus griseus RNA-Seq	cDNA
SRR9620997	PRJNA551666	SRX6384004	SAMN12162722	NO_FLAG					Transcriptome profiles of antibody-producing CHO cells across different amplification strategies	CHO cells, A02_EXP	Illumina MiSeq sequencing: GSM3910579: CHO cells, A02_EXP Cricetulus griseus RNA-Seq	cDNA
SRR9621004	PRJNA551666	SRX6384006	SAMN12162720	NO_FLAG					Transcriptome profiles of antibody-producing CHO cells across different amplification strategies	CHO cells, A02_EXP_RLT	Illumina MiSeq sequencing: GSM3910581: CHO cells, A02_EXP_RLT Cricetulus griseus RNA-Seq	cDNA
SRR9621006	PRJNA551666	SRX6384006	SAMN12162720	NO_FLAG					Transcriptome profiles of antibody-producing CHO cells across different amplification strategies	CHO cells, A02_EXP_RLT	Illumina MiSeq sequencing: GSM3910581: CHO cells, A02_EXP_RLT Cricetulus griseus RNA-Seq	cDNA
SRR9621010	PRJNA551666	SRX6384007	SAMN12162719	NO_FLAG					Transcriptome profiles of antibody-producing CHO cells across different amplification strategies	CHO cells, A03_EXP_Duplicate	Illumina MiSeq sequencing: GSM3910582: CHO cells, A03_EXP_Duplicate Cricetulus griseus RNA-Seq	cDNA
SRR9621011	PRJNA551666	SRX6384008	SAMN12162718	NO_FLAG					Transcriptome profiles of antibody-producing CHO cells across different amplification strategies	CHO cells, A03_EXP	Illumina MiSeq sequencing: GSM3910583: CHO cells, A03_EXP Cricetulus griseus RNA-Seq	cDNA
SRR9621012	PRJNA551666	SRX6384008	SAMN12162718	NO_FLAG					Transcriptome profiles of antibody-producing CHO cells across different amplification strategies	CHO cells, A03_EXP	Illumina MiSeq sequencing: GSM3910583: CHO cells, A03_EXP Cricetulus griseus RNA-Seq	cDNA
SRR9621013	PRJNA551666	SRX6384008	SAMN12162718	NO_FLAG					Transcriptome profiles of antibody-producing CHO cells across different amplification strategies	CHO cells, A03_EXP	Illumina MiSeq sequencing: GSM3910583: CHO cells, A03_EXP Cricetulus griseus RNA-Seq	cDNA
SRR9621014	PRJNA551666	SRX6384008	SAMN12162718	NO_FLAG					Transcriptome profiles of antibody-producing CHO cells across different amplification strategies	CHO cells, A03_EXP	Illumina MiSeq sequencing: GSM3910583: CHO cells, A03_EXP Cricetulus griseus RNA-Seq	cDNA
SRR9621018	PRJNA551666	SRX6384009	SAMN12162717	NO_FLAG					Transcriptome profiles of antibody-producing CHO cells across different amplification strategies	CHO cells, A04_EXP_Duplicate	Illumina MiSeq sequencing: GSM3910584: CHO cells, A04_EXP_Duplicate Cricetulus griseus RNA-Seq	cDNA
SRR9621021	PRJNA551666	SRX6384010	SAMN12162716	NO_FLAG					Transcriptome profiles of antibody-producing CHO cells across different amplification strategies	CHO cells, A04_EXP	Illumina MiSeq sequencing: GSM3910585: CHO cells, A04_EXP Cricetulus griseus RNA-Seq	cDNA
SRR9621031	PRJNA551666	SRX6384013	SAMN12162713	NO_FLAG					Transcriptome profiles of antibody-producing CHO cells across different amplification strategies	CHO cells, A03_STA	Illumina MiSeq sequencing: GSM3910588: CHO cells, A03_STA Cricetulus griseus RNA-Seq	cDNA
SRR9621033	PRJNA551666	SRX6384013	SAMN12162713	NO_FLAG					Transcriptome profiles of antibody-producing CHO cells across different amplification strategies	CHO cells, A03_STA	Illumina MiSeq sequencing: GSM3910588: CHO cells, A03_STA Cricetulus griseus RNA-Seq	cDNA
SRR9621038	PRJNA551666	SRX6384014	SAMN12162712	NO_FLAG					Transcriptome profiles of antibody-producing CHO cells across different amplification strategies	CHO cells, A04_STA	Illumina MiSeq sequencing: GSM3910589: CHO cells, A04_STA Cricetulus griseus RNA-Seq	cDNA
SRR9621041	PRJNA551666	SRX6384015	SAMN12162711	NO_FLAG					Transcriptome profiles of antibody-producing CHO cells across different amplification strategies	CHO cells, A1-1_EXP	Illumina MiSeq sequencing: GSM3910590: CHO cells, A1-1_EXP Cricetulus griseus RNA-Seq	cDNA
SRR9621042	PRJNA551666	SRX6384015	SAMN12162711	NO_FLAG					Transcriptome profiles of antibody-producing CHO cells across different amplification strategies	CHO cells, A1-1_EXP	Illumina MiSeq sequencing: GSM3910590: CHO cells, A1-1_EXP Cricetulus griseus RNA-Seq	cDNA
SRR9621043	PRJNA551666	SRX6384016	SAMN12162710	NO_FLAG					Transcriptome profiles of antibody-producing CHO cells across different amplification strategies	CHO cells, A1-2_EXP	Illumina MiSeq sequencing: GSM3910591: CHO cells, A1-2_EXP Cricetulus griseus RNA-Seq	cDNA
SRR9621044	PRJNA551666	SRX6384016	SAMN12162710	NO_FLAG					Transcriptome profiles of antibody-producing CHO cells across different amplification strategies	CHO cells, A1-2_EXP	Illumina MiSeq sequencing: GSM3910591: CHO cells, A1-2_EXP Cricetulus griseus RNA-Seq	cDNA
SRR9621045	PRJNA551666	SRX6384016	SAMN12162710	NO_FLAG					Transcriptome profiles of antibody-producing CHO cells across different amplification strategies	CHO cells, A1-2_EXP	Illumina MiSeq sequencing: GSM3910591: CHO cells, A1-2_EXP Cricetulus griseus RNA-Seq	cDNA
SRR9621050	PRJNA551666	SRX6384017	SAMN12162709	NO_FLAG					Transcriptome profiles of antibody-producing CHO cells across different amplification strategies	CHO cells, A1-3_EXP	Illumina MiSeq sequencing: GSM3910592: CHO cells, A1-3_EXP Cricetulus griseus RNA-Seq	cDNA
SRR9621063	PRJNA551666	SRX6384021	SAMN12162705	NO_FLAG					Transcriptome profiles of antibody-producing CHO cells across different amplification strategies	CHO cells, NDST-1_EXP	Illumina MiSeq sequencing: GSM3910596: CHO cells, NDST-1_EXP Cricetulus griseus RNA-Seq	cDNA
SRR9621064	PRJNA551666	SRX6384021	SAMN12162705	NO_FLAG					Transcriptome profiles of antibody-producing CHO cells across different amplification strategies	CHO cells, NDST-1_EXP	Illumina MiSeq sequencing: GSM3910596: CHO cells, NDST-1_EXP Cricetulus griseus RNA-Seq	cDNA
SRR9621086	PRJNA551666	SRX6384026	SAMN12162724	NO_FLAG					Transcriptome profiles of antibody-producing CHO cells across different amplification strategies	CHO cells, NDST-3_STA	Illumina MiSeq sequencing: GSM3910601: CHO cells, NDST-3_STA Cricetulus griseus RNA-Seq	cDNA
SRR9703434	PRJNA555245	SRX6461459	SAMN12308451	NO_FLAG					The midbody acts as a translationally active membraneless organelle	Interphase	Illumina HiSeq 2000 sequencing: GSM3950594: Interphase Cricetulus griseus RNA-Seq	cDNA
SRR9846912	PRJNA556890	SRX6601537	SAMN12375424	NO_FLAG					Chemical dissection of vtamin D activity	selective VDR activator	Illumina HiSeq 2500 sequencing: GSM3981699: selective VDR activator Cricetulus griseus RNA-Seq	cDNA
SRR10572660	PRJNA593052	SRX7254146	SAMN13451143	NO_FLAG					Transcriptomic analysis of reducing CHO cell culture temperature	Normal temperature replicate 1	NextSeq 500 sequencing: RNA-Seq of CHOK1 cell line	RANDOM
SRR10669487	PRJNA594947	SRX7347962	SAMN13541378	NO_FLAG					Change in translation efficiency by RNG140-GFP overexpression in CHO cells	rna.cont2	Illumina HiSeq 4000 sequencing: GSM4214037: rna.cont2 Cricetulus griseus RNA-Seq	cDNA
SRR10995631	PRJNA604220	SRX7656770	SAMN13957915	NO_FLAG					Multiplex secretome engineering enhances recombinant protein production and purity	WT-Rituximab-Day4_rep1	NextSeq 500 sequencing: GSM4292486: WT-Rituximab-Day4_rep1 Cricetulus griseus RNA-Seq	cDNA
SRR10995632	PRJNA604220	SRX7656770	SAMN13957915	NO_FLAG					Multiplex secretome engineering enhances recombinant protein production and purity	WT-Rituximab-Day4_rep1	NextSeq 500 sequencing: GSM4292486: WT-Rituximab-Day4_rep1 Cricetulus griseus RNA-Seq	cDNA
SRR10995633	PRJNA604220	SRX7656770	SAMN13957915	NO_FLAG					Multiplex secretome engineering enhances recombinant protein production and purity	WT-Rituximab-Day4_rep1	NextSeq 500 sequencing: GSM4292486: WT-Rituximab-Day4_rep1 Cricetulus griseus RNA-Seq	cDNA
SRR10995635	PRJNA604220	SRX7656771	SAMN13957914	NO_FLAG					Multiplex secretome engineering enhances recombinant protein production and purity	WT-Rituximab-Day6_rep1	NextSeq 500 sequencing: GSM4292487: WT-Rituximab-Day6_rep1 Cricetulus griseus RNA-Seq	cDNA
SRR10995637	PRJNA604220	SRX7656771	SAMN13957914	NO_FLAG					Multiplex secretome engineering enhances recombinant protein production and purity	WT-Rituximab-Day6_rep1	NextSeq 500 sequencing: GSM4292487: WT-Rituximab-Day6_rep1 Cricetulus griseus RNA-Seq	cDNA
SRR10995645	PRJNA604220	SRX7656773	SAMN13957912	NO_FLAG					Multiplex secretome engineering enhances recombinant protein production and purity	WT-Rituximab-Day4_rep2	NextSeq 500 sequencing: GSM4292489: WT-Rituximab-Day4_rep2 Cricetulus griseus RNA-Seq	cDNA
SRR10995646	PRJNA604220	SRX7656773	SAMN13957912	NO_FLAG					Multiplex secretome engineering enhances recombinant protein production and purity	WT-Rituximab-Day4_rep2	NextSeq 500 sequencing: GSM4292489: WT-Rituximab-Day4_rep2 Cricetulus griseus RNA-Seq	cDNA
SRR10995650	PRJNA604220	SRX7656774	SAMN13957911	NO_FLAG					Multiplex secretome engineering enhances recombinant protein production and purity	WT-Rituximab-Day6_rep2	NextSeq 500 sequencing: GSM4292490: WT-Rituximab-Day6_rep2 Cricetulus griseus RNA-Seq	cDNA
SRR10995651	PRJNA604220	SRX7656775	SAMN13957910	NO_FLAG					Multiplex secretome engineering enhances recombinant protein production and purity	WT-Rituximab-Day8_rep2	NextSeq 500 sequencing: GSM4292491: WT-Rituximab-Day8_rep2 Cricetulus griseus RNA-Seq	cDNA
SRR10995657	PRJNA604220	SRX7656776	SAMN13957909	NO_FLAG					Multiplex secretome engineering enhances recombinant protein production and purity	6X-Rituximab-Day4_rep1	NextSeq 500 sequencing: GSM4292492: 6X-Rituximab-Day4_rep1 Cricetulus griseus RNA-Seq	cDNA
SRR10995661	PRJNA604220	SRX7656777	SAMN13957908	NO_FLAG					Multiplex secretome engineering enhances recombinant protein production and purity	6X-Rituximab-Day6_rep1	NextSeq 500 sequencing: GSM4292493: 6X-Rituximab-Day6_rep1 Cricetulus griseus RNA-Seq	cDNA
SRR10995663	PRJNA604220	SRX7656778	SAMN13957907	NO_FLAG					Multiplex secretome engineering enhances recombinant protein production and purity	6X-Rituximab-Day8_rep1	NextSeq 500 sequencing: GSM4292494: 6X-Rituximab-Day8_rep1 Cricetulus griseus RNA-Seq	cDNA
SRR10995664	PRJNA604220	SRX7656778	SAMN13957907	NO_FLAG					Multiplex secretome engineering enhances recombinant protein production and purity	6X-Rituximab-Day8_rep1	NextSeq 500 sequencing: GSM4292494: 6X-Rituximab-Day8_rep1 Cricetulus griseus RNA-Seq	cDNA
SRR10995670	PRJNA604220	SRX7656779	SAMN13957906	NO_FLAG					Multiplex secretome engineering enhances recombinant protein production and purity	6X-Rituximab-Day4_rep2	NextSeq 500 sequencing: GSM4292495: 6X-Rituximab-Day4_rep2 Cricetulus griseus RNA-Seq	cDNA
SRR10995671	PRJNA604220	SRX7656780	SAMN13957905	NO_FLAG					Multiplex secretome engineering enhances recombinant protein production and purity	6X-Rituximab-Day6_rep2	NextSeq 500 sequencing: GSM4292496: 6X-Rituximab-Day6_rep2 Cricetulus griseus RNA-Seq	cDNA
SRR10995672	PRJNA604220	SRX7656780	SAMN13957905	NO_FLAG					Multiplex secretome engineering enhances recombinant protein production and purity	6X-Rituximab-Day6_rep2	NextSeq 500 sequencing: GSM4292496: 6X-Rituximab-Day6_rep2 Cricetulus griseus RNA-Seq	cDNA
SRR10995679	PRJNA604220	SRX7656782	SAMN13957903	NO_FLAG					Multiplex secretome engineering enhances recombinant protein production and purity	11X-Rituximab-Day4_rep1	NextSeq 500 sequencing: GSM4292498: 11X-Rituximab-Day4_rep1 Cricetulus griseus RNA-Seq	cDNA
SRR10995691	PRJNA604220	SRX7656785	SAMN13957900	NO_FLAG					Multiplex secretome engineering enhances recombinant protein production and purity	11X-Rituximab-Day4_rep2	NextSeq 500 sequencing: GSM4292501: 11X-Rituximab-Day4_rep2 Cricetulus griseus RNA-Seq	cDNA
SRR10995692	PRJNA604220	SRX7656785	SAMN13957900	NO_FLAG					Multiplex secretome engineering enhances recombinant protein production and purity	11X-Rituximab-Day4_rep2	NextSeq 500 sequencing: GSM4292501: 11X-Rituximab-Day4_rep2 Cricetulus griseus RNA-Seq	cDNA
SRR10995697	PRJNA604220	SRX7656786	SAMN13957899	NO_FLAG					Multiplex secretome engineering enhances recombinant protein production and purity	11X-Rituximab-Day6_rep2	NextSeq 500 sequencing: GSM4292502: 11X-Rituximab-Day6_rep2 Cricetulus griseus RNA-Seq	cDNA
SRR10995698	PRJNA604220	SRX7656786	SAMN13957899	NO_FLAG					Multiplex secretome engineering enhances recombinant protein production and purity	11X-Rituximab-Day6_rep2	NextSeq 500 sequencing: GSM4292502: 11X-Rituximab-Day6_rep2 Cricetulus griseus RNA-Seq	cDNA
SRR10995702	PRJNA604220	SRX7656787	SAMN13957898	NO_FLAG					Multiplex secretome engineering enhances recombinant protein production and purity	11X-Rituximab-Day8_rep2	NextSeq 500 sequencing: GSM4292503: 11X-Rituximab-Day8_rep2 Cricetulus griseus RNA-Seq	cDNA
SRR15559102	PRJNA742028	SRX11857249	SAMN20893082	NO_FLAG					Cricetulus griseus Transcriptome or Gene expression	MTIV Construct 48h on Val-free media rep 2	NextSeq 550 sequencing: RNAseq of FLP-in CHO-K1 cells: MTIV Construct 48h on Val-free media rep 2	Oligo-dT
SRR15559104	PRJNA742028	SRX11857247	SAMN20893080	NO_FLAG					Cricetulus griseus Transcriptome or Gene expression	MTIV Construct after 5 passages on Val-free media rep 2	NextSeq 550 sequencing: RNAseq of FLP-in CHO-K1 cells: MTIV Construct after 5 passages on Val-free media rep 2	Oligo-dT
SRR15559121	PRJNA742028	SRX11857230	SAMN20893073	NO_FLAG					Cricetulus griseus Transcriptome or Gene expression	MTIV Construct 0h on Val-free media rep 1	NextSeq 550 sequencing: RNAseq of FLP-in CHO-K1 cells: MTIV Construct 0h on Val-free media rep 1	Oligo-dT
SRR3161760	PRJNA311594	SRX1570963	SAMN04501030	NO_FLAG					CHO-S transcriptome in batch culture	72h-4	Illumina HiSeq 2500 sequencing: GSM2059629: 72h-4 Cricetulus griseus RNA-Seq	cDNA
SRR3161761	PRJNA311594	SRX1570964	SAMN04501031	NO_FLAG					CHO-S transcriptome in batch culture	84h-1	Illumina HiSeq 2500 sequencing: GSM2059630: 84h-1 Cricetulus griseus RNA-Seq	cDNA
SRR3161766	PRJNA311594	SRX1570969	SAMN04501036	NO_FLAG					CHO-S transcriptome in batch culture	96h-2	Illumina HiSeq 2500 sequencing: GSM2059635: 96h-2 Cricetulus griseus RNA-Seq	cDNA
SRR3161777	PRJNA311594	SRX1570980	SAMN04501047	NO_FLAG					CHO-S transcriptome in batch culture	132h-1	Illumina HiSeq 2500 sequencing: GSM2059646: 132h-1 Cricetulus griseus RNA-Seq	cDNA
SRR3161795	PRJNA311594	SRX1570998	SAMN04501065	NO_FLAG					CHO-S transcriptome in batch culture	180h-3	Illumina HiSeq 2500 sequencing: GSM2059664: 180h-3 Cricetulus griseus RNA-Seq	cDNA
SRR5409491	PRJNA378247	SRX2701776	SAMN06481668	NO_FLAG					Effects of glucose concentration on recombinant CHO cells	R	Illumina HiSeq 2500 sequencing: RNAseq of Ovary tissue from DP12 cell line: high glucose	size fractionation
SRR5812564	PRJNA393479	SRX2991083	SAMN07334547	NO_FLAG					High technical resolution transcriptomics analysis for CHO cells	HP biological replicate 1	Illumina HiSeq 2000 sequencing: GSM2696081: HP biological replicate 1 Cricetulus griseus RNA-Seq	cDNA
SRR5812567	PRJNA393479	SRX2991086	SAMN07334558	NO_FLAG					High technical resolution transcriptomics analysis for CHO cells	LP biological replicate 1	Illumina HiSeq 2000 sequencing: GSM2696084: LP biological replicate 1 Cricetulus griseus RNA-Seq	cDNA
SRR5812570	PRJNA393479	SRX2991089	SAMN07334555	NO_FLAG					High technical resolution transcriptomics analysis for CHO cells	Subclone HP biological replicate 1	Illumina HiSeq 2500 sequencing: GSM2696087: Subclone HP biological replicate 1 Cricetulus griseus RNA-Seq	cDNA
SRR5812574	PRJNA393479	SRX2991091	SAMN07334553	NO_FLAG					High technical resolution transcriptomics analysis for CHO cells	Subclone HP biological replicate 3	Illumina HiSeq 2500 sequencing: GSM2696089: Subclone HP biological replicate 3 Cricetulus griseus RNA-Seq	cDNA
SRR5812577	PRJNA393479	SRX2991092	SAMN07334552	NO_FLAG					High technical resolution transcriptomics analysis for CHO cells	Subclone LP biological replicate 1	Illumina HiSeq 2500 sequencing: GSM2696090: Subclone LP biological replicate 1 Cricetulus griseus RNA-Seq	cDNA
SRR5812580	PRJNA393479	SRX2991094	SAMN07334550	NO_FLAG					High technical resolution transcriptomics analysis for CHO cells	Subclone LP biological replicate 3	Illumina HiSeq 2500 sequencing: GSM2696092: Subclone LP biological replicate 3 Cricetulus griseus RNA-Seq	cDNA
DRR091436	PRJDB5737	DRX085008	SAMD00079370	NO_FLAG					Phenobarbital exposed CHO-K1 cells	2.5 mM phenobarbital exposed CHO-K1 cells	Illumina HiSeq 2000 sequencing: Illumina HiSeq 2000 sequencing of SAMD00079370	PolyA
DRR091438	PRJDB5737	DRX085008	SAMD00079370	NO_FLAG					Phenobarbital exposed CHO-K1 cells	2.5 mM phenobarbital exposed CHO-K1 cells	Illumina HiSeq 2000 sequencing: Illumina HiSeq 2000 sequencing of SAMD00079370	PolyA
DRR091439	PRJDB5737	DRX085009	SAMD00079371	NO_FLAG					Phenobarbital exposed CHO-K1 cells	0.25 mM to 0 mM phenobarbital exposed CHO-K1 cells	Illumina HiSeq 2000 sequencing: Illumina HiSeq 2000 sequencing of SAMD00079371	PolyA
DRR093874	PRJDB5831	DRX087370	SAMD00082622	NO_FLAG					CHO-DG44	CHO-DG44 lgG3SC20	Illumina HiSeq 2000 paired end sequencing: Illumina HiSeq 2000 paired end sequencing of SAMD00082622	PolyA
DRR099457	PRJDB6126	DRX092935	SAMD00089410	NO_FLAG					Transcriptome of cultured CHO-S cells	Chinese Hamster Ovary (CHO-S) cells, 3 days in culture, time lag from harvesting cells to protecting RNA: 30 min, technical replicate: 2	NextSeq 500 sequencing: NextSeq 500 sequencing of SAMD00089410	PolyA
DRR099466	PRJDB6126	DRX092944	SAMD00089419	NO_FLAG					Transcriptome of cultured CHO-S cells	Chinese Hamster Ovary (CHO-S) cells, 5 days in culture, time lag from harvesting cells to protecting RNA: 15 min, technical replicate: 2	NextSeq 500 sequencing: NextSeq 500 sequencing of SAMD00089419	PolyA
DRR099467	PRJDB6126	DRX092945	SAMD00089420	NO_FLAG					Transcriptome of cultured CHO-S cells	Chinese Hamster Ovary (CHO-S) cells, 5 days in culture, time lag from harvesting cells to protecting RNA: 15 min, technical replicate: 3	NextSeq 500 sequencing: NextSeq 500 sequencing of SAMD00089420	PolyA
DRR099472	PRJDB6126	DRX092950	SAMD00089425	NO_FLAG					Transcriptome of cultured CHO-S cells	Chinese Hamster Ovary (CHO-S) cells, 5 days in culture, time lag from harvesting cells to protecting RNA: 45 min, technical replicate: 2	NextSeq 500 sequencing: NextSeq 500 sequencing of SAMD00089425	PolyA
DRR099479	PRJDB6126	DRX092957	SAMD00089432	NO_FLAG					Transcriptome of cultured CHO-S cells	Chinese Hamster Ovary (CHO-S) cells, 6 days in culture, time lag from harvesting cells to protecting RNA: 15 min, technical replicate: 3	NextSeq 500 sequencing: NextSeq 500 sequencing of SAMD00089432	PolyA
DRR099487	PRJDB6126	DRX092965	SAMD00089440	NO_FLAG					Transcriptome of cultured CHO-S cells	Chinese Hamster Ovary (CHO-S) cells, 6 days in culture, time lag from harvesting cells to protecting RNA: 60 min, technical replicate: 2	NextSeq 500 sequencing: NextSeq 500 sequencing of SAMD00089440	PolyA
DRR099488	PRJDB6126	DRX092966	SAMD00089441	NO_FLAG					Transcriptome of cultured CHO-S cells	Chinese Hamster Ovary (CHO-S) cells, 6 days in culture, time lag from harvesting cells to protecting RNA: 60 min, technical replicate: 3	NextSeq 500 sequencing: NextSeq 500 sequencing of SAMD00089441	PolyA
DRR099490	PRJDB6126	DRX092968	SAMD00089443	NO_FLAG					Transcriptome of cultured CHO-S cells	Chinese Hamster Ovary (CHO-S) cells, 7 days in culture, time lag from harvesting cells to protecting RNA: 15 min, technical replicate: 2	NextSeq 500 sequencing: NextSeq 500 sequencing of SAMD00089443	PolyA
DRR099496	PRJDB6126	DRX092974	SAMD00089449	NO_FLAG					Transcriptome of cultured CHO-S cells	Chinese Hamster Ovary (CHO-S) cells, 7 days in culture, time lag from harvesting cells to protecting RNA: 45 min, technical replicate: 2	NextSeq 500 sequencing: NextSeq 500 sequencing of SAMD00089449	PolyA
DRR099497	PRJDB6126	DRX092975	SAMD00089450	NO_FLAG					Transcriptome of cultured CHO-S cells	Chinese Hamster Ovary (CHO-S) cells, 7 days in culture, time lag from harvesting cells to protecting RNA: 45 min, technical replicate: 3	NextSeq 500 sequencing: NextSeq 500 sequencing of SAMD00089450	PolyA
DRR169270	PRJDB7945	DRX159884	SAMD00159353	NO_FLAG					Cell culture with semiconductor devices materials	Control_biological_replicate_2	NextSeq 500 sequencing: NextSeq 500 sequencing of SAMD00159353	cDNA
DRR169274	PRJDB7945	DRX159888	SAMD00159357	NO_FLAG					Cell culture with semiconductor devices materials	Alminium_biological_replicate_1	NextSeq 500 sequencing: NextSeq 500 sequencing of SAMD00159357	cDNA
DRR169276	PRJDB7945	DRX159890	SAMD00159359	NO_FLAG					Cell culture with semiconductor devices materials	Alminium_biological_replicate_3	NextSeq 500 sequencing: NextSeq 500 sequencing of SAMD00159359	cDNA
DRR169277	PRJDB7945	DRX159891	SAMD00159360	NO_FLAG					Cell culture with semiconductor devices materials	Alminium_biological_replicate_4	NextSeq 500 sequencing: NextSeq 500 sequencing of SAMD00159360	cDNA
DRR169282	PRJDB7945	DRX159896	SAMD00159365	NO_FLAG					Cell culture with semiconductor devices materials	Platinum_biological_replicate_4	NextSeq 500 sequencing: NextSeq 500 sequencing of SAMD00159365	cDNA
DRR169283	PRJDB7945	DRX159897	SAMD00159366	NO_FLAG					Cell culture with semiconductor devices materials	Platinum_biological_replicate_5	NextSeq 500 sequencing: NextSeq 500 sequencing of SAMD00159366	cDNA
DRR169287	PRJDB7945	DRX159901	SAMD00159370	NO_FLAG					Cell culture with semiconductor devices materials	Silicon_nitride_biological_replicate_4	NextSeq 500 sequencing: NextSeq 500 sequencing of SAMD00159370	cDNA
DRR169288	PRJDB7945	DRX159902	SAMD00159371	NO_FLAG					Cell culture with semiconductor devices materials	Silicon_nitride_biological_replicate_5	NextSeq 500 sequencing: NextSeq 500 sequencing of SAMD00159371	cDNA
DRR169290	PRJDB7945	DRX159904	SAMD00159373	NO_FLAG					Cell culture with semiconductor devices materials	Silicon_dioxide_biological_replicate_2	NextSeq 500 sequencing: NextSeq 500 sequencing of SAMD00159373	cDNA
DRR169291	PRJDB7945	DRX159905	SAMD00159374	NO_FLAG					Cell culture with semiconductor devices materials	Silicon_dioxide_biological_replicate_3	NextSeq 500 sequencing: NextSeq 500 sequencing of SAMD00159374	cDNA
DRR169294	PRJDB7945	DRX159908	SAMD00159377	NO_FLAG					Cell culture with semiconductor devices materials	Tantalum_nitride_biological_replicate_1	NextSeq 500 sequencing: NextSeq 500 sequencing of SAMD00159377	cDNA
DRR169301	PRJDB7945	DRX159915	SAMD00159384	NO_FLAG					Cell culture with semiconductor devices materials	Titanium_nitride_biological_replicate_3	NextSeq 500 sequencing: NextSeq 500 sequencing of SAMD00159384	cDNA
DRR524605	PRJDB17021	DRX508487	SAMD00731273	NO_FLAG					RNA Sequencing of Chinese Hamster Cell lines	Total RNA of CHO-K1 cells	Illumina NovaSeq 6000 paired end sequencing: Illumina NovaSeq 6000 paired end sequencing of SAMD00731273	Oligo-dT
DRR524609	PRJDB17021	DRX508491	SAMD00731277	NO_FLAG					RNA Sequencing of Chinese Hamster Cell lines	Total RNA of CHO-K1 cells without PBS washing	Illumina NovaSeq 6000 paired end sequencing: Illumina NovaSeq 6000 paired end sequencing of SAMD00731277	Oligo-dT
DRR524612	PRJDB17021	DRX508494	SAMD00731280	NO_FLAG					RNA Sequencing of Chinese Hamster Cell lines	Total RNA of CHO-S cells, spike-in control	Illumina NovaSeq 6000 paired end sequencing: Illumina NovaSeq 6000 paired end sequencing of SAMD00731280	Oligo-dT
DRR524629	PRJDB17021	DRX508511	SAMD00731297	NO_FLAG					RNA Sequencing of Chinese Hamster Cell lines	Total RNA of CHO-K1 cells, 5x10000	Illumina NovaSeq 6000 paired end sequencing: Illumina NovaSeq 6000 paired end sequencing of SAMD00731297	Oligo-dT
DRR706790	PRJDB35724	DRX686814	SAMD01599761	NO_FLAG					Comparative transcriptomic profiling of CHO and fast-growing CHL-YN cells	CHO-3, Batch culture, exponential growth phase	Illumina NovaSeq X paired end sequencing: Illumina NovaSeq X paired end sequencing of SAMD01599761	PolyA
ERR10745713	PRJEB55916	ERX10195013	SAMEA111345351	REVIEW_STUDY_CONTEXT_ONLY			metabolic_labeling		SLAM-seq Reveals Early Transcriptomic Response Mechanisms upon Glutamine Deprivation in Chinese Hamster Ovary Cells	132344_3	Illumina NovaSeq 6000 sequencing	Inverse rRNA selection
ERR10745715	PRJEB55916	ERX10195015	SAMEA111345353	REVIEW_STUDY_CONTEXT_ONLY			metabolic_labeling		SLAM-seq Reveals Early Transcriptomic Response Mechanisms upon Glutamine Deprivation in Chinese Hamster Ovary Cells	132345_1	Illumina NovaSeq 6000 sequencing	Inverse rRNA selection
ERR10745716	PRJEB55916	ERX10195016	SAMEA111345354	REVIEW_STUDY_CONTEXT_ONLY			metabolic_labeling		SLAM-seq Reveals Early Transcriptomic Response Mechanisms upon Glutamine Deprivation in Chinese Hamster Ovary Cells	132345_2	Illumina NovaSeq 6000 sequencing	Inverse rRNA selection
ERR10745719	PRJEB55916	ERX10195019	SAMEA111345357	REVIEW_STUDY_CONTEXT_ONLY			metabolic_labeling		SLAM-seq Reveals Early Transcriptomic Response Mechanisms upon Glutamine Deprivation in Chinese Hamster Ovary Cells	132346_1	Illumina NovaSeq 6000 sequencing	Inverse rRNA selection
ERR10745734	PRJEB55916	ERX10195034	SAMEA111345372	REVIEW_STUDY_CONTEXT_ONLY			metabolic_labeling		SLAM-seq Reveals Early Transcriptomic Response Mechanisms upon Glutamine Deprivation in Chinese Hamster Ovary Cells	132350_1	Illumina NovaSeq 6000 sequencing	Inverse rRNA selection
ERR10745737	PRJEB55916	ERX10195037	SAMEA111345375	REVIEW_STUDY_CONTEXT_ONLY			metabolic_labeling		SLAM-seq Reveals Early Transcriptomic Response Mechanisms upon Glutamine Deprivation in Chinese Hamster Ovary Cells	132350_4	Illumina NovaSeq 6000 sequencing	Inverse rRNA selection
ERR10745745	PRJEB55916	ERX10195045	SAMEA111345383	REVIEW_STUDY_CONTEXT_ONLY			metabolic_labeling		SLAM-seq Reveals Early Transcriptomic Response Mechanisms upon Glutamine Deprivation in Chinese Hamster Ovary Cells	132352_4	Illumina NovaSeq 6000 sequencing	Inverse rRNA selection
ERR10745747	PRJEB55916	ERX10195047	SAMEA111345385	REVIEW_STUDY_CONTEXT_ONLY			metabolic_labeling		SLAM-seq Reveals Early Transcriptomic Response Mechanisms upon Glutamine Deprivation in Chinese Hamster Ovary Cells	132353_2	Illumina NovaSeq 6000 sequencing	Inverse rRNA selection
ERR10745749	PRJEB55916	ERX10195049	SAMEA111345387	REVIEW_STUDY_CONTEXT_ONLY			metabolic_labeling		SLAM-seq Reveals Early Transcriptomic Response Mechanisms upon Glutamine Deprivation in Chinese Hamster Ovary Cells	132353_4	Illumina NovaSeq 6000 sequencing	Inverse rRNA selection
ERR10745751	PRJEB55916	ERX10195051	SAMEA111345389	REVIEW_STUDY_CONTEXT_ONLY			metabolic_labeling		SLAM-seq Reveals Early Transcriptomic Response Mechanisms upon Glutamine Deprivation in Chinese Hamster Ovary Cells	132354_2	Illumina NovaSeq 6000 sequencing	Inverse rRNA selection
ERR10745752	PRJEB55916	ERX10195052	SAMEA111345390	REVIEW_STUDY_CONTEXT_ONLY			metabolic_labeling		SLAM-seq Reveals Early Transcriptomic Response Mechanisms upon Glutamine Deprivation in Chinese Hamster Ovary Cells	132354_3	Illumina NovaSeq 6000 sequencing	Inverse rRNA selection
ERR10745753	PRJEB55916	ERX10195053	SAMEA111345391	REVIEW_STUDY_CONTEXT_ONLY			metabolic_labeling		SLAM-seq Reveals Early Transcriptomic Response Mechanisms upon Glutamine Deprivation in Chinese Hamster Ovary Cells	132354_4	Illumina NovaSeq 6000 sequencing	Inverse rRNA selection
ERR15000455	PRJEB89701	ERX14404620	SAMEA118334020	NO_FLAG					Transcriptomic analysis of H1299, HEK293T and CHO-K1 treated with Filgotinib	Sample 11	Illumina NovaSeq 6000 sequencing: Transcriptomic analysis of H1299, HEK293T and CHO-K1 treated with Filgotinib	RANDOM
ERR15000497	PRJEB89701	ERX14404662	SAMEA118334062	NO_FLAG					Transcriptomic analysis of H1299, HEK293T and CHO-K1 treated with Filgotinib	Sample 5	Illumina NovaSeq 6000 sequencing: Transcriptomic analysis of H1299, HEK293T and CHO-K1 treated with Filgotinib	RANDOM
ERR16729274	PRJEB108721	ERX16120883	SAMEA121759863	NO_FLAG					Time series multi-omics data generation and analysis in a CHO fed-batch culture	B12_D4	Illumina NovaSeq 6000 sequencing	RANDOM PCR
ERR16729276	PRJEB108721	ERX16120885	SAMEA121759865	NO_FLAG					Time series multi-omics data generation and analysis in a CHO fed-batch culture	B12_D6	Illumina NovaSeq 6000 sequencing	RANDOM PCR
ERR16729278	PRJEB108721	ERX16120887	SAMEA121759867	NO_FLAG					Time series multi-omics data generation and analysis in a CHO fed-batch culture	B12_D8	Illumina NovaSeq 6000 sequencing	RANDOM PCR
ERR16729283	PRJEB108721	ERX16120892	SAMEA121759872	NO_FLAG					Time series multi-omics data generation and analysis in a CHO fed-batch culture	B13_D5	Illumina NovaSeq 6000 sequencing	RANDOM PCR
ERR16729284	PRJEB108721	ERX16120893	SAMEA121759873	NO_FLAG					Time series multi-omics data generation and analysis in a CHO fed-batch culture	B13_D6	Illumina NovaSeq 6000 sequencing	RANDOM PCR
ERR16729285	PRJEB108721	ERX16120894	SAMEA121759874	NO_FLAG					Time series multi-omics data generation and analysis in a CHO fed-batch culture	B13_D7	Illumina NovaSeq 6000 sequencing	RANDOM PCR
ERR16729287	PRJEB108721	ERX16120896	SAMEA121759876	NO_FLAG					Time series multi-omics data generation and analysis in a CHO fed-batch culture	B13_D11	Illumina NovaSeq 6000 sequencing	RANDOM PCR
ERR16729289	PRJEB108721	ERX16120898	SAMEA121759878	NO_FLAG					Time series multi-omics data generation and analysis in a CHO fed-batch culture	B13_D14	Illumina NovaSeq 6000 sequencing	RANDOM PCR
ERR16729291	PRJEB108721	ERX16120900	SAMEA121759880	NO_FLAG					Time series multi-omics data generation and analysis in a CHO fed-batch culture	B14_D5	Illumina NovaSeq 6000 sequencing	RANDOM PCR
ERR2593201	PRJEB9291	ERX2609477	SAMEA4681449	NO_FLAG					Dynamic changes in expression levels and histone modifications were analyzed in a CHO-K1 batch culture by capturing expression profiles every 24 hours and histone modifications every 12 hours for understanding the contribution of epigenetic regulation on culture behavior of CHO cells.	Expression profile of CHO-K1_8mM_Gln	Illumina HiSeq 2000 paired end sequencing	unspecified
ERR2593202	PRJEB9291	ERX2609478	SAMEA4681450	NO_FLAG					Dynamic changes in expression levels and histone modifications were analyzed in a CHO-K1 batch culture by capturing expression profiles every 24 hours and histone modifications every 12 hours for understanding the contribution of epigenetic regulation on culture behavior of CHO cells.	Expression profile of CHO-K1_8mM_Gln	Illumina HiSeq 2000 paired end sequencing	unspecified
ERR3001878	PRJEB30364	ERX3004242	SAMEA5176887	NO_FLAG					Transcriptional profiling of Chinese hamster ovary (CHO) cells exposed to 2,3,7,8-tetrachlorodibenzo-p-dioxin (TCDD)	Hamster ovarian cells exposed to TCDD for 3h (1n)	Illumina HiSeq 2500 paired end sequencing	cDNA
ERR3001893	PRJEB30364	ERX3004257	SAMEA5176902	NO_FLAG					Transcriptional profiling of Chinese hamster ovary (CHO) cells exposed to 2,3,7,8-tetrachlorodibenzo-p-dioxin (TCDD)	Control hamster ovarian cells incubated for 24h (3n)	Illumina HiSeq 2500 paired end sequencing	cDNA
ERR3374024	PRJEB33024	ERX3398176	SAMEA5713993	NO_FLAG					Cold inducible genes and promoters in Chinese Hamster Ovary cells were identified by analyzing transcriptome data of cultivation before and after temperature shift from 37 to 33Â°C	Expression profile of CHO-K1 at 33Â°C	Illumina HiSeq 2500 sequencing	Oligo-dT
ERR3668309	PRJEB35183	ERX3659841	SAMEA6235204	NO_FLAG					Endogenous retroviral elements of CHO cells	AOKS-37: K3 / Chinese Hamster Ovary Cell supernatant RNA	NextSeq 500 paired end sequencing	cDNA
ERR3668311	PRJEB35183	ERX3659843	SAMEA6235206	NO_FLAG					Endogenous retroviral elements of CHO cells	AOKS-39: B3 / Chinese Hamster Ovary Cell supernatant RNA	NextSeq 500 paired end sequencing	cDNA
ERR4184077	PRJEB38542	ERX4147368	SAMEA6870278	NO_FLAG					Investigation of Trancriptome and methylome changes in Chinese Hamster Ovary cells after single cell cloning	Transcriptome of subclone 1-C7 Replicate 2	Illumina NovaSeq 6000 sequencing	size fractionation
ERR4184078	PRJEB38542	ERX4147369	SAMEA6870279	NO_FLAG					Investigation of Trancriptome and methylome changes in Chinese Hamster Ovary cells after single cell cloning	Transcriptome of subclone 1-E2 Replicate 1	Illumina NovaSeq 6000 sequencing	size fractionation
ERR4184080	PRJEB38542	ERX4147371	SAMEA6870281	NO_FLAG					Investigation of Trancriptome and methylome changes in Chinese Hamster Ovary cells after single cell cloning	Transcriptome of subclone 1-E7 Replicate 1	Illumina NovaSeq 6000 sequencing	size fractionation
ERR4184081	PRJEB38542	ERX4147372	SAMEA6870282	NO_FLAG					Investigation of Trancriptome and methylome changes in Chinese Hamster Ovary cells after single cell cloning	Transcriptome of subclone 1-E7 Replicate 2	Illumina NovaSeq 6000 sequencing	size fractionation
ERR4319917	PRJEB39258	ERX4268284	SAMEA7040967	NO_FLAG					Predicting favorable landing pads for targeted integrations in Chinese hamster ovary cell lines by learning stability characteristics from random transgene integrations	Horizon CHO-K1	Illumina HiSeq 4000 paired end sequencing	unspecified
ERR4319920	PRJEB39258	ERX4268287	SAMEA7040966	NO_FLAG					Predicting favorable landing pads for targeted integrations in Chinese hamster ovary cell lines by learning stability characteristics from random transgene integrations	Horizon CHO-K1	Illumina HiSeq 4000 paired end sequencing	unspecified
ERR7417863	PRJEB48931	ERX6987504	SAMEA11293139	NO_FLAG					"RNAseq of two recombinant CHO cell lines differing only in the factor âproduced monoclonal antibody\"""	Sample 1	"Illumina HiSeq 4000 sequencing: RNAseq of two recombinant CHO cell lines differing only in the factor âproduced monoclonal antibody\"""	PolyA
ERR7417867	PRJEB48931	ERX6987508	SAMEA11293143	NO_FLAG					"RNAseq of two recombinant CHO cell lines differing only in the factor âproduced monoclonal antibody\"""	Sample 5	"Illumina HiSeq 4000 sequencing: RNAseq of two recombinant CHO cell lines differing only in the factor âproduced monoclonal antibody\"""	PolyA
ERR7417869	PRJEB48931	ERX6987510	SAMEA11293145	NO_FLAG					"RNAseq of two recombinant CHO cell lines differing only in the factor âproduced monoclonal antibody\"""	Sample 7	"Illumina HiSeq 4000 sequencing: RNAseq of two recombinant CHO cell lines differing only in the factor âproduced monoclonal antibody\"""	PolyA
SRR10215648	PRJNA575354	SRX6935328	SAMN12886800	EXCLUDE_SPECIALIZED	metabolic_labeling	sample_title:metabolic_labeling;experiment_title:metabolic_labeling			Codon and amino acid content regulate mRNA stability in mammalian cells	CHO_0_hr_metabolic_labeling	Illumina HiSeq 2500 sequencing: GSM4104557: CHO_0_hr_metabolic_labeling Cricetulus griseus RNA-Seq	cDNA
SRR10215650	PRJNA575354	SRX6935330	SAMN12886798	EXCLUDE_SPECIALIZED	metabolic_labeling	sample_title:metabolic_labeling;experiment_title:metabolic_labeling			Codon and amino acid content regulate mRNA stability in mammalian cells	CHO_1_hr_metabolic_labeling	Illumina HiSeq 2500 sequencing: GSM4104559: CHO_1_hr_metabolic_labeling Cricetulus griseus RNA-Seq	cDNA
SRR10215652	PRJNA575354	SRX6935332	SAMN12886796	EXCLUDE_SPECIALIZED	metabolic_labeling	sample_title:metabolic_labeling;experiment_title:metabolic_labeling			Codon and amino acid content regulate mRNA stability in mammalian cells	CHO_3_hr_metabolic_labeling	Illumina HiSeq 2500 sequencing: GSM4104561: CHO_3_hr_metabolic_labeling Cricetulus griseus RNA-Seq	cDNA
SRR10215653	PRJNA575354	SRX6935333	SAMN12886795	EXCLUDE_SPECIALIZED	metabolic_labeling	sample_title:metabolic_labeling;experiment_title:metabolic_labeling			Codon and amino acid content regulate mRNA stability in mammalian cells	CHO_4_hr_metabolic_labeling	Illumina HiSeq 2500 sequencing: GSM4104562: CHO_4_hr_metabolic_labeling Cricetulus griseus RNA-Seq	cDNA
SRR10493804	PRJNA590486	SRX7182892	SAMN13327513	NO_FLAG					Defining lncRNAs Associated with CHO Cell Growth and IgG Productivity by RNA-Seq I	3478 Day 4 Rep1	Illumina HiSeq 4000 sequencing: GSM4176476: 3478 Day 4 Rep1 Cricetulus griseus RNA-Seq	cDNA
SRR10493805	PRJNA590486	SRX7182893	SAMN13327508	NO_FLAG					Defining lncRNAs Associated with CHO Cell Growth and IgG Productivity by RNA-Seq I	3478 Day 4 Rep2	Illumina HiSeq 4000 sequencing: GSM4176477: 3478 Day 4 Rep2 Cricetulus griseus RNA-Seq	cDNA
SRR10493809	PRJNA590486	SRX7182897	SAMN13327512	NO_FLAG					Defining lncRNAs Associated with CHO Cell Growth and IgG Productivity by RNA-Seq I	3077 Day 4 Rep2	Illumina HiSeq 4000 sequencing: GSM4176481: 3077 Day 4 Rep2 Cricetulus griseus RNA-Seq	cDNA
SRR10493811	PRJNA590486	SRX7182899	SAMN13327509	NO_FLAG					Defining lncRNAs Associated with CHO Cell Growth and IgG Productivity by RNA-Seq I	3080 Day 4 Rep2	Illumina HiSeq 4000 sequencing: GSM4176483: 3080 Day 4 Rep2 Cricetulus griseus RNA-Seq	cDNA
SRR10493814	PRJNA590486	SRX7182902	SAMN13327498	NO_FLAG					Defining lncRNAs Associated with CHO Cell Growth and IgG Productivity by RNA-Seq I	3068 Day 7 Rep1	Illumina HiSeq 4000 sequencing: GSM4176486: 3068 Day 7 Rep1 Cricetulus griseus RNA-Seq	cDNA
SRR10493816	PRJNA590486	SRX7182904	SAMN13327545	NO_FLAG					Defining lncRNAs Associated with CHO Cell Growth and IgG Productivity by RNA-Seq I	3077 Day 7 Rep1	Illumina HiSeq 4000 sequencing: GSM4176488: 3077 Day 7 Rep1 Cricetulus griseus RNA-Seq	cDNA
SRR10493857	PRJNA590485	SRX7182945	SAMN13327588	NO_FLAG					Defining lncRNAs Associated with CHO Cell Growth and IgG Productivity by RNA-Seq II	3080 Day 4 rep3 (dataset 2)	Illumina HiSeq 4000 sequencing: GSM4177586: 3080 Day 4 rep3 (dataset 2) Cricetulus griseus RNA-Seq	cDNA
SRR10493859	PRJNA590485	SRX7182947	SAMN13327586	NO_FLAG					Defining lncRNAs Associated with CHO Cell Growth and IgG Productivity by RNA-Seq II	3080 Day 7 rep2 (dataset 2)	Illumina HiSeq 4000 sequencing: GSM4177589: 3080 Day 7 rep2 (dataset 2) Cricetulus griseus RNA-Seq	cDNA
SRR10493862	PRJNA590485	SRX7182950	SAMN13327583	NO_FLAG					Defining lncRNAs Associated with CHO Cell Growth and IgG Productivity by RNA-Seq II	3080 Seed train rep2 (dataset 2)	Illumina HiSeq 4000 sequencing: GSM4177594: 3080 Seed train rep2 (dataset 2) Cricetulus griseus RNA-Seq	cDNA
SRR10493863	PRJNA590485	SRX7182951	SAMN13327582	NO_FLAG					Defining lncRNAs Associated with CHO Cell Growth and IgG Productivity by RNA-Seq II	3080 Seed train rep3 (dataset 2)	Illumina HiSeq 4000 sequencing: GSM4177595: 3080 Seed train rep3 (dataset 2) Cricetulus griseus RNA-Seq	cDNA
SRR10493869	PRJNA590485	SRX7182957	SAMN13327572	NO_FLAG					Defining lncRNAs Associated with CHO Cell Growth and IgG Productivity by RNA-Seq II	3936 Day 7 rep3 (dataset 2)	Illumina HiSeq 4000 sequencing: GSM4177604: 3936 Day 7 rep3 (dataset 2) Cricetulus griseus RNA-Seq	cDNA
SRR10493870	PRJNA590485	SRX7182958	SAMN13327571	NO_FLAG					Defining lncRNAs Associated with CHO Cell Growth and IgG Productivity by RNA-Seq II	3936 Seed train rep1 (dataset 2)	Illumina HiSeq 4000 sequencing: GSM4177606: 3936 Seed train rep1 (dataset 2) Cricetulus griseus RNA-Seq	cDNA
SRR10493875	PRJNA590485	SRX7182963	SAMN13327561	NO_FLAG					Defining lncRNAs Associated with CHO Cell Growth and IgG Productivity by RNA-Seq II	4384 Day 4 rep3 (dataset 2)	Illumina HiSeq 4000 sequencing: GSM4177614: 4384 Day 4 rep3 (dataset 2) Cricetulus griseus RNA-Seq	cDNA
SRR10995639	PRJNA604220	SRX7656772	SAMN13957913	NO_FLAG					Multiplex secretome engineering enhances recombinant protein production and purity	WT-Rituximab-Day8_rep1	NextSeq 500 sequencing: GSM4292488: WT-Rituximab-Day8_rep1 Cricetulus griseus RNA-Seq	cDNA
SRR10995640	PRJNA604220	SRX7656772	SAMN13957913	NO_FLAG					Multiplex secretome engineering enhances recombinant protein production and purity	WT-Rituximab-Day8_rep1	NextSeq 500 sequencing: GSM4292488: WT-Rituximab-Day8_rep1 Cricetulus griseus RNA-Seq	cDNA
SRR10995642	PRJNA604220	SRX7656772	SAMN13957913	NO_FLAG					Multiplex secretome engineering enhances recombinant protein production and purity	WT-Rituximab-Day8_rep1	NextSeq 500 sequencing: GSM4292488: WT-Rituximab-Day8_rep1 Cricetulus griseus RNA-Seq	cDNA
SRR10995647	PRJNA604220	SRX7656774	SAMN13957911	NO_FLAG					Multiplex secretome engineering enhances recombinant protein production and purity	WT-Rituximab-Day6_rep2	NextSeq 500 sequencing: GSM4292490: WT-Rituximab-Day6_rep2 Cricetulus griseus RNA-Seq	cDNA
SRR10995666	PRJNA604220	SRX7656778	SAMN13957907	NO_FLAG					Multiplex secretome engineering enhances recombinant protein production and purity	6X-Rituximab-Day8_rep1	NextSeq 500 sequencing: GSM4292494: 6X-Rituximab-Day8_rep1 Cricetulus griseus RNA-Seq	cDNA
SRR10995667	PRJNA604220	SRX7656779	SAMN13957906	NO_FLAG					Multiplex secretome engineering enhances recombinant protein production and purity	6X-Rituximab-Day4_rep2	NextSeq 500 sequencing: GSM4292495: 6X-Rituximab-Day4_rep2 Cricetulus griseus RNA-Seq	cDNA
SRR10995676	PRJNA604220	SRX7656781	SAMN13957904	NO_FLAG					Multiplex secretome engineering enhances recombinant protein production and purity	6X-Rituximab-Day8_rep2	NextSeq 500 sequencing: GSM4292497: 6X-Rituximab-Day8_rep2 Cricetulus griseus RNA-Seq	cDNA
SRR10995684	PRJNA604220	SRX7656783	SAMN13957902	NO_FLAG					Multiplex secretome engineering enhances recombinant protein production and purity	11X-Rituximab-Day6_rep1	NextSeq 500 sequencing: GSM4292499: 11X-Rituximab-Day6_rep1 Cricetulus griseus RNA-Seq	cDNA
SRR10995687	PRJNA604220	SRX7656784	SAMN13957901	NO_FLAG					Multiplex secretome engineering enhances recombinant protein production and purity	11X-Rituximab-Day8_rep1	NextSeq 500 sequencing: GSM4292500: 11X-Rituximab-Day8_rep1 Cricetulus griseus RNA-Seq	cDNA
SRR10995688	PRJNA604220	SRX7656784	SAMN13957901	NO_FLAG					Multiplex secretome engineering enhances recombinant protein production and purity	11X-Rituximab-Day8_rep1	NextSeq 500 sequencing: GSM4292500: 11X-Rituximab-Day8_rep1 Cricetulus griseus RNA-Seq	cDNA
SRR10995689	PRJNA604220	SRX7656784	SAMN13957901	NO_FLAG					Multiplex secretome engineering enhances recombinant protein production and purity	11X-Rituximab-Day8_rep1	NextSeq 500 sequencing: GSM4292500: 11X-Rituximab-Day8_rep1 Cricetulus griseus RNA-Seq	cDNA
SRR10995695	PRJNA604220	SRX7656786	SAMN13957899	NO_FLAG					Multiplex secretome engineering enhances recombinant protein production and purity	11X-Rituximab-Day6_rep2	NextSeq 500 sequencing: GSM4292502: 11X-Rituximab-Day6_rep2 Cricetulus griseus RNA-Seq	cDNA
SRR10995699	PRJNA604220	SRX7656787	SAMN13957898	NO_FLAG					Multiplex secretome engineering enhances recombinant protein production and purity	11X-Rituximab-Day8_rep2	NextSeq 500 sequencing: GSM4292503: 11X-Rituximab-Day8_rep2 Cricetulus griseus RNA-Seq	cDNA
SRR11184914	PRJNA599947	SRX7805404	SAMN13762557	NO_FLAG					Effects of ammonia stress on recombinant CHO-K1 cells expressing the anti-HIV antibody VRC01 (IgG1)	Model organism or animal sample from Cricetulus griseus	Illumina NovaSeq 6000 sequencing: RNA-Seq of Cricetulus griseus: control group (0mM NH3 addition), day 3	Oligo-dT
SRR11184917	PRJNA599947	SRX7805405	SAMN13762558	NO_FLAG					Effects of ammonia stress on recombinant CHO-K1 cells expressing the anti-HIV antibody VRC01 (IgG1)	Model organism or animal sample from Cricetulus griseus	Illumina NovaSeq 6000 sequencing: RNA-Seq of Cricetulus griseus: control group (0mM NH3 addition), day 3	Oligo-dT
SRR11184920	PRJNA599947	SRX7805399	SAMN13762556	NO_FLAG					Effects of ammonia stress on recombinant CHO-K1 cells expressing the anti-HIV antibody VRC01 (IgG1)	Model organism or animal sample from Cricetulus griseus	Illumina NovaSeq 6000 sequencing: RNA-Seq of Cricetulus griseus: control group (0mM NH3 addition), day 0	Oligo-dT
SRR11350305	PRJNA613438	SRX7952184	SAMN14404309	NO_FLAG					Transcriptome of temporal growth in CHO-S cells in batch culture	T96_1	Illumina HiSeq 2500 sequencing: T96_1	DNase
SRR11350312	PRJNA613438	SRX7952177	SAMN14404317	NO_FLAG					Transcriptome of temporal growth in CHO-S cells in batch culture	T120_1	Illumina HiSeq 2500 sequencing: T120_1	DNase
SRR11350319	PRJNA613438	SRX7952170	SAMN14404302	NO_FLAG					Transcriptome of temporal growth in CHO-S cells in batch culture	T72_1	Illumina HiSeq 2500 sequencing: T72_1	DNase
SRR11721630	PRJNA630824	SRX8280954	SAMN14845995	NO_FLAG					Abhd11 knockout in CHO cells	Model organism or animal sample from Cricetulus griseus	NextSeq 500 sequencing: RNA Seq of CHO cell in exponential growth in media with glutamine, Abhd11 KO strain A, replicate 1	PolyA
SRR11721640	PRJNA630824	SRX8280944	SAMN14846022	NO_FLAG					Abhd11 knockout in CHO cells	Model organism or animal sample from Cricetulus griseus	NextSeq 500 sequencing: RNA Seq of CHO cell in exponential growth in media without glutamine, Control strain B, replicate 1	PolyA
SRR11721641	PRJNA630824	SRX8280943	SAMN14846021	NO_FLAG					Abhd11 knockout in CHO cells	Model organism or animal sample from Cricetulus griseus	NextSeq 500 sequencing: RNA Seq of CHO cell in exponential growth in media without glutamine, Control strain A, replicate 3	PolyA
SRR11721654	PRJNA630824	SRX8280930	SAMN14846009	NO_FLAG					Abhd11 knockout in CHO cells	Model organism or animal sample from Cricetulus griseus	NextSeq 500 sequencing: RNA Seq of CHO cell in exponential growth in media with glutamine, Control strain B, replicate 3	PolyA
SRR12587965	PRJNA661407	SRX9074578	SAMN16057385	RETAIN_BULK_EVIDENCE			single_cell_rna	experiment_title	Single cell RNASeq of the CHO K1 DP12 cell line	Model organism or animal sample from Cricetulus griseus	Illumina HiSeq 4000 sequencing: Bulk RNASeq of the CHO K1 DP12 cell line: Replicate 3	PolyA
SRR12587967	PRJNA661407	SRX9074576	SAMN16057385	RETAIN_BULK_EVIDENCE			single_cell_rna	experiment_title	Single cell RNASeq of the CHO K1 DP12 cell line	Model organism or animal sample from Cricetulus griseus	Illumina HiSeq 4000 sequencing: Bulk RNASeq of the CHO K1 DP12 cell line: Replicate 1	PolyA
SRR12618086	PRJNA662582	SRX9101119	SAMN16089551	NO_FLAG					Secretory pathway differences between HEK293 and CHO enable rescue of difficult to express human proteins	CHO_ARTN	Illumina MiSeq sequencing: GSM4774042: CHO_ARTN Cricetulus griseus RNA-Seq	cDNA
SRR12618088	PRJNA662582	SRX9101120	SAMN16089550	NO_FLAG					Secretory pathway differences between HEK293 and CHO enable rescue of difficult to express human proteins	CHO_ASGR1	Illumina MiSeq sequencing: GSM4774043: CHO_ASGR1 Cricetulus griseus RNA-Seq	cDNA
SRR12618095	PRJNA662582	SRX9101122	SAMN16089547	NO_FLAG					Secretory pathway differences between HEK293 and CHO enable rescue of difficult to express human proteins	CHO_CCL20	Illumina MiSeq sequencing: GSM4774045: CHO_CCL20 Cricetulus griseus RNA-Seq	cDNA
SRR12618099	PRJNA662582	SRX9101124	SAMN16089545	NO_FLAG					Secretory pathway differences between HEK293 and CHO enable rescue of difficult to express human proteins	CHO_CXCL13	Illumina MiSeq sequencing: GSM4774047: CHO_CXCL13 Cricetulus griseus RNA-Seq	cDNA
SRR12618102	PRJNA662582	SRX9101126	SAMN16089592	NO_FLAG					Secretory pathway differences between HEK293 and CHO enable rescue of difficult to express human proteins	CHO_Control_pQMCF2	Illumina MiSeq sequencing: GSM4774049: CHO_Control_pQMCF2 Cricetulus griseus RNA-Seq	cDNA
SRR12618110	PRJNA662582	SRX9101129	SAMN16089588	NO_FLAG					Secretory pathway differences between HEK293 and CHO enable rescue of difficult to express human proteins	CHO_FSTL3	Illumina MiSeq sequencing: GSM4774052: CHO_FSTL3 Cricetulus griseus RNA-Seq	cDNA
SRR12618111	PRJNA662582	SRX9101129	SAMN16089588	NO_FLAG					Secretory pathway differences between HEK293 and CHO enable rescue of difficult to express human proteins	CHO_FSTL3	Illumina MiSeq sequencing: GSM4774052: CHO_FSTL3 Cricetulus griseus RNA-Seq	cDNA
SRR12618114	PRJNA662582	SRX9101131	SAMN16089586	NO_FLAG					Secretory pathway differences between HEK293 and CHO enable rescue of difficult to express human proteins	CHO_HGF	Illumina MiSeq sequencing: GSM4774054: CHO_HGF Cricetulus griseus RNA-Seq	cDNA
SRR12618117	PRJNA662582	SRX9101132	SAMN16089585	NO_FLAG					Secretory pathway differences between HEK293 and CHO enable rescue of difficult to express human proteins	CHO_JAG2	Illumina MiSeq sequencing: GSM4774055: CHO_JAG2 Cricetulus griseus RNA-Seq	cDNA
SRR12618122	PRJNA662582	SRX9101134	SAMN16089583	NO_FLAG					Secretory pathway differences between HEK293 and CHO enable rescue of difficult to express human proteins	CHO_NRTN	Illumina MiSeq sequencing: GSM4774057: CHO_NRTN Cricetulus griseus RNA-Seq	cDNA
SRR12618127	PRJNA662582	SRX9101136	SAMN16089581	NO_FLAG					Secretory pathway differences between HEK293 and CHO enable rescue of difficult to express human proteins	CHO_PAMR1	Illumina MiSeq sequencing: GSM4774059: CHO_PAMR1 Cricetulus griseus RNA-Seq	cDNA
SRR12618128	PRJNA662582	SRX9101137	SAMN16089580	NO_FLAG					Secretory pathway differences between HEK293 and CHO enable rescue of difficult to express human proteins	CHO_PLG	Illumina MiSeq sequencing: GSM4774060: CHO_PLG Cricetulus griseus RNA-Seq	cDNA
SRR12618129	PRJNA662582	SRX9101137	SAMN16089580	NO_FLAG					Secretory pathway differences between HEK293 and CHO enable rescue of difficult to express human proteins	CHO_PLG	Illumina MiSeq sequencing: GSM4774060: CHO_PLG Cricetulus griseus RNA-Seq	cDNA
SRR12618132	PRJNA662582	SRX9101139	SAMN16089578	NO_FLAG					Secretory pathway differences between HEK293 and CHO enable rescue of difficult to express human proteins	CHO_REG1A	Illumina MiSeq sequencing: GSM4774062: CHO_REG1A Cricetulus griseus RNA-Seq	cDNA
SRR12618133	PRJNA662582	SRX9101139	SAMN16089578	NO_FLAG					Secretory pathway differences between HEK293 and CHO enable rescue of difficult to express human proteins	CHO_REG1A	Illumina MiSeq sequencing: GSM4774062: CHO_REG1A Cricetulus griseus RNA-Seq	cDNA
SRR12618138	PRJNA662582	SRX9101142	SAMN16089594	NO_FLAG					Secretory pathway differences between HEK293 and CHO enable rescue of difficult to express human proteins	CHO_THBS4	Illumina MiSeq sequencing: GSM4774065: CHO_THBS4 Cricetulus griseus RNA-Seq	cDNA
SRR12618139	PRJNA662582	SRX9101142	SAMN16089594	NO_FLAG					Secretory pathway differences between HEK293 and CHO enable rescue of difficult to express human proteins	CHO_THBS4	Illumina MiSeq sequencing: GSM4774065: CHO_THBS4 Cricetulus griseus RNA-Seq	cDNA
SRR14860929	PRJNA739051	SRX11178684	SAMN19770452	NO_FLAG					Autophagy and intracellular product degradation genes reduce aggregation of bispecific antibody in CHO cells with a high translational burden	Model organism or animal sample from Cricetulus griseus	Illumina HiSeq 2500 sequencing: RNA-Seq of Cricetulus griseus: empty expression vector with glutamine synthetase	RANDOM
SRR14860931	PRJNA739051	SRX11178682	SAMN19770452	NO_FLAG					Autophagy and intracellular product degradation genes reduce aggregation of bispecific antibody in CHO cells with a high translational burden	Model organism or animal sample from Cricetulus griseus	Illumina HiSeq 2500 sequencing: RNA-Seq of Cricetulus griseus: empty expression vector with glutamine synthetase	RANDOM
SRR14860932	PRJNA739051	SRX11178681	SAMN19770451	NO_FLAG					Autophagy and intracellular product degradation genes reduce aggregation of bispecific antibody in CHO cells with a high translational burden	Model organism or animal sample from Cricetulus griseus	Illumina HiSeq 2500 sequencing: RNA-Seq of Cricetulus griseus: no expression vector	RANDOM
SRR14860934	PRJNA739051	SRX11178679	SAMN19770456	NO_FLAG					Autophagy and intracellular product degradation genes reduce aggregation of bispecific antibody in CHO cells with a high translational burden	Model organism or animal sample from Cricetulus griseus	Illumina HiSeq 2500 sequencing: RNA-Seq of Cricetulus griseus: expressing Ab2-OPT-agg	RANDOM
SRR14860937	PRJNA739051	SRX11178676	SAMN19770455	NO_FLAG					Autophagy and intracellular product degradation genes reduce aggregation of bispecific antibody in CHO cells with a high translational burden	Model organism or animal sample from Cricetulus griseus	Illumina HiSeq 2500 sequencing: RNA-Seq of Cricetulus griseus: expressing Ab2-less	RANDOM
SRR14860939	PRJNA739051	SRX11178674	SAMN19770454	NO_FLAG					Autophagy and intracellular product degradation genes reduce aggregation of bispecific antibody in CHO cells with a high translational burden	Model organism or animal sample from Cricetulus griseus	Illumina HiSeq 2500 sequencing: RNA-Seq of Cricetulus griseus: expressing Ab1-agg	RANDOM
SRR15111551	PRJNA746067	SRX11420376	SAMN20179686	NO_FLAG					Warburg-null Chinese hamster ovary cell line RNA-Seq	Model organism or animal sample from Cricetulus griseus	NextSeq 500 sequencing: RNASeq of Warburg-null CHO-K1 cells in shake flask culture, day 2, replicate 3	Oligo-dT
SRR15111563	PRJNA746067	SRX11420364	SAMN20179673	NO_FLAG					Warburg-null Chinese hamster ovary cell line RNA-Seq	Model organism or animal sample from Cricetulus griseus	NextSeq 500 sequencing: RNASeq of Warburg-null CHO-S cells in shake flask culture, clone 0-B6, replicate 2	Oligo-dT
SRR15111569	PRJNA746067	SRX11420358	SAMN20179671	NO_FLAG					Warburg-null Chinese hamster ovary cell line RNA-Seq	Model organism or animal sample from Cricetulus griseus	NextSeq 500 sequencing: RNASeq of Warburg-null CHO-S cells in shake flask culture, clone 0-F4, replicate 3	Oligo-dT
SRR15111575	PRJNA746067	SRX11420352	SAMN20179692	NO_FLAG					Warburg-null Chinese hamster ovary cell line RNA-Seq	Model organism or animal sample from Cricetulus griseus	NextSeq 500 sequencing: RNASeq of wildtype CHO-K1 cells in shake flask culture, day 2, replicate 3	Oligo-dT
SRR1516215	PRJNA255418	SRX653806	SAMN02918451	NO_FLAG					Mre11 suppresses replication stress and gene amplification proficiency	Mre11-KD sample A	Illumina Genome Analyzer IIx sequencing: GSM1437748: Mre11-KD sample A Cricetulus griseus RNA-Seq	cDNA
SRR15221372	PRJNA749145	SRX11527344	SAMN20355393	NO_FLAG					Restoration of deficient DNA Repair Genes Mitigates Genome Instability and Increases Productivity of Chinese Hamster Ovary Cells	Model organism or animal sample from Cricetulus griseus	Illumina HiSeq 4000 sequencing: RNA-Seq of CHO-K1-WT	cDNA
SRR15221374	PRJNA749145	SRX11527342	SAMN20355394	NO_FLAG					Restoration of deficient DNA Repair Genes Mitigates Genome Instability and Increases Productivity of Chinese Hamster Ovary Cells	Model organism or animal sample from Cricetulus griseus	Illumina HiSeq 4000 sequencing: RNA-Seq of CHO-K1-ATMplus	cDNA
SRR15221384	PRJNA749145	SRX11527332	SAMN20355393	NO_FLAG					Restoration of deficient DNA Repair Genes Mitigates Genome Instability and Increases Productivity of Chinese Hamster Ovary Cells	Model organism or animal sample from Cricetulus griseus	Illumina HiSeq 4000 sequencing: RNA-Seq of CHO-K1-WT	cDNA
SRR15221386	PRJNA749145	SRX11527330	SAMN20355393	NO_FLAG					Restoration of deficient DNA Repair Genes Mitigates Genome Instability and Increases Productivity of Chinese Hamster Ovary Cells	Model organism or animal sample from Cricetulus griseus	Illumina HiSeq 4000 sequencing: RNA-Seq of CHO-K1-WT	cDNA
SRR15221387	PRJNA749145	SRX11527329	SAMN20355395	NO_FLAG					Restoration of deficient DNA Repair Genes Mitigates Genome Instability and Increases Productivity of Chinese Hamster Ovary Cells	Model organism or animal sample from Cricetulus griseus	Illumina HiSeq 4000 sequencing: RNA-Seq of CHO-K1-ATMplus_PRKDCplus	cDNA
SRR15221389	PRJNA749145	SRX11527327	SAMN20355395	NO_FLAG					Restoration of deficient DNA Repair Genes Mitigates Genome Instability and Increases Productivity of Chinese Hamster Ovary Cells	Model organism or animal sample from Cricetulus griseus	Illumina HiSeq 4000 sequencing: RNA-Seq of CHO-K1-ATMplus_PRKDCplus	cDNA
SRR15221398	PRJNA749145	SRX11527318	SAMN20355395	NO_FLAG					Restoration of deficient DNA Repair Genes Mitigates Genome Instability and Increases Productivity of Chinese Hamster Ovary Cells	Model organism or animal sample from Cricetulus griseus	Illumina HiSeq 4000 sequencing: RNA-Seq of CHO-K1-ATMplus_PRKDCplus	cDNA
SRR15221400	PRJNA749145	SRX11527316	SAMN20355394	NO_FLAG					Restoration of deficient DNA Repair Genes Mitigates Genome Instability and Increases Productivity of Chinese Hamster Ovary Cells	Model organism or animal sample from Cricetulus griseus	Illumina HiSeq 4000 sequencing: RNA-Seq of CHO-K1-ATMplus	cDNA
SRR15559106	PRJNA742028	SRX11857244	SAMN20893077	NO_FLAG					Cricetulus griseus Transcriptome or Gene expression	MTIV Construct 4h on Val-free media rep 2	NextSeq 550 sequencing: RNAseq of FLP-in CHO-K1 cells: MTIV Construct 4h on Val-free media rep 2	Oligo-dT
SRR15559108	PRJNA742028	SRX11857242	SAMN20893075	NO_FLAG					Cricetulus griseus Transcriptome or Gene expression	MTIV Construct 0h on Val-free media rep 3	NextSeq 550 sequencing: RNAseq of FLP-in CHO-K1 cells: MTIV Construct 0h on Val-free media rep 3	Oligo-dT
SRR15559116	PRJNA742028	SRX11857234	SAMN20893085	NO_FLAG					Cricetulus griseus Transcriptome or Gene expression	Control Construct 0h on Val-free media rep 2	NextSeq 550 sequencing: RNAseq of FLP-in CHO-K1 cells: Control Construct 0h on Val-free media rep 2	Oligo-dT
SRR15559118	PRJNA742028	SRX11857233	SAMN20893084	NO_FLAG					Cricetulus griseus Transcriptome or Gene expression	MTIV Construct 0h on Val-free media rep 1	NextSeq 550 sequencing: RNAseq of FLP-in CHO-K1 cells: MTIV Construct 0h on Val-free media rep 1	Oligo-dT
SRR16980321	PRJNA766998	SRX13171164	SAMN23296634	NO_FLAG					Systems biology greatly improve activity of secreted therapeutic sulfatase in CHO bioprocess	Model organism or animal sample from Cricetulus griseus	Illumina HiSeq 2500 sequencing: clone A without copper day 3	RANDOM
SRR16980340	PRJNA766998	SRX13171145	SAMN23296634	NO_FLAG					Systems biology greatly improve activity of secreted therapeutic sulfatase in CHO bioprocess	Model organism or animal sample from Cricetulus griseus	Illumina HiSeq 2500 sequencing: clone A without copper day 14	RANDOM
SRR16980343	PRJNA766998	SRX13171142	SAMN23296634	NO_FLAG					Systems biology greatly improve activity of secreted therapeutic sulfatase in CHO bioprocess	Model organism or animal sample from Cricetulus griseus	Illumina HiSeq 2500 sequencing: clone A standard condition day 3	RANDOM
SRR16980359	PRJNA766998	SRX13171126	SAMN23296634	NO_FLAG					Systems biology greatly improve activity of secreted therapeutic sulfatase in CHO bioprocess	Model organism or animal sample from Cricetulus griseus	Illumina HiSeq 2500 sequencing: clone B high cell density day 12	RANDOM
SRR16980360	PRJNA766998	SRX13171125	SAMN23296634	NO_FLAG					Systems biology greatly improve activity of secreted therapeutic sulfatase in CHO bioprocess	Model organism or animal sample from Cricetulus griseus	Illumina HiSeq 2500 sequencing: clone B high cell density day 12	RANDOM
SRR16980367	PRJNA766998	SRX13171118	SAMN23296634	NO_FLAG					Systems biology greatly improve activity of secreted therapeutic sulfatase in CHO bioprocess	Model organism or animal sample from Cricetulus griseus	Illumina HiSeq 2500 sequencing: clone A standard condition day 12	RANDOM
SRR16980370	PRJNA766998	SRX13171115	SAMN23296634	NO_FLAG					Systems biology greatly improve activity of secreted therapeutic sulfatase in CHO bioprocess	Model organism or animal sample from Cricetulus griseus	Illumina HiSeq 2500 sequencing: clone A without copper day 6	RANDOM
SRR18163665	PRJNA810994	SRX14311054	SAMN26308039	NO_FLAG					Comparison of transcriptional profile of CHO cells cultured in different media.	PR0126_05_b	Illumina HiSeq 2000 sequencing: GSM5920719: PR0126_05_b Cricetulus griseus RNA-Seq	cDNA
SRR18502224	PRJNA820638	SRX14633672	SAMN27019287	NO_FLAG					Distinct cellular tools of mild hyperthermia-induced acquired stress tolerance in Chinese Hamster Ovary cells	CHO 42.5Â°C_1h_C4	NextSeq 550 sequencing: GSM5974766: CHO 42.5Â°C_1h_C4 Cricetulus griseus RNA-Seq	cDNA
SRR18502235	PRJNA820638	SRX14633661	SAMN27019298	NO_FLAG					Distinct cellular tools of mild hyperthermia-induced acquired stress tolerance in Chinese Hamster Ovary cells	CHO Ctrl_D1	NextSeq 550 sequencing: GSM5974755: CHO Ctrl_D1 Cricetulus griseus RNA-Seq	cDNA
SRR18502237	PRJNA820638	SRX14633659	SAMN27019300	NO_FLAG					Distinct cellular tools of mild hyperthermia-induced acquired stress tolerance in Chinese Hamster Ovary cells	CHO Ctrl_B1	NextSeq 550 sequencing: GSM5974753: CHO Ctrl_B1 Cricetulus griseus RNA-Seq	cDNA
SRR19256295	PRJNA839086	SRX15316780	SAMN28495772	NO_FLAG					Stability and transcriptomic study of C12orf35 site-specific integrated CHO cell line	KSP-3	Illumina NovaSeq 6000 sequencing: GSM6164896: KSP-3 Cricetulus griseus RNA-Seq	cDNA
SRR19256296	PRJNA839086	SRX15316779	SAMN28495773	NO_FLAG					Stability and transcriptomic study of C12orf35 site-specific integrated CHO cell line	KSP-2	Illumina NovaSeq 6000 sequencing: GSM6164895: KSP-2 Cricetulus griseus RNA-Seq	cDNA
SRR19256306	PRJNA839086	SRX15316769	SAMN28495783	NO_FLAG					Stability and transcriptomic study of C12orf35 site-specific integrated CHO cell line	CHOS-1	Illumina NovaSeq 6000 sequencing: GSM6164885: CHOS-1 Cricetulus griseus RNA-Seq	cDNA
SRR23603792	PRJNA938154	SRX19488782	SAMN33426963	NO_FLAG					Deciphering the determinants of recombinant protein yield across the human secretome	P6975_191	Illumina HiSeq 2500 sequencing: GSM7061440: P6975_191 Cricetulus griseus RNA-Seq	cDNA
SRR23603798	PRJNA938154	SRX19488776	SAMN33426969	NO_FLAG					Deciphering the determinants of recombinant protein yield across the human secretome	P6975_185	Illumina HiSeq 2500 sequencing: GSM7061434: P6975_185 Cricetulus griseus RNA-Seq	cDNA
SRR23603803	PRJNA938154	SRX19488771	SAMN33426994	NO_FLAG					Deciphering the determinants of recombinant protein yield across the human secretome	P6975_160	Illumina HiSeq 2500 sequencing: GSM7061409: P6975_160 Cricetulus griseus RNA-Seq	cDNA
SRR23603806	PRJNA938154	SRX19488768	SAMN33426997	NO_FLAG					Deciphering the determinants of recombinant protein yield across the human secretome	P6975_157	Illumina HiSeq 2500 sequencing: GSM7061406: P6975_157 Cricetulus griseus RNA-Seq	cDNA
SRR23603807	PRJNA938154	SRX19488767	SAMN33426998	NO_FLAG					Deciphering the determinants of recombinant protein yield across the human secretome	P6975_156	Illumina HiSeq 2500 sequencing: GSM7061405: P6975_156 Cricetulus griseus RNA-Seq	cDNA
SRR23603810	PRJNA938154	SRX19488764	SAMN33427001	NO_FLAG					Deciphering the determinants of recombinant protein yield across the human secretome	P6975_153	Illumina HiSeq 2500 sequencing: GSM7061402: P6975_153 Cricetulus griseus RNA-Seq	cDNA
SRR23603812	PRJNA938154	SRX19488762	SAMN33427003	NO_FLAG					Deciphering the determinants of recombinant protein yield across the human secretome	P6975_151	Illumina HiSeq 2500 sequencing: GSM7061400: P6975_151 Cricetulus griseus RNA-Seq	cDNA
SRR23603813	PRJNA938154	SRX19488761	SAMN33427004	NO_FLAG					Deciphering the determinants of recombinant protein yield across the human secretome	P6975_150	Illumina HiSeq 2500 sequencing: GSM7061399: P6975_150 Cricetulus griseus RNA-Seq	cDNA
SRR23603815	PRJNA938154	SRX19488759	SAMN33427006	NO_FLAG					Deciphering the determinants of recombinant protein yield across the human secretome	P6975_148	Illumina HiSeq 2500 sequencing: GSM7061397: P6975_148 Cricetulus griseus RNA-Seq	cDNA
SRR23603818	PRJNA938154	SRX19488756	SAMN33427009	NO_FLAG					Deciphering the determinants of recombinant protein yield across the human secretome	P6975_145	Illumina HiSeq 2500 sequencing: GSM7061394: P6975_145 Cricetulus griseus RNA-Seq	cDNA
SRR23603823	PRJNA938154	SRX19488751	SAMN33426974	NO_FLAG					Deciphering the determinants of recombinant protein yield across the human secretome	P6975_180	Illumina HiSeq 2500 sequencing: GSM7061429: P6975_180 Cricetulus griseus RNA-Seq	cDNA
SRR23603824	PRJNA938154	SRX19488750	SAMN33426975	NO_FLAG					Deciphering the determinants of recombinant protein yield across the human secretome	P6975_179	Illumina HiSeq 2500 sequencing: GSM7061428: P6975_179 Cricetulus griseus RNA-Seq	cDNA
SRR23603826	PRJNA938154	SRX19488748	SAMN33426977	NO_FLAG					Deciphering the determinants of recombinant protein yield across the human secretome	P6975_177	Illumina HiSeq 2500 sequencing: GSM7061426: P6975_177 Cricetulus griseus RNA-Seq	cDNA
SRR23603831	PRJNA938154	SRX19488743	SAMN33426982	NO_FLAG					Deciphering the determinants of recombinant protein yield across the human secretome	P6975_172	Illumina HiSeq 2500 sequencing: GSM7061421: P6975_172 Cricetulus griseus RNA-Seq	cDNA
SRR23603835	PRJNA938154	SRX19488739	SAMN33426986	NO_FLAG					Deciphering the determinants of recombinant protein yield across the human secretome	P6975_168	Illumina HiSeq 2500 sequencing: GSM7061417: P6975_168 Cricetulus griseus RNA-Seq	cDNA
SRR23603839	PRJNA938154	SRX19488735	SAMN33426990	NO_FLAG					Deciphering the determinants of recombinant protein yield across the human secretome	P6975_164	Illumina HiSeq 2500 sequencing: GSM7061413: P6975_164 Cricetulus griseus RNA-Seq	cDNA
SRR23603841	PRJNA938154	SRX19488733	SAMN33427012	NO_FLAG					Deciphering the determinants of recombinant protein yield across the human secretome	P6975_142	Illumina HiSeq 2500 sequencing: GSM7061391: P6975_142 Cricetulus griseus RNA-Seq	cDNA
SRR23603853	PRJNA938154	SRX19488721	SAMN33427024	NO_FLAG					Deciphering the determinants of recombinant protein yield across the human secretome	P6975_130	Illumina HiSeq 2500 sequencing: GSM7061379: P6975_130 Cricetulus griseus RNA-Seq	cDNA
SRR23603859	PRJNA938154	SRX19488715	SAMN33427030	NO_FLAG					Deciphering the determinants of recombinant protein yield across the human secretome	P6975_124	Illumina HiSeq 2500 sequencing: GSM7061373: P6975_124 Cricetulus griseus RNA-Seq	cDNA
SRR23603862	PRJNA938154	SRX19488712	SAMN33427033	NO_FLAG					Deciphering the determinants of recombinant protein yield across the human secretome	P6975_121	Illumina HiSeq 2500 sequencing: GSM7061370: P6975_121 Cricetulus griseus RNA-Seq	cDNA
SRR23603865	PRJNA938154	SRX19488709	SAMN33427036	NO_FLAG					Deciphering the determinants of recombinant protein yield across the human secretome	P6975_118	Illumina HiSeq 2500 sequencing: GSM7061367: P6975_118 Cricetulus griseus RNA-Seq	cDNA
SRR23603866	PRJNA938154	SRX19488708	SAMN33427037	NO_FLAG					Deciphering the determinants of recombinant protein yield across the human secretome	P6975_117	Illumina HiSeq 2500 sequencing: GSM7061366: P6975_117 Cricetulus griseus RNA-Seq	cDNA
SRR23603876	PRJNA938154	SRX19488698	SAMN33427047	NO_FLAG					Deciphering the determinants of recombinant protein yield across the human secretome	P6975_107	Illumina HiSeq 2500 sequencing: GSM7061356: P6975_107 Cricetulus griseus RNA-Seq	cDNA
SRR23702453	PRJNA941080	SRX19564102	SAMN33589141	NO_FLAG					Mechanisms and countermeasures of mammalian drug resistance acquired during long-term evolution	B4	HiSeq X Ten sequencing: RNAseq of mNF CHO R4 with doxycycline	cDNA
SRR23702457	PRJNA941080	SRX19564098	SAMN33589137	NO_FLAG					Mechanisms and countermeasures of mammalian drug resistance acquired during long-term evolution	A1	HiSeq X Ten sequencing: RNAseq of mNF CHO control	cDNA
SRR24099903	PRJNA953054	SRX19900048	SAMN34105231	NO_FLAG					Hexokinase 2 and lactate mediated gene expression via histone H3 lysine 18 lactylation (CHO RNA-Seq)	CHO_LAC_rep1	Illumina NovaSeq 6000 sequencing: GSM7156051: CHO_LAC_rep1 Cricetulus griseus RNA-Seq	cDNA
SRR24650911	PRJNA974014	SRX20431027	SAMN35159449	NO_FLAG					Heritable non-genetic phenotypes are enriched for stress responses as a form of bet hedging	MemorySeq_Sample40_Single-Cell-40	Illumina HiSeq 4000 sequencing: GSM7383684: MemorySeq_Sample40_Single-Cell-40 Cricetulus griseus RNA-Seq	cDNA
SRR24650919	PRJNA974014	SRX20431019	SAMN35159394	NO_FLAG					Heritable non-genetic phenotypes are enriched for stress responses as a form of bet hedging	StressFB_Day5_Flask12_Fed-Batch-5-12	Illumina HiSeq 4000 sequencing: GSM7383739: StressFB_Day5_Flask12_Fed-Batch-5-12 Cricetulus griseus RNA-Seq	cDNA
SRR24650921	PRJNA974014	SRX20431017	SAMN35159396	NO_FLAG					Heritable non-genetic phenotypes are enriched for stress responses as a form of bet hedging	StressFB_Day5_Flask10_Fed-Batch-5-10	Illumina HiSeq 4000 sequencing: GSM7383737: StressFB_Day5_Flask10_Fed-Batch-5-10 Cricetulus griseus RNA-Seq	cDNA
SRR24650924	PRJNA974014	SRX20431014	SAMN35159399	NO_FLAG					Heritable non-genetic phenotypes are enriched for stress responses as a form of bet hedging	StressFB_Day5_Flask7_Fed-Batch-5-7	Illumina HiSeq 4000 sequencing: GSM7383734: StressFB_Day5_Flask7_Fed-Batch-5-7 Cricetulus griseus RNA-Seq	cDNA
SRR24650925	PRJNA974014	SRX20431013	SAMN35159424	NO_FLAG					Heritable non-genetic phenotypes are enriched for stress responses as a form of bet hedging	NoiseControl_Sample25_Bulk-Population-25	Illumina HiSeq 4000 sequencing: GSM7383709: NoiseControl_Sample25_Bulk-Population-25 Cricetulus griseus RNA-Seq	cDNA
SRR24650935	PRJNA974014	SRX20431003	SAMN35159458	NO_FLAG					Heritable non-genetic phenotypes are enriched for stress responses as a form of bet hedging	MemorySeq_Sample31_Single-Cell-31	Illumina HiSeq 4000 sequencing: GSM7383675: MemorySeq_Sample31_Single-Cell-31 Cricetulus griseus RNA-Seq	cDNA
SRR24650936	PRJNA974014	SRX20431002	SAMN35159459	NO_FLAG					Heritable non-genetic phenotypes are enriched for stress responses as a form of bet hedging	MemorySeq_Sample30_Single-Cell-30	Illumina HiSeq 4000 sequencing: GSM7383674: MemorySeq_Sample30_Single-Cell-30 Cricetulus griseus RNA-Seq	cDNA
SRR24650937	PRJNA974014	SRX20431001	SAMN35159460	NO_FLAG					Heritable non-genetic phenotypes are enriched for stress responses as a form of bet hedging	MemorySeq_Sample29_Single-Cell-29	Illumina HiSeq 4000 sequencing: GSM7383673: MemorySeq_Sample29_Single-Cell-29 Cricetulus griseus RNA-Seq	cDNA
SRR24650949	PRJNA974014	SRX20430989	SAMN35159432	NO_FLAG					Heritable non-genetic phenotypes are enriched for stress responses as a form of bet hedging	NoiseControl_Sample17_Bulk-Population-17	Illumina HiSeq 4000 sequencing: GSM7383701: NoiseControl_Sample17_Bulk-Population-17 Cricetulus griseus RNA-Seq	cDNA
SRR24650952	PRJNA974014	SRX20430986	SAMN35159435	NO_FLAG					Heritable non-genetic phenotypes are enriched for stress responses as a form of bet hedging	NoiseControl_Sample14_Bulk-Population-14	Illumina HiSeq 4000 sequencing: GSM7383698: NoiseControl_Sample14_Bulk-Population-14 Cricetulus griseus RNA-Seq	cDNA
SRR24650960	PRJNA974014	SRX20430978	SAMN35159467	NO_FLAG					Heritable non-genetic phenotypes are enriched for stress responses as a form of bet hedging	MemorySeq_Sample21_Single-Cell-21	Illumina HiSeq 4000 sequencing: GSM7383666: MemorySeq_Sample21_Single-Cell-21 Cricetulus griseus RNA-Seq	cDNA
SRR24650963	PRJNA974014	SRX20430975	SAMN35159470	NO_FLAG					Heritable non-genetic phenotypes are enriched for stress responses as a form of bet hedging	MemorySeq_Sample18_Single-Cell-18	Illumina HiSeq 4000 sequencing: GSM7383663: MemorySeq_Sample18_Single-Cell-18 Cricetulus griseus RNA-Seq	cDNA
SRR24650972	PRJNA974014	SRX20430966	SAMN35159415	NO_FLAG					Heritable non-genetic phenotypes are enriched for stress responses as a form of bet hedging	NoiseControl_Sample34_Bulk-Population-34	Illumina HiSeq 4000 sequencing: GSM7383718: NoiseControl_Sample34_Bulk-Population-34 Cricetulus griseus RNA-Seq	cDNA
SRR24650973	PRJNA974014	SRX20430965	SAMN35159440	NO_FLAG					Heritable non-genetic phenotypes are enriched for stress responses as a form of bet hedging	NoiseControl_Sample9_Bulk-Population-9	Illumina HiSeq 4000 sequencing: GSM7383693: NoiseControl_Sample9_Bulk-Population-9 Cricetulus griseus RNA-Seq	cDNA
SRR24650975	PRJNA974014	SRX20430963	SAMN35159442	NO_FLAG					Heritable non-genetic phenotypes are enriched for stress responses as a form of bet hedging	NoiseControl_Sample7_Bulk-Population-7	Illumina HiSeq 4000 sequencing: GSM7383691: NoiseControl_Sample7_Bulk-Population-7 Cricetulus griseus RNA-Seq	cDNA
SRR24650981	PRJNA974014	SRX20430957	SAMN35159472	NO_FLAG					Heritable non-genetic phenotypes are enriched for stress responses as a form of bet hedging	MemorySeq_Sample16_Single-Cell-16	Illumina HiSeq 4000 sequencing: GSM7383661: MemorySeq_Sample16_Single-Cell-16 Cricetulus griseus RNA-Seq	cDNA
SRR24650989	PRJNA974014	SRX20430949	SAMN35159480	NO_FLAG					Heritable non-genetic phenotypes are enriched for stress responses as a form of bet hedging	MemorySeq_Sample8_Single-Cell-8	Illumina HiSeq 4000 sequencing: GSM7383653: MemorySeq_Sample8_Single-Cell-8 Cricetulus griseus RNA-Seq	cDNA
SRR24650992	PRJNA974014	SRX20430946	SAMN35159483	NO_FLAG					Heritable non-genetic phenotypes are enriched for stress responses as a form of bet hedging	MemorySeq_Sample5_Single-Cell-5	Illumina HiSeq 4000 sequencing: GSM7383650: MemorySeq_Sample5_Single-Cell-5 Cricetulus griseus RNA-Seq	cDNA
SRR24650994	PRJNA974014	SRX20430944	SAMN35159485	NO_FLAG					Heritable non-genetic phenotypes are enriched for stress responses as a form of bet hedging	MemorySeq_Sample3_Single-Cell-3	Illumina HiSeq 4000 sequencing: GSM7383648: MemorySeq_Sample3_Single-Cell-3 Cricetulus griseus RNA-Seq	cDNA
ERR3972095	PRJEB37009	ERX3975432	SAMEA6602853	NO_FLAG					Directed Evolution Approach to enhance Efficiency and Speed of Outgrowth during Single Cell Subcloning of Chinese Hamster Ovary Cells	Expression profile of CHO K1 Hy replicate 2	Illumina HiSeq 2500 sequencing	Inverse rRNA selection
ERR3972096	PRJEB37009	ERX3975433	SAMEA6602854	NO_FLAG					Directed Evolution Approach to enhance Efficiency and Speed of Outgrowth during Single Cell Subcloning of Chinese Hamster Ovary Cells	Expression profile of CHO K1 Hy DE replicate 1	Illumina HiSeq 2500 sequencing	Inverse rRNA selection
SRR10572657	PRJNA593052	SRX7254149	SAMN13451146	NO_FLAG					Transcriptomic analysis of reducing CHO cell culture temperature	Normal temperature replicate 4	NextSeq 500 sequencing: RNA-Seq of CHOK1 cell line	RANDOM
SRR17085239	PRJNA785251	SRX13273392	SAMN23551696	NO_FLAG					Whole genomic RNA sequencing of the Paradaux cell line after long-term culture	Para1: Paradoxical feedback, Replicate1	Illumina HiSeq 2500 sequencing: GSM5710430: Para1: Paradoxical feedback, Replicate1 Cricetulus griseus RNA-Seq	cDNA
SRR17085253	PRJNA785251	SRX13273389	SAMN23551699	NO_FLAG					Whole genomic RNA sequencing of the Paradaux cell line after long-term culture	Neg5: Negative feedback, Replicate5	Illumina HiSeq 2500 sequencing: GSM5710427: Neg5: Negative feedback, Replicate5 Cricetulus griseus RNA-Seq	cDNA
SRR17085254	PRJNA785251	SRX13273389	SAMN23551699	NO_FLAG					Whole genomic RNA sequencing of the Paradaux cell line after long-term culture	Neg5: Negative feedback, Replicate5	Illumina HiSeq 2500 sequencing: GSM5710427: Neg5: Negative feedback, Replicate5 Cricetulus griseus RNA-Seq	cDNA
SRR17085257	PRJNA785251	SRX13273388	SAMN23551700	NO_FLAG					Whole genomic RNA sequencing of the Paradaux cell line after long-term culture	Neg4: Negative feedback, Replicate4	Illumina HiSeq 2500 sequencing: GSM5710426: Neg4: Negative feedback, Replicate4 Cricetulus griseus RNA-Seq	cDNA
SRR17085258	PRJNA785251	SRX13273388	SAMN23551700	NO_FLAG					Whole genomic RNA sequencing of the Paradaux cell line after long-term culture	Neg4: Negative feedback, Replicate4	Illumina HiSeq 2500 sequencing: GSM5710426: Neg4: Negative feedback, Replicate4 Cricetulus griseus RNA-Seq	cDNA
SRR17085259	PRJNA785251	SRX13273388	SAMN23551700	NO_FLAG					Whole genomic RNA sequencing of the Paradaux cell line after long-term culture	Neg4: Negative feedback, Replicate4	Illumina HiSeq 2500 sequencing: GSM5710426: Neg4: Negative feedback, Replicate4 Cricetulus griseus RNA-Seq	cDNA
SRR17085260	PRJNA785251	SRX13273388	SAMN23551700	NO_FLAG					Whole genomic RNA sequencing of the Paradaux cell line after long-term culture	Neg4: Negative feedback, Replicate4	Illumina HiSeq 2500 sequencing: GSM5710426: Neg4: Negative feedback, Replicate4 Cricetulus griseus RNA-Seq	cDNA
SRR17085266	PRJNA785251	SRX13273386	SAMN23551702	NO_FLAG					Whole genomic RNA sequencing of the Paradaux cell line after long-term culture	Neg2: Negative feedback, Replicate2	Illumina HiSeq 2500 sequencing: GSM5710424: Neg2: Negative feedback, Replicate2 Cricetulus griseus RNA-Seq	cDNA
SRR17085267	PRJNA785251	SRX13273386	SAMN23551702	NO_FLAG					Whole genomic RNA sequencing of the Paradaux cell line after long-term culture	Neg2: Negative feedback, Replicate2	Illumina HiSeq 2500 sequencing: GSM5710424: Neg2: Negative feedback, Replicate2 Cricetulus griseus RNA-Seq	cDNA
SRR17085268	PRJNA785251	SRX13273386	SAMN23551702	NO_FLAG					Whole genomic RNA sequencing of the Paradaux cell line after long-term culture	Neg2: Negative feedback, Replicate2	Illumina HiSeq 2500 sequencing: GSM5710424: Neg2: Negative feedback, Replicate2 Cricetulus griseus RNA-Seq	cDNA
SRR17085270	PRJNA785251	SRX13273386	SAMN23551702	NO_FLAG					Whole genomic RNA sequencing of the Paradaux cell line after long-term culture	Neg2: Negative feedback, Replicate2	Illumina HiSeq 2500 sequencing: GSM5710424: Neg2: Negative feedback, Replicate2 Cricetulus griseus RNA-Seq	cDNA
SRR17085279	PRJNA785251	SRX13273384	SAMN23551704	NO_FLAG					Whole genomic RNA sequencing of the Paradaux cell line after long-term culture	unCt4: uncontrolled growth, Replicate4	Illumina HiSeq 2500 sequencing: GSM5710422: unCt4: uncontrolled growth, Replicate4 Cricetulus griseus RNA-Seq	cDNA
SRR17085281	PRJNA785251	SRX13273384	SAMN23551704	NO_FLAG					Whole genomic RNA sequencing of the Paradaux cell line after long-term culture	unCt4: uncontrolled growth, Replicate4	Illumina HiSeq 2500 sequencing: GSM5710422: unCt4: uncontrolled growth, Replicate4 Cricetulus griseus RNA-Seq	cDNA
SRR17085283	PRJNA785251	SRX13273384	SAMN23551704	NO_FLAG					Whole genomic RNA sequencing of the Paradaux cell line after long-term culture	unCt4: uncontrolled growth, Replicate4	Illumina HiSeq 2500 sequencing: GSM5710422: unCt4: uncontrolled growth, Replicate4 Cricetulus griseus RNA-Seq	cDNA
SRR17085293	PRJNA785251	SRX13273382	SAMN23551706	NO_FLAG					Whole genomic RNA sequencing of the Paradaux cell line after long-term culture	unCt2: uncontrolled growth, Replicate2	Illumina HiSeq 2500 sequencing: GSM5710420: unCt2: uncontrolled growth, Replicate2 Cricetulus griseus RNA-Seq	cDNA
SRR17085294	PRJNA785251	SRX13273382	SAMN23551706	NO_FLAG					Whole genomic RNA sequencing of the Paradaux cell line after long-term culture	unCt2: uncontrolled growth, Replicate2	Illumina HiSeq 2500 sequencing: GSM5710420: unCt2: uncontrolled growth, Replicate2 Cricetulus griseus RNA-Seq	cDNA
SRR17085295	PRJNA785251	SRX13273382	SAMN23551706	NO_FLAG					Whole genomic RNA sequencing of the Paradaux cell line after long-term culture	unCt2: uncontrolled growth, Replicate2	Illumina HiSeq 2500 sequencing: GSM5710420: unCt2: uncontrolled growth, Replicate2 Cricetulus griseus RNA-Seq	cDNA
SRR17085299	PRJNA785251	SRX13273381	SAMN23551707	NO_FLAG					Whole genomic RNA sequencing of the Paradaux cell line after long-term culture	unCt1: uncontrolled growth, Replicate1	Illumina HiSeq 2500 sequencing: GSM5710419: unCt1: uncontrolled growth, Replicate1 Cricetulus griseus RNA-Seq	cDNA
SRR17085302	PRJNA785251	SRX13273380	SAMN23551708	NO_FLAG					Whole genomic RNA sequencing of the Paradaux cell line after long-term culture	Parental	Illumina HiSeq 2500 sequencing: GSM5710418: Parental Cricetulus griseus RNA-Seq	cDNA
SRR17085303	PRJNA785251	SRX13273380	SAMN23551708	NO_FLAG					Whole genomic RNA sequencing of the Paradaux cell line after long-term culture	Parental	Illumina HiSeq 2500 sequencing: GSM5710418: Parental Cricetulus griseus RNA-Seq	cDNA
SRR17085304	PRJNA785251	SRX13273380	SAMN23551708	NO_FLAG					Whole genomic RNA sequencing of the Paradaux cell line after long-term culture	Parental	Illumina HiSeq 2500 sequencing: GSM5710418: Parental Cricetulus griseus RNA-Seq	cDNA
SRR17085315	PRJNA785251	SRX13273378	SAMN23551691	NO_FLAG					Whole genomic RNA sequencing of the Paradaux cell line after long-term culture	Para6: Paradoxical feedback, Replicate6	Illumina HiSeq 2500 sequencing: GSM5710435: Para6: Paradoxical feedback, Replicate6 Cricetulus griseus RNA-Seq	cDNA
SRR17085316	PRJNA785251	SRX13273378	SAMN23551691	NO_FLAG					Whole genomic RNA sequencing of the Paradaux cell line after long-term culture	Para6: Paradoxical feedback, Replicate6	Illumina HiSeq 2500 sequencing: GSM5710435: Para6: Paradoxical feedback, Replicate6 Cricetulus griseus RNA-Seq	cDNA
SRR17085318	PRJNA785251	SRX13273378	SAMN23551691	NO_FLAG					Whole genomic RNA sequencing of the Paradaux cell line after long-term culture	Para6: Paradoxical feedback, Replicate6	Illumina HiSeq 2500 sequencing: GSM5710435: Para6: Paradoxical feedback, Replicate6 Cricetulus griseus RNA-Seq	cDNA
SRR17085331	PRJNA785251	SRX13273376	SAMN23551693	NO_FLAG					Whole genomic RNA sequencing of the Paradaux cell line after long-term culture	Para4: Paradoxical feedback, Replicate4	Illumina HiSeq 2500 sequencing: GSM5710433: Para4: Paradoxical feedback, Replicate4 Cricetulus griseus RNA-Seq	cDNA
SRR17085333	PRJNA785251	SRX13273375	SAMN23551694	NO_FLAG					Whole genomic RNA sequencing of the Paradaux cell line after long-term culture	Para3: Paradoxical feedback, Replicate3	Illumina HiSeq 2500 sequencing: GSM5710432: Para3: Paradoxical feedback, Replicate3 Cricetulus griseus RNA-Seq	cDNA
SRR17085334	PRJNA785251	SRX13273375	SAMN23551694	NO_FLAG					Whole genomic RNA sequencing of the Paradaux cell line after long-term culture	Para3: Paradoxical feedback, Replicate3	Illumina HiSeq 2500 sequencing: GSM5710432: Para3: Paradoxical feedback, Replicate3 Cricetulus griseus RNA-Seq	cDNA
SRR36222939	PRJNA1363687	SRX31258996	SAMN53215353	NO_FLAG					Transcriptomic response of CHO cells in response to tunicamycin-induced ER stress	CHO_C_Tr2	NextSeq 550 sequencing: RNASeq of CHO_C cells treated with tunicamycin for 12 hours on day 4 of batch culture_Biological Replicate 2	RANDOM
SRR36663598	PRJNA1397464	SRX31674378	SAMN54431544	NO_FLAG					Research on IGF2BP2 in CHO cells	Model organism or animal sample from Cricetulus griseus	Illumina NovaSeq 6000 sequencing: Lip1	cDNA
SRR36699391	PRJNA1399147	SRX31707197	SAMN54474209	NO_FLAG					RNA-seq of CHO cells treated with a small-molecule ISR activator and DMSO control	CHO_DMSO_rep1	Illumina NovaSeq X sequencing: CHO_DMSO_rep1	PolyA
SRR5358887	PRJNA378939	SRX2654727	SAMN06563821	EXCLUDE_SPECIALIZED	rna_pet	experiment_title:rna_pet			Cricetulus griseus Transcriptome or Gene expression	CHO-SH87 parental cell line	Illumina HiSeq 2000 sequencing: RNA-PET of recombinant CHO-K1 cells producing IgG growing at exponential growth phase	unspecified
SRR5358888	PRJNA378939	SRX2654728	SAMN06563821	NO_FLAG					Cricetulus griseus Transcriptome or Gene expression	CHO-SH87 parental cell line	Illumina HiSeq 2000 sequencing: RNA-Seq of recombinant CHO-K1 cells producing IgG growing at exponential growth phase	unspecified
SRR5409492	PRJNA378247	SRX2701777	SAMN06481667	NO_FLAG					Effects of glucose concentration on recombinant CHO cells	Q	Illumina HiSeq 2500 sequencing: RNAseq of Ovary tissue from DP12 cell line: high glucose	size fractionation
SRR5812565	PRJNA393479	SRX2991084	SAMN07334560	NO_FLAG					High technical resolution transcriptomics analysis for CHO cells	HP biological replicate 2	Illumina HiSeq 2000 sequencing: GSM2696082: HP biological replicate 2 Cricetulus griseus RNA-Seq	cDNA
SRR5812573	PRJNA393479	SRX2991090	SAMN07334554	NO_FLAG					High technical resolution transcriptomics analysis for CHO cells	Subclone HP biological replicate 2	Illumina HiSeq 2500 sequencing: GSM2696088: Subclone HP biological replicate 2 Cricetulus griseus RNA-Seq	cDNA
SRR7770743	PRJNA488640	SRX4626198	SAMN09938582	NO_FLAG					Efferocytosis induces a novel SLC program to promote glucose uptake and lactate release	Phagocytes alone 2	NextSeq 500 sequencing: GSM3362979: Phagocytes alone 2 Cricetulus griseus RNA-Seq	cDNA
SRR7770746	PRJNA488640	SRX4626201	SAMN09938579	NO_FLAG					Efferocytosis induces a novel SLC program to promote glucose uptake and lactate release	Phagocytes + Apoptotic Cells 1	NextSeq 500 sequencing: GSM3362982: Phagocytes + Apoptotic Cells 1 Cricetulus griseus RNA-Seq	cDNA
SRR7770749	PRJNA488640	SRX4626204	SAMN09938576	NO_FLAG					Efferocytosis induces a novel SLC program to promote glucose uptake and lactate release	Phagocytes + Apoptotic Cells 4	NextSeq 500 sequencing: GSM3362985: Phagocytes + Apoptotic Cells 4 Cricetulus griseus RNA-Seq	cDNA
SRR7779173	PRJNA489076	SRX4634293	SAMN09948084	NO_FLAG					Combating viral contaminants in CHO cells by engineering innate immunity	VSV-1 V+ifn	NextSeq 500 sequencing: GSM3373946: VSV-1 V+ifn Cricetulus griseus RNA-Seq	cDNA
SRR7779178	PRJNA489076	SRX4634298	SAMN09948080	NO_FLAG					Combating viral contaminants in CHO cells by engineering innate immunity	VSV-2 V+poly	NextSeq 500 sequencing: GSM3373951: VSV-2 V+poly Cricetulus griseus RNA-Seq	cDNA
SRR7779185	PRJNA489076	SRX4634305	SAMN09948072	NO_FLAG					Combating viral contaminants in CHO cells by engineering innate immunity	EMCV-1 V+ifn	NextSeq 500 sequencing: GSM3373958: EMCV-1 V+ifn Cricetulus griseus RNA-Seq	cDNA
SRR7779189	PRJNA489076	SRX4634309	SAMN09948101	NO_FLAG					Combating viral contaminants in CHO cells by engineering innate immunity	EMCV-2 V+m	NextSeq 500 sequencing: GSM3373962: EMCV-2 V+m Cricetulus griseus RNA-Seq	cDNA
SRR7779191	PRJNA489076	SRX4634311	SAMN09948099	NO_FLAG					Combating viral contaminants in CHO cells by engineering innate immunity	EMCV-2 V+ifn	NextSeq 500 sequencing: GSM3373964: EMCV-2 V+ifn Cricetulus griseus RNA-Seq	cDNA
SRR7779193	PRJNA489076	SRX4634313	SAMN09948097	NO_FLAG					Combating viral contaminants in CHO cells by engineering innate immunity	Reo-1 poly	NextSeq 500 sequencing: GSM3373966: Reo-1 poly Cricetulus griseus RNA-Seq	cDNA
SRR7779196	PRJNA489076	SRX4634316	SAMN09948094	NO_FLAG					Combating viral contaminants in CHO cells by engineering innate immunity	Reo-1 V+poly	NextSeq 500 sequencing: GSM3373969: Reo-1 V+poly Cricetulus griseus RNA-Seq	cDNA
SRR8165621	PRJNA504034	SRX4986365	SAMN10388073	NO_FLAG					Annotation improvement and retroviral element discovery in the Chinese hamster genome using proteogenomics	Model organism or animal sample from Cricetulus griseus	Illumina HiSeq 2500 sequencing: CellLine10_2R	unspecified
SRR8165622	PRJNA504034	SRX4986364	SAMN10388074	NO_FLAG					Annotation improvement and retroviral element discovery in the Chinese hamster genome using proteogenomics	Model organism or animal sample from Cricetulus griseus	Illumina HiSeq 2500 sequencing: CellLine10_3R	unspecified
SRR8165623	PRJNA504034	SRX4986363	SAMN10388069	NO_FLAG					Annotation improvement and retroviral element discovery in the Chinese hamster genome using proteogenomics	Model organism or animal sample from Cricetulus griseus	Illumina HiSeq 2500 sequencing: CellLine9_1R	unspecified
SRR8165625	PRJNA504034	SRX4986361	SAMN10388071	NO_FLAG					Annotation improvement and retroviral element discovery in the Chinese hamster genome using proteogenomics	Model organism or animal sample from Cricetulus griseus	Illumina HiSeq 2500 sequencing: CellLine9_3R	unspecified
SRR8165662	PRJNA504034	SRX4986324	SAMN10388077	NO_FLAG					Annotation improvement and retroviral element discovery in the Chinese hamster genome using proteogenomics	Model organism or animal sample from Cricetulus griseus	Illumina HiSeq 2500 sequencing: CellLine11_3R	unspecified
SRR8165663	PRJNA504034	SRX4986323	SAMN10388076	NO_FLAG					Annotation improvement and retroviral element discovery in the Chinese hamster genome using proteogenomics	Model organism or animal sample from Cricetulus griseus	Illumina HiSeq 2500 sequencing: CellLine11_2R	unspecified
SRR8165668	PRJNA504034	SRX4986318	SAMN10388079	NO_FLAG					Annotation improvement and retroviral element discovery in the Chinese hamster genome using proteogenomics	Model organism or animal sample from Cricetulus griseus	Illumina HiSeq 2500 sequencing: CellLine12_2R	unspecified
SRR8165678	PRJNA504034	SRX4986308	SAMN10388047	NO_FLAG					Annotation improvement and retroviral element discovery in the Chinese hamster genome using proteogenomics	Model organism or animal sample from Cricetulus griseus	Illumina HiSeq 2500 sequencing: CellLine1_3	unspecified
SRR8165682	PRJNA504034	SRX4986304	SAMN10388051	NO_FLAG					Annotation improvement and retroviral element discovery in the Chinese hamster genome using proteogenomics	Model organism or animal sample from Cricetulus griseus	Illumina HiSeq 2500 sequencing: CellLine3_1	unspecified
SRR9137508	PRJNA545135	SRX5910669	SAMN11874994	NO_FLAG					Interpreting an apoptotic corpse as anti-inflammatory involves a chloride sensing pathway	RaviLabHam.12: Slc12a2-deficient Phagocytes + Apoptotic Cells	NextSeq 500 sequencing: GSM3822312: RaviLabHam.12: Slc12a2-deficient Phagocytes + Apoptotic Cells Cricetulus griseus RNA-Seq	cDNA
SRR9151768	PRJNA545309	SRX5924884	SAMN11883826	NO_FLAG					Apoptotic cells actively release metabolite messanger with anti-inflammatory properties	DA-4	NextSeq 500 sequencing: GSM3827113: DA-4 Cricetulus griseus RNA-Seq	cDNA
SRR9620992	PRJNA551666	SRX6384003	SAMN12162723	NO_FLAG					Transcriptome profiles of antibody-producing CHO cells across different amplification strategies	CHO cells, A01_EXP	Illumina MiSeq sequencing: GSM3910578: CHO cells, A01_EXP Cricetulus griseus RNA-Seq	cDNA
SRR9620994	PRJNA551666	SRX6384003	SAMN12162723	NO_FLAG					Transcriptome profiles of antibody-producing CHO cells across different amplification strategies	CHO cells, A01_EXP	Illumina MiSeq sequencing: GSM3910578: CHO cells, A01_EXP Cricetulus griseus RNA-Seq	cDNA
SRR9621003	PRJNA551666	SRX6384006	SAMN12162720	NO_FLAG					Transcriptome profiles of antibody-producing CHO cells across different amplification strategies	CHO cells, A02_EXP_RLT	Illumina MiSeq sequencing: GSM3910581: CHO cells, A02_EXP_RLT Cricetulus griseus RNA-Seq	cDNA
SRR9621008	PRJNA551666	SRX6384007	SAMN12162719	NO_FLAG					Transcriptome profiles of antibody-producing CHO cells across different amplification strategies	CHO cells, A03_EXP_Duplicate	Illumina MiSeq sequencing: GSM3910582: CHO cells, A03_EXP_Duplicate Cricetulus griseus RNA-Seq	cDNA
SRR9621019	PRJNA551666	SRX6384010	SAMN12162716	NO_FLAG					Transcriptome profiles of antibody-producing CHO cells across different amplification strategies	CHO cells, A04_EXP	Illumina MiSeq sequencing: GSM3910585: CHO cells, A04_EXP Cricetulus griseus RNA-Seq	cDNA
SRR9621020	PRJNA551666	SRX6384010	SAMN12162716	NO_FLAG					Transcriptome profiles of antibody-producing CHO cells across different amplification strategies	CHO cells, A04_EXP	Illumina MiSeq sequencing: GSM3910585: CHO cells, A04_EXP Cricetulus griseus RNA-Seq	cDNA
SRR9621022	PRJNA551666	SRX6384010	SAMN12162716	NO_FLAG					Transcriptome profiles of antibody-producing CHO cells across different amplification strategies	CHO cells, A04_EXP	Illumina MiSeq sequencing: GSM3910585: CHO cells, A04_EXP Cricetulus griseus RNA-Seq	cDNA
SRR9621025	PRJNA551666	SRX6384011	SAMN12162715	NO_FLAG					Transcriptome profiles of antibody-producing CHO cells across different amplification strategies	CHO cells, A01_STA	Illumina MiSeq sequencing: GSM3910586: CHO cells, A01_STA Cricetulus griseus RNA-Seq	cDNA
SRR9621026	PRJNA551666	SRX6384011	SAMN12162715	NO_FLAG					Transcriptome profiles of antibody-producing CHO cells across different amplification strategies	CHO cells, A01_STA	Illumina MiSeq sequencing: GSM3910586: CHO cells, A01_STA Cricetulus griseus RNA-Seq	cDNA
SRR9621032	PRJNA551666	SRX6384013	SAMN12162713	NO_FLAG					Transcriptome profiles of antibody-producing CHO cells across different amplification strategies	CHO cells, A03_STA	Illumina MiSeq sequencing: GSM3910588: CHO cells, A03_STA Cricetulus griseus RNA-Seq	cDNA
SRR9621034	PRJNA551666	SRX6384013	SAMN12162713	NO_FLAG					Transcriptome profiles of antibody-producing CHO cells across different amplification strategies	CHO cells, A03_STA	Illumina MiSeq sequencing: GSM3910588: CHO cells, A03_STA Cricetulus griseus RNA-Seq	cDNA
SRR9621039	PRJNA551666	SRX6384015	SAMN12162711	NO_FLAG					Transcriptome profiles of antibody-producing CHO cells across different amplification strategies	CHO cells, A1-1_EXP	Illumina MiSeq sequencing: GSM3910590: CHO cells, A1-1_EXP Cricetulus griseus RNA-Seq	cDNA
SRR9621047	PRJNA551666	SRX6384017	SAMN12162709	NO_FLAG					Transcriptome profiles of antibody-producing CHO cells across different amplification strategies	CHO cells, A1-3_EXP	Illumina MiSeq sequencing: GSM3910592: CHO cells, A1-3_EXP Cricetulus griseus RNA-Seq	cDNA
SRR9621048	PRJNA551666	SRX6384017	SAMN12162709	NO_FLAG					Transcriptome profiles of antibody-producing CHO cells across different amplification strategies	CHO cells, A1-3_EXP	Illumina MiSeq sequencing: GSM3910592: CHO cells, A1-3_EXP Cricetulus griseus RNA-Seq	cDNA
SRR9621049	PRJNA551666	SRX6384017	SAMN12162709	NO_FLAG					Transcriptome profiles of antibody-producing CHO cells across different amplification strategies	CHO cells, A1-3_EXP	Illumina MiSeq sequencing: GSM3910592: CHO cells, A1-3_EXP Cricetulus griseus RNA-Seq	cDNA
SRR9621054	PRJNA551666	SRX6384018	SAMN12162708	NO_FLAG					Transcriptome profiles of antibody-producing CHO cells across different amplification strategies	CHO cells, A1-1_STA	Illumina MiSeq sequencing: GSM3910593: CHO cells, A1-1_STA Cricetulus griseus RNA-Seq	cDNA
SRR9621056	PRJNA551666	SRX6384019	SAMN12162707	NO_FLAG					Transcriptome profiles of antibody-producing CHO cells across different amplification strategies	CHO cells, A1-2_STA	Illumina MiSeq sequencing: GSM3910594: CHO cells, A1-2_STA Cricetulus griseus RNA-Seq	cDNA
SRR9621061	PRJNA551666	SRX6384020	SAMN12162706	NO_FLAG					Transcriptome profiles of antibody-producing CHO cells across different amplification strategies	CHO cells, A1-3_STA	Illumina MiSeq sequencing: GSM3910595: CHO cells, A1-3_STA Cricetulus griseus RNA-Seq	cDNA
SRR9621062	PRJNA551666	SRX6384020	SAMN12162706	NO_FLAG					Transcriptome profiles of antibody-producing CHO cells across different amplification strategies	CHO cells, A1-3_STA	Illumina MiSeq sequencing: GSM3910595: CHO cells, A1-3_STA Cricetulus griseus RNA-Seq	cDNA
SRR9621065	PRJNA551666	SRX6384021	SAMN12162705	NO_FLAG					Transcriptome profiles of antibody-producing CHO cells across different amplification strategies	CHO cells, NDST-1_EXP	Illumina MiSeq sequencing: GSM3910596: CHO cells, NDST-1_EXP Cricetulus griseus RNA-Seq	cDNA
SRR9621068	PRJNA551666	SRX6384022	SAMN12162704	NO_FLAG					Transcriptome profiles of antibody-producing CHO cells across different amplification strategies	CHO cells, NDST-2_EXP	Illumina MiSeq sequencing: GSM3910597: CHO cells, NDST-2_EXP Cricetulus griseus RNA-Seq	cDNA
SRR9621072	PRJNA551666	SRX6384023	SAMN12162703	NO_FLAG					Transcriptome profiles of antibody-producing CHO cells across different amplification strategies	CHO cells, NDST-3_EXP	Illumina MiSeq sequencing: GSM3910598: CHO cells, NDST-3_EXP Cricetulus griseus RNA-Seq	cDNA
SRR9621074	PRJNA551666	SRX6384023	SAMN12162703	NO_FLAG					Transcriptome profiles of antibody-producing CHO cells across different amplification strategies	CHO cells, NDST-3_EXP	Illumina MiSeq sequencing: GSM3910598: CHO cells, NDST-3_EXP Cricetulus griseus RNA-Seq	cDNA
SRR9621075	PRJNA551666	SRX6384024	SAMN12162702	NO_FLAG					Transcriptome profiles of antibody-producing CHO cells across different amplification strategies	CHO cells, NDST-1_STA	Illumina MiSeq sequencing: GSM3910599: CHO cells, NDST-1_STA Cricetulus griseus RNA-Seq	cDNA
SRR9621076	PRJNA551666	SRX6384024	SAMN12162702	NO_FLAG					Transcriptome profiles of antibody-producing CHO cells across different amplification strategies	CHO cells, NDST-1_STA	Illumina MiSeq sequencing: GSM3910599: CHO cells, NDST-1_STA Cricetulus griseus RNA-Seq	cDNA
SRR9621077	PRJNA551666	SRX6384024	SAMN12162702	NO_FLAG					Transcriptome profiles of antibody-producing CHO cells across different amplification strategies	CHO cells, NDST-1_STA	Illumina MiSeq sequencing: GSM3910599: CHO cells, NDST-1_STA Cricetulus griseus RNA-Seq	cDNA
SRR9846909	PRJNA556890	SRX6601534	SAMN12375427	NO_FLAG					Chemical dissection of vtamin D activity	control (DMSO)	Illumina HiSeq 2500 sequencing: GSM3981696: control (DMSO) Cricetulus griseus RNA-Seq	cDNA
SRR9846910	PRJNA556890	SRX6601535	SAMN12375426	NO_FLAG					Chemical dissection of vtamin D activity	25-hydroxyvitamin D3	Illumina HiSeq 2500 sequencing: GSM3981697: 25-hydroxyvitamin D3 Cricetulus griseus RNA-Seq	cDNA
SRR9846911	PRJNA556890	SRX6601536	SAMN12375425	NO_FLAG					Chemical dissection of vtamin D activity	selective SREBP inhibitor	Illumina HiSeq 2500 sequencing: GSM3981698: selective SREBP inhibitor Cricetulus griseus RNA-Seq	cDNA
SRR22143437	PRJNA896947	SRX18122742	SAMN31573491	NO_FLAG					EccDNA of a CHO-K1 clone	Model organism or animal sample from Cricetulus griseus	Illumina NovaSeq 6000 sequencing: RNA-seq of CHO-K1	DNase
SRR22143449	PRJNA896947	SRX18122730	SAMN31573491	NO_FLAG					EccDNA of a CHO-K1 clone	Model organism or animal sample from Cricetulus griseus	Illumina NovaSeq 6000 sequencing: RNA-seq of CHO-K1	DNase
SRR22246869	PRJNA899862	SRX18223562	SAMN31670978	NO_FLAG					Timecourse RNA Sequencing of three CHO cell lines: non-producing CHOZNÂ®GS-/-, an IgG1 producer, and an EPO-Fc producer	I23_D5_3	Illumina NovaSeq 6000 sequencing: GSM6723631: I23_D5_3 Cricetulus griseus RNA-Seq	cDNA
SRR22246875	PRJNA899862	SRX18223556	SAMN31670984	NO_FLAG					Timecourse RNA Sequencing of three CHO cell lines: non-producing CHOZNÂ®GS-/-, an IgG1 producer, and an EPO-Fc producer	E33_D3_3	Illumina NovaSeq 6000 sequencing: GSM6723625: E33_D3_3 Cricetulus griseus RNA-Seq	cDNA
SRR22246878	PRJNA899862	SRX18223553	SAMN31670987	NO_FLAG					Timecourse RNA Sequencing of three CHO cell lines: non-producing CHOZNÂ®GS-/-, an IgG1 producer, and an EPO-Fc producer	I23_D3_3	Illumina NovaSeq 6000 sequencing: GSM6723622: I23_D3_3 Cricetulus griseus RNA-Seq	cDNA
SRR22246879	PRJNA899862	SRX18223552	SAMN31670988	NO_FLAG					Timecourse RNA Sequencing of three CHO cell lines: non-producing CHOZNÂ®GS-/-, an IgG1 producer, and an EPO-Fc producer	I23_D3_2	Illumina NovaSeq 6000 sequencing: GSM6723621: I23_D3_2 Cricetulus griseus RNA-Seq	cDNA
SRR22246884	PRJNA899862	SRX18223547	SAMN31670993	NO_FLAG					Timecourse RNA Sequencing of three CHO cell lines: non-producing CHOZNÂ®GS-/-, an IgG1 producer, and an EPO-Fc producer	E33_D1_3	Illumina NovaSeq 6000 sequencing: GSM6723616: E33_D1_3 Cricetulus griseus RNA-Seq	cDNA
SRR22246885	PRJNA899862	SRX18223546	SAMN31670994	NO_FLAG					Timecourse RNA Sequencing of three CHO cell lines: non-producing CHOZNÂ®GS-/-, an IgG1 producer, and an EPO-Fc producer	E33_D1_2	Illumina NovaSeq 6000 sequencing: GSM6723615: E33_D1_2 Cricetulus griseus RNA-Seq	cDNA
SRR22246887	PRJNA899862	SRX18223544	SAMN31670996	NO_FLAG					Timecourse RNA Sequencing of three CHO cell lines: non-producing CHOZNÂ®GS-/-, an IgG1 producer, and an EPO-Fc producer	I23_D1_3	Illumina NovaSeq 6000 sequencing: GSM6723613: I23_D1_3 Cricetulus griseus RNA-Seq	cDNA
SRR22246893	PRJNA899862	SRX18223538	SAMN31670975	NO_FLAG					Timecourse RNA Sequencing of three CHO cell lines: non-producing CHOZNÂ®GS-/-, an IgG1 producer, and an EPO-Fc producer	E33_D5_3	Illumina NovaSeq 6000 sequencing: GSM6723634: E33_D5_3 Cricetulus griseus RNA-Seq	cDNA
SRR22246897	PRJNA899862	SRX18223534	SAMN31671003	NO_FLAG					Timecourse RNA Sequencing of three CHO cell lines: non-producing CHOZNÂ®GS-/-, an IgG1 producer, and an EPO-Fc producer	E33_D0_2	Illumina NovaSeq 6000 sequencing: GSM6723606: E33_D0_2 Cricetulus griseus RNA-Seq	cDNA
SRR22810193	PRJNA913861	SRX18769904	SAMN32309277	NO_FLAG					Xbp1 knockdown in CHO cells stably expressing Cdh13 (RNA-Seq)	Ctrl2	Illumina NovaSeq 6000 sequencing: GSM6858193: Ctrl2 Cricetulus griseus RNA-Seq	cDNA
SRR28349052	PRJNA1088164	SRX23955094	SAMN40463200	NO_FLAG					Systems biology analysis of CHO cell clonal variation	Model organism or animal sample from Cricetulus griseus	Illumina NovaSeq 6000 sequencing: RNA-seq of cricetulus griseus (CHO-S)	PCR
SRR28349055	PRJNA1088164	SRX23955091	SAMN40463197	NO_FLAG					Systems biology analysis of CHO cell clonal variation	Model organism or animal sample from Cricetulus griseus	Illumina NovaSeq 6000 sequencing: RNA-seq of cricetulus griseus (CHO-S)	PCR
SRR28349058	PRJNA1088164	SRX23955088	SAMN40463208	NO_FLAG					Systems biology analysis of CHO cell clonal variation	Model organism or animal sample from Cricetulus griseus	Illumina NovaSeq 6000 sequencing: RNA-seq of cricetulus griseus (CHO-S)	PCR
SRR28349059	PRJNA1088164	SRX23955087	SAMN40463207	NO_FLAG					Systems biology analysis of CHO cell clonal variation	Model organism or animal sample from Cricetulus griseus	Illumina NovaSeq 6000 sequencing: RNA-seq of cricetulus griseus (CHO-S)	PCR
SRR2922599	PRJNA302601	SRX1436209	SAMN04275176	NO_FLAG					Revealing suspension adapation of CHO cell in serum free media	SUS1_1	Illumina MiSeq sequencing: GSM1942563: SUS1_1 Cricetulus griseus RNA-Seq	cDNA
SRR2922601	PRJNA302601	SRX1436211	SAMN04275178	NO_FLAG					Revealing suspension adapation of CHO cell in serum free media	SUS2_1	Illumina MiSeq sequencing: GSM1942565: SUS2_1 Cricetulus griseus RNA-Seq	cDNA
SRR29441691	PRJNA1123849	SRX24954113	SAMN41829163	NO_FLAG					Transcriptomic Responses of HHBN-Treated CHO-K1 Cells	Model organism or animal sample from Cricetulus griseus	Illumina NovaSeq 6000 sequencing: RNA-seq of cricetulus griseus picr: exposure to 3,5-dibromo-2-hydroxybenzonitrile	PCR
SRR29441692	PRJNA1123849	SRX24954112	SAMN41829162	NO_FLAG					Transcriptomic Responses of HHBN-Treated CHO-K1 Cells	Model organism or animal sample from Cricetulus griseus	Illumina NovaSeq 6000 sequencing: RNA-seq of cricetulus griseus picr: exposure to 3,5-dibromo-2-hydroxybenzonitrile	PCR
SRR29441694	PRJNA1123849	SRX24954110	SAMN41829160	NO_FLAG					Transcriptomic Responses of HHBN-Treated CHO-K1 Cells	Model organism or animal sample from Cricetulus griseus	Illumina NovaSeq 6000 sequencing: RNA-seq of cricetulus griseus picr: exposure to 3,5-dibromo-2-hydroxybenzonitrile	PCR
SRR29441698	PRJNA1123849	SRX24954106	SAMN41829166	NO_FLAG					Transcriptomic Responses of HHBN-Treated CHO-K1 Cells	Model organism or animal sample from Cricetulus griseus	Illumina NovaSeq 6000 sequencing: RNA-seq of cricetulus griseus picr: exposure to 3,5-dibromo-2-hydroxybenzonitrile	PCR
SRR29672912	PRJNA1130622	SRX25176403	SAMN42212541	NO_FLAG					CHO serum-free adaptation, temperature, pH, glucose		Illumina HiSeq 2500 sequencing: RNA-Seq of cricetulus griseus: low temperature/pH	cDNA_oligo_dT
SRR29672931	PRJNA1130622	SRX25176383	SAMN42212547	NO_FLAG					CHO serum-free adaptation, temperature, pH, glucose		Illumina HiSeq 2500 sequencing: RNA-Seq of cricetulus griseus: low basal glucose	cDNA_oligo_dT
SRR29672939	PRJNA1130622	SRX25176376	SAMN42212532	NO_FLAG					CHO serum-free adaptation, temperature, pH, glucose		Illumina HiSeq 2500 sequencing: RNA-Seq of cricetulus griseus: low temperature/pH	cDNA_oligo_dT
SRR2968325	PRJNA304606	SRX1457797	SAMN04305212	NO_FLAG					RNA-sequencing analysis of a wildtype CHO cell line (CHO-K1), a mutant CHO cell line (pgsA745) that lacks xylosyltransferase (XylT) activity, and pgsA745 stably transfected with XylT1 (pgsA745-XylT1).	Pgsa745 rep1	Illumina HiSeq 2500 sequencing: GSM1958461: Pgsa745 rep1 Cricetulus griseus RNA-Seq	cDNA
SRR3161762	PRJNA311594	SRX1570965	SAMN04501032	NO_FLAG					CHO-S transcriptome in batch culture	84h-2	Illumina HiSeq 2500 sequencing: GSM2059631: 84h-2 Cricetulus griseus RNA-Seq	cDNA
SRR3161772	PRJNA311594	SRX1570975	SAMN04501042	NO_FLAG					CHO-S transcriptome in batch culture	108h-4	Illumina HiSeq 2500 sequencing: GSM2059641: 108h-4 Cricetulus griseus RNA-Seq	cDNA
SRR3161773	PRJNA311594	SRX1570976	SAMN04501043	NO_FLAG					CHO-S transcriptome in batch culture	120h-1	Illumina HiSeq 2500 sequencing: GSM2059642: 120h-1 Cricetulus griseus RNA-Seq	cDNA
SRR3161782	PRJNA311594	SRX1570985	SAMN04501052	NO_FLAG					CHO-S transcriptome in batch culture	144h-2	Illumina HiSeq 2500 sequencing: GSM2059651: 144h-2 Cricetulus griseus RNA-Seq	cDNA
SRR3161787	PRJNA311594	SRX1570990	SAMN04501057	NO_FLAG					CHO-S transcriptome in batch culture	156h-3	Illumina HiSeq 2500 sequencing: GSM2059656: 156h-3 Cricetulus griseus RNA-Seq	cDNA
SRR3161788	PRJNA311594	SRX1570991	SAMN04501058	NO_FLAG					CHO-S transcriptome in batch culture	156h-4	Illumina HiSeq 2500 sequencing: GSM2059657: 156h-4 Cricetulus griseus RNA-Seq	cDNA
SRR3161790	PRJNA311594	SRX1570993	SAMN04501060	NO_FLAG					CHO-S transcriptome in batch culture	168h-2	Illumina HiSeq 2500 sequencing: GSM2059659: 168h-2 Cricetulus griseus RNA-Seq	cDNA
SRR3161791	PRJNA311594	SRX1570994	SAMN04501061	NO_FLAG					CHO-S transcriptome in batch culture	168h-3	Illumina HiSeq 2500 sequencing: GSM2059660: 168h-3 Cricetulus griseus RNA-Seq	cDNA
SRR3161794	PRJNA311594	SRX1570997	SAMN04501064	NO_FLAG					CHO-S transcriptome in batch culture	180h-2	Illumina HiSeq 2500 sequencing: GSM2059663: 180h-2 Cricetulus griseus RNA-Seq	cDNA
SRR3284445	PRJNA316065	SRX1655602	SAMN04574677	REVIEW_STUDY_CONTEXT_ONLY			ribosome_profiling		Ribosome profiling-guided depletion of an mRNA improves CHO cell growth and recombinant product titers	Day3_rep2_RNAseq	Illumina HiSeq 2500 sequencing: GSM2096520: Day3_rep2_RNAseq Cricetulus griseus RNA-Seq	cDNA
SRR3284447	PRJNA316065	SRX1655603	SAMN04574678	REVIEW_STUDY_CONTEXT_ONLY			ribosome_profiling		Ribosome profiling-guided depletion of an mRNA improves CHO cell growth and recombinant product titers	Day3_rep3_RNAseq	Illumina HiSeq 2500 sequencing: GSM2096521: Day3_rep3_RNAseq Cricetulus griseus RNA-Seq	cDNA
SRR33198153	PRJNA1252143	SRX28445684	SAMN48037639	NO_FLAG					Enhanced Production of HCV E1E2 Subunit Vaccine Candidates via Protein-Protein Interaction Identification in Glyco-engineered CHO cells	wt-like, Sppl3 KO, rep1	Illumina NovaSeq X Plus sequencing: GSM8935934: wt-like, Sppl3 KO, rep1 Cricetulus griseus RNA-Seq	cDNA
SRR33198156	PRJNA1252143	SRX28445680	SAMN48037643	NO_FLAG					Enhanced Production of HCV E1E2 Subunit Vaccine Candidates via Protein-Protein Interaction Identification in Glyco-engineered CHO cells	wt-like, Sppl3 KO, E1E2, Furin,clone1_1, rep3	Illumina NovaSeq X Plus sequencing: GSM8935930: wt-like, Sppl3 KO, E1E2, Furin,clone1_1, rep3 Cricetulus griseus RNA-Seq	cDNA
SRR33198157	PRJNA1252143	SRX28445679	SAMN48037644	NO_FLAG					Enhanced Production of HCV E1E2 Subunit Vaccine Candidates via Protein-Protein Interaction Identification in Glyco-engineered CHO cells	wt-like, Sppl3 KO, E1E2, Furin,clone1_1, rep2	Illumina NovaSeq X Plus sequencing: GSM8935929: wt-like, Sppl3 KO, E1E2, Furin,clone1_1, rep2 Cricetulus griseus RNA-Seq	cDNA
SRR33198162	PRJNA1252143	SRX28445675	SAMN48037648	NO_FLAG					Enhanced Production of HCV E1E2 Subunit Vaccine Candidates via Protein-Protein Interaction Identification in Glyco-engineered CHO cells	Cell-line 1, Sppl3/Mgat2/St3gal3/4/6/B3gnt2 KO, cell-line1, rep1	Illumina NovaSeq X Plus sequencing: GSM8935924: Cell-line 1, Sppl3/Mgat2/St3gal3/4/6/B3gnt2 KO, cell-line1, rep1 Cricetulus griseus RNA-Seq	cDNA
SRR33198164	PRJNA1252143	SRX28445673	SAMN48037650	NO_FLAG					Enhanced Production of HCV E1E2 Subunit Vaccine Candidates via Protein-Protein Interaction Identification in Glyco-engineered CHO cells	Cell-line 1, Sppl3/Mgat2/St3gal3/4/6/B3gnt2 KO, E1E2, Furin,cell-line1_21, rep2	Illumina NovaSeq X Plus sequencing: GSM8935922: Cell-line 1, Sppl3/Mgat2/St3gal3/4/6/B3gnt2 KO, E1E2, Furin,cell-line1_21, rep2 Cricetulus griseus RNA-Seq	cDNA
SRR33309096	PRJNA1254963	SRX28553914	SAMN48140365	NO_FLAG					In situ detection and amplification of protein-protein interactions can increase recombinant protein production	G12, Rituximab, rep2	Illumina NovaSeq X Plus sequencing: GSM8951145: G12, Rituximab, rep2 Cricetulus griseus RNA-Seq	cDNA
SRR33309107	PRJNA1254963	SRX28553906	SAMN48140373	NO_FLAG					In situ detection and amplification of protein-protein interactions can increase recombinant protein production	E9, Rituximab, rep3	Illumina NovaSeq X Plus sequencing: GSM8951137: E9, Rituximab, rep3 Cricetulus griseus RNA-Seq	cDNA
SRR33309108	PRJNA1254963	SRX28553902	SAMN48140377	NO_FLAG					In situ detection and amplification of protein-protein interactions can increase recombinant protein production	E7, Rituximab, rep2	Illumina NovaSeq X Plus sequencing: GSM8951133: E7, Rituximab, rep2 Cricetulus griseus RNA-Seq	cDNA
SRR33309116	PRJNA1254963	SRX28553894	SAMN48140385	NO_FLAG					In situ detection and amplification of protein-protein interactions can increase recombinant protein production	B2, Rituximab, rep3	Illumina NovaSeq X Plus sequencing: GSM8951125: B2, Rituximab, rep3 Cricetulus griseus RNA-Seq	cDNA
SRR3401746	PRJNA318886	SRX1712691	SAMN04869814	NO_FLAG					RNA-Seq of CHO cell	Model organism or animal sample from Cricetulus griseus	Illumina HiSeq 2000 sequencing: RNA-Seq of CHO cell:CHO-K1 cells in stationary cultivation phase	unspecified
SRR35653646	PRJNA1335855	SRX30705858	SAMN52025842	NO_FLAG					Research on M6A in CHO cells	Model organism or animal sample from Cricetulus griseus	Illumina NovaSeq 6000 sequencing: OE-ALKBH5-3	cDNA
SRR35653647	PRJNA1335855	SRX30705857	SAMN52025842	NO_FLAG					Research on M6A in CHO cells	Model organism or animal sample from Cricetulus griseus	Illumina NovaSeq 6000 sequencing: OE-ALKBH5-2	cDNA
SRR35653651	PRJNA1335855	SRX30705853	SAMN52025841	NO_FLAG					Research on M6A in CHO cells	Model organism or animal sample from Cricetulus griseus	Illumina NovaSeq 6000 sequencing: Sh-ALKBH5-1	cDNA
SRR35653652	PRJNA1335855	SRX30705852	SAMN52025840	NO_FLAG					Research on M6A in CHO cells	Model organism or animal sample from Cricetulus griseus	Illumina NovaSeq 6000 sequencing: Control-3	cDNA
SRR3946102	PRJNA330832	SRX1971987	SAMN05426770	NO_FLAG					Cricetulus griseus Transcriptome or Gene expression	Gene expression in EGFR-TAM expressing CHO (Cricetulus griseus) cell lines	NextSeq 500 sequencing: EGFR-TAM signaling using RNASeq	RT-PCR
SRR3946107	PRJNA330832	SRX1971992	SAMN05426770	NO_FLAG					Cricetulus griseus Transcriptome or Gene expression	Gene expression in EGFR-TAM expressing CHO (Cricetulus griseus) cell lines	NextSeq 500 sequencing: EGFR-TAM signaling using RNASeq	RT-PCR
SRR3946109	PRJNA330832	SRX1971994	SAMN05426770	NO_FLAG					Cricetulus griseus Transcriptome or Gene expression	Gene expression in EGFR-TAM expressing CHO (Cricetulus griseus) cell lines	NextSeq 500 sequencing: EGFR-TAM signaling using RNASeq	RT-PCR
SRR39499717	PRJNA1489724	SRX34194510	SAMN61409213	NO_FLAG					RNA-seq analysis of multiplex CRISPR knockout gene sets in CHO-DG44-derived co-culture samples	101_TGFbeta	Illumina NovaSeq 6000 sequencing: 101_TGFbeta multiplex CRISPR gene-set co-culture RNA-seq replicate 3	PolyA
SRR39499718	PRJNA1489724	SRX34194509	SAMN61409212	NO_FLAG					RNA-seq analysis of multiplex CRISPR knockout gene sets in CHO-DG44-derived co-culture samples	101_TGFbeta	Illumina NovaSeq 6000 sequencing: 101_TGFbeta multiplex CRISPR gene-set co-culture RNA-seq replicate 2	PolyA
SRR39503243	PRJNA1489724	SRX34197918	SAMN61409216	NO_FLAG					RNA-seq analysis of multiplex CRISPR knockout gene sets in CHO-DG44-derived co-culture samples	122_Transcription	Illumina NovaSeq 6000 sequencing: 122_Transcription multiplex CRISPR gene-set co-culture RNA-seq replicate 2	PolyA
SRR39503244	PRJNA1489724	SRX34197917	SAMN61409215	NO_FLAG					RNA-seq analysis of multiplex CRISPR knockout gene sets in CHO-DG44-derived co-culture samples	122_Transcription	Illumina NovaSeq 6000 sequencing: 122_Transcription multiplex CRISPR gene-set co-culture RNA-seq replicate 1	PolyA
SRR39511190	PRJNA1489724	SRX34203865	SAMN61409230	NO_FLAG					RNA-seq analysis of multiplex CRISPR knockout gene sets in CHO-DG44-derived co-culture samples	Control_Intron	Illumina NovaSeq 6000 sequencing: Intron-targeting control co-culture RNA-seq replicate 4	PolyA
SRR39561850	PRJNA1492564	SRX34250724	SAMN61510925	NO_FLAG					DTT-induced transcriptome profiling reveals divergent ER proteostasis and stress-adaptation programs in CHO-S and apoptosis-resistant CHO-4BGD producer cell lines	HB8 producer clone replicate 2 untreated control	DNBSEQ-G400 sequencing: HB8 producer clone replicate 2 untreated control	PolyA
SRR39561853	PRJNA1492564	SRX34250721	SAMN61510922	NO_FLAG					DTT-induced transcriptome profiling reveals divergent ER proteostasis and stress-adaptation programs in CHO-S and apoptosis-resistant CHO-4BGD producer cell lines	DUL producer clone replicate 3 DTT-treated	DNBSEQ-G400 sequencing: DUL producer clone replicate 3 DTT-treated	PolyA
SRR39561855	PRJNA1492564	SRX34250719	SAMN61510920	NO_FLAG					DTT-induced transcriptome profiling reveals divergent ER proteostasis and stress-adaptation programs in CHO-S and apoptosis-resistant CHO-4BGD producer cell lines	DUL producer clone replicate 2 DTT-treated	DNBSEQ-G400 sequencing: DUL producer clone replicate 2 DTT-treated	PolyA
SRR39561856	PRJNA1492564	SRX34250718	SAMN61510919	NO_FLAG					DTT-induced transcriptome profiling reveals divergent ER proteostasis and stress-adaptation programs in CHO-S and apoptosis-resistant CHO-4BGD producer cell lines	DUL producer clone replicate 2 untreated control	DNBSEQ-G400 sequencing: DUL producer clone replicate 2 untreated control	PolyA
SRR39561859	PRJNA1492564	SRX34250715	SAMN61510918	NO_FLAG					DTT-induced transcriptome profiling reveals divergent ER proteostasis and stress-adaptation programs in CHO-S and apoptosis-resistant CHO-4BGD producer cell lines	DUL producer clone replicate 1 DTT-treated	DNBSEQ-G400 sequencing: DUL producer clone replicate 1 DTT-treated	PolyA
SRR40188909	PRJNA1497331	SRX34813914	SAMN61798551	NO_FLAG					Coordinated bioprocess optimization and Tcf7l1 overexpression synergistically increase recombinant antibody production in CHO cells	Model organism or animal sample from Cricetulus griseus	Illumina NovaSeq X Plus sequencing: RNA-seq of CHO cells	RT-PCR
SRR40188910	PRJNA1497331	SRX34813913	SAMN61798550	NO_FLAG					Coordinated bioprocess optimization and Tcf7l1 overexpression synergistically increase recombinant antibody production in CHO cells	Model organism or animal sample from Cricetulus griseus	Illumina NovaSeq X Plus sequencing: RNA-seq of CHO cells	RT-PCR
SRR40188912	PRJNA1497331	SRX34813911	SAMN61798548	NO_FLAG					Coordinated bioprocess optimization and Tcf7l1 overexpression synergistically increase recombinant antibody production in CHO cells	Model organism or animal sample from Cricetulus griseus	Illumina NovaSeq X Plus sequencing: RNA-seq of CHO cells	RT-PCR
SRR40310838	PRJNA1516528	SRX34926288	SAMN62608410	NO_FLAG					Transcriptomic profiling of exon-specific glutamine synthetase knockout CHO cell lines	Model organism or animal sample from Cricetulus griseus	Illumina NovaSeq 6000 sequencing: RNA-seq of E7 GS-knockout CHO cells, biological replicate 2	cDNA
SRR40310840	PRJNA1516528	SRX34926286	SAMN62608400	NO_FLAG					Transcriptomic profiling of exon-specific glutamine synthetase knockout CHO cell lines	Model organism or animal sample from Cricetulus griseus	Illumina NovaSeq 6000 sequencing: RNA-seq of EK1 CHO cells, biological replicate 1	cDNA
SRR4035675	PRJNA339147	SRX2026832	SAMN05580155	NO_FLAG					Next Generation Sequencing Facilitates Quantitative Analysis of miR-29b-1 and miR-29a targets in CHO-K1 cells	CHO-K1_7B	NextSeq 500 sequencing: GSM2282052: CHO-K1_7B Cricetulus griseus RNA-Seq	cDNA
SRR4035676	PRJNA339147	SRX2026833	SAMN05580154	NO_FLAG					Next Generation Sequencing Facilitates Quantitative Analysis of miR-29b-1 and miR-29a targets in CHO-K1 cells	CHO-K1_7C	NextSeq 500 sequencing: GSM2282053: CHO-K1_7C Cricetulus griseus RNA-Seq	cDNA
SRR4035679	PRJNA339147	SRX2026836	SAMN05580164	NO_FLAG					Next Generation Sequencing Facilitates Quantitative Analysis of miR-29b-1 and miR-29a targets in CHO-K1 cells	CHO-K1_8C	NextSeq 500 sequencing: GSM2282056: CHO-K1_8C Cricetulus griseus RNA-Seq	cDNA
DRR091431	PRJDB5737	DRX085006	SAMD00079368	NO_FLAG					Phenobarbital exposed CHO-K1 cells	0 mM phenobarbital exposed CHO-K1 cells	Illumina HiSeq 2000 sequencing: Illumina HiSeq 2000 sequencing of SAMD00079368	PolyA
DRR091433	PRJDB5737	DRX085007	SAMD00079369	NO_FLAG					Phenobarbital exposed CHO-K1 cells	0.25 mM phenobarbital exposed CHO-K1 cells	Illumina HiSeq 2000 sequencing: Illumina HiSeq 2000 sequencing of SAMD00079369	PolyA
DRR091434	PRJDB5737	DRX085007	SAMD00079369	NO_FLAG					Phenobarbital exposed CHO-K1 cells	0.25 mM phenobarbital exposed CHO-K1 cells	Illumina HiSeq 2000 sequencing: Illumina HiSeq 2000 sequencing of SAMD00079369	PolyA
DRR093872	PRJDB5831	DRX087368	SAMD00082620	NO_FLAG					CHO-DG44	CHO-DG44 SC20	Illumina HiSeq 2000 paired end sequencing: Illumina HiSeq 2000 paired end sequencing of SAMD00082620	PolyA
DRR093873	PRJDB5831	DRX087369	SAMD00082621	NO_FLAG					CHO-DG44	CHO-DG44 SC39	Illumina HiSeq 2000 paired end sequencing: Illumina HiSeq 2000 paired end sequencing of SAMD00082621	PolyA
DRR099459	PRJDB6126	DRX092937	SAMD00089412	NO_FLAG					Transcriptome of cultured CHO-S cells	Chinese Hamster Ovary (CHO-S) cells, 3 days in culture, time lag from harvesting cells to protecting RNA: 45 min, technical replicate: 1	NextSeq 500 sequencing: NextSeq 500 sequencing of SAMD00089412	PolyA
DRR099465	PRJDB6126	DRX092943	SAMD00089418	NO_FLAG					Transcriptome of cultured CHO-S cells	Chinese Hamster Ovary (CHO-S) cells, 5 days in culture, time lag from harvesting cells to protecting RNA: 15 min, technical replicate: 1	NextSeq 500 sequencing: NextSeq 500 sequencing of SAMD00089418	PolyA
DRR099470	PRJDB6126	DRX092948	SAMD00089423	NO_FLAG					Transcriptome of cultured CHO-S cells	Chinese Hamster Ovary (CHO-S) cells, 5 days in culture, time lag from harvesting cells to protecting RNA: 30 min, technical replicate: 3	NextSeq 500 sequencing: NextSeq 500 sequencing of SAMD00089423	PolyA
DRR099475	PRJDB6126	DRX092953	SAMD00089428	NO_FLAG					Transcriptome of cultured CHO-S cells	Chinese Hamster Ovary (CHO-S) cells, 5 days in culture, time lag from harvesting cells to protecting RNA: 60 min, technical replicate: 2	NextSeq 500 sequencing: NextSeq 500 sequencing of SAMD00089428	PolyA
DRR099478	PRJDB6126	DRX092956	SAMD00089431	NO_FLAG					Transcriptome of cultured CHO-S cells	Chinese Hamster Ovary (CHO-S) cells, 6 days in culture, time lag from harvesting cells to protecting RNA: 15 min, technical replicate: 2	NextSeq 500 sequencing: NextSeq 500 sequencing of SAMD00089431	PolyA
DRR099482	PRJDB6126	DRX092960	SAMD00089435	NO_FLAG					Transcriptome of cultured CHO-S cells	Chinese Hamster Ovary (CHO-S) cells, 6 days in culture, time lag from harvesting cells to protecting RNA: 30 min, technical replicate: 3	NextSeq 500 sequencing: NextSeq 500 sequencing of SAMD00089435	PolyA
DRR099486	PRJDB6126	DRX092964	SAMD00089439	NO_FLAG					Transcriptome of cultured CHO-S cells	Chinese Hamster Ovary (CHO-S) cells, 6 days in culture, time lag from harvesting cells to protecting RNA: 60 min, technical replicate: 1	NextSeq 500 sequencing: NextSeq 500 sequencing of SAMD00089439	PolyA
DRR099498	PRJDB6126	DRX092976	SAMD00089451	NO_FLAG					Transcriptome of cultured CHO-S cells	Chinese Hamster Ovary (CHO-S) cells, 7 days in culture, time lag from harvesting cells to protecting RNA: 60 min, technical replicate: 1	NextSeq 500 sequencing: NextSeq 500 sequencing of SAMD00089451	PolyA
DRR099499	PRJDB6126	DRX092977	SAMD00089452	NO_FLAG					Transcriptome of cultured CHO-S cells	Chinese Hamster Ovary (CHO-S) cells, 7 days in culture, time lag from harvesting cells to protecting RNA: 60 min, technical replicate: 2	NextSeq 500 sequencing: NextSeq 500 sequencing of SAMD00089452	PolyA
DRR164940	PRJDB7873	DRX155559	SAMD00156498	NO_FLAG					Thermal hysteresis in CHO K1, a Chinese Hamster (Cricetulus griseus) Ovary derived established cell line	CHO-K1_29_Celsius_degree_1 _rep1	NextSeq 500 sequencing: NextSeq 500 sequencing of SAMD00156498	PolyA
DRR164947	PRJDB7873	DRX155566	SAMD00156505	NO_FLAG					Thermal hysteresis in CHO K1, a Chinese Hamster (Cricetulus griseus) Ovary derived established cell line	CHO-K1_27_Celsius_degree_1_rep4	NextSeq 500 sequencing: NextSeq 500 sequencing of SAMD00156505	PolyA
DRR164948	PRJDB7873	DRX155567	SAMD00156506	NO_FLAG					Thermal hysteresis in CHO K1, a Chinese Hamster (Cricetulus griseus) Ovary derived established cell line	CHO-K1_29_Celsius_degree_2_rep1	NextSeq 500 sequencing: NextSeq 500 sequencing of SAMD00156506	PolyA
DRR164949	PRJDB7873	DRX155568	SAMD00156507	NO_FLAG					Thermal hysteresis in CHO K1, a Chinese Hamster (Cricetulus griseus) Ovary derived established cell line	CHO-K1_29_Celsius_degree_2_rep2	NextSeq 500 sequencing: NextSeq 500 sequencing of SAMD00156507	PolyA
DRR169273	PRJDB7945	DRX159887	SAMD00159356	NO_FLAG					Cell culture with semiconductor devices materials	Control_biological_replicate_5	NextSeq 500 sequencing: NextSeq 500 sequencing of SAMD00159356	cDNA
DRR169285	PRJDB7945	DRX159899	SAMD00159368	NO_FLAG					Cell culture with semiconductor devices materials	Silicon_nitride_biological_replicate_2	NextSeq 500 sequencing: NextSeq 500 sequencing of SAMD00159368	cDNA
DRR169296	PRJDB7945	DRX159910	SAMD00159379	NO_FLAG					Cell culture with semiconductor devices materials	Tantalum_nitride_biological_replicate_3	NextSeq 500 sequencing: NextSeq 500 sequencing of SAMD00159379	cDNA
DRR169302	PRJDB7945	DRX159916	SAMD00159385	NO_FLAG					Cell culture with semiconductor devices materials	Titanium_nitride_biological_replicate_4	NextSeq 500 sequencing: NextSeq 500 sequencing of SAMD00159385	cDNA
DRR524624	PRJDB17021	DRX508506	SAMD00731292	NO_FLAG					RNA Sequencing of Chinese Hamster Cell lines	Total RNA of CHO-S cells, 5x1000	Illumina NovaSeq 6000 paired end sequencing: Illumina NovaSeq 6000 paired end sequencing of SAMD00731292	Oligo-dT
DRR524625	PRJDB17021	DRX508507	SAMD00731293	NO_FLAG					RNA Sequencing of Chinese Hamster Cell lines	Total RNA of CHO-K1 cells, 5x1000	Illumina NovaSeq 6000 paired end sequencing: Illumina NovaSeq 6000 paired end sequencing of SAMD00731293	Oligo-dT
DRR706783	PRJDB35724	DRX686807	SAMD01599754	NO_FLAG					Comparative transcriptomic profiling of CHO and fast-growing CHL-YN cells	CHO-S-1, Batch culture, exponential growth phase	NextSeq 500 paired end sequencing: NextSeq 500 paired end sequencing of SAMD01599754	PolyA
DRR706784	PRJDB35724	DRX686808	SAMD01599755	NO_FLAG					Comparative transcriptomic profiling of CHO and fast-growing CHL-YN cells	CHO-S-2, Batch culture, exponential growth phase	NextSeq 500 paired end sequencing: NextSeq 500 paired end sequencing of SAMD01599755	PolyA
ERR10745712	PRJEB55916	ERX10195012	SAMEA111345350	REVIEW_STUDY_CONTEXT_ONLY			metabolic_labeling		SLAM-seq Reveals Early Transcriptomic Response Mechanisms upon Glutamine Deprivation in Chinese Hamster Ovary Cells	132344_2	Illumina NovaSeq 6000 sequencing	Inverse rRNA selection
ERR10745721	PRJEB55916	ERX10195021	SAMEA111345359	REVIEW_STUDY_CONTEXT_ONLY			metabolic_labeling		SLAM-seq Reveals Early Transcriptomic Response Mechanisms upon Glutamine Deprivation in Chinese Hamster Ovary Cells	132346_3	Illumina NovaSeq 6000 sequencing	Inverse rRNA selection
ERR10745722	PRJEB55916	ERX10195022	SAMEA111345360	REVIEW_STUDY_CONTEXT_ONLY			metabolic_labeling		SLAM-seq Reveals Early Transcriptomic Response Mechanisms upon Glutamine Deprivation in Chinese Hamster Ovary Cells	132346_4	Illumina NovaSeq 6000 sequencing	Inverse rRNA selection
ERR10745723	PRJEB55916	ERX10195023	SAMEA111345361	REVIEW_STUDY_CONTEXT_ONLY			metabolic_labeling		SLAM-seq Reveals Early Transcriptomic Response Mechanisms upon Glutamine Deprivation in Chinese Hamster Ovary Cells	132347_2	Illumina NovaSeq 6000 sequencing	Inverse rRNA selection
ERR10745726	PRJEB55916	ERX10195026	SAMEA111345364	REVIEW_STUDY_CONTEXT_ONLY			metabolic_labeling		SLAM-seq Reveals Early Transcriptomic Response Mechanisms upon Glutamine Deprivation in Chinese Hamster Ovary Cells	132348_1	Illumina NovaSeq 6000 sequencing	Inverse rRNA selection
ERR10745729	PRJEB55916	ERX10195029	SAMEA111345367	REVIEW_STUDY_CONTEXT_ONLY			metabolic_labeling		SLAM-seq Reveals Early Transcriptomic Response Mechanisms upon Glutamine Deprivation in Chinese Hamster Ovary Cells	132348_4	Illumina NovaSeq 6000 sequencing	Inverse rRNA selection
ERR10745732	PRJEB55916	ERX10195032	SAMEA111345370	REVIEW_STUDY_CONTEXT_ONLY			metabolic_labeling		SLAM-seq Reveals Early Transcriptomic Response Mechanisms upon Glutamine Deprivation in Chinese Hamster Ovary Cells	132349_3	Illumina NovaSeq 6000 sequencing	Inverse rRNA selection
ERR10745741	PRJEB55916	ERX10195041	SAMEA111345379	REVIEW_STUDY_CONTEXT_ONLY			metabolic_labeling		SLAM-seq Reveals Early Transcriptomic Response Mechanisms upon Glutamine Deprivation in Chinese Hamster Ovary Cells	132351_4	Illumina NovaSeq 6000 sequencing	Inverse rRNA selection
ERR10745744	PRJEB55916	ERX10195044	SAMEA111345382	REVIEW_STUDY_CONTEXT_ONLY			metabolic_labeling		SLAM-seq Reveals Early Transcriptomic Response Mechanisms upon Glutamine Deprivation in Chinese Hamster Ovary Cells	132352_3	Illumina NovaSeq 6000 sequencing	Inverse rRNA selection
ERR10745746	PRJEB55916	ERX10195046	SAMEA111345384	REVIEW_STUDY_CONTEXT_ONLY			metabolic_labeling		SLAM-seq Reveals Early Transcriptomic Response Mechanisms upon Glutamine Deprivation in Chinese Hamster Ovary Cells	132353_1	Illumina NovaSeq 6000 sequencing	Inverse rRNA selection
ERR15000459	PRJEB89701	ERX14404624	SAMEA118334024	NO_FLAG					Transcriptomic analysis of H1299, HEK293T and CHO-K1 treated with Filgotinib	Sample 15	Illumina NovaSeq 6000 sequencing: Transcriptomic analysis of H1299, HEK293T and CHO-K1 treated with Filgotinib	RANDOM
ERR15000463	PRJEB89701	ERX14404628	SAMEA118334028	NO_FLAG					Transcriptomic analysis of H1299, HEK293T and CHO-K1 treated with Filgotinib	Sample 19	Illumina NovaSeq 6000 sequencing: Transcriptomic analysis of H1299, HEK293T and CHO-K1 treated with Filgotinib	RANDOM
ERR15000471	PRJEB89701	ERX14404636	SAMEA118334036	NO_FLAG					Transcriptomic analysis of H1299, HEK293T and CHO-K1 treated with Filgotinib	Sample 26	Illumina NovaSeq 6000 sequencing: Transcriptomic analysis of H1299, HEK293T and CHO-K1 treated with Filgotinib	RANDOM
ERR15000473	PRJEB89701	ERX14404638	SAMEA118334038	NO_FLAG					Transcriptomic analysis of H1299, HEK293T and CHO-K1 treated with Filgotinib	Sample 28	Illumina NovaSeq 6000 sequencing: Transcriptomic analysis of H1299, HEK293T and CHO-K1 treated with Filgotinib	RANDOM
ERR15000476	PRJEB89701	ERX14404641	SAMEA118334041	NO_FLAG					Transcriptomic analysis of H1299, HEK293T and CHO-K1 treated with Filgotinib	Sample 30	Illumina NovaSeq 6000 sequencing: Transcriptomic analysis of H1299, HEK293T and CHO-K1 treated with Filgotinib	RANDOM
ERR16729281	PRJEB108721	ERX16120890	SAMEA121759870	NO_FLAG					Time series multi-omics data generation and analysis in a CHO fed-batch culture	B12_D14	Illumina NovaSeq 6000 sequencing	RANDOM PCR
ERR16729292	PRJEB108721	ERX16120901	SAMEA121759881	NO_FLAG					Time series multi-omics data generation and analysis in a CHO fed-batch culture	B14_D6	Illumina NovaSeq 6000 sequencing	RANDOM PCR
ERR16729294	PRJEB108721	ERX16120903	SAMEA121759883	NO_FLAG					Time series multi-omics data generation and analysis in a CHO fed-batch culture	B14_D8	Illumina NovaSeq 6000 sequencing	RANDOM PCR
ERR16729296	PRJEB108721	ERX16120905	SAMEA121759885	NO_FLAG					Time series multi-omics data generation and analysis in a CHO fed-batch culture	B14_D12	Illumina NovaSeq 6000 sequencing	RANDOM PCR
ERR16729297	PRJEB108721	ERX16120906	SAMEA121759886	NO_FLAG					Time series multi-omics data generation and analysis in a CHO fed-batch culture	B14_D14	Illumina NovaSeq 6000 sequencing	RANDOM PCR
ERR1983096	PRJEB14303	ERX2043472	SAMEA4467466	NO_FLAG					CHO_cell_line_transcriptome_____	4258STDY6437279	Illumina HiSeq 2500 paired end sequencing	cDNA
ERR2593200	PRJEB9291	ERX2609476	SAMEA4681448	NO_FLAG					Dynamic changes in expression levels and histone modifications were analyzed in a CHO-K1 batch culture by capturing expression profiles every 24 hours and histone modifications every 12 hours for understanding the contribution of epigenetic regulation on culture behavior of CHO cells.	Expression profile of CHO-K1_8mM_Gln	Illumina HiSeq 2000 paired end sequencing	unspecified
ERR2593204	PRJEB9291	ERX2609480	SAMEA4681452	NO_FLAG					Dynamic changes in expression levels and histone modifications were analyzed in a CHO-K1 batch culture by capturing expression profiles every 24 hours and histone modifications every 12 hours for understanding the contribution of epigenetic regulation on culture behavior of CHO cells.	Expression profile of CHO-K1_8mM_Gln	Illumina HiSeq 2000 paired end sequencing	unspecified
ERR2593205	PRJEB9291	ERX2609481	SAMEA4681453	NO_FLAG					Dynamic changes in expression levels and histone modifications were analyzed in a CHO-K1 batch culture by capturing expression profiles every 24 hours and histone modifications every 12 hours for understanding the contribution of epigenetic regulation on culture behavior of CHO cells.	Expression profile of CHO-K1_8mM_Gln	Illumina HiSeq 2000 paired end sequencing	unspecified
ERR3001882	PRJEB30364	ERX3004246	SAMEA5176891	NO_FLAG					Transcriptional profiling of Chinese hamster ovary (CHO) cells exposed to 2,3,7,8-tetrachlorodibenzo-p-dioxin (TCDD)	Hamster ovarian cells exposed to TCDD for 3h (3n)	Illumina HiSeq 2500 paired end sequencing	cDNA
ERR3001886	PRJEB30364	ERX3004250	SAMEA5176895	NO_FLAG					Transcriptional profiling of Chinese hamster ovary (CHO) cells exposed to 2,3,7,8-tetrachlorodibenzo-p-dioxin (TCDD)	Hamster ovarian cells exposed to TCDD for 12h (2n)	Illumina HiSeq 2500 paired end sequencing	cDNA
ERR3001889	PRJEB30364	ERX3004253	SAMEA5176898	NO_FLAG					Transcriptional profiling of Chinese hamster ovary (CHO) cells exposed to 2,3,7,8-tetrachlorodibenzo-p-dioxin (TCDD)	Control hamster ovarian cells incubated for 24h (1n)	Illumina HiSeq 2500 paired end sequencing	cDNA
ERR3374025	PRJEB33024	ERX3398177	SAMEA5713994	NO_FLAG					Cold inducible genes and promoters in Chinese Hamster Ovary cells were identified by analyzing transcriptome data of cultivation before and after temperature shift from 37 to 33Â°C	Expression profile of CHO-K1 at 33Â°C	Illumina HiSeq 2500 sequencing	Oligo-dT
ERR3668310	PRJEB35183	ERX3659842	SAMEA6235205	NO_FLAG					Endogenous retroviral elements of CHO cells	AOKS-38: K14 / Chinese Hamster Ovary Cell supernatant RNA	NextSeq 500 paired end sequencing	cDNA
ERR4184073	PRJEB38542	ERX4147364	SAMEA6870274	NO_FLAG					Investigation of Trancriptome and methylome changes in Chinese Hamster Ovary cells after single cell cloning	Transcriptome of subclone 1-C3 Replicate 2	Illumina NovaSeq 6000 sequencing	size fractionation
ERR4184076	PRJEB38542	ERX4147367	SAMEA6870277	NO_FLAG					Investigation of Trancriptome and methylome changes in Chinese Hamster Ovary cells after single cell cloning	Transcriptome of subclone 1-C7 Replicate 1	Illumina NovaSeq 6000 sequencing	size fractionation
ERR4184079	PRJEB38542	ERX4147370	SAMEA6870280	NO_FLAG					Investigation of Trancriptome and methylome changes in Chinese Hamster Ovary cells after single cell cloning	Transcriptome of subclone 1-E2 Replicate 2	Illumina NovaSeq 6000 sequencing	size fractionation
ERR4184082	PRJEB38542	ERX4147373	SAMEA6870283	NO_FLAG					Investigation of Trancriptome and methylome changes in Chinese Hamster Ovary cells after single cell cloning	Transcriptome of subclone Parent Replicate 1	Illumina NovaSeq 6000 sequencing	size fractionation
ERR4184083	PRJEB38542	ERX4147374	SAMEA6870284	NO_FLAG					Investigation of Trancriptome and methylome changes in Chinese Hamster Ovary cells after single cell cloning	Transcriptome of subclone Parent Replicate 2	Illumina NovaSeq 6000 sequencing	size fractionation
ERR4319912	PRJEB39258	ERX4268279	SAMEA7040950	NO_FLAG					Predicting favorable landing pads for targeted integrations in Chinese hamster ovary cell lines by learning stability characteristics from random transgene integrations	Horizon CHO-K1	Illumina HiSeq 4000 paired end sequencing	unspecified
ERR4319915	PRJEB39258	ERX4268282	SAMEA7040949	NO_FLAG					Predicting favorable landing pads for targeted integrations in Chinese hamster ovary cell lines by learning stability characteristics from random transgene integrations	Horizon CHO-K1	Illumina HiSeq 4000 paired end sequencing	unspecified
ERR4319916	PRJEB39258	ERX4268283	SAMEA7040958	NO_FLAG					Predicting favorable landing pads for targeted integrations in Chinese hamster ovary cell lines by learning stability characteristics from random transgene integrations	Horizon CHO-K1	Illumina HiSeq 4000 paired end sequencing	unspecified
ERR4319924	PRJEB39258	ERX4268291	SAMEA7040952	NO_FLAG					Predicting favorable landing pads for targeted integrations in Chinese hamster ovary cell lines by learning stability characteristics from random transgene integrations	Horizon CHO-K1	Illumina HiSeq 4000 paired end sequencing	unspecified
ERR4319927	PRJEB39258	ERX4268294	SAMEA7040944	NO_FLAG					Predicting favorable landing pads for targeted integrations in Chinese hamster ovary cell lines by learning stability characteristics from random transgene integrations	CHO-K1 ATCC	Illumina HiSeq 4000 paired end sequencing	unspecified
ERR4319929	PRJEB39258	ERX4268296	SAMEA7040962	NO_FLAG					Predicting favorable landing pads for targeted integrations in Chinese hamster ovary cell lines by learning stability characteristics from random transgene integrations	CHO-K1 ATCC	Illumina HiSeq 4000 paired end sequencing	unspecified
SRR10215655	PRJNA575354	SRX6935335	SAMN12886793	EXCLUDE_SPECIALIZED	metabolic_labeling	sample_title:metabolic_labeling;experiment_title:metabolic_labeling			Codon and amino acid content regulate mRNA stability in mammalian cells	CHO_8_hr_metabolic_labeling	Illumina HiSeq 2500 sequencing: GSM4104564: CHO_8_hr_metabolic_labeling Cricetulus griseus RNA-Seq	cDNA
SRR11184908	PRJNA599947	SRX7805411	SAMN13762564	NO_FLAG					Effects of ammonia stress on recombinant CHO-K1 cells expressing the anti-HIV antibody VRC01 (IgG1)	Model organism or animal sample from Cricetulus griseus	Illumina NovaSeq 6000 sequencing: RNA-Seq of Cricetulus griseus: treatment group (10mM NH3 addition), day 6	Oligo-dT
SRR11184912	PRJNA599947	SRX7805407	SAMN13762560	NO_FLAG					Effects of ammonia stress on recombinant CHO-K1 cells expressing the anti-HIV antibody VRC01 (IgG1)	Model organism or animal sample from Cricetulus griseus	Illumina NovaSeq 6000 sequencing: RNA-Seq of Cricetulus griseus: treatment group (10mM NH3 addition), day 3	Oligo-dT
SRR11184913	PRJNA599947	SRX7805406	SAMN13762559	NO_FLAG					Effects of ammonia stress on recombinant CHO-K1 cells expressing the anti-HIV antibody VRC01 (IgG1)	Model organism or animal sample from Cricetulus griseus	Illumina NovaSeq 6000 sequencing: RNA-Seq of Cricetulus griseus: treatment group (10mM NH3 addition), day 3	Oligo-dT
SRR11184916	PRJNA599947	SRX7805402	SAMN13762567	NO_FLAG					Effects of ammonia stress on recombinant CHO-K1 cells expressing the anti-HIV antibody VRC01 (IgG1)	Model organism or animal sample from Cricetulus griseus	Illumina NovaSeq 6000 sequencing: RNA-Seq of Cricetulus griseus: treatment group (10mM NH3 addition), day 9	Oligo-dT
SRR11184919	PRJNA599947	SRX7805400	SAMN13762565	NO_FLAG					Effects of ammonia stress on recombinant CHO-K1 cells expressing the anti-HIV antibody VRC01 (IgG1)	Model organism or animal sample from Cricetulus griseus	Illumina NovaSeq 6000 sequencing: RNA-Seq of Cricetulus griseus: control group (0mM NH3 addition), day 9	Oligo-dT
SRR11350313	PRJNA613438	SRX7952176	SAMN14404316	NO_FLAG					Transcriptome of temporal growth in CHO-S cells in batch culture	T108_4	Illumina HiSeq 2500 sequencing: T108_4	DNase
SRR11721643	PRJNA630824	SRX8280941	SAMN14846019	NO_FLAG					Abhd11 knockout in CHO cells	Model organism or animal sample from Cricetulus griseus	NextSeq 500 sequencing: RNA Seq of CHO cell in exponential growth in media without glutamine, Control strain A, replicate 1	PolyA
SRR11721652	PRJNA630824	SRX8280932	SAMN14846011	NO_FLAG					Abhd11 knockout in CHO cells	Model organism or animal sample from Cricetulus griseus	NextSeq 500 sequencing: RNA Seq of CHO cell in exponential growth in media without glutamine, Abhd11 KO strain A, replicate 2	PolyA
SRR11721655	PRJNA630824	SRX8280929	SAMN14846008	NO_FLAG					Abhd11 knockout in CHO cells	Model organism or animal sample from Cricetulus griseus	NextSeq 500 sequencing: RNA Seq of CHO cell in exponential growth in media with glutamine, Control strain B, replicate 2	PolyA
SRR11721656	PRJNA630824	SRX8280928	SAMN14846007	NO_FLAG					Abhd11 knockout in CHO cells	Model organism or animal sample from Cricetulus griseus	NextSeq 500 sequencing: RNA Seq of CHO cell in exponential growth in media with glutamine, Control strain B, replicate 1	PolyA
SRR12194145	PRJNA645419	SRX8707288	SAMN15504221	NO_FLAG					Systematic identification of safe harbor regions in the CHO genome through a comprehensive epigenome analysis	Model organism or animal sample from Cricetulus griseus	NextSeq 550 sequencing: RNAseq of CHO-K1 VRC01 antibody production cell line replicate 3	unspecified
SRR12194152	PRJNA645419	SRX8707281	SAMN15504220	NO_FLAG					Systematic identification of safe harbor regions in the CHO genome through a comprehensive epigenome analysis	Model organism or animal sample from Cricetulus griseus	NextSeq 550 sequencing: RNAseq of CHO-K1 host cell line replicate 1	unspecified
SRR12587964	PRJNA661407	SRX9074579	SAMN16057385	RETAIN_BULK_EVIDENCE			single_cell_rna	experiment_title	Single cell RNASeq of the CHO K1 DP12 cell line	Model organism or animal sample from Cricetulus griseus	Illumina HiSeq 4000 sequencing: Bulk RNASeq of the CHO K1 DP12 cell line: Replicate 4	PolyA
SRR12618091	PRJNA662582	SRX9101121	SAMN16089549	NO_FLAG					Secretory pathway differences between HEK293 and CHO enable rescue of difficult to express human proteins	CHO_BMP10	Illumina MiSeq sequencing: GSM4774044: CHO_BMP10 Cricetulus griseus RNA-Seq	cDNA
SRR12618094	PRJNA662582	SRX9101122	SAMN16089547	NO_FLAG					Secretory pathway differences between HEK293 and CHO enable rescue of difficult to express human proteins	CHO_CCL20	Illumina MiSeq sequencing: GSM4774045: CHO_CCL20 Cricetulus griseus RNA-Seq	cDNA
SRR12618097	PRJNA662582	SRX9101123	SAMN16089546	NO_FLAG					Secretory pathway differences between HEK293 and CHO enable rescue of difficult to express human proteins	CHO_CCL28	Illumina MiSeq sequencing: GSM4774046: CHO_CCL28 Cricetulus griseus RNA-Seq	cDNA
SRR12618101	PRJNA662582	SRX9101125	SAMN16089593	NO_FLAG					Secretory pathway differences between HEK293 and CHO enable rescue of difficult to express human proteins	CHO_Control_pQMCF	Illumina MiSeq sequencing: GSM4774048: CHO_Control_pQMCF Cricetulus griseus RNA-Seq	cDNA
SRR12618115	PRJNA662582	SRX9101131	SAMN16089586	NO_FLAG					Secretory pathway differences between HEK293 and CHO enable rescue of difficult to express human proteins	CHO_HGF	Illumina MiSeq sequencing: GSM4774054: CHO_HGF Cricetulus griseus RNA-Seq	cDNA
SRR12618119	PRJNA662582	SRX9101133	SAMN16089584	NO_FLAG					Secretory pathway differences between HEK293 and CHO enable rescue of difficult to express human proteins	CHO_LOX	Illumina MiSeq sequencing: GSM4774056: CHO_LOX Cricetulus griseus RNA-Seq	cDNA
SRR12618124	PRJNA662582	SRX9101135	SAMN16089582	NO_FLAG					Secretory pathway differences between HEK293 and CHO enable rescue of difficult to express human proteins	CHO_NRTN_PP	Illumina MiSeq sequencing: GSM4774058: CHO_NRTN_PP Cricetulus griseus RNA-Seq	cDNA
SRR12618131	PRJNA662582	SRX9101138	SAMN16089579	NO_FLAG					Secretory pathway differences between HEK293 and CHO enable rescue of difficult to express human proteins	CHO_POSTN	Illumina MiSeq sequencing: GSM4774061: CHO_POSTN Cricetulus griseus RNA-Seq	cDNA
SRR14860925	PRJNA739051	SRX11178688	SAMN19770454	NO_FLAG					Autophagy and intracellular product degradation genes reduce aggregation of bispecific antibody in CHO cells with a high translational burden	Model organism or animal sample from Cricetulus griseus	Illumina HiSeq 2500 sequencing: RNA-Seq of Cricetulus griseus: expressing Ab1-agg	RANDOM
SRR14860926	PRJNA739051	SRX11178687	SAMN19770453	NO_FLAG					Autophagy and intracellular product degradation genes reduce aggregation of bispecific antibody in CHO cells with a high translational burden	Model organism or animal sample from Cricetulus griseus	Illumina HiSeq 2500 sequencing: RNA-Seq of Cricetulus griseus: expressing Ab1-less	RANDOM
SRR14860927	PRJNA739051	SRX11178686	SAMN19770453	NO_FLAG					Autophagy and intracellular product degradation genes reduce aggregation of bispecific antibody in CHO cells with a high translational burden	Model organism or animal sample from Cricetulus griseus	Illumina HiSeq 2500 sequencing: RNA-Seq of Cricetulus griseus: expressing Ab1-less	RANDOM
SRR14860933	PRJNA739051	SRX11178680	SAMN19770456	NO_FLAG					Autophagy and intracellular product degradation genes reduce aggregation of bispecific antibody in CHO cells with a high translational burden	Model organism or animal sample from Cricetulus griseus	Illumina HiSeq 2500 sequencing: RNA-Seq of Cricetulus griseus: expressing Ab2-OPT-agg	RANDOM
SRR14860935	PRJNA739051	SRX11178678	SAMN19770456	NO_FLAG					Autophagy and intracellular product degradation genes reduce aggregation of bispecific antibody in CHO cells with a high translational burden	Model organism or animal sample from Cricetulus griseus	Illumina HiSeq 2500 sequencing: RNA-Seq of Cricetulus griseus: expressing Ab2-OPT-agg	RANDOM
SRR14860941	PRJNA739051	SRX11178672	SAMN19770451	NO_FLAG					Autophagy and intracellular product degradation genes reduce aggregation of bispecific antibody in CHO cells with a high translational burden	Model organism or animal sample from Cricetulus griseus	Illumina HiSeq 2500 sequencing: RNA-Seq of Cricetulus griseus: no expression vector	RANDOM
SRR14860942	PRJNA739051	SRX11178671	SAMN19770451	NO_FLAG					Autophagy and intracellular product degradation genes reduce aggregation of bispecific antibody in CHO cells with a high translational burden	Model organism or animal sample from Cricetulus griseus	Illumina HiSeq 2500 sequencing: RNA-Seq of Cricetulus griseus: no expression vector	RANDOM
SRR15111553	PRJNA746067	SRX11420374	SAMN20179685	NO_FLAG					Warburg-null Chinese hamster ovary cell line RNA-Seq	Model organism or animal sample from Cricetulus griseus	NextSeq 500 sequencing: RNASeq of Warburg-null CHO-K1 cells in shake flask culture, day 2, replicate 2	Oligo-dT
SRR15111557	PRJNA746067	SRX11420370	SAMN20179681	NO_FLAG					Warburg-null Chinese hamster ovary cell line RNA-Seq	Model organism or animal sample from Cricetulus griseus	NextSeq 500 sequencing: RNASeq of wildtype CHO-S cells in bioreactors, replicate 1	Oligo-dT
SRR15111559	PRJNA746067	SRX11420368	SAMN20179679	NO_FLAG					Warburg-null Chinese hamster ovary cell line RNA-Seq	Model organism or animal sample from Cricetulus griseus	NextSeq 500 sequencing: RNASeq of Warburg-null CHO-S cells in bioreactors, clone 0-F5, replicate 2	Oligo-dT
SRR15111564	PRJNA746067	SRX11420363	SAMN20179672	NO_FLAG					Warburg-null Chinese hamster ovary cell line RNA-Seq	Model organism or animal sample from Cricetulus griseus	NextSeq 500 sequencing: RNASeq of Warburg-null CHO-S cells in shake flask culture, clone 0-B6, replicate 1	Oligo-dT
SRR15111572	PRJNA746067	SRX11420355	SAMN20179695	NO_FLAG					Warburg-null Chinese hamster ovary cell line RNA-Seq	Model organism or animal sample from Cricetulus griseus	NextSeq 500 sequencing: RNASeq of wildtype CHO-K1 cells in shake flask culture, day 3, replicate 3	Oligo-dT
SRR15111573	PRJNA746067	SRX11420354	SAMN20179694	NO_FLAG					Warburg-null Chinese hamster ovary cell line RNA-Seq	Model organism or animal sample from Cricetulus griseus	NextSeq 500 sequencing: RNASeq of wildtype CHO-K1 cells in shake flask culture, day 3, replicate 2	Oligo-dT
SRR15111574	PRJNA746067	SRX11420353	SAMN20179693	NO_FLAG					Warburg-null Chinese hamster ovary cell line RNA-Seq	Model organism or animal sample from Cricetulus griseus	NextSeq 500 sequencing: RNASeq of wildtype CHO-K1 cells in shake flask culture, day 3, replicate 1	Oligo-dT
SRR15111576	PRJNA746067	SRX11420351	SAMN20179691	NO_FLAG					Warburg-null Chinese hamster ovary cell line RNA-Seq	Model organism or animal sample from Cricetulus griseus	NextSeq 500 sequencing: RNASeq of wildtype CHO-K1 cells in shake flask culture, day 2, replicate 2	Oligo-dT
SRR15111577	PRJNA746067	SRX11420350	SAMN20179690	NO_FLAG					Warburg-null Chinese hamster ovary cell line RNA-Seq	Model organism or animal sample from Cricetulus griseus	NextSeq 500 sequencing: RNASeq of wildtype CHO-K1 cells in shake flask culture, day 2, replicate 1	Oligo-dT
SRR15111578	PRJNA746067	SRX11420349	SAMN20179689	NO_FLAG					Warburg-null Chinese hamster ovary cell line RNA-Seq	Model organism or animal sample from Cricetulus griseus	NextSeq 500 sequencing: RNASeq of Warburg-null CHO-K1 cells in shake flask culture, day 3, replicate 3	Oligo-dT
SRR15111579	PRJNA746067	SRX11420348	SAMN20179688	NO_FLAG					Warburg-null Chinese hamster ovary cell line RNA-Seq	Model organism or animal sample from Cricetulus griseus	NextSeq 500 sequencing: RNASeq of Warburg-null CHO-K1 cells in shake flask culture, day 3, replicate 2	Oligo-dT
SRR1516214	PRJNA255418	SRX653805	SAMN02918450	NO_FLAG					Mre11 suppresses replication stress and gene amplification proficiency	Control sample A	Illumina Genome Analyzer IIx sequencing: GSM1437747: Control sample A Cricetulus griseus RNA-Seq	cDNA
SRR15221371	PRJNA749145	SRX11527345	SAMN20355393	NO_FLAG					Restoration of deficient DNA Repair Genes Mitigates Genome Instability and Increases Productivity of Chinese Hamster Ovary Cells	Model organism or animal sample from Cricetulus griseus	Illumina HiSeq 4000 sequencing: RNA-Seq of CHO-K1-WT	cDNA
SRR15221383	PRJNA749145	SRX11527333	SAMN20355393	NO_FLAG					Restoration of deficient DNA Repair Genes Mitigates Genome Instability and Increases Productivity of Chinese Hamster Ovary Cells	Model organism or animal sample from Cricetulus griseus	Illumina HiSeq 4000 sequencing: RNA-Seq of CHO-K1-WT	cDNA
SRR15221385	PRJNA749145	SRX11527331	SAMN20355393	NO_FLAG					Restoration of deficient DNA Repair Genes Mitigates Genome Instability and Increases Productivity of Chinese Hamster Ovary Cells	Model organism or animal sample from Cricetulus griseus	Illumina HiSeq 4000 sequencing: RNA-Seq of CHO-K1-WT	cDNA
SRR15221390	PRJNA749145	SRX11527326	SAMN20355395	NO_FLAG					Restoration of deficient DNA Repair Genes Mitigates Genome Instability and Increases Productivity of Chinese Hamster Ovary Cells	Model organism or animal sample from Cricetulus griseus	Illumina HiSeq 4000 sequencing: RNA-Seq of CHO-K1-ATMplus_PRKDCplus	cDNA
SRR15221393	PRJNA749145	SRX11527323	SAMN20355395	NO_FLAG					Restoration of deficient DNA Repair Genes Mitigates Genome Instability and Increases Productivity of Chinese Hamster Ovary Cells	Model organism or animal sample from Cricetulus griseus	Illumina HiSeq 4000 sequencing: RNA-Seq of CHO-K1-ATMplus_PRKDCplus	cDNA
SRR15923892	PRJNA763926	SRX12214016	SAMN21462896	NO_FLAG					Murine mast cell and mastocytoma transcriptome	Model organism or animal sample from Cricetulus griseus	Illumina HiSeq 4000 sequencing: RNA-Seq of Cricetulus griseus:ovary cells	RT-PCR
SRR15923900	PRJNA763926	SRX12214008	SAMN21462896	NO_FLAG					Murine mast cell and mastocytoma transcriptome	Model organism or animal sample from Cricetulus griseus	Illumina HiSeq 4000 sequencing: RNA-Seq of Cricetulus griseus:ovary cells	RT-PCR
SRR16796943	PRJNA778050	SRX12995938	SAMN22901735	NO_FLAG					Ribosome footprint profiling of the CHO cell response to reduced cell culture temperature	Total RNA-seq temerature shifted replicate 4	NextSeq 500 sequencing: Total RNA-seq of temperature shifted CHO-K1 cell line - Replicate 4	Inverse rRNA
SRR16796971	PRJNA778050	SRX12995910	SAMN22901729	NO_FLAG					Ribosome footprint profiling of the CHO cell response to reduced cell culture temperature	Total RNA-seq non-temerature shifted replicate 2	NextSeq 500 sequencing: Total RNA-seq of non-temperature shifted CHO-K1 cell line - Replicate 2	Inverse rRNA
SRR16980328	PRJNA766998	SRX13171157	SAMN23296634	NO_FLAG					Systems biology greatly improve activity of secreted therapeutic sulfatase in CHO bioprocess	Model organism or animal sample from Cricetulus griseus	Illumina HiSeq 2500 sequencing: clone B high cell density day 17	RANDOM
SRR16980338	PRJNA766998	SRX13171147	SAMN23296634	NO_FLAG					Systems biology greatly improve activity of secreted therapeutic sulfatase in CHO bioprocess	Model organism or animal sample from Cricetulus griseus	Illumina HiSeq 2500 sequencing: clone B without copper day 14	RANDOM
SRR16980339	PRJNA766998	SRX13171146	SAMN23296634	NO_FLAG					Systems biology greatly improve activity of secreted therapeutic sulfatase in CHO bioprocess	Model organism or animal sample from Cricetulus griseus	Illumina HiSeq 2500 sequencing: clone B without copper day 14	RANDOM
SRR16980341	PRJNA766998	SRX13171144	SAMN23296634	NO_FLAG					Systems biology greatly improve activity of secreted therapeutic sulfatase in CHO bioprocess	Model organism or animal sample from Cricetulus griseus	Illumina HiSeq 2500 sequencing: clone A without copper day 14	RANDOM
SRR16980348	PRJNA766998	SRX13171137	SAMN23296634	NO_FLAG					Systems biology greatly improve activity of secreted therapeutic sulfatase in CHO bioprocess	Model organism or animal sample from Cricetulus griseus	Illumina HiSeq 2500 sequencing: clone A high cell density day 14	RANDOM
SRR16980356	PRJNA766998	SRX13171129	SAMN23296634	NO_FLAG					Systems biology greatly improve activity of secreted therapeutic sulfatase in CHO bioprocess	Model organism or animal sample from Cricetulus griseus	Illumina HiSeq 2500 sequencing: clone B without copper day 12	RANDOM
SRR16980362	PRJNA766998	SRX13171123	SAMN23296634	NO_FLAG					Systems biology greatly improve activity of secreted therapeutic sulfatase in CHO bioprocess	Model organism or animal sample from Cricetulus griseus	Illumina HiSeq 2500 sequencing: clone A high cell density day 12	RANDOM
SRR16980363	PRJNA766998	SRX13171122	SAMN23296634	NO_FLAG					Systems biology greatly improve activity of secreted therapeutic sulfatase in CHO bioprocess	Model organism or animal sample from Cricetulus griseus	Illumina HiSeq 2500 sequencing: clone B standard condition day 12	RANDOM
SRR16980369	PRJNA766998	SRX13171116	SAMN23296634	NO_FLAG					Systems biology greatly improve activity of secreted therapeutic sulfatase in CHO bioprocess	Model organism or animal sample from Cricetulus griseus	Illumina HiSeq 2500 sequencing: clone B without copper day 6	RANDOM
SRR16980372	PRJNA766998	SRX13171113	SAMN23296634	NO_FLAG					Systems biology greatly improve activity of secreted therapeutic sulfatase in CHO bioprocess	Model organism or animal sample from Cricetulus griseus	Illumina HiSeq 2500 sequencing: clone B high cell density day 6	RANDOM
SRR17085234	PRJNA785251	SRX13273392	SAMN23551696	NO_FLAG					Whole genomic RNA sequencing of the Paradaux cell line after long-term culture	Para1: Paradoxical feedback, Replicate1	Illumina HiSeq 2500 sequencing: GSM5710430: Para1: Paradoxical feedback, Replicate1 Cricetulus griseus RNA-Seq	cDNA
SRR17085236	PRJNA785251	SRX13273392	SAMN23551696	NO_FLAG					Whole genomic RNA sequencing of the Paradaux cell line after long-term culture	Para1: Paradoxical feedback, Replicate1	Illumina HiSeq 2500 sequencing: GSM5710430: Para1: Paradoxical feedback, Replicate1 Cricetulus griseus RNA-Seq	cDNA
SRR17085238	PRJNA785251	SRX13273392	SAMN23551696	NO_FLAG					Whole genomic RNA sequencing of the Paradaux cell line after long-term culture	Para1: Paradoxical feedback, Replicate1	Illumina HiSeq 2500 sequencing: GSM5710430: Para1: Paradoxical feedback, Replicate1 Cricetulus griseus RNA-Seq	cDNA
SRR17085249	PRJNA785251	SRX13273390	SAMN23551698	NO_FLAG					Whole genomic RNA sequencing of the Paradaux cell line after long-term culture	Neg6: Negative feedback, Replicate6	Illumina HiSeq 2500 sequencing: GSM5710428: Neg6: Negative feedback, Replicate6 Cricetulus griseus RNA-Seq	cDNA
SRR17085265	PRJNA785251	SRX13273387	SAMN23551701	NO_FLAG					Whole genomic RNA sequencing of the Paradaux cell line after long-term culture	Neg3: Negative feedback, Replicate3	Illumina HiSeq 2500 sequencing: GSM5710425: Neg3: Negative feedback, Replicate3 Cricetulus griseus RNA-Seq	cDNA
SRR17085280	PRJNA785251	SRX13273384	SAMN23551704	NO_FLAG					Whole genomic RNA sequencing of the Paradaux cell line after long-term culture	unCt4: uncontrolled growth, Replicate4	Illumina HiSeq 2500 sequencing: GSM5710422: unCt4: uncontrolled growth, Replicate4 Cricetulus griseus RNA-Seq	cDNA
SRR17085284	PRJNA785251	SRX13273383	SAMN23551705	NO_FLAG					Whole genomic RNA sequencing of the Paradaux cell line after long-term culture	unCt3: uncontrolled growth, Replicate3	Illumina HiSeq 2500 sequencing: GSM5710421: unCt3: uncontrolled growth, Replicate3 Cricetulus griseus RNA-Seq	cDNA
SRR17085285	PRJNA785251	SRX13273383	SAMN23551705	NO_FLAG					Whole genomic RNA sequencing of the Paradaux cell line after long-term culture	unCt3: uncontrolled growth, Replicate3	Illumina HiSeq 2500 sequencing: GSM5710421: unCt3: uncontrolled growth, Replicate3 Cricetulus griseus RNA-Seq	cDNA
SRR17085300	PRJNA785251	SRX13273381	SAMN23551707	NO_FLAG					Whole genomic RNA sequencing of the Paradaux cell line after long-term culture	unCt1: uncontrolled growth, Replicate1	Illumina HiSeq 2500 sequencing: GSM5710419: unCt1: uncontrolled growth, Replicate1 Cricetulus griseus RNA-Seq	cDNA
SRR17085301	PRJNA785251	SRX13273381	SAMN23551707	NO_FLAG					Whole genomic RNA sequencing of the Paradaux cell line after long-term culture	unCt1: uncontrolled growth, Replicate1	Illumina HiSeq 2500 sequencing: GSM5710419: unCt1: uncontrolled growth, Replicate1 Cricetulus griseus RNA-Seq	cDNA
SRR17085307	PRJNA785251	SRX13273380	SAMN23551708	NO_FLAG					Whole genomic RNA sequencing of the Paradaux cell line after long-term culture	Parental	Illumina HiSeq 2500 sequencing: GSM5710418: Parental Cricetulus griseus RNA-Seq	cDNA
SRR17085312	PRJNA785251	SRX13273379	SAMN23551690	NO_FLAG					Whole genomic RNA sequencing of the Paradaux cell line after long-term culture	Para7: Paradoxical feedback, Replicate7	Illumina HiSeq 2500 sequencing: GSM5710436: Para7: Paradoxical feedback, Replicate7 Cricetulus griseus RNA-Seq	cDNA
SRR17085319	PRJNA785251	SRX13273378	SAMN23551691	NO_FLAG					Whole genomic RNA sequencing of the Paradaux cell line after long-term culture	Para6: Paradoxical feedback, Replicate6	Illumina HiSeq 2500 sequencing: GSM5710435: Para6: Paradoxical feedback, Replicate6 Cricetulus griseus RNA-Seq	cDNA
SRR17085322	PRJNA785251	SRX13273377	SAMN23551692	NO_FLAG					Whole genomic RNA sequencing of the Paradaux cell line after long-term culture	Para5: Paradoxical feedback, Replicate5	Illumina HiSeq 2500 sequencing: GSM5710434: Para5: Paradoxical feedback, Replicate5 Cricetulus griseus RNA-Seq	cDNA
SRR17085336	PRJNA785251	SRX13273375	SAMN23551694	NO_FLAG					Whole genomic RNA sequencing of the Paradaux cell line after long-term culture	Para3: Paradoxical feedback, Replicate3	Illumina HiSeq 2500 sequencing: GSM5710432: Para3: Paradoxical feedback, Replicate3 Cricetulus griseus RNA-Seq	cDNA
SRR17085338	PRJNA785251	SRX13273374	SAMN23551695	NO_FLAG					Whole genomic RNA sequencing of the Paradaux cell line after long-term culture	Para2: Paradoxical feedback, Replicate2	Illumina HiSeq 2500 sequencing: GSM5710431: Para2: Paradoxical feedback, Replicate2 Cricetulus griseus RNA-Seq	cDNA
SRR17085340	PRJNA785251	SRX13273374	SAMN23551695	NO_FLAG					Whole genomic RNA sequencing of the Paradaux cell line after long-term culture	Para2: Paradoxical feedback, Replicate2	Illumina HiSeq 2500 sequencing: GSM5710431: Para2: Paradoxical feedback, Replicate2 Cricetulus griseus RNA-Seq	cDNA
SRR18163655	PRJNA810994	SRX14311064	SAMN26308029	NO_FLAG					Comparison of transcriptional profile of CHO cells cultured in different media.	PR0126_15_b	Illumina HiSeq 2000 sequencing: GSM5920729: PR0126_15_b Cricetulus griseus RNA-Seq	cDNA
SRR18163657	PRJNA810994	SRX14311062	SAMN26308031	NO_FLAG					Comparison of transcriptional profile of CHO cells cultured in different media.	PR0126_13_b	Illumina HiSeq 2000 sequencing: GSM5920727: PR0126_13_b Cricetulus griseus RNA-Seq	cDNA
SRR18163658	PRJNA810994	SRX14311061	SAMN26308032	NO_FLAG					Comparison of transcriptional profile of CHO cells cultured in different media.	PR0126_12_b	Illumina HiSeq 2000 sequencing: GSM5920726: PR0126_12_b Cricetulus griseus RNA-Seq	cDNA
SRR18163661	PRJNA810994	SRX14311058	SAMN26308035	NO_FLAG					Comparison of transcriptional profile of CHO cells cultured in different media.	PR0126_09_b	Illumina HiSeq 2000 sequencing: GSM5920723: PR0126_09_b Cricetulus griseus RNA-Seq	cDNA
SRR18163663	PRJNA810994	SRX14311056	SAMN26308037	NO_FLAG					Comparison of transcriptional profile of CHO cells cultured in different media.	PR0126_07_b	Illumina HiSeq 2000 sequencing: GSM5920721: PR0126_07_b Cricetulus griseus RNA-Seq	cDNA
SRR18163669	PRJNA810994	SRX14311050	SAMN26308043	NO_FLAG					Comparison of transcriptional profile of CHO cells cultured in different media.	PR0126_01_b	Illumina HiSeq 2000 sequencing: GSM5920715: PR0126_01_b Cricetulus griseus RNA-Seq	cDNA
SRR18502232	PRJNA820638	SRX14633664	SAMN27019295	NO_FLAG					Distinct cellular tools of mild hyperthermia-induced acquired stress tolerance in Chinese Hamster Ovary cells	CHO 40Â°C_1h_C2	NextSeq 550 sequencing: GSM5974758: CHO 40Â°C_1h_C2 Cricetulus griseus RNA-Seq	cDNA
SRR18502236	PRJNA820638	SRX14633660	SAMN27019299	NO_FLAG					Distinct cellular tools of mild hyperthermia-induced acquired stress tolerance in Chinese Hamster Ovary cells	CHO Ctrl_C1	NextSeq 550 sequencing: GSM5974754: CHO Ctrl_C1 Cricetulus griseus RNA-Seq	cDNA
SRR19256299	PRJNA839086	SRX15316776	SAMN28495776	NO_FLAG					Stability and transcriptomic study of C12orf35 site-specific integrated CHO cell line	CD33-2	Illumina NovaSeq 6000 sequencing: GSM6164892: CD33-2 Cricetulus griseus RNA-Seq	cDNA
SRR19256303	PRJNA839086	SRX15316772	SAMN28495780	NO_FLAG					Stability and transcriptomic study of C12orf35 site-specific integrated CHO cell line	CLL1-1	Illumina NovaSeq 6000 sequencing: GSM6164888: CLL1-1 Cricetulus griseus RNA-Seq	cDNA
SRR19256304	PRJNA839086	SRX15316771	SAMN28495781	NO_FLAG					Stability and transcriptomic study of C12orf35 site-specific integrated CHO cell line	CHOS-3	Illumina NovaSeq 6000 sequencing: GSM6164887: CHOS-3 Cricetulus griseus RNA-Seq	cDNA
SRR22143448	PRJNA896947	SRX18122731	SAMN31573491	NO_FLAG					EccDNA of a CHO-K1 clone	Model organism or animal sample from Cricetulus griseus	Illumina NovaSeq 6000 sequencing: RNA-seq of CHO-K1	DNase
SRR22246871	PRJNA899862	SRX18223560	SAMN31670980	NO_FLAG					Timecourse RNA Sequencing of three CHO cell lines: non-producing CHOZNÂ®GS-/-, an IgG1 producer, and an EPO-Fc producer	I23_D5_1	Illumina NovaSeq 6000 sequencing: GSM6723629: I23_D5_1 Cricetulus griseus RNA-Seq	cDNA
SRR22246872	PRJNA899862	SRX18223559	SAMN31670981	NO_FLAG					Timecourse RNA Sequencing of three CHO cell lines: non-producing CHOZNÂ®GS-/-, an IgG1 producer, and an EPO-Fc producer	ZN_D5_3	Illumina NovaSeq 6000 sequencing: GSM6723628: ZN_D5_3 Cricetulus griseus RNA-Seq	cDNA
SRR22246889	PRJNA899862	SRX18223542	SAMN31670998	NO_FLAG					Timecourse RNA Sequencing of three CHO cell lines: non-producing CHOZNÂ®GS-/-, an IgG1 producer, and an EPO-Fc producer	I23_D1_1	Illumina NovaSeq 6000 sequencing: GSM6723611: I23_D1_1 Cricetulus griseus RNA-Seq	cDNA
SRR22246890	PRJNA899862	SRX18223541	SAMN31670999	NO_FLAG					Timecourse RNA Sequencing of three CHO cell lines: non-producing CHOZNÂ®GS-/-, an IgG1 producer, and an EPO-Fc producer	ZN_D1_3	Illumina NovaSeq 6000 sequencing: GSM6723610: ZN_D1_3 Cricetulus griseus RNA-Seq	cDNA
SRR22246894	PRJNA899862	SRX18223537	SAMN31670976	NO_FLAG					Timecourse RNA Sequencing of three CHO cell lines: non-producing CHOZNÂ®GS-/-, an IgG1 producer, and an EPO-Fc producer	E33_D5_2	Illumina NovaSeq 6000 sequencing: GSM6723633: E33_D5_2 Cricetulus griseus RNA-Seq	cDNA
SRR22246895	PRJNA899862	SRX18223536	SAMN31670977	NO_FLAG					Timecourse RNA Sequencing of three CHO cell lines: non-producing CHOZNÂ®GS-/-, an IgG1 producer, and an EPO-Fc producer	E33_D5_1	Illumina NovaSeq 6000 sequencing: GSM6723632: E33_D5_1 Cricetulus griseus RNA-Seq	cDNA
SRR22246899	PRJNA899862	SRX18223532	SAMN31671005	NO_FLAG					Timecourse RNA Sequencing of three CHO cell lines: non-producing CHOZNÂ®GS-/-, an IgG1 producer, and an EPO-Fc producer	I23_D0_3	Illumina NovaSeq 6000 sequencing: GSM6723604: I23_D0_3 Cricetulus griseus RNA-Seq	cDNA
SRR22246900	PRJNA899862	SRX18223531	SAMN31671006	NO_FLAG					Timecourse RNA Sequencing of three CHO cell lines: non-producing CHOZNÂ®GS-/-, an IgG1 producer, and an EPO-Fc producer	I23_D0_2	Illumina NovaSeq 6000 sequencing: GSM6723603: I23_D0_2 Cricetulus griseus RNA-Seq	cDNA
SRR22246903	PRJNA899862	SRX18223528	SAMN31671009	NO_FLAG					Timecourse RNA Sequencing of three CHO cell lines: non-producing CHOZNÂ®GS-/-, an IgG1 producer, and an EPO-Fc producer	ZN_D0_2	Illumina NovaSeq 6000 sequencing: GSM6723600: ZN_D0_2 Cricetulus griseus RNA-Seq	cDNA
SRR24099901	PRJNA953054	SRX19900050	SAMN34105229	NO_FLAG					Hexokinase 2 and lactate mediated gene expression via histone H3 lysine 18 lactylation (CHO RNA-Seq)	CHO_LAC_rep3	Illumina NovaSeq 6000 sequencing: GSM7156053: CHO_LAC_rep3 Cricetulus griseus RNA-Seq	cDNA
SRR24099904	PRJNA953054	SRX19900047	SAMN34105232	NO_FLAG					Hexokinase 2 and lactate mediated gene expression via histone H3 lysine 18 lactylation (CHO RNA-Seq)	CHO_WTHK2_rep3	Illumina NovaSeq 6000 sequencing: GSM7156050: CHO_WTHK2_rep3 Cricetulus griseus RNA-Seq	cDNA
SRR24099907	PRJNA953054	SRX19900044	SAMN34105235	NO_FLAG					Hexokinase 2 and lactate mediated gene expression via histone H3 lysine 18 lactylation (CHO RNA-Seq)	CHO_EV_rep3	Illumina NovaSeq 6000 sequencing: GSM7156047: CHO_EV_rep3 Cricetulus griseus RNA-Seq	cDNA
SRR24099908	PRJNA953054	SRX19900043	SAMN34105236	NO_FLAG					Hexokinase 2 and lactate mediated gene expression via histone H3 lysine 18 lactylation (CHO RNA-Seq)	CHO_EV_rep2	Illumina NovaSeq 6000 sequencing: GSM7156046: CHO_EV_rep2 Cricetulus griseus RNA-Seq	cDNA
SRR24650910	PRJNA974014	SRX20431028	SAMN35159448	NO_FLAG					Heritable non-genetic phenotypes are enriched for stress responses as a form of bet hedging	NoiseControl_Sample1_Bulk-Population-1	Illumina HiSeq 4000 sequencing: GSM7383685: NoiseControl_Sample1_Bulk-Population-1 Cricetulus griseus RNA-Seq	cDNA
SRR24650926	PRJNA974014	SRX20431012	SAMN35159425	NO_FLAG					Heritable non-genetic phenotypes are enriched for stress responses as a form of bet hedging	NoiseControl_Sample24_Bulk-Population-24	Illumina HiSeq 4000 sequencing: GSM7383708: NoiseControl_Sample24_Bulk-Population-24 Cricetulus griseus RNA-Seq	cDNA
SRR24650941	PRJNA974014	SRX20430997	SAMN35159400	NO_FLAG					Heritable non-genetic phenotypes are enriched for stress responses as a form of bet hedging	StressFB_Day5_Flask6_Fed-Batch-5-6	Illumina HiSeq 4000 sequencing: GSM7383733: StressFB_Day5_Flask6_Fed-Batch-5-6 Cricetulus griseus RNA-Seq	cDNA
SRR24650946	PRJNA974014	SRX20430992	SAMN35159405	NO_FLAG					Heritable non-genetic phenotypes are enriched for stress responses as a form of bet hedging	StressFB_Day5_Flask1_Fed-Batch-5-1	Illumina HiSeq 4000 sequencing: GSM7383728: StressFB_Day5_Flask1_Fed-Batch-5-1 Cricetulus griseus RNA-Seq	cDNA
SRR24650948	PRJNA974014	SRX20430990	SAMN35159407	NO_FLAG					Heritable non-genetic phenotypes are enriched for stress responses as a form of bet hedging	StressFB_Day0_Flask2_Fed-Batch-0-2	Illumina HiSeq 4000 sequencing: GSM7383726: StressFB_Day0_Flask2_Fed-Batch-0-2 Cricetulus griseus RNA-Seq	cDNA
SRR24650954	PRJNA974014	SRX20430984	SAMN35159437	NO_FLAG					Heritable non-genetic phenotypes are enriched for stress responses as a form of bet hedging	NoiseControl_Sample12_Bulk-Population-12	Illumina HiSeq 4000 sequencing: GSM7383696: NoiseControl_Sample12_Bulk-Population-12 Cricetulus griseus RNA-Seq	cDNA
SRR24650957	PRJNA974014	SRX20430981	SAMN35159464	NO_FLAG					Heritable non-genetic phenotypes are enriched for stress responses as a form of bet hedging	MemorySeq_Sample25_Single-Cell-25	Illumina HiSeq 4000 sequencing: GSM7383669: MemorySeq_Sample25_Single-Cell-25 Cricetulus griseus RNA-Seq	cDNA
SRR24650958	PRJNA974014	SRX20430980	SAMN35159465	NO_FLAG					Heritable non-genetic phenotypes are enriched for stress responses as a form of bet hedging	MemorySeq_Sample23_Single-Cell-23	Illumina HiSeq 4000 sequencing: GSM7383668: MemorySeq_Sample23_Single-Cell-23 Cricetulus griseus RNA-Seq	cDNA
SRR24650962	PRJNA974014	SRX20430976	SAMN35159469	NO_FLAG					Heritable non-genetic phenotypes are enriched for stress responses as a form of bet hedging	MemorySeq_Sample19_Single-Cell-19	Illumina HiSeq 4000 sequencing: GSM7383664: MemorySeq_Sample19_Single-Cell-19 Cricetulus griseus RNA-Seq	cDNA
SRR24650967	PRJNA974014	SRX20430971	SAMN35159410	NO_FLAG					Heritable non-genetic phenotypes are enriched for stress responses as a form of bet hedging	NoiseControl_Sample39_Bulk-Population-39	Illumina HiSeq 4000 sequencing: GSM7383723: NoiseControl_Sample39_Bulk-Population-39 Cricetulus griseus RNA-Seq	cDNA
SRR24650969	PRJNA974014	SRX20430969	SAMN35159412	NO_FLAG					Heritable non-genetic phenotypes are enriched for stress responses as a form of bet hedging	NoiseControl_Sample37_Bulk-Population-37	Illumina HiSeq 4000 sequencing: GSM7383721: NoiseControl_Sample37_Bulk-Population-37 Cricetulus griseus RNA-Seq	cDNA
SRR24650988	PRJNA974014	SRX20430950	SAMN35159479	NO_FLAG					Heritable non-genetic phenotypes are enriched for stress responses as a form of bet hedging	MemorySeq_Sample9_Single-Cell-9	Illumina HiSeq 4000 sequencing: GSM7383654: MemorySeq_Sample9_Single-Cell-9 Cricetulus griseus RNA-Seq	cDNA
SRR24651003	PRJNA974014	SRX20431030	SAMN35159422	NO_FLAG					Heritable non-genetic phenotypes are enriched for stress responses as a form of bet hedging	NoiseControl_Sample27_Bulk-Population-27	Illumina HiSeq 4000 sequencing: GSM7383711: NoiseControl_Sample27_Bulk-Population-27 Cricetulus griseus RNA-Seq	cDNA
SRR25184720	PRJNA992436	SRX20932346	SAMN36352946	NO_FLAG					DYNAMICS OF AMINO ACID METABOLISM, GENE EXPRESSION, AND CIRCULOMICS IN A RECOMBINANT CHINESE HAMSTER OVARY CELL LINE ADAPTED TO MODERATE AND HIGH LEVELS OF EXTRACELLULAR LACTATE	Model organism or animal sample from Cricetulus griseus	Illumina NovaSeq 6000 sequencing: RNA-Seq of CHOK1 cells under lactate adaptation	Oligo-dT
ERR3972086	PRJEB37009	ERX3975423	SAMEA6602844	NO_FLAG					Directed Evolution Approach to enhance Efficiency and Speed of Outgrowth during Single Cell Subcloning of Chinese Hamster Ovary Cells	Expression profile of CHO K1 8mM replicate 1	Illumina HiSeq 2500 sequencing	Inverse rRNA selection
ERR3972088	PRJEB37009	ERX3975425	SAMEA6602846	NO_FLAG					Directed Evolution Approach to enhance Efficiency and Speed of Outgrowth during Single Cell Subcloning of Chinese Hamster Ovary Cells	Expression profile of CHO K1 8mM DE replicate 1	Illumina HiSeq 2500 sequencing	Inverse rRNA selection
ERR3972089	PRJEB37009	ERX3975426	SAMEA6602847	NO_FLAG					Directed Evolution Approach to enhance Efficiency and Speed of Outgrowth during Single Cell Subcloning of Chinese Hamster Ovary Cells	Expression profile of CHO K1 8mM DE replicate 2	Illumina HiSeq 2500 sequencing	Inverse rRNA selection
SRR10572658	PRJNA593052	SRX7254148	SAMN13451145	NO_FLAG					Transcriptomic analysis of reducing CHO cell culture temperature	Normal temperature replicate 3	NextSeq 500 sequencing: RNA-Seq of CHOK1 cell line	RANDOM
SRR10572659	PRJNA593052	SRX7254147	SAMN13451144	NO_FLAG					Transcriptomic analysis of reducing CHO cell culture temperature	Normal temperature replicate 2	NextSeq 500 sequencing: RNA-Seq of CHOK1 cell line	RANDOM
SRR10572661	PRJNA593052	SRX7254145	SAMN13451142	NO_FLAG					Transcriptomic analysis of reducing CHO cell culture temperature	Reduced temperature replicate 4	NextSeq 500 sequencing: RNA-Seq of CHOK1 cell line	RANDOM
SRR10572662	PRJNA593052	SRX7254144	SAMN13451141	NO_FLAG					Transcriptomic analysis of reducing CHO cell culture temperature	Reduced temperature replicate 3	NextSeq 500 sequencing: RNA-Seq of CHOK1 cell line	RANDOM
SRR10669489	PRJNA594947	SRX7347964	SAMN13541377	NO_FLAG					Change in translation efficiency by RNG140-GFP overexpression in CHO cells	rna.1402	Illumina HiSeq 4000 sequencing: GSM4214039: rna.1402 Cricetulus griseus RNA-Seq	cDNA
SRR10995638	PRJNA604220	SRX7656771	SAMN13957914	NO_FLAG					Multiplex secretome engineering enhances recombinant protein production and purity	WT-Rituximab-Day6_rep1	NextSeq 500 sequencing: GSM4292487: WT-Rituximab-Day6_rep1 Cricetulus griseus RNA-Seq	cDNA
SRR10995644	PRJNA604220	SRX7656773	SAMN13957912	NO_FLAG					Multiplex secretome engineering enhances recombinant protein production and purity	WT-Rituximab-Day4_rep2	NextSeq 500 sequencing: GSM4292489: WT-Rituximab-Day4_rep2 Cricetulus griseus RNA-Seq	cDNA
SRR10995652	PRJNA604220	SRX7656775	SAMN13957910	NO_FLAG					Multiplex secretome engineering enhances recombinant protein production and purity	WT-Rituximab-Day8_rep2	NextSeq 500 sequencing: GSM4292491: WT-Rituximab-Day8_rep2 Cricetulus griseus RNA-Seq	cDNA
SRR10995654	PRJNA604220	SRX7656775	SAMN13957910	NO_FLAG					Multiplex secretome engineering enhances recombinant protein production and purity	WT-Rituximab-Day8_rep2	NextSeq 500 sequencing: GSM4292491: WT-Rituximab-Day8_rep2 Cricetulus griseus RNA-Seq	cDNA
SRR10995655	PRJNA604220	SRX7656776	SAMN13957909	NO_FLAG					Multiplex secretome engineering enhances recombinant protein production and purity	6X-Rituximab-Day4_rep1	NextSeq 500 sequencing: GSM4292492: 6X-Rituximab-Day4_rep1 Cricetulus griseus RNA-Seq	cDNA
SRR10995656	PRJNA604220	SRX7656776	SAMN13957909	NO_FLAG					Multiplex secretome engineering enhances recombinant protein production and purity	6X-Rituximab-Day4_rep1	NextSeq 500 sequencing: GSM4292492: 6X-Rituximab-Day4_rep1 Cricetulus griseus RNA-Seq	cDNA
SRR10995668	PRJNA604220	SRX7656779	SAMN13957906	NO_FLAG					Multiplex secretome engineering enhances recombinant protein production and purity	6X-Rituximab-Day4_rep2	NextSeq 500 sequencing: GSM4292495: 6X-Rituximab-Day4_rep2 Cricetulus griseus RNA-Seq	cDNA
SRR10995681	PRJNA604220	SRX7656782	SAMN13957903	NO_FLAG					Multiplex secretome engineering enhances recombinant protein production and purity	11X-Rituximab-Day4_rep1	NextSeq 500 sequencing: GSM4292498: 11X-Rituximab-Day4_rep1 Cricetulus griseus RNA-Seq	cDNA
SRR10995682	PRJNA604220	SRX7656782	SAMN13957903	NO_FLAG					Multiplex secretome engineering enhances recombinant protein production and purity	11X-Rituximab-Day4_rep1	NextSeq 500 sequencing: GSM4292498: 11X-Rituximab-Day4_rep1 Cricetulus griseus RNA-Seq	cDNA
SRR10995686	PRJNA604220	SRX7656783	SAMN13957902	NO_FLAG					Multiplex secretome engineering enhances recombinant protein production and purity	11X-Rituximab-Day6_rep1	NextSeq 500 sequencing: GSM4292499: 11X-Rituximab-Day6_rep1 Cricetulus griseus RNA-Seq	cDNA
SRR10995694	PRJNA604220	SRX7656785	SAMN13957900	NO_FLAG					Multiplex secretome engineering enhances recombinant protein production and purity	11X-Rituximab-Day4_rep2	NextSeq 500 sequencing: GSM4292501: 11X-Rituximab-Day4_rep2 Cricetulus griseus RNA-Seq	cDNA
SRR10995696	PRJNA604220	SRX7656786	SAMN13957899	NO_FLAG					Multiplex secretome engineering enhances recombinant protein production and purity	11X-Rituximab-Day6_rep2	NextSeq 500 sequencing: GSM4292502: 11X-Rituximab-Day6_rep2 Cricetulus griseus RNA-Seq	cDNA
SRR10995701	PRJNA604220	SRX7656787	SAMN13957898	NO_FLAG					Multiplex secretome engineering enhances recombinant protein production and purity	11X-Rituximab-Day8_rep2	NextSeq 500 sequencing: GSM4292503: 11X-Rituximab-Day8_rep2 Cricetulus griseus RNA-Seq	cDNA
SRR22810191	PRJNA913861	SRX18769906	SAMN32309275	NO_FLAG					Xbp1 knockdown in CHO cells stably expressing Cdh13 (RNA-Seq)	siXBP1_1	Illumina NovaSeq 6000 sequencing: GSM6858195: siXBP1_1 Cricetulus griseus RNA-Seq	cDNA
SRR23603787	PRJNA938154	SRX19488787	SAMN33426958	NO_FLAG					Deciphering the determinants of recombinant protein yield across the human secretome	P6975_196	Illumina HiSeq 2500 sequencing: GSM7061445: P6975_196 Cricetulus griseus RNA-Seq	cDNA
SRR23603789	PRJNA938154	SRX19488785	SAMN33426960	NO_FLAG					Deciphering the determinants of recombinant protein yield across the human secretome	P6975_194	Illumina HiSeq 2500 sequencing: GSM7061443: P6975_194 Cricetulus griseus RNA-Seq	cDNA
SRR23603793	PRJNA938154	SRX19488781	SAMN33426964	NO_FLAG					Deciphering the determinants of recombinant protein yield across the human secretome	P6975_190	Illumina HiSeq 2500 sequencing: GSM7061439: P6975_190 Cricetulus griseus RNA-Seq	cDNA
SRR23603794	PRJNA938154	SRX19488780	SAMN33426965	NO_FLAG					Deciphering the determinants of recombinant protein yield across the human secretome	P6975_189	Illumina HiSeq 2500 sequencing: GSM7061438: P6975_189 Cricetulus griseus RNA-Seq	cDNA
SRR23603796	PRJNA938154	SRX19488778	SAMN33426967	NO_FLAG					Deciphering the determinants of recombinant protein yield across the human secretome	P6975_187	Illumina HiSeq 2500 sequencing: GSM7061436: P6975_187 Cricetulus griseus RNA-Seq	cDNA
SRR23603797	PRJNA938154	SRX19488777	SAMN33426968	NO_FLAG					Deciphering the determinants of recombinant protein yield across the human secretome	P6975_186	Illumina HiSeq 2500 sequencing: GSM7061435: P6975_186 Cricetulus griseus RNA-Seq	cDNA
SRR23603799	PRJNA938154	SRX19488775	SAMN33426970	NO_FLAG					Deciphering the determinants of recombinant protein yield across the human secretome	P6975_184	Illumina HiSeq 2500 sequencing: GSM7061433: P6975_184 Cricetulus griseus RNA-Seq	cDNA
SRR23603805	PRJNA938154	SRX19488769	SAMN33426996	NO_FLAG					Deciphering the determinants of recombinant protein yield across the human secretome	P6975_158	Illumina HiSeq 2500 sequencing: GSM7061407: P6975_158 Cricetulus griseus RNA-Seq	cDNA
SRR23603809	PRJNA938154	SRX19488765	SAMN33427000	NO_FLAG					Deciphering the determinants of recombinant protein yield across the human secretome	P6975_154	Illumina HiSeq 2500 sequencing: GSM7061403: P6975_154 Cricetulus griseus RNA-Seq	cDNA
SRR23603816	PRJNA938154	SRX19488758	SAMN33427007	NO_FLAG					Deciphering the determinants of recombinant protein yield across the human secretome	P6975_147	Illumina HiSeq 2500 sequencing: GSM7061396: P6975_147 Cricetulus griseus RNA-Seq	cDNA
SRR23603817	PRJNA938154	SRX19488757	SAMN33427008	NO_FLAG					Deciphering the determinants of recombinant protein yield across the human secretome	P6975_146	Illumina HiSeq 2500 sequencing: GSM7061395: P6975_146 Cricetulus griseus RNA-Seq	cDNA
SRR23603830	PRJNA938154	SRX19488744	SAMN33426981	NO_FLAG					Deciphering the determinants of recombinant protein yield across the human secretome	P6975_173	Illumina HiSeq 2500 sequencing: GSM7061422: P6975_173 Cricetulus griseus RNA-Seq	cDNA
SRR23603837	PRJNA938154	SRX19488737	SAMN33426988	NO_FLAG					Deciphering the determinants of recombinant protein yield across the human secretome	P6975_166	Illumina HiSeq 2500 sequencing: GSM7061415: P6975_166 Cricetulus griseus RNA-Seq	cDNA
SRR23603838	PRJNA938154	SRX19488736	SAMN33426989	NO_FLAG					Deciphering the determinants of recombinant protein yield across the human secretome	P6975_165	Illumina HiSeq 2500 sequencing: GSM7061414: P6975_165 Cricetulus griseus RNA-Seq	cDNA
SRR23603844	PRJNA938154	SRX19488730	SAMN33427015	NO_FLAG					Deciphering the determinants of recombinant protein yield across the human secretome	P6975_139	Illumina HiSeq 2500 sequencing: GSM7061388: P6975_139 Cricetulus griseus RNA-Seq	cDNA
SRR23603852	PRJNA938154	SRX19488722	SAMN33427023	NO_FLAG					Deciphering the determinants of recombinant protein yield across the human secretome	P6975_131	Illumina HiSeq 2500 sequencing: GSM7061380: P6975_131 Cricetulus griseus RNA-Seq	cDNA
SRR23603856	PRJNA938154	SRX19488718	SAMN33427027	NO_FLAG					Deciphering the determinants of recombinant protein yield across the human secretome	P6975_127	Illumina HiSeq 2500 sequencing: GSM7061376: P6975_127 Cricetulus griseus RNA-Seq	cDNA
SRR23603857	PRJNA938154	SRX19488717	SAMN33427028	NO_FLAG					Deciphering the determinants of recombinant protein yield across the human secretome	P6975_126	Illumina HiSeq 2500 sequencing: GSM7061375: P6975_126 Cricetulus griseus RNA-Seq	cDNA
SRR23603871	PRJNA938154	SRX19488703	SAMN33427042	NO_FLAG					Deciphering the determinants of recombinant protein yield across the human secretome	P6975_112	Illumina HiSeq 2500 sequencing: GSM7061361: P6975_112 Cricetulus griseus RNA-Seq	cDNA
SRR23603875	PRJNA938154	SRX19488699	SAMN33427046	NO_FLAG					Deciphering the determinants of recombinant protein yield across the human secretome	P6975_108	Illumina HiSeq 2500 sequencing: GSM7061357: P6975_108 Cricetulus griseus RNA-Seq	cDNA
SRR23603879	PRJNA938154	SRX19488695	SAMN33427050	NO_FLAG					Deciphering the determinants of recombinant protein yield across the human secretome	P6975_104	Illumina HiSeq 2500 sequencing: GSM7061353: P6975_104 Cricetulus griseus RNA-Seq	cDNA
SRR23603882	PRJNA938154	SRX19488692	SAMN33427053	NO_FLAG					Deciphering the determinants of recombinant protein yield across the human secretome	P6975_101	Illumina HiSeq 2500 sequencing: GSM7061350: P6975_101 Cricetulus griseus RNA-Seq	cDNA
SRR23702455	PRJNA941080	SRX19564100	SAMN33589139	NO_FLAG					Mechanisms and countermeasures of mammalian drug resistance acquired during long-term evolution	B2	HiSeq X Ten sequencing: RNAseq of mNF CHO R3 with doxycycline	cDNA
SRR23702456	PRJNA941080	SRX19564099	SAMN33589138	NO_FLAG					Mechanisms and countermeasures of mammalian drug resistance acquired during long-term evolution	B1	HiSeq X Ten sequencing: RNAseq of mNF CHO R3 without doxycycline	cDNA
SRR28349048	PRJNA1088164	SRX23955098	SAMN40463204	NO_FLAG					Systems biology analysis of CHO cell clonal variation	Model organism or animal sample from Cricetulus griseus	Illumina NovaSeq 6000 sequencing: RNA-seq of cricetulus griseus (CHO-S)	PCR
SRR28349051	PRJNA1088164	SRX23955095	SAMN40463201	NO_FLAG					Systems biology analysis of CHO cell clonal variation	Model organism or animal sample from Cricetulus griseus	Illumina NovaSeq 6000 sequencing: RNA-seq of cricetulus griseus (CHO-S)	PCR
SRR2922603	PRJNA302601	SRX1436213	SAMN04275180	NO_FLAG					Revealing suspension adapation of CHO cell in serum free media	SUS3_1	Illumina MiSeq sequencing: GSM1942567: SUS3_1 Cricetulus griseus RNA-Seq	cDNA
SRR29441697	PRJNA1123849	SRX24954107	SAMN41829157	NO_FLAG					Transcriptomic Responses of HHBN-Treated CHO-K1 Cells	Model organism or animal sample from Cricetulus griseus	Illumina NovaSeq 6000 sequencing: RNA-seq of cricetulus griseus picr: control	PCR
SRR29441699	PRJNA1123849	SRX24954105	SAMN41829165	NO_FLAG					Transcriptomic Responses of HHBN-Treated CHO-K1 Cells	Model organism or animal sample from Cricetulus griseus	Illumina NovaSeq 6000 sequencing: RNA-seq of cricetulus griseus picr: exposure to 3,5-dibromo-2-hydroxybenzonitrile	PCR
SRR29672928	PRJNA1130622	SRX25176389	SAMN42212552	NO_FLAG					CHO serum-free adaptation, temperature, pH, glucose		Illumina HiSeq 2500 sequencing: RNA-Seq of cricetulus griseus: serum-free medium adaptation	cDNA_oligo_dT
SRR2968324	PRJNA304606	SRX1457796	SAMN04305211	NO_FLAG					RNA-sequencing analysis of a wildtype CHO cell line (CHO-K1), a mutant CHO cell line (pgsA745) that lacks xylosyltransferase (XylT) activity, and pgsA745 stably transfected with XylT1 (pgsA745-XylT1).	CHOK1 rep2	Illumina HiSeq 2500 sequencing: GSM1958460: CHOK1 rep2 Cricetulus griseus RNA-Seq	cDNA
SRR3161758	PRJNA311594	SRX1570961	SAMN04501028	NO_FLAG					CHO-S transcriptome in batch culture	72h-2	Illumina HiSeq 2500 sequencing: GSM2059627: 72h-2 Cricetulus griseus RNA-Seq	cDNA
SRR3161759	PRJNA311594	SRX1570962	SAMN04501029	NO_FLAG					CHO-S transcriptome in batch culture	72h-3	Illumina HiSeq 2500 sequencing: GSM2059628: 72h-3 Cricetulus griseus RNA-Seq	cDNA
SRR3161763	PRJNA311594	SRX1570966	SAMN04501033	NO_FLAG					CHO-S transcriptome in batch culture	84h-3	Illumina HiSeq 2500 sequencing: GSM2059632: 84h-3 Cricetulus griseus RNA-Seq	cDNA
SRR3161764	PRJNA311594	SRX1570967	SAMN04501034	NO_FLAG					CHO-S transcriptome in batch culture	84h-4	Illumina HiSeq 2500 sequencing: GSM2059633: 84h-4 Cricetulus griseus RNA-Seq	cDNA
SRR3161767	PRJNA311594	SRX1570970	SAMN04501037	NO_FLAG					CHO-S transcriptome in batch culture	96h-3	Illumina HiSeq 2500 sequencing: GSM2059636: 96h-3 Cricetulus griseus RNA-Seq	cDNA
SRR3161768	PRJNA311594	SRX1570971	SAMN04501038	NO_FLAG					CHO-S transcriptome in batch culture	96h-4	Illumina HiSeq 2500 sequencing: GSM2059637: 96h-4 Cricetulus griseus RNA-Seq	cDNA
SRR3161769	PRJNA311594	SRX1570972	SAMN04501039	NO_FLAG					CHO-S transcriptome in batch culture	108h-1	Illumina HiSeq 2500 sequencing: GSM2059638: 108h-1 Cricetulus griseus RNA-Seq	cDNA
SRR3161771	PRJNA311594	SRX1570974	SAMN04501041	NO_FLAG					CHO-S transcriptome in batch culture	108h-3	Illumina HiSeq 2500 sequencing: GSM2059640: 108h-3 Cricetulus griseus RNA-Seq	cDNA
SRR3161774	PRJNA311594	SRX1570977	SAMN04501044	NO_FLAG					CHO-S transcriptome in batch culture	120h-2	Illumina HiSeq 2500 sequencing: GSM2059643: 120h-2 Cricetulus griseus RNA-Seq	cDNA
SRR3161775	PRJNA311594	SRX1570978	SAMN04501045	NO_FLAG					CHO-S transcriptome in batch culture	120h-3	Illumina HiSeq 2500 sequencing: GSM2059644: 120h-3 Cricetulus griseus RNA-Seq	cDNA
SRR3161776	PRJNA311594	SRX1570979	SAMN04501046	NO_FLAG					CHO-S transcriptome in batch culture	120h-4	Illumina HiSeq 2500 sequencing: GSM2059645: 120h-4 Cricetulus griseus RNA-Seq	cDNA
SRR3161780	PRJNA311594	SRX1570983	SAMN04501050	NO_FLAG					CHO-S transcriptome in batch culture	132h-4	Illumina HiSeq 2500 sequencing: GSM2059649: 132h-4 Cricetulus griseus RNA-Seq	cDNA
SRR3161781	PRJNA311594	SRX1570984	SAMN04501051	NO_FLAG					CHO-S transcriptome in batch culture	144h-1	Illumina HiSeq 2500 sequencing: GSM2059650: 144h-1 Cricetulus griseus RNA-Seq	cDNA
SRR3284456	PRJNA316065	SRX1655607	SAMN04574682	REVIEW_STUDY_CONTEXT_ONLY			ribosome_profiling		Ribosome profiling-guided depletion of an mRNA improves CHO cell growth and recombinant product titers	Day6_rep1_RNAseq	Illumina HiSeq 2500 sequencing: GSM2096525: Day6_rep1_RNAseq Cricetulus griseus RNA-Seq	cDNA
SRR10493846	PRJNA590485	SRX7182934	SAMN13327598	NO_FLAG					Defining lncRNAs Associated with CHO Cell Growth and IgG Productivity by RNA-Seq II	3068 Day 4 rep1 (dataset 2)	Illumina HiSeq 4000 sequencing: GSM4177569: 3068 Day 4 rep1 (dataset 2) Cricetulus griseus RNA-Seq	cDNA
SRR10493849	PRJNA590485	SRX7182937	SAMN13327595	NO_FLAG					Defining lncRNAs Associated with CHO Cell Growth and IgG Productivity by RNA-Seq II	3068 Day 7 rep1 (dataset 2)	Illumina HiSeq 4000 sequencing: GSM4177573: 3068 Day 7 rep1 (dataset 2) Cricetulus griseus RNA-Seq	cDNA
SRR10493851	PRJNA590485	SRX7182939	SAMN13327593	NO_FLAG					Defining lncRNAs Associated with CHO Cell Growth and IgG Productivity by RNA-Seq II	3068 Day 7 rep3 (dataset 2)	Illumina HiSeq 4000 sequencing: GSM4177577: 3068 Day 7 rep3 (dataset 2) Cricetulus griseus RNA-Seq	cDNA
SRR10493856	PRJNA590485	SRX7182944	SAMN13327549	NO_FLAG					Defining lncRNAs Associated with CHO Cell Growth and IgG Productivity by RNA-Seq II	3080 Day 4 rep2 (dataset 2)	Illumina HiSeq 4000 sequencing: GSM4177584: 3080 Day 4 rep2 (dataset 2) Cricetulus griseus RNA-Seq	cDNA
SRR10493864	PRJNA590485	SRX7182952	SAMN13327581	NO_FLAG					Defining lncRNAs Associated with CHO Cell Growth and IgG Productivity by RNA-Seq II	3936 Day 4 rep1 (dataset 2)	Illumina HiSeq 4000 sequencing: GSM4177597: 3936 Day 4 rep1 (dataset 2) Cricetulus griseus RNA-Seq	cDNA
SRR10493865	PRJNA590485	SRX7182953	SAMN13327579	NO_FLAG					Defining lncRNAs Associated with CHO Cell Growth and IgG Productivity by RNA-Seq II	3936 Day 4 rep2 (dataset 2)	Illumina HiSeq 4000 sequencing: GSM4177598: 3936 Day 4 rep2 (dataset 2) Cricetulus griseus RNA-Seq	cDNA
SRR10493873	PRJNA590485	SRX7182961	SAMN13327565	NO_FLAG					Defining lncRNAs Associated with CHO Cell Growth and IgG Productivity by RNA-Seq II	4384 Day 4 rep1 (dataset 2)	Illumina HiSeq 4000 sequencing: GSM4177611: 4384 Day 4 rep1 (dataset 2) Cricetulus griseus RNA-Seq	cDNA
SRR10493874	PRJNA590485	SRX7182962	SAMN13327563	NO_FLAG					Defining lncRNAs Associated with CHO Cell Growth and IgG Productivity by RNA-Seq II	4384 Day 4 rep2 (dataset 2)	Illumina HiSeq 4000 sequencing: GSM4177612: 4384 Day 4 rep2 (dataset 2) Cricetulus griseus RNA-Seq	cDNA
SRR10493877	PRJNA590485	SRX7182965	SAMN13327558	NO_FLAG					Defining lncRNAs Associated with CHO Cell Growth and IgG Productivity by RNA-Seq II	4384 Day 7 rep2 (dataset 2)	Illumina HiSeq 4000 sequencing: GSM4177617: 4384 Day 7 rep2 (dataset 2) Cricetulus griseus RNA-Seq	cDNA
SRR33198152	PRJNA1252143	SRX28445685	SAMN48037638	NO_FLAG					Enhanced Production of HCV E1E2 Subunit Vaccine Candidates via Protein-Protein Interaction Identification in Glyco-engineered CHO cells	wt-like, Sppl3 KO, rep2	Illumina NovaSeq X Plus sequencing: GSM8935936: wt-like, Sppl3 KO, rep2 Cricetulus griseus RNA-Seq	cDNA
SRR33198163	PRJNA1252143	SRX28445674	SAMN48037649	NO_FLAG					Enhanced Production of HCV E1E2 Subunit Vaccine Candidates via Protein-Protein Interaction Identification in Glyco-engineered CHO cells	Cell-line 1, Sppl3/Mgat2/St3gal3/4/6/B3gnt2 KO, E1E2, Furin,cell-line1_21, rep3	Illumina NovaSeq X Plus sequencing: GSM8935923: Cell-line 1, Sppl3/Mgat2/St3gal3/4/6/B3gnt2 KO, E1E2, Furin,cell-line1_21, rep3 Cricetulus griseus RNA-Seq	cDNA
SRR33198165	PRJNA1252143	SRX28445672	SAMN48037651	NO_FLAG					Enhanced Production of HCV E1E2 Subunit Vaccine Candidates via Protein-Protein Interaction Identification in Glyco-engineered CHO cells	Cell-line 1, Sppl3/Mgat2/St3gal3/4/6/B3gnt2 KO, E1E2, Furin,cell-line1_21, rep1	Illumina NovaSeq X Plus sequencing: GSM8935921: Cell-line 1, Sppl3/Mgat2/St3gal3/4/6/B3gnt2 KO, E1E2, Furin,cell-line1_21, rep1 Cricetulus griseus RNA-Seq	cDNA
SRR35653650	PRJNA1335855	SRX30705854	SAMN52025841	NO_FLAG					Research on M6A in CHO cells	Model organism or animal sample from Cricetulus griseus	Illumina NovaSeq 6000 sequencing: Sh-ALKBH5-2	cDNA
SRR35653653	PRJNA1335855	SRX30705851	SAMN52025840	NO_FLAG					Research on M6A in CHO cells	Model organism or animal sample from Cricetulus griseus	Illumina NovaSeq 6000 sequencing: Control-2	cDNA
SRR38262920	PRJNA1282762	SRX33099500	SAMN49662871	NO_FLAG					Shotgun Genetic Engineering	Model organism or animal sample from Cricetulus griseus	Illumina NovaSeq X Plus sequencing: RNA-Seq of Engineered Cricetulus griseus clone: female ovary	Oligo-dT
SRR38263132	PRJNA1282762	SRX33099713	SAMN57466944	NO_FLAG					Shotgun Genetic Engineering	Model organism or animal sample from Cricetulus griseus	Illumina NovaSeq X Plus sequencing: RNA-Seq of Cricetulus griseus: female ovary	PolyA
SRR39499719	PRJNA1489724	SRX34194508	SAMN61409211	NO_FLAG					RNA-seq analysis of multiplex CRISPR knockout gene sets in CHO-DG44-derived co-culture samples	101_TGFbeta	Illumina NovaSeq 6000 sequencing: 101_TGFbeta multiplex CRISPR gene-set co-culture RNA-seq replicate 1	PolyA
SRR39503241	PRJNA1489724	SRX34197920	SAMN61409218	NO_FLAG					RNA-seq analysis of multiplex CRISPR knockout gene sets in CHO-DG44-derived co-culture samples	122_Transcription	Illumina NovaSeq 6000 sequencing: 122_Transcription multiplex CRISPR gene-set co-culture RNA-seq replicate 4	PolyA
SRR39503242	PRJNA1489724	SRX34197919	SAMN61409217	NO_FLAG					RNA-seq analysis of multiplex CRISPR knockout gene sets in CHO-DG44-derived co-culture samples	122_Transcription	Illumina NovaSeq 6000 sequencing: 122_Transcription multiplex CRISPR gene-set co-culture RNA-seq replicate 3	PolyA
SRR39561854	PRJNA1492564	SRX34250720	SAMN61510921	NO_FLAG					DTT-induced transcriptome profiling reveals divergent ER proteostasis and stress-adaptation programs in CHO-S and apoptosis-resistant CHO-4BGD producer cell lines	DUL producer clone replicate 3 untreated control	DNBSEQ-G400 sequencing: DUL producer clone replicate 3 untreated control	PolyA
SRR39561860	PRJNA1492564	SRX34250714	SAMN61510917	NO_FLAG					DTT-induced transcriptome profiling reveals divergent ER proteostasis and stress-adaptation programs in CHO-S and apoptosis-resistant CHO-4BGD producer cell lines	DUL producer clone replicate 1 untreated control	DNBSEQ-G400 sequencing: DUL producer clone replicate 1 untreated control	PolyA
SRR40310839	PRJNA1516528	SRX34926287	SAMN62608401	NO_FLAG					Transcriptomic profiling of exon-specific glutamine synthetase knockout CHO cell lines	Model organism or animal sample from Cricetulus griseus	Illumina NovaSeq 6000 sequencing: RNA-seq of EK1 CHO cells, biological replicate 2	cDNA
SRR4035677	PRJNA339147	SRX2026834	SAMN05580166	NO_FLAG					Next Generation Sequencing Facilitates Quantitative Analysis of miR-29b-1 and miR-29a targets in CHO-K1 cells	CHO-K1_8A	NextSeq 500 sequencing: GSM2282054: CHO-K1_8A Cricetulus griseus RNA-Seq	cDNA
SRR4035682	PRJNA339147	SRX2026839	SAMN05580161	NO_FLAG					Next Generation Sequencing Facilitates Quantitative Analysis of miR-29b-1 and miR-29a targets in CHO-K1 cells	CHO-K1_9C	NextSeq 500 sequencing: GSM2282059: CHO-K1_9C Cricetulus griseus RNA-Seq	cDNA
SRR5358889	PRJNA378939	SRX2654729	SAMN06563820	EXCLUDE_SPECIALIZED	rna_pet	experiment_title:rna_pet			Cricetulus griseus Transcriptome or Gene expression	CHO-K1 parental cell line	Illumina HiSeq 2000 sequencing: RNA-PET of CHO-K1 cells growing at exponential growth phase	unspecified
SRR5812566	PRJNA393479	SRX2991085	SAMN07334559	NO_FLAG					High technical resolution transcriptomics analysis for CHO cells	HP biological replicate 3	Illumina HiSeq 2000 sequencing: GSM2696083: HP biological replicate 3 Cricetulus griseus RNA-Seq	cDNA
SRR5812568	PRJNA393479	SRX2991087	SAMN07334557	NO_FLAG					High technical resolution transcriptomics analysis for CHO cells	LP biological replicate 2	Illumina HiSeq 2000 sequencing: GSM2696085: LP biological replicate 2 Cricetulus griseus RNA-Seq	cDNA
SRR5812571	PRJNA393479	SRX2991089	SAMN07334555	NO_FLAG					High technical resolution transcriptomics analysis for CHO cells	Subclone HP biological replicate 1	Illumina HiSeq 2500 sequencing: GSM2696087: Subclone HP biological replicate 1 Cricetulus griseus RNA-Seq	cDNA
SRR5812579	PRJNA393479	SRX2991093	SAMN07334551	NO_FLAG					High technical resolution transcriptomics analysis for CHO cells	Subclone LP biological replicate 2	Illumina HiSeq 2500 sequencing: GSM2696091: Subclone LP biological replicate 2 Cricetulus griseus RNA-Seq	cDNA
SRR7770742	PRJNA488640	SRX4626197	SAMN09938583	NO_FLAG					Efferocytosis induces a novel SLC program to promote glucose uptake and lactate release	Phagocytes alone 1	NextSeq 500 sequencing: GSM3362978: Phagocytes alone 1 Cricetulus griseus RNA-Seq	cDNA
SRR7770747	PRJNA488640	SRX4626202	SAMN09938578	NO_FLAG					Efferocytosis induces a novel SLC program to promote glucose uptake and lactate release	Phagocytes + Apoptotic Cells 2	NextSeq 500 sequencing: GSM3362983: Phagocytes + Apoptotic Cells 2 Cricetulus griseus RNA-Seq	cDNA
SRR7779170	PRJNA489076	SRX4634290	SAMN09948069	NO_FLAG					Combating viral contaminants in CHO cells by engineering innate immunity	VSV-1 ifn	NextSeq 500 sequencing: GSM3373943: VSV-1 ifn Cricetulus griseus RNA-Seq	cDNA
SRR7779175	PRJNA489076	SRX4634295	SAMN09948082	NO_FLAG					Combating viral contaminants in CHO cells by engineering innate immunity	VSV-2 poly	NextSeq 500 sequencing: GSM3373948: VSV-2 poly Cricetulus griseus RNA-Seq	cDNA
SRR7779176	PRJNA489076	SRX4634296	SAMN09948075	NO_FLAG					Combating viral contaminants in CHO cells by engineering innate immunity	VSV-2 ifn	NextSeq 500 sequencing: GSM3373949: VSV-2 ifn Cricetulus griseus RNA-Seq	cDNA
SRR7779180	PRJNA489076	SRX4634300	SAMN09948078	NO_FLAG					Combating viral contaminants in CHO cells by engineering innate immunity	EMCV-1 m	NextSeq 500 sequencing: GSM3373953: EMCV-1 m Cricetulus griseus RNA-Seq	cDNA
SRR7779183	PRJNA489076	SRX4634303	SAMN09948074	NO_FLAG					Combating viral contaminants in CHO cells by engineering innate immunity	EMCV-1 V+m	NextSeq 500 sequencing: GSM3373956: EMCV-1 V+m Cricetulus griseus RNA-Seq	cDNA
SRR7779195	PRJNA489076	SRX4634315	SAMN09948095	NO_FLAG					Combating viral contaminants in CHO cells by engineering innate immunity	Reo-1 V+m	NextSeq 500 sequencing: GSM3373968: Reo-1 V+m Cricetulus griseus RNA-Seq	cDNA
SRR7779197	PRJNA489076	SRX4634317	SAMN09948093	NO_FLAG					Combating viral contaminants in CHO cells by engineering innate immunity	Reo-1 V+ifn	NextSeq 500 sequencing: GSM3373970: Reo-1 V+ifn Cricetulus griseus RNA-Seq	cDNA
SRR7779203	PRJNA489076	SRX4634323	SAMN09948087	NO_FLAG					Combating viral contaminants in CHO cells by engineering innate immunity	Reo-2 V+ifn	NextSeq 500 sequencing: GSM3373976: Reo-2 V+ifn Cricetulus griseus RNA-Seq	cDNA
SRR8165627	PRJNA504034	SRX4986359	SAMN10388065	NO_FLAG					Annotation improvement and retroviral element discovery in the Chinese hamster genome using proteogenomics	Model organism or animal sample from Cricetulus griseus	Illumina HiSeq 2500 sequencing: CellLine7_C	unspecified
SRR8165629	PRJNA504034	SRX4986357	SAMN10388067	NO_FLAG					Annotation improvement and retroviral element discovery in the Chinese hamster genome using proteogenomics	Model organism or animal sample from Cricetulus griseus	Illumina HiSeq 2500 sequencing: CellLine8_2R	unspecified
SRR8165635	PRJNA504034	SRX4986351	SAMN10388087	NO_FLAG					Annotation improvement and retroviral element discovery in the Chinese hamster genome using proteogenomics	Model organism or animal sample from Cricetulus griseus	Illumina HiSeq 2500 sequencing: CellLine15_2	unspecified
SRR8165636	PRJNA504034	SRX4986350	SAMN10388088	NO_FLAG					Annotation improvement and retroviral element discovery in the Chinese hamster genome using proteogenomics	Model organism or animal sample from Cricetulus griseus	Illumina HiSeq 2500 sequencing: CellLine15_3	unspecified
SRR8165652	PRJNA504034	SRX4986334	SAMN10388063	NO_FLAG					Annotation improvement and retroviral element discovery in the Chinese hamster genome using proteogenomics	Model organism or animal sample from Cricetulus griseus	Illumina HiSeq 2500 sequencing: CellLine7_A	unspecified
SRR8165654	PRJNA504034	SRX4986332	SAMN10388055	NO_FLAG					Annotation improvement and retroviral element discovery in the Chinese hamster genome using proteogenomics	Model organism or animal sample from Cricetulus griseus	Illumina HiSeq 2500 sequencing: CellLine4_2	unspecified
SRR8165655	PRJNA504034	SRX4986331	SAMN10388058	NO_FLAG					Annotation improvement and retroviral element discovery in the Chinese hamster genome using proteogenomics	Model organism or animal sample from Cricetulus griseus	Illumina HiSeq 2500 sequencing: CellLine5_B	unspecified
SRR8165656	PRJNA504034	SRX4986330	SAMN10388057	NO_FLAG					Annotation improvement and retroviral element discovery in the Chinese hamster genome using proteogenomics	Model organism or animal sample from Cricetulus griseus	Illumina HiSeq 2500 sequencing: CellLine5_A	unspecified
SRR8165667	PRJNA504034	SRX4986319	SAMN10388080	NO_FLAG					Annotation improvement and retroviral element discovery in the Chinese hamster genome using proteogenomics	Model organism or animal sample from Cricetulus griseus	Illumina HiSeq 2500 sequencing: CellLine12_3R	unspecified
SRR8165670	PRJNA504034	SRX4986316	SAMN10388084	NO_FLAG					Annotation improvement and retroviral element discovery in the Chinese hamster genome using proteogenomics	Model organism or animal sample from Cricetulus griseus	Illumina HiSeq 2500 sequencing: CellLine14_1	unspecified
SRR8165675	PRJNA504034	SRX4986311	SAMN10388053	NO_FLAG					Annotation improvement and retroviral element discovery in the Chinese hamster genome using proteogenomics	Model organism or animal sample from Cricetulus griseus	Illumina HiSeq 2500 sequencing: CellLine3_3	unspecified
SRR9137505	PRJNA545135	SRX5910666	SAMN11874998	NO_FLAG					Interpreting an apoptotic corpse as anti-inflammatory involves a chloride sensing pathway	RaviLabHam.13: WT Phagocytes + Apoptotic Cells	NextSeq 500 sequencing: GSM3822309: RaviLabHam.13: WT Phagocytes + Apoptotic Cells Cricetulus griseus RNA-Seq	cDNA
SRR9137507	PRJNA545135	SRX5910668	SAMN11874996	NO_FLAG					Interpreting an apoptotic corpse as anti-inflammatory involves a chloride sensing pathway	RaviLabHam.11: Slc12a2-deficient Phagocytes + Apoptotic Cells	NextSeq 500 sequencing: GSM3822311: RaviLabHam.11: Slc12a2-deficient Phagocytes + Apoptotic Cells Cricetulus griseus RNA-Seq	cDNA
SRR9137509	PRJNA545135	SRX5910670	SAMN11874993	NO_FLAG					Interpreting an apoptotic corpse as anti-inflammatory involves a chloride sensing pathway	RaviLabHam.15: Slc12a2-deficient Phagocytes + Apoptotic Cells	NextSeq 500 sequencing: GSM3822313: RaviLabHam.15: Slc12a2-deficient Phagocytes + Apoptotic Cells Cricetulus griseus RNA-Seq	cDNA
SRR9151759	PRJNA545309	SRX5924875	SAMN11883835	NO_FLAG					Apoptotic cells actively release metabolite messanger with anti-inflammatory properties	FL-3	NextSeq 500 sequencing: GSM3827104: FL-3 Cricetulus griseus RNA-Seq	cDNA
SRR9151763	PRJNA545309	SRX5924879	SAMN11883831	NO_FLAG					Apoptotic cells actively release metabolite messanger with anti-inflammatory properties	FA-3	NextSeq 500 sequencing: GSM3827108: FA-3 Cricetulus griseus RNA-Seq	cDNA
SRR9620991	PRJNA551666	SRX6384003	SAMN12162723	NO_FLAG					Transcriptome profiles of antibody-producing CHO cells across different amplification strategies	CHO cells, A01_EXP	Illumina MiSeq sequencing: GSM3910578: CHO cells, A01_EXP Cricetulus griseus RNA-Seq	cDNA
SRR9620995	PRJNA551666	SRX6384004	SAMN12162722	NO_FLAG					Transcriptome profiles of antibody-producing CHO cells across different amplification strategies	CHO cells, A02_EXP	Illumina MiSeq sequencing: GSM3910579: CHO cells, A02_EXP Cricetulus griseus RNA-Seq	cDNA
SRR9620998	PRJNA551666	SRX6384004	SAMN12162722	NO_FLAG					Transcriptome profiles of antibody-producing CHO cells across different amplification strategies	CHO cells, A02_EXP	Illumina MiSeq sequencing: GSM3910579: CHO cells, A02_EXP Cricetulus griseus RNA-Seq	cDNA
SRR9620999	PRJNA551666	SRX6384005	SAMN12162721	NO_FLAG					Transcriptome profiles of antibody-producing CHO cells across different amplification strategies	CHO cells, A01_EXP_RLT	Illumina MiSeq sequencing: GSM3910580: CHO cells, A01_EXP_RLT Cricetulus griseus RNA-Seq	cDNA
SRR9621002	PRJNA551666	SRX6384005	SAMN12162721	NO_FLAG					Transcriptome profiles of antibody-producing CHO cells across different amplification strategies	CHO cells, A01_EXP_RLT	Illumina MiSeq sequencing: GSM3910580: CHO cells, A01_EXP_RLT Cricetulus griseus RNA-Seq	cDNA
SRR9621005	PRJNA551666	SRX6384006	SAMN12162720	NO_FLAG					Transcriptome profiles of antibody-producing CHO cells across different amplification strategies	CHO cells, A02_EXP_RLT	Illumina MiSeq sequencing: GSM3910581: CHO cells, A02_EXP_RLT Cricetulus griseus RNA-Seq	cDNA
SRR9621009	PRJNA551666	SRX6384007	SAMN12162719	NO_FLAG					Transcriptome profiles of antibody-producing CHO cells across different amplification strategies	CHO cells, A03_EXP_Duplicate	Illumina MiSeq sequencing: GSM3910582: CHO cells, A03_EXP_Duplicate Cricetulus griseus RNA-Seq	cDNA
SRR9621023	PRJNA551666	SRX6384011	SAMN12162715	NO_FLAG					Transcriptome profiles of antibody-producing CHO cells across different amplification strategies	CHO cells, A01_STA	Illumina MiSeq sequencing: GSM3910586: CHO cells, A01_STA Cricetulus griseus RNA-Seq	cDNA
SRR9621028	PRJNA551666	SRX6384012	SAMN12162714	NO_FLAG					Transcriptome profiles of antibody-producing CHO cells across different amplification strategies	CHO cells, A02_STA	Illumina MiSeq sequencing: GSM3910587: CHO cells, A02_STA Cricetulus griseus RNA-Seq	cDNA
SRR9621029	PRJNA551666	SRX6384012	SAMN12162714	NO_FLAG					Transcriptome profiles of antibody-producing CHO cells across different amplification strategies	CHO cells, A02_STA	Illumina MiSeq sequencing: GSM3910587: CHO cells, A02_STA Cricetulus griseus RNA-Seq	cDNA
SRR9621030	PRJNA551666	SRX6384012	SAMN12162714	NO_FLAG					Transcriptome profiles of antibody-producing CHO cells across different amplification strategies	CHO cells, A02_STA	Illumina MiSeq sequencing: GSM3910587: CHO cells, A02_STA Cricetulus griseus RNA-Seq	cDNA
SRR9621035	PRJNA551666	SRX6384014	SAMN12162712	NO_FLAG					Transcriptome profiles of antibody-producing CHO cells across different amplification strategies	CHO cells, A04_STA	Illumina MiSeq sequencing: GSM3910589: CHO cells, A04_STA Cricetulus griseus RNA-Seq	cDNA
SRR9621037	PRJNA551666	SRX6384014	SAMN12162712	NO_FLAG					Transcriptome profiles of antibody-producing CHO cells across different amplification strategies	CHO cells, A04_STA	Illumina MiSeq sequencing: GSM3910589: CHO cells, A04_STA Cricetulus griseus RNA-Seq	cDNA
SRR9621046	PRJNA551666	SRX6384016	SAMN12162710	NO_FLAG					Transcriptome profiles of antibody-producing CHO cells across different amplification strategies	CHO cells, A1-2_EXP	Illumina MiSeq sequencing: GSM3910591: CHO cells, A1-2_EXP Cricetulus griseus RNA-Seq	cDNA
SRR9621051	PRJNA551666	SRX6384018	SAMN12162708	NO_FLAG					Transcriptome profiles of antibody-producing CHO cells across different amplification strategies	CHO cells, A1-1_STA	Illumina MiSeq sequencing: GSM3910593: CHO cells, A1-1_STA Cricetulus griseus RNA-Seq	cDNA
SRR9621055	PRJNA551666	SRX6384019	SAMN12162707	NO_FLAG					Transcriptome profiles of antibody-producing CHO cells across different amplification strategies	CHO cells, A1-2_STA	Illumina MiSeq sequencing: GSM3910594: CHO cells, A1-2_STA Cricetulus griseus RNA-Seq	cDNA
SRR9621057	PRJNA551666	SRX6384019	SAMN12162707	NO_FLAG					Transcriptome profiles of antibody-producing CHO cells across different amplification strategies	CHO cells, A1-2_STA	Illumina MiSeq sequencing: GSM3910594: CHO cells, A1-2_STA Cricetulus griseus RNA-Seq	cDNA
SRR9621058	PRJNA551666	SRX6384019	SAMN12162707	NO_FLAG					Transcriptome profiles of antibody-producing CHO cells across different amplification strategies	CHO cells, A1-2_STA	Illumina MiSeq sequencing: GSM3910594: CHO cells, A1-2_STA Cricetulus griseus RNA-Seq	cDNA
SRR9621060	PRJNA551666	SRX6384020	SAMN12162706	NO_FLAG					Transcriptome profiles of antibody-producing CHO cells across different amplification strategies	CHO cells, A1-3_STA	Illumina MiSeq sequencing: GSM3910595: CHO cells, A1-3_STA Cricetulus griseus RNA-Seq	cDNA
SRR9621069	PRJNA551666	SRX6384022	SAMN12162704	NO_FLAG					Transcriptome profiles of antibody-producing CHO cells across different amplification strategies	CHO cells, NDST-2_EXP	Illumina MiSeq sequencing: GSM3910597: CHO cells, NDST-2_EXP Cricetulus griseus RNA-Seq	cDNA
SRR9621070	PRJNA551666	SRX6384022	SAMN12162704	NO_FLAG					Transcriptome profiles of antibody-producing CHO cells across different amplification strategies	CHO cells, NDST-2_EXP	Illumina MiSeq sequencing: GSM3910597: CHO cells, NDST-2_EXP Cricetulus griseus RNA-Seq	cDNA
SRR9621078	PRJNA551666	SRX6384024	SAMN12162702	NO_FLAG					Transcriptome profiles of antibody-producing CHO cells across different amplification strategies	CHO cells, NDST-1_STA	Illumina MiSeq sequencing: GSM3910599: CHO cells, NDST-1_STA Cricetulus griseus RNA-Seq	cDNA
SRR9621080	PRJNA551666	SRX6384025	SAMN12162725	NO_FLAG					Transcriptome profiles of antibody-producing CHO cells across different amplification strategies	CHO cells, NDST-2_STA	Illumina MiSeq sequencing: GSM3910600: CHO cells, NDST-2_STA Cricetulus griseus RNA-Seq	cDNA
SRR9621081	PRJNA551666	SRX6384025	SAMN12162725	NO_FLAG					Transcriptome profiles of antibody-producing CHO cells across different amplification strategies	CHO cells, NDST-2_STA	Illumina MiSeq sequencing: GSM3910600: CHO cells, NDST-2_STA Cricetulus griseus RNA-Seq	cDNA
SRR9621083	PRJNA551666	SRX6384026	SAMN12162724	NO_FLAG					Transcriptome profiles of antibody-producing CHO cells across different amplification strategies	CHO cells, NDST-3_STA	Illumina MiSeq sequencing: GSM3910601: CHO cells, NDST-3_STA Cricetulus griseus RNA-Seq	cDNA
SRR9621085	PRJNA551666	SRX6384026	SAMN12162724	NO_FLAG					Transcriptome profiles of antibody-producing CHO cells across different amplification strategies	CHO cells, NDST-3_STA	Illumina MiSeq sequencing: GSM3910601: CHO cells, NDST-3_STA Cricetulus griseus RNA-Seq	cDNA
SRR15559103	PRJNA742028	SRX11857248	SAMN20893081	NO_FLAG					Cricetulus griseus Transcriptome or Gene expression	MTIV Construct 48h on Val-free media rep 1	NextSeq 550 sequencing: RNAseq of FLP-in CHO-K1 cells: MTIV Construct 48h on Val-free media rep 1	Oligo-dT
SRR15559107	PRJNA742028	SRX11857243	SAMN20893076	NO_FLAG					Cricetulus griseus Transcriptome or Gene expression	MTIV Construct 4h on Val-free media rep 1	NextSeq 550 sequencing: RNAseq of FLP-in CHO-K1 cells: MTIV Construct 4h on Val-free media rep 1	Oligo-dT
SRR15559117	PRJNA742028	SRX11857237	SAMN20893088	NO_FLAG					Cricetulus griseus Transcriptome or Gene expression	Control Construct 4h on Val-free media rep 2	NextSeq 550 sequencing: RNAseq of FLP-in CHO-K1 cells: Control Construct 4h on Val-free media rep 2	Oligo-dT
SRR15559119	PRJNA742028	SRX11857232	SAMN20893083	NO_FLAG					Cricetulus griseus Transcriptome or Gene expression	MTIV Construct 48h on Val-free media rep 3	NextSeq 550 sequencing: RNAseq of FLP-in CHO-K1 cells: MTIV Construct 48h on Val-free media rep 3	Oligo-dT
SRR15559120	PRJNA742028	SRX11857231	SAMN20893074	NO_FLAG					Cricetulus griseus Transcriptome or Gene expression	MTIV Construct 0h on Val-free media rep 2	NextSeq 550 sequencing: RNAseq of FLP-in CHO-K1 cells: MTIV Construct 0h on Val-free media rep 2	Oligo-dT
SRR33309097	PRJNA1254963	SRX28553913	SAMN48140366	NO_FLAG					In situ detection and amplification of protein-protein interactions can increase recombinant protein production	G12, Rituximab, rep1	Illumina NovaSeq X Plus sequencing: GSM8951144: G12, Rituximab, rep1 Cricetulus griseus RNA-Seq	cDNA
SRR33309098	PRJNA1254963	SRX28553912	SAMN48140367	NO_FLAG					In situ detection and amplification of protein-protein interactions can increase recombinant protein production	F1, Rituximab, rep3	Illumina NovaSeq X Plus sequencing: GSM8951143: F1, Rituximab, rep3 Cricetulus griseus RNA-Seq	cDNA
SRR33309104	PRJNA1254963	SRX28553905	SAMN48140374	NO_FLAG					In situ detection and amplification of protein-protein interactions can increase recombinant protein production	E9, Rituximab, rep2	Illumina NovaSeq X Plus sequencing: GSM8951136: E9, Rituximab, rep2 Cricetulus griseus RNA-Seq	cDNA
SRR33309105	PRJNA1254963	SRX28553904	SAMN48140375	NO_FLAG					In situ detection and amplification of protein-protein interactions can increase recombinant protein production	E9, Rituximab, rep1	Illumina NovaSeq X Plus sequencing: GSM8951135: E9, Rituximab, rep1 Cricetulus griseus RNA-Seq	cDNA
SRR33309106	PRJNA1254963	SRX28553903	SAMN48140376	NO_FLAG					In situ detection and amplification of protein-protein interactions can increase recombinant protein production	E7, Rituximab, rep3	Illumina NovaSeq X Plus sequencing: GSM8951134: E7, Rituximab, rep3 Cricetulus griseus RNA-Seq	cDNA
SRR33309112	PRJNA1254963	SRX28553897	SAMN48140382	NO_FLAG					In situ detection and amplification of protein-protein interactions can increase recombinant protein production	B5, Rituximab, rep3	Illumina NovaSeq X Plus sequencing: GSM8951128: B5, Rituximab, rep3 Cricetulus griseus RNA-Seq	cDNA
SRR33309117	PRJNA1254963	SRX28553893	SAMN48140386	NO_FLAG					In situ detection and amplification of protein-protein interactions can increase recombinant protein production	B2, Rituximab, rep2	Illumina NovaSeq X Plus sequencing: GSM8951124: B2, Rituximab, rep2 Cricetulus griseus RNA-Seq	cDNA
SRR33309119	PRJNA1254963	SRX28553891	SAMN48140388	NO_FLAG					In situ detection and amplification of protein-protein interactions can increase recombinant protein production	A6, Rituximab, rep3	Illumina NovaSeq X Plus sequencing: GSM8951122: A6, Rituximab, rep3 Cricetulus griseus RNA-Seq	cDNA
SRR33309120	PRJNA1254963	SRX28553889	SAMN48140390	NO_FLAG					In situ detection and amplification of protein-protein interactions can increase recombinant protein production	A6, Rituximab, rep1	Illumina NovaSeq X Plus sequencing: GSM8951120: A6, Rituximab, rep1 Cricetulus griseus RNA-Seq	cDNA
SRR33309122	PRJNA1254963	SRX28553887	SAMN48140392	NO_FLAG					In situ detection and amplification of protein-protein interactions can increase recombinant protein production	A4, Rituximab, rep2	Illumina NovaSeq X Plus sequencing: GSM8951118: A4, Rituximab, rep2 Cricetulus griseus RNA-Seq	cDNA
SRR33309125	PRJNA1254963	SRX28553885	SAMN48140394	NO_FLAG					In situ detection and amplification of protein-protein interactions can increase recombinant protein production	CHO-S, Lama knockout, rep3	Illumina NovaSeq X Plus sequencing: GSM8951116: CHO-S, Lama knockout, rep3 Cricetulus griseus RNA-Seq	cDNA
SRR33309127	PRJNA1254963	SRX28553883	SAMN48140396	NO_FLAG					In situ detection and amplification of protein-protein interactions can increase recombinant protein production	CHO-S, Lama knockout, rep1	Illumina NovaSeq X Plus sequencing: GSM8951114: CHO-S, Lama knockout, rep1 Cricetulus griseus RNA-Seq	cDNA
SRR5298325	PRJNA355213	SRX2600494	SAMN06074320	NO_FLAG					RNA-seq Raw sequence reads of three rCHO cell line	RNA-seq for three sub-clones of rCHO cell line	Illumina HiSeq 2000 sequencing: RNA-seq Raw sequence reads of three rCHO cell line	cDNA
SRR36663597	PRJNA1397464	SRX31674379	SAMN54431545	NO_FLAG					Research on IGF2BP2 in CHO cells	Model organism or animal sample from Cricetulus griseus	Illumina NovaSeq 6000 sequencing: Lip2	cDNA
SRR36663599	PRJNA1397464	SRX31674377	SAMN54431543	NO_FLAG					Research on IGF2BP2 in CHO cells	Model organism or animal sample from Cricetulus griseus	Illumina NovaSeq 6000 sequencing: BP2_3	cDNA
