batch_id	batch_order	resource_class	run_accession	study_accession	fastq_structure	instrument_platform	fastq_bytes	predicted_minutes
SMALL_001	1	SMALL	SRR19256305	PRJNA839086	PAIRED	ILLUMINA	2080688808	6.678
SMALL_001	2	SMALL	SRR24650959	PRJNA974014	PAIRED	ILLUMINA	2080781247	6.678
SMALL_001	3	SMALL	DRR706784	PRJDB35724	PAIRED	ILLUMINA	2072824461	6.657
SMALL_001	4	SMALL	SRR24650984	PRJNA974014	PAIRED	ILLUMINA	2069677361	6.648
SMALL_001	5	SMALL	SRR33309122	PRJNA1254963	PAIRED	ILLUMINA	2066616792	6.640
SMALL_001	6	SMALL	SRR24650961	PRJNA974014	PAIRED	ILLUMINA	2063042286	6.630
SMALL_001	7	SMALL	SRR24650979	PRJNA974014	PAIRED	ILLUMINA	2061550283	6.626
SMALL_001	8	SMALL	ERR15000464	PRJEB89701	PAIRED	ILLUMINA	2056850055	6.613
SMALL_001	9	SMALL	SRR3161757	PRJNA311594	PAIRED	ILLUMINA	2053466201	6.604
SMALL_001	10	SMALL	SRR3161792	PRJNA311594	PAIRED	ILLUMINA	2050961599	6.597
SMALL_001	11	SMALL	ERR3972090	PRJEB37009	SINGLE	ILLUMINA	2049890482	6.594
SMALL_001	12	SMALL	DRR706781	PRJDB35724	PAIRED	ILLUMINA	2046970344	6.586
SMALL_001	13	SMALL	SRR15111568	PRJNA746067	PAIRED	ILLUMINA	2044385840	6.579
SMALL_001	14	SMALL	ERR3972088	PRJEB37009	SINGLE	ILLUMINA	2041410517	6.571
SMALL_001	15	SMALL	SRR3161763	PRJNA311594	PAIRED	ILLUMINA	2040024587	6.567
SMALL_001	16	SMALL	ERR3972087	PRJEB37009	SINGLE	ILLUMINA	2039513985	6.566
SMALL_001	17	SMALL	SRR24650962	PRJNA974014	PAIRED	ILLUMINA	2038328384	6.563
SMALL_001	18	SMALL	DRR706775	PRJDB35724	PAIRED	ILLUMINA	2036927042	6.559
SMALL_001	19	SMALL	ERR15000540	PRJEB89701	PAIRED	ILLUMINA	2035942340	6.556
SMALL_001	20	SMALL	DRR096599	PRJDB5897	SINGLE	ILLUMINA	2034531875	6.552
SMALL_001	21	SMALL	SRR24650983	PRJNA974014	PAIRED	ILLUMINA	2028119244	6.535
SMALL_001	22	SMALL	SRR16980348	PRJNA766998	PAIRED	ILLUMINA	2026111768	6.529
SMALL_001	23	SMALL	SRR3161762	PRJNA311594	PAIRED	ILLUMINA	2020999438	6.515
SMALL_001	24	SMALL	SRR38262920	PRJNA1282762	SINGLE	ILLUMINA	2015311875	6.500
SMALL_001	25	SMALL	SRR24650982	PRJNA974014	PAIRED	ILLUMINA	2015066457	6.499
SMALL_001	26	SMALL	SRR2922605	PRJNA302601	SINGLE	ILLUMINA	2014992766	6.499
SMALL_001	27	SMALL	SRR9151763	PRJNA545309	PAIRED	ILLUMINA	2013901791	6.496
SMALL_001	28	SMALL	DRR706774	PRJDB35724	PAIRED	ILLUMINA	2011967202	6.491
SMALL_001	29	SMALL	DRR706790	PRJDB35724	PAIRED	ILLUMINA	2008568484	6.481
SMALL_001	30	SMALL	ERR16729286	PRJEB108721	PAIRED	ILLUMINA	2005594084	6.473
SMALL_001	31	SMALL	ERR3972097	PRJEB37009	SINGLE	ILLUMINA	2001746525	6.463
SMALL_001	32	SMALL	SRR24650969	PRJNA974014	PAIRED	ILLUMINA	1998288356	6.453
SMALL_001	33	SMALL	SRR38263132	PRJNA1282762	SINGLE	ILLUMINA	1991905797	6.436
SMALL_001	34	SMALL	ERR15000471	PRJEB89701	PAIRED	ILLUMINA	1987917639	6.425
SMALL_001	35	SMALL	SRR3161779	PRJNA311594	PAIRED	ILLUMINA	1986340427	6.421
SMALL_001	36	SMALL	SRR24650966	PRJNA974014	PAIRED	ILLUMINA	1985362749	6.418
SMALL_001	37	SMALL	SRR10493863	PRJNA590485	PAIRED	ILLUMINA	1209441005	4.300
SMALL_002	1	SMALL	DRR096596	PRJDB5897	SINGLE	ILLUMINA	1980526373	6.405
SMALL_002	2	SMALL	SRR19256302	PRJNA839086	PAIRED	ILLUMINA	1978833503	6.400
SMALL_002	3	SMALL	SRR2922597	PRJNA302601	SINGLE	ILLUMINA	1977549513	6.397
SMALL_002	4	SMALL	ERR15000457	PRJEB89701	PAIRED	ILLUMINA	1974215396	6.388
SMALL_002	5	SMALL	SRR24650987	PRJNA974014	PAIRED	ILLUMINA	1972654445	6.383
SMALL_002	6	SMALL	ERR15000458	PRJEB89701	PAIRED	ILLUMINA	1969717763	6.375
SMALL_002	7	SMALL	ERR15000470	PRJEB89701	PAIRED	ILLUMINA	1964008993	6.360
SMALL_002	8	SMALL	ERR3972095	PRJEB37009	SINGLE	ILLUMINA	1960851205	6.351
SMALL_002	9	SMALL	DRR706773	PRJDB35724	PAIRED	ILLUMINA	1956344155	6.339
SMALL_002	10	SMALL	SRR3161761	PRJNA311594	PAIRED	ILLUMINA	1956179374	6.338
SMALL_002	11	SMALL	ERR15000476	PRJEB89701	PAIRED	ILLUMINA	1955554057	6.337
SMALL_002	12	SMALL	ERR15000497	PRJEB89701	PAIRED	ILLUMINA	1946416388	6.312
SMALL_002	13	SMALL	ERR3972096	PRJEB37009	SINGLE	ILLUMINA	1946673210	6.312
SMALL_002	14	SMALL	SRR15111571	PRJNA746067	PAIRED	ILLUMINA	1940696673	6.296
SMALL_002	15	SMALL	SRR3946106	PRJNA330832	SINGLE	ILLUMINA	1938579115	6.290
SMALL_002	16	SMALL	SRR2922600	PRJNA302601	SINGLE	ILLUMINA	1933770831	6.277
SMALL_002	17	SMALL	SRR24650985	PRJNA974014	PAIRED	ILLUMINA	1932843733	6.275
SMALL_002	18	SMALL	SRR24650986	PRJNA974014	PAIRED	ILLUMINA	1932113714	6.273
SMALL_002	19	SMALL	SRR16980347	PRJNA766998	PAIRED	ILLUMINA	1927508493	6.260
SMALL_002	20	SMALL	SRR2922599	PRJNA302601	SINGLE	ILLUMINA	1921246245	6.243
SMALL_002	21	SMALL	ERR15000467	PRJEB89701	PAIRED	ILLUMINA	1918839905	6.236
SMALL_002	22	SMALL	SRR24650930	PRJNA974014	PAIRED	ILLUMINA	1918587117	6.236
SMALL_002	23	SMALL	ERR16729289	PRJEB108721	PAIRED	ILLUMINA	1916807431	6.231
SMALL_002	24	SMALL	ERR15000475	PRJEB89701	PAIRED	ILLUMINA	1915122505	6.226
SMALL_002	25	SMALL	SRR40310832	PRJNA1516528	PAIRED	ILLUMINA	1914694275	6.225
SMALL_002	26	SMALL	SRR12774956	PRJNA667472	PAIRED	ILLUMINA	1914115524	6.224
SMALL_002	27	SMALL	DRR706777	PRJDB35724	PAIRED	ILLUMINA	1912392675	6.219
SMALL_002	28	SMALL	ERR16729288	PRJEB108721	PAIRED	ILLUMINA	1898860452	6.182
SMALL_002	29	SMALL	SRR15111569	PRJNA746067	PAIRED	ILLUMINA	1898634892	6.181
SMALL_002	30	SMALL	SRR15111570	PRJNA746067	PAIRED	ILLUMINA	1897908603	6.179
SMALL_002	31	SMALL	SRR24650968	PRJNA974014	PAIRED	ILLUMINA	1896165030	6.175
SMALL_002	32	SMALL	SRR3161780	PRJNA311594	PAIRED	ILLUMINA	1885643286	6.146
SMALL_002	33	SMALL	SRR4035674	PRJNA339147	SINGLE	ILLUMINA	1885353303	6.145
SMALL_002	34	SMALL	ERR3972093	PRJEB37009	SINGLE	ILLUMINA	1877161317	6.123
SMALL_002	35	SMALL	SRR3946101	PRJNA330832	SINGLE	ILLUMINA	1871673593	6.108
SMALL_002	36	SMALL	SRR24650971	PRJNA974014	PAIRED	ILLUMINA	1870015037	6.103
SMALL_002	37	SMALL	ERR3972094	PRJEB37009	SINGLE	ILLUMINA	1869194327	6.101
SMALL_002	38	SMALL	SRR3161796	PRJNA311594	PAIRED	ILLUMINA	1862275735	6.082
SMALL_002	39	SMALL	SRR23603859	PRJNA938154	UNPAIRED_FROM_PAIRED	ILLUMINA	460451002	2.256
SMALL_003	1	SMALL	DRR706785	PRJDB35724	PAIRED	ILLUMINA	1861355095	6.080
SMALL_003	2	SMALL	ERR15000460	PRJEB89701	PAIRED	ILLUMINA	1861534612	6.080
SMALL_003	3	SMALL	ERR16729278	PRJEB108721	PAIRED	ILLUMINA	1854327957	6.060
SMALL_003	4	SMALL	ERR3972089	PRJEB37009	SINGLE	ILLUMINA	1852745863	6.056
SMALL_003	5	SMALL	ERR16729296	PRJEB108721	PAIRED	ILLUMINA	1845900417	6.037
SMALL_003	6	SMALL	SRR38262918	PRJNA1282762	SINGLE	ILLUMINA	1843816624	6.032
SMALL_003	7	SMALL	SRR4035676	PRJNA339147	SINGLE	ILLUMINA	1838684869	6.018
SMALL_003	8	SMALL	SRR9151765	PRJNA545309	PAIRED	ILLUMINA	1835765450	6.010
SMALL_003	9	SMALL	ERR16729297	PRJEB108721	PAIRED	ILLUMINA	1834781727	6.007
SMALL_003	10	SMALL	SRR24650972	PRJNA974014	PAIRED	ILLUMINA	1833331942	6.003
SMALL_003	11	SMALL	ERR3972092	PRJEB37009	SINGLE	ILLUMINA	1831783482	5.999
SMALL_003	12	SMALL	SRR2922601	PRJNA302601	SINGLE	ILLUMINA	1823655330	5.977
SMALL_003	13	SMALL	SRR9151766	PRJNA545309	PAIRED	ILLUMINA	1822010602	5.972
SMALL_003	14	SMALL	ERR16729293	PRJEB108721	PAIRED	ILLUMINA	1819028396	5.964
SMALL_003	15	SMALL	SRR9151761	PRJNA545309	PAIRED	ILLUMINA	1817168528	5.959
SMALL_003	16	SMALL	SRR4035681	PRJNA339147	SINGLE	ILLUMINA	1816444609	5.957
SMALL_003	17	SMALL	SRR24650970	PRJNA974014	PAIRED	ILLUMINA	1809158299	5.937
SMALL_003	18	SMALL	ERR15000472	PRJEB89701	PAIRED	ILLUMINA	1808692074	5.936
SMALL_003	19	SMALL	SRR15111562	PRJNA746067	PAIRED	ILLUMINA	1802221146	5.918
SMALL_003	20	SMALL	SRR2922603	PRJNA302601	SINGLE	ILLUMINA	1792079681	5.890
SMALL_003	21	SMALL	ERR16729292	PRJEB108721	PAIRED	ILLUMINA	1790069712	5.885
SMALL_003	22	SMALL	SRR10995699	PRJNA604220	PAIRED	ILLUMINA	1786750779	5.876
SMALL_003	23	SMALL	DRR706779	PRJDB35724	PAIRED	ILLUMINA	1782226582	5.864
SMALL_003	24	SMALL	DRR096597	PRJDB5897	SINGLE	ILLUMINA	1775526617	5.845
SMALL_003	25	SMALL	SRR15111566	PRJNA746067	PAIRED	ILLUMINA	1771739383	5.835
SMALL_003	26	SMALL	ERR15000508	PRJEB89701	PAIRED	ILLUMINA	1770256502	5.831
SMALL_003	27	SMALL	SRR15111564	PRJNA746067	PAIRED	ILLUMINA	1770411452	5.831
SMALL_003	28	SMALL	SRR9151762	PRJNA545309	PAIRED	ILLUMINA	1768727031	5.827
SMALL_003	29	SMALL	ERR15000530	PRJEB89701	PAIRED	ILLUMINA	1765277921	5.817
SMALL_003	30	SMALL	DRR706778	PRJDB35724	PAIRED	ILLUMINA	1761052669	5.806
SMALL_003	31	SMALL	ERR16729282	PRJEB108721	PAIRED	ILLUMINA	1760530385	5.804
SMALL_003	32	SMALL	SRR15111561	PRJNA746067	PAIRED	ILLUMINA	1759287617	5.801
SMALL_003	33	SMALL	SRR15111552	PRJNA746067	PAIRED	ILLUMINA	1756013258	5.792
SMALL_003	34	SMALL	ERR16729281	PRJEB108721	PAIRED	ILLUMINA	1755472780	5.791
SMALL_003	35	SMALL	SRR24650967	PRJNA974014	PAIRED	ILLUMINA	1751046751	5.779
SMALL_003	36	SMALL	SRR15111563	PRJNA746067	PAIRED	ILLUMINA	1750236630	5.776
SMALL_003	37	SMALL	SRR4035679	PRJNA339147	SINGLE	ILLUMINA	1747166708	5.768
SMALL_003	38	SMALL	ERR16729277	PRJEB108721	PAIRED	ILLUMINA	1731033484	5.724
SMALL_003	39	SMALL	ERR16729284	PRJEB108721	PAIRED	ILLUMINA	1730658336	5.723
SMALL_003	40	SMALL	ERR16729279	PRJEB108721	PAIRED	ILLUMINA	1718426080	5.689
SMALL_003	41	SMALL	SRR11350304	PRJNA613438	SINGLE	ILLUMINA	1097013181	3.994
SMALL_004	1	SMALL	SRR10995701	PRJNA604220	PAIRED	ILLUMINA	1714604289	5.679
SMALL_004	2	SMALL	SRR10995700	PRJNA604220	PAIRED	ILLUMINA	1712816646	5.674
SMALL_004	3	SMALL	ERR16729290	PRJEB108721	PAIRED	ILLUMINA	1705161751	5.653
SMALL_004	4	SMALL	SRR10995702	PRJNA604220	PAIRED	ILLUMINA	1702363767	5.646
SMALL_004	5	SMALL	ERR10745719	PRJEB55916	PAIRED	ILLUMINA	1698611063	5.635
SMALL_004	6	SMALL	ERR10745720	PRJEB55916	PAIRED	ILLUMINA	1696650356	5.630
SMALL_004	7	SMALL	SRR15111565	PRJNA746067	PAIRED	ILLUMINA	1695009645	5.626
SMALL_004	8	SMALL	ERR10745722	PRJEB55916	PAIRED	ILLUMINA	1694680836	5.625
SMALL_004	9	SMALL	ERR16729294	PRJEB108721	PAIRED	ILLUMINA	1689931598	5.612
SMALL_004	10	SMALL	ERR10745721	PRJEB55916	PAIRED	ILLUMINA	1686381478	5.602
SMALL_004	11	SMALL	SRR4035675	PRJNA339147	SINGLE	ILLUMINA	1670483915	5.559
SMALL_004	12	SMALL	ERR15000461	PRJEB89701	PAIRED	ILLUMINA	1669916881	5.557
SMALL_004	13	SMALL	ERR16729275	PRJEB108721	PAIRED	ILLUMINA	1668723980	5.554
SMALL_004	14	SMALL	SRR3946109	PRJNA330832	SINGLE	ILLUMINA	1662207234	5.536
SMALL_004	15	SMALL	ERR16729283	PRJEB108721	PAIRED	ILLUMINA	1660981057	5.533
SMALL_004	16	SMALL	SRR10493866	PRJNA590485	PAIRED	ILLUMINA	1629533773	5.447
SMALL_004	17	SMALL	SRR4035680	PRJNA339147	SINGLE	ILLUMINA	1629374158	5.446
SMALL_004	18	SMALL	SRR4035677	PRJNA339147	SINGLE	ILLUMINA	1626955297	5.440
SMALL_004	19	SMALL	ERR16729291	PRJEB108721	PAIRED	ILLUMINA	1618237694	5.416
SMALL_004	20	SMALL	ERR16729276	PRJEB108721	PAIRED	ILLUMINA	1600784493	5.368
SMALL_004	21	SMALL	ERR16729274	PRJEB108721	PAIRED	ILLUMINA	1592905985	5.347
SMALL_004	22	SMALL	ERR10745742	PRJEB55916	PAIRED	ILLUMINA	1592093838	5.345
SMALL_004	23	SMALL	SRR36222942	PRJNA1363687	PAIRED	ILLUMINA	1590133341	5.339
SMALL_004	24	SMALL	ERR16729295	PRJEB108721	PAIRED	ILLUMINA	1586782064	5.330
SMALL_004	25	SMALL	ERR16729285	PRJEB108721	PAIRED	ILLUMINA	1585535292	5.327
SMALL_004	26	SMALL	SRR16796945	PRJNA778050	SINGLE	ILLUMINA	1583076739	5.320
SMALL_004	27	SMALL	ERR10745743	PRJEB55916	PAIRED	ILLUMINA	1580392993	5.313
SMALL_004	28	SMALL	SRR16796960	PRJNA778050	SINGLE	ILLUMINA	1576770940	5.303
SMALL_004	29	SMALL	SRR4035682	PRJNA339147	SINGLE	ILLUMINA	1570541455	5.286
SMALL_004	30	SMALL	ERR10745744	PRJEB55916	PAIRED	ILLUMINA	1568757011	5.281
SMALL_004	31	SMALL	ERR10745745	PRJEB55916	PAIRED	ILLUMINA	1568184582	5.279
SMALL_004	32	SMALL	SRR15111567	PRJNA746067	PAIRED	ILLUMINA	1565037648	5.271
SMALL_004	33	SMALL	SRR16796949	PRJNA778050	SINGLE	ILLUMINA	1557595277	5.251
SMALL_004	34	SMALL	ERR10745730	PRJEB55916	PAIRED	ILLUMINA	1542047014	5.208
SMALL_004	35	SMALL	ERR10745731	PRJEB55916	PAIRED	ILLUMINA	1538092918	5.197
SMALL_004	36	SMALL	ERR10745732	PRJEB55916	PAIRED	ILLUMINA	1523561262	5.158
SMALL_004	37	SMALL	ERR10745733	PRJEB55916	PAIRED	ILLUMINA	1523627930	5.158
SMALL_004	38	SMALL	SRR36222941	PRJNA1363687	PAIRED	ILLUMINA	1513340186	5.130
SMALL_004	39	SMALL	SRR16796971	PRJNA778050	SINGLE	ILLUMINA	1506718552	5.112
SMALL_004	40	SMALL	SRR3946107	PRJNA330832	SINGLE	ILLUMINA	1493929308	5.077
SMALL_004	41	SMALL	ERR10745711	PRJEB55916	PAIRED	ILLUMINA	1493717927	5.076
SMALL_004	42	SMALL	ERR10745712	PRJEB55916	PAIRED	ILLUMINA	1483104314	5.047
SMALL_004	43	SMALL	SRR10493864	PRJNA590485	PAIRED	ILLUMINA	1479674581	5.038
SMALL_004	44	SMALL	SRR11350305	PRJNA613438	SINGLE	ILLUMINA	1478743222	5.035
SMALL_004	45	SMALL	SRR10995647	PRJNA604220	PAIRED	ILLUMINA	927094852	3.530
SMALL_005	1	SMALL	SRR11350310	PRJNA613438	SINGLE	ILLUMINA	1478422440	5.035
SMALL_005	2	SMALL	ERR10745723	PRJEB55916	PAIRED	ILLUMINA	1477682626	5.033
SMALL_005	3	SMALL	ERR16729287	PRJEB108721	PAIRED	ILLUMINA	1472485712	5.018
SMALL_005	4	SMALL	ERR10745714	PRJEB55916	PAIRED	ILLUMINA	1472060955	5.017
SMALL_005	5	SMALL	ERR10745713	PRJEB55916	PAIRED	ILLUMINA	1469631169	5.011
SMALL_005	6	SMALL	ERR10745724	PRJEB55916	PAIRED	ILLUMINA	1469817771	5.011
SMALL_005	7	SMALL	ERR10745725	PRJEB55916	PAIRED	ILLUMINA	1469641035	5.011
SMALL_005	8	SMALL	SRR10493873	PRJNA590485	PAIRED	ILLUMINA	1469419452	5.010
SMALL_005	9	SMALL	SRR4035678	PRJNA339147	SINGLE	ILLUMINA	1469471468	5.010
SMALL_005	10	SMALL	ERR10745715	PRJEB55916	PAIRED	ILLUMINA	1461706069	4.989
SMALL_005	11	SMALL	ERR10745718	PRJEB55916	PAIRED	ILLUMINA	1454753661	4.970
SMALL_005	12	SMALL	ERR10745716	PRJEB55916	PAIRED	ILLUMINA	1453934087	4.968
SMALL_005	13	SMALL	ERR10745738	PRJEB55916	PAIRED	ILLUMINA	1450912803	4.959
SMALL_005	14	SMALL	ERR10745717	PRJEB55916	PAIRED	ILLUMINA	1450558696	4.958
SMALL_005	15	SMALL	ERR10745739	PRJEB55916	PAIRED	ILLUMINA	1447979827	4.951
SMALL_005	16	SMALL	SRR11350311	PRJNA613438	SINGLE	ILLUMINA	1440630451	4.931
SMALL_005	17	SMALL	SRR3946105	PRJNA330832	SINGLE	ILLUMINA	1430602395	4.904
SMALL_005	18	SMALL	SRR2922604	PRJNA302601	SINGLE	ILLUMINA	1428566861	4.898
SMALL_005	19	SMALL	ERR10745740	PRJEB55916	PAIRED	ILLUMINA	1424122421	4.886
SMALL_005	20	SMALL	ERR10745741	PRJEB55916	PAIRED	ILLUMINA	1420224123	4.876
SMALL_005	21	SMALL	SRR10669486	PRJNA594947	SINGLE	ILLUMINA	1414963129	4.861
SMALL_005	22	SMALL	SRR11350319	PRJNA613438	SINGLE	ILLUMINA	1414977408	4.861
SMALL_005	23	SMALL	SRR10493856	PRJNA590485	PAIRED	ILLUMINA	1401966355	4.826
SMALL_005	24	SMALL	SRR11350316	PRJNA613438	SINGLE	ILLUMINA	1399125276	4.818
SMALL_005	25	SMALL	DRR706780	PRJDB35724	PAIRED	ILLUMINA	1398397477	4.816
SMALL_005	26	SMALL	DRR096598	PRJDB5897	SINGLE	ILLUMINA	1392795733	4.801
SMALL_005	27	SMALL	SRR2922602	PRJNA302601	SINGLE	ILLUMINA	1388633159	4.789
SMALL_005	28	SMALL	ERR3374021	PRJEB33024	SINGLE	ILLUMINA	1380968774	4.769
SMALL_005	29	SMALL	SRR11350315	PRJNA613438	SINGLE	ILLUMINA	1373771038	4.749
SMALL_005	30	SMALL	ERR10745750	PRJEB55916	PAIRED	ILLUMINA	1358934676	4.708
SMALL_005	31	SMALL	ERR10745751	PRJEB55916	PAIRED	ILLUMINA	1355559006	4.699
SMALL_005	32	SMALL	SRR3946110	PRJNA330832	SINGLE	ILLUMINA	1352508446	4.691
SMALL_005	33	SMALL	SRR10493872	PRJNA590485	PAIRED	ILLUMINA	1350009187	4.684
SMALL_005	34	SMALL	ERR3374026	PRJEB33024	SINGLE	ILLUMINA	1348269536	4.679
SMALL_005	35	SMALL	ERR10745752	PRJEB55916	PAIRED	ILLUMINA	1335565867	4.645
SMALL_005	36	SMALL	ERR10745753	PRJEB55916	PAIRED	ILLUMINA	1331450820	4.633
SMALL_005	37	SMALL	ERR3374025	PRJEB33024	SINGLE	ILLUMINA	1328857746	4.626
SMALL_005	38	SMALL	SRR16796943	PRJNA778050	SINGLE	ILLUMINA	1325950680	4.618
SMALL_005	39	SMALL	ERR10745735	PRJEB55916	PAIRED	ILLUMINA	1323446556	4.612
SMALL_005	40	SMALL	SRR11350318	PRJNA613438	SINGLE	ILLUMINA	1321612845	4.607
SMALL_005	41	SMALL	SRR16796972	PRJNA778050	SINGLE	ILLUMINA	1321324189	4.606
SMALL_005	42	SMALL	ERR10745734	PRJEB55916	PAIRED	ILLUMINA	1318689751	4.599
SMALL_005	43	SMALL	ERR3374022	PRJEB33024	SINGLE	ILLUMINA	1316768643	4.593
SMALL_005	44	SMALL	SRR10493874	PRJNA590485	PAIRED	ILLUMINA	1314685274	4.588
SMALL_005	45	SMALL	SRR10995655	PRJNA604220	PAIRED	ILLUMINA	1313894084	4.586
SMALL_005	46	SMALL	ERR10745737	PRJEB55916	PAIRED	ILLUMINA	1313840323	4.585
SMALL_005	47	SMALL	SRR10493879	PRJNA590485	PAIRED	ILLUMINA	1313227684	4.584
SMALL_005	48	SMALL	ERR10745736	PRJEB55916	PAIRED	ILLUMINA	1313012730	4.583
SMALL_005	49	SMALL	ERR10745746	PRJEB55916	PAIRED	ILLUMINA	1301953218	4.553
SMALL_005	50	SMALL	SRR10493868	PRJNA590485	PAIRED	ILLUMINA	1302111636	4.553
SMALL_006	1	SMALL	ERR3374028	PRJEB33024	SINGLE	ILLUMINA	1294840270	4.534
SMALL_006	2	SMALL	ERR10745747	PRJEB55916	PAIRED	ILLUMINA	1293433973	4.530
SMALL_006	3	SMALL	SRR11350307	PRJNA613438	SINGLE	ILLUMINA	1290653435	4.522
SMALL_006	4	SMALL	ERR10745749	PRJEB55916	PAIRED	ILLUMINA	1290110879	4.521
SMALL_006	5	SMALL	ERR3374020	PRJEB33024	SINGLE	ILLUMINA	1288326132	4.516
SMALL_006	6	SMALL	SRR10995657	PRJNA604220	PAIRED	ILLUMINA	1287872767	4.515
SMALL_006	7	SMALL	ERR10745748	PRJEB55916	PAIRED	ILLUMINA	1286151052	4.510
SMALL_006	8	SMALL	SRR3946111	PRJNA330832	SINGLE	ILLUMINA	1279210759	4.491
SMALL_006	9	SMALL	SRR10995658	PRJNA604220	PAIRED	ILLUMINA	1277871182	4.487
SMALL_006	10	SMALL	SRR10995656	PRJNA604220	PAIRED	ILLUMINA	1272887223	4.474
SMALL_006	11	SMALL	SRR11350309	PRJNA613438	SINGLE	ILLUMINA	1271548263	4.470
SMALL_006	12	SMALL	SRR11350308	PRJNA613438	SINGLE	ILLUMINA	1265086398	4.452
SMALL_006	13	SMALL	SRR3946103	PRJNA330832	SINGLE	ILLUMINA	1264434758	4.451
SMALL_006	14	SMALL	ERR3374029	PRJEB33024	SINGLE	ILLUMINA	1263346690	4.448
SMALL_006	15	SMALL	SRR10493877	PRJNA590485	PAIRED	ILLUMINA	1251349544	4.415
SMALL_006	16	SMALL	SRR10493867	PRJNA590485	PAIRED	ILLUMINA	1246774308	4.402
SMALL_006	17	SMALL	DRR706786	PRJDB35724	PAIRED_PLUS_UNPAIRED	ILLUMINA	1244034919	4.395
SMALL_006	18	SMALL	ERR10745726	PRJEB55916	PAIRED	ILLUMINA	1243156087	4.392
SMALL_006	19	SMALL	ERR10745727	PRJEB55916	PAIRED	ILLUMINA	1241010657	4.387
SMALL_006	20	SMALL	SRR24650940	PRJNA974014	SINGLE	ILLUMINA	1238324611	4.379
SMALL_006	21	SMALL	SRR3946104	PRJNA330832	SINGLE	ILLUMINA	1226580684	4.347
SMALL_006	22	SMALL	SRR3946102	PRJNA330832	SINGLE	ILLUMINA	1223398762	4.339
SMALL_006	23	SMALL	SRR10493876	PRJNA590485	PAIRED	ILLUMINA	1223169132	4.338
SMALL_006	24	SMALL	ERR10745728	PRJEB55916	PAIRED	ILLUMINA	1218383029	4.325
SMALL_006	25	SMALL	ERR3374023	PRJEB33024	SINGLE	ILLUMINA	1217407264	4.322
SMALL_006	26	SMALL	ERR3374027	PRJEB33024	SINGLE	ILLUMINA	1216779798	4.320
SMALL_006	27	SMALL	SRR10493880	PRJNA590485	PAIRED	ILLUMINA	1205457142	4.290
SMALL_006	28	SMALL	SRR10995687	PRJNA604220	PAIRED	ILLUMINA	1205731960	4.290
SMALL_006	29	SMALL	SRR3946112	PRJNA330832	SINGLE	ILLUMINA	1204292408	4.286
SMALL_006	30	SMALL	SRR10669487	PRJNA594947	SINGLE	ILLUMINA	1200537598	4.276
SMALL_006	31	SMALL	SRR10493875	PRJNA590485	PAIRED	ILLUMINA	1196296876	4.265
SMALL_006	32	SMALL	ERR10745729	PRJEB55916	PAIRED	ILLUMINA	1196111035	4.264
SMALL_006	33	SMALL	ERR3374024	PRJEB33024	SINGLE	ILLUMINA	1188831062	4.244
SMALL_006	34	SMALL	DRR091440	PRJDB5737	SINGLE	ILLUMINA	1175631746	4.208
SMALL_006	35	SMALL	SRR11350312	PRJNA613438	SINGLE	ILLUMINA	1165280103	4.180
SMALL_006	36	SMALL	SRR10493860	PRJNA590485	PAIRED	ILLUMINA	1160743166	4.168
SMALL_006	37	SMALL	SRR10995688	PRJNA604220	PAIRED	ILLUMINA	1151208519	4.142
SMALL_006	38	SMALL	SRR10995689	PRJNA604220	PAIRED	ILLUMINA	1149556257	4.137
SMALL_006	39	SMALL	SRR10493858	PRJNA590485	PAIRED	ILLUMINA	1147877400	4.132
SMALL_006	40	SMALL	SRR16796944	PRJNA778050	SINGLE	ILLUMINA	1146147239	4.128
SMALL_006	41	SMALL	SRR10995690	PRJNA604220	PAIRED	ILLUMINA	1142477766	4.118
SMALL_006	42	SMALL	SRR10493869	PRJNA590485	PAIRED	ILLUMINA	1140605381	4.113
SMALL_006	43	SMALL	SRR10669488	PRJNA594947	SINGLE	ILLUMINA	1092032980	3.980
SMALL_006	44	SMALL	SRR10493881	PRJNA590485	PAIRED	ILLUMINA	1088236189	3.970
SMALL_006	45	SMALL	ERR10745754	PRJEB55916	PAIRED	ILLUMINA	1069280807	3.918
SMALL_006	46	SMALL	ERR10745755	PRJEB55916	PAIRED	ILLUMINA	1059833835	3.892
SMALL_006	47	SMALL	SRR10995659	PRJNA604220	PAIRED	ILLUMINA	1058766361	3.889
SMALL_006	48	SMALL	SRR10493850	PRJNA590485	PAIRED	ILLUMINA	1058058244	3.887
SMALL_006	49	SMALL	ERR10745757	PRJEB55916	PAIRED	ILLUMINA	1052649837	3.873
SMALL_006	50	SMALL	ERR10745756	PRJEB55916	PAIRED	ILLUMINA	1048633551	3.862
SMALL_006	51	SMALL	SRR23603787	PRJNA938154	UNPAIRED_FROM_PAIRED	ILLUMINA	1046768563	3.857
SMALL_006	52	SMALL	SRR10493859	PRJNA590485	PAIRED	ILLUMINA	1035148539	3.825
SMALL_006	53	SMALL	SRR11350303	PRJNA613438	SINGLE	ILLUMINA	1024636294	3.796
SMALL_006	54	SMALL	SRR10493851	PRJNA590485	PAIRED	ILLUMINA	1021467767	3.787
SMALL_006	55	SMALL	SRR10995675	PRJNA604220	PAIRED	ILLUMINA	1018847835	3.780
SMALL_006	56	SMALL	SRR10995695	PRJNA604220	PAIRED	ILLUMINA	1017608059	3.777
SMALL_006	57	SMALL	SRR10669489	PRJNA594947	SINGLE	ILLUMINA	869783999	3.374
SMALL_007	1	SMALL	SRR10493878	PRJNA590485	PAIRED	ILLUMINA	1015188667	3.770
SMALL_007	2	SMALL	SRR10995683	PRJNA604220	PAIRED	ILLUMINA	1011265339	3.760
SMALL_007	3	SMALL	SRR10493871	PRJNA590485	PAIRED	ILLUMINA	1008562960	3.752
SMALL_007	4	SMALL	SRR2922598	PRJNA302601	SINGLE	ILLUMINA	1004823365	3.742
SMALL_007	5	SMALL	SRR10995660	PRJNA604220	PAIRED	ILLUMINA	997393511	3.722
SMALL_007	6	SMALL	SRR10995677	PRJNA604220	PAIRED	ILLUMINA	995907244	3.718
SMALL_007	7	SMALL	SRR10995661	PRJNA604220	PAIRED	ILLUMINA	994637523	3.714
SMALL_007	8	SMALL	SRR10995678	PRJNA604220	PAIRED	ILLUMINA	989924018	3.701
SMALL_007	9	SMALL	SRR10995676	PRJNA604220	PAIRED	ILLUMINA	985262295	3.689
SMALL_007	10	SMALL	SRR10995691	PRJNA604220	PAIRED	ILLUMINA	984474461	3.687
SMALL_007	11	SMALL	SRR10995662	PRJNA604220	PAIRED	ILLUMINA	983213963	3.683
SMALL_007	12	SMALL	SRR10995693	PRJNA604220	PAIRED	ILLUMINA	972783753	3.655
SMALL_007	13	SMALL	SRR10995684	PRJNA604220	PAIRED	ILLUMINA	972397344	3.654
SMALL_007	14	SMALL	DRR091439	PRJDB5737	SINGLE	ILLUMINA	970181395	3.648
SMALL_007	15	SMALL	SRR10995685	PRJNA604220	PAIRED	ILLUMINA	969288034	3.645
SMALL_007	16	SMALL	DRR096602	PRJDB5898	SINGLE	ILLUMINA	966210496	3.637
SMALL_007	17	SMALL	SRR10995694	PRJNA604220	PAIRED	ILLUMINA	965150656	3.634
SMALL_007	18	SMALL	SRR16796946	PRJNA778050	SINGLE	ILLUMINA	965170432	3.634
SMALL_007	19	SMALL	SRR23603841	PRJNA938154	UNPAIRED_FROM_PAIRED	ILLUMINA	963666384	3.630
SMALL_007	20	SMALL	SRR10493849	PRJNA590485	PAIRED	ILLUMINA	962764606	3.627
SMALL_007	21	SMALL	SRR10995686	PRJNA604220	PAIRED	ILLUMINA	961993107	3.625
SMALL_007	22	SMALL	SRR10995696	PRJNA604220	PAIRED	ILLUMINA	960944342	3.622
SMALL_007	23	SMALL	SRR10995697	PRJNA604220	PAIRED	ILLUMINA	960274414	3.620
SMALL_007	24	SMALL	SRR12618111	PRJNA662582	SINGLE	ILLUMINA	955485525	3.607
SMALL_007	25	SMALL	SRR10995692	PRJNA604220	PAIRED	ILLUMINA	954260424	3.604
SMALL_007	26	SMALL	SRR10995698	PRJNA604220	PAIRED	ILLUMINA	951688353	3.597
SMALL_007	27	SMALL	SRR10493847	PRJNA590485	PAIRED_PLUS_UNPAIRED	ILLUMINA	945822554	3.581
SMALL_007	28	SMALL	SRR11350313	PRJNA613438	SINGLE	ILLUMINA	939717297	3.564
SMALL_007	29	SMALL	SRR11350317	PRJNA613438	SINGLE	ILLUMINA	938938510	3.562
SMALL_007	30	SMALL	SRR10995679	PRJNA604220	PAIRED	ILLUMINA	931330499	3.542
SMALL_007	31	SMALL	DRR096600	PRJDB5898	SINGLE	ILLUMINA	918960250	3.508
SMALL_007	32	SMALL	SRR10995681	PRJNA604220	PAIRED	ILLUMINA	919080053	3.508
SMALL_007	33	SMALL	SRR10995682	PRJNA604220	PAIRED	ILLUMINA	913688928	3.493
SMALL_007	34	SMALL	SRR10995649	PRJNA604220	PAIRED	ILLUMINA	904434163	3.468
SMALL_007	35	SMALL	SRR10995680	PRJNA604220	PAIRED	ILLUMINA	902458279	3.463
SMALL_007	36	SMALL	DRR169285	PRJDB7945	SINGLE	ILLUMINA	900724409	3.458
SMALL_007	37	SMALL	SRR10493855	PRJNA590485	PAIRED	ILLUMINA	898622502	3.452
SMALL_007	38	SMALL	SRR10995671	PRJNA604220	PAIRED	ILLUMINA	898257137	3.451
SMALL_007	39	SMALL	SRR10995648	PRJNA604220	PAIRED	ILLUMINA	896184977	3.446
SMALL_007	40	SMALL	SRR10995650	PRJNA604220	PAIRED	ILLUMINA	896461206	3.446
SMALL_007	41	SMALL	DRR096601	PRJDB5898	SINGLE	ILLUMINA	894268633	3.440
SMALL_007	42	SMALL	DRR164941	PRJDB7873	SINGLE	ILLUMINA	891629659	3.433
SMALL_007	43	SMALL	SRR12618110	PRJNA662582	SINGLE	ILLUMINA	887919290	3.423
SMALL_007	44	SMALL	DRR164946	PRJDB7873	SINGLE	ILLUMINA	887589228	3.422
SMALL_007	45	SMALL	SRR10995639	PRJNA604220	PAIRED	ILLUMINA	885866182	3.417
SMALL_007	46	SMALL	DRR096603	PRJDB5898	SINGLE	ILLUMINA	883180312	3.410
SMALL_007	47	SMALL	SRR10995663	PRJNA604220	PAIRED	ILLUMINA	881488949	3.405
SMALL_007	48	SMALL	DRR164949	PRJDB7873	SINGLE	ILLUMINA	876319598	3.391
SMALL_007	49	SMALL	SRR10995673	PRJNA604220	PAIRED	ILLUMINA	869333344	3.372
SMALL_007	50	SMALL	SRR10995635	PRJNA604220	PAIRED	ILLUMINA	868743893	3.371
SMALL_007	51	SMALL	SRR10493870	PRJNA590485	PAIRED	ILLUMINA	868599598	3.370
SMALL_007	52	SMALL	SRR10995651	PRJNA604220	PAIRED	ILLUMINA	865579025	3.362
SMALL_007	53	SMALL	DRR164950	PRJDB7873	SINGLE	ILLUMINA	865295601	3.361
SMALL_007	54	SMALL	SRR10995672	PRJNA604220	PAIRED	ILLUMINA	864706597	3.360
SMALL_007	55	SMALL	SRR10995674	PRJNA604220	PAIRED	ILLUMINA	863951504	3.358
SMALL_007	56	SMALL	SRR10995667	PRJNA604220	PAIRED	ILLUMINA	860123533	3.347
SMALL_007	57	SMALL	SRR10995637	PRJNA604220	PAIRED	ILLUMINA	858813329	3.344
SMALL_007	58	SMALL	SRR23603793	PRJNA938154	UNPAIRED_FROM_PAIRED	ILLUMINA	858015060	3.341
SMALL_007	59	SMALL	SRR11350306	PRJNA613438	SINGLE	ILLUMINA	854248969	3.331
SMALL_007	60	SMALL	SRR10995669	PRJNA604220	PAIRED	ILLUMINA	852596113	3.327
SMALL_007	61	SMALL	SRR10995638	PRJNA604220	PAIRED	ILLUMINA	851938539	3.325
SMALL_007	62	SMALL	DRR164944	PRJDB7873	SINGLE	ILLUMINA	850263162	3.320
SMALL_007	63	SMALL	SRR23603857	PRJNA938154	UNPAIRED_FROM_PAIRED	ILLUMINA	848164222	3.315
SMALL_007	64	SMALL	SRR10995670	PRJNA604220	PAIRED	ILLUMINA	847722748	3.313
SMALL_007	65	SMALL	SRR15221391	PRJNA749145	PAIRED	ILLUMINA	845681638	3.308
SMALL_007	66	SMALL	SRR10995636	PRJNA604220	PAIRED	ILLUMINA	843068198	3.301
SMALL_007	67	SMALL	SRR15221376	PRJNA749145	PAIRED	ILLUMINA	842536476	3.299
SMALL_007	68	SMALL	DRR164940	PRJDB7873	SINGLE	ILLUMINA	841664220	3.297
SMALL_007	69	SMALL	DRR099454	PRJDB6126	SINGLE	ILLUMINA	215013898	1.587
SMALL_008	1	SMALL	SRR10995641	PRJNA604220	PAIRED	ILLUMINA	841164882	3.295
SMALL_008	2	SMALL	SRR10995664	PRJNA604220	PAIRED	ILLUMINA	840685770	3.294
SMALL_008	3	SMALL	SRR10995640	PRJNA604220	PAIRED	ILLUMINA	840284111	3.293
SMALL_008	4	SMALL	SRR10995665	PRJNA604220	PAIRED	ILLUMINA	840429566	3.293
SMALL_008	5	SMALL	SRR10995643	PRJNA604220	PAIRED	ILLUMINA	838131087	3.287
SMALL_008	6	SMALL	SRR10995668	PRJNA604220	PAIRED	ILLUMINA	834537233	3.277
SMALL_008	7	SMALL	SRR10995666	PRJNA604220	PAIRED	ILLUMINA	833898291	3.276
SMALL_008	8	SMALL	SRR15221380	PRJNA749145	PAIRED	ILLUMINA	833877110	3.276
SMALL_008	9	SMALL	SRR23603792	PRJNA938154	UNPAIRED_FROM_PAIRED	ILLUMINA	834038396	3.276
SMALL_008	10	SMALL	SRR10995642	PRJNA604220	PAIRED	ILLUMINA	833591937	3.275
SMALL_008	11	SMALL	SRR23603849	PRJNA938154	UNPAIRED_FROM_PAIRED	ILLUMINA	832181610	3.271
SMALL_008	12	SMALL	SRR23603821	PRJNA938154	UNPAIRED_FROM_PAIRED	ILLUMINA	830756837	3.267
SMALL_008	13	SMALL	SRR15221375	PRJNA749145	PAIRED	ILLUMINA	825322542	3.252
SMALL_008	14	SMALL	SRR10995652	PRJNA604220	PAIRED	ILLUMINA	823656660	3.248
SMALL_008	15	SMALL	SRR10995653	PRJNA604220	PAIRED	ILLUMINA	823076488	3.246
SMALL_008	16	SMALL	SRR23603824	PRJNA938154	UNPAIRED_FROM_PAIRED	ILLUMINA	823193880	3.246
SMALL_008	17	SMALL	SRR10995645	PRJNA604220	PAIRED	ILLUMINA	820544164	3.239
SMALL_008	18	SMALL	DRR164943	PRJDB7873	SINGLE	ILLUMINA	818388314	3.233
SMALL_008	19	SMALL	SRR10995654	PRJNA604220	PAIRED	ILLUMINA	817094049	3.230
SMALL_008	20	SMALL	DRR164942	PRJDB7873	SINGLE	ILLUMINA	814708118	3.223
SMALL_008	21	SMALL	SRR10995646	PRJNA604220	PAIRED	ILLUMINA	813237745	3.219
SMALL_008	22	SMALL	SRR23603851	PRJNA938154	UNPAIRED_FROM_PAIRED	ILLUMINA	811848632	3.215
SMALL_008	23	SMALL	SRR23603839	PRJNA938154	UNPAIRED_FROM_PAIRED	ILLUMINA	811246725	3.214
SMALL_008	24	SMALL	DRR164951	PRJDB7873	SINGLE	ILLUMINA	809831061	3.210
SMALL_008	25	SMALL	SRR23603816	PRJNA938154	UNPAIRED_FROM_PAIRED	ILLUMINA	808288726	3.206
SMALL_008	26	SMALL	SRR10995644	PRJNA604220	PAIRED	ILLUMINA	807223478	3.203
SMALL_008	27	SMALL	SRR1516216	PRJNA255418	SINGLE	ILLUMINA	805384053	3.198
SMALL_008	28	SMALL	SRR1516215	PRJNA255418	SINGLE	ILLUMINA	805078244	3.197
SMALL_008	29	SMALL	SRR23603847	PRJNA938154	UNPAIRED_FROM_PAIRED	ILLUMINA	798601526	3.179
SMALL_008	30	SMALL	DRR164948	PRJDB7873	SINGLE	ILLUMINA	793572808	3.166
SMALL_008	31	SMALL	DRR164945	PRJDB7873	SINGLE	ILLUMINA	792574682	3.163
SMALL_008	32	SMALL	SRR23603794	PRJNA938154	UNPAIRED_FROM_PAIRED	ILLUMINA	790937723	3.158
SMALL_008	33	SMALL	SRR23603826	PRJNA938154	UNPAIRED_FROM_PAIRED	ILLUMINA	789818963	3.155
SMALL_008	34	SMALL	SRR23603791	PRJNA938154	UNPAIRED_FROM_PAIRED	ILLUMINA	786579284	3.146
SMALL_008	35	SMALL	SRR23603848	PRJNA938154	UNPAIRED_FROM_PAIRED	ILLUMINA	782451546	3.135
SMALL_008	36	SMALL	SRR23603881	PRJNA938154	UNPAIRED_FROM_PAIRED	ILLUMINA	781829381	3.134
SMALL_008	37	SMALL	SRR11721630	PRJNA630824	SINGLE	ILLUMINA	781503250	3.133
SMALL_008	38	SMALL	SRR23603817	PRJNA938154	UNPAIRED_FROM_PAIRED	ILLUMINA	781474697	3.133
SMALL_008	39	SMALL	SRR23603819	PRJNA938154	UNPAIRED_FROM_PAIRED	ILLUMINA	781451277	3.132
SMALL_008	40	SMALL	SRR23603820	PRJNA938154	UNPAIRED_FROM_PAIRED	ILLUMINA	779858394	3.128
SMALL_008	41	SMALL	SRR23603818	PRJNA938154	UNPAIRED_FROM_PAIRED	ILLUMINA	779265526	3.127
SMALL_008	42	SMALL	SRR23603845	PRJNA938154	UNPAIRED_FROM_PAIRED	ILLUMINA	776572283	3.119
SMALL_008	43	SMALL	SRR10493865	PRJNA590485	PAIRED	ILLUMINA	775127635	3.115
SMALL_008	44	SMALL	SRR23603843	PRJNA938154	UNPAIRED_FROM_PAIRED	ILLUMINA	772772353	3.109
SMALL_008	45	SMALL	SRR23603800	PRJNA938154	UNPAIRED_FROM_PAIRED	ILLUMINA	770393858	3.102
SMALL_008	46	SMALL	SRR23603805	PRJNA938154	UNPAIRED_FROM_PAIRED	ILLUMINA	769944200	3.101
SMALL_008	47	SMALL	SRR23603854	PRJNA938154	UNPAIRED_FROM_PAIRED	ILLUMINA	768185650	3.096
SMALL_008	48	SMALL	SRR23603837	PRJNA938154	UNPAIRED_FROM_PAIRED	ILLUMINA	767739674	3.095
SMALL_008	49	SMALL	SRR10995631	PRJNA604220	PAIRED	ILLUMINA	766873194	3.093
SMALL_008	50	SMALL	SRR23603828	PRJNA938154	UNPAIRED_FROM_PAIRED	ILLUMINA	766680257	3.092
SMALL_008	51	SMALL	SRR23603812	PRJNA938154	UNPAIRED_FROM_PAIRED	ILLUMINA	765570126	3.089
SMALL_008	52	SMALL	SRR23603815	PRJNA938154	UNPAIRED_FROM_PAIRED	ILLUMINA	764761704	3.087
SMALL_008	53	SMALL	SRR23603834	PRJNA938154	UNPAIRED_FROM_PAIRED	ILLUMINA	763508765	3.084
SMALL_008	54	SMALL	SRR23603822	PRJNA938154	UNPAIRED_FROM_PAIRED	ILLUMINA	763092897	3.082
SMALL_008	55	SMALL	SRR23603830	PRJNA938154	UNPAIRED_FROM_PAIRED	ILLUMINA	761679478	3.079
SMALL_008	56	SMALL	SRR23603835	PRJNA938154	UNPAIRED_FROM_PAIRED	ILLUMINA	760341807	3.075
SMALL_008	57	SMALL	SRR23603811	PRJNA938154	UNPAIRED_FROM_PAIRED	ILLUMINA	759944370	3.074
SMALL_008	58	SMALL	SRR23603804	PRJNA938154	UNPAIRED_FROM_PAIRED	ILLUMINA	758909401	3.071
SMALL_008	59	SMALL	SRR1516217	PRJNA255418	SINGLE	ILLUMINA	756784300	3.065
SMALL_008	60	SMALL	SRR23603833	PRJNA938154	UNPAIRED_FROM_PAIRED	ILLUMINA	755407203	3.061
SMALL_008	61	SMALL	DRR164947	PRJDB7873	SINGLE	ILLUMINA	754049621	3.058
SMALL_008	62	SMALL	SRR23603829	PRJNA938154	UNPAIRED_FROM_PAIRED	ILLUMINA	753734293	3.057
SMALL_008	63	SMALL	SRR23603844	PRJNA938154	UNPAIRED_FROM_PAIRED	ILLUMINA	749502317	3.045
SMALL_008	64	SMALL	SRR23603790	PRJNA938154	UNPAIRED_FROM_PAIRED	ILLUMINA	749184871	3.044
SMALL_008	65	SMALL	SRR10995633	PRJNA604220	PAIRED	ILLUMINA	746619343	3.037
SMALL_008	66	SMALL	SRR23603827	PRJNA938154	UNPAIRED_FROM_PAIRED	ILLUMINA	744727813	3.032
SMALL_008	67	SMALL	SRR10493848	PRJNA590485	PAIRED	ILLUMINA	743881465	3.030
SMALL_008	68	SMALL	SRR23603813	PRJNA938154	UNPAIRED_FROM_PAIRED	ILLUMINA	743569958	3.029
SMALL_008	69	SMALL	SRR23603853	PRJNA938154	UNPAIRED_FROM_PAIRED	ILLUMINA	742764613	3.027
SMALL_008	70	SMALL	SRR23603823	PRJNA938154	UNPAIRED_FROM_PAIRED	ILLUMINA	741909974	3.025
SMALL_008	71	SMALL	SRR23603856	PRJNA938154	UNPAIRED_FROM_PAIRED	ILLUMINA	741411287	3.023
SMALL_008	72	SMALL	SRR10995634	PRJNA604220	PAIRED	ILLUMINA	740895079	3.022
SMALL_008	73	SMALL	SRR15221374	PRJNA749145	PAIRED	ILLUMINA	738633643	3.016
SMALL_008	74	SMALL	SRR23603801	PRJNA938154	UNPAIRED_FROM_PAIRED	ILLUMINA	738127582	3.014
SMALL_008	75	SMALL	SRR23603836	PRJNA938154	UNPAIRED_FROM_PAIRED	ILLUMINA	737603388	3.013
SMALL_008	76	SMALL	SRR23603873	PRJNA938154	UNPAIRED_FROM_PAIRED	ILLUMINA	735815924	3.008
SMALL_009	1	SMALL	SRR15221366	PRJNA749145	PAIRED	ILLUMINA	735355717	3.007
SMALL_009	2	SMALL	SRR23603825	PRJNA938154	UNPAIRED_FROM_PAIRED	ILLUMINA	734877583	3.005
SMALL_009	3	SMALL	SRR10995632	PRJNA604220	PAIRED	ILLUMINA	734545128	3.004
SMALL_009	4	SMALL	SRR23603831	PRJNA938154	UNPAIRED_FROM_PAIRED	ILLUMINA	734548862	3.004
SMALL_009	5	SMALL	SRR23603797	PRJNA938154	UNPAIRED_FROM_PAIRED	ILLUMINA	729920155	2.992
SMALL_009	6	SMALL	SRR23603842	PRJNA938154	UNPAIRED_FROM_PAIRED	ILLUMINA	729492453	2.991
SMALL_009	7	SMALL	SRR23603855	PRJNA938154	UNPAIRED_FROM_PAIRED	ILLUMINA	728631558	2.988
SMALL_009	8	SMALL	SRR15221400	PRJNA749145	PAIRED	ILLUMINA	728277325	2.987
SMALL_009	9	SMALL	SRR23603846	PRJNA938154	UNPAIRED_FROM_PAIRED	ILLUMINA	727450865	2.985
SMALL_009	10	SMALL	SRR23603832	PRJNA938154	UNPAIRED_FROM_PAIRED	ILLUMINA	725971475	2.981
SMALL_009	11	SMALL	SRR11721646	PRJNA630824	SINGLE	ILLUMINA	724112666	2.976
SMALL_009	12	SMALL	SRR23603802	PRJNA938154	UNPAIRED_FROM_PAIRED	ILLUMINA	723507375	2.974
SMALL_009	13	SMALL	SRR23603795	PRJNA938154	UNPAIRED_FROM_PAIRED	ILLUMINA	721967552	2.970
SMALL_009	14	SMALL	SRR23603798	PRJNA938154	UNPAIRED_FROM_PAIRED	ILLUMINA	721916428	2.970
SMALL_009	15	SMALL	SRR23603799	PRJNA938154	UNPAIRED_FROM_PAIRED	ILLUMINA	721379126	2.969
SMALL_009	16	SMALL	SRR15221365	PRJNA749145	PAIRED	ILLUMINA	720609265	2.966
SMALL_009	17	SMALL	SRR23603796	PRJNA938154	UNPAIRED_FROM_PAIRED	ILLUMINA	719590589	2.964
SMALL_009	18	SMALL	SRR23603807	PRJNA938154	UNPAIRED_FROM_PAIRED	ILLUMINA	717772412	2.959
SMALL_009	19	SMALL	SRR23603858	PRJNA938154	UNPAIRED_FROM_PAIRED	ILLUMINA	717199663	2.957
SMALL_009	20	SMALL	DRR169301	PRJDB7945	SINGLE	ILLUMINA	715126673	2.951
SMALL_009	21	SMALL	SRR23603868	PRJNA938154	UNPAIRED_FROM_PAIRED	ILLUMINA	714548765	2.950
SMALL_009	22	SMALL	SRR1516214	PRJNA255418	SINGLE	ILLUMINA	711691577	2.942
SMALL_009	23	SMALL	SRR23603806	PRJNA938154	UNPAIRED_FROM_PAIRED	ILLUMINA	707908944	2.932
SMALL_009	24	SMALL	SRR23603840	PRJNA938154	UNPAIRED_FROM_PAIRED	ILLUMINA	706474875	2.928
SMALL_009	25	SMALL	SRR23603808	PRJNA938154	UNPAIRED_FROM_PAIRED	ILLUMINA	705974274	2.927
SMALL_009	26	SMALL	SRR23603871	PRJNA938154	UNPAIRED_FROM_PAIRED	ILLUMINA	703790652	2.921
SMALL_009	27	SMALL	SRR23603803	PRJNA938154	UNPAIRED_FROM_PAIRED	ILLUMINA	703157161	2.919
SMALL_009	28	SMALL	SRR23603850	PRJNA938154	UNPAIRED_FROM_PAIRED	ILLUMINA	701205926	2.913
SMALL_009	29	SMALL	SRR23603809	PRJNA938154	UNPAIRED_FROM_PAIRED	ILLUMINA	700159467	2.911
SMALL_009	30	SMALL	SRR23603838	PRJNA938154	UNPAIRED_FROM_PAIRED	ILLUMINA	690251273	2.884
SMALL_009	31	SMALL	DRR091430	PRJDB5737	SINGLE	ILLUMINA	689971815	2.883
SMALL_009	32	SMALL	SRR15221368	PRJNA749145	PAIRED	ILLUMINA	690027790	2.883
SMALL_009	33	SMALL	SRR15221370	PRJNA749145	PAIRED	ILLUMINA	688221688	2.878
SMALL_009	34	SMALL	SRR23603810	PRJNA938154	UNPAIRED_FROM_PAIRED	ILLUMINA	685750476	2.871
SMALL_009	35	SMALL	SRR11721650	PRJNA630824	SINGLE	ILLUMINA	684450039	2.868
SMALL_009	36	SMALL	SRR23603852	PRJNA938154	UNPAIRED_FROM_PAIRED	ILLUMINA	682394537	2.862
SMALL_009	37	SMALL	SRR15221367	PRJNA749145	PAIRED	ILLUMINA	681332016	2.859
SMALL_009	38	SMALL	SRR15221369	PRJNA749145	PAIRED	ILLUMINA	673662125	2.838
SMALL_009	39	SMALL	DRR169295	PRJDB7945	SINGLE	ILLUMINA	670253576	2.829
SMALL_009	40	SMALL	SRR23603876	PRJNA938154	UNPAIRED_FROM_PAIRED	ILLUMINA	668489852	2.824
SMALL_009	41	SMALL	SRR15221397	PRJNA749145	PAIRED	ILLUMINA	665562510	2.816
SMALL_009	42	SMALL	SRR15221399	PRJNA749145	PAIRED	ILLUMINA	662621290	2.808
SMALL_009	43	SMALL	SRR23603788	PRJNA938154	UNPAIRED_FROM_PAIRED	ILLUMINA	659363488	2.799
SMALL_009	44	SMALL	SRR3284446	PRJNA316065	SINGLE	ILLUMINA	659185114	2.799
SMALL_009	45	SMALL	SRR15221379	PRJNA749145	PAIRED	ILLUMINA	658031913	2.796
SMALL_009	46	SMALL	SRR11721643	PRJNA630824	SINGLE	ILLUMINA	657891306	2.795
SMALL_009	47	SMALL	SRR15221382	PRJNA749145	PAIRED	ILLUMINA	657652910	2.795
SMALL_009	48	SMALL	SRR15221396	PRJNA749145	PAIRED	ILLUMINA	656960900	2.793
SMALL_009	49	SMALL	SRR3284445	PRJNA316065	SINGLE	ILLUMINA	653953468	2.785
SMALL_009	50	SMALL	SRR23603869	PRJNA938154	UNPAIRED_FROM_PAIRED	ILLUMINA	652684492	2.781
SMALL_009	51	SMALL	SRR10493853	PRJNA590485	PAIRED	ILLUMINA	651650454	2.778
SMALL_009	52	SMALL	SRR15221378	PRJNA749145	PAIRED	ILLUMINA	650893095	2.776
SMALL_009	53	SMALL	SRR15221398	PRJNA749145	PAIRED	ILLUMINA	649341061	2.772
SMALL_009	54	SMALL	SRR23603814	PRJNA938154	UNPAIRED_FROM_PAIRED	ILLUMINA	648816654	2.771
SMALL_009	55	SMALL	SRR23603877	PRJNA938154	UNPAIRED_FROM_PAIRED	ILLUMINA	648830862	2.771
SMALL_009	56	SMALL	SRR11721648	PRJNA630824	SINGLE	ILLUMINA	648328933	2.769
SMALL_009	57	SMALL	DRR169284	PRJDB7945	SINGLE	ILLUMINA	646494796	2.764
SMALL_009	58	SMALL	SRR15221381	PRJNA749145	PAIRED	ILLUMINA	642985392	2.755
SMALL_009	59	SMALL	SRR23603870	PRJNA938154	UNPAIRED_FROM_PAIRED	ILLUMINA	643071649	2.755
SMALL_009	60	SMALL	SRR11721652	PRJNA630824	SINGLE	ILLUMINA	641165608	2.750
SMALL_009	61	SMALL	SRR23603867	PRJNA938154	UNPAIRED_FROM_PAIRED	ILLUMINA	639363513	2.745
SMALL_009	62	SMALL	SRR10493861	PRJNA590485	PAIRED	ILLUMINA	638498324	2.742
SMALL_009	63	SMALL	SRR23603880	PRJNA938154	UNPAIRED_FROM_PAIRED	ILLUMINA	637894524	2.741
SMALL_009	64	SMALL	SRR23603879	PRJNA938154	UNPAIRED_FROM_PAIRED	ILLUMINA	634524289	2.732
SMALL_009	65	SMALL	SRR15221372	PRJNA749145	PAIRED	ILLUMINA	631441689	2.723
SMALL_009	66	SMALL	SRR16980332	PRJNA766998	PAIRED	ILLUMINA	630981258	2.722
SMALL_009	67	SMALL	SRR11721632	PRJNA630824	SINGLE	ILLUMINA	630639103	2.721
SMALL_009	68	SMALL	SRR3284455	PRJNA316065	SINGLE	ILLUMINA	630754081	2.721
SMALL_009	69	SMALL	SRR23603874	PRJNA938154	UNPAIRED_FROM_PAIRED	ILLUMINA	630367520	2.720
SMALL_009	70	SMALL	SRR15221377	PRJNA749145	PAIRED	ILLUMINA	629135271	2.717
SMALL_009	71	SMALL	SRR23603875	PRJNA938154	UNPAIRED_FROM_PAIRED	ILLUMINA	626438330	2.709
SMALL_009	72	SMALL	SRR3284443	PRJNA316065	SINGLE	ILLUMINA	626173562	2.709
SMALL_009	73	SMALL	SRR11721637	PRJNA630824	SINGLE	ILLUMINA	623863789	2.702
SMALL_009	74	SMALL	SRR15221371	PRJNA749145	PAIRED	ILLUMINA	622448105	2.699
SMALL_009	75	SMALL	SRR23603872	PRJNA938154	UNPAIRED_FROM_PAIRED	ILLUMINA	621435366	2.696
SMALL_009	76	SMALL	DRR169272	PRJDB7945	SINGLE	ILLUMINA	620991913	2.695
SMALL_009	77	SMALL	DRR169273	PRJDB7945	SINGLE	ILLUMINA	621303826	2.695
SMALL_009	78	SMALL	SRR3284456	PRJNA316065	SINGLE	ILLUMINA	617692184	2.686
SMALL_009	79	SMALL	SRR15221373	PRJNA749145	PAIRED	ILLUMINA	616574446	2.683
SMALL_009	80	SMALL	SRR3284459	PRJNA316065	SINGLE	ILLUMINA	615857976	2.681
SMALL_009	81	SMALL	SRR3284444	PRJNA316065	SINGLE	ILLUMINA	614597812	2.677
SMALL_009	82	SMALL	SRR15221393	PRJNA749145	PAIRED	ILLUMINA	613632319	2.674
SMALL_009	83	SMALL	SRR15221395	PRJNA749145	PAIRED	ILLUMINA	612652919	2.672
SMALL_009	84	SMALL	DRR169282	PRJDB7945	SINGLE	ILLUMINA	609688037	2.664
SMALL_009	85	SMALL	DRR126401	PRJDB6793	SINGLE	ILLUMINA	370827031	2.012
SMALL_010	1	SMALL	SRR23603878	PRJNA938154	UNPAIRED_FROM_PAIRED	ILLUMINA	609260472	2.663
SMALL_010	2	SMALL	DRR169299	PRJDB7945	SINGLE	ILLUMINA	608042917	2.659
SMALL_010	3	SMALL	SRR11721654	PRJNA630824	SINGLE	ILLUMINA	607584081	2.658
SMALL_010	4	SMALL	SRR15221392	PRJNA749145	PAIRED	ILLUMINA	607151363	2.657
SMALL_010	5	SMALL	DRR169274	PRJDB7945	SINGLE	ILLUMINA	605876796	2.653
SMALL_010	6	SMALL	SRR23603789	PRJNA938154	UNPAIRED_FROM_PAIRED	ILLUMINA	605924805	2.653
SMALL_010	7	SMALL	SRR3284460	PRJNA316065	SINGLE	ILLUMINA	605104814	2.651
SMALL_010	8	SMALL	SRR3284448	PRJNA316065	SINGLE	ILLUMINA	600626516	2.639
SMALL_010	9	SMALL	SRR11721653	PRJNA630824	SINGLE	ILLUMINA	599961537	2.637
SMALL_010	10	SMALL	SRR3284457	PRJNA316065	SINGLE	ILLUMINA	599652982	2.636
SMALL_010	11	SMALL	SRR15221394	PRJNA749145	PAIRED	ILLUMINA	598522616	2.633
SMALL_010	12	SMALL	DRR169300	PRJDB7945	SINGLE	ILLUMINA	598116563	2.632
SMALL_010	13	SMALL	SRR3284447	PRJNA316065	SINGLE	ILLUMINA	596070781	2.627
SMALL_010	14	SMALL	SRR22810189	PRJNA913861	SINGLE	ILLUMINA	594603218	2.623
SMALL_010	15	SMALL	SRR11721636	PRJNA630824	SINGLE	ILLUMINA	591925849	2.615
SMALL_010	16	SMALL	SRR15221388	PRJNA749145	PAIRED	ILLUMINA	589541548	2.609
SMALL_010	17	SMALL	SRR11721629	PRJNA630824	SINGLE	ILLUMINA	588334536	2.605
SMALL_010	18	SMALL	SRR11721658	PRJNA630824	SINGLE	ILLUMINA	587393540	2.603
SMALL_010	19	SMALL	SRR23603882	PRJNA938154	UNPAIRED_FROM_PAIRED	ILLUMINA	587421403	2.603
SMALL_010	20	SMALL	SRR3284458	PRJNA316065	SINGLE	ILLUMINA	587128115	2.602
SMALL_010	21	SMALL	SRR15221390	PRJNA749145	PAIRED	ILLUMINA	586426975	2.600
SMALL_010	22	SMALL	SRR11721639	PRJNA630824	SINGLE	ILLUMINA	585341456	2.597
SMALL_010	23	SMALL	SRR11721649	PRJNA630824	SINGLE	ILLUMINA	584010478	2.594
SMALL_010	24	SMALL	SRR10493852	PRJNA590485	PAIRED	ILLUMINA	582051353	2.588
SMALL_010	25	SMALL	SRR15221387	PRJNA749145	PAIRED	ILLUMINA	580728899	2.585
SMALL_010	26	SMALL	SRR11721638	PRJNA630824	SINGLE	ILLUMINA	579083455	2.580
SMALL_010	27	SMALL	SRR15221389	PRJNA749145	PAIRED	ILLUMINA	575408446	2.570
SMALL_010	28	SMALL	SRR11721645	PRJNA630824	SINGLE	ILLUMINA	573386337	2.565
SMALL_010	29	SMALL	SRR11721655	PRJNA630824	SINGLE	ILLUMINA	573562266	2.565
SMALL_010	30	SMALL	SRR11721634	PRJNA630824	SINGLE	ILLUMINA	572706572	2.563
SMALL_010	31	SMALL	SRR11721642	PRJNA630824	SINGLE	ILLUMINA	562916578	2.536
SMALL_010	32	SMALL	SRR11721644	PRJNA630824	SINGLE	ILLUMINA	562177417	2.534
SMALL_010	33	SMALL	DRR169290	PRJDB7945	SINGLE	ILLUMINA	561648180	2.533
SMALL_010	34	SMALL	SRR11721651	PRJNA630824	SINGLE	ILLUMINA	559355170	2.526
SMALL_010	35	SMALL	SRR11721657	PRJNA630824	SINGLE	ILLUMINA	556625217	2.519
SMALL_010	36	SMALL	SRR22810194	PRJNA913861	SINGLE	ILLUMINA	553792112	2.511
SMALL_010	37	SMALL	DRR169296	PRJDB7945	SINGLE	ILLUMINA	552812714	2.509
SMALL_010	38	SMALL	SRR11721647	PRJNA630824	SINGLE	ILLUMINA	551445941	2.505
SMALL_010	39	SMALL	SRR11721633	PRJNA630824	SINGLE	ILLUMINA	546830777	2.492
SMALL_010	40	SMALL	SRR22810192	PRJNA913861	SINGLE	ILLUMINA	546759780	2.492
SMALL_010	41	SMALL	SRR11721635	PRJNA630824	SINGLE	ILLUMINA	541916108	2.479
SMALL_010	42	SMALL	SRR11721631	PRJNA630824	SINGLE	ILLUMINA	541620320	2.478
SMALL_010	43	SMALL	SRR11721640	PRJNA630824	SINGLE	ILLUMINA	539382096	2.472
SMALL_010	44	SMALL	DRR169269	PRJDB7945	SINGLE	ILLUMINA	537502286	2.467
SMALL_010	45	SMALL	DRR126404	PRJDB6793	SINGLE	ILLUMINA	533158100	2.455
SMALL_010	46	SMALL	SRR23603861	PRJNA938154	UNPAIRED_FROM_PAIRED	ILLUMINA	532556452	2.453
SMALL_010	47	SMALL	SRR11721656	PRJNA630824	SINGLE	ILLUMINA	531982090	2.452
SMALL_010	48	SMALL	SRR3284463	PRJNA316065	SINGLE	ILLUMINA	532277888	2.452
SMALL_010	49	SMALL	DRR169276	PRJDB7945	SINGLE	ILLUMINA	530639242	2.448
SMALL_010	50	SMALL	SRR11721641	PRJNA630824	SINGLE	ILLUMINA	526632762	2.437
SMALL_010	51	SMALL	SRR23603865	PRJNA938154	UNPAIRED_FROM_PAIRED	ILLUMINA	525094857	2.433
SMALL_010	52	SMALL	SRR3284464	PRJNA316065	SINGLE	ILLUMINA	523370647	2.428
SMALL_010	53	SMALL	SRR22810193	PRJNA913861	SINGLE	ILLUMINA	521714915	2.424
SMALL_010	54	SMALL	SRR22810191	PRJNA913861	SINGLE	ILLUMINA	520748915	2.421
SMALL_010	55	SMALL	DRR126390	PRJDB6793	SINGLE	ILLUMINA	518439462	2.415
SMALL_010	56	SMALL	SRR3284461	PRJNA316065	SINGLE	ILLUMINA	516137409	2.408
SMALL_010	57	SMALL	SRR15221384	PRJNA749145	PAIRED	ILLUMINA	513320828	2.401
SMALL_010	58	SMALL	DRR091435	PRJDB5737	SINGLE	ILLUMINA	512986181	2.400
SMALL_010	59	SMALL	SRR15221386	PRJNA749145	PAIRED	ILLUMINA	513221478	2.400
SMALL_010	60	SMALL	SRR23603860	PRJNA938154	UNPAIRED_FROM_PAIRED	ILLUMINA	508628057	2.388
SMALL_010	61	SMALL	SRR15221383	PRJNA749145	PAIRED	ILLUMINA	507024201	2.384
SMALL_010	62	SMALL	SRR3284462	PRJNA316065	SINGLE	ILLUMINA	506077692	2.381
SMALL_010	63	SMALL	SRR22810190	PRJNA913861	SINGLE	ILLUMINA	503878150	2.375
SMALL_010	64	SMALL	SRR15221385	PRJNA749145	PAIRED	ILLUMINA	502417062	2.371
SMALL_010	65	SMALL	DRR169275	PRJDB7945	SINGLE	ILLUMINA	502156291	2.370
SMALL_010	66	SMALL	DRR126393	PRJDB6793	SINGLE	ILLUMINA	500960480	2.367
SMALL_010	67	SMALL	SRR3284454	PRJNA316065	SINGLE	ILLUMINA	500214166	2.365
SMALL_010	68	SMALL	DRR169288	PRJDB7945	SINGLE	ILLUMINA	498147839	2.359
SMALL_010	69	SMALL	SRR3284453	PRJNA316065	SINGLE	ILLUMINA	496223345	2.354
SMALL_010	70	SMALL	SRR23603862	PRJNA938154	UNPAIRED_FROM_PAIRED	ILLUMINA	493552741	2.347
SMALL_010	71	SMALL	SRR15559106	PRJNA742028	SINGLE	ILLUMINA	489389435	2.335
SMALL_010	72	SMALL	DRR126388	PRJDB6793	SINGLE	ILLUMINA	488290152	2.332
SMALL_010	73	SMALL	DRR169279	PRJDB7945	SINGLE	ILLUMINA	476894961	2.301
SMALL_010	74	SMALL	DRR169287	PRJDB7945	SINGLE	ILLUMINA	473216633	2.291
SMALL_010	75	SMALL	DRR091438	PRJDB5737	SINGLE	ILLUMINA	469423229	2.281
SMALL_010	76	SMALL	SRR070303		SINGLE	ILLUMINA	466174993	2.272
SMALL_010	77	SMALL	DRR091437	PRJDB5737	SINGLE	ILLUMINA	452444206	2.235
SMALL_010	78	SMALL	DRR169278	PRJDB7945	SINGLE	ILLUMINA	452439561	2.235
SMALL_010	79	SMALL	SRR10493854	PRJNA590485	PAIRED	ILLUMINA	449259759	2.226
SMALL_010	80	SMALL	DRR169294	PRJDB7945	SINGLE	ILLUMINA	448420233	2.224
SMALL_010	81	SMALL	SRR3284466	PRJNA316065	SINGLE	ILLUMINA	443025077	2.209
SMALL_010	82	SMALL	DRR126405	PRJDB6793	SINGLE	ILLUMINA	442446395	2.207
SMALL_010	83	SMALL	SRR3284450	PRJNA316065	SINGLE	ILLUMINA	439211740	2.199
SMALL_010	84	SMALL	SRR3284465	PRJNA316065	SINGLE	ILLUMINA	439510710	2.199
SMALL_010	85	SMALL	SRR10493857	PRJNA590485	PAIRED	ILLUMINA	438324635	2.196
SMALL_010	86	SMALL	DRR091436	PRJDB5737	SINGLE	ILLUMINA	437749852	2.195
SMALL_010	87	SMALL	SRR3284449	PRJNA316065	SINGLE	ILLUMINA	435867919	2.189
SMALL_010	88	SMALL	SRR23603864	PRJNA938154	UNPAIRED_FROM_PAIRED	ILLUMINA	433631042	2.183
SMALL_010	89	SMALL	SRR15559113	PRJNA742028	SINGLE	ILLUMINA	433180934	2.182
SMALL_010	90	SMALL	DRR126411	PRJDB6793	SINGLE	ILLUMINA	429160458	2.171
SMALL_010	91	SMALL	SRR15559112	PRJNA742028	SINGLE	ILLUMINA	424687223	2.159
SMALL_010	92	SMALL	SRR15559107	PRJNA742028	SINGLE	ILLUMINA	424059494	2.157
SMALL_010	93	SMALL	DRR169303	PRJDB7945	SINGLE	ILLUMINA	423146639	2.155
SMALL_010	94	SMALL	DRR126414	PRJDB6793	SINGLE	ILLUMINA	418264425	2.141
SMALL_010	95	SMALL	DRR126397	PRJDB6793	SINGLE	ILLUMINA	417873449	2.140
SMALL_010	96	SMALL	DRR169271	PRJDB7945	SINGLE	ILLUMINA	416533607	2.137
SMALL_010	97	SMALL	DRR169297	PRJDB7945	SINGLE	ILLUMINA	415385387	2.133
SMALL_010	98	SMALL	DRR126406	PRJDB6793	SINGLE	ILLUMINA	412963244	2.127
SMALL_010	99	SMALL	DRR126396	PRJDB6793	SINGLE	ILLUMINA	412518460	2.126
SMALL_011	1	SMALL	DRR169302	PRJDB7945	SINGLE	ILLUMINA	412576688	2.126
SMALL_011	2	SMALL	DRR169293	PRJDB7945	SINGLE	ILLUMINA	411540822	2.123
SMALL_011	3	SMALL	DRR091434	PRJDB5737	SINGLE	ILLUMINA	410639561	2.121
SMALL_011	4	SMALL	DRR091431	PRJDB5737	SINGLE	ILLUMINA	408955255	2.116
SMALL_011	5	SMALL	DRR126383	PRJDB6793	SINGLE	ILLUMINA	408122579	2.114
SMALL_011	6	SMALL	DRR169289	PRJDB7945	SINGLE	ILLUMINA	407366847	2.112
SMALL_011	7	SMALL	SRR23603863	PRJNA938154	UNPAIRED_FROM_PAIRED	ILLUMINA	404059203	2.103
SMALL_011	8	SMALL	SRR15559111	PRJNA742028	SINGLE	ILLUMINA	403332259	2.101
SMALL_011	9	SMALL	SRR23603866	PRJNA938154	UNPAIRED_FROM_PAIRED	ILLUMINA	402412730	2.098
SMALL_011	10	SMALL	DRR169270	PRJDB7945	SINGLE	ILLUMINA	399432894	2.090
SMALL_011	11	SMALL	SRR15559120	PRJNA742028	SINGLE	ILLUMINA	399270255	2.090
SMALL_011	12	SMALL	DRR126412	PRJDB6793	SINGLE	ILLUMINA	396729582	2.083
SMALL_011	13	SMALL	SRR3284452	PRJNA316065	SINGLE	ILLUMINA	388947073	2.061
SMALL_011	14	SMALL	DRR126399	PRJDB6793	SINGLE	ILLUMINA	387065212	2.056
SMALL_011	15	SMALL	DRR126407	PRJDB6793	SINGLE	ILLUMINA	386741618	2.055
SMALL_011	16	SMALL	DRR169277	PRJDB7945	SINGLE	ILLUMINA	386468366	2.055
SMALL_011	17	SMALL	SRR15559121	PRJNA742028	SINGLE	ILLUMINA	386108174	2.054
SMALL_011	18	SMALL	SRR3284451	PRJNA316065	SINGLE	ILLUMINA	385748345	2.053
SMALL_011	19	SMALL	DRR169283	PRJDB7945	SINGLE	ILLUMINA	385102938	2.051
SMALL_011	20	SMALL	DRR126408	PRJDB6793	SINGLE	ILLUMINA	376330707	2.027
SMALL_011	21	SMALL	DRR091433	PRJDB5737	SINGLE	ILLUMINA	375840962	2.026
SMALL_011	22	SMALL	DRR169286	PRJDB7945	SINGLE	ILLUMINA	370361817	2.011
SMALL_011	23	SMALL	SRR15559117	PRJNA742028	SINGLE	ILLUMINA	369894854	2.009
SMALL_011	24	SMALL	SRR15559108	PRJNA742028	SINGLE	ILLUMINA	365429755	1.997
SMALL_011	25	SMALL	SRR15559110	PRJNA742028	SINGLE	ILLUMINA	365552418	1.997
SMALL_011	26	SMALL	DRR126387	PRJDB6793	SINGLE	ILLUMINA	364385684	1.994
SMALL_011	27	SMALL	DRR091432	PRJDB5737	SINGLE	ILLUMINA	363659198	1.992
SMALL_011	28	SMALL	DRR126389	PRJDB6793	SINGLE	ILLUMINA	362434288	1.989
SMALL_011	29	SMALL	DRR706789	PRJDB35724	PAIRED	ILLUMINA	359557120	1.981
SMALL_011	30	SMALL	DRR169298	PRJDB7945	SINGLE	ILLUMINA	359136207	1.980
SMALL_011	31	SMALL	DRR126385	PRJDB6793	SINGLE	ILLUMINA	336683069	1.919
SMALL_011	32	SMALL	DRR169281	PRJDB7945	SINGLE	ILLUMINA	332776798	1.908
SMALL_011	33	SMALL	DRR126400	PRJDB6793	SINGLE	ILLUMINA	326455500	1.891
SMALL_011	34	SMALL	DRR126384	PRJDB6793	SINGLE	ILLUMINA	323990837	1.884
SMALL_011	35	SMALL	DRR169292	PRJDB7945	SINGLE	ILLUMINA	321382187	1.877
SMALL_011	36	SMALL	DRR126386	PRJDB6793	SINGLE	ILLUMINA	319347146	1.871
SMALL_011	37	SMALL	DRR169291	PRJDB7945	SINGLE	ILLUMINA	315911773	1.862
SMALL_011	38	SMALL	SRR10493862	PRJNA590485	PAIRED	ILLUMINA	316000465	1.862
SMALL_011	39	SMALL	DRR126409	PRJDB6793	SINGLE	ILLUMINA	314474229	1.858
SMALL_011	40	SMALL	SRR15559115	PRJNA742028	SINGLE	ILLUMINA	312622405	1.853
SMALL_011	41	SMALL	DRR099481	PRJDB6126	SINGLE	ILLUMINA	312150058	1.852
SMALL_011	42	SMALL	DRR099482	PRJDB6126	SINGLE	ILLUMINA	310748314	1.848
SMALL_011	43	SMALL	DRR099471	PRJDB6126	SINGLE	ILLUMINA	307206721	1.838
SMALL_011	44	SMALL	SRR15559116	PRJNA742028	SINGLE	ILLUMINA	305798618	1.834
SMALL_011	45	SMALL	DRR099477	PRJDB6126	SINGLE	ILLUMINA	304537304	1.831
SMALL_011	46	SMALL	DRR099483	PRJDB6126	SINGLE	ILLUMINA	304251741	1.830
SMALL_011	47	SMALL	SRR15559114	PRJNA742028	SINGLE	ILLUMINA	304149009	1.830
SMALL_011	48	SMALL	DRR099474	PRJDB6126	SINGLE	ILLUMINA	301190983	1.822
SMALL_011	49	SMALL	DRR099492	PRJDB6126	SINGLE	ILLUMINA	300707005	1.821
SMALL_011	50	SMALL	DRR099479	PRJDB6126	SINGLE	ILLUMINA	299921194	1.818
SMALL_011	51	SMALL	DRR099480	PRJDB6126	SINGLE	ILLUMINA	299720418	1.818
SMALL_011	52	SMALL	DRR099500	PRJDB6126	SINGLE	ILLUMINA	299700996	1.818
SMALL_011	53	SMALL	DRR126403	PRJDB6793	SINGLE	ILLUMINA	299951827	1.818
SMALL_011	54	SMALL	DRR099485	PRJDB6126	SINGLE	ILLUMINA	299299339	1.817
SMALL_011	55	SMALL	DRR099466	PRJDB6126	SINGLE	ILLUMINA	298932060	1.816
SMALL_011	56	SMALL	DRR099467	PRJDB6126	SINGLE	ILLUMINA	299231223	1.816
SMALL_011	57	SMALL	DRR099489	PRJDB6126	SINGLE	ILLUMINA	298867074	1.816
SMALL_011	58	SMALL	DRR099498	PRJDB6126	SINGLE	ILLUMINA	298491574	1.814
SMALL_011	59	SMALL	DRR099490	PRJDB6126	SINGLE	ILLUMINA	298051410	1.813
SMALL_011	60	SMALL	DRR126391	PRJDB6793	SINGLE	ILLUMINA	297581506	1.812
SMALL_011	61	SMALL	DRR099478	PRJDB6126	SINGLE	ILLUMINA	295936541	1.808
SMALL_011	62	SMALL	DRR169280	PRJDB7945	SINGLE	ILLUMINA	295223560	1.806
SMALL_011	63	SMALL	DRR099488	PRJDB6126	SINGLE	ILLUMINA	295021203	1.805
SMALL_011	64	SMALL	DRR099462	PRJDB6126	SINGLE	ILLUMINA	293105816	1.800
SMALL_011	65	SMALL	DRR099491	PRJDB6126	SINGLE	ILLUMINA	292200877	1.797
SMALL_011	66	SMALL	DRR099484	PRJDB6126	SINGLE	ILLUMINA	290616999	1.793
SMALL_011	67	SMALL	DRR126392	PRJDB6793	SINGLE	ILLUMINA	290340178	1.792
SMALL_011	68	SMALL	DRR099476	PRJDB6126	SINGLE	ILLUMINA	284701307	1.777
SMALL_011	69	SMALL	DRR099487	PRJDB6126	SINGLE	ILLUMINA	284708873	1.777
SMALL_011	70	SMALL	DRR126395	PRJDB6793	SINGLE	ILLUMINA	282360621	1.770
SMALL_011	71	SMALL	DRR099469	PRJDB6126	SINGLE	ILLUMINA	281470643	1.768
SMALL_011	72	SMALL	DRR099473	PRJDB6126	SINGLE	ILLUMINA	281499966	1.768
SMALL_011	73	SMALL	DRR099495	PRJDB6126	SINGLE	ILLUMINA	280627391	1.766
SMALL_011	74	SMALL	DRR099468	PRJDB6126	SINGLE	ILLUMINA	280290644	1.765
SMALL_011	75	SMALL	DRR099453	PRJDB6126	SINGLE	ILLUMINA	279260312	1.762
SMALL_011	76	SMALL	SRR15559118	PRJNA742028	SINGLE	ILLUMINA	278894214	1.761
SMALL_011	77	SMALL	DRR099463	PRJDB6126	SINGLE	ILLUMINA	277617424	1.758
SMALL_011	78	SMALL	DRR099464	PRJDB6126	SINGLE	ILLUMINA	277809312	1.758
SMALL_011	79	SMALL	DRR099470	PRJDB6126	SINGLE	ILLUMINA	277526982	1.757
SMALL_011	80	SMALL	DRR099455	PRJDB6126	SINGLE	ILLUMINA	275626851	1.752
SMALL_011	81	SMALL	DRR099493	PRJDB6126	SINGLE	ILLUMINA	275585402	1.752
SMALL_011	82	SMALL	DRR099486	PRJDB6126	SINGLE	ILLUMINA	275052981	1.751
SMALL_011	83	SMALL	SRR15559119	PRJNA742028	SINGLE	ILLUMINA	275072026	1.751
SMALL_011	84	SMALL	DRR099461	PRJDB6126	SINGLE	ILLUMINA	272631789	1.744
SMALL_011	85	SMALL	DRR099475	PRJDB6126	SINGLE	ILLUMINA	271895046	1.742
SMALL_011	86	SMALL	DRR099460	PRJDB6126	SINGLE	ILLUMINA	270180608	1.737
SMALL_011	87	SMALL	DRR126398	PRJDB6793	SINGLE	ILLUMINA	267984916	1.731
SMALL_011	88	SMALL	DRR099465	PRJDB6126	SINGLE	ILLUMINA	266778642	1.728
SMALL_011	89	SMALL	DRR099458	PRJDB6126	SINGLE	ILLUMINA	263038517	1.718
SMALL_011	90	SMALL	SRR15559105	PRJNA742028	SINGLE	ILLUMINA	263248578	1.718
SMALL_011	91	SMALL	DRR099472	PRJDB6126	SINGLE	ILLUMINA	261897197	1.715
SMALL_011	92	SMALL	DRR126413	PRJDB6793	SINGLE	ILLUMINA	260939156	1.712
SMALL_011	93	SMALL	SRR15559109	PRJNA742028	SINGLE	ILLUMINA	259234181	1.707
SMALL_011	94	SMALL	DRR099499	PRJDB6126	SINGLE	ILLUMINA	258119125	1.704
SMALL_011	95	SMALL	DRR099457	PRJDB6126	SINGLE	ILLUMINA	256993975	1.701
SMALL_011	96	SMALL	SRR15559104	PRJNA742028	SINGLE	ILLUMINA	254976639	1.696
SMALL_011	97	SMALL	DRR099456	PRJDB6126	SINGLE	ILLUMINA	252047034	1.688
SMALL_011	98	SMALL	DRR099459	PRJDB6126	SINGLE	ILLUMINA	251966529	1.688
SMALL_011	99	SMALL	DRR099497	PRJDB6126	SINGLE	ILLUMINA	250855276	1.684
SMALL_011	100	SMALL	SRR15559103	PRJNA742028	SINGLE	ILLUMINA	247409218	1.675
SMALL_011	101	SMALL	DRR099496	PRJDB6126	SINGLE	ILLUMINA	240327618	1.656
SMALL_011	102	SMALL	DRR099494	PRJDB6126	SINGLE	ILLUMINA	234713346	1.640
SMALL_011	103	SMALL	DRR126394	PRJDB6793	SINGLE	ILLUMINA	212720827	1.580
SMALL_011	104	SMALL	DRR126410	PRJDB6793	SINGLE	ILLUMINA	211809642	1.578
SMALL_011	105	SMALL	SRR15559102	PRJNA742028	SINGLE	ILLUMINA	211864766	1.578
SMALL_011	106	SMALL	SRR9621002	PRJNA551666	SINGLE	ILLUMINA	211237883	1.576
SMALL_011	107	SMALL	SRR9621066	PRJNA551666	SINGLE	ILLUMINA	210792446	1.575
SMALL_011	108	SMALL	SRR9621001	PRJNA551666	SINGLE	ILLUMINA	210113739	1.573
SMALL_011	109	SMALL	SRR9621065	PRJNA551666	SINGLE	ILLUMINA	209723126	1.572
SMALL_011	110	SMALL	SRR9621082	PRJNA551666	SINGLE	ILLUMINA	208859649	1.570
SMALL_011	111	SMALL	SRR9620999	PRJNA551666	SINGLE	ILLUMINA	207820725	1.567
SMALL_011	112	SMALL	SRR9621063	PRJNA551666	SINGLE	ILLUMINA	207642194	1.567
SMALL_011	113	SMALL	SRR9621081	PRJNA551666	SINGLE	ILLUMINA	207565162	1.566
SMALL_011	114	SMALL	SRR9621079	PRJNA551666	SINGLE	ILLUMINA	205209798	1.560
SMALL_011	115	SMALL	SRR9621018	PRJNA551666	SINGLE	ILLUMINA	204821594	1.559
SMALL_011	116	SMALL	SRR9621017	PRJNA551666	SINGLE	ILLUMINA	203364541	1.555
SMALL_011	117	SMALL	SRR9621000	PRJNA551666	SINGLE	ILLUMINA	202181370	1.552
SMALL_011	118	SMALL	SRR9621064	PRJNA551666	SINGLE	ILLUMINA	202068140	1.551
SMALL_011	119	SMALL	SRR9621015	PRJNA551666	SINGLE	ILLUMINA	200525570	1.547
SMALL_011	120	SMALL	SRR9621080	PRJNA551666	SINGLE	ILLUMINA	199839575	1.545
SMALL_011	121	SMALL	SRR9621074	PRJNA551666	SINGLE	ILLUMINA	197109950	1.538
SMALL_011	122	SMALL	SRR9621038	PRJNA551666	SINGLE	ILLUMINA	196433395	1.536
SMALL_011	123	SMALL	SRR9621037	PRJNA551666	SINGLE	ILLUMINA	195704393	1.534
SMALL_011	124	SMALL	SRR9621073	PRJNA551666	SINGLE	ILLUMINA	195868478	1.534
SMALL_011	125	SMALL	SRR9621016	PRJNA551666	SINGLE	ILLUMINA	195357286	1.533
SMALL_011	126	SMALL	SRR9620998	PRJNA551666	SINGLE	ILLUMINA	194603512	1.531
SMALL_011	127	SMALL	SRR9621071	PRJNA551666	SINGLE	ILLUMINA	193844671	1.529
SMALL_011	128	SMALL	SRR9620997	PRJNA551666	SINGLE	ILLUMINA	193478391	1.528
SMALL_011	129	SMALL	SRR9621035	PRJNA551666	SINGLE	ILLUMINA	193157255	1.527
SMALL_011	130	SMALL	SRR9620995	PRJNA551666	SINGLE	ILLUMINA	191484177	1.522
SMALL_011	131	SMALL	SRR9621034	PRJNA551666	SINGLE	ILLUMINA	188733268	1.515
SMALL_011	132	SMALL	SRR9621072	PRJNA551666	SINGLE	ILLUMINA	188667753	1.515
SMALL_011	133	SMALL	SRR9621036	PRJNA551666	SINGLE	ILLUMINA	188250549	1.514
SMALL_011	134	SMALL	SRR9621033	PRJNA551666	SINGLE	ILLUMINA	187920698	1.513
SMALL_012	1	SMALL	SRR9620996	PRJNA551666	SINGLE	ILLUMINA	186436468	1.509
SMALL_012	2	SMALL	SRR9621031	PRJNA551666	SINGLE	ILLUMINA	185590031	1.506
SMALL_012	3	SMALL	SRR9621050	PRJNA551666	SINGLE	ILLUMINA	183076623	1.500
SMALL_012	4	SMALL	SRR9621058	PRJNA551666	SINGLE	ILLUMINA	182397372	1.498
SMALL_012	5	SMALL	SRR9621014	PRJNA551666	SINGLE	ILLUMINA	182331548	1.497
SMALL_012	6	SMALL	SRR9621049	PRJNA551666	SINGLE	ILLUMINA	181698667	1.496
SMALL_012	7	SMALL	SRR9621013	PRJNA551666	SINGLE	ILLUMINA	181393018	1.495
SMALL_012	8	SMALL	SRR9621032	PRJNA551666	SINGLE	ILLUMINA	180919732	1.494
SMALL_012	9	SMALL	SRR9621057	PRJNA551666	SINGLE	ILLUMINA	180628647	1.493
SMALL_012	10	SMALL	SRR9621047	PRJNA551666	SINGLE	ILLUMINA	179780133	1.491
SMALL_012	11	SMALL	SRR9621055	PRJNA551666	SINGLE	ILLUMINA	179122016	1.489
SMALL_012	12	SMALL	SRR9621011	PRJNA551666	SINGLE	ILLUMINA	178946061	1.488
SMALL_012	13	SMALL	SRR9621070	PRJNA551666	SINGLE	ILLUMINA	178428223	1.487
SMALL_012	14	SMALL	SRR9621030	PRJNA551666	SINGLE	ILLUMINA	177870445	1.485
SMALL_012	15	SMALL	SRR9621069	PRJNA551666	SINGLE	ILLUMINA	177590565	1.485
SMALL_012	16	SMALL	SRR9621029	PRJNA551666	SINGLE	ILLUMINA	176946313	1.483
SMALL_012	17	SMALL	SRR9621067	PRJNA551666	SINGLE	ILLUMINA	175731861	1.479
SMALL_012	18	SMALL	SRR9621048	PRJNA551666	SINGLE	ILLUMINA	175240334	1.478
SMALL_012	19	SMALL	SRR9621056	PRJNA551666	SINGLE	ILLUMINA	175134344	1.478
SMALL_012	20	SMALL	SRR9621027	PRJNA551666	SINGLE	ILLUMINA	174905606	1.477
SMALL_012	21	SMALL	SRR9621012	PRJNA551666	SINGLE	ILLUMINA	174310333	1.476
SMALL_012	22	SMALL	SRR9621062	PRJNA551666	SINGLE	ILLUMINA	173576248	1.474
SMALL_012	23	SMALL	SRR9621042	PRJNA551666	SINGLE	ILLUMINA	173105798	1.472
SMALL_012	24	SMALL	SRR9621061	PRJNA551666	SINGLE	ILLUMINA	172466510	1.471
SMALL_012	25	SMALL	SRR9621041	PRJNA551666	SINGLE	ILLUMINA	172051634	1.469
SMALL_012	26	SMALL	SRR9621059	PRJNA551666	SINGLE	ILLUMINA	171113545	1.467
SMALL_012	27	SMALL	SRR9621068	PRJNA551666	SINGLE	ILLUMINA	170627876	1.466
SMALL_012	28	SMALL	SRR9621006	PRJNA551666	SINGLE	ILLUMINA	170423407	1.465
SMALL_012	29	SMALL	SRR9621028	PRJNA551666	SINGLE	ILLUMINA	170498658	1.465
SMALL_012	30	SMALL	SRR9621039	PRJNA551666	SINGLE	ILLUMINA	170220045	1.464
SMALL_012	31	SMALL	SRR9621005	PRJNA551666	SINGLE	ILLUMINA	169769275	1.463
SMALL_012	32	SMALL	SRR9621010	PRJNA551666	SINGLE	ILLUMINA	168457626	1.460
SMALL_012	33	SMALL	SRR9621046	PRJNA551666	SINGLE	ILLUMINA	168529004	1.460
SMALL_012	34	SMALL	SRR9620994	PRJNA551666	SINGLE	ILLUMINA	167781493	1.458
SMALL_012	35	SMALL	SRR9621003	PRJNA551666	SINGLE	ILLUMINA	167504472	1.457
SMALL_012	36	SMALL	SRR9621009	PRJNA551666	SINGLE	ILLUMINA	167539749	1.457
SMALL_012	37	SMALL	SRR9621045	PRJNA551666	SINGLE	ILLUMINA	167676223	1.457
SMALL_012	38	SMALL	SRR9621060	PRJNA551666	SINGLE	ILLUMINA	166784372	1.455
SMALL_012	39	SMALL	SRR9620993	PRJNA551666	SINGLE	ILLUMINA	166214912	1.453
SMALL_012	40	SMALL	SRR9621043	PRJNA551666	SINGLE	ILLUMINA	165885249	1.453
SMALL_012	41	SMALL	SRR9621040	PRJNA551666	SINGLE	ILLUMINA	165800967	1.452
SMALL_012	42	SMALL	SRR9621007	PRJNA551666	SINGLE	ILLUMINA	165388297	1.451
SMALL_012	43	SMALL	SRR9620991	PRJNA551666	SINGLE	ILLUMINA	164344279	1.448
SMALL_012	44	SMALL	SRR9621004	PRJNA551666	SINGLE	ILLUMINA	162808413	1.444
SMALL_012	45	SMALL	SRR9621044	PRJNA551666	SINGLE	ILLUMINA	161534797	1.441
SMALL_012	46	SMALL	SRR9620992	PRJNA551666	SINGLE	ILLUMINA	161006136	1.439
SMALL_012	47	SMALL	SRR9621008	PRJNA551666	SINGLE	ILLUMINA	160874757	1.439
SMALL_012	48	SMALL	SRR9621026	PRJNA551666	SINGLE	ILLUMINA	160473243	1.438
SMALL_012	49	SMALL	SRR9621025	PRJNA551666	SINGLE	ILLUMINA	159103228	1.434
SMALL_012	50	SMALL	SRR9621023	PRJNA551666	SINGLE	ILLUMINA	157527072	1.430
SMALL_012	51	SMALL	SRR9621024	PRJNA551666	SINGLE	ILLUMINA	154201386	1.421
SMALL_012	52	SMALL	SRR17085294	PRJNA785251	SINGLE	ILLUMINA	142325650	1.388
SMALL_012	53	SMALL	SRR17085238	PRJNA785251	SINGLE	ILLUMINA	141583600	1.386
SMALL_012	54	SMALL	SRR17085330	PRJNA785251	SINGLE	ILLUMINA	141316835	1.386
SMALL_012	55	SMALL	SRR17085291	PRJNA785251	SINGLE	ILLUMINA	141234683	1.385
SMALL_012	56	SMALL	SRR17085293	PRJNA785251	SINGLE	ILLUMINA	140997612	1.385
SMALL_012	57	SMALL	SRR17085288	PRJNA785251	SINGLE	ILLUMINA	140886771	1.384
SMALL_012	58	SMALL	SRR17085290	PRJNA785251	SINGLE	ILLUMINA	140613470	1.384
SMALL_012	59	SMALL	SRR17085342	PRJNA785251	SINGLE	ILLUMINA	140605358	1.384
SMALL_012	60	SMALL	SRR17085235	PRJNA785251	SINGLE	ILLUMINA	140521355	1.383
SMALL_012	61	SMALL	SRR17085248	PRJNA785251	SINGLE	ILLUMINA	140317109	1.383
SMALL_012	62	SMALL	SRR17085300	PRJNA785251	SINGLE	ILLUMINA	140344969	1.383
SMALL_012	63	SMALL	SRR17085237	PRJNA785251	SINGLE	ILLUMINA	140027175	1.382
SMALL_012	64	SMALL	SRR17085264	PRJNA785251	SINGLE	ILLUMINA	139968163	1.382
SMALL_012	65	SMALL	SRR17085282	PRJNA785251	SINGLE	ILLUMINA	139959019	1.382
SMALL_012	66	SMALL	SRR17085327	PRJNA785251	SINGLE	ILLUMINA	139930602	1.382
SMALL_012	67	SMALL	SRR17085234	PRJNA785251	SINGLE	ILLUMINA	139640367	1.381
SMALL_012	68	SMALL	SRR17085244	PRJNA785251	SINGLE	ILLUMINA	139476800	1.381
SMALL_012	69	SMALL	SRR17085246	PRJNA785251	SINGLE	ILLUMINA	139617950	1.381
SMALL_012	70	SMALL	SRR17085260	PRJNA785251	SINGLE	ILLUMINA	139638849	1.381
SMALL_012	71	SMALL	SRR17085262	PRJNA785251	SINGLE	ILLUMINA	139663906	1.381
SMALL_012	72	SMALL	SRR17085276	PRJNA785251	SINGLE	ILLUMINA	139779902	1.381
SMALL_012	73	SMALL	SRR17085285	PRJNA785251	SINGLE	ILLUMINA	139676112	1.381
SMALL_012	74	SMALL	SRR17085306	PRJNA785251	SINGLE	ILLUMINA	139531442	1.381
SMALL_012	75	SMALL	SRR17085339	PRJNA785251	SINGLE	ILLUMINA	139529782	1.381
SMALL_012	76	SMALL	SRR17085254	PRJNA785251	SINGLE	ILLUMINA	139208578	1.380
SMALL_012	77	SMALL	SRR17085312	PRJNA785251	SINGLE	ILLUMINA	139395530	1.380
SMALL_012	78	SMALL	SRR17085317	PRJNA785251	SINGLE	ILLUMINA	139338039	1.380
SMALL_012	79	SMALL	SRR17085318	PRJNA785251	SINGLE	ILLUMINA	139409986	1.380
SMALL_012	80	SMALL	SRR17085323	PRJNA785251	SINGLE	ILLUMINA	139174238	1.380
SMALL_012	81	SMALL	SRR17085324	PRJNA785251	SINGLE	ILLUMINA	139375683	1.380
SMALL_012	82	SMALL	SRR17085336	PRJNA785251	SINGLE	ILLUMINA	139127968	1.380
SMALL_012	83	SMALL	SRR17085341	PRJNA785251	SINGLE	ILLUMINA	139294391	1.380
SMALL_012	84	SMALL	SRR17085253	PRJNA785251	SINGLE	ILLUMINA	138899700	1.379
SMALL_012	85	SMALL	SRR17085265	PRJNA785251	SINGLE	ILLUMINA	139051447	1.379
SMALL_012	86	SMALL	SRR17085266	PRJNA785251	SINGLE	ILLUMINA	138830670	1.379
SMALL_012	87	SMALL	SRR17085269	PRJNA785251	SINGLE	ILLUMINA	139078130	1.379
SMALL_012	88	SMALL	SRR17085270	PRJNA785251	SINGLE	ILLUMINA	139091163	1.379
SMALL_012	89	SMALL	SRR17085297	PRJNA785251	SINGLE	ILLUMINA	138950288	1.379
SMALL_012	90	SMALL	SRR17085308	PRJNA785251	SINGLE	ILLUMINA	138771897	1.379
SMALL_012	91	SMALL	SRR17085311	PRJNA785251	SINGLE	ILLUMINA	138974827	1.379
SMALL_012	92	SMALL	SRR17085314	PRJNA785251	SINGLE	ILLUMINA	139054489	1.379
SMALL_012	93	SMALL	SRR17085320	PRJNA785251	SINGLE	ILLUMINA	138892290	1.379
SMALL_012	94	SMALL	SRR17085329	PRJNA785251	SINGLE	ILLUMINA	138942562	1.379
SMALL_012	95	SMALL	SRR17085335	PRJNA785251	SINGLE	ILLUMINA	138756033	1.379
SMALL_012	96	SMALL	SRR17085338	PRJNA785251	SINGLE	ILLUMINA	139006611	1.379
SMALL_012	97	SMALL	SRR17085241	PRJNA785251	SINGLE	ILLUMINA	138462432	1.378
SMALL_012	98	SMALL	SRR17085243	PRJNA785251	SINGLE	ILLUMINA	138573647	1.378
SMALL_012	99	SMALL	SRR17085250	PRJNA785251	SINGLE	ILLUMINA	138565788	1.378
SMALL_012	100	SMALL	SRR17085257	PRJNA785251	SINGLE	ILLUMINA	138615744	1.378
SMALL_012	101	SMALL	SRR17085259	PRJNA785251	SINGLE	ILLUMINA	138439303	1.378
SMALL_012	102	SMALL	SRR17085273	PRJNA785251	SINGLE	ILLUMINA	138701719	1.378
SMALL_012	103	SMALL	SRR17085279	PRJNA785251	SINGLE	ILLUMINA	138480492	1.378
SMALL_012	104	SMALL	SRR17085303	PRJNA785251	SINGLE	ILLUMINA	138399067	1.378
SMALL_012	105	SMALL	SRR17085309	PRJNA785251	SINGLE	ILLUMINA	138499609	1.378
SMALL_012	106	SMALL	SRR17085315	PRJNA785251	SINGLE	ILLUMINA	138590611	1.378
SMALL_012	107	SMALL	SRR17085321	PRJNA785251	SINGLE	ILLUMINA	138550444	1.378
SMALL_012	108	SMALL	SRR17085326	PRJNA785251	SINGLE	ILLUMINA	138617481	1.378
SMALL_012	109	SMALL	SRR17085332	PRJNA785251	SINGLE	ILLUMINA	138487161	1.378
SMALL_012	110	SMALL	SRR17085240	PRJNA785251	SINGLE	ILLUMINA	138263405	1.377
SMALL_012	111	SMALL	SRR17085251	PRJNA785251	SINGLE	ILLUMINA	138323682	1.377
SMALL_012	112	SMALL	SRR17085256	PRJNA785251	SINGLE	ILLUMINA	138148241	1.377
SMALL_012	113	SMALL	SRR17085263	PRJNA785251	SINGLE	ILLUMINA	138181540	1.377
SMALL_012	114	SMALL	SRR17085267	PRJNA785251	SINGLE	ILLUMINA	138322782	1.377
SMALL_012	115	SMALL	SRR17085272	PRJNA785251	SINGLE	ILLUMINA	138010199	1.377
SMALL_012	116	SMALL	SRR17085275	PRJNA785251	SINGLE	ILLUMINA	138283797	1.377
SMALL_012	117	SMALL	SRR17085333	PRJNA785251	SINGLE	ILLUMINA	138271302	1.377
SMALL_012	118	SMALL	SRR17085299	PRJNA785251	SINGLE	ILLUMINA	137732315	1.376
SMALL_012	119	SMALL	SRR17085302	PRJNA785251	SINGLE	ILLUMINA	137642174	1.376
SMALL_012	120	SMALL	SRR17085305	PRJNA785251	SINGLE	ILLUMINA	137895152	1.376
SMALL_012	121	SMALL	SRR17085287	PRJNA785251	SINGLE	ILLUMINA	137520632	1.375
SMALL_012	122	SMALL	SRR17085296	PRJNA785251	SINGLE	ILLUMINA	137366529	1.375
SMALL_012	123	SMALL	SRR17085281	PRJNA785251	SINGLE	ILLUMINA	137164842	1.374
SMALL_012	124	SMALL	SRR17085284	PRJNA785251	SINGLE	ILLUMINA	137166688	1.374
SMALL_012	125	SMALL	SRR17085278	PRJNA785251	SINGLE	ILLUMINA	136857511	1.373
SMALL_012	126	SMALL	SRR9621022	PRJNA551666	SINGLE	ILLUMINA	119830648	1.327
SMALL_012	127	SMALL	SRR9621021	PRJNA551666	SINGLE	ILLUMINA	119407728	1.326
SMALL_012	128	SMALL	SRR17085247	PRJNA785251	SINGLE	ILLUMINA	118989502	1.325
SMALL_012	129	SMALL	SRR17085249	PRJNA785251	SINGLE	ILLUMINA	118738165	1.324
SMALL_012	130	SMALL	SRR9621019	PRJNA551666	SINGLE	ILLUMINA	118682381	1.324
SMALL_012	131	SMALL	SRR9621020	PRJNA551666	SINGLE	ILLUMINA	115447639	1.315
SMALL_012	132	SMALL	SRR9621086	PRJNA551666	SINGLE	ILLUMINA	109844262	1.300
SMALL_012	133	SMALL	SRR9621085	PRJNA551666	SINGLE	ILLUMINA	109408618	1.298
SMALL_012	134	SMALL	SRR9621083	PRJNA551666	SINGLE	ILLUMINA	108743605	1.297
SMALL_012	135	SMALL	DRR126402	PRJDB6793	SINGLE	ILLUMINA	105708099	1.288
SMALL_012	136	SMALL	SRR9621084	PRJNA551666	SINGLE	ILLUMINA	105658529	1.288
SMALL_012	137	SMALL	SRR9621054	PRJNA551666	SINGLE	ILLUMINA	99551354	1.272
SMALL_012	138	SMALL	SRR9621053	PRJNA551666	SINGLE	ILLUMINA	99039168	1.270
SMALL_012	139	SMALL	SRR9621051	PRJNA551666	SINGLE	ILLUMINA	98414695	1.268
SMALL_012	140	SMALL	SRR9621052	PRJNA551666	SINGLE	ILLUMINA	95804616	1.261
SMALL_012	141	SMALL	SRR17085286	PRJNA785251	SINGLE	ILLUMINA	77322815	1.211
SMALL_012	142	SMALL	SRR17085289	PRJNA785251	SINGLE	ILLUMINA	77482504	1.211
SMALL_012	143	SMALL	SRR17085283	PRJNA785251	SINGLE	ILLUMINA	64452593	1.176
SMALL_012	144	SMALL	SRR17085280	PRJNA785251	SINGLE	ILLUMINA	64123568	1.175
SMALL_012	145	SMALL	SRR17085298	PRJNA785251	SINGLE	ILLUMINA	63082818	1.172
SMALL_012	146	SMALL	SRR17085301	PRJNA785251	SINGLE	ILLUMINA	63080065	1.172
SMALL_012	147	SMALL	SRR17085331	PRJNA785251	SINGLE	ILLUMINA	60234317	1.164
SMALL_012	148	SMALL	SRR17085328	PRJNA785251	SINGLE	ILLUMINA	59905198	1.163
SMALL_012	149	SMALL	SRR17085239	PRJNA785251	SINGLE	ILLUMINA	51180524	1.140
SMALL_012	150	SMALL	SRR17085236	PRJNA785251	SINGLE	ILLUMINA	50861693	1.139
SMALL_012	151	SMALL	SRR17085304	PRJNA785251	SINGLE	ILLUMINA	46474602	1.127
SMALL_012	152	SMALL	SRR17085307	PRJNA785251	SINGLE	ILLUMINA	46660746	1.127
SMALL_012	153	SMALL	SRR17085277	PRJNA785251	SINGLE	ILLUMINA	45862155	1.125
SMALL_012	154	SMALL	SRR17085274	PRJNA785251	SINGLE	ILLUMINA	45475146	1.124
SMALL_012	155	SMALL	SRR17085340	PRJNA785251	SINGLE	ILLUMINA	44694693	1.122
SMALL_012	156	SMALL	SRR17085343	PRJNA785251	SINGLE	ILLUMINA	44622331	1.122
SMALL_012	157	SMALL	SRR17085295	PRJNA785251	SINGLE	ILLUMINA	41843877	1.114
SMALL_012	158	SMALL	SRR17085292	PRJNA785251	SINGLE	ILLUMINA	41239375	1.112
SMALL_012	159	SMALL	SRR17085261	PRJNA785251	SINGLE	ILLUMINA	40649539	1.111
SMALL_012	160	SMALL	SRR17085258	PRJNA785251	SINGLE	ILLUMINA	39744925	1.108
SMALL_012	161	SMALL	SRR17085245	PRJNA785251	SINGLE	ILLUMINA	35876868	1.098
SMALL_012	162	SMALL	SRR17085242	PRJNA785251	SINGLE	ILLUMINA	35392432	1.096
SMALL_012	163	SMALL	SRR17085313	PRJNA785251	SINGLE	ILLUMINA	27093028	1.074
SMALL_012	164	SMALL	SRR17085252	PRJNA785251	SINGLE	ILLUMINA	26413347	1.072
SMALL_012	165	SMALL	SRR17085255	PRJNA785251	SINGLE	ILLUMINA	26571812	1.072
SMALL_012	166	SMALL	SRR17085337	PRJNA785251	SINGLE	ILLUMINA	26238427	1.071
SMALL_012	167	SMALL	SRR17085310	PRJNA785251	SINGLE	ILLUMINA	25755351	1.070
SMALL_012	168	SMALL	SRR17085334	PRJNA785251	SINGLE	ILLUMINA	25372422	1.069
SMALL_012	169	SMALL	SRR10493846	PRJNA590485	PAIRED_PLUS_UNPAIRED	ILLUMINA	24277258	1.066
SMALL_012	170	SMALL	SRR17085325	PRJNA785251	SINGLE	ILLUMINA	24201413	1.066
SMALL_012	171	SMALL	SRR17085322	PRJNA785251	SINGLE	ILLUMINA	23715869	1.065
SMALL_012	172	SMALL	SRR17085319	PRJNA785251	SINGLE	ILLUMINA	20154397	1.055
SMALL_012	173	SMALL	SRR17085316	PRJNA785251	SINGLE	ILLUMINA	19812680	1.054
SMALL_012	174	SMALL	SRR9621077	PRJNA551666	SINGLE	ILLUMINA	18376094	1.050
SMALL_012	175	SMALL	SRR9621078	PRJNA551666	SINGLE	ILLUMINA	18307730	1.050
SMALL_012	176	SMALL	SRR9621075	PRJNA551666	SINGLE	ILLUMINA	18047562	1.049
SMALL_012	177	SMALL	SRR9621076	PRJNA551666	SINGLE	ILLUMINA	17573766	1.048
SMALL_012	178	SMALL	SRR17085271	PRJNA785251	SINGLE	ILLUMINA	15637204	1.043
SMALL_012	179	SMALL	SRR17085268	PRJNA785251	SINGLE	ILLUMINA	15475096	1.042
SMALL_013	1	SMALL	SRR10215648	PRJNA575354	SINGLE	ILLUMINA	126281	1.000
SMALL_013	2	SMALL	SRR10215649	PRJNA575354	SINGLE	ILLUMINA	129050	1.000
SMALL_013	3	SMALL	SRR10215650	PRJNA575354	SINGLE	ILLUMINA	127737	1.000
SMALL_013	4	SMALL	SRR10215651	PRJNA575354	SINGLE	ILLUMINA	128319	1.000
SMALL_013	5	SMALL	SRR10215652	PRJNA575354	SINGLE	ILLUMINA	125230	1.000
SMALL_013	6	SMALL	SRR10215653	PRJNA575354	SINGLE	ILLUMINA	124985	1.000
SMALL_013	7	SMALL	SRR10215654	PRJNA575354	SINGLE	ILLUMINA	122340	1.000
SMALL_013	8	SMALL	SRR10215655	PRJNA575354	SINGLE	ILLUMINA	117618	1.000
SMALL_013	9	SMALL	SRR10215656	PRJNA575354	SINGLE	ILLUMINA	121056	1.000
SMALL_013	10	SMALL	SRR10215657	PRJNA575354	SINGLE	ILLUMINA	104857	1.000
SMALL_013	11	SMALL	SRR10215658	PRJNA575354	SINGLE	ILLUMINA	96096	1.000
MEDIUM_001	1	MEDIUM	SRR14860938	PRJNA739051	PAIRED	ILLUMINA	6593410634	18.993
MEDIUM_001	2	MEDIUM	SRR24650942	PRJNA974014	PAIRED	ILLUMINA	6529830346	18.820
MEDIUM_001	3	MEDIUM	SRR14860925	PRJNA739051	PAIRED	ILLUMINA	6503799468	18.749
MEDIUM_001	4	MEDIUM	SRR39497722	PRJNA1489724	PAIRED	ILLUMINA	6419345275	18.518
MEDIUM_001	5	MEDIUM	ERR2593205	PRJEB9291	PAIRED	ILLUMINA	6345623693	18.317
MEDIUM_001	6	MEDIUM	SRR14860937	PRJNA739051	PAIRED	ILLUMINA	6339492853	18.300
MEDIUM_001	7	MEDIUM	SRR39499717	PRJNA1489724	PAIRED	ILLUMINA	6258937069	18.081
MEDIUM_001	8	MEDIUM	SRR24650918	PRJNA974014	PAIRED	ILLUMINA	6204101125	17.931
MEDIUM_001	9	MEDIUM	SRR32329209	PRJNA1223323	PAIRED	ILLUMINA	6191013107	17.895
MEDIUM_001	10	MEDIUM	ERR2593204	PRJEB9291	PAIRED	ILLUMINA	6156191706	17.800
MEDIUM_001	11	MEDIUM	SRR11184916	PRJNA599947	PAIRED	ILLUMINA	6142636400	17.763
MEDIUM_001	12	MEDIUM	SRR39506912	PRJNA1489724	PAIRED	ILLUMINA	5990053635	17.347
MEDIUM_001	13	MEDIUM	SRR16980353	PRJNA766998	PAIRED	ILLUMINA	5907516031	17.122
MEDIUM_002	1	MEDIUM	ERR2593198	PRJEB9291	PAIRED	ILLUMINA	5880768934	17.049
MEDIUM_002	2	MEDIUM	SRR16980336	PRJNA766998	PAIRED	ILLUMINA	5862592949	16.999
MEDIUM_002	3	MEDIUM	SRR32329208	PRJNA1223323	PAIRED	ILLUMINA	5761427992	16.723
MEDIUM_002	4	MEDIUM	SRR14860931	PRJNA739051	PAIRED	ILLUMINA	5759205410	16.717
MEDIUM_002	5	MEDIUM	ERR2593200	PRJEB9291	PAIRED	ILLUMINA	5729599790	16.636
MEDIUM_002	6	MEDIUM	SRR32329205	PRJNA1223323	PAIRED	ILLUMINA	5714945106	16.596
MEDIUM_002	7	MEDIUM	SRR36222936	PRJNA1363687	PAIRED	ILLUMINA	5694212021	16.539
MEDIUM_002	8	MEDIUM	SRR32329210	PRJNA1223323	PAIRED	ILLUMINA	5655905318	16.435
MEDIUM_002	9	MEDIUM	ERR359637	PRJEB4847	PAIRED	ILLUMINA	5639427212	16.390
MEDIUM_002	10	MEDIUM	SRR16980368	PRJNA766998	PAIRED	ILLUMINA	5610605924	16.311
MEDIUM_002	11	MEDIUM	SRR32329206	PRJNA1223323	PAIRED	ILLUMINA	5518000701	16.059
MEDIUM_002	12	MEDIUM	SRR11184919	PRJNA599947	PAIRED	ILLUMINA	5433383217	15.828
MEDIUM_002	13	MEDIUM	SRR11184918	PRJNA599947	PAIRED	ILLUMINA	5377820175	15.676
MEDIUM_002	14	MEDIUM	SRR15111551	PRJNA746067	PAIRED	ILLUMINA	5366668057	15.646
MEDIUM_002	15	MEDIUM	SRR33309115	PRJNA1254963	PAIRED	ILLUMINA	3438926186	10.385
MEDIUM_003	1	MEDIUM	ERR359638	PRJEB4847	PAIRED	ILLUMINA	5322966330	15.526
MEDIUM_003	2	MEDIUM	SRR2968323	PRJNA304606	PAIRED	ILLUMINA	5284886993	15.422
MEDIUM_003	3	MEDIUM	ERR2593202	PRJEB9291	PAIRED	ILLUMINA	5269804163	15.381
MEDIUM_003	4	MEDIUM	ERR2593201	PRJEB9291	PAIRED	ILLUMINA	5233036763	15.281
MEDIUM_003	5	MEDIUM	SRR16980349	PRJNA766998	PAIRED	ILLUMINA	5214556674	15.230
MEDIUM_003	6	MEDIUM	SRR12618107	PRJNA662582	SINGLE	ILLUMINA	5170694590	15.111
MEDIUM_003	7	MEDIUM	SRR11184909	PRJNA599947	PAIRED	ILLUMINA	5152168942	15.060
MEDIUM_003	8	MEDIUM	SRR16980327	PRJNA766998	PAIRED	ILLUMINA	5141278311	15.031
MEDIUM_003	9	MEDIUM	SRR32329213	PRJNA1223323	PAIRED	ILLUMINA	5123092145	14.981
MEDIUM_003	10	MEDIUM	SRR8165651	PRJNA504034	PAIRED	ILLUMINA	5117738117	14.966
MEDIUM_003	11	MEDIUM	SRR15111573	PRJNA746067	PAIRED	ILLUMINA	5109131374	14.943
MEDIUM_003	12	MEDIUM	ERR2593206	PRJEB9291	PAIRED	ILLUMINA	5070578195	14.838
MEDIUM_003	13	MEDIUM	SRR16980325	PRJNA766998	PAIRED	ILLUMINA	4963087581	14.544
MEDIUM_003	14	MEDIUM	SRR16980366	PRJNA766998	PAIRED	ILLUMINA	4949870715	14.508
MEDIUM_003	15	MEDIUM	SRR8165652	PRJNA504034	PAIRED	ILLUMINA	4945290895	14.496
MEDIUM_003	16	MEDIUM	SRR39506913	PRJNA1489724	PAIRED	ILLUMINA	4927225501	14.446
MEDIUM_004	1	MEDIUM	SRR5812576	PRJNA393479	PAIRED	ILLUMINA	4899103580	14.370
MEDIUM_004	2	MEDIUM	ERR7417864	PRJEB48931	PAIRED	ILLUMINA	4894428561	14.357
MEDIUM_004	3	MEDIUM	SRR16980323	PRJNA766998	PAIRED	ILLUMINA	4866705082	14.281
MEDIUM_004	4	MEDIUM	SRR32329207	PRJNA1223323	PAIRED	ILLUMINA	4854451688	14.248
MEDIUM_004	5	MEDIUM	SRR16980331	PRJNA766998	PAIRED	ILLUMINA	4852310804	14.242
MEDIUM_004	6	MEDIUM	ERR3668306	PRJEB35183	PAIRED	ILLUMINA	4810573327	14.128
MEDIUM_004	7	MEDIUM	SRR16980370	PRJNA766998	PAIRED	ILLUMINA	4771107583	14.020
MEDIUM_004	8	MEDIUM	SRR15111580	PRJNA746067	PAIRED	ILLUMINA	4758996885	13.987
MEDIUM_004	9	MEDIUM	SRR16980350	PRJNA766998	PAIRED	ILLUMINA	4757973108	13.984
MEDIUM_004	10	MEDIUM	ERR7417866	PRJEB48931	PAIRED	ILLUMINA	4757234539	13.982
MEDIUM_004	11	MEDIUM	SRR5812577	PRJNA393479	PAIRED	ILLUMINA	4753685019	13.973
MEDIUM_004	12	MEDIUM	SRR18502223	PRJNA820638	PAIRED	ILLUMINA	4749283983	13.961
MEDIUM_004	13	MEDIUM	SRR16980375	PRJNA766998	PAIRED	ILLUMINA	4741574239	13.940
MEDIUM_004	14	MEDIUM	SRR16980322	PRJNA766998	PAIRED	ILLUMINA	4724160013	13.892
MEDIUM_004	15	MEDIUM	SRR11184915	PRJNA599947	PAIRED	ILLUMINA	4721709948	13.885
MEDIUM_004	16	MEDIUM	SRR7421882	PRJNA477823	SINGLE	ILLUMINA	4706820549	13.845
MEDIUM_004	17	MEDIUM	SRR16980324	PRJNA766998	PAIRED	ILLUMINA	4706479242	13.844
MEDIUM_005	1	MEDIUM	SRR16980352	PRJNA766998	PAIRED	ILLUMINA	4664940016	13.731
MEDIUM_005	2	MEDIUM	SRR11184921	PRJNA599947	PAIRED	ILLUMINA	4657553691	13.710
MEDIUM_005	3	MEDIUM	SRR29441696	PRJNA1123849	PAIRED	ILLUMINA	4645837183	13.678
MEDIUM_005	4	MEDIUM	SRR16980356	PRJNA766998	PAIRED	ILLUMINA	4621353255	13.612
MEDIUM_005	5	MEDIUM	SRR5812570	PRJNA393479	PAIRED	ILLUMINA	4603746455	13.564
MEDIUM_005	6	MEDIUM	SRR29441695	PRJNA1123849	PAIRED	ILLUMINA	4578069224	13.493
MEDIUM_005	7	MEDIUM	SRR5812578	PRJNA393479	PAIRED	ILLUMINA	4570660034	13.473
MEDIUM_005	8	MEDIUM	SRR12618106	PRJNA662582	SINGLE	ILLUMINA	4561197156	13.447
MEDIUM_005	9	MEDIUM	ERR3668309	PRJEB35183	PAIRED	ILLUMINA	4559873706	13.444
MEDIUM_005	10	MEDIUM	SRR16980358	PRJNA766998	PAIRED	ILLUMINA	4555412865	13.432
MEDIUM_005	11	MEDIUM	SRR16980372	PRJNA766998	PAIRED	ILLUMINA	4549439131	13.415
MEDIUM_005	12	MEDIUM	SRR16980346	PRJNA766998	PAIRED	ILLUMINA	4545332109	13.404
MEDIUM_005	13	MEDIUM	ERR3668303	PRJEB35183	PAIRED	ILLUMINA	4535424916	13.377
MEDIUM_005	14	MEDIUM	SRR16980340	PRJNA766998	PAIRED	ILLUMINA	4532693813	13.370
MEDIUM_005	15	MEDIUM	SRR16980363	PRJNA766998	PAIRED	ILLUMINA	4529782139	13.362
MEDIUM_005	16	MEDIUM	SRR16980362	PRJNA766998	PAIRED	ILLUMINA	4523845236	13.346
MEDIUM_005	17	MEDIUM	ERR7417863	PRJEB48931	PAIRED	ILLUMINA	4522533712	13.342
MEDIUM_005	18	MEDIUM	SRR15111554	PRJNA746067	PAIRED	ILLUMINA	3588954618	10.794
MEDIUM_006	1	MEDIUM	SRR32329212	PRJNA1223323	PAIRED	ILLUMINA	4492487727	13.260
MEDIUM_006	2	MEDIUM	SRR5812571	PRJNA393479	PAIRED	ILLUMINA	4474669421	13.211
MEDIUM_006	3	MEDIUM	SRR18502226	PRJNA820638	PAIRED	ILLUMINA	4474023115	13.210
MEDIUM_006	4	MEDIUM	SRR16980373	PRJNA766998	PAIRED	ILLUMINA	4462831937	13.179
MEDIUM_006	5	MEDIUM	SRR5812580	PRJNA393479	PAIRED	ILLUMINA	4461417006	13.175
MEDIUM_006	6	MEDIUM	SRR5812572	PRJNA393479	PAIRED	ILLUMINA	4448685536	13.140
MEDIUM_006	7	MEDIUM	SRR11184910	PRJNA599947	PAIRED	ILLUMINA	4443430997	13.126
MEDIUM_006	8	MEDIUM	SRR5812579	PRJNA393479	PAIRED	ILLUMINA	4438986714	13.114
MEDIUM_006	9	MEDIUM	SRR33309125	PRJNA1254963	PAIRED	ILLUMINA	4438430937	13.112
MEDIUM_006	10	MEDIUM	SRR16980367	PRJNA766998	PAIRED	ILLUMINA	4433322548	13.098
MEDIUM_006	11	MEDIUM	ERR7417865	PRJEB48931	PAIRED	ILLUMINA	4417458085	13.055
MEDIUM_006	12	MEDIUM	SRR22246880	PRJNA899862	PAIRED	ILLUMINA	4406594983	13.026
MEDIUM_006	13	MEDIUM	SRR11184917	PRJNA599947	PAIRED	ILLUMINA	4404684764	13.020
MEDIUM_006	14	MEDIUM	SRR32329211	PRJNA1223323	PAIRED	ILLUMINA	4402469989	13.014
MEDIUM_006	15	MEDIUM	SRR16980337	PRJNA766998	PAIRED	ILLUMINA	4400444843	13.009
MEDIUM_006	16	MEDIUM	SRR14860929	PRJNA739051	PAIRED	ILLUMINA	4385896271	12.969
MEDIUM_006	17	MEDIUM	SRR2968324	PRJNA304606	PAIRED	ILLUMINA	4385504335	12.968
MEDIUM_006	18	MEDIUM	SRR5812574	PRJNA393479	PAIRED	ILLUMINA	4382850165	12.961
MEDIUM_007	1	MEDIUM	SRR8165656	PRJNA504034	PAIRED	ILLUMINA	4379480417	12.952
MEDIUM_007	2	MEDIUM	SRR16980354	PRJNA766998	PAIRED	ILLUMINA	4373475297	12.935
MEDIUM_007	3	MEDIUM	SRR16980329	PRJNA766998	PAIRED	ILLUMINA	4355608973	12.886
MEDIUM_007	4	MEDIUM	SRR11184913	PRJNA599947	PAIRED	ILLUMINA	4352604908	12.878
MEDIUM_007	5	MEDIUM	SRR24099902	PRJNA953054	PAIRED	ILLUMINA	4343971630	12.855
MEDIUM_007	6	MEDIUM	SRR5812581	PRJNA393479	PAIRED	ILLUMINA	4338886521	12.841
MEDIUM_007	7	MEDIUM	SRR22246877	PRJNA899862	PAIRED	ILLUMINA	4333453102	12.826
MEDIUM_007	8	MEDIUM	SRR5812573	PRJNA393479	PAIRED	ILLUMINA	4318924313	12.786
MEDIUM_007	9	MEDIUM	SRR18163662	PRJNA810994	SINGLE	ILLUMINA	4309138649	12.760
MEDIUM_007	10	MEDIUM	ERR8006957	PRJEB49939	PAIRED	ILLUMINA	4304462603	12.747
MEDIUM_007	11	MEDIUM	SRR12618113	PRJNA662582	SINGLE	ILLUMINA	4304502443	12.747
MEDIUM_007	12	MEDIUM	SRR16980369	PRJNA766998	PAIRED	ILLUMINA	4277605465	12.674
MEDIUM_007	13	MEDIUM	SRR16980326	PRJNA766998	PAIRED	ILLUMINA	4271443523	12.657
MEDIUM_007	14	MEDIUM	SRR5812575	PRJNA393479	PAIRED	ILLUMINA	4267399483	12.646
MEDIUM_007	15	MEDIUM	SRR16980320	PRJNA766998	PAIRED	ILLUMINA	4257239933	12.618
MEDIUM_007	16	MEDIUM	SRR16980351	PRJNA766998	PAIRED	ILLUMINA	4251823476	12.603
MEDIUM_007	17	MEDIUM	SRR9846912	PRJNA556890	PAIRED	ILLUMINA	4248731849	12.595
MEDIUM_007	18	MEDIUM	ERR7417870	PRJEB48931	PAIRED	ILLUMINA	4242169602	12.577
MEDIUM_007	19	MEDIUM	SRR18163656	PRJNA810994	SINGLE	ILLUMINA	3450098079	10.415
MEDIUM_008	1	MEDIUM	SRR15111558	PRJNA746067	PAIRED	ILLUMINA	4240741065	12.573
MEDIUM_008	2	MEDIUM	SRR5409490	PRJNA378247	PAIRED	ILLUMINA	4238801651	12.568
MEDIUM_008	3	MEDIUM	SRR2968328	PRJNA304606	PAIRED	ILLUMINA	4219881008	12.516
MEDIUM_008	4	MEDIUM	SRR18502234	PRJNA820638	PAIRED	ILLUMINA	4196923843	12.453
MEDIUM_008	5	MEDIUM	SRR22246886	PRJNA899862	PAIRED	ILLUMINA	4190374761	12.435
MEDIUM_008	6	MEDIUM	SRR12618127	PRJNA662582	SINGLE	ILLUMINA	4189338846	12.433
MEDIUM_008	7	MEDIUM	SRR22246869	PRJNA899862	PAIRED	ILLUMINA	4184031394	12.418
MEDIUM_008	8	MEDIUM	SRR11184911	PRJNA599947	PAIRED	ILLUMINA	4173649220	12.390
MEDIUM_008	9	MEDIUM	SRR11184920	PRJNA599947	PAIRED	ILLUMINA	4161920671	12.358
MEDIUM_008	10	MEDIUM	SRR16980355	PRJNA766998	PAIRED_PLUS_UNPAIRED	ILLUMINA	4152611094	12.332
MEDIUM_008	11	MEDIUM	SRR16980343	PRJNA766998	PAIRED	ILLUMINA	4149522892	12.324
MEDIUM_008	12	MEDIUM	SRR22246871	PRJNA899862	PAIRED	ILLUMINA	4149526826	12.324
MEDIUM_008	13	MEDIUM	SRR16980321	PRJNA766998	PAIRED	ILLUMINA	4146601865	12.316
MEDIUM_008	14	MEDIUM	SRR18502224	PRJNA820638	PAIRED	ILLUMINA	4143625945	12.308
MEDIUM_008	15	MEDIUM	SRR18502225	PRJNA820638	PAIRED	ILLUMINA	4136325580	12.288
MEDIUM_008	16	MEDIUM	SRR16980342	PRJNA766998	PAIRED	ILLUMINA	4109844841	12.216
MEDIUM_008	17	MEDIUM	SRR5358887	PRJNA378939	PAIRED	ILLUMINA	4097453307	12.182
MEDIUM_008	18	MEDIUM	SRR38262921	PRJNA1282762	SINGLE	ILLUMINA	4092975848	12.170
MEDIUM_008	19	MEDIUM	SRR11184908	PRJNA599947	PAIRED	ILLUMINA	4091638849	12.166
MEDIUM_009	1	MEDIUM	ERR3001877	PRJEB30364	PAIRED	ILLUMINA	4076594962	12.125
MEDIUM_009	2	MEDIUM	ERR3668308	PRJEB35183	PAIRED	ILLUMINA	4076442090	12.125
MEDIUM_009	3	MEDIUM	SRR9703435	PRJNA555245	SINGLE	ILLUMINA	4072898642	12.115
MEDIUM_009	4	MEDIUM	SRR15111572	PRJNA746067	PAIRED	ILLUMINA	4071298715	12.111
MEDIUM_009	5	MEDIUM	ERR7417868	PRJEB48931	PAIRED	ILLUMINA	4060828409	12.082
MEDIUM_009	6	MEDIUM	SRR11184912	PRJNA599947	PAIRED	ILLUMINA	4052274604	12.059
MEDIUM_009	7	MEDIUM	SRR29441692	PRJNA1123849	PAIRED	ILLUMINA	4038665122	12.021
MEDIUM_009	8	MEDIUM	SRR11184914	PRJNA599947	PAIRED	ILLUMINA	4032870709	12.006
MEDIUM_009	9	MEDIUM	SRR22246904	PRJNA899862	PAIRED	ILLUMINA	4021580194	11.975
MEDIUM_009	10	MEDIUM	ERR7417867	PRJEB48931	PAIRED	ILLUMINA	4018444031	11.966
MEDIUM_009	11	MEDIUM	SRR9846911	PRJNA556890	PAIRED	ILLUMINA	4017794871	11.965
MEDIUM_009	12	MEDIUM	ERR3668312	PRJEB35183	PAIRED	ILLUMINA	4011575438	11.948
MEDIUM_009	13	MEDIUM	SRR16980339	PRJNA766998	PAIRED	ILLUMINA	4008937186	11.940
MEDIUM_009	14	MEDIUM	SRR29441693	PRJNA1123849	PAIRED	ILLUMINA	4004752398	11.929
MEDIUM_009	15	MEDIUM	SRR22246870	PRJNA899862	PAIRED	ILLUMINA	4003526705	11.926
MEDIUM_009	16	MEDIUM	ERR7417869	PRJEB48931	PAIRED	ILLUMINA	4003056365	11.924
MEDIUM_009	17	MEDIUM	SRR16980376	PRJNA766998	PAIRED	ILLUMINA	3999206980	11.914
MEDIUM_009	18	MEDIUM	SRR18163660	PRJNA810994	SINGLE	ILLUMINA	3997207968	11.908
MEDIUM_009	19	MEDIUM	SRR33309096	PRJNA1254963	PAIRED	ILLUMINA	3987666015	11.882
MEDIUM_009	20	MEDIUM	SRR12618087	PRJNA662582	SINGLE	ILLUMINA	3975564548	11.849
MEDIUM_010	1	MEDIUM	ERR3668300	PRJEB35183	PAIRED	ILLUMINA	3971601565	11.838
MEDIUM_010	2	MEDIUM	SRR29441697	PRJNA1123849	PAIRED	ILLUMINA	3965894578	11.823
MEDIUM_010	3	MEDIUM	SRR18502238	PRJNA820638	PAIRED	ILLUMINA	3957603586	11.800
MEDIUM_010	4	MEDIUM	SRR12587965	PRJNA661407	PAIRED	ILLUMINA	3954243601	11.791
MEDIUM_010	5	MEDIUM	SRR16980360	PRJNA766998	PAIRED	ILLUMINA	3953756468	11.790
MEDIUM_010	6	MEDIUM	SRR16980364	PRJNA766998	PAIRED	ILLUMINA	3946402200	11.770
MEDIUM_010	7	MEDIUM	SRR12618089	PRJNA662582	SINGLE	ILLUMINA	3944372328	11.764
MEDIUM_010	8	MEDIUM	SRR10493813	PRJNA590486	PAIRED_PLUS_UNPAIRED	ILLUMINA	3929940771	11.725
MEDIUM_010	9	MEDIUM	SRR16980361	PRJNA766998	PAIRED	ILLUMINA	3928453685	11.721
MEDIUM_010	10	MEDIUM	SRR8165655	PRJNA504034	PAIRED	ILLUMINA	3926193491	11.715
MEDIUM_010	11	MEDIUM	SRR18502231	PRJNA820638	PAIRED	ILLUMINA	3920293210	11.698
MEDIUM_010	12	MEDIUM	SRR16980359	PRJNA766998	PAIRED	ILLUMINA	3906704154	11.661
MEDIUM_010	13	MEDIUM	ERR3668307	PRJEB35183	PAIRED	ILLUMINA	3905711143	11.659
MEDIUM_010	14	MEDIUM	SRR22246895	PRJNA899862	PAIRED	ILLUMINA	3894070558	11.627
MEDIUM_010	15	MEDIUM	SRR29672928	PRJNA1130622	PAIRED	ILLUMINA	3893484240	11.625
MEDIUM_010	16	MEDIUM	SRR10493818	PRJNA590486	PAIRED_PLUS_UNPAIRED	ILLUMINA	3890997623	11.618
MEDIUM_010	17	MEDIUM	SRR12618112	PRJNA662582	SINGLE	ILLUMINA	3882109563	11.594
MEDIUM_010	18	MEDIUM	SRR10493808	PRJNA590486	PAIRED_PLUS_UNPAIRED	ILLUMINA	3875527705	11.576
MEDIUM_010	19	MEDIUM	SRR18163669	PRJNA810994	SINGLE	ILLUMINA	3871227053	11.565
MEDIUM_010	20	MEDIUM	SRR24099908	PRJNA953054	PAIRED	ILLUMINA	3869345016	11.559
MEDIUM_011	1	MEDIUM	ERR3668305	PRJEB35183	PAIRED	ILLUMINA	3867017349	11.553
MEDIUM_011	2	MEDIUM	SRR25184717	PRJNA992436	PAIRED	ILLUMINA	3854800809	11.520
MEDIUM_011	3	MEDIUM	ERR3668302	PRJEB35183	PAIRED	ILLUMINA	3853743482	11.517
MEDIUM_011	4	MEDIUM	SRR10493804	PRJNA590486	PAIRED_PLUS_UNPAIRED	ILLUMINA	3845869716	11.495
MEDIUM_011	5	MEDIUM	SRR10493816	PRJNA590486	PAIRED_PLUS_UNPAIRED	ILLUMINA	3843592133	11.489
MEDIUM_011	6	MEDIUM	SRR9846909	PRJNA556890	PAIRED	ILLUMINA	3828382924	11.448
MEDIUM_011	7	MEDIUM	SRR2968327	PRJNA304606	PAIRED	ILLUMINA	3823558120	11.434
MEDIUM_011	8	MEDIUM	SRR10493805	PRJNA590486	PAIRED_PLUS_UNPAIRED	ILLUMINA	3816746553	11.416
MEDIUM_011	9	MEDIUM	SRR18163658	PRJNA810994	SINGLE	ILLUMINA	3812680287	11.405
MEDIUM_011	10	MEDIUM	SRR15111553	PRJNA746067	PAIRED	ILLUMINA	3809653025	11.396
MEDIUM_011	11	MEDIUM	SRR10493812	PRJNA590486	PAIRED_PLUS_UNPAIRED	ILLUMINA	3804892058	11.383
MEDIUM_011	12	MEDIUM	SRR25184719	PRJNA992436	PAIRED	ILLUMINA	3799377715	11.368
MEDIUM_011	13	MEDIUM	SRR22246882	PRJNA899862	PAIRED	ILLUMINA	3798366797	11.366
MEDIUM_011	14	MEDIUM	SRR18502232	PRJNA820638	PAIRED	ILLUMINA	3787675361	11.337
MEDIUM_011	15	MEDIUM	ERR1983091	PRJEB14303	PAIRED	ILLUMINA	3784793773	11.329
MEDIUM_011	16	MEDIUM	SRR22246873	PRJNA899862	PAIRED	ILLUMINA	3784304829	11.327
MEDIUM_011	17	MEDIUM	ERR3668311	PRJEB35183	PAIRED	ILLUMINA	3782998202	11.324
MEDIUM_011	18	MEDIUM	SRR22246875	PRJNA899862	PAIRED	ILLUMINA	3761719259	11.266
MEDIUM_011	19	MEDIUM	SRR33198158	PRJNA1252143	PAIRED	ILLUMINA	3761484704	11.265
MEDIUM_011	20	MEDIUM	SRR10493819	PRJNA590486	PAIRED_PLUS_UNPAIRED	ILLUMINA	3742618412	11.214
MEDIUM_011	21	MEDIUM	SRR29672932	PRJNA1130622	PAIRED	ILLUMINA	3739378085	11.205
MEDIUM_012	1	MEDIUM	ERR3668310	PRJEB35183	PAIRED	ILLUMINA	3733078828	11.188
MEDIUM_012	2	MEDIUM	SRR9846910	PRJNA556890	PAIRED	ILLUMINA	3724977894	11.165
MEDIUM_012	3	MEDIUM	SRR25184720	PRJNA992436	PAIRED	ILLUMINA	3722826615	11.160
MEDIUM_012	4	MEDIUM	SRR12618133	PRJNA662582	SINGLE	ILLUMINA	3715842126	11.140
MEDIUM_012	5	MEDIUM	SRR12618097	PRJNA662582	SINGLE	ILLUMINA	3707680180	11.118
MEDIUM_012	6	MEDIUM	SRR33309127	PRJNA1254963	PAIRED	ILLUMINA	3705578594	11.112
MEDIUM_012	7	MEDIUM	ERR1983092	PRJEB14303	PAIRED	ILLUMINA	3704528787	11.110
MEDIUM_012	8	MEDIUM	SRR24099909	PRJNA953054	PAIRED	ILLUMINA	3690557564	11.071
MEDIUM_012	9	MEDIUM	ERR3001882	PRJEB30364	PAIRED	ILLUMINA	3688323729	11.065
MEDIUM_012	10	MEDIUM	SRR8165627	PRJNA504034	PAIRED	ILLUMINA	3687854102	11.064
MEDIUM_012	11	MEDIUM	SRR29441700	PRJNA1123849	PAIRED	ILLUMINA	3684726258	11.056
MEDIUM_012	12	MEDIUM	SRR18502229	PRJNA820638	PAIRED	ILLUMINA	3682228953	11.049
MEDIUM_012	13	MEDIUM	SRR29441699	PRJNA1123849	PAIRED	ILLUMINA	3680698339	11.045
MEDIUM_012	14	MEDIUM	SRR29672931	PRJNA1130622	PAIRED	ILLUMINA	3679537110	11.041
MEDIUM_012	15	MEDIUM	SRR18502237	PRJNA820638	PAIRED	ILLUMINA	3678019936	11.037
MEDIUM_012	16	MEDIUM	SRR12618131	PRJNA662582	SINGLE	ILLUMINA	3673675443	11.025
MEDIUM_012	17	MEDIUM	SRR16980335	PRJNA766998	PAIRED	ILLUMINA	3673247436	11.024
MEDIUM_012	18	MEDIUM	SRR29441690	PRJNA1123849	PAIRED	ILLUMINA	3672498619	11.022
MEDIUM_012	19	MEDIUM	SRR12618093	PRJNA662582	SINGLE	ILLUMINA	3667583085	11.009
MEDIUM_012	20	MEDIUM	SRR22246881	PRJNA899862	PAIRED	ILLUMINA	3667713760	11.009
MEDIUM_012	21	MEDIUM	SRR33198154	PRJNA1252143	PAIRED	ILLUMINA	3665148899	11.002
MEDIUM_012	22	MEDIUM	SRR3161788	PRJNA311594	PAIRED	ILLUMINA	2375483461	7.483
MEDIUM_013	1	MEDIUM	SRR15111574	PRJNA746067	PAIRED	ILLUMINA	3663523087	10.998
MEDIUM_013	2	MEDIUM	SRR10493810	PRJNA590486	PAIRED_PLUS_UNPAIRED	ILLUMINA	3663119361	10.997
MEDIUM_013	3	MEDIUM	SRR12618126	PRJNA662582	SINGLE	ILLUMINA	3659623652	10.987
MEDIUM_013	4	MEDIUM	SRR18502228	PRJNA820638	PAIRED	ILLUMINA	3656212708	10.978
MEDIUM_013	5	MEDIUM	SRR18163668	PRJNA810994	SINGLE	ILLUMINA	3648134339	10.956
MEDIUM_013	6	MEDIUM	SRR29672913	PRJNA1130622	PAIRED	ILLUMINA	3647508308	10.954
MEDIUM_013	7	MEDIUM	SRR18163664	PRJNA810994	SINGLE	ILLUMINA	3646152765	10.950
MEDIUM_013	8	MEDIUM	SRR6232157	PRJNA319417	PAIRED	ILLUMINA	3644810688	10.947
MEDIUM_013	9	MEDIUM	SRR18502235	PRJNA820638	PAIRED	ILLUMINA	3643542396	10.943
MEDIUM_013	10	MEDIUM	SRR8165658	PRJNA504034	PAIRED	ILLUMINA	3635774692	10.922
MEDIUM_013	11	MEDIUM	SRR15111556	PRJNA746067	PAIRED	ILLUMINA	3635265089	10.921
MEDIUM_013	12	MEDIUM	SRR10493809	PRJNA590486	PAIRED_PLUS_UNPAIRED	ILLUMINA	3632093446	10.912
MEDIUM_013	13	MEDIUM	SRR12618095	PRJNA662582	SINGLE	ILLUMINA	3625669706	10.894
MEDIUM_013	14	MEDIUM	SRR29441694	PRJNA1123849	PAIRED	ILLUMINA	3613727833	10.862
MEDIUM_013	15	MEDIUM	SRR12618086	PRJNA662582	SINGLE	ILLUMINA	3608821250	10.848
MEDIUM_013	16	MEDIUM	SRR24099901	PRJNA953054	PAIRED	ILLUMINA	3605074554	10.838
MEDIUM_013	17	MEDIUM	SRR7779181	PRJNA489076	PAIRED	ILLUMINA	3604691656	10.837
MEDIUM_013	18	MEDIUM	SRR29672926	PRJNA1130622	PAIRED	ILLUMINA	3604350500	10.836
MEDIUM_013	19	MEDIUM	DRR524621	PRJDB17021	PAIRED	ILLUMINA	3603988076	10.835
MEDIUM_013	20	MEDIUM	SRR38262919	PRJNA1282762	SINGLE	ILLUMINA	3603651318	10.834
MEDIUM_013	21	MEDIUM	SRR12774954	PRJNA667472	PAIRED	ILLUMINA	3597418471	10.817
MEDIUM_013	22	MEDIUM	ERR8006958	PRJEB49939	PAIRED	ILLUMINA	3596786323	10.816
MEDIUM_014	1	MEDIUM	SRR7770743	PRJNA488640	PAIRED	ILLUMINA	3594684767	10.810
MEDIUM_014	2	MEDIUM	SRR12587967	PRJNA661407	PAIRED	ILLUMINA	3592420795	10.804
MEDIUM_014	3	MEDIUM	SRR10493811	PRJNA590486	PAIRED_PLUS_UNPAIRED	ILLUMINA	3588371288	10.793
MEDIUM_014	4	MEDIUM	SRR12618123	PRJNA662582	SINGLE	ILLUMINA	3581606555	10.774
MEDIUM_014	5	MEDIUM	SRR10493814	PRJNA590486	PAIRED_PLUS_UNPAIRED	ILLUMINA	3575939372	10.759
MEDIUM_014	6	MEDIUM	SRR18502233	PRJNA820638	PAIRED	ILLUMINA	3574446952	10.755
MEDIUM_014	7	MEDIUM	DRR524617	PRJDB17021	PAIRED	ILLUMINA	3564170813	10.727
MEDIUM_014	8	MEDIUM	SRR18163666	PRJNA810994	SINGLE	ILLUMINA	3564303242	10.727
MEDIUM_014	9	MEDIUM	SRR10493807	PRJNA590486	PAIRED_PLUS_UNPAIRED	ILLUMINA	3554658994	10.701
MEDIUM_014	10	MEDIUM	SRR24099907	PRJNA953054	PAIRED	ILLUMINA	3552963516	10.696
MEDIUM_014	11	MEDIUM	SRR18502227	PRJNA820638	PAIRED	ILLUMINA	3549187988	10.686
MEDIUM_014	12	MEDIUM	SRR24099906	PRJNA953054	PAIRED	ILLUMINA	3547370100	10.681
MEDIUM_014	13	MEDIUM	SRR18502230	PRJNA820638	PAIRED	ILLUMINA	3535593899	10.649
MEDIUM_014	14	MEDIUM	ERR3668301	PRJEB35183	PAIRED	ILLUMINA	3524279944	10.618
MEDIUM_014	15	MEDIUM	SRR12618088	PRJNA662582	SINGLE	ILLUMINA	3522695595	10.613
MEDIUM_014	16	MEDIUM	SRR12618091	PRJNA662582	SINGLE	ILLUMINA	3519791906	10.605
MEDIUM_014	17	MEDIUM	SRR5358889	PRJNA378939	PAIRED	ILLUMINA	3516048667	10.595
MEDIUM_014	18	MEDIUM	SRR29441691	PRJNA1123849	PAIRED	ILLUMINA	3514387766	10.591
MEDIUM_014	19	MEDIUM	SRR33309126	PRJNA1254963	PAIRED	ILLUMINA	3511483509	10.583
MEDIUM_014	20	MEDIUM	SRR16980328	PRJNA766998	PAIRED	ILLUMINA	3506649891	10.570
MEDIUM_014	21	MEDIUM	SRR33309119	PRJNA1254963	PAIRED	ILLUMINA	3501972541	10.557
MEDIUM_014	22	MEDIUM	ERR3001883	PRJEB30364	PAIRED	ILLUMINA	3495680368	10.540
MEDIUM_015	1	MEDIUM	SRR12618085	PRJNA662582	SINGLE	ILLUMINA	3481709200	10.502
MEDIUM_015	2	MEDIUM	ERR1983097	PRJEB14303	PAIRED	ILLUMINA	3478682985	10.493
MEDIUM_015	3	MEDIUM	ERR3001880	PRJEB30364	PAIRED	ILLUMINA	3472062657	10.475
MEDIUM_015	4	MEDIUM	SRR7779199	PRJNA489076	PAIRED	ILLUMINA	3471516886	10.474
MEDIUM_015	5	MEDIUM	SRR22246885	PRJNA899862	PAIRED	ILLUMINA	3469318308	10.468
MEDIUM_015	6	MEDIUM	SRR33309104	PRJNA1254963	PAIRED	ILLUMINA	3465128329	10.456
MEDIUM_015	7	MEDIUM	SRR29441701	PRJNA1123849	PAIRED	ILLUMINA	3463358696	10.451
MEDIUM_015	8	MEDIUM	SRR33309114	PRJNA1254963	PAIRED	ILLUMINA	3457995851	10.437
MEDIUM_015	9	MEDIUM	ERR3001878	PRJEB30364	PAIRED	ILLUMINA	3457129155	10.434
MEDIUM_015	10	MEDIUM	SRR12618115	PRJNA662582	SINGLE	ILLUMINA	3456894766	10.434
MEDIUM_015	11	MEDIUM	SRR6232300	PRJNA319417	PAIRED	ILLUMINA	3455693834	10.431
MEDIUM_015	12	MEDIUM	SRR22246876	PRJNA899862	PAIRED	ILLUMINA	3453411988	10.424
MEDIUM_015	13	MEDIUM	ERR3001889	PRJEB30364	PAIRED	ILLUMINA	3444082083	10.399
MEDIUM_015	14	MEDIUM	SRR16980371	PRJNA766998	PAIRED_PLUS_UNPAIRED	ILLUMINA	3437887379	10.382
MEDIUM_015	15	MEDIUM	SRR10493806	PRJNA590486	PAIRED_PLUS_UNPAIRED	ILLUMINA	3431034264	10.363
MEDIUM_015	16	MEDIUM	SRR33309103	PRJNA1254963	PAIRED	ILLUMINA	3428457389	10.356
MEDIUM_015	17	MEDIUM	SRR5409491	PRJNA378247	PAIRED	ILLUMINA	3421955720	10.338
MEDIUM_015	18	MEDIUM	SRR10493817	PRJNA590486	PAIRED_PLUS_UNPAIRED	ILLUMINA	3420722437	10.335
MEDIUM_015	19	MEDIUM	SRR33309118	PRJNA1254963	PAIRED	ILLUMINA	3418994402	10.330
MEDIUM_015	20	MEDIUM	SRR12774955	PRJNA667472	PAIRED	ILLUMINA	3417723268	10.327
MEDIUM_015	21	MEDIUM	SRR12618099	PRJNA662582	SINGLE	ILLUMINA	3414488185	10.318
MEDIUM_015	22	MEDIUM	SRR16980330	PRJNA766998	PAIRED	ILLUMINA	3413152600	10.314
MEDIUM_015	23	MEDIUM	SRR2968326	PRJNA304606	PAIRED	ILLUMINA	3411358109	10.310
MEDIUM_016	1	MEDIUM	SRR12618083	PRJNA662582	SINGLE	ILLUMINA	3409831235	10.305
MEDIUM_016	2	MEDIUM	SRR15111579	PRJNA746067	PAIRED	ILLUMINA	3407955325	10.300
MEDIUM_016	3	MEDIUM	SRR12774957	PRJNA667472	PAIRED	ILLUMINA	3397070304	10.271
MEDIUM_016	4	MEDIUM	SRR33198161	PRJNA1252143	PAIRED	ILLUMINA	3397005310	10.270
MEDIUM_016	5	MEDIUM	ERR3001892	PRJEB30364	PAIRED	ILLUMINA	3394094434	10.262
MEDIUM_016	6	MEDIUM	DRR524608	PRJDB17021	PAIRED	ILLUMINA	3391223122	10.255
MEDIUM_016	7	MEDIUM	SRR18163657	PRJNA810994	SINGLE	ILLUMINA	3387987109	10.246
MEDIUM_016	8	MEDIUM	SRR16980374	PRJNA766998	PAIRED	ILLUMINA	3387837901	10.245
MEDIUM_016	9	MEDIUM	SRR22246894	PRJNA899862	PAIRED	ILLUMINA	3387396781	10.244
MEDIUM_016	10	MEDIUM	SRR12618132	PRJNA662582	SINGLE	ILLUMINA	3378879689	10.221
MEDIUM_016	11	MEDIUM	ERR3668304	PRJEB35183	PAIRED	ILLUMINA	3376369940	10.214
MEDIUM_016	12	MEDIUM	SRR18163663	PRJNA810994	SINGLE	ILLUMINA	3370292368	10.197
MEDIUM_016	13	MEDIUM	SRR33309120	PRJNA1254963	PAIRED	ILLUMINA	3366795873	10.188
MEDIUM_016	14	MEDIUM	SRR25184721	PRJNA992436	PAIRED	ILLUMINA	3363254027	10.178
MEDIUM_016	15	MEDIUM	SRR24099905	PRJNA953054	PAIRED	ILLUMINA	3362281259	10.176
MEDIUM_016	16	MEDIUM	SRR25184716	PRJNA992436	PAIRED	ILLUMINA	3358242706	10.165
MEDIUM_016	17	MEDIUM	SRR22143449	PRJNA896947	PAIRED	ILLUMINA	3351908967	10.147
MEDIUM_016	18	MEDIUM	SRR16980344	PRJNA766998	PAIRED	ILLUMINA	3351478036	10.146
MEDIUM_016	19	MEDIUM	DRR524612	PRJDB17021	PAIRED	ILLUMINA	3348420006	10.138
MEDIUM_016	20	MEDIUM	SRR22246888	PRJNA899862	PAIRED	ILLUMINA	3347625548	10.136
MEDIUM_016	21	MEDIUM	SRR12618130	PRJNA662582	SINGLE	ILLUMINA	3345455461	10.130
MEDIUM_016	22	MEDIUM	SRR12618122	PRJNA662582	SINGLE	ILLUMINA	3342697898	10.122
MEDIUM_016	23	MEDIUM	SRR25184718	PRJNA992436	PAIRED	ILLUMINA	3342168558	10.121
MEDIUM_017	1	MEDIUM	SRR18163661	PRJNA810994	SINGLE	ILLUMINA	3341049182	10.118
MEDIUM_017	2	MEDIUM	SRR18163667	PRJNA810994	SINGLE	ILLUMINA	3336945957	10.106
MEDIUM_017	3	MEDIUM	SRR22246872	PRJNA899862	PAIRED	ILLUMINA	3336096673	10.104
MEDIUM_017	4	MEDIUM	ERR1983093	PRJEB14303	PAIRED	ILLUMINA	3334443087	10.100
MEDIUM_017	5	MEDIUM	SRR12618092	PRJNA662582	SINGLE	ILLUMINA	3334689517	10.100
MEDIUM_017	6	MEDIUM	SRR12587964	PRJNA661407	PAIRED	ILLUMINA	3331008156	10.090
MEDIUM_017	7	MEDIUM	SRR12618096	PRJNA662582	SINGLE	ILLUMINA	3322874610	10.068
MEDIUM_017	8	MEDIUM	ERR3001890	PRJEB30364	PAIRED	ILLUMINA	3321959679	10.066
MEDIUM_017	9	MEDIUM	SRR18502236	PRJNA820638	PAIRED	ILLUMINA	3315140789	10.047
MEDIUM_017	10	MEDIUM	SRR12774963	PRJNA667472	PAIRED	ILLUMINA	3313453968	10.042
MEDIUM_017	11	MEDIUM	SRR18356113	PRJNA817102	PAIRED	ILLUMINA	3306654983	10.024
MEDIUM_017	12	MEDIUM	SRR40310830	PRJNA1516528	PAIRED	ILLUMINA	3304122012	10.017
MEDIUM_017	13	MEDIUM	SRR16980357	PRJNA766998	PAIRED	ILLUMINA	3299992112	10.006
MEDIUM_017	14	MEDIUM	SRR12618137	PRJNA662582	SINGLE	ILLUMINA	3296199189	9.995
MEDIUM_017	15	MEDIUM	SRR12774958	PRJNA667472	PAIRED	ILLUMINA	3296287840	9.995
MEDIUM_017	16	MEDIUM	SRR29672939	PRJNA1130622	PAIRED	ILLUMINA	3293217238	9.987
MEDIUM_017	17	MEDIUM	SRR12774960	PRJNA667472	PAIRED	ILLUMINA	3291060327	9.981
MEDIUM_017	18	MEDIUM	SRR29672912	PRJNA1130622	PAIRED	ILLUMINA	3289959424	9.978
MEDIUM_017	19	MEDIUM	ERR3001879	PRJEB30364	PAIRED	ILLUMINA	3289037315	9.976
MEDIUM_017	20	MEDIUM	DRR524629	PRJDB17021	PAIRED	ILLUMINA	3287270591	9.971
MEDIUM_017	21	MEDIUM	SRR7779186	PRJNA489076	PAIRED	ILLUMINA	3286130412	9.968
MEDIUM_017	22	MEDIUM	SRR22143436	PRJNA896947	PAIRED	ILLUMINA	3285684505	9.967
MEDIUM_017	23	MEDIUM	SRR22246879	PRJNA899862	PAIRED	ILLUMINA	3285071507	9.965
MEDIUM_017	24	MEDIUM	SRR12618138	PRJNA662582	SINGLE	ILLUMINA	3050908247	9.326
MEDIUM_018	1	MEDIUM	SRR22143446	PRJNA896947	PAIRED	ILLUMINA	3281601087	9.955
MEDIUM_018	2	MEDIUM	SRR12618090	PRJNA662582	SINGLE	ILLUMINA	3279349772	9.949
MEDIUM_018	3	MEDIUM	ERR3001885	PRJEB30364	PAIRED	ILLUMINA	3270582809	9.925
MEDIUM_018	4	MEDIUM	SRR18163655	PRJNA810994	SINGLE	ILLUMINA	3269504864	9.922
MEDIUM_018	5	MEDIUM	SRR12618125	PRJNA662582	SINGLE	ILLUMINA	3261207578	9.900
MEDIUM_018	6	MEDIUM	SRR22246874	PRJNA899862	PAIRED	ILLUMINA	3258225722	9.892
MEDIUM_018	7	MEDIUM	SRR24099904	PRJNA953054	PAIRED	ILLUMINA	3256997829	9.888
MEDIUM_018	8	MEDIUM	SRR22246878	PRJNA899862	PAIRED	ILLUMINA	3254251110	9.881
MEDIUM_018	9	MEDIUM	DRR524616	PRJDB17021	PAIRED	ILLUMINA	3251765011	9.874
MEDIUM_018	10	MEDIUM	SRR12618139	PRJNA662582	SINGLE	ILLUMINA	3249988989	9.869
MEDIUM_018	11	MEDIUM	SRR16980365	PRJNA766998	PAIRED	ILLUMINA	3250094348	9.869
MEDIUM_018	12	MEDIUM	ERR3001893	PRJEB30364	PAIRED	ILLUMINA	3243304419	9.851
MEDIUM_018	13	MEDIUM	SRR7770742	PRJNA488640	PAIRED	ILLUMINA	3239089332	9.839
MEDIUM_018	14	MEDIUM	SRR12618101	PRJNA662582	SINGLE	ILLUMINA	3236283993	9.832
MEDIUM_018	15	MEDIUM	ERR3001881	PRJEB30364	PAIRED	ILLUMINA	3236168358	9.831
MEDIUM_018	16	MEDIUM	SRR12618094	PRJNA662582	SINGLE	ILLUMINA	3229059441	9.812
MEDIUM_018	17	MEDIUM	SRR33309101	PRJNA1254963	PAIRED	ILLUMINA	3228970226	9.812
MEDIUM_018	18	MEDIUM	SRR7779193	PRJNA489076	PAIRED	ILLUMINA	3223663850	9.797
MEDIUM_018	19	MEDIUM	SRR9137509	PRJNA545135	PAIRED	ILLUMINA	3220396857	9.788
MEDIUM_018	20	MEDIUM	ERR1983095	PRJEB14303	PAIRED	ILLUMINA	3217035314	9.779
MEDIUM_018	21	MEDIUM	SRR16980345	PRJNA766998	PAIRED	ILLUMINA	3216501879	9.778
MEDIUM_018	22	MEDIUM	SRR18356112	PRJNA817102	PAIRED	ILLUMINA	3213974268	9.771
MEDIUM_018	23	MEDIUM	SRR29441698	PRJNA1123849	PAIRED	ILLUMINA	3213375437	9.769
MEDIUM_018	24	MEDIUM	ERR3001888	PRJEB30364	PAIRED	ILLUMINA	3211714387	9.765
MEDIUM_019	1	MEDIUM	ERR3001891	PRJEB30364	PAIRED	ILLUMINA	3209813105	9.760
MEDIUM_019	2	MEDIUM	SRR2968325	PRJNA304606	PAIRED	ILLUMINA	3205347796	9.747
MEDIUM_019	3	MEDIUM	SRR15111575	PRJNA746067	PAIRED	ILLUMINA	3203921483	9.743
MEDIUM_019	4	MEDIUM	SRR7779198	PRJNA489076	PAIRED	ILLUMINA	3196091201	9.722
MEDIUM_019	5	MEDIUM	SRR22143447	PRJNA896947	PAIRED	ILLUMINA	3189551180	9.704
MEDIUM_019	6	MEDIUM	SRR7779182	PRJNA489076	PAIRED	ILLUMINA	3181523932	9.682
MEDIUM_019	7	MEDIUM	SRR22143444	PRJNA896947	PAIRED	ILLUMINA	3179154453	9.676
MEDIUM_019	8	MEDIUM	SRR40310833	PRJNA1516528	PAIRED	ILLUMINA	3174142820	9.662
MEDIUM_019	9	MEDIUM	SRR7770749	PRJNA488640	PAIRED	ILLUMINA	3166661677	9.642
MEDIUM_019	10	MEDIUM	SRR33198157	PRJNA1252143	PAIRED	ILLUMINA	3166028937	9.640
MEDIUM_019	11	MEDIUM	SRR15111557	PRJNA746067	PAIRED	ILLUMINA	3164810838	9.637
MEDIUM_019	12	MEDIUM	SRR16980338	PRJNA766998	PAIRED	ILLUMINA	3160355609	9.625
MEDIUM_019	13	MEDIUM	SRR9137505	PRJNA545135	PAIRED	ILLUMINA	3158716851	9.620
MEDIUM_019	14	MEDIUM	DRR524628	PRJDB17021	PAIRED	ILLUMINA	3157981163	9.618
MEDIUM_019	15	MEDIUM	SRR9137508	PRJNA545135	PAIRED	ILLUMINA	3152178236	9.602
MEDIUM_019	16	MEDIUM	SRR22246889	PRJNA899862	PAIRED	ILLUMINA	3149986537	9.596
MEDIUM_019	17	MEDIUM	SRR12618121	PRJNA662582	SINGLE	ILLUMINA	3147082562	9.588
MEDIUM_019	18	MEDIUM	SRR15111559	PRJNA746067	PAIRED	ILLUMINA	3144366446	9.581
MEDIUM_019	19	MEDIUM	SRR22143437	PRJNA896947	PAIRED	ILLUMINA	3142378537	9.575
MEDIUM_019	20	MEDIUM	SRR33309109	PRJNA1254963	PAIRED	ILLUMINA	3139805353	9.568
MEDIUM_019	21	MEDIUM	SRR22246890	PRJNA899862	PAIRED	ILLUMINA	3139101931	9.567
MEDIUM_019	22	MEDIUM	SRR7770746	PRJNA488640	PAIRED	ILLUMINA	3136051690	9.558
MEDIUM_019	23	MEDIUM	ERR3001886	PRJEB30364	PAIRED	ILLUMINA	3133399180	9.551
MEDIUM_019	24	MEDIUM	SRR40310829	PRJNA1516528	PAIRED	ILLUMINA	3132267873	9.548
MEDIUM_019	25	MEDIUM	DRR524613	PRJDB17021	PAIRED	ILLUMINA	2845406582	8.765
MEDIUM_020	1	MEDIUM	ERR3001887	PRJEB30364	PAIRED	ILLUMINA	3129801024	9.541
MEDIUM_020	2	MEDIUM	SRR7779187	PRJNA489076	PAIRED	ILLUMINA	3129428191	9.540
MEDIUM_020	3	MEDIUM	SRR7779183	PRJNA489076	PAIRED	ILLUMINA	3128333820	9.537
MEDIUM_020	4	MEDIUM	SRR15111577	PRJNA746067	PAIRED	ILLUMINA	3127932165	9.536
MEDIUM_020	5	MEDIUM	SRR29672929	PRJNA1130622	PAIRED	ILLUMINA	3126323824	9.532
MEDIUM_020	6	MEDIUM	DRR524624	PRJDB17021	PAIRED	ILLUMINA	3126207864	9.531
MEDIUM_020	7	MEDIUM	DRR524605	PRJDB17021	PAIRED	ILLUMINA	3119971499	9.514
MEDIUM_020	8	MEDIUM	SRR7779184	PRJNA489076	PAIRED	ILLUMINA	3115126858	9.501
MEDIUM_020	9	MEDIUM	SRR22246887	PRJNA899862	PAIRED	ILLUMINA	3111001959	9.490
MEDIUM_020	10	MEDIUM	SRR7779180	PRJNA489076	PAIRED	ILLUMINA	3110177811	9.488
MEDIUM_020	11	MEDIUM	ERR4184083	PRJEB38542	SINGLE	ILLUMINA	3108091581	9.482
MEDIUM_020	12	MEDIUM	SRR7779192	PRJNA489076	PAIRED	ILLUMINA	3107361962	9.480
MEDIUM_020	13	MEDIUM	ERR3001884	PRJEB30364	PAIRED	ILLUMINA	3106385802	9.477
MEDIUM_020	14	MEDIUM	SRR12618084	PRJNA662582	SINGLE	ILLUMINA	3103500215	9.469
MEDIUM_020	15	MEDIUM	SRR33198163	PRJNA1252143	PAIRED	ILLUMINA	3101219995	9.463
MEDIUM_020	16	MEDIUM	SRR40310836	PRJNA1516528	PAIRED	ILLUMINA	3096655076	9.451
MEDIUM_020	17	MEDIUM	SRR22143448	PRJNA896947	PAIRED	ILLUMINA	3088188666	9.428
MEDIUM_020	18	MEDIUM	SRR7779185	PRJNA489076	PAIRED	ILLUMINA	3082431882	9.412
MEDIUM_020	19	MEDIUM	SRR22246884	PRJNA899862	PAIRED	ILLUMINA	3080662713	9.407
MEDIUM_020	20	MEDIUM	SRR12618114	PRJNA662582	SINGLE	ILLUMINA	3070403417	9.379
MEDIUM_020	21	MEDIUM	SRR29672921	PRJNA1130622	PAIRED	ILLUMINA	3070376453	9.379
MEDIUM_020	22	MEDIUM	SRR40188912	PRJNA1497331	PAIRED	ILLUMINA	3068888422	9.375
MEDIUM_020	23	MEDIUM	SRR12618124	PRJNA662582	SINGLE	ILLUMINA	3068253538	9.373
MEDIUM_020	24	MEDIUM	SRR36663587	PRJNA1397461	PAIRED	ILLUMINA	3067205244	9.370
MEDIUM_020	25	MEDIUM	SRR33309105	PRJNA1254963	PAIRED	ILLUMINA	3065256781	9.365
MEDIUM_021	1	MEDIUM	SRR22246883	PRJNA899862	PAIRED	ILLUMINA	3063882891	9.361
MEDIUM_021	2	MEDIUM	SRR7779202	PRJNA489076	PAIRED	ILLUMINA	3063695673	9.361
MEDIUM_021	3	MEDIUM	ERR3001894	PRJEB30364	PAIRED	ILLUMINA	3061811249	9.356
MEDIUM_021	4	MEDIUM	SRR12618098	PRJNA662582	SINGLE	ILLUMINA	3059374220	9.349
MEDIUM_021	5	MEDIUM	SRR24099903	PRJNA953054	PAIRED	ILLUMINA	3059508863	9.349
MEDIUM_021	6	MEDIUM	SRR7779195	PRJNA489076	PAIRED	ILLUMINA	3057542580	9.344
MEDIUM_021	7	MEDIUM	SRR33309111	PRJNA1254963	PAIRED	ILLUMINA	3056808117	9.342
MEDIUM_021	8	MEDIUM	SRR12618119	PRJNA662582	SINGLE	ILLUMINA	3056600518	9.341
MEDIUM_021	9	MEDIUM	SRR12774962	PRJNA667472	PAIRED	ILLUMINA	3053042583	9.332
MEDIUM_021	10	MEDIUM	ERR4184082	PRJEB38542	SINGLE	ILLUMINA	3052663321	9.331
MEDIUM_021	11	MEDIUM	SRR12618135	PRJNA662582	SINGLE	ILLUMINA	3050178161	9.324
MEDIUM_021	12	MEDIUM	SRR7779200	PRJNA489076	PAIRED	ILLUMINA	3047705259	9.317
MEDIUM_021	13	MEDIUM	SRR40310835	PRJNA1516528	PAIRED	ILLUMINA	3044914085	9.309
MEDIUM_021	14	MEDIUM	ERR1983096	PRJEB14303	PAIRED	ILLUMINA	3044515974	9.308
MEDIUM_021	15	MEDIUM	SRR7779189	PRJNA489076	PAIRED	ILLUMINA	3036990777	9.288
MEDIUM_021	16	MEDIUM	SRR33198164	PRJNA1252143	PAIRED	ILLUMINA	3035794587	9.285
MEDIUM_021	17	MEDIUM	SRR33198162	PRJNA1252143	PAIRED	ILLUMINA	3034663290	9.282
MEDIUM_021	18	MEDIUM	SRR15111555	PRJNA746067	PAIRED	ILLUMINA	3030163293	9.269
MEDIUM_021	19	MEDIUM	SRR33309110	PRJNA1254963	PAIRED	ILLUMINA	3025640251	9.257
MEDIUM_021	20	MEDIUM	SRR7779169	PRJNA489076	PAIRED	ILLUMINA	3023086218	9.250
MEDIUM_021	21	MEDIUM	SRR36663585	PRJNA1397461	PAIRED	ILLUMINA	3014513592	9.227
MEDIUM_021	22	MEDIUM	SRR18163665	PRJNA810994	SINGLE	ILLUMINA	3014130462	9.225
MEDIUM_021	23	MEDIUM	SRR12587966	PRJNA661407	PAIRED	ILLUMINA	3013030327	9.222
MEDIUM_021	24	MEDIUM	SRR33309117	PRJNA1254963	PAIRED	ILLUMINA	3004158401	9.198
MEDIUM_021	25	MEDIUM	SRR7770744	PRJNA488640	PAIRED	ILLUMINA	3002729780	9.194
MEDIUM_021	26	MEDIUM	SRR24650993	PRJNA974014	PAIRED	ILLUMINA	2408235939	7.572
MEDIUM_022	1	MEDIUM	ERR1983094	PRJEB14303	PAIRED	ILLUMINA	3001523523	9.191
MEDIUM_022	2	MEDIUM	SRR7779173	PRJNA489076	PAIRED	ILLUMINA	2999499969	9.186
MEDIUM_022	3	MEDIUM	SRR29672927	PRJNA1130622	PAIRED	ILLUMINA	2996001550	9.176
MEDIUM_022	4	MEDIUM	SRR36663589	PRJNA1397461	PAIRED	ILLUMINA	2995884695	9.176
MEDIUM_022	5	MEDIUM	SRR12618082	PRJNA662582	SINGLE	ILLUMINA	2992675720	9.167
MEDIUM_022	6	MEDIUM	SRR12618117	PRJNA662582	SINGLE	ILLUMINA	2981039758	9.135
MEDIUM_022	7	MEDIUM	SRR36663591	PRJNA1397461	PAIRED	ILLUMINA	2974431544	9.117
MEDIUM_022	8	MEDIUM	SRR7779196	PRJNA489076	PAIRED	ILLUMINA	2969211106	9.103
MEDIUM_022	9	MEDIUM	SRR33309112	PRJNA1254963	PAIRED	ILLUMINA	2964926378	9.091
MEDIUM_022	10	MEDIUM	SRR18163659	PRJNA810994	SINGLE	ILLUMINA	2964045682	9.089
MEDIUM_022	11	MEDIUM	SRR22246901	PRJNA899862	PAIRED	ILLUMINA	2961604627	9.082
MEDIUM_022	12	MEDIUM	SRR7770745	PRJNA488640	PAIRED	ILLUMINA	2961515836	9.082
MEDIUM_022	13	MEDIUM	SRR12618129	PRJNA662582	SINGLE	ILLUMINA	2958236448	9.073
MEDIUM_022	14	MEDIUM	SRR33309095	PRJNA1254963	PAIRED	ILLUMINA	2956300303	9.068
MEDIUM_022	15	MEDIUM	SRR33198165	PRJNA1252143	PAIRED	ILLUMINA	2956198400	9.067
MEDIUM_022	16	MEDIUM	SRR22246897	PRJNA899862	PAIRED	ILLUMINA	2953578818	9.060
MEDIUM_022	17	MEDIUM	SRR33198151	PRJNA1252143	PAIRED	ILLUMINA	2945933662	9.039
MEDIUM_022	18	MEDIUM	SRR12774959	PRJNA667472	PAIRED	ILLUMINA	2944619096	9.036
MEDIUM_022	19	MEDIUM	SRR12618105	PRJNA662582	SINGLE	ILLUMINA	2943876549	9.034
MEDIUM_022	20	MEDIUM	SRR7770748	PRJNA488640	PAIRED	ILLUMINA	2917824349	8.963
MEDIUM_022	21	MEDIUM	SRR33198168	PRJNA1252143	PAIRED	ILLUMINA	2914082559	8.952
MEDIUM_022	22	MEDIUM	SRR9137506	PRJNA545135	PAIRED	ILLUMINA	2908000557	8.936
MEDIUM_022	23	MEDIUM	SRR22246893	PRJNA899862	PAIRED	ILLUMINA	2906976378	8.933
MEDIUM_022	24	MEDIUM	SRR9703436	PRJNA555245	SINGLE	ILLUMINA	2903108404	8.923
MEDIUM_022	25	MEDIUM	SRR7779168	PRJNA489076	PAIRED	ILLUMINA	2903081258	8.922
MEDIUM_022	26	MEDIUM	SRR29672924	PRJNA1130622	PAIRED	ILLUMINA	2894130097	8.898
MEDIUM_023	1	MEDIUM	SRR9137503	PRJNA545135	PAIRED	ILLUMINA	2889979572	8.887
MEDIUM_023	2	MEDIUM	SRR33309124	PRJNA1254963	PAIRED	ILLUMINA	2870056013	8.832
MEDIUM_023	3	MEDIUM	SRR12618136	PRJNA662582	SINGLE	ILLUMINA	2862572858	8.812
MEDIUM_023	4	MEDIUM	SRR7779201	PRJNA489076	PAIRED	ILLUMINA	2860675170	8.807
MEDIUM_023	5	MEDIUM	SRR33198160	PRJNA1252143	PAIRED	ILLUMINA	2860333855	8.806
MEDIUM_023	6	MEDIUM	SRR7779178	PRJNA489076	PAIRED	ILLUMINA	2860024870	8.805
MEDIUM_023	7	MEDIUM	SRR12618120	PRJNA662582	SINGLE	ILLUMINA	2859298518	8.803
MEDIUM_023	8	MEDIUM	SRR33198167	PRJNA1252143	PAIRED	ILLUMINA	2857363500	8.798
MEDIUM_023	9	MEDIUM	SRR12774953	PRJNA667472	PAIRED	ILLUMINA	2844987579	8.764
MEDIUM_023	10	MEDIUM	SRR33309107	PRJNA1254963	PAIRED	ILLUMINA	2844435430	8.762
MEDIUM_023	11	MEDIUM	ERR4184070	PRJEB38542	SINGLE	ILLUMINA	2843830465	8.761
MEDIUM_023	12	MEDIUM	SRR7770747	PRJNA488640	PAIRED	ILLUMINA	2839384880	8.749
MEDIUM_023	13	MEDIUM	SRR12618118	PRJNA662582	SINGLE	ILLUMINA	2838352011	8.746
MEDIUM_023	14	MEDIUM	SRR5298325	PRJNA355213	SINGLE	ILLUMINA	2838065491	8.745
MEDIUM_023	15	MEDIUM	SRR15923901	PRJNA763926	PAIRED	ILLUMINA	2834823583	8.736
MEDIUM_023	16	MEDIUM	SRR33309108	PRJNA1254963	PAIRED	ILLUMINA	2834803220	8.736
MEDIUM_023	17	MEDIUM	SRR7779191	PRJNA489076	PAIRED	ILLUMINA	2834371485	8.735
MEDIUM_023	18	MEDIUM	SRR40310831	PRJNA1516528	PAIRED	ILLUMINA	2829959426	8.723
MEDIUM_023	19	MEDIUM	SRR7779194	PRJNA489076	PAIRED	ILLUMINA	2829876781	8.723
MEDIUM_023	20	MEDIUM	SRR12618100	PRJNA662582	SINGLE	ILLUMINA	2829472583	8.722
MEDIUM_023	21	MEDIUM	SRR3161786	PRJNA311594	PAIRED	ILLUMINA	2829799202	8.722
MEDIUM_023	22	MEDIUM	SRR33309121	PRJNA1254963	PAIRED	ILLUMINA	2829140366	8.721
MEDIUM_023	23	MEDIUM	SRR36222939	PRJNA1363687	PAIRED	ILLUMINA	2827789369	8.717
MEDIUM_023	24	MEDIUM	SRR33309116	PRJNA1254963	PAIRED	ILLUMINA	2822711514	8.703
MEDIUM_023	25	MEDIUM	SRR33198152	PRJNA1252143	PAIRED	ILLUMINA	2817114333	8.688
MEDIUM_023	26	MEDIUM	SRR36663598	PRJNA1397464	PAIRED	ILLUMINA	2817288226	8.688
MEDIUM_023	27	MEDIUM	SRR15111560	PRJNA746067	PAIRED	ILLUMINA	2815365818	8.683
MEDIUM_024	1	MEDIUM	SRR12618128	PRJNA662582	SINGLE	ILLUMINA	2810808834	8.671
MEDIUM_024	2	MEDIUM	SRR7779177	PRJNA489076	PAIRED	ILLUMINA	2807760275	8.662
MEDIUM_024	3	MEDIUM	SRR15923900	PRJNA763926	PAIRED	ILLUMINA	2800668183	8.643
MEDIUM_024	4	MEDIUM	DRR524625	PRJDB17021	PAIRED	ILLUMINA	2796680277	8.632
MEDIUM_024	5	MEDIUM	SRR22246896	PRJNA899862	PAIRED	ILLUMINA	2795048208	8.628
MEDIUM_024	6	MEDIUM	SRR12774961	PRJNA667472	PAIRED	ILLUMINA	2790387955	8.615
MEDIUM_024	7	MEDIUM	SRR12618134	PRJNA662582	SINGLE	ILLUMINA	2783437783	8.596
MEDIUM_024	8	MEDIUM	SRR40310840	PRJNA1516528	PAIRED	ILLUMINA	2777753869	8.580
MEDIUM_024	9	MEDIUM	SRR7779171	PRJNA489076	PAIRED	ILLUMINA	2766840813	8.551
MEDIUM_024	10	MEDIUM	SRR24650989	PRJNA974014	PAIRED	ILLUMINA	2763891450	8.543
MEDIUM_024	11	MEDIUM	SRR7779188	PRJNA489076	PAIRED	ILLUMINA	2763743853	8.542
MEDIUM_024	12	MEDIUM	SRR36663597	PRJNA1397464	PAIRED	ILLUMINA	2762940279	8.540
MEDIUM_024	13	MEDIUM	SRR33198159	PRJNA1252143	PAIRED	ILLUMINA	2750195729	8.505
MEDIUM_024	14	MEDIUM	SRR9137507	PRJNA545135	PAIRED	ILLUMINA	2747377113	8.498
MEDIUM_024	15	MEDIUM	SRR33198166	PRJNA1252143	PAIRED	ILLUMINA	2743631674	8.487
MEDIUM_024	16	MEDIUM	SRR7779174	PRJNA489076	PAIRED	ILLUMINA	2741636735	8.482
MEDIUM_024	17	MEDIUM	SRR24650976	PRJNA974014	PAIRED	ILLUMINA	2730249161	8.451
MEDIUM_024	18	MEDIUM	SRR33198156	PRJNA1252143	PAIRED	ILLUMINA	2727459249	8.443
MEDIUM_024	19	MEDIUM	SRR12618116	PRJNA662582	SINGLE	ILLUMINA	2715966995	8.412
MEDIUM_024	20	MEDIUM	SRR22246903	PRJNA899862	PAIRED	ILLUMINA	2714908515	8.409
MEDIUM_024	21	MEDIUM	SRR40310839	PRJNA1516528	PAIRED	ILLUMINA	2712196121	8.402
MEDIUM_024	22	MEDIUM	SRR36663601	PRJNA1397464	PAIRED	ILLUMINA	2706758934	8.387
MEDIUM_024	23	MEDIUM	SRR3401749	PRJNA318886	PAIRED	ILLUMINA	2706301131	8.385
MEDIUM_024	24	MEDIUM	SRR16980333	PRJNA766998	PAIRED	ILLUMINA	2696744941	8.359
MEDIUM_024	25	MEDIUM	SRR3401750	PRJNA318886	PAIRED	ILLUMINA	2694421591	8.353
MEDIUM_024	26	MEDIUM	SRR7779179	PRJNA489076	PAIRED	ILLUMINA	2680533661	8.315
MEDIUM_024	27	MEDIUM	SRR40188913	PRJNA1497331	UNPAIRED_FROM_PAIRED	ILLUMINA	2676755120	8.305
MEDIUM_024	28	MEDIUM	SRR9137504	PRJNA545135	PAIRED	ILLUMINA	2675762873	8.302
MEDIUM_025	1	MEDIUM	SRR24651000	PRJNA974014	PAIRED	ILLUMINA	2674080115	8.297
MEDIUM_025	2	MEDIUM	SRR35653646	PRJNA1335855	PAIRED	ILLUMINA	2665438757	8.274
MEDIUM_025	3	MEDIUM	SRR3161781	PRJNA311594	PAIRED	ILLUMINA	2663205469	8.268
MEDIUM_025	4	MEDIUM	SRR7779190	PRJNA489076	PAIRED	ILLUMINA	2660695761	8.261
MEDIUM_025	5	MEDIUM	SRR29672930	PRJNA1130622	PAIRED	ILLUMINA	2660295135	8.260
MEDIUM_025	6	MEDIUM	SRR36663584	PRJNA1397461	PAIRED	ILLUMINA	2660414352	8.260
MEDIUM_025	7	MEDIUM	SRR12618104	PRJNA662582	SINGLE	ILLUMINA	2653548848	8.241
MEDIUM_025	8	MEDIUM	SRR7779197	PRJNA489076	PAIRED	ILLUMINA	2650169851	8.232
MEDIUM_025	9	MEDIUM	ERR4184080	PRJEB38542	SINGLE	ILLUMINA	2647911126	8.226
MEDIUM_025	10	MEDIUM	SRR36663596	PRJNA1397464	PAIRED	ILLUMINA	2646892718	8.223
MEDIUM_025	11	MEDIUM	SRR24650916	PRJNA974014	PAIRED	ILLUMINA	2644739458	8.217
MEDIUM_025	12	MEDIUM	SRR3161766	PRJNA311594	PAIRED	ILLUMINA	2641120814	8.208
MEDIUM_025	13	MEDIUM	SRR24650978	PRJNA974014	PAIRED	ILLUMINA	2638935665	8.202
MEDIUM_025	14	MEDIUM	ERR16729280	PRJEB108721	PAIRED	ILLUMINA	2629772689	8.177
MEDIUM_025	15	MEDIUM	SRR15923892	PRJNA763926	PAIRED	ILLUMINA	2629210404	8.175
MEDIUM_025	16	MEDIUM	SRR33309100	PRJNA1254963	PAIRED	ILLUMINA	2626069892	8.166
MEDIUM_025	17	MEDIUM	SRR24650998	PRJNA974014	PAIRED	ILLUMINA	2624873325	8.163
MEDIUM_025	18	MEDIUM	SRR22246902	PRJNA899862	PAIRED	ILLUMINA	2624129847	8.161
MEDIUM_025	19	MEDIUM	SRR24650917	PRJNA974014	PAIRED	ILLUMINA	2624130141	8.161
MEDIUM_025	20	MEDIUM	SRR33309102	PRJNA1254963	PAIRED	ILLUMINA	2617372056	8.143
MEDIUM_025	21	MEDIUM	SRR9137510	PRJNA545135	PAIRED	ILLUMINA	2614904534	8.136
MEDIUM_025	22	MEDIUM	SRR3161787	PRJNA311594	PAIRED	ILLUMINA	2612565812	8.130
MEDIUM_025	23	MEDIUM	SRR24650912	PRJNA974014	PAIRED	ILLUMINA	2611838819	8.128
MEDIUM_025	24	MEDIUM	SRR3161782	PRJNA311594	PAIRED	ILLUMINA	2607157814	8.115
MEDIUM_025	25	MEDIUM	SRR22143445	PRJNA896947	PAIRED	ILLUMINA	2601090740	8.098
MEDIUM_025	26	MEDIUM	SRR24650913	PRJNA974014	PAIRED	ILLUMINA	2598514756	8.091
MEDIUM_025	27	MEDIUM	SRR33309097	PRJNA1254963	PAIRED	ILLUMINA	2598382747	8.091
MEDIUM_025	28	MEDIUM	SRR22246899	PRJNA899862	PAIRED	ILLUMINA	2596487554	8.086
MEDIUM_025	29	MEDIUM	SRR33309113	PRJNA1254963	PAIRED	ILLUMINA	2594595464	8.081
MEDIUM_026	1	MEDIUM	SRR3161774	PRJNA311594	PAIRED	ILLUMINA	2590776858	8.070
MEDIUM_026	2	MEDIUM	SRR36663590	PRJNA1397461	PAIRED	ILLUMINA	2590650856	8.070
MEDIUM_026	3	MEDIUM	SRR3161775	PRJNA311594	PAIRED	ILLUMINA	2588537261	8.064
MEDIUM_026	4	MEDIUM	ERR4184077	PRJEB38542	SINGLE	ILLUMINA	2585012516	8.054
MEDIUM_026	5	MEDIUM	SRR40188909	PRJNA1497331	PAIRED	ILLUMINA	2579043873	8.038
MEDIUM_026	6	MEDIUM	SRR33309106	PRJNA1254963	PAIRED	ILLUMINA	2577818596	8.035
MEDIUM_026	7	MEDIUM	SRR33198155	PRJNA1252143	PAIRED	ILLUMINA	2575245692	8.028
MEDIUM_026	8	MEDIUM	SRR15111578	PRJNA746067	PAIRED	ILLUMINA	2570089239	8.014
MEDIUM_026	9	MEDIUM	SRR33198153	PRJNA1252143	PAIRED	ILLUMINA	2568564334	8.010
MEDIUM_026	10	MEDIUM	SRR24650990	PRJNA974014	PAIRED	ILLUMINA	2564964255	8.000
MEDIUM_026	11	MEDIUM	SRR3946108	PRJNA330832	SINGLE	ILLUMINA	2564260418	7.998
MEDIUM_026	12	MEDIUM	SRR9703434	PRJNA555245	SINGLE	ILLUMINA	2562503230	7.993
MEDIUM_026	13	MEDIUM	SRR19256295	PRJNA839086	PAIRED	ILLUMINA	2558664937	7.983
MEDIUM_026	14	MEDIUM	SRR9151760	PRJNA545309	PAIRED	ILLUMINA	2555676408	7.974
MEDIUM_026	15	MEDIUM	SRR24650964	PRJNA974014	PAIRED	ILLUMINA	2554636566	7.972
MEDIUM_026	16	MEDIUM	ERR15000463	PRJEB89701	PAIRED	ILLUMINA	2554618105	7.971
MEDIUM_026	17	MEDIUM	SRR40310834	PRJNA1516528	PAIRED	ILLUMINA	2554435743	7.971
MEDIUM_026	18	MEDIUM	DRR524620	PRJDB17021	PAIRED	ILLUMINA	2550724211	7.961
MEDIUM_026	19	MEDIUM	SRR24650992	PRJNA974014	PAIRED	ILLUMINA	2547471344	7.952
MEDIUM_026	20	MEDIUM	SRR3401747	PRJNA318886	PAIRED	ILLUMINA	2546102850	7.948
MEDIUM_026	21	MEDIUM	SRR24650911	PRJNA974014	PAIRED	ILLUMINA	2545235759	7.946
MEDIUM_026	22	MEDIUM	SRR24650996	PRJNA974014	PAIRED	ILLUMINA	2542473862	7.938
MEDIUM_026	23	MEDIUM	SRR3401751	PRJNA318886	PAIRED	ILLUMINA	2541120365	7.935
MEDIUM_026	24	MEDIUM	ERR4184073	PRJEB38542	SINGLE	ILLUMINA	2539814347	7.931
MEDIUM_026	25	MEDIUM	SRR40310838	PRJNA1516528	PAIRED	ILLUMINA	2539852112	7.931
MEDIUM_026	26	MEDIUM	SRR3161769	PRJNA311594	PAIRED	ILLUMINA	2537933667	7.926
MEDIUM_026	27	MEDIUM	SRR35653653	PRJNA1335855	PAIRED	ILLUMINA	2530101725	7.905
MEDIUM_026	28	MEDIUM	SRR24650934	PRJNA974014	PAIRED	ILLUMINA	2522698801	7.884
MEDIUM_026	29	MEDIUM	SRR3161783	PRJNA311594	PAIRED	ILLUMINA	2516789590	7.868
MEDIUM_026	30	MEDIUM	SRR35653651	PRJNA1335855	PAIRED	ILLUMINA	2512590274	7.857
MEDIUM_027	1	MEDIUM	SRR3161776	PRJNA311594	PAIRED	ILLUMINA	2510505638	7.851
MEDIUM_027	2	MEDIUM	SRR35653647	PRJNA1335855	PAIRED	ILLUMINA	2508141470	7.845
MEDIUM_027	3	MEDIUM	SRR3401401	PRJNA318741	PAIRED	ILLUMINA	2506406254	7.840
MEDIUM_027	4	MEDIUM	SRR3401746	PRJNA318886	PAIRED	ILLUMINA	2506406391	7.840
MEDIUM_027	5	MEDIUM	DRR524609	PRJDB17021	PAIRED	ILLUMINA	2503893346	7.833
MEDIUM_027	6	MEDIUM	SRR19256296	PRJNA839086	PAIRED	ILLUMINA	2493229475	7.804
MEDIUM_027	7	MEDIUM	SRR36663599	PRJNA1397464	PAIRED	ILLUMINA	2492765098	7.803
MEDIUM_027	8	MEDIUM	ERR4184079	PRJEB38542	SINGLE	ILLUMINA	2489016266	7.792
MEDIUM_027	9	MEDIUM	SRR3161784	PRJNA311594	PAIRED	ILLUMINA	2487351483	7.788
MEDIUM_027	10	MEDIUM	SRR35653654	PRJNA1335855	PAIRED	ILLUMINA	2486350606	7.785
MEDIUM_027	11	MEDIUM	SRR22246891	PRJNA899862	PAIRED	ILLUMINA	2485258718	7.782
MEDIUM_027	12	MEDIUM	SRR2922606	PRJNA302601	SINGLE	ILLUMINA	2483780843	7.778
MEDIUM_027	13	MEDIUM	SRR36222940	PRJNA1363687	PAIRED	ILLUMINA	2478839202	7.765
MEDIUM_027	14	MEDIUM	SRR7779203	PRJNA489076	PAIRED	ILLUMINA	2478688971	7.764
MEDIUM_027	15	MEDIUM	SRR23702453	PRJNA941080	PAIRED	ILLUMINA	2475508146	7.756
MEDIUM_027	16	MEDIUM	SRR24650933	PRJNA974014	PAIRED	ILLUMINA	2474700893	7.753
MEDIUM_027	17	MEDIUM	SRR24650988	PRJNA974014	PAIRED	ILLUMINA	2471577139	7.745
MEDIUM_027	18	MEDIUM	SRR24650925	PRJNA974014	PAIRED	ILLUMINA	2471165726	7.744
MEDIUM_027	19	MEDIUM	SRR5409489	PRJNA378247	PAIRED	ILLUMINA	2471249358	7.744
MEDIUM_027	20	MEDIUM	SRR24650994	PRJNA974014	PAIRED	ILLUMINA	2471061056	7.743
MEDIUM_027	21	MEDIUM	SRR22246892	PRJNA899862	PAIRED	ILLUMINA	2470198073	7.741
MEDIUM_027	22	MEDIUM	SRR35653648	PRJNA1335855	PAIRED	ILLUMINA	2470109124	7.741
MEDIUM_027	23	MEDIUM	SRR24650929	PRJNA974014	PAIRED	ILLUMINA	2467117173	7.733
MEDIUM_027	24	MEDIUM	SRR3401752	PRJNA318886	PAIRED	ILLUMINA	2462044567	7.719
MEDIUM_027	25	MEDIUM	SRR24651003	PRJNA974014	PAIRED	ILLUMINA	2456960542	7.705
MEDIUM_027	26	MEDIUM	SRR24650991	PRJNA974014	PAIRED	ILLUMINA	2456076484	7.703
MEDIUM_027	27	MEDIUM	SRR28413170	PRJNA1090557	PAIRED	ILLUMINA	2448099728	7.681
MEDIUM_027	28	MEDIUM	SRR24650975	PRJNA974014	PAIRED	ILLUMINA	2446117452	7.675
MEDIUM_027	29	MEDIUM	SRR24650937	PRJNA974014	PAIRED	ILLUMINA	2440742132	7.661
MEDIUM_027	30	MEDIUM	SRR28413171	PRJNA1090557	PAIRED	ILLUMINA	2438875407	7.656
MEDIUM_027	31	MEDIUM	SRR3161795	PRJNA311594	PAIRED	ILLUMINA	2281008938	7.225
MEDIUM_028	1	MEDIUM	SRR22246900	PRJNA899862	PAIRED	ILLUMINA	2437481541	7.652
MEDIUM_028	2	MEDIUM	ERR4184081	PRJEB38542	SINGLE	ILLUMINA	2433679012	7.641
MEDIUM_028	3	MEDIUM	SRR24650995	PRJNA974014	PAIRED	ILLUMINA	2433051416	7.640
MEDIUM_028	4	MEDIUM	SRR24650914	PRJNA974014	PAIRED	ILLUMINA	2432755953	7.639
MEDIUM_028	5	MEDIUM	SRR24651001	PRJNA974014	PAIRED	ILLUMINA	2430469312	7.633
MEDIUM_028	6	MEDIUM	SRR35653652	PRJNA1335855	PAIRED	ILLUMINA	2428661721	7.628
MEDIUM_028	7	MEDIUM	SRR24650980	PRJNA974014	PAIRED	ILLUMINA	2426845560	7.623
MEDIUM_028	8	MEDIUM	SRR19256300	PRJNA839086	PAIRED	ILLUMINA	2424872509	7.617
MEDIUM_028	9	MEDIUM	SRR24650974	PRJNA974014	PAIRED	ILLUMINA	2420356426	7.605
MEDIUM_028	10	MEDIUM	SRR40188910	PRJNA1497331	PAIRED	ILLUMINA	2418560393	7.600
MEDIUM_028	11	MEDIUM	SRR22246898	PRJNA899862	PAIRED	ILLUMINA	2416896623	7.596
MEDIUM_028	12	MEDIUM	SRR19256298	PRJNA839086	PAIRED	ILLUMINA	2412555322	7.584
MEDIUM_028	13	MEDIUM	SRR19256306	PRJNA839086	PAIRED	ILLUMINA	2401953081	7.555
MEDIUM_028	14	MEDIUM	ERR15000468	PRJEB89701	PAIRED	ILLUMINA	2397822064	7.544
MEDIUM_028	15	MEDIUM	SRR24650935	PRJNA974014	PAIRED	ILLUMINA	2397021026	7.541
MEDIUM_028	16	MEDIUM	SRR19256299	PRJNA839086	PAIRED	ILLUMINA	2384334067	7.507
MEDIUM_028	17	MEDIUM	SRR24650958	PRJNA974014	PAIRED	ILLUMINA	2383869572	7.505
MEDIUM_028	18	MEDIUM	SRR7779170	PRJNA489076	PAIRED	ILLUMINA	2380780376	7.497
MEDIUM_028	19	MEDIUM	SRR36663588	PRJNA1397461	PAIRED	ILLUMINA	2374456097	7.480
MEDIUM_028	20	MEDIUM	SRR19256301	PRJNA839086	PAIRED	ILLUMINA	2369499237	7.466
MEDIUM_028	21	MEDIUM	SRR24650939	PRJNA974014	PAIRED	ILLUMINA	2368285858	7.463
MEDIUM_028	22	MEDIUM	ERR15000469	PRJEB89701	PAIRED	ILLUMINA	2367543390	7.461
MEDIUM_028	23	MEDIUM	SRR24651004	PRJNA974014	PAIRED	ILLUMINA	2366527837	7.458
MEDIUM_028	24	MEDIUM	SRR11350314	PRJNA613438	SINGLE	ILLUMINA	2362019771	7.446
MEDIUM_028	25	MEDIUM	SRR24651002	PRJNA974014	PAIRED	ILLUMINA	2361141333	7.443
MEDIUM_028	26	MEDIUM	SRR19256297	PRJNA839086	PAIRED	ILLUMINA	2355613208	7.428
MEDIUM_028	27	MEDIUM	SRR3161767	PRJNA311594	PAIRED	ILLUMINA	2355458879	7.428
MEDIUM_028	28	MEDIUM	SRR19256303	PRJNA839086	PAIRED	ILLUMINA	2354880678	7.426
MEDIUM_028	29	MEDIUM	SRR24650973	PRJNA974014	PAIRED	ILLUMINA	2353075292	7.421
MEDIUM_028	30	MEDIUM	SRR3161771	PRJNA311594	PAIRED	ILLUMINA	2347194578	7.405
MEDIUM_028	31	MEDIUM	SRR3161770	PRJNA311594	PAIRED	ILLUMINA	2346283525	7.403
MEDIUM_029	1	MEDIUM	SRR3401748	PRJNA318886	PAIRED	ILLUMINA	2345218014	7.400
MEDIUM_029	2	MEDIUM	SRR9151759	PRJNA545309	PAIRED	ILLUMINA	2344896053	7.399
MEDIUM_029	3	MEDIUM	SRR29672936	PRJNA1130622	PAIRED	ILLUMINA	2342031432	7.391
MEDIUM_029	4	MEDIUM	SRR24650950	PRJNA974014	PAIRED	ILLUMINA	2341361867	7.389
MEDIUM_029	5	MEDIUM	SRR35653649	PRJNA1335855	PAIRED	ILLUMINA	2336500899	7.376
MEDIUM_029	6	MEDIUM	SRR24650910	PRJNA974014	PAIRED	ILLUMINA	2331325984	7.362
MEDIUM_029	7	MEDIUM	ERR4184072	PRJEB38542	SINGLE	ILLUMINA	2319232229	7.329
MEDIUM_029	8	MEDIUM	SRR24650936	PRJNA974014	PAIRED	ILLUMINA	2319175249	7.329
MEDIUM_029	9	MEDIUM	SRR12618109	PRJNA662582	SINGLE	ILLUMINA	2318638642	7.327
MEDIUM_029	10	MEDIUM	DRR706787	PRJDB35724	PAIRED	ILLUMINA	2315040727	7.318
MEDIUM_029	11	MEDIUM	SRR7779176	PRJNA489076	PAIRED	ILLUMINA	2307685511	7.298
MEDIUM_029	12	MEDIUM	SRR24650999	PRJNA974014	PAIRED	ILLUMINA	2302927293	7.285
MEDIUM_029	13	MEDIUM	SRR3161773	PRJNA311594	PAIRED	ILLUMINA	2300147225	7.277
MEDIUM_029	14	MEDIUM	DRR524604	PRJDB17021	PAIRED	ILLUMINA	2298579097	7.273
MEDIUM_029	15	MEDIUM	SRR3161793	PRJNA311594	PAIRED	ILLUMINA	2297983289	7.271
MEDIUM_029	16	MEDIUM	SRR33309123	PRJNA1254963	PAIRED	ILLUMINA	2296852219	7.268
MEDIUM_029	17	MEDIUM	SRR15111576	PRJNA746067	PAIRED	ILLUMINA	2295765897	7.265
MEDIUM_029	18	MEDIUM	SRR19256304	PRJNA839086	PAIRED	ILLUMINA	2292760650	7.257
MEDIUM_029	19	MEDIUM	SRR24650928	PRJNA974014	PAIRED	ILLUMINA	2292595013	7.256
MEDIUM_029	20	MEDIUM	SRR24650997	PRJNA974014	PAIRED	ILLUMINA	2289604802	7.248
MEDIUM_029	21	MEDIUM	ERR15000465	PRJEB89701	PAIRED	ILLUMINA	2287588590	7.243
MEDIUM_029	22	MEDIUM	SRR9151767	PRJNA545309	PAIRED	ILLUMINA	2286266320	7.239
MEDIUM_029	23	MEDIUM	SRR33309099	PRJNA1254963	PAIRED	ILLUMINA	2285471374	7.237
MEDIUM_029	24	MEDIUM	ERR4184071	PRJEB38542	SINGLE	ILLUMINA	2276420679	7.212
MEDIUM_029	25	MEDIUM	SRR3161777	PRJNA311594	PAIRED	ILLUMINA	2275236176	7.209
MEDIUM_029	26	MEDIUM	ERR15000478	PRJEB89701	PAIRED	ILLUMINA	2267438258	7.188
MEDIUM_029	27	MEDIUM	SRR9151764	PRJNA545309	PAIRED	ILLUMINA	2263954303	7.178
MEDIUM_029	28	MEDIUM	SRR23702456	PRJNA941080	PAIRED	ILLUMINA	2262595179	7.175
MEDIUM_029	29	MEDIUM	ERR15000462	PRJEB89701	PAIRED	ILLUMINA	2262376236	7.174
MEDIUM_029	30	MEDIUM	SRR24650977	PRJNA974014	PAIRED	ILLUMINA	2261919256	7.173
MEDIUM_029	31	MEDIUM	SRR3161794	PRJNA311594	PAIRED	ILLUMINA	2260254320	7.168
MEDIUM_029	32	MEDIUM	SRR36663586	PRJNA1397461	PAIRED	ILLUMINA	2259471805	7.166
MEDIUM_029	33	MEDIUM	SRR24650957	PRJNA974014	PAIRED	ILLUMINA	2251506108	7.144
MEDIUM_030	1	MEDIUM	SRR24650926	PRJNA974014	PAIRED	ILLUMINA	2251065053	7.143
MEDIUM_030	2	MEDIUM	SRR3161778	PRJNA311594	PAIRED	ILLUMINA	2251170364	7.143
MEDIUM_030	3	MEDIUM	SRR24650927	PRJNA974014	PAIRED	ILLUMINA	2250396937	7.141
MEDIUM_030	4	MEDIUM	SRR7779175	PRJNA489076	PAIRED	ILLUMINA	2246517850	7.131
MEDIUM_030	5	MEDIUM	SRR3401399	PRJNA318741	PAIRED	ILLUMINA	2242588185	7.120
MEDIUM_030	6	MEDIUM	SRR3401745	PRJNA318886	PAIRED	ILLUMINA	2242588363	7.120
MEDIUM_030	7	MEDIUM	SRR24650915	PRJNA974014	PAIRED	ILLUMINA	2233736938	7.096
MEDIUM_030	8	MEDIUM	SRR24650955	PRJNA974014	PAIRED	ILLUMINA	2233534237	7.095
MEDIUM_030	9	MEDIUM	ERR15000455	PRJEB89701	PAIRED	ILLUMINA	2229102550	7.083
MEDIUM_030	10	MEDIUM	SRR24650952	PRJNA974014	PAIRED	ILLUMINA	2229129640	7.083
MEDIUM_030	11	MEDIUM	SRR35653650	PRJNA1335855	PAIRED	ILLUMINA	2226360928	7.076
MEDIUM_030	12	MEDIUM	SRR3161791	PRJNA311594	PAIRED	ILLUMINA	2226061768	7.075
MEDIUM_030	13	MEDIUM	SRR24650954	PRJNA974014	PAIRED	ILLUMINA	2221504295	7.062
MEDIUM_030	14	MEDIUM	SRR9151757	PRJNA545309	PAIRED	ILLUMINA	2210300071	7.032
MEDIUM_030	15	MEDIUM	SRR24650938	PRJNA974014	PAIRED	ILLUMINA	2208811156	7.028
MEDIUM_030	16	MEDIUM	SRR33309098	PRJNA1254963	PAIRED	ILLUMINA	2204898372	7.017
MEDIUM_030	17	MEDIUM	ERR4184074	PRJEB38542	SINGLE	ILLUMINA	2202465776	7.010
MEDIUM_030	18	MEDIUM	SRR3161765	PRJNA311594	PAIRED	ILLUMINA	2201647148	7.008
MEDIUM_030	19	MEDIUM	ERR15000473	PRJEB89701	PAIRED	ILLUMINA	2199365403	7.002
MEDIUM_030	20	MEDIUM	SRR24650956	PRJNA974014	PAIRED	ILLUMINA	2196273286	6.994
MEDIUM_030	21	MEDIUM	SRR36663600	PRJNA1397464	PAIRED	ILLUMINA	2192866584	6.984
MEDIUM_030	22	MEDIUM	SRR9151758	PRJNA545309	PAIRED	ILLUMINA	2190829550	6.979
MEDIUM_030	23	MEDIUM	SRR9151768	PRJNA545309	PAIRED	ILLUMINA	2189942427	6.976
MEDIUM_030	24	MEDIUM	SRR24650949	PRJNA974014	PAIRED	ILLUMINA	2188651869	6.973
MEDIUM_030	25	MEDIUM	SRR24650951	PRJNA974014	PAIRED	ILLUMINA	2186603125	6.967
MEDIUM_030	26	MEDIUM	SRR12618103	PRJNA662582	SINGLE	ILLUMINA	2185445282	6.964
MEDIUM_030	27	MEDIUM	SRR24650953	PRJNA974014	PAIRED	ILLUMINA	2183813164	6.960
MEDIUM_030	28	MEDIUM	SRR3161772	PRJNA311594	PAIRED	ILLUMINA	2177638399	6.943
MEDIUM_030	29	MEDIUM	DRR706783	PRJDB35724	PAIRED	ILLUMINA	2174640047	6.935
MEDIUM_030	30	MEDIUM	SRR29672934	PRJNA1130622	PAIRED	ILLUMINA	2173953987	6.933
MEDIUM_030	31	MEDIUM	SRR24650963	PRJNA974014	PAIRED	ILLUMINA	2173494742	6.931
MEDIUM_030	32	MEDIUM	SRR24650960	PRJNA974014	PAIRED	ILLUMINA	2172912188	6.930
MEDIUM_030	33	MEDIUM	ERR15000474	PRJEB89701	PAIRED	ILLUMINA	2170261406	6.923
MEDIUM_030	34	MEDIUM	SRR24650981	PRJNA974014	PAIRED	ILLUMINA	2167340118	6.915
MEDIUM_031	1	MEDIUM	SRR5409492	PRJNA378247	PAIRED	ILLUMINA	2167627635	6.915
MEDIUM_031	2	MEDIUM	SRR3161768	PRJNA311594	PAIRED	ILLUMINA	2163857851	6.905
MEDIUM_031	3	MEDIUM	SRR3161790	PRJNA311594	PAIRED	ILLUMINA	2161722397	6.899
MEDIUM_031	4	MEDIUM	SRR3161760	PRJNA311594	PAIRED	ILLUMINA	2160837003	6.897
MEDIUM_031	5	MEDIUM	SRR3161764	PRJNA311594	PAIRED	ILLUMINA	2158100045	6.889
MEDIUM_031	6	MEDIUM	ERR3972086	PRJEB37009	SINGLE	ILLUMINA	2153863587	6.878
MEDIUM_031	7	MEDIUM	ERR4184076	PRJEB38542	SINGLE	ILLUMINA	2147093597	6.859
MEDIUM_031	8	MEDIUM	ERR3972091	PRJEB37009	SINGLE	ILLUMINA	2145833416	6.856
MEDIUM_031	9	MEDIUM	SRR23702454	PRJNA941080	PAIRED	ILLUMINA	2142912696	6.848
MEDIUM_031	10	MEDIUM	ERR15000456	PRJEB89701	PAIRED	ILLUMINA	2141664194	6.845
MEDIUM_031	11	MEDIUM	ERR4184075	PRJEB38542	SINGLE	ILLUMINA	2141125914	6.843
MEDIUM_031	12	MEDIUM	SRR3161789	PRJNA311594	PAIRED	ILLUMINA	2137918753	6.834
MEDIUM_031	13	MEDIUM	SRR24650932	PRJNA974014	PAIRED	ILLUMINA	2135649845	6.828
MEDIUM_031	14	MEDIUM	SRR3161759	PRJNA311594	PAIRED	ILLUMINA	2134841091	6.826
MEDIUM_031	15	MEDIUM	SRR12618108	PRJNA662582	SINGLE	ILLUMINA	2134185487	6.824
MEDIUM_031	16	MEDIUM	ERR15000466	PRJEB89701	PAIRED	ILLUMINA	2132567051	6.820
MEDIUM_031	17	MEDIUM	DRR706782	PRJDB35724	PAIRED	ILLUMINA	2128744791	6.809
MEDIUM_031	18	MEDIUM	ERR15000454	PRJEB89701	PAIRED	ILLUMINA	2125159593	6.799
MEDIUM_031	19	MEDIUM	ERR4184078	PRJEB38542	SINGLE	ILLUMINA	2124152241	6.797
MEDIUM_031	20	MEDIUM	SRR3161758	PRJNA311594	PAIRED	ILLUMINA	2115929107	6.774
MEDIUM_031	21	MEDIUM	ERR15000453	PRJEB89701	PAIRED	ILLUMINA	2115401943	6.773
MEDIUM_031	22	MEDIUM	SRR23702457	PRJNA941080	PAIRED	ILLUMINA	2103977067	6.742
MEDIUM_031	23	MEDIUM	ERR15000519	PRJEB89701	PAIRED	ILLUMINA	2103422777	6.740
MEDIUM_031	24	MEDIUM	ERR15000477	PRJEB89701	PAIRED	ILLUMINA	2097989694	6.725
MEDIUM_031	25	MEDIUM	ERR15000486	PRJEB89701	PAIRED	ILLUMINA	2097183299	6.723
MEDIUM_031	26	MEDIUM	SRR23702455	PRJNA941080	PAIRED	ILLUMINA	2095949598	6.720
MEDIUM_031	27	MEDIUM	SRR3161785	PRJNA311594	PAIRED	ILLUMINA	2093481640	6.713
MEDIUM_031	28	MEDIUM	SRR12618102	PRJNA662582	SINGLE	ILLUMINA	2092254100	6.710
MEDIUM_031	29	MEDIUM	DRR706776	PRJDB35724	PAIRED	ILLUMINA	2091987703	6.709
MEDIUM_031	30	MEDIUM	DRR706788	PRJDB35724	PAIRED	ILLUMINA	2091797578	6.708
MEDIUM_031	31	MEDIUM	SRR24650931	PRJNA974014	PAIRED	ILLUMINA	2087109607	6.696
MEDIUM_031	32	MEDIUM	SRR7779172	PRJNA489076	PAIRED	ILLUMINA	2081883060	6.681
MEDIUM_031	33	MEDIUM	ERR15000459	PRJEB89701	PAIRED	ILLUMINA	2080858567	6.679
LARGE_001	1	LARGE	SRR39561857	PRJNA1492564	PAIRED	DNBSEQ	9788611202	27.713
LARGE_001	2	LARGE	SRR36699394	PRJNA1399147	PAIRED	ILLUMINA	9436424147	26.752
LARGE_001	3	LARGE	SRR5812569	PRJNA393479	PAIRED	ILLUMINA	9409913131	26.680
LARGE_001	4	LARGE	SRR10572663	PRJNA593052	PAIRED	ILLUMINA	9360105387	26.544
LARGE_001	5	LARGE	ERR4319916	PRJEB39258	PAIRED	ILLUMINA	9329683940	26.461
LARGE_001	6	LARGE	SRR39497724	PRJNA1489724	PAIRED	ILLUMINA	9131472217	25.920
LARGE_001	7	LARGE	ERR4319931	PRJEB39258	PAIRED	ILLUMINA	9089448870	25.805
LARGE_001	8	LARGE	SRR36222937	PRJNA1363687	PAIRED	ILLUMINA	9053175092	25.706
LARGE_001	9	LARGE	ERR4319918	PRJEB39258	PAIRED	ILLUMINA	9024696689	25.628
LARGE_002	1	LARGE	ERR4319922	PRJEB39258	PAIRED	ILLUMINA	8917532146	25.336
LARGE_002	2	LARGE	ERR4319930	PRJEB39258	PAIRED	ILLUMINA	8886149075	25.250
LARGE_002	3	LARGE	ERR4319935	PRJEB39258	PAIRED	ILLUMINA	8883773238	25.244
LARGE_002	4	LARGE	ERR4319923	PRJEB39258	PAIRED	ILLUMINA	8851519561	25.156
LARGE_002	5	LARGE	SRR36699393	PRJNA1399147	PAIRED	ILLUMINA	8840065532	25.125
LARGE_002	6	LARGE	ERR4319932	PRJEB39258	PAIRED	ILLUMINA	8774640469	24.946
LARGE_002	7	LARGE	ERR4319917	PRJEB39258	PAIRED	ILLUMINA	8747828240	24.873
LARGE_002	8	LARGE	ERR4319915	PRJEB39258	PAIRED	ILLUMINA	8681635236	24.692
LARGE_002	9	LARGE	ERR4319925	PRJEB39258	PAIRED	ILLUMINA	8608614709	24.493
LARGE_003	1	LARGE	ERR4319933	PRJEB39258	PAIRED	ILLUMINA	8578445324	24.411
LARGE_003	2	LARGE	SRR39505008	PRJNA1489724	PAIRED	ILLUMINA	8570725001	24.390
LARGE_003	3	LARGE	SRR36699389	PRJNA1399147	PAIRED	ILLUMINA	8552611782	24.340
LARGE_003	4	LARGE	ERR4319924	PRJEB39258	PAIRED	ILLUMINA	8546339081	24.323
LARGE_003	5	LARGE	ERR4319912	PRJEB39258	PAIRED	ILLUMINA	8496172472	24.186
LARGE_003	6	LARGE	SRR36699392	PRJNA1399147	PAIRED	ILLUMINA	8476505968	24.132
LARGE_003	7	LARGE	ERR4319936	PRJEB39258	PAIRED	ILLUMINA	8474132253	24.126
LARGE_003	8	LARGE	SRR39503242	PRJNA1489724	PAIRED	ILLUMINA	8473425359	24.124
LARGE_003	9	LARGE	ERR4319913	PRJEB39258	PAIRED	ILLUMINA	8468398247	24.110
LARGE_003	10	LARGE	SRR36699391	PRJNA1399147	PAIRED	ILLUMINA	7643232774	21.858
LARGE_004	1	LARGE	SRR12194145	PRJNA645419	PAIRED	ILLUMINA	8413210371	23.960
LARGE_004	2	LARGE	SRR39511193	PRJNA1489724	PAIRED	ILLUMINA	8389039595	23.894
LARGE_004	3	LARGE	ERR4319926	PRJEB39258	PAIRED	ILLUMINA	8382534050	23.876
LARGE_004	4	LARGE	SRR12194151	PRJNA645419	PAIRED	ILLUMINA	8355015886	23.801
LARGE_004	5	LARGE	ERR4319920	PRJEB39258	PAIRED	ILLUMINA	8349878640	23.787
LARGE_004	6	LARGE	SRR12194147	PRJNA645419	PAIRED	ILLUMINA	8330003983	23.733
LARGE_004	7	LARGE	ERR4319929	PRJEB39258	PAIRED	ILLUMINA	8299682038	23.650
LARGE_004	8	LARGE	SRR24650945	PRJNA974014	PAIRED	ILLUMINA	8257004294	23.533
LARGE_004	9	LARGE	ERR4319919	PRJEB39258	PAIRED	ILLUMINA	8248449981	23.510
LARGE_004	10	LARGE	SRR39503243	PRJNA1489724	PAIRED	ILLUMINA	8243336034	23.496
LARGE_005	1	LARGE	ERR4319934	PRJEB39258	PAIRED	ILLUMINA	8230996437	23.462
LARGE_005	2	LARGE	ERR4319928	PRJEB39258	PAIRED	ILLUMINA	8210280351	23.406
LARGE_005	3	LARGE	ERR4319938	PRJEB39258	PAIRED	ILLUMINA	8196951386	23.369
LARGE_005	4	LARGE	SRR36222935	PRJNA1363687	PAIRED	ILLUMINA	8143389914	23.223
LARGE_005	5	LARGE	ERR4319937	PRJEB39258	PAIRED	ILLUMINA	8132566694	23.194
LARGE_005	6	LARGE	SRR24650948	PRJNA974014	PAIRED	ILLUMINA	8121667104	23.164
LARGE_005	7	LARGE	SRR14860930	PRJNA739051	PAIRED	ILLUMINA	8096861253	23.096
LARGE_005	8	LARGE	SRR36699390	PRJNA1399147	PAIRED	ILLUMINA	8092556360	23.085
LARGE_005	9	LARGE	SRR12194152	PRJNA645419	PAIRED	ILLUMINA	8090222169	23.078
LARGE_005	10	LARGE	SRR14860939	PRJNA739051	PAIRED	ILLUMINA	8078851285	23.047
LARGE_006	1	LARGE	SRR14860932	PRJNA739051	PAIRED	ILLUMINA	8055382061	22.983
LARGE_006	2	LARGE	SRR39499719	PRJNA1489724	PAIRED	ILLUMINA	8033154436	22.922
LARGE_006	3	LARGE	SRR12194146	PRJNA645419	PAIRED	ILLUMINA	7992846889	22.812
LARGE_006	4	LARGE	SRR24650921	PRJNA974014	PAIRED	ILLUMINA	7946796280	22.687
LARGE_006	5	LARGE	SRR14860926	PRJNA739051	PAIRED	ILLUMINA	7930031640	22.641
LARGE_006	6	LARGE	SRR24650943	PRJNA974014	PAIRED	ILLUMINA	7918920322	22.611
LARGE_006	7	LARGE	SRR12194150	PRJNA645419	PAIRED	ILLUMINA	7912407619	22.593
LARGE_006	8	LARGE	ERR4319927	PRJEB39258	PAIRED	ILLUMINA	7865343932	22.465
LARGE_006	9	LARGE	ERR4319914	PRJEB39258	PAIRED	ILLUMINA	7846949050	22.414
LARGE_006	10	LARGE	SRR14860934	PRJNA739051	PAIRED	ILLUMINA	7835015349	22.382
LARGE_007	1	LARGE	SRR39505009	PRJNA1489724	PAIRED	ILLUMINA	7739403162	22.121
LARGE_007	2	LARGE	SRR24650924	PRJNA974014	PAIRED	ILLUMINA	7715837650	22.057
LARGE_007	3	LARGE	ERR4319921	PRJEB39258	PAIRED	ILLUMINA	7694060110	21.997
LARGE_007	4	LARGE	SRR24650947	PRJNA974014	PAIRED	ILLUMINA	7684578831	21.971
LARGE_007	5	LARGE	SRR14860936	PRJNA739051	PAIRED	ILLUMINA	7657232525	21.897
LARGE_007	6	LARGE	ERR2593199	PRJEB9291	PAIRED	ILLUMINA	7627730303	21.816
LARGE_007	7	LARGE	SRR5358890	PRJNA378939	PAIRED	ILLUMINA	7621672410	21.800
LARGE_007	8	LARGE	DRR093873	PRJDB5831	PAIRED	ILLUMINA	7610170503	21.768
LARGE_007	9	LARGE	SRR24650946	PRJNA974014	PAIRED	ILLUMINA	7590714246	21.715
LARGE_007	10	LARGE	SRR36222938	PRJNA1363687	PAIRED	ILLUMINA	7565680172	21.647
LARGE_007	11	LARGE	SRR24650923	PRJNA974014	PAIRED	ILLUMINA	7363641286	21.095
LARGE_008	1	LARGE	DRR093874	PRJDB5831	PAIRED	ILLUMINA	7474248620	21.397
LARGE_008	2	LARGE	SRR24650919	PRJNA974014	PAIRED	ILLUMINA	7469160841	21.383
LARGE_008	3	LARGE	SRR24650922	PRJNA974014	PAIRED	ILLUMINA	7446768596	21.322
LARGE_008	4	LARGE	SRR24650941	PRJNA974014	PAIRED	ILLUMINA	7439706527	21.303
LARGE_008	5	LARGE	SRR24650944	PRJNA974014	PAIRED	ILLUMINA	7436147636	21.293
LARGE_008	6	LARGE	SRR14860933	PRJNA739051	PAIRED	ILLUMINA	7419225909	21.247
LARGE_008	7	LARGE	SRR14860928	PRJNA739051	PAIRED	ILLUMINA	7325458788	20.991
LARGE_008	8	LARGE	SRR24650965	PRJNA974014	PAIRED	ILLUMINA	7323660102	20.986
LARGE_008	9	LARGE	SRR39505010	PRJNA1489724	PAIRED	ILLUMINA	7311723643	20.954
LARGE_008	10	LARGE	DRR093875	PRJDB5831	PAIRED	ILLUMINA	7305627300	20.937
LARGE_008	11	LARGE	SRR16980334	PRJNA766998	PAIRED	ILLUMINA	7295634851	20.910
LARGE_009	1	LARGE	SRR14860927	PRJNA739051	PAIRED	ILLUMINA	7190657304	20.623
LARGE_009	2	LARGE	SRR14860942	PRJNA739051	PAIRED	ILLUMINA	7187327437	20.614
LARGE_009	3	LARGE	SRR24650920	PRJNA974014	PAIRED	ILLUMINA	7154607222	20.525
LARGE_009	4	LARGE	SRR14860935	PRJNA739051	PAIRED	ILLUMINA	7041017564	20.215
LARGE_009	5	LARGE	SRR14860941	PRJNA739051	PAIRED	ILLUMINA	6981954622	20.054
LARGE_009	6	LARGE	SRR14860940	PRJNA739051	PAIRED	ILLUMINA	6971328805	20.025
LARGE_009	7	LARGE	SRR16980341	PRJNA766998	PAIRED	ILLUMINA	6967137584	20.013
LARGE_009	8	LARGE	SRR39497723	PRJNA1489724	PAIRED	ILLUMINA	6869275419	19.746
LARGE_009	9	LARGE	ERR2593203	PRJEB9291	PAIRED	ILLUMINA	6830446520	19.640
LARGE_009	10	LARGE	SRR5358888	PRJNA378939	PAIRED	ILLUMINA	6697184469	19.277
LARGE_009	11	LARGE	DRR093872	PRJDB5831	PAIRED	ILLUMINA	6640263398	19.121
LARGE_009	12	LARGE	SRR39511192	PRJNA1489724	PAIRED	ILLUMINA	6596744567	19.002
XLARGE_001	1	XLARGE	SRR950107	PRJNA214684	PAIRED	ILLUMINA	18305629463	50.956
XLARGE_001	2	XLARGE	SRR8165660	PRJNA504034	PAIRED	ILLUMINA	18255186768	50.819
XLARGE_001	3	XLARGE	SRR28349048	PRJNA1088164	PAIRED	ILLUMINA	18222341482	50.729
XLARGE_001	4	XLARGE	SRR8165653	PRJNA504034	PAIRED	ILLUMINA	18196204402	50.658
XLARGE_001	5	XLARGE	SRR8165681	PRJNA504034	PAIRED	ILLUMINA	13033521745	36.569
XLARGE_002	1	XLARGE	SRR28349060	PRJNA1088164	PAIRED	ILLUMINA	17958638655	50.009
XLARGE_002	2	XLARGE	SRR28349055	PRJNA1088164	PAIRED	ILLUMINA	17945764929	49.974
XLARGE_002	3	XLARGE	SRR28349051	PRJNA1088164	PAIRED	ILLUMINA	17872609519	49.774
XLARGE_002	4	XLARGE	SRR8165670	PRJNA504034	PAIRED	ILLUMINA	17800198490	49.577
XLARGE_002	5	XLARGE	SRR8165663	PRJNA504034	PAIRED	ILLUMINA	14344988743	40.148
XLARGE_003	1	XLARGE	SRR8165636	PRJNA504034	PAIRED	ILLUMINA	17799981896	49.576
XLARGE_003	2	XLARGE	SRR950109	PRJNA214684	PAIRED	ILLUMINA	17617061375	49.077
XLARGE_003	3	XLARGE	SRR28349063	PRJNA1088164	PAIRED	ILLUMINA	17218782482	47.990
XLARGE_003	4	XLARGE	SRR28349056	PRJNA1088164	PAIRED	ILLUMINA	17111408678	47.697
XLARGE_003	5	XLARGE	SRR28349062	PRJNA1088164	PAIRED	ILLUMINA	14616438838	40.888
XLARGE_004	1	XLARGE	SRR8165637	PRJNA504034	PAIRED	ILLUMINA	16710409915	46.603
XLARGE_004	2	XLARGE	SRR39499716	PRJNA1489724	PAIRED	ILLUMINA	16527497100	46.104
XLARGE_004	3	XLARGE	SRR8165633	PRJNA504034	PAIRED	ILLUMINA	14311846325	40.057
XLARGE_004	4	XLARGE	SRR10572661	PRJNA593052	PAIRED	ILLUMINA	14188130128	39.719
XLARGE_004	5	XLARGE	SRR10572659	PRJNA593052	PAIRED	ILLUMINA	13969817287	39.124
XLARGE_004	6	XLARGE	SRR8165623	PRJNA504034	PAIRED	ILLUMINA	10011865993	28.322
XLARGE_005	1	XLARGE	SRR8165668	PRJNA504034	PAIRED	ILLUMINA	13411284149	37.599
XLARGE_005	2	XLARGE	SRR10572662	PRJNA593052	PAIRED	ILLUMINA	13368870614	37.484
XLARGE_005	3	XLARGE	SRR8165665	PRJNA504034	PAIRED	ILLUMINA	12920251253	36.259
XLARGE_005	4	XLARGE	SRR10572660	PRJNA593052	PAIRED	ILLUMINA	12904482576	36.216
XLARGE_005	5	XLARGE	SRR10572657	PRJNA593052	PAIRED	ILLUMINA	12885668994	36.165
XLARGE_005	6	XLARGE	SRR10572658	PRJNA593052	PAIRED	ILLUMINA	12825445616	36.001
XLARGE_006	1	XLARGE	SRR8165626	PRJNA504034	PAIRED	ILLUMINA	12816858976	35.977
XLARGE_006	2	XLARGE	SRR39511190	PRJNA1489724	PAIRED	ILLUMINA	12512375981	35.146
XLARGE_006	3	XLARGE	SRR5812566	PRJNA393479	PAIRED	ILLUMINA	12390159259	34.813
XLARGE_006	4	XLARGE	SRR8165684	PRJNA504034	PAIRED	ILLUMINA	12385353278	34.800
XLARGE_006	5	XLARGE	SRR10572664	PRJNA593052	PAIRED	ILLUMINA	12314304727	34.606
XLARGE_006	6	XLARGE	SRR39511191	PRJNA1489724	PAIRED	ILLUMINA	12255686408	34.446
XLARGE_006	7	XLARGE	SRR39506915	PRJNA1489724	PAIRED	ILLUMINA	10637216300	30.029
XLARGE_007	1	XLARGE	SRR8165625	PRJNA504034	PAIRED	ILLUMINA	12214755875	34.334
XLARGE_007	2	XLARGE	SRR5812564	PRJNA393479	PAIRED	ILLUMINA	12202266859	34.300
XLARGE_007	3	XLARGE	SRR8165678	PRJNA504034	PAIRED	ILLUMINA	12175342483	34.227
XLARGE_007	4	XLARGE	SRR8165622	PRJNA504034	PAIRED	ILLUMINA	12102410428	34.028
XLARGE_007	5	XLARGE	SRR8165683	PRJNA504034	PAIRED	ILLUMINA	12004796657	33.761
XLARGE_007	6	XLARGE	SRR39505007	PRJNA1489724	PAIRED	ILLUMINA	11838863469	33.308
XLARGE_007	7	XLARGE	SRR8165682	PRJNA504034	PAIRED	ILLUMINA	11807838138	33.224
XLARGE_008	1	XLARGE	SRR8165628	PRJNA504034	PAIRED	ILLUMINA	11791744363	33.180
XLARGE_008	2	XLARGE	SRR5812565	PRJNA393479	PAIRED	ILLUMINA	11741670824	33.043
XLARGE_008	3	XLARGE	SRR39503244	PRJNA1489724	PAIRED	ILLUMINA	11688504732	32.898
XLARGE_008	4	XLARGE	SRR8165624	PRJNA504034	PAIRED	ILLUMINA	11448597974	32.243
XLARGE_008	5	XLARGE	SRR8165630	PRJNA504034	PAIRED	ILLUMINA	11330505492	31.921
XLARGE_008	6	XLARGE	SRR39499718	PRJNA1489724	PAIRED	ILLUMINA	11320332533	31.893
XLARGE_008	7	XLARGE	SRR39503241	PRJNA1489724	PAIRED	ILLUMINA	11271495566	31.760
XLARGE_009	1	XLARGE	SRR8165664	PRJNA504034	PAIRED	ILLUMINA	11258829823	31.725
XLARGE_009	2	XLARGE	SRR8165661	PRJNA504034	PAIRED	ILLUMINA	11184625870	31.523
XLARGE_009	3	XLARGE	SRR8165677	PRJNA504034	PAIRED	ILLUMINA	11139345758	31.399
XLARGE_009	4	XLARGE	SRR8165629	PRJNA504034	PAIRED	ILLUMINA	11136468168	31.391
XLARGE_009	5	XLARGE	SRR8165621	PRJNA504034	PAIRED	ILLUMINA	11103655595	31.302
XLARGE_009	6	XLARGE	SRR8165662	PRJNA504034	PAIRED	ILLUMINA	10966000132	30.926
XLARGE_009	7	XLARGE	SRR5812568	PRJNA393479	PAIRED	ILLUMINA	10948041680	30.877
XLARGE_010	1	XLARGE	SRR8165680	PRJNA504034	PAIRED	ILLUMINA	10859319779	30.635
XLARGE_010	2	XLARGE	SRR8165679	PRJNA504034	PAIRED	ILLUMINA	10850268275	30.610
XLARGE_010	3	XLARGE	SRR8165675	PRJNA504034	PAIRED	ILLUMINA	10749652993	30.336
XLARGE_010	4	XLARGE	SRR5812567	PRJNA393479	PAIRED	ILLUMINA	10572453509	29.852
XLARGE_010	5	XLARGE	SRR39506914	PRJNA1489724	PAIRED	ILLUMINA	10551916521	29.796
XLARGE_010	6	XLARGE	SRR8165666	PRJNA504034	PAIRED	ILLUMINA	10461874370	29.550
XLARGE_010	7	XLARGE	SRR8165667	PRJNA504034	PAIRED	ILLUMINA	10308093761	29.131
XLARGE_010	8	XLARGE	SRR8165671	PRJNA504034	PAIRED	ILLUMINA	10222227947	28.896
XLARGE_011	1	XLARGE	SRR39561853	PRJNA1492564	PAIRED	DNBSEQ	9968685544	28.205
XLARGE_011	2	XLARGE	SRR39561852	PRJNA1492564	PAIRED	DNBSEQ	9933883275	28.110
XLARGE_011	3	XLARGE	SRR39561855	PRJNA1492564	PAIRED	DNBSEQ	9892749837	27.997
XLARGE_011	4	XLARGE	SRR39561854	PRJNA1492564	PAIRED	DNBSEQ	9890863354	27.992
XLARGE_011	5	XLARGE	SRR39561859	PRJNA1492564	PAIRED	DNBSEQ	9882144267	27.968
XLARGE_011	6	XLARGE	SRR39561856	PRJNA1492564	PAIRED	DNBSEQ	9841686872	27.858
XLARGE_011	7	XLARGE	SRR39561851	PRJNA1492564	PAIRED	DNBSEQ	9833747870	27.836
XLARGE_011	8	XLARGE	SRR39561860	PRJNA1492564	PAIRED	DNBSEQ	9822173078	27.805
XLARGE_012	1	XLARGE	SRR39561850	PRJNA1492564	PAIRED	DNBSEQ	9812745448	27.779
XLARGE_012	2	XLARGE	SRR39561858	PRJNA1492564	PAIRED	DNBSEQ	9799756172	27.744
XLARGE_012	3	XLARGE	SRR39561849	PRJNA1492564	PAIRED	DNBSEQ	9791232685	27.720
XXLARGE_001	1	XXLARGE	SRR29929618	PRJNA1139152	PAIRED	ILLUMINA	33972565333	93.711
XXLARGE_001	2	XXLARGE	SRR29929616	PRJNA1139152	PAIRED	ILLUMINA	33798082849	93.235
XXLARGE_001	3	XXLARGE	SRR8165674	PRJNA504034	PAIRED	ILLUMINA	19057223658	53.007
XXLARGE_002	1	XXLARGE	SRR29929614	PRJNA1139152	PAIRED	ILLUMINA	33412878243	92.184
XXLARGE_002	2	XXLARGE	SRR28349059	PRJNA1088164	PAIRED	ILLUMINA	23211737598	64.345
XXLARGE_002	3	XXLARGE	SRR28349057	PRJNA1088164	PAIRED	ILLUMINA	23170644676	64.233
XXLARGE_003	1	XXLARGE	SRR950108	PRJNA214684	PAIRED	ILLUMINA	20976959522	58.246
XXLARGE_003	2	XXLARGE	SRR28349058	PRJNA1088164	PAIRED	ILLUMINA	20488728779	56.914
XXLARGE_003	3	XXLARGE	SRR28349050	PRJNA1088164	PAIRED	ILLUMINA	20334452688	56.493
XXLARGE_003	4	XXLARGE	SRR28349052	PRJNA1088164	PAIRED	ILLUMINA	19364177747	53.845
XXLARGE_004	1	XXLARGE	SRR8165659	PRJNA504034	PAIRED	ILLUMINA	19333283464	53.761
XXLARGE_004	2	XXLARGE	SRR8165657	PRJNA504034	PAIRED	ILLUMINA	19218841703	53.448
XXLARGE_004	3	XXLARGE	SRR28349061	PRJNA1088164	PAIRED	ILLUMINA	19046520540	52.978
XXLARGE_004	4	XXLARGE	SRR28349053	PRJNA1088164	PAIRED	ILLUMINA	18756815791	52.187
XXLARGE_005	1	XXLARGE	SRR8165635	PRJNA504034	PAIRED	ILLUMINA	18717925373	52.081
XXLARGE_005	2	XXLARGE	SRR8165654	PRJNA504034	PAIRED	ILLUMINA	18590288591	51.733
XXLARGE_005	3	XXLARGE	SRR8165638	PRJNA504034	PAIRED	ILLUMINA	18585835716	51.721
XXLARGE_005	4	XXLARGE	SRR28349049	PRJNA1088164	PAIRED	ILLUMINA	18485907677	51.448
XXLARGE_006	1	XXLARGE	SRR28349054	PRJNA1088164	PAIRED	ILLUMINA	18355870395	51.093
