run_accession	study_accession	fastq_structure	processing_layout	n_fastq	fastq_bytes	fastq_GB	preliminary_resource_class
SRR10215658	PRJNA575354	SINGLE	SINGLE	1	96096	0.000096	SMALL_LE_P50
SRR10215657	PRJNA575354	SINGLE	SINGLE	1	104857	0.000105	SMALL_LE_P50
SRR10215655	PRJNA575354	SINGLE	SINGLE	1	117618	0.000118	SMALL_LE_P50
SRR10215656	PRJNA575354	SINGLE	SINGLE	1	121056	0.000121	SMALL_LE_P50
SRR10215654	PRJNA575354	SINGLE	SINGLE	1	122340	0.000122	SMALL_LE_P50
SRR10215653	PRJNA575354	SINGLE	SINGLE	1	124985	0.000125	SMALL_LE_P50
SRR10215652	PRJNA575354	SINGLE	SINGLE	1	125230	0.000125	SMALL_LE_P50
SRR10215648	PRJNA575354	SINGLE	SINGLE	1	126281	0.000126	SMALL_LE_P50
SRR10215650	PRJNA575354	SINGLE	SINGLE	1	127737	0.000128	SMALL_LE_P50
SRR10215651	PRJNA575354	SINGLE	SINGLE	1	128319	0.000128	SMALL_LE_P50
SRR10215649	PRJNA575354	SINGLE	SINGLE	1	129050	0.000129	SMALL_LE_P50
SRR17085268	PRJNA785251	SINGLE	SINGLE	1	15475096	0.015475	SMALL_LE_P50
SRR17085271	PRJNA785251	SINGLE	SINGLE	1	15637204	0.015637	SMALL_LE_P50
SRR9621076	PRJNA551666	SINGLE	SINGLE	1	17573766	0.017574	SMALL_LE_P50
SRR9621075	PRJNA551666	SINGLE	SINGLE	1	18047562	0.018048	SMALL_LE_P50
SRR9621078	PRJNA551666	SINGLE	SINGLE	1	18307730	0.018308	SMALL_LE_P50
SRR9621077	PRJNA551666	SINGLE	SINGLE	1	18376094	0.018376	SMALL_LE_P50
SRR17085316	PRJNA785251	SINGLE	SINGLE	1	19812680	0.019813	SMALL_LE_P50
SRR17085319	PRJNA785251	SINGLE	SINGLE	1	20154397	0.020154	SMALL_LE_P50
SRR17085322	PRJNA785251	SINGLE	SINGLE	1	23715869	0.023716	SMALL_LE_P50
SRR17085325	PRJNA785251	SINGLE	SINGLE	1	24201413	0.024201	SMALL_LE_P50
SRR10493846	PRJNA590485	PAIRED_PLUS_UNPAIRED	PAIRED	3	24277258	0.024277	SMALL_LE_P50
SRR17085334	PRJNA785251	SINGLE	SINGLE	1	25372422	0.025372	SMALL_LE_P50
SRR17085310	PRJNA785251	SINGLE	SINGLE	1	25755351	0.025755	SMALL_LE_P50
SRR17085337	PRJNA785251	SINGLE	SINGLE	1	26238427	0.026238	SMALL_LE_P50
SRR17085252	PRJNA785251	SINGLE	SINGLE	1	26413347	0.026413	SMALL_LE_P50
SRR17085255	PRJNA785251	SINGLE	SINGLE	1	26571812	0.026572	SMALL_LE_P50
SRR17085313	PRJNA785251	SINGLE	SINGLE	1	27093028	0.027093	SMALL_LE_P50
SRR17085242	PRJNA785251	SINGLE	SINGLE	1	35392432	0.035392	SMALL_LE_P50
SRR17085245	PRJNA785251	SINGLE	SINGLE	1	35876868	0.035877	SMALL_LE_P50
SRR17085258	PRJNA785251	SINGLE	SINGLE	1	39744925	0.039745	SMALL_LE_P50
SRR17085261	PRJNA785251	SINGLE	SINGLE	1	40649539	0.040650	SMALL_LE_P50
SRR17085292	PRJNA785251	SINGLE	SINGLE	1	41239375	0.041239	SMALL_LE_P50
SRR17085295	PRJNA785251	SINGLE	SINGLE	1	41843877	0.041844	SMALL_LE_P50
SRR17085343	PRJNA785251	SINGLE	SINGLE	1	44622331	0.044622	SMALL_LE_P50
SRR17085340	PRJNA785251	SINGLE	SINGLE	1	44694693	0.044695	SMALL_LE_P50
SRR17085274	PRJNA785251	SINGLE	SINGLE	1	45475146	0.045475	SMALL_LE_P50
SRR17085277	PRJNA785251	SINGLE	SINGLE	1	45862155	0.045862	SMALL_LE_P50
SRR17085304	PRJNA785251	SINGLE	SINGLE	1	46474602	0.046475	SMALL_LE_P50
SRR17085307	PRJNA785251	SINGLE	SINGLE	1	46660746	0.046661	SMALL_LE_P50
SRR17085236	PRJNA785251	SINGLE	SINGLE	1	50861693	0.050862	SMALL_LE_P50
SRR17085239	PRJNA785251	SINGLE	SINGLE	1	51180524	0.051181	SMALL_LE_P50
SRR17085328	PRJNA785251	SINGLE	SINGLE	1	59905198	0.059905	SMALL_LE_P50
SRR17085331	PRJNA785251	SINGLE	SINGLE	1	60234317	0.060234	SMALL_LE_P50
SRR17085301	PRJNA785251	SINGLE	SINGLE	1	63080065	0.063080	SMALL_LE_P50
SRR17085298	PRJNA785251	SINGLE	SINGLE	1	63082818	0.063083	SMALL_LE_P50
SRR17085280	PRJNA785251	SINGLE	SINGLE	1	64123568	0.064124	SMALL_LE_P50
SRR17085283	PRJNA785251	SINGLE	SINGLE	1	64452593	0.064453	SMALL_LE_P50
SRR17085286	PRJNA785251	SINGLE	SINGLE	1	77322815	0.077323	SMALL_LE_P50
SRR17085289	PRJNA785251	SINGLE	SINGLE	1	77482504	0.077483	SMALL_LE_P50
SRR9621052	PRJNA551666	SINGLE	SINGLE	1	95804616	0.095805	SMALL_LE_P50
SRR9621051	PRJNA551666	SINGLE	SINGLE	1	98414695	0.098415	SMALL_LE_P50
SRR9621053	PRJNA551666	SINGLE	SINGLE	1	99039168	0.099039	SMALL_LE_P50
SRR9621054	PRJNA551666	SINGLE	SINGLE	1	99551354	0.099551	SMALL_LE_P50
SRR9621084	PRJNA551666	SINGLE	SINGLE	1	105658529	0.105659	SMALL_LE_P50
DRR126402	PRJDB6793	SINGLE	SINGLE	1	105708099	0.105708	SMALL_LE_P50
SRR9621083	PRJNA551666	SINGLE	SINGLE	1	108743605	0.108744	SMALL_LE_P50
SRR9621085	PRJNA551666	SINGLE	SINGLE	1	109408618	0.109409	SMALL_LE_P50
SRR9621086	PRJNA551666	SINGLE	SINGLE	1	109844262	0.109844	SMALL_LE_P50
SRR9621020	PRJNA551666	SINGLE	SINGLE	1	115447639	0.115448	SMALL_LE_P50
SRR9621019	PRJNA551666	SINGLE	SINGLE	1	118682381	0.118682	SMALL_LE_P50
SRR17085249	PRJNA785251	SINGLE	SINGLE	1	118738165	0.118738	SMALL_LE_P50
SRR17085247	PRJNA785251	SINGLE	SINGLE	1	118989502	0.118990	SMALL_LE_P50
SRR9621021	PRJNA551666	SINGLE	SINGLE	1	119407728	0.119408	SMALL_LE_P50
SRR9621022	PRJNA551666	SINGLE	SINGLE	1	119830648	0.119831	SMALL_LE_P50
ERR366010	PRJEB4847	SINGLE	SINGLE	1	132911561	0.132912	SMALL_LE_P50
SRR17085278	PRJNA785251	SINGLE	SINGLE	1	136857511	0.136858	SMALL_LE_P50
SRR17085281	PRJNA785251	SINGLE	SINGLE	1	137164842	0.137165	SMALL_LE_P50
SRR17085284	PRJNA785251	SINGLE	SINGLE	1	137166688	0.137167	SMALL_LE_P50
SRR17085296	PRJNA785251	SINGLE	SINGLE	1	137366529	0.137367	SMALL_LE_P50
SRR17085287	PRJNA785251	SINGLE	SINGLE	1	137520632	0.137521	SMALL_LE_P50
SRR17085302	PRJNA785251	SINGLE	SINGLE	1	137642174	0.137642	SMALL_LE_P50
SRR17085299	PRJNA785251	SINGLE	SINGLE	1	137732315	0.137732	SMALL_LE_P50
SRR17085305	PRJNA785251	SINGLE	SINGLE	1	137895152	0.137895	SMALL_LE_P50
SRR17085272	PRJNA785251	SINGLE	SINGLE	1	138010199	0.138010	SMALL_LE_P50
SRR17085256	PRJNA785251	SINGLE	SINGLE	1	138148241	0.138148	SMALL_LE_P50
SRR17085263	PRJNA785251	SINGLE	SINGLE	1	138181540	0.138182	SMALL_LE_P50
SRR17085240	PRJNA785251	SINGLE	SINGLE	1	138263405	0.138263	SMALL_LE_P50
SRR17085333	PRJNA785251	SINGLE	SINGLE	1	138271302	0.138271	SMALL_LE_P50
SRR17085275	PRJNA785251	SINGLE	SINGLE	1	138283797	0.138284	SMALL_LE_P50
SRR17085267	PRJNA785251	SINGLE	SINGLE	1	138322782	0.138323	SMALL_LE_P50
SRR17085251	PRJNA785251	SINGLE	SINGLE	1	138323682	0.138324	SMALL_LE_P50
SRR17085303	PRJNA785251	SINGLE	SINGLE	1	138399067	0.138399	SMALL_LE_P50
SRR17085259	PRJNA785251	SINGLE	SINGLE	1	138439303	0.138439	SMALL_LE_P50
SRR17085241	PRJNA785251	SINGLE	SINGLE	1	138462432	0.138462	SMALL_LE_P50
SRR17085279	PRJNA785251	SINGLE	SINGLE	1	138480492	0.138480	SMALL_LE_P50
SRR17085332	PRJNA785251	SINGLE	SINGLE	1	138487161	0.138487	SMALL_LE_P50
SRR17085309	PRJNA785251	SINGLE	SINGLE	1	138499609	0.138500	SMALL_LE_P50
SRR17085321	PRJNA785251	SINGLE	SINGLE	1	138550444	0.138550	SMALL_LE_P50
SRR17085250	PRJNA785251	SINGLE	SINGLE	1	138565788	0.138566	SMALL_LE_P50
SRR17085243	PRJNA785251	SINGLE	SINGLE	1	138573647	0.138574	SMALL_LE_P50
SRR17085315	PRJNA785251	SINGLE	SINGLE	1	138590611	0.138591	SMALL_LE_P50
SRR17085257	PRJNA785251	SINGLE	SINGLE	1	138615744	0.138616	SMALL_LE_P50
SRR17085326	PRJNA785251	SINGLE	SINGLE	1	138617481	0.138617	SMALL_LE_P50
SRR17085273	PRJNA785251	SINGLE	SINGLE	1	138701719	0.138702	SMALL_LE_P50
SRR17085335	PRJNA785251	SINGLE	SINGLE	1	138756033	0.138756	SMALL_LE_P50
SRR17085308	PRJNA785251	SINGLE	SINGLE	1	138771897	0.138772	SMALL_LE_P50
SRR17085266	PRJNA785251	SINGLE	SINGLE	1	138830670	0.138831	SMALL_LE_P50
SRR17085320	PRJNA785251	SINGLE	SINGLE	1	138892290	0.138892	SMALL_LE_P50
SRR17085253	PRJNA785251	SINGLE	SINGLE	1	138899700	0.138900	SMALL_LE_P50
SRR17085329	PRJNA785251	SINGLE	SINGLE	1	138942562	0.138943	SMALL_LE_P50
SRR17085297	PRJNA785251	SINGLE	SINGLE	1	138950288	0.138950	SMALL_LE_P50
SRR17085311	PRJNA785251	SINGLE	SINGLE	1	138974827	0.138975	SMALL_LE_P50
SRR17085338	PRJNA785251	SINGLE	SINGLE	1	139006611	0.139007	SMALL_LE_P50
SRR17085265	PRJNA785251	SINGLE	SINGLE	1	139051447	0.139051	SMALL_LE_P50
SRR17085314	PRJNA785251	SINGLE	SINGLE	1	139054489	0.139054	SMALL_LE_P50
SRR17085269	PRJNA785251	SINGLE	SINGLE	1	139078130	0.139078	SMALL_LE_P50
SRR17085270	PRJNA785251	SINGLE	SINGLE	1	139091163	0.139091	SMALL_LE_P50
SRR17085336	PRJNA785251	SINGLE	SINGLE	1	139127968	0.139128	SMALL_LE_P50
SRR17085323	PRJNA785251	SINGLE	SINGLE	1	139174238	0.139174	SMALL_LE_P50
SRR17085254	PRJNA785251	SINGLE	SINGLE	1	139208578	0.139209	SMALL_LE_P50
SRR17085341	PRJNA785251	SINGLE	SINGLE	1	139294391	0.139294	SMALL_LE_P50
SRR17085317	PRJNA785251	SINGLE	SINGLE	1	139338039	0.139338	SMALL_LE_P50
SRR17085324	PRJNA785251	SINGLE	SINGLE	1	139375683	0.139376	SMALL_LE_P50
SRR17085312	PRJNA785251	SINGLE	SINGLE	1	139395530	0.139396	SMALL_LE_P50
SRR17085318	PRJNA785251	SINGLE	SINGLE	1	139409986	0.139410	SMALL_LE_P50
SRR17085244	PRJNA785251	SINGLE	SINGLE	1	139476800	0.139477	SMALL_LE_P50
SRR17085339	PRJNA785251	SINGLE	SINGLE	1	139529782	0.139530	SMALL_LE_P50
SRR17085306	PRJNA785251	SINGLE	SINGLE	1	139531442	0.139531	SMALL_LE_P50
SRR17085246	PRJNA785251	SINGLE	SINGLE	1	139617950	0.139618	SMALL_LE_P50
SRR17085260	PRJNA785251	SINGLE	SINGLE	1	139638849	0.139639	SMALL_LE_P50
SRR17085234	PRJNA785251	SINGLE	SINGLE	1	139640367	0.139640	SMALL_LE_P50
SRR17085262	PRJNA785251	SINGLE	SINGLE	1	139663906	0.139664	SMALL_LE_P50
SRR17085285	PRJNA785251	SINGLE	SINGLE	1	139676112	0.139676	SMALL_LE_P50
SRR17085276	PRJNA785251	SINGLE	SINGLE	1	139779902	0.139780	SMALL_LE_P50
SRR17085327	PRJNA785251	SINGLE	SINGLE	1	139930602	0.139931	SMALL_LE_P50
SRR17085282	PRJNA785251	SINGLE	SINGLE	1	139959019	0.139959	SMALL_LE_P50
SRR17085264	PRJNA785251	SINGLE	SINGLE	1	139968163	0.139968	SMALL_LE_P50
SRR17085237	PRJNA785251	SINGLE	SINGLE	1	140027175	0.140027	SMALL_LE_P50
SRR17085248	PRJNA785251	SINGLE	SINGLE	1	140317109	0.140317	SMALL_LE_P50
SRR17085300	PRJNA785251	SINGLE	SINGLE	1	140344969	0.140345	SMALL_LE_P50
SRR17085235	PRJNA785251	SINGLE	SINGLE	1	140521355	0.140521	SMALL_LE_P50
SRR17085342	PRJNA785251	SINGLE	SINGLE	1	140605358	0.140605	SMALL_LE_P50
SRR17085290	PRJNA785251	SINGLE	SINGLE	1	140613470	0.140613	SMALL_LE_P50
SRR17085288	PRJNA785251	SINGLE	SINGLE	1	140886771	0.140887	SMALL_LE_P50
SRR17085293	PRJNA785251	SINGLE	SINGLE	1	140997612	0.140998	SMALL_LE_P50
SRR17085291	PRJNA785251	SINGLE	SINGLE	1	141234683	0.141235	SMALL_LE_P50
SRR17085330	PRJNA785251	SINGLE	SINGLE	1	141316835	0.141317	SMALL_LE_P50
SRR17085238	PRJNA785251	SINGLE	SINGLE	1	141583600	0.141584	SMALL_LE_P50
SRR17085294	PRJNA785251	SINGLE	SINGLE	1	142325650	0.142326	SMALL_LE_P50
SRR9621024	PRJNA551666	SINGLE	SINGLE	1	154201386	0.154201	SMALL_LE_P50
SRR9621023	PRJNA551666	SINGLE	SINGLE	1	157527072	0.157527	SMALL_LE_P50
SRR9621025	PRJNA551666	SINGLE	SINGLE	1	159103228	0.159103	SMALL_LE_P50
SRR9621026	PRJNA551666	SINGLE	SINGLE	1	160473243	0.160473	SMALL_LE_P50
SRR9621008	PRJNA551666	SINGLE	SINGLE	1	160874757	0.160875	SMALL_LE_P50
SRR9620992	PRJNA551666	SINGLE	SINGLE	1	161006136	0.161006	SMALL_LE_P50
SRR9621044	PRJNA551666	SINGLE	SINGLE	1	161534797	0.161535	SMALL_LE_P50
SRR9621004	PRJNA551666	SINGLE	SINGLE	1	162808413	0.162808	SMALL_LE_P50
SRR9620991	PRJNA551666	SINGLE	SINGLE	1	164344279	0.164344	SMALL_LE_P50
SRR9621007	PRJNA551666	SINGLE	SINGLE	1	165388297	0.165388	SMALL_LE_P50
SRR9621040	PRJNA551666	SINGLE	SINGLE	1	165800967	0.165801	SMALL_LE_P50
SRR9621043	PRJNA551666	SINGLE	SINGLE	1	165885249	0.165885	SMALL_LE_P50
SRR9620993	PRJNA551666	SINGLE	SINGLE	1	166214912	0.166215	SMALL_LE_P50
SRR9621060	PRJNA551666	SINGLE	SINGLE	1	166784372	0.166784	SMALL_LE_P50
SRR9621003	PRJNA551666	SINGLE	SINGLE	1	167504472	0.167504	SMALL_LE_P50
SRR9621009	PRJNA551666	SINGLE	SINGLE	1	167539749	0.167540	SMALL_LE_P50
SRR9621045	PRJNA551666	SINGLE	SINGLE	1	167676223	0.167676	SMALL_LE_P50
SRR9620994	PRJNA551666	SINGLE	SINGLE	1	167781493	0.167781	SMALL_LE_P50
SRR9621010	PRJNA551666	SINGLE	SINGLE	1	168457626	0.168458	SMALL_LE_P50
SRR9621046	PRJNA551666	SINGLE	SINGLE	1	168529004	0.168529	SMALL_LE_P50
SRR9621005	PRJNA551666	SINGLE	SINGLE	1	169769275	0.169769	SMALL_LE_P50
SRR9621039	PRJNA551666	SINGLE	SINGLE	1	170220045	0.170220	SMALL_LE_P50
SRR9621006	PRJNA551666	SINGLE	SINGLE	1	170423407	0.170423	SMALL_LE_P50
SRR9621028	PRJNA551666	SINGLE	SINGLE	1	170498658	0.170499	SMALL_LE_P50
SRR9621068	PRJNA551666	SINGLE	SINGLE	1	170627876	0.170628	SMALL_LE_P50
ERR366009	PRJEB4847	SINGLE	SINGLE	1	170910794	0.170911	SMALL_LE_P50
SRR9621059	PRJNA551666	SINGLE	SINGLE	1	171113545	0.171114	SMALL_LE_P50
SRR9621041	PRJNA551666	SINGLE	SINGLE	1	172051634	0.172052	SMALL_LE_P50
SRR9621061	PRJNA551666	SINGLE	SINGLE	1	172466510	0.172467	SMALL_LE_P50
SRR9621042	PRJNA551666	SINGLE	SINGLE	1	173105798	0.173106	SMALL_LE_P50
SRR9621062	PRJNA551666	SINGLE	SINGLE	1	173576248	0.173576	SMALL_LE_P50
SRR9621012	PRJNA551666	SINGLE	SINGLE	1	174310333	0.174310	SMALL_LE_P50
SRR9621027	PRJNA551666	SINGLE	SINGLE	1	174905606	0.174906	SMALL_LE_P50
SRR9621056	PRJNA551666	SINGLE	SINGLE	1	175134344	0.175134	SMALL_LE_P50
SRR9621048	PRJNA551666	SINGLE	SINGLE	1	175240334	0.175240	SMALL_LE_P50
SRR9621067	PRJNA551666	SINGLE	SINGLE	1	175731861	0.175732	SMALL_LE_P50
SRR9621029	PRJNA551666	SINGLE	SINGLE	1	176946313	0.176946	SMALL_LE_P50
SRR9621069	PRJNA551666	SINGLE	SINGLE	1	177590565	0.177591	SMALL_LE_P50
SRR9621030	PRJNA551666	SINGLE	SINGLE	1	177870445	0.177870	SMALL_LE_P50
SRR9621070	PRJNA551666	SINGLE	SINGLE	1	178428223	0.178428	SMALL_LE_P50
SRR9621011	PRJNA551666	SINGLE	SINGLE	1	178946061	0.178946	SMALL_LE_P50
SRR9621055	PRJNA551666	SINGLE	SINGLE	1	179122016	0.179122	SMALL_LE_P50
SRR9621047	PRJNA551666	SINGLE	SINGLE	1	179780133	0.179780	SMALL_LE_P50
SRR9621057	PRJNA551666	SINGLE	SINGLE	1	180628647	0.180629	SMALL_LE_P50
SRR9621032	PRJNA551666	SINGLE	SINGLE	1	180919732	0.180920	SMALL_LE_P50
SRR9621013	PRJNA551666	SINGLE	SINGLE	1	181393018	0.181393	SMALL_LE_P50
SRR9621049	PRJNA551666	SINGLE	SINGLE	1	181698667	0.181699	SMALL_LE_P50
SRR9621014	PRJNA551666	SINGLE	SINGLE	1	182331548	0.182332	SMALL_LE_P50
SRR9621058	PRJNA551666	SINGLE	SINGLE	1	182397372	0.182397	SMALL_LE_P50
SRR9621050	PRJNA551666	SINGLE	SINGLE	1	183076623	0.183077	SMALL_LE_P50
SRR9621031	PRJNA551666	SINGLE	SINGLE	1	185590031	0.185590	SMALL_LE_P50
SRR9620996	PRJNA551666	SINGLE	SINGLE	1	186436468	0.186436	SMALL_LE_P50
SRR9621033	PRJNA551666	SINGLE	SINGLE	1	187920698	0.187921	SMALL_LE_P50
SRR9621036	PRJNA551666	SINGLE	SINGLE	1	188250549	0.188251	SMALL_LE_P50
SRR9621072	PRJNA551666	SINGLE	SINGLE	1	188667753	0.188668	SMALL_LE_P50
SRR9621034	PRJNA551666	SINGLE	SINGLE	1	188733268	0.188733	SMALL_LE_P50
SRR9620995	PRJNA551666	SINGLE	SINGLE	1	191484177	0.191484	SMALL_LE_P50
SRR9621035	PRJNA551666	SINGLE	SINGLE	1	193157255	0.193157	SMALL_LE_P50
SRR9620997	PRJNA551666	SINGLE	SINGLE	1	193478391	0.193478	SMALL_LE_P50
SRR9621071	PRJNA551666	SINGLE	SINGLE	1	193844671	0.193845	SMALL_LE_P50
SRR9620998	PRJNA551666	SINGLE	SINGLE	1	194603512	0.194604	SMALL_LE_P50
SRR9621016	PRJNA551666	SINGLE	SINGLE	1	195357286	0.195357	SMALL_LE_P50
SRR9621037	PRJNA551666	SINGLE	SINGLE	1	195704393	0.195704	SMALL_LE_P50
SRR9621073	PRJNA551666	SINGLE	SINGLE	1	195868478	0.195868	SMALL_LE_P50
SRR9621038	PRJNA551666	SINGLE	SINGLE	1	196433395	0.196433	SMALL_LE_P50
SRR9621074	PRJNA551666	SINGLE	SINGLE	1	197109950	0.197110	SMALL_LE_P50
SRR9621080	PRJNA551666	SINGLE	SINGLE	1	199839575	0.199840	SMALL_LE_P50
SRR9621015	PRJNA551666	SINGLE	SINGLE	1	200525570	0.200526	SMALL_LE_P50
SRR9621064	PRJNA551666	SINGLE	SINGLE	1	202068140	0.202068	SMALL_LE_P50
SRR9621000	PRJNA551666	SINGLE	SINGLE	1	202181370	0.202181	SMALL_LE_P50
SRR9621017	PRJNA551666	SINGLE	SINGLE	1	203364541	0.203365	SMALL_LE_P50
SRR9621018	PRJNA551666	SINGLE	SINGLE	1	204821594	0.204822	SMALL_LE_P50
SRR9621079	PRJNA551666	SINGLE	SINGLE	1	205209798	0.205210	SMALL_LE_P50
SRR9621081	PRJNA551666	SINGLE	SINGLE	1	207565162	0.207565	SMALL_LE_P50
SRR9621063	PRJNA551666	SINGLE	SINGLE	1	207642194	0.207642	SMALL_LE_P50
SRR9620999	PRJNA551666	SINGLE	SINGLE	1	207820725	0.207821	SMALL_LE_P50
SRR9621082	PRJNA551666	SINGLE	SINGLE	1	208859649	0.208860	SMALL_LE_P50
SRR9621065	PRJNA551666	SINGLE	SINGLE	1	209723126	0.209723	SMALL_LE_P50
SRR9621001	PRJNA551666	SINGLE	SINGLE	1	210113739	0.210114	SMALL_LE_P50
SRR9621066	PRJNA551666	SINGLE	SINGLE	1	210792446	0.210792	SMALL_LE_P50
SRR9621002	PRJNA551666	SINGLE	SINGLE	1	211237883	0.211238	SMALL_LE_P50
DRR126410	PRJDB6793	SINGLE	SINGLE	1	211809642	0.211810	SMALL_LE_P50
SRR15559102	PRJNA742028	SINGLE	SINGLE	1	211864766	0.211865	SMALL_LE_P50
DRR126394	PRJDB6793	SINGLE	SINGLE	1	212720827	0.212721	SMALL_LE_P50
DRR099454	PRJDB6126	SINGLE	SINGLE	1	215013898	0.215014	SMALL_LE_P50
DRR099494	PRJDB6126	SINGLE	SINGLE	1	234713346	0.234713	SMALL_LE_P50
DRR099496	PRJDB6126	SINGLE	SINGLE	1	240327618	0.240328	SMALL_LE_P50
SRR15559103	PRJNA742028	SINGLE	SINGLE	1	247409218	0.247409	SMALL_LE_P50
DRR099497	PRJDB6126	SINGLE	SINGLE	1	250855276	0.250855	SMALL_LE_P50
DRR099459	PRJDB6126	SINGLE	SINGLE	1	251966529	0.251967	SMALL_LE_P50
DRR099456	PRJDB6126	SINGLE	SINGLE	1	252047034	0.252047	SMALL_LE_P50
SRR15559104	PRJNA742028	SINGLE	SINGLE	1	254976639	0.254977	SMALL_LE_P50
DRR099457	PRJDB6126	SINGLE	SINGLE	1	256993975	0.256994	SMALL_LE_P50
DRR099499	PRJDB6126	SINGLE	SINGLE	1	258119125	0.258119	SMALL_LE_P50
SRR15559109	PRJNA742028	SINGLE	SINGLE	1	259234181	0.259234	SMALL_LE_P50
DRR126413	PRJDB6793	SINGLE	SINGLE	1	260939156	0.260939	SMALL_LE_P50
DRR099472	PRJDB6126	SINGLE	SINGLE	1	261897197	0.261897	SMALL_LE_P50
DRR099458	PRJDB6126	SINGLE	SINGLE	1	263038517	0.263039	SMALL_LE_P50
SRR15559105	PRJNA742028	SINGLE	SINGLE	1	263248578	0.263249	SMALL_LE_P50
DRR099465	PRJDB6126	SINGLE	SINGLE	1	266778642	0.266779	SMALL_LE_P50
DRR126398	PRJDB6793	SINGLE	SINGLE	1	267984916	0.267985	SMALL_LE_P50
DRR099460	PRJDB6126	SINGLE	SINGLE	1	270180608	0.270181	SMALL_LE_P50
DRR099475	PRJDB6126	SINGLE	SINGLE	1	271895046	0.271895	SMALL_LE_P50
DRR099461	PRJDB6126	SINGLE	SINGLE	1	272631789	0.272632	SMALL_LE_P50
DRR099486	PRJDB6126	SINGLE	SINGLE	1	275052981	0.275053	SMALL_LE_P50
SRR15559119	PRJNA742028	SINGLE	SINGLE	1	275072026	0.275072	SMALL_LE_P50
DRR099493	PRJDB6126	SINGLE	SINGLE	1	275585402	0.275585	SMALL_LE_P50
DRR099455	PRJDB6126	SINGLE	SINGLE	1	275626851	0.275627	SMALL_LE_P50
DRR099470	PRJDB6126	SINGLE	SINGLE	1	277526982	0.277527	SMALL_LE_P50
DRR099463	PRJDB6126	SINGLE	SINGLE	1	277617424	0.277617	SMALL_LE_P50
DRR099464	PRJDB6126	SINGLE	SINGLE	1	277809312	0.277809	SMALL_LE_P50
SRR15559118	PRJNA742028	SINGLE	SINGLE	1	278894214	0.278894	SMALL_LE_P50
DRR099453	PRJDB6126	SINGLE	SINGLE	1	279260312	0.279260	SMALL_LE_P50
DRR099468	PRJDB6126	SINGLE	SINGLE	1	280290644	0.280291	SMALL_LE_P50
DRR099495	PRJDB6126	SINGLE	SINGLE	1	280627391	0.280627	SMALL_LE_P50
DRR099469	PRJDB6126	SINGLE	SINGLE	1	281470643	0.281471	SMALL_LE_P50
DRR099473	PRJDB6126	SINGLE	SINGLE	1	281499966	0.281500	SMALL_LE_P50
DRR126395	PRJDB6793	SINGLE	SINGLE	1	282360621	0.282361	SMALL_LE_P50
DRR099476	PRJDB6126	SINGLE	SINGLE	1	284701307	0.284701	SMALL_LE_P50
DRR099487	PRJDB6126	SINGLE	SINGLE	1	284708873	0.284709	SMALL_LE_P50
DRR126392	PRJDB6793	SINGLE	SINGLE	1	290340178	0.290340	SMALL_LE_P50
DRR099484	PRJDB6126	SINGLE	SINGLE	1	290616999	0.290617	SMALL_LE_P50
DRR099491	PRJDB6126	SINGLE	SINGLE	1	292200877	0.292201	SMALL_LE_P50
DRR099462	PRJDB6126	SINGLE	SINGLE	1	293105816	0.293106	SMALL_LE_P50
DRR099488	PRJDB6126	SINGLE	SINGLE	1	295021203	0.295021	SMALL_LE_P50
DRR169280	PRJDB7945	SINGLE	SINGLE	1	295223560	0.295224	SMALL_LE_P50
DRR099478	PRJDB6126	SINGLE	SINGLE	1	295936541	0.295937	SMALL_LE_P50
DRR126391	PRJDB6793	SINGLE	SINGLE	1	297581506	0.297582	SMALL_LE_P50
DRR099490	PRJDB6126	SINGLE	SINGLE	1	298051410	0.298051	SMALL_LE_P50
DRR099498	PRJDB6126	SINGLE	SINGLE	1	298491574	0.298492	SMALL_LE_P50
DRR099489	PRJDB6126	SINGLE	SINGLE	1	298867074	0.298867	SMALL_LE_P50
DRR099466	PRJDB6126	SINGLE	SINGLE	1	298932060	0.298932	SMALL_LE_P50
DRR099467	PRJDB6126	SINGLE	SINGLE	1	299231223	0.299231	SMALL_LE_P50
DRR099485	PRJDB6126	SINGLE	SINGLE	1	299299339	0.299299	SMALL_LE_P50
DRR099500	PRJDB6126	SINGLE	SINGLE	1	299700996	0.299701	SMALL_LE_P50
DRR099480	PRJDB6126	SINGLE	SINGLE	1	299720418	0.299720	SMALL_LE_P50
DRR099479	PRJDB6126	SINGLE	SINGLE	1	299921194	0.299921	SMALL_LE_P50
DRR126403	PRJDB6793	SINGLE	SINGLE	1	299951827	0.299952	SMALL_LE_P50
DRR099492	PRJDB6126	SINGLE	SINGLE	1	300707005	0.300707	SMALL_LE_P50
DRR099474	PRJDB6126	SINGLE	SINGLE	1	301190983	0.301191	SMALL_LE_P50
SRR15559114	PRJNA742028	SINGLE	SINGLE	1	304149009	0.304149	SMALL_LE_P50
DRR099483	PRJDB6126	SINGLE	SINGLE	1	304251741	0.304252	SMALL_LE_P50
DRR099477	PRJDB6126	SINGLE	SINGLE	1	304537304	0.304537	SMALL_LE_P50
SRR15559116	PRJNA742028	SINGLE	SINGLE	1	305798618	0.305799	SMALL_LE_P50
DRR099471	PRJDB6126	SINGLE	SINGLE	1	307206721	0.307207	SMALL_LE_P50
DRR099482	PRJDB6126	SINGLE	SINGLE	1	310748314	0.310748	SMALL_LE_P50
DRR099481	PRJDB6126	SINGLE	SINGLE	1	312150058	0.312150	SMALL_LE_P50
SRR15559115	PRJNA742028	SINGLE	SINGLE	1	312622405	0.312622	SMALL_LE_P50
DRR126409	PRJDB6793	SINGLE	SINGLE	1	314474229	0.314474	SMALL_LE_P50
DRR169291	PRJDB7945	SINGLE	SINGLE	1	315911773	0.315912	SMALL_LE_P50
SRR10493862	PRJNA590485	PAIRED	PAIRED	2	316000465	0.316000	SMALL_LE_P50
DRR126386	PRJDB6793	SINGLE	SINGLE	1	319347146	0.319347	SMALL_LE_P50
DRR169292	PRJDB7945	SINGLE	SINGLE	1	321382187	0.321382	SMALL_LE_P50
DRR126384	PRJDB6793	SINGLE	SINGLE	1	323990837	0.323991	SMALL_LE_P50
DRR126400	PRJDB6793	SINGLE	SINGLE	1	326455500	0.326456	SMALL_LE_P50
DRR169281	PRJDB7945	SINGLE	SINGLE	1	332776798	0.332777	SMALL_LE_P50
DRR126385	PRJDB6793	SINGLE	SINGLE	1	336683069	0.336683	SMALL_LE_P50
DRR169298	PRJDB7945	SINGLE	SINGLE	1	359136207	0.359136	SMALL_LE_P50
DRR706789	PRJDB35724	PAIRED	PAIRED	2	359557120	0.359557	SMALL_LE_P50
DRR126389	PRJDB6793	SINGLE	SINGLE	1	362434288	0.362434	SMALL_LE_P50
DRR091432	PRJDB5737	SINGLE	SINGLE	1	363659198	0.363659	SMALL_LE_P50
DRR126387	PRJDB6793	SINGLE	SINGLE	1	364385684	0.364386	SMALL_LE_P50
SRR15559108	PRJNA742028	SINGLE	SINGLE	1	365429755	0.365430	SMALL_LE_P50
SRR15559110	PRJNA742028	SINGLE	SINGLE	1	365552418	0.365552	SMALL_LE_P50
SRR15559117	PRJNA742028	SINGLE	SINGLE	1	369894854	0.369895	SMALL_LE_P50
DRR169286	PRJDB7945	SINGLE	SINGLE	1	370361817	0.370362	SMALL_LE_P50
DRR126401	PRJDB6793	SINGLE	SINGLE	1	370827031	0.370827	SMALL_LE_P50
DRR091433	PRJDB5737	SINGLE	SINGLE	1	375840962	0.375841	SMALL_LE_P50
DRR126408	PRJDB6793	SINGLE	SINGLE	1	376330707	0.376331	SMALL_LE_P50
DRR169283	PRJDB7945	SINGLE	SINGLE	1	385102938	0.385103	SMALL_LE_P50
SRR3284451	PRJNA316065	SINGLE	SINGLE	1	385748345	0.385748	SMALL_LE_P50
SRR15559121	PRJNA742028	SINGLE	SINGLE	1	386108174	0.386108	SMALL_LE_P50
DRR169277	PRJDB7945	SINGLE	SINGLE	1	386468366	0.386468	SMALL_LE_P50
DRR126407	PRJDB6793	SINGLE	SINGLE	1	386741618	0.386742	SMALL_LE_P50
DRR126399	PRJDB6793	SINGLE	SINGLE	1	387065212	0.387065	SMALL_LE_P50
SRR3284452	PRJNA316065	SINGLE	SINGLE	1	388947073	0.388947	SMALL_LE_P50
DRR126412	PRJDB6793	SINGLE	SINGLE	1	396729582	0.396730	SMALL_LE_P50
SRR15559120	PRJNA742028	SINGLE	SINGLE	1	399270255	0.399270	SMALL_LE_P50
DRR169270	PRJDB7945	SINGLE	SINGLE	1	399432894	0.399433	SMALL_LE_P50
SRR23603866	PRJNA938154	UNPAIRED_FROM_PAIRED	SINGLE	1	402412730	0.402413	SMALL_LE_P50
SRR15559111	PRJNA742028	SINGLE	SINGLE	1	403332259	0.403332	SMALL_LE_P50
SRR23603863	PRJNA938154	UNPAIRED_FROM_PAIRED	SINGLE	1	404059203	0.404059	SMALL_LE_P50
DRR169289	PRJDB7945	SINGLE	SINGLE	1	407366847	0.407367	SMALL_LE_P50
DRR126383	PRJDB6793	SINGLE	SINGLE	1	408122579	0.408123	SMALL_LE_P50
DRR091431	PRJDB5737	SINGLE	SINGLE	1	408955255	0.408955	SMALL_LE_P50
DRR091434	PRJDB5737	SINGLE	SINGLE	1	410639561	0.410640	SMALL_LE_P50
DRR169293	PRJDB7945	SINGLE	SINGLE	1	411540822	0.411541	SMALL_LE_P50
DRR126396	PRJDB6793	SINGLE	SINGLE	1	412518460	0.412518	SMALL_LE_P50
DRR169302	PRJDB7945	SINGLE	SINGLE	1	412576688	0.412577	SMALL_LE_P50
DRR126406	PRJDB6793	SINGLE	SINGLE	1	412963244	0.412963	SMALL_LE_P50
DRR169297	PRJDB7945	SINGLE	SINGLE	1	415385387	0.415385	SMALL_LE_P50
DRR169271	PRJDB7945	SINGLE	SINGLE	1	416533607	0.416534	SMALL_LE_P50
DRR126397	PRJDB6793	SINGLE	SINGLE	1	417873449	0.417873	SMALL_LE_P50
DRR126414	PRJDB6793	SINGLE	SINGLE	1	418264425	0.418264	SMALL_LE_P50
DRR169303	PRJDB7945	SINGLE	SINGLE	1	423146639	0.423147	SMALL_LE_P50
SRR15559107	PRJNA742028	SINGLE	SINGLE	1	424059494	0.424059	SMALL_LE_P50
SRR15559112	PRJNA742028	SINGLE	SINGLE	1	424687223	0.424687	SMALL_LE_P50
DRR126411	PRJDB6793	SINGLE	SINGLE	1	429160458	0.429160	SMALL_LE_P50
SRR15559113	PRJNA742028	SINGLE	SINGLE	1	433180934	0.433181	SMALL_LE_P50
SRR23603864	PRJNA938154	UNPAIRED_FROM_PAIRED	SINGLE	1	433631042	0.433631	SMALL_LE_P50
SRR3284449	PRJNA316065	SINGLE	SINGLE	1	435867919	0.435868	SMALL_LE_P50
DRR091436	PRJDB5737	SINGLE	SINGLE	1	437749852	0.437750	SMALL_LE_P50
SRR10493857	PRJNA590485	PAIRED	PAIRED	2	438324635	0.438325	SMALL_LE_P50
SRR3284450	PRJNA316065	SINGLE	SINGLE	1	439211740	0.439212	SMALL_LE_P50
SRR3284465	PRJNA316065	SINGLE	SINGLE	1	439510710	0.439511	SMALL_LE_P50
DRR126405	PRJDB6793	SINGLE	SINGLE	1	442446395	0.442446	SMALL_LE_P50
SRR3284466	PRJNA316065	SINGLE	SINGLE	1	443025077	0.443025	SMALL_LE_P50
DRR169294	PRJDB7945	SINGLE	SINGLE	1	448420233	0.448420	SMALL_LE_P50
SRR10493854	PRJNA590485	PAIRED	PAIRED	2	449259759	0.449260	SMALL_LE_P50
DRR169278	PRJDB7945	SINGLE	SINGLE	1	452439561	0.452440	SMALL_LE_P50
DRR091437	PRJDB5737	SINGLE	SINGLE	1	452444206	0.452444	SMALL_LE_P50
SRR23603859	PRJNA938154	UNPAIRED_FROM_PAIRED	SINGLE	1	460451002	0.460451	SMALL_LE_P50
SRR070303		SINGLE	SINGLE	1	466174993	0.466175	SMALL_LE_P50
DRR091438	PRJDB5737	SINGLE	SINGLE	1	469423229	0.469423	SMALL_LE_P50
DRR169287	PRJDB7945	SINGLE	SINGLE	1	473216633	0.473217	SMALL_LE_P50
DRR169279	PRJDB7945	SINGLE	SINGLE	1	476894961	0.476895	SMALL_LE_P50
DRR126388	PRJDB6793	SINGLE	SINGLE	1	488290152	0.488290	SMALL_LE_P50
SRR15559106	PRJNA742028	SINGLE	SINGLE	1	489389435	0.489389	SMALL_LE_P50
SRR23603862	PRJNA938154	UNPAIRED_FROM_PAIRED	SINGLE	1	493552741	0.493553	SMALL_LE_P50
SRR3284453	PRJNA316065	SINGLE	SINGLE	1	496223345	0.496223	SMALL_LE_P50
DRR169288	PRJDB7945	SINGLE	SINGLE	1	498147839	0.498148	SMALL_LE_P50
SRR3284454	PRJNA316065	SINGLE	SINGLE	1	500214166	0.500214	SMALL_LE_P50
DRR126393	PRJDB6793	SINGLE	SINGLE	1	500960480	0.500960	SMALL_LE_P50
DRR169275	PRJDB7945	SINGLE	SINGLE	1	502156291	0.502156	SMALL_LE_P50
SRR15221385	PRJNA749145	PAIRED	PAIRED	2	502417062	0.502417	SMALL_LE_P50
SRR22810190	PRJNA913861	SINGLE	SINGLE	1	503878150	0.503878	SMALL_LE_P50
SRR3284462	PRJNA316065	SINGLE	SINGLE	1	506077692	0.506078	SMALL_LE_P50
SRR15221383	PRJNA749145	PAIRED	PAIRED	2	507024201	0.507024	SMALL_LE_P50
SRR23603860	PRJNA938154	UNPAIRED_FROM_PAIRED	SINGLE	1	508628057	0.508628	SMALL_LE_P50
DRR091435	PRJDB5737	SINGLE	SINGLE	1	512986181	0.512986	SMALL_LE_P50
SRR15221386	PRJNA749145	PAIRED	PAIRED	2	513221478	0.513221	SMALL_LE_P50
SRR15221384	PRJNA749145	PAIRED	PAIRED	2	513320828	0.513321	SMALL_LE_P50
SRR3284461	PRJNA316065	SINGLE	SINGLE	1	516137409	0.516137	SMALL_LE_P50
DRR126390	PRJDB6793	SINGLE	SINGLE	1	518439462	0.518439	SMALL_LE_P50
SRR22810191	PRJNA913861	SINGLE	SINGLE	1	520748915	0.520749	SMALL_LE_P50
SRR22810193	PRJNA913861	SINGLE	SINGLE	1	521714915	0.521715	SMALL_LE_P50
SRR3284464	PRJNA316065	SINGLE	SINGLE	1	523370647	0.523371	SMALL_LE_P50
SRR23603865	PRJNA938154	UNPAIRED_FROM_PAIRED	SINGLE	1	525094857	0.525095	SMALL_LE_P50
SRR11721641	PRJNA630824	SINGLE	SINGLE	1	526632762	0.526633	SMALL_LE_P50
DRR169276	PRJDB7945	SINGLE	SINGLE	1	530639242	0.530639	SMALL_LE_P50
SRR11721656	PRJNA630824	SINGLE	SINGLE	1	531982090	0.531982	SMALL_LE_P50
SRR3284463	PRJNA316065	SINGLE	SINGLE	1	532277888	0.532278	SMALL_LE_P50
SRR23603861	PRJNA938154	UNPAIRED_FROM_PAIRED	SINGLE	1	532556452	0.532556	SMALL_LE_P50
DRR126404	PRJDB6793	SINGLE	SINGLE	1	533158100	0.533158	SMALL_LE_P50
DRR169269	PRJDB7945	SINGLE	SINGLE	1	537502286	0.537502	SMALL_LE_P50
SRR11721640	PRJNA630824	SINGLE	SINGLE	1	539382096	0.539382	SMALL_LE_P50
SRR11721631	PRJNA630824	SINGLE	SINGLE	1	541620320	0.541620	SMALL_LE_P50
SRR11721635	PRJNA630824	SINGLE	SINGLE	1	541916108	0.541916	SMALL_LE_P50
SRR22810192	PRJNA913861	SINGLE	SINGLE	1	546759780	0.546760	SMALL_LE_P50
SRR11721633	PRJNA630824	SINGLE	SINGLE	1	546830777	0.546831	SMALL_LE_P50
SRR11721647	PRJNA630824	SINGLE	SINGLE	1	551445941	0.551446	SMALL_LE_P50
DRR169296	PRJDB7945	SINGLE	SINGLE	1	552812714	0.552813	SMALL_LE_P50
SRR22810194	PRJNA913861	SINGLE	SINGLE	1	553792112	0.553792	SMALL_LE_P50
SRR11721657	PRJNA630824	SINGLE	SINGLE	1	556625217	0.556625	SMALL_LE_P50
SRR11721651	PRJNA630824	SINGLE	SINGLE	1	559355170	0.559355	SMALL_LE_P50
DRR169290	PRJDB7945	SINGLE	SINGLE	1	561648180	0.561648	SMALL_LE_P50
SRR11721644	PRJNA630824	SINGLE	SINGLE	1	562177417	0.562177	SMALL_LE_P50
SRR11721642	PRJNA630824	SINGLE	SINGLE	1	562916578	0.562917	SMALL_LE_P50
SRR11721634	PRJNA630824	SINGLE	SINGLE	1	572706572	0.572707	SMALL_LE_P50
SRR11721645	PRJNA630824	SINGLE	SINGLE	1	573386337	0.573386	SMALL_LE_P50
SRR11721655	PRJNA630824	SINGLE	SINGLE	1	573562266	0.573562	SMALL_LE_P50
SRR15221389	PRJNA749145	PAIRED	PAIRED	2	575408446	0.575408	SMALL_LE_P50
SRR11721638	PRJNA630824	SINGLE	SINGLE	1	579083455	0.579083	SMALL_LE_P50
SRR15221387	PRJNA749145	PAIRED	PAIRED	2	580728899	0.580729	SMALL_LE_P50
SRR10493852	PRJNA590485	PAIRED	PAIRED	2	582051353	0.582051	SMALL_LE_P50
SRR11721649	PRJNA630824	SINGLE	SINGLE	1	584010478	0.584010	SMALL_LE_P50
SRR11721639	PRJNA630824	SINGLE	SINGLE	1	585341456	0.585341	SMALL_LE_P50
SRR15221390	PRJNA749145	PAIRED	PAIRED	2	586426975	0.586427	SMALL_LE_P50
SRR3284458	PRJNA316065	SINGLE	SINGLE	1	587128115	0.587128	SMALL_LE_P50
SRR11721658	PRJNA630824	SINGLE	SINGLE	1	587393540	0.587394	SMALL_LE_P50
SRR23603882	PRJNA938154	UNPAIRED_FROM_PAIRED	SINGLE	1	587421403	0.587421	SMALL_LE_P50
SRR11721629	PRJNA630824	SINGLE	SINGLE	1	588334536	0.588335	SMALL_LE_P50
SRR15221388	PRJNA749145	PAIRED	PAIRED	2	589541548	0.589542	SMALL_LE_P50
SRR11721636	PRJNA630824	SINGLE	SINGLE	1	591925849	0.591926	SMALL_LE_P50
SRR22810189	PRJNA913861	SINGLE	SINGLE	1	594603218	0.594603	SMALL_LE_P50
SRR3284447	PRJNA316065	SINGLE	SINGLE	1	596070781	0.596071	SMALL_LE_P50
DRR169300	PRJDB7945	SINGLE	SINGLE	1	598116563	0.598117	SMALL_LE_P50
SRR15221394	PRJNA749145	PAIRED	PAIRED	2	598522616	0.598523	SMALL_LE_P50
SRR3284457	PRJNA316065	SINGLE	SINGLE	1	599652982	0.599653	SMALL_LE_P50
SRR11721653	PRJNA630824	SINGLE	SINGLE	1	599961537	0.599962	SMALL_LE_P50
SRR3284448	PRJNA316065	SINGLE	SINGLE	1	600626516	0.600627	SMALL_LE_P50
SRR3284460	PRJNA316065	SINGLE	SINGLE	1	605104814	0.605105	SMALL_LE_P50
DRR169274	PRJDB7945	SINGLE	SINGLE	1	605876796	0.605877	SMALL_LE_P50
SRR23603789	PRJNA938154	UNPAIRED_FROM_PAIRED	SINGLE	1	605924805	0.605925	SMALL_LE_P50
SRR15221392	PRJNA749145	PAIRED	PAIRED	2	607151363	0.607151	SMALL_LE_P50
SRR11721654	PRJNA630824	SINGLE	SINGLE	1	607584081	0.607584	SMALL_LE_P50
DRR169299	PRJDB7945	SINGLE	SINGLE	1	608042917	0.608043	SMALL_LE_P50
SRR23603878	PRJNA938154	UNPAIRED_FROM_PAIRED	SINGLE	1	609260472	0.609260	SMALL_LE_P50
DRR169282	PRJDB7945	SINGLE	SINGLE	1	609688037	0.609688	SMALL_LE_P50
SRR15221395	PRJNA749145	PAIRED	PAIRED	2	612652919	0.612653	SMALL_LE_P50
SRR15221393	PRJNA749145	PAIRED	PAIRED	2	613632319	0.613632	SMALL_LE_P50
SRR3284444	PRJNA316065	SINGLE	SINGLE	1	614597812	0.614598	SMALL_LE_P50
SRR3284459	PRJNA316065	SINGLE	SINGLE	1	615857976	0.615858	SMALL_LE_P50
SRR15221373	PRJNA749145	PAIRED	PAIRED	2	616574446	0.616574	SMALL_LE_P50
SRR3284456	PRJNA316065	SINGLE	SINGLE	1	617692184	0.617692	SMALL_LE_P50
DRR169272	PRJDB7945	SINGLE	SINGLE	1	620991913	0.620992	SMALL_LE_P50
DRR169273	PRJDB7945	SINGLE	SINGLE	1	621303826	0.621304	SMALL_LE_P50
SRR23603872	PRJNA938154	UNPAIRED_FROM_PAIRED	SINGLE	1	621435366	0.621435	SMALL_LE_P50
SRR15221371	PRJNA749145	PAIRED	PAIRED	2	622448105	0.622448	SMALL_LE_P50
SRR11721637	PRJNA630824	SINGLE	SINGLE	1	623863789	0.623864	SMALL_LE_P50
SRR3284443	PRJNA316065	SINGLE	SINGLE	1	626173562	0.626174	SMALL_LE_P50
SRR23603875	PRJNA938154	UNPAIRED_FROM_PAIRED	SINGLE	1	626438330	0.626438	SMALL_LE_P50
SRR15221377	PRJNA749145	PAIRED	PAIRED	2	629135271	0.629135	SMALL_LE_P50
SRR23603874	PRJNA938154	UNPAIRED_FROM_PAIRED	SINGLE	1	630367520	0.630368	SMALL_LE_P50
SRR11721632	PRJNA630824	SINGLE	SINGLE	1	630639103	0.630639	SMALL_LE_P50
SRR3284455	PRJNA316065	SINGLE	SINGLE	1	630754081	0.630754	SMALL_LE_P50
SRR16980332	PRJNA766998	PAIRED	PAIRED	2	630981258	0.630981	SMALL_LE_P50
SRR15221372	PRJNA749145	PAIRED	PAIRED	2	631441689	0.631442	SMALL_LE_P50
SRR23603879	PRJNA938154	UNPAIRED_FROM_PAIRED	SINGLE	1	634524289	0.634524	SMALL_LE_P50
SRR23603880	PRJNA938154	UNPAIRED_FROM_PAIRED	SINGLE	1	637894524	0.637895	SMALL_LE_P50
SRR10493861	PRJNA590485	PAIRED	PAIRED	2	638498324	0.638498	SMALL_LE_P50
SRR23603867	PRJNA938154	UNPAIRED_FROM_PAIRED	SINGLE	1	639363513	0.639364	SMALL_LE_P50
SRR11721652	PRJNA630824	SINGLE	SINGLE	1	641165608	0.641166	SMALL_LE_P50
SRR15221381	PRJNA749145	PAIRED	PAIRED	2	642985392	0.642985	SMALL_LE_P50
SRR23603870	PRJNA938154	UNPAIRED_FROM_PAIRED	SINGLE	1	643071649	0.643072	SMALL_LE_P50
DRR169284	PRJDB7945	SINGLE	SINGLE	1	646494796	0.646495	SMALL_LE_P50
SRR11721648	PRJNA630824	SINGLE	SINGLE	1	648328933	0.648329	SMALL_LE_P50
SRR23603814	PRJNA938154	UNPAIRED_FROM_PAIRED	SINGLE	1	648816654	0.648817	SMALL_LE_P50
SRR23603877	PRJNA938154	UNPAIRED_FROM_PAIRED	SINGLE	1	648830862	0.648831	SMALL_LE_P50
SRR15221398	PRJNA749145	PAIRED	PAIRED	2	649341061	0.649341	SMALL_LE_P50
SRR15221378	PRJNA749145	PAIRED	PAIRED	2	650893095	0.650893	SMALL_LE_P50
SRR10493853	PRJNA590485	PAIRED	PAIRED	2	651650454	0.651650	SMALL_LE_P50
SRR23603869	PRJNA938154	UNPAIRED_FROM_PAIRED	SINGLE	1	652684492	0.652684	SMALL_LE_P50
SRR3284445	PRJNA316065	SINGLE	SINGLE	1	653953468	0.653953	SMALL_LE_P50
SRR15221396	PRJNA749145	PAIRED	PAIRED	2	656960900	0.656961	SMALL_LE_P50
SRR15221382	PRJNA749145	PAIRED	PAIRED	2	657652910	0.657653	SMALL_LE_P50
SRR11721643	PRJNA630824	SINGLE	SINGLE	1	657891306	0.657891	SMALL_LE_P50
SRR15221379	PRJNA749145	PAIRED	PAIRED	2	658031913	0.658032	SMALL_LE_P50
SRR3284446	PRJNA316065	SINGLE	SINGLE	1	659185114	0.659185	SMALL_LE_P50
SRR23603788	PRJNA938154	UNPAIRED_FROM_PAIRED	SINGLE	1	659363488	0.659363	SMALL_LE_P50
SRR15221399	PRJNA749145	PAIRED	PAIRED	2	662621290	0.662621	SMALL_LE_P50
SRR15221397	PRJNA749145	PAIRED	PAIRED	2	665562510	0.665563	SMALL_LE_P50
SRR23603876	PRJNA938154	UNPAIRED_FROM_PAIRED	SINGLE	1	668489852	0.668490	SMALL_LE_P50
DRR169295	PRJDB7945	SINGLE	SINGLE	1	670253576	0.670254	SMALL_LE_P50
SRR15221369	PRJNA749145	PAIRED	PAIRED	2	673662125	0.673662	SMALL_LE_P50
SRR15221367	PRJNA749145	PAIRED	PAIRED	2	681332016	0.681332	SMALL_LE_P50
SRR23603852	PRJNA938154	UNPAIRED_FROM_PAIRED	SINGLE	1	682394537	0.682395	SMALL_LE_P50
SRR11721650	PRJNA630824	SINGLE	SINGLE	1	684450039	0.684450	SMALL_LE_P50
SRR23603810	PRJNA938154	UNPAIRED_FROM_PAIRED	SINGLE	1	685750476	0.685750	SMALL_LE_P50
SRR15221370	PRJNA749145	PAIRED	PAIRED	2	688221688	0.688222	SMALL_LE_P50
DRR091430	PRJDB5737	SINGLE	SINGLE	1	689971815	0.689972	SMALL_LE_P50
SRR15221368	PRJNA749145	PAIRED	PAIRED	2	690027790	0.690028	SMALL_LE_P50
SRR23603838	PRJNA938154	UNPAIRED_FROM_PAIRED	SINGLE	1	690251273	0.690251	SMALL_LE_P50
SRR23603809	PRJNA938154	UNPAIRED_FROM_PAIRED	SINGLE	1	700159467	0.700159	SMALL_LE_P50
SRR23603850	PRJNA938154	UNPAIRED_FROM_PAIRED	SINGLE	1	701205926	0.701206	SMALL_LE_P50
SRR23603803	PRJNA938154	UNPAIRED_FROM_PAIRED	SINGLE	1	703157161	0.703157	SMALL_LE_P50
SRR23603871	PRJNA938154	UNPAIRED_FROM_PAIRED	SINGLE	1	703790652	0.703791	SMALL_LE_P50
SRR23603808	PRJNA938154	UNPAIRED_FROM_PAIRED	SINGLE	1	705974274	0.705974	SMALL_LE_P50
SRR23603840	PRJNA938154	UNPAIRED_FROM_PAIRED	SINGLE	1	706474875	0.706475	SMALL_LE_P50
SRR23603806	PRJNA938154	UNPAIRED_FROM_PAIRED	SINGLE	1	707908944	0.707909	SMALL_LE_P50
SRR1516214	PRJNA255418	SINGLE	SINGLE	1	711691577	0.711692	SMALL_LE_P50
SRR23603868	PRJNA938154	UNPAIRED_FROM_PAIRED	SINGLE	1	714548765	0.714549	SMALL_LE_P50
DRR169301	PRJDB7945	SINGLE	SINGLE	1	715126673	0.715127	SMALL_LE_P50
SRR23603858	PRJNA938154	UNPAIRED_FROM_PAIRED	SINGLE	1	717199663	0.717200	SMALL_LE_P50
SRR23603807	PRJNA938154	UNPAIRED_FROM_PAIRED	SINGLE	1	717772412	0.717772	SMALL_LE_P50
SRR23603796	PRJNA938154	UNPAIRED_FROM_PAIRED	SINGLE	1	719590589	0.719591	SMALL_LE_P50
SRR15221365	PRJNA749145	PAIRED	PAIRED	2	720609265	0.720609	SMALL_LE_P50
SRR23603799	PRJNA938154	UNPAIRED_FROM_PAIRED	SINGLE	1	721379126	0.721379	SMALL_LE_P50
SRR23603798	PRJNA938154	UNPAIRED_FROM_PAIRED	SINGLE	1	721916428	0.721916	SMALL_LE_P50
SRR23603795	PRJNA938154	UNPAIRED_FROM_PAIRED	SINGLE	1	721967552	0.721968	SMALL_LE_P50
SRR23603802	PRJNA938154	UNPAIRED_FROM_PAIRED	SINGLE	1	723507375	0.723507	SMALL_LE_P50
SRR11721646	PRJNA630824	SINGLE	SINGLE	1	724112666	0.724113	SMALL_LE_P50
SRR23603832	PRJNA938154	UNPAIRED_FROM_PAIRED	SINGLE	1	725971475	0.725971	SMALL_LE_P50
SRR23603846	PRJNA938154	UNPAIRED_FROM_PAIRED	SINGLE	1	727450865	0.727451	SMALL_LE_P50
SRR15221400	PRJNA749145	PAIRED	PAIRED	2	728277325	0.728277	SMALL_LE_P50
SRR23603855	PRJNA938154	UNPAIRED_FROM_PAIRED	SINGLE	1	728631558	0.728632	SMALL_LE_P50
SRR23603842	PRJNA938154	UNPAIRED_FROM_PAIRED	SINGLE	1	729492453	0.729492	SMALL_LE_P50
SRR23603797	PRJNA938154	UNPAIRED_FROM_PAIRED	SINGLE	1	729920155	0.729920	SMALL_LE_P50
SRR10995632	PRJNA604220	PAIRED	PAIRED	2	734545128	0.734545	SMALL_LE_P50
SRR23603831	PRJNA938154	UNPAIRED_FROM_PAIRED	SINGLE	1	734548862	0.734549	SMALL_LE_P50
SRR23603825	PRJNA938154	UNPAIRED_FROM_PAIRED	SINGLE	1	734877583	0.734878	SMALL_LE_P50
SRR15221366	PRJNA749145	PAIRED	PAIRED	2	735355717	0.735356	SMALL_LE_P50
SRR23603873	PRJNA938154	UNPAIRED_FROM_PAIRED	SINGLE	1	735815924	0.735816	SMALL_LE_P50
SRR23603836	PRJNA938154	UNPAIRED_FROM_PAIRED	SINGLE	1	737603388	0.737603	SMALL_LE_P50
SRR23603801	PRJNA938154	UNPAIRED_FROM_PAIRED	SINGLE	1	738127582	0.738128	SMALL_LE_P50
SRR15221374	PRJNA749145	PAIRED	PAIRED	2	738633643	0.738634	SMALL_LE_P50
SRR10995634	PRJNA604220	PAIRED	PAIRED	2	740895079	0.740895	SMALL_LE_P50
SRR23603856	PRJNA938154	UNPAIRED_FROM_PAIRED	SINGLE	1	741411287	0.741411	SMALL_LE_P50
SRR23603823	PRJNA938154	UNPAIRED_FROM_PAIRED	SINGLE	1	741909974	0.741910	SMALL_LE_P50
SRR23603853	PRJNA938154	UNPAIRED_FROM_PAIRED	SINGLE	1	742764613	0.742765	SMALL_LE_P50
SRR23603813	PRJNA938154	UNPAIRED_FROM_PAIRED	SINGLE	1	743569958	0.743570	SMALL_LE_P50
SRR10493848	PRJNA590485	PAIRED	PAIRED	2	743881465	0.743881	SMALL_LE_P50
SRR23603827	PRJNA938154	UNPAIRED_FROM_PAIRED	SINGLE	1	744727813	0.744728	SMALL_LE_P50
SRR10995633	PRJNA604220	PAIRED	PAIRED	2	746619343	0.746619	SMALL_LE_P50
SRR23603790	PRJNA938154	UNPAIRED_FROM_PAIRED	SINGLE	1	749184871	0.749185	SMALL_LE_P50
SRR23603844	PRJNA938154	UNPAIRED_FROM_PAIRED	SINGLE	1	749502317	0.749502	SMALL_LE_P50
SRR23603829	PRJNA938154	UNPAIRED_FROM_PAIRED	SINGLE	1	753734293	0.753734	SMALL_LE_P50
DRR164947	PRJDB7873	SINGLE	SINGLE	1	754049621	0.754050	SMALL_LE_P50
SRR23603833	PRJNA938154	UNPAIRED_FROM_PAIRED	SINGLE	1	755407203	0.755407	SMALL_LE_P50
SRR1516217	PRJNA255418	SINGLE	SINGLE	1	756784300	0.756784	SMALL_LE_P50
SRR23603804	PRJNA938154	UNPAIRED_FROM_PAIRED	SINGLE	1	758909401	0.758909	SMALL_LE_P50
SRR23603811	PRJNA938154	UNPAIRED_FROM_PAIRED	SINGLE	1	759944370	0.759944	SMALL_LE_P50
SRR23603835	PRJNA938154	UNPAIRED_FROM_PAIRED	SINGLE	1	760341807	0.760342	SMALL_LE_P50
SRR23603830	PRJNA938154	UNPAIRED_FROM_PAIRED	SINGLE	1	761679478	0.761679	SMALL_LE_P50
SRR23603822	PRJNA938154	UNPAIRED_FROM_PAIRED	SINGLE	1	763092897	0.763093	SMALL_LE_P50
SRR23603834	PRJNA938154	UNPAIRED_FROM_PAIRED	SINGLE	1	763508765	0.763509	SMALL_LE_P50
SRR23603815	PRJNA938154	UNPAIRED_FROM_PAIRED	SINGLE	1	764761704	0.764762	SMALL_LE_P50
SRR23603812	PRJNA938154	UNPAIRED_FROM_PAIRED	SINGLE	1	765570126	0.765570	SMALL_LE_P50
SRR23603828	PRJNA938154	UNPAIRED_FROM_PAIRED	SINGLE	1	766680257	0.766680	SMALL_LE_P50
SRR10995631	PRJNA604220	PAIRED	PAIRED	2	766873194	0.766873	SMALL_LE_P50
SRR23603837	PRJNA938154	UNPAIRED_FROM_PAIRED	SINGLE	1	767739674	0.767740	SMALL_LE_P50
SRR23603854	PRJNA938154	UNPAIRED_FROM_PAIRED	SINGLE	1	768185650	0.768186	SMALL_LE_P50
SRR23603805	PRJNA938154	UNPAIRED_FROM_PAIRED	SINGLE	1	769944200	0.769944	SMALL_LE_P50
SRR23603800	PRJNA938154	UNPAIRED_FROM_PAIRED	SINGLE	1	770393858	0.770394	SMALL_LE_P50
SRR23603843	PRJNA938154	UNPAIRED_FROM_PAIRED	SINGLE	1	772772353	0.772772	SMALL_LE_P50
SRR10493865	PRJNA590485	PAIRED	PAIRED	2	775127635	0.775128	SMALL_LE_P50
SRR23603845	PRJNA938154	UNPAIRED_FROM_PAIRED	SINGLE	1	776572283	0.776572	SMALL_LE_P50
SRR23603818	PRJNA938154	UNPAIRED_FROM_PAIRED	SINGLE	1	779265526	0.779266	SMALL_LE_P50
SRR23603820	PRJNA938154	UNPAIRED_FROM_PAIRED	SINGLE	1	779858394	0.779858	SMALL_LE_P50
SRR23603819	PRJNA938154	UNPAIRED_FROM_PAIRED	SINGLE	1	781451277	0.781451	SMALL_LE_P50
SRR23603817	PRJNA938154	UNPAIRED_FROM_PAIRED	SINGLE	1	781474697	0.781475	SMALL_LE_P50
SRR11721630	PRJNA630824	SINGLE	SINGLE	1	781503250	0.781503	SMALL_LE_P50
SRR23603881	PRJNA938154	UNPAIRED_FROM_PAIRED	SINGLE	1	781829381	0.781829	SMALL_LE_P50
SRR23603848	PRJNA938154	UNPAIRED_FROM_PAIRED	SINGLE	1	782451546	0.782452	SMALL_LE_P50
SRR23603791	PRJNA938154	UNPAIRED_FROM_PAIRED	SINGLE	1	786579284	0.786579	SMALL_LE_P50
SRR23603826	PRJNA938154	UNPAIRED_FROM_PAIRED	SINGLE	1	789818963	0.789819	SMALL_LE_P50
SRR23603794	PRJNA938154	UNPAIRED_FROM_PAIRED	SINGLE	1	790937723	0.790938	SMALL_LE_P50
DRR164945	PRJDB7873	SINGLE	SINGLE	1	792574682	0.792575	SMALL_LE_P50
DRR164948	PRJDB7873	SINGLE	SINGLE	1	793572808	0.793573	SMALL_LE_P50
SRR23603847	PRJNA938154	UNPAIRED_FROM_PAIRED	SINGLE	1	798601526	0.798602	SMALL_LE_P50
SRR1516215	PRJNA255418	SINGLE	SINGLE	1	805078244	0.805078	SMALL_LE_P50
SRR1516216	PRJNA255418	SINGLE	SINGLE	1	805384053	0.805384	SMALL_LE_P50
SRR10995644	PRJNA604220	PAIRED	PAIRED	2	807223478	0.807223	SMALL_LE_P50
SRR23603816	PRJNA938154	UNPAIRED_FROM_PAIRED	SINGLE	1	808288726	0.808289	SMALL_LE_P50
DRR164951	PRJDB7873	SINGLE	SINGLE	1	809831061	0.809831	SMALL_LE_P50
SRR23603839	PRJNA938154	UNPAIRED_FROM_PAIRED	SINGLE	1	811246725	0.811247	SMALL_LE_P50
SRR23603851	PRJNA938154	UNPAIRED_FROM_PAIRED	SINGLE	1	811848632	0.811849	SMALL_LE_P50
SRR10995646	PRJNA604220	PAIRED	PAIRED	2	813237745	0.813238	SMALL_LE_P50
DRR164942	PRJDB7873	SINGLE	SINGLE	1	814708118	0.814708	SMALL_LE_P50
SRR10995654	PRJNA604220	PAIRED	PAIRED	2	817094049	0.817094	SMALL_LE_P50
DRR164943	PRJDB7873	SINGLE	SINGLE	1	818388314	0.818388	SMALL_LE_P50
SRR10995645	PRJNA604220	PAIRED	PAIRED	2	820544164	0.820544	SMALL_LE_P50
SRR10995653	PRJNA604220	PAIRED	PAIRED	2	823076488	0.823076	SMALL_LE_P50
SRR23603824	PRJNA938154	UNPAIRED_FROM_PAIRED	SINGLE	1	823193880	0.823194	SMALL_LE_P50
SRR10995652	PRJNA604220	PAIRED	PAIRED	2	823656660	0.823657	SMALL_LE_P50
SRR15221375	PRJNA749145	PAIRED	PAIRED	2	825322542	0.825323	SMALL_LE_P50
SRR23603821	PRJNA938154	UNPAIRED_FROM_PAIRED	SINGLE	1	830756837	0.830757	SMALL_LE_P50
SRR23603849	PRJNA938154	UNPAIRED_FROM_PAIRED	SINGLE	1	832181610	0.832182	SMALL_LE_P50
SRR10995642	PRJNA604220	PAIRED	PAIRED	2	833591937	0.833592	SMALL_LE_P50
SRR15221380	PRJNA749145	PAIRED	PAIRED	2	833877110	0.833877	SMALL_LE_P50
SRR10995666	PRJNA604220	PAIRED	PAIRED	2	833898291	0.833898	SMALL_LE_P50
SRR23603792	PRJNA938154	UNPAIRED_FROM_PAIRED	SINGLE	1	834038396	0.834038	SMALL_LE_P50
SRR10995668	PRJNA604220	PAIRED	PAIRED	2	834537233	0.834537	SMALL_LE_P50
SRR10995643	PRJNA604220	PAIRED	PAIRED	2	838131087	0.838131	SMALL_LE_P50
SRR10995640	PRJNA604220	PAIRED	PAIRED	2	840284111	0.840284	SMALL_LE_P50
SRR10995665	PRJNA604220	PAIRED	PAIRED	2	840429566	0.840430	SMALL_LE_P50
SRR10995664	PRJNA604220	PAIRED	PAIRED	2	840685770	0.840686	SMALL_LE_P50
SRR10995641	PRJNA604220	PAIRED	PAIRED	2	841164882	0.841165	SMALL_LE_P50
DRR164940	PRJDB7873	SINGLE	SINGLE	1	841664220	0.841664	SMALL_LE_P50
SRR15221376	PRJNA749145	PAIRED	PAIRED	2	842536476	0.842536	SMALL_LE_P50
SRR10995636	PRJNA604220	PAIRED	PAIRED	2	843068198	0.843068	SMALL_LE_P50
SRR15221391	PRJNA749145	PAIRED	PAIRED	2	845681638	0.845682	SMALL_LE_P50
SRR10995670	PRJNA604220	PAIRED	PAIRED	2	847722748	0.847723	SMALL_LE_P50
SRR23603857	PRJNA938154	UNPAIRED_FROM_PAIRED	SINGLE	1	848164222	0.848164	SMALL_LE_P50
DRR164944	PRJDB7873	SINGLE	SINGLE	1	850263162	0.850263	SMALL_LE_P50
SRR10995638	PRJNA604220	PAIRED	PAIRED	2	851938539	0.851939	SMALL_LE_P50
SRR10995669	PRJNA604220	PAIRED	PAIRED	2	852596113	0.852596	SMALL_LE_P50
SRR11350306	PRJNA613438	SINGLE	SINGLE	1	854248969	0.854249	SMALL_LE_P50
SRR23603793	PRJNA938154	UNPAIRED_FROM_PAIRED	SINGLE	1	858015060	0.858015	SMALL_LE_P50
SRR10995637	PRJNA604220	PAIRED	PAIRED	2	858813329	0.858813	SMALL_LE_P50
SRR10995667	PRJNA604220	PAIRED	PAIRED	2	860123533	0.860124	SMALL_LE_P50
SRR10995674	PRJNA604220	PAIRED	PAIRED	2	863951504	0.863952	SMALL_LE_P50
SRR10995672	PRJNA604220	PAIRED	PAIRED	2	864706597	0.864707	SMALL_LE_P50
DRR164950	PRJDB7873	SINGLE	SINGLE	1	865295601	0.865296	SMALL_LE_P50
SRR10995651	PRJNA604220	PAIRED	PAIRED	2	865579025	0.865579	SMALL_LE_P50
SRR10493870	PRJNA590485	PAIRED	PAIRED	2	868599598	0.868600	SMALL_LE_P50
SRR10995635	PRJNA604220	PAIRED	PAIRED	2	868743893	0.868744	SMALL_LE_P50
SRR10995673	PRJNA604220	PAIRED	PAIRED	2	869333344	0.869333	SMALL_LE_P50
SRR10669489	PRJNA594947	SINGLE	SINGLE	1	869783999	0.869784	SMALL_LE_P50
DRR164949	PRJDB7873	SINGLE	SINGLE	1	876319598	0.876320	SMALL_LE_P50
SRR10995663	PRJNA604220	PAIRED	PAIRED	2	881488949	0.881489	SMALL_LE_P50
DRR096603	PRJDB5898	SINGLE	SINGLE	1	883180312	0.883180	SMALL_LE_P50
SRR10995639	PRJNA604220	PAIRED	PAIRED	2	885866182	0.885866	SMALL_LE_P50
DRR164946	PRJDB7873	SINGLE	SINGLE	1	887589228	0.887589	SMALL_LE_P50
SRR12618110	PRJNA662582	SINGLE	SINGLE	1	887919290	0.887919	SMALL_LE_P50
DRR164941	PRJDB7873	SINGLE	SINGLE	1	891629659	0.891630	SMALL_LE_P50
DRR096601	PRJDB5898	SINGLE	SINGLE	1	894268633	0.894269	SMALL_LE_P50
SRR10995648	PRJNA604220	PAIRED	PAIRED	2	896184977	0.896185	SMALL_LE_P50
SRR10995650	PRJNA604220	PAIRED	PAIRED	2	896461206	0.896461	SMALL_LE_P50
SRR10995671	PRJNA604220	PAIRED	PAIRED	2	898257137	0.898257	SMALL_LE_P50
SRR10493855	PRJNA590485	PAIRED	PAIRED	2	898622502	0.898623	SMALL_LE_P50
DRR169285	PRJDB7945	SINGLE	SINGLE	1	900724409	0.900724	SMALL_LE_P50
SRR10995680	PRJNA604220	PAIRED	PAIRED	2	902458279	0.902458	SMALL_LE_P50
SRR10995649	PRJNA604220	PAIRED	PAIRED	2	904434163	0.904434	SMALL_LE_P50
SRR10995682	PRJNA604220	PAIRED	PAIRED	2	913688928	0.913689	SMALL_LE_P50
DRR096600	PRJDB5898	SINGLE	SINGLE	1	918960250	0.918960	SMALL_LE_P50
SRR10995681	PRJNA604220	PAIRED	PAIRED	2	919080053	0.919080	SMALL_LE_P50
SRR10995647	PRJNA604220	PAIRED	PAIRED	2	927094852	0.927095	SMALL_LE_P50
SRR10995679	PRJNA604220	PAIRED	PAIRED	2	931330499	0.931330	SMALL_LE_P50
SRR11350317	PRJNA613438	SINGLE	SINGLE	1	938938510	0.938939	SMALL_LE_P50
SRR11350313	PRJNA613438	SINGLE	SINGLE	1	939717297	0.939717	SMALL_LE_P50
SRR10493847	PRJNA590485	PAIRED_PLUS_UNPAIRED	PAIRED	3	945822554	0.945823	SMALL_LE_P50
SRR10995698	PRJNA604220	PAIRED	PAIRED	2	951688353	0.951688	SMALL_LE_P50
SRR10995692	PRJNA604220	PAIRED	PAIRED	2	954260424	0.954260	SMALL_LE_P50
SRR12618111	PRJNA662582	SINGLE	SINGLE	1	955485525	0.955486	SMALL_LE_P50
SRR10995697	PRJNA604220	PAIRED	PAIRED	2	960274414	0.960274	SMALL_LE_P50
SRR10995696	PRJNA604220	PAIRED	PAIRED	2	960944342	0.960944	SMALL_LE_P50
SRR10995686	PRJNA604220	PAIRED	PAIRED	2	961993107	0.961993	SMALL_LE_P50
SRR10493849	PRJNA590485	PAIRED	PAIRED	2	962764606	0.962765	SMALL_LE_P50
SRR23603841	PRJNA938154	UNPAIRED_FROM_PAIRED	SINGLE	1	963666384	0.963666	SMALL_LE_P50
SRR10995694	PRJNA604220	PAIRED	PAIRED	2	965150656	0.965151	SMALL_LE_P50
SRR16796946	PRJNA778050	SINGLE	SINGLE	1	965170432	0.965170	SMALL_LE_P50
DRR096602	PRJDB5898	SINGLE	SINGLE	1	966210496	0.966210	SMALL_LE_P50
SRR10995685	PRJNA604220	PAIRED	PAIRED	2	969288034	0.969288	SMALL_LE_P50
DRR091439	PRJDB5737	SINGLE	SINGLE	1	970181395	0.970181	SMALL_LE_P50
SRR10995684	PRJNA604220	PAIRED	PAIRED	2	972397344	0.972397	SMALL_LE_P50
SRR10995693	PRJNA604220	PAIRED	PAIRED	2	972783753	0.972784	SMALL_LE_P50
SRR10995662	PRJNA604220	PAIRED	PAIRED	2	983213963	0.983214	SMALL_LE_P50
SRR10995691	PRJNA604220	PAIRED	PAIRED	2	984474461	0.984474	SMALL_LE_P50
SRR10995676	PRJNA604220	PAIRED	PAIRED	2	985262295	0.985262	SMALL_LE_P50
SRR10995678	PRJNA604220	PAIRED	PAIRED	2	989924018	0.989924	SMALL_LE_P50
SRR10995661	PRJNA604220	PAIRED	PAIRED	2	994637523	0.994638	SMALL_LE_P50
SRR10995677	PRJNA604220	PAIRED	PAIRED	2	995907244	0.995907	SMALL_LE_P50
SRR10995660	PRJNA604220	PAIRED	PAIRED	2	997393511	0.997394	SMALL_LE_P50
SRR2922598	PRJNA302601	SINGLE	SINGLE	1	1004823365	1.004823	SMALL_LE_P50
SRR10493871	PRJNA590485	PAIRED	PAIRED	2	1008562960	1.008563	SMALL_LE_P50
SRR10995683	PRJNA604220	PAIRED	PAIRED	2	1011265339	1.011265	SMALL_LE_P50
SRR10493878	PRJNA590485	PAIRED	PAIRED	2	1015188667	1.015189	SMALL_LE_P50
SRR10995695	PRJNA604220	PAIRED	PAIRED	2	1017608059	1.017608	SMALL_LE_P50
SRR10995675	PRJNA604220	PAIRED	PAIRED	2	1018847835	1.018848	SMALL_LE_P50
SRR10493851	PRJNA590485	PAIRED	PAIRED	2	1021467767	1.021468	SMALL_LE_P50
SRR11350303	PRJNA613438	SINGLE	SINGLE	1	1024636294	1.024636	SMALL_LE_P50
SRR10493859	PRJNA590485	PAIRED	PAIRED	2	1035148539	1.035149	SMALL_LE_P50
SRR23603787	PRJNA938154	UNPAIRED_FROM_PAIRED	SINGLE	1	1046768563	1.046769	SMALL_LE_P50
ERR10745756	PRJEB55916	PAIRED	PAIRED	2	1048633551	1.048634	SMALL_LE_P50
ERR10745757	PRJEB55916	PAIRED	PAIRED	2	1052649837	1.052650	SMALL_LE_P50
SRR10493850	PRJNA590485	PAIRED	PAIRED	2	1058058244	1.058058	SMALL_LE_P50
SRR10995659	PRJNA604220	PAIRED	PAIRED	2	1058766361	1.058766	SMALL_LE_P50
ERR10745755	PRJEB55916	PAIRED	PAIRED	2	1059833835	1.059834	SMALL_LE_P50
ERR10745754	PRJEB55916	PAIRED	PAIRED	2	1069280807	1.069281	SMALL_LE_P50
SRR10493881	PRJNA590485	PAIRED	PAIRED	2	1088236189	1.088236	SMALL_LE_P50
SRR10669488	PRJNA594947	SINGLE	SINGLE	1	1092032980	1.092033	SMALL_LE_P50
SRR11350304	PRJNA613438	SINGLE	SINGLE	1	1097013181	1.097013	SMALL_LE_P50
SRR10493869	PRJNA590485	PAIRED	PAIRED	2	1140605381	1.140605	SMALL_LE_P50
SRR10995690	PRJNA604220	PAIRED	PAIRED	2	1142477766	1.142478	SMALL_LE_P50
SRR16796944	PRJNA778050	SINGLE	SINGLE	1	1146147239	1.146147	SMALL_LE_P50
SRR10493858	PRJNA590485	PAIRED	PAIRED	2	1147877400	1.147877	SMALL_LE_P50
SRR10995689	PRJNA604220	PAIRED	PAIRED	2	1149556257	1.149556	SMALL_LE_P50
SRR10995688	PRJNA604220	PAIRED	PAIRED	2	1151208519	1.151209	SMALL_LE_P50
SRR10493860	PRJNA590485	PAIRED	PAIRED	2	1160743166	1.160743	SMALL_LE_P50
SRR11350312	PRJNA613438	SINGLE	SINGLE	1	1165280103	1.165280	SMALL_LE_P50
DRR091440	PRJDB5737	SINGLE	SINGLE	1	1175631746	1.175632	SMALL_LE_P50
ERR3374024	PRJEB33024	SINGLE	SINGLE	1	1188831062	1.188831	SMALL_LE_P50
ERR10745729	PRJEB55916	PAIRED	PAIRED	2	1196111035	1.196111	SMALL_LE_P50
SRR10493875	PRJNA590485	PAIRED	PAIRED	2	1196296876	1.196297	SMALL_LE_P50
SRR10669487	PRJNA594947	SINGLE	SINGLE	1	1200537598	1.200538	SMALL_LE_P50
SRR3946112	PRJNA330832	SINGLE	SINGLE	1	1204292408	1.204292	SMALL_LE_P50
SRR10493880	PRJNA590485	PAIRED	PAIRED	2	1205457142	1.205457	SMALL_LE_P50
SRR10995687	PRJNA604220	PAIRED	PAIRED	2	1205731960	1.205732	SMALL_LE_P50
SRR10493863	PRJNA590485	PAIRED	PAIRED	2	1209441005	1.209441	SMALL_LE_P50
ERR3374027	PRJEB33024	SINGLE	SINGLE	1	1216779798	1.216780	SMALL_LE_P50
ERR3374023	PRJEB33024	SINGLE	SINGLE	1	1217407264	1.217407	SMALL_LE_P50
ERR10745728	PRJEB55916	PAIRED	PAIRED	2	1218383029	1.218383	SMALL_LE_P50
SRR10493876	PRJNA590485	PAIRED	PAIRED	2	1223169132	1.223169	SMALL_LE_P50
SRR3946102	PRJNA330832	SINGLE	SINGLE	1	1223398762	1.223399	SMALL_LE_P50
SRR3946104	PRJNA330832	SINGLE	SINGLE	1	1226580684	1.226581	SMALL_LE_P50
SRR24650940	PRJNA974014	SINGLE	SINGLE	1	1238324611	1.238325	SMALL_LE_P50
ERR10745727	PRJEB55916	PAIRED	PAIRED	2	1241010657	1.241011	SMALL_LE_P50
ERR10745726	PRJEB55916	PAIRED	PAIRED	2	1243156087	1.243156	SMALL_LE_P50
DRR706786	PRJDB35724	PAIRED_PLUS_UNPAIRED	PAIRED	3	1244034919	1.244035	SMALL_LE_P50
SRR10493867	PRJNA590485	PAIRED	PAIRED	2	1246774308	1.246774	SMALL_LE_P50
SRR10493877	PRJNA590485	PAIRED	PAIRED	2	1251349544	1.251350	SMALL_LE_P50
ERR3374029	PRJEB33024	SINGLE	SINGLE	1	1263346690	1.263347	SMALL_LE_P50
SRR3946103	PRJNA330832	SINGLE	SINGLE	1	1264434758	1.264435	SMALL_LE_P50
SRR11350308	PRJNA613438	SINGLE	SINGLE	1	1265086398	1.265086	SMALL_LE_P50
SRR11350309	PRJNA613438	SINGLE	SINGLE	1	1271548263	1.271548	SMALL_LE_P50
SRR10995656	PRJNA604220	PAIRED	PAIRED	2	1272887223	1.272887	SMALL_LE_P50
SRR10995658	PRJNA604220	PAIRED	PAIRED	2	1277871182	1.277871	SMALL_LE_P50
SRR3946111	PRJNA330832	SINGLE	SINGLE	1	1279210759	1.279211	SMALL_LE_P50
ERR10745748	PRJEB55916	PAIRED	PAIRED	2	1286151052	1.286151	SMALL_LE_P50
SRR10995657	PRJNA604220	PAIRED	PAIRED	2	1287872767	1.287873	SMALL_LE_P50
ERR3374020	PRJEB33024	SINGLE	SINGLE	1	1288326132	1.288326	SMALL_LE_P50
ERR10745749	PRJEB55916	PAIRED	PAIRED	2	1290110879	1.290111	SMALL_LE_P50
SRR11350307	PRJNA613438	SINGLE	SINGLE	1	1290653435	1.290653	SMALL_LE_P50
ERR10745747	PRJEB55916	PAIRED	PAIRED	2	1293433973	1.293434	SMALL_LE_P50
ERR3374028	PRJEB33024	SINGLE	SINGLE	1	1294840270	1.294840	SMALL_LE_P50
ERR10745746	PRJEB55916	PAIRED	PAIRED	2	1301953218	1.301953	SMALL_LE_P50
SRR10493868	PRJNA590485	PAIRED	PAIRED	2	1302111636	1.302112	SMALL_LE_P50
ERR10745736	PRJEB55916	PAIRED	PAIRED	2	1313012730	1.313013	SMALL_LE_P50
SRR10493879	PRJNA590485	PAIRED	PAIRED	2	1313227684	1.313228	SMALL_LE_P50
ERR10745737	PRJEB55916	PAIRED	PAIRED	2	1313840323	1.313840	SMALL_LE_P50
SRR10995655	PRJNA604220	PAIRED	PAIRED	2	1313894084	1.313894	SMALL_LE_P50
SRR10493874	PRJNA590485	PAIRED	PAIRED	2	1314685274	1.314685	SMALL_LE_P50
ERR3374022	PRJEB33024	SINGLE	SINGLE	1	1316768643	1.316769	SMALL_LE_P50
ERR10745734	PRJEB55916	PAIRED	PAIRED	2	1318689751	1.318690	SMALL_LE_P50
SRR16796972	PRJNA778050	SINGLE	SINGLE	1	1321324189	1.321324	SMALL_LE_P50
SRR11350318	PRJNA613438	SINGLE	SINGLE	1	1321612845	1.321613	SMALL_LE_P50
ERR10745735	PRJEB55916	PAIRED	PAIRED	2	1323446556	1.323447	SMALL_LE_P50
SRR16796943	PRJNA778050	SINGLE	SINGLE	1	1325950680	1.325951	SMALL_LE_P50
ERR3374025	PRJEB33024	SINGLE	SINGLE	1	1328857746	1.328858	SMALL_LE_P50
ERR10745753	PRJEB55916	PAIRED	PAIRED	2	1331450820	1.331451	SMALL_LE_P50
ERR10745752	PRJEB55916	PAIRED	PAIRED	2	1335565867	1.335566	SMALL_LE_P50
ERR3374026	PRJEB33024	SINGLE	SINGLE	1	1348269536	1.348270	SMALL_LE_P50
SRR10493872	PRJNA590485	PAIRED	PAIRED	2	1350009187	1.350009	SMALL_LE_P50
SRR3946110	PRJNA330832	SINGLE	SINGLE	1	1352508446	1.352508	SMALL_LE_P50
ERR10745751	PRJEB55916	PAIRED	PAIRED	2	1355559006	1.355559	SMALL_LE_P50
ERR10745750	PRJEB55916	PAIRED	PAIRED	2	1358934676	1.358935	SMALL_LE_P50
SRR11350315	PRJNA613438	SINGLE	SINGLE	1	1373771038	1.373771	SMALL_LE_P50
ERR3374021	PRJEB33024	SINGLE	SINGLE	1	1380968774	1.380969	SMALL_LE_P50
SRR2922602	PRJNA302601	SINGLE	SINGLE	1	1388633159	1.388633	SMALL_LE_P50
DRR096598	PRJDB5897	SINGLE	SINGLE	1	1392795733	1.392796	SMALL_LE_P50
DRR706780	PRJDB35724	PAIRED	PAIRED	2	1398397477	1.398397	SMALL_LE_P50
SRR11350316	PRJNA613438	SINGLE	SINGLE	1	1399125276	1.399125	SMALL_LE_P50
SRR10493856	PRJNA590485	PAIRED	PAIRED	2	1401966355	1.401966	SMALL_LE_P50
SRR10669486	PRJNA594947	SINGLE	SINGLE	1	1414963129	1.414963	SMALL_LE_P50
SRR11350319	PRJNA613438	SINGLE	SINGLE	1	1414977408	1.414977	SMALL_LE_P50
ERR10745741	PRJEB55916	PAIRED	PAIRED	2	1420224123	1.420224	SMALL_LE_P50
ERR10745740	PRJEB55916	PAIRED	PAIRED	2	1424122421	1.424122	SMALL_LE_P50
SRR2922604	PRJNA302601	SINGLE	SINGLE	1	1428566861	1.428567	SMALL_LE_P50
SRR3946105	PRJNA330832	SINGLE	SINGLE	1	1430602395	1.430602	SMALL_LE_P50
SRR11350311	PRJNA613438	SINGLE	SINGLE	1	1440630451	1.440630	SMALL_LE_P50
ERR10745739	PRJEB55916	PAIRED	PAIRED	2	1447979827	1.447980	SMALL_LE_P50
ERR10745717	PRJEB55916	PAIRED	PAIRED	2	1450558696	1.450559	SMALL_LE_P50
ERR10745738	PRJEB55916	PAIRED	PAIRED	2	1450912803	1.450913	SMALL_LE_P50
ERR10745716	PRJEB55916	PAIRED	PAIRED	2	1453934087	1.453934	SMALL_LE_P50
ERR10745718	PRJEB55916	PAIRED	PAIRED	2	1454753661	1.454754	SMALL_LE_P50
ERR10745715	PRJEB55916	PAIRED	PAIRED	2	1461706069	1.461706	SMALL_LE_P50
SRR10493873	PRJNA590485	PAIRED	PAIRED	2	1469419452	1.469419	SMALL_LE_P50
SRR4035678	PRJNA339147	SINGLE	SINGLE	1	1469471468	1.469471	SMALL_LE_P50
ERR10745713	PRJEB55916	PAIRED	PAIRED	2	1469631169	1.469631	SMALL_LE_P50
ERR10745725	PRJEB55916	PAIRED	PAIRED	2	1469641035	1.469641	SMALL_LE_P50
ERR10745724	PRJEB55916	PAIRED	PAIRED	2	1469817771	1.469818	SMALL_LE_P50
ERR10745714	PRJEB55916	PAIRED	PAIRED	2	1472060955	1.472061	SMALL_LE_P50
ERR16729287	PRJEB108721	PAIRED	PAIRED	2	1472485712	1.472486	SMALL_LE_P50
ERR10745723	PRJEB55916	PAIRED	PAIRED	2	1477682626	1.477683	SMALL_LE_P50
SRR11350310	PRJNA613438	SINGLE	SINGLE	1	1478422440	1.478422	SMALL_LE_P50
SRR11350305	PRJNA613438	SINGLE	SINGLE	1	1478743222	1.478743	SMALL_LE_P50
SRR10493864	PRJNA590485	PAIRED	PAIRED	2	1479674581	1.479675	SMALL_LE_P50
ERR10745712	PRJEB55916	PAIRED	PAIRED	2	1483104314	1.483104	SMALL_LE_P50
ERR10745711	PRJEB55916	PAIRED	PAIRED	2	1493717927	1.493718	SMALL_LE_P50
SRR3946107	PRJNA330832	SINGLE	SINGLE	1	1493929308	1.493929	SMALL_LE_P50
SRR16796971	PRJNA778050	SINGLE	SINGLE	1	1506718552	1.506719	SMALL_LE_P50
SRR36222941	PRJNA1363687	PAIRED	PAIRED	2	1513340186	1.513340	SMALL_LE_P50
ERR10745732	PRJEB55916	PAIRED	PAIRED	2	1523561262	1.523561	SMALL_LE_P50
ERR10745733	PRJEB55916	PAIRED	PAIRED	2	1523627930	1.523628	SMALL_LE_P50
ERR10745731	PRJEB55916	PAIRED	PAIRED	2	1538092918	1.538093	SMALL_LE_P50
ERR10745730	PRJEB55916	PAIRED	PAIRED	2	1542047014	1.542047	SMALL_LE_P50
SRR16796949	PRJNA778050	SINGLE	SINGLE	1	1557595277	1.557595	SMALL_LE_P50
SRR15111567	PRJNA746067	PAIRED	PAIRED	2	1565037648	1.565038	SMALL_LE_P50
ERR10745745	PRJEB55916	PAIRED	PAIRED	2	1568184582	1.568185	SMALL_LE_P50
ERR10745744	PRJEB55916	PAIRED	PAIRED	2	1568757011	1.568757	SMALL_LE_P50
SRR4035682	PRJNA339147	SINGLE	SINGLE	1	1570541455	1.570541	SMALL_LE_P50
SRR16796960	PRJNA778050	SINGLE	SINGLE	1	1576770940	1.576771	SMALL_LE_P50
ERR10745743	PRJEB55916	PAIRED	PAIRED	2	1580392993	1.580393	SMALL_LE_P50
SRR16796945	PRJNA778050	SINGLE	SINGLE	1	1583076739	1.583077	SMALL_LE_P50
ERR16729285	PRJEB108721	PAIRED	PAIRED	2	1585535292	1.585535	SMALL_LE_P50
ERR16729295	PRJEB108721	PAIRED	PAIRED	2	1586782064	1.586782	SMALL_LE_P50
SRR36222942	PRJNA1363687	PAIRED	PAIRED	2	1590133341	1.590133	SMALL_LE_P50
ERR10745742	PRJEB55916	PAIRED	PAIRED	2	1592093838	1.592094	SMALL_LE_P50
ERR16729274	PRJEB108721	PAIRED	PAIRED	2	1592905985	1.592906	SMALL_LE_P50
ERR16729276	PRJEB108721	PAIRED	PAIRED	2	1600784493	1.600784	SMALL_LE_P50
ERR16729291	PRJEB108721	PAIRED	PAIRED	2	1618237694	1.618238	SMALL_LE_P50
SRR4035677	PRJNA339147	SINGLE	SINGLE	1	1626955297	1.626955	SMALL_LE_P50
SRR4035680	PRJNA339147	SINGLE	SINGLE	1	1629374158	1.629374	SMALL_LE_P50
SRR10493866	PRJNA590485	PAIRED	PAIRED	2	1629533773	1.629534	SMALL_LE_P50
ERR16729283	PRJEB108721	PAIRED	PAIRED	2	1660981057	1.660981	SMALL_LE_P50
SRR3946109	PRJNA330832	SINGLE	SINGLE	1	1662207234	1.662207	SMALL_LE_P50
ERR16729275	PRJEB108721	PAIRED	PAIRED	2	1668723980	1.668724	SMALL_LE_P50
ERR15000461	PRJEB89701	PAIRED	PAIRED	2	1669916881	1.669917	SMALL_LE_P50
SRR4035675	PRJNA339147	SINGLE	SINGLE	1	1670483915	1.670484	SMALL_LE_P50
ERR10745721	PRJEB55916	PAIRED	PAIRED	2	1686381478	1.686381	SMALL_LE_P50
ERR16729294	PRJEB108721	PAIRED	PAIRED	2	1689931598	1.689932	SMALL_LE_P50
ERR10745722	PRJEB55916	PAIRED	PAIRED	2	1694680836	1.694681	SMALL_LE_P50
SRR15111565	PRJNA746067	PAIRED	PAIRED	2	1695009645	1.695010	SMALL_LE_P50
ERR10745720	PRJEB55916	PAIRED	PAIRED	2	1696650356	1.696650	SMALL_LE_P50
ERR10745719	PRJEB55916	PAIRED	PAIRED	2	1698611063	1.698611	SMALL_LE_P50
SRR10995702	PRJNA604220	PAIRED	PAIRED	2	1702363767	1.702364	SMALL_LE_P50
ERR16729290	PRJEB108721	PAIRED	PAIRED	2	1705161751	1.705162	SMALL_LE_P50
SRR10995700	PRJNA604220	PAIRED	PAIRED	2	1712816646	1.712817	SMALL_LE_P50
SRR10995701	PRJNA604220	PAIRED	PAIRED	2	1714604289	1.714604	SMALL_LE_P50
ERR16729279	PRJEB108721	PAIRED	PAIRED	2	1718426080	1.718426	SMALL_LE_P50
ERR16729284	PRJEB108721	PAIRED	PAIRED	2	1730658336	1.730658	SMALL_LE_P50
ERR16729277	PRJEB108721	PAIRED	PAIRED	2	1731033484	1.731033	SMALL_LE_P50
SRR4035679	PRJNA339147	SINGLE	SINGLE	1	1747166708	1.747167	SMALL_LE_P50
SRR15111563	PRJNA746067	PAIRED	PAIRED	2	1750236630	1.750237	SMALL_LE_P50
SRR24650967	PRJNA974014	PAIRED	PAIRED	2	1751046751	1.751047	SMALL_LE_P50
ERR16729281	PRJEB108721	PAIRED	PAIRED	2	1755472780	1.755473	SMALL_LE_P50
SRR15111552	PRJNA746067	PAIRED	PAIRED	2	1756013258	1.756013	SMALL_LE_P50
SRR15111561	PRJNA746067	PAIRED	PAIRED	2	1759287617	1.759288	SMALL_LE_P50
ERR16729282	PRJEB108721	PAIRED	PAIRED	2	1760530385	1.760530	SMALL_LE_P50
DRR706778	PRJDB35724	PAIRED	PAIRED	2	1761052669	1.761053	SMALL_LE_P50
ERR15000530	PRJEB89701	PAIRED	PAIRED	2	1765277921	1.765278	SMALL_LE_P50
SRR9151762	PRJNA545309	PAIRED	PAIRED	2	1768727031	1.768727	SMALL_LE_P50
ERR15000508	PRJEB89701	PAIRED	PAIRED	2	1770256502	1.770257	SMALL_LE_P50
SRR15111564	PRJNA746067	PAIRED	PAIRED	2	1770411452	1.770411	SMALL_LE_P50
SRR15111566	PRJNA746067	PAIRED	PAIRED	2	1771739383	1.771739	SMALL_LE_P50
DRR096597	PRJDB5897	SINGLE	SINGLE	1	1775526617	1.775527	SMALL_LE_P50
DRR706779	PRJDB35724	PAIRED	PAIRED	2	1782226582	1.782227	SMALL_LE_P50
SRR10995699	PRJNA604220	PAIRED	PAIRED	2	1786750779	1.786751	SMALL_LE_P50
ERR16729292	PRJEB108721	PAIRED	PAIRED	2	1790069712	1.790070	SMALL_LE_P50
SRR2922603	PRJNA302601	SINGLE	SINGLE	1	1792079681	1.792080	SMALL_LE_P50
SRR15111562	PRJNA746067	PAIRED	PAIRED	2	1802221146	1.802221	SMALL_LE_P50
ERR15000472	PRJEB89701	PAIRED	PAIRED	2	1808692074	1.808692	SMALL_LE_P50
SRR24650970	PRJNA974014	PAIRED	PAIRED	2	1809158299	1.809158	SMALL_LE_P50
SRR4035681	PRJNA339147	SINGLE	SINGLE	1	1816444609	1.816445	SMALL_LE_P50
SRR9151761	PRJNA545309	PAIRED	PAIRED	2	1817168528	1.817169	SMALL_LE_P50
ERR16729293	PRJEB108721	PAIRED	PAIRED	2	1819028396	1.819028	SMALL_LE_P50
SRR9151766	PRJNA545309	PAIRED	PAIRED	2	1822010602	1.822011	SMALL_LE_P50
SRR2922601	PRJNA302601	SINGLE	SINGLE	1	1823655330	1.823655	SMALL_LE_P50
ERR3972092	PRJEB37009	SINGLE	SINGLE	1	1831783482	1.831783	SMALL_LE_P50
SRR24650972	PRJNA974014	PAIRED	PAIRED	2	1833331942	1.833332	SMALL_LE_P50
ERR16729297	PRJEB108721	PAIRED	PAIRED	2	1834781727	1.834782	SMALL_LE_P50
SRR9151765	PRJNA545309	PAIRED	PAIRED	2	1835765450	1.835765	SMALL_LE_P50
SRR4035676	PRJNA339147	SINGLE	SINGLE	1	1838684869	1.838685	SMALL_LE_P50
SRR38262918	PRJNA1282762	SINGLE	SINGLE	1	1843816624	1.843817	SMALL_LE_P50
ERR16729296	PRJEB108721	PAIRED	PAIRED	2	1845900417	1.845900	SMALL_LE_P50
ERR3972089	PRJEB37009	SINGLE	SINGLE	1	1852745863	1.852746	SMALL_LE_P50
ERR16729278	PRJEB108721	PAIRED	PAIRED	2	1854327957	1.854328	SMALL_LE_P50
DRR706785	PRJDB35724	PAIRED	PAIRED	2	1861355095	1.861355	SMALL_LE_P50
ERR15000460	PRJEB89701	PAIRED	PAIRED	2	1861534612	1.861535	SMALL_LE_P50
SRR3161796	PRJNA311594	PAIRED	PAIRED	2	1862275735	1.862276	SMALL_LE_P50
ERR3972094	PRJEB37009	SINGLE	SINGLE	1	1869194327	1.869194	SMALL_LE_P50
SRR24650971	PRJNA974014	PAIRED	PAIRED	2	1870015037	1.870015	SMALL_LE_P50
SRR3946101	PRJNA330832	SINGLE	SINGLE	1	1871673593	1.871674	SMALL_LE_P50
ERR3972093	PRJEB37009	SINGLE	SINGLE	1	1877161317	1.877161	SMALL_LE_P50
SRR4035674	PRJNA339147	SINGLE	SINGLE	1	1885353303	1.885353	SMALL_LE_P50
SRR3161780	PRJNA311594	PAIRED	PAIRED	2	1885643286	1.885643	SMALL_LE_P50
SRR24650968	PRJNA974014	PAIRED	PAIRED	2	1896165030	1.896165	SMALL_LE_P50
SRR15111570	PRJNA746067	PAIRED	PAIRED	2	1897908603	1.897909	SMALL_LE_P50
SRR15111569	PRJNA746067	PAIRED	PAIRED	2	1898634892	1.898635	SMALL_LE_P50
ERR16729288	PRJEB108721	PAIRED	PAIRED	2	1898860452	1.898860	SMALL_LE_P50
DRR706777	PRJDB35724	PAIRED	PAIRED	2	1912392675	1.912393	SMALL_LE_P50
SRR12774956	PRJNA667472	PAIRED	PAIRED	2	1914115524	1.914116	SMALL_LE_P50
SRR40310832	PRJNA1516528	PAIRED	PAIRED	2	1914694275	1.914694	SMALL_LE_P50
ERR15000475	PRJEB89701	PAIRED	PAIRED	2	1915122505	1.915123	SMALL_LE_P50
ERR16729289	PRJEB108721	PAIRED	PAIRED	2	1916807431	1.916807	SMALL_LE_P50
SRR24650930	PRJNA974014	PAIRED	PAIRED	2	1918587117	1.918587	SMALL_LE_P50
ERR15000467	PRJEB89701	PAIRED	PAIRED	2	1918839905	1.918840	SMALL_LE_P50
SRR2922599	PRJNA302601	SINGLE	SINGLE	1	1921246245	1.921246	SMALL_LE_P50
SRR16980347	PRJNA766998	PAIRED	PAIRED	2	1927508493	1.927508	SMALL_LE_P50
SRR24650986	PRJNA974014	PAIRED	PAIRED	2	1932113714	1.932114	SMALL_LE_P50
SRR24650985	PRJNA974014	PAIRED	PAIRED	2	1932843733	1.932844	SMALL_LE_P50
SRR2922600	PRJNA302601	SINGLE	SINGLE	1	1933770831	1.933771	SMALL_LE_P50
SRR3946106	PRJNA330832	SINGLE	SINGLE	1	1938579115	1.938579	SMALL_LE_P50
SRR15111571	PRJNA746067	PAIRED	PAIRED	2	1940696673	1.940697	SMALL_LE_P50
ERR15000497	PRJEB89701	PAIRED	PAIRED	2	1946416388	1.946416	SMALL_LE_P50
ERR3972096	PRJEB37009	SINGLE	SINGLE	1	1946673210	1.946673	SMALL_LE_P50
ERR15000476	PRJEB89701	PAIRED	PAIRED	2	1955554057	1.955554	SMALL_LE_P50
SRR3161761	PRJNA311594	PAIRED	PAIRED	2	1956179374	1.956179	SMALL_LE_P50
DRR706773	PRJDB35724	PAIRED	PAIRED	2	1956344155	1.956344	SMALL_LE_P50
ERR3972095	PRJEB37009	SINGLE	SINGLE	1	1960851205	1.960851	SMALL_LE_P50
ERR15000470	PRJEB89701	PAIRED	PAIRED	2	1964008993	1.964009	SMALL_LE_P50
ERR15000458	PRJEB89701	PAIRED	PAIRED	2	1969717763	1.969718	SMALL_LE_P50
SRR24650987	PRJNA974014	PAIRED	PAIRED	2	1972654445	1.972654	SMALL_LE_P50
ERR15000457	PRJEB89701	PAIRED	PAIRED	2	1974215396	1.974215	SMALL_LE_P50
SRR2922597	PRJNA302601	SINGLE	SINGLE	1	1977549513	1.977550	SMALL_LE_P50
SRR19256302	PRJNA839086	PAIRED	PAIRED	2	1978833503	1.978834	SMALL_LE_P50
DRR096596	PRJDB5897	SINGLE	SINGLE	1	1980526373	1.980526	SMALL_LE_P50
SRR24650966	PRJNA974014	PAIRED	PAIRED	2	1985362749	1.985363	SMALL_LE_P50
SRR3161779	PRJNA311594	PAIRED	PAIRED	2	1986340427	1.986340	SMALL_LE_P50
ERR15000471	PRJEB89701	PAIRED	PAIRED	2	1987917639	1.987918	SMALL_LE_P50
SRR38263132	PRJNA1282762	SINGLE	SINGLE	1	1991905797	1.991906	SMALL_LE_P50
SRR24650969	PRJNA974014	PAIRED	PAIRED	2	1998288356	1.998288	SMALL_LE_P50
ERR3972097	PRJEB37009	SINGLE	SINGLE	1	2001746525	2.001747	SMALL_LE_P50
ERR16729286	PRJEB108721	PAIRED	PAIRED	2	2005594084	2.005594	SMALL_LE_P50
DRR706790	PRJDB35724	PAIRED	PAIRED	2	2008568484	2.008568	SMALL_LE_P50
DRR706774	PRJDB35724	PAIRED	PAIRED	2	2011967202	2.011967	SMALL_LE_P50
SRR9151763	PRJNA545309	PAIRED	PAIRED	2	2013901791	2.013902	SMALL_LE_P50
SRR2922605	PRJNA302601	SINGLE	SINGLE	1	2014992766	2.014993	SMALL_LE_P50
SRR24650982	PRJNA974014	PAIRED	PAIRED	2	2015066457	2.015066	SMALL_LE_P50
SRR38262920	PRJNA1282762	SINGLE	SINGLE	1	2015311875	2.015312	SMALL_LE_P50
SRR3161762	PRJNA311594	PAIRED	PAIRED	2	2020999438	2.020999	SMALL_LE_P50
SRR16980348	PRJNA766998	PAIRED	PAIRED	2	2026111768	2.026112	SMALL_LE_P50
SRR24650983	PRJNA974014	PAIRED	PAIRED	2	2028119244	2.028119	SMALL_LE_P50
DRR096599	PRJDB5897	SINGLE	SINGLE	1	2034531875	2.034532	SMALL_LE_P50
ERR15000540	PRJEB89701	PAIRED	PAIRED	2	2035942340	2.035942	SMALL_LE_P50
DRR706775	PRJDB35724	PAIRED	PAIRED	2	2036927042	2.036927	SMALL_LE_P50
SRR24650962	PRJNA974014	PAIRED	PAIRED	2	2038328384	2.038328	SMALL_LE_P50
ERR3972087	PRJEB37009	SINGLE	SINGLE	1	2039513985	2.039514	SMALL_LE_P50
SRR3161763	PRJNA311594	PAIRED	PAIRED	2	2040024587	2.040025	SMALL_LE_P50
ERR3972088	PRJEB37009	SINGLE	SINGLE	1	2041410517	2.041411	SMALL_LE_P50
SRR15111568	PRJNA746067	PAIRED	PAIRED	2	2044385840	2.044386	SMALL_LE_P50
DRR706781	PRJDB35724	PAIRED	PAIRED	2	2046970344	2.046970	SMALL_LE_P50
ERR3972090	PRJEB37009	SINGLE	SINGLE	1	2049890482	2.049890	SMALL_LE_P50
SRR3161792	PRJNA311594	PAIRED	PAIRED	2	2050961599	2.050962	SMALL_LE_P50
SRR3161757	PRJNA311594	PAIRED	PAIRED	2	2053466201	2.053466	SMALL_LE_P50
ERR15000464	PRJEB89701	PAIRED	PAIRED	2	2056850055	2.056850	SMALL_LE_P50
SRR24650979	PRJNA974014	PAIRED	PAIRED	2	2061550283	2.061550	SMALL_LE_P50
SRR24650961	PRJNA974014	PAIRED	PAIRED	2	2063042286	2.063042	SMALL_LE_P50
SRR33309122	PRJNA1254963	PAIRED	PAIRED	2	2066616792	2.066617	SMALL_LE_P50
SRR24650984	PRJNA974014	PAIRED	PAIRED	2	2069677361	2.069677	SMALL_LE_P50
DRR706784	PRJDB35724	PAIRED	PAIRED	2	2072824461	2.072824	SMALL_LE_P50
SRR19256305	PRJNA839086	PAIRED	PAIRED	2	2080688808	2.080689	SMALL_LE_P50
SRR24650959	PRJNA974014	PAIRED	PAIRED	2	2080781247	2.080781	SMALL_LE_P50
ERR15000459	PRJEB89701	PAIRED	PAIRED	2	2080858567	2.080859	MEDIUM_P50_P90
SRR7779172	PRJNA489076	PAIRED	PAIRED	2	2081883060	2.081883	MEDIUM_P50_P90
SRR24650931	PRJNA974014	PAIRED	PAIRED	2	2087109607	2.087110	MEDIUM_P50_P90
DRR706788	PRJDB35724	PAIRED	PAIRED	2	2091797578	2.091798	MEDIUM_P50_P90
DRR706776	PRJDB35724	PAIRED	PAIRED	2	2091987703	2.091988	MEDIUM_P50_P90
SRR12618102	PRJNA662582	SINGLE	SINGLE	1	2092254100	2.092254	MEDIUM_P50_P90
SRR3161785	PRJNA311594	PAIRED	PAIRED	2	2093481640	2.093482	MEDIUM_P50_P90
SRR23702455	PRJNA941080	PAIRED	PAIRED	2	2095949598	2.095950	MEDIUM_P50_P90
ERR15000486	PRJEB89701	PAIRED	PAIRED	2	2097183299	2.097183	MEDIUM_P50_P90
ERR15000477	PRJEB89701	PAIRED	PAIRED	2	2097989694	2.097990	MEDIUM_P50_P90
ERR15000519	PRJEB89701	PAIRED	PAIRED	2	2103422777	2.103423	MEDIUM_P50_P90
SRR23702457	PRJNA941080	PAIRED	PAIRED	2	2103977067	2.103977	MEDIUM_P50_P90
ERR15000453	PRJEB89701	PAIRED	PAIRED	2	2115401943	2.115402	MEDIUM_P50_P90
SRR3161758	PRJNA311594	PAIRED	PAIRED	2	2115929107	2.115929	MEDIUM_P50_P90
ERR4184078	PRJEB38542	SINGLE	SINGLE	1	2124152241	2.124152	MEDIUM_P50_P90
ERR15000454	PRJEB89701	PAIRED	PAIRED	2	2125159593	2.125160	MEDIUM_P50_P90
DRR706782	PRJDB35724	PAIRED	PAIRED	2	2128744791	2.128745	MEDIUM_P50_P90
ERR15000466	PRJEB89701	PAIRED	PAIRED	2	2132567051	2.132567	MEDIUM_P50_P90
SRR12618108	PRJNA662582	SINGLE	SINGLE	1	2134185487	2.134185	MEDIUM_P50_P90
SRR3161759	PRJNA311594	PAIRED	PAIRED	2	2134841091	2.134841	MEDIUM_P50_P90
SRR24650932	PRJNA974014	PAIRED	PAIRED	2	2135649845	2.135650	MEDIUM_P50_P90
SRR3161789	PRJNA311594	PAIRED	PAIRED	2	2137918753	2.137919	MEDIUM_P50_P90
ERR4184075	PRJEB38542	SINGLE	SINGLE	1	2141125914	2.141126	MEDIUM_P50_P90
ERR15000456	PRJEB89701	PAIRED	PAIRED	2	2141664194	2.141664	MEDIUM_P50_P90
SRR23702454	PRJNA941080	PAIRED	PAIRED	2	2142912696	2.142913	MEDIUM_P50_P90
ERR3972091	PRJEB37009	SINGLE	SINGLE	1	2145833416	2.145833	MEDIUM_P50_P90
ERR4184076	PRJEB38542	SINGLE	SINGLE	1	2147093597	2.147094	MEDIUM_P50_P90
ERR3972086	PRJEB37009	SINGLE	SINGLE	1	2153863587	2.153864	MEDIUM_P50_P90
SRR3161764	PRJNA311594	PAIRED	PAIRED	2	2158100045	2.158100	MEDIUM_P50_P90
SRR3161760	PRJNA311594	PAIRED	PAIRED	2	2160837003	2.160837	MEDIUM_P50_P90
SRR3161790	PRJNA311594	PAIRED	PAIRED	2	2161722397	2.161722	MEDIUM_P50_P90
SRR3161768	PRJNA311594	PAIRED	PAIRED	2	2163857851	2.163858	MEDIUM_P50_P90
SRR24650981	PRJNA974014	PAIRED	PAIRED	2	2167340118	2.167340	MEDIUM_P50_P90
SRR5409492	PRJNA378247	PAIRED	PAIRED	2	2167627635	2.167628	MEDIUM_P50_P90
ERR15000474	PRJEB89701	PAIRED	PAIRED	2	2170261406	2.170261	MEDIUM_P50_P90
SRR24650960	PRJNA974014	PAIRED	PAIRED	2	2172912188	2.172912	MEDIUM_P50_P90
SRR24650963	PRJNA974014	PAIRED	PAIRED	2	2173494742	2.173495	MEDIUM_P50_P90
SRR29672934	PRJNA1130622	PAIRED	PAIRED	2	2173953987	2.173954	MEDIUM_P50_P90
DRR706783	PRJDB35724	PAIRED	PAIRED	2	2174640047	2.174640	MEDIUM_P50_P90
SRR3161772	PRJNA311594	PAIRED	PAIRED	2	2177638399	2.177638	MEDIUM_P50_P90
SRR24650953	PRJNA974014	PAIRED	PAIRED	2	2183813164	2.183813	MEDIUM_P50_P90
SRR12618103	PRJNA662582	SINGLE	SINGLE	1	2185445282	2.185445	MEDIUM_P50_P90
SRR24650951	PRJNA974014	PAIRED	PAIRED	2	2186603125	2.186603	MEDIUM_P50_P90
SRR24650949	PRJNA974014	PAIRED	PAIRED	2	2188651869	2.188652	MEDIUM_P50_P90
SRR9151768	PRJNA545309	PAIRED	PAIRED	2	2189942427	2.189942	MEDIUM_P50_P90
SRR9151758	PRJNA545309	PAIRED	PAIRED	2	2190829550	2.190830	MEDIUM_P50_P90
SRR36663600	PRJNA1397464	PAIRED	PAIRED	2	2192866584	2.192867	MEDIUM_P50_P90
SRR24650956	PRJNA974014	PAIRED	PAIRED	2	2196273286	2.196273	MEDIUM_P50_P90
ERR15000473	PRJEB89701	PAIRED	PAIRED	2	2199365403	2.199365	MEDIUM_P50_P90
SRR3161765	PRJNA311594	PAIRED	PAIRED	2	2201647148	2.201647	MEDIUM_P50_P90
ERR4184074	PRJEB38542	SINGLE	SINGLE	1	2202465776	2.202466	MEDIUM_P50_P90
SRR33309098	PRJNA1254963	PAIRED	PAIRED	2	2204898372	2.204898	MEDIUM_P50_P90
SRR24650938	PRJNA974014	PAIRED	PAIRED	2	2208811156	2.208811	MEDIUM_P50_P90
SRR9151757	PRJNA545309	PAIRED	PAIRED	2	2210300071	2.210300	MEDIUM_P50_P90
SRR24650954	PRJNA974014	PAIRED	PAIRED	2	2221504295	2.221504	MEDIUM_P50_P90
SRR3161791	PRJNA311594	PAIRED	PAIRED	2	2226061768	2.226062	MEDIUM_P50_P90
SRR35653650	PRJNA1335855	PAIRED	PAIRED	2	2226360928	2.226361	MEDIUM_P50_P90
ERR15000455	PRJEB89701	PAIRED	PAIRED	2	2229102550	2.229103	MEDIUM_P50_P90
SRR24650952	PRJNA974014	PAIRED	PAIRED	2	2229129640	2.229130	MEDIUM_P50_P90
SRR24650955	PRJNA974014	PAIRED	PAIRED	2	2233534237	2.233534	MEDIUM_P50_P90
SRR24650915	PRJNA974014	PAIRED	PAIRED	2	2233736938	2.233737	MEDIUM_P50_P90
SRR3401399	PRJNA318741	PAIRED	PAIRED	2	2242588185	2.242588	MEDIUM_P50_P90
SRR3401745	PRJNA318886	PAIRED	PAIRED	2	2242588363	2.242588	MEDIUM_P50_P90
SRR7779175	PRJNA489076	PAIRED	PAIRED	2	2246517850	2.246518	MEDIUM_P50_P90
SRR24650927	PRJNA974014	PAIRED	PAIRED	2	2250396937	2.250397	MEDIUM_P50_P90
SRR24650926	PRJNA974014	PAIRED	PAIRED	2	2251065053	2.251065	MEDIUM_P50_P90
SRR3161778	PRJNA311594	PAIRED	PAIRED	2	2251170364	2.251170	MEDIUM_P50_P90
SRR24650957	PRJNA974014	PAIRED	PAIRED	2	2251506108	2.251506	MEDIUM_P50_P90
SRR36663586	PRJNA1397461	PAIRED	PAIRED	2	2259471805	2.259472	MEDIUM_P50_P90
SRR3161794	PRJNA311594	PAIRED	PAIRED	2	2260254320	2.260254	MEDIUM_P50_P90
SRR24650977	PRJNA974014	PAIRED	PAIRED	2	2261919256	2.261919	MEDIUM_P50_P90
ERR15000462	PRJEB89701	PAIRED	PAIRED	2	2262376236	2.262376	MEDIUM_P50_P90
SRR23702456	PRJNA941080	PAIRED	PAIRED	2	2262595179	2.262595	MEDIUM_P50_P90
SRR9151764	PRJNA545309	PAIRED	PAIRED	2	2263954303	2.263954	MEDIUM_P50_P90
ERR15000478	PRJEB89701	PAIRED	PAIRED	2	2267438258	2.267438	MEDIUM_P50_P90
SRR3161777	PRJNA311594	PAIRED	PAIRED	2	2275236176	2.275236	MEDIUM_P50_P90
ERR4184071	PRJEB38542	SINGLE	SINGLE	1	2276420679	2.276421	MEDIUM_P50_P90
SRR3161795	PRJNA311594	PAIRED	PAIRED	2	2281008938	2.281009	MEDIUM_P50_P90
SRR33309099	PRJNA1254963	PAIRED	PAIRED	2	2285471374	2.285471	MEDIUM_P50_P90
SRR9151767	PRJNA545309	PAIRED	PAIRED	2	2286266320	2.286266	MEDIUM_P50_P90
ERR15000465	PRJEB89701	PAIRED	PAIRED	2	2287588590	2.287589	MEDIUM_P50_P90
SRR24650997	PRJNA974014	PAIRED	PAIRED	2	2289604802	2.289605	MEDIUM_P50_P90
SRR24650928	PRJNA974014	PAIRED	PAIRED	2	2292595013	2.292595	MEDIUM_P50_P90
SRR19256304	PRJNA839086	PAIRED	PAIRED	2	2292760650	2.292761	MEDIUM_P50_P90
SRR15111576	PRJNA746067	PAIRED	PAIRED	2	2295765897	2.295766	MEDIUM_P50_P90
SRR33309123	PRJNA1254963	PAIRED	PAIRED	2	2296852219	2.296852	MEDIUM_P50_P90
SRR3161793	PRJNA311594	PAIRED	PAIRED	2	2297983289	2.297983	MEDIUM_P50_P90
DRR524604	PRJDB17021	PAIRED	PAIRED	2	2298579097	2.298579	MEDIUM_P50_P90
SRR3161773	PRJNA311594	PAIRED	PAIRED	2	2300147225	2.300147	MEDIUM_P50_P90
SRR24650999	PRJNA974014	PAIRED	PAIRED	2	2302927293	2.302927	MEDIUM_P50_P90
SRR7779176	PRJNA489076	PAIRED	PAIRED	2	2307685511	2.307686	MEDIUM_P50_P90
DRR706787	PRJDB35724	PAIRED	PAIRED	2	2315040727	2.315041	MEDIUM_P50_P90
SRR12618109	PRJNA662582	SINGLE	SINGLE	1	2318638642	2.318639	MEDIUM_P50_P90
SRR24650936	PRJNA974014	PAIRED	PAIRED	2	2319175249	2.319175	MEDIUM_P50_P90
ERR4184072	PRJEB38542	SINGLE	SINGLE	1	2319232229	2.319232	MEDIUM_P50_P90
SRR24650910	PRJNA974014	PAIRED	PAIRED	2	2331325984	2.331326	MEDIUM_P50_P90
SRR35653649	PRJNA1335855	PAIRED	PAIRED	2	2336500899	2.336501	MEDIUM_P50_P90
SRR24650950	PRJNA974014	PAIRED	PAIRED	2	2341361867	2.341362	MEDIUM_P50_P90
SRR29672936	PRJNA1130622	PAIRED	PAIRED	2	2342031432	2.342031	MEDIUM_P50_P90
SRR9151759	PRJNA545309	PAIRED	PAIRED	2	2344896053	2.344896	MEDIUM_P50_P90
SRR3401748	PRJNA318886	PAIRED	PAIRED	2	2345218014	2.345218	MEDIUM_P50_P90
SRR3161770	PRJNA311594	PAIRED	PAIRED	2	2346283525	2.346284	MEDIUM_P50_P90
SRR3161771	PRJNA311594	PAIRED	PAIRED	2	2347194578	2.347195	MEDIUM_P50_P90
SRR24650973	PRJNA974014	PAIRED	PAIRED	2	2353075292	2.353075	MEDIUM_P50_P90
SRR19256303	PRJNA839086	PAIRED	PAIRED	2	2354880678	2.354881	MEDIUM_P50_P90
SRR3161767	PRJNA311594	PAIRED	PAIRED	2	2355458879	2.355459	MEDIUM_P50_P90
SRR19256297	PRJNA839086	PAIRED	PAIRED	2	2355613208	2.355613	MEDIUM_P50_P90
SRR24651002	PRJNA974014	PAIRED	PAIRED	2	2361141333	2.361141	MEDIUM_P50_P90
SRR11350314	PRJNA613438	SINGLE	SINGLE	1	2362019771	2.362020	MEDIUM_P50_P90
SRR24651004	PRJNA974014	PAIRED	PAIRED	2	2366527837	2.366528	MEDIUM_P50_P90
ERR15000469	PRJEB89701	PAIRED	PAIRED	2	2367543390	2.367543	MEDIUM_P50_P90
SRR24650939	PRJNA974014	PAIRED	PAIRED	2	2368285858	2.368286	MEDIUM_P50_P90
SRR19256301	PRJNA839086	PAIRED	PAIRED	2	2369499237	2.369499	MEDIUM_P50_P90
SRR36663588	PRJNA1397461	PAIRED	PAIRED	2	2374456097	2.374456	MEDIUM_P50_P90
SRR3161788	PRJNA311594	PAIRED	PAIRED	2	2375483461	2.375483	MEDIUM_P50_P90
SRR7779170	PRJNA489076	PAIRED	PAIRED	2	2380780376	2.380780	MEDIUM_P50_P90
SRR24650958	PRJNA974014	PAIRED	PAIRED	2	2383869572	2.383870	MEDIUM_P50_P90
SRR19256299	PRJNA839086	PAIRED	PAIRED	2	2384334067	2.384334	MEDIUM_P50_P90
SRR24650935	PRJNA974014	PAIRED	PAIRED	2	2397021026	2.397021	MEDIUM_P50_P90
ERR15000468	PRJEB89701	PAIRED	PAIRED	2	2397822064	2.397822	MEDIUM_P50_P90
SRR19256306	PRJNA839086	PAIRED	PAIRED	2	2401953081	2.401953	MEDIUM_P50_P90
SRR24650993	PRJNA974014	PAIRED	PAIRED	2	2408235939	2.408236	MEDIUM_P50_P90
SRR19256298	PRJNA839086	PAIRED	PAIRED	2	2412555322	2.412555	MEDIUM_P50_P90
SRR22246898	PRJNA899862	PAIRED	PAIRED	2	2416896623	2.416897	MEDIUM_P50_P90
SRR40188910	PRJNA1497331	PAIRED	PAIRED	2	2418560393	2.418560	MEDIUM_P50_P90
SRR24650974	PRJNA974014	PAIRED	PAIRED	2	2420356426	2.420356	MEDIUM_P50_P90
SRR19256300	PRJNA839086	PAIRED	PAIRED	2	2424872509	2.424873	MEDIUM_P50_P90
SRR24650980	PRJNA974014	PAIRED	PAIRED	2	2426845560	2.426846	MEDIUM_P50_P90
SRR35653652	PRJNA1335855	PAIRED	PAIRED	2	2428661721	2.428662	MEDIUM_P50_P90
SRR24651001	PRJNA974014	PAIRED	PAIRED	2	2430469312	2.430469	MEDIUM_P50_P90
SRR24650914	PRJNA974014	PAIRED	PAIRED	2	2432755953	2.432756	MEDIUM_P50_P90
SRR24650995	PRJNA974014	PAIRED	PAIRED	2	2433051416	2.433051	MEDIUM_P50_P90
ERR4184081	PRJEB38542	SINGLE	SINGLE	1	2433679012	2.433679	MEDIUM_P50_P90
SRR22246900	PRJNA899862	PAIRED	PAIRED	2	2437481541	2.437482	MEDIUM_P50_P90
SRR28413171	PRJNA1090557	PAIRED	PAIRED	2	2438875407	2.438875	MEDIUM_P50_P90
SRR24650937	PRJNA974014	PAIRED	PAIRED	2	2440742132	2.440742	MEDIUM_P50_P90
SRR24650975	PRJNA974014	PAIRED	PAIRED	2	2446117452	2.446117	MEDIUM_P50_P90
SRR28413170	PRJNA1090557	PAIRED	PAIRED	2	2448099728	2.448100	MEDIUM_P50_P90
SRR24650991	PRJNA974014	PAIRED	PAIRED	2	2456076484	2.456076	MEDIUM_P50_P90
SRR24651003	PRJNA974014	PAIRED	PAIRED	2	2456960542	2.456961	MEDIUM_P50_P90
SRR3401752	PRJNA318886	PAIRED	PAIRED	2	2462044567	2.462045	MEDIUM_P50_P90
SRR24650929	PRJNA974014	PAIRED	PAIRED	2	2467117173	2.467117	MEDIUM_P50_P90
SRR35653648	PRJNA1335855	PAIRED	PAIRED	2	2470109124	2.470109	MEDIUM_P50_P90
SRR22246892	PRJNA899862	PAIRED	PAIRED	2	2470198073	2.470198	MEDIUM_P50_P90
SRR24650994	PRJNA974014	PAIRED	PAIRED	2	2471061056	2.471061	MEDIUM_P50_P90
SRR24650925	PRJNA974014	PAIRED	PAIRED	2	2471165726	2.471166	MEDIUM_P50_P90
SRR5409489	PRJNA378247	PAIRED	PAIRED	2	2471249358	2.471249	MEDIUM_P50_P90
SRR24650988	PRJNA974014	PAIRED	PAIRED	2	2471577139	2.471577	MEDIUM_P50_P90
SRR24650933	PRJNA974014	PAIRED	PAIRED	2	2474700893	2.474701	MEDIUM_P50_P90
SRR23702453	PRJNA941080	PAIRED	PAIRED	2	2475508146	2.475508	MEDIUM_P50_P90
SRR7779203	PRJNA489076	PAIRED	PAIRED	2	2478688971	2.478689	MEDIUM_P50_P90
SRR36222940	PRJNA1363687	PAIRED	PAIRED	2	2478839202	2.478839	MEDIUM_P50_P90
SRR2922606	PRJNA302601	SINGLE	SINGLE	1	2483780843	2.483781	MEDIUM_P50_P90
SRR22246891	PRJNA899862	PAIRED	PAIRED	2	2485258718	2.485259	MEDIUM_P50_P90
SRR35653654	PRJNA1335855	PAIRED	PAIRED	2	2486350606	2.486351	MEDIUM_P50_P90
SRR3161784	PRJNA311594	PAIRED	PAIRED	2	2487351483	2.487351	MEDIUM_P50_P90
ERR4184079	PRJEB38542	SINGLE	SINGLE	1	2489016266	2.489016	MEDIUM_P50_P90
SRR36663599	PRJNA1397464	PAIRED	PAIRED	2	2492765098	2.492765	MEDIUM_P50_P90
SRR19256296	PRJNA839086	PAIRED	PAIRED	2	2493229475	2.493229	MEDIUM_P50_P90
DRR524609	PRJDB17021	PAIRED	PAIRED	2	2503893346	2.503893	MEDIUM_P50_P90
SRR3401401	PRJNA318741	PAIRED	PAIRED	2	2506406254	2.506406	MEDIUM_P50_P90
SRR3401746	PRJNA318886	PAIRED	PAIRED	2	2506406391	2.506406	MEDIUM_P50_P90
SRR35653647	PRJNA1335855	PAIRED	PAIRED	2	2508141470	2.508141	MEDIUM_P50_P90
SRR3161776	PRJNA311594	PAIRED	PAIRED	2	2510505638	2.510506	MEDIUM_P50_P90
SRR35653651	PRJNA1335855	PAIRED	PAIRED	2	2512590274	2.512590	MEDIUM_P50_P90
SRR3161783	PRJNA311594	PAIRED	PAIRED	2	2516789590	2.516790	MEDIUM_P50_P90
SRR24650934	PRJNA974014	PAIRED	PAIRED	2	2522698801	2.522699	MEDIUM_P50_P90
SRR35653653	PRJNA1335855	PAIRED	PAIRED	2	2530101725	2.530102	MEDIUM_P50_P90
SRR3161769	PRJNA311594	PAIRED	PAIRED	2	2537933667	2.537934	MEDIUM_P50_P90
ERR4184073	PRJEB38542	SINGLE	SINGLE	1	2539814347	2.539814	MEDIUM_P50_P90
SRR40310838	PRJNA1516528	PAIRED	PAIRED	2	2539852112	2.539852	MEDIUM_P50_P90
SRR3401751	PRJNA318886	PAIRED	PAIRED	2	2541120365	2.541120	MEDIUM_P50_P90
SRR24650996	PRJNA974014	PAIRED	PAIRED	2	2542473862	2.542474	MEDIUM_P50_P90
SRR24650911	PRJNA974014	PAIRED	PAIRED	2	2545235759	2.545236	MEDIUM_P50_P90
SRR3401747	PRJNA318886	PAIRED	PAIRED	2	2546102850	2.546103	MEDIUM_P50_P90
SRR24650992	PRJNA974014	PAIRED	PAIRED	2	2547471344	2.547471	MEDIUM_P50_P90
DRR524620	PRJDB17021	PAIRED	PAIRED	2	2550724211	2.550724	MEDIUM_P50_P90
SRR40310834	PRJNA1516528	PAIRED	PAIRED	2	2554435743	2.554436	MEDIUM_P50_P90
ERR15000463	PRJEB89701	PAIRED	PAIRED	2	2554618105	2.554618	MEDIUM_P50_P90
SRR24650964	PRJNA974014	PAIRED	PAIRED	2	2554636566	2.554637	MEDIUM_P50_P90
SRR9151760	PRJNA545309	PAIRED	PAIRED	2	2555676408	2.555676	MEDIUM_P50_P90
SRR19256295	PRJNA839086	PAIRED	PAIRED	2	2558664937	2.558665	MEDIUM_P50_P90
SRR9703434	PRJNA555245	SINGLE	SINGLE	1	2562503230	2.562503	MEDIUM_P50_P90
SRR3946108	PRJNA330832	SINGLE	SINGLE	1	2564260418	2.564260	MEDIUM_P50_P90
SRR24650990	PRJNA974014	PAIRED	PAIRED	2	2564964255	2.564964	MEDIUM_P50_P90
SRR33198153	PRJNA1252143	PAIRED	PAIRED	2	2568564334	2.568564	MEDIUM_P50_P90
SRR15111578	PRJNA746067	PAIRED	PAIRED	2	2570089239	2.570089	MEDIUM_P50_P90
SRR33198155	PRJNA1252143	PAIRED	PAIRED	2	2575245692	2.575246	MEDIUM_P50_P90
SRR33309106	PRJNA1254963	PAIRED	PAIRED	2	2577818596	2.577819	MEDIUM_P50_P90
SRR40188909	PRJNA1497331	PAIRED	PAIRED	2	2579043873	2.579044	MEDIUM_P50_P90
ERR4184077	PRJEB38542	SINGLE	SINGLE	1	2585012516	2.585013	MEDIUM_P50_P90
SRR3161775	PRJNA311594	PAIRED	PAIRED	2	2588537261	2.588537	MEDIUM_P50_P90
SRR36663590	PRJNA1397461	PAIRED	PAIRED	2	2590650856	2.590651	MEDIUM_P50_P90
SRR3161774	PRJNA311594	PAIRED	PAIRED	2	2590776858	2.590777	MEDIUM_P50_P90
SRR33309113	PRJNA1254963	PAIRED	PAIRED	2	2594595464	2.594595	MEDIUM_P50_P90
SRR22246899	PRJNA899862	PAIRED	PAIRED	2	2596487554	2.596488	MEDIUM_P50_P90
SRR33309097	PRJNA1254963	PAIRED	PAIRED	2	2598382747	2.598383	MEDIUM_P50_P90
SRR24650913	PRJNA974014	PAIRED	PAIRED	2	2598514756	2.598515	MEDIUM_P50_P90
SRR22143445	PRJNA896947	PAIRED	PAIRED	2	2601090740	2.601091	MEDIUM_P50_P90
SRR3161782	PRJNA311594	PAIRED	PAIRED	2	2607157814	2.607158	MEDIUM_P50_P90
SRR24650912	PRJNA974014	PAIRED	PAIRED	2	2611838819	2.611839	MEDIUM_P50_P90
SRR3161787	PRJNA311594	PAIRED	PAIRED	2	2612565812	2.612566	MEDIUM_P50_P90
SRR9137510	PRJNA545135	PAIRED	PAIRED	2	2614904534	2.614905	MEDIUM_P50_P90
SRR33309102	PRJNA1254963	PAIRED	PAIRED	2	2617372056	2.617372	MEDIUM_P50_P90
SRR22246902	PRJNA899862	PAIRED	PAIRED	2	2624129847	2.624130	MEDIUM_P50_P90
SRR24650917	PRJNA974014	PAIRED	PAIRED	2	2624130141	2.624130	MEDIUM_P50_P90
SRR24650998	PRJNA974014	PAIRED	PAIRED	2	2624873325	2.624873	MEDIUM_P50_P90
SRR33309100	PRJNA1254963	PAIRED	PAIRED	2	2626069892	2.626070	MEDIUM_P50_P90
SRR15923892	PRJNA763926	PAIRED	PAIRED	2	2629210404	2.629210	MEDIUM_P50_P90
ERR16729280	PRJEB108721	PAIRED	PAIRED	2	2629772689	2.629773	MEDIUM_P50_P90
SRR24650978	PRJNA974014	PAIRED	PAIRED	2	2638935665	2.638936	MEDIUM_P50_P90
SRR3161766	PRJNA311594	PAIRED	PAIRED	2	2641120814	2.641121	MEDIUM_P50_P90
SRR24650916	PRJNA974014	PAIRED	PAIRED	2	2644739458	2.644739	MEDIUM_P50_P90
SRR36663596	PRJNA1397464	PAIRED	PAIRED	2	2646892718	2.646893	MEDIUM_P50_P90
ERR4184080	PRJEB38542	SINGLE	SINGLE	1	2647911126	2.647911	MEDIUM_P50_P90
SRR7779197	PRJNA489076	PAIRED	PAIRED	2	2650169851	2.650170	MEDIUM_P50_P90
SRR12618104	PRJNA662582	SINGLE	SINGLE	1	2653548848	2.653549	MEDIUM_P50_P90
SRR29672930	PRJNA1130622	PAIRED	PAIRED	2	2660295135	2.660295	MEDIUM_P50_P90
SRR36663584	PRJNA1397461	PAIRED	PAIRED	2	2660414352	2.660414	MEDIUM_P50_P90
SRR7779190	PRJNA489076	PAIRED	PAIRED	2	2660695761	2.660696	MEDIUM_P50_P90
SRR3161781	PRJNA311594	PAIRED	PAIRED	2	2663205469	2.663205	MEDIUM_P50_P90
SRR35653646	PRJNA1335855	PAIRED	PAIRED	2	2665438757	2.665439	MEDIUM_P50_P90
SRR24651000	PRJNA974014	PAIRED	PAIRED	2	2674080115	2.674080	MEDIUM_P50_P90
SRR9137504	PRJNA545135	PAIRED	PAIRED	2	2675762873	2.675763	MEDIUM_P50_P90
SRR40188913	PRJNA1497331	UNPAIRED_FROM_PAIRED	SINGLE	1	2676755120	2.676755	MEDIUM_P50_P90
SRR7779179	PRJNA489076	PAIRED	PAIRED	2	2680533661	2.680534	MEDIUM_P50_P90
SRR3401750	PRJNA318886	PAIRED	PAIRED	2	2694421591	2.694422	MEDIUM_P50_P90
SRR16980333	PRJNA766998	PAIRED	PAIRED	2	2696744941	2.696745	MEDIUM_P50_P90
SRR3401749	PRJNA318886	PAIRED	PAIRED	2	2706301131	2.706301	MEDIUM_P50_P90
SRR36663601	PRJNA1397464	PAIRED	PAIRED	2	2706758934	2.706759	MEDIUM_P50_P90
SRR40310839	PRJNA1516528	PAIRED	PAIRED	2	2712196121	2.712196	MEDIUM_P50_P90
SRR22246903	PRJNA899862	PAIRED	PAIRED	2	2714908515	2.714909	MEDIUM_P50_P90
SRR12618116	PRJNA662582	SINGLE	SINGLE	1	2715966995	2.715967	MEDIUM_P50_P90
SRR33198156	PRJNA1252143	PAIRED	PAIRED	2	2727459249	2.727459	MEDIUM_P50_P90
SRR24650976	PRJNA974014	PAIRED	PAIRED	2	2730249161	2.730249	MEDIUM_P50_P90
SRR7779174	PRJNA489076	PAIRED	PAIRED	2	2741636735	2.741637	MEDIUM_P50_P90
SRR33198166	PRJNA1252143	PAIRED	PAIRED	2	2743631674	2.743632	MEDIUM_P50_P90
SRR9137507	PRJNA545135	PAIRED	PAIRED	2	2747377113	2.747377	MEDIUM_P50_P90
SRR33198159	PRJNA1252143	PAIRED	PAIRED	2	2750195729	2.750196	MEDIUM_P50_P90
SRR36663597	PRJNA1397464	PAIRED	PAIRED	2	2762940279	2.762940	MEDIUM_P50_P90
SRR7779188	PRJNA489076	PAIRED	PAIRED	2	2763743853	2.763744	MEDIUM_P50_P90
SRR24650989	PRJNA974014	PAIRED	PAIRED	2	2763891450	2.763891	MEDIUM_P50_P90
SRR7779171	PRJNA489076	PAIRED	PAIRED	2	2766840813	2.766841	MEDIUM_P50_P90
SRR40310840	PRJNA1516528	PAIRED	PAIRED	2	2777753869	2.777754	MEDIUM_P50_P90
SRR12618134	PRJNA662582	SINGLE	SINGLE	1	2783437783	2.783438	MEDIUM_P50_P90
SRR12774961	PRJNA667472	PAIRED	PAIRED	2	2790387955	2.790388	MEDIUM_P50_P90
SRR22246896	PRJNA899862	PAIRED	PAIRED	2	2795048208	2.795048	MEDIUM_P50_P90
DRR524625	PRJDB17021	PAIRED	PAIRED	2	2796680277	2.796680	MEDIUM_P50_P90
SRR15923900	PRJNA763926	PAIRED	PAIRED	2	2800668183	2.800668	MEDIUM_P50_P90
SRR7779177	PRJNA489076	PAIRED	PAIRED	2	2807760275	2.807760	MEDIUM_P50_P90
ERR15232641	PRJEB91924	SINGLE	SINGLE	1	2809798965	2.809799	MEDIUM_P50_P90
SRR12618128	PRJNA662582	SINGLE	SINGLE	1	2810808834	2.810809	MEDIUM_P50_P90
SRR15111560	PRJNA746067	PAIRED	PAIRED	2	2815365818	2.815366	MEDIUM_P50_P90
SRR33198152	PRJNA1252143	PAIRED	PAIRED	2	2817114333	2.817114	MEDIUM_P50_P90
SRR36663598	PRJNA1397464	PAIRED	PAIRED	2	2817288226	2.817288	MEDIUM_P50_P90
SRR33309116	PRJNA1254963	PAIRED	PAIRED	2	2822711514	2.822712	MEDIUM_P50_P90
SRR36222939	PRJNA1363687	PAIRED	PAIRED	2	2827789369	2.827789	MEDIUM_P50_P90
SRR33309121	PRJNA1254963	PAIRED	PAIRED	2	2829140366	2.829140	MEDIUM_P50_P90
SRR12618100	PRJNA662582	SINGLE	SINGLE	1	2829472583	2.829473	MEDIUM_P50_P90
SRR3161786	PRJNA311594	PAIRED	PAIRED	2	2829799202	2.829799	MEDIUM_P50_P90
SRR7779194	PRJNA489076	PAIRED	PAIRED	2	2829876781	2.829877	MEDIUM_P50_P90
SRR40310831	PRJNA1516528	PAIRED	PAIRED	2	2829959426	2.829959	MEDIUM_P50_P90
SRR7779191	PRJNA489076	PAIRED	PAIRED	2	2834371485	2.834371	MEDIUM_P50_P90
SRR33309108	PRJNA1254963	PAIRED	PAIRED	2	2834803220	2.834803	MEDIUM_P50_P90
SRR15923901	PRJNA763926	PAIRED	PAIRED	2	2834823583	2.834824	MEDIUM_P50_P90
SRR5298325	PRJNA355213	SINGLE	SINGLE	1	2838065491	2.838065	MEDIUM_P50_P90
SRR12618118	PRJNA662582	SINGLE	SINGLE	1	2838352011	2.838352	MEDIUM_P50_P90
SRR7770747	PRJNA488640	PAIRED	PAIRED	2	2839384880	2.839385	MEDIUM_P50_P90
ERR4184070	PRJEB38542	SINGLE	SINGLE	1	2843830465	2.843830	MEDIUM_P50_P90
SRR33309107	PRJNA1254963	PAIRED	PAIRED	2	2844435430	2.844435	MEDIUM_P50_P90
SRR12774953	PRJNA667472	PAIRED	PAIRED	2	2844987579	2.844988	MEDIUM_P50_P90
DRR524613	PRJDB17021	PAIRED	PAIRED	2	2845406582	2.845407	MEDIUM_P50_P90
SRR33198167	PRJNA1252143	PAIRED	PAIRED	2	2857363500	2.857363	MEDIUM_P50_P90
SRR12618120	PRJNA662582	SINGLE	SINGLE	1	2859298518	2.859299	MEDIUM_P50_P90
SRR7779178	PRJNA489076	PAIRED	PAIRED	2	2860024870	2.860025	MEDIUM_P50_P90
SRR33198160	PRJNA1252143	PAIRED	PAIRED	2	2860333855	2.860334	MEDIUM_P50_P90
SRR7779201	PRJNA489076	PAIRED	PAIRED	2	2860675170	2.860675	MEDIUM_P50_P90
SRR12618136	PRJNA662582	SINGLE	SINGLE	1	2862572858	2.862573	MEDIUM_P50_P90
SRR33309124	PRJNA1254963	PAIRED	PAIRED	2	2870056013	2.870056	MEDIUM_P50_P90
SRR9137503	PRJNA545135	PAIRED	PAIRED	2	2889979572	2.889980	MEDIUM_P50_P90
SRR29672924	PRJNA1130622	PAIRED	PAIRED	2	2894130097	2.894130	MEDIUM_P50_P90
SRR7779168	PRJNA489076	PAIRED	PAIRED	2	2903081258	2.903081	MEDIUM_P50_P90
SRR9703436	PRJNA555245	SINGLE	SINGLE	1	2903108404	2.903108	MEDIUM_P50_P90
SRR22246893	PRJNA899862	PAIRED	PAIRED	2	2906976378	2.906976	MEDIUM_P50_P90
SRR9137506	PRJNA545135	PAIRED	PAIRED	2	2908000557	2.908001	MEDIUM_P50_P90
SRR33198168	PRJNA1252143	PAIRED	PAIRED	2	2914082559	2.914083	MEDIUM_P50_P90
SRR7770748	PRJNA488640	PAIRED	PAIRED	2	2917824349	2.917824	MEDIUM_P50_P90
SRR12618105	PRJNA662582	SINGLE	SINGLE	1	2943876549	2.943877	MEDIUM_P50_P90
SRR12774959	PRJNA667472	PAIRED	PAIRED	2	2944619096	2.944619	MEDIUM_P50_P90
SRR33198151	PRJNA1252143	PAIRED	PAIRED	2	2945933662	2.945934	MEDIUM_P50_P90
SRR22246897	PRJNA899862	PAIRED	PAIRED	2	2953578818	2.953579	MEDIUM_P50_P90
SRR33198165	PRJNA1252143	PAIRED	PAIRED	2	2956198400	2.956198	MEDIUM_P50_P90
SRR33309095	PRJNA1254963	PAIRED	PAIRED	2	2956300303	2.956300	MEDIUM_P50_P90
SRR12618129	PRJNA662582	SINGLE	SINGLE	1	2958236448	2.958236	MEDIUM_P50_P90
SRR7770745	PRJNA488640	PAIRED	PAIRED	2	2961515836	2.961516	MEDIUM_P50_P90
SRR22246901	PRJNA899862	PAIRED	PAIRED	2	2961604627	2.961605	MEDIUM_P50_P90
SRR18163659	PRJNA810994	SINGLE	SINGLE	1	2964045682	2.964046	MEDIUM_P50_P90
SRR33309112	PRJNA1254963	PAIRED	PAIRED	2	2964926378	2.964926	MEDIUM_P50_P90
SRR7779196	PRJNA489076	PAIRED	PAIRED	2	2969211106	2.969211	MEDIUM_P50_P90
SRR36663591	PRJNA1397461	PAIRED	PAIRED	2	2974431544	2.974432	MEDIUM_P50_P90
SRR12618117	PRJNA662582	SINGLE	SINGLE	1	2981039758	2.981040	MEDIUM_P50_P90
SRR12618082	PRJNA662582	SINGLE	SINGLE	1	2992675720	2.992676	MEDIUM_P50_P90
SRR36663589	PRJNA1397461	PAIRED	PAIRED	2	2995884695	2.995885	MEDIUM_P50_P90
SRR29672927	PRJNA1130622	PAIRED	PAIRED	2	2996001550	2.996002	MEDIUM_P50_P90
SRR7779173	PRJNA489076	PAIRED	PAIRED	2	2999499969	2.999500	MEDIUM_P50_P90
ERR1983094	PRJEB14303	PAIRED	PAIRED	2	3001523523	3.001524	MEDIUM_P50_P90
SRR7770744	PRJNA488640	PAIRED	PAIRED	2	3002729780	3.002730	MEDIUM_P50_P90
SRR33309117	PRJNA1254963	PAIRED	PAIRED	2	3004158401	3.004158	MEDIUM_P50_P90
SRR12587966	PRJNA661407	PAIRED	PAIRED	2	3013030327	3.013030	MEDIUM_P50_P90
SRR18163665	PRJNA810994	SINGLE	SINGLE	1	3014130462	3.014130	MEDIUM_P50_P90
SRR36663585	PRJNA1397461	PAIRED	PAIRED	2	3014513592	3.014514	MEDIUM_P50_P90
SRR7779169	PRJNA489076	PAIRED	PAIRED	2	3023086218	3.023086	MEDIUM_P50_P90
SRR33309110	PRJNA1254963	PAIRED	PAIRED	2	3025640251	3.025640	MEDIUM_P50_P90
SRR15111555	PRJNA746067	PAIRED	PAIRED	2	3030163293	3.030163	MEDIUM_P50_P90
SRR33198162	PRJNA1252143	PAIRED	PAIRED	2	3034663290	3.034663	MEDIUM_P50_P90
SRR33198164	PRJNA1252143	PAIRED	PAIRED	2	3035794587	3.035795	MEDIUM_P50_P90
SRR7779189	PRJNA489076	PAIRED	PAIRED	2	3036990777	3.036991	MEDIUM_P50_P90
ERR1983096	PRJEB14303	PAIRED	PAIRED	2	3044515974	3.044516	MEDIUM_P50_P90
SRR40310835	PRJNA1516528	PAIRED	PAIRED	2	3044914085	3.044914	MEDIUM_P50_P90
SRR7779200	PRJNA489076	PAIRED	PAIRED	2	3047705259	3.047705	MEDIUM_P50_P90
SRR12618135	PRJNA662582	SINGLE	SINGLE	1	3050178161	3.050178	MEDIUM_P50_P90
SRR12618138	PRJNA662582	SINGLE	SINGLE	1	3050908247	3.050908	MEDIUM_P50_P90
ERR4184082	PRJEB38542	SINGLE	SINGLE	1	3052663321	3.052663	MEDIUM_P50_P90
SRR12774962	PRJNA667472	PAIRED	PAIRED	2	3053042583	3.053043	MEDIUM_P50_P90
SRR12618119	PRJNA662582	SINGLE	SINGLE	1	3056600518	3.056601	MEDIUM_P50_P90
SRR33309111	PRJNA1254963	PAIRED	PAIRED	2	3056808117	3.056808	MEDIUM_P50_P90
SRR7779195	PRJNA489076	PAIRED	PAIRED	2	3057542580	3.057543	MEDIUM_P50_P90
SRR12618098	PRJNA662582	SINGLE	SINGLE	1	3059374220	3.059374	MEDIUM_P50_P90
SRR24099903	PRJNA953054	PAIRED	PAIRED	2	3059508863	3.059509	MEDIUM_P50_P90
ERR3001894	PRJEB30364	PAIRED	PAIRED	2	3061811249	3.061811	MEDIUM_P50_P90
SRR7779202	PRJNA489076	PAIRED	PAIRED	2	3063695673	3.063696	MEDIUM_P50_P90
SRR22246883	PRJNA899862	PAIRED	PAIRED	2	3063882891	3.063883	MEDIUM_P50_P90
SRR33309105	PRJNA1254963	PAIRED	PAIRED	2	3065256781	3.065257	MEDIUM_P50_P90
SRR36663587	PRJNA1397461	PAIRED	PAIRED	2	3067205244	3.067205	MEDIUM_P50_P90
SRR12618124	PRJNA662582	SINGLE	SINGLE	1	3068253538	3.068254	MEDIUM_P50_P90
SRR40188912	PRJNA1497331	PAIRED	PAIRED	2	3068888422	3.068888	MEDIUM_P50_P90
SRR29672921	PRJNA1130622	PAIRED	PAIRED	2	3070376453	3.070376	MEDIUM_P50_P90
SRR12618114	PRJNA662582	SINGLE	SINGLE	1	3070403417	3.070403	MEDIUM_P50_P90
SRR22246884	PRJNA899862	PAIRED	PAIRED	2	3080662713	3.080663	MEDIUM_P50_P90
SRR7779185	PRJNA489076	PAIRED	PAIRED	2	3082431882	3.082432	MEDIUM_P50_P90
SRR22143448	PRJNA896947	PAIRED	PAIRED	2	3088188666	3.088189	MEDIUM_P50_P90
SRR40310836	PRJNA1516528	PAIRED	PAIRED	2	3096655076	3.096655	MEDIUM_P50_P90
SRR33198163	PRJNA1252143	PAIRED	PAIRED	2	3101219995	3.101220	MEDIUM_P50_P90
SRR12618084	PRJNA662582	SINGLE	SINGLE	1	3103500215	3.103500	MEDIUM_P50_P90
ERR3001884	PRJEB30364	PAIRED	PAIRED	2	3106385802	3.106386	MEDIUM_P50_P90
SRR7779192	PRJNA489076	PAIRED	PAIRED	2	3107361962	3.107362	MEDIUM_P50_P90
ERR4184083	PRJEB38542	SINGLE	SINGLE	1	3108091581	3.108092	MEDIUM_P50_P90
SRR7779180	PRJNA489076	PAIRED	PAIRED	2	3110177811	3.110178	MEDIUM_P50_P90
SRR22246887	PRJNA899862	PAIRED	PAIRED	2	3111001959	3.111002	MEDIUM_P50_P90
SRR7779184	PRJNA489076	PAIRED	PAIRED	2	3115126858	3.115127	MEDIUM_P50_P90
DRR524605	PRJDB17021	PAIRED	PAIRED	2	3119971499	3.119971	MEDIUM_P50_P90
DRR524624	PRJDB17021	PAIRED	PAIRED	2	3126207864	3.126208	MEDIUM_P50_P90
SRR29672929	PRJNA1130622	PAIRED	PAIRED	2	3126323824	3.126324	MEDIUM_P50_P90
SRR15111577	PRJNA746067	PAIRED	PAIRED	2	3127932165	3.127932	MEDIUM_P50_P90
SRR7779183	PRJNA489076	PAIRED	PAIRED	2	3128333820	3.128334	MEDIUM_P50_P90
SRR7779187	PRJNA489076	PAIRED	PAIRED	2	3129428191	3.129428	MEDIUM_P50_P90
ERR3001887	PRJEB30364	PAIRED	PAIRED	2	3129801024	3.129801	MEDIUM_P50_P90
SRR40310829	PRJNA1516528	PAIRED	PAIRED	2	3132267873	3.132268	MEDIUM_P50_P90
ERR3001886	PRJEB30364	PAIRED	PAIRED	2	3133399180	3.133399	MEDIUM_P50_P90
SRR7770746	PRJNA488640	PAIRED	PAIRED	2	3136051690	3.136052	MEDIUM_P50_P90
SRR22246890	PRJNA899862	PAIRED	PAIRED	2	3139101931	3.139102	MEDIUM_P50_P90
SRR33309109	PRJNA1254963	PAIRED	PAIRED	2	3139805353	3.139805	MEDIUM_P50_P90
SRR22143437	PRJNA896947	PAIRED	PAIRED	2	3142378537	3.142379	MEDIUM_P50_P90
SRR15111559	PRJNA746067	PAIRED	PAIRED	2	3144366446	3.144366	MEDIUM_P50_P90
SRR12618121	PRJNA662582	SINGLE	SINGLE	1	3147082562	3.147083	MEDIUM_P50_P90
SRR22246889	PRJNA899862	PAIRED	PAIRED	2	3149986537	3.149987	MEDIUM_P50_P90
SRR9137508	PRJNA545135	PAIRED	PAIRED	2	3152178236	3.152178	MEDIUM_P50_P90
DRR524628	PRJDB17021	PAIRED	PAIRED	2	3157981163	3.157981	MEDIUM_P50_P90
SRR9137505	PRJNA545135	PAIRED	PAIRED	2	3158716851	3.158717	MEDIUM_P50_P90
SRR16980338	PRJNA766998	PAIRED	PAIRED	2	3160355609	3.160356	MEDIUM_P50_P90
SRR15111557	PRJNA746067	PAIRED	PAIRED	2	3164810838	3.164811	MEDIUM_P50_P90
SRR33198157	PRJNA1252143	PAIRED	PAIRED	2	3166028937	3.166029	MEDIUM_P50_P90
SRR7770749	PRJNA488640	PAIRED	PAIRED	2	3166661677	3.166662	MEDIUM_P50_P90
SRR40310833	PRJNA1516528	PAIRED	PAIRED	2	3174142820	3.174143	MEDIUM_P50_P90
SRR22143444	PRJNA896947	PAIRED	PAIRED	2	3179154453	3.179154	MEDIUM_P50_P90
SRR7779182	PRJNA489076	PAIRED	PAIRED	2	3181523932	3.181524	MEDIUM_P50_P90
SRR22143447	PRJNA896947	PAIRED	PAIRED	2	3189551180	3.189551	MEDIUM_P50_P90
SRR7779198	PRJNA489076	PAIRED	PAIRED	2	3196091201	3.196091	MEDIUM_P50_P90
SRR15111575	PRJNA746067	PAIRED	PAIRED	2	3203921483	3.203921	MEDIUM_P50_P90
SRR2968325	PRJNA304606	PAIRED	PAIRED	2	3205347796	3.205348	MEDIUM_P50_P90
ERR3001891	PRJEB30364	PAIRED	PAIRED	2	3209813105	3.209813	MEDIUM_P50_P90
ERR3001888	PRJEB30364	PAIRED	PAIRED	2	3211714387	3.211714	MEDIUM_P50_P90
SRR29441698	PRJNA1123849	PAIRED	PAIRED	2	3213375437	3.213375	MEDIUM_P50_P90
SRR18356112	PRJNA817102	PAIRED	PAIRED	2	3213974268	3.213974	MEDIUM_P50_P90
SRR16980345	PRJNA766998	PAIRED	PAIRED	2	3216501879	3.216502	MEDIUM_P50_P90
ERR1983095	PRJEB14303	PAIRED	PAIRED	2	3217035314	3.217035	MEDIUM_P50_P90
SRR9137509	PRJNA545135	PAIRED	PAIRED	2	3220396857	3.220397	MEDIUM_P50_P90
SRR7779193	PRJNA489076	PAIRED	PAIRED	2	3223663850	3.223664	MEDIUM_P50_P90
SRR33309101	PRJNA1254963	PAIRED	PAIRED	2	3228970226	3.228970	MEDIUM_P50_P90
SRR12618094	PRJNA662582	SINGLE	SINGLE	1	3229059441	3.229059	MEDIUM_P50_P90
ERR3001881	PRJEB30364	PAIRED	PAIRED	2	3236168358	3.236168	MEDIUM_P50_P90
SRR12618101	PRJNA662582	SINGLE	SINGLE	1	3236283993	3.236284	MEDIUM_P50_P90
SRR7770742	PRJNA488640	PAIRED	PAIRED	2	3239089332	3.239089	MEDIUM_P50_P90
ERR3001893	PRJEB30364	PAIRED	PAIRED	2	3243304419	3.243304	MEDIUM_P50_P90
SRR12618139	PRJNA662582	SINGLE	SINGLE	1	3249988989	3.249989	MEDIUM_P50_P90
SRR16980365	PRJNA766998	PAIRED	PAIRED	2	3250094348	3.250094	MEDIUM_P50_P90
DRR524616	PRJDB17021	PAIRED	PAIRED	2	3251765011	3.251765	MEDIUM_P50_P90
DRR568657	PRJDB17021	PACBIO_SUBREADS	SINGLE	1	3252428580	3.252429	MEDIUM_P50_P90
SRR22246878	PRJNA899862	PAIRED	PAIRED	2	3254251110	3.254251	MEDIUM_P50_P90
SRR24099904	PRJNA953054	PAIRED	PAIRED	2	3256997829	3.256998	MEDIUM_P50_P90
SRR22246874	PRJNA899862	PAIRED	PAIRED	2	3258225722	3.258226	MEDIUM_P50_P90
SRR12618125	PRJNA662582	SINGLE	SINGLE	1	3261207578	3.261208	MEDIUM_P50_P90
SRR18163655	PRJNA810994	SINGLE	SINGLE	1	3269504864	3.269505	MEDIUM_P50_P90
ERR3001885	PRJEB30364	PAIRED	PAIRED	2	3270582809	3.270583	MEDIUM_P50_P90
SRR12618090	PRJNA662582	SINGLE	SINGLE	1	3279349772	3.279350	MEDIUM_P50_P90
SRR22143446	PRJNA896947	PAIRED	PAIRED	2	3281601087	3.281601	MEDIUM_P50_P90
SRR22246879	PRJNA899862	PAIRED	PAIRED	2	3285071507	3.285072	MEDIUM_P50_P90
SRR22143436	PRJNA896947	PAIRED	PAIRED	2	3285684505	3.285685	MEDIUM_P50_P90
SRR7779186	PRJNA489076	PAIRED	PAIRED	2	3286130412	3.286130	MEDIUM_P50_P90
DRR524629	PRJDB17021	PAIRED	PAIRED	2	3287270591	3.287271	MEDIUM_P50_P90
ERR3001879	PRJEB30364	PAIRED	PAIRED	2	3289037315	3.289037	MEDIUM_P50_P90
SRR29672912	PRJNA1130622	PAIRED	PAIRED	2	3289959424	3.289959	MEDIUM_P50_P90
SRR12774960	PRJNA667472	PAIRED	PAIRED	2	3291060327	3.291060	MEDIUM_P50_P90
SRR29672939	PRJNA1130622	PAIRED	PAIRED	2	3293217238	3.293217	MEDIUM_P50_P90
SRR12618137	PRJNA662582	SINGLE	SINGLE	1	3296199189	3.296199	MEDIUM_P50_P90
SRR12774958	PRJNA667472	PAIRED	PAIRED	2	3296287840	3.296288	MEDIUM_P50_P90
SRR16980357	PRJNA766998	PAIRED	PAIRED	2	3299992112	3.299992	MEDIUM_P50_P90
SRR40310830	PRJNA1516528	PAIRED	PAIRED	2	3304122012	3.304122	MEDIUM_P50_P90
SRR18356113	PRJNA817102	PAIRED	PAIRED	2	3306654983	3.306655	MEDIUM_P50_P90
SRR12774963	PRJNA667472	PAIRED	PAIRED	2	3313453968	3.313454	MEDIUM_P50_P90
SRR18502236	PRJNA820638	PAIRED	PAIRED	2	3315140789	3.315141	MEDIUM_P50_P90
ERR3001890	PRJEB30364	PAIRED	PAIRED	2	3321959679	3.321960	MEDIUM_P50_P90
SRR12618096	PRJNA662582	SINGLE	SINGLE	1	3322874610	3.322875	MEDIUM_P50_P90
SRR12587964	PRJNA661407	PAIRED	PAIRED	2	3331008156	3.331008	MEDIUM_P50_P90
ERR1983093	PRJEB14303	PAIRED	PAIRED	2	3334443087	3.334443	MEDIUM_P50_P90
SRR12618092	PRJNA662582	SINGLE	SINGLE	1	3334689517	3.334690	MEDIUM_P50_P90
SRR22246872	PRJNA899862	PAIRED	PAIRED	2	3336096673	3.336097	MEDIUM_P50_P90
SRR18163667	PRJNA810994	SINGLE	SINGLE	1	3336945957	3.336946	MEDIUM_P50_P90
SRR18163661	PRJNA810994	SINGLE	SINGLE	1	3341049182	3.341049	MEDIUM_P50_P90
SRR25184718	PRJNA992436	PAIRED	PAIRED	2	3342168558	3.342169	MEDIUM_P50_P90
SRR12618122	PRJNA662582	SINGLE	SINGLE	1	3342697898	3.342698	MEDIUM_P50_P90
SRR12618130	PRJNA662582	SINGLE	SINGLE	1	3345455461	3.345455	MEDIUM_P50_P90
SRR22246888	PRJNA899862	PAIRED	PAIRED	2	3347625548	3.347626	MEDIUM_P50_P90
DRR524612	PRJDB17021	PAIRED	PAIRED	2	3348420006	3.348420	MEDIUM_P50_P90
SRR16980344	PRJNA766998	PAIRED	PAIRED	2	3351478036	3.351478	MEDIUM_P50_P90
SRR22143449	PRJNA896947	PAIRED	PAIRED	2	3351908967	3.351909	MEDIUM_P50_P90
SRR25184716	PRJNA992436	PAIRED	PAIRED	2	3358242706	3.358243	MEDIUM_P50_P90
SRR24099905	PRJNA953054	PAIRED	PAIRED	2	3362281259	3.362281	MEDIUM_P50_P90
SRR25184721	PRJNA992436	PAIRED	PAIRED	2	3363254027	3.363254	MEDIUM_P50_P90
SRR33309120	PRJNA1254963	PAIRED	PAIRED	2	3366795873	3.366796	MEDIUM_P50_P90
SRR18163663	PRJNA810994	SINGLE	SINGLE	1	3370292368	3.370292	MEDIUM_P50_P90
ERR3668304	PRJEB35183	PAIRED	PAIRED	2	3376369940	3.376370	MEDIUM_P50_P90
SRR12618132	PRJNA662582	SINGLE	SINGLE	1	3378879689	3.378880	MEDIUM_P50_P90
SRR22246894	PRJNA899862	PAIRED	PAIRED	2	3387396781	3.387397	MEDIUM_P50_P90
SRR16980374	PRJNA766998	PAIRED	PAIRED	2	3387837901	3.387838	MEDIUM_P50_P90
SRR18163657	PRJNA810994	SINGLE	SINGLE	1	3387987109	3.387987	MEDIUM_P50_P90
DRR524608	PRJDB17021	PAIRED	PAIRED	2	3391223122	3.391223	MEDIUM_P50_P90
ERR3001892	PRJEB30364	PAIRED	PAIRED	2	3394094434	3.394094	MEDIUM_P50_P90
SRR33198161	PRJNA1252143	PAIRED	PAIRED	2	3397005310	3.397005	MEDIUM_P50_P90
SRR12774957	PRJNA667472	PAIRED	PAIRED	2	3397070304	3.397070	MEDIUM_P50_P90
SRR15111579	PRJNA746067	PAIRED	PAIRED	2	3407955325	3.407955	MEDIUM_P50_P90
SRR12618083	PRJNA662582	SINGLE	SINGLE	1	3409831235	3.409831	MEDIUM_P50_P90
SRR2968326	PRJNA304606	PAIRED	PAIRED	2	3411358109	3.411358	MEDIUM_P50_P90
SRR16980330	PRJNA766998	PAIRED	PAIRED	2	3413152600	3.413153	MEDIUM_P50_P90
SRR12618099	PRJNA662582	SINGLE	SINGLE	1	3414488185	3.414488	MEDIUM_P50_P90
SRR12774955	PRJNA667472	PAIRED	PAIRED	2	3417723268	3.417723	MEDIUM_P50_P90
SRR33309118	PRJNA1254963	PAIRED	PAIRED	2	3418994402	3.418994	MEDIUM_P50_P90
SRR10493817	PRJNA590486	PAIRED_PLUS_UNPAIRED	PAIRED	3	3420722437	3.420722	MEDIUM_P50_P90
SRR5409491	PRJNA378247	PAIRED	PAIRED	2	3421955720	3.421956	MEDIUM_P50_P90
SRR33309103	PRJNA1254963	PAIRED	PAIRED	2	3428457389	3.428457	MEDIUM_P50_P90
SRR10493806	PRJNA590486	PAIRED_PLUS_UNPAIRED	PAIRED	3	3431034264	3.431034	MEDIUM_P50_P90
SRR16980371	PRJNA766998	PAIRED_PLUS_UNPAIRED	PAIRED	3	3437887379	3.437887	MEDIUM_P50_P90
SRR33309115	PRJNA1254963	PAIRED	PAIRED	2	3438926186	3.438926	MEDIUM_P50_P90
ERR3001889	PRJEB30364	PAIRED	PAIRED	2	3444082083	3.444082	MEDIUM_P50_P90
SRR18163656	PRJNA810994	SINGLE	SINGLE	1	3450098079	3.450098	MEDIUM_P50_P90
SRR22246876	PRJNA899862	PAIRED	PAIRED	2	3453411988	3.453412	MEDIUM_P50_P90
SRR6232300	PRJNA319417	PAIRED	PAIRED	2	3455693834	3.455694	MEDIUM_P50_P90
SRR12618115	PRJNA662582	SINGLE	SINGLE	1	3456894766	3.456895	MEDIUM_P50_P90
ERR3001878	PRJEB30364	PAIRED	PAIRED	2	3457129155	3.457129	MEDIUM_P50_P90
SRR33309114	PRJNA1254963	PAIRED	PAIRED	2	3457995851	3.457996	MEDIUM_P50_P90
SRR29441701	PRJNA1123849	PAIRED	PAIRED	2	3463358696	3.463359	MEDIUM_P50_P90
SRR33309104	PRJNA1254963	PAIRED	PAIRED	2	3465128329	3.465128	MEDIUM_P50_P90
SRR22246885	PRJNA899862	PAIRED	PAIRED	2	3469318308	3.469318	MEDIUM_P50_P90
SRR7779199	PRJNA489076	PAIRED	PAIRED	2	3471516886	3.471517	MEDIUM_P50_P90
ERR3001880	PRJEB30364	PAIRED	PAIRED	2	3472062657	3.472063	MEDIUM_P50_P90
ERR1983097	PRJEB14303	PAIRED	PAIRED	2	3478682985	3.478683	MEDIUM_P50_P90
SRR12618085	PRJNA662582	SINGLE	SINGLE	1	3481709200	3.481709	MEDIUM_P50_P90
ERR15232640	PRJEB91924	SINGLE	SINGLE	1	3488275426	3.488275	MEDIUM_P50_P90
ERR3001883	PRJEB30364	PAIRED	PAIRED	2	3495680368	3.495680	MEDIUM_P50_P90
SRR33309119	PRJNA1254963	PAIRED	PAIRED	2	3501972541	3.501973	MEDIUM_P50_P90
SRR16980328	PRJNA766998	PAIRED	PAIRED	2	3506649891	3.506650	MEDIUM_P50_P90
SRR33309126	PRJNA1254963	PAIRED	PAIRED	2	3511483509	3.511484	MEDIUM_P50_P90
SRR29441691	PRJNA1123849	PAIRED	PAIRED	2	3514387766	3.514388	MEDIUM_P50_P90
SRR5358889	PRJNA378939	PAIRED	PAIRED	2	3516048667	3.516049	MEDIUM_P50_P90
SRR12618091	PRJNA662582	SINGLE	SINGLE	1	3519791906	3.519792	MEDIUM_P50_P90
SRR12618088	PRJNA662582	SINGLE	SINGLE	1	3522695595	3.522696	MEDIUM_P50_P90
ERR3668301	PRJEB35183	PAIRED	PAIRED	2	3524279944	3.524280	MEDIUM_P50_P90
SRR18502230	PRJNA820638	PAIRED	PAIRED	2	3535593899	3.535594	MEDIUM_P50_P90
SRR24099906	PRJNA953054	PAIRED	PAIRED	2	3547370100	3.547370	MEDIUM_P50_P90
SRR18502227	PRJNA820638	PAIRED	PAIRED	2	3549187988	3.549188	MEDIUM_P50_P90
SRR24099907	PRJNA953054	PAIRED	PAIRED	2	3552963516	3.552964	MEDIUM_P50_P90
SRR10493807	PRJNA590486	PAIRED_PLUS_UNPAIRED	PAIRED	3	3554658994	3.554659	MEDIUM_P50_P90
DRR524617	PRJDB17021	PAIRED	PAIRED	2	3564170813	3.564171	MEDIUM_P50_P90
SRR18163666	PRJNA810994	SINGLE	SINGLE	1	3564303242	3.564303	MEDIUM_P50_P90
SRR18502233	PRJNA820638	PAIRED	PAIRED	2	3574446952	3.574447	MEDIUM_P50_P90
SRR10493814	PRJNA590486	PAIRED_PLUS_UNPAIRED	PAIRED	3	3575939372	3.575939	MEDIUM_P50_P90
SRR12618123	PRJNA662582	SINGLE	SINGLE	1	3581606555	3.581607	MEDIUM_P50_P90
SRR10493811	PRJNA590486	PAIRED_PLUS_UNPAIRED	PAIRED	3	3588371288	3.588371	MEDIUM_P50_P90
SRR15111554	PRJNA746067	PAIRED	PAIRED	2	3588954618	3.588955	MEDIUM_P50_P90
SRR12587967	PRJNA661407	PAIRED	PAIRED	2	3592420795	3.592421	MEDIUM_P50_P90
SRR7770743	PRJNA488640	PAIRED	PAIRED	2	3594684767	3.594685	MEDIUM_P50_P90
ERR8006958	PRJEB49939	PAIRED	PAIRED	2	3596786323	3.596786	MEDIUM_P50_P90
SRR12774954	PRJNA667472	PAIRED	PAIRED	2	3597418471	3.597418	MEDIUM_P50_P90
SRR38262919	PRJNA1282762	SINGLE	SINGLE	1	3603651318	3.603651	MEDIUM_P50_P90
DRR524621	PRJDB17021	PAIRED	PAIRED	2	3603988076	3.603988	MEDIUM_P50_P90
SRR29672926	PRJNA1130622	PAIRED	PAIRED	2	3604350500	3.604350	MEDIUM_P50_P90
SRR7779181	PRJNA489076	PAIRED	PAIRED	2	3604691656	3.604692	MEDIUM_P50_P90
SRR24099901	PRJNA953054	PAIRED	PAIRED	2	3605074554	3.605075	MEDIUM_P50_P90
SRR12618086	PRJNA662582	SINGLE	SINGLE	1	3608821250	3.608821	MEDIUM_P50_P90
SRR29441694	PRJNA1123849	PAIRED	PAIRED	2	3613727833	3.613728	MEDIUM_P50_P90
SRR12618095	PRJNA662582	SINGLE	SINGLE	1	3625669706	3.625670	MEDIUM_P50_P90
SRR10493809	PRJNA590486	PAIRED_PLUS_UNPAIRED	PAIRED	3	3632093446	3.632093	MEDIUM_P50_P90
SRR15111556	PRJNA746067	PAIRED	PAIRED	2	3635265089	3.635265	MEDIUM_P50_P90
SRR8165658	PRJNA504034	PAIRED	PAIRED	2	3635774692	3.635775	MEDIUM_P50_P90
SRR18502235	PRJNA820638	PAIRED	PAIRED	2	3643542396	3.643542	MEDIUM_P50_P90
SRR6232157	PRJNA319417	PAIRED	PAIRED	2	3644810688	3.644811	MEDIUM_P50_P90
SRR18163664	PRJNA810994	SINGLE	SINGLE	1	3646152765	3.646153	MEDIUM_P50_P90
SRR29672913	PRJNA1130622	PAIRED	PAIRED	2	3647508308	3.647508	MEDIUM_P50_P90
SRR18163668	PRJNA810994	SINGLE	SINGLE	1	3648134339	3.648134	MEDIUM_P50_P90
SRR18502228	PRJNA820638	PAIRED	PAIRED	2	3656212708	3.656213	MEDIUM_P50_P90
SRR12618126	PRJNA662582	SINGLE	SINGLE	1	3659623652	3.659624	MEDIUM_P50_P90
SRR10493810	PRJNA590486	PAIRED_PLUS_UNPAIRED	PAIRED	3	3663119361	3.663119	MEDIUM_P50_P90
SRR15111574	PRJNA746067	PAIRED	PAIRED	2	3663523087	3.663523	MEDIUM_P50_P90
SRR33198154	PRJNA1252143	PAIRED	PAIRED	2	3665148899	3.665149	MEDIUM_P50_P90
SRR12618093	PRJNA662582	SINGLE	SINGLE	1	3667583085	3.667583	MEDIUM_P50_P90
SRR22246881	PRJNA899862	PAIRED	PAIRED	2	3667713760	3.667714	MEDIUM_P50_P90
SRR29441690	PRJNA1123849	PAIRED	PAIRED	2	3672498619	3.672499	MEDIUM_P50_P90
SRR16980335	PRJNA766998	PAIRED	PAIRED	2	3673247436	3.673247	MEDIUM_P50_P90
SRR12618131	PRJNA662582	SINGLE	SINGLE	1	3673675443	3.673675	MEDIUM_P50_P90
SRR18502237	PRJNA820638	PAIRED	PAIRED	2	3678019936	3.678020	MEDIUM_P50_P90
SRR29672931	PRJNA1130622	PAIRED	PAIRED	2	3679537110	3.679537	MEDIUM_P50_P90
SRR29441699	PRJNA1123849	PAIRED	PAIRED	2	3680698339	3.680698	MEDIUM_P50_P90
SRR18502229	PRJNA820638	PAIRED	PAIRED	2	3682228953	3.682229	MEDIUM_P50_P90
SRR29441700	PRJNA1123849	PAIRED	PAIRED	2	3684726258	3.684726	MEDIUM_P50_P90
SRR8165627	PRJNA504034	PAIRED	PAIRED	2	3687854102	3.687854	MEDIUM_P50_P90
ERR3001882	PRJEB30364	PAIRED	PAIRED	2	3688323729	3.688324	MEDIUM_P50_P90
SRR24099909	PRJNA953054	PAIRED	PAIRED	2	3690557564	3.690558	MEDIUM_P50_P90
ERR1983092	PRJEB14303	PAIRED	PAIRED	2	3704528787	3.704529	MEDIUM_P50_P90
SRR33309127	PRJNA1254963	PAIRED	PAIRED	2	3705578594	3.705579	MEDIUM_P50_P90
SRR12618097	PRJNA662582	SINGLE	SINGLE	1	3707680180	3.707680	MEDIUM_P50_P90
ERR15232642	PRJEB91924	SINGLE	SINGLE	1	3713540689	3.713541	MEDIUM_P50_P90
SRR12618133	PRJNA662582	SINGLE	SINGLE	1	3715842126	3.715842	MEDIUM_P50_P90
DRR568658	PRJDB17021	PACBIO_SUBREADS	SINGLE	1	3719442740	3.719443	MEDIUM_P50_P90
SRR25184720	PRJNA992436	PAIRED	PAIRED	2	3722826615	3.722827	MEDIUM_P50_P90
SRR9846910	PRJNA556890	PAIRED	PAIRED	2	3724977894	3.724978	MEDIUM_P50_P90
ERR3668310	PRJEB35183	PAIRED	PAIRED	2	3733078828	3.733079	MEDIUM_P50_P90
SRR29672932	PRJNA1130622	PAIRED	PAIRED	2	3739378085	3.739378	MEDIUM_P50_P90
SRR10493819	PRJNA590486	PAIRED_PLUS_UNPAIRED	PAIRED	3	3742618412	3.742618	MEDIUM_P50_P90
SRR33198158	PRJNA1252143	PAIRED	PAIRED	2	3761484704	3.761485	MEDIUM_P50_P90
SRR22246875	PRJNA899862	PAIRED	PAIRED	2	3761719259	3.761719	MEDIUM_P50_P90
ERR3668311	PRJEB35183	PAIRED	PAIRED	2	3782998202	3.782998	MEDIUM_P50_P90
SRR22246873	PRJNA899862	PAIRED	PAIRED	2	3784304829	3.784305	MEDIUM_P50_P90
ERR1983091	PRJEB14303	PAIRED	PAIRED	2	3784793773	3.784794	MEDIUM_P50_P90
SRR18502232	PRJNA820638	PAIRED	PAIRED	2	3787675361	3.787675	MEDIUM_P50_P90
SRR22246882	PRJNA899862	PAIRED	PAIRED	2	3798366797	3.798367	MEDIUM_P50_P90
SRR25184719	PRJNA992436	PAIRED	PAIRED	2	3799377715	3.799378	MEDIUM_P50_P90
SRR10493812	PRJNA590486	PAIRED_PLUS_UNPAIRED	PAIRED	3	3804892058	3.804892	MEDIUM_P50_P90
SRR15111553	PRJNA746067	PAIRED	PAIRED	2	3809653025	3.809653	MEDIUM_P50_P90
SRR18163658	PRJNA810994	SINGLE	SINGLE	1	3812680287	3.812680	MEDIUM_P50_P90
SRR10493805	PRJNA590486	PAIRED_PLUS_UNPAIRED	PAIRED	3	3816746553	3.816747	MEDIUM_P50_P90
SRR2968327	PRJNA304606	PAIRED	PAIRED	2	3823558120	3.823558	MEDIUM_P50_P90
SRR9846909	PRJNA556890	PAIRED	PAIRED	2	3828382924	3.828383	MEDIUM_P50_P90
SRR10493816	PRJNA590486	PAIRED_PLUS_UNPAIRED	PAIRED	3	3843592133	3.843592	MEDIUM_P50_P90
SRR10493804	PRJNA590486	PAIRED_PLUS_UNPAIRED	PAIRED	3	3845869716	3.845870	MEDIUM_P50_P90
ERR3668302	PRJEB35183	PAIRED	PAIRED	2	3853743482	3.853743	MEDIUM_P50_P90
SRR25184717	PRJNA992436	PAIRED	PAIRED	2	3854800809	3.854801	MEDIUM_P50_P90
ERR3668305	PRJEB35183	PAIRED	PAIRED	2	3867017349	3.867017	MEDIUM_P50_P90
SRR24099908	PRJNA953054	PAIRED	PAIRED	2	3869345016	3.869345	MEDIUM_P50_P90
SRR18163669	PRJNA810994	SINGLE	SINGLE	1	3871227053	3.871227	MEDIUM_P50_P90
SRR10493808	PRJNA590486	PAIRED_PLUS_UNPAIRED	PAIRED	3	3875527705	3.875528	MEDIUM_P50_P90
SRR12618112	PRJNA662582	SINGLE	SINGLE	1	3882109563	3.882110	MEDIUM_P50_P90
SRR10493818	PRJNA590486	PAIRED_PLUS_UNPAIRED	PAIRED	3	3890997623	3.890998	MEDIUM_P50_P90
SRR29672928	PRJNA1130622	PAIRED	PAIRED	2	3893484240	3.893484	MEDIUM_P50_P90
SRR22246895	PRJNA899862	PAIRED	PAIRED	2	3894070558	3.894071	MEDIUM_P50_P90
ERR3668307	PRJEB35183	PAIRED	PAIRED	2	3905711143	3.905711	MEDIUM_P50_P90
SRR16980359	PRJNA766998	PAIRED	PAIRED	2	3906704154	3.906704	MEDIUM_P50_P90
SRR18502231	PRJNA820638	PAIRED	PAIRED	2	3920293210	3.920293	MEDIUM_P50_P90
SRR8165655	PRJNA504034	PAIRED	PAIRED	2	3926193491	3.926193	MEDIUM_P50_P90
SRR16980361	PRJNA766998	PAIRED	PAIRED	2	3928453685	3.928454	MEDIUM_P50_P90
SRR10493813	PRJNA590486	PAIRED_PLUS_UNPAIRED	PAIRED	3	3929940771	3.929941	MEDIUM_P50_P90
SRR12618089	PRJNA662582	SINGLE	SINGLE	1	3944372328	3.944372	MEDIUM_P50_P90
SRR16980364	PRJNA766998	PAIRED	PAIRED	2	3946402200	3.946402	MEDIUM_P50_P90
SRR16980360	PRJNA766998	PAIRED	PAIRED	2	3953756468	3.953756	MEDIUM_P50_P90
SRR12587965	PRJNA661407	PAIRED	PAIRED	2	3954243601	3.954244	MEDIUM_P50_P90
SRR18502238	PRJNA820638	PAIRED	PAIRED	2	3957603586	3.957604	MEDIUM_P50_P90
SRR29441697	PRJNA1123849	PAIRED	PAIRED	2	3965894578	3.965895	MEDIUM_P50_P90
ERR3668300	PRJEB35183	PAIRED	PAIRED	2	3971601565	3.971602	MEDIUM_P50_P90
SRR12618087	PRJNA662582	SINGLE	SINGLE	1	3975564548	3.975565	MEDIUM_P50_P90
SRR33309096	PRJNA1254963	PAIRED	PAIRED	2	3987666015	3.987666	MEDIUM_P50_P90
SRR18163660	PRJNA810994	SINGLE	SINGLE	1	3997207968	3.997208	MEDIUM_P50_P90
SRR16980376	PRJNA766998	PAIRED	PAIRED	2	3999206980	3.999207	MEDIUM_P50_P90
ERR7417869	PRJEB48931	PAIRED	PAIRED	2	4003056365	4.003056	MEDIUM_P50_P90
SRR22246870	PRJNA899862	PAIRED	PAIRED	2	4003526705	4.003527	MEDIUM_P50_P90
SRR29441693	PRJNA1123849	PAIRED	PAIRED	2	4004752398	4.004752	MEDIUM_P50_P90
SRR16980339	PRJNA766998	PAIRED	PAIRED	2	4008937186	4.008937	MEDIUM_P50_P90
ERR3668312	PRJEB35183	PAIRED	PAIRED	2	4011575438	4.011575	MEDIUM_P50_P90
SRR9846911	PRJNA556890	PAIRED	PAIRED	2	4017794871	4.017795	MEDIUM_P50_P90
ERR7417867	PRJEB48931	PAIRED	PAIRED	2	4018444031	4.018444	MEDIUM_P50_P90
SRR22246904	PRJNA899862	PAIRED	PAIRED	2	4021580194	4.021580	MEDIUM_P50_P90
SRR11184914	PRJNA599947	PAIRED	PAIRED	2	4032870709	4.032871	MEDIUM_P50_P90
SRR29441692	PRJNA1123849	PAIRED	PAIRED	2	4038665122	4.038665	MEDIUM_P50_P90
SRR11184912	PRJNA599947	PAIRED	PAIRED	2	4052274604	4.052275	MEDIUM_P50_P90
ERR7417868	PRJEB48931	PAIRED	PAIRED	2	4060828409	4.060828	MEDIUM_P50_P90
ERR15232639	PRJEB91924	SINGLE	SINGLE	1	4070770166	4.070770	MEDIUM_P50_P90
SRR15111572	PRJNA746067	PAIRED	PAIRED	2	4071298715	4.071299	MEDIUM_P50_P90
SRR9703435	PRJNA555245	SINGLE	SINGLE	1	4072898642	4.072899	MEDIUM_P50_P90
ERR3668308	PRJEB35183	PAIRED	PAIRED	2	4076442090	4.076442	MEDIUM_P50_P90
ERR3001877	PRJEB30364	PAIRED	PAIRED	2	4076594962	4.076595	MEDIUM_P50_P90
SRR11184908	PRJNA599947	PAIRED	PAIRED	2	4091638849	4.091639	MEDIUM_P50_P90
SRR38262921	PRJNA1282762	SINGLE	SINGLE	1	4092975848	4.092976	MEDIUM_P50_P90
SRR5358887	PRJNA378939	PAIRED	PAIRED	2	4097453307	4.097453	MEDIUM_P50_P90
SRR16980342	PRJNA766998	PAIRED	PAIRED	2	4109844841	4.109845	MEDIUM_P50_P90
SRR18502225	PRJNA820638	PAIRED	PAIRED	2	4136325580	4.136326	MEDIUM_P50_P90
SRR18502224	PRJNA820638	PAIRED	PAIRED	2	4143625945	4.143626	MEDIUM_P50_P90
SRR16980321	PRJNA766998	PAIRED	PAIRED	2	4146601865	4.146602	MEDIUM_P50_P90
SRR16980343	PRJNA766998	PAIRED	PAIRED	2	4149522892	4.149523	MEDIUM_P50_P90
SRR22246871	PRJNA899862	PAIRED	PAIRED	2	4149526826	4.149527	MEDIUM_P50_P90
SRR16980355	PRJNA766998	PAIRED_PLUS_UNPAIRED	PAIRED	3	4152611094	4.152611	MEDIUM_P50_P90
SRR11184920	PRJNA599947	PAIRED	PAIRED	2	4161920671	4.161921	MEDIUM_P50_P90
SRR11184911	PRJNA599947	PAIRED	PAIRED	2	4173649220	4.173649	MEDIUM_P50_P90
SRR22246869	PRJNA899862	PAIRED	PAIRED	2	4184031394	4.184031	MEDIUM_P50_P90
SRR12618127	PRJNA662582	SINGLE	SINGLE	1	4189338846	4.189339	MEDIUM_P50_P90
SRR22246886	PRJNA899862	PAIRED	PAIRED	2	4190374761	4.190375	MEDIUM_P50_P90
SRR18502234	PRJNA820638	PAIRED	PAIRED	2	4196923843	4.196924	MEDIUM_P50_P90
SRR2968328	PRJNA304606	PAIRED	PAIRED	2	4219881008	4.219881	MEDIUM_P50_P90
SRR5409490	PRJNA378247	PAIRED	PAIRED	2	4238801651	4.238802	MEDIUM_P50_P90
SRR15111558	PRJNA746067	PAIRED	PAIRED	2	4240741065	4.240741	MEDIUM_P50_P90
ERR7417870	PRJEB48931	PAIRED	PAIRED	2	4242169602	4.242170	MEDIUM_P50_P90
SRR9846912	PRJNA556890	PAIRED	PAIRED	2	4248731849	4.248732	MEDIUM_P50_P90
SRR16980351	PRJNA766998	PAIRED	PAIRED	2	4251823476	4.251823	MEDIUM_P50_P90
SRR16980320	PRJNA766998	PAIRED	PAIRED	2	4257239933	4.257240	MEDIUM_P50_P90
SRR5812575	PRJNA393479	PAIRED	PAIRED	2	4267399483	4.267399	MEDIUM_P50_P90
SRR16980326	PRJNA766998	PAIRED	PAIRED	2	4271443523	4.271444	MEDIUM_P50_P90
SRR16980369	PRJNA766998	PAIRED	PAIRED	2	4277605465	4.277605	MEDIUM_P50_P90
ERR8006957	PRJEB49939	PAIRED	PAIRED	2	4304462603	4.304463	MEDIUM_P50_P90
SRR12618113	PRJNA662582	SINGLE	SINGLE	1	4304502443	4.304502	MEDIUM_P50_P90
SRR18163662	PRJNA810994	SINGLE	SINGLE	1	4309138649	4.309139	MEDIUM_P50_P90
SRR5812573	PRJNA393479	PAIRED	PAIRED	2	4318924313	4.318924	MEDIUM_P50_P90
SRR22246877	PRJNA899862	PAIRED	PAIRED	2	4333453102	4.333453	MEDIUM_P50_P90
SRR5812581	PRJNA393479	PAIRED	PAIRED	2	4338886521	4.338887	MEDIUM_P50_P90
SRR24099902	PRJNA953054	PAIRED	PAIRED	2	4343971630	4.343972	MEDIUM_P50_P90
SRR11184913	PRJNA599947	PAIRED	PAIRED	2	4352604908	4.352605	MEDIUM_P50_P90
SRR16980329	PRJNA766998	PAIRED	PAIRED	2	4355608973	4.355609	MEDIUM_P50_P90
SRR16980354	PRJNA766998	PAIRED	PAIRED	2	4373475297	4.373475	MEDIUM_P50_P90
SRR8165656	PRJNA504034	PAIRED	PAIRED	2	4379480417	4.379480	MEDIUM_P50_P90
SRR5812574	PRJNA393479	PAIRED	PAIRED	2	4382850165	4.382850	MEDIUM_P50_P90
SRR2968324	PRJNA304606	PAIRED	PAIRED	2	4385504335	4.385504	MEDIUM_P50_P90
SRR14860929	PRJNA739051	PAIRED	PAIRED	2	4385896271	4.385896	MEDIUM_P50_P90
SRR16980337	PRJNA766998	PAIRED	PAIRED	2	4400444843	4.400445	MEDIUM_P50_P90
SRR32329211	PRJNA1223323	PAIRED	PAIRED	2	4402469989	4.402470	MEDIUM_P50_P90
SRR11184917	PRJNA599947	PAIRED	PAIRED	2	4404684764	4.404685	MEDIUM_P50_P90
SRR22246880	PRJNA899862	PAIRED	PAIRED	2	4406594983	4.406595	MEDIUM_P50_P90
ERR7417865	PRJEB48931	PAIRED	PAIRED	2	4417458085	4.417458	MEDIUM_P50_P90
SRR16980367	PRJNA766998	PAIRED	PAIRED	2	4433322548	4.433323	MEDIUM_P50_P90
SRR33309125	PRJNA1254963	PAIRED	PAIRED	2	4438430937	4.438431	MEDIUM_P50_P90
SRR5812579	PRJNA393479	PAIRED	PAIRED	2	4438986714	4.438987	MEDIUM_P50_P90
SRR11184910	PRJNA599947	PAIRED	PAIRED	2	4443430997	4.443431	MEDIUM_P50_P90
SRR5812572	PRJNA393479	PAIRED	PAIRED	2	4448685536	4.448686	MEDIUM_P50_P90
SRR5812580	PRJNA393479	PAIRED	PAIRED	2	4461417006	4.461417	MEDIUM_P50_P90
SRR16980373	PRJNA766998	PAIRED	PAIRED	2	4462831937	4.462832	MEDIUM_P50_P90
SRR18502226	PRJNA820638	PAIRED	PAIRED	2	4474023115	4.474023	MEDIUM_P50_P90
SRR5812571	PRJNA393479	PAIRED	PAIRED	2	4474669421	4.474669	MEDIUM_P50_P90
SRR32329212	PRJNA1223323	PAIRED	PAIRED	2	4492487727	4.492488	MEDIUM_P50_P90
ERR7417863	PRJEB48931	PAIRED	PAIRED	2	4522533712	4.522534	MEDIUM_P50_P90
SRR16980362	PRJNA766998	PAIRED	PAIRED	2	4523845236	4.523845	MEDIUM_P50_P90
SRR16980363	PRJNA766998	PAIRED	PAIRED	2	4529782139	4.529782	MEDIUM_P50_P90
SRR16980340	PRJNA766998	PAIRED	PAIRED	2	4532693813	4.532694	MEDIUM_P50_P90
ERR3668303	PRJEB35183	PAIRED	PAIRED	2	4535424916	4.535425	MEDIUM_P50_P90
SRR16980346	PRJNA766998	PAIRED	PAIRED	2	4545332109	4.545332	MEDIUM_P50_P90
SRR16980372	PRJNA766998	PAIRED	PAIRED	2	4549439131	4.549439	MEDIUM_P50_P90
SRR16980358	PRJNA766998	PAIRED	PAIRED	2	4555412865	4.555413	MEDIUM_P50_P90
ERR3668309	PRJEB35183	PAIRED	PAIRED	2	4559873706	4.559874	MEDIUM_P50_P90
SRR12618106	PRJNA662582	SINGLE	SINGLE	1	4561197156	4.561197	MEDIUM_P50_P90
SRR5812578	PRJNA393479	PAIRED	PAIRED	2	4570660034	4.570660	MEDIUM_P50_P90
SRR29441695	PRJNA1123849	PAIRED	PAIRED	2	4578069224	4.578069	MEDIUM_P50_P90
SRR5812570	PRJNA393479	PAIRED	PAIRED	2	4603746455	4.603746	MEDIUM_P50_P90
SRR16980356	PRJNA766998	PAIRED	PAIRED	2	4621353255	4.621353	MEDIUM_P50_P90
SRR29441696	PRJNA1123849	PAIRED	PAIRED	2	4645837183	4.645837	MEDIUM_P50_P90
SRR11184921	PRJNA599947	PAIRED	PAIRED	2	4657553691	4.657554	MEDIUM_P50_P90
SRR16980352	PRJNA766998	PAIRED	PAIRED	2	4664940016	4.664940	MEDIUM_P50_P90
SRR16980324	PRJNA766998	PAIRED	PAIRED	2	4706479242	4.706479	MEDIUM_P50_P90
SRR7421882	PRJNA477823	SINGLE	SINGLE	1	4706820549	4.706821	MEDIUM_P50_P90
SRR11184915	PRJNA599947	PAIRED	PAIRED	2	4721709948	4.721710	MEDIUM_P50_P90
SRR16980322	PRJNA766998	PAIRED	PAIRED	2	4724160013	4.724160	MEDIUM_P50_P90
SRR16980375	PRJNA766998	PAIRED	PAIRED	2	4741574239	4.741574	MEDIUM_P50_P90
SRR18502223	PRJNA820638	PAIRED	PAIRED	2	4749283983	4.749284	MEDIUM_P50_P90
SRR5812577	PRJNA393479	PAIRED	PAIRED	2	4753685019	4.753685	MEDIUM_P50_P90
ERR7417866	PRJEB48931	PAIRED	PAIRED	2	4757234539	4.757235	MEDIUM_P50_P90
SRR16980350	PRJNA766998	PAIRED	PAIRED	2	4757973108	4.757973	MEDIUM_P50_P90
SRR15111580	PRJNA746067	PAIRED	PAIRED	2	4758996885	4.758997	MEDIUM_P50_P90
SRR16980370	PRJNA766998	PAIRED	PAIRED	2	4771107583	4.771108	MEDIUM_P50_P90
ERR3668306	PRJEB35183	PAIRED	PAIRED	2	4810573327	4.810573	MEDIUM_P50_P90
SRR16980331	PRJNA766998	PAIRED	PAIRED	2	4852310804	4.852311	MEDIUM_P50_P90
SRR32329207	PRJNA1223323	PAIRED	PAIRED	2	4854451688	4.854452	MEDIUM_P50_P90
SRR16980323	PRJNA766998	PAIRED	PAIRED	2	4866705082	4.866705	MEDIUM_P50_P90
ERR7417864	PRJEB48931	PAIRED	PAIRED	2	4894428561	4.894429	MEDIUM_P50_P90
SRR5812576	PRJNA393479	PAIRED	PAIRED	2	4899103580	4.899104	MEDIUM_P50_P90
SRR39506913	PRJNA1489724	PAIRED	PAIRED	2	4927225501	4.927226	MEDIUM_P50_P90
SRR8165652	PRJNA504034	PAIRED	PAIRED	2	4945290895	4.945291	MEDIUM_P50_P90
SRR16980366	PRJNA766998	PAIRED	PAIRED	2	4949870715	4.949871	MEDIUM_P50_P90
SRR16980325	PRJNA766998	PAIRED	PAIRED	2	4963087581	4.963088	MEDIUM_P50_P90
ERR2593206	PRJEB9291	PAIRED	PAIRED	2	5070578195	5.070578	MEDIUM_P50_P90
SRR15111573	PRJNA746067	PAIRED	PAIRED	2	5109131374	5.109131	MEDIUM_P50_P90
SRR8165651	PRJNA504034	PAIRED	PAIRED	2	5117738117	5.117738	MEDIUM_P50_P90
SRR32329213	PRJNA1223323	PAIRED	PAIRED	2	5123092145	5.123092	MEDIUM_P50_P90
SRR16980327	PRJNA766998	PAIRED	PAIRED	2	5141278311	5.141278	MEDIUM_P50_P90
SRR11184909	PRJNA599947	PAIRED	PAIRED	2	5152168942	5.152169	MEDIUM_P50_P90
SRR12618107	PRJNA662582	SINGLE	SINGLE	1	5170694590	5.170695	MEDIUM_P50_P90
SRR16980349	PRJNA766998	PAIRED	PAIRED	2	5214556674	5.214557	MEDIUM_P50_P90
ERR2593201	PRJEB9291	PAIRED	PAIRED	2	5233036763	5.233037	MEDIUM_P50_P90
ERR2593202	PRJEB9291	PAIRED	PAIRED	2	5269804163	5.269804	MEDIUM_P50_P90
SRR2968323	PRJNA304606	PAIRED	PAIRED	2	5284886993	5.284887	MEDIUM_P50_P90
ERR359638	PRJEB4847	PAIRED	PAIRED	2	5322966330	5.322966	MEDIUM_P50_P90
SRR15111551	PRJNA746067	PAIRED	PAIRED	2	5366668057	5.366668	MEDIUM_P50_P90
SRR11184918	PRJNA599947	PAIRED	PAIRED	2	5377820175	5.377820	MEDIUM_P50_P90
SRR11184919	PRJNA599947	PAIRED	PAIRED	2	5433383217	5.433383	MEDIUM_P50_P90
SRR32329206	PRJNA1223323	PAIRED	PAIRED	2	5518000701	5.518001	MEDIUM_P50_P90
SRR16980368	PRJNA766998	PAIRED	PAIRED	2	5610605924	5.610606	MEDIUM_P50_P90
ERR359637	PRJEB4847	PAIRED	PAIRED	2	5639427212	5.639427	MEDIUM_P50_P90
SRR32329210	PRJNA1223323	PAIRED	PAIRED	2	5655905318	5.655905	MEDIUM_P50_P90
SRR36222936	PRJNA1363687	PAIRED	PAIRED	2	5694212021	5.694212	MEDIUM_P50_P90
SRR32329205	PRJNA1223323	PAIRED	PAIRED	2	5714945106	5.714945	MEDIUM_P50_P90
ERR2593200	PRJEB9291	PAIRED	PAIRED	2	5729599790	5.729600	MEDIUM_P50_P90
SRR14860931	PRJNA739051	PAIRED	PAIRED	2	5759205410	5.759205	MEDIUM_P50_P90
SRR32329208	PRJNA1223323	PAIRED	PAIRED	2	5761427992	5.761428	MEDIUM_P50_P90
SRR16980336	PRJNA766998	PAIRED	PAIRED	2	5862592949	5.862593	MEDIUM_P50_P90
ERR2593198	PRJEB9291	PAIRED	PAIRED	2	5880768934	5.880769	MEDIUM_P50_P90
SRR16980353	PRJNA766998	PAIRED	PAIRED	2	5907516031	5.907516	MEDIUM_P50_P90
SRR39506912	PRJNA1489724	PAIRED	PAIRED	2	5990053635	5.990054	MEDIUM_P50_P90
SRR11184916	PRJNA599947	PAIRED	PAIRED	2	6142636400	6.142636	MEDIUM_P50_P90
ERR2593204	PRJEB9291	PAIRED	PAIRED	2	6156191706	6.156192	MEDIUM_P50_P90
SRR32329209	PRJNA1223323	PAIRED	PAIRED	2	6191013107	6.191013	MEDIUM_P50_P90
SRR24650918	PRJNA974014	PAIRED	PAIRED	2	6204101125	6.204101	MEDIUM_P50_P90
SRR39499717	PRJNA1489724	PAIRED	PAIRED	2	6258937069	6.258937	MEDIUM_P50_P90
SRR14860937	PRJNA739051	PAIRED	PAIRED	2	6339492853	6.339493	MEDIUM_P50_P90
ERR2593205	PRJEB9291	PAIRED	PAIRED	2	6345623693	6.345624	MEDIUM_P50_P90
SRR39497722	PRJNA1489724	PAIRED	PAIRED	2	6419345275	6.419345	MEDIUM_P50_P90
SRR14860925	PRJNA739051	PAIRED	PAIRED	2	6503799468	6.503799	MEDIUM_P50_P90
SRR24650942	PRJNA974014	PAIRED	PAIRED	2	6529830346	6.529830	MEDIUM_P50_P90
SRR14860938	PRJNA739051	PAIRED	PAIRED	2	6593410634	6.593411	MEDIUM_P50_P90
SRR39511192	PRJNA1489724	PAIRED	PAIRED	2	6596744567	6.596745	LARGE_GT_P90
DRR093872	PRJDB5831	PAIRED	PAIRED	2	6640263398	6.640263	LARGE_GT_P90
SRR5358888	PRJNA378939	PAIRED	PAIRED	2	6697184469	6.697184	LARGE_GT_P90
ERR2593203	PRJEB9291	PAIRED	PAIRED	2	6830446520	6.830447	LARGE_GT_P90
SRR39497723	PRJNA1489724	PAIRED	PAIRED	2	6869275419	6.869275	LARGE_GT_P90
SRR16980341	PRJNA766998	PAIRED	PAIRED	2	6967137584	6.967138	LARGE_GT_P90
SRR14860940	PRJNA739051	PAIRED	PAIRED	2	6971328805	6.971329	LARGE_GT_P90
SRR14860941	PRJNA739051	PAIRED	PAIRED	2	6981954622	6.981955	LARGE_GT_P90
SRR14860935	PRJNA739051	PAIRED	PAIRED	2	7041017564	7.041018	LARGE_GT_P90
SRR24650920	PRJNA974014	PAIRED	PAIRED	2	7154607222	7.154607	LARGE_GT_P90
SRR14860942	PRJNA739051	PAIRED	PAIRED	2	7187327437	7.187327	LARGE_GT_P90
SRR14860927	PRJNA739051	PAIRED	PAIRED	2	7190657304	7.190657	LARGE_GT_P90
SRR16980334	PRJNA766998	PAIRED	PAIRED	2	7295634851	7.295635	LARGE_GT_P90
DRR093875	PRJDB5831	PAIRED	PAIRED	2	7305627300	7.305627	LARGE_GT_P90
SRR39505010	PRJNA1489724	PAIRED	PAIRED	2	7311723643	7.311724	LARGE_GT_P90
SRR24650965	PRJNA974014	PAIRED	PAIRED	2	7323660102	7.323660	LARGE_GT_P90
SRR14860928	PRJNA739051	PAIRED	PAIRED	2	7325458788	7.325459	LARGE_GT_P90
SRR24650923	PRJNA974014	PAIRED	PAIRED	2	7363641286	7.363641	LARGE_GT_P90
SRR14860933	PRJNA739051	PAIRED	PAIRED	2	7419225909	7.419226	LARGE_GT_P90
SRR24650944	PRJNA974014	PAIRED	PAIRED	2	7436147636	7.436148	LARGE_GT_P90
SRR24650941	PRJNA974014	PAIRED	PAIRED	2	7439706527	7.439707	LARGE_GT_P90
SRR24650922	PRJNA974014	PAIRED	PAIRED	2	7446768596	7.446769	LARGE_GT_P90
SRR24650919	PRJNA974014	PAIRED	PAIRED	2	7469160841	7.469161	LARGE_GT_P90
DRR093874	PRJDB5831	PAIRED	PAIRED	2	7474248620	7.474249	LARGE_GT_P90
SRR36222938	PRJNA1363687	PAIRED	PAIRED	2	7565680172	7.565680	LARGE_GT_P90
SRR24650946	PRJNA974014	PAIRED	PAIRED	2	7590714246	7.590714	LARGE_GT_P90
DRR093873	PRJDB5831	PAIRED	PAIRED	2	7610170503	7.610171	LARGE_GT_P90
SRR5358890	PRJNA378939	PAIRED	PAIRED	2	7621672410	7.621672	LARGE_GT_P90
ERR2593199	PRJEB9291	PAIRED	PAIRED	2	7627730303	7.627730	LARGE_GT_P90
SRR36699391	PRJNA1399147	PAIRED	PAIRED	2	7643232774	7.643233	LARGE_GT_P90
SRR14860936	PRJNA739051	PAIRED	PAIRED	2	7657232525	7.657233	LARGE_GT_P90
SRR24650947	PRJNA974014	PAIRED	PAIRED	2	7684578831	7.684579	LARGE_GT_P90
ERR4319921	PRJEB39258	PAIRED	PAIRED	2	7694060110	7.694060	LARGE_GT_P90
SRR24650924	PRJNA974014	PAIRED	PAIRED	2	7715837650	7.715838	LARGE_GT_P90
SRR39505009	PRJNA1489724	PAIRED	PAIRED	2	7739403162	7.739403	LARGE_GT_P90
SRR14860934	PRJNA739051	PAIRED	PAIRED	2	7835015349	7.835015	LARGE_GT_P90
ERR4319914	PRJEB39258	PAIRED	PAIRED	2	7846949050	7.846949	LARGE_GT_P90
ERR4319927	PRJEB39258	PAIRED	PAIRED	2	7865343932	7.865344	LARGE_GT_P90
SRR12194150	PRJNA645419	PAIRED	PAIRED	2	7912407619	7.912408	LARGE_GT_P90
SRR24650943	PRJNA974014	PAIRED	PAIRED	2	7918920322	7.918920	LARGE_GT_P90
SRR14860926	PRJNA739051	PAIRED	PAIRED	2	7930031640	7.930032	LARGE_GT_P90
SRR24650921	PRJNA974014	PAIRED	PAIRED	2	7946796280	7.946796	LARGE_GT_P90
SRR12194146	PRJNA645419	PAIRED	PAIRED	2	7992846889	7.992847	LARGE_GT_P90
SRR39499719	PRJNA1489724	PAIRED	PAIRED	2	8033154436	8.033154	LARGE_GT_P90
SRR14860932	PRJNA739051	PAIRED	PAIRED	2	8055382061	8.055382	LARGE_GT_P90
SRR14860939	PRJNA739051	PAIRED	PAIRED	2	8078851285	8.078851	LARGE_GT_P90
SRR12194152	PRJNA645419	PAIRED	PAIRED	2	8090222169	8.090222	LARGE_GT_P90
SRR36699390	PRJNA1399147	PAIRED	PAIRED	2	8092556360	8.092556	LARGE_GT_P90
SRR14860930	PRJNA739051	PAIRED	PAIRED	2	8096861253	8.096861	LARGE_GT_P90
SRR24650948	PRJNA974014	PAIRED	PAIRED	2	8121667104	8.121667	LARGE_GT_P90
ERR4319937	PRJEB39258	PAIRED	PAIRED	2	8132566694	8.132567	LARGE_GT_P90
SRR36222935	PRJNA1363687	PAIRED	PAIRED	2	8143389914	8.143390	LARGE_GT_P90
ERR4319938	PRJEB39258	PAIRED	PAIRED	2	8196951386	8.196951	LARGE_GT_P90
ERR4319928	PRJEB39258	PAIRED	PAIRED	2	8210280351	8.210280	LARGE_GT_P90
ERR4319934	PRJEB39258	PAIRED	PAIRED	2	8230996437	8.230996	LARGE_GT_P90
SRR39503243	PRJNA1489724	PAIRED	PAIRED	2	8243336034	8.243336	LARGE_GT_P90
ERR4319919	PRJEB39258	PAIRED	PAIRED	2	8248449981	8.248450	LARGE_GT_P90
SRR24650945	PRJNA974014	PAIRED	PAIRED	2	8257004294	8.257004	LARGE_GT_P90
ERR4319929	PRJEB39258	PAIRED	PAIRED	2	8299682038	8.299682	LARGE_GT_P90
SRR12194147	PRJNA645419	PAIRED	PAIRED	2	8330003983	8.330004	LARGE_GT_P90
ERR4319920	PRJEB39258	PAIRED	PAIRED	2	8349878640	8.349879	LARGE_GT_P90
SRR12194151	PRJNA645419	PAIRED	PAIRED	2	8355015886	8.355016	LARGE_GT_P90
ERR4319926	PRJEB39258	PAIRED	PAIRED	2	8382534050	8.382534	LARGE_GT_P90
SRR39511193	PRJNA1489724	PAIRED	PAIRED	2	8389039595	8.389040	LARGE_GT_P90
SRR12194145	PRJNA645419	PAIRED	PAIRED	2	8413210371	8.413210	LARGE_GT_P90
ERR4319913	PRJEB39258	PAIRED	PAIRED	2	8468398247	8.468398	LARGE_GT_P90
SRR39503242	PRJNA1489724	PAIRED	PAIRED	2	8473425359	8.473425	LARGE_GT_P90
ERR4319936	PRJEB39258	PAIRED	PAIRED	2	8474132253	8.474132	LARGE_GT_P90
SRR36699392	PRJNA1399147	PAIRED	PAIRED	2	8476505968	8.476506	LARGE_GT_P90
ERR4319912	PRJEB39258	PAIRED	PAIRED	2	8496172472	8.496172	LARGE_GT_P90
ERR4319924	PRJEB39258	PAIRED	PAIRED	2	8546339081	8.546339	LARGE_GT_P90
SRR36699389	PRJNA1399147	PAIRED	PAIRED	2	8552611782	8.552612	LARGE_GT_P90
SRR39505008	PRJNA1489724	PAIRED	PAIRED	2	8570725001	8.570725	LARGE_GT_P90
ERR4319933	PRJEB39258	PAIRED	PAIRED	2	8578445324	8.578445	LARGE_GT_P90
ERR4319925	PRJEB39258	PAIRED	PAIRED	2	8608614709	8.608615	LARGE_GT_P90
ERR4319915	PRJEB39258	PAIRED	PAIRED	2	8681635236	8.681635	LARGE_GT_P90
ERR4319917	PRJEB39258	PAIRED	PAIRED	2	8747828240	8.747828	LARGE_GT_P90
ERR4319932	PRJEB39258	PAIRED	PAIRED	2	8774640469	8.774640	LARGE_GT_P90
SRR36699393	PRJNA1399147	PAIRED	PAIRED	2	8840065532	8.840066	LARGE_GT_P90
ERR4319923	PRJEB39258	PAIRED	PAIRED	2	8851519561	8.851520	LARGE_GT_P90
ERR4319935	PRJEB39258	PAIRED	PAIRED	2	8883773238	8.883773	LARGE_GT_P90
ERR4319930	PRJEB39258	PAIRED	PAIRED	2	8886149075	8.886149	LARGE_GT_P90
ERR4319922	PRJEB39258	PAIRED	PAIRED	2	8917532146	8.917532	LARGE_GT_P90
ERR4319918	PRJEB39258	PAIRED	PAIRED	2	9024696689	9.024697	LARGE_GT_P90
SRR36222937	PRJNA1363687	PAIRED	PAIRED	2	9053175092	9.053175	LARGE_GT_P90
ERR4319931	PRJEB39258	PAIRED	PAIRED	2	9089448870	9.089449	LARGE_GT_P90
SRR39497724	PRJNA1489724	PAIRED	PAIRED	2	9131472217	9.131472	LARGE_GT_P90
ERR4319916	PRJEB39258	PAIRED	PAIRED	2	9329683940	9.329684	LARGE_GT_P90
SRR10572663	PRJNA593052	PAIRED	PAIRED	2	9360105387	9.360105	LARGE_GT_P90
SRR5812569	PRJNA393479	PAIRED	PAIRED	2	9409913131	9.409913	LARGE_GT_P90
SRR36699394	PRJNA1399147	PAIRED	PAIRED	2	9436424147	9.436424	LARGE_GT_P90
SRR39561857	PRJNA1492564	PAIRED	PAIRED	2	9788611202	9.788611	LARGE_GT_P90
SRR39561849	PRJNA1492564	PAIRED	PAIRED	2	9791232685	9.791233	LARGE_GT_P90
SRR39561858	PRJNA1492564	PAIRED	PAIRED	2	9799756172	9.799756	LARGE_GT_P90
SRR39561850	PRJNA1492564	PAIRED	PAIRED	2	9812745448	9.812745	LARGE_GT_P90
SRR39561860	PRJNA1492564	PAIRED	PAIRED	2	9822173078	9.822173	LARGE_GT_P90
SRR39561851	PRJNA1492564	PAIRED	PAIRED	2	9833747870	9.833748	LARGE_GT_P90
SRR39561856	PRJNA1492564	PAIRED	PAIRED	2	9841686872	9.841687	LARGE_GT_P90
SRR39561859	PRJNA1492564	PAIRED	PAIRED	2	9882144267	9.882144	LARGE_GT_P90
SRR39561854	PRJNA1492564	PAIRED	PAIRED	2	9890863354	9.890863	LARGE_GT_P90
SRR39561855	PRJNA1492564	PAIRED	PAIRED	2	9892749837	9.892750	LARGE_GT_P90
SRR39561852	PRJNA1492564	PAIRED	PAIRED	2	9933883275	9.933883	LARGE_GT_P90
SRR39561853	PRJNA1492564	PAIRED	PAIRED	2	9968685544	9.968686	LARGE_GT_P90
SRR8165623	PRJNA504034	PAIRED	PAIRED	2	10011865993	10.011866	LARGE_GT_P90
SRR8165671	PRJNA504034	PAIRED	PAIRED	2	10222227947	10.222228	LARGE_GT_P90
SRR8165667	PRJNA504034	PAIRED	PAIRED	2	10308093761	10.308094	LARGE_GT_P90
SRR8165666	PRJNA504034	PAIRED	PAIRED	2	10461874370	10.461874	LARGE_GT_P90
SRR39506914	PRJNA1489724	PAIRED	PAIRED	2	10551916521	10.551917	LARGE_GT_P90
SRR5812567	PRJNA393479	PAIRED	PAIRED	2	10572453509	10.572454	LARGE_GT_P90
SRR39506915	PRJNA1489724	PAIRED	PAIRED	2	10637216300	10.637216	LARGE_GT_P90
SRR8165675	PRJNA504034	PAIRED	PAIRED	2	10749652993	10.749653	LARGE_GT_P90
SRR8165679	PRJNA504034	PAIRED	PAIRED	2	10850268275	10.850268	LARGE_GT_P90
SRR8165680	PRJNA504034	PAIRED	PAIRED	2	10859319779	10.859320	LARGE_GT_P90
SRR5812568	PRJNA393479	PAIRED	PAIRED	2	10948041680	10.948042	LARGE_GT_P90
SRR8165662	PRJNA504034	PAIRED	PAIRED	2	10966000132	10.966000	LARGE_GT_P90
SRR8165621	PRJNA504034	PAIRED	PAIRED	2	11103655595	11.103656	LARGE_GT_P90
SRR8165629	PRJNA504034	PAIRED	PAIRED	2	11136468168	11.136468	LARGE_GT_P90
SRR8165677	PRJNA504034	PAIRED	PAIRED	2	11139345758	11.139346	LARGE_GT_P90
SRR8165661	PRJNA504034	PAIRED	PAIRED	2	11184625870	11.184626	LARGE_GT_P90
SRR8165664	PRJNA504034	PAIRED	PAIRED	2	11258829823	11.258830	LARGE_GT_P90
SRR39503241	PRJNA1489724	PAIRED	PAIRED	2	11271495566	11.271496	LARGE_GT_P90
SRR39499718	PRJNA1489724	PAIRED	PAIRED	2	11320332533	11.320333	LARGE_GT_P90
SRR8165630	PRJNA504034	PAIRED	PAIRED	2	11330505492	11.330505	LARGE_GT_P90
SRR8165624	PRJNA504034	PAIRED	PAIRED	2	11448597974	11.448598	LARGE_GT_P90
SRR39503244	PRJNA1489724	PAIRED	PAIRED	2	11688504732	11.688505	LARGE_GT_P90
SRR5812565	PRJNA393479	PAIRED	PAIRED	2	11741670824	11.741671	LARGE_GT_P90
SRR8165628	PRJNA504034	PAIRED	PAIRED	2	11791744363	11.791744	LARGE_GT_P90
SRR8165682	PRJNA504034	PAIRED	PAIRED	2	11807838138	11.807838	LARGE_GT_P90
SRR39505007	PRJNA1489724	PAIRED	PAIRED	2	11838863469	11.838863	LARGE_GT_P90
SRR8165683	PRJNA504034	PAIRED	PAIRED	2	12004796657	12.004797	LARGE_GT_P90
SRR8165622	PRJNA504034	PAIRED	PAIRED	2	12102410428	12.102410	LARGE_GT_P90
SRR8165678	PRJNA504034	PAIRED	PAIRED	2	12175342483	12.175342	LARGE_GT_P90
SRR5812564	PRJNA393479	PAIRED	PAIRED	2	12202266859	12.202267	LARGE_GT_P90
SRR8165625	PRJNA504034	PAIRED	PAIRED	2	12214755875	12.214756	LARGE_GT_P90
SRR39511191	PRJNA1489724	PAIRED	PAIRED	2	12255686408	12.255686	LARGE_GT_P90
SRR10572664	PRJNA593052	PAIRED	PAIRED	2	12314304727	12.314305	LARGE_GT_P90
SRR8165684	PRJNA504034	PAIRED	PAIRED	2	12385353278	12.385353	LARGE_GT_P90
SRR5812566	PRJNA393479	PAIRED	PAIRED	2	12390159259	12.390159	LARGE_GT_P90
SRR39511190	PRJNA1489724	PAIRED	PAIRED	2	12512375981	12.512376	LARGE_GT_P90
SRR8165626	PRJNA504034	PAIRED	PAIRED	2	12816858976	12.816859	LARGE_GT_P90
SRR10572658	PRJNA593052	PAIRED	PAIRED	2	12825445616	12.825446	LARGE_GT_P90
SRR10572657	PRJNA593052	PAIRED	PAIRED	2	12885668994	12.885669	LARGE_GT_P90
SRR10572660	PRJNA593052	PAIRED	PAIRED	2	12904482576	12.904483	LARGE_GT_P90
SRR8165665	PRJNA504034	PAIRED	PAIRED	2	12920251253	12.920251	LARGE_GT_P90
SRR8165681	PRJNA504034	PAIRED	PAIRED	2	13033521745	13.033522	LARGE_GT_P90
SRR10572662	PRJNA593052	PAIRED	PAIRED	2	13368870614	13.368871	LARGE_GT_P90
SRR8165668	PRJNA504034	PAIRED	PAIRED	2	13411284149	13.411284	LARGE_GT_P90
SRR10572659	PRJNA593052	PAIRED	PAIRED	2	13969817287	13.969817	LARGE_GT_P90
SRR10572661	PRJNA593052	PAIRED	PAIRED	2	14188130128	14.188130	LARGE_GT_P90
SRR8165633	PRJNA504034	PAIRED	PAIRED	2	14311846325	14.311846	LARGE_GT_P90
SRR8165663	PRJNA504034	PAIRED	PAIRED	2	14344988743	14.344989	LARGE_GT_P90
SRR28349062	PRJNA1088164	PAIRED	PAIRED	2	14616438838	14.616439	LARGE_GT_P90
SRR39499716	PRJNA1489724	PAIRED	PAIRED	2	16527497100	16.527497	LARGE_GT_P90
SRR8165637	PRJNA504034	PAIRED	PAIRED	2	16710409915	16.710410	LARGE_GT_P90
SRR28349056	PRJNA1088164	PAIRED	PAIRED	2	17111408678	17.111409	LARGE_GT_P90
SRR28349063	PRJNA1088164	PAIRED	PAIRED	2	17218782482	17.218782	LARGE_GT_P90
SRR950109	PRJNA214684	PAIRED	PAIRED	2	17617061375	17.617061	LARGE_GT_P90
SRR8165636	PRJNA504034	PAIRED	PAIRED	2	17799981896	17.799982	LARGE_GT_P90
SRR8165670	PRJNA504034	PAIRED	PAIRED	2	17800198490	17.800198	LARGE_GT_P90
SRR28349051	PRJNA1088164	PAIRED	PAIRED	2	17872609519	17.872610	LARGE_GT_P90
SRR28349055	PRJNA1088164	PAIRED	PAIRED	2	17945764929	17.945765	LARGE_GT_P90
SRR28349060	PRJNA1088164	PAIRED	PAIRED	2	17958638655	17.958639	LARGE_GT_P90
SRR8165653	PRJNA504034	PAIRED	PAIRED	2	18196204402	18.196204	LARGE_GT_P90
SRR28349048	PRJNA1088164	PAIRED	PAIRED	2	18222341482	18.222341	LARGE_GT_P90
SRR8165660	PRJNA504034	PAIRED	PAIRED	2	18255186768	18.255187	LARGE_GT_P90
SRR950107	PRJNA214684	PAIRED	PAIRED	2	18305629463	18.305629	LARGE_GT_P90
SRR28349054	PRJNA1088164	PAIRED	PAIRED	2	18355870395	18.355870	LARGE_GT_P90
SRR28349049	PRJNA1088164	PAIRED	PAIRED	2	18485907677	18.485908	LARGE_GT_P90
SRR8165638	PRJNA504034	PAIRED	PAIRED	2	18585835716	18.585836	LARGE_GT_P90
SRR8165654	PRJNA504034	PAIRED	PAIRED	2	18590288591	18.590289	LARGE_GT_P90
SRR8165635	PRJNA504034	PAIRED	PAIRED	2	18717925373	18.717925	LARGE_GT_P90
SRR28349053	PRJNA1088164	PAIRED	PAIRED	2	18756815791	18.756816	LARGE_GT_P90
SRR28349061	PRJNA1088164	PAIRED	PAIRED	2	19046520540	19.046521	LARGE_GT_P90
SRR8165674	PRJNA504034	PAIRED	PAIRED	2	19057223658	19.057224	LARGE_GT_P90
SRR8165657	PRJNA504034	PAIRED	PAIRED	2	19218841703	19.218842	LARGE_GT_P90
SRR8165659	PRJNA504034	PAIRED	PAIRED	2	19333283464	19.333283	LARGE_GT_P90
SRR28349052	PRJNA1088164	PAIRED	PAIRED	2	19364177747	19.364178	LARGE_GT_P90
SRR28349050	PRJNA1088164	PAIRED	PAIRED	2	20334452688	20.334453	LARGE_GT_P90
SRR28349058	PRJNA1088164	PAIRED	PAIRED	2	20488728779	20.488729	LARGE_GT_P90
SRR950108	PRJNA214684	PAIRED	PAIRED	2	20976959522	20.976960	LARGE_GT_P90
SRR28349057	PRJNA1088164	PAIRED	PAIRED	2	23170644676	23.170645	LARGE_GT_P90
SRR28349059	PRJNA1088164	PAIRED	PAIRED	2	23211737598	23.211738	LARGE_GT_P90
SRR29929614	PRJNA1139152	PAIRED	PAIRED	2	33412878243	33.412878	LARGE_GT_P90
SRR29929616	PRJNA1139152	PAIRED	PAIRED	2	33798082849	33.798083	LARGE_GT_P90
SRR29929618	PRJNA1139152	PAIRED	PAIRED	2	33972565333	33.972565	LARGE_GT_P90
