canonical_locus_id	locus_name	benchmark_role	best_evidence_tier	n_observations	target_assembly	target_seqname	target_start_1based	target_end_1based	locus_width_bp	locus_semantic_class	mapping_confidence	supporting_studies	chip_anchor_1based	target	study	peak_mode	n_conditions	condition_keys	analysis_ids	analysis_peak_count_study_median	analysis_frip_study_median	analysis_input_overlap_fraction_study_median	analysis_ip_input_overlap_ratio_study_median	analysis_median_fold_enrichment_study_median	chip_exact_overlap_n_conditions_positive	chip_exact_overlap_fraction_conditions_positive	chip_exact_overlap_any_condition	chip_exact_overlap_all_conditions	chip_anchor_in_peak_n_conditions_positive	chip_anchor_in_peak_fraction_conditions_positive	chip_anchor_in_peak_any_condition	chip_anchor_in_peak_all_conditions	chip_any_peak_pm1000bp_n_conditions_positive	chip_any_peak_pm1000bp_fraction_conditions_positive	chip_any_peak_pm1000bp_any_condition	chip_any_peak_pm1000bp_all_conditions	chip_any_peak_pm10000bp_n_conditions_positive	chip_any_peak_pm10000bp_fraction_conditions_positive	chip_any_peak_pm10000bp_any_condition	chip_any_peak_pm10000bp_all_conditions	chip_any_peak_pm50000bp_n_conditions_positive	chip_any_peak_pm50000bp_fraction_conditions_positive	chip_any_peak_pm50000bp_any_condition	chip_any_peak_pm50000bp_all_conditions	chip_exact_n_peaks_study_median	chip_exact_overlap_bp_study_median	chip_exact_overlap_fraction_of_locus_study_median	chip_nearest_peak_distance_to_anchor_bp_study_median	chip_nearest_peak_distance_to_locus_bp_study_median	chip_n_peaks_pm1000bp_study_median	chip_enriched_bp_pm1000bp_study_median	chip_enriched_fraction_pm1000bp_study_median	chip_n_peaks_pm10000bp_study_median	chip_enriched_bp_pm10000bp_study_median	chip_enriched_fraction_pm10000bp_study_median	chip_n_peaks_pm50000bp_study_median	chip_enriched_bp_pm50000bp_study_median	chip_enriched_fraction_pm50000bp_study_median	chip_spmr_locus_mean_study_median	chip_spmr_locus_mean_study_min	chip_spmr_locus_mean_study_max	chip_spmr_locus_mean_study_abs_delta	chip_spmr_pm1000bp_mean_study_median	chip_spmr_pm1000bp_mean_study_min	chip_spmr_pm1000bp_mean_study_max	chip_spmr_pm1000bp_mean_study_abs_delta	chip_spmr_pm10000bp_mean_study_median	chip_spmr_pm10000bp_mean_study_min	chip_spmr_pm10000bp_mean_study_max	chip_spmr_pm10000bp_mean_study_abs_delta	chip_spmr_pm50000bp_mean_study_median	chip_spmr_pm50000bp_mean_study_min	chip_spmr_pm50000bp_mean_study_max	chip_spmr_pm50000bp_mean_study_abs_delta
CHO_BM_CHI_001	Hipp11/H11	positive	Tier 2	1	GCF_003668045.3	NW_023276807.1	101678097	101678098	2	interbase_cut_boundary	high	CHI2019	101678097	H3K27ac	PRJEB9291	narrow	2	PRJEB9291:210_hours;PRJEB9291:66_hours	ERR868155;ERR868171	73527.5	0.6372173458	0.0358286588685	17.9672664687	7.46883	0	0	0	0	0	0	0	0	0	0	0	0	0	0	0	0	2	1	1	1	0	0	0	23021.5	23021.5	0	0	0	0	0	0	5	6015	0.060149398506	0.022795	0	0.04559	0.04559	0.0786597351324	0.0752073463268	0.082112123938	0.0069047776112	0.053307038398	0.0522732013399	0.0543408754562	0.0020676741163	0.222791656634	0.154707233828	0.290876079439	0.136168845611
CHO_BM_CHI_001	Hipp11/H11	positive	Tier 2	1	GCF_003668045.3	NW_023276807.1	101678097	101678098	2	interbase_cut_boundary	high	CHI2019	101678097	H3K27ac	PRJNA865478	narrow	2	PRJNA865478:3_days;PRJNA865478:7_days	SRR20770291;SRR20770294	70484.5	0.142828355232	0.016220643061	8.85423438421	5.474695	0	0	0	0	0	0	0	0	0	0	0	0	0	0	0	0	2	1	1	1	0	0	0	18423	18423	0	0	0	0	0	0	10	4823.5	0.0482345176548	0.072955	0.02634	0.11957	0.09323	0.0824245902049	0.0812177511244	0.0836314292854	0.002413678161	0.0925682360881	0.0907071271436	0.0944293450327	0.0037222178891	0.117361644284	0.116185873041	0.118537415526	0.002351542485
CHO_BM_CHI_001	Hipp11/H11	positive	Tier 2	1	GCF_003668045.3	NW_023276807.1	101678097	101678098	2	interbase_cut_boundary	high	CHI2019	101678097	H3K27me3	PRJEB9291	broad	2	PRJEB9291:210_hours;PRJEB9291:66_hours	ERR868154;ERR868172	170259.5	0.197437617458	0.0410249475692	4.82182262168	3.00912	0	0	0	0	0	0	0	0	0	0	0	0	0	0	0	0	2	1	1	1	0	0	0	37192.5	37192.5	0	0	0	0	0	0	1.5	663	0.00662993370066	0.01852	0	0.03704	0.03704	0.00734542728636	0.00663868065967	0.00805217391304	0.00141349325337	0.0110269866507	0.0107462186891	0.0113077546123	0.0005615359232	0.0299042248077	0.0264641718583	0.0333442777572	0.0068801058989
CHO_BM_CHI_001	Hipp11/H11	positive	Tier 2	1	GCF_003668045.3	NW_023276807.1	101678097	101678098	2	interbase_cut_boundary	high	CHI2019	101678097	H3K36me3	PRJEB9291	broad	2	PRJEB9291:210_hours;PRJEB9291:66_hours	ERR868156;ERR868173	85440.5	0.766289642108	0.0972899913205	7.93989498928	2.9643975	2	1	1	1	2	1	1	1	2	1	1	1	2	1	1	1	2	1	1	1	1	2	1	0	0	1	2001	1	1	20001	1	5	59666	0.59665403346	0.9231475	0.74165	1.104645	0.362995	0.77917327836	0.668029265367	0.890317291354	0.222288025987	1.01608317859	0.999754614269	1.03241174291	0.032657128641	0.564674256957	0.554451658983	0.574896854931	0.020445195948
CHO_BM_CHI_001	Hipp11/H11	positive	Tier 2	1	GCF_003668045.3	NW_023276807.1	101678097	101678098	2	interbase_cut_boundary	high	CHI2019	101678097	H3K4me1	PRJEB9291	broad	2	PRJEB9291:210_hours;PRJEB9291:66_hours	ERR868153;ERR868174	157261	0.509715267275	0.0752796507415	7.02837309278	3.344165	0	0	0	0	0	0	0	0	0	0	0	0	1	0.5	1	0	2	1	1	1	0	0	0	14140.5	14140.5	0	0	0	0.5	74.5	0.00372481375931	16	14200	0.141998580014	0.104725	0	0.20945	0.20945	0.0637070914543	0.0524705097451	0.0749436731634	0.0224731634183	0.0490630243488	0.043495020749	0.0546310279486	0.0111360071996	0.123129279308	0.113984545455	0.13227401316	0.018289467705
CHO_BM_CHI_001	Hipp11/H11	positive	Tier 2	1	GCF_003668045.3	NW_023276807.1	101678097	101678098	2	interbase_cut_boundary	high	CHI2019	101678097	H3K4me3	PRJEB9291	narrow	2	PRJEB9291:210_hours;PRJEB9291:66_hours	ERR868151;ERR868175	51792.5	0.794186004887	0.0294624591599	27.0106531031	7.988715	0	0	0	0	0	0	0	0	0	0	0	0	0	0	0	0	2	1	1	1	0	0	0	22014.5	22014.5	0	0	0	0	0	0	4.5	7996	0.079959200408	0	0	0	0	0.00630628435782	0.0049763868066	0.00763618190905	0.00265979510245	0.00999647517624	0.00954952252387	0.0104434278286	0.00089390530473	0.27024292067	0.248265651243	0.292220190098	0.043954538855
CHO_BM_CHI_001	Hipp11/H11	positive	Tier 2	1	GCF_003668045.3	NW_023276807.1	101678097	101678098	2	interbase_cut_boundary	high	CHI2019	101678097	H3K4me3	PRJNA865478	narrow	2	PRJNA865478:3_days;PRJNA865478:7_days	SRR20770293;SRR20770297	59622	0.204286262379	0.0175990693387	11.6527145196	6.2595	0	0	0	0	0	0	0	0	0	0	0	0	0	0	0	0	2	1	1	1	0	0	0	18517	18517	0	0	0	0	0	0	15.5	11475.5	0.114753852461	0.081515	0.06308	0.09995	0.03687	0.0535502023988	0.048041934033	0.0590584707646	0.0110165367316	0.0519414331783	0.048521299935	0.0553615664217	0.0068402664867	0.141649468405	0.13522698393	0.14807195288	0.01284496895
CHO_BM_CHI_001	Hipp11/H11	positive	Tier 2	1	GCF_003668045.3	NW_023276807.1	101678097	101678098	2	interbase_cut_boundary	high	CHI2019	101678097	H3K9me3	PRJEB9291	broad	2	PRJEB9291:210_hours;PRJEB9291:66_hours	ERR868152;ERR868176	209789.5	0.255402613286	0.0555718418708	4.60411276469	3.0013	0	0	0	0	0	0	0	0	0	0	0	0	1	0.5	1	0	2	1	1	1	0	0	0	12775	12774	0	0	0	0.5	98.5	0.00492475376231	1	176	0.00175998240018	0.027285	0	0.05457	0.05457	0.0223850749625	0.0211353073463	0.0236348425787	0.0024995352324	0.0297586488175	0.0289752222389	0.0305420753962	0.0015668531573	0.0275212145378	0.0260305680943	0.0290118609814	0.0029812928871
CHO_BM_CHI_001	Hipp11/H11	positive	Tier 2	1	GCF_003668045.3	NW_023276807.1	101678097	101678098	2	interbase_cut_boundary	high	CHI2019	101678097	H3K9me3	PRJNA865478	broad	2	PRJNA865478:3_days;PRJNA865478:7_days	SRR20770292;SRR20770296	66618.5	0.0948204146285	0.0310435370887	3.04574031411	2.950145	0	0	0	0	0	0	0	0	0	0	0	0	0	0	0	0	0	0	0	0	0	0	0	90218	90218	0	0	0	0	0	0	0	0	0	0	0	0	0	0.0379216241879	0.0349362818591	0.0409069665167	0.0059706846576	0.0327218939053	0.032704739763	0.0327390480476	3.43082846e-05	0.0301071098289	0.029691703083	0.0305225165748	0.0008308134918
CHO_BM_DHIMAN_001	DHIMAN2020_L001	negative	Tier 2	1	GCF_003668045.3	NW_023276807.1	138183203	138205865	22663	mapped_interval	high	DHIMAN2020	138194534	H3K27ac	PRJEB9291	narrow	2	PRJEB9291:210_hours;PRJEB9291:66_hours	ERR868155;ERR868171	73527.5	0.6372173458	0.0358286588685	17.9672664687	7.46883	0	0	0	0	0	0	0	0	0	0	0	0	0	0	0	0	0	0	0	0	0	0	0	108248.5	96917.5	0	0	0	0	0	0	0	0	0	0.0232642245069	0.0192293522482	0.0272990967657	0.0080697445175	0.0254137356322	0.00904509245377	0.0417823788106	0.0327372863568	0.0257331635918	0.0208449852507	0.0306213419329	0.0097763566822	0.0196742326577	0.0147687328127	0.0245797325027	0.00981099969
CHO_BM_DHIMAN_001	DHIMAN2020_L001	negative	Tier 2	1	GCF_003668045.3	NW_023276807.1	138183203	138205865	22663	mapped_interval	high	DHIMAN2020	138194534	H3K27ac	PRJNA865478	narrow	2	PRJNA865478:3_days;PRJNA865478:7_days	SRR20770291;SRR20770294	70484.5	0.142828355232	0.016220643061	8.85423438421	5.474695	0	0	0	0	0	0	0	0	0	0	0	0	0	0	0	0	0	0	0	0	0	0	0	539327.5	527996.5	0	0	0	0	0	0	0	0	0	0.0406896039801	0.0377263795614	0.0436528283987	0.0059264488373	0.0371122388806	0.0370466316842	0.037177846077	0.0001312143928	0.0410292182891	0.0382855757212	0.043772860857	0.0054872851358	0.0403301329987	0.0386765177348	0.0419837482625	0.0033072305277
CHO_BM_DHIMAN_001	DHIMAN2020_L001	negative	Tier 2	1	GCF_003668045.3	NW_023276807.1	138183203	138205865	22663	mapped_interval	high	DHIMAN2020	138194534	H3K27me3	PRJEB9291	broad	2	PRJEB9291:210_hours;PRJEB9291:66_hours	ERR868154;ERR868172	170259.5	0.197437617458	0.0410249475692	4.82182262168	3.00912	0	0	0	0	0	0	0	0	0	0	0	0	0	0	0	0	0	0	0	0	0	0	0	773018.5	761687.5	0	0	0	0	0	0	0	0	0	0.0288562741032	0.0266699907338	0.0310425574725	0.0043725667387	0.0420215692154	0.0303608995502	0.0536822388806	0.0233213393304	0.0289558487075	0.0275230718464	0.0303886255687	0.0028655537223	0.0314263076869	0.0302836747633	0.0325689406106	0.0022852658473
CHO_BM_DHIMAN_001	DHIMAN2020_L001	negative	Tier 2	1	GCF_003668045.3	NW_023276807.1	138183203	138205865	22663	mapped_interval	high	DHIMAN2020	138194534	H3K36me3	PRJEB9291	broad	2	PRJEB9291:210_hours;PRJEB9291:66_hours	ERR868156;ERR868173	85440.5	0.766289642108	0.0972899913205	7.93989498928	2.9643975	0	0	0	0	0	0	0	0	0	0	0	0	0	0	0	0	0	0	0	0	0	0	0	527470	516139	0	0	0	0	0	0	0	0	0	0.0127056572387	0.0116701186957	0.0137411957817	0.002071077086	0.0215470939531	0.0208554372814	0.0222387506247	0.0013833133433	0.0133506659667	0.0122359242038	0.0144654077296	0.0022294835258	0.0128957611923	0.0118178361216	0.0139736862631	0.0021558501415
CHO_BM_DHIMAN_001	DHIMAN2020_L001	negative	Tier 2	1	GCF_003668045.3	NW_023276807.1	138183203	138205865	22663	mapped_interval	high	DHIMAN2020	138194534	H3K4me1	PRJEB9291	broad	2	PRJEB9291:210_hours;PRJEB9291:66_hours	ERR868153;ERR868174	157261	0.509715267275	0.0752796507415	7.02837309278	3.344165	2	1	1	1	0	0	0	0	0	0	0	0	2	1	1	1	2	1	1	1	1	493.5	0.021775581344	7593	0	0	0	0	1	493.5	0.0246737663117	2	947.5	0.00947490525095	0.0394546075101	0.032331126947	0.0465780880731	0.0142469611261	0.0140189530235	0.0120760869565	0.0159618190905	0.003885732134	0.0425454697265	0.0331513359332	0.0519396035198	0.0187882675866	0.0297709559904	0.0238530790692	0.0356888329117	0.0118357538425
CHO_BM_DHIMAN_001	DHIMAN2020_L001	negative	Tier 2	1	GCF_003668045.3	NW_023276807.1	138183203	138205865	22663	mapped_interval	high	DHIMAN2020	138194534	H3K4me3	PRJEB9291	narrow	2	PRJEB9291:210_hours;PRJEB9291:66_hours	ERR868151;ERR868175	51792.5	0.794186004887	0.0294624591599	27.0106531031	7.988715	0	0	0	0	0	0	0	0	0	0	0	0	0	0	0	0	0	0	0	0	0	0	0	51165	39834	0	0	0	0	0	0	0	0	0	0.0111909303711	0.00957155319243	0.0128103075498	0.00323875435737	0.00349593953023	0	0.00699187906047	0.00699187906047	0.0112322286386	0.00985908754562	0.0126053697315	0.00274628218588	0.00872108083919	0.00789225717743	0.00954990450095	0.00165764732352
CHO_BM_DHIMAN_001	DHIMAN2020_L001	negative	Tier 2	1	GCF_003668045.3	NW_023276807.1	138183203	138205865	22663	mapped_interval	high	DHIMAN2020	138194534	H3K4me3	PRJNA865478	narrow	2	PRJNA865478:3_days;PRJNA865478:7_days	SRR20770293;SRR20770297	59622	0.204286262379	0.0175990693387	11.6527145196	6.2595	0	0	0	0	0	0	0	0	0	0	0	0	0	0	0	0	0	0	0	0	0	0	0	437660.5	426329.5	0	0	0	0	0	0	0	0	0	0.0433993023872	0.0409705471473	0.045828057627	0.0048575104797	0.0376649950024	0.0289909945027	0.0463389955022	0.0173480009995	0.0433720073996	0.0402598460077	0.0464841687916	0.0062243227839	0.0439148950011	0.0413205159948	0.0465092740073	0.0051887580125
CHO_BM_DHIMAN_001	DHIMAN2020_L001	negative	Tier 2	1	GCF_003668045.3	NW_023276807.1	138183203	138205865	22663	mapped_interval	high	DHIMAN2020	138194534	H3K9me3	PRJEB9291	broad	2	PRJEB9291:210_hours;PRJEB9291:66_hours	ERR868152;ERR868176	209789.5	0.255402613286	0.0555718418708	4.60411276469	3.0013	0	0	0	0	0	0	0	0	0	0	0	0	0	0	0	0	0	0	0	0	0	0	0	148583.5	137252.5	0	0	0	0	0	0	0	0	0	0.0234390716145	0.0217662635132	0.0251118797158	0.0033456162026	0.031768888056	0.0220307596202	0.0415070164918	0.0194762568716	0.0209305902205	0.0181789845508	0.0236821958902	0.0055032113394	0.0284879725703	0.0271864800352	0.0297894651053	0.0026029850701
CHO_BM_DHIMAN_001	DHIMAN2020_L001	negative	Tier 2	1	GCF_003668045.3	NW_023276807.1	138183203	138205865	22663	mapped_interval	high	DHIMAN2020	138194534	H3K9me3	PRJNA865478	broad	2	PRJNA865478:3_days;PRJNA865478:7_days	SRR20770292;SRR20770296	66618.5	0.0948204146285	0.0310435370887	3.04574031411	2.950145	0	0	0	0	0	0	0	0	0	0	0	0	0	0	0	0	0	0	0	0	0	0	0	721710	710379	0	0	0	0	0	0	0	0	0	0.0439184684287	0.0420030887349	0.0458338481225	0.0038307593876	0.0314923138431	0.0289254072964	0.0340592203898	0.0051338130934	0.0430063884306	0.0404841782911	0.0455285985701	0.005044420279	0.0511908677913	0.0491473085269	0.0532344270557	0.0040871185288
CHO_BM_DHIMAN_002	DHIMAN2020_L002	negative	Tier 2	1	GCF_003668045.3	NW_023276807.1	264596547	264623008	26462	mapped_interval	high	DHIMAN2020	264609777	H3K27ac	PRJEB9291	narrow	2	PRJEB9291:210_hours;PRJEB9291:66_hours	ERR868155;ERR868171	73527.5	0.6372173458	0.0358286588685	17.9672664687	7.46883	0	0	0	0	0	0	0	0	0	0	0	0	0	0	0	0	0	0	0	0	0	0	0	117604.5	104374.5	0	0	0	0	0	0	0	0	0	0.0136756736074	0.0128179880583	0.0145333591565	0.0017153710982	0.022220932034	0.0141258370815	0.0303160269865	0.016190189905	0.0146548835058	0.0134255837208	0.0158841832908	0.00245859957	0.0152035365146	0.0140206170938	0.0163864559354	0.0023658388416
CHO_BM_DHIMAN_002	DHIMAN2020_L002	negative	Tier 2	1	GCF_003668045.3	NW_023276807.1	264596547	264623008	26462	mapped_interval	high	DHIMAN2020	264609777	H3K27ac	PRJNA865478	narrow	2	PRJNA865478:3_days;PRJNA865478:7_days	SRR20770291;SRR20770294	70484.5	0.142828355232	0.016220643061	8.85423438421	5.474695	0	0	0	0	0	0	0	0	0	0	0	0	0	0	0	0	0	0	0	0	0	0	0	302651	289421	0	0	0	0	0	0	0	0	0	0.0402662852392	0.0362716824125	0.0442608880659	0.0079892056534	0.0416362818591	0.0388274612694	0.0444451024488	0.0056176411794	0.0420232825859	0.0377962551872	0.0462503099845	0.0084540547973	0.0314381466185	0.0276655260447	0.0352107671923	0.0075452411476
CHO_BM_DHIMAN_002	DHIMAN2020_L002	negative	Tier 2	1	GCF_003668045.3	NW_023276807.1	264596547	264623008	26462	mapped_interval	high	DHIMAN2020	264609777	H3K27me3	PRJEB9291	broad	2	PRJEB9291:210_hours;PRJEB9291:66_hours	ERR868154;ERR868172	170259.5	0.197437617458	0.0410249475692	4.82182262168	3.00912	0	0	0	0	0	0	0	0	0	0	0	0	0	0	0	0	0	0	0	0	0	0	0	524979	511748	0	0	0	0	0	0	0	0	0	0.0272487499055	0.024511194921	0.02998630489	0.005475109969	0.020660189905	0.0180849975012	0.0232353823088	0.0051503848076	0.0264671036448	0.0206933373331	0.0322408699565	0.0115475326234	0.0185951717983	0.0182608328917	0.0189295107049	0.0006686778132
CHO_BM_DHIMAN_002	DHIMAN2020_L002	negative	Tier 2	1	GCF_003668045.3	NW_023276807.1	264596547	264623008	26462	mapped_interval	high	DHIMAN2020	264609777	H3K36me3	PRJEB9291	broad	2	PRJEB9291:210_hours;PRJEB9291:66_hours	ERR868156;ERR868173	85440.5	0.766289642108	0.0972899913205	7.93989498928	2.9643975	0	0	0	0	0	0	0	0	0	0	0	0	0	0	0	0	0	0	0	0	0	0	0	718193	704962	0	0	0	0	0	0	0	0	0	0.015059544441	0.0139373841735	0.0161817047086	0.0022443205351	0.00833770614695	0.0037059970015	0.0129694152924	0.0092634182909	0.0161739165542	0.0148314029299	0.0175164301785	0.0026850272486	0.0100245759542	0.00986327596724	0.0101858759412	0.00032259997396
CHO_BM_DHIMAN_002	DHIMAN2020_L002	negative	Tier 2	1	GCF_003668045.3	NW_023276807.1	264596547	264623008	26462	mapped_interval	high	DHIMAN2020	264609777	H3K4me1	PRJEB9291	broad	2	PRJEB9291:210_hours;PRJEB9291:66_hours	ERR868153;ERR868174	157261	0.509715267275	0.0752796507415	7.02837309278	3.344165	0	0	0	0	0	0	0	0	0	0	0	0	0	0	0	0	2	1	1	1	0	0	0	21397.5	8167.5	0	0	0	0	0	0	2	916	0.00915990840092	0.0213847708034	0.0168087926083	0.0259607489986	0.0091519563903	0.0189316241879	0.0127423538231	0.0251208945527	0.0123785407296	0.0218786140693	0.0177875466227	0.0259696815159	0.0081821348932	0.0240510164899	0.0199917709823	0.0281102619974	0.0081184910151
CHO_BM_DHIMAN_002	DHIMAN2020_L002	negative	Tier 2	1	GCF_003668045.3	NW_023276807.1	264596547	264623008	26462	mapped_interval	high	DHIMAN2020	264609777	H3K4me3	PRJEB9291	narrow	2	PRJEB9291:210_hours;PRJEB9291:66_hours	ERR868151;ERR868175	51792.5	0.794186004887	0.0294624591599	27.0106531031	7.988715	0	0	0	0	0	0	0	0	0	0	0	0	0	0	0	0	0	0	0	0	0	0	0	166182	152952	0	0	0	0	0	0	0	0	0	0.00749157282141	0.00545552112463	0.00952762451818	0.00407210339355	0.0112943528236	0.00763618190905	0.0149525237381	0.00731634182905	0.00852657367129	0.00635768211589	0.0106954652267	0.00433778311081	0.00786012674872	0.00441315586844	0.011307097629	0.00689394176056
CHO_BM_DHIMAN_002	DHIMAN2020_L002	negative	Tier 2	1	GCF_003668045.3	NW_023276807.1	264596547	264623008	26462	mapped_interval	high	DHIMAN2020	264609777	H3K4me3	PRJNA865478	narrow	2	PRJNA865478:3_days;PRJNA865478:7_days	SRR20770293;SRR20770297	59622	0.204286262379	0.0175990693387	11.6527145196	6.2595	0	0	0	0	0	0	0	0	0	0	0	0	0	0	0	0	0	0	0	0	0	0	0	166103.5	152873.5	0	0	0	0	0	0	0	0	0	0.035805242612	0.0327619344721	0.038848550752	0.0060866162799	0.03592031984	0.0322477361319	0.0395929035482	0.0073451674163	0.036290419979	0.0326040587971	0.0399767811609	0.0073727223638	0.0287822314777	0.0259859405406	0.0315785224148	0.0055925818742
CHO_BM_DHIMAN_002	DHIMAN2020_L002	negative	Tier 2	1	GCF_003668045.3	NW_023276807.1	264596547	264623008	26462	mapped_interval	high	DHIMAN2020	264609777	H3K9me3	PRJEB9291	broad	2	PRJEB9291:210_hours;PRJEB9291:66_hours	ERR868152;ERR868176	209789.5	0.255402613286	0.0555718418708	4.60411276469	3.0013	1	0.5	1	0	0	0	0	0	0	0	0	0	1	0.5	1	0	1	0.5	1	0	0.5	223	0.00842717859572	51528	41111.5	0	0	0	0.5	223	0.0111494425279	0.5	223	0.00222997770022	0.0364072163858	0.0326074865845	0.040206946187	0.0075994596025	0.0151256246877	0.00458889555222	0.0256623538231	0.0210734582709	0.0371494152793	0.0341234308285	0.04017539973	0.0060519689015	0.0242451481485	0.0211700497995	0.0273202464975	0.006150196698
CHO_BM_DHIMAN_002	DHIMAN2020_L002	negative	Tier 2	1	GCF_003668045.3	NW_023276807.1	264596547	264623008	26462	mapped_interval	high	DHIMAN2020	264609777	H3K9me3	PRJNA865478	broad	2	PRJNA865478:3_days;PRJNA865478:7_days	SRR20770292;SRR20770296	66618.5	0.0948204146285	0.0310435370887	3.04574031411	2.950145	1	0.5	1	0	0	0	0	0	0	0	0	0	1	0.5	1	0	1	0.5	1	0	0.5	379.5	0.0143413196281	170272.5	159859	0	0	0	0.5	379.5	0.0189740512974	0.5	379.5	0.00379496205038	0.0489483922228	0.0485855078981	0.0493112765475	0.0007257686494	0.0325982833584	0.0321118590705	0.0330847076462	0.0009728485757	0.0492707412129	0.0480049747513	0.0505365076746	0.0025315329233	0.0338467479325	0.0322659251407	0.0354275707243	0.0031616455836
CHO_BM_DHIMAN_003	DHIMAN2020_L003	support_only	Tier 2	2	GCF_003668045.3	NW_023276806.1	241273133	241273133	1	point_coordinate	high	DHIMAN2020	241273133	H3K27ac	PRJEB9291	narrow	2	PRJEB9291:210_hours;PRJEB9291:66_hours	ERR868155;ERR868171	73527.5	0.6372173458	0.0358286588685	17.9672664687	7.46883	0	0	0	0	0	0	0	0	0	0	0	0	0	0	0	0	0	0	0	0	0	0	0	190399	190399	0	0	0	0	0	0	0	0	0	0	0	0	0	0.0112409670165	0.00835609695152	0.0141258370815	0.00576974012998	0.0127938358082	0.00635948702565	0.0192281845908	0.0128686975652	0.0132800805992	0.00866885221148	0.0178913089869	0.00922245677542
CHO_BM_DHIMAN_003	DHIMAN2020_L003	support_only	Tier 2	2	GCF_003668045.3	NW_023276806.1	241273133	241273133	1	point_coordinate	high	DHIMAN2020	241273133	H3K27ac	PRJNA865478	narrow	2	PRJNA865478:3_days;PRJNA865478:7_days	SRR20770291;SRR20770294	70484.5	0.142828355232	0.016220643061	8.85423438421	5.474695	0	0	0	0	0	0	0	0	0	0	0	0	0	0	0	0	0	0	0	0	0	0	0	731498	731498	0	0	0	0	0	0	0	0	0	0.025125	0.02391	0.02634	0.00243	0.042871894053	0.0413246726637	0.0444191154423	0.0030944427786	0.0407105837208	0.0357409344533	0.0456802329884	0.0099392985351	0.0410458115919	0.0400043182568	0.042087304927	0.0020829866702
CHO_BM_DHIMAN_003	DHIMAN2020_L003	support_only	Tier 2	2	GCF_003668045.3	NW_023276806.1	241273133	241273133	1	point_coordinate	high	DHIMAN2020	241273133	H3K27me3	PRJEB9291	broad	2	PRJEB9291:210_hours;PRJEB9291:66_hours	ERR868154;ERR868172	170259.5	0.197437617458	0.0410249475692	4.82182262168	3.00912	0	0	0	0	0	0	0	0	1	0.5	1	0	2	1	1	1	2	1	1	1	0	0	0	1591	1591	0.5	159	0.0794602698651	1.5	345.5	0.0172741362932	2.5	501	0.0050099499005	0.092605	0	0.18521	0.18521	0.0817054347826	0.0780816941529	0.0853291754123	0.0072474812594	0.0789856749663	0.0631489785511	0.0948223713814	0.0316733928303	0.0764663434366	0.0667009537905	0.0862317330827	0.0195307792922
CHO_BM_DHIMAN_003	DHIMAN2020_L003	support_only	Tier 2	2	GCF_003668045.3	NW_023276806.1	241273133	241273133	1	point_coordinate	high	DHIMAN2020	241273133	H3K36me3	PRJEB9291	broad	2	PRJEB9291:210_hours;PRJEB9291:66_hours	ERR868156;ERR868173	85440.5	0.766289642108	0.0972899913205	7.93989498928	2.9643975	0	0	0	0	0	0	0	0	0	0	0	0	0	0	0	0	0	0	0	0	0	0	0	725611	725611	0	0	0	0	0	0	0	0	0	0	0	0	0	0.0059703898051	0.00333539730135	0.00860538230885	0.0052699850075	0.00773931978401	0.00704478226089	0.00843385730713	0.00138907504624	0.0061174498255	0.00561728672713	0.00661761292387	0.00100032619674
CHO_BM_DHIMAN_003	DHIMAN2020_L003	support_only	Tier 2	2	GCF_003668045.3	NW_023276806.1	241273133	241273133	1	point_coordinate	high	DHIMAN2020	241273133	H3K4me1	PRJEB9291	broad	2	PRJEB9291:210_hours;PRJEB9291:66_hours	ERR868153;ERR868174	157261	0.509715267275	0.0752796507415	7.02837309278	3.344165	0	0	0	0	0	0	0	0	0	0	0	0	0	0	0	0	1	0.5	1	0	0	0	0	335151	335151	0	0	0	0	0	0	1	770	0.00769992300077	0	0	0	0	0.00995739130433	0.00612305847076	0.0137917241379	0.00766866566714	0.00902921553922	0.00670174491275	0.0113566861657	0.00465494125295	0.0175940176599	0.0147446106539	0.0204434246658	0.0056988140119
CHO_BM_DHIMAN_003	DHIMAN2020_L003	support_only	Tier 2	2	GCF_003668045.3	NW_023276806.1	241273133	241273133	1	point_coordinate	high	DHIMAN2020	241273133	H3K4me3	PRJEB9291	narrow	2	PRJEB9291:210_hours;PRJEB9291:66_hours	ERR868151;ERR868175	51792.5	0.794186004887	0.0294624591599	27.0106531031	7.988715	0	0	0	0	0	0	0	0	0	0	0	0	0	0	0	0	0	0	0	0	0	0	0	189960	189960	0	0	0	0	0	0	0	0	0	0	0	0	0	0.00186906546726	0	0.00373813093453	0.00373813093453	0.00556188440578	0.00458377081146	0.0065399980001	0.00195622718864	0.00721692783072	0.0070287297127	0.00740512594874	0.00037639623604
CHO_BM_DHIMAN_003	DHIMAN2020_L003	support_only	Tier 2	2	GCF_003668045.3	NW_023276806.1	241273133	241273133	1	point_coordinate	high	DHIMAN2020	241273133	H3K4me3	PRJNA865478	narrow	2	PRJNA865478:3_days;PRJNA865478:7_days	SRR20770293;SRR20770297	59622	0.204286262379	0.0175990693387	11.6527145196	6.2595	0	0	0	0	0	0	0	0	0	0	0	0	0	0	0	0	0	0	0	0	0	0	0	190117	190117	0	0	0	0	0	0	0	0	0	0.025765	0.01999	0.03154	0.01155	0.0587594477762	0.0489410344828	0.0685778610695	0.0196368265867	0.0442009932003	0.0435640277986	0.0448379586021	0.0012739308035	0.0421756319437	0.0405469107309	0.0438043531565	0.0032574424256
CHO_BM_DHIMAN_003	DHIMAN2020_L003	support_only	Tier 2	2	GCF_003668045.3	NW_023276806.1	241273133	241273133	1	point_coordinate	high	DHIMAN2020	241273133	H3K9me3	PRJEB9291	broad	2	PRJEB9291:210_hours;PRJEB9291:66_hours	ERR868152;ERR868176	209789.5	0.255402613286	0.0555718418708	4.60411276469	3.0013	0	0	0	0	0	0	0	0	0	0	0	0	2	1	1	1	2	1	1	1	0	0	0	4480	4480	0	0	0	1.5	402.5	0.0201239938003	5	1258	0.0125798742013	0.0952	0.08126	0.10914	0.02788	0.0725036831584	0.0619605397301	0.0830468265867	0.0210862868566	0.0921813421827	0.0814581340933	0.102904550272	0.0214464161787	0.0768166131338	0.0688323571764	0.0848008690913	0.0159685119149
CHO_BM_DHIMAN_003	DHIMAN2020_L003	support_only	Tier 2	2	GCF_003668045.3	NW_023276806.1	241273133	241273133	1	point_coordinate	high	DHIMAN2020	241273133	H3K9me3	PRJNA865478	broad	2	PRJNA865478:3_days;PRJNA865478:7_days	SRR20770292;SRR20770296	66618.5	0.0948204146285	0.0310435370887	3.04574031411	2.950145	0	0	0	0	0	0	0	0	0	0	0	0	0	0	0	0	0	0	0	0	0	0	0	88270	88270	0	0	0	0	0	0	0	0	0	0.081955	0.06641	0.0975	0.03109	0.0635666716642	0.0626611694153	0.064472173913	0.0018110044977	0.0679274433779	0.064675320734	0.0711795660217	0.0065042452877	0.0642611735883	0.0638752936471	0.0646470535295	0.0007717598824
CHO_BM_DHIMAN_004	DHIMAN2020_L004	positive	Tier 2	2	GCF_003668045.3	NC_048595.1	408642588	408642597	10	mapped_interval	high	DHIMAN2020	408642592	H3K27ac	PRJEB9291	narrow	2	PRJEB9291:210_hours;PRJEB9291:66_hours	ERR868155;ERR868171	73527.5	0.6372173458	0.0358286588685	17.9672664687	7.46883	0	0	0	0	0	0	0	0	0	0	0	0	0	0	0	0	2	1	1	1	0	0	0	43893	43888	0	0	0	0	0	0	1	317	0.00316996830032	0	0	0	0	0.00176572963518	0	0.00353145927036	0.00353145927036	0.0110968041598	0.00630934053297	0.0158842677866	0.00957492725363	0.0141410335396	0.0113769084309	0.0169051586484	0.0055282502175
CHO_BM_DHIMAN_004	DHIMAN2020_L004	positive	Tier 2	2	GCF_003668045.3	NC_048595.1	408642588	408642597	10	mapped_interval	high	DHIMAN2020	408642592	H3K27ac	PRJNA865478	narrow	2	PRJNA865478:3_days;PRJNA865478:7_days	SRR20770291;SRR20770294	70484.5	0.142828355232	0.016220643061	8.85423438421	5.474695	0	0	0	0	0	0	0	0	0	0	0	0	0	0	0	0	0	0	0	0	0	0	0	124696.5	124691.5	0	0	0	0	0	0	0	0	0	0.05026	0.04783	0.05269	0.00486	0.0606300874563	0.0576113543228	0.0636488205897	0.0060374662669	0.0529325851207	0.0503927883606	0.0554723818809	0.0050795935203	0.0489108334416	0.04886199678	0.0489596701033	9.76733233e-05
CHO_BM_DHIMAN_004	DHIMAN2020_L004	positive	Tier 2	2	GCF_003668045.3	NC_048595.1	408642588	408642597	10	mapped_interval	high	DHIMAN2020	408642592	H3K27me3	PRJEB9291	broad	2	PRJEB9291:210_hours;PRJEB9291:66_hours	ERR868154;ERR868172	170259.5	0.197437617458	0.0410249475692	4.82182262168	3.00912	0	0	0	0	0	0	0	0	0	0	0	0	0	0	0	0	0	0	0	0	0	0	0	273131.5	273126.5	0	0	0	0	0	0	0	0	0	0.04066	0.03704	0.04428	0.00724	0.0267365492254	0.0238424537731	0.0296306446777	0.0057881909046	0.0280462619369	0.024754920754	0.0313376031198	0.0065826823658	0.0292197660524	0.0256726597734	0.0327668723313	0.0070942125579
CHO_BM_DHIMAN_004	DHIMAN2020_L004	positive	Tier 2	2	GCF_003668045.3	NC_048595.1	408642588	408642597	10	mapped_interval	high	DHIMAN2020	408642592	H3K36me3	PRJEB9291	broad	2	PRJEB9291:210_hours;PRJEB9291:66_hours	ERR868156;ERR868173	85440.5	0.766289642108	0.0972899913205	7.93989498928	2.9643975	0	0	0	0	0	0	0	0	0	0	0	0	0	0	0	0	0	0	0	0	0	0	0	152614	152609	0	0	0	0	0	0	0	0	0	0	0	0	0	0.00185299850075	0	0.0037059970015	0.0037059970015	0.00454892530374	0.00222459877006	0.00687325183741	0.00464865306735	0.00628054399456	0.00482019739803	0.00774089059109	0.00292069319306
CHO_BM_DHIMAN_004	DHIMAN2020_L004	positive	Tier 2	2	GCF_003668045.3	NC_048595.1	408642588	408642597	10	mapped_interval	high	DHIMAN2020	408642592	H3K4me1	PRJEB9291	broad	2	PRJEB9291:210_hours;PRJEB9291:66_hours	ERR868153;ERR868174	157261	0.509715267275	0.0752796507415	7.02837309278	3.344165	0	0	0	0	0	0	0	0	0	0	0	0	0	0	0	0	2	1	1	1	0	0	0	43889	43884	0	0	0	0	0	0	1.5	333.5	0.00333496665033	0.016665	0	0.03333	0.03333	0.0126399675162	0.00837341329335	0.0169065217391	0.00853310844575	0.0137330665967	0.00942362881856	0.0180425043748	0.00861887555624	0.020063797812	0.0154972884271	0.0246303071969	0.0091330187698
CHO_BM_DHIMAN_004	DHIMAN2020_L004	positive	Tier 2	2	GCF_003668045.3	NC_048595.1	408642588	408642597	10	mapped_interval	high	DHIMAN2020	408642592	H3K4me3	PRJEB9291	narrow	2	PRJEB9291:210_hours;PRJEB9291:66_hours	ERR868151;ERR868175	51792.5	0.794186004887	0.0294624591599	27.0106531031	7.988715	0	0	0	0	0	0	0	0	0	0	0	0	0	0	0	0	1	0.5	1	0	0	0	0	57264	57259.5	0	0	0	0	0	0	0.5	141.5	0.00141498585014	0.04775	0	0.0955	0.0955	0.00600156171915	0	0.0120031234383	0.0120031234383	0.0044654079796	0.00336583170841	0.00556498425079	0.00219915254238	0.00690274462255	0.00463755362446	0.00916793562064	0.00453038199618
CHO_BM_DHIMAN_004	DHIMAN2020_L004	positive	Tier 2	2	GCF_003668045.3	NC_048595.1	408642588	408642597	10	mapped_interval	high	DHIMAN2020	408642592	H3K4me3	PRJNA865478	narrow	2	PRJNA865478:3_days;PRJNA865478:7_days	SRR20770293;SRR20770297	59622	0.204286262379	0.0175990693387	11.6527145196	6.2595	0	0	0	0	0	0	0	0	0	0	0	0	0	0	0	0	0	0	0	0	0	0	0	124204	124199	0	0	0	0	0	0	0	0	0	0.03576	0.03154	0.03998	0.00844	0.0501423363319	0.0403596201899	0.0599250524738	0.0195654322839	0.0516552057397	0.0491552117394	0.05415519974	0.0049999880006	0.053048702813	0.0529961584384	0.0531012471875	0.0001050887491
CHO_BM_DHIMAN_004	DHIMAN2020_L004	positive	Tier 2	2	GCF_003668045.3	NC_048595.1	408642588	408642597	10	mapped_interval	high	DHIMAN2020	408642592	H3K9me3	PRJEB9291	broad	2	PRJEB9291:210_hours;PRJEB9291:66_hours	ERR868152;ERR868176	209789.5	0.255402613286	0.0555718418708	4.60411276469	3.0013	0	0	0	0	0	0	0	0	0	0	0	0	0	0	0	0	0	0	0	0	0	0	0	224404.5	224399.5	0	0	0	0	0	0	0	0	0	0.020315	0	0.04063	0.04063	0.00472087706147	0	0.00944175412294	0.00944175412294	0.0179223611319	0.0176088585571	0.0182358637068	0.0006270051497	0.0180124928751	0.0177551324487	0.0182698533015	0.0005147208528
CHO_BM_DHIMAN_004	DHIMAN2020_L004	positive	Tier 2	2	GCF_003668045.3	NC_048595.1	408642588	408642597	10	mapped_interval	high	DHIMAN2020	408642592	H3K9me3	PRJNA865478	broad	2	PRJNA865478:3_days;PRJNA865478:7_days	SRR20770292;SRR20770296	66618.5	0.0948204146285	0.0310435370887	3.04574031411	2.950145	0	0	0	0	0	0	0	0	0	0	0	0	0	0	0	0	0	0	0	0	0	0	0	98904	98899.5	0	0	0	0	0	0	0	0	0	0.036175	0.0325	0.03985	0.00735	0.0518531434283	0.0497182808596	0.053988005997	0.0042697251374	0.0566505749712	0.0533509574521	0.0599501924904	0.0065992350383	0.0579762659873	0.0569582804172	0.0589942515575	0.0020359711403
CHO_BM_DHIMAN_005	DHIMAN2020_L005	negative	Tier 2	1	GCF_003668045.3	NC_048595.1	257621823	257621823	1	point_coordinate	high	DHIMAN2020	257621823	H3K27ac	PRJEB9291	narrow	2	PRJEB9291:210_hours;PRJEB9291:66_hours	ERR868155;ERR868171	73527.5	0.6372173458	0.0358286588685	17.9672664687	7.46883	0	0	0	0	0	0	0	0	2	1	1	1	2	1	1	1	2	1	1	1	0	0	0	379	379	1.5	596.5	0.298100949525	1.5	833.5	0.0416729163542	4.5	3978.5	0.039784602154	0.363385	0.18236	0.54441	0.36205	0.369230417291	0.288536361819	0.449924472764	0.161388110945	0.089760355732	0.073346740663	0.106173970801	0.032827230138	0.0942408002921	0.0823036781632	0.106177922421	0.0238742442578
CHO_BM_DHIMAN_005	DHIMAN2020_L005	negative	Tier 2	1	GCF_003668045.3	NC_048595.1	257621823	257621823	1	point_coordinate	high	DHIMAN2020	257621823	H3K27ac	PRJNA865478	narrow	2	PRJNA865478:3_days;PRJNA865478:7_days	SRR20770291;SRR20770294	70484.5	0.142828355232	0.016220643061	8.85423438421	5.474695	0	0	0	0	0	0	0	0	0	0	0	0	0	0	0	0	2	1	1	1	0	0	0	14631.5	14631.5	0	0	0	0	0	0	2.5	670.5	0.00670493295067	0.112475	0.10538	0.11957	0.01419	0.0973966416792	0.0887461569215	0.106047126437	0.0173009695155	0.0673974776261	0.0650254952252	0.069769460027	0.0047439648018	0.0688809550905	0.0664405558944	0.0713213542865	0.0048807983921
CHO_BM_DHIMAN_005	DHIMAN2020_L005	negative	Tier 2	1	GCF_003668045.3	NC_048595.1	257621823	257621823	1	point_coordinate	high	DHIMAN2020	257621823	H3K27me3	PRJEB9291	broad	2	PRJEB9291:210_hours;PRJEB9291:66_hours	ERR868154;ERR868172	170259.5	0.197437617458	0.0410249475692	4.82182262168	3.00912	0	0	0	0	0	0	0	0	0	0	0	0	2	1	1	1	2	1	1	1	0	0	0	7506.5	7506.5	0	0	0	2.5	1020.5	0.0510224488776	6.5	3955	0.039549604504	0	0	0	0	0.0160780809595	0.0153824287856	0.0167737331334	0.0013913043478	0.0686560909454	0.0632288040598	0.0740833778311	0.0108545737713	0.0638723219268	0.058535695943	0.0692089479105	0.0106732519675
CHO_BM_DHIMAN_005	DHIMAN2020_L005	negative	Tier 2	1	GCF_003668045.3	NC_048595.1	257621823	257621823	1	point_coordinate	high	DHIMAN2020	257621823	H3K36me3	PRJEB9291	broad	2	PRJEB9291:210_hours;PRJEB9291:66_hours	ERR868156;ERR868173	85440.5	0.766289642108	0.0972899913205	7.93989498928	2.9643975	0	0	0	0	0	0	0	0	0	0	0	0	0	0	0	0	2	1	1	1	0	0	0	29684	29684	0	0	0	0	0	0	7	5981.5	0.059814401856	0.017535	0	0.03507	0.03507	0.0141292828586	0.00972706146927	0.0185315042479	0.00880444277863	0.0265481090946	0.022247560122	0.0308486580671	0.0086010979451	0.0631123171768	0.0592955789442	0.0669290554094	0.0076334764652
CHO_BM_DHIMAN_005	DHIMAN2020_L005	negative	Tier 2	1	GCF_003668045.3	NC_048595.1	257621823	257621823	1	point_coordinate	high	DHIMAN2020	257621823	H3K4me1	PRJEB9291	broad	2	PRJEB9291:210_hours;PRJEB9291:66_hours	ERR868153;ERR868174	157261	0.509715267275	0.0752796507415	7.02837309278	3.344165	2	1	1	1	2	1	1	1	2	1	1	1	2	1	1	1	2	1	1	1	1	1	1	0	0	2	1408	0.703648175912	4.5	3340	0.166991650417	14.5	13701.5	0.137013629864	0.373745	0.31417	0.43332	0.11915	0.432198953023	0.390683728136	0.473714177911	0.083030449775	0.142272729363	0.141972465877	0.14257299285	0.000600526973	0.120355553344	0.117558505015	0.123152601674	0.005594096659
CHO_BM_DHIMAN_005	DHIMAN2020_L005	negative	Tier 2	1	GCF_003668045.3	NC_048595.1	257621823	257621823	1	point_coordinate	high	DHIMAN2020	257621823	H3K4me3	PRJEB9291	narrow	2	PRJEB9291:210_hours;PRJEB9291:66_hours	ERR868151;ERR868175	51792.5	0.794186004887	0.0294624591599	27.0106531031	7.988715	0	0	0	0	0	0	0	0	0	0	0	0	2	1	1	1	2	1	1	1	0	0	0	3772	3772	0	0	0	1	170	0.00849957502125	4.5	4861.5	0.0486145138549	0.094	0.04775	0.14025	0.0925	0.0875445502248	0.0671029485257	0.107986151924	0.0408832033983	0.043078140843	0.0424000724964	0.0437562091895	0.0013561366931	0.134011203138	0.132783426866	0.13523897941	0.002455552544
CHO_BM_DHIMAN_005	DHIMAN2020_L005	negative	Tier 2	1	GCF_003668045.3	NC_048595.1	257621823	257621823	1	point_coordinate	high	DHIMAN2020	257621823	H3K4me3	PRJNA865478	narrow	2	PRJNA865478:3_days;PRJNA865478:7_days	SRR20770293;SRR20770297	59622	0.204286262379	0.0175990693387	11.6527145196	6.2595	0	0	0	0	0	0	0	0	0	0	0	0	0	0	0	0	2	1	1	1	0	0	0	13807	13807	0	0	0	0	0	0	8.5	4424.5	0.0442445575544	0.19612	0.13993	0.25231	0.11238	0.0921815892054	0.0883615942029	0.0960015842079	0.007639990005	0.069401481176	0.0687031943403	0.0700997680116	0.0013965736713	0.0861674504255	0.0834271811282	0.0889077197228	0.0054805385946
CHO_BM_DHIMAN_005	DHIMAN2020_L005	negative	Tier 2	1	GCF_003668045.3	NC_048595.1	257621823	257621823	1	point_coordinate	high	DHIMAN2020	257621823	H3K9me3	PRJEB9291	broad	2	PRJEB9291:210_hours;PRJEB9291:66_hours	ERR868152;ERR868176	209789.5	0.255402613286	0.0555718418708	4.60411276469	3.0013	0	0	0	0	0	0	0	0	0	0	0	0	2	1	1	1	2	1	1	1	0	0	0	5107.5	5107.5	0	0	0	1	465.5	0.0232738363082	5	2690.5	0.0269047309527	0	0	0	0	0.0163305772114	0.0126811844078	0.019979970015	0.0072987856072	0.0376218179091	0.0368766136693	0.0383670221489	0.0014904084796	0.0446749602504	0.0418685521145	0.0474813683863	0.0056128162718
CHO_BM_DHIMAN_005	DHIMAN2020_L005	negative	Tier 2	1	GCF_003668045.3	NC_048595.1	257621823	257621823	1	point_coordinate	high	DHIMAN2020	257621823	H3K9me3	PRJNA865478	broad	2	PRJNA865478:3_days;PRJNA865478:7_days	SRR20770292;SRR20770296	66618.5	0.0948204146285	0.0310435370887	3.04574031411	2.950145	0	0	0	0	0	0	0	0	0	0	0	0	0	0	0	0	1	0.5	1	0	0	0	0	172023.5	172023.5	0	0	0	0	0	0	0.5	155.5	0.00155498445016	0.01625	0	0.0325	0.0325	0.0301557746127	0.0292733183408	0.0310382308846	0.0017649125438	0.0491287043148	0.0456539138043	0.0526034948253	0.006949581021	0.0476370198798	0.0469857551424	0.0482882846172	0.0013025294748
CHO_BM_DHIMAN_006	DHIMAN2020_L006	support_only	Tier 2	2	GCF_003668045.3	NC_048596.1	236735321	236735321	1	point_coordinate	high	DHIMAN2020	236735321	H3K27ac	PRJEB9291	narrow	2	PRJEB9291:210_hours;PRJEB9291:66_hours	ERR868155;ERR868171	73527.5	0.6372173458	0.0358286588685	17.9672664687	7.46883	0	0	0	0	0	0	0	0	0	0	0	0	1	0.5	1	0	2	1	1	1	0	0	0	9829	9829	0	0	0	0.5	138	0.00689965501725	15.5	17363.5	0.173633263667	0.022795	0	0.04559	0.04559	0.0414088055973	0.0352910044978	0.0475266066967	0.0122356021989	0.0733258507074	0.0504795135243	0.0961721878906	0.0456926743663	0.46179702368	0.416305781642	0.507288265717	0.090982484075
CHO_BM_DHIMAN_006	DHIMAN2020_L006	support_only	Tier 2	2	GCF_003668045.3	NC_048596.1	236735321	236735321	1	point_coordinate	high	DHIMAN2020	236735321	H3K27ac	PRJNA865478	narrow	2	PRJNA865478:3_days;PRJNA865478:7_days	SRR20770291;SRR20770294	70484.5	0.142828355232	0.016220643061	8.85423438421	5.474695	0	0	0	0	0	0	0	0	0	0	0	0	0	0	0	0	2	1	1	1	0	0	0	17440.5	17440.5	0	0	0	0	0	0	16	10608.5	0.106083939161	0.08734	0.07903	0.09565	0.01662	0.0981579510242	0.0901700449775	0.106145857071	0.0159758120935	0.107180256487	0.106066121694	0.10829439128	0.002228269586	0.150860179248	0.147548502215	0.154171856281	0.006623354066
CHO_BM_DHIMAN_006	DHIMAN2020_L006	support_only	Tier 2	2	GCF_003668045.3	NC_048596.1	236735321	236735321	1	point_coordinate	high	DHIMAN2020	236735321	H3K27me3	PRJEB9291	broad	2	PRJEB9291:210_hours;PRJEB9291:66_hours	ERR868154;ERR868172	170259.5	0.197437617458	0.0410249475692	4.82182262168	3.00912	0	0	0	0	0	0	0	0	0	0	0	0	0	0	0	0	0	0	0	0	0	0	0	76235.5	76235.5	0	0	0	0	0	0	0	0	0	0	0	0	0	0.0122769515242	0.00536811594203	0.0191857871064	0.0138176711644	0.0120757562122	0.0102040097995	0.0139475026249	0.0037434928254	0.0167909748403	0.0166712532875	0.016910696393	0.0002394431055
CHO_BM_DHIMAN_006	DHIMAN2020_L006	support_only	Tier 2	2	GCF_003668045.3	NC_048596.1	236735321	236735321	1	point_coordinate	high	DHIMAN2020	236735321	H3K36me3	PRJEB9291	broad	2	PRJEB9291:210_hours;PRJEB9291:66_hours	ERR868156;ERR868173	85440.5	0.766289642108	0.0972899913205	7.93989498928	2.9643975	2	1	1	1	2	1	1	1	2	1	1	1	2	1	1	1	2	1	1	1	1	1	1	0	0	1	2001	1	1	20001	1	13.5	60962.5	0.609618903811	1.070515	1.05392	1.08711	0.03319	1.32101410295	1.29832238381	1.34370582209	0.04538343828	1.28480649968	1.21368321434	1.35592978501	0.14224657067	0.660045378597	0.645064408956	0.675026348237	0.029961939281
CHO_BM_DHIMAN_006	DHIMAN2020_L006	support_only	Tier 2	2	GCF_003668045.3	NC_048596.1	236735321	236735321	1	point_coordinate	high	DHIMAN2020	236735321	H3K4me1	PRJEB9291	broad	2	PRJEB9291:210_hours;PRJEB9291:66_hours	ERR868153;ERR868174	157261	0.509715267275	0.0752796507415	7.02837309278	3.344165	0	0	0	0	0	0	0	0	0	0	0	0	1	0.5	1	0	2	1	1	1	0	0	0	9850.5	9850.5	0	0	0	0.5	183	0.00914954252287	25	30300.5	0.30300196998	0	0	0	0	0.0390621064468	0.0345294752624	0.0435947376312	0.0090652623688	0.0452940102995	0.0352975891205	0.0552904314784	0.0199928423579	0.24598304287	0.236294104759	0.25567198098	0.019377876221
CHO_BM_DHIMAN_006	DHIMAN2020_L006	support_only	Tier 2	2	GCF_003668045.3	NC_048596.1	236735321	236735321	1	point_coordinate	high	DHIMAN2020	236735321	H3K4me3	PRJEB9291	narrow	2	PRJEB9291:210_hours;PRJEB9291:66_hours	ERR868151;ERR868175	51792.5	0.794186004887	0.0294624591599	27.0106531031	7.988715	0	0	0	0	0	0	0	0	0	0	0	0	0	0	0	0	2	1	1	1	0	0	0	17664.5	17664.5	0	0	0	0	0	0	7	8449.5	0.0844941550584	0	0	0	0	0.00755803348325	0	0.0151160669665	0.0151160669665	0.00895522098895	0.00687565621719	0.0110347857607	0.00415912954351	0.217971925481	0.204481610984	0.231462239978	0.026980628994
CHO_BM_DHIMAN_006	DHIMAN2020_L006	support_only	Tier 2	2	GCF_003668045.3	NC_048596.1	236735321	236735321	1	point_coordinate	high	DHIMAN2020	236735321	H3K4me3	PRJNA865478	narrow	2	PRJNA865478:3_days;PRJNA865478:7_days	SRR20770293;SRR20770297	59622	0.204286262379	0.0175990693387	11.6527145196	6.2595	0	0	0	0	0	0	0	0	0	0	0	0	0	0	0	0	2	1	1	1	0	0	0	32946.5	32946.5	0	0	0	0	0	0	5.5	5136	0.0513594864051	0.087285	0.07996	0.09461	0.01465	0.0552798100949	0.0474824937531	0.0630771264368	0.0155946326837	0.0504148080096	0.0496597735113	0.0511698425079	0.0015100689966	0.0983039020609	0.0971402284977	0.0994675756242	0.0023273471265
CHO_BM_DHIMAN_006	DHIMAN2020_L006	support_only	Tier 2	2	GCF_003668045.3	NC_048596.1	236735321	236735321	1	point_coordinate	high	DHIMAN2020	236735321	H3K9me3	PRJEB9291	broad	2	PRJEB9291:210_hours;PRJEB9291:66_hours	ERR868152;ERR868176	209789.5	0.255402613286	0.0555718418708	4.60411276469	3.0013	0	0	0	0	0	0	0	0	0	0	0	0	0	0	0	0	2	1	1	1	0	0	0	22184.5	22184.5	0	0	0	0	0	0	1.5	497	0.0049699503005	0.027285	0	0.05457	0.05457	0.0205481234383	0.0185172563718	0.0225789905047	0.0040617341329	0.0178499150043	0.0164929578521	0.0192068721564	0.0027139143043	0.0268988345617	0.0253382639174	0.0284594052059	0.0031211412885
CHO_BM_DHIMAN_006	DHIMAN2020_L006	support_only	Tier 2	2	GCF_003668045.3	NC_048596.1	236735321	236735321	1	point_coordinate	high	DHIMAN2020	236735321	H3K9me3	PRJNA865478	broad	2	PRJNA865478:3_days;PRJNA865478:7_days	SRR20770292;SRR20770296	66618.5	0.0948204146285	0.0310435370887	3.04574031411	2.950145	0	0	0	0	0	0	0	0	0	0	0	0	0	0	0	0	0	0	0	0	0	0	0	77179.5	77179.5	0	0	0	0	0	0	0	0	0	0	0	0	0	0.0339450524738	0.0235660169915	0.044324087956	0.0207580709645	0.028650020499	0.0259602329884	0.0313398080096	0.0053795750212	0.0342585660644	0.0324291680083	0.0360879641204	0.0036587961121
CHO_BM_DHIMAN_007	DHIMAN2020_L007	positive	Tier 2	1	GCF_003668045.3	NC_048597.1	21959978	21959978	1	point_coordinate	high	DHIMAN2020	21959978	H3K27ac	PRJEB9291	narrow	2	PRJEB9291:210_hours;PRJEB9291:66_hours	ERR868155;ERR868171	73527.5	0.6372173458	0.0358286588685	17.9672664687	7.46883	0	0	0	0	0	0	0	0	0	0	0	0	0	0	0	0	2	1	1	1	0	0	0	13288.5	13288.5	0	0	0	0	0	0	3.5	5069	0.0506894931051	0.077775	0	0.15555	0.15555	0.0557337981009	0.0529720889555	0.0584955072464	0.0055234182909	0.0317737643117	0.0262653852307	0.0372821433928	0.0110167581621	0.091815206148	0.073286902831	0.110343509465	0.037056606634
CHO_BM_DHIMAN_007	DHIMAN2020_L007	positive	Tier 2	1	GCF_003668045.3	NC_048597.1	21959978	21959978	1	point_coordinate	high	DHIMAN2020	21959978	H3K27ac	PRJNA865478	narrow	2	PRJNA865478:3_days;PRJNA865478:7_days	SRR20770291;SRR20770294	70484.5	0.142828355232	0.016220643061	8.85423438421	5.474695	0	0	0	0	0	0	0	0	0	0	0	0	1	0.5	1	0	2	1	1	1	0	0	0	9809	9809	0	0	0	0.5	87.5	0.00437478126094	7	3874.5	0.0387446125539	0.148345	0.10538	0.19131	0.08593	0.117499745127	0.106241529235	0.128757961019	0.022516431784	0.0919688143093	0.0860153902305	0.0979222383881	0.0119068481576	0.0855683202668	0.0823688650114	0.0887677755222	0.0063989105108
CHO_BM_DHIMAN_007	DHIMAN2020_L007	positive	Tier 2	1	GCF_003668045.3	NC_048597.1	21959978	21959978	1	point_coordinate	high	DHIMAN2020	21959978	H3K27me3	PRJEB9291	broad	2	PRJEB9291:210_hours;PRJEB9291:66_hours	ERR868154;ERR868172	170259.5	0.197437617458	0.0410249475692	4.82182262168	3.00912	0	0	0	0	0	0	0	0	0	0	0	0	0	0	0	0	0	0	0	0	0	0	0	1221825	1221825	0	0	0	0	0	0	0	0	0	0	0	0	0	0.0320701549225	0.0242860969515	0.0398542128936	0.0155681159421	0.0326240102995	0.026062179891	0.039185840708	0.013123660817	0.0296181171688	0.0266345247548	0.0326017095829	0.0059671848281
CHO_BM_DHIMAN_007	DHIMAN2020_L007	positive	Tier 2	1	GCF_003668045.3	NC_048597.1	21959978	21959978	1	point_coordinate	high	DHIMAN2020	21959978	H3K36me3	PRJEB9291	broad	2	PRJEB9291:210_hours;PRJEB9291:66_hours	ERR868156;ERR868173	85440.5	0.766289642108	0.0972899913205	7.93989498928	2.9643975	0	0	0	0	0	0	0	0	0	0	0	0	0	0	0	0	0	0	0	0	0	0	0	72922	72922	0	0	0	0	0	0	0	0	0	0.05855	0	0.1171	0.1171	0.0202807071464	0.0185309345327	0.0220304797601	0.0034995452274	0.0346631680916	0.0316992705365	0.0376270656467	0.0059277951102	0.0322440256098	0.0297487184128	0.0347393328067	0.0049906143939
CHO_BM_DHIMAN_007	DHIMAN2020_L007	positive	Tier 2	1	GCF_003668045.3	NC_048597.1	21959978	21959978	1	point_coordinate	high	DHIMAN2020	21959978	H3K4me1	PRJEB9291	broad	2	PRJEB9291:210_hours;PRJEB9291:66_hours	ERR868153;ERR868174	157261	0.509715267275	0.0752796507415	7.02837309278	3.344165	0	0	0	0	0	0	0	0	2	1	1	1	2	1	1	1	2	1	1	1	0	0	0	189	189	1	263	0.131434282859	1	263	0.0131493425329	11	8669.5	0.0866941330587	0.18569	0.10472	0.26666	0.16194	0.161919342829	0.161192488756	0.162646196902	0.001453708146	0.0584012099396	0.0532811449428	0.0635212749363	0.0102401299935	0.0984835669643	0.0974129846702	0.0995541492585	0.0021411645883
CHO_BM_DHIMAN_007	DHIMAN2020_L007	positive	Tier 2	1	GCF_003668045.3	NC_048597.1	21959978	21959978	1	point_coordinate	high	DHIMAN2020	21959978	H3K4me3	PRJEB9291	narrow	2	PRJEB9291:210_hours;PRJEB9291:66_hours	ERR868151;ERR868175	51792.5	0.794186004887	0.0294624591599	27.0106531031	7.988715	0	0	0	0	0	0	0	0	0	0	0	0	0	0	0	0	2	1	1	1	0	0	0	13329.5	13329.5	0	0	0	0	0	0	4	2704	0.0270397296027	0	0	0	0	0.0170888930535	0.0154871314343	0.0186906546727	0.0032035232384	0.0113754312284	0.00785360731963	0.0148972551372	0.00704364781757	0.0395643684063	0.0367268116319	0.0424019251807	0.0056751135488
CHO_BM_DHIMAN_007	DHIMAN2020_L007	positive	Tier 2	1	GCF_003668045.3	NC_048597.1	21959978	21959978	1	point_coordinate	high	DHIMAN2020	21959978	H3K4me3	PRJNA865478	narrow	2	PRJNA865478:3_days;PRJNA865478:7_days	SRR20770293;SRR20770297	59622	0.204286262379	0.0175990693387	11.6527145196	6.2595	0	0	0	0	0	0	0	0	0	0	0	0	0	0	0	0	2	1	1	1	0	0	0	25959.5	25959.5	0	0	0	0	0	0	3.5	1141	0.0114098859011	0.07307	0.01999	0.12615	0.10616	0.0693888080959	0.0635328985507	0.0752447176412	0.0117118190905	0.0582934555772	0.0576272891355	0.0589596220189	0.0013323328834	0.0584370871291	0.0571696289037	0.0597045453545	0.0025349164508
CHO_BM_DHIMAN_007	DHIMAN2020_L007	positive	Tier 2	1	GCF_003668045.3	NC_048597.1	21959978	21959978	1	point_coordinate	high	DHIMAN2020	21959978	H3K9me3	PRJEB9291	broad	2	PRJEB9291:210_hours;PRJEB9291:66_hours	ERR868152;ERR868176	209789.5	0.255402613286	0.0555718418708	4.60411276469	3.0013	0	0	0	0	0	0	0	0	0	0	0	0	0	0	0	0	2	1	1	1	0	0	0	18352	18352	0	0	0	0	0	0	1	277.5	0.00277497225028	0	0	0	0	0.0210110994503	0.0199596651674	0.0220625337331	0.0021028685657	0.0205447265137	0.0195217389131	0.0215677141143	0.0020459752012	0.0268732176678	0.0264567725323	0.0272896628034	0.0008328902711
CHO_BM_DHIMAN_007	DHIMAN2020_L007	positive	Tier 2	1	GCF_003668045.3	NC_048597.1	21959978	21959978	1	point_coordinate	high	DHIMAN2020	21959978	H3K9me3	PRJNA865478	broad	2	PRJNA865478:3_days;PRJNA865478:7_days	SRR20770292;SRR20770296	66618.5	0.0948204146285	0.0310435370887	3.04574031411	2.950145	0	0	0	0	0	0	0	0	0	0	0	0	0	0	0	0	0	0	0	0	0	0	0	1031303	1031303	0	0	0	0	0	0	0	0	0	0.049105	0.03321	0.065	0.03179	0.0509483258371	0.0470153423288	0.0548813093453	0.0078659670165	0.041686860157	0.0380352372381	0.0453384830758	0.0073032458377	0.0390821118788	0.0389323356766	0.0392318880811	0.0002995524045
CHO_BM_DHIMAN_008	DHIMAN2020_L008	positive	Tier 2	1	GCF_003668045.3	NC_048597.1	73524836	73524858	23	mapped_interval	high	DHIMAN2020	73524847	H3K27ac	PRJEB9291	narrow	2	PRJEB9291:210_hours;PRJEB9291:66_hours	ERR868155;ERR868171	73527.5	0.6372173458	0.0358286588685	17.9672664687	7.46883	0	0	0	0	0	0	0	0	0	0	0	0	2	1	1	1	2	1	1	1	0	0	0	2227.5	2216.5	0	0	0	3	2233.5	0.111669416529	10.5	10586.5	0.105863941361	0.0913002173915	0	0.182600434783	0.182600434783	0.132555332334	0.083252003998	0.18185866067	0.098606656672	0.178703968302	0.158006773161	0.199401163442	0.041394390281	0.162458331267	0.161276215538	0.163640446996	0.002364231458
CHO_BM_DHIMAN_008	DHIMAN2020_L008	positive	Tier 2	1	GCF_003668045.3	NC_048597.1	73524836	73524858	23	mapped_interval	high	DHIMAN2020	73524847	H3K27ac	PRJNA865478	narrow	2	PRJNA865478:3_days;PRJNA865478:7_days	SRR20770291;SRR20770294	70484.5	0.142828355232	0.016220643061	8.85423438421	5.474695	0	0	0	0	0	0	0	0	0	0	0	0	0	0	0	0	1	0.5	1	0	0	0	0	56598.5	56587.5	0	0	0	0	0	0	0.5	125	0.00124998750012	0.0400628260869	0.0343095652174	0.0458160869565	0.0115065217391	0.0760843878061	0.0710827136432	0.081086061969	0.0100033483258	0.0577430153492	0.0567039018049	0.0587821288936	0.0020782270887	0.0619533195668	0.0553784662153	0.0685281729183	0.013149706703
CHO_BM_DHIMAN_008	DHIMAN2020_L008	positive	Tier 2	1	GCF_003668045.3	NC_048597.1	73524836	73524858	23	mapped_interval	high	DHIMAN2020	73524847	H3K27me3	PRJEB9291	broad	2	PRJEB9291:210_hours;PRJEB9291:66_hours	ERR868154;ERR868172	170259.5	0.197437617458	0.0410249475692	4.82182262168	3.00912	0	0	0	0	0	0	0	0	0	0	0	0	0	0	0	0	0	0	0	0	0	0	0	129943.5	129932.5	0	0	0	0	0	0	0	0	0	0.01852	0	0.03704	0.03704	0.0143732133933	0.00995802098951	0.0187884057971	0.00883038480759	0.0180012156892	0.017080319484	0.0189221118944	0.0018417924104	0.0230648282017	0.0228523359766	0.0232773204268	0.0004249844502
CHO_BM_DHIMAN_008	DHIMAN2020_L008	positive	Tier 2	1	GCF_003668045.3	NC_048597.1	73524836	73524858	23	mapped_interval	high	DHIMAN2020	73524847	H3K36me3	PRJEB9291	broad	2	PRJEB9291:210_hours;PRJEB9291:66_hours	ERR868156;ERR868173	85440.5	0.766289642108	0.0972899913205	7.93989498928	2.9643975	0	0	0	0	0	0	0	0	1	0.5	1	0	2	1	1	1	2	1	1	1	0	0	0	2507	2496	0.5	118	0.0589705147426	5	3052	0.152592370381	10.5	6194	0.0619393806062	0.157655869565	0.1171	0.19821173913	0.08111173913	0.107367126437	0.0770729435282	0.137661309345	0.0605883658168	0.128810710464	0.111217719614	0.146403701315	0.035185981701	0.0901327392226	0.081589204308	0.0986762741373	0.0170870698293
CHO_BM_DHIMAN_008	DHIMAN2020_L008	positive	Tier 2	1	GCF_003668045.3	NC_048597.1	73524836	73524858	23	mapped_interval	high	DHIMAN2020	73524847	H3K4me1	PRJEB9291	broad	2	PRJEB9291:210_hours;PRJEB9291:66_hours	ERR868153;ERR868174	157261	0.509715267275	0.0752796507415	7.02837309278	3.344165	0	0	0	0	0	0	0	0	0	0	0	0	2	1	1	1	2	1	1	1	0	0	0	2088.5	2077.5	0	0	0	4.5	4189	0.209439528024	16.5	18415	0.184148158518	0.199111304348	0.0840526086957	0.31417	0.230117391304	0.115236944028	0.0736767166417	0.156797171414	0.0831204547723	0.172221984151	0.157769249538	0.186674718764	0.028905469226	0.157632050079	0.154579133609	0.16068496655	0.006105832941
CHO_BM_DHIMAN_008	DHIMAN2020_L008	positive	Tier 2	1	GCF_003668045.3	NC_048597.1	73524836	73524858	23	mapped_interval	high	DHIMAN2020	73524847	H3K4me3	PRJEB9291	narrow	2	PRJEB9291:210_hours;PRJEB9291:66_hours	ERR868151;ERR868175	51792.5	0.794186004887	0.0294624591599	27.0106531031	7.988715	0	0	0	0	0	0	0	0	0	0	0	0	2	1	1	1	2	1	1	1	0	0	0	2425.5	2414.5	0	0	0	1.5	1241.5	0.0620718964052	7	3580.5	0.0358046419536	0	0	0	0	0.00377811094453	0.00373813093453	0.00381809095452	7.996001999e-05	0.0692958479576	0.0582483230838	0.0803433728314	0.0220950497476	0.050011199838	0.0385968236318	0.0614255760442	0.0228287524124
CHO_BM_DHIMAN_008	DHIMAN2020_L008	positive	Tier 2	1	GCF_003668045.3	NC_048597.1	73524836	73524858	23	mapped_interval	high	DHIMAN2020	73524847	H3K4me3	PRJNA865478	narrow	2	PRJNA865478:3_days;PRJNA865478:7_days	SRR20770293;SRR20770297	59622	0.204286262379	0.0175990693387	11.6527145196	6.2595	0	0	0	0	0	0	0	0	0	0	0	0	0	0	0	0	0	0	0	0	0	0	0	84595.5	84584.5	0	0	0	0	0	0	0	0	0	0.0095991304348	0	0.0191982608696	0.0191982608696	0.0520835007496	0.0317282558721	0.0724387456272	0.0407104897551	0.0458862824359	0.0423996685166	0.0493728963552	0.0069732278386	0.0460463529365	0.0425970646294	0.0494956412436	0.0068985766142
CHO_BM_DHIMAN_008	DHIMAN2020_L008	positive	Tier 2	1	GCF_003668045.3	NC_048597.1	73524836	73524858	23	mapped_interval	high	DHIMAN2020	73524847	H3K9me3	PRJEB9291	broad	2	PRJEB9291:210_hours;PRJEB9291:66_hours	ERR868152;ERR868176	209789.5	0.255402613286	0.0555718418708	4.60411276469	3.0013	0	0	0	0	0	0	0	0	0	0	0	0	0	0	0	0	0	0	0	0	0	0	0	71100	71089	0	0	0	0	0	0	0	0	0	0.0476	0.04063	0.05457	0.01394	0.0186841129435	0.00845412293853	0.0289141029485	0.02045998001	0.0238462164392	0.0202990250487	0.0273934078296	0.0070943827809	0.0247432645674	0.024025497645	0.0254610314897	0.0014355338447
CHO_BM_DHIMAN_008	DHIMAN2020_L008	positive	Tier 2	1	GCF_003668045.3	NC_048597.1	73524836	73524858	23	mapped_interval	high	DHIMAN2020	73524847	H3K9me3	PRJNA865478	broad	2	PRJNA865478:3_days;PRJNA865478:7_days	SRR20770292;SRR20770296	66618.5	0.0948204146285	0.0310435370887	3.04574031411	2.950145	0	0	0	0	0	0	0	0	0	0	0	0	0	0	0	0	0	0	0	0	0	0	0	156542	156531	0	0	0	0	0	0	0	0	0	0	0	0	0	0.036670852074	0.0317137681159	0.041627936032	0.0099141679161	0.0318867716614	0.02913840008	0.0346351432428	0.0054967431628	0.0360269195308	0.0357327426726	0.036321096389	0.0005883537164
CHO_BM_DHIMAN_009	DHIMAN2020_L009	positive	Tier 2	1	GCF_003668045.3	NC_048597.1	169164042	169164066	25	mapped_interval	high	DHIMAN2020	169164054	H3K27ac	PRJEB9291	narrow	2	PRJEB9291:210_hours;PRJEB9291:66_hours	ERR868155;ERR868171	73527.5	0.6372173458	0.0358286588685	17.9672664687	7.46883	2	1	1	1	2	1	1	1	2	1	1	1	2	1	1	1	2	1	1	1	1	25	1	0	0	1	1763.5	0.881309345327	2	3308.5	0.165416729164	9	11201.5	0.112013879861	7.5072036	4.1542308	10.8601764	6.7059456	4.9149477986	2.8823587956	6.9475368016	4.065178006	0.800308542575	0.589875415229	1.01074166992	0.420866254691	0.427569126608	0.360999659603	0.494138593614	0.133138934011
CHO_BM_DHIMAN_009	DHIMAN2020_L009	positive	Tier 2	1	GCF_003668045.3	NC_048597.1	169164042	169164066	25	mapped_interval	high	DHIMAN2020	169164054	H3K27ac	PRJNA865478	narrow	2	PRJNA865478:3_days;PRJNA865478:7_days	SRR20770291;SRR20770294	70484.5	0.142828355232	0.016220643061	8.85423438421	5.474695	1	0.5	1	0	1	0.5	1	0	2	1	1	1	2	1	1	1	2	1	1	1	0.5	12.5	0.5	101	95	2.5	1540	0.769615192404	8.5	5049.5	0.252462376881	25	14416	0.144158558414	0.349724	0.2305252	0.4689228	0.2383976	0.612880442279	0.56635898051	0.659401904048	0.093042923538	0.322390667967	0.318418111594	0.326363224339	0.007945112745	0.24855602744	0.238816111739	0.258295943141	0.019479831402
CHO_BM_DHIMAN_009	DHIMAN2020_L009	positive	Tier 2	1	GCF_003668045.3	NC_048597.1	169164042	169164066	25	mapped_interval	high	DHIMAN2020	169164054	H3K27me3	PRJEB9291	broad	2	PRJEB9291:210_hours;PRJEB9291:66_hours	ERR868154;ERR868172	170259.5	0.197437617458	0.0410249475692	4.82182262168	3.00912	0	0	0	0	0	0	0	0	0	0	0	0	0	0	0	0	2	1	1	1	0	0	0	25832.5	25820.5	0	0	0	0	0	0	12	13782	0.137818621814	0	0	0	0	0.0206944102949	0.019916041979	0.0214727786107	0.0015567366317	0.020010941453	0.0193449647518	0.0206769181541	0.0013319534023	0.123419524655	0.109386929031	0.137452120279	0.028065191248
CHO_BM_DHIMAN_009	DHIMAN2020_L009	positive	Tier 2	1	GCF_003668045.3	NC_048597.1	169164042	169164066	25	mapped_interval	high	DHIMAN2020	169164054	H3K36me3	PRJEB9291	broad	2	PRJEB9291:210_hours;PRJEB9291:66_hours	ERR868156;ERR868173	85440.5	0.766289642108	0.0972899913205	7.93989498928	2.9643975	0	0	0	0	0	0	0	0	0	0	0	0	2	1	1	1	2	1	1	1	0	0	0	1457	1445	0	0	0	4.5	14564	0.72816359182	8	37112	0.371116288837	0.1123592	0.07014	0.1545784	0.0844384	0.0784500549725	0.0662107246377	0.0906893853073	0.0244786606696	1.24448368557	1.19815117794	1.29081619319	0.09266501525	0.579315189398	0.543731893681	0.614898485115	0.071166591434
CHO_BM_DHIMAN_009	DHIMAN2020_L009	positive	Tier 2	1	GCF_003668045.3	NC_048597.1	169164042	169164066	25	mapped_interval	high	DHIMAN2020	169164054	H3K4me1	PRJEB9291	broad	2	PRJEB9291:210_hours;PRJEB9291:66_hours	ERR868153;ERR868174	157261	0.509715267275	0.0752796507415	7.02837309278	3.344165	0	0	0	0	0	0	0	0	2	1	1	1	2	1	1	1	2	1	1	1	0	0	0	535.5	523.5	1	465.5	0.232633683158	4	6081.5	0.30405979701	20.5	23686	0.236857631424	0.023331	0	0.046662	0.046662	0.251957221389	0.238888650675	0.265025792104	0.026137141429	0.419984025049	0.392833889806	0.447134160292	0.054300270486	0.300413673614	0.288011716583	0.312815630644	0.024803914061
CHO_BM_DHIMAN_009	DHIMAN2020_L009	positive	Tier 2	1	GCF_003668045.3	NC_048597.1	169164042	169164066	25	mapped_interval	high	DHIMAN2020	169164054	H3K4me3	PRJEB9291	narrow	2	PRJEB9291:210_hours;PRJEB9291:66_hours	ERR868151;ERR868175	51792.5	0.794186004887	0.0294624591599	27.0106531031	7.988715	2	1	1	1	2	1	1	1	2	1	1	1	2	1	1	1	2	1	1	1	1	25	1	0	0	1	2001	1	1	4275.5	0.213764311784	7.5	15536	0.155358446416	10.8671394	10.4441188	11.29016	0.8460412	7.00904916542	6.60201965017	7.41607868066	0.81405903049	1.19264028599	1.09852652167	1.2867540503	0.18822752863	0.73523899376	0.710257276527	0.760220710993	0.049963434466
CHO_BM_DHIMAN_009	DHIMAN2020_L009	positive	Tier 2	1	GCF_003668045.3	NC_048597.1	169164042	169164066	25	mapped_interval	high	DHIMAN2020	169164054	H3K4me3	PRJNA865478	narrow	2	PRJNA865478:3_days;PRJNA865478:7_days	SRR20770293;SRR20770297	59622	0.204286262379	0.0175990693387	11.6527145196	6.2595	2	1	1	1	2	1	1	1	2	1	1	1	2	1	1	1	2	1	1	1	1	25	1	0	0	2	1866	0.932533733133	5.5	6441.5	0.322058897055	23.5	23084.5	0.230842691573	0.739165	0.654732	0.823598	0.168866	1.13456711644	1.05953892054	1.20959531234	0.1500563918	0.43704520274	0.414691489426	0.459398916054	0.044707426628	0.330942745573	0.322846822732	0.339038668413	0.016191845681
CHO_BM_DHIMAN_009	DHIMAN2020_L009	positive	Tier 2	1	GCF_003668045.3	NC_048597.1	169164042	169164066	25	mapped_interval	high	DHIMAN2020	169164054	H3K9me3	PRJEB9291	broad	2	PRJEB9291:210_hours;PRJEB9291:66_hours	ERR868152;ERR868176	209789.5	0.255402613286	0.0555718418708	4.60411276469	3.0013	0	0	0	0	0	0	0	0	0	0	0	0	0	0	0	0	2	1	1	1	0	0	0	31998	31986	0	0	0	0	0	0	1.5	398.5	0.0039849601504	0.08823	0.05457	0.12189	0.06732	0.0349475312344	0.0244064267866	0.0454886356822	0.0210822088956	0.0353068946552	0.0279012574371	0.0427125318734	0.0148112744363	0.0548079822202	0.0536062796372	0.0560096848032	0.002403405166
CHO_BM_DHIMAN_009	DHIMAN2020_L009	positive	Tier 2	1	GCF_003668045.3	NC_048597.1	169164042	169164066	25	mapped_interval	high	DHIMAN2020	169164054	H3K9me3	PRJNA865478	broad	2	PRJNA865478:3_days;PRJNA865478:7_days	SRR20770292;SRR20770296	66618.5	0.0948204146285	0.0310435370887	3.04574031411	2.950145	0	0	0	0	0	0	0	0	0	0	0	0	0	0	0	0	0	0	0	0	0	0	0	130750	130738	0	0	0	0	0	0	0	0	0	0	0	0	0	0.0171285832084	0.0158033483258	0.018453818091	0.0026504697652	0.0448146460177	0.0408342082896	0.0487950837458	0.0079608754562	0.0636907757922	0.0624816068839	0.0648999447006	0.0024183378167
CHO_BM_DHIMAN_010	DHIMAN2020_L010	negative	Tier 2	1	GCF_003668045.3	NC_048599.1	7684596	7781386	96791	mapped_interval	high	DHIMAN2020	7732991	H3K27ac	PRJEB9291	narrow	2	PRJEB9291:210_hours;PRJEB9291:66_hours	ERR868155;ERR868171	73527.5	0.6372173458	0.0358286588685	17.9672664687	7.46883	0	0	0	0	0	0	0	0	0	0	0	0	0	0	0	0	0	0	0	0	0	0	0	337128.5	288733.5	0	0	0	0	0	0	0	0	0	0.0129085935159	0.00854185461458	0.0172753324173	0.00873347780272	0.0213920564718	0.00100247876062	0.0417816341829	0.0407791554223	0.0153672221389	0.00625691465427	0.0244775296235	0.0182206149692	0.0135870621294	0.00911563274367	0.0180584915151	0.00894285877143
CHO_BM_DHIMAN_010	DHIMAN2020_L010	negative	Tier 2	1	GCF_003668045.3	NC_048599.1	7684596	7781386	96791	mapped_interval	high	DHIMAN2020	7732991	H3K27ac	PRJNA865478	narrow	2	PRJNA865478:3_days;PRJNA865478:7_days	SRR20770291;SRR20770294	70484.5	0.142828355232	0.016220643061	8.85423438421	5.474695	0	0	0	0	0	0	0	0	0	0	0	0	0	0	0	0	0	0	0	0	0	0	0	699392	650997	0	0	0	0	0	0	0	0	0	0.0739389571861	0.0660538534574	0.0818240609148	0.0157702074574	0.067467163918	0.0512922338831	0.083642093953	0.0323498600699	0.077718241088	0.066508420579	0.0889280615969	0.0224196410179	0.0738895709543	0.065932498975	0.0818466429336	0.0159141439586
CHO_BM_DHIMAN_010	DHIMAN2020_L010	negative	Tier 2	1	GCF_003668045.3	NC_048599.1	7684596	7781386	96791	mapped_interval	high	DHIMAN2020	7732991	H3K27me3	PRJEB9291	broad	2	PRJEB9291:210_hours;PRJEB9291:66_hours	ERR868154;ERR868172	170259.5	0.197437617458	0.0410249475692	4.82182262168	3.00912	1	0.5	1	0	0	0	0	0	0	0	0	0	1	0.5	1	0	1	0.5	1	0	4	1151	0.0118916014919	111279	83636	0	0	0	0.5	232.5	0.0116244187791	4.5	1223.5	0.0122348776512	0.0947640153525	0.085201635276	0.104326395429	0.019124760153	0.0948803598202	0.0889855472264	0.100775172414	0.0117896251876	0.0950545410229	0.0870302024899	0.103078879556	0.0160486770661	0.0948072288279	0.0852824271757	0.10433203048	0.0190496033043
CHO_BM_DHIMAN_010	DHIMAN2020_L010	negative	Tier 2	1	GCF_003668045.3	NC_048599.1	7684596	7781386	96791	mapped_interval	high	DHIMAN2020	7732991	H3K36me3	PRJEB9291	broad	2	PRJEB9291:210_hours;PRJEB9291:66_hours	ERR868156;ERR868173	85440.5	0.766289642108	0.0972899913205	7.93989498928	2.9643975	0	0	0	0	0	0	0	0	0	0	0	0	0	0	0	0	0	0	0	0	0	0	0	719323	670928	0	0	0	0	0	0	0	0	0	0.0102468550278	0.0099204416733	0.0105732683824	0.0006528267091	0.00324235382309	0	0.00648470764618	0.00648470764618	0.009106479926	0.00815715414229	0.0100558057097	0.00189865156741	0.0101945155048	0.00978436085639	0.0106046701533	0.00082030929691
CHO_BM_DHIMAN_010	DHIMAN2020_L010	negative	Tier 2	1	GCF_003668045.3	NC_048599.1	7684596	7781386	96791	mapped_interval	high	DHIMAN2020	7732991	H3K4me1	PRJEB9291	broad	2	PRJEB9291:210_hours;PRJEB9291:66_hours	ERR868153;ERR868174	157261	0.509715267275	0.0752796507415	7.02837309278	3.344165	0	0	0	0	0	0	0	0	0	0	0	0	0	0	0	0	0	0	0	0	0	0	0	216473	168078	0	0	0	0	0	0	0	0	0	0.0129587597504	0.0128099976237	0.013107521877	0.0002975242533	0.0072457346327	0	0.0144914692654	0.0144914692654	0.00902122918854	0.00837718114094	0.00966527723614	0.0012880960952	0.0135287103629	0.013145401046	0.0139120196798	0.0007666186338
CHO_BM_DHIMAN_010	DHIMAN2020_L010	negative	Tier 2	1	GCF_003668045.3	NC_048599.1	7684596	7781386	96791	mapped_interval	high	DHIMAN2020	7732991	H3K4me3	PRJEB9291	narrow	2	PRJEB9291:210_hours;PRJEB9291:66_hours	ERR868151;ERR868175	51792.5	0.794186004887	0.0294624591599	27.0106531031	7.988715	0	0	0	0	0	0	0	0	0	0	0	0	0	0	0	0	0	0	0	0	0	0	0	190334	141939	0	0	0	0	0	0	0	0	0	0.00999679722286	0.00996910869812	0.0100244857476	5.537704948e-05	0.0208395802099	0.0149525237381	0.0267266366817	0.0117741129436	0.0115932078396	0.0104710514474	0.0127153642318	0.0022443127844	0.0104658910411	0.0103420690793	0.0105897130029	0.0002476439236
CHO_BM_DHIMAN_010	DHIMAN2020_L010	negative	Tier 2	1	GCF_003668045.3	NC_048599.1	7684596	7781386	96791	mapped_interval	high	DHIMAN2020	7732991	H3K4me3	PRJNA865478	narrow	2	PRJNA865478:3_days;PRJNA865478:7_days	SRR20770293;SRR20770297	59622	0.204286262379	0.0175990693387	11.6527145196	6.2595	0	0	0	0	0	0	0	0	0	0	0	0	0	0	0	0	0	0	0	0	0	0	0	217069.5	168674.5	0	0	0	0	0	0	0	0	0	0.082322019506	0.0786641764214	0.0859798625905	0.0073156861691	0.078125922039	0.0731268365817	0.0831250074963	0.0099981709146	0.0866485758212	0.0856943572821	0.0876027943603	0.0019084370782	0.0821557385926	0.0785214519855	0.0857900251997	0.0072685732142
CHO_BM_DHIMAN_010	DHIMAN2020_L010	negative	Tier 2	1	GCF_003668045.3	NC_048599.1	7684596	7781386	96791	mapped_interval	high	DHIMAN2020	7732991	H3K9me3	PRJEB9291	broad	2	PRJEB9291:210_hours;PRJEB9291:66_hours	ERR868152;ERR868176	209789.5	0.255402613286	0.0555718418708	4.60411276469	3.0013	2	1	1	1	2	1	1	1	2	1	1	1	2	1	1	1	2	1	1	1	65.5	46237	0.477699372876	0	0	1.5	994.5	0.49700149925	13.5	10774.5	0.538698065097	67.5	47308.5	0.473080269197	0.269055160965	0.263021017347	0.275089304584	0.012068287237	0.265899932533	0.256328395802	0.275471469265	0.019143073463	0.269042723864	0.262544027299	0.275541420429	0.01299739313	0.2677249589	0.261965806142	0.273484111659	0.011518305517
CHO_BM_DHIMAN_010	DHIMAN2020_L010	negative	Tier 2	1	GCF_003668045.3	NC_048599.1	7684596	7781386	96791	mapped_interval	high	DHIMAN2020	7732991	H3K9me3	PRJNA865478	broad	2	PRJNA865478:3_days;PRJNA865478:7_days	SRR20770292;SRR20770296	66618.5	0.0948204146285	0.0310435370887	3.04574031411	2.950145	2	1	1	1	1	0.5	1	0	2	1	1	1	2	1	1	1	2	1	1	1	52.5	35598.5	0.367787294273	126	0	2	470	0.234882558721	10	8386.5	0.419304034798	53.5	36028	0.360276397236	0.249242798814	0.244585197487	0.253900400141	0.009315202654	0.251634810095	0.245319155422	0.257950464768	0.012631309346	0.256608672816	0.254668231588	0.258549114044	0.003880882456	0.248716052589	0.243944495755	0.253487609424	0.009543113669
CHO_BM_DHIMAN_011	DHIMAN2020_L011	support_only	Tier 2	2	GCF_003668045.3	NC_048601.1	1900502	1900502	1	point_coordinate	high	DHIMAN2020	1900502	H3K27ac	PRJEB9291	narrow	2	PRJEB9291:210_hours;PRJEB9291:66_hours	ERR868155;ERR868171	73527.5	0.6372173458	0.0358286588685	17.9672664687	7.46883	0	0	0	0	0	0	0	0	0	0	0	0	1	0.5	1	0	2	1	1	1	0	0	0	19151.5	19151.5	0	0	0	0.5	178	0.00889955502225	3	3075.5	0.0307546924531	0.022795	0	0.04559	0.04559	0.0303155172414	0.0110766866567	0.0495543478261	0.0384776611694	0.0622492010399	0.0532194570271	0.0712789450527	0.0180594880256	0.120263724713	0.0938474689253	0.1466799805	0.0528325115747
CHO_BM_DHIMAN_011	DHIMAN2020_L011	support_only	Tier 2	2	GCF_003668045.3	NC_048601.1	1900502	1900502	1	point_coordinate	high	DHIMAN2020	1900502	H3K27ac	PRJNA865478	narrow	2	PRJNA865478:3_days;PRJNA865478:7_days	SRR20770291;SRR20770294	70484.5	0.142828355232	0.016220643061	8.85423438421	5.474695	0	0	0	0	0	0	0	0	0	0	0	0	0	0	0	0	2	1	1	1	0	0	0	39529.5	39529.5	0	0	0	0	0	0	2	693	0.00692993070069	0.1759	0.16739	0.18441	0.01702	0.0948600174913	0.0937048175912	0.0960152173913	0.0023103998001	0.120684119794	0.115965776711	0.125402462877	0.009436686166	0.123720275247	0.120500930891	0.126939619604	0.006438688713
CHO_BM_DHIMAN_011	DHIMAN2020_L011	support_only	Tier 2	2	GCF_003668045.3	NC_048601.1	1900502	1900502	1	point_coordinate	high	DHIMAN2020	1900502	H3K27me3	PRJEB9291	broad	2	PRJEB9291:210_hours;PRJEB9291:66_hours	ERR868154;ERR868172	170259.5	0.197437617458	0.0410249475692	4.82182262168	3.00912	0	0	0	0	0	0	0	0	0	0	0	0	2	1	1	1	2	1	1	1	0	0	0	7010.5	7010.5	0	0	0	1.5	305.5	0.0152742362882	13	4634	0.0463395366046	0.096225	0.04428	0.14817	0.10389	0.162898795602	0.144207546227	0.181590044978	0.037382498751	0.185631267936	0.1755680046	0.195694531273	0.020126526673	0.182138470965	0.178210257397	0.186066684533	0.007856427136
CHO_BM_DHIMAN_011	DHIMAN2020_L011	support_only	Tier 2	2	GCF_003668045.3	NC_048601.1	1900502	1900502	1	point_coordinate	high	DHIMAN2020	1900502	H3K36me3	PRJEB9291	broad	2	PRJEB9291:210_hours;PRJEB9291:66_hours	ERR868156;ERR868173	85440.5	0.766289642108	0.0972899913205	7.93989498928	2.9643975	0	0	0	0	0	0	0	0	0	0	0	0	0	0	0	0	0	0	0	0	0	0	0	147745.5	147745.5	0	0	0	0	0	0	0	0	0	0.017535	0	0.03507	0.03507	0.0225684907546	0.0145117241379	0.0306252573713	0.0161135332334	0.0182985500725	0.0165434453277	0.0200536548173	0.0035102094896	0.0241859085409	0.0214725819742	0.0268992351076	0.0054266531334
CHO_BM_DHIMAN_011	DHIMAN2020_L011	support_only	Tier 2	2	GCF_003668045.3	NC_048601.1	1900502	1900502	1	point_coordinate	high	DHIMAN2020	1900502	H3K4me1	PRJEB9291	broad	2	PRJEB9291:210_hours;PRJEB9291:66_hours	ERR868153;ERR868174	157261	0.509715267275	0.0752796507415	7.02837309278	3.344165	0	0	0	0	0	0	0	0	1	0.5	1	0	2	1	1	1	2	1	1	1	0	0	0	1254.5	1254.5	0.5	190.5	0.0952023988006	3	1470	0.0734963251837	14.5	8614	0.0861391386086	0.08333	0	0.16666	0.16666	0.145159215392	0.126756571714	0.16356185907	0.036805287356	0.1009250005	0.0973347922604	0.10451520874	0.0071804164796	0.134744848952	0.130260147499	0.139229550404	0.008969402905
CHO_BM_DHIMAN_011	DHIMAN2020_L011	support_only	Tier 2	2	GCF_003668045.3	NC_048601.1	1900502	1900502	1	point_coordinate	high	DHIMAN2020	1900502	H3K4me3	PRJEB9291	narrow	2	PRJEB9291:210_hours;PRJEB9291:66_hours	ERR868151;ERR868175	51792.5	0.794186004887	0.0294624591599	27.0106531031	7.988715	0	0	0	0	0	0	0	0	0	0	0	0	1	0.5	1	0	2	1	1	1	0	0	0	19370	19370	0	0	0	0.5	85.5	0.00427478626069	4	1968.5	0.019684803152	0.023375	0	0.04675	0.04675	0.0244219765118	0.0152007746127	0.0336431784108	0.0184424037981	0.0366810824459	0.0322894580271	0.0410727068647	0.0087832488376	0.056749492455	0.0510135078649	0.0624854770452	0.0114719691803
CHO_BM_DHIMAN_011	DHIMAN2020_L011	support_only	Tier 2	2	GCF_003668045.3	NC_048601.1	1900502	1900502	1	point_coordinate	high	DHIMAN2020	1900502	H3K4me3	PRJNA865478	narrow	2	PRJNA865478:3_days;PRJNA865478:7_days	SRR20770293;SRR20770297	59622	0.204286262379	0.0175990693387	11.6527145196	6.2595	0	0	0	0	0	0	0	0	0	0	0	0	0	0	0	0	2	1	1	1	0	0	0	39517	39517	0	0	0	0	0	0	1.5	479	0.00478995210048	0.154585	0.11994	0.18923	0.06929	0.111713665667	0.104086731634	0.1193405997	0.015253868066	0.128777209389	0.115335678216	0.142218740563	0.026883062347	0.12863398661	0.12110804412	0.136159929101	0.015051884981
CHO_BM_DHIMAN_011	DHIMAN2020_L011	support_only	Tier 2	2	GCF_003668045.3	NC_048601.1	1900502	1900502	1	point_coordinate	high	DHIMAN2020	1900502	H3K9me3	PRJEB9291	broad	2	PRJEB9291:210_hours;PRJEB9291:66_hours	ERR868152;ERR868176	209789.5	0.255402613286	0.0555718418708	4.60411276469	3.0013	0	0	0	0	0	0	0	0	1	0.5	1	0	2	1	1	1	2	1	1	1	0	0	0	1747.5	1747.5	1.5	425.5	0.212643678161	6	2349	0.117444127794	34	16719	0.167188328117	0.285005	0.16371	0.4063	0.24259	0.278496609195	0.273993613193	0.282999605197	0.009005992004	0.274601474427	0.264264621769	0.284938327084	0.020673705315	0.280438106569	0.2764600074	0.284416205738	0.007956198338
CHO_BM_DHIMAN_011	DHIMAN2020_L011	support_only	Tier 2	2	GCF_003668045.3	NC_048601.1	1900502	1900502	1	point_coordinate	high	DHIMAN2020	1900502	H3K9me3	PRJNA865478	broad	2	PRJNA865478:3_days;PRJNA865478:7_days	SRR20770292;SRR20770296	66618.5	0.0948204146285	0.0310435370887	3.04574031411	2.950145	0	0	0	0	0	0	0	0	1	0.5	1	0	2	1	1	1	2	1	1	1	0	0	0	1823	1823	0.5	161.5	0.0807096451774	8.5	4643	0.23213839308	32.5	22160.5	0.221602783972	0.4928	0.48751	0.49809	0.01058	0.293543870565	0.272914197901	0.314173543228	0.041259345327	0.3240539953	0.323097546123	0.325010444478	0.001912898355	0.285515119549	0.28544201018	0.285588228918	0.000146218738
CHO_BM_DHIMAN_012	DHIMAN2020_L012	positive	Tier 2	1	GCF_003668045.3	NC_048603.1	26280751	26280867	117	mapped_interval	high	DHIMAN2020	26280809	H3K27ac	PRJEB9291	narrow	2	PRJEB9291:210_hours;PRJEB9291:66_hours	ERR868155;ERR868171	73527.5	0.6372173458	0.0358286588685	17.9672664687	7.46883	0	0	0	0	0	0	0	0	0	0	0	0	0	0	0	0	0	0	0	0	0	0	0	123326.5	123268.5	0	0	0	0	0	0	0	0	0	0	0	0	0	0.0314855322339	0.0211887556222	0.0417823088456	0.0205935532234	0.0272654147293	0.0130722788861	0.0414585505725	0.0283862716864	0.0236942133079	0.0131106410936	0.0342777855221	0.0211671444285
CHO_BM_DHIMAN_012	DHIMAN2020_L012	positive	Tier 2	1	GCF_003668045.3	NC_048603.1	26280751	26280867	117	mapped_interval	high	DHIMAN2020	26280809	H3K27ac	PRJNA865478	narrow	2	PRJNA865478:3_days;PRJNA865478:7_days	SRR20770291;SRR20770294	70484.5	0.142828355232	0.016220643061	8.85423438421	5.474695	0	0	0	0	0	0	0	0	0	0	0	0	0	0	0	0	0	0	0	0	0	0	0	324796	324738	0	0	0	0	0	0	0	0	0	0.167115213675	0.104702478632	0.229527948718	0.124825470086	0.14783007996	0.111642688656	0.184017471264	0.072374782608	0.149590257988	0.131123268837	0.168057247138	0.036933978301	0.152873369616	0.140214528655	0.165532210578	0.025317681923
CHO_BM_DHIMAN_012	DHIMAN2020_L012	positive	Tier 2	1	GCF_003668045.3	NC_048603.1	26280751	26280867	117	mapped_interval	high	DHIMAN2020	26280809	H3K27me3	PRJEB9291	broad	2	PRJEB9291:210_hours;PRJEB9291:66_hours	ERR868154;ERR868172	170259.5	0.197437617458	0.0410249475692	4.82182262168	3.00912	0	0	0	0	0	0	0	0	0	0	0	0	1	0.5	1	0	2	1	1	1	0	0	0	11953	11895	0	0	0	3	840.5	0.0420228988551	21.5	6353	0.0635293647064	0.126093632479	0.119215384615	0.132971880342	0.013756495727	0.166465164917	0.126245577211	0.206684752624	0.080439175413	0.194866303435	0.178992950352	0.210739656517	0.031746706165	0.205164744953	0.185950672093	0.224378817812	0.038428145719
CHO_BM_DHIMAN_012	DHIMAN2020_L012	positive	Tier 2	1	GCF_003668045.3	NC_048603.1	26280751	26280867	117	mapped_interval	high	DHIMAN2020	26280809	H3K36me3	PRJEB9291	broad	2	PRJEB9291:210_hours;PRJEB9291:66_hours	ERR868156;ERR868173	85440.5	0.766289642108	0.0972899913205	7.93989498928	2.9643975	0	0	0	0	0	0	0	0	0	0	0	0	0	0	0	0	0	0	0	0	0	0	0	330981	330923	0	0	0	0	0	0	0	0	0	0.00200153846154	0	0.00400307692308	0.00400307692308	0.0119832733633	0.00972706146927	0.0142394852574	0.00451242378813	0.0149227843608	0.0142726418679	0.0155729268537	0.0013002849858	0.0171500701993	0.0165883905161	0.0177117498825	0.0011233593664
CHO_BM_DHIMAN_012	DHIMAN2020_L012	positive	Tier 2	1	GCF_003668045.3	NC_048603.1	26280751	26280867	117	mapped_interval	high	DHIMAN2020	26280809	H3K4me1	PRJEB9291	broad	2	PRJEB9291:210_hours;PRJEB9291:66_hours	ERR868153;ERR868174	157261	0.509715267275	0.0752796507415	7.02837309278	3.344165	0	0	0	0	0	0	0	0	0	0	0	0	0	0	0	0	0	0	0	0	0	0	0	193477.5	193419.5	0	0	0	0	0	0	0	0	0	0	0	0	0	0.0228837106447	0.0208041829085	0.0249632383808	0.0041590554723	0.0292315956702	0.0256186680666	0.0328445232738	0.0072258552072	0.0247489445605	0.0237796158038	0.0257182733173	0.0019386575135
CHO_BM_DHIMAN_012	DHIMAN2020_L012	positive	Tier 2	1	GCF_003668045.3	NC_048603.1	26280751	26280867	117	mapped_interval	high	DHIMAN2020	26280809	H3K4me3	PRJEB9291	narrow	2	PRJEB9291:210_hours;PRJEB9291:66_hours	ERR868151;ERR868175	51792.5	0.794186004887	0.0294624591599	27.0106531031	7.988715	0	0	0	0	0	0	0	0	0	0	0	0	0	0	0	0	0	0	0	0	0	0	0	122998.5	122940.5	0	0	0	0	0	0	0	0	0	0.00040811965812	0	0.000816239316239	0.000816239316239	0.0131234382809	0.00381809095452	0.0224287856072	0.0186106946527	0.0166773036348	0.0165254487276	0.0168291585421	0.0003037098145	0.0176418735813	0.0175591244088	0.0177246227538	0.000165498345
CHO_BM_DHIMAN_012	DHIMAN2020_L012	positive	Tier 2	1	GCF_003668045.3	NC_048603.1	26280751	26280867	117	mapped_interval	high	DHIMAN2020	26280809	H3K4me3	PRJNA865478	narrow	2	PRJNA865478:3_days;PRJNA865478:7_days	SRR20770293;SRR20770297	59622	0.204286262379	0.0175990693387	11.6527145196	6.2595	0	0	0	0	0	0	0	0	0	0	0	0	0	0	0	0	0	0	0	0	0	0	0	325535	325477	0	0	0	0	0	0	0	0	0	0.167369358975	0.101351196581	0.233387521368	0.132036324787	0.16535225887	0.138257061469	0.192447456272	0.054190394803	0.168679279536	0.160604822259	0.176753736813	0.016148914554	0.170753936211	0.163847924321	0.177659948101	0.01381202378
CHO_BM_DHIMAN_012	DHIMAN2020_L012	positive	Tier 2	1	GCF_003668045.3	NC_048603.1	26280751	26280867	117	mapped_interval	high	DHIMAN2020	26280809	H3K9me3	PRJEB9291	broad	2	PRJEB9291:210_hours;PRJEB9291:66_hours	ERR868152;ERR868176	209789.5	0.255402613286	0.0555718418708	4.60411276469	3.0013	2	1	1	1	1	0.5	1	0	2	1	1	1	2	1	1	1	2	1	1	1	1	70	0.598290598291	13.5	0	3.5	982	0.490754622689	14.5	13812	0.690565471726	66.5	65044	0.650433495665	0.456072863248	0.356641111111	0.555504615385	0.198863504274	0.412865867066	0.401162873563	0.42456886057	0.023405987007	0.428260284235	0.40483739313	0.451683175341	0.046845782211	0.431375331647	0.422152448576	0.440598214718	0.018445766142
CHO_BM_DHIMAN_012	DHIMAN2020_L012	positive	Tier 2	1	GCF_003668045.3	NC_048603.1	26280751	26280867	117	mapped_interval	high	DHIMAN2020	26280809	H3K9me3	PRJNA865478	broad	2	PRJNA865478:3_days;PRJNA865478:7_days	SRR20770292;SRR20770296	66618.5	0.0948204146285	0.0310435370887	3.04574031411	2.950145	1	0.5	1	0	1	0.5	1	0	1	0.5	1	0	2	1	1	1	2	1	1	1	0.5	58.5	0.5	560.5	531.5	1	713.5	0.356571714143	10	6304	0.315184240788	39.5	22191.5	0.221912780872	0.494370128205	0.475674700855	0.513065555556	0.037390854701	0.406452728636	0.356972238881	0.455933218391	0.09896097951	0.39597838758	0.387984662767	0.403972112394	0.015987449627	0.381269311457	0.373636286037	0.388902336877	0.01526605084
CHO_BM_DHIMAN_013	DHIMAN2020_L013	positive	Tier 2	1	GCF_003668045.3	NC_048604.1	59574984	59627432	52449	mapped_interval	high	DHIMAN2020	59601208	H3K27ac	PRJEB9291	narrow	2	PRJEB9291:210_hours;PRJEB9291:66_hours	ERR868155;ERR868171	73527.5	0.6372173458	0.0358286588685	17.9672664687	7.46883	2	1	1	1	0	0	0	0	0	0	0	0	0	0	0	0	2	1	1	1	2.5	755	0.0143949360331	21442	0	0	0	0	0	0	0	2.5	755	0.00754992450075	0.0306671090964	0.02819181033	0.0331424078629	0.0049505975329	0.0171851149425	0.0167129335332	0.0176572963518	0.0009443628186	0.0101389250538	0.0100320098995	0.010245840208	0.0002138303085	0.0220700183498	0.0204283367166	0.023711699983	0.0032833632664
CHO_BM_DHIMAN_013	DHIMAN2020_L013	positive	Tier 2	1	GCF_003668045.3	NC_048604.1	59574984	59627432	52449	mapped_interval	high	DHIMAN2020	59601208	H3K27ac	PRJNA865478	narrow	2	PRJNA865478:3_days;PRJNA865478:7_days	SRR20770291;SRR20770294	70484.5	0.142828355232	0.016220643061	8.85423438421	5.474695	2	1	1	1	0	0	0	0	0	0	0	0	0	0	0	0	2	1	1	1	1.5	381	0.00726419950809	24311.5	0	0	0	0	0	0	0	1.5	381	0.00380996190038	0.034556652367	0.0318848603405	0.0372284443936	0.0053435840531	0.0210068640679	0.0200281309345	0.0219855972014	0.0019574662669	0.0248453319834	0.0241338623069	0.0255568016599	0.001422939353	0.0321144768053	0.0286490545095	0.035579899101	0.0069308445915
CHO_BM_DHIMAN_013	DHIMAN2020_L013	positive	Tier 2	1	GCF_003668045.3	NC_048604.1	59574984	59627432	52449	mapped_interval	high	DHIMAN2020	59601208	H3K27me3	PRJEB9291	broad	2	PRJEB9291:210_hours;PRJEB9291:66_hours	ERR868154;ERR868172	170259.5	0.197437617458	0.0410249475692	4.82182262168	3.00912	0	0	0	0	0	0	0	0	0	0	0	0	0	0	0	0	0	0	0	0	0	0	0	3432930	3406706	0	0	0	0	0	0	0	0	0	0.00806484480162	0.0076826631585	0.00844702644474	0.00076436328624	0.00344299850075	0	0.0068859970015	0.0068859970015	0.00850996450178	0.00708444577771	0.00993548322584	0.00285103744813	0.010523208818	0.0104193239068	0.0106270937291	0.0002077698223
CHO_BM_DHIMAN_013	DHIMAN2020_L013	positive	Tier 2	1	GCF_003668045.3	NC_048604.1	59574984	59627432	52449	mapped_interval	high	DHIMAN2020	59601208	H3K36me3	PRJEB9291	broad	2	PRJEB9291:210_hours;PRJEB9291:66_hours	ERR868156;ERR868173	85440.5	0.766289642108	0.0972899913205	7.93989498928	2.9643975	2	1	1	1	1	0.5	1	0	2	1	1	1	2	1	1	1	2	1	1	1	12.5	10679	0.203607313771	240.5	0	1	645.5	0.322588705647	4.5	4614	0.230688465577	16	12978.5	0.129783702163	0.114979438693	0.112548374993	0.117410502393	0.0048621274	0.1680972014	0.153406241879	0.18278816092	0.029381919041	0.133700461476	0.128224412779	0.139176510174	0.010952097395	0.0824081033689	0.0806725709743	0.0841436357636	0.0034710647893
CHO_BM_DHIMAN_013	DHIMAN2020_L013	positive	Tier 2	1	GCF_003668045.3	NC_048604.1	59574984	59627432	52449	mapped_interval	high	DHIMAN2020	59601208	H3K4me1	PRJEB9291	broad	2	PRJEB9291:210_hours;PRJEB9291:66_hours	ERR868153;ERR868174	157261	0.509715267275	0.0752796507415	7.02837309278	3.344165	2	1	1	1	0	0	0	0	0	0	0	0	0	0	0	0	2	1	1	1	2.5	2336.5	0.0445480371408	20402.5	0	0	0	0	0	0	0	3	2626.5	0.0262647373526	0.0311945623367	0.0242792577552	0.0381098669183	0.0138306091631	0.0310717816092	0.028649910045	0.0334936531734	0.0048437431284	0.00958388980553	0.00753946302685	0.0116283165842	0.00408885355735	0.0276456439435	0.0244627784722	0.0308285094149	0.0063657309427
CHO_BM_DHIMAN_013	DHIMAN2020_L013	positive	Tier 2	1	GCF_003668045.3	NC_048604.1	59574984	59627432	52449	mapped_interval	high	DHIMAN2020	59601208	H3K4me3	PRJEB9291	narrow	2	PRJEB9291:210_hours;PRJEB9291:66_hours	ERR868151;ERR868175	51792.5	0.794186004887	0.0294624591599	27.0106531031	7.988715	1	0.5	1	0	0	0	0	0	0	0	0	0	0	0	0	0	1	0.5	1	0	0.5	80	0.0015252912353	42663	17099.5	0	0	0	0	0	0	0.5	80	0.00079999200008	0.00879927567733	0.00786593700547	0.00973261434918	0.00186667734371	0.00650737131434	0.00513993003498	0.0078748125937	0.00273488255872	0.00416179191041	0.00373981300935	0.00458377081146	0.00084395780211	0.00601273822262	0.00529351736483	0.00673195908041	0.00143844171558
CHO_BM_DHIMAN_013	DHIMAN2020_L013	positive	Tier 2	1	GCF_003668045.3	NC_048604.1	59574984	59627432	52449	mapped_interval	high	DHIMAN2020	59601208	H3K4me3	PRJNA865478	narrow	2	PRJNA865478:3_days;PRJNA865478:7_days	SRR20770293;SRR20770297	59622	0.204286262379	0.0175990693387	11.6527145196	6.2595	0	0	0	0	0	0	0	0	0	0	0	0	0	0	0	0	0	0	0	0	0	0	0	59774	33550	0	0	0	0	0	0	0	0	0	0.0214809017332	0.018865279033	0.0240965244333	0.0052312454003	0.0206777786107	0.0183116791604	0.023043878061	0.0047321989006	0.0175598827558	0.0148518274086	0.0202679381031	0.0054161106945	0.0205543660563	0.0189239439606	0.0221847881521	0.0032608441915
CHO_BM_DHIMAN_013	DHIMAN2020_L013	positive	Tier 2	1	GCF_003668045.3	NC_048604.1	59574984	59627432	52449	mapped_interval	high	DHIMAN2020	59601208	H3K9me3	PRJEB9291	broad	2	PRJEB9291:210_hours;PRJEB9291:66_hours	ERR868152;ERR868176	209789.5	0.255402613286	0.0555718418708	4.60411276469	3.0013	0	0	0	0	0	0	0	0	0	0	0	0	0	0	0	0	0	0	0	0	0	0	0	100103.5	73879.5	0	0	0	0	0	0	0	0	0	0.00997262836277	0.00788136322904	0.0120638934965	0.00418253026746	0.00743522738631	0.00641633183408	0.00845412293853	0.00203779110445	0.00790859107045	0.00724193540323	0.00857524673766	0.00133331133443	0.0121745005049	0.0101391151088	0.0142098859011	0.0040707707923
CHO_BM_DHIMAN_013	DHIMAN2020_L013	positive	Tier 2	1	GCF_003668045.3	NC_048604.1	59574984	59627432	52449	mapped_interval	high	DHIMAN2020	59601208	H3K9me3	PRJNA865478	broad	2	PRJNA865478:3_days;PRJNA865478:7_days	SRR20770292;SRR20770296	66618.5	0.0948204146285	0.0310435370887	3.04574031411	2.950145	0	0	0	0	0	0	0	0	0	0	0	0	0	0	0	0	0	0	0	0	0	0	0	1905950.5	1879726.5	0	0	0	0	0	0	0	0	0	0.0177309554997	0.0170335468741	0.0184283641252	0.0013948172511	0.0145607821089	0.00477511244378	0.0243464517741	0.0195713393303	0.0158497477626	0.014218039098	0.0174814564272	0.0032634173292	0.0183149174008	0.0178699463005	0.0187598885011	0.0008899422006
CHO_BM_GAIDUKOV_001	sLP1-1	positive	Tier 2	1	GCF_003668045.3	NW_023276806.1	81776324	81776324	1	point_coordinate	high	GAIDUKOV2018	81776324	H3K27ac	PRJEB9291	narrow	2	PRJEB9291:210_hours;PRJEB9291:66_hours	ERR868155;ERR868171	73527.5	0.6372173458	0.0358286588685	17.9672664687	7.46883	0	0	0	0	0	0	0	0	0	0	0	0	0	0	0	0	0	0	0	0	0	0	0	78069.5	78069.5	0	0	0	0	0	0	0	0	0	0	0	0	0	0.0213627936032	0.0176572963518	0.0250682908546	0.0074109945028	0.0172450164992	0.010245840208	0.0242441927904	0.0139983525824	0.0204970770792	0.0158724659753	0.0251216881831	0.0092492222078
CHO_BM_GAIDUKOV_001	sLP1-1	positive	Tier 2	1	GCF_003668045.3	NW_023276806.1	81776324	81776324	1	point_coordinate	high	GAIDUKOV2018	81776324	H3K27ac	PRJNA865478	narrow	2	PRJNA865478:3_days;PRJNA865478:7_days	SRR20770291;SRR20770294	70484.5	0.142828355232	0.016220643061	8.85423438421	5.474695	0	0	0	0	0	0	0	0	0	0	0	0	0	0	0	0	0	0	0	0	0	0	0	692588.5	692588.5	0	0	0	0	0	0	0	0	0	0.011955	0	0.02391	0.02391	0.0196551974013	0.0166402198901	0.0226701749125	0.0060299550224	0.0233193975301	0.0224374091295	0.0242013859307	0.0017639768012	0.0227069377306	0.020793199868	0.0246206755932	0.0038274757252
CHO_BM_GAIDUKOV_001	sLP1-1	positive	Tier 2	1	GCF_003668045.3	NW_023276806.1	81776324	81776324	1	point_coordinate	high	GAIDUKOV2018	81776324	H3K27me3	PRJEB9291	broad	2	PRJEB9291:210_hours;PRJEB9291:66_hours	ERR868154;ERR868172	170259.5	0.197437617458	0.0410249475692	4.82182262168	3.00912	0	0	0	0	0	0	0	0	0	0	0	0	0	0	0	0	0	0	0	0	0	0	0	1548677.5	1548677.5	0	0	0	0	0	0	0	0	0	0	0	0	0	0.0314151674163	0.0291216791604	0.0337086556722	0.0045869765118	0.0262283018349	0.0220399785011	0.0304166251687	0.0083766466676	0.0279099620004	0.0269390256097	0.028880898391	0.0019418727813
CHO_BM_GAIDUKOV_001	sLP1-1	positive	Tier 2	1	GCF_003668045.3	NW_023276806.1	81776324	81776324	1	point_coordinate	high	GAIDUKOV2018	81776324	H3K36me3	PRJEB9291	broad	2	PRJEB9291:210_hours;PRJEB9291:66_hours	ERR868156;ERR868173	85440.5	0.766289642108	0.0972899913205	7.93989498928	2.9643975	0	0	0	0	0	0	0	0	0	0	0	0	0	0	0	0	0	0	0	0	0	0	0	696996.5	696996.5	0	0	0	0	0	0	0	0	0	0	0	0	0	0.0162302948526	0.0162117691154	0.0162488205897	3.70514743e-05	0.0120966959152	0.00973319184041	0.01446019999	0.00472700814959	0.0149820388796	0.012771602684	0.0171924750752	0.0044208723912
CHO_BM_GAIDUKOV_001	sLP1-1	positive	Tier 2	1	GCF_003668045.3	NW_023276806.1	81776324	81776324	1	point_coordinate	high	GAIDUKOV2018	81776324	H3K4me1	PRJEB9291	broad	2	PRJEB9291:210_hours;PRJEB9291:66_hours	ERR868153;ERR868174	157261	0.509715267275	0.0752796507415	7.02837309278	3.344165	0	0	0	0	0	0	0	0	0	0	0	0	0	0	0	0	1	0.5	1	0	0	0	0	37276	37276	0	0	0	0	0	0	1.5	939	0.00938990610094	0	0	0	0	0.0473141754123	0.0371124737631	0.0575158770615	0.0204034032984	0.0228729778511	0.0181009964502	0.027644959252	0.0095439628018	0.0332808672913	0.0307670832292	0.0357946513535	0.0050275681243
CHO_BM_GAIDUKOV_001	sLP1-1	positive	Tier 2	1	GCF_003668045.3	NW_023276806.1	81776324	81776324	1	point_coordinate	high	GAIDUKOV2018	81776324	H3K4me3	PRJEB9291	narrow	2	PRJEB9291:210_hours;PRJEB9291:66_hours	ERR868151;ERR868175	51792.5	0.794186004887	0.0294624591599	27.0106531031	7.988715	0	0	0	0	0	0	0	0	0	0	0	0	0	0	0	0	0	0	0	0	0	0	0	78304	78304	0	0	0	0	0	0	0	0	0	0	0	0	0	0.016747063968	0.0149525237381	0.0185416041979	0.0035890804598	0.00575453727313	0.00534773261337	0.0061613419329	0.00081360931953	0.00906091024092	0.00643273567264	0.0116890848092	0.00525634913656
CHO_BM_GAIDUKOV_001	sLP1-1	positive	Tier 2	1	GCF_003668045.3	NW_023276806.1	81776324	81776324	1	point_coordinate	high	GAIDUKOV2018	81776324	H3K4me3	PRJNA865478	narrow	2	PRJNA865478:3_days;PRJNA865478:7_days	SRR20770293;SRR20770297	59622	0.204286262379	0.0175990693387	11.6527145196	6.2595	0	0	0	0	0	0	0	0	0	0	0	0	0	0	0	0	0	0	0	0	0	0	0	223469.5	223469.5	0	0	0	0	0	0	0	0	0	0	0	0	0	0.0205671789106	0.0156942978511	0.02544005997	0.0097457621189	0.0229424933754	0.0193963266837	0.026488660067	0.0070923333833	0.022232298677	0.0193687170128	0.0250958803412	0.0057271633284
CHO_BM_GAIDUKOV_001	sLP1-1	positive	Tier 2	1	GCF_003668045.3	NW_023276806.1	81776324	81776324	1	point_coordinate	high	GAIDUKOV2018	81776324	H3K9me3	PRJEB9291	broad	2	PRJEB9291:210_hours;PRJEB9291:66_hours	ERR868152;ERR868176	209789.5	0.255402613286	0.0555718418708	4.60411276469	3.0013	0	0	0	0	0	0	0	0	0	0	0	0	0	0	0	0	1	0.5	1	0	0	0	0	50836	50836	0	0	0	0	0	0	0.5	118.5	0.00118498815012	0	0	0	0	0.0246548850575	0.0245987706147	0.0247109995002	0.0001122288855	0.029280921704	0.0276331128444	0.0309287305635	0.0032956177191	0.0331036828132	0.0299765142349	0.0362308513915	0.0062543371566
CHO_BM_GAIDUKOV_001	sLP1-1	positive	Tier 2	1	GCF_003668045.3	NW_023276806.1	81776324	81776324	1	point_coordinate	high	GAIDUKOV2018	81776324	H3K9me3	PRJNA865478	broad	2	PRJNA865478:3_days;PRJNA865478:7_days	SRR20770292;SRR20770296	66618.5	0.0948204146285	0.0310435370887	3.04574031411	2.950145	0	0	0	0	0	0	0	0	0	0	0	0	0	0	0	0	0	0	0	0	0	0	0	3072177	3072177	0	0	0	0	0	0	0	0	0	0.0325	0	0.065	0.065	0.0226836506747	0.0199974862569	0.0253698150925	0.0053723288356	0.0256355997201	0.0254803509825	0.0257908484576	0.0003104974751	0.0271034664653	0.0269835051649	0.0272234277657	0.0002399226008
CHO_BM_GAIDUKOV_002	sLP1-2	positive	Tier 2	1	GCF_003668045.3	NC_048595.1	299949073	299949073	1	point_coordinate	high	GAIDUKOV2018	299949073	H3K27ac	PRJEB9291	narrow	2	PRJEB9291:210_hours;PRJEB9291:66_hours	ERR868155;ERR868171	73527.5	0.6372173458	0.0358286588685	17.9672664687	7.46883	0	0	0	0	0	0	0	0	0	0	0	0	1	0.5	1	0	1	0.5	1	0	0	0	0	146844	146844	0	0	0	1	527.5	0.0263736813159	1	527.5	0.00527494725053	0.14616	0.13677	0.15555	0.01878	0.032132003998	0.0141258370815	0.0501381709145	0.036012333833	0.0564675418729	0.0334404714764	0.0794946122694	0.046054140793	0.0284784866151	0.0277566516335	0.0292003215968	0.0014436699633
CHO_BM_GAIDUKOV_002	sLP1-2	positive	Tier 2	1	GCF_003668045.3	NC_048595.1	299949073	299949073	1	point_coordinate	high	GAIDUKOV2018	299949073	H3K27ac	PRJNA865478	narrow	2	PRJNA865478:3_days;PRJNA865478:7_days	SRR20770291;SRR20770294	70484.5	0.142828355232	0.016220643061	8.85423438421	5.474695	0	0	0	0	0	0	0	0	0	0	0	0	2	1	1	1	2	1	1	1	0	0	0	3813.5	3813.5	0	0	0	1.5	252	0.0125993700315	1.5	252	0.00251997480025	0.07417	0.05269	0.09565	0.04296	0.046876854073	0.0342857771114	0.0594679310345	0.0251821539231	0.0521729573521	0.0496484455777	0.0546974691265	0.0050490235488	0.0442194614554	0.0399995425046	0.0484393804062	0.0084398379016
CHO_BM_GAIDUKOV_002	sLP1-2	positive	Tier 2	1	GCF_003668045.3	NC_048595.1	299949073	299949073	1	point_coordinate	high	GAIDUKOV2018	299949073	H3K27me3	PRJEB9291	broad	2	PRJEB9291:210_hours;PRJEB9291:66_hours	ERR868154;ERR868172	170259.5	0.197437617458	0.0410249475692	4.82182262168	3.00912	0	0	0	0	0	0	0	0	0	0	0	0	0	0	0	0	0	0	0	0	0	0	0	686829	686829	0	0	0	0	0	0	0	0	0	0.01852	0	0.03704	0.03704	0.0343608795602	0.0322090154923	0.0365127436282	0.0043037281359	0.0264927743613	0.0261416049198	0.0268439438028	0.000702338883	0.0334449139008	0.0304579365206	0.0364318912811	0.0059739547605
CHO_BM_GAIDUKOV_002	sLP1-2	positive	Tier 2	1	GCF_003668045.3	NC_048595.1	299949073	299949073	1	point_coordinate	high	GAIDUKOV2018	299949073	H3K36me3	PRJEB9291	broad	2	PRJEB9291:210_hours;PRJEB9291:66_hours	ERR868156;ERR868173	85440.5	0.766289642108	0.0972899913205	7.93989498928	2.9643975	0	0	0	0	0	0	0	0	0	0	0	0	0	0	0	0	0	0	0	0	0	0	0	790036	790036	0	0	0	0	0	0	0	0	0	0.03507	0	0.07014	0.07014	0.0182259020489	0.0105133283358	0.0259384757621	0.0154251474263	0.0127776316184	0.011739060047	0.0138162031898	0.0020771431428	0.0145389751102	0.0143127370726	0.0147652131479	0.0004524760753
CHO_BM_GAIDUKOV_002	sLP1-2	positive	Tier 2	1	GCF_003668045.3	NC_048595.1	299949073	299949073	1	point_coordinate	high	GAIDUKOV2018	299949073	H3K4me1	PRJEB9291	broad	2	PRJEB9291:210_hours;PRJEB9291:66_hours	ERR868153;ERR868174	157261	0.509715267275	0.0752796507415	7.02837309278	3.344165	0	0	0	0	0	0	0	0	0	0	0	0	1	0.5	1	0	1	0.5	1	0	0	0	0	27825	27825	0	0	0	1	1219.5	0.0609719514024	2	1603	0.0160298397016	0.190415	0.06666	0.31417	0.24751	0.0557372013993	0.0361120789605	0.0753623238381	0.0392502448776	0.0693337243138	0.0600814659267	0.0785859827009	0.0185045167742	0.0343589857102	0.0339746903531	0.0347432810672	0.0007685907141
CHO_BM_GAIDUKOV_002	sLP1-2	positive	Tier 2	1	GCF_003668045.3	NC_048595.1	299949073	299949073	1	point_coordinate	high	GAIDUKOV2018	299949073	H3K4me3	PRJEB9291	narrow	2	PRJEB9291:210_hours;PRJEB9291:66_hours	ERR868151;ERR868175	51792.5	0.794186004887	0.0294624591599	27.0106531031	7.988715	0	0	0	0	0	0	0	0	0	0	0	0	2	1	1	1	2	1	1	1	0	0	0	3372.5	3372.5	0	0	0	1	947.5	0.0473726313684	1	947.5	0.00947490525095	0	0	0	0	0.00759620189906	0.00373813093453	0.0114542728636	0.00771614192907	0.0543413641818	0.0326676826159	0.0760150457477	0.0433473631318	0.0176707495425	0.0121923612764	0.0231491378086	0.0109567765322
CHO_BM_GAIDUKOV_002	sLP1-2	positive	Tier 2	1	GCF_003668045.3	NC_048595.1	299949073	299949073	1	point_coordinate	high	GAIDUKOV2018	299949073	H3K4me3	PRJNA865478	narrow	2	PRJNA865478:3_days;PRJNA865478:7_days	SRR20770293;SRR20770297	59622	0.204286262379	0.0175990693387	11.6527145196	6.2595	0	0	0	0	0	0	0	0	0	0	0	0	2	1	1	1	2	1	1	1	0	0	0	3659.5	3659.5	0	0	0	1	278	0.0138993050347	1	278	0.00277997220028	0.009995	0	0.01999	0.01999	0.028678055972	0.0231703148426	0.0341857971014	0.0110154822588	0.049936418929	0.048303419829	0.0515694180291	0.0032659982001	0.0425413671864	0.0388967527325	0.0461859816402	0.0072892289077
CHO_BM_GAIDUKOV_002	sLP1-2	positive	Tier 2	1	GCF_003668045.3	NC_048595.1	299949073	299949073	1	point_coordinate	high	GAIDUKOV2018	299949073	H3K9me3	PRJEB9291	broad	2	PRJEB9291:210_hours;PRJEB9291:66_hours	ERR868152;ERR868176	209789.5	0.255402613286	0.0555718418708	4.60411276469	3.0013	0	0	0	0	0	0	0	0	0	0	0	0	0	0	0	0	2	1	1	1	0	0	0	37522	37522	0	0	0	0	0	0	1.5	368.5	0.00368496315037	0.020315	0	0.04063	0.04063	0.0289573463269	0.0283252623688	0.0295894302849	0.0012641679161	0.0261875166242	0.0240355062247	0.0283395270236	0.0043040207989	0.0408362834371	0.0395508779912	0.0421216888831	0.0025708108919
CHO_BM_GAIDUKOV_002	sLP1-2	positive	Tier 2	1	GCF_003668045.3	NC_048595.1	299949073	299949073	1	point_coordinate	high	GAIDUKOV2018	299949073	H3K9me3	PRJNA865478	broad	2	PRJNA865478:3_days;PRJNA865478:7_days	SRR20770292;SRR20770296	66618.5	0.0948204146285	0.0310435370887	3.04574031411	2.950145	0	0	0	0	0	0	0	0	0	0	0	0	0	0	0	0	0	0	0	0	0	0	0	214675	214675	0	0	0	0	0	0	0	0	0	0.08231	0.065	0.09962	0.03462	0.0358511069465	0.0287262018991	0.042976011994	0.0142498100949	0.0336326881156	0.0327358527074	0.0345295235238	0.0017936708164	0.0494152303477	0.0480085199148	0.0508219407806	0.0028134208658
CHO_BM_GAIDUKOV_003	mLP2	positive	Tier 2	1	GCF_003668045.3	NC_048598.1	158460979	158460979	1	point_coordinate	high	GAIDUKOV2018	158460979	H3K27ac	PRJEB9291	narrow	2	PRJEB9291:210_hours;PRJEB9291:66_hours	ERR868155;ERR868171	73527.5	0.6372173458	0.0358286588685	17.9672664687	7.46883	0	0	0	0	0	0	0	0	0	0	0	0	0	0	0	0	0	0	0	0	0	0	0	915696	915696	0	0	0	0	0	0	0	0	0	0.038885	0	0.07777	0.07777	0.0126484682659	0.00353145927036	0.0217654772614	0.018234017991	0.0108376918654	0.00495538523074	0.0167199985001	0.0117646132694	0.00919367546326	0.00651565764342	0.0118716932831	0.00535603563968
CHO_BM_GAIDUKOV_003	mLP2	positive	Tier 2	1	GCF_003668045.3	NC_048598.1	158460979	158460979	1	point_coordinate	high	GAIDUKOV2018	158460979	H3K27ac	PRJNA865478	narrow	2	PRJNA865478:3_days;PRJNA865478:7_days	SRR20770291;SRR20770294	70484.5	0.142828355232	0.016220643061	8.85423438421	5.474695	0	0	0	0	0	0	0	0	0	0	0	0	0	0	0	0	0	0	0	0	0	0	0	915312	915312	0	0	0	0	0	0	0	0	0	0.025125	0.02391	0.02634	0.00243	0.0440701149425	0.0373093003498	0.0508309295352	0.0135216291854	0.0386851084946	0.0378979141043	0.0394723028849	0.0015743887806	0.0350899200008	0.0347310233898	0.0354488166118	0.000717793222
CHO_BM_GAIDUKOV_003	mLP2	positive	Tier 2	1	GCF_003668045.3	NC_048598.1	158460979	158460979	1	point_coordinate	high	GAIDUKOV2018	158460979	H3K27me3	PRJEB9291	broad	2	PRJEB9291:210_hours;PRJEB9291:66_hours	ERR868154;ERR868172	170259.5	0.197437617458	0.0410249475692	4.82182262168	3.00912	0	0	0	0	0	0	0	0	1	0.5	1	0	1	0.5	1	0	1	0.5	1	0	0	0	0	335063	335063	0.5	130.5	0.0652173913043	0.5	130.5	0.00652467376631	1.5	349	0.00348996510035	0.074085	0	0.14817	0.14817	0.0895493628188	0.0680464767616	0.111052248876	0.0430057721144	0.0600362669366	0.0488118314084	0.0712607024649	0.0224488710565	0.0546382782672	0.0476089371106	0.0616676194238	0.0140586823132
CHO_BM_GAIDUKOV_003	mLP2	positive	Tier 2	1	GCF_003668045.3	NC_048598.1	158460979	158460979	1	point_coordinate	high	GAIDUKOV2018	158460979	H3K36me3	PRJEB9291	broad	2	PRJEB9291:210_hours;PRJEB9291:66_hours	ERR868156;ERR868173	85440.5	0.766289642108	0.0972899913205	7.93989498928	2.9643975	0	0	0	0	0	0	0	0	0	0	0	0	0	0	0	0	0	0	0	0	0	0	0	911580.5	911580.5	0	0	0	0	0	0	0	0	0	0	0	0	0	0.00592386806595	0	0.0118477361319	0.0118477361319	0.00722950427478	0.00667393430328	0.00778507424629	0.00111113994301	0.00589509184908	0.00556183278167	0.00622835091649	0.00066651813482
CHO_BM_GAIDUKOV_003	mLP2	positive	Tier 2	1	GCF_003668045.3	NC_048598.1	158460979	158460979	1	point_coordinate	high	GAIDUKOV2018	158460979	H3K4me1	PRJEB9291	broad	2	PRJEB9291:210_hours;PRJEB9291:66_hours	ERR868153;ERR868174	157261	0.509715267275	0.0752796507415	7.02837309278	3.344165	0	0	0	0	0	0	0	0	0	0	0	0	0	0	0	0	0	0	0	0	0	0	0	718889	718889	0	0	0	0	0	0	0	0	0	0	0	0	0	0.023749227886	0.00562995502249	0.0418685007496	0.0362385457271	0.010642019899	0.0103935018249	0.0108905379731	0.0004970361482	0.00697884221158	0.0060318602814	0.00792582414176	0.00189396386036
CHO_BM_GAIDUKOV_003	mLP2	positive	Tier 2	1	GCF_003668045.3	NC_048598.1	158460979	158460979	1	point_coordinate	high	GAIDUKOV2018	158460979	H3K4me3	PRJEB9291	narrow	2	PRJEB9291:210_hours;PRJEB9291:66_hours	ERR868151;ERR868175	51792.5	0.794186004887	0.0294624591599	27.0106531031	7.988715	0	0	0	0	0	0	0	0	0	0	0	0	0	0	0	0	0	0	0	0	0	0	0	551578.5	551578.5	0	0	0	0	0	0	0	0	0	0	0	0	0	0.0056071964018	0	0.0112143928036	0.0112143928036	0.00905554722265	0.0076396180191	0.0104714764262	0.0028318584071	0.00671553284467	0.00557714422856	0.00785392146079	0.00227677723223
CHO_BM_GAIDUKOV_003	mLP2	positive	Tier 2	1	GCF_003668045.3	NC_048598.1	158460979	158460979	1	point_coordinate	high	GAIDUKOV2018	158460979	H3K4me3	PRJNA865478	narrow	2	PRJNA865478:3_days;PRJNA865478:7_days	SRR20770293;SRR20770297	59622	0.204286262379	0.0175990693387	11.6527145196	6.2595	0	0	0	0	0	0	0	0	0	0	0	0	0	0	0	0	0	0	0	0	0	0	0	515519	515519	0	0	0	0	0	0	0	0	0	0.05153	0.03998	0.06308	0.0231	0.0571804672663	0.0520133133433	0.0623476211894	0.0103343078461	0.0481558962052	0.0452061241938	0.0511056682166	0.0058995440228	0.0414305149448	0.0406024823752	0.0422585475145	0.0016560651393
CHO_BM_GAIDUKOV_003	mLP2	positive	Tier 2	1	GCF_003668045.3	NC_048598.1	158460979	158460979	1	point_coordinate	high	GAIDUKOV2018	158460979	H3K9me3	PRJEB9291	broad	2	PRJEB9291:210_hours;PRJEB9291:66_hours	ERR868152;ERR868176	209789.5	0.255402613286	0.0555718418708	4.60411276469	3.0013	0	0	0	0	0	0	0	0	1	0.5	1	0	2	1	1	1	2	1	1	1	0	0	0	3577	3577	0.5	77.5	0.0387306346827	4.5	1039.5	0.0519724013799	26.5	7906.5	0.0790642093579	0.067915	0.05457	0.08126	0.02669	0.139178583209	0.134720674663	0.143636491754	0.008915817091	0.115850890456	0.105200506475	0.126501274436	0.021300767961	0.121135510994	0.120809664203	0.121461357786	0.000651693583
CHO_BM_GAIDUKOV_003	mLP2	positive	Tier 2	1	GCF_003668045.3	NC_048598.1	158460979	158460979	1	point_coordinate	high	GAIDUKOV2018	158460979	H3K9me3	PRJNA865478	broad	2	PRJNA865478:3_days;PRJNA865478:7_days	SRR20770292;SRR20770296	66618.5	0.0948204146285	0.0310435370887	3.04574031411	2.950145	0	0	0	0	0	0	0	0	0	0	0	0	0	0	0	0	2	1	1	1	0	0	0	14423	14423	0	0	0	0	0	0	4	934.5	0.00934490655093	0.097855	0.03321	0.1625	0.12929	0.0876970864568	0.0853816791604	0.0900124937531	0.0046308145927	0.0801010269486	0.0758752702365	0.0843267836608	0.0084515134243	0.0772995116548	0.0752341476585	0.0793648756512	0.0041307279927
CHO_BM_GAIDUKOV_005	mLP4	positive	Tier 2	1	GCF_003668045.3	NC_048597.1	186989799	186989799	1	point_coordinate	high	GAIDUKOV2018	186989799	H3K27ac	PRJEB9291	narrow	2	PRJEB9291:210_hours;PRJEB9291:66_hours	ERR868155;ERR868171	73527.5	0.6372173458	0.0358286588685	17.9672664687	7.46883	0	0	0	0	0	0	0	0	0	0	0	0	2	1	1	1	2	1	1	1	0	0	0	4053	4053	0	0	0	1	1616	0.080795960202	2	1834.5	0.0183448165518	0.06168	0.04559	0.07777	0.03218	0.00770950774613	0.00706291854073	0.00835609695152	0.00129317841079	0.195155584471	0.102858428079	0.287452740863	0.184594312784	0.064790890491	0.0441378559214	0.0854439250607	0.0413060691393
CHO_BM_GAIDUKOV_005	mLP4	positive	Tier 2	1	GCF_003668045.3	NC_048597.1	186989799	186989799	1	point_coordinate	high	GAIDUKOV2018	186989799	H3K27ac	PRJNA865478	narrow	2	PRJNA865478:3_days;PRJNA865478:7_days	SRR20770291;SRR20770294	70484.5	0.142828355232	0.016220643061	8.85423438421	5.474695	0	0	0	0	0	0	0	0	0	0	0	0	0	0	0	0	0	0	0	0	0	0	0	116506	116506	0	0	0	0	0	0	0	0	0	0.025125	0.02391	0.02634	0.00243	0.0283043803098	0.0243544627686	0.0322542978511	0.0078998350825	0.0507321378931	0.0453537528124	0.0561105229739	0.0107567701615	0.0458984517155	0.0446057416426	0.0471911617884	0.0025854201458
CHO_BM_GAIDUKOV_005	mLP4	positive	Tier 2	1	GCF_003668045.3	NC_048597.1	186989799	186989799	1	point_coordinate	high	GAIDUKOV2018	186989799	H3K27me3	PRJEB9291	broad	2	PRJEB9291:210_hours;PRJEB9291:66_hours	ERR868154;ERR868172	170259.5	0.197437617458	0.0410249475692	4.82182262168	3.00912	0	0	0	0	0	0	0	0	0	0	0	0	0	0	0	0	2	1	1	1	0	0	0	23077.5	23077.5	0	0	0	0	0	0	2.5	579.5	0.00579494205058	0.03704	0	0.07408	0.07408	0.0217003623189	0.0165967016492	0.0268040229885	0.0102073213393	0.0344850537473	0.031375239238	0.0375948682566	0.0062196290186	0.0450077179228	0.0427040573594	0.0473113784862	0.0046073211268
CHO_BM_GAIDUKOV_005	mLP4	positive	Tier 2	1	GCF_003668045.3	NC_048597.1	186989799	186989799	1	point_coordinate	high	GAIDUKOV2018	186989799	H3K36me3	PRJEB9291	broad	2	PRJEB9291:210_hours;PRJEB9291:66_hours	ERR868156;ERR868173	85440.5	0.766289642108	0.0972899913205	7.93989498928	2.9643975	0	0	0	0	0	0	0	0	0	0	0	0	0	0	0	0	0	0	0	0	0	0	0	104559	104559	0	0	0	0	0	0	0	0	0	0	0	0	0	0.00936568965516	0.00583206896552	0.0128993103448	0.00706724137928	0.0137871251437	0.0129773761312	0.0145968741563	0.0016194980251	0.0120080928691	0.0114947249528	0.0125214607854	0.0010267358326
CHO_BM_GAIDUKOV_005	mLP4	positive	Tier 2	1	GCF_003668045.3	NC_048597.1	186989799	186989799	1	point_coordinate	high	GAIDUKOV2018	186989799	H3K4me1	PRJEB9291	broad	2	PRJEB9291:210_hours;PRJEB9291:66_hours	ERR868153;ERR868174	157261	0.509715267275	0.0752796507415	7.02837309278	3.344165	0	0	0	0	0	0	0	0	0	0	0	0	2	1	1	1	2	1	1	1	0	0	0	1526.5	1526.5	0	0	0	5.5	5247.5	0.262361881906	8.5	7387	0.0738692613074	0.08569	0.06666	0.10472	0.03806	0.0512879285357	0.0365294852574	0.0660463718141	0.0295168865567	0.174376867657	0.162636756662	0.186116978651	0.023480221989	0.0797539704602	0.0779089858101	0.0815989551104	0.0036899693003
CHO_BM_GAIDUKOV_005	mLP4	positive	Tier 2	1	GCF_003668045.3	NC_048597.1	186989799	186989799	1	point_coordinate	high	GAIDUKOV2018	186989799	H3K4me3	PRJEB9291	narrow	2	PRJEB9291:210_hours;PRJEB9291:66_hours	ERR868151;ERR868175	51792.5	0.794186004887	0.0294624591599	27.0106531031	7.988715	0	0	0	0	0	0	0	0	0	0	0	0	2	1	1	1	2	1	1	1	0	0	0	4563	4563	0	0	0	1	380.5	0.0190240487976	4	1688.5	0.0168848311517	0.04775	0	0.0955	0.0955	0.0189004247876	0.0110742128936	0.0267266366817	0.0156524237881	0.0434396052697	0.0385320568972	0.0483471536423	0.0098150967451	0.0372169528305	0.031191603984	0.043242301677	0.012050697693
CHO_BM_GAIDUKOV_005	mLP4	positive	Tier 2	1	GCF_003668045.3	NC_048597.1	186989799	186989799	1	point_coordinate	high	GAIDUKOV2018	186989799	H3K4me3	PRJNA865478	narrow	2	PRJNA865478:3_days;PRJNA865478:7_days	SRR20770293;SRR20770297	59622	0.204286262379	0.0175990693387	11.6527145196	6.2595	0	0	0	0	0	0	0	0	0	0	0	0	0	0	0	0	1	0.5	1	0	0	0	0	64628	64628	0	0	0	0	0	0	0.5	77.5	0.000774992250077	0.01999	0	0.03998	0.03998	0.0331206846577	0.0195404497751	0.0467009195402	0.0271604697651	0.0569281448427	0.0521073266337	0.0617489630518	0.0096416364181	0.0521122822272	0.0499309224908	0.0542936419636	0.0043627194728
CHO_BM_GAIDUKOV_005	mLP4	positive	Tier 2	1	GCF_003668045.3	NC_048597.1	186989799	186989799	1	point_coordinate	high	GAIDUKOV2018	186989799	H3K9me3	PRJEB9291	broad	2	PRJEB9291:210_hours;PRJEB9291:66_hours	ERR868152;ERR868176	209789.5	0.255402613286	0.0555718418708	4.60411276469	3.0013	0	0	0	0	0	0	0	0	0	0	0	0	0	0	0	0	1	0.5	1	0	0	0	0	62833	62833	0	0	0	0	0	0	1	276	0.00275997240028	0	0	0	0	0.00537798100949	0.00314725137431	0.00760871064468	0.00446145927037	0.0223237343133	0.0208719814009	0.0237754872256	0.0029035058247	0.0274690750092	0.0257571309287	0.0291810190898	0.0034238881611
CHO_BM_GAIDUKOV_005	mLP4	positive	Tier 2	1	GCF_003668045.3	NC_048597.1	186989799	186989799	1	point_coordinate	high	GAIDUKOV2018	186989799	H3K9me3	PRJNA865478	broad	2	PRJNA865478:3_days;PRJNA865478:7_days	SRR20770292;SRR20770296	66618.5	0.0948204146285	0.0310435370887	3.04574031411	2.950145	0	0	0	0	0	0	0	0	0	0	0	0	0	0	0	0	0	0	0	0	0	0	0	491464	491464	0	0	0	0	0	0	0	0	0	0.032855	0.0325	0.03321	0.00071	0.0221739005497	0.0194002748626	0.0249475262369	0.0055472513743	0.041689279036	0.0386210689466	0.0447574891255	0.0061364201789	0.0469453781962	0.044522604774	0.0493681516185	0.0048455468445
CHO_BM_GAIDUKOV_007	mLP6	positive	Tier 2	1	GCF_003668045.3	NC_048599.1	45758703	45758703	1	point_coordinate	high	GAIDUKOV2018	45758703	H3K27ac	PRJEB9291	narrow	2	PRJEB9291:210_hours;PRJEB9291:66_hours	ERR868155;ERR868171	73527.5	0.6372173458	0.0358286588685	17.9672664687	7.46883	0	0	0	0	0	0	0	0	0	0	0	0	2	1	1	1	2	1	1	1	0	0	0	7415	7415	0	0	0	1.5	1595	0.0797460126994	3.5	3595	0.0359496405036	0.022795	0	0.04559	0.04559	0.0400979210395	0.0393472913543	0.0408485507246	0.0015012593703	0.18120381206	0.104697841608	0.257709782511	0.153011940903	0.0840031555182	0.0599890580094	0.108017253027	0.0480281950176
CHO_BM_GAIDUKOV_007	mLP6	positive	Tier 2	1	GCF_003668045.3	NC_048599.1	45758703	45758703	1	point_coordinate	high	GAIDUKOV2018	45758703	H3K27ac	PRJNA865478	narrow	2	PRJNA865478:3_days;PRJNA865478:7_days	SRR20770291;SRR20770294	70484.5	0.142828355232	0.016220643061	8.85423438421	5.474695	0	0	0	0	0	0	0	0	0	0	0	0	2	1	1	1	2	1	1	1	0	0	0	4948	4948	0	0	0	3.5	2713	0.135643217839	6.5	3718	0.0371796282037	0.0383	0.02391	0.05269	0.02878	0.0815617991004	0.0783338430785	0.0847897551224	0.0064559120439	0.143990653967	0.136199148043	0.151782159892	0.015583011849	0.0859729875701	0.0858822611774	0.0860637139629	0.0001814527855
CHO_BM_GAIDUKOV_007	mLP6	positive	Tier 2	1	GCF_003668045.3	NC_048599.1	45758703	45758703	1	point_coordinate	high	GAIDUKOV2018	45758703	H3K27me3	PRJEB9291	broad	2	PRJEB9291:210_hours;PRJEB9291:66_hours	ERR868154;ERR868172	170259.5	0.197437617458	0.0410249475692	4.82182262168	3.00912	0	0	0	0	0	0	0	0	0	0	0	0	0	0	0	0	2	1	1	1	0	0	0	11160	11160	0	0	0	0	0	0	27	14646.5	0.146463535365	0.01852	0	0.03704	0.03704	0.0113729235382	0.0109953823088	0.0117504647676	0.0007550824588	0.0252642765362	0.0234216924154	0.027106860657	0.0036851682416	0.0847006082939	0.0819375784242	0.0874636381636	0.0055260597394
CHO_BM_GAIDUKOV_007	mLP6	positive	Tier 2	1	GCF_003668045.3	NC_048599.1	45758703	45758703	1	point_coordinate	high	GAIDUKOV2018	45758703	H3K36me3	PRJEB9291	broad	2	PRJEB9291:210_hours;PRJEB9291:66_hours	ERR868156;ERR868173	85440.5	0.766289642108	0.0972899913205	7.93989498928	2.9643975	2	1	1	1	2	1	1	1	2	1	1	1	2	1	1	1	2	1	1	1	1	1	1	0	0	1	2001	1	1.5	9003.5	0.450152492375	12.5	38613.5	0.386131138689	0.468095	0.35068	0.58551	0.23483	1.10378455772	1.06315105947	1.14441805597	0.0812669965	0.483611583421	0.476613575821	0.49060959102	0.013996015199	0.265750137149	0.244496603734	0.287003670563	0.042507066829
CHO_BM_GAIDUKOV_007	mLP6	positive	Tier 2	1	GCF_003668045.3	NC_048599.1	45758703	45758703	1	point_coordinate	high	GAIDUKOV2018	45758703	H3K4me1	PRJEB9291	broad	2	PRJEB9291:210_hours;PRJEB9291:66_hours	ERR868153;ERR868174	157261	0.509715267275	0.0752796507415	7.02837309278	3.344165	0	0	0	0	0	0	0	0	0	0	0	0	2	1	1	1	2	1	1	1	0	0	0	4732.5	4732.5	0	0	0	2.5	2979	0.148942552872	7	7460	0.0745992540075	0.03333	0	0.06666	0.06666	0.0405672063968	0.0334940529735	0.0476403598201	0.0141463068466	0.127821949652	0.109390245488	0.146253653817	0.036863408329	0.078131895331	0.0738825798742	0.0823812107879	0.0084986309137
CHO_BM_GAIDUKOV_007	mLP6	positive	Tier 2	1	GCF_003668045.3	NC_048599.1	45758703	45758703	1	point_coordinate	high	GAIDUKOV2018	45758703	H3K4me3	PRJEB9291	narrow	2	PRJEB9291:210_hours;PRJEB9291:66_hours	ERR868151;ERR868175	51792.5	0.794186004887	0.0294624591599	27.0106531031	7.988715	0	0	0	0	0	0	0	0	0	0	0	0	2	1	1	1	2	1	1	1	0	0	0	6669.5	6669.5	0	0	0	1	3206.5	0.160316984151	3	5805	0.0580494195058	0	0	0	0	0.00763618190905	0	0.0152723638181	0.0152723638181	0.55531038348	0.488946656667	0.621674110294	0.132727453627	0.193595862191	0.179022306277	0.208169418106	0.029147111829
CHO_BM_GAIDUKOV_007	mLP6	positive	Tier 2	1	GCF_003668045.3	NC_048599.1	45758703	45758703	1	point_coordinate	high	GAIDUKOV2018	45758703	H3K4me3	PRJNA865478	narrow	2	PRJNA865478:3_days;PRJNA865478:7_days	SRR20770293;SRR20770297	59622	0.204286262379	0.0175990693387	11.6527145196	6.2595	0	0	0	0	0	0	0	0	0	0	0	0	2	1	1	1	2	1	1	1	0	0	0	4579.5	4579.5	0	0	0	2.5	5127.5	0.256362181891	7.5	8666.5	0.0866641333587	0.01999	0	0.03998	0.03998	0.0595244552724	0.0482017741129	0.0708471364318	0.0226453623189	0.271189540523	0.2399440058	0.302435075246	0.062491069446	0.124215320396	0.116041761082	0.132388879711	0.016347118629
CHO_BM_GAIDUKOV_007	mLP6	positive	Tier 2	1	GCF_003668045.3	NC_048599.1	45758703	45758703	1	point_coordinate	high	GAIDUKOV2018	45758703	H3K9me3	PRJEB9291	broad	2	PRJEB9291:210_hours;PRJEB9291:66_hours	ERR868152;ERR868176	209789.5	0.255402613286	0.0555718418708	4.60411276469	3.0013	0	0	0	0	0	0	0	0	0	0	0	0	0	0	0	0	1	0.5	1	0	0	0	0	34011.5	34011.5	0	0	0	0	0	0	0.5	160	0.00159998400016	0	0	0	0	0.0160768090954	0.0157362568716	0.0164173613193	0.0006811044477	0.0175180830958	0.0161313349333	0.0189048312584	0.0027734963251	0.0389749225508	0.0369517409826	0.040998104119	0.0040463631364
CHO_BM_GAIDUKOV_007	mLP6	positive	Tier 2	1	GCF_003668045.3	NC_048599.1	45758703	45758703	1	point_coordinate	high	GAIDUKOV2018	45758703	H3K9me3	PRJNA865478	broad	2	PRJNA865478:3_days;PRJNA865478:7_days	SRR20770292;SRR20770296	66618.5	0.0948204146285	0.0310435370887	3.04574031411	2.950145	0	0	0	0	0	0	0	0	0	0	0	0	0	0	0	0	0	0	0	0	0	0	0	52350.5	52350.5	0	0	0	0	0	0	0	0	0	0.0325	0	0.065	0.065	0.0407663693153	0.0297063968016	0.0518263418291	0.0221199450275	0.0325479456027	0.0270873956302	0.0380084955752	0.010921099945	0.0461160051399	0.0448508514915	0.0473811587884	0.0025303072969
CHO_BM_GAIDUKOV_008	mLP7	positive	Tier 2	1	GCF_003668045.3	NC_048599.1	109879626	109879626	1	point_coordinate	high	GAIDUKOV2018	109879626	H3K27ac	PRJEB9291	narrow	2	PRJEB9291:210_hours;PRJEB9291:66_hours	ERR868155;ERR868171	73527.5	0.6372173458	0.0358286588685	17.9672664687	7.46883	0	0	0	0	0	0	0	0	0	0	0	0	2	1	1	1	2	1	1	1	0	0	0	1764.5	1764.5	0	0	0	9.5	6044	0.302184890755	14	12754.5	0.127543724563	0.13677	0	0.27354	0.27354	0.123082886057	0.095223938031	0.150941834083	0.055717896052	0.450521574672	0.354964161792	0.546078987551	0.191114825759	0.232531850782	0.231639143809	0.233424557754	0.001785413945
CHO_BM_GAIDUKOV_008	mLP7	positive	Tier 2	1	GCF_003668045.3	NC_048599.1	109879626	109879626	1	point_coordinate	high	GAIDUKOV2018	109879626	H3K27ac	PRJNA865478	narrow	2	PRJNA865478:3_days;PRJNA865478:7_days	SRR20770291;SRR20770294	70484.5	0.142828355232	0.016220643061	8.85423438421	5.474695	0	0	0	0	0	0	0	0	1	0.5	1	0	2	1	1	1	2	1	1	1	0	0	0	1032.5	1032.5	0.5	16.5	0.00824587706147	11.5	8862	0.443077846108	27	17412	0.174118258817	0.100515	0.09565	0.10538	0.00973	0.146461831584	0.14416055972	0.148763103448	0.004602543728	0.29974321484	0.287818468077	0.311667961602	0.023849493525	0.167431048689	0.159217089529	0.17564500785	0.016427918321
CHO_BM_GAIDUKOV_008	mLP7	positive	Tier 2	1	GCF_003668045.3	NC_048599.1	109879626	109879626	1	point_coordinate	high	GAIDUKOV2018	109879626	H3K27me3	PRJEB9291	broad	2	PRJEB9291:210_hours;PRJEB9291:66_hours	ERR868154;ERR868172	170259.5	0.197437617458	0.0410249475692	4.82182262168	3.00912	0	0	0	0	0	0	0	0	0	0	0	0	0	0	0	0	0	0	0	0	0	0	0	1804533.5	1804533.5	0	0	0	0	0	0	0	0	0	0.08132	0.07408	0.08856	0.01448	0.0257014092953	0.019916041979	0.0314867766117	0.0115707346327	0.0217214864256	0.0179325033748	0.0255104694765	0.0075779661017	0.0243185531144	0.0232866191338	0.0253504870951	0.0020638679613
CHO_BM_GAIDUKOV_008	mLP7	positive	Tier 2	1	GCF_003668045.3	NC_048599.1	109879626	109879626	1	point_coordinate	high	GAIDUKOV2018	109879626	H3K36me3	PRJEB9291	broad	2	PRJEB9291:210_hours;PRJEB9291:66_hours	ERR868156;ERR868173	85440.5	0.766289642108	0.0972899913205	7.93989498928	2.9643975	0	0	0	0	0	0	0	0	0	0	0	0	2	1	1	1	2	1	1	1	0	0	0	5754.5	5754.5	0	0	0	2	878	0.0438978051097	7	3046.5	0.030464695353	0.03705	0.03507	0.03903	0.00396	0.0462076811594	0.0324777411294	0.0599376211894	0.02745988006	0.0791975176242	0.0609224943753	0.097472540873	0.0365500464977	0.0750757186928	0.0624765476345	0.0876748897511	0.0251983421166
CHO_BM_GAIDUKOV_008	mLP7	positive	Tier 2	1	GCF_003668045.3	NC_048599.1	109879626	109879626	1	point_coordinate	high	GAIDUKOV2018	109879626	H3K4me1	PRJEB9291	broad	2	PRJEB9291:210_hours;PRJEB9291:66_hours	ERR868153;ERR868174	157261	0.509715267275	0.0752796507415	7.02837309278	3.344165	2	1	1	1	2	1	1	1	2	1	1	1	2	1	1	1	2	1	1	1	1	1	1	0	0	2	1469.5	0.734382808596	10	13072	0.653567321634	35	34667	0.346666533335	0.4118	0.29999	0.52361	0.22362	0.290077113943	0.256146911544	0.324007316342	0.067860404798	0.381842052898	0.363532569372	0.400151536423	0.036618967051	0.236517702373	0.22294199198	0.250093412766	0.027151420786
CHO_BM_GAIDUKOV_008	mLP7	positive	Tier 2	1	GCF_003668045.3	NC_048599.1	109879626	109879626	1	point_coordinate	high	GAIDUKOV2018	109879626	H3K4me3	PRJEB9291	narrow	2	PRJEB9291:210_hours;PRJEB9291:66_hours	ERR868151;ERR868175	51792.5	0.794186004887	0.0294624591599	27.0106531031	7.988715	0	0	0	0	0	0	0	0	0	0	0	0	2	1	1	1	2	1	1	1	0	0	0	2143.5	2143.5	0	0	0	3	3840.5	0.19201539923	7.5	8680.5	0.0868041319587	0.023875	0	0.04775	0.04775	0.0134939405298	0.0112143928036	0.0157734882559	0.0045590954523	0.224859578771	0.209266528174	0.240452629369	0.031186101195	0.16349598089	0.150049350706	0.176942611074	0.026893260368
CHO_BM_GAIDUKOV_008	mLP7	positive	Tier 2	1	GCF_003668045.3	NC_048599.1	109879626	109879626	1	point_coordinate	high	GAIDUKOV2018	109879626	H3K4me3	PRJNA865478	narrow	2	PRJNA865478:3_days;PRJNA865478:7_days	SRR20770293;SRR20770297	59622	0.204286262379	0.0175990693387	11.6527145196	6.2595	0	0	0	0	0	0	0	0	0	0	0	0	2	1	1	1	2	1	1	1	0	0	0	1613.5	1613.5	0	0	0	7.5	3150.5	0.157517124144	18.5	8317.5	0.0831741682583	0.10883	0.05997	0.15769	0.09772	0.0724064367816	0.0606792903548	0.0841335832084	0.0234542928536	0.167011040698	0.157156641668	0.176865439728	0.01970879806	0.115504788402	0.114526900231	0.116482676573	0.001955776342
CHO_BM_GAIDUKOV_008	mLP7	positive	Tier 2	1	GCF_003668045.3	NC_048599.1	109879626	109879626	1	point_coordinate	high	GAIDUKOV2018	109879626	H3K9me3	PRJEB9291	broad	2	PRJEB9291:210_hours;PRJEB9291:66_hours	ERR868152;ERR868176	209789.5	0.255402613286	0.0555718418708	4.60411276469	3.0013	0	0	0	0	0	0	0	0	0	0	0	0	2	1	1	1	2	1	1	1	0	0	0	6491	6491	0	0	0	1.5	982	0.0490975451227	2	1075	0.0107498925011	0	0	0	0	0.0125012868566	0.00845412293853	0.0165484507746	0.00809432783607	0.0610466621669	0.0444370251487	0.077656299185	0.0332192740363	0.0399409476406	0.0346156523435	0.0452662429376	0.0106505905941
CHO_BM_GAIDUKOV_008	mLP7	positive	Tier 2	1	GCF_003668045.3	NC_048599.1	109879626	109879626	1	point_coordinate	high	GAIDUKOV2018	109879626	H3K9me3	PRJNA865478	broad	2	PRJNA865478:3_days;PRJNA865478:7_days	SRR20770292;SRR20770296	66618.5	0.0948204146285	0.0310435370887	3.04574031411	2.950145	0	0	0	0	0	0	0	0	0	0	0	0	1	0.5	1	0	1	0.5	1	0	0	0	0	332166	332166	0	0	0	0.5	144	0.007199640018	0.5	144	0.00143998560014	0.032855	0.0325	0.03321	0.00071	0.0190039430285	0.0165992003998	0.0214086856572	0.0048094852574	0.0419239905504	0.0397817499125	0.0440662311884	0.0042844812759	0.0388533452666	0.0387100497995	0.0389966407336	0.0002865909341
CHO_BM_GAIDUKOV_009	mLP8	positive	Tier 2	1	GCF_003668045.3	NW_023276806.1	48454524	48454524	1	point_coordinate	high	GAIDUKOV2018	48454524	H3K27ac	PRJEB9291	narrow	2	PRJEB9291:210_hours;PRJEB9291:66_hours	ERR868155;ERR868171	73527.5	0.6372173458	0.0358286588685	17.9672664687	7.46883	0	0	0	0	0	0	0	0	0	0	0	0	0	0	0	0	2	1	1	1	0	0	0	14938.5	14938.5	0	0	0	0	0	0	6.5	10788.5	0.107883921161	0.113975	0	0.22795	0.22795	0.105958485757	0.0811157671164	0.130801204398	0.0496854372816	0.0774197482625	0.0570512714364	0.0977882250887	0.0407369536523	0.278049413356	0.195929446406	0.360169380306	0.1642399339
CHO_BM_GAIDUKOV_009	mLP8	positive	Tier 2	1	GCF_003668045.3	NW_023276806.1	48454524	48454524	1	point_coordinate	high	GAIDUKOV2018	48454524	H3K27ac	PRJNA865478	narrow	2	PRJNA865478:3_days;PRJNA865478:7_days	SRR20770291;SRR20770294	70484.5	0.142828355232	0.016220643061	8.85423438421	5.474695	0	0	0	0	0	0	0	0	0	0	0	0	0	0	0	0	2	1	1	1	0	0	0	14479.5	14479.5	0	0	0	0	0	0	15	9964.5	0.09964400356	0.08613	0.05269	0.11957	0.06688	0.111739865067	0.105596226887	0.117883503248	0.012287276361	0.100512867607	0.0984079141043	0.102617821109	0.0042099070047	0.140298734162	0.133771374886	0.146826093439	0.013054718553
CHO_BM_GAIDUKOV_009	mLP8	positive	Tier 2	1	GCF_003668045.3	NW_023276806.1	48454524	48454524	1	point_coordinate	high	GAIDUKOV2018	48454524	H3K27me3	PRJEB9291	broad	2	PRJEB9291:210_hours;PRJEB9291:66_hours	ERR868154;ERR868172	170259.5	0.197437617458	0.0410249475692	4.82182262168	3.00912	0	0	0	0	0	0	0	0	0	0	0	0	0	0	0	0	0	0	0	0	0	0	0	92257	92257	0	0	0	0	0	0	0	0	0	0.02214	0	0.04428	0.04428	0.00836981509247	0.00331934032984	0.0134202898551	0.0101009495253	0.0116944275286	0.00996250187491	0.0134263531823	0.00346385130739	0.0179636355136	0.0170153054469	0.0189119655803	0.0018966601334
CHO_BM_GAIDUKOV_009	mLP8	positive	Tier 2	1	GCF_003668045.3	NW_023276806.1	48454524	48454524	1	point_coordinate	high	GAIDUKOV2018	48454524	H3K36me3	PRJEB9291	broad	2	PRJEB9291:210_hours;PRJEB9291:66_hours	ERR868156;ERR868173	85440.5	0.766289642108	0.0972899913205	7.93989498928	2.9643975	2	1	1	1	2	1	1	1	2	1	1	1	2	1	1	1	2	1	1	1	1	1	1	0	0	1	2001	1	1	19942.5	0.997075146243	23.5	61321	0.613203867961	1.947845	1.75654	2.13915	0.38261	1.38469162169	1.25539552724	1.51398771614	0.2585921889	1.31219942503	1.30785384981	1.31654500025	0.00869115044	0.578630304497	0.570420335497	0.586840273497	0.016419938
CHO_BM_GAIDUKOV_009	mLP8	positive	Tier 2	1	GCF_003668045.3	NW_023276806.1	48454524	48454524	1	point_coordinate	high	GAIDUKOV2018	48454524	H3K4me1	PRJEB9291	broad	2	PRJEB9291:210_hours;PRJEB9291:66_hours	ERR868153;ERR868174	157261	0.509715267275	0.0752796507415	7.02837309278	3.344165	0	0	0	0	0	0	0	0	0	0	0	0	0	0	0	0	2	1	1	1	0	0	0	11693	11693	0	0	0	0	0	0	21	19399	0.193988060119	0.016665	0	0.03333	0.03333	0.0551512993503	0.0516878410795	0.0586147576212	0.0069269165417	0.0597307637118	0.0499293540323	0.0695321733913	0.019602819359	0.162606100189	0.156160949991	0.169051250387	0.012890300396
CHO_BM_GAIDUKOV_009	mLP8	positive	Tier 2	1	GCF_003668045.3	NW_023276806.1	48454524	48454524	1	point_coordinate	high	GAIDUKOV2018	48454524	H3K4me3	PRJEB9291	narrow	2	PRJEB9291:210_hours;PRJEB9291:66_hours	ERR868151;ERR868175	51792.5	0.794186004887	0.0294624591599	27.0106531031	7.988715	0	0	0	0	0	0	0	0	0	0	0	0	0	0	0	0	2	1	1	1	0	0	0	15071.5	15071.5	0	0	0	0	0	0	4	9800.5	0.0980040199598	0	0	0	0	0.00954029235383	0.00380822088956	0.0152723638181	0.0114641429285	0.0119204039798	0.0104714764262	0.0133693315334	0.0028978551072	0.321620803992	0.290931802682	0.352309805302	0.06137800262
CHO_BM_GAIDUKOV_009	mLP8	positive	Tier 2	1	GCF_003668045.3	NW_023276806.1	48454524	48454524	1	point_coordinate	high	GAIDUKOV2018	48454524	H3K4me3	PRJNA865478	narrow	2	PRJNA865478:3_days;PRJNA865478:7_days	SRR20770293;SRR20770297	59622	0.204286262379	0.0175990693387	11.6527145196	6.2595	0	0	0	0	0	0	0	0	0	0	0	0	0	0	0	0	2	1	1	1	0	0	0	14276	14276	0	0	0	0	0	0	14	10726.5	0.107263927361	0.061525	0.05997	0.06308	0.00311	0.0517257871064	0.0462537231384	0.0571978510745	0.0109441279361	0.0568413916804	0.0506771136443	0.0630056697165	0.0123285560722	0.14363600534	0.130160827992	0.157111182688	0.026950354696
CHO_BM_GAIDUKOV_009	mLP8	positive	Tier 2	1	GCF_003668045.3	NW_023276806.1	48454524	48454524	1	point_coordinate	high	GAIDUKOV2018	48454524	H3K9me3	PRJEB9291	broad	2	PRJEB9291:210_hours;PRJEB9291:66_hours	ERR868152;ERR868176	209789.5	0.255402613286	0.0555718418708	4.60411276469	3.0013	0	0	0	0	0	0	0	0	0	0	0	0	0	0	0	0	2	1	1	1	0	0	0	36925	36925	0	0	0	0	0	0	1	681.5	0.00681493185068	0.027285	0	0.05457	0.05457	0.0194695027486	0.0169082458771	0.0220307596202	0.0051225137431	0.019901159942	0.0177616469177	0.0220406729664	0.0042790260487	0.0307263503365	0.0290400021	0.032412698573	0.003372696473
CHO_BM_GAIDUKOV_009	mLP8	positive	Tier 2	1	GCF_003668045.3	NW_023276806.1	48454524	48454524	1	point_coordinate	high	GAIDUKOV2018	48454524	H3K9me3	PRJNA865478	broad	2	PRJNA865478:3_days;PRJNA865478:7_days	SRR20770292;SRR20770296	66618.5	0.0948204146285	0.0310435370887	3.04574031411	2.950145	0	0	0	0	0	0	0	0	0	0	0	0	0	0	0	0	0	0	0	0	0	0	0	77887	77887	0	0	0	0	0	0	0	0	0	0.049105	0.03321	0.065	0.03179	0.0314911394303	0.0288293353323	0.0341529435282	0.0053236081959	0.0289622261387	0.0284247037648	0.0294997485126	0.0010750447478	0.0333336083639	0.0309591904081	0.0357080263197	0.0047488359116
CHO_BM_GAIDUKOV_010	mLP9	positive	Tier 2	1	GCF_003668045.3	NW_023276807.1	132016117	132016117	1	point_coordinate	high	GAIDUKOV2018	132016117	H3K27ac	PRJEB9291	narrow	2	PRJEB9291:210_hours;PRJEB9291:66_hours	ERR868155;ERR868171	73527.5	0.6372173458	0.0358286588685	17.9672664687	7.46883	0	0	0	0	0	0	0	0	0	0	0	0	0	0	0	0	2	1	1	1	0	0	0	16234.5	16234.5	0	0	0	0	0	0	4	3294	0.0329396706033	0	0	0	0	0.0107652548725	0	0.0215305097451	0.0215305097451	0.0332617459127	0.0315622688866	0.0349612229389	0.0033989540523	0.0909620424294	0.0774875097249	0.104436575134	0.0269490654091
CHO_BM_GAIDUKOV_010	mLP9	positive	Tier 2	1	GCF_003668045.3	NW_023276807.1	132016117	132016117	1	point_coordinate	high	GAIDUKOV2018	132016117	H3K27ac	PRJNA865478	narrow	2	PRJNA865478:3_days;PRJNA865478:7_days	SRR20770291;SRR20770294	70484.5	0.142828355232	0.016220643061	8.85423438421	5.474695	0	0	0	0	0	0	0	0	0	0	0	0	0	0	0	0	2	1	1	1	0	0	0	15775	15775	0	0	0	0	0	0	3.5	1750	0.0174998250017	0.06343	0.04783	0.07903	0.0312	0.0627385832084	0.0497628435782	0.0757143228386	0.0259514792604	0.0776805572222	0.0773868181591	0.0779742962852	0.0005874781261	0.0814060580894	0.0787631850681	0.0840489311107	0.0052857460426
CHO_BM_GAIDUKOV_010	mLP9	positive	Tier 2	1	GCF_003668045.3	NW_023276807.1	132016117	132016117	1	point_coordinate	high	GAIDUKOV2018	132016117	H3K27me3	PRJEB9291	broad	2	PRJEB9291:210_hours;PRJEB9291:66_hours	ERR868154;ERR868172	170259.5	0.197437617458	0.0410249475692	4.82182262168	3.00912	0	0	0	0	0	0	0	0	0	0	0	0	0	0	0	0	1	0.5	1	0	0	0	0	58639.5	58639.5	0	0	0	0	0	0	1	201	0.0020099799002	0	0	0	0	0.0128619915042	0.00663868065967	0.0190853023488	0.0124466216891	0.0163761884405	0.016057339133	0.0166950377481	0.0006376986151	0.036315695793	0.035286898631	0.0373444929551	0.0020575943241
CHO_BM_GAIDUKOV_010	mLP9	positive	Tier 2	1	GCF_003668045.3	NW_023276807.1	132016117	132016117	1	point_coordinate	high	GAIDUKOV2018	132016117	H3K36me3	PRJEB9291	broad	2	PRJEB9291:210_hours;PRJEB9291:66_hours	ERR868156;ERR868173	85440.5	0.766289642108	0.0972899913205	7.93989498928	2.9643975	2	1	1	1	2	1	1	1	2	1	1	1	2	1	1	1	2	1	1	1	1	1	1	0	0	1	2001	1	6	15813	0.790610469477	14.5	44060.5	0.440600593994	0.90478	0.89779	0.91177	0.01398	0.753193558221	0.660157986007	0.846229130435	0.186071144428	0.527323423079	0.422337788611	0.632309057547	0.209971268936	0.303896449886	0.247758529515	0.360034370256	0.112275840741
CHO_BM_GAIDUKOV_010	mLP9	positive	Tier 2	1	GCF_003668045.3	NW_023276807.1	132016117	132016117	1	point_coordinate	high	GAIDUKOV2018	132016117	H3K4me1	PRJEB9291	broad	2	PRJEB9291:210_hours;PRJEB9291:66_hours	ERR868153;ERR868174	157261	0.509715267275	0.0752796507415	7.02837309278	3.344165	0	0	0	0	0	0	0	0	0	0	0	0	0	0	0	0	2	1	1	1	0	0	0	13374	13374	0	0	0	0	0	0	9.5	5761	0.0576094239058	0.069025	0.03333	0.10472	0.07139	0.0381156196901	0.0343633133433	0.041867926037	0.0075046126937	0.0432870106495	0.0430119464027	0.0435620748963	0.0005501284936	0.070914706403	0.0659398825012	0.0758895303047	0.0099496478035
CHO_BM_GAIDUKOV_010	mLP9	positive	Tier 2	1	GCF_003668045.3	NW_023276807.1	132016117	132016117	1	point_coordinate	high	GAIDUKOV2018	132016117	H3K4me3	PRJEB9291	narrow	2	PRJEB9291:210_hours;PRJEB9291:66_hours	ERR868151;ERR868175	51792.5	0.794186004887	0.0294624591599	27.0106531031	7.988715	0	0	0	0	0	0	0	0	0	0	0	0	0	0	0	0	2	1	1	1	0	0	0	15602.5	15602.5	0	0	0	0	0	0	3	4143	0.0414295857041	0.023375	0	0.04675	0.04675	0.0126032608696	0.00747626186907	0.0177302598701	0.010253998001	0.00850257487126	0.00840357982101	0.0086015699215	0.00019799010049	0.125036293237	0.123982589474	0.126089997	0.002107407526
CHO_BM_GAIDUKOV_010	mLP9	positive	Tier 2	1	GCF_003668045.3	NW_023276807.1	132016117	132016117	1	point_coordinate	high	GAIDUKOV2018	132016117	H3K4me3	PRJNA865478	narrow	2	PRJNA865478:3_days;PRJNA865478:7_days	SRR20770293;SRR20770297	59622	0.204286262379	0.0175990693387	11.6527145196	6.2595	0	0	0	0	0	0	0	0	0	0	0	0	0	0	0	0	2	1	1	1	0	0	0	13057.5	13057.5	0	0	0	0	0	0	5.5	4919.5	0.0491945080549	0.05153	0.03998	0.06308	0.0231	0.0511411369316	0.0423576211894	0.0599246526737	0.0175670314843	0.0552487670616	0.0501454062297	0.0603521278936	0.0102067216639	0.0918475241248	0.0883657843422	0.0953292639074	0.0069634795652
CHO_BM_GAIDUKOV_010	mLP9	positive	Tier 2	1	GCF_003668045.3	NW_023276807.1	132016117	132016117	1	point_coordinate	high	GAIDUKOV2018	132016117	H3K9me3	PRJEB9291	broad	2	PRJEB9291:210_hours;PRJEB9291:66_hours	ERR868152;ERR868176	209789.5	0.255402613286	0.0555718418708	4.60411276469	3.0013	0	0	0	0	0	0	0	0	0	0	0	0	0	0	0	0	1	0.5	1	0	0	0	0	54335.5	54335.5	0	0	0	0	0	0	1	448.5	0.00448495515045	0.027285	0	0.05457	0.05457	0.036799137931	0.0335639130435	0.0400343628186	0.0064704497751	0.0242691127944	0.0211448177591	0.0273934078296	0.0062485900705	0.0295037456625	0.0293467555324	0.0296607357926	0.0003139802602
CHO_BM_GAIDUKOV_010	mLP9	positive	Tier 2	1	GCF_003668045.3	NW_023276807.1	132016117	132016117	1	point_coordinate	high	GAIDUKOV2018	132016117	H3K9me3	PRJNA865478	broad	2	PRJNA865478:3_days;PRJNA865478:7_days	SRR20770292;SRR20770296	66618.5	0.0948204146285	0.0310435370887	3.04574031411	2.950145	0	0	0	0	0	0	0	0	0	0	0	0	0	0	0	0	0	0	0	0	0	0	0	107082.5	107082.5	0	0	0	0	0	0	0	0	0	0.032855	0.0325	0.03321	0.00071	0.0397847701149	0.0299337831084	0.0496357571214	0.019701974013	0.0394519521524	0.0365704214789	0.0423334828259	0.005763061347	0.0374828534214	0.0357831171688	0.0391825896741	0.0033994725053
CHO_BM_GAIDUKOV_011	mLP10	positive	Tier 2	1	GCF_003668045.3	NW_023276806.1	67810067	67810067	1	point_coordinate	high	GAIDUKOV2018	67810067	H3K27ac	PRJEB9291	narrow	2	PRJEB9291:210_hours;PRJEB9291:66_hours	ERR868155;ERR868171	73527.5	0.6372173458	0.0358286588685	17.9672664687	7.46883	0	0	0	0	0	0	0	0	0	0	0	0	0	0	0	0	1	0.5	1	0	0	0	0	80858	80858	0	0	0	0	0	0	0.5	115.5	0.00115498845012	0	0	0	0	0.0131320064968	0.00835609695152	0.017907916042	0.00955181909048	0.017963479826	0.0168484985751	0.0190784610769	0.0022299625018	0.0224988921611	0.0196878707213	0.0253099136009	0.0056220428796
CHO_BM_GAIDUKOV_011	mLP10	positive	Tier 2	1	GCF_003668045.3	NW_023276806.1	67810067	67810067	1	point_coordinate	high	GAIDUKOV2018	67810067	H3K27ac	PRJNA865478	narrow	2	PRJNA865478:3_days;PRJNA865478:7_days	SRR20770291;SRR20770294	70484.5	0.142828355232	0.016220643061	8.85423438421	5.474695	0	0	0	0	0	0	0	0	0	0	0	0	0	0	0	0	0	0	0	0	0	0	0	155536	155536	0	0	0	0	0	0	0	0	0	0.023915	0	0.04783	0.04783	0.0328364842579	0.0241765617191	0.0414964067966	0.0173198450775	0.0271802022399	0.0244413364332	0.0299190680466	0.0054777316134	0.0265073364766	0.0233281188188	0.0296865541345	0.0063584353157
CHO_BM_GAIDUKOV_011	mLP10	positive	Tier 2	1	GCF_003668045.3	NW_023276806.1	67810067	67810067	1	point_coordinate	high	GAIDUKOV2018	67810067	H3K27me3	PRJEB9291	broad	2	PRJEB9291:210_hours;PRJEB9291:66_hours	ERR868154;ERR868172	170259.5	0.197437617458	0.0410249475692	4.82182262168	3.00912	0	0	0	0	0	0	0	0	0	0	0	0	0	0	0	0	0	0	0	0	0	0	0	363340	363340	0	0	0	0	0	0	0	0	0	0.01852	0	0.03704	0.03704	0.0260751724138	0.0184922338831	0.0336581109445	0.0151658770614	0.0243710031998	0.0241678351082	0.0245741712914	0.0004063361832	0.024141794082	0.0231031323687	0.0251804557954	0.0020773234267
CHO_BM_GAIDUKOV_011	mLP10	positive	Tier 2	1	GCF_003668045.3	NW_023276806.1	67810067	67810067	1	point_coordinate	high	GAIDUKOV2018	67810067	H3K36me3	PRJEB9291	broad	2	PRJEB9291:210_hours;PRJEB9291:66_hours	ERR868156;ERR868173	85440.5	0.766289642108	0.0972899913205	7.93989498928	2.9643975	0	0	0	0	0	0	0	0	0	0	0	0	0	0	0	0	2	1	1	1	0	0	0	24299.5	24299.5	0	0	0	0	0	0	2	971	0.00970990290097	0.076085	0.03507	0.1171	0.08203	0.0950095727137	0.0822031934033	0.107815952024	0.0256127586207	0.0789567301635	0.0747636173191	0.0831498430078	0.0083862256887	0.0591801764483	0.0495472879271	0.0688130649694	0.0192657770423
CHO_BM_GAIDUKOV_011	mLP10	positive	Tier 2	1	GCF_003668045.3	NW_023276806.1	67810067	67810067	1	point_coordinate	high	GAIDUKOV2018	67810067	H3K4me1	PRJEB9291	broad	2	PRJEB9291:210_hours;PRJEB9291:66_hours	ERR868153;ERR868174	157261	0.509715267275	0.0752796507415	7.02837309278	3.344165	0	0	0	0	0	0	0	0	0	0	0	0	0	0	0	0	2	1	1	1	0	0	0	18277	18277	0	0	0	0	0	0	2	860	0.00859991400086	0.016665	0	0.03333	0.03333	0.0437802998501	0.0315578810595	0.0560027186407	0.0244448375812	0.0251779438528	0.0192678506075	0.0310880370981	0.0118201864906	0.028478791612	0.0261383156168	0.0308192676073	0.0046809519905
CHO_BM_GAIDUKOV_011	mLP10	positive	Tier 2	1	GCF_003668045.3	NW_023276806.1	67810067	67810067	1	point_coordinate	high	GAIDUKOV2018	67810067	H3K4me3	PRJEB9291	narrow	2	PRJEB9291:210_hours;PRJEB9291:66_hours	ERR868151;ERR868175	51792.5	0.794186004887	0.0294624591599	27.0106531031	7.988715	0	0	0	0	0	0	0	0	0	0	0	0	0	0	0	0	0	0	0	0	0	0	0	149502	149502	0	0	0	0	0	0	0	0	0	0	0	0	0	0.00564717641179	0.00381809095452	0.00747626186907	0.00365817091455	0.00887655617219	0.00840357982101	0.00934953252337	0.00094595270236	0.00732580799192	0.00693529314707	0.00771632283677	0.0007810296897
CHO_BM_GAIDUKOV_011	mLP10	positive	Tier 2	1	GCF_003668045.3	NW_023276806.1	67810067	67810067	1	point_coordinate	high	GAIDUKOV2018	67810067	H3K4me3	PRJNA865478	narrow	2	PRJNA865478:3_days;PRJNA865478:7_days	SRR20770293;SRR20770297	59622	0.204286262379	0.0175990693387	11.6527145196	6.2595	0	0	0	0	0	0	0	0	0	0	0	0	0	0	0	0	0	0	0	0	0	0	0	155081	155081	0	0	0	0	0	0	0	0	0	0.045755	0.03154	0.05997	0.02843	0.0275635132434	0.0254866816592	0.0296403448276	0.0041536631684	0.0242720721464	0.0219499215039	0.0265942227889	0.004644301285	0.0249829502205	0.0207891922081	0.0291767082329	0.0083875160248
CHO_BM_GAIDUKOV_011	mLP10	positive	Tier 2	1	GCF_003668045.3	NW_023276806.1	67810067	67810067	1	point_coordinate	high	GAIDUKOV2018	67810067	H3K9me3	PRJEB9291	broad	2	PRJEB9291:210_hours;PRJEB9291:66_hours	ERR868152;ERR868176	209789.5	0.255402613286	0.0555718418708	4.60411276469	3.0013	0	0	0	0	0	0	0	0	0	0	0	0	0	0	0	0	0	0	0	0	0	0	0	160547.5	160547.5	0	0	0	0	0	0	0	0	0	0	0	0	0	0.0264515242379	0.0190865567216	0.0338164917541	0.0147299350325	0.0328979281036	0.0324170561472	0.03337880006	0.0009617439128	0.0248624477255	0.0236647068529	0.0260601885981	0.0023954817452
CHO_BM_GAIDUKOV_011	mLP10	positive	Tier 2	1	GCF_003668045.3	NW_023276806.1	67810067	67810067	1	point_coordinate	high	GAIDUKOV2018	67810067	H3K9me3	PRJNA865478	broad	2	PRJNA865478:3_days;PRJNA865478:7_days	SRR20770292;SRR20770296	66618.5	0.0948204146285	0.0310435370887	3.04574031411	2.950145	0	0	0	0	0	0	0	0	0	0	0	0	0	0	0	0	0	0	0	0	0	0	0	1667260.5	1667260.5	0	0	0	0	0	0	0	0	0	0.032855	0.0325	0.03321	0.00071	0.0192877511245	0.00992482758621	0.0286506746627	0.0187258470765	0.0201662824359	0.0199170856457	0.020415479226	0.0004983935803	0.0202079577705	0.0178663410366	0.0225495745043	0.0046832334677
CHO_BM_GAIDUKOV_013	mLP12	positive	Tier 2	1	GCF_003668045.3	NW_023276806.1	163338145	163338145	1	point_coordinate	high	GAIDUKOV2018	163338145	H3K27ac	PRJEB9291	narrow	2	PRJEB9291:210_hours;PRJEB9291:66_hours	ERR868155;ERR868171	73527.5	0.6372173458	0.0358286588685	17.9672664687	7.46883	0	0	0	0	0	0	0	0	0	0	0	0	2	1	1	1	2	1	1	1	0	0	0	5921.5	5921.5	0	0	0	3.5	2873.5	0.143667816609	10.5	15246.5	0.152463475365	0.077775	0	0.15555	0.15555	0.0846697526237	0.0833656671664	0.085973838081	0.0026081709146	0.238308273337	0.174116948653	0.30249959802	0.128382649367	0.276544531704	0.27288598454	0.280203078869	0.007317094329
CHO_BM_GAIDUKOV_013	mLP12	positive	Tier 2	1	GCF_003668045.3	NW_023276806.1	163338145	163338145	1	point_coordinate	high	GAIDUKOV2018	163338145	H3K27ac	PRJNA865478	narrow	2	PRJNA865478:3_days;PRJNA865478:7_days	SRR20770291;SRR20770294	70484.5	0.142828355232	0.016220643061	8.85423438421	5.474695	0	0	0	0	0	0	0	0	0	0	0	0	2	1	1	1	2	1	1	1	0	0	0	8510	8510	0	0	0	2.5	1031.5	0.0515724213789	14	10733.5	0.107333926661	0.06343	0.04783	0.07903	0.0312	0.0614767666167	0.0419463718141	0.0810071614193	0.0390607896052	0.112680305485	0.109736735663	0.115623875306	0.005887139643	0.130444198658	0.127695258047	0.133193139269	0.005497881222
CHO_BM_GAIDUKOV_013	mLP12	positive	Tier 2	1	GCF_003668045.3	NW_023276806.1	163338145	163338145	1	point_coordinate	high	GAIDUKOV2018	163338145	H3K27me3	PRJEB9291	broad	2	PRJEB9291:210_hours;PRJEB9291:66_hours	ERR868154;ERR868172	170259.5	0.197437617458	0.0410249475692	4.82182262168	3.00912	0	0	0	0	0	0	0	0	0	0	0	0	0	0	0	0	0	0	0	0	0	0	0	389680	389680	0	0	0	0	0	0	0	0	0	0	0	0	0	0.0190983008495	0.018900169915	0.0192964317841	0.0003962618691	0.0220753009849	0.0219010144493	0.0222495875206	0.0003485730713	0.0268602829472	0.026379103409	0.0273414624854	0.0009623590764
CHO_BM_GAIDUKOV_013	mLP12	positive	Tier 2	1	GCF_003668045.3	NW_023276806.1	163338145	163338145	1	point_coordinate	high	GAIDUKOV2018	163338145	H3K36me3	PRJEB9291	broad	2	PRJEB9291:210_hours;PRJEB9291:66_hours	ERR868156;ERR868173	85440.5	0.766289642108	0.0972899913205	7.93989498928	2.9643975	2	1	1	1	2	1	1	1	2	1	1	1	2	1	1	1	2	1	1	1	1	1	1	0	0	1	2001	1	9.5	16521.5	0.826033698315	13.5	31081	0.310806891931	1.40794	1.33258	1.4833	0.15072	0.986154677662	0.957088330835	1.01522102449	0.058132693655	0.516204933254	0.497626929654	0.534782936853	0.037156007199	0.234248136319	0.234210145699	0.234286126939	7.598124e-05
CHO_BM_GAIDUKOV_013	mLP12	positive	Tier 2	1	GCF_003668045.3	NW_023276806.1	163338145	163338145	1	point_coordinate	high	GAIDUKOV2018	163338145	H3K4me1	PRJEB9291	broad	2	PRJEB9291:210_hours;PRJEB9291:66_hours	ERR868153;ERR868174	157261	0.509715267275	0.0752796507415	7.02837309278	3.344165	0	0	0	0	0	0	0	0	2	1	1	1	2	1	1	1	2	1	1	1	0	0	0	16	16	1	182	0.0909545227386	7.5	6328.5	0.316409179541	21	21649.5	0.216492835072	0.240415	0.16666	0.31417	0.14751	0.156398910545	0.140092058971	0.172705762119	0.032613703148	0.229767780111	0.223236940653	0.236298619569	0.013061678916	0.176854154358	0.154958779412	0.198749529305	0.043790749893
CHO_BM_GAIDUKOV_013	mLP12	positive	Tier 2	1	GCF_003668045.3	NW_023276806.1	163338145	163338145	1	point_coordinate	high	GAIDUKOV2018	163338145	H3K4me3	PRJEB9291	narrow	2	PRJEB9291:210_hours;PRJEB9291:66_hours	ERR868151;ERR868175	51792.5	0.794186004887	0.0294624591599	27.0106531031	7.988715	0	0	0	0	0	0	0	0	0	0	0	0	2	1	1	1	2	1	1	1	0	0	0	3096	3096	0	0	0	4	4982.5	0.249112544373	7	11208.5	0.112083879161	0.04775	0	0.0955	0.0955	0.0284673288356	0.0101630434783	0.0467716141929	0.0366085707146	0.343827973352	0.297216677666	0.390439269037	0.093222591371	0.19727602039	0.187748815612	0.206803225168	0.019054409556
CHO_BM_GAIDUKOV_013	mLP12	positive	Tier 2	1	GCF_003668045.3	NW_023276806.1	163338145	163338145	1	point_coordinate	high	GAIDUKOV2018	163338145	H3K4me3	PRJNA865478	narrow	2	PRJNA865478:3_days;PRJNA865478:7_days	SRR20770293;SRR20770297	59622	0.204286262379	0.0175990693387	11.6527145196	6.2595	0	0	0	0	0	0	0	0	0	0	0	0	2	1	1	1	2	1	1	1	0	0	0	3094	3094	0	0	0	4.5	3311	0.165541722914	7.5	8442.5	0.0844241557584	0.05575	0.03154	0.07996	0.04842	0.0578284807596	0.0502324187906	0.0654245427286	0.015192123938	0.146792787611	0.136872316884	0.156713258337	0.019840941453	0.0984051711483	0.0968430079699	0.0999673343267	0.0031243263568
CHO_BM_GAIDUKOV_013	mLP12	positive	Tier 2	1	GCF_003668045.3	NW_023276806.1	163338145	163338145	1	point_coordinate	high	GAIDUKOV2018	163338145	H3K9me3	PRJEB9291	broad	2	PRJEB9291:210_hours;PRJEB9291:66_hours	ERR868152;ERR868176	209789.5	0.255402613286	0.0555718418708	4.60411276469	3.0013	0	0	0	0	0	0	0	0	0	0	0	0	0	0	0	0	0	0	0	0	0	0	0	281830.5	281830.5	0	0	0	0	0	0	0	0	0	0	0	0	0	0.0174574962519	0.0126811844078	0.022233808096	0.0095526236882	0.0297107447128	0.0248308369582	0.0345906524674	0.0097598155092	0.0251633319667	0.0226566917331	0.0276699722003	0.0050132804672
CHO_BM_GAIDUKOV_013	mLP12	positive	Tier 2	1	GCF_003668045.3	NW_023276806.1	163338145	163338145	1	point_coordinate	high	GAIDUKOV2018	163338145	H3K9me3	PRJNA865478	broad	2	PRJNA865478:3_days;PRJNA865478:7_days	SRR20770292;SRR20770296	66618.5	0.0948204146285	0.0310435370887	3.04574031411	2.950145	0	0	0	0	0	0	0	0	0	0	0	0	0	0	0	0	0	0	0	0	0	0	0	569411	569411	0	0	0	0	0	0	0	0	0	0.01625	0	0.0325	0.0325	0.0318903298351	0.029543978011	0.0342366816592	0.0046927036482	0.036906980151	0.036801560922	0.03701239938	0.000210838458	0.0332594352057	0.0330284447156	0.0334904256957	0.0004619809801
CHO_BM_GAIDUKOV_014	mLP13	positive	Tier 2	1	GCF_003668045.3	NC_048598.1	113820843	113820843	1	point_coordinate	high	GAIDUKOV2018	113820843	H3K27ac	PRJEB9291	narrow	2	PRJEB9291:210_hours;PRJEB9291:66_hours	ERR868155;ERR868171	73527.5	0.6372173458	0.0358286588685	17.9672664687	7.46883	0	0	0	0	0	0	0	0	0	0	0	0	0	0	0	0	0	0	0	0	0	0	0	85361.5	85361.5	0	0	0	0	0	0	0	0	0	0.022795	0	0.04559	0.04559	0.042324077961	0.0310155422289	0.0536326136932	0.0226170714643	0.0159644657767	0.014970299485	0.0169586320684	0.0019883325834	0.0168669722803	0.014839397706	0.0188945468545	0.0040551491485
CHO_BM_GAIDUKOV_014	mLP13	positive	Tier 2	1	GCF_003668045.3	NC_048598.1	113820843	113820843	1	point_coordinate	high	GAIDUKOV2018	113820843	H3K27ac	PRJNA865478	narrow	2	PRJNA865478:3_days;PRJNA865478:7_days	SRR20770291;SRR20770294	70484.5	0.142828355232	0.016220643061	8.85423438421	5.474695	0	0	0	0	0	0	0	0	0	0	0	0	0	0	0	0	0	0	0	0	0	0	0	287142	287142	0	0	0	0	0	0	0	0	0	0.089775	0.04783	0.13172	0.08389	0.0612443878061	0.0558995302349	0.0665892453773	0.0106897151424	0.0509206562172	0.0503288380581	0.0515124743763	0.0011836363182	0.0465709551405	0.0455239774602	0.0476179328207	0.0020939553605
CHO_BM_GAIDUKOV_014	mLP13	positive	Tier 2	1	GCF_003668045.3	NC_048598.1	113820843	113820843	1	point_coordinate	high	GAIDUKOV2018	113820843	H3K27me3	PRJEB9291	broad	2	PRJEB9291:210_hours;PRJEB9291:66_hours	ERR868154;ERR868172	170259.5	0.197437617458	0.0410249475692	4.82182262168	3.00912	0	0	0	0	0	0	0	0	0	0	0	0	0	0	0	0	2	1	1	1	0	0	0	23424.5	23424.5	0	0	0	0	0	0	4.5	1373	0.0137298627014	0	0	0	0	0.0172877761119	0.0134202898551	0.0211552623688	0.0077349725137	0.0179757717114	0.0175007949603	0.0184507484626	0.0009499535023	0.0480180247198	0.047755502445	0.0482805469945	0.0005250445495
CHO_BM_GAIDUKOV_014	mLP13	positive	Tier 2	1	GCF_003668045.3	NC_048598.1	113820843	113820843	1	point_coordinate	high	GAIDUKOV2018	113820843	H3K36me3	PRJEB9291	broad	2	PRJEB9291:210_hours;PRJEB9291:66_hours	ERR868156;ERR868173	85440.5	0.766289642108	0.0972899913205	7.93989498928	2.9643975	0	0	0	0	0	0	0	0	0	0	0	0	1	0.5	1	0	1	0.5	1	0	0	0	0	84242	84242	0	0	0	0.5	709.5	0.0354732263387	2	1052.5	0.0105248947511	0.10917	0.07807	0.14027	0.0622	0.0538491454273	0.0407688455772	0.0669294452774	0.0261605997002	0.0786470843956	0.0462073961302	0.111086772661	0.0648793765308	0.0408706538434	0.0246505687943	0.0570907388926	0.0324401700983
CHO_BM_GAIDUKOV_014	mLP13	positive	Tier 2	1	GCF_003668045.3	NC_048598.1	113820843	113820843	1	point_coordinate	high	GAIDUKOV2018	113820843	H3K4me1	PRJEB9291	broad	2	PRJEB9291:210_hours;PRJEB9291:66_hours	ERR868153;ERR868174	157261	0.509715267275	0.0752796507415	7.02837309278	3.344165	0	0	0	0	0	0	0	0	1	0.5	1	0	1	0.5	1	0	1	0.5	1	0	0	0	0	35146.5	35146.5	0.5	9	0.00449775112444	0.5	335	0.0167491625419	1.5	538	0.00537994620054	0.016665	0	0.03333	0.03333	0.0548463443279	0.050241954023	0.0594507346327	0.0092087806097	0.0278615109245	0.0213569211539	0.034366100695	0.0130091795411	0.0275777860221	0.0260013218868	0.0291542501575	0.0031529282707
CHO_BM_GAIDUKOV_014	mLP13	positive	Tier 2	1	GCF_003668045.3	NC_048598.1	113820843	113820843	1	point_coordinate	high	GAIDUKOV2018	113820843	H3K4me3	PRJEB9291	narrow	2	PRJEB9291:210_hours;PRJEB9291:66_hours	ERR868151;ERR868175	51792.5	0.794186004887	0.0294624591599	27.0106531031	7.988715	0	0	0	0	0	0	0	0	0	0	0	0	0	0	0	0	0	0	0	0	0	0	0	88890.5	88890.5	0	0	0	0	0	0	0	0	0	0	0	0	0	0.00311413043479	0	0.00622826086957	0.00622826086957	0.0051912279386	0.00503472326384	0.00534773261337	0.00031300934953	0.00791652083479	0.00628313716863	0.00954990450095	0.00326676733232
CHO_BM_GAIDUKOV_014	mLP13	positive	Tier 2	1	GCF_003668045.3	NC_048598.1	113820843	113820843	1	point_coordinate	high	GAIDUKOV2018	113820843	H3K4me3	PRJNA865478	narrow	2	PRJNA865478:3_days;PRJNA865478:7_days	SRR20770293;SRR20770297	59622	0.204286262379	0.0175990693387	11.6527145196	6.2595	0	0	0	0	0	0	0	0	0	0	0	0	0	0	0	0	0	0	0	0	0	0	0	321930	321930	0	0	0	0	0	0	0	0	0	0.025765	0.01999	0.03154	0.01155	0.0374240804598	0.0268231634183	0.0480249975012	0.0212018340829	0.0388982260887	0.0380690515474	0.03972740063	0.0016583490826	0.0422963533365	0.0408913349867	0.0437013716863	0.0028100366996
CHO_BM_GAIDUKOV_014	mLP13	positive	Tier 2	1	GCF_003668045.3	NC_048598.1	113820843	113820843	1	point_coordinate	high	GAIDUKOV2018	113820843	H3K9me3	PRJEB9291	broad	2	PRJEB9291:210_hours;PRJEB9291:66_hours	ERR868152;ERR868176	209789.5	0.255402613286	0.0555718418708	4.60411276469	3.0013	0	0	0	0	0	0	0	0	0	0	0	0	0	0	0	0	1	0.5	1	0	0	0	0	66758.5	66758.5	0	0	0	0	0	0	0.5	83.5	0.000834991650083	0	0	0	0	0.0116013743129	0.00629450274863	0.0169082458771	0.0106137431285	0.0204953239838	0.0185771386431	0.0224135093245	0.0038363706814	0.0379698927511	0.0376463934361	0.0382933920661	0.00064699863
CHO_BM_GAIDUKOV_014	mLP13	positive	Tier 2	1	GCF_003668045.3	NC_048598.1	113820843	113820843	1	point_coordinate	high	GAIDUKOV2018	113820843	H3K9me3	PRJNA865478	broad	2	PRJNA865478:3_days;PRJNA865478:7_days	SRR20770292;SRR20770296	66618.5	0.0948204146285	0.0310435370887	3.04574031411	2.950145	0	0	0	0	0	0	0	0	0	0	0	0	0	0	0	0	0	0	0	0	0	0	0	427776	427776	0	0	0	0	0	0	0	0	0	0.033205	0	0.06641	0.06641	0.030703868066	0.0256946526737	0.0357130834583	0.0100184307846	0.0357638528073	0.0350429978501	0.0364847077646	0.0014417099145	0.0469906505935	0.0462168128319	0.0477644883551	0.0015476755232
CHO_BM_GAIDUKOV_015	mLP14	positive	Tier 2	1	GCF_003668045.3	NC_048597.1	105106891	105106891	1	point_coordinate	high	GAIDUKOV2018	105106891	H3K27ac	PRJEB9291	narrow	2	PRJEB9291:210_hours;PRJEB9291:66_hours	ERR868155;ERR868171	73527.5	0.6372173458	0.0358286588685	17.9672664687	7.46883	1	0.5	1	0	1	0.5	1	0	1	0.5	1	0	1	0.5	1	0	2	1	1	1	0.5	0.5	0.5	8638	8638	0.5	217.5	0.108695652174	0.5	217.5	0.0108744562772	5	4111.5	0.0411145888541	0.282935	0.15555	0.41032	0.25477	0.218331064468	0.209415692154	0.227246436782	0.017830744628	0.104015522224	0.0786981480926	0.129332896355	0.0506347482624	0.119724702953	0.116210654393	0.123238751512	0.007028097119
CHO_BM_GAIDUKOV_015	mLP14	positive	Tier 2	1	GCF_003668045.3	NC_048597.1	105106891	105106891	1	point_coordinate	high	GAIDUKOV2018	105106891	H3K27ac	PRJNA865478	narrow	2	PRJNA865478:3_days;PRJNA865478:7_days	SRR20770291;SRR20770294	70484.5	0.142828355232	0.016220643061	8.85423438421	5.474695	0	0	0	0	0	0	0	0	0	0	0	0	2	1	1	1	2	1	1	1	0	0	0	1440.5	1440.5	0	0	0	7.5	1733	0.0866456677166	33	13829.5	0.138293617064	0.178335	0.11957	0.2371	0.11753	0.158987123938	0.146637106447	0.171337141429	0.024700034982	0.171740069996	0.15190380731	0.191576332683	0.039672525373	0.16623205058	0.154080898091	0.178383203068	0.024302304977
CHO_BM_GAIDUKOV_015	mLP14	positive	Tier 2	1	GCF_003668045.3	NC_048597.1	105106891	105106891	1	point_coordinate	high	GAIDUKOV2018	105106891	H3K27me3	PRJEB9291	broad	2	PRJEB9291:210_hours;PRJEB9291:66_hours	ERR868154;ERR868172	170259.5	0.197437617458	0.0410249475692	4.82182262168	3.00912	0	0	0	0	0	0	0	0	0	0	0	0	0	0	0	0	2	1	1	1	0	0	0	41477.5	41477.5	0	0	0	0	0	0	2.5	918	0.00917990820092	0	0	0	0	0.00760774612693	0.00536811594203	0.00984737631184	0.00447926036981	0.0114576978651	0.0102945852707	0.0126208104595	0.0023262251888	0.0295313358366	0.0270445666543	0.0320181050189	0.0049735383646
CHO_BM_GAIDUKOV_015	mLP14	positive	Tier 2	1	GCF_003668045.3	NC_048597.1	105106891	105106891	1	point_coordinate	high	GAIDUKOV2018	105106891	H3K36me3	PRJEB9291	broad	2	PRJEB9291:210_hours;PRJEB9291:66_hours	ERR868156;ERR868173	85440.5	0.766289642108	0.0972899913205	7.93989498928	2.9643975	2	1	1	1	2	1	1	1	2	1	1	1	2	1	1	1	2	1	1	1	1	1	1	0	0	1	2001	1	1	20001	1	9.5	58173	0.581724182758	0.77609	0.7715	0.78068	0.00918	0.981277508745	0.891622798601	1.07093221889	0.179309420289	1.11661469226	1.023500007	1.20972937753	0.18622937053	0.583063595764	0.54621797272	0.619909218808	0.073691246088
CHO_BM_GAIDUKOV_015	mLP14	positive	Tier 2	1	GCF_003668045.3	NC_048597.1	105106891	105106891	1	point_coordinate	high	GAIDUKOV2018	105106891	H3K4me1	PRJEB9291	broad	2	PRJEB9291:210_hours;PRJEB9291:66_hours	ERR868153;ERR868174	157261	0.509715267275	0.0752796507415	7.02837309278	3.344165	0	0	0	0	0	0	0	0	1	0.5	1	0	2	1	1	1	2	1	1	1	0	0	0	3223	3223	0.5	214.5	0.107196401799	2	1406	0.0702964851757	16	16751	0.167508324917	0.20472	0.19999	0.20945	0.00946	0.171222631185	0.104476911544	0.237968350825	0.133491439281	0.106512420129	0.0953278331083	0.11769700715	0.0223691740417	0.131570252597	0.118540855991	0.144599649204	0.026058793213
CHO_BM_GAIDUKOV_015	mLP14	positive	Tier 2	1	GCF_003668045.3	NC_048597.1	105106891	105106891	1	point_coordinate	high	GAIDUKOV2018	105106891	H3K4me3	PRJEB9291	narrow	2	PRJEB9291:210_hours;PRJEB9291:66_hours	ERR868151;ERR868175	51792.5	0.794186004887	0.0294624591599	27.0106531031	7.988715	0	0	0	0	0	0	0	0	0	0	0	0	0	0	0	0	2	1	1	1	0	0	0	14831.5	14831.5	0	0	0	0	0	0	3.5	6442.5	0.0644243557564	0.071125	0.04675	0.0955	0.04875	0.0171014492754	0.00747626186907	0.0267266366817	0.0192503748126	0.0150059059547	0.0138373081346	0.0161745037748	0.0023371956402	0.172779938251	0.15220102449	0.193358852011	0.041157827521
CHO_BM_GAIDUKOV_015	mLP14	positive	Tier 2	1	GCF_003668045.3	NC_048597.1	105106891	105106891	1	point_coordinate	high	GAIDUKOV2018	105106891	H3K4me3	PRJNA865478	narrow	2	PRJNA865478:3_days;PRJNA865478:7_days	SRR20770293;SRR20770297	59622	0.204286262379	0.0175990693387	11.6527145196	6.2595	0	0	0	0	0	0	0	0	0	0	0	0	0	0	0	0	2	1	1	1	0	0	0	13063	13063	0	0	0	0	0	0	7.5	8892.5	0.0889241107589	0.041535	0.01999	0.06308	0.04309	0.0557893153424	0.0515087306347	0.06006990005	0.0085611694153	0.0680103094846	0.0674413564322	0.0685792625369	0.0011379061047	0.128004632954	0.127593649564	0.128415616344	0.00082196678
CHO_BM_GAIDUKOV_015	mLP14	positive	Tier 2	1	GCF_003668045.3	NC_048597.1	105106891	105106891	1	point_coordinate	high	GAIDUKOV2018	105106891	H3K9me3	PRJEB9291	broad	2	PRJEB9291:210_hours;PRJEB9291:66_hours	ERR868152;ERR868176	209789.5	0.255402613286	0.0555718418708	4.60411276469	3.0013	0	0	0	0	0	0	0	0	0	0	0	0	0	0	0	0	2	1	1	1	0	0	0	30716	30716	0	0	0	0	0	0	2	1086	0.0108598914011	0.020315	0	0.04063	0.04063	0.0118090954523	0.00422706146927	0.0193911294353	0.015164067966	0.0213194585271	0.0168421883906	0.0257967286636	0.008954540273	0.0332251343487	0.0301245678543	0.036325700843	0.0062011329887
CHO_BM_GAIDUKOV_015	mLP14	positive	Tier 2	1	GCF_003668045.3	NC_048597.1	105106891	105106891	1	point_coordinate	high	GAIDUKOV2018	105106891	H3K9me3	PRJNA865478	broad	2	PRJNA865478:3_days;PRJNA865478:7_days	SRR20770292;SRR20770296	66618.5	0.0948204146285	0.0310435370887	3.04574031411	2.950145	0	0	0	0	0	0	0	0	0	0	0	0	0	0	0	0	2	1	1	1	0	0	0	31016	31016	0	0	0	0	0	0	1	494.5	0.00494495055049	0.033205	0	0.06641	0.06641	0.0289993778111	0.0145364817591	0.0434622738631	0.028925792104	0.0270204044798	0.0223426328684	0.0316981760912	0.0093555432228	0.0385735937641	0.0371685783142	0.0399786092139	0.0028100308997
CHO_BM_GAIDUKOV_016	mLP15	positive	Tier 2	1	GCF_003668045.3	NC_048596.1	246185831	246185831	1	point_coordinate	high	GAIDUKOV2018	246185831	H3K27ac	PRJEB9291	narrow	2	PRJEB9291:210_hours;PRJEB9291:66_hours	ERR868155;ERR868171	73527.5	0.6372173458	0.0358286588685	17.9672664687	7.46883	0	0	0	0	0	0	0	0	2	1	1	1	2	1	1	1	2	1	1	1	0	0	0	258.5	258.5	1.5	707	0.353323338331	1.5	1073.5	0.0536723163842	3	2444	0.0244397556024	0.28561	0.18236	0.38886	0.2065	0.598901804098	0.475847556222	0.721956051974	0.246108495752	0.11428220364	0.0960597155142	0.132504691765	0.0364449762508	0.0744916840331	0.0680704581954	0.0809129098709	0.0128424516755
CHO_BM_GAIDUKOV_016	mLP15	positive	Tier 2	1	GCF_003668045.3	NC_048596.1	246185831	246185831	1	point_coordinate	high	GAIDUKOV2018	246185831	H3K27ac	PRJNA865478	narrow	2	PRJNA865478:3_days;PRJNA865478:7_days	SRR20770291;SRR20770294	70484.5	0.142828355232	0.016220643061	8.85423438421	5.474695	0	0	0	0	0	0	0	0	0	0	0	0	0	0	0	0	1	0.5	1	0	0	0	0	61477.5	61477.5	0	0	0	0	0	0	0.5	76	0.000759992400076	0	0	0	0	0.088030942029	0.0795199250375	0.0965419590205	0.017022033983	0.0743349990001	0.0728350787461	0.075834919254	0.0029998405079	0.0669835468145	0.0647830071699	0.0691840864591	0.0044010792892
CHO_BM_GAIDUKOV_016	mLP15	positive	Tier 2	1	GCF_003668045.3	NC_048596.1	246185831	246185831	1	point_coordinate	high	GAIDUKOV2018	246185831	H3K27me3	PRJEB9291	broad	2	PRJEB9291:210_hours;PRJEB9291:66_hours	ERR868154;ERR868172	170259.5	0.197437617458	0.0410249475692	4.82182262168	3.00912	0	0	0	0	0	0	0	0	0	0	0	0	0	0	0	0	2	1	1	1	0	0	0	34857.5	34857.5	0	0	0	0	0	0	5.5	2668	0.0266797332027	0	0	0	0	0.00868745627189	0.00663868065967	0.0107362318841	0.00409755122443	0.0228722871356	0.0202361416929	0.0255084325784	0.0052722908855	0.0618955216948	0.0526550491495	0.0711359942401	0.0184809450906
CHO_BM_GAIDUKOV_016	mLP15	positive	Tier 2	1	GCF_003668045.3	NC_048596.1	246185831	246185831	1	point_coordinate	high	GAIDUKOV2018	246185831	H3K36me3	PRJEB9291	broad	2	PRJEB9291:210_hours;PRJEB9291:66_hours	ERR868156;ERR868173	85440.5	0.766289642108	0.0972899913205	7.93989498928	2.9643975	1	0.5	1	0	1	0.5	1	0	2	1	1	1	2	1	1	1	2	1	1	1	0.5	0.5	0.5	1	1	2	1360.5	0.679910044978	7.5	12026	0.601269936503	8.5	13106.5	0.131063689363	0.239845	0.23421	0.24548	0.01127	0.341228808096	0.309320594703	0.373137021489	0.063816426786	0.343739322784	0.268639137043	0.418839508525	0.150200371482	0.0949012293875	0.075849802002	0.113952656773	0.038102854771
CHO_BM_GAIDUKOV_016	mLP15	positive	Tier 2	1	GCF_003668045.3	NC_048596.1	246185831	246185831	1	point_coordinate	high	GAIDUKOV2018	246185831	H3K4me1	PRJEB9291	broad	2	PRJEB9291:210_hours;PRJEB9291:66_hours	ERR868153;ERR868174	157261	0.509715267275	0.0752796507415	7.02837309278	3.344165	2	1	1	1	2	1	1	1	2	1	1	1	2	1	1	1	2	1	1	1	1	1	1	0	0	1	964	0.48175912044	3	3233.5	0.161666916654	12	9016	0.090159098409	0.376105	0.33332	0.41889	0.08557	0.322636169415	0.293443498251	0.35182884058	0.058385342329	0.142435073997	0.127867082646	0.157003065347	0.029135982701	0.0902293435065	0.0829419800802	0.0975167069329	0.0145747268527
CHO_BM_GAIDUKOV_016	mLP15	positive	Tier 2	1	GCF_003668045.3	NC_048596.1	246185831	246185831	1	point_coordinate	high	GAIDUKOV2018	246185831	H3K4me3	PRJEB9291	narrow	2	PRJEB9291:210_hours;PRJEB9291:66_hours	ERR868151;ERR868175	51792.5	0.794186004887	0.0294624591599	27.0106531031	7.988715	0	0	0	0	0	0	0	0	0	0	0	0	0	0	0	0	2	1	1	1	0	0	0	11125.5	11125.5	0	0	0	0	0	0	1	1785.5	0.0178548214518	0.023875	0	0.04775	0.04775	0.0962348900552	0.0853234132934	0.107146366817	0.0218229535236	0.0275832278386	0.0198163916804	0.0353500639968	0.0155336723164	0.0719197602024	0.063772302077	0.0800672183278	0.0162949162508
CHO_BM_GAIDUKOV_016	mLP15	positive	Tier 2	1	GCF_003668045.3	NC_048596.1	246185831	246185831	1	point_coordinate	high	GAIDUKOV2018	246185831	H3K4me3	PRJNA865478	narrow	2	PRJNA865478:3_days;PRJNA865478:7_days	SRR20770293;SRR20770297	59622	0.204286262379	0.0175990693387	11.6527145196	6.2595	0	0	0	0	0	0	0	0	0	0	0	0	1	0.5	1	0	2	1	1	1	0	0	0	9980.5	9980.5	0	0	0	0.5	101	0.00504974751262	4.5	1785	0.0178498215018	0.025765	0.01999	0.03154	0.01155	0.0602135357321	0.0483391954023	0.072087876062	0.0237486806597	0.0721262676867	0.0713486525674	0.0729038828059	0.0015552302385	0.0709613812861	0.0701275357246	0.0717952268477	0.0016676911231
CHO_BM_GAIDUKOV_016	mLP15	positive	Tier 2	1	GCF_003668045.3	NC_048596.1	246185831	246185831	1	point_coordinate	high	GAIDUKOV2018	246185831	H3K9me3	PRJEB9291	broad	2	PRJEB9291:210_hours;PRJEB9291:66_hours	ERR868152;ERR868176	209789.5	0.255402613286	0.0555718418708	4.60411276469	3.0013	0	0	0	0	0	0	0	0	0	0	0	0	2	1	1	1	2	1	1	1	0	0	0	6919	6919	0	0	0	2	708.5	0.0354232288386	2	708.5	0.00708492915071	0	0	0	0	0.00941495002497	0.00845412293853	0.0103757771114	0.00192165417287	0.0594587858107	0.0461980630968	0.0727195085246	0.0265214454278	0.0379127475225	0.0340699458005	0.0417555492445	0.007685603444
CHO_BM_GAIDUKOV_016	mLP15	positive	Tier 2	1	GCF_003668045.3	NC_048596.1	246185831	246185831	1	point_coordinate	high	GAIDUKOV2018	246185831	H3K9me3	PRJNA865478	broad	2	PRJNA865478:3_days;PRJNA865478:7_days	SRR20770292;SRR20770296	66618.5	0.0948204146285	0.0310435370887	3.04574031411	2.950145	0	0	0	0	0	0	0	0	0	0	0	0	0	0	0	0	0	0	0	0	0	0	0	312804.5	312804.5	0	0	0	0	0	0	0	0	0	0.016605	0	0.03321	0.03321	0.0231285257371	0.0150237381309	0.0312333133433	0.0162095752124	0.0549250937453	0.0508112094395	0.0590389780511	0.0082277686116	0.0496892796072	0.0495899541005	0.0497886051139	0.0001986510134
CHO_BM_GAIDUKOV_017	mLP16	positive	Tier 2	1	GCF_003668045.3	NC_048597.1	175544362	175544362	1	point_coordinate	high	GAIDUKOV2018	175544362	H3K27ac	PRJEB9291	narrow	2	PRJEB9291:210_hours;PRJEB9291:66_hours	ERR868155;ERR868171	73527.5	0.6372173458	0.0358286588685	17.9672664687	7.46883	0	0	0	0	0	0	0	0	0	0	0	0	2	1	1	1	2	1	1	1	0	0	0	5829	5829	0	0	0	3.5	3304.5	0.165216739163	10	7764	0.0776392236078	0.038885	0	0.07777	0.07777	0.0311547226387	0.0251531034483	0.0371563418291	0.0120032383808	0.22909479926	0.201242071396	0.256947527124	0.055705455728	0.125512152728	0.10338203898	0.147642266477	0.044260227497
CHO_BM_GAIDUKOV_017	mLP16	positive	Tier 2	1	GCF_003668045.3	NC_048597.1	175544362	175544362	1	point_coordinate	high	GAIDUKOV2018	175544362	H3K27ac	PRJNA865478	narrow	2	PRJNA865478:3_days;PRJNA865478:7_days	SRR20770291;SRR20770294	70484.5	0.142828355232	0.016220643061	8.85423438421	5.474695	0	0	0	0	0	0	0	0	0	0	0	0	1	0.5	1	0	1	0.5	1	0	0	0	0	42632	42632	0	0	0	1	132.5	0.00662466876656	1	176	0.00175998240018	0.060995	0.02634	0.09565	0.06931	0.0539837806097	0.03673013993	0.0712374212894	0.0345072813594	0.0609668474077	0.0542518584071	0.0676818364082	0.0134299780011	0.0563305497945	0.0531688694113	0.0594922301777	0.0063233607664
CHO_BM_GAIDUKOV_017	mLP16	positive	Tier 2	1	GCF_003668045.3	NC_048597.1	175544362	175544362	1	point_coordinate	high	GAIDUKOV2018	175544362	H3K27me3	PRJEB9291	broad	2	PRJEB9291:210_hours;PRJEB9291:66_hours	ERR868154;ERR868172	170259.5	0.197437617458	0.0410249475692	4.82182262168	3.00912	0	0	0	0	0	0	0	0	0	0	0	0	2	1	1	1	2	1	1	1	0	0	0	7390.5	7390.5	0	0	0	1	393	0.0196490175491	7.5	2561	0.0256097439026	0.02214	0	0.04428	0.04428	0.0209434582709	0.0157526436782	0.0261342728636	0.0103816291854	0.0417892092896	0.0397434103295	0.0438350082496	0.0040915979201	0.0609651755983	0.0533076646234	0.0686226865731	0.0153150219497
CHO_BM_GAIDUKOV_017	mLP16	positive	Tier 2	1	GCF_003668045.3	NC_048597.1	175544362	175544362	1	point_coordinate	high	GAIDUKOV2018	175544362	H3K36me3	PRJEB9291	broad	2	PRJEB9291:210_hours;PRJEB9291:66_hours	ERR868156;ERR868173	85440.5	0.766289642108	0.0972899913205	7.93989498928	2.9643975	1	0.5	1	0	1	0.5	1	0	2	1	1	1	2	1	1	1	2	1	1	1	0.5	0.5	0.5	209	209	1	624	0.311844077961	6.5	2738	0.136893155342	7	2975	0.029749702503	0.25174	0.03507	0.46841	0.43334	0.180269662669	0.1063788006	0.254160524738	0.147781724138	0.117825957202	0.0879133913304	0.147738523074	0.0598251317436	0.0485335899641	0.0400356791432	0.057031500785	0.0169958216418
CHO_BM_GAIDUKOV_017	mLP16	positive	Tier 2	1	GCF_003668045.3	NC_048597.1	175544362	175544362	1	point_coordinate	high	GAIDUKOV2018	175544362	H3K4me1	PRJEB9291	broad	2	PRJEB9291:210_hours;PRJEB9291:66_hours	ERR868153;ERR868174	157261	0.509715267275	0.0752796507415	7.02837309278	3.344165	0	0	0	0	0	0	0	0	0	0	0	0	2	1	1	1	2	1	1	1	0	0	0	2963	2963	0	0	0	3.5	4791.5	0.239563021849	16	17161	0.171608283917	0.03333	0	0.06666	0.06666	0.0431440454772	0.0410297951024	0.0452582958521	0.0042285007497	0.158199129544	0.148850300485	0.167547958602	0.018697658117	0.130789583804	0.112049256907	0.149529910701	0.037480653794
CHO_BM_GAIDUKOV_017	mLP16	positive	Tier 2	1	GCF_003668045.3	NC_048597.1	175544362	175544362	1	point_coordinate	high	GAIDUKOV2018	175544362	H3K4me3	PRJEB9291	narrow	2	PRJEB9291:210_hours;PRJEB9291:66_hours	ERR868151;ERR868175	51792.5	0.794186004887	0.0294624591599	27.0106531031	7.988715	0	0	0	0	0	0	0	0	0	0	0	0	2	1	1	1	2	1	1	1	0	0	0	4759.5	4759.5	0	0	0	2.5	4216.5	0.210814459277	5	6548.5	0.0654843451565	0.023375	0	0.04675	0.04675	0.00938530734631	0.00381809095452	0.0149525237381	0.0111344327836	0.60646501225	0.542229697015	0.670700327484	0.128470630469	0.166239472356	0.147849832002	0.184629112709	0.036779280707
CHO_BM_GAIDUKOV_017	mLP16	positive	Tier 2	1	GCF_003668045.3	NC_048597.1	175544362	175544362	1	point_coordinate	high	GAIDUKOV2018	175544362	H3K4me3	PRJNA865478	narrow	2	PRJNA865478:3_days;PRJNA865478:7_days	SRR20770293;SRR20770297	59622	0.204286262379	0.0175990693387	11.6527145196	6.2595	0	0	0	0	0	0	0	0	0	0	0	0	2	1	1	1	2	1	1	1	0	0	0	6769.5	6769.5	0	0	0	3.5	1622.5	0.0811209439528	4.5	2125	0.0212497875021	0.101505	0.06308	0.13993	0.07685	0.0682737931034	0.0538403348326	0.0827072513743	0.0288669165417	0.106082972601	0.0842050037498	0.127960941453	0.0437559377032	0.0666839461605	0.0562007878921	0.077167104429	0.0209663165369
CHO_BM_GAIDUKOV_017	mLP16	positive	Tier 2	1	GCF_003668045.3	NC_048597.1	175544362	175544362	1	point_coordinate	high	GAIDUKOV2018	175544362	H3K9me3	PRJEB9291	broad	2	PRJEB9291:210_hours;PRJEB9291:66_hours	ERR868152;ERR868176	209789.5	0.255402613286	0.0555718418708	4.60411276469	3.0013	0	0	0	0	0	0	0	0	0	0	0	0	0	0	0	0	2	1	1	1	0	0	0	18881	18881	0	0	0	0	0	0	4.5	1242.5	0.0124248757512	0.020315	0	0.04063	0.04063	0.0268438155922	0.0253623688156	0.0283252623688	0.0029628935532	0.0230711571921	0.0199036418179	0.0262386725664	0.0063350307485	0.0352313550365	0.0336364280357	0.0368262820372	0.0031898540015
CHO_BM_GAIDUKOV_017	mLP16	positive	Tier 2	1	GCF_003668045.3	NC_048597.1	175544362	175544362	1	point_coordinate	high	GAIDUKOV2018	175544362	H3K9me3	PRJNA865478	broad	2	PRJNA865478:3_days;PRJNA865478:7_days	SRR20770292;SRR20770296	66618.5	0.0948204146285	0.0310435370887	3.04574031411	2.950145	0	0	0	0	0	0	0	0	0	0	0	0	0	0	0	0	1	0.5	1	0	0	0	0	91934.5	91934.5	0	0	0	0	0	0	0.5	108.5	0.00108498915011	0.0325	0	0.065	0.065	0.0374821214393	0.0369907296352	0.0379735132434	0.0009827836082	0.041580180491	0.0402622368882	0.0428981240938	0.0026358872056	0.0482191690583	0.0475081274187	0.0489302106979	0.0014220832792
CHO_BM_GAIDUKOV_018	mLP17	positive	Tier 2	1	GCF_003668045.3	NC_048598.1	152539694	152539694	1	point_coordinate	high	GAIDUKOV2018	152539694	H3K27ac	PRJEB9291	narrow	2	PRJEB9291:210_hours;PRJEB9291:66_hours	ERR868155;ERR868171	73527.5	0.6372173458	0.0358286588685	17.9672664687	7.46883	0	0	0	0	0	0	0	0	0	0	0	0	0	0	0	0	0	0	0	0	0	0	0	165085	165085	0	0	0	0	0	0	0	0	0	0.038885	0	0.07777	0.07777	0.0142998750625	0.00353145927036	0.0250682908546	0.0215368315842	0.019412079896	0.0162520223989	0.0225721373931	0.0063201149942	0.020061105139	0.0157580259197	0.0243641843582	0.0086061584385
CHO_BM_GAIDUKOV_018	mLP17	positive	Tier 2	1	GCF_003668045.3	NC_048598.1	152539694	152539694	1	point_coordinate	high	GAIDUKOV2018	152539694	H3K27ac	PRJNA865478	narrow	2	PRJNA865478:3_days;PRJNA865478:7_days	SRR20770291;SRR20770294	70484.5	0.142828355232	0.016220643061	8.85423438421	5.474695	0	0	0	0	0	0	0	0	0	0	0	0	0	0	0	0	0	0	0	0	0	0	0	193744	193744	0	0	0	0	0	0	0	0	0	0.05147	0.02391	0.07903	0.05512	0.0332749575212	0.0221440029985	0.044405912044	0.0222619090455	0.0394226626168	0.0382248632568	0.0406204619769	0.0023955987201	0.0391818875311	0.0378223088769	0.0405414661853	0.0027191573084
CHO_BM_GAIDUKOV_018	mLP17	positive	Tier 2	1	GCF_003668045.3	NC_048598.1	152539694	152539694	1	point_coordinate	high	GAIDUKOV2018	152539694	H3K27me3	PRJEB9291	broad	2	PRJEB9291:210_hours;PRJEB9291:66_hours	ERR868154;ERR868172	170259.5	0.197437617458	0.0410249475692	4.82182262168	3.00912	0	0	0	0	0	0	0	0	0	0	0	0	0	0	0	0	0	0	0	0	0	0	0	385715.5	385715.5	0	0	0	0	0	0	0	0	0	0.02214	0	0.04428	0.04428	0.0296282308846	0.0161050374813	0.0431514242879	0.0270463868066	0.0343825926203	0.030088539073	0.0386766461677	0.0085881070947	0.0358799644004	0.0346961682383	0.0370637605624	0.0023675923241
CHO_BM_GAIDUKOV_018	mLP17	positive	Tier 2	1	GCF_003668045.3	NC_048598.1	152539694	152539694	1	point_coordinate	high	GAIDUKOV2018	152539694	H3K36me3	PRJEB9291	broad	2	PRJEB9291:210_hours;PRJEB9291:66_hours	ERR868156;ERR868173	85440.5	0.766289642108	0.0972899913205	7.93989498928	2.9643975	0	0	0	0	0	0	0	0	0	0	0	0	0	0	0	0	0	0	0	0	0	0	0	633537	633537	0	0	0	0	0	0	0	0	0	0.03507	0	0.07014	0.07014	0.00790426286855	0	0.0158085257371	0.0158085257371	0.010277238888	0.00852793060347	0.0120265471726	0.00349861656913	0.0130276232738	0.0117171234288	0.0143381231188	0.00262099969
CHO_BM_GAIDUKOV_018	mLP17	positive	Tier 2	1	GCF_003668045.3	NC_048598.1	152539694	152539694	1	point_coordinate	high	GAIDUKOV2018	152539694	H3K4me1	PRJEB9291	broad	2	PRJEB9291:210_hours;PRJEB9291:66_hours	ERR868153;ERR868174	157261	0.509715267275	0.0752796507415	7.02837309278	3.344165	0	0	0	0	0	0	0	0	0	0	0	0	0	0	0	0	2	1	1	1	0	0	0	43384.5	43384.5	0	0	0	0	0	0	1	317	0.00316996830032	0	0	0	0	0.00845326086955	0	0.0169065217391	0.0169065217391	0.0220042767862	0.0209432868357	0.0230652667367	0.002121979901	0.0289418436815	0.02501699853	0.0328666888331	0.0078496903031
CHO_BM_GAIDUKOV_018	mLP17	positive	Tier 2	1	GCF_003668045.3	NC_048598.1	152539694	152539694	1	point_coordinate	high	GAIDUKOV2018	152539694	H3K4me3	PRJEB9291	narrow	2	PRJEB9291:210_hours;PRJEB9291:66_hours	ERR868151;ERR868175	51792.5	0.794186004887	0.0294624591599	27.0106531031	7.988715	0	0	0	0	0	0	0	0	0	0	0	0	0	0	0	0	1	0.5	1	0	0	0	0	160900.5	160900.5	0	0	0	0	0	0	0.5	201.5	0.0020149798502	0	0	0	0	0.00751624187906	0.00381809095452	0.0112143928036	0.00739630184908	0.00876573046348	0.00598370081496	0.011547760112	0.00556405929704	0.0116497114529	0.00725554774452	0.0160438751612	0.00878832741668
CHO_BM_GAIDUKOV_018	mLP17	positive	Tier 2	1	GCF_003668045.3	NC_048598.1	152539694	152539694	1	point_coordinate	high	GAIDUKOV2018	152539694	H3K4me3	PRJNA865478	narrow	2	PRJNA865478:3_days;PRJNA865478:7_days	SRR20770293;SRR20770297	59622	0.204286262379	0.0175990693387	11.6527145196	6.2595	0	0	0	0	0	0	0	0	0	0	0	0	0	0	0	0	0	0	0	0	0	0	0	330858	330858	0	0	0	0	0	0	0	0	0	0.0573	0.01999	0.09461	0.07462	0.0336659195402	0.0249650224888	0.0423668165917	0.0174017941029	0.0426673673817	0.0388456242188	0.0464891105445	0.0076434863257	0.0417758918411	0.0390674656253	0.0444843180568	0.0054168524315
CHO_BM_GAIDUKOV_018	mLP17	positive	Tier 2	1	GCF_003668045.3	NC_048598.1	152539694	152539694	1	point_coordinate	high	GAIDUKOV2018	152539694	H3K9me3	PRJEB9291	broad	2	PRJEB9291:210_hours;PRJEB9291:66_hours	ERR868152;ERR868176	209789.5	0.255402613286	0.0555718418708	4.60411276469	3.0013	0	0	0	0	0	0	0	0	0	0	0	0	0	0	0	0	0	0	0	0	0	0	0	101809	101809	0	0	0	0	0	0	0	0	0	0	0	0	0	0.0188047526237	0.0164469265367	0.0211625787106	0.0047156521739	0.0259869236538	0.0241050922454	0.0278687550622	0.0037636628168	0.0314144351556	0.0305493915061	0.0322794788052	0.0017300872991
CHO_BM_GAIDUKOV_018	mLP17	positive	Tier 2	1	GCF_003668045.3	NC_048598.1	152539694	152539694	1	point_coordinate	high	GAIDUKOV2018	152539694	H3K9me3	PRJNA865478	broad	2	PRJNA865478:3_days;PRJNA865478:7_days	SRR20770292;SRR20770296	66618.5	0.0948204146285	0.0310435370887	3.04574031411	2.950145	0	0	0	0	0	0	0	0	0	0	0	0	0	0	0	0	0	0	0	0	0	0	0	177744	177744	0	0	0	0	0	0	0	0	0	0.049105	0.03321	0.065	0.03179	0.0342397001499	0.0268352223888	0.041644177911	0.0148089555222	0.0528820733963	0.0516496675166	0.054114479276	0.0024648117594	0.0528804905951	0.052402800972	0.0533581802182	0.0009553792462
CHO_BM_GAIDUKOV_019	mLP18	positive	Tier 2	1	GCF_003668045.3	NW_023276807.1	150040083	150040083	1	point_coordinate	high	GAIDUKOV2018	150040083	H3K27ac	PRJEB9291	narrow	2	PRJEB9291:210_hours;PRJEB9291:66_hours	ERR868155;ERR868171	73527.5	0.6372173458	0.0358286588685	17.9672664687	7.46883	0	0	0	0	0	0	0	0	0	0	0	0	0	0	0	0	0	0	0	0	0	0	0	418071	418071	0	0	0	0	0	0	0	0	0	0	0	0	0	0.0149319115442	0.00835609695152	0.0215077261369	0.0131516291854	0.0159846330184	0.0152490925454	0.0167201734913	0.0014710809459	0.0158757177928	0.0144154300457	0.0173360055399	0.0029205754942
CHO_BM_GAIDUKOV_019	mLP18	positive	Tier 2	1	GCF_003668045.3	NW_023276807.1	150040083	150040083	1	point_coordinate	high	GAIDUKOV2018	150040083	H3K27ac	PRJNA865478	narrow	2	PRJNA865478:3_days;PRJNA865478:7_days	SRR20770291;SRR20770294	70484.5	0.142828355232	0.016220643061	8.85423438421	5.474695	0	0	0	0	0	0	0	0	0	0	0	0	0	0	0	0	0	0	0	0	0	0	0	951492	951492	0	0	0	0	0	0	0	0	0	0.039515	0	0.07903	0.07903	0.0357842228886	0.0267933733133	0.0447750724638	0.0179816991505	0.0322676153693	0.0285375301235	0.035997700615	0.0074601704915	0.0356191942081	0.0323016130839	0.0389367753322	0.0066351622483
CHO_BM_GAIDUKOV_019	mLP18	positive	Tier 2	1	GCF_003668045.3	NW_023276807.1	150040083	150040083	1	point_coordinate	high	GAIDUKOV2018	150040083	H3K27me3	PRJEB9291	broad	2	PRJEB9291:210_hours;PRJEB9291:66_hours	ERR868154;ERR868172	170259.5	0.197437617458	0.0410249475692	4.82182262168	3.00912	0	0	0	0	0	0	0	0	0	0	0	0	0	0	0	0	0	0	0	0	0	0	0	1477325.5	1477325.5	0	0	0	0	0	0	0	0	0	0.077705	0.04428	0.11113	0.06685	0.045373325837	0.0406729835082	0.0500736681659	0.0094006846577	0.0232616109194	0.02095280036	0.0255704214789	0.0046176211189	0.0257942329577	0.0230945708543	0.028493895061	0.0053993242067
CHO_BM_GAIDUKOV_019	mLP18	positive	Tier 2	1	GCF_003668045.3	NW_023276807.1	150040083	150040083	1	point_coordinate	high	GAIDUKOV2018	150040083	H3K36me3	PRJEB9291	broad	2	PRJEB9291:210_hours;PRJEB9291:66_hours	ERR868156;ERR868173	85440.5	0.766289642108	0.0972899913205	7.93989498928	2.9643975	0	0	0	0	0	0	0	0	0	0	0	0	0	0	0	0	0	0	0	0	0	0	0	1210671	1210671	0	0	0	0	0	0	0	0	0	0	0	0	0	0.0173715267366	0.0162117691154	0.0185312843578	0.0023195152424	0.0087213579321	0.00775358932053	0.00968912654367	0.00193553722314	0.0125271733282	0.0120137913621	0.0130405552944	0.0010267639323
CHO_BM_GAIDUKOV_019	mLP18	positive	Tier 2	1	GCF_003668045.3	NW_023276807.1	150040083	150040083	1	point_coordinate	high	GAIDUKOV2018	150040083	H3K4me1	PRJEB9291	broad	2	PRJEB9291:210_hours;PRJEB9291:66_hours	ERR868153;ERR868174	157261	0.509715267275	0.0752796507415	7.02837309278	3.344165	0	0	0	0	0	0	0	0	0	0	0	0	1	0.5	1	0	2	1	1	1	0	0	0	21787	21787	0	0	0	0.5	90.5	0.00452477376131	1	281.5	0.00281497185028	0.05236	0	0.10472	0.10472	0.024450812094	0.0128426036982	0.0360590204898	0.0232164167916	0.029100320734	0.0205024348783	0.0376982065897	0.0171957717114	0.02635899911	0.0209635518645	0.0317544463555	0.010790894491
CHO_BM_GAIDUKOV_019	mLP18	positive	Tier 2	1	GCF_003668045.3	NW_023276807.1	150040083	150040083	1	point_coordinate	high	GAIDUKOV2018	150040083	H3K4me3	PRJEB9291	narrow	2	PRJEB9291:210_hours;PRJEB9291:66_hours	ERR868151;ERR868175	51792.5	0.794186004887	0.0294624591599	27.0106531031	7.988715	0	0	0	0	0	0	0	0	0	0	0	0	0	0	0	0	2	1	1	1	0	0	0	49356	49356	0	0	0	0	0	0	1	401.5	0.0040149598504	0.023875	0	0.04775	0.04775	0.00946526736633	0.00747626186907	0.0114542728636	0.00397801099453	0.00835158242087	0.00486175691215	0.0118414079296	0.00697965101745	0.0130670270297	0.00845235307647	0.017681700983	0.00922934790653
CHO_BM_GAIDUKOV_019	mLP18	positive	Tier 2	1	GCF_003668045.3	NW_023276807.1	150040083	150040083	1	point_coordinate	high	GAIDUKOV2018	150040083	H3K4me3	PRJNA865478	narrow	2	PRJNA865478:3_days;PRJNA865478:7_days	SRR20770293;SRR20770297	59622	0.204286262379	0.0175990693387	11.6527145196	6.2595	0	0	0	0	0	0	0	0	0	0	0	0	0	0	0	0	0	0	0	0	0	0	0	417859.5	417859.5	0	0	0	0	0	0	0	0	0	0.05153	0.03998	0.06308	0.0231	0.0357791654173	0.0287812043978	0.0427771264368	0.013995922039	0.0347803092345	0.0270091375431	0.042551480926	0.0155423433829	0.0377109150409	0.0331542828572	0.0422675472245	0.0091132643673
CHO_BM_GAIDUKOV_019	mLP18	positive	Tier 2	1	GCF_003668045.3	NW_023276807.1	150040083	150040083	1	point_coordinate	high	GAIDUKOV2018	150040083	H3K9me3	PRJEB9291	broad	2	PRJEB9291:210_hours;PRJEB9291:66_hours	ERR868152;ERR868176	209789.5	0.255402613286	0.0555718418708	4.60411276469	3.0013	0	0	0	0	0	0	0	0	0	0	0	0	0	0	0	0	1	0.5	1	0	0	0	0	46439	46439	0	0	0	0	0	0	0.5	77.5	0.000774992250077	0	0	0	0	0.0248271364318	0.0158377811094	0.0338164917541	0.0179787106447	0.0196342307884	0.0176325383731	0.0216359232038	0.0040033848307	0.0295816426336	0.0280368574314	0.0311264278357	0.0030895704043
CHO_BM_GAIDUKOV_019	mLP18	positive	Tier 2	1	GCF_003668045.3	NW_023276807.1	150040083	150040083	1	point_coordinate	high	GAIDUKOV2018	150040083	H3K9me3	PRJNA865478	broad	2	PRJNA865478:3_days;PRJNA865478:7_days	SRR20770292;SRR20770296	66618.5	0.0948204146285	0.0310435370887	3.04574031411	2.950145	0	0	0	0	0	0	0	0	0	0	0	0	0	0	0	0	0	0	0	0	0	0	0	496523	496523	0	0	0	0	0	0	0	0	0	0.01625	0	0.0325	0.0325	0.0367615267366	0.0325772763618	0.0409457771114	0.0083685007496	0.035763639068	0.0342532668367	0.0372740112994	0.0030207444627	0.0417133602664	0.0414550152498	0.0419717052829	0.0005166900331
CHO_BM_GAIDUKOV_021	sLP20	positive	Tier 2	1	GCF_003668045.3	NC_048601.1	31728512	31728512	1	point_coordinate	high	GAIDUKOV2018	31728512	H3K27ac	PRJEB9291	narrow	2	PRJEB9291:210_hours;PRJEB9291:66_hours	ERR868155;ERR868171	73527.5	0.6372173458	0.0358286588685	17.9672664687	7.46883	2	1	1	1	2	1	1	1	2	1	1	1	2	1	1	1	2	1	1	1	1	1	1	0	0	1	2001	1	8	11042.5	0.55209739513	17.5	17742	0.177418225818	3.82695	2.59868	5.05522	2.45654	3.2261683983	2.22039177411	4.23194502249	2.01155324838	1.50018519124	0.951940321484	2.048430061	1.09648973952	0.479418283568	0.346312828372	0.612523738763	0.266210910391
CHO_BM_GAIDUKOV_021	sLP20	positive	Tier 2	1	GCF_003668045.3	NC_048601.1	31728512	31728512	1	point_coordinate	high	GAIDUKOV2018	31728512	H3K27ac	PRJNA865478	narrow	2	PRJNA865478:3_days;PRJNA865478:7_days	SRR20770291;SRR20770294	70484.5	0.142828355232	0.016220643061	8.85423438421	5.474695	2	1	1	1	2	1	1	1	2	1	1	1	2	1	1	1	2	1	1	1	1	1	1	0	0	1	1552.5	0.775862068966	13.5	9896	0.494775261237	27	16062	0.160618393816	0.756295	0.66958	0.84301	0.17343	0.531413268365	0.522571269365	0.540255267366	0.017683998001	0.335311523674	0.319204561772	0.351418485576	0.032213923804	0.18748595809	0.180367854921	0.194604061259	0.014236206338
CHO_BM_GAIDUKOV_021	sLP20	positive	Tier 2	1	GCF_003668045.3	NC_048601.1	31728512	31728512	1	point_coordinate	high	GAIDUKOV2018	31728512	H3K27me3	PRJEB9291	broad	2	PRJEB9291:210_hours;PRJEB9291:66_hours	ERR868154;ERR868172	170259.5	0.197437617458	0.0410249475692	4.82182262168	3.00912	0	0	0	0	0	0	0	0	0	0	0	0	0	0	0	0	2	1	1	1	0	0	0	46133.5	46133.5	0	0	0	0	0	0	2.5	1142	0.0114198858011	0.02214	0	0.04428	0.04428	0.0206338530735	0.00805217391304	0.0332155322339	0.0251633583209	0.0126588240588	0.00993554522274	0.0153821028949	0.00544655767216	0.0271724926751	0.0247210759892	0.0296239093609	0.0049028333717
CHO_BM_GAIDUKOV_021	sLP20	positive	Tier 2	1	GCF_003668045.3	NC_048601.1	31728512	31728512	1	point_coordinate	high	GAIDUKOV2018	31728512	H3K36me3	PRJEB9291	broad	2	PRJEB9291:210_hours;PRJEB9291:66_hours	ERR868156;ERR868173	85440.5	0.766289642108	0.0972899913205	7.93989498928	2.9643975	0	0	0	0	0	0	0	0	0	0	0	0	2	1	1	1	2	1	1	1	0	0	0	3950.5	3950.5	0	0	0	2	5844	0.29218539073	11.5	43288.5	0.432880671193	0	0	0	0	0.0284316316841	0.0284015892054	0.0284616741629	6.00849575e-05	0.293233183841	0.275237161642	0.31122920604	0.035992044398	0.442154698553	0.437782541075	0.446526856031	0.008744314956
CHO_BM_GAIDUKOV_021	sLP20	positive	Tier 2	1	GCF_003668045.3	NC_048601.1	31728512	31728512	1	point_coordinate	high	GAIDUKOV2018	31728512	H3K4me1	PRJEB9291	broad	2	PRJEB9291:210_hours;PRJEB9291:66_hours	ERR868153;ERR868174	157261	0.509715267275	0.0752796507415	7.02837309278	3.344165	0	0	0	0	0	0	0	0	1	0.5	1	0	2	1	1	1	2	1	1	1	0	0	0	932.5	932.5	0.5	145.5	0.0727136431784	4	8504	0.425178741063	25	33011	0.330106698933	0.08569	0.06666	0.10472	0.03806	0.111039550224	0.108857161419	0.11322193903	0.004364777611	0.282664696515	0.276773929804	0.288555463227	0.011781533423	0.255626195038	0.25155798662	0.259694403456	0.008136416836
CHO_BM_GAIDUKOV_021	sLP20	positive	Tier 2	1	GCF_003668045.3	NC_048601.1	31728512	31728512	1	point_coordinate	high	GAIDUKOV2018	31728512	H3K4me3	PRJEB9291	narrow	2	PRJEB9291:210_hours;PRJEB9291:66_hours	ERR868151;ERR868175	51792.5	0.794186004887	0.0294624591599	27.0106531031	7.988715	2	1	1	1	2	1	1	1	2	1	1	1	2	1	1	1	2	1	1	1	1	1	1	0	0	1	2001	1	3.5	11367.5	0.568346582671	8.5	15981.5	0.159813401866	4.623065	3.9633	5.28283	1.31953	3.3994175987	3.11863371314	3.68020148426	0.56156777112	1.50805061572	1.36015377531	1.65594745613	0.29579368082	0.477037534674	0.440046854931	0.514028214418	0.073981359487
CHO_BM_GAIDUKOV_021	sLP20	positive	Tier 2	1	GCF_003668045.3	NC_048601.1	31728512	31728512	1	point_coordinate	high	GAIDUKOV2018	31728512	H3K4me3	PRJNA865478	narrow	2	PRJNA865478:3_days;PRJNA865478:7_days	SRR20770293;SRR20770297	59622	0.204286262379	0.0175990693387	11.6527145196	6.2595	2	1	1	1	2	1	1	1	2	1	1	1	2	1	1	1	2	1	1	1	1	1	1	0	0	1	1555	0.777111444278	8	13387	0.669316534173	15.5	19277	0.192768072319	0.9344	0.85958	1.00922	0.14964	0.749339392803	0.708048085957	0.79063069965	0.082582613693	0.582808082345	0.543525934203	0.622090230488	0.078564296285	0.232174140009	0.221813533365	0.242534746653	0.020721213288
CHO_BM_GAIDUKOV_021	sLP20	positive	Tier 2	1	GCF_003668045.3	NC_048601.1	31728512	31728512	1	point_coordinate	high	GAIDUKOV2018	31728512	H3K9me3	PRJEB9291	broad	2	PRJEB9291:210_hours;PRJEB9291:66_hours	ERR868152;ERR868176	209789.5	0.255402613286	0.0555718418708	4.60411276469	3.0013	0	0	0	0	0	0	0	0	0	0	0	0	0	0	0	0	0	0	0	0	0	0	0	89968	89968	0	0	0	0	0	0	0	0	0	0.027285	0	0.05457	0.05457	0.0110614692654	0.00944175412294	0.0126811844078	0.00323943028486	0.0150622371381	0.0141690040498	0.0159554702265	0.0017864661767	0.0225435629643	0.022440596694	0.0226465292347	0.0002059325407
CHO_BM_GAIDUKOV_021	sLP20	positive	Tier 2	1	GCF_003668045.3	NC_048601.1	31728512	31728512	1	point_coordinate	high	GAIDUKOV2018	31728512	H3K9me3	PRJNA865478	broad	2	PRJNA865478:3_days;PRJNA865478:7_days	SRR20770292;SRR20770296	66618.5	0.0948204146285	0.0310435370887	3.04574031411	2.950145	0	0	0	0	0	0	0	0	0	0	0	0	0	0	0	0	0	0	0	0	0	0	0	379961.5	379961.5	0	0	0	0	0	0	0	0	0	0.01625	0	0.0325	0.0325	0.0205797976012	0.0143253373313	0.0268342578711	0.0125089205398	0.022715698965	0.0207810859457	0.0246503119844	0.0038692260387	0.0308351257487	0.0295230297697	0.0321472217278	0.0026241919581
CHO_BM_HERTEL_001	Site-A	positive	Tier 2	1	GCF_003668045.3	NC_048603.1	21429466	21429529	64	paired_nick_interval	high	HERTEL2022	21429497	H3K27ac	PRJEB9291	narrow	2	PRJEB9291:210_hours;PRJEB9291:66_hours	ERR868155;ERR868171	73527.5	0.6372173458	0.0358286588685	17.9672664687	7.46883	2	1	1	1	2	1	1	1	2	1	1	1	2	1	1	1	2	1	1	1	1	64	1	0	0	1	2001	1	2	9012.5	0.450602469877	10	23405	0.234047659523	9.97557382815	7.569495	12.3816526563	4.8121576563	6.49484947527	5.148068006	7.84163094453	2.69356293853	2.39682174992	2.06929386031	2.72434963952	0.65505577921	0.91127997545	0.851364468155	0.971195482745	0.11983101459
CHO_BM_HERTEL_001	Site-A	positive	Tier 2	1	GCF_003668045.3	NC_048603.1	21429466	21429529	64	paired_nick_interval	high	HERTEL2022	21429497	H3K27ac	PRJNA865478	narrow	2	PRJNA865478:3_days;PRJNA865478:7_days	SRR20770291;SRR20770294	70484.5	0.142828355232	0.016220643061	8.85423438421	5.474695	2	1	1	1	2	1	1	1	2	1	1	1	2	1	1	1	2	1	1	1	1	64	1	0	0	2	1598	0.79860069965	9	11681	0.58402079896	39	39712.5	0.39712102879	1.05175445313	1.01918125	1.08432765625	0.06514640625	0.977128355824	0.903330044978	1.05092666667	0.147596621692	0.671904124293	0.580093894805	0.763714353782	0.183620458977	0.477682163828	0.42845895841	0.526905369246	0.098446410836
CHO_BM_HERTEL_001	Site-A	positive	Tier 2	1	GCF_003668045.3	NC_048603.1	21429466	21429529	64	paired_nick_interval	high	HERTEL2022	21429497	H3K27me3	PRJEB9291	broad	2	PRJEB9291:210_hours;PRJEB9291:66_hours	ERR868154;ERR868172	170259.5	0.197437617458	0.0410249475692	4.82182262168	3.00912	0	0	0	0	0	0	0	0	0	0	0	0	1	0.5	1	0	2	1	1	1	0	0	0	9888	9857	0	0	0	0.5	175	0.00874956252187	29	14713.5	0.147133528665	0.0443046875	0.014529375	0.07408	0.059550625	0.0412707096452	0.033967916042	0.0485735032484	0.0146055872064	0.07058420104	0.066673240838	0.0744951612419	0.0078219204039	0.157354908901	0.152262742873	0.162447074929	0.010184332056
CHO_BM_HERTEL_001	Site-A	positive	Tier 2	1	GCF_003668045.3	NC_048603.1	21429466	21429529	64	paired_nick_interval	high	HERTEL2022	21429497	H3K36me3	PRJEB9291	broad	2	PRJEB9291:210_hours;PRJEB9291:66_hours	ERR868156;ERR868173	85440.5	0.766289642108	0.0972899913205	7.93989498928	2.9643975	0	0	0	0	0	0	0	0	0	0	0	0	2	1	1	1	2	1	1	1	0	0	0	3234	3203	0	0	0	5.5	7758.5	0.38790560472	13	39713	0.39712602874	0.097991953125	0.08986171875	0.1061221875	0.01626046875	0.0599946501749	0.0535858870565	0.0664034132934	0.0128175262369	0.453996834658	0.289757851107	0.618235818209	0.328477967102	0.521205758193	0.405310894391	0.637100621994	0.231789727603
CHO_BM_HERTEL_001	Site-A	positive	Tier 2	1	GCF_003668045.3	NC_048603.1	21429466	21429529	64	paired_nick_interval	high	HERTEL2022	21429497	H3K4me1	PRJEB9291	broad	2	PRJEB9291:210_hours;PRJEB9291:66_hours	ERR868153;ERR868174	157261	0.509715267275	0.0752796507415	7.02837309278	3.344165	0	0	0	0	0	0	0	0	1	0.5	1	0	2	1	1	1	2	1	1	1	0	0	0	1475	1444	0.5	97.5	0.0487256371814	4.5	8120.5	0.406004699765	14.5	33752	0.337516624834	0.025182265625	0.00818125	0.04218328125	0.03400203125	0.123790894553	0.115853808096	0.131727981009	0.015874172913	0.503289560772	0.456298144093	0.550280977451	0.093982833358	0.438443155769	0.339202406776	0.537683904761	0.198481497985
CHO_BM_HERTEL_001	Site-A	positive	Tier 2	1	GCF_003668045.3	NC_048603.1	21429466	21429529	64	paired_nick_interval	high	HERTEL2022	21429497	H3K4me3	PRJEB9291	narrow	2	PRJEB9291:210_hours;PRJEB9291:66_hours	ERR868151;ERR868175	51792.5	0.794186004887	0.0294624591599	27.0106531031	7.988715	2	1	1	1	2	1	1	1	2	1	1	1	2	1	1	1	2	1	1	1	1	64	1	0	0	1	2001	1	1	8556	0.427778611069	5.5	13484	0.134838651613	10.8732748437	10.7855425	10.9610071875	0.1754646875	8.51722675662	8.38432835582	8.65012515742	0.2657968016	2.73595056122	2.67550161392	2.79639950852	0.1208978946	0.666670841941	0.629201632284	0.704140051599	0.074938419315
CHO_BM_HERTEL_001	Site-A	positive	Tier 2	1	GCF_003668045.3	NC_048603.1	21429466	21429529	64	paired_nick_interval	high	HERTEL2022	21429497	H3K4me3	PRJNA865478	narrow	2	PRJNA865478:3_days;PRJNA865478:7_days	SRR20770293;SRR20770297	59622	0.204286262379	0.0175990693387	11.6527145196	6.2595	2	1	1	1	2	1	1	1	2	1	1	1	2	1	1	1	2	1	1	1	1	64	1	0	0	2	1674.5	0.836831584208	6.5	11489.5	0.574446277686	16.5	19485	0.194848051519	1.52624828125	1.4489746875	1.603521875	0.1545471875	1.43797133684	1.35343948526	1.52250318841	0.16906370315	0.805646811159	0.787991974401	0.823301647918	0.035309673517	0.341200832542	0.318770422196	0.363631242888	0.044860820692
CHO_BM_HERTEL_001	Site-A	positive	Tier 2	1	GCF_003668045.3	NC_048603.1	21429466	21429529	64	paired_nick_interval	high	HERTEL2022	21429497	H3K9me3	PRJEB9291	broad	2	PRJEB9291:210_hours;PRJEB9291:66_hours	ERR868152;ERR868176	209789.5	0.255402613286	0.0555718418708	4.60411276469	3.0013	0	0	0	0	0	0	0	0	0	0	0	0	2	1	1	1	2	1	1	1	0	0	0	3431.5	3400.5	0	0	0	4	3224	0.161191940403	22	12534.5	0.125343746563	0.166674375	0.12189	0.21145875	0.08956875	0.0425966391804	0.0170966816592	0.0680965967016	0.0509999150424	0.17774658592	0.162213258837	0.193279913004	0.031066654167	0.18475695503	0.177625676643	0.191888233418	0.014262556775
CHO_BM_HERTEL_001	Site-A	positive	Tier 2	1	GCF_003668045.3	NC_048603.1	21429466	21429529	64	paired_nick_interval	high	HERTEL2022	21429497	H3K9me3	PRJNA865478	broad	2	PRJNA865478:3_days;PRJNA865478:7_days	SRR20770292;SRR20770296	66618.5	0.0948204146285	0.0310435370887	3.04574031411	2.950145	0	0	0	0	0	0	0	0	0	0	0	0	2	1	1	1	2	1	1	1	0	0	0	3336	3305	0	0	0	3	5363	0.26813659317	10	9560.5	0.0956040439596	0.016509453125	0.00051890625	0.0325	0.03198109375	0.0514184107946	0.0359595202399	0.0668773013493	0.0309177811094	0.185122057647	0.180899112544	0.18934500275	0.008445890206	0.196397648823	0.192662464475	0.200132833172	0.007470368697
CHO_BM_HERTEL_002	Site-B	support_only	Tier 2	1	GCF_003668045.3	NC_048603.1	28646724	28646778	55	paired_nick_interval	high	HERTEL2022	28646751	H3K27ac	PRJEB9291	narrow	2	PRJEB9291:210_hours;PRJEB9291:66_hours	ERR868155;ERR868171	73527.5	0.6372173458	0.0358286588685	17.9672664687	7.46883	2	1	1	1	2	1	1	1	2	1	1	1	2	1	1	1	2	1	1	1	1	55	1	0	0	1	2001	1	4.5	15203	0.7601119944	22	32145.5	0.321451785482	5.05326563637	4.12336418182	5.98316709091	1.85980290909	5.15432413543	4.38243773113	5.92621053973	1.5437728086	3.91027206689	3.74123870056	4.07930543323	0.33806673267	1.24615164048	1.1622902982	1.33001298277	0.16772268457
CHO_BM_HERTEL_002	Site-B	support_only	Tier 2	1	GCF_003668045.3	NC_048603.1	28646724	28646778	55	paired_nick_interval	high	HERTEL2022	28646751	H3K27ac	PRJNA865478	narrow	2	PRJNA865478:3_days;PRJNA865478:7_days	SRR20770291;SRR20770294	70484.5	0.142828355232	0.016220643061	8.85423438421	5.474695	2	1	1	1	2	1	1	1	2	1	1	1	2	1	1	1	2	1	1	1	1	55	1	0	0	1	2001	1	11	16067.5	0.803334833258	43	34739	0.347386526135	1.37335445454	1.32103072727	1.42567818182	0.10464745455	1.42707604198	1.28069003998	1.57346204398	0.292772004	0.90111819559	0.842257109645	0.959979281536	0.117722171891	0.477581325137	0.455255308347	0.499907341927	0.04465203358
CHO_BM_HERTEL_002	Site-B	support_only	Tier 2	1	GCF_003668045.3	NC_048603.1	28646724	28646778	55	paired_nick_interval	high	HERTEL2022	28646751	H3K27me3	PRJEB9291	broad	2	PRJEB9291:210_hours;PRJEB9291:66_hours	ERR868154;ERR868172	170259.5	0.197437617458	0.0410249475692	4.82182262168	3.00912	0	0	0	0	0	0	0	0	0	0	0	0	0	0	0	0	0	0	0	0	0	0	0	97533	97506	0	0	0	0	0	0	0	0	0	0.014836	0.00471418181818	0.0249578181818	0.0202436363636	0.0264261369315	0.0149011494253	0.0379511244378	0.0230499750125	0.0279242247888	0.0246326103695	0.031215839208	0.0065832288385	0.0297027483725	0.0294901850981	0.0299153116469	0.0004251265488
CHO_BM_HERTEL_002	Site-B	support_only	Tier 2	1	GCF_003668045.3	NC_048603.1	28646724	28646778	55	paired_nick_interval	high	HERTEL2022	28646751	H3K36me3	PRJEB9291	broad	2	PRJEB9291:210_hours;PRJEB9291:66_hours	ERR868156;ERR868173	85440.5	0.766289642108	0.0972899913205	7.93989498928	2.9643975	1	0.5	1	0	1	0.5	1	0	2	1	1	1	2	1	1	1	2	1	1	1	0.5	27.5	0.5	217	203.5	1	1114	0.55672163918	4.5	8598	0.429878506075	21.5	63429	0.634283657163	0.596105727273	0.377460545455	0.814750909091	0.437290363636	0.547442643679	0.412947006497	0.68193828086	0.268991274363	0.464011127944	0.347175267737	0.580846988151	0.233671720414	0.935588526766	0.696862833372	1.17431422016	0.477451386788
CHO_BM_HERTEL_002	Site-B	support_only	Tier 2	1	GCF_003668045.3	NC_048603.1	28646724	28646778	55	paired_nick_interval	high	HERTEL2022	28646751	H3K4me1	PRJEB9291	broad	2	PRJEB9291:210_hours;PRJEB9291:66_hours	ERR868153;ERR868174	157261	0.509715267275	0.0752796507415	7.02837309278	3.344165	2	1	1	1	2	1	1	1	2	1	1	1	2	1	1	1	2	1	1	1	1	55	1	0	0	1	1833.5	0.916291854073	4.5	17481.5	0.874031298435	17.5	49950	0.49949500505	1.85223963636	1.48515981818	2.21931945455	0.73415963637	1.72813579211	1.72339756622	1.73287401799	0.00947645177	1.30671664516	1.27619873506	1.33723455527	0.06103582021	0.710862361176	0.605421826782	0.816302895571	0.210881068789
CHO_BM_HERTEL_002	Site-B	support_only	Tier 2	1	GCF_003668045.3	NC_048603.1	28646724	28646778	55	paired_nick_interval	high	HERTEL2022	28646751	H3K4me3	PRJEB9291	narrow	2	PRJEB9291:210_hours;PRJEB9291:66_hours	ERR868151;ERR868175	51792.5	0.794186004887	0.0294624591599	27.0106531031	7.988715	1	0.5	1	0	1	0.5	1	0	2	1	1	1	2	1	1	1	2	1	1	1	0.5	27.5	0.5	19	5.5	1	1482	0.740629685157	3	11105.5	0.555247237638	10.5	16713.5	0.167133328667	1.08997690909	0.40971	1.77024381818	1.36053381818	1.59475756122	0.927982018991	2.26153310345	1.33355108446	1.33595016524	0.92270559272	1.74919473776	0.82648914504	0.391659203408	0.292447262427	0.490871144389	0.198423881962
CHO_BM_HERTEL_002	Site-B	support_only	Tier 2	1	GCF_003668045.3	NC_048603.1	28646724	28646778	55	paired_nick_interval	high	HERTEL2022	28646751	H3K4me3	PRJNA865478	narrow	2	PRJNA865478:3_days;PRJNA865478:7_days	SRR20770293;SRR20770297	59622	0.204286262379	0.0175990693387	11.6527145196	6.2595	2	1	1	1	2	1	1	1	2	1	1	1	2	1	1	1	2	1	1	1	1	55	1	0	0	1.5	1958.5	0.97876061969	10	7774	0.388680565972	16.5	10868.5	0.108683913161	0.695913545455	0.416305090909	0.975522	0.559216909091	0.775646541729	0.625169650175	0.926123433283	0.300953783108	0.425725236989	0.367964848758	0.483485625219	0.115520776461	0.239542254677	0.218894254257	0.260190255097	0.04129600084
CHO_BM_HERTEL_002	Site-B	support_only	Tier 2	1	GCF_003668045.3	NC_048603.1	28646724	28646778	55	paired_nick_interval	high	HERTEL2022	28646751	H3K9me3	PRJEB9291	broad	2	PRJEB9291:210_hours;PRJEB9291:66_hours	ERR868152;ERR868176	209789.5	0.255402613286	0.0555718418708	4.60411276469	3.0013	0	0	0	0	0	0	0	0	0	0	0	0	0	0	0	0	0	0	0	0	0	0	0	64008	63981	0	0	0	0	0	0	0	0	0	0.0233162727272	0	0.0466325454545	0.0466325454545	0.0455904997501	0.0230988455772	0.068082153923	0.0449833083458	0.04275839983	0.0331168771561	0.0523999225039	0.0192830453478	0.0474905862941	0.0412501600984	0.0537310124899	0.0124808523915
CHO_BM_HERTEL_002	Site-B	support_only	Tier 2	1	GCF_003668045.3	NC_048603.1	28646724	28646778	55	paired_nick_interval	high	HERTEL2022	28646751	H3K9me3	PRJNA865478	broad	2	PRJNA865478:3_days;PRJNA865478:7_days	SRR20770292;SRR20770296	66618.5	0.0948204146285	0.0310435370887	3.04574031411	2.950145	0	0	0	0	0	0	0	0	0	0	0	0	0	0	0	0	0	0	0	0	0	0	0	84779	84752	0	0	0	0	0	0	0	0	0	0.123018818182	0.0102649090909	0.235772727273	0.225507818182	0.0553202448776	0.0465825187406	0.0640579710145	0.0174754522739	0.0639517376631	0.0631943357832	0.064709139543	0.0015148037598	0.0814599613004	0.0756725891741	0.0872473334267	0.0115747442526
CHO_BM_HERTEL_003	Site-C	positive	Tier 2	1	GCF_003668045.3	NC_048600.1	91189327	91189365	39	paired_nick_interval	high	HERTEL2022	91189346	H3K27ac	PRJEB9291	narrow	2	PRJEB9291:210_hours;PRJEB9291:66_hours	ERR868155;ERR868171	73527.5	0.6372173458	0.0358286588685	17.9672664687	7.46883	2	1	1	1	2	1	1	1	2	1	1	1	2	1	1	1	2	1	1	1	1	39	1	0	0	1	2001	1	4	10712	0.535573221339	12.5	21239.5	0.212392876071	4.83431384616	3.91145666667	5.75717102564	1.84571435897	4.81727007746	3.41564102449	6.21889913043	2.80325810594	1.98916409255	1.5575879791	2.42074020599	0.86315222689	0.703020076949	0.619783190368	0.78625696353	0.166473773162
CHO_BM_HERTEL_003	Site-C	positive	Tier 2	1	GCF_003668045.3	NC_048600.1	91189327	91189365	39	paired_nick_interval	high	HERTEL2022	91189346	H3K27ac	PRJNA865478	narrow	2	PRJNA865478:3_days;PRJNA865478:7_days	SRR20770291;SRR20770294	70484.5	0.142828355232	0.016220643061	8.85423438421	5.474695	2	1	1	1	2	1	1	1	2	1	1	1	2	1	1	1	2	1	1	1	1	39	1	0	0	1.5	1939	0.969015492254	6.5	11731	0.586520673966	21.5	17713.5	0.177133228668	1.62237641026	1.52727461538	1.71747820513	0.19020358975	1.22584463519	1.21375704648	1.23793222389	0.02417517741	0.6016889943	0.582205416729	0.621172571871	0.038967155142	0.289467887121	0.286117207428	0.292818566814	0.006701359386
CHO_BM_HERTEL_003	Site-C	positive	Tier 2	1	GCF_003668045.3	NC_048600.1	91189327	91189365	39	paired_nick_interval	high	HERTEL2022	91189346	H3K27me3	PRJEB9291	broad	2	PRJEB9291:210_hours;PRJEB9291:66_hours	ERR868154;ERR868172	170259.5	0.197437617458	0.0410249475692	4.82182262168	3.00912	0	0	0	0	0	0	0	0	0	0	0	0	0	0	0	0	2	1	1	1	0	0	0	38831.5	38812.5	0	0	0	0	0	0	5.5	2202.5	0.0220247797522	0.0052235897436	0	0.0104471794872	0.0104471794872	0.0124703373313	0.00331934032984	0.0216213343328	0.018301994003	0.0234361731913	0.0227121723914	0.0241601739913	0.0014480015999	0.0587966551335	0.0496640499595	0.0679292603074	0.0182652103479
CHO_BM_HERTEL_003	Site-C	positive	Tier 2	1	GCF_003668045.3	NC_048600.1	91189327	91189365	39	paired_nick_interval	high	HERTEL2022	91189346	H3K36me3	PRJEB9291	broad	2	PRJEB9291:210_hours;PRJEB9291:66_hours	ERR868156;ERR868173	85440.5	0.766289642108	0.0972899913205	7.93989498928	2.9643975	0	0	0	0	0	0	0	0	0	0	0	0	2	1	1	1	2	1	1	1	0	0	0	3113.5	3094.5	0	0	0	7	4645.5	0.232263386831	17	39523.5	0.39523104769	0.0179846153846	0	0.0359692307692	0.0359692307692	0.0473496076962	0.039949810095	0.0547494052974	0.0147995952024	0.266278757312	0.239363179341	0.293194335283	0.053831155942	0.636463806762	0.558278880111	0.714648733413	0.156369853302
CHO_BM_HERTEL_003	Site-C	positive	Tier 2	1	GCF_003668045.3	NC_048600.1	91189327	91189365	39	paired_nick_interval	high	HERTEL2022	91189346	H3K4me1	PRJEB9291	broad	2	PRJEB9291:210_hours;PRJEB9291:66_hours	ERR868153;ERR868174	157261	0.509715267275	0.0752796507415	7.02837309278	3.344165	2	1	1	1	2	1	1	1	2	1	1	1	2	1	1	1	2	1	1	1	1	39	1	0	0	1.5	1618	0.808595702149	5	13601.5	0.68004099795	19.5	38985.5	0.389851101489	1.21561807692	0.902229230769	1.52900692308	0.626777692311	0.984653913042	0.599605132434	1.36970269365	0.770097561216	0.976787240889	0.844333444328	1.10924103745	0.264907593122	0.488016438386	0.479648087419	0.496384789352	0.016736701933
CHO_BM_HERTEL_003	Site-C	positive	Tier 2	1	GCF_003668045.3	NC_048600.1	91189327	91189365	39	paired_nick_interval	high	HERTEL2022	91189346	H3K4me3	PRJEB9291	narrow	2	PRJEB9291:210_hours;PRJEB9291:66_hours	ERR868151;ERR868175	51792.5	0.794186004887	0.0294624591599	27.0106531031	7.988715	2	1	1	1	2	1	1	1	2	1	1	1	2	1	1	1	2	1	1	1	1	39	1	0	0	1.5	1865	0.932033983008	6.5	7621	0.381030948453	10.5	14055	0.140548594514	2.30166641026	1.78971589744	2.81361692308	1.02390102564	2.39615082458	2.26452523238	2.52777641679	0.26325118441	0.984556124692	0.964489320534	1.00462292885	0.040133608316	0.492564100759	0.49140600144	0.493722200078	0.002316198638
CHO_BM_HERTEL_003	Site-C	positive	Tier 2	1	GCF_003668045.3	NC_048600.1	91189327	91189365	39	paired_nick_interval	high	HERTEL2022	91189346	H3K4me3	PRJNA865478	narrow	2	PRJNA865478:3_days;PRJNA865478:7_days	SRR20770293;SRR20770297	59622	0.204286262379	0.0175990693387	11.6527145196	6.2595	2	1	1	1	2	1	1	1	2	1	1	1	2	1	1	1	2	1	1	1	1	39	1	0	0	2	1684.5	0.841829085457	10.5	6941	0.347032648368	16	12009.5	0.120093799062	0.709341666667	0.707861025641	0.710822307692	0.002961282051	0.61425623938	0.525967591204	0.702544887556	0.176577296352	0.348688173092	0.33339740113	0.363978945053	0.030581543923	0.204517823622	0.198638401116	0.210397246128	0.011758845012
CHO_BM_HERTEL_003	Site-C	positive	Tier 2	1	GCF_003668045.3	NC_048600.1	91189327	91189365	39	paired_nick_interval	high	HERTEL2022	91189346	H3K9me3	PRJEB9291	broad	2	PRJEB9291:210_hours;PRJEB9291:66_hours	ERR868152;ERR868176	209789.5	0.255402613286	0.0555718418708	4.60411276469	3.0013	0	0	0	0	0	0	0	0	0	0	0	0	0	0	0	0	2	1	1	1	0	0	0	10502.5	10483.5	0	0	0	0	0	0	4	2601.5	0.0260147398526	0.0439537179487	0.0333374358974	0.05457	0.0212325641026	0.0174020614693	0.00944175412294	0.0253623688156	0.0159206146927	0.0306022311385	0.0292826083696	0.0319218539073	0.0026392455377	0.0640971845782	0.0587946787532	0.0693996904031	0.0106050116499
CHO_BM_HERTEL_003	Site-C	positive	Tier 2	1	GCF_003668045.3	NC_048600.1	91189327	91189365	39	paired_nick_interval	high	HERTEL2022	91189346	H3K9me3	PRJNA865478	broad	2	PRJNA865478:3_days;PRJNA865478:7_days	SRR20770292;SRR20770296	66618.5	0.0948204146285	0.0310435370887	3.04574031411	2.950145	0	0	0	0	0	0	0	0	0	0	0	0	0	0	0	0	1	0.5	1	0	0	0	0	90412.5	90393.5	0	0	0	0	0	0	0.5	343.5	0.00343496565034	0	0	0	0	0.0172685607197	0.0113530734633	0.023184047976	0.0118309745127	0.0423444080296	0.0396691415429	0.0450196745163	0.0053505329734	0.0619906694433	0.0610581326187	0.0629232062679	0.0018650736492
CHO_BM_ZHAO_001	C12orf35	positive	Tier 2	4	GCF_003668045.3	NC_048601.1	371365	371366	2	interbase_cut_boundary	high	ZHAO2018	371365	H3K27ac	PRJEB9291	narrow	2	PRJEB9291:210_hours;PRJEB9291:66_hours	ERR868155;ERR868171	73527.5	0.6372173458	0.0358286588685	17.9672664687	7.46883	0	0	0	0	0	0	0	0	0	0	0	0	0	0	0	0	2	1	1	1	0	0	0	16651.5	16650.5	0	0	0	0	0	0	4	3092.5	0.0309246907531	0.068385	0	0.13677	0.13677	0.010241231884	0	0.0204824637681	0.0204824637681	0.0258834630769	0.0217360151992	0.0300309109545	0.0082948957553	0.061040300997	0.0458612356876	0.0762193663063	0.0303581306187
CHO_BM_ZHAO_001	C12orf35	positive	Tier 2	4	GCF_003668045.3	NC_048601.1	371365	371366	2	interbase_cut_boundary	high	ZHAO2018	371365	H3K27ac	PRJNA865478	narrow	2	PRJNA865478:3_days;PRJNA865478:7_days	SRR20770291;SRR20770294	70484.5	0.142828355232	0.016220643061	8.85423438421	5.474695	0	0	0	0	0	0	0	0	0	0	0	0	0	0	0	0	2	1	1	1	0	0	0	16580	16579	0	0	0	0	0	0	4.5	1235.5	0.0123548764512	0.039515	0	0.07903	0.07903	0.0584202673664	0.0580199050475	0.0588206296852	0.0008007246377	0.0479910711965	0.0460473546323	0.0499347877606	0.0038874331283	0.0451250716493	0.0448964457355	0.045353697563	0.0004572518275
CHO_BM_ZHAO_001	C12orf35	positive	Tier 2	4	GCF_003668045.3	NC_048601.1	371365	371366	2	interbase_cut_boundary	high	ZHAO2018	371365	H3K27me3	PRJEB9291	broad	2	PRJEB9291:210_hours;PRJEB9291:66_hours	ERR868154;ERR868172	170259.5	0.197437617458	0.0410249475692	4.82182262168	3.00912	0	0	0	0	0	0	0	0	0	0	0	0	0	0	0	0	0	0	0	0	0	0	0	327306	327306	0	0	0	0	0	0	0	0	0	0.05918	0.04428	0.07408	0.0298	0.0288277761119	0.0267981409295	0.0308574112944	0.0040592703649	0.0189995050248	0.0184525813709	0.0195464286786	0.0010938473077	0.0260295791542	0.0238973599264	0.028161798382	0.0042644384556
CHO_BM_ZHAO_001	C12orf35	positive	Tier 2	4	GCF_003668045.3	NC_048601.1	371365	371366	2	interbase_cut_boundary	high	ZHAO2018	371365	H3K36me3	PRJEB9291	broad	2	PRJEB9291:210_hours;PRJEB9291:66_hours	ERR868156;ERR868173	85440.5	0.766289642108	0.0972899913205	7.93989498928	2.9643975	2	1	1	1	2	1	1	1	2	1	1	1	2	1	1	1	2	1	1	1	1	2	1	0	0	1	2001	1	4.5	17562.5	0.878081095945	5.5	23191.5	0.231912680873	1.60311	1.33258	1.87364	0.54106	1.18821551974	1.02049451774	1.35593652174	0.335442004	0.524381323684	0.467960746463	0.580801900905	0.112841154442	0.14184896581	0.125209348807	0.158488582814	0.033279234007
CHO_BM_ZHAO_001	C12orf35	positive	Tier 2	4	GCF_003668045.3	NC_048601.1	371365	371366	2	interbase_cut_boundary	high	ZHAO2018	371365	H3K4me1	PRJEB9291	broad	2	PRJEB9291:210_hours;PRJEB9291:66_hours	ERR868153;ERR868174	157261	0.509715267275	0.0752796507415	7.02837309278	3.344165	0	0	0	0	0	0	0	0	0	0	0	0	2	1	1	1	2	1	1	1	0	0	0	5429.5	5429	0	0	0	1	196.5	0.00982450877456	9	3666	0.0366596334037	0	0	0	0	0.0205759645177	0.0162406746627	0.0249112543728	0.0086705797101	0.0384297245137	0.0299464096795	0.046913039348	0.0169666296685	0.0439822229278	0.0397088756112	0.0482555702443	0.0085466946331
CHO_BM_ZHAO_001	C12orf35	positive	Tier 2	4	GCF_003668045.3	NC_048601.1	371365	371366	2	interbase_cut_boundary	high	ZHAO2018	371365	H3K4me3	PRJEB9291	narrow	2	PRJEB9291:210_hours;PRJEB9291:66_hours	ERR868151;ERR868175	51792.5	0.794186004887	0.0294624591599	27.0106531031	7.988715	0	0	0	0	0	0	0	0	0	0	0	0	0	0	0	0	2	1	1	1	0	0	0	15570	15569	0	0	0	0	0	0	2	2965	0.029649703503	0	0	0	0	0.00759620189906	0.00373813093453	0.0114542728636	0.00771614192907	0.00736463176841	0.00687565621719	0.00785360731963	0.00097795110244	0.0558825019249	0.0555765680343	0.0561884358156	0.0006118677813
CHO_BM_ZHAO_001	C12orf35	positive	Tier 2	4	GCF_003668045.3	NC_048601.1	371365	371366	2	interbase_cut_boundary	high	ZHAO2018	371365	H3K4me3	PRJNA865478	narrow	2	PRJNA865478:3_days;PRJNA865478:7_days	SRR20770293;SRR20770297	59622	0.204286262379	0.0175990693387	11.6527145196	6.2595	0	0	0	0	0	0	0	0	0	0	0	0	0	0	0	0	2	1	1	1	0	0	0	14931.5	14930.5	0	0	0	0	0	0	3.5	2972.5	0.029724702753	0.087285	0.07996	0.09461	0.01465	0.0396729685158	0.0341711344328	0.0451748025987	0.0110036681659	0.0424918954052	0.0400749477526	0.0449088430578	0.0048338953052	0.0467246303037	0.0456308240918	0.0478184365156	0.0021876124238
CHO_BM_ZHAO_001	C12orf35	positive	Tier 2	4	GCF_003668045.3	NC_048601.1	371365	371366	2	interbase_cut_boundary	high	ZHAO2018	371365	H3K9me3	PRJEB9291	broad	2	PRJEB9291:210_hours;PRJEB9291:66_hours	ERR868152;ERR868176	209789.5	0.255402613286	0.0555718418708	4.60411276469	3.0013	1	0.5	1	0	1	0.5	1	0	2	1	1	1	2	1	1	1	2	1	1	1	0.5	1	0.5	142.5	142.5	2	547	0.273363318341	4.5	1477.5	0.0738713064347	5.5	1988	0.019879801202	0.251945	0.12189	0.382	0.26011	0.168885327337	0.167514992504	0.170255662169	0.002740669665	0.0965054884756	0.0962514069297	0.0967595700215	0.0005081630918	0.0456808884911	0.0441522205778	0.0472095564044	0.0030573358266
CHO_BM_ZHAO_001	C12orf35	positive	Tier 2	4	GCF_003668045.3	NC_048601.1	371365	371366	2	interbase_cut_boundary	high	ZHAO2018	371365	H3K9me3	PRJNA865478	broad	2	PRJNA865478:3_days;PRJNA865478:7_days	SRR20770292;SRR20770296	66618.5	0.0948204146285	0.0310435370887	3.04574031411	2.950145	0	0	0	0	0	0	0	0	1	0.5	1	0	1	0.5	1	0	1	0.5	1	0	0	0	0	134419.5	134419.5	0.5	269	0.134432783608	1	741	0.0370481475926	2	1036.5	0.010364896351	0.032855	0.0325	0.03321	0.00071	0.107279812594	0.0876411794103	0.126918445777	0.0392772663667	0.0720993822809	0.0553821058947	0.0888166586671	0.0334345527724	0.03864700363	0.03517699823	0.0421170090299	0.0069400107999
CHO_BM_ZHAO_002	HPRT	support_only	Tier 2	4	GCF_003668045.3	NC_048604.1	17024143	17024144	2	interbase_cut_boundary	high	ZHAO2018	17024143	H3K27ac	PRJEB9291	narrow	2	PRJEB9291:210_hours;PRJEB9291:66_hours	ERR868155;ERR868171	73527.5	0.6372173458	0.0358286588685	17.9672664687	7.46883	0	0	0	0	0	0	0	0	0	0	0	0	2	1	1	1	2	1	1	1	0	0	0	6480.5	6480.5	0	0	0	1	433	0.0216489175541	12	8052.5	0.0805241947581	0	0	0	0	0.0963018265867	0.0672572113943	0.125346441779	0.0580892303847	0.0745472473877	0.0657574126294	0.0833370821459	0.0175796695165	0.139722301327	0.105852300977	0.173592301677	0.0677400007
CHO_BM_ZHAO_002	HPRT	support_only	Tier 2	4	GCF_003668045.3	NC_048604.1	17024143	17024144	2	interbase_cut_boundary	high	ZHAO2018	17024143	H3K27ac	PRJNA865478	narrow	2	PRJNA865478:3_days;PRJNA865478:7_days	SRR20770291;SRR20770294	70484.5	0.142828355232	0.016220643061	8.85423438421	5.474695	0	0	0	0	0	0	0	0	0	0	0	0	1	0.5	1	0	2	1	1	1	0	0	0	13032	13031.5	0	0	0	0.5	107	0.00534973251337	11.5	6609.5	0.0660943390566	0.100515	0.09565	0.10538	0.00973	0.0946313918041	0.0721465117441	0.117116271864	0.0449697601199	0.0714680988451	0.065421740413	0.0775144572771	0.0120927168641	0.0885920771792	0.0808820092799	0.0963021450785	0.0154201357986
CHO_BM_ZHAO_002	HPRT	support_only	Tier 2	4	GCF_003668045.3	NC_048604.1	17024143	17024144	2	interbase_cut_boundary	high	ZHAO2018	17024143	H3K27me3	PRJEB9291	broad	2	PRJEB9291:210_hours;PRJEB9291:66_hours	ERR868154;ERR868172	170259.5	0.197437617458	0.0410249475692	4.82182262168	3.00912	0	0	0	0	0	0	0	0	0	0	0	0	0	0	0	0	0	0	0	0	0	0	0	440704.5	440704.5	0	0	0	0	0	0	0	0	0	0	0	0	0	0.00165967016492	0	0.00331934032984	0.00331934032984	0.00401359932003	0.00265666716664	0.00537053147343	0.00271386430679	0.0095406398436	0.00938405665943	0.00969722302777	0.00031316636834
CHO_BM_ZHAO_002	HPRT	support_only	Tier 2	4	GCF_003668045.3	NC_048604.1	17024143	17024144	2	interbase_cut_boundary	high	ZHAO2018	17024143	H3K36me3	PRJEB9291	broad	2	PRJEB9291:210_hours;PRJEB9291:66_hours	ERR868156;ERR868173	85440.5	0.766289642108	0.0972899913205	7.93989498928	2.9643975	2	1	1	1	2	1	1	1	2	1	1	1	2	1	1	1	2	1	1	1	1	2	1	0	0	1.5	1669.5	0.834332833583	6.5	15698.5	0.784885755712	15	35791	0.357906420936	0.39368	0.15614	0.63122	0.47508	0.35739707896	0.27364906047	0.441145097451	0.167496036981	0.36152360857	0.302699368032	0.420347849108	0.117648481076	0.18899104269	0.163108654813	0.214873430566	0.051764775753
CHO_BM_ZHAO_002	HPRT	support_only	Tier 2	4	GCF_003668045.3	NC_048604.1	17024143	17024144	2	interbase_cut_boundary	high	ZHAO2018	17024143	H3K4me1	PRJEB9291	broad	2	PRJEB9291:210_hours;PRJEB9291:66_hours	ERR868153;ERR868174	157261	0.509715267275	0.0752796507415	7.02837309278	3.344165	0	0	0	0	0	0	0	0	2	1	1	1	2	1	1	1	2	1	1	1	0	0	0	240.5	239.5	1	527.5	0.263618190905	4	2511	0.125543722814	19	14095	0.140948590514	0.066665	0	0.13333	0.13333	0.107464650175	0.0866143228386	0.128314977511	0.0417006546724	0.0947274053797	0.0945130078496	0.0949418029099	0.0004287950603	0.094929596054	0.0895956900431	0.100263502065	0.0106678120219
CHO_BM_ZHAO_002	HPRT	support_only	Tier 2	4	GCF_003668045.3	NC_048604.1	17024143	17024144	2	interbase_cut_boundary	high	ZHAO2018	17024143	H3K4me3	PRJEB9291	narrow	2	PRJEB9291:210_hours;PRJEB9291:66_hours	ERR868151;ERR868175	51792.5	0.794186004887	0.0294624591599	27.0106531031	7.988715	0	0	0	0	0	0	0	0	0	0	0	0	0	0	0	0	2	1	1	1	0	0	0	15313.5	15312.5	0	0	0	0	0	0	3.5	6000.5	0.060004399956	0	0	0	0	0.00788824337832	0.00432221389305	0.0114542728636	0.00713205897055	0.0116842845358	0.00990524223789	0.0134633268337	0.00355808459581	0.101640669443	0.0874895405046	0.115791798382	0.0283022578774
CHO_BM_ZHAO_002	HPRT	support_only	Tier 2	4	GCF_003668045.3	NC_048604.1	17024143	17024144	2	interbase_cut_boundary	high	ZHAO2018	17024143	H3K4me3	PRJNA865478	narrow	2	PRJNA865478:3_days;PRJNA865478:7_days	SRR20770293;SRR20770297	59622	0.204286262379	0.0175990693387	11.6527145196	6.2595	0	0	0	0	0	0	0	0	0	0	0	0	0	0	0	0	2	1	1	1	0	0	0	15675	15674	0	0	0	0	0	0	7	8164.5	0.0816441835582	0.03154	0	0.06308	0.06308	0.0323414517742	0.0252946926537	0.0393882108946	0.0140935182409	0.0278940132993	0.0261396160192	0.0296484105795	0.0035087945603	0.0754122905771	0.0748952301477	0.0759293510065	0.0010341208588
CHO_BM_ZHAO_002	HPRT	support_only	Tier 2	4	GCF_003668045.3	NC_048604.1	17024143	17024144	2	interbase_cut_boundary	high	ZHAO2018	17024143	H3K9me3	PRJEB9291	broad	2	PRJEB9291:210_hours;PRJEB9291:66_hours	ERR868152;ERR868176	209789.5	0.255402613286	0.0555718418708	4.60411276469	3.0013	0	0	0	0	0	0	0	0	0	0	0	0	0	0	0	0	0	0	0	0	0	0	0	206064	206063.5	0	0	0	0	0	0	0	0	0	0	0	0	0	0.0181685907046	0.0174536731634	0.0188835082459	0.0014298350825	0.00995787260636	0.00930371981401	0.0106120253987	0.00130830558469	0.00957496725033	0.00938867461325	0.0097612598874	0.00037258527415
CHO_BM_ZHAO_002	HPRT	support_only	Tier 2	4	GCF_003668045.3	NC_048604.1	17024143	17024144	2	interbase_cut_boundary	high	ZHAO2018	17024143	H3K9me3	PRJNA865478	broad	2	PRJNA865478:3_days;PRJNA865478:7_days	SRR20770292;SRR20770296	66618.5	0.0948204146285	0.0310435370887	3.04574031411	2.950145	0	0	0	0	0	0	0	0	0	0	0	0	0	0	0	0	0	0	0	0	0	0	0	3094090.5	3094089.5	0	0	0	0	0	0	0	0	0	0	0	0	0	0.00589923538231	0.00487943028486	0.00691904047976	0.0020396101949	0.0124507657118	0.011413080846	0.0134884505775	0.0020753697315	0.0154460737892	0.0151786482135	0.015713499365	0.0005348511515
CHO_BM_ZHAO_003	GRIK1	support_only	Tier 2	4	GCF_003668045.3	NC_048597.1	9449577	9449578	2	interbase_cut_boundary	high	ZHAO2018	9449577	H3K27ac	PRJEB9291	narrow	2	PRJEB9291:210_hours;PRJEB9291:66_hours	ERR868155;ERR868171	73527.5	0.6372173458	0.0358286588685	17.9672664687	7.46883	0	0	0	0	0	0	0	0	0	0	0	0	0	0	0	0	1	0.5	1	0	0	0	0	45649.5	45649	0	0	0	0	0	0	0.5	291	0.00290997090029	0	0	0	0	0.0207162043978	0.016712193903	0.0247202148926	0.0080080209896	0.0196185925704	0.01839219989	0.0208449852507	0.0024527853607	0.0234890655093	0.0227403594964	0.0242377715223	0.0014974120259
CHO_BM_ZHAO_003	GRIK1	support_only	Tier 2	4	GCF_003668045.3	NC_048597.1	9449577	9449578	2	interbase_cut_boundary	high	ZHAO2018	9449577	H3K27ac	PRJNA865478	narrow	2	PRJNA865478:3_days;PRJNA865478:7_days	SRR20770291;SRR20770294	70484.5	0.142828355232	0.016220643061	8.85423438421	5.474695	0	0	0	0	0	0	0	0	0	0	0	0	0	0	0	0	0	0	0	0	0	0	0	177268	177267	0	0	0	0	0	0	0	0	0	0.047825	0	0.09565	0.09565	0.0537658045977	0.0487109895052	0.0588206196902	0.010109630185	0.0497581710915	0.0467904044798	0.0527259377031	0.0059355332233	0.0494228135219	0.049407599624	0.0494380274197	3.04277957e-05
CHO_BM_ZHAO_003	GRIK1	support_only	Tier 2	4	GCF_003668045.3	NC_048597.1	9449577	9449578	2	interbase_cut_boundary	high	ZHAO2018	9449577	H3K27me3	PRJEB9291	broad	2	PRJEB9291:210_hours;PRJEB9291:66_hours	ERR868154;ERR868172	170259.5	0.197437617458	0.0410249475692	4.82182262168	3.00912	0	0	0	0	0	0	0	0	0	0	0	0	2	1	1	1	2	1	1	1	0	0	0	9716	9716	0	0	0	1	285	0.0142492875356	6.5	1561	0.0156098439016	0.08494	0.03704	0.13284	0.0958	0.0936555122437	0.0830616091954	0.104249415292	0.0211878060966	0.0912957364632	0.0869735938203	0.095617879106	0.0086442852857	0.0934031603184	0.0914591501085	0.0953471705283	0.0038880204198
CHO_BM_ZHAO_003	GRIK1	support_only	Tier 2	4	GCF_003668045.3	NC_048597.1	9449577	9449578	2	interbase_cut_boundary	high	ZHAO2018	9449577	H3K36me3	PRJEB9291	broad	2	PRJEB9291:210_hours;PRJEB9291:66_hours	ERR868156;ERR868173	85440.5	0.766289642108	0.0972899913205	7.93989498928	2.9643975	0	0	0	0	0	0	0	0	0	0	0	0	0	0	0	0	0	0	0	0	0	0	0	188102	188101	0	0	0	0	0	0	0	0	0	0	0	0	0	0.010190992004	0.00741256871564	0.0129694152924	0.00555684657676	0.0119795332733	0.0100109049548	0.0139481615919	0.0039372566371	0.013134303457	0.0129037191628	0.0133648877511	0.0004611685883
CHO_BM_ZHAO_003	GRIK1	support_only	Tier 2	4	GCF_003668045.3	NC_048597.1	9449577	9449578	2	interbase_cut_boundary	high	ZHAO2018	9449577	H3K4me1	PRJEB9291	broad	2	PRJEB9291:210_hours;PRJEB9291:66_hours	ERR868153;ERR868174	157261	0.509715267275	0.0752796507415	7.02837309278	3.344165	0	0	0	0	0	0	0	0	0	0	0	0	1	0.5	1	0	2	1	1	1	0	0	0	10925	10925	0	0	0	0.5	238.5	0.0119244037798	3	1326	0.0132598674013	0.157085	0	0.31417	0.31417	0.0809977211395	0.0531374462769	0.108857996002	0.0557205497251	0.0636922563872	0.0421551987401	0.0852293140343	0.0430741152942	0.0460307422925	0.0347737491625	0.0572877354226	0.0225139862601
CHO_BM_ZHAO_003	GRIK1	support_only	Tier 2	4	GCF_003668045.3	NC_048597.1	9449577	9449578	2	interbase_cut_boundary	high	ZHAO2018	9449577	H3K4me3	PRJEB9291	narrow	2	PRJEB9291:210_hours;PRJEB9291:66_hours	ERR868151;ERR868175	51792.5	0.794186004887	0.0294624591599	27.0106531031	7.988715	0	0	0	0	0	0	0	0	1	0.5	1	0	1	0.5	1	0	2	1	1	1	0	0	0	8833	8832.5	0.5	202.5	0.1011994003	0.5	202.5	0.0101244937753	1.5	778.5	0.00778492215078	0	0	0	0	0.0806289305348	0.0261669165417	0.135090944528	0.108924027986	0.0253634250788	0.00973286335683	0.0409939868007	0.0312611234439	0.022681195088	0.014436302637	0.0309260875391	0.0164897849021
CHO_BM_ZHAO_003	GRIK1	support_only	Tier 2	4	GCF_003668045.3	NC_048597.1	9449577	9449578	2	interbase_cut_boundary	high	ZHAO2018	9449577	H3K4me3	PRJNA865478	narrow	2	PRJNA865478:3_days;PRJNA865478:7_days	SRR20770293;SRR20770297	59622	0.204286262379	0.0175990693387	11.6527145196	6.2595	0	0	0	0	0	0	0	0	0	0	0	0	0	0	0	0	0	0	0	0	0	0	0	103265.5	103264.5	0	0	0	0	0	0	0	0	0	0.0707425	0.03154	0.109945	0.078405	0.0726104672664	0.0650311644178	0.0801897701149	0.0151586056971	0.0601691855407	0.0592374031298	0.0611009679516	0.0018635648218	0.0553991709083	0.0553737452625	0.055424596554	5.08512915e-05
CHO_BM_ZHAO_003	GRIK1	support_only	Tier 2	4	GCF_003668045.3	NC_048597.1	9449577	9449578	2	interbase_cut_boundary	high	ZHAO2018	9449577	H3K9me3	PRJEB9291	broad	2	PRJEB9291:210_hours;PRJEB9291:66_hours	ERR868152;ERR868176	209789.5	0.255402613286	0.0555718418708	4.60411276469	3.0013	0	0	0	0	0	0	0	0	0	0	0	0	0	0	0	0	0	0	0	0	0	0	0	191747.5	191747	0	0	0	0	0	0	0	0	0	0.020315	0	0.04063	0.04063	0.0464895627186	0.0357365317341	0.0572425937031	0.021506061969	0.0443247057647	0.0391056352182	0.0495437763112	0.010438141093	0.0490142207078	0.0471971630284	0.0508312783872	0.0036341153588
CHO_BM_ZHAO_003	GRIK1	support_only	Tier 2	4	GCF_003668045.3	NC_048597.1	9449577	9449578	2	interbase_cut_boundary	high	ZHAO2018	9449577	H3K9me3	PRJNA865478	broad	2	PRJNA865478:3_days;PRJNA865478:7_days	SRR20770292;SRR20770296	66618.5	0.0948204146285	0.0310435370887	3.04574031411	2.950145	0	0	0	0	0	0	0	0	0	0	0	0	1	0.5	1	0	1	0.5	1	0	0	0	0	56389.5	56389.5	0	0	0	0.5	181	0.00904954752262	1	457.5	0.00457495425046	0.06606	0.0325	0.09962	0.06712	0.089660792104	0.0864230384808	0.0928985457271	0.0064755072463	0.0755721886406	0.0749786260687	0.0761657512124	0.0011871251437	0.0772665214848	0.0752448784512	0.0792881645184	0.0040432860672
