sha256	production_relative_path
d0c748dd8aa061ec6af9579a6681e8f86fe496690ea436db5ec373aa652e78f9	results/chipseq/production/analyses/ERR868151/artifacts/disk_usage.tsv
5e04ab8dde5eb98bf1ffccc61435f6b8d8bb0e1c9e8cb964aa3ebd073cb1e97e	results/chipseq/production/analyses/ERR868151/artifacts/fragment/cross_correlation.pdf
54d6f9d942e8e45870a10e43f3c2408af0d473517dea82e257b227a3898ecfd9	results/chipseq/production/analyses/ERR868151/artifacts/fragment/fragment_estimate.json
43236f2b692a69b25198b5430e9935b8793f2b01eb403ec8b0f367d78fcd05e2	results/chipseq/production/analyses/ERR868151/artifacts/fragment/fragment_size_provenance.json
b2777a2076a1ede352f7d4542fd0d9b5e0380b3a660c7ad0f779c7d6ade7f92b	results/chipseq/production/analyses/ERR868151/artifacts/fragment/phantompeakqualtools.log
4784dff704687256c562139b0cbfe5f65fdb653e8abeb3837277c7b22f7924d6	results/chipseq/production/analyses/ERR868151/artifacts/fragment/phantompeakqualtools.tsv
14e385a68bf3d89dbcefe65e1bd78431d47fe878ec36c9cc3c8d3c3df5f21ccd	results/chipseq/production/analyses/ERR868151/artifacts/frip/input_reads_overlapping_ip_peaks.txt
776abb0aeb03a055d8bba93772f8defb61a4a492cc1bbea664126ba154ba1efa	results/chipseq/production/analyses/ERR868151/artifacts/frip/input_total_reads.txt
faec8fd98a0b6dba24cd0515c174230721a488f18f414a66472d925f92853ecb	results/chipseq/production/analyses/ERR868151/artifacts/frip/ip_reads_in_peaks.txt
0d58204987959c26c70e9e7c75011b8840fcfbc6f360a4af9797b6c13f94a2d6	results/chipseq/production/analyses/ERR868151/artifacts/frip/ip_total_reads.txt
2079a2b1c55b5df270dd8debe02a9316f855bb31ef954eeeaa22d12660503c12	results/chipseq/production/analyses/ERR868151/artifacts/ip_processing_qc/alignment_qc.json
bb2367ac6af946fcf3d3acf40c25b93724c4a8b437b13067371abeb4514fae59	results/chipseq/production/analyses/ERR868151/artifacts/ip_processing_qc/fastp.html
4312ea8b53bb234dd60560b4f73baf4b86c7efc66d1166fafb3c548dc68077c0	results/chipseq/production/analyses/ERR868151/artifacts/ip_processing_qc/fastp.json
8c42de666002a09484140d34e009df477ce9fb4bf2340de8770b84f710d1167b	results/chipseq/production/analyses/ERR868151/artifacts/ip_processing_qc/fastqc/ERR868151_fastqc.html
f25b3de444e8a3c73f6796d29d61b46158cc2b3868dd96b3e32a09bcbdac376c	results/chipseq/production/analyses/ERR868151/artifacts/ip_processing_qc/fastqc/ERR868151_fastqc.zip
67cb196df5de1f93fff90e249341c0641be502294f621c29cc1d624e7505890c	results/chipseq/production/analyses/ERR868151/artifacts/ip_processing_qc/filtered_validation.json
7852e3ca8a789f1507dd0118dba67c5c332dce736adfe4f58e50950b173cf93c	results/chipseq/production/analyses/ERR868151/artifacts/ip_processing_qc/filtering_flow.tsv
d78cb6e5874e0a450d6cf9a886d763c88ad10ab8739b81bf847393b12059e526	results/chipseq/production/analyses/ERR868151/artifacts/ip_processing_qc/filtering_qc.json
445ff21072febaa5f54fb563b4893224b9e4281f5ea070b0ba17cc73d02fd47c	results/chipseq/production/analyses/ERR868151/artifacts/ip_processing_qc/picard.log
26f2a7212fbee21a9e7462a8f971c3eb9d5afb73c92dcf7f8e9c4c8ae90b64ad	results/chipseq/production/analyses/ERR868151/artifacts/ip_processing_qc/picard_metrics.txt
79ff53dafb169a0eb96b65abd4021c6f83673e68cfa280e62a673bc4c1c28b22	results/chipseq/production/analyses/ERR868151/artifacts/macs3.log
e072b382d65526ccf7e7e7d6dd81e65a736d3dd55ac9dc784bdd83569efaba3c	results/chipseq/production/analyses/ERR868151/artifacts/macs3_version.txt
5ba6c77065328d1fd23babae0807a487b53d14ba35d3c7310fb93c50a173e78e	results/chipseq/production/analyses/ERR868151/artifacts/maximum_scratch_usage.tsv
76794ff406794b17cb3a610aeb3adf5f454eca7f06404279e1aefc9d53d728e8	results/chipseq/production/analyses/ERR868151/artifacts/parameters.json
24a431533f9007e5dab8a8169ba2d81b72ef97896779d4491459de5968e70092	results/chipseq/production/analyses/ERR868151/artifacts/peak_qc.json
e45fa24d5f9eb59a7f85a94633116f1dbe035ca5c309d145b98dcfa9a97640ca	results/chipseq/production/analyses/ERR868151/artifacts/peaks/ERR868151_control_lambda.bdg.gz
1d5744718768f4b7b1397825c683734b46ec38c73bdcc430eb624865d05d2b8b	results/chipseq/production/analyses/ERR868151/artifacts/peaks/ERR868151_peaks.narrowPeak
a591a115e0fc8ef84520e5646e093878310d0b4365aa4d0f362e0b77add87106	results/chipseq/production/analyses/ERR868151/artifacts/peaks/ERR868151_peaks.xls
511c9e862fafcf640a96905083a12540d08ea324a2a3a2e9568db551ee19119a	results/chipseq/production/analyses/ERR868151/artifacts/peaks/ERR868151_summits.bed
1fdfd17f9916f4ab15b260b14bcfd03d0cf5b203d82a910fc598a8cfc0fa76cc	results/chipseq/production/analyses/ERR868151/artifacts/peaks/ERR868151_treat_pileup.bdg.gz
87ab01826ab652676783b9014004dd26dab83b17d64b74048eedc7c553f38f61	results/chipseq/production/analyses/ERR868151/artifacts/processing_logs/ERR868151_ip_download.log
b059525f56189d7305b181011ad5b8495087e2575070a45c40025595361fb520	results/chipseq/production/analyses/ERR868151/artifacts/processing_logs/ERR868151_ip_fastp.log
bfe870e2e30f09e60210707ac53316d3e2d85d174786298f1ae082c0ff76f3dc	results/chipseq/production/analyses/ERR868151/artifacts/processing_logs/ERR868151_ip_fastqc.log
01155b713c36f4184a16223048f61404940e871130162d8ef0113fa80e59ac62	results/chipseq/production/analyses/ERR868151/artifacts/processing_logs/control_reuse_validation.json
d697071e5f8248ed9ca6ddc73a0ad6669fab0b941bbbf194e54557072cba0288	results/chipseq/production/analyses/ERR868151/artifacts/processing_logs/environment_creation.log
2b453b38ed75840e8cba4018deff96e2ae40be95ae1758dcede257d06ee2cc71	results/chipseq/production/analyses/ERR868151/artifacts/processing_logs/reference_validation.json
b5727316492f74cb8529b75f41c6baaba307e885d34852a9044bf9ca8cd667fb	results/chipseq/production/analyses/ERR868151/artifacts/processing_logs/source_validation.log
a2b42dfd79fa5ea2091224b93738ee2131fcccdbffe3f5f576836e678c46ebb0	results/chipseq/production/analyses/ERR868151/artifacts/provenance/runtime_manifest.json
9c19107c9c0858e1725cb07a539951cdfbff2266648b38abbb04e41c55570dd0	results/chipseq/production/analyses/ERR868151/artifacts/provenance/source.sha256
978299e08d12d9caed8cde482714ecb1848d41d586d7c70bd481125e6789c56e	results/chipseq/production/analyses/ERR868151/artifacts/provenance/submission_plan.json
66eecba51fb02855666d597e3223ba80a4eb9a59bf94e665d5fd473c19c02e56	results/chipseq/production/analyses/ERR868151/artifacts/provenance.json
81e2c3e5f61e89b2a9712778d33128d12af4435ce7082c99eb48e7f309c41996	results/chipseq/production/analyses/ERR868151/artifacts/scratch_monitor.tsv
eafa342c984ba995da596490ff74dd9dd96ec4d686cc53e79178b02b99b93ea5	results/chipseq/production/analyses/ERR868151/artifacts/signal_compression.json
0577f8bb261a44762497546cb1f7738a91b91633e8a6b48de3eb61dd82e00fcf	results/chipseq/production/analyses/ERR868151/artifacts/software_versions/bedtools.txt
5b1ea24ef3d55ef94d0032fc7b14f50d3815e6c10949c6d6746b68a3496f233a	results/chipseq/production/analyses/ERR868151/artifacts/software_versions/bowtie2.txt
683d2fabd8a5f4a7637f637049f8998f91fc8eca217cef359af3fa7f6661ae98	results/chipseq/production/analyses/ERR868151/artifacts/software_versions/environment_explicit.txt
a8de9d0571711205d415267177699369782156f2436c8cd503c3ddb0fab09a73	results/chipseq/production/analyses/ERR868151/artifacts/software_versions/fastp.txt
d40c090518633f05dd20a4f259c0731c930af95dbff9165aa49e4d78cc10ecac	results/chipseq/production/analyses/ERR868151/artifacts/software_versions/fastqc.txt
e072b382d65526ccf7e7e7d6dd81e65a736d3dd55ac9dc784bdd83569efaba3c	results/chipseq/production/analyses/ERR868151/artifacts/software_versions/macs3.txt
883a9a5630ad235602dcdab81d0c025ce0cb0b3c22ec5db748a65154ffd74c69	results/chipseq/production/analyses/ERR868151/artifacts/software_versions/picard.txt
dcf13eeb5c3ca9c63217c3a4522139fb45382800aa7128b947ab9066c21925d5	results/chipseq/production/analyses/ERR868151/artifacts/software_versions/python.txt
c42a6e957a72dfad707e5f246a258341c532b240f15ac4ae13bc1fa0f43cd8aa	results/chipseq/production/analyses/ERR868151/artifacts/software_versions/samtools.txt
57f315a4e4d22287260bdd8cbd3f8014f0533d6589c039c2ba1351b78d2a75b9	results/chipseq/production/analyses/ERR868152/artifacts/disk_usage.tsv
c0ea4a56f0712a89c8057c291a4826af5a891969c8160863a06a5ccda9fcdaf1	results/chipseq/production/analyses/ERR868152/artifacts/fragment/cross_correlation.pdf
576a12ff43459480db1d4bd419d0e1d4c412aa09ebf1d12b044b28e1f17c2f60	results/chipseq/production/analyses/ERR868152/artifacts/fragment/fragment_estimate.json
dc9c0848a18c720b42121cff095497250f8a680079550612eba9935342e5e498	results/chipseq/production/analyses/ERR868152/artifacts/fragment/fragment_size_provenance.json
00084eb7798e54b0e694f3f14e920fd89d9a9f983dd934ebb16d1c05790e9734	results/chipseq/production/analyses/ERR868152/artifacts/fragment/phantompeakqualtools.log
b51941e6788acaa1b72634584bef51286ca7db4f9e74c1e5f9a566d0946fa106	results/chipseq/production/analyses/ERR868152/artifacts/fragment/phantompeakqualtools.tsv
9c670f447c9fd558016a1d20403f6c2d5edef997cc11a17b07b9d7c8655a0f8f	results/chipseq/production/analyses/ERR868152/artifacts/frip/input_reads_overlapping_ip_peaks.txt
776abb0aeb03a055d8bba93772f8defb61a4a492cc1bbea664126ba154ba1efa	results/chipseq/production/analyses/ERR868152/artifacts/frip/input_total_reads.txt
301a9e04a93bb9438e426135c84f2a287045a07ea96a5eac80b0c8dc893e6272	results/chipseq/production/analyses/ERR868152/artifacts/frip/ip_reads_in_peaks.txt
173f887dce0314e30f76b4f0380667a935474b6bb3185bb13a5dfafa28994624	results/chipseq/production/analyses/ERR868152/artifacts/frip/ip_total_reads.txt
77a182f8815dc4844abbee907528757508005d5edcafe79fb2cb38f414fda3f7	results/chipseq/production/analyses/ERR868152/artifacts/ip_processing_qc/alignment_qc.json
dec6afa6545056ff507fb46d7c0d7ac9d6f45805eaf93cbb6dabc107528ac2e5	results/chipseq/production/analyses/ERR868152/artifacts/ip_processing_qc/fastp.html
57a6e981d3c79045d33375c1c83620ff3babaa704bca44d6b5fac1354a4b96fa	results/chipseq/production/analyses/ERR868152/artifacts/ip_processing_qc/fastp.json
061421855fdaefe71ef7dcab0010dc756e0e234555b5d5a85147a32222f78ba1	results/chipseq/production/analyses/ERR868152/artifacts/ip_processing_qc/fastqc/ERR868152_fastqc.html
a2fe1757fe0a176b74c229bea86e6b20fc871978a363204b2aa9bb2f0d4f418f	results/chipseq/production/analyses/ERR868152/artifacts/ip_processing_qc/fastqc/ERR868152_fastqc.zip
bd0671511cefecd38bb0e49faca139a2c6c9a7239dd1396b83ada329771e1196	results/chipseq/production/analyses/ERR868152/artifacts/ip_processing_qc/filtered_validation.json
0d9b08796659c2fa4ecdbcce41f057370dddd65df0052f02d598988a64d161a6	results/chipseq/production/analyses/ERR868152/artifacts/ip_processing_qc/filtering_flow.tsv
6089c4f858859d716410539d72425c18187d5f7ff30be1ad9c3d5fd3fb5e1628	results/chipseq/production/analyses/ERR868152/artifacts/ip_processing_qc/filtering_qc.json
6eff90ffb7d019d11dee1a082bc7657e3a07912c0a0c82d4121e3d249de31edf	results/chipseq/production/analyses/ERR868152/artifacts/ip_processing_qc/picard.log
faca12b1d39c6b1d5dd33c7eaddb4ba8ac05de57461eb28185369f1c57a3f4bc	results/chipseq/production/analyses/ERR868152/artifacts/ip_processing_qc/picard_metrics.txt
ba7cd2f014a153742e2bc1bd8a0b42686c221717aa6a6e089daf2c2c44646cca	results/chipseq/production/analyses/ERR868152/artifacts/macs3.log
e072b382d65526ccf7e7e7d6dd81e65a736d3dd55ac9dc784bdd83569efaba3c	results/chipseq/production/analyses/ERR868152/artifacts/macs3_version.txt
2ba83b0df6102c769eacf658f95a2422d11157712fcb40d7c7710cb8c120ed9c	results/chipseq/production/analyses/ERR868152/artifacts/maximum_scratch_usage.tsv
5061749beb2addc81eacd0ec4ba428b0eb0bc29051ca1362cb60cc543dfa30b5	results/chipseq/production/analyses/ERR868152/artifacts/parameters.json
c210c428b0720fbd47db8426df9473e785e0cd759248dd674c43527e0078293c	results/chipseq/production/analyses/ERR868152/artifacts/peak_qc.json
9bdc4c382c5809dea2e71351efdf493ef3bfd95da02e0807f40133513182ca79	results/chipseq/production/analyses/ERR868152/artifacts/peaks/ERR868152_control_lambda.bdg.gz
b8ead5c178d6ca4f43acd637e13629a32dd4283311c104675302a389bfb05578	results/chipseq/production/analyses/ERR868152/artifacts/peaks/ERR868152_peaks.broadPeak
f0b212acf87bf8b6393195bb0df3c679316808a34953eb78dc34472c34875351	results/chipseq/production/analyses/ERR868152/artifacts/peaks/ERR868152_peaks.gappedPeak
20b35c5f1d3c7261af8f19b191f1df02c2b397ac06dc812348ece11adcc28d0d	results/chipseq/production/analyses/ERR868152/artifacts/peaks/ERR868152_peaks.xls
fbaa0ee37e0a87f34373adb16dc9f0ca8dde949b3717b8f3dfc2193858bd242a	results/chipseq/production/analyses/ERR868152/artifacts/peaks/ERR868152_treat_pileup.bdg.gz
3f20aa95ff41b58edd986ddda565dbf88bf4241d4dd837772a5ed9a1ab545e94	results/chipseq/production/analyses/ERR868152/artifacts/processing_logs/ERR868152_ip_download.log
1527416a2970011110f42333d7c91189207756c81333810c3412c7df4a3e776c	results/chipseq/production/analyses/ERR868152/artifacts/processing_logs/ERR868152_ip_fastp.log
d749f36691925ab9f7c7fd2f9eaf2a9800510577db463e392fc4bec5fcecfad6	results/chipseq/production/analyses/ERR868152/artifacts/processing_logs/ERR868152_ip_fastqc.log
01155b713c36f4184a16223048f61404940e871130162d8ef0113fa80e59ac62	results/chipseq/production/analyses/ERR868152/artifacts/processing_logs/control_reuse_validation.json
55792a8bc0ef735884014056b04216b99d5853ebc712abc2c94791ad6d4b66dc	results/chipseq/production/analyses/ERR868152/artifacts/processing_logs/environment_creation.log
2b453b38ed75840e8cba4018deff96e2ae40be95ae1758dcede257d06ee2cc71	results/chipseq/production/analyses/ERR868152/artifacts/processing_logs/reference_validation.json
b5727316492f74cb8529b75f41c6baaba307e885d34852a9044bf9ca8cd667fb	results/chipseq/production/analyses/ERR868152/artifacts/processing_logs/source_validation.log
543bac2cc3cfba3b840cf19434cd0eccf74c9329751ce0422421ca4aa420f4f5	results/chipseq/production/analyses/ERR868152/artifacts/provenance/runtime_manifest.json
9c19107c9c0858e1725cb07a539951cdfbff2266648b38abbb04e41c55570dd0	results/chipseq/production/analyses/ERR868152/artifacts/provenance/source.sha256
2a119cb4bb988f140d765eced1ff005379293723ecfec89028f046457992e22a	results/chipseq/production/analyses/ERR868152/artifacts/provenance/submission_plan.json
f7cb6d2f7d7e5615529861059bbc193e7497a3d3c875d4fb54557928d91a87c0	results/chipseq/production/analyses/ERR868152/artifacts/provenance.json
0719b9dfd0ec291fac28102801fbfe6a01ab32edb9a724b45138c5127d7b4f9a	results/chipseq/production/analyses/ERR868152/artifacts/scratch_monitor.tsv
fbf81da2eef1ff0f10bb3d3627f48035a7373f56b50eac3e4c80ea1f5e3cd915	results/chipseq/production/analyses/ERR868152/artifacts/signal_compression.json
0577f8bb261a44762497546cb1f7738a91b91633e8a6b48de3eb61dd82e00fcf	results/chipseq/production/analyses/ERR868152/artifacts/software_versions/bedtools.txt
2c8595cef242399001a888d72621b650fd491d62733a14476a493216f02882e2	results/chipseq/production/analyses/ERR868152/artifacts/software_versions/bowtie2.txt
683d2fabd8a5f4a7637f637049f8998f91fc8eca217cef359af3fa7f6661ae98	results/chipseq/production/analyses/ERR868152/artifacts/software_versions/environment_explicit.txt
a8de9d0571711205d415267177699369782156f2436c8cd503c3ddb0fab09a73	results/chipseq/production/analyses/ERR868152/artifacts/software_versions/fastp.txt
6ff38270cf8f82579dd9753022df3ec6dcae20002417b80e9de3664d412de2ea	results/chipseq/production/analyses/ERR868152/artifacts/software_versions/fastqc.txt
e072b382d65526ccf7e7e7d6dd81e65a736d3dd55ac9dc784bdd83569efaba3c	results/chipseq/production/analyses/ERR868152/artifacts/software_versions/macs3.txt
883a9a5630ad235602dcdab81d0c025ce0cb0b3c22ec5db748a65154ffd74c69	results/chipseq/production/analyses/ERR868152/artifacts/software_versions/picard.txt
dcf13eeb5c3ca9c63217c3a4522139fb45382800aa7128b947ab9066c21925d5	results/chipseq/production/analyses/ERR868152/artifacts/software_versions/python.txt
4d11fbc5b29fca717583a69cf90cdc74e168b153209493545b848381c958d315	results/chipseq/production/analyses/ERR868152/artifacts/software_versions/samtools.txt
16e2e3ac8e31ab33664f383c74462987e4697fae983e22a27032f6992fc0a802	results/chipseq/production/analyses/ERR868153/artifacts/disk_usage.tsv
5ba7c0a8b3ca355e48abf43a51c8634a5d8c1d96e99c0954543160855d730655	results/chipseq/production/analyses/ERR868153/artifacts/fragment/cross_correlation.pdf
4a3f5d423aeef84147face4031deff87bcb2eab5bc3e726f652107db213eb940	results/chipseq/production/analyses/ERR868153/artifacts/fragment/fragment_estimate.json
9bb58403949f4d25628dfe64f433cfff582228fe6a3012588f000d89d2ecaa1e	results/chipseq/production/analyses/ERR868153/artifacts/fragment/fragment_size_provenance.json
1a7ea49884c6a6e17278b73f2a4e285fe5109c362fe1396f2114885d5ff5e5a2	results/chipseq/production/analyses/ERR868153/artifacts/fragment/phantompeakqualtools.log
51359cde570b5e76864d65ef47fb03bc13637ad97d59ef453d5867d8a6c3cd1b	results/chipseq/production/analyses/ERR868153/artifacts/fragment/phantompeakqualtools.tsv
8172cce17c0c22eb43336df7c0c99f6f77512f9618e028ad0615d47a7027fd24	results/chipseq/production/analyses/ERR868153/artifacts/frip/input_reads_overlapping_ip_peaks.txt
776abb0aeb03a055d8bba93772f8defb61a4a492cc1bbea664126ba154ba1efa	results/chipseq/production/analyses/ERR868153/artifacts/frip/input_total_reads.txt
60a97851c135666e9f80fb024d060a28903afe0139b49b527128f5c5f219d783	results/chipseq/production/analyses/ERR868153/artifacts/frip/ip_reads_in_peaks.txt
29c7f98835aa7a6fc98deec47ea382d9b6b9e525b561e5f05512bc1e888f7315	results/chipseq/production/analyses/ERR868153/artifacts/frip/ip_total_reads.txt
06eb02e9a19eed43901982720c6c19f81d3805a6a3922c8493fc1419945c29a2	results/chipseq/production/analyses/ERR868153/artifacts/ip_processing_qc/alignment_qc.json
b119436fe021b2950b5af311ff30dfe78a1ebaaaca468729dc5b9c533bf20708	results/chipseq/production/analyses/ERR868153/artifacts/ip_processing_qc/fastp.html
a19351ee0ced00885369825702f540ceaebb3f0bf763784d9ccc0ee7618488be	results/chipseq/production/analyses/ERR868153/artifacts/ip_processing_qc/fastp.json
f826a8ab3628b99a2f8e251e6278ad3283545df4ec48ea983372006fda45a3c4	results/chipseq/production/analyses/ERR868153/artifacts/ip_processing_qc/fastqc/ERR868153_fastqc.html
03e5dfba7b63ca17d57d155384067fcbea2ae5110f5f87837f1ad245b7d1d603	results/chipseq/production/analyses/ERR868153/artifacts/ip_processing_qc/fastqc/ERR868153_fastqc.zip
5b599382e332a5be1e29afc0ee21dcd1ccd2c816c36f37eb78ba5d67451651c5	results/chipseq/production/analyses/ERR868153/artifacts/ip_processing_qc/filtered_validation.json
b289bf1d12dd3a861e494422e957fd3fe02d96a78702281c91cacd474c54790e	results/chipseq/production/analyses/ERR868153/artifacts/ip_processing_qc/filtering_flow.tsv
fa81a65ec65da126c74fcc4c5a0ec00c9ddb489ec97fa36f811e24a63afa4212	results/chipseq/production/analyses/ERR868153/artifacts/ip_processing_qc/filtering_qc.json
064b13713f74b3de242ac1585392168ee81dc1845077b7adaccce877b9f5a4e5	results/chipseq/production/analyses/ERR868153/artifacts/ip_processing_qc/picard.log
3b5623bd68260409903da3c6680117d94bc457d20a58bf4d7e0da5528007be48	results/chipseq/production/analyses/ERR868153/artifacts/ip_processing_qc/picard_metrics.txt
78c38ca1a4aaedec4efb0f72fd300824969c1d03b7b5b005dcc65b3ab6a807bd	results/chipseq/production/analyses/ERR868153/artifacts/macs3.log
e072b382d65526ccf7e7e7d6dd81e65a736d3dd55ac9dc784bdd83569efaba3c	results/chipseq/production/analyses/ERR868153/artifacts/macs3_version.txt
091350548af5fb9dcd8a8a49c7ac342aff0c70c37d989e19fb4822048b3c2524	results/chipseq/production/analyses/ERR868153/artifacts/maximum_scratch_usage.tsv
ed098b867d0d94cdcffbd248ae75aa5e37e3bd86c87508822c9e741acd0f3773	results/chipseq/production/analyses/ERR868153/artifacts/parameters.json
43f9b4935c520619672b513bf031f8d2a3c38b6514720f9bddb3c3fc03b7d431	results/chipseq/production/analyses/ERR868153/artifacts/peak_qc.json
3546ad23031380119051abfa6d55087fa9a5096dafec2d8e8b9d7400035ef830	results/chipseq/production/analyses/ERR868153/artifacts/peaks/ERR868153_control_lambda.bdg.gz
89080f6210958fea90b25fdda52dc3b0a7f154d11212022a1d5e3b9f72e1cfcc	results/chipseq/production/analyses/ERR868153/artifacts/peaks/ERR868153_peaks.broadPeak
bb4e89b783472bf9de30d1b9edcdde05bc7f3685a8321b3e4b8d1dd8055cfdee	results/chipseq/production/analyses/ERR868153/artifacts/peaks/ERR868153_peaks.gappedPeak
ffecd39b1ef13624c8aa0b2168452a21cc1148570730f1b0511f4133aaf5dee6	results/chipseq/production/analyses/ERR868153/artifacts/peaks/ERR868153_peaks.xls
77a400b5d7856d9a1e0afd2dfb74952e43d5f3317a1be5b562255fd156efd53c	results/chipseq/production/analyses/ERR868153/artifacts/peaks/ERR868153_treat_pileup.bdg.gz
176d6f3f8e6a919834d61b0ac95f88ae6660b4adba60697671bbba3a6413c6a1	results/chipseq/production/analyses/ERR868153/artifacts/processing_logs/ERR868153_ip_download.log
7d2e4ffad7ace60dc924cef8785bfb4c85d7436ac8070bed3063c691351fe2ab	results/chipseq/production/analyses/ERR868153/artifacts/processing_logs/ERR868153_ip_fastp.log
4f132f02992dc7ba571cde7ff297c8621a543455c9b5f2d897da09f84779b963	results/chipseq/production/analyses/ERR868153/artifacts/processing_logs/ERR868153_ip_fastqc.log
01155b713c36f4184a16223048f61404940e871130162d8ef0113fa80e59ac62	results/chipseq/production/analyses/ERR868153/artifacts/processing_logs/control_reuse_validation.json
02d30417f6e226ea2761933a027a837de5457ff0c5216a81060de5f9a5d87277	results/chipseq/production/analyses/ERR868153/artifacts/processing_logs/environment_creation.log
2b453b38ed75840e8cba4018deff96e2ae40be95ae1758dcede257d06ee2cc71	results/chipseq/production/analyses/ERR868153/artifacts/processing_logs/reference_validation.json
b5727316492f74cb8529b75f41c6baaba307e885d34852a9044bf9ca8cd667fb	results/chipseq/production/analyses/ERR868153/artifacts/processing_logs/source_validation.log
dd38f269409df9fb7b8acf7a439e96b571587c3161ed3cbac05adc5b1b20a7c8	results/chipseq/production/analyses/ERR868153/artifacts/provenance/runtime_manifest.json
9c19107c9c0858e1725cb07a539951cdfbff2266648b38abbb04e41c55570dd0	results/chipseq/production/analyses/ERR868153/artifacts/provenance/source.sha256
9f68fef567fcde75ab9bc106a6b089bf187f94035f6cfc084e28978beefabc0e	results/chipseq/production/analyses/ERR868153/artifacts/provenance/submission_plan.json
55d52b6b97eb99cf2b8fa5a0d59c355c64cf21695ae55e8510c5ea6fd2e29d46	results/chipseq/production/analyses/ERR868153/artifacts/provenance.json
ef23edbc114a9403a4f326dd38e958c60d0685e0a403933e7673c72a16738bae	results/chipseq/production/analyses/ERR868153/artifacts/scratch_monitor.tsv
294e7d1d88e50fd03aea266b623d119278d488e042afa83503a60b55c84fdd1e	results/chipseq/production/analyses/ERR868153/artifacts/signal_compression.json
0577f8bb261a44762497546cb1f7738a91b91633e8a6b48de3eb61dd82e00fcf	results/chipseq/production/analyses/ERR868153/artifacts/software_versions/bedtools.txt
04cc0338256bbbc878f98459b6c10cddbe5713828cb317b266665084481a0a2d	results/chipseq/production/analyses/ERR868153/artifacts/software_versions/bowtie2.txt
683d2fabd8a5f4a7637f637049f8998f91fc8eca217cef359af3fa7f6661ae98	results/chipseq/production/analyses/ERR868153/artifacts/software_versions/environment_explicit.txt
a8de9d0571711205d415267177699369782156f2436c8cd503c3ddb0fab09a73	results/chipseq/production/analyses/ERR868153/artifacts/software_versions/fastp.txt
eada0b069a21a36be6e13e4af4fce1494fd240c258149ca9ab4aac2009eea466	results/chipseq/production/analyses/ERR868153/artifacts/software_versions/fastqc.txt
e072b382d65526ccf7e7e7d6dd81e65a736d3dd55ac9dc784bdd83569efaba3c	results/chipseq/production/analyses/ERR868153/artifacts/software_versions/macs3.txt
883a9a5630ad235602dcdab81d0c025ce0cb0b3c22ec5db748a65154ffd74c69	results/chipseq/production/analyses/ERR868153/artifacts/software_versions/picard.txt
dcf13eeb5c3ca9c63217c3a4522139fb45382800aa7128b947ab9066c21925d5	results/chipseq/production/analyses/ERR868153/artifacts/software_versions/python.txt
2c878ec3764215f4691dda27dafe2e03950a3a06e9e593827fb9a93871018c68	results/chipseq/production/analyses/ERR868153/artifacts/software_versions/samtools.txt
ff1b67e625a3cbb423ff0c7f551ca111e5f850b6b9164739ea635da03e12f87d	results/chipseq/production/analyses/ERR868154/artifacts/disk_usage.tsv
3014656eb306dec79442214cf9899f7568a7625f0f472a68f3f30fc1d97d50a5	results/chipseq/production/analyses/ERR868154/artifacts/fragment/cross_correlation.pdf
c654888797075a4642950ca6b3d078bbc7f8e164e5f5349032c7eeb5b7166acf	results/chipseq/production/analyses/ERR868154/artifacts/fragment/fragment_estimate.json
ff913593bcc8c9c2c619f05b3dd98abc443b8df9e0f1ab03623728eff8474a92	results/chipseq/production/analyses/ERR868154/artifacts/fragment/fragment_size_provenance.json
845f8dadb83a3ddb9c307482d1f07fa0c942c4bb1f2dc5276ed0eedd1fcee7fa	results/chipseq/production/analyses/ERR868154/artifacts/fragment/phantompeakqualtools.log
fe4d8b1eab4e9cdab7840c8f1042e84f9e8361185a08f0f1ae31a73df4ed6c5d	results/chipseq/production/analyses/ERR868154/artifacts/fragment/phantompeakqualtools.tsv
ccf4c62b0babab157e9dc5d36fa49e202c99418be12a84e8a991455124550c9b	results/chipseq/production/analyses/ERR868154/artifacts/frip/input_reads_overlapping_ip_peaks.txt
776abb0aeb03a055d8bba93772f8defb61a4a492cc1bbea664126ba154ba1efa	results/chipseq/production/analyses/ERR868154/artifacts/frip/input_total_reads.txt
b1252aa5ba03379ba63de9ceba4ed8f07fe1756cf404b1791fd410ad048a4db5	results/chipseq/production/analyses/ERR868154/artifacts/frip/ip_reads_in_peaks.txt
412dce2493dd455d133be6556bc140e9a04aa95a251b64225d0fa5068285f9ca	results/chipseq/production/analyses/ERR868154/artifacts/frip/ip_total_reads.txt
841a6c77a2f1f851fde73386b7aa1b3f3722258d014577a602578a1e17356498	results/chipseq/production/analyses/ERR868154/artifacts/ip_processing_qc/alignment_qc.json
70eec54d86b43930468cb44bacdfee5de42646c3bee0b710f0dfd922f8257859	results/chipseq/production/analyses/ERR868154/artifacts/ip_processing_qc/fastp.html
38bd1339397c368ec97fe6b893ae5db6104eed2006cfff826e74effd33d181d0	results/chipseq/production/analyses/ERR868154/artifacts/ip_processing_qc/fastp.json
4ce6ae7fb143083bfcb7dd400cdce19525228f898043c51d5c6d353170589df1	results/chipseq/production/analyses/ERR868154/artifacts/ip_processing_qc/fastqc/ERR868154_fastqc.html
5adde4d11831e569820872a21b6a9bf5daa72f3ff06e4128709ff2eebf280e76	results/chipseq/production/analyses/ERR868154/artifacts/ip_processing_qc/fastqc/ERR868154_fastqc.zip
47effb3bebc6dd6989d47f085627aaba3b94400fb82091a17f1b9cccfcfaa5a7	results/chipseq/production/analyses/ERR868154/artifacts/ip_processing_qc/filtered_validation.json
ba43e2d1d70818e25adcf956a7623dc2b424511ff25832c12f384a24c3c1e122	results/chipseq/production/analyses/ERR868154/artifacts/ip_processing_qc/filtering_flow.tsv
05d0ff699ea079ece24f35ebc64fc0d7e5fadf4fefa38ff5532e7f2d3a0714e4	results/chipseq/production/analyses/ERR868154/artifacts/ip_processing_qc/filtering_qc.json
c2002d3fe29794b702be1c249713b9fe0db007140e16177d9b645bd2dd6a5129	results/chipseq/production/analyses/ERR868154/artifacts/ip_processing_qc/picard.log
d7bde8ad0d06dc11460a120bd3e60b23302f88795cd382aa27b2afb225644f0a	results/chipseq/production/analyses/ERR868154/artifacts/ip_processing_qc/picard_metrics.txt
e97c3e770401d62ef134f3079ef4b90f893d1ff1d91dbff5c50678c1ae875f88	results/chipseq/production/analyses/ERR868154/artifacts/macs3.log
e072b382d65526ccf7e7e7d6dd81e65a736d3dd55ac9dc784bdd83569efaba3c	results/chipseq/production/analyses/ERR868154/artifacts/macs3_version.txt
f9f78df0cbc35cffaee97bd5ca423b6f68a02a2b4a7363d110b5039155596130	results/chipseq/production/analyses/ERR868154/artifacts/maximum_scratch_usage.tsv
c532109636e28f01537e5c759349953acfb67e7fc0141ef96d5ed11b8cb07f09	results/chipseq/production/analyses/ERR868154/artifacts/parameters.json
882a508bfe35629eb17dcb019e922943ce4994d678e78c31e330824fb3388eb0	results/chipseq/production/analyses/ERR868154/artifacts/peak_qc.json
1a5b69d6db5a0c030d9bd057a571e38989bdc91eab7eee6a6ff9339739ca3c7a	results/chipseq/production/analyses/ERR868154/artifacts/peaks/ERR868154_control_lambda.bdg.gz
c8c19a074cb3691e2a2d1e4290f5bb1526437be3cb0a7302fd398b074453b795	results/chipseq/production/analyses/ERR868154/artifacts/peaks/ERR868154_peaks.broadPeak
1f58e982684e220cac0d5d2ee08f511715c2361c2145d3c268639b13345ecddc	results/chipseq/production/analyses/ERR868154/artifacts/peaks/ERR868154_peaks.gappedPeak
06820e360f5be0f84875433fe881d3c4e18dec46e6b2c98cb1932a6f28898eb2	results/chipseq/production/analyses/ERR868154/artifacts/peaks/ERR868154_peaks.xls
401d3198804e310ffb414ba1878103ffc5de73efb019bcfd7e8b58a2a986b987	results/chipseq/production/analyses/ERR868154/artifacts/peaks/ERR868154_treat_pileup.bdg.gz
a81a6478780f248e15bd7693aecb65da5d3f1706c1baa3f1aba7a3073cbe7f29	results/chipseq/production/analyses/ERR868154/artifacts/processing_logs/ERR868154_ip_download.log
b13b7249e14a61ee2027f2fa4adee21b645fcdf5a7f8d822a83a129fe5a8b988	results/chipseq/production/analyses/ERR868154/artifacts/processing_logs/ERR868154_ip_fastp.log
aae2f1a901f71719727e7d48aad7c8c75669cdbd5a1aef66a85e05333440220e	results/chipseq/production/analyses/ERR868154/artifacts/processing_logs/ERR868154_ip_fastqc.log
01155b713c36f4184a16223048f61404940e871130162d8ef0113fa80e59ac62	results/chipseq/production/analyses/ERR868154/artifacts/processing_logs/control_reuse_validation.json
a0e740fe47d02cd0d335cc1c78cb28146ba1252c7e66bd9c61343b1a7ccba612	results/chipseq/production/analyses/ERR868154/artifacts/processing_logs/environment_creation.log
2b453b38ed75840e8cba4018deff96e2ae40be95ae1758dcede257d06ee2cc71	results/chipseq/production/analyses/ERR868154/artifacts/processing_logs/reference_validation.json
b5727316492f74cb8529b75f41c6baaba307e885d34852a9044bf9ca8cd667fb	results/chipseq/production/analyses/ERR868154/artifacts/processing_logs/source_validation.log
cebfa38965e6fac044f6b6ad109fd4d13f0eb60474eb7d601bbe1f99590d8044	results/chipseq/production/analyses/ERR868154/artifacts/provenance/runtime_manifest.json
9c19107c9c0858e1725cb07a539951cdfbff2266648b38abbb04e41c55570dd0	results/chipseq/production/analyses/ERR868154/artifacts/provenance/source.sha256
b3a7c5a4a4a51b646386f47b04d281da971bb54fc7ceadbfe0e43da19abd56be	results/chipseq/production/analyses/ERR868154/artifacts/provenance/submission_plan.json
3d84c1425f9b65419e158e4109fac708eac76d4156bb3dcd99f6d7bf31106ab8	results/chipseq/production/analyses/ERR868154/artifacts/provenance.json
311be897d52274fe66ab6e638b88aa2480af1a3e89298d5a269d3c714f7b3301	results/chipseq/production/analyses/ERR868154/artifacts/scratch_monitor.tsv
65d865260b1a7e3d2c5bde3c9f3d62ed15238d8fb566c61c049ce18f307355bc	results/chipseq/production/analyses/ERR868154/artifacts/signal_compression.json
0577f8bb261a44762497546cb1f7738a91b91633e8a6b48de3eb61dd82e00fcf	results/chipseq/production/analyses/ERR868154/artifacts/software_versions/bedtools.txt
f4d67f2bf0b96f4c33d6d9b531a2460e41b6550606178864e773d2804cf95d05	results/chipseq/production/analyses/ERR868154/artifacts/software_versions/bowtie2.txt
683d2fabd8a5f4a7637f637049f8998f91fc8eca217cef359af3fa7f6661ae98	results/chipseq/production/analyses/ERR868154/artifacts/software_versions/environment_explicit.txt
a8de9d0571711205d415267177699369782156f2436c8cd503c3ddb0fab09a73	results/chipseq/production/analyses/ERR868154/artifacts/software_versions/fastp.txt
7cee38ab3e7e014ef2a6eb666d55c2053c30ba8aeb88f8fb13344ffa99778471	results/chipseq/production/analyses/ERR868154/artifacts/software_versions/fastqc.txt
e072b382d65526ccf7e7e7d6dd81e65a736d3dd55ac9dc784bdd83569efaba3c	results/chipseq/production/analyses/ERR868154/artifacts/software_versions/macs3.txt
883a9a5630ad235602dcdab81d0c025ce0cb0b3c22ec5db748a65154ffd74c69	results/chipseq/production/analyses/ERR868154/artifacts/software_versions/picard.txt
dcf13eeb5c3ca9c63217c3a4522139fb45382800aa7128b947ab9066c21925d5	results/chipseq/production/analyses/ERR868154/artifacts/software_versions/python.txt
e27f1de6a55df6750fca0c711a906f0bc1dbb8d4283ab10fd316d2758cfc07b3	results/chipseq/production/analyses/ERR868154/artifacts/software_versions/samtools.txt
140cd2c675e85300488ad26f6d802322312f9f898906cc1d72de2e7e9b3bd4f6	results/chipseq/production/analyses/ERR868155/artifacts/disk_usage.tsv
a6ace25c990058a1342732d6d617d40b5cf90179aa71b1cec5b345992174baf6	results/chipseq/production/analyses/ERR868155/artifacts/fragment/cross_correlation.pdf
9ffa6e27507d136acd5910a8f3e0388454f9dd7528032254531e2359bade4632	results/chipseq/production/analyses/ERR868155/artifacts/fragment/fragment_estimate.json
176f4f15b9106ee5a0b89d33de3bad5562d8b992e083fd46d32261be67f6f8cd	results/chipseq/production/analyses/ERR868155/artifacts/fragment/fragment_size_provenance.json
6a12bd24fcbbf2aa2d54f21866f20a73b3652805545e760a7e6d86615aa67335	results/chipseq/production/analyses/ERR868155/artifacts/fragment/phantompeakqualtools.log
aa5b71122e1bcf56c217a45ef0382d4dca9636a43a9ab0ef415312e37152ea29	results/chipseq/production/analyses/ERR868155/artifacts/fragment/phantompeakqualtools.tsv
15a5f4f5953813f97ca47c935c020872bf3bd123a2be27d1feeb0a2eb3f959f1	results/chipseq/production/analyses/ERR868155/artifacts/frip/input_reads_overlapping_ip_peaks.txt
776abb0aeb03a055d8bba93772f8defb61a4a492cc1bbea664126ba154ba1efa	results/chipseq/production/analyses/ERR868155/artifacts/frip/input_total_reads.txt
522cb903a4ca64ddb79138ba0e14d86a317308852596d8cdd38b88dd949ad146	results/chipseq/production/analyses/ERR868155/artifacts/frip/ip_reads_in_peaks.txt
62101702fded9fcd76b6aad7ea5e6188887166d61c1e5fdd55e3e4cb051a0e94	results/chipseq/production/analyses/ERR868155/artifacts/frip/ip_total_reads.txt
aac832a6cfb1994891ed78792c94222e7e329d18f63590b44f22fb96704da0e1	results/chipseq/production/analyses/ERR868155/artifacts/ip_processing_qc/alignment_qc.json
208c5b7dbf3fb4229f56e05da7b7249545f5fec8884ea63dd33f2e0c53eb60eb	results/chipseq/production/analyses/ERR868155/artifacts/ip_processing_qc/fastp.html
a9c21a750821d8a92089e30c9a2a39aebf2866d40ddf9db97ef37b119dbbc1f8	results/chipseq/production/analyses/ERR868155/artifacts/ip_processing_qc/fastp.json
a055e6a1574a84255b2e1758f0a89a7a5f52c7fc76c6b2aff978215e41b67858	results/chipseq/production/analyses/ERR868155/artifacts/ip_processing_qc/fastqc/ERR868155_fastqc.html
fdaf22f2983623ab268f41145de47aa150bbab9a3043c4a19ed4125e82455a14	results/chipseq/production/analyses/ERR868155/artifacts/ip_processing_qc/fastqc/ERR868155_fastqc.zip
3bce67cb9a9fdc90216933e4d06a7fcbcab1b0140ffc9b8392a76a21662a9de3	results/chipseq/production/analyses/ERR868155/artifacts/ip_processing_qc/filtered_validation.json
499e8513021ee48c9086738dc5650e0b689c65db1d389724142195e5275979c9	results/chipseq/production/analyses/ERR868155/artifacts/ip_processing_qc/filtering_flow.tsv
aa14e5717c843a13ef1dfbe772b6d8acc1393fe89b6882cebdc0aa0c67c523cd	results/chipseq/production/analyses/ERR868155/artifacts/ip_processing_qc/filtering_qc.json
48c6997a1642adf7b40fd98c112f09773245f9cbc7e6cdb9f5ffd0884506299e	results/chipseq/production/analyses/ERR868155/artifacts/ip_processing_qc/picard.log
b1fcc36c4aa429e2f9627a9e1de72422f02fd610828dabed1d667e3a225d4717	results/chipseq/production/analyses/ERR868155/artifacts/ip_processing_qc/picard_metrics.txt
580b67332b936178f34ca99ec3a773d765e68a4eade72ccd55753af8c26c3333	results/chipseq/production/analyses/ERR868155/artifacts/macs3.log
e072b382d65526ccf7e7e7d6dd81e65a736d3dd55ac9dc784bdd83569efaba3c	results/chipseq/production/analyses/ERR868155/artifacts/macs3_version.txt
d521216aba098f30378817fe8a5adcfa80773eb54168d245dd61555a858febb8	results/chipseq/production/analyses/ERR868155/artifacts/maximum_scratch_usage.tsv
12e2f122a4cf1caec17da95759189319dd8ce4e022e1294f7aace49e0380864a	results/chipseq/production/analyses/ERR868155/artifacts/parameters.json
1be7e6f8dc6e2be534d88126c3fbc36acaedf79cb7bfd8a82d75c93d31307d3c	results/chipseq/production/analyses/ERR868155/artifacts/peak_qc.json
477cb9bb3ff05a428a508cdba9644faf93765b400371030048badad5deca839e	results/chipseq/production/analyses/ERR868155/artifacts/peaks/ERR868155_control_lambda.bdg.gz
de423d77d842bb968a6cbd88e359e9c3dc9f6075840849d75750dba0df3f112b	results/chipseq/production/analyses/ERR868155/artifacts/peaks/ERR868155_peaks.narrowPeak
cfbe0b73e541c236af8b7251d3d898ad294c9de2339803146e830439a2ef89dc	results/chipseq/production/analyses/ERR868155/artifacts/peaks/ERR868155_peaks.xls
d97afbd18d6bb0a22f3ac00ac158f4c3e1adbf649a12e021a478bcb52c00a111	results/chipseq/production/analyses/ERR868155/artifacts/peaks/ERR868155_summits.bed
0bf826eb2dfe777ad71c45dbadfce30ddd55d4a3bb613921215194bcd3724cdb	results/chipseq/production/analyses/ERR868155/artifacts/peaks/ERR868155_treat_pileup.bdg.gz
8855c5ac1f1044347f6ccd42add95aec6031e1e3ed2f0c04d6e7e70df5050011	results/chipseq/production/analyses/ERR868155/artifacts/processing_logs/ERR868155_ip_download.log
74a63e9f91d4d1f2759ef6b85ed8378ab22bec5420f430498b2687b4c09c8a68	results/chipseq/production/analyses/ERR868155/artifacts/processing_logs/ERR868155_ip_fastp.log
9d380711278c123eb3b658f7ad3cebc6bdc8bd78f4fbef49fc1a9528f615891f	results/chipseq/production/analyses/ERR868155/artifacts/processing_logs/ERR868155_ip_fastqc.log
01155b713c36f4184a16223048f61404940e871130162d8ef0113fa80e59ac62	results/chipseq/production/analyses/ERR868155/artifacts/processing_logs/control_reuse_validation.json
74022cb8c37116d6d9e39f47ec0cce18752ce0930b19eb4dd355216bdfdae44c	results/chipseq/production/analyses/ERR868155/artifacts/processing_logs/environment_creation.log
2b453b38ed75840e8cba4018deff96e2ae40be95ae1758dcede257d06ee2cc71	results/chipseq/production/analyses/ERR868155/artifacts/processing_logs/reference_validation.json
b5727316492f74cb8529b75f41c6baaba307e885d34852a9044bf9ca8cd667fb	results/chipseq/production/analyses/ERR868155/artifacts/processing_logs/source_validation.log
58458d58cdc21766374cdfefe055ad1224a881dee3d505b80d7cd47ef158bdc3	results/chipseq/production/analyses/ERR868155/artifacts/provenance/runtime_manifest.json
1cc2e39945b4fd7ab7101fbb58905c4f7a6f7ebc795cc86533fa6ed184dffdbd	results/chipseq/production/analyses/ERR868155/artifacts/provenance/source.sha256
2d2c89cab14f78a96851877c0c47cc6abcdadf496de0b8da2cd6acebf790a599	results/chipseq/production/analyses/ERR868155/artifacts/provenance/submission_plan.json
ac77c2f71b10c7cdfc7f798a497bb0f1214abfb28b1f2a978323d0cddb4b7471	results/chipseq/production/analyses/ERR868155/artifacts/provenance.json
994f61b3b784f01897f21fb352fd1ef0486814e53ea0297c34faeab0a801a38f	results/chipseq/production/analyses/ERR868155/artifacts/scratch_monitor.tsv
5d66fb036f8246d7dcc813e8a36307bf8a05d2cdbe88e179035e36df48bf6b90	results/chipseq/production/analyses/ERR868155/artifacts/signal_compression.json
0577f8bb261a44762497546cb1f7738a91b91633e8a6b48de3eb61dd82e00fcf	results/chipseq/production/analyses/ERR868155/artifacts/software_versions/bedtools.txt
1ad7b6cc7c8bdc6d0d979bfa6a365efde1bca98ab3d7d69b12303a1de29022f8	results/chipseq/production/analyses/ERR868155/artifacts/software_versions/bowtie2.txt
683d2fabd8a5f4a7637f637049f8998f91fc8eca217cef359af3fa7f6661ae98	results/chipseq/production/analyses/ERR868155/artifacts/software_versions/environment_explicit.txt
a8de9d0571711205d415267177699369782156f2436c8cd503c3ddb0fab09a73	results/chipseq/production/analyses/ERR868155/artifacts/software_versions/fastp.txt
f24545faeb45d2bd2eec6f172f93a9ec01598da82d6ed7ddeac0d590ebd831bd	results/chipseq/production/analyses/ERR868155/artifacts/software_versions/fastqc.txt
e072b382d65526ccf7e7e7d6dd81e65a736d3dd55ac9dc784bdd83569efaba3c	results/chipseq/production/analyses/ERR868155/artifacts/software_versions/macs3.txt
883a9a5630ad235602dcdab81d0c025ce0cb0b3c22ec5db748a65154ffd74c69	results/chipseq/production/analyses/ERR868155/artifacts/software_versions/picard.txt
dcf13eeb5c3ca9c63217c3a4522139fb45382800aa7128b947ab9066c21925d5	results/chipseq/production/analyses/ERR868155/artifacts/software_versions/python.txt
d9d5ecf63ad242ea805e057f8ec75b99e0766462dbcec19a5d41bb11b7d0b350	results/chipseq/production/analyses/ERR868155/artifacts/software_versions/samtools.txt
b9d65b2383c60909fbc225698c80e76495e40ee18fc3a61c441d57d8e7a8e33c	results/chipseq/production/analyses/ERR868156/artifacts/disk_usage.tsv
e91fe3276ab933894f5183694d6f3b29bb9ae9c290a1ea13964285d92eb11f29	results/chipseq/production/analyses/ERR868156/artifacts/fragment/cross_correlation.pdf
5e01cfe99b881eb213bf41b3afe67f0bc415e60b04598c7e4febb48ccbc80f00	results/chipseq/production/analyses/ERR868156/artifacts/fragment/fragment_estimate.json
cd03398c565a965b26970489765c39994adbcaceb07bbe51502219a4df8f4da1	results/chipseq/production/analyses/ERR868156/artifacts/fragment/fragment_size_provenance.json
47f2f02883031bf1b617c4b3716526f0b5f16a8cce54709104c8e48349a56026	results/chipseq/production/analyses/ERR868156/artifacts/fragment/phantompeakqualtools.log
59231f83fb0de0d99bc70a4003973bd3031d28e83b52f0c6501f31ed37c889f4	results/chipseq/production/analyses/ERR868156/artifacts/fragment/phantompeakqualtools.tsv
095fd4afad55b6a38162002d19bea71881aa44a8602634686f43c77ac70d607c	results/chipseq/production/analyses/ERR868156/artifacts/frip/input_reads_overlapping_ip_peaks.txt
776abb0aeb03a055d8bba93772f8defb61a4a492cc1bbea664126ba154ba1efa	results/chipseq/production/analyses/ERR868156/artifacts/frip/input_total_reads.txt
3bed9fe35f855ec16e61851489500585d9cef9f144567258d2310a22b9583b63	results/chipseq/production/analyses/ERR868156/artifacts/frip/ip_reads_in_peaks.txt
dda0d6aa0f0171c9ba3567f48cf3a5184538e9f5e57a1a483d96acc314a159db	results/chipseq/production/analyses/ERR868156/artifacts/frip/ip_total_reads.txt
81152c06e1babeff1f388acea1fc1e382eb52e74ba51e9e02bf63e8a139a8725	results/chipseq/production/analyses/ERR868156/artifacts/ip_processing_qc/alignment_qc.json
51598ee603e3c2c3d2e22bcbcf0f1fd2239e988fb370860137772e8f0e5d7103	results/chipseq/production/analyses/ERR868156/artifacts/ip_processing_qc/fastp.html
61532ca3842a44070bc355e0dafd619554f22ed70831601d1a7ceba4350fca50	results/chipseq/production/analyses/ERR868156/artifacts/ip_processing_qc/fastp.json
08ad42790ce7ae0f15a6a9d7b1d23e26cbfb732e44423e0e4ace6db94639ed36	results/chipseq/production/analyses/ERR868156/artifacts/ip_processing_qc/fastqc/ERR868156_fastqc.html
e79100d31409af8083d93d5075e6f5c97d67bb6fac981dd89f2c063a599d2600	results/chipseq/production/analyses/ERR868156/artifacts/ip_processing_qc/fastqc/ERR868156_fastqc.zip
2411123f694b7f80c1e60fe10e1308bd4c800abea2049a94f2020944cd70698b	results/chipseq/production/analyses/ERR868156/artifacts/ip_processing_qc/filtered_validation.json
7f4aea7163c188a141481b3dbbde24bd71c56029574f93e0f94571a4632859a8	results/chipseq/production/analyses/ERR868156/artifacts/ip_processing_qc/filtering_flow.tsv
81b24bfdd4c054ef17e6e3b3792628cb0cc9203b5e074ab0d227aea5fe61c716	results/chipseq/production/analyses/ERR868156/artifacts/ip_processing_qc/filtering_qc.json
05d71c79595b045f60599f2454c0374906c0321394c030f675dcbc6eca57eb93	results/chipseq/production/analyses/ERR868156/artifacts/ip_processing_qc/picard.log
911f310557a95492ecf8fa53f85af1c5e565e699b7168af681780e2b0d27fdca	results/chipseq/production/analyses/ERR868156/artifacts/ip_processing_qc/picard_metrics.txt
9bee7534910a4d7e86b20d66948dde56782f59d453e22eaa300cf1f4875a9567	results/chipseq/production/analyses/ERR868156/artifacts/macs3.log
e072b382d65526ccf7e7e7d6dd81e65a736d3dd55ac9dc784bdd83569efaba3c	results/chipseq/production/analyses/ERR868156/artifacts/macs3_version.txt
546bf9f2e3872791e7c7acae4080f8450549787d71bb580efbc80c2804969817	results/chipseq/production/analyses/ERR868156/artifacts/maximum_scratch_usage.tsv
6811421aee3e919210f5892808aa8027dca26d397cbe6c86a0ca1cde54c25a05	results/chipseq/production/analyses/ERR868156/artifacts/parameters.json
81f004f3a0999357a2e32aae036179e2720194346ebb1f5db4abdae6dbc0601e	results/chipseq/production/analyses/ERR868156/artifacts/peak_qc.json
888cb010422ebca4e14d62063be1515b8478fe47c1609c9acc614bf5bb4359f8	results/chipseq/production/analyses/ERR868156/artifacts/peaks/ERR868156_control_lambda.bdg.gz
988c9199d356821ea6f8a690dbebc2e42d51d324cfdd6ea6af142d65a2aebef5	results/chipseq/production/analyses/ERR868156/artifacts/peaks/ERR868156_peaks.broadPeak
b3095ea21399d2f57f4dd588779743557a2eb1d1ddca268f514e6ae3e0fba09a	results/chipseq/production/analyses/ERR868156/artifacts/peaks/ERR868156_peaks.gappedPeak
f6a8bc8443c3f672fab887ac1366171a3fcc91324ed5a66c8ffb8589a8453fcc	results/chipseq/production/analyses/ERR868156/artifacts/peaks/ERR868156_peaks.xls
9dd2d26b77f791170c4dff9bf950af6b765691f82d6bed21fa0e44540b02d1f3	results/chipseq/production/analyses/ERR868156/artifacts/peaks/ERR868156_treat_pileup.bdg.gz
d2bdbcb6d068abdfc28c0d602f4fd49941e40649b1e0fdfe144d3881452689e7	results/chipseq/production/analyses/ERR868156/artifacts/processing_logs/ERR868156_ip_download.log
cedc28d4a5a05927eb735cea81b4a4c29cf22a2059e283617384e1f573a64f5f	results/chipseq/production/analyses/ERR868156/artifacts/processing_logs/ERR868156_ip_fastp.log
b9db2540d7262129acd3bb42c45374ac228ac24f7bc3843f99c86c76ed328a9e	results/chipseq/production/analyses/ERR868156/artifacts/processing_logs/ERR868156_ip_fastqc.log
01155b713c36f4184a16223048f61404940e871130162d8ef0113fa80e59ac62	results/chipseq/production/analyses/ERR868156/artifacts/processing_logs/control_reuse_validation.json
aa5276f8e6c17ce973c4ff0592b2bdf5dbb1a20f66c692921ece74bc7b9662fc	results/chipseq/production/analyses/ERR868156/artifacts/processing_logs/environment_creation.log
2b453b38ed75840e8cba4018deff96e2ae40be95ae1758dcede257d06ee2cc71	results/chipseq/production/analyses/ERR868156/artifacts/processing_logs/reference_validation.json
b5727316492f74cb8529b75f41c6baaba307e885d34852a9044bf9ca8cd667fb	results/chipseq/production/analyses/ERR868156/artifacts/processing_logs/source_validation.log
4b6216a002151853a2312c444425a75ca24cb7093b61aea1c8598c4ac957588b	results/chipseq/production/analyses/ERR868156/artifacts/provenance/runtime_manifest.json
1cc2e39945b4fd7ab7101fbb58905c4f7a6f7ebc795cc86533fa6ed184dffdbd	results/chipseq/production/analyses/ERR868156/artifacts/provenance/source.sha256
4b89b00362956e4bc8420c67b92f27eb687c9530c38f28a51abc314fc0c5cb08	results/chipseq/production/analyses/ERR868156/artifacts/provenance/submission_plan.json
cd4807013d7fec4a9dd4cf4650a580e0202a6371fa4b2d59404f16a64ca9a870	results/chipseq/production/analyses/ERR868156/artifacts/provenance.json
a9ee6479b0f218e8b72005261810fd877f105e599848c00e296d216f5c64dc70	results/chipseq/production/analyses/ERR868156/artifacts/scratch_monitor.tsv
f6cce800481b89f256f5cb9f99c8df77b5a0cd63a6b213c57ef7ea67762c3537	results/chipseq/production/analyses/ERR868156/artifacts/signal_compression.json
0577f8bb261a44762497546cb1f7738a91b91633e8a6b48de3eb61dd82e00fcf	results/chipseq/production/analyses/ERR868156/artifacts/software_versions/bedtools.txt
f4deb00a84b583cd243a6c524599982a8b8255bc6a2811cecb9c0fad1b4d0f34	results/chipseq/production/analyses/ERR868156/artifacts/software_versions/bowtie2.txt
683d2fabd8a5f4a7637f637049f8998f91fc8eca217cef359af3fa7f6661ae98	results/chipseq/production/analyses/ERR868156/artifacts/software_versions/environment_explicit.txt
a8de9d0571711205d415267177699369782156f2436c8cd503c3ddb0fab09a73	results/chipseq/production/analyses/ERR868156/artifacts/software_versions/fastp.txt
a8c70a879c1bb528c0ac15bfb67bdcdfe37b1af506aaeb25c6de827d1d8bebe4	results/chipseq/production/analyses/ERR868156/artifacts/software_versions/fastqc.txt
e072b382d65526ccf7e7e7d6dd81e65a736d3dd55ac9dc784bdd83569efaba3c	results/chipseq/production/analyses/ERR868156/artifacts/software_versions/macs3.txt
883a9a5630ad235602dcdab81d0c025ce0cb0b3c22ec5db748a65154ffd74c69	results/chipseq/production/analyses/ERR868156/artifacts/software_versions/picard.txt
dcf13eeb5c3ca9c63217c3a4522139fb45382800aa7128b947ab9066c21925d5	results/chipseq/production/analyses/ERR868156/artifacts/software_versions/python.txt
13422a52a2ae2b57c57c6a15a2af39dc984dcced3751ec9126e310b392d70eb4	results/chipseq/production/analyses/ERR868156/artifacts/software_versions/samtools.txt
cfd82dd3e96f11034708d8f95ce75caf6e1b088e0e8dc7be29e3fc1d31f7a62e	results/chipseq/production/analyses/ERR868171/artifacts/disk_usage.tsv
99ad60d8a13a076fb009b44add7b57d07187b711b70d25a7b5a02b7043739646	results/chipseq/production/analyses/ERR868171/artifacts/fragment/cross_correlation.pdf
013438835be5abc4116c24f64029c76d9adf4b331d7c0ceeae2b5dbc7ea2baf7	results/chipseq/production/analyses/ERR868171/artifacts/fragment/fragment_estimate.json
10404f653a598169e1c75c4b1b97554b89811df88f291ffb11f493329ae78969	results/chipseq/production/analyses/ERR868171/artifacts/fragment/fragment_size_provenance.json
df56fa6c16641d98e3b534f1991ab0f7ca01807b110f778d35c06d73802864df	results/chipseq/production/analyses/ERR868171/artifacts/fragment/phantompeakqualtools.log
4aa82547b2c3c423edf3a92fec76bbc73bd4527511eac560082dd336b3c29620	results/chipseq/production/analyses/ERR868171/artifacts/fragment/phantompeakqualtools.tsv
587d5432aa94a3b6ecfc75913f00b2a58593e3ae4baa0dfd3f76a32e446805db	results/chipseq/production/analyses/ERR868171/artifacts/frip/input_reads_overlapping_ip_peaks.txt
da81408205a5402ade04493a33492112054a6f218d60f34968a464798b2dd4a2	results/chipseq/production/analyses/ERR868171/artifacts/frip/input_total_reads.txt
d94dcaa1e87c6c6e425496a4cc264e1fb2c84a96f5e444bcfaf5260fa5d42efd	results/chipseq/production/analyses/ERR868171/artifacts/frip/ip_reads_in_peaks.txt
9c8989dee0b03df10a0be5540bf61d7e6e7bea0fe0d016e5a242fe82d8299e12	results/chipseq/production/analyses/ERR868171/artifacts/frip/ip_total_reads.txt
908c5705108dbff7ed419df442ab824f208c4021318aa90274bec246aace86c3	results/chipseq/production/analyses/ERR868171/artifacts/ip_processing_qc/alignment_qc.json
989fd8da7b07e260fcc3a724cfee0a1c0fbac9d165fb3ff76884e000e200ba19	results/chipseq/production/analyses/ERR868171/artifacts/ip_processing_qc/fastp.html
0836e67889555b9536d29178211be91e0c8542c30058fbe0639f29c69cf4ff4a	results/chipseq/production/analyses/ERR868171/artifacts/ip_processing_qc/fastp.json
6dd0924cb408063f0b5d53d63ce257962759b839792f501ad1cb63326e903818	results/chipseq/production/analyses/ERR868171/artifacts/ip_processing_qc/fastqc/ERR868171_fastqc.html
1b4f252efd10fe54bead0adfe6fb0b778f5c088d2a20fa1d65f0284ee39d316d	results/chipseq/production/analyses/ERR868171/artifacts/ip_processing_qc/fastqc/ERR868171_fastqc.zip
6d874a7cd429bcf0954aa9cf9c7f7e682a9b1b44b90c029b5f83a54cce4708b8	results/chipseq/production/analyses/ERR868171/artifacts/ip_processing_qc/filtered_validation.json
c10f4a028fb0c8793e9b8df7c4be5ff74842a175a94e9d4694c6bd94a38147fd	results/chipseq/production/analyses/ERR868171/artifacts/ip_processing_qc/filtering_flow.tsv
b6886edd0f8f933ae4966e0b6c4f7d090de00cf668ce26e8b69a342360414075	results/chipseq/production/analyses/ERR868171/artifacts/ip_processing_qc/filtering_qc.json
b4972d25c273ae6caf7553356cbe5ee1d31a4bf8c00f1e65c65353a5a51aa600	results/chipseq/production/analyses/ERR868171/artifacts/ip_processing_qc/picard.log
d711926efac7ea7459c85461741604d2f9a8541aead530a898b6fa32325c06e1	results/chipseq/production/analyses/ERR868171/artifacts/ip_processing_qc/picard_metrics.txt
76d1a95a4af18f04bd929898593529e27bd020124e630a941ff7d1d5f6ec1c61	results/chipseq/production/analyses/ERR868171/artifacts/macs3.log
e072b382d65526ccf7e7e7d6dd81e65a736d3dd55ac9dc784bdd83569efaba3c	results/chipseq/production/analyses/ERR868171/artifacts/macs3_version.txt
368bd491240bb34a199d901232624a2a888d15dfabb552ab451e199fdba74cd9	results/chipseq/production/analyses/ERR868171/artifacts/maximum_scratch_usage.tsv
82c434a3724bdc852c75027a05cbb089ede3702dab2d072f057bb38d7d41425e	results/chipseq/production/analyses/ERR868171/artifacts/parameters.json
61e3fd6f4bfb9ae8393d548bdd37d2803621719d5ecf543bd50d6f45c039fbf6	results/chipseq/production/analyses/ERR868171/artifacts/peak_qc.json
b80bd107aa3d50c30bdf11378ecbc1daaf18fab3daad7b162eb606fd26fcdbfb	results/chipseq/production/analyses/ERR868171/artifacts/peaks/ERR868171_control_lambda.bdg.gz
c31c3e58bbb2b8bf835f4f1cf203e66f59a9672228f1294d4f5603c2a8ddd7d1	results/chipseq/production/analyses/ERR868171/artifacts/peaks/ERR868171_peaks.narrowPeak
e2d1659089d9420dca9587e0e60ea8fce33094ba98e411cfce66db5b89464674	results/chipseq/production/analyses/ERR868171/artifacts/peaks/ERR868171_peaks.xls
3ba6cf516d24675a3f110744a71e00d287fc4bfc83a5fd51f945999d9d7fb1e8	results/chipseq/production/analyses/ERR868171/artifacts/peaks/ERR868171_summits.bed
a521f38f52fe3f1e6c03f14497f324d1db62cfed3141af708914d099ee622d5a	results/chipseq/production/analyses/ERR868171/artifacts/peaks/ERR868171_treat_pileup.bdg.gz
0365863702206999b9ae2d1808fc752529fb79eef0fb4d74a8b0888d86fd5b68	results/chipseq/production/analyses/ERR868171/artifacts/processing_logs/ERR868171_ip_download.log
9e30c6668df0a5c923ea9ae6878e602aec544a714149b2d57cb44aee014e6cdf	results/chipseq/production/analyses/ERR868171/artifacts/processing_logs/ERR868171_ip_fastp.log
5498dc94a351d84050631f67d100ef9f1214d3a65aa8fa67d710f36c0f2420bf	results/chipseq/production/analyses/ERR868171/artifacts/processing_logs/ERR868171_ip_fastqc.log
5332e9973e76bd9598933bc2c5735bfae1fa4590bc9a1ce8c62e219a97f01b17	results/chipseq/production/analyses/ERR868171/artifacts/processing_logs/ERR868177_input_download.log
32457c8906399eed641d58f2464b8728f0342d147786b182dd0d242173105b77	results/chipseq/production/analyses/ERR868171/artifacts/processing_logs/ERR868177_input_fastp.log
6a013837ff846818ccba450e8297a965c71e5b23850b9628bab123b6a2d18c64	results/chipseq/production/analyses/ERR868171/artifacts/processing_logs/ERR868177_input_fastqc.log
9d878152fc04bac44ca4aef5495eed04ce7511585ad123f465de6a4e3b50dd30	results/chipseq/production/analyses/ERR868171/artifacts/processing_logs/environment_creation.log
2b453b38ed75840e8cba4018deff96e2ae40be95ae1758dcede257d06ee2cc71	results/chipseq/production/analyses/ERR868171/artifacts/processing_logs/reference_validation.json
b5727316492f74cb8529b75f41c6baaba307e885d34852a9044bf9ca8cd667fb	results/chipseq/production/analyses/ERR868171/artifacts/processing_logs/source_validation.log
00441ce9257ef0489aa171c2c2de6db6b5d337b6f7a9d1ef5f0cfb3ed710fda9	results/chipseq/production/analyses/ERR868171/artifacts/provenance/runtime_manifest.json
1cc2e39945b4fd7ab7101fbb58905c4f7a6f7ebc795cc86533fa6ed184dffdbd	results/chipseq/production/analyses/ERR868171/artifacts/provenance/source.sha256
8a9941bd93fdc9fd7ce7c80edb1fd2b8d735a21ac0d19f5c35602768e6bf5c2b	results/chipseq/production/analyses/ERR868171/artifacts/provenance/submission_plan.json
a26afdcb4bcaa43efd83ac6cde3db33504a5d0df62f4e80c15a7453fcaa41e5d	results/chipseq/production/analyses/ERR868171/artifacts/provenance.json
f228c4f76949eff965dd662dfb77f8bac690de2422784756abc41713722524bc	results/chipseq/production/analyses/ERR868171/artifacts/scratch_monitor.tsv
ea9d0404cc5fc055f6ac9d0522cfb9366be7f6f1c0633a027b2eb241c76c1a6f	results/chipseq/production/analyses/ERR868171/artifacts/signal_compression.json
0577f8bb261a44762497546cb1f7738a91b91633e8a6b48de3eb61dd82e00fcf	results/chipseq/production/analyses/ERR868171/artifacts/software_versions/bedtools.txt
0f9db85bdeae0acf8cc49faacdce151da80ef507338a1f22726820b45bdfcd36	results/chipseq/production/analyses/ERR868171/artifacts/software_versions/bowtie2.txt
683d2fabd8a5f4a7637f637049f8998f91fc8eca217cef359af3fa7f6661ae98	results/chipseq/production/analyses/ERR868171/artifacts/software_versions/environment_explicit.txt
a8de9d0571711205d415267177699369782156f2436c8cd503c3ddb0fab09a73	results/chipseq/production/analyses/ERR868171/artifacts/software_versions/fastp.txt
12cd41f352567ce2ea578a786cdf622e63512ac7f5a3bcc246c8795a9e733124	results/chipseq/production/analyses/ERR868171/artifacts/software_versions/fastqc.txt
e072b382d65526ccf7e7e7d6dd81e65a736d3dd55ac9dc784bdd83569efaba3c	results/chipseq/production/analyses/ERR868171/artifacts/software_versions/macs3.txt
883a9a5630ad235602dcdab81d0c025ce0cb0b3c22ec5db748a65154ffd74c69	results/chipseq/production/analyses/ERR868171/artifacts/software_versions/picard.txt
dcf13eeb5c3ca9c63217c3a4522139fb45382800aa7128b947ab9066c21925d5	results/chipseq/production/analyses/ERR868171/artifacts/software_versions/python.txt
74d19298ff35d33286b018505393f7f66f1ed9f5579f3d9fd4dd17a10c3a7e7b	results/chipseq/production/analyses/ERR868171/artifacts/software_versions/samtools.txt
e6f21f59a2e877e875bc7e5cf5e8faab1a112f03da3552fb5bab3e8f22792466	results/chipseq/production/analyses/ERR868172/artifacts/disk_usage.tsv
438a055f644b127f278350d175ca6bda9fee12b5a8d015a71d382bb55da6d932	results/chipseq/production/analyses/ERR868172/artifacts/fragment/cross_correlation.pdf
bc3894baaaca7aed73b9e62c8d8d352a30ff44716b034c37ed543c06ac384432	results/chipseq/production/analyses/ERR868172/artifacts/fragment/fragment_estimate.json
35b0212d3e7019a13e4eac823b12aa91a810ab3cfc2eb92db1e2ccdba9db6327	results/chipseq/production/analyses/ERR868172/artifacts/fragment/fragment_size_provenance.json
5e4975c0fe4f28e0ff766f393a6b5ea316c79f53c6d0aaf0908236412352fb69	results/chipseq/production/analyses/ERR868172/artifacts/fragment/phantompeakqualtools.log
201fb74c14d465c5ce032bfa940a07f8d0472f64bfe2ca22baa855005a812e52	results/chipseq/production/analyses/ERR868172/artifacts/fragment/phantompeakqualtools.tsv
baca3a31277b41e9471a1f09ea08e2f4c149afe477aa9654c4021cd19ec63199	results/chipseq/production/analyses/ERR868172/artifacts/frip/input_reads_overlapping_ip_peaks.txt
da81408205a5402ade04493a33492112054a6f218d60f34968a464798b2dd4a2	results/chipseq/production/analyses/ERR868172/artifacts/frip/input_total_reads.txt
4bdcfef58f30ea3d847fd1e2bbdba27ca60c4da64485b0832f5aacfb4c948c5a	results/chipseq/production/analyses/ERR868172/artifacts/frip/ip_reads_in_peaks.txt
546e5937862ec5230779c21bdf9739d2f9175e08d4cc8d53f500a4956618ed3b	results/chipseq/production/analyses/ERR868172/artifacts/frip/ip_total_reads.txt
7f472d4e521d9502f5e9803f96729e671e8531d2b1619df54e582c368ed8919e	results/chipseq/production/analyses/ERR868172/artifacts/ip_processing_qc/alignment_qc.json
1ac17c187ca6b1193ffe3333a21ab1fafc79ed875a35f967828b7bbd8191ea7d	results/chipseq/production/analyses/ERR868172/artifacts/ip_processing_qc/fastp.html
ccfda192eceb5325cb55d560e561a320e6ee757bfb54e1e66b7e0eddadcdebbd	results/chipseq/production/analyses/ERR868172/artifacts/ip_processing_qc/fastp.json
7dea14cd1804e20f336ec895b3fc4c24979e1755d36a52bd2aa2f75445c5a57e	results/chipseq/production/analyses/ERR868172/artifacts/ip_processing_qc/fastqc/ERR868172_fastqc.html
c548fe10e2bcf94a73400c9539e13f67982ba846166c9f486106650a78d0d8f8	results/chipseq/production/analyses/ERR868172/artifacts/ip_processing_qc/fastqc/ERR868172_fastqc.zip
fc51329c03903f4bccea59dbcc5fc93d59e6fa4727451d37fcf74ab2cf19cae5	results/chipseq/production/analyses/ERR868172/artifacts/ip_processing_qc/filtered_validation.json
50c3c8d10c4147df30332645900fafcbe96c0495cff08e249522694350e7eaab	results/chipseq/production/analyses/ERR868172/artifacts/ip_processing_qc/filtering_flow.tsv
42a007d90d397c87c3f36cbf5d4a3fecb1682e8d3dc16f6a7329ac46bd90fbd9	results/chipseq/production/analyses/ERR868172/artifacts/ip_processing_qc/filtering_qc.json
04ba8ab3f0996f1784eb08b61cd86ff2618b5955bb72194c3482cf610f02d637	results/chipseq/production/analyses/ERR868172/artifacts/ip_processing_qc/picard.log
e9b79cdc2a73bc55df2c2d8f9106ebfe5e86ccf9c9b0ffd3681defa201696f90	results/chipseq/production/analyses/ERR868172/artifacts/ip_processing_qc/picard_metrics.txt
25a2a56746ce856a7b444ff567109a5f9d6d7032c0eaa99acabd5fbc59ddf690	results/chipseq/production/analyses/ERR868172/artifacts/macs3.log
e072b382d65526ccf7e7e7d6dd81e65a736d3dd55ac9dc784bdd83569efaba3c	results/chipseq/production/analyses/ERR868172/artifacts/macs3_version.txt
8d594629c573eb0e42fb84bb8a7b1810a8352a9d6a2081783eeb615d2b7954e2	results/chipseq/production/analyses/ERR868172/artifacts/maximum_scratch_usage.tsv
ec6e021df2db649b474f2f79722dbe36b1f27d77ec4418f6a90221894d0f400b	results/chipseq/production/analyses/ERR868172/artifacts/parameters.json
022f3d49597a606fc22b496556b93a2af51ba32a0cb83ecff1b1874edec86186	results/chipseq/production/analyses/ERR868172/artifacts/peak_qc.json
965b7f1f882ca330b461c553f48064a021fc5ac5851cee9c512f55402f1643e7	results/chipseq/production/analyses/ERR868172/artifacts/peaks/ERR868172_control_lambda.bdg.gz
0e6b421cd3c18dfc6948bce0add46e351f1aab4b914ac7b93216cb8c4441736c	results/chipseq/production/analyses/ERR868172/artifacts/peaks/ERR868172_peaks.broadPeak
ba406bb7820dbb4dc0466d866676ddd9b249f83cc6634f9c419dc1584844094d	results/chipseq/production/analyses/ERR868172/artifacts/peaks/ERR868172_peaks.gappedPeak
98843910990977f0199d4dc60a615bf4fae415e94f07eb9826a719813e51300f	results/chipseq/production/analyses/ERR868172/artifacts/peaks/ERR868172_peaks.xls
3c32cff0fccfb76a2904ffedb580239b2059f61203a2331f1316979b6fdf2eae	results/chipseq/production/analyses/ERR868172/artifacts/peaks/ERR868172_treat_pileup.bdg.gz
6cbce5772d163bc3d72c90a000d7b5570096399b500df9cce1f10293bd5f82b7	results/chipseq/production/analyses/ERR868172/artifacts/processing_logs/ERR868172_ip_download.log
f18f377185842bb1f04616f86c20afe3bbbb29d2a5401f252fbbdbc5df7ce8be	results/chipseq/production/analyses/ERR868172/artifacts/processing_logs/ERR868172_ip_fastp.log
894bdb9093cf752da19990648a3f8118658094a79e3a37d0c948dae66bc442fc	results/chipseq/production/analyses/ERR868172/artifacts/processing_logs/ERR868172_ip_fastqc.log
4b875b5746048bd17269772a3dd920c8739a66470c33e9b5d7ab602ef34f330b	results/chipseq/production/analyses/ERR868172/artifacts/processing_logs/control_reuse_validation.json
dd24b4177721dbb89c57380af1087089ceae8c693bc26e341c1e96de2c77cf5f	results/chipseq/production/analyses/ERR868172/artifacts/processing_logs/environment_creation.log
2b453b38ed75840e8cba4018deff96e2ae40be95ae1758dcede257d06ee2cc71	results/chipseq/production/analyses/ERR868172/artifacts/processing_logs/reference_validation.json
b5727316492f74cb8529b75f41c6baaba307e885d34852a9044bf9ca8cd667fb	results/chipseq/production/analyses/ERR868172/artifacts/processing_logs/source_validation.log
98cd7916b427c9f3138057d2b151a0cedf23e638e84dcb764916b8cf64e3b1c2	results/chipseq/production/analyses/ERR868172/artifacts/provenance/runtime_manifest.json
1cc2e39945b4fd7ab7101fbb58905c4f7a6f7ebc795cc86533fa6ed184dffdbd	results/chipseq/production/analyses/ERR868172/artifacts/provenance/source.sha256
20e2812d6b90bd159af3d83fbd42ab8100ca5578c137f3f407af262f037b22cf	results/chipseq/production/analyses/ERR868172/artifacts/provenance/submission_plan.json
f2ca8f0869aa9c4ea88fce62835e251e8bd1d01668f538aaecd3f58218608155	results/chipseq/production/analyses/ERR868172/artifacts/provenance.json
08e703136317a53b6fe387be4f67e8ed60223ed9ba0b5757de9dc24906f84f0e	results/chipseq/production/analyses/ERR868172/artifacts/scratch_monitor.tsv
3f897afa39b5e2938d78a9e3a4c64ca0d97b50e89d8569938bfad992a43290f7	results/chipseq/production/analyses/ERR868172/artifacts/signal_compression.json
0577f8bb261a44762497546cb1f7738a91b91633e8a6b48de3eb61dd82e00fcf	results/chipseq/production/analyses/ERR868172/artifacts/software_versions/bedtools.txt
c6be955672fce7ad7a7fdb1de81ed39f6712df84be7c3b4df82ca0dd4d630a6a	results/chipseq/production/analyses/ERR868172/artifacts/software_versions/bowtie2.txt
683d2fabd8a5f4a7637f637049f8998f91fc8eca217cef359af3fa7f6661ae98	results/chipseq/production/analyses/ERR868172/artifacts/software_versions/environment_explicit.txt
a8de9d0571711205d415267177699369782156f2436c8cd503c3ddb0fab09a73	results/chipseq/production/analyses/ERR868172/artifacts/software_versions/fastp.txt
55fb0321e501d73fc707e5bae2bffebaaf788b949fc629502d04528d01b65160	results/chipseq/production/analyses/ERR868172/artifacts/software_versions/fastqc.txt
e072b382d65526ccf7e7e7d6dd81e65a736d3dd55ac9dc784bdd83569efaba3c	results/chipseq/production/analyses/ERR868172/artifacts/software_versions/macs3.txt
883a9a5630ad235602dcdab81d0c025ce0cb0b3c22ec5db748a65154ffd74c69	results/chipseq/production/analyses/ERR868172/artifacts/software_versions/picard.txt
dcf13eeb5c3ca9c63217c3a4522139fb45382800aa7128b947ab9066c21925d5	results/chipseq/production/analyses/ERR868172/artifacts/software_versions/python.txt
588cf00bde3c0859753afbf559cda71e48d29a7a2c2f4b960c9b1712b8afba16	results/chipseq/production/analyses/ERR868172/artifacts/software_versions/samtools.txt
9bc8bfcbd996dbf99ce408fb34238fbf9308bc9c6a02cec1f767ff4a045352cd	results/chipseq/production/analyses/ERR868173/artifacts/disk_usage.tsv
80b273df8ca85d22d3222ea19c7a68e73d3a5aa5c944061a2fc457add3057bae	results/chipseq/production/analyses/ERR868173/artifacts/fragment/cross_correlation.pdf
1d4e50be2dc73d139dde0cfd415925253d85b65504a5bbe940e89c83ede03b0c	results/chipseq/production/analyses/ERR868173/artifacts/fragment/fragment_estimate.json
945ac26a1c3f228686a5ff513a7ba0c78bdf895e917c4aca1f6f17c5bc7f1e0d	results/chipseq/production/analyses/ERR868173/artifacts/fragment/fragment_size_provenance.json
1fa331e2dfe3d864ab810a1e31d2b2b4ef59691705cc2c65e1a70141221c933c	results/chipseq/production/analyses/ERR868173/artifacts/fragment/phantompeakqualtools.log
204d7d117d6c19d75606a5e5233f113a20b3993ebafb9499daa50bc2d08f8765	results/chipseq/production/analyses/ERR868173/artifacts/fragment/phantompeakqualtools.tsv
559df0783e19a1625a0289fe828b76249fc553f36ea498826e7739e372b4fa11	results/chipseq/production/analyses/ERR868173/artifacts/frip/input_reads_overlapping_ip_peaks.txt
da81408205a5402ade04493a33492112054a6f218d60f34968a464798b2dd4a2	results/chipseq/production/analyses/ERR868173/artifacts/frip/input_total_reads.txt
fefa3dc299373f189d9f54da4a57d3b4dfdc85031b39a330f9ccd343e9a3c2ca	results/chipseq/production/analyses/ERR868173/artifacts/frip/ip_reads_in_peaks.txt
3e148e9838921b900f3bff2066a593b371f088f681f9e7cc94f8ecbce56bba1d	results/chipseq/production/analyses/ERR868173/artifacts/frip/ip_total_reads.txt
bd9be9a30633e3d6d7966cf1e0e0a20afeee0b78e0283131b48bcc21efb0d7ae	results/chipseq/production/analyses/ERR868173/artifacts/ip_processing_qc/alignment_qc.json
3198dd855b84dcf2dd4ebe371b3137c8f0a9622c2c791b397e20a091f1ecc937	results/chipseq/production/analyses/ERR868173/artifacts/ip_processing_qc/fastp.html
b0927e0fa90863c5ee91f60ddbb3b5f30ee2cce8b9b674d013a003a9d3cc59e2	results/chipseq/production/analyses/ERR868173/artifacts/ip_processing_qc/fastp.json
7b0bad34732e4ad3f1526a81d0e7fc60fe1c0bebe13bdbc18274e852a00661cb	results/chipseq/production/analyses/ERR868173/artifacts/ip_processing_qc/fastqc/ERR868173_fastqc.html
d75dff90c1eef01c2c85b93a7a0e888c08d26623dd544c91d66f4086702e7723	results/chipseq/production/analyses/ERR868173/artifacts/ip_processing_qc/fastqc/ERR868173_fastqc.zip
a63dc56bc774ca89a283730a51766bc0ce935950d28715c4a2a57d12a94e15f4	results/chipseq/production/analyses/ERR868173/artifacts/ip_processing_qc/filtered_validation.json
04b39428309445944ad942ef60806fb7dc8ad4fc636a5aa71f414982dc95b6d8	results/chipseq/production/analyses/ERR868173/artifacts/ip_processing_qc/filtering_flow.tsv
5207c5018048d6709ec6aa3f55d739dbb510495d246f8eeb5eea3621ca6d3423	results/chipseq/production/analyses/ERR868173/artifacts/ip_processing_qc/filtering_qc.json
76ff803bb457a0f807259e2e6a360c15bc2286437054ed25a73cb5bde8acec91	results/chipseq/production/analyses/ERR868173/artifacts/ip_processing_qc/picard.log
f3ba561c17864ae0b556417292bc7eff91aed98858b307fd440ccf84309e739f	results/chipseq/production/analyses/ERR868173/artifacts/ip_processing_qc/picard_metrics.txt
901aa6744810a462c01a45749d28dc72b2f213eb61aef3992b634dfdb28f8ff5	results/chipseq/production/analyses/ERR868173/artifacts/macs3.log
e072b382d65526ccf7e7e7d6dd81e65a736d3dd55ac9dc784bdd83569efaba3c	results/chipseq/production/analyses/ERR868173/artifacts/macs3_version.txt
23520cbfab980bb054223c2c66a8dd99b6f2792ccb0b01c6a9ec7556cd74b1fc	results/chipseq/production/analyses/ERR868173/artifacts/maximum_scratch_usage.tsv
d502534f4a1b4249f3751c415fae6c62d16977f6816b5f53e4ece63d9acc8b10	results/chipseq/production/analyses/ERR868173/artifacts/parameters.json
cf3426d4fb0db631302300a44d1196023e5cd071c67cba915e6184a50fb195a4	results/chipseq/production/analyses/ERR868173/artifacts/peak_qc.json
2c93b593610ec73d9938e36c62b1a659618519c6dbdbae7722208114abec5e7f	results/chipseq/production/analyses/ERR868173/artifacts/peaks/ERR868173_control_lambda.bdg.gz
857e86c4f3ea06282043a2f0b390627383a9d6d8d313895660630de6f99cb18d	results/chipseq/production/analyses/ERR868173/artifacts/peaks/ERR868173_peaks.broadPeak
bab526de3afd6099d002b856b835150713b330151a960fe140b1e8d40ffe4548	results/chipseq/production/analyses/ERR868173/artifacts/peaks/ERR868173_peaks.gappedPeak
3075d521734f99c665ff125a4b43a7445e150aa440778981230584b1819b1bfa	results/chipseq/production/analyses/ERR868173/artifacts/peaks/ERR868173_peaks.xls
d25ed8ac7881d0b5f12f173e8cc678a27f7b676472c109ff259012808d7ec255	results/chipseq/production/analyses/ERR868173/artifacts/peaks/ERR868173_treat_pileup.bdg.gz
e927fec8df8698c9f20d0ad43a01eecf2ad21d0799ed0521853f7c2f0a48de5b	results/chipseq/production/analyses/ERR868173/artifacts/processing_logs/ERR868173_ip_download.log
93515385d10ec0810a6e72f8144f5283df02843b302c50d35a8548771206a06f	results/chipseq/production/analyses/ERR868173/artifacts/processing_logs/ERR868173_ip_fastp.log
6ad85fba0df5f6f48ffa6036b4f2412fa9ace0fe66d526477d4275e3777f857a	results/chipseq/production/analyses/ERR868173/artifacts/processing_logs/ERR868173_ip_fastqc.log
4b875b5746048bd17269772a3dd920c8739a66470c33e9b5d7ab602ef34f330b	results/chipseq/production/analyses/ERR868173/artifacts/processing_logs/control_reuse_validation.json
850561e68d9875afaadd5bb6e9d453692b9da719ba363ac2f95541fd026a4292	results/chipseq/production/analyses/ERR868173/artifacts/processing_logs/environment_creation.log
2b453b38ed75840e8cba4018deff96e2ae40be95ae1758dcede257d06ee2cc71	results/chipseq/production/analyses/ERR868173/artifacts/processing_logs/reference_validation.json
b5727316492f74cb8529b75f41c6baaba307e885d34852a9044bf9ca8cd667fb	results/chipseq/production/analyses/ERR868173/artifacts/processing_logs/source_validation.log
5832a3c7a1c6b3e446f0cdbd097bc2e40b482be3470faac49c546811c10501ff	results/chipseq/production/analyses/ERR868173/artifacts/provenance/runtime_manifest.json
1cc2e39945b4fd7ab7101fbb58905c4f7a6f7ebc795cc86533fa6ed184dffdbd	results/chipseq/production/analyses/ERR868173/artifacts/provenance/source.sha256
a7ef7297011367dbaa4fa6712c9bccdba6209410cfeccf047ac22c063bf7d0fb	results/chipseq/production/analyses/ERR868173/artifacts/provenance/submission_plan.json
c2f621c01b773b32d82eceb9c171f577deba15a960e9f08c8d9d7566d075cd19	results/chipseq/production/analyses/ERR868173/artifacts/provenance.json
80425c613c7f4e945651afc25bdb4b19910bfa75b554aef83a9e3c787a0bd1c9	results/chipseq/production/analyses/ERR868173/artifacts/scratch_monitor.tsv
95a5d85a6539263592e2bbb865de2160c808f083f50a7600cd3992beec013ec0	results/chipseq/production/analyses/ERR868173/artifacts/signal_compression.json
0577f8bb261a44762497546cb1f7738a91b91633e8a6b48de3eb61dd82e00fcf	results/chipseq/production/analyses/ERR868173/artifacts/software_versions/bedtools.txt
bbfa9e1b78b3bffc0ecc515a46cd897a4b1d469ac8d4174bf3abe357cb959093	results/chipseq/production/analyses/ERR868173/artifacts/software_versions/bowtie2.txt
683d2fabd8a5f4a7637f637049f8998f91fc8eca217cef359af3fa7f6661ae98	results/chipseq/production/analyses/ERR868173/artifacts/software_versions/environment_explicit.txt
a8de9d0571711205d415267177699369782156f2436c8cd503c3ddb0fab09a73	results/chipseq/production/analyses/ERR868173/artifacts/software_versions/fastp.txt
a0d9cc441f41c240d0483c7512713282f3e64752fff8d68289d89d9ac6ae4f93	results/chipseq/production/analyses/ERR868173/artifacts/software_versions/fastqc.txt
e072b382d65526ccf7e7e7d6dd81e65a736d3dd55ac9dc784bdd83569efaba3c	results/chipseq/production/analyses/ERR868173/artifacts/software_versions/macs3.txt
883a9a5630ad235602dcdab81d0c025ce0cb0b3c22ec5db748a65154ffd74c69	results/chipseq/production/analyses/ERR868173/artifacts/software_versions/picard.txt
dcf13eeb5c3ca9c63217c3a4522139fb45382800aa7128b947ab9066c21925d5	results/chipseq/production/analyses/ERR868173/artifacts/software_versions/python.txt
3e5e29f6ced9f932c4fd669f04f9303bf92984caf1e91f701b3030248bfaff0b	results/chipseq/production/analyses/ERR868173/artifacts/software_versions/samtools.txt
69aac0fd3839fffb1ba3e5ac651f3cd5d9bfd46a57bb85cd2d4473247d54d99d	results/chipseq/production/analyses/ERR868174/artifacts/disk_usage.tsv
0de9d5074a5e60e813066fbaeea451e380b4f985608870b7b93815e2192a6a1b	results/chipseq/production/analyses/ERR868174/artifacts/fragment/cross_correlation.pdf
2cb33d7b7edd84043ca33cfa748470883922a1e343385f7346ae5079877b4cad	results/chipseq/production/analyses/ERR868174/artifacts/fragment/fragment_estimate.json
87daa7e455185e585d2c1a82484e88b0d4c6176358281a3aa6b25cf4b94f7a6c	results/chipseq/production/analyses/ERR868174/artifacts/fragment/fragment_size_provenance.json
c96cc459e536b75dcbc205c73ed88549d35b2e02e4c3f433d0328211146db596	results/chipseq/production/analyses/ERR868174/artifacts/fragment/phantompeakqualtools.log
604254af8f655a8ff03ccab5a8097ced29d599d089c6f14d033f639ba5311090	results/chipseq/production/analyses/ERR868174/artifacts/fragment/phantompeakqualtools.tsv
9e956392b7d279b3211032c15ae92b5bc258bf63bb3cb98b5669247fbbc7dadd	results/chipseq/production/analyses/ERR868174/artifacts/frip/input_reads_overlapping_ip_peaks.txt
da81408205a5402ade04493a33492112054a6f218d60f34968a464798b2dd4a2	results/chipseq/production/analyses/ERR868174/artifacts/frip/input_total_reads.txt
0539032c01ef82e05b3752446ca5db866151757ae05b014c3d982a6bbe7b734f	results/chipseq/production/analyses/ERR868174/artifacts/frip/ip_reads_in_peaks.txt
95dfdff408c1499f1b091ff367a06465ebd38ada6954b2b0f4e30eda5216df49	results/chipseq/production/analyses/ERR868174/artifacts/frip/ip_total_reads.txt
98cf4f4c679bc1ce01b8b4c7871cb2e0deb91b6254a4d7c2956680440ba8e6db	results/chipseq/production/analyses/ERR868174/artifacts/ip_processing_qc/alignment_qc.json
3d01caffca6bf6e42720af4fe97c978e08e1f204e97079f5c0d9f64c9cf76383	results/chipseq/production/analyses/ERR868174/artifacts/ip_processing_qc/fastp.html
bf1b7b3d027d467a142b36df8495a64cd48199978efaf748b18a985ccb041bf9	results/chipseq/production/analyses/ERR868174/artifacts/ip_processing_qc/fastp.json
e5d662a614d907a2c90b9c3162186994c31ca06a27d7c9cebf7249d2537bd972	results/chipseq/production/analyses/ERR868174/artifacts/ip_processing_qc/fastqc/ERR868174_fastqc.html
514e3ecce7351958328d1606656d05efbf928da8c172d980c52fb9c367ef25c3	results/chipseq/production/analyses/ERR868174/artifacts/ip_processing_qc/fastqc/ERR868174_fastqc.zip
960eb3e7c20fca39283091c9b375bfcba751586e640e531b40ef22bbb8fd9465	results/chipseq/production/analyses/ERR868174/artifacts/ip_processing_qc/filtered_validation.json
6c61b824dc1474bfa5eb73fcb0177014e00178ad33aa4e531e6ad75b4d466791	results/chipseq/production/analyses/ERR868174/artifacts/ip_processing_qc/filtering_flow.tsv
a8de0e21818cca74bd3fce0e3bfd74b25dc611b6443f2a6864140985429e7e3f	results/chipseq/production/analyses/ERR868174/artifacts/ip_processing_qc/filtering_qc.json
06fd85986d9b8d6f6fb54cf6f954a73559548a554e934c442da627ef77d363d0	results/chipseq/production/analyses/ERR868174/artifacts/ip_processing_qc/picard.log
3ba40ee4b180c9ed437d8a6975bc56648b43c2b2c2adda2af1ff963662ceef5a	results/chipseq/production/analyses/ERR868174/artifacts/ip_processing_qc/picard_metrics.txt
8c5fdb0ab2ac630abf1e349f80f23656055dcac9d0473b35031c3f7caea4d561	results/chipseq/production/analyses/ERR868174/artifacts/macs3.log
e072b382d65526ccf7e7e7d6dd81e65a736d3dd55ac9dc784bdd83569efaba3c	results/chipseq/production/analyses/ERR868174/artifacts/macs3_version.txt
89ab5d9b64999d1ffa757a482b59bc4feb7f3709e83a86ea31f6cbccb823dd84	results/chipseq/production/analyses/ERR868174/artifacts/maximum_scratch_usage.tsv
10e7747aab02b94201cf6e916850bac52dcf691cd818a237bb526c486aec46a5	results/chipseq/production/analyses/ERR868174/artifacts/parameters.json
5999ec8d3faaad9021a9389a913a56ff8a15505e2bd69ae0e755a4490af1bb66	results/chipseq/production/analyses/ERR868174/artifacts/peak_qc.json
af8f535599e7c32f4406bce9778e4a23ea673a508b56ab8c88f058474eb35c28	results/chipseq/production/analyses/ERR868174/artifacts/peaks/ERR868174_control_lambda.bdg.gz
a57b5665eb4e552b71157b539493a9a53b8c723d1d9c1dc5b0757a0b4c5970b4	results/chipseq/production/analyses/ERR868174/artifacts/peaks/ERR868174_peaks.broadPeak
54441e8095fe5e196c49a99db835d259977cbed17d44036e8cd0919fe8d01978	results/chipseq/production/analyses/ERR868174/artifacts/peaks/ERR868174_peaks.gappedPeak
9da55f5654b30d8b4da43239c32232994441b5e59b9e27407267b7bac6a47510	results/chipseq/production/analyses/ERR868174/artifacts/peaks/ERR868174_peaks.xls
38a75fe26cfaba86df7b3ca799cb56d318df93261d26470643a039a1824735e0	results/chipseq/production/analyses/ERR868174/artifacts/peaks/ERR868174_treat_pileup.bdg.gz
e307926e45420b24256de45d19caea6789dc76e2edb637a702f314d41e3f0921	results/chipseq/production/analyses/ERR868174/artifacts/processing_logs/ERR868174_ip_download.log
e23b80fd44b7782b4d6649e6a78aad1f67ef406a3c4b5e7672a9633fb994074d	results/chipseq/production/analyses/ERR868174/artifacts/processing_logs/ERR868174_ip_fastp.log
cfd5dcb1ce94b96b992b2587251fc20e5fbaf0c5ff553f264b54c9555f18f495	results/chipseq/production/analyses/ERR868174/artifacts/processing_logs/ERR868174_ip_fastqc.log
4b875b5746048bd17269772a3dd920c8739a66470c33e9b5d7ab602ef34f330b	results/chipseq/production/analyses/ERR868174/artifacts/processing_logs/control_reuse_validation.json
e98bfcc367b8bb5b35196efb904e386596420885c88f62bba1eaffee0b8fe13c	results/chipseq/production/analyses/ERR868174/artifacts/processing_logs/environment_creation.log
2b453b38ed75840e8cba4018deff96e2ae40be95ae1758dcede257d06ee2cc71	results/chipseq/production/analyses/ERR868174/artifacts/processing_logs/reference_validation.json
b5727316492f74cb8529b75f41c6baaba307e885d34852a9044bf9ca8cd667fb	results/chipseq/production/analyses/ERR868174/artifacts/processing_logs/source_validation.log
238dc3771c935a5e5cd93de688b36d51da307f76b65ac544f58cf84a2e6ad58c	results/chipseq/production/analyses/ERR868174/artifacts/provenance/runtime_manifest.json
1cc2e39945b4fd7ab7101fbb58905c4f7a6f7ebc795cc86533fa6ed184dffdbd	results/chipseq/production/analyses/ERR868174/artifacts/provenance/source.sha256
aacd8216d6a1ccc6ca6e2a3e599b1c59c9a0e5ee41cd300a35441bcf56cfca92	results/chipseq/production/analyses/ERR868174/artifacts/provenance/submission_plan.json
ade449458c74f8873baffb1da8c38ec4020b43ccd1694316daf3cedcb7cc3618	results/chipseq/production/analyses/ERR868174/artifacts/provenance.json
d87ce629f6e501f1bc898fabce5794ed2fd6be6ce2507b2489efbd81821c5ad4	results/chipseq/production/analyses/ERR868174/artifacts/scratch_monitor.tsv
2a338fb035857e59073a81b0c52b683ec8088eb21b04ac442f75e2e7c69b7175	results/chipseq/production/analyses/ERR868174/artifacts/signal_compression.json
0577f8bb261a44762497546cb1f7738a91b91633e8a6b48de3eb61dd82e00fcf	results/chipseq/production/analyses/ERR868174/artifacts/software_versions/bedtools.txt
400f2e66a3b2a61f21dc6f3f7570d810d221169d1fa11f183eccc2404b7deb36	results/chipseq/production/analyses/ERR868174/artifacts/software_versions/bowtie2.txt
683d2fabd8a5f4a7637f637049f8998f91fc8eca217cef359af3fa7f6661ae98	results/chipseq/production/analyses/ERR868174/artifacts/software_versions/environment_explicit.txt
a8de9d0571711205d415267177699369782156f2436c8cd503c3ddb0fab09a73	results/chipseq/production/analyses/ERR868174/artifacts/software_versions/fastp.txt
39040b491b6fdb6db6a031dca323623dfde39cb11aa4d69cdd0f7c700423dfda	results/chipseq/production/analyses/ERR868174/artifacts/software_versions/fastqc.txt
e072b382d65526ccf7e7e7d6dd81e65a736d3dd55ac9dc784bdd83569efaba3c	results/chipseq/production/analyses/ERR868174/artifacts/software_versions/macs3.txt
883a9a5630ad235602dcdab81d0c025ce0cb0b3c22ec5db748a65154ffd74c69	results/chipseq/production/analyses/ERR868174/artifacts/software_versions/picard.txt
dcf13eeb5c3ca9c63217c3a4522139fb45382800aa7128b947ab9066c21925d5	results/chipseq/production/analyses/ERR868174/artifacts/software_versions/python.txt
d2cd0ae260a45f1bd7b01b58ae62395dab9a371134d40c835d45ac49f83a7caa	results/chipseq/production/analyses/ERR868174/artifacts/software_versions/samtools.txt
d2c3255453e2c8e12a2a6bfb058560985b152735146122d3ff8b253f64fb5ffc	results/chipseq/production/analyses/ERR868175/artifacts/disk_usage.tsv
f7bf786f12bb2f00104027cf6834dc476b176a535ba3a5e1861d727872f909df	results/chipseq/production/analyses/ERR868175/artifacts/fragment/cross_correlation.pdf
f95ca6d24937a89cff6d858adabc62566658ad4ac7588e1d941e0ba56a99d8fc	results/chipseq/production/analyses/ERR868175/artifacts/fragment/fragment_estimate.json
5a3f780d28b9133dc2087553482ae793e689c3acb2effe11d8f911cd50d9d742	results/chipseq/production/analyses/ERR868175/artifacts/fragment/fragment_size_provenance.json
5a6b5334067f42ae9f028421e84d03be5e60d727f8c95332213a2f15d0c4c385	results/chipseq/production/analyses/ERR868175/artifacts/fragment/phantompeakqualtools.log
9c6be4e8232026465287cec624ba5a19d7cb4de8c577d19b414bf8d2a1e9ca8e	results/chipseq/production/analyses/ERR868175/artifacts/fragment/phantompeakqualtools.tsv
e003ea487e8ca73159d8aa7edef6c42fc1800c89e0e12562a41419f0d977b8fb	results/chipseq/production/analyses/ERR868175/artifacts/frip/input_reads_overlapping_ip_peaks.txt
da81408205a5402ade04493a33492112054a6f218d60f34968a464798b2dd4a2	results/chipseq/production/analyses/ERR868175/artifacts/frip/input_total_reads.txt
fe5f630377b0519ef410eeca108f86237ba7237e142ba5b415418b8f7e6e94fa	results/chipseq/production/analyses/ERR868175/artifacts/frip/ip_reads_in_peaks.txt
6b67dee0da0d6f823681a1a75e846c5ee9fecbf990c94902c91b72ed5a710cfc	results/chipseq/production/analyses/ERR868175/artifacts/frip/ip_total_reads.txt
aeab0ffe3904000b58adae252b2847c523f0e8194180447e9fe1fb31e3c3015a	results/chipseq/production/analyses/ERR868175/artifacts/ip_processing_qc/alignment_qc.json
59810a7fd228016a19cc0fd6be1e2081df599ce0ec06873b80c75d9e04fdb88e	results/chipseq/production/analyses/ERR868175/artifacts/ip_processing_qc/fastp.html
35373ae6b5f30b05556acd64dddc2bde4eaa06519d1a64d15c029b5d06149959	results/chipseq/production/analyses/ERR868175/artifacts/ip_processing_qc/fastp.json
63db32a61d9fa524b9170d14cabd257132856034fd5d23e8575803696b0a49de	results/chipseq/production/analyses/ERR868175/artifacts/ip_processing_qc/fastqc/ERR868175_fastqc.html
596716dc86152676e255f174c56a8a077dbbaf41ba5238d40ca30bbaafb2475a	results/chipseq/production/analyses/ERR868175/artifacts/ip_processing_qc/fastqc/ERR868175_fastqc.zip
af7831c58604fde8c02d44f5baa06eaa7c9c9e6506c03f9764df47734926f4cb	results/chipseq/production/analyses/ERR868175/artifacts/ip_processing_qc/filtered_validation.json
c8ba6d72f51074bf1724a4406885ead51269e7bdf784f1cdc205ff990e4c6fd1	results/chipseq/production/analyses/ERR868175/artifacts/ip_processing_qc/filtering_flow.tsv
c900fae7f13115d7fb85af30fc928bb0fd9c89ddeaf8409991d661e9f1211edf	results/chipseq/production/analyses/ERR868175/artifacts/ip_processing_qc/filtering_qc.json
6890b211e8d0c09bc2bca2dd34c06b2fed23a2256a3081606f445e37c852e7f7	results/chipseq/production/analyses/ERR868175/artifacts/ip_processing_qc/picard.log
28d671267ddc7c400aa906a1e65ed08b752eb0d3ec27c9221d297974a52fb892	results/chipseq/production/analyses/ERR868175/artifacts/ip_processing_qc/picard_metrics.txt
96e255867449b0eac175f0d93955cfb1e5e5a91335c0328bbdb88e219a930c6a	results/chipseq/production/analyses/ERR868175/artifacts/macs3.log
e072b382d65526ccf7e7e7d6dd81e65a736d3dd55ac9dc784bdd83569efaba3c	results/chipseq/production/analyses/ERR868175/artifacts/macs3_version.txt
7052dad93f78396871bc6be56b073661eca819d5404d6c81fa54160bff3f4bd9	results/chipseq/production/analyses/ERR868175/artifacts/maximum_scratch_usage.tsv
93b5dce5a5ed99926f73486531e4904e9bd1e228104855f7a76d63f66c1a406e	results/chipseq/production/analyses/ERR868175/artifacts/parameters.json
1c6195e4291dc4264edd2c3c880b5daa84516b68413bcf3316416383d792d3f8	results/chipseq/production/analyses/ERR868175/artifacts/peak_qc.json
3960599ba2c9481c9bccc2748f4a21ebc532e5047c80800ecf34b1f891c0d66b	results/chipseq/production/analyses/ERR868175/artifacts/peaks/ERR868175_control_lambda.bdg.gz
f86242356288dc7a59a5f0a80eca59b298f371cf001416c91e2c4a6d0a332e24	results/chipseq/production/analyses/ERR868175/artifacts/peaks/ERR868175_peaks.narrowPeak
356102199f88ae519016b961c5e7c9c7eddd77ea23d24a66297ebbabe7ee1c64	results/chipseq/production/analyses/ERR868175/artifacts/peaks/ERR868175_peaks.xls
67651e0d0455d0378dd5cf473b68e3e197cba6bdce9dac0c24832ee83b8835ba	results/chipseq/production/analyses/ERR868175/artifacts/peaks/ERR868175_summits.bed
51716c9924586435b87c4b031aa765be5d943d293210ce2bc506f37d0bc99080	results/chipseq/production/analyses/ERR868175/artifacts/peaks/ERR868175_treat_pileup.bdg.gz
bd483cb1acebe6f645387abe917ce594f24262e1283dc325f2edc3938807c825	results/chipseq/production/analyses/ERR868175/artifacts/processing_logs/ERR868175_ip_download.log
058a5568f8dce10289e5dae6cb354c55af300cc0d06267f09a151b53f63d133f	results/chipseq/production/analyses/ERR868175/artifacts/processing_logs/ERR868175_ip_fastp.log
2eb11fd069c09f50381f0c6627467cac5244cecbd3381da127ae4929dc94c93a	results/chipseq/production/analyses/ERR868175/artifacts/processing_logs/ERR868175_ip_fastqc.log
4b875b5746048bd17269772a3dd920c8739a66470c33e9b5d7ab602ef34f330b	results/chipseq/production/analyses/ERR868175/artifacts/processing_logs/control_reuse_validation.json
0462649497ad4545bd2234e613669da7e9658aa37b0a14e7b945aeca628990af	results/chipseq/production/analyses/ERR868175/artifacts/processing_logs/environment_creation.log
2b453b38ed75840e8cba4018deff96e2ae40be95ae1758dcede257d06ee2cc71	results/chipseq/production/analyses/ERR868175/artifacts/processing_logs/reference_validation.json
b5727316492f74cb8529b75f41c6baaba307e885d34852a9044bf9ca8cd667fb	results/chipseq/production/analyses/ERR868175/artifacts/processing_logs/source_validation.log
3ae9cb683cd5e4d914ed84fa972a4536e1502ab101659639cca888b389565d09	results/chipseq/production/analyses/ERR868175/artifacts/provenance/runtime_manifest.json
1cc2e39945b4fd7ab7101fbb58905c4f7a6f7ebc795cc86533fa6ed184dffdbd	results/chipseq/production/analyses/ERR868175/artifacts/provenance/source.sha256
9281c75df142d922a72c2312b12fb8073eab74a3aae09dd091ee45693a5f8972	results/chipseq/production/analyses/ERR868175/artifacts/provenance/submission_plan.json
8529714242f499391acd47220bac97ea537878926b052147ad0fa0caec43d75b	results/chipseq/production/analyses/ERR868175/artifacts/provenance.json
7ebff065225ba63abf7e4af58181a3b548156a28abafb0ebbdd8b8102d070d73	results/chipseq/production/analyses/ERR868175/artifacts/scratch_monitor.tsv
255fb3567ed0a505df1ddf40198ba62611412bfbd3dc108d5e286d061a0ea33e	results/chipseq/production/analyses/ERR868175/artifacts/signal_compression.json
0577f8bb261a44762497546cb1f7738a91b91633e8a6b48de3eb61dd82e00fcf	results/chipseq/production/analyses/ERR868175/artifacts/software_versions/bedtools.txt
5e4ea25660228ecb6cd578af15cdce59e49f9d043c0043c40100bbf7ea140d1a	results/chipseq/production/analyses/ERR868175/artifacts/software_versions/bowtie2.txt
683d2fabd8a5f4a7637f637049f8998f91fc8eca217cef359af3fa7f6661ae98	results/chipseq/production/analyses/ERR868175/artifacts/software_versions/environment_explicit.txt
a8de9d0571711205d415267177699369782156f2436c8cd503c3ddb0fab09a73	results/chipseq/production/analyses/ERR868175/artifacts/software_versions/fastp.txt
7f410aa8a063935f8476efccee48cbd281aed8843cc6d6362a81e62eec1d29e2	results/chipseq/production/analyses/ERR868175/artifacts/software_versions/fastqc.txt
e072b382d65526ccf7e7e7d6dd81e65a736d3dd55ac9dc784bdd83569efaba3c	results/chipseq/production/analyses/ERR868175/artifacts/software_versions/macs3.txt
883a9a5630ad235602dcdab81d0c025ce0cb0b3c22ec5db748a65154ffd74c69	results/chipseq/production/analyses/ERR868175/artifacts/software_versions/picard.txt
dcf13eeb5c3ca9c63217c3a4522139fb45382800aa7128b947ab9066c21925d5	results/chipseq/production/analyses/ERR868175/artifacts/software_versions/python.txt
8997196d1070dd3dad82307055bfa3df5543b4aa58b3431ff57bbf45d861e2dc	results/chipseq/production/analyses/ERR868175/artifacts/software_versions/samtools.txt
d68b4e5cda120ecb351db6015ccb6d0693d41fdbb2538127abd7ccccef05f814	results/chipseq/production/analyses/ERR868176/artifacts/disk_usage.tsv
87edf79945023d551ce4b112a85560aad31e847e22d95c9e997381778fa19e0a	results/chipseq/production/analyses/ERR868176/artifacts/fragment/cross_correlation.pdf
abfdc5a4f1d0643f3773fb3f19e6c8b676de416624ffd9d591d570d5bdea8070	results/chipseq/production/analyses/ERR868176/artifacts/fragment/fragment_estimate.json
5609eabb0e0a3a771b0ce6368edb3237f7ddd1c366ae6c69a253d7074a4985a1	results/chipseq/production/analyses/ERR868176/artifacts/fragment/fragment_size_provenance.json
5d9152a7f87b7bcaf8c125f2b2282599783b7b41dd733a55198cbbc7f4bf2d74	results/chipseq/production/analyses/ERR868176/artifacts/fragment/phantompeakqualtools.log
97501881744e2df23bf73e8c4dc14e3084c73f30542b3f21499923276890e416	results/chipseq/production/analyses/ERR868176/artifacts/fragment/phantompeakqualtools.tsv
e2b2358cfb233faad55bd6d3a75138e87d12cac6c2be554cf1690a73a1cd982b	results/chipseq/production/analyses/ERR868176/artifacts/frip/input_reads_overlapping_ip_peaks.txt
da81408205a5402ade04493a33492112054a6f218d60f34968a464798b2dd4a2	results/chipseq/production/analyses/ERR868176/artifacts/frip/input_total_reads.txt
4c66c0e79b1c32cc72fada6246a9756942d04668032757e53e25a3005706d5a9	results/chipseq/production/analyses/ERR868176/artifacts/frip/ip_reads_in_peaks.txt
aa1b78c18007900626fc236c55cefe817cdd1b0fcb2bca582597364c6dde4c1c	results/chipseq/production/analyses/ERR868176/artifacts/frip/ip_total_reads.txt
65711692d6e9ff3bc459c51b09b0a9c09ca1e9c1a39023f7313241b13571a995	results/chipseq/production/analyses/ERR868176/artifacts/ip_processing_qc/alignment_qc.json
27bef7452675690abacc815b8fba9a6fb1893d5e5171c124d6686599860168f5	results/chipseq/production/analyses/ERR868176/artifacts/ip_processing_qc/fastp.html
0139bfcdb371d06131a882ff4ffc4e9cbd4885ed8abb87d6e8a0ad4fb473f1fb	results/chipseq/production/analyses/ERR868176/artifacts/ip_processing_qc/fastp.json
86d49720d69f0b733db5ef8ffe12cb08dc3101f48f57e3be6664adf0ba68f5fc	results/chipseq/production/analyses/ERR868176/artifacts/ip_processing_qc/fastqc/ERR868176_fastqc.html
7ca7a39f2a604fc7f6693a207d9155efce21ff5ffc53d94f191c34f0cadd1c59	results/chipseq/production/analyses/ERR868176/artifacts/ip_processing_qc/fastqc/ERR868176_fastqc.zip
3fd4fe5ffb19d72805786d3fc20698db859ba4c7b5ccfa423b64e4bd671ec052	results/chipseq/production/analyses/ERR868176/artifacts/ip_processing_qc/filtered_validation.json
f76a7b8d9f80d4aca1a0b86f12fd202707b1e226c68d9864a9a0c167161da0b8	results/chipseq/production/analyses/ERR868176/artifacts/ip_processing_qc/filtering_flow.tsv
4a765e655ba4fe172fc33934f3a8e7f4f5e8b22de22cb5ef6d365e8b964866c8	results/chipseq/production/analyses/ERR868176/artifacts/ip_processing_qc/filtering_qc.json
797e5bab9e6a4154c12a866722c6fc5ba108c2cd85112da7231a7bc216c845a1	results/chipseq/production/analyses/ERR868176/artifacts/ip_processing_qc/picard.log
3503a336094dd93acd1697b31c6e158bb029e549dd8c9e40636014f526df6605	results/chipseq/production/analyses/ERR868176/artifacts/ip_processing_qc/picard_metrics.txt
14c6c6e0b3922a0b6a0169501ff534f7bfd56feef2a4fb11cdf7213f3395b19a	results/chipseq/production/analyses/ERR868176/artifacts/macs3.log
e072b382d65526ccf7e7e7d6dd81e65a736d3dd55ac9dc784bdd83569efaba3c	results/chipseq/production/analyses/ERR868176/artifacts/macs3_version.txt
6dbff26f62a6d48aea1d107951eed19475f3d1b9868f55e113aab554b2bcc0e6	results/chipseq/production/analyses/ERR868176/artifacts/maximum_scratch_usage.tsv
912d35cc6d2460f224c8cb762ed1aaa2e11b7d03014bf5ccc3b3e503493753b6	results/chipseq/production/analyses/ERR868176/artifacts/parameters.json
cd24c056e4e2cfa867ba94eb11c8c9033955f311c26f7e4dbdbf32e98a13bc42	results/chipseq/production/analyses/ERR868176/artifacts/peak_qc.json
fb1f86680f0715ad28b67045853686a371141b23ffa477db7ac63490ac13e2d9	results/chipseq/production/analyses/ERR868176/artifacts/peaks/ERR868176_control_lambda.bdg.gz
7d3f24ec1b7c0a2f57a703fc4969eb2accfb98ea8bdb56b91fd59435deb1b2ec	results/chipseq/production/analyses/ERR868176/artifacts/peaks/ERR868176_peaks.broadPeak
61e6b743942c79e4fba0780b0cf2a9d775e6f4df9521aa062ef7dda8cefcb094	results/chipseq/production/analyses/ERR868176/artifacts/peaks/ERR868176_peaks.gappedPeak
6fea8c6eb2e4e08a0e496599b0a6b3f3c97426fb895cc592a86e95b2d6f1f8c3	results/chipseq/production/analyses/ERR868176/artifacts/peaks/ERR868176_peaks.xls
c2f2f472a593fc208efb8dc19051a5ae14d2fe4083fb97082cb2c37e36ef6402	results/chipseq/production/analyses/ERR868176/artifacts/peaks/ERR868176_treat_pileup.bdg.gz
85ef3f3f27ea1501062256e5112f364599e3d6f2af27120926cbc2705fd15425	results/chipseq/production/analyses/ERR868176/artifacts/processing_logs/ERR868176_ip_download.log
a087c9579f126456a1b2a7612c4a53d86152a0b0a0b9fec052cda22a1d6a233c	results/chipseq/production/analyses/ERR868176/artifacts/processing_logs/ERR868176_ip_fastp.log
24488fbf9b735aa8402977d870010032d33ca0bec301308b0ee13e4d3e1b7615	results/chipseq/production/analyses/ERR868176/artifacts/processing_logs/ERR868176_ip_fastqc.log
4b875b5746048bd17269772a3dd920c8739a66470c33e9b5d7ab602ef34f330b	results/chipseq/production/analyses/ERR868176/artifacts/processing_logs/control_reuse_validation.json
6d6ee9e0dcf799f869a02726f67406302373403c7b9f7bdefe3ed754bb2231af	results/chipseq/production/analyses/ERR868176/artifacts/processing_logs/environment_creation.log
2b453b38ed75840e8cba4018deff96e2ae40be95ae1758dcede257d06ee2cc71	results/chipseq/production/analyses/ERR868176/artifacts/processing_logs/reference_validation.json
b5727316492f74cb8529b75f41c6baaba307e885d34852a9044bf9ca8cd667fb	results/chipseq/production/analyses/ERR868176/artifacts/processing_logs/source_validation.log
afa3326daffb86ed41b6efc9226bcaae5c8fec0c8a116be8f9e783226f0b70f6	results/chipseq/production/analyses/ERR868176/artifacts/provenance/runtime_manifest.json
1cc2e39945b4fd7ab7101fbb58905c4f7a6f7ebc795cc86533fa6ed184dffdbd	results/chipseq/production/analyses/ERR868176/artifacts/provenance/source.sha256
2edcb911b3ff39417d9cb39c1617dea6bf1d689cb603ef8d2591ab4972c00104	results/chipseq/production/analyses/ERR868176/artifacts/provenance/submission_plan.json
e51e2ce1a3741acbe22c5f7d2d58313dd38b91b966b252925284ef0787b9a2bd	results/chipseq/production/analyses/ERR868176/artifacts/provenance.json
428156b36208699d91d4359ab39a8cfb32b4174042442cc0510bb24071bdee73	results/chipseq/production/analyses/ERR868176/artifacts/scratch_monitor.tsv
7eaee3863f57d1bc525bcfdccab16e1662fb76e4c54c90008e81b0f1d26002bc	results/chipseq/production/analyses/ERR868176/artifacts/signal_compression.json
0577f8bb261a44762497546cb1f7738a91b91633e8a6b48de3eb61dd82e00fcf	results/chipseq/production/analyses/ERR868176/artifacts/software_versions/bedtools.txt
0bd91d60980b64401bfe2ef41d10ec2673fa54b0dd052eb2a5556db6f319df49	results/chipseq/production/analyses/ERR868176/artifacts/software_versions/bowtie2.txt
6e0e45ca0d6c78dbceb395e3aa5a67da5dd6f3bc9d24301014b978d9b5093b5f	results/chipseq/production/analyses/ERR868176/artifacts/software_versions/environment_explicit.txt
a8de9d0571711205d415267177699369782156f2436c8cd503c3ddb0fab09a73	results/chipseq/production/analyses/ERR868176/artifacts/software_versions/fastp.txt
a80916cf195b8471be90ae35cf60007d2a8876d7d6502f23688a330f7d91f566	results/chipseq/production/analyses/ERR868176/artifacts/software_versions/fastqc.txt
e072b382d65526ccf7e7e7d6dd81e65a736d3dd55ac9dc784bdd83569efaba3c	results/chipseq/production/analyses/ERR868176/artifacts/software_versions/macs3.txt
883a9a5630ad235602dcdab81d0c025ce0cb0b3c22ec5db748a65154ffd74c69	results/chipseq/production/analyses/ERR868176/artifacts/software_versions/picard.txt
dcf13eeb5c3ca9c63217c3a4522139fb45382800aa7128b947ab9066c21925d5	results/chipseq/production/analyses/ERR868176/artifacts/software_versions/python.txt
64d5b836a3cc27fd1403dd59f5fbb33c9993aeab25037262ad3623e1371b63e7	results/chipseq/production/analyses/ERR868176/artifacts/software_versions/samtools.txt
460e5bb8e6f8fb10db70d2e5cf4113d5748a952d0b0c4f2f066c037b8d6b47ee	results/chipseq/production/analyses/SRR20770291/artifacts/disk_usage.tsv
74658d4f6113870be957d77c24f1bf62e4f5ed73365f7a02a66e418da37cb75b	results/chipseq/production/analyses/SRR20770291/artifacts/fragment/fragment_size_provenance.json
fd3056d18f2cc88051dbf0d1226c5d59868a9c0842f043bd817dd4a83097feaa	results/chipseq/production/analyses/SRR20770291/artifacts/frip/input_reads_overlapping_ip_peaks.txt
ee9584f9ce794d5771d49bfcf7650667b38bb2791a781678bd2278095a437bd0	results/chipseq/production/analyses/SRR20770291/artifacts/frip/input_total_reads.txt
77afae1f589ae8e1a0d087263ec41a3c45fd36409f507e799db120f5f793c475	results/chipseq/production/analyses/SRR20770291/artifacts/frip/ip_reads_in_peaks.txt
ec46390639d96da7316afc45733cbc61bc2241bcf510316cd2746cb25f6acf0b	results/chipseq/production/analyses/SRR20770291/artifacts/frip/ip_total_reads.txt
c3092ee46c6b38ad5ee55d80f50b4570498c04a83028d9c1a671752de9ec2f75	results/chipseq/production/analyses/SRR20770291/artifacts/ip_processing_qc/alignment_qc.json
6f8f4178ae9cbd1781110ab117acc778e0ea06a1a673520d22562a4f76b44eda	results/chipseq/production/analyses/SRR20770291/artifacts/ip_processing_qc/fastp.html
2fdd00605cb1c371a36db78e21691699188ac4ff00c9fcd239170efdc26db0d6	results/chipseq/production/analyses/SRR20770291/artifacts/ip_processing_qc/fastp.json
f10f74ea780f543941091e8ead8de7911b934135d1afc786a8f2f5dc5ac05611	results/chipseq/production/analyses/SRR20770291/artifacts/ip_processing_qc/fastqc/SRR20770291_fastqc.html
6421429fb96dfc725bb020ad628ae63fa6ad0d1679d5686e2b6b04d84f2c63fe	results/chipseq/production/analyses/SRR20770291/artifacts/ip_processing_qc/fastqc/SRR20770291_fastqc.zip
21645d2f670a876db7c26a25014f9ba2113cfde917cbe68744df3b700f7d15ba	results/chipseq/production/analyses/SRR20770291/artifacts/ip_processing_qc/filtered_validation.json
01712167907e0690f74c96e19e31cd9994b73e5b89be7845684d009115939905	results/chipseq/production/analyses/SRR20770291/artifacts/ip_processing_qc/filtering_flow.tsv
e8338ba017ef64dcbaf6cc23ff8e561bac7cb7262311f60c92d8799bd6768b18	results/chipseq/production/analyses/SRR20770291/artifacts/ip_processing_qc/filtering_qc.json
7695eaa136e393a9275a2b07fe26f9b9a98e6cdcabd2fc11a2fe25b5fe4873fa	results/chipseq/production/analyses/SRR20770291/artifacts/ip_processing_qc/picard.log
ba2af7cf92b9b1bd36839386574110d73cebbe840ded253c2bdab7a224165b1d	results/chipseq/production/analyses/SRR20770291/artifacts/ip_processing_qc/picard_metrics.txt
aeb3924abdf302b5944fe8fb8d5556404a3b510d2b991854200c778e25d09ff6	results/chipseq/production/analyses/SRR20770291/artifacts/macs3.log
e072b382d65526ccf7e7e7d6dd81e65a736d3dd55ac9dc784bdd83569efaba3c	results/chipseq/production/analyses/SRR20770291/artifacts/macs3_version.txt
1b754b85f5c38a60d09f81c376783553e7fa56157ea8db43d41a0de28f4e50c4	results/chipseq/production/analyses/SRR20770291/artifacts/maximum_scratch_usage.tsv
5371197b63dbb10f98ca20eb148fb4974f33f938efd0c78f8c212728ee9687de	results/chipseq/production/analyses/SRR20770291/artifacts/parameters.json
ffd5bd9bfe94f8b22e818125fa3cba86c255f5d25eeb0e884f1feff02083d5c4	results/chipseq/production/analyses/SRR20770291/artifacts/peak_qc.json
326dbc76ff51a62d7cccad7904d1db643d2b32c7d02ec618c1f2d087af5d82fc	results/chipseq/production/analyses/SRR20770291/artifacts/peaks/SRR20770291_control_lambda.bdg.gz
b21694204b8e41f97ec3d6cc6103f8cb1bc371bce2acd4b530d6d1ac6fa356b4	results/chipseq/production/analyses/SRR20770291/artifacts/peaks/SRR20770291_peaks.narrowPeak
befe3f1bb8190451314b11a585946b509dcbd07778fd9c9e01404d1ca2825ef4	results/chipseq/production/analyses/SRR20770291/artifacts/peaks/SRR20770291_peaks.xls
265638f7090303e8a21c6f89665876ea660f18d1f7d47d796500f8ec57188b26	results/chipseq/production/analyses/SRR20770291/artifacts/peaks/SRR20770291_summits.bed
da4e6ce2730609c26f469dc835a3c62c5b7ae478f3786f1942f4171d1a9fc8d4	results/chipseq/production/analyses/SRR20770291/artifacts/peaks/SRR20770291_treat_pileup.bdg.gz
443394b37fc419b5a51021ddd1dacdb8976b1a36e4b1c37de335d57c146c1836	results/chipseq/production/analyses/SRR20770291/artifacts/processing_logs/SRR20770291_ip_download.log
1e60ab8ea2b38fbe56a757ac23d97159361fb5ddcba144a634810e8f784a87db	results/chipseq/production/analyses/SRR20770291/artifacts/processing_logs/SRR20770291_ip_fastp.log
560f3e009c8450b3f82403b7ea1a626e99b326cfb63ba38fb5d5a52a2c421bfb	results/chipseq/production/analyses/SRR20770291/artifacts/processing_logs/SRR20770291_ip_fastqc.log
199e6fc31141b51153324ade3de6440a0ea589e3e969ecfc82afaedf27cc6a59	results/chipseq/production/analyses/SRR20770291/artifacts/processing_logs/control_reuse_validation.json
33a216a251f9c08437fae8455b68978730e31b90a154b6d656d61b55c89cbba5	results/chipseq/production/analyses/SRR20770291/artifacts/processing_logs/environment_creation.log
2b453b38ed75840e8cba4018deff96e2ae40be95ae1758dcede257d06ee2cc71	results/chipseq/production/analyses/SRR20770291/artifacts/processing_logs/reference_validation.json
b5727316492f74cb8529b75f41c6baaba307e885d34852a9044bf9ca8cd667fb	results/chipseq/production/analyses/SRR20770291/artifacts/processing_logs/source_validation.log
5c888c489d33329ef97186328bc8d9d784fc157d9d97633c0f2ba0d39467846c	results/chipseq/production/analyses/SRR20770291/artifacts/provenance/runtime_manifest.json
9c19107c9c0858e1725cb07a539951cdfbff2266648b38abbb04e41c55570dd0	results/chipseq/production/analyses/SRR20770291/artifacts/provenance/source.sha256
bedf92046407910a710128852c15e35bdfeaed64ec6cf69874047045be84d14d	results/chipseq/production/analyses/SRR20770291/artifacts/provenance/submission_plan.json
615e3ca7b81603634daf211363ac950d2b9eed301f59a5dfeab6d6aa65bf9855	results/chipseq/production/analyses/SRR20770291/artifacts/provenance.json
83eb1794887f9ec7658a50af192658574ad45157f75da29e3464ea5fa9575439	results/chipseq/production/analyses/SRR20770291/artifacts/scratch_monitor.tsv
17b11974bd2a64e9918916ae313cdbb56f4584906132a9acb9a0c966e62598f6	results/chipseq/production/analyses/SRR20770291/artifacts/signal_compression.json
0577f8bb261a44762497546cb1f7738a91b91633e8a6b48de3eb61dd82e00fcf	results/chipseq/production/analyses/SRR20770291/artifacts/software_versions/bedtools.txt
5440cc01002251f94547197bad92bf53908b43afcd2e568eb58539766e630824	results/chipseq/production/analyses/SRR20770291/artifacts/software_versions/bowtie2.txt
b01c4f3c753270e535894b0990a5c1aac5f7f91f623bcfdebf8f8de76553946b	results/chipseq/production/analyses/SRR20770291/artifacts/software_versions/environment_explicit.txt
a8de9d0571711205d415267177699369782156f2436c8cd503c3ddb0fab09a73	results/chipseq/production/analyses/SRR20770291/artifacts/software_versions/fastp.txt
af8618e7b0f8707e771670f67cc1cef852fd80a74408b44ccbfcb05b907652e9	results/chipseq/production/analyses/SRR20770291/artifacts/software_versions/fastqc.txt
e072b382d65526ccf7e7e7d6dd81e65a736d3dd55ac9dc784bdd83569efaba3c	results/chipseq/production/analyses/SRR20770291/artifacts/software_versions/macs3.txt
883a9a5630ad235602dcdab81d0c025ce0cb0b3c22ec5db748a65154ffd74c69	results/chipseq/production/analyses/SRR20770291/artifacts/software_versions/picard.txt
dcf13eeb5c3ca9c63217c3a4522139fb45382800aa7128b947ab9066c21925d5	results/chipseq/production/analyses/SRR20770291/artifacts/software_versions/python.txt
00ebbbbd6656bda0f7ac9a9acb96b5ec618ee82b1b38f4fa0cbd3eeecd6b51fc	results/chipseq/production/analyses/SRR20770291/artifacts/software_versions/samtools.txt
1a6bc34772d2117cec19ea3ee247675f49238aaf5300f5a0a68cd75b5f5f8cb6	results/chipseq/production/analyses/SRR20770292/artifacts/disk_usage.tsv
b821557b955e839fdbbb8f2f0d9124e755d2b181387ee283a2fc562153b64a92	results/chipseq/production/analyses/SRR20770292/artifacts/fragment/fragment_size_provenance.json
0d8c6069159e7ad148504826e5da0418da0b15b71f6b0e3e574da9fc585083f3	results/chipseq/production/analyses/SRR20770292/artifacts/frip/input_reads_overlapping_ip_peaks.txt
ee9584f9ce794d5771d49bfcf7650667b38bb2791a781678bd2278095a437bd0	results/chipseq/production/analyses/SRR20770292/artifacts/frip/input_total_reads.txt
5be0e5dec19b76be1c4b365b47063688ee910a8f607459ae16c78f0970dd90d7	results/chipseq/production/analyses/SRR20770292/artifacts/frip/ip_reads_in_peaks.txt
201fbe5e8a1e075bbc201b1772f2aa8a63a6b57a0a9741000dc74933ad498f4e	results/chipseq/production/analyses/SRR20770292/artifacts/frip/ip_total_reads.txt
a5780099b3f39ab178efe0bc8d0f10a7f1dc7b7ede2575ae322cfa614244e940	results/chipseq/production/analyses/SRR20770292/artifacts/ip_processing_qc/alignment_qc.json
53e15acd8f878284db5b912fe4882d6b03ff39b300ca67b7de1894d5fa9c59f0	results/chipseq/production/analyses/SRR20770292/artifacts/ip_processing_qc/fastp.html
a7debcee224ec9ba6817dc8aa56201333c05529db70b548acb86f36f3e3e39c2	results/chipseq/production/analyses/SRR20770292/artifacts/ip_processing_qc/fastp.json
b30673e5f83f9602f46d426f14973317ad5c9376679b2445ab2055bc667becab	results/chipseq/production/analyses/SRR20770292/artifacts/ip_processing_qc/fastqc/SRR20770292_fastqc.html
a46d8cb0dba7bf25fdf99f74506c309ada8f1abe20d5a75d0f922deea5976575	results/chipseq/production/analyses/SRR20770292/artifacts/ip_processing_qc/fastqc/SRR20770292_fastqc.zip
7e0ba73d767e33898dca2eb71cbf726900c3f9e6ba75650bd902d8d2d86dc9b4	results/chipseq/production/analyses/SRR20770292/artifacts/ip_processing_qc/filtered_validation.json
6531d8456694ce110fc1590a2fd400341b1e2ace9602f7a044a23ee244145aa4	results/chipseq/production/analyses/SRR20770292/artifacts/ip_processing_qc/filtering_flow.tsv
026a576fa9b45451af2a2205804e3ebb1bb0eab7fc90eebac676fe69f4f2c682	results/chipseq/production/analyses/SRR20770292/artifacts/ip_processing_qc/filtering_qc.json
2037ea8bd62159638bc596c4be4a8113c8e5068fc36243b4f6aed939ba34e346	results/chipseq/production/analyses/SRR20770292/artifacts/ip_processing_qc/picard.log
046cbdb2285e857ae5d451b1d16c555cace79b1d7903c4e5583ffdece9fe293f	results/chipseq/production/analyses/SRR20770292/artifacts/ip_processing_qc/picard_metrics.txt
db24c86a5eee82206b7821d9bfaa95159dde074a2dd7a2408b238cbadfbf2151	results/chipseq/production/analyses/SRR20770292/artifacts/macs3.log
e072b382d65526ccf7e7e7d6dd81e65a736d3dd55ac9dc784bdd83569efaba3c	results/chipseq/production/analyses/SRR20770292/artifacts/macs3_version.txt
21dc2362505a646538021f4da4a2cb14eb8cc349415ab84eb811f9f9d0eb34ef	results/chipseq/production/analyses/SRR20770292/artifacts/maximum_scratch_usage.tsv
0da7e84a8022f3cfd5005487d3584110a2ce8a242b6868b6c5d7fec47572c6d5	results/chipseq/production/analyses/SRR20770292/artifacts/parameters.json
827ee589a9ab11180c8ea13d37f77678abbef4801ab66d1ac9612e30e7b4a2be	results/chipseq/production/analyses/SRR20770292/artifacts/peak_qc.json
d1699c7a41bf36fe39c95ebd3e5384249b77b9e6df9724fde813cfc8409799e8	results/chipseq/production/analyses/SRR20770292/artifacts/peaks/SRR20770292_control_lambda.bdg.gz
c0ebeb3865954f0a47f46771af4d3abab89ffc9861d8b9a4fb19cda541a15e9e	results/chipseq/production/analyses/SRR20770292/artifacts/peaks/SRR20770292_peaks.broadPeak
93a0067f97d76d121bcad0122bbeb29da9112a5769843dd15921f8eca10860ba	results/chipseq/production/analyses/SRR20770292/artifacts/peaks/SRR20770292_peaks.gappedPeak
d9951de4222a5d42effaf73a4942f3b6d0fa9a11a2f62e3d9f6b4f5ce3af072e	results/chipseq/production/analyses/SRR20770292/artifacts/peaks/SRR20770292_peaks.xls
8f398b979d31ebd4b82088df572f71cbf396c58ae3b4defe90a98daa29650833	results/chipseq/production/analyses/SRR20770292/artifacts/peaks/SRR20770292_treat_pileup.bdg.gz
e24e80d367793952d419af09d26fc6d761e4b2902575390f1a1900d025dba007	results/chipseq/production/analyses/SRR20770292/artifacts/processing_logs/SRR20770292_ip_download.log
c45686116c1812e5816318d3bb3530a62c03787711b82e3135cb10fd80ca2d9d	results/chipseq/production/analyses/SRR20770292/artifacts/processing_logs/SRR20770292_ip_fastp.log
88fa54e14b0b2ab362cb12347604118136691d8733a26700581c3df76a0d2a58	results/chipseq/production/analyses/SRR20770292/artifacts/processing_logs/SRR20770292_ip_fastqc.log
199e6fc31141b51153324ade3de6440a0ea589e3e969ecfc82afaedf27cc6a59	results/chipseq/production/analyses/SRR20770292/artifacts/processing_logs/control_reuse_validation.json
a07c671f7d780f349a8f5c1157729ceae1bc8c86d590b1c81fa9085120190c18	results/chipseq/production/analyses/SRR20770292/artifacts/processing_logs/environment_creation.log
2b453b38ed75840e8cba4018deff96e2ae40be95ae1758dcede257d06ee2cc71	results/chipseq/production/analyses/SRR20770292/artifacts/processing_logs/reference_validation.json
b5727316492f74cb8529b75f41c6baaba307e885d34852a9044bf9ca8cd667fb	results/chipseq/production/analyses/SRR20770292/artifacts/processing_logs/source_validation.log
d6ae4c57a025f4d78f9dc2e84f34b92dfa1ac46204a63acdafc3c34ba46880f7	results/chipseq/production/analyses/SRR20770292/artifacts/provenance/runtime_manifest.json
9c19107c9c0858e1725cb07a539951cdfbff2266648b38abbb04e41c55570dd0	results/chipseq/production/analyses/SRR20770292/artifacts/provenance/source.sha256
c707f2db4443111732e031b86590205ce5de37eae87670332571a4b2ca308f23	results/chipseq/production/analyses/SRR20770292/artifacts/provenance/submission_plan.json
66280acf263238b6d28055ce442670e9da3a2439a894b8f7862103bcf24ee9b5	results/chipseq/production/analyses/SRR20770292/artifacts/provenance.json
de89c33b1f5fe31af8c9842398ffb5b2c7279eba2f88e50b29bc801ccc291631	results/chipseq/production/analyses/SRR20770292/artifacts/scratch_monitor.tsv
170fae8c3e00b1d3885a636796255a9a053532ae72a02a3f9c848f05cef66d47	results/chipseq/production/analyses/SRR20770292/artifacts/signal_compression.json
0577f8bb261a44762497546cb1f7738a91b91633e8a6b48de3eb61dd82e00fcf	results/chipseq/production/analyses/SRR20770292/artifacts/software_versions/bedtools.txt
db0419e3f7aa6af86718622c567ffbf95fc151f242fad86729435404b71a72e1	results/chipseq/production/analyses/SRR20770292/artifacts/software_versions/bowtie2.txt
b01c4f3c753270e535894b0990a5c1aac5f7f91f623bcfdebf8f8de76553946b	results/chipseq/production/analyses/SRR20770292/artifacts/software_versions/environment_explicit.txt
a8de9d0571711205d415267177699369782156f2436c8cd503c3ddb0fab09a73	results/chipseq/production/analyses/SRR20770292/artifacts/software_versions/fastp.txt
c6376a4fcef66fc2169512ccd85353be396da5a2367a230df4f155597568ac16	results/chipseq/production/analyses/SRR20770292/artifacts/software_versions/fastqc.txt
e072b382d65526ccf7e7e7d6dd81e65a736d3dd55ac9dc784bdd83569efaba3c	results/chipseq/production/analyses/SRR20770292/artifacts/software_versions/macs3.txt
883a9a5630ad235602dcdab81d0c025ce0cb0b3c22ec5db748a65154ffd74c69	results/chipseq/production/analyses/SRR20770292/artifacts/software_versions/picard.txt
dcf13eeb5c3ca9c63217c3a4522139fb45382800aa7128b947ab9066c21925d5	results/chipseq/production/analyses/SRR20770292/artifacts/software_versions/python.txt
3fd4b22b5780af0eb2c8701d0eb58e12c49d7debc3343b31f5523d50fc791dc1	results/chipseq/production/analyses/SRR20770292/artifacts/software_versions/samtools.txt
aca22a6d00bde56223b4bfb0df2a25967e1aa177fa8cbda9ca2f19b32f32113b	results/chipseq/production/analyses/SRR20770293/artifacts/disk_usage.tsv
e943b910f765d757913551eb9b313eac3f870878c46e601469f3c3a3e36feff7	results/chipseq/production/analyses/SRR20770293/artifacts/fragment/fragment_size_provenance.json
c94fa63f0f99fdcfeb974ce3e076e353118ba96f26c13baf8321574706e6df21	results/chipseq/production/analyses/SRR20770293/artifacts/frip/input_reads_overlapping_ip_peaks.txt
ee9584f9ce794d5771d49bfcf7650667b38bb2791a781678bd2278095a437bd0	results/chipseq/production/analyses/SRR20770293/artifacts/frip/input_total_reads.txt
c2368bec1ed86152aa5985070859373319d2e82058092414bd02048456ad0a14	results/chipseq/production/analyses/SRR20770293/artifacts/frip/ip_reads_in_peaks.txt
4f5c99d994725e3ba0b5dbb3db9ef707796745fcde694c47edf533f6a7864cdc	results/chipseq/production/analyses/SRR20770293/artifacts/frip/ip_total_reads.txt
046a23956f9a6c178dea8647b5e6ccccf1932149aebdc0f62c74b1ef0d734b18	results/chipseq/production/analyses/SRR20770293/artifacts/ip_processing_qc/alignment_qc.json
6112b9e9f7eb2dae12001f600ffcf9b1c732a64f1975413174fd7e5242ba66e8	results/chipseq/production/analyses/SRR20770293/artifacts/ip_processing_qc/fastp.html
bdfd629f8c3badb6a3f445112cacf7676a655b20efda34e6311a08bafca36288	results/chipseq/production/analyses/SRR20770293/artifacts/ip_processing_qc/fastp.json
51c9ebb290ca0a361d6ad9deff0138e90bebc45384c5b6f8e55b44ac46cb7114	results/chipseq/production/analyses/SRR20770293/artifacts/ip_processing_qc/fastqc/SRR20770293_fastqc.html
e31fff3297ebe53aee45245c0e4d86499db624d6aff6e7dfe9d8c35c5b9f2d88	results/chipseq/production/analyses/SRR20770293/artifacts/ip_processing_qc/fastqc/SRR20770293_fastqc.zip
6370e05ff6589789c486acc07c006e5b39bc57b4d8f52bd610c8c1e6761a8d29	results/chipseq/production/analyses/SRR20770293/artifacts/ip_processing_qc/filtered_validation.json
a5df20bd0987c9974ad600ba5c0731763b2190999bf93d09b1ecabfec8ae8626	results/chipseq/production/analyses/SRR20770293/artifacts/ip_processing_qc/filtering_flow.tsv
7fc1cbdbbf0e9f46f8b472f2a3127289be239faa52d0ae3cd670afded04916bc	results/chipseq/production/analyses/SRR20770293/artifacts/ip_processing_qc/filtering_qc.json
80ccdf2931dec454f86ec63aaeaf9dd41aafa6788380fdacbe84937ff3497463	results/chipseq/production/analyses/SRR20770293/artifacts/ip_processing_qc/picard.log
a4aabe6e004bfe03da5c8cbbc7f5e9f6645ae484d16074b702642ab819750066	results/chipseq/production/analyses/SRR20770293/artifacts/ip_processing_qc/picard_metrics.txt
3f8cd4f9cf16dc12c06fc4d7dc67340a1e7a098909259ef9a57427bca18347dd	results/chipseq/production/analyses/SRR20770293/artifacts/macs3.log
e072b382d65526ccf7e7e7d6dd81e65a736d3dd55ac9dc784bdd83569efaba3c	results/chipseq/production/analyses/SRR20770293/artifacts/macs3_version.txt
023ac27c87dba9545765e36985a4fe603ef51207b8b1edb72727d22c7960fa39	results/chipseq/production/analyses/SRR20770293/artifacts/maximum_scratch_usage.tsv
e5b2478102b058ef736908c2ec12d30525acbb0e943b7e0ed8eb38c2cc6810c5	results/chipseq/production/analyses/SRR20770293/artifacts/parameters.json
fe700c1b6717df0f91eeb08c32cbbe55c099319417ec1cae32ea7d06b4bdab53	results/chipseq/production/analyses/SRR20770293/artifacts/peak_qc.json
35e1a208c96689a789d2ba9c727366ce173d59edcd06b474df1c773dd105921a	results/chipseq/production/analyses/SRR20770293/artifacts/peaks/SRR20770293_control_lambda.bdg.gz
05b36f4923af6b854ba87ddcef2190efebdbc8a10e37813c0e1e635a0590363b	results/chipseq/production/analyses/SRR20770293/artifacts/peaks/SRR20770293_peaks.narrowPeak
2ba83c608fd154b3f5ff6d8ac9ecb3f610511fed8df47a5ad0795a9af73bab02	results/chipseq/production/analyses/SRR20770293/artifacts/peaks/SRR20770293_peaks.xls
0be8d2245bf0c4c031d3d09caba00c5882bc2b715f0fd100dda1494475e500ca	results/chipseq/production/analyses/SRR20770293/artifacts/peaks/SRR20770293_summits.bed
afbd94f9acdb7e75f4f914818d0cbd19b176b7e90dade71ff3feb5b1e7e97413	results/chipseq/production/analyses/SRR20770293/artifacts/peaks/SRR20770293_treat_pileup.bdg.gz
a8b294aa42cbe83ad852186a45b4f2027005d076f72c8326e718fb0ca1f25531	results/chipseq/production/analyses/SRR20770293/artifacts/processing_logs/SRR20770293_ip_download.log
40120c2475162c25b1377b82d0f59d5cce34abc077a4ae56c586373b58861ee0	results/chipseq/production/analyses/SRR20770293/artifacts/processing_logs/SRR20770293_ip_fastp.log
63c9b3befeb496004091f15b5359cbba3393b1cd49df213ec9e9f5f3adb14a44	results/chipseq/production/analyses/SRR20770293/artifacts/processing_logs/SRR20770293_ip_fastqc.log
199e6fc31141b51153324ade3de6440a0ea589e3e969ecfc82afaedf27cc6a59	results/chipseq/production/analyses/SRR20770293/artifacts/processing_logs/control_reuse_validation.json
307ab9de03f24e4e20fec2cb5a0c269c5fb7802144271ac7ef5600cd39517d1a	results/chipseq/production/analyses/SRR20770293/artifacts/processing_logs/environment_creation.log
2b453b38ed75840e8cba4018deff96e2ae40be95ae1758dcede257d06ee2cc71	results/chipseq/production/analyses/SRR20770293/artifacts/processing_logs/reference_validation.json
b5727316492f74cb8529b75f41c6baaba307e885d34852a9044bf9ca8cd667fb	results/chipseq/production/analyses/SRR20770293/artifacts/processing_logs/source_validation.log
c13a3edef1551c886fe69ca950f1a1d5c9afbb1b6223be1415f1b24249ea6ef0	results/chipseq/production/analyses/SRR20770293/artifacts/provenance/runtime_manifest.json
9c19107c9c0858e1725cb07a539951cdfbff2266648b38abbb04e41c55570dd0	results/chipseq/production/analyses/SRR20770293/artifacts/provenance/source.sha256
d244e9824ee1609fab56cff9ac9dc1e647c666bef5071789bc1224e2e0df082d	results/chipseq/production/analyses/SRR20770293/artifacts/provenance/submission_plan.json
a69051bf0fb26856988cfcc6a44c03d89f882a7a5f16af798c83d1a27333f96e	results/chipseq/production/analyses/SRR20770293/artifacts/provenance.json
01601335cbeb94f8381dc4eb81b5595b4507bca39e96c89ebb5cdf4a7546a8ec	results/chipseq/production/analyses/SRR20770293/artifacts/scratch_monitor.tsv
9bc3b1421a9ef52f3887bd13f36a778abd8247314587df042d301c64573440e2	results/chipseq/production/analyses/SRR20770293/artifacts/signal_compression.json
0577f8bb261a44762497546cb1f7738a91b91633e8a6b48de3eb61dd82e00fcf	results/chipseq/production/analyses/SRR20770293/artifacts/software_versions/bedtools.txt
73562cd3b8a6d14d1711dffde2ad7d7bb86271f02c8b2e25e379dac0f0aa36fc	results/chipseq/production/analyses/SRR20770293/artifacts/software_versions/bowtie2.txt
b01c4f3c753270e535894b0990a5c1aac5f7f91f623bcfdebf8f8de76553946b	results/chipseq/production/analyses/SRR20770293/artifacts/software_versions/environment_explicit.txt
a8de9d0571711205d415267177699369782156f2436c8cd503c3ddb0fab09a73	results/chipseq/production/analyses/SRR20770293/artifacts/software_versions/fastp.txt
a62d21c32332d5e2d002853f64da69807616996fb231e101ca5d04b78526f9ef	results/chipseq/production/analyses/SRR20770293/artifacts/software_versions/fastqc.txt
e072b382d65526ccf7e7e7d6dd81e65a736d3dd55ac9dc784bdd83569efaba3c	results/chipseq/production/analyses/SRR20770293/artifacts/software_versions/macs3.txt
883a9a5630ad235602dcdab81d0c025ce0cb0b3c22ec5db748a65154ffd74c69	results/chipseq/production/analyses/SRR20770293/artifacts/software_versions/picard.txt
dcf13eeb5c3ca9c63217c3a4522139fb45382800aa7128b947ab9066c21925d5	results/chipseq/production/analyses/SRR20770293/artifacts/software_versions/python.txt
a8f04a604bf31940f9cb75434eb9068049b636baeeab77ec18060f385946adf4	results/chipseq/production/analyses/SRR20770293/artifacts/software_versions/samtools.txt
4f736c9bac888d1ae8e80732f3dee94a7ffa3a7b1fa71b0507786d6d5732c2c2	results/chipseq/production/analyses/SRR20770294/artifacts/disk_usage.tsv
8481af53fb1de96e7ab715cda0a3ce163a1f4347e3ababd6c87040ad1bd73f90	results/chipseq/production/analyses/SRR20770294/artifacts/fragment/fragment_size_provenance.json
32d64c7837a53e1ecdd5165bb5e0034690f485c732f70490740654cb927c5ccc	results/chipseq/production/analyses/SRR20770294/artifacts/frip/input_reads_overlapping_ip_peaks.txt
e95ebb5c5d339dc91e281ac50e3af4db1fb2ad51e00b3cf5c2d698e6857f3751	results/chipseq/production/analyses/SRR20770294/artifacts/frip/input_total_reads.txt
5ada0f223bb022c049bbae98bcf0ad1e342320c74f98d43b076aff805e840892	results/chipseq/production/analyses/SRR20770294/artifacts/frip/ip_reads_in_peaks.txt
0e20060c3088f203d96ebaf8b8e3cfe1a64b9de8f443eb6ebc1fd142ccbff6fa	results/chipseq/production/analyses/SRR20770294/artifacts/frip/ip_total_reads.txt
9ddc4b9c3d0dfaa7588cd2a39eb1bdd9fc7e0639524aef1a460b955a20809eb0	results/chipseq/production/analyses/SRR20770294/artifacts/ip_processing_qc/alignment_qc.json
cee34ff9ac24a32676e7033daefb285d1b76d6a9623f655048e4e9fb384a9e97	results/chipseq/production/analyses/SRR20770294/artifacts/ip_processing_qc/fastp.html
0625d62da878fa5eb3ee54815b6542dec370b6f7495ebcd7ff9944afd090c847	results/chipseq/production/analyses/SRR20770294/artifacts/ip_processing_qc/fastp.json
a5b748381019b4fa9969547f4385a50979ecde58f7ecda0be8c9cc97222c018d	results/chipseq/production/analyses/SRR20770294/artifacts/ip_processing_qc/fastqc/SRR20770294_fastqc.html
a6718010ec38af666d299bdd163983ffe0955db69d9e4f5a94f81fa8f6aee011	results/chipseq/production/analyses/SRR20770294/artifacts/ip_processing_qc/fastqc/SRR20770294_fastqc.zip
d6663ea28f38a9d4116c2fc6073e9eb45fb19862c159b93aa60bd15e51ae7ac5	results/chipseq/production/analyses/SRR20770294/artifacts/ip_processing_qc/filtered_validation.json
81f4ea15edc42e151508e2227d9756f81a090829947a051e61fe5a36d37fd7b7	results/chipseq/production/analyses/SRR20770294/artifacts/ip_processing_qc/filtering_flow.tsv
ddf65d5554c843a13c1d81ce5a06d0e8c9fee98400bf68c0e9814d80c4fa0a68	results/chipseq/production/analyses/SRR20770294/artifacts/ip_processing_qc/filtering_qc.json
3066d65b4230143e3712a030bb18670156757054c48791d3361061477d282226	results/chipseq/production/analyses/SRR20770294/artifacts/ip_processing_qc/picard.log
f3ba2787316631acefd185c7e5f4fd650fd263bf7b151d887cdad936bf6e813b	results/chipseq/production/analyses/SRR20770294/artifacts/ip_processing_qc/picard_metrics.txt
86d3c349a4e9586bc5d17d1ccee759389ea938fa3211119b99e721ba2f039ebb	results/chipseq/production/analyses/SRR20770294/artifacts/macs3.log
e072b382d65526ccf7e7e7d6dd81e65a736d3dd55ac9dc784bdd83569efaba3c	results/chipseq/production/analyses/SRR20770294/artifacts/macs3_version.txt
a5fd7e5ded07b7d67d6da9f7209c1179f99059d006160ea3b6647f9b143af2c7	results/chipseq/production/analyses/SRR20770294/artifacts/maximum_scratch_usage.tsv
266e02a16b699f93d257ae21e60b592148d47f8ca8e8afb01ce382959f91684f	results/chipseq/production/analyses/SRR20770294/artifacts/parameters.json
c848c91131df561e6d962f51b180b2959ecbf5f0336eff9f88b65cfb05cf104a	results/chipseq/production/analyses/SRR20770294/artifacts/peak_qc.json
e542de0e6f556ff2e40396a029a43f1800deeb1696fc35865fcd7d1bd26d9c93	results/chipseq/production/analyses/SRR20770294/artifacts/peaks/SRR20770294_control_lambda.bdg.gz
c65b9786141ac89debc88774f545180b81363de85c7645c9fa244657328ef7f1	results/chipseq/production/analyses/SRR20770294/artifacts/peaks/SRR20770294_peaks.narrowPeak
7e27e23aa59a99f5f9defed1da0b4249bf4d7e11f115a7d18689d49a67bd3105	results/chipseq/production/analyses/SRR20770294/artifacts/peaks/SRR20770294_peaks.xls
41563fbc9698f24d14c11a376cb1be12b283b471507cc227d86ee7bad9df0761	results/chipseq/production/analyses/SRR20770294/artifacts/peaks/SRR20770294_summits.bed
083929f34f2c3d8231da155450b5a6ce8962cfab9c143546801569b842b0868a	results/chipseq/production/analyses/SRR20770294/artifacts/peaks/SRR20770294_treat_pileup.bdg.gz
a5511af4f30a4bf3359511ec303513abcb89a2681ec7bc19c4cc418ff8624587	results/chipseq/production/analyses/SRR20770294/artifacts/processing_logs/SRR20770294_ip_download.log
0d795606dfc084346e17f9c1f1a1bd5d805f393ccf3cf261c91103e0672e9a51	results/chipseq/production/analyses/SRR20770294/artifacts/processing_logs/SRR20770294_ip_fastp.log
f7fcfe73bba18efa6626eced00df6ac0ae5c3ddd9d9e788248ae249962ac2a97	results/chipseq/production/analyses/SRR20770294/artifacts/processing_logs/SRR20770294_ip_fastqc.log
a545f0e22394d275ebb82b6e9b19b47e5190e32950c6632033b6a03ed497407f	results/chipseq/production/analyses/SRR20770294/artifacts/processing_logs/control_reuse_validation.json
1aac7d3270dad36215f44a36f02c703bb92af313c615012ab71d18001e959ff3	results/chipseq/production/analyses/SRR20770294/artifacts/processing_logs/environment_creation.log
2b453b38ed75840e8cba4018deff96e2ae40be95ae1758dcede257d06ee2cc71	results/chipseq/production/analyses/SRR20770294/artifacts/processing_logs/reference_validation.json
b5727316492f74cb8529b75f41c6baaba307e885d34852a9044bf9ca8cd667fb	results/chipseq/production/analyses/SRR20770294/artifacts/processing_logs/source_validation.log
130c9ff987060386427853888d3e78d187ddbe603da821d236b45d9004819f4a	results/chipseq/production/analyses/SRR20770294/artifacts/provenance/runtime_manifest.json
acfa984c76e2c4768ea62d7f1b82215b5b61bc0a384eba3b9984a0de87b43894	results/chipseq/production/analyses/SRR20770294/artifacts/provenance/source.sha256
93c338055124ea86c9cec1d567e7f8efcbdc271d08fa3de494c1f885327b8ba3	results/chipseq/production/analyses/SRR20770294/artifacts/provenance/submission_plan.json
8872086c65d5845f3a74d73a54f474e98c67a907e88ef5387170bac102e0002d	results/chipseq/production/analyses/SRR20770294/artifacts/provenance.json
904daea77724844ac15f27cf48382756153446b096009564f6088c2ee93bf24f	results/chipseq/production/analyses/SRR20770294/artifacts/scratch_monitor.tsv
21ab25a68721cf383f1696cf93d04f1535042971a49811ff12fc68a219d161b3	results/chipseq/production/analyses/SRR20770294/artifacts/signal_compression.json
0577f8bb261a44762497546cb1f7738a91b91633e8a6b48de3eb61dd82e00fcf	results/chipseq/production/analyses/SRR20770294/artifacts/software_versions/bedtools.txt
ba42b002cd7aa8877214d2e8cb46fa0785c4a7124eef9312b493465872fdda91	results/chipseq/production/analyses/SRR20770294/artifacts/software_versions/bowtie2.txt
25de69a3f5f6bdf09e4d2f15e45f06ff5f560849f7e9355d7206f51ff8a24771	results/chipseq/production/analyses/SRR20770294/artifacts/software_versions/environment_explicit.txt
a8de9d0571711205d415267177699369782156f2436c8cd503c3ddb0fab09a73	results/chipseq/production/analyses/SRR20770294/artifacts/software_versions/fastp.txt
412f59f73e2c324aa034c00a66c7c7c8b2484fa54727c7ade58d11841b9fc5e9	results/chipseq/production/analyses/SRR20770294/artifacts/software_versions/fastqc.txt
e072b382d65526ccf7e7e7d6dd81e65a736d3dd55ac9dc784bdd83569efaba3c	results/chipseq/production/analyses/SRR20770294/artifacts/software_versions/macs3.txt
883a9a5630ad235602dcdab81d0c025ce0cb0b3c22ec5db748a65154ffd74c69	results/chipseq/production/analyses/SRR20770294/artifacts/software_versions/picard.txt
dcf13eeb5c3ca9c63217c3a4522139fb45382800aa7128b947ab9066c21925d5	results/chipseq/production/analyses/SRR20770294/artifacts/software_versions/python.txt
5f10923f1b27c0af20fe57bde4cc3e967e725b7fa2ce287cdd37c3ee0febb674	results/chipseq/production/analyses/SRR20770294/artifacts/software_versions/samtools.txt
30534abb61b800368b65584b806711ef65d63ba2e2bd096bd7c9b94f454597d1	results/chipseq/production/analyses/SRR20770296/artifacts/disk_usage.tsv
fc7d6cb06552a41634ca61237317fa4a789dc5aaeed39f9d5768131325d3e473	results/chipseq/production/analyses/SRR20770296/artifacts/fragment/fragment_size_provenance.json
74d820395c686994d7cce8c4b1f3c3030b33f5e73dc280cfb03ee4386a5bdd48	results/chipseq/production/analyses/SRR20770296/artifacts/frip/input_reads_overlapping_ip_peaks.txt
e95ebb5c5d339dc91e281ac50e3af4db1fb2ad51e00b3cf5c2d698e6857f3751	results/chipseq/production/analyses/SRR20770296/artifacts/frip/input_total_reads.txt
24e5a302783cbafcb995fdc241daa9286c4fb40c2374faf63c48277c916c1d30	results/chipseq/production/analyses/SRR20770296/artifacts/frip/ip_reads_in_peaks.txt
8b3c2e826635bdedc2d042773302a8562ac45611ebe872afd60e4ff0f17b72c5	results/chipseq/production/analyses/SRR20770296/artifacts/frip/ip_total_reads.txt
fd34e1c9e53cecaf5d639c22835364c586cb8967f9204b8f156618150c232809	results/chipseq/production/analyses/SRR20770296/artifacts/ip_processing_qc/alignment_qc.json
7776e0c27f24ed9c448767a835d60e7728b0f48b5e1a5496fa0f62e1c7370689	results/chipseq/production/analyses/SRR20770296/artifacts/ip_processing_qc/fastp.html
c5e782896f7eafbcc6ba388f36e5a91bdedf67d4973b1766730dfae995e6d506	results/chipseq/production/analyses/SRR20770296/artifacts/ip_processing_qc/fastp.json
fa54e092a56f7602e40ac6d17e59cd0b218ed7c80d22134c1cc06aedd0800f07	results/chipseq/production/analyses/SRR20770296/artifacts/ip_processing_qc/fastqc/SRR20770296_fastqc.html
dc9cd1566d7788bd2e0e9aad9af6eb707870d2f996e3045c6579a95092072125	results/chipseq/production/analyses/SRR20770296/artifacts/ip_processing_qc/fastqc/SRR20770296_fastqc.zip
bc54e358399c00873355fbaa6ff170323e19f386affe596b8608150e18c36b99	results/chipseq/production/analyses/SRR20770296/artifacts/ip_processing_qc/filtered_validation.json
f59feae8733f754d6c61ea0d7663a98c4bdd1f4f422d11314ac6d0354f15c8e9	results/chipseq/production/analyses/SRR20770296/artifacts/ip_processing_qc/filtering_flow.tsv
6be2c58d9dc675d99548453be45ff59154c4b92180e8221bd7aa016fa712b5db	results/chipseq/production/analyses/SRR20770296/artifacts/ip_processing_qc/filtering_qc.json
a593da40134ec580f77db85b75369c2b09f541d80541d692ff2a95363313d490	results/chipseq/production/analyses/SRR20770296/artifacts/ip_processing_qc/picard.log
8f1ab759d8ab03b2446cebbe9c0879f43d33d9740742015b04e2aebc62052446	results/chipseq/production/analyses/SRR20770296/artifacts/ip_processing_qc/picard_metrics.txt
1c327075604d6072770d3b81188f1515ac1c34ed321fc940a2c951083421f351	results/chipseq/production/analyses/SRR20770296/artifacts/macs3.log
e072b382d65526ccf7e7e7d6dd81e65a736d3dd55ac9dc784bdd83569efaba3c	results/chipseq/production/analyses/SRR20770296/artifacts/macs3_version.txt
08614669908484f700617380baa40ba5831b2651a60f138bd90611d3597bb82a	results/chipseq/production/analyses/SRR20770296/artifacts/maximum_scratch_usage.tsv
ad69da896ca6c419f79c125ec1d2f23327f6674d3a221cf765b0afaec56d8f7b	results/chipseq/production/analyses/SRR20770296/artifacts/parameters.json
d96491dc80a9d24368a76bc38d2f46543b8e1f78fd751e83c5791524fb1e25f8	results/chipseq/production/analyses/SRR20770296/artifacts/peak_qc.json
ae62fa6bcf7f0acda848ce2b8b6a98a0c81e7b9fc546807219bec29e10779059	results/chipseq/production/analyses/SRR20770296/artifacts/peaks/SRR20770296_control_lambda.bdg.gz
427540ba205878aa3b55d9503006a775d4db24394433a55bea14bec65f5d7583	results/chipseq/production/analyses/SRR20770296/artifacts/peaks/SRR20770296_peaks.broadPeak
0d0817a2353e82e19b5907a921bf9dba85e446a7d64a598f6105926a85f9f28a	results/chipseq/production/analyses/SRR20770296/artifacts/peaks/SRR20770296_peaks.gappedPeak
53aeb167532dc365f37cab378179a04310a1e707fcef2e080971be87b98d252d	results/chipseq/production/analyses/SRR20770296/artifacts/peaks/SRR20770296_peaks.xls
6b8632bd21ad42a2e2a286c4c35fb63a9136d33ff8089f77731b33ad368fdef2	results/chipseq/production/analyses/SRR20770296/artifacts/peaks/SRR20770296_treat_pileup.bdg.gz
36ac478faf57220517893cccff13eeae335cbe16a39a52c27b8440a823c4ef7f	results/chipseq/production/analyses/SRR20770296/artifacts/processing_logs/SRR20770296_ip_download.log
877b7ee9ee1777a504fbad87c607da2f1235bbf15d996466f5f049a12c94c4a1	results/chipseq/production/analyses/SRR20770296/artifacts/processing_logs/SRR20770296_ip_fastp.log
0d52e513164bda46b8148415bb27bb013d46c04370098ef8ebe01321107f9d69	results/chipseq/production/analyses/SRR20770296/artifacts/processing_logs/SRR20770296_ip_fastqc.log
a545f0e22394d275ebb82b6e9b19b47e5190e32950c6632033b6a03ed497407f	results/chipseq/production/analyses/SRR20770296/artifacts/processing_logs/control_reuse_validation.json
1c4356ff4b4e285a33a0833248d7c88c8b1bc016e0660962df15323333f1229c	results/chipseq/production/analyses/SRR20770296/artifacts/processing_logs/environment_creation.log
2b453b38ed75840e8cba4018deff96e2ae40be95ae1758dcede257d06ee2cc71	results/chipseq/production/analyses/SRR20770296/artifacts/processing_logs/reference_validation.json
b5727316492f74cb8529b75f41c6baaba307e885d34852a9044bf9ca8cd667fb	results/chipseq/production/analyses/SRR20770296/artifacts/processing_logs/source_validation.log
a686c60ffc7341f55cde905e8ac5e09859d7b269a2e464a2dcc6aeca905a32e6	results/chipseq/production/analyses/SRR20770296/artifacts/provenance/runtime_manifest.json
acfa984c76e2c4768ea62d7f1b82215b5b61bc0a384eba3b9984a0de87b43894	results/chipseq/production/analyses/SRR20770296/artifacts/provenance/source.sha256
8d449b6376e6ec16d85404f848502d67bced5f6a41430bbdc3cc880edfec51da	results/chipseq/production/analyses/SRR20770296/artifacts/provenance/submission_plan.json
44d37ae1df9cfd8b7cba28eb2e191b6923d97c2f0f3906e5a6c1b684efe221b8	results/chipseq/production/analyses/SRR20770296/artifacts/provenance.json
1d796e8bbb687cdcc66d6837537dc6208aa1d9f6041949d3c980a979fe81e494	results/chipseq/production/analyses/SRR20770296/artifacts/scratch_monitor.tsv
5b3644ae96dab8e3f1b7e9db85ba2a64c0ba2b86aa5b59f03caf26d1984bd3dd	results/chipseq/production/analyses/SRR20770296/artifacts/signal_compression.json
0577f8bb261a44762497546cb1f7738a91b91633e8a6b48de3eb61dd82e00fcf	results/chipseq/production/analyses/SRR20770296/artifacts/software_versions/bedtools.txt
3d1c58b4da8720a18d1ca794fe2a6547f4c5a7e41570a762e1f87c081507068d	results/chipseq/production/analyses/SRR20770296/artifacts/software_versions/bowtie2.txt
25de69a3f5f6bdf09e4d2f15e45f06ff5f560849f7e9355d7206f51ff8a24771	results/chipseq/production/analyses/SRR20770296/artifacts/software_versions/environment_explicit.txt
a8de9d0571711205d415267177699369782156f2436c8cd503c3ddb0fab09a73	results/chipseq/production/analyses/SRR20770296/artifacts/software_versions/fastp.txt
c03e21ebf0bfe208b7f139c88840dbca0a113ccb4ffd22a6b9f462a1bd47aa8a	results/chipseq/production/analyses/SRR20770296/artifacts/software_versions/fastqc.txt
e072b382d65526ccf7e7e7d6dd81e65a736d3dd55ac9dc784bdd83569efaba3c	results/chipseq/production/analyses/SRR20770296/artifacts/software_versions/macs3.txt
883a9a5630ad235602dcdab81d0c025ce0cb0b3c22ec5db748a65154ffd74c69	results/chipseq/production/analyses/SRR20770296/artifacts/software_versions/picard.txt
dcf13eeb5c3ca9c63217c3a4522139fb45382800aa7128b947ab9066c21925d5	results/chipseq/production/analyses/SRR20770296/artifacts/software_versions/python.txt
98d0cdae2029ee7fee4e72f2d28eefbc80446ca79af6059736ce49a4e864cc4e	results/chipseq/production/analyses/SRR20770296/artifacts/software_versions/samtools.txt
4b2861501c83e26e5efca01069a880211b08db4bff5f27b5529f8fc2464387cd	results/chipseq/production/analyses/SRR20770297/artifacts/disk_usage.tsv
20460844f2736e8d4ec67cb1d8ea4ac39bc20b99bfb81ee92e87396064b79bda	results/chipseq/production/analyses/SRR20770297/artifacts/fragment/fragment_size_provenance.json
bc10623f5bd35202dc813743bb2e67a7eccabc1cb9e8df45ad76664a2dbbb8a8	results/chipseq/production/analyses/SRR20770297/artifacts/frip/input_reads_overlapping_ip_peaks.txt
e95ebb5c5d339dc91e281ac50e3af4db1fb2ad51e00b3cf5c2d698e6857f3751	results/chipseq/production/analyses/SRR20770297/artifacts/frip/input_total_reads.txt
492459cdd0cdaa0d5db4dc45b69e732b64efe155e610f9af0a587596ff3eb87d	results/chipseq/production/analyses/SRR20770297/artifacts/frip/ip_reads_in_peaks.txt
f0d3747931172fba8905696454bd1ce1a8870244b2c4d50bf53636d809806c1d	results/chipseq/production/analyses/SRR20770297/artifacts/frip/ip_total_reads.txt
c616424f5383fa64f11ae76360b5e44fee5fd72cda4035e5571c2b0c1ae96006	results/chipseq/production/analyses/SRR20770297/artifacts/ip_processing_qc/alignment_qc.json
4dd08b121e25678a0f377426236f687091cc067b01c7f7db138937a2dca7bcf4	results/chipseq/production/analyses/SRR20770297/artifacts/ip_processing_qc/fastp.html
1b7fca4900b764d14e0c9272a207b4b7c8384009ad988416313b3c99b1f213f5	results/chipseq/production/analyses/SRR20770297/artifacts/ip_processing_qc/fastp.json
9bda2f9d57b39153762f1cf125108a23a34bce3eb4f55e0748d42bedad27a283	results/chipseq/production/analyses/SRR20770297/artifacts/ip_processing_qc/fastqc/SRR20770297_fastqc.html
6d0739594c272cdbdbb2f6fd27285fc7723802bf5157f2dd3c31d4fb4334bd17	results/chipseq/production/analyses/SRR20770297/artifacts/ip_processing_qc/fastqc/SRR20770297_fastqc.zip
85ccdefaa3c892ea71ad4b6e88cde12119b9ddd046813201353b37b1ff6760b8	results/chipseq/production/analyses/SRR20770297/artifacts/ip_processing_qc/filtered_validation.json
145534828a528ae2d5fccef1ef4a38887633155812d807f9174aec9fb6108f19	results/chipseq/production/analyses/SRR20770297/artifacts/ip_processing_qc/filtering_flow.tsv
a98d269a881138f80e06e264069074202ff184115cc9d2c874f2481dbf6117fe	results/chipseq/production/analyses/SRR20770297/artifacts/ip_processing_qc/filtering_qc.json
f2bd33918bcf42bfd87c456bbd2813e63405c104f2a0c827304e25f0c8a88055	results/chipseq/production/analyses/SRR20770297/artifacts/ip_processing_qc/picard.log
160f756431e8278a693970698137b860b90636e051e5f32d00730a59d4c61031	results/chipseq/production/analyses/SRR20770297/artifacts/ip_processing_qc/picard_metrics.txt
3484c9da41b2545f0d84ed4affa78961a69821a9e11f9ffd6f35264149acf3a7	results/chipseq/production/analyses/SRR20770297/artifacts/macs3.log
e072b382d65526ccf7e7e7d6dd81e65a736d3dd55ac9dc784bdd83569efaba3c	results/chipseq/production/analyses/SRR20770297/artifacts/macs3_version.txt
ae72e2034811729fd5fbcd7c1823dc43b3076c22148b62d0fa4925cb8b9d8b78	results/chipseq/production/analyses/SRR20770297/artifacts/maximum_scratch_usage.tsv
ba05d36be35dc13e4018e821f9df2a85153953235a59966893c5efe73f3c4646	results/chipseq/production/analyses/SRR20770297/artifacts/parameters.json
9fa1ab2daa53ff724f41e18eefc1dfd0db41ba61d47bd9b078b246e6e9e51da4	results/chipseq/production/analyses/SRR20770297/artifacts/peak_qc.json
ace90e7ebdfb89e0b8464cbe34e487d4ed88a933bab0761fe686b1a058e7f615	results/chipseq/production/analyses/SRR20770297/artifacts/peaks/SRR20770297_control_lambda.bdg.gz
9493a321f03acab9d67c4bde263637719727fced0460e09406b1a5ef6eac771d	results/chipseq/production/analyses/SRR20770297/artifacts/peaks/SRR20770297_peaks.narrowPeak
2dd4b75b1c9f4f4721f7b818d197f4c44e775adb5e5922c0f65f341c13eab90b	results/chipseq/production/analyses/SRR20770297/artifacts/peaks/SRR20770297_peaks.xls
00850fbeefd7c179265c25e30ccab6c30165f383d28713808a5e08bab931ee4a	results/chipseq/production/analyses/SRR20770297/artifacts/peaks/SRR20770297_summits.bed
c7cbf9f423f294a85563533d5b70579746a296e007ae3a9e5af7f44a9eb12dd7	results/chipseq/production/analyses/SRR20770297/artifacts/peaks/SRR20770297_treat_pileup.bdg.gz
8e61b5392fac3fce521266b1e088c1fe20bc2c40ec3adfa89741d8a6f654bbf1	results/chipseq/production/analyses/SRR20770297/artifacts/processing_logs/SRR20770287_input_download.log
a8584e6469e6756b3d1d297f162d05e73a7601356b6f57ef2d0271f9c171e8ba	results/chipseq/production/analyses/SRR20770297/artifacts/processing_logs/SRR20770287_input_fastp.log
627dcbd12ff9f5f3c7353d10676ed0ce898c82ebf699cadd78df107b072212fc	results/chipseq/production/analyses/SRR20770297/artifacts/processing_logs/SRR20770287_input_fastqc.log
85a3046528ce52790a9ab373806665a155316c5084d4dc0b0cfab3168ac959a5	results/chipseq/production/analyses/SRR20770297/artifacts/processing_logs/SRR20770297_ip_download.log
8be7d2c212f30e9ff47958fcf5e94a69327c1276678399eb4ace4296c34f5db3	results/chipseq/production/analyses/SRR20770297/artifacts/processing_logs/SRR20770297_ip_fastp.log
d68f56da9c64c095823e4add0b76352b6731697878d05ac0ec60ca0cdf84e719	results/chipseq/production/analyses/SRR20770297/artifacts/processing_logs/SRR20770297_ip_fastqc.log
50701a4669a32d924551adef89b41e34220af7edeec9ec4b5c1b509c1043805f	results/chipseq/production/analyses/SRR20770297/artifacts/processing_logs/environment_creation.log
2b453b38ed75840e8cba4018deff96e2ae40be95ae1758dcede257d06ee2cc71	results/chipseq/production/analyses/SRR20770297/artifacts/processing_logs/reference_validation.json
b5727316492f74cb8529b75f41c6baaba307e885d34852a9044bf9ca8cd667fb	results/chipseq/production/analyses/SRR20770297/artifacts/processing_logs/source_validation.log
67135eea487033c382c81b519c65c4373cff7380312c6034b6d6d56ccecb9d8b	results/chipseq/production/analyses/SRR20770297/artifacts/provenance/runtime_manifest.json
acfa984c76e2c4768ea62d7f1b82215b5b61bc0a384eba3b9984a0de87b43894	results/chipseq/production/analyses/SRR20770297/artifacts/provenance/source.sha256
905d71e394234299b1443041a15e4bd176510945677f104260d6d8d351be7a5b	results/chipseq/production/analyses/SRR20770297/artifacts/provenance/submission_plan.json
451285440af2c63b4902e2449bed3edcf5d2b64c7fbf4ad6ca530d6dd6c83c7f	results/chipseq/production/analyses/SRR20770297/artifacts/provenance.json
dab86f2fdb69d8caff7799adbc7d4f67979d87e1989416922f0720ccbab7f625	results/chipseq/production/analyses/SRR20770297/artifacts/scratch_monitor.tsv
1955392796c4f9f1ecb72741c94d74db2b8d7906e7919d6a683e33f4a2e76b8e	results/chipseq/production/analyses/SRR20770297/artifacts/signal_compression.json
0577f8bb261a44762497546cb1f7738a91b91633e8a6b48de3eb61dd82e00fcf	results/chipseq/production/analyses/SRR20770297/artifacts/software_versions/bedtools.txt
e224dddd0a9b78c1e3f2a7802e70b1c0305d37bff98cfe823ea892ae97855f2e	results/chipseq/production/analyses/SRR20770297/artifacts/software_versions/bowtie2.txt
25de69a3f5f6bdf09e4d2f15e45f06ff5f560849f7e9355d7206f51ff8a24771	results/chipseq/production/analyses/SRR20770297/artifacts/software_versions/environment_explicit.txt
a8de9d0571711205d415267177699369782156f2436c8cd503c3ddb0fab09a73	results/chipseq/production/analyses/SRR20770297/artifacts/software_versions/fastp.txt
c33cee40c5ab9b1b89d5c92defa2a73adbc6edeb9465c4dfa6bdff9c50144b12	results/chipseq/production/analyses/SRR20770297/artifacts/software_versions/fastqc.txt
e072b382d65526ccf7e7e7d6dd81e65a736d3dd55ac9dc784bdd83569efaba3c	results/chipseq/production/analyses/SRR20770297/artifacts/software_versions/macs3.txt
883a9a5630ad235602dcdab81d0c025ce0cb0b3c22ec5db748a65154ffd74c69	results/chipseq/production/analyses/SRR20770297/artifacts/software_versions/picard.txt
dcf13eeb5c3ca9c63217c3a4522139fb45382800aa7128b947ab9066c21925d5	results/chipseq/production/analyses/SRR20770297/artifacts/software_versions/python.txt
dc4786bc6e01a05313fd4df122e5a43eeddb510597ebf6504f64ba884d341b39	results/chipseq/production/analyses/SRR20770297/artifacts/software_versions/samtools.txt
