run_accession	study_accession	experiment_accession	sample_accession	cell_line	cell_type	library_strategy	library_source	library_selection	library_layout	instrument_platform	instrument_model
DRR091430	PRJDB5737	DRX085006	SAMD00079368	CHO-K1	adherent	RNA-Seq	TRANSCRIPTOMIC	PolyA	SINGLE	ILLUMINA	Illumina HiSeq 2000
DRR091431	PRJDB5737	DRX085006	SAMD00079368	CHO-K1	adherent	RNA-Seq	TRANSCRIPTOMIC	PolyA	SINGLE	ILLUMINA	Illumina HiSeq 2000
DRR091432	PRJDB5737	DRX085006	SAMD00079368	CHO-K1	adherent	RNA-Seq	TRANSCRIPTOMIC	PolyA	SINGLE	ILLUMINA	Illumina HiSeq 2000
DRR091433	PRJDB5737	DRX085007	SAMD00079369	CHO-K1	adherent	RNA-Seq	TRANSCRIPTOMIC	PolyA	SINGLE	ILLUMINA	Illumina HiSeq 2000
DRR091434	PRJDB5737	DRX085007	SAMD00079369	CHO-K1	adherent	RNA-Seq	TRANSCRIPTOMIC	PolyA	SINGLE	ILLUMINA	Illumina HiSeq 2000
DRR091435	PRJDB5737	DRX085007	SAMD00079369	CHO-K1	adherent	RNA-Seq	TRANSCRIPTOMIC	PolyA	SINGLE	ILLUMINA	Illumina HiSeq 2000
DRR091436	PRJDB5737	DRX085008	SAMD00079370	CHO-K1	adherent	RNA-Seq	TRANSCRIPTOMIC	PolyA	SINGLE	ILLUMINA	Illumina HiSeq 2000
DRR091437	PRJDB5737	DRX085008	SAMD00079370	CHO-K1	adherent	RNA-Seq	TRANSCRIPTOMIC	PolyA	SINGLE	ILLUMINA	Illumina HiSeq 2000
DRR091438	PRJDB5737	DRX085008	SAMD00079370	CHO-K1	adherent	RNA-Seq	TRANSCRIPTOMIC	PolyA	SINGLE	ILLUMINA	Illumina HiSeq 2000
DRR091439	PRJDB5737	DRX085009	SAMD00079371	CHO-K1	adherent	RNA-Seq	TRANSCRIPTOMIC	PolyA	SINGLE	ILLUMINA	Illumina HiSeq 2000
DRR091440	PRJDB5737	DRX085010	SAMD00079372	CHO-K1	adherent	RNA-Seq	TRANSCRIPTOMIC	PolyA	SINGLE	ILLUMINA	Illumina HiSeq 2000
DRR093872	PRJDB5831	DRX087368	SAMD00082620	CHO-DG44 SC20	epitherial	RNA-Seq	TRANSCRIPTOMIC	PolyA	PAIRED	ILLUMINA	Illumina HiSeq 2000
DRR093873	PRJDB5831	DRX087369	SAMD00082621	CHO-DG44 SC39	epitherial	RNA-Seq	TRANSCRIPTOMIC	PolyA	PAIRED	ILLUMINA	Illumina HiSeq 2000
DRR093874	PRJDB5831	DRX087370	SAMD00082622	CHO-DG44 lgG3SC20	epitherial	RNA-Seq	TRANSCRIPTOMIC	PolyA	PAIRED	ILLUMINA	Illumina HiSeq 2000
DRR093875	PRJDB5831	DRX087371	SAMD00082623	CHO-DG44 lgG3SC39	epitherial	RNA-Seq	TRANSCRIPTOMIC	PolyA	PAIRED	ILLUMINA	Illumina HiSeq 2000
DRR096596	PRJDB5897	DRX090092	SAMD00084267	CHO-DG44		RNA-Seq	TRANSCRIPTOMIC	PolyA	SINGLE	ILLUMINA	NextSeq 500
DRR096597	PRJDB5897	DRX090093	SAMD00084268	CHO-DG44		RNA-Seq	TRANSCRIPTOMIC	PolyA	SINGLE	ILLUMINA	NextSeq 500
DRR096598	PRJDB5897	DRX090094	SAMD00084269	CHO-DG44		RNA-Seq	TRANSCRIPTOMIC	RANDOM	SINGLE	ILLUMINA	NextSeq 500
DRR096599	PRJDB5897	DRX090095	SAMD00084270	CHO-DG44		RNA-Seq	TRANSCRIPTOMIC	RANDOM	SINGLE	ILLUMINA	NextSeq 500
DRR096600	PRJDB5898	DRX090096	SAMD00084271	CHO-K1		RNA-Seq	TRANSCRIPTOMIC	PolyA	SINGLE	ILLUMINA	NextSeq 500
DRR096601	PRJDB5898	DRX090097	SAMD00084272	CHO-K1		RNA-Seq	TRANSCRIPTOMIC	PolyA	SINGLE	ILLUMINA	NextSeq 500
DRR096602	PRJDB5898	DRX090098	SAMD00084273	CHO-K1		RNA-Seq	TRANSCRIPTOMIC	PolyA	SINGLE	ILLUMINA	NextSeq 500
DRR096603	PRJDB5898	DRX090099	SAMD00084274	CHO-K1		RNA-Seq	TRANSCRIPTOMIC	PolyA	SINGLE	ILLUMINA	NextSeq 500
DRR099453	PRJDB6126	DRX092931	SAMD00089406	CHO-S	Suspension cells	RNA-Seq	TRANSCRIPTOMIC	PolyA	SINGLE	ILLUMINA	NextSeq 500
DRR099454	PRJDB6126	DRX092932	SAMD00089407	CHO-S	Suspension cells	RNA-Seq	TRANSCRIPTOMIC	PolyA	SINGLE	ILLUMINA	NextSeq 500
DRR099455	PRJDB6126	DRX092933	SAMD00089408	CHO-S	Suspension cells	RNA-Seq	TRANSCRIPTOMIC	PolyA	SINGLE	ILLUMINA	NextSeq 500
DRR099456	PRJDB6126	DRX092934	SAMD00089409	CHO-S	Suspension cells	RNA-Seq	TRANSCRIPTOMIC	PolyA	SINGLE	ILLUMINA	NextSeq 500
DRR099457	PRJDB6126	DRX092935	SAMD00089410	CHO-S	Suspension cells	RNA-Seq	TRANSCRIPTOMIC	PolyA	SINGLE	ILLUMINA	NextSeq 500
DRR099458	PRJDB6126	DRX092936	SAMD00089411	CHO-S	Suspension cells	RNA-Seq	TRANSCRIPTOMIC	PolyA	SINGLE	ILLUMINA	NextSeq 500
DRR099459	PRJDB6126	DRX092937	SAMD00089412	CHO-S	Suspension cells	RNA-Seq	TRANSCRIPTOMIC	PolyA	SINGLE	ILLUMINA	NextSeq 500
DRR099460	PRJDB6126	DRX092938	SAMD00089413	CHO-S	Suspension cells	RNA-Seq	TRANSCRIPTOMIC	PolyA	SINGLE	ILLUMINA	NextSeq 500
DRR099461	PRJDB6126	DRX092939	SAMD00089414	CHO-S	Suspension cells	RNA-Seq	TRANSCRIPTOMIC	PolyA	SINGLE	ILLUMINA	NextSeq 500
DRR099462	PRJDB6126	DRX092940	SAMD00089415	CHO-S	Suspension cells	RNA-Seq	TRANSCRIPTOMIC	PolyA	SINGLE	ILLUMINA	NextSeq 500
DRR099463	PRJDB6126	DRX092941	SAMD00089416	CHO-S	Suspension cells	RNA-Seq	TRANSCRIPTOMIC	PolyA	SINGLE	ILLUMINA	NextSeq 500
DRR099464	PRJDB6126	DRX092942	SAMD00089417	CHO-S	Suspension cells	RNA-Seq	TRANSCRIPTOMIC	PolyA	SINGLE	ILLUMINA	NextSeq 500
DRR099465	PRJDB6126	DRX092943	SAMD00089418	CHO-S	Suspension cells	RNA-Seq	TRANSCRIPTOMIC	PolyA	SINGLE	ILLUMINA	NextSeq 500
DRR099466	PRJDB6126	DRX092944	SAMD00089419	CHO-S	Suspension cells	RNA-Seq	TRANSCRIPTOMIC	PolyA	SINGLE	ILLUMINA	NextSeq 500
DRR099467	PRJDB6126	DRX092945	SAMD00089420	CHO-S	Suspension cells	RNA-Seq	TRANSCRIPTOMIC	PolyA	SINGLE	ILLUMINA	NextSeq 500
DRR099468	PRJDB6126	DRX092946	SAMD00089421	CHO-S	Suspension cells	RNA-Seq	TRANSCRIPTOMIC	PolyA	SINGLE	ILLUMINA	NextSeq 500
DRR099469	PRJDB6126	DRX092947	SAMD00089422	CHO-S	Suspension cells	RNA-Seq	TRANSCRIPTOMIC	PolyA	SINGLE	ILLUMINA	NextSeq 500
DRR099470	PRJDB6126	DRX092948	SAMD00089423	CHO-S	Suspension cells	RNA-Seq	TRANSCRIPTOMIC	PolyA	SINGLE	ILLUMINA	NextSeq 500
DRR099471	PRJDB6126	DRX092949	SAMD00089424	CHO-S	Suspension cells	RNA-Seq	TRANSCRIPTOMIC	PolyA	SINGLE	ILLUMINA	NextSeq 500
DRR099472	PRJDB6126	DRX092950	SAMD00089425	CHO-S	Suspension cells	RNA-Seq	TRANSCRIPTOMIC	PolyA	SINGLE	ILLUMINA	NextSeq 500
DRR099473	PRJDB6126	DRX092951	SAMD00089426	CHO-S	Suspension cells	RNA-Seq	TRANSCRIPTOMIC	PolyA	SINGLE	ILLUMINA	NextSeq 500
DRR099474	PRJDB6126	DRX092952	SAMD00089427	CHO-S	Suspension cells	RNA-Seq	TRANSCRIPTOMIC	PolyA	SINGLE	ILLUMINA	NextSeq 500
DRR099475	PRJDB6126	DRX092953	SAMD00089428	CHO-S	Suspension cells	RNA-Seq	TRANSCRIPTOMIC	PolyA	SINGLE	ILLUMINA	NextSeq 500
DRR099476	PRJDB6126	DRX092954	SAMD00089429	CHO-S	Suspension cells	RNA-Seq	TRANSCRIPTOMIC	PolyA	SINGLE	ILLUMINA	NextSeq 500
DRR099477	PRJDB6126	DRX092955	SAMD00089430	CHO-S	Suspension cells	RNA-Seq	TRANSCRIPTOMIC	PolyA	SINGLE	ILLUMINA	NextSeq 500
DRR099478	PRJDB6126	DRX092956	SAMD00089431	CHO-S	Suspension cells	RNA-Seq	TRANSCRIPTOMIC	PolyA	SINGLE	ILLUMINA	NextSeq 500
DRR099479	PRJDB6126	DRX092957	SAMD00089432	CHO-S	Suspension cells	RNA-Seq	TRANSCRIPTOMIC	PolyA	SINGLE	ILLUMINA	NextSeq 500
DRR099480	PRJDB6126	DRX092958	SAMD00089433	CHO-S	Suspension cells	RNA-Seq	TRANSCRIPTOMIC	PolyA	SINGLE	ILLUMINA	NextSeq 500
DRR099481	PRJDB6126	DRX092959	SAMD00089434	CHO-S	Suspension cells	RNA-Seq	TRANSCRIPTOMIC	PolyA	SINGLE	ILLUMINA	NextSeq 500
DRR099482	PRJDB6126	DRX092960	SAMD00089435	CHO-S	Suspension cells	RNA-Seq	TRANSCRIPTOMIC	PolyA	SINGLE	ILLUMINA	NextSeq 500
DRR099483	PRJDB6126	DRX092961	SAMD00089436	CHO-S	Suspension cells	RNA-Seq	TRANSCRIPTOMIC	PolyA	SINGLE	ILLUMINA	NextSeq 500
DRR099484	PRJDB6126	DRX092962	SAMD00089437	CHO-S	Suspension cells	RNA-Seq	TRANSCRIPTOMIC	PolyA	SINGLE	ILLUMINA	NextSeq 500
DRR099485	PRJDB6126	DRX092963	SAMD00089438	CHO-S	Suspension cells	RNA-Seq	TRANSCRIPTOMIC	PolyA	SINGLE	ILLUMINA	NextSeq 500
DRR099486	PRJDB6126	DRX092964	SAMD00089439	CHO-S	Suspension cells	RNA-Seq	TRANSCRIPTOMIC	PolyA	SINGLE	ILLUMINA	NextSeq 500
DRR099487	PRJDB6126	DRX092965	SAMD00089440	CHO-S	Suspension cells	RNA-Seq	TRANSCRIPTOMIC	PolyA	SINGLE	ILLUMINA	NextSeq 500
DRR099488	PRJDB6126	DRX092966	SAMD00089441	CHO-S	Suspension cells	RNA-Seq	TRANSCRIPTOMIC	PolyA	SINGLE	ILLUMINA	NextSeq 500
DRR099489	PRJDB6126	DRX092967	SAMD00089442	CHO-S	Suspension cells	RNA-Seq	TRANSCRIPTOMIC	PolyA	SINGLE	ILLUMINA	NextSeq 500
DRR099490	PRJDB6126	DRX092968	SAMD00089443	CHO-S	Suspension cells	RNA-Seq	TRANSCRIPTOMIC	PolyA	SINGLE	ILLUMINA	NextSeq 500
DRR099491	PRJDB6126	DRX092969	SAMD00089444	CHO-S	Suspension cells	RNA-Seq	TRANSCRIPTOMIC	PolyA	SINGLE	ILLUMINA	NextSeq 500
DRR099492	PRJDB6126	DRX092970	SAMD00089445	CHO-S	Suspension cells	RNA-Seq	TRANSCRIPTOMIC	PolyA	SINGLE	ILLUMINA	NextSeq 500
DRR099493	PRJDB6126	DRX092971	SAMD00089446	CHO-S	Suspension cells	RNA-Seq	TRANSCRIPTOMIC	PolyA	SINGLE	ILLUMINA	NextSeq 500
DRR099494	PRJDB6126	DRX092972	SAMD00089447	CHO-S	Suspension cells	RNA-Seq	TRANSCRIPTOMIC	PolyA	SINGLE	ILLUMINA	NextSeq 500
DRR099495	PRJDB6126	DRX092973	SAMD00089448	CHO-S	Suspension cells	RNA-Seq	TRANSCRIPTOMIC	PolyA	SINGLE	ILLUMINA	NextSeq 500
DRR099496	PRJDB6126	DRX092974	SAMD00089449	CHO-S	Suspension cells	RNA-Seq	TRANSCRIPTOMIC	PolyA	SINGLE	ILLUMINA	NextSeq 500
DRR099497	PRJDB6126	DRX092975	SAMD00089450	CHO-S	Suspension cells	RNA-Seq	TRANSCRIPTOMIC	PolyA	SINGLE	ILLUMINA	NextSeq 500
DRR099498	PRJDB6126	DRX092976	SAMD00089451	CHO-S	Suspension cells	RNA-Seq	TRANSCRIPTOMIC	PolyA	SINGLE	ILLUMINA	NextSeq 500
DRR099499	PRJDB6126	DRX092977	SAMD00089452	CHO-S	Suspension cells	RNA-Seq	TRANSCRIPTOMIC	PolyA	SINGLE	ILLUMINA	NextSeq 500
DRR099500	PRJDB6126	DRX092978	SAMD00089453	CHO-S	Suspension cells	RNA-Seq	TRANSCRIPTOMIC	PolyA	SINGLE	ILLUMINA	NextSeq 500
DRR164940	PRJDB7873	DRX155559	SAMD00156498		CHO-K1	RNA-Seq	TRANSCRIPTOMIC	PolyA	SINGLE	ILLUMINA	NextSeq 500
DRR164941	PRJDB7873	DRX155560	SAMD00156499		CHO-K1	RNA-Seq	TRANSCRIPTOMIC	PolyA	SINGLE	ILLUMINA	NextSeq 500
DRR164942	PRJDB7873	DRX155561	SAMD00156500		CHO-K1	RNA-Seq	TRANSCRIPTOMIC	PolyA	SINGLE	ILLUMINA	NextSeq 500
DRR164943	PRJDB7873	DRX155562	SAMD00156501		CHO-K1	RNA-Seq	TRANSCRIPTOMIC	PolyA	SINGLE	ILLUMINA	NextSeq 500
DRR164944	PRJDB7873	DRX155563	SAMD00156502		CHO-K1	RNA-Seq	TRANSCRIPTOMIC	PolyA	SINGLE	ILLUMINA	NextSeq 500
DRR164945	PRJDB7873	DRX155564	SAMD00156503		CHO-K1	RNA-Seq	TRANSCRIPTOMIC	PolyA	SINGLE	ILLUMINA	NextSeq 500
DRR164946	PRJDB7873	DRX155565	SAMD00156504		CHO-K1	RNA-Seq	TRANSCRIPTOMIC	PolyA	SINGLE	ILLUMINA	NextSeq 500
DRR164947	PRJDB7873	DRX155566	SAMD00156505		CHO-K1	RNA-Seq	TRANSCRIPTOMIC	PolyA	SINGLE	ILLUMINA	NextSeq 500
DRR164948	PRJDB7873	DRX155567	SAMD00156506		CHO-K1	RNA-Seq	TRANSCRIPTOMIC	PolyA	SINGLE	ILLUMINA	NextSeq 500
DRR164949	PRJDB7873	DRX155568	SAMD00156507		CHO-K1	RNA-Seq	TRANSCRIPTOMIC	PolyA	SINGLE	ILLUMINA	NextSeq 500
DRR164950	PRJDB7873	DRX155569	SAMD00156508		CHO-K1	RNA-Seq	TRANSCRIPTOMIC	PolyA	SINGLE	ILLUMINA	NextSeq 500
DRR164951	PRJDB7873	DRX155570	SAMD00156509		CHO-K1	RNA-Seq	TRANSCRIPTOMIC	PolyA	SINGLE	ILLUMINA	NextSeq 500
DRR169269	PRJDB7945	DRX159883	SAMD00159352		CHO-K1	RNA-Seq	TRANSCRIPTOMIC	cDNA	SINGLE	ILLUMINA	NextSeq 500
DRR169270	PRJDB7945	DRX159884	SAMD00159353		CHO-K1	RNA-Seq	TRANSCRIPTOMIC	cDNA	SINGLE	ILLUMINA	NextSeq 500
DRR169271	PRJDB7945	DRX159885	SAMD00159354		CHO-K1	RNA-Seq	TRANSCRIPTOMIC	cDNA	SINGLE	ILLUMINA	NextSeq 500
DRR169272	PRJDB7945	DRX159886	SAMD00159355		CHO-K1	RNA-Seq	TRANSCRIPTOMIC	cDNA	SINGLE	ILLUMINA	NextSeq 500
DRR169273	PRJDB7945	DRX159887	SAMD00159356		CHO-K1	RNA-Seq	TRANSCRIPTOMIC	cDNA	SINGLE	ILLUMINA	NextSeq 500
DRR169274	PRJDB7945	DRX159888	SAMD00159357		CHO-K1	RNA-Seq	TRANSCRIPTOMIC	cDNA	SINGLE	ILLUMINA	NextSeq 500
DRR169275	PRJDB7945	DRX159889	SAMD00159358		CHO-K1	RNA-Seq	TRANSCRIPTOMIC	cDNA	SINGLE	ILLUMINA	NextSeq 500
DRR169276	PRJDB7945	DRX159890	SAMD00159359		CHO-K1	RNA-Seq	TRANSCRIPTOMIC	cDNA	SINGLE	ILLUMINA	NextSeq 500
DRR169277	PRJDB7945	DRX159891	SAMD00159360		CHO-K1	RNA-Seq	TRANSCRIPTOMIC	cDNA	SINGLE	ILLUMINA	NextSeq 500
DRR169278	PRJDB7945	DRX159892	SAMD00159361		CHO-K1	RNA-Seq	TRANSCRIPTOMIC	cDNA	SINGLE	ILLUMINA	NextSeq 500
DRR169279	PRJDB7945	DRX159893	SAMD00159362		CHO-K1	RNA-Seq	TRANSCRIPTOMIC	cDNA	SINGLE	ILLUMINA	NextSeq 500
DRR169280	PRJDB7945	DRX159894	SAMD00159363		CHO-K1	RNA-Seq	TRANSCRIPTOMIC	cDNA	SINGLE	ILLUMINA	NextSeq 500
DRR169281	PRJDB7945	DRX159895	SAMD00159364		CHO-K1	RNA-Seq	TRANSCRIPTOMIC	cDNA	SINGLE	ILLUMINA	NextSeq 500
DRR169282	PRJDB7945	DRX159896	SAMD00159365		CHO-K1	RNA-Seq	TRANSCRIPTOMIC	cDNA	SINGLE	ILLUMINA	NextSeq 500
DRR169283	PRJDB7945	DRX159897	SAMD00159366		CHO-K1	RNA-Seq	TRANSCRIPTOMIC	cDNA	SINGLE	ILLUMINA	NextSeq 500
DRR169284	PRJDB7945	DRX159898	SAMD00159367		CHO-K1	RNA-Seq	TRANSCRIPTOMIC	cDNA	SINGLE	ILLUMINA	NextSeq 500
DRR169285	PRJDB7945	DRX159899	SAMD00159368		CHO-K1	RNA-Seq	TRANSCRIPTOMIC	cDNA	SINGLE	ILLUMINA	NextSeq 500
DRR169286	PRJDB7945	DRX159900	SAMD00159369		CHO-K1	RNA-Seq	TRANSCRIPTOMIC	cDNA	SINGLE	ILLUMINA	NextSeq 500
DRR169287	PRJDB7945	DRX159901	SAMD00159370		CHO-K1	RNA-Seq	TRANSCRIPTOMIC	cDNA	SINGLE	ILLUMINA	NextSeq 500
DRR169288	PRJDB7945	DRX159902	SAMD00159371		CHO-K1	RNA-Seq	TRANSCRIPTOMIC	cDNA	SINGLE	ILLUMINA	NextSeq 500
DRR169289	PRJDB7945	DRX159903	SAMD00159372		CHO-K1	RNA-Seq	TRANSCRIPTOMIC	cDNA	SINGLE	ILLUMINA	NextSeq 500
DRR169290	PRJDB7945	DRX159904	SAMD00159373		CHO-K1	RNA-Seq	TRANSCRIPTOMIC	cDNA	SINGLE	ILLUMINA	NextSeq 500
DRR169291	PRJDB7945	DRX159905	SAMD00159374		CHO-K1	RNA-Seq	TRANSCRIPTOMIC	cDNA	SINGLE	ILLUMINA	NextSeq 500
DRR169292	PRJDB7945	DRX159906	SAMD00159375		CHO-K1	RNA-Seq	TRANSCRIPTOMIC	cDNA	SINGLE	ILLUMINA	NextSeq 500
DRR169293	PRJDB7945	DRX159907	SAMD00159376		CHO-K1	RNA-Seq	TRANSCRIPTOMIC	cDNA	SINGLE	ILLUMINA	NextSeq 500
DRR169294	PRJDB7945	DRX159908	SAMD00159377		CHO-K1	RNA-Seq	TRANSCRIPTOMIC	cDNA	SINGLE	ILLUMINA	NextSeq 500
DRR169295	PRJDB7945	DRX159909	SAMD00159378		CHO-K1	RNA-Seq	TRANSCRIPTOMIC	cDNA	SINGLE	ILLUMINA	NextSeq 500
DRR169296	PRJDB7945	DRX159910	SAMD00159379		CHO-K1	RNA-Seq	TRANSCRIPTOMIC	cDNA	SINGLE	ILLUMINA	NextSeq 500
DRR169297	PRJDB7945	DRX159911	SAMD00159380		CHO-K1	RNA-Seq	TRANSCRIPTOMIC	cDNA	SINGLE	ILLUMINA	NextSeq 500
DRR169298	PRJDB7945	DRX159912	SAMD00159381		CHO-K1	RNA-Seq	TRANSCRIPTOMIC	cDNA	SINGLE	ILLUMINA	NextSeq 500
DRR169299	PRJDB7945	DRX159913	SAMD00159382		CHO-K1	RNA-Seq	TRANSCRIPTOMIC	cDNA	SINGLE	ILLUMINA	NextSeq 500
DRR169300	PRJDB7945	DRX159914	SAMD00159383		CHO-K1	RNA-Seq	TRANSCRIPTOMIC	cDNA	SINGLE	ILLUMINA	NextSeq 500
DRR169301	PRJDB7945	DRX159915	SAMD00159384		CHO-K1	RNA-Seq	TRANSCRIPTOMIC	cDNA	SINGLE	ILLUMINA	NextSeq 500
DRR169302	PRJDB7945	DRX159916	SAMD00159385		CHO-K1	RNA-Seq	TRANSCRIPTOMIC	cDNA	SINGLE	ILLUMINA	NextSeq 500
DRR169303	PRJDB7945	DRX159917	SAMD00159386		CHO-K1	RNA-Seq	TRANSCRIPTOMIC	cDNA	SINGLE	ILLUMINA	NextSeq 500
DRR524604	PRJDB17021	DRX508486	SAMD00731272	CHO-S	Suspension cells	RNA-Seq	TRANSCRIPTOMIC	Oligo-dT	PAIRED	ILLUMINA	Illumina NovaSeq 6000
DRR524605	PRJDB17021	DRX508487	SAMD00731273	CHO-K1	Suspension cells	RNA-Seq	TRANSCRIPTOMIC	Oligo-dT	PAIRED	ILLUMINA	Illumina NovaSeq 6000
DRR524608	PRJDB17021	DRX508490	SAMD00731276	CHO-S	Suspension cells	RNA-Seq	TRANSCRIPTOMIC	Oligo-dT	PAIRED	ILLUMINA	Illumina NovaSeq 6000
DRR524609	PRJDB17021	DRX508491	SAMD00731277	CHO-K1	Suspension cells	RNA-Seq	TRANSCRIPTOMIC	Oligo-dT	PAIRED	ILLUMINA	Illumina NovaSeq 6000
DRR524612	PRJDB17021	DRX508494	SAMD00731280	CHO-S	Suspension cells	RNA-Seq	TRANSCRIPTOMIC	Oligo-dT	PAIRED	ILLUMINA	Illumina NovaSeq 6000
DRR524613	PRJDB17021	DRX508495	SAMD00731281	CHO-K1	Suspension cells	RNA-Seq	TRANSCRIPTOMIC	Oligo-dT	PAIRED	ILLUMINA	Illumina NovaSeq 6000
DRR524616	PRJDB17021	DRX508498	SAMD00731284	CHO-S	Suspension cells	RNA-Seq	TRANSCRIPTOMIC	Oligo-dT	PAIRED	ILLUMINA	Illumina NovaSeq 6000
DRR524617	PRJDB17021	DRX508499	SAMD00731285	CHO-K1	Suspension cells	RNA-Seq	TRANSCRIPTOMIC	Oligo-dT	PAIRED	ILLUMINA	Illumina NovaSeq 6000
DRR524620	PRJDB17021	DRX508502	SAMD00731288	CHO-S	Suspension cells	RNA-Seq	TRANSCRIPTOMIC	Oligo-dT	PAIRED	ILLUMINA	Illumina NovaSeq 6000
DRR524621	PRJDB17021	DRX508503	SAMD00731289	CHO-K1	Suspension cells	RNA-Seq	TRANSCRIPTOMIC	Oligo-dT	PAIRED	ILLUMINA	Illumina NovaSeq 6000
DRR524624	PRJDB17021	DRX508506	SAMD00731292	CHO-S	Suspension cells	RNA-Seq	TRANSCRIPTOMIC	Oligo-dT	PAIRED	ILLUMINA	Illumina NovaSeq 6000
DRR524625	PRJDB17021	DRX508507	SAMD00731293	CHO-K1	Suspension cells	RNA-Seq	TRANSCRIPTOMIC	Oligo-dT	PAIRED	ILLUMINA	Illumina NovaSeq 6000
DRR524628	PRJDB17021	DRX508510	SAMD00731296	CHO-S	Suspension cells	RNA-Seq	TRANSCRIPTOMIC	Oligo-dT	PAIRED	ILLUMINA	Illumina NovaSeq 6000
DRR524629	PRJDB17021	DRX508511	SAMD00731297	CHO-K1	Suspension cells	RNA-Seq	TRANSCRIPTOMIC	Oligo-dT	PAIRED	ILLUMINA	Illumina NovaSeq 6000
DRR706779	PRJDB35724	DRX686803	SAMD01599750	CHO-K1		RNA-Seq	TRANSCRIPTOMIC	PolyA	PAIRED	ILLUMINA	NextSeq 500
DRR706780	PRJDB35724	DRX686804	SAMD01599751	CHO-K1		RNA-Seq	TRANSCRIPTOMIC	PolyA	PAIRED	ILLUMINA	NextSeq 500
DRR706781	PRJDB35724	DRX686805	SAMD01599752	CHO-DG44		RNA-Seq	TRANSCRIPTOMIC	PolyA	PAIRED	ILLUMINA	NextSeq 500
DRR706782	PRJDB35724	DRX686806	SAMD01599753	CHO-DG44		RNA-Seq	TRANSCRIPTOMIC	PolyA	PAIRED	ILLUMINA	NextSeq 500
DRR706783	PRJDB35724	DRX686807	SAMD01599754	CHO-S		RNA-Seq	TRANSCRIPTOMIC	PolyA	PAIRED	ILLUMINA	NextSeq 500
DRR706784	PRJDB35724	DRX686808	SAMD01599755	CHO-S		RNA-Seq	TRANSCRIPTOMIC	PolyA	PAIRED	ILLUMINA	NextSeq 500
DRR706788	PRJDB35724	DRX686812	SAMD01599759	CHO-HcD6		RNA-Seq	TRANSCRIPTOMIC	PolyA	PAIRED	ILLUMINA	Illumina NovaSeq X
DRR706789	PRJDB35724	DRX686813	SAMD01599760	CHO-HcD6		RNA-Seq	TRANSCRIPTOMIC	PolyA	PAIRED	ILLUMINA	Illumina NovaSeq X
DRR706790	PRJDB35724	DRX686814	SAMD01599761	CHO-HcD6		RNA-Seq	TRANSCRIPTOMIC	PolyA	PAIRED	ILLUMINA	Illumina NovaSeq X
ERR10745711	PRJEB55916	ERX10195011	SAMEA111345349			RNA-Seq	TRANSCRIPTOMIC	Inverse rRNA selection	SINGLE	ILLUMINA	Illumina NovaSeq 6000
ERR10745712	PRJEB55916	ERX10195012	SAMEA111345350			RNA-Seq	TRANSCRIPTOMIC	Inverse rRNA selection	SINGLE	ILLUMINA	Illumina NovaSeq 6000
ERR10745713	PRJEB55916	ERX10195013	SAMEA111345351			RNA-Seq	TRANSCRIPTOMIC	Inverse rRNA selection	SINGLE	ILLUMINA	Illumina NovaSeq 6000
ERR10745714	PRJEB55916	ERX10195014	SAMEA111345352			RNA-Seq	TRANSCRIPTOMIC	Inverse rRNA selection	SINGLE	ILLUMINA	Illumina NovaSeq 6000
ERR10745715	PRJEB55916	ERX10195015	SAMEA111345353			RNA-Seq	TRANSCRIPTOMIC	Inverse rRNA selection	SINGLE	ILLUMINA	Illumina NovaSeq 6000
ERR10745716	PRJEB55916	ERX10195016	SAMEA111345354			RNA-Seq	TRANSCRIPTOMIC	Inverse rRNA selection	SINGLE	ILLUMINA	Illumina NovaSeq 6000
ERR10745717	PRJEB55916	ERX10195017	SAMEA111345355			RNA-Seq	TRANSCRIPTOMIC	Inverse rRNA selection	SINGLE	ILLUMINA	Illumina NovaSeq 6000
ERR10745718	PRJEB55916	ERX10195018	SAMEA111345356			RNA-Seq	TRANSCRIPTOMIC	Inverse rRNA selection	SINGLE	ILLUMINA	Illumina NovaSeq 6000
ERR10745719	PRJEB55916	ERX10195019	SAMEA111345357			RNA-Seq	TRANSCRIPTOMIC	Inverse rRNA selection	SINGLE	ILLUMINA	Illumina NovaSeq 6000
ERR10745720	PRJEB55916	ERX10195020	SAMEA111345358			RNA-Seq	TRANSCRIPTOMIC	Inverse rRNA selection	SINGLE	ILLUMINA	Illumina NovaSeq 6000
ERR10745721	PRJEB55916	ERX10195021	SAMEA111345359			RNA-Seq	TRANSCRIPTOMIC	Inverse rRNA selection	SINGLE	ILLUMINA	Illumina NovaSeq 6000
ERR10745722	PRJEB55916	ERX10195022	SAMEA111345360			RNA-Seq	TRANSCRIPTOMIC	Inverse rRNA selection	SINGLE	ILLUMINA	Illumina NovaSeq 6000
ERR10745723	PRJEB55916	ERX10195023	SAMEA111345361			RNA-Seq	TRANSCRIPTOMIC	Inverse rRNA selection	SINGLE	ILLUMINA	Illumina NovaSeq 6000
ERR10745724	PRJEB55916	ERX10195024	SAMEA111345362			RNA-Seq	TRANSCRIPTOMIC	Inverse rRNA selection	SINGLE	ILLUMINA	Illumina NovaSeq 6000
ERR10745725	PRJEB55916	ERX10195025	SAMEA111345363			RNA-Seq	TRANSCRIPTOMIC	Inverse rRNA selection	SINGLE	ILLUMINA	Illumina NovaSeq 6000
ERR10745726	PRJEB55916	ERX10195026	SAMEA111345364			RNA-Seq	TRANSCRIPTOMIC	Inverse rRNA selection	SINGLE	ILLUMINA	Illumina NovaSeq 6000
ERR10745727	PRJEB55916	ERX10195027	SAMEA111345365			RNA-Seq	TRANSCRIPTOMIC	Inverse rRNA selection	SINGLE	ILLUMINA	Illumina NovaSeq 6000
ERR10745728	PRJEB55916	ERX10195028	SAMEA111345366			RNA-Seq	TRANSCRIPTOMIC	Inverse rRNA selection	SINGLE	ILLUMINA	Illumina NovaSeq 6000
ERR10745729	PRJEB55916	ERX10195029	SAMEA111345367			RNA-Seq	TRANSCRIPTOMIC	Inverse rRNA selection	SINGLE	ILLUMINA	Illumina NovaSeq 6000
ERR10745730	PRJEB55916	ERX10195030	SAMEA111345368			RNA-Seq	TRANSCRIPTOMIC	Inverse rRNA selection	SINGLE	ILLUMINA	Illumina NovaSeq 6000
ERR10745731	PRJEB55916	ERX10195031	SAMEA111345369			RNA-Seq	TRANSCRIPTOMIC	Inverse rRNA selection	SINGLE	ILLUMINA	Illumina NovaSeq 6000
ERR10745732	PRJEB55916	ERX10195032	SAMEA111345370			RNA-Seq	TRANSCRIPTOMIC	Inverse rRNA selection	SINGLE	ILLUMINA	Illumina NovaSeq 6000
ERR10745733	PRJEB55916	ERX10195033	SAMEA111345371			RNA-Seq	TRANSCRIPTOMIC	Inverse rRNA selection	SINGLE	ILLUMINA	Illumina NovaSeq 6000
ERR10745734	PRJEB55916	ERX10195034	SAMEA111345372			RNA-Seq	TRANSCRIPTOMIC	Inverse rRNA selection	SINGLE	ILLUMINA	Illumina NovaSeq 6000
ERR10745735	PRJEB55916	ERX10195035	SAMEA111345373			RNA-Seq	TRANSCRIPTOMIC	Inverse rRNA selection	SINGLE	ILLUMINA	Illumina NovaSeq 6000
ERR10745736	PRJEB55916	ERX10195036	SAMEA111345374			RNA-Seq	TRANSCRIPTOMIC	Inverse rRNA selection	SINGLE	ILLUMINA	Illumina NovaSeq 6000
ERR10745737	PRJEB55916	ERX10195037	SAMEA111345375			RNA-Seq	TRANSCRIPTOMIC	Inverse rRNA selection	SINGLE	ILLUMINA	Illumina NovaSeq 6000
ERR10745738	PRJEB55916	ERX10195038	SAMEA111345376			RNA-Seq	TRANSCRIPTOMIC	Inverse rRNA selection	SINGLE	ILLUMINA	Illumina NovaSeq 6000
ERR10745739	PRJEB55916	ERX10195039	SAMEA111345377			RNA-Seq	TRANSCRIPTOMIC	Inverse rRNA selection	SINGLE	ILLUMINA	Illumina NovaSeq 6000
ERR10745740	PRJEB55916	ERX10195040	SAMEA111345378			RNA-Seq	TRANSCRIPTOMIC	Inverse rRNA selection	SINGLE	ILLUMINA	Illumina NovaSeq 6000
ERR10745741	PRJEB55916	ERX10195041	SAMEA111345379			RNA-Seq	TRANSCRIPTOMIC	Inverse rRNA selection	SINGLE	ILLUMINA	Illumina NovaSeq 6000
ERR10745742	PRJEB55916	ERX10195042	SAMEA111345380			RNA-Seq	TRANSCRIPTOMIC	Inverse rRNA selection	SINGLE	ILLUMINA	Illumina NovaSeq 6000
ERR10745743	PRJEB55916	ERX10195043	SAMEA111345381			RNA-Seq	TRANSCRIPTOMIC	Inverse rRNA selection	SINGLE	ILLUMINA	Illumina NovaSeq 6000
ERR10745744	PRJEB55916	ERX10195044	SAMEA111345382			RNA-Seq	TRANSCRIPTOMIC	Inverse rRNA selection	SINGLE	ILLUMINA	Illumina NovaSeq 6000
ERR10745745	PRJEB55916	ERX10195045	SAMEA111345383			RNA-Seq	TRANSCRIPTOMIC	Inverse rRNA selection	SINGLE	ILLUMINA	Illumina NovaSeq 6000
ERR10745746	PRJEB55916	ERX10195046	SAMEA111345384			RNA-Seq	TRANSCRIPTOMIC	Inverse rRNA selection	SINGLE	ILLUMINA	Illumina NovaSeq 6000
ERR10745747	PRJEB55916	ERX10195047	SAMEA111345385			RNA-Seq	TRANSCRIPTOMIC	Inverse rRNA selection	SINGLE	ILLUMINA	Illumina NovaSeq 6000
ERR10745748	PRJEB55916	ERX10195048	SAMEA111345386			RNA-Seq	TRANSCRIPTOMIC	Inverse rRNA selection	SINGLE	ILLUMINA	Illumina NovaSeq 6000
ERR10745749	PRJEB55916	ERX10195049	SAMEA111345387			RNA-Seq	TRANSCRIPTOMIC	Inverse rRNA selection	SINGLE	ILLUMINA	Illumina NovaSeq 6000
ERR10745750	PRJEB55916	ERX10195050	SAMEA111345388			RNA-Seq	TRANSCRIPTOMIC	Inverse rRNA selection	SINGLE	ILLUMINA	Illumina NovaSeq 6000
ERR10745751	PRJEB55916	ERX10195051	SAMEA111345389			RNA-Seq	TRANSCRIPTOMIC	Inverse rRNA selection	SINGLE	ILLUMINA	Illumina NovaSeq 6000
ERR10745752	PRJEB55916	ERX10195052	SAMEA111345390			RNA-Seq	TRANSCRIPTOMIC	Inverse rRNA selection	SINGLE	ILLUMINA	Illumina NovaSeq 6000
ERR10745753	PRJEB55916	ERX10195053	SAMEA111345391			RNA-Seq	TRANSCRIPTOMIC	Inverse rRNA selection	SINGLE	ILLUMINA	Illumina NovaSeq 6000
ERR10745754	PRJEB55916	ERX10195054	SAMEA111345392			RNA-Seq	TRANSCRIPTOMIC	Inverse rRNA selection	SINGLE	ILLUMINA	Illumina NovaSeq 6000
ERR10745755	PRJEB55916	ERX10195055	SAMEA111345393			RNA-Seq	TRANSCRIPTOMIC	Inverse rRNA selection	SINGLE	ILLUMINA	Illumina NovaSeq 6000
ERR10745756	PRJEB55916	ERX10195056	SAMEA111345394			RNA-Seq	TRANSCRIPTOMIC	Inverse rRNA selection	SINGLE	ILLUMINA	Illumina NovaSeq 6000
ERR10745757	PRJEB55916	ERX10195057	SAMEA111345395			RNA-Seq	TRANSCRIPTOMIC	Inverse rRNA selection	SINGLE	ILLUMINA	Illumina NovaSeq 6000
ERR15000453	PRJEB89701	ERX14404618	SAMEA118334018	CHO-K1	ovary cell	RNA-Seq	TRANSCRIPTOMIC	RANDOM	PAIRED	ILLUMINA	Illumina NovaSeq 6000
ERR15000454	PRJEB89701	ERX14404619	SAMEA118334019	CHO-K1	ovary cell	RNA-Seq	TRANSCRIPTOMIC	RANDOM	PAIRED	ILLUMINA	Illumina NovaSeq 6000
ERR15000455	PRJEB89701	ERX14404620	SAMEA118334020	CHO-K1	ovary cell	RNA-Seq	TRANSCRIPTOMIC	RANDOM	PAIRED	ILLUMINA	Illumina NovaSeq 6000
ERR15000456	PRJEB89701	ERX14404621	SAMEA118334021	CHO-K1	ovary cell	RNA-Seq	TRANSCRIPTOMIC	RANDOM	PAIRED	ILLUMINA	Illumina NovaSeq 6000
ERR15000457	PRJEB89701	ERX14404622	SAMEA118334022	CHO-K1	ovary cell	RNA-Seq	TRANSCRIPTOMIC	RANDOM	PAIRED	ILLUMINA	Illumina NovaSeq 6000
ERR15000458	PRJEB89701	ERX14404623	SAMEA118334023	CHO-K1	ovary cell	RNA-Seq	TRANSCRIPTOMIC	RANDOM	PAIRED	ILLUMINA	Illumina NovaSeq 6000
ERR15000459	PRJEB89701	ERX14404624	SAMEA118334024	CHO-K1	ovary cell	RNA-Seq	TRANSCRIPTOMIC	RANDOM	PAIRED	ILLUMINA	Illumina NovaSeq 6000
ERR15000460	PRJEB89701	ERX14404625	SAMEA118334025	CHO-K1	ovary cell	RNA-Seq	TRANSCRIPTOMIC	RANDOM	PAIRED	ILLUMINA	Illumina NovaSeq 6000
ERR15000461	PRJEB89701	ERX14404626	SAMEA118334026	CHO-K1	ovary cell	RNA-Seq	TRANSCRIPTOMIC	RANDOM	PAIRED	ILLUMINA	Illumina NovaSeq 6000
ERR15000462	PRJEB89701	ERX14404627	SAMEA118334027	CHO-K1	ovary cell	RNA-Seq	TRANSCRIPTOMIC	RANDOM	PAIRED	ILLUMINA	Illumina NovaSeq 6000
ERR15000463	PRJEB89701	ERX14404628	SAMEA118334028	CHO-K1	ovary cell	RNA-Seq	TRANSCRIPTOMIC	RANDOM	PAIRED	ILLUMINA	Illumina NovaSeq 6000
ERR15000464	PRJEB89701	ERX14404629	SAMEA118334029	CHO-K1	ovary cell	RNA-Seq	TRANSCRIPTOMIC	RANDOM	PAIRED	ILLUMINA	Illumina NovaSeq 6000
ERR15000465	PRJEB89701	ERX14404630	SAMEA118334030	CHO-K1	ovary cell	RNA-Seq	TRANSCRIPTOMIC	RANDOM	PAIRED	ILLUMINA	Illumina NovaSeq 6000
ERR15000466	PRJEB89701	ERX14404631	SAMEA118334031	CHO-K1	ovary cell	RNA-Seq	TRANSCRIPTOMIC	RANDOM	PAIRED	ILLUMINA	Illumina NovaSeq 6000
ERR15000467	PRJEB89701	ERX14404632	SAMEA118334032	CHO-K1	ovary cell	RNA-Seq	TRANSCRIPTOMIC	RANDOM	PAIRED	ILLUMINA	Illumina NovaSeq 6000
ERR15000468	PRJEB89701	ERX14404633	SAMEA118334033	CHO-K1	ovary cell	RNA-Seq	TRANSCRIPTOMIC	RANDOM	PAIRED	ILLUMINA	Illumina NovaSeq 6000
ERR15000469	PRJEB89701	ERX14404634	SAMEA118334034	CHO-K1	ovary cell	RNA-Seq	TRANSCRIPTOMIC	RANDOM	PAIRED	ILLUMINA	Illumina NovaSeq 6000
ERR15000470	PRJEB89701	ERX14404635	SAMEA118334035	CHO-K1	ovary cell	RNA-Seq	TRANSCRIPTOMIC	RANDOM	PAIRED	ILLUMINA	Illumina NovaSeq 6000
ERR15000471	PRJEB89701	ERX14404636	SAMEA118334036	CHO-K1	ovary cell	RNA-Seq	TRANSCRIPTOMIC	RANDOM	PAIRED	ILLUMINA	Illumina NovaSeq 6000
ERR15000472	PRJEB89701	ERX14404637	SAMEA118334037	CHO-K1	ovary cell	RNA-Seq	TRANSCRIPTOMIC	RANDOM	PAIRED	ILLUMINA	Illumina NovaSeq 6000
ERR15000473	PRJEB89701	ERX14404638	SAMEA118334038	CHO-K1	ovary cell	RNA-Seq	TRANSCRIPTOMIC	RANDOM	PAIRED	ILLUMINA	Illumina NovaSeq 6000
ERR15000474	PRJEB89701	ERX14404639	SAMEA118334039	CHO-K1	ovary cell	RNA-Seq	TRANSCRIPTOMIC	RANDOM	PAIRED	ILLUMINA	Illumina NovaSeq 6000
ERR15000475	PRJEB89701	ERX14404640	SAMEA118334040	CHO-K1	ovary cell	RNA-Seq	TRANSCRIPTOMIC	RANDOM	PAIRED	ILLUMINA	Illumina NovaSeq 6000
ERR15000476	PRJEB89701	ERX14404641	SAMEA118334041	CHO-K1	ovary cell	RNA-Seq	TRANSCRIPTOMIC	RANDOM	PAIRED	ILLUMINA	Illumina NovaSeq 6000
ERR15000477	PRJEB89701	ERX14404642	SAMEA118334042	CHO-K1	ovary cell	RNA-Seq	TRANSCRIPTOMIC	RANDOM	PAIRED	ILLUMINA	Illumina NovaSeq 6000
ERR15000478	PRJEB89701	ERX14404643	SAMEA118334043	CHO-K1	ovary cell	RNA-Seq	TRANSCRIPTOMIC	RANDOM	PAIRED	ILLUMINA	Illumina NovaSeq 6000
ERR15000486	PRJEB89701	ERX14404651	SAMEA118334051	CHO-K1	ovary cell	RNA-Seq	TRANSCRIPTOMIC	RANDOM	PAIRED	ILLUMINA	Illumina NovaSeq 6000
ERR15000497	PRJEB89701	ERX14404662	SAMEA118334062	CHO-K1	ovary cell	RNA-Seq	TRANSCRIPTOMIC	RANDOM	PAIRED	ILLUMINA	Illumina NovaSeq 6000
ERR15000508	PRJEB89701	ERX14404673	SAMEA118334073	CHO-K1	ovary cell	RNA-Seq	TRANSCRIPTOMIC	RANDOM	PAIRED	ILLUMINA	Illumina NovaSeq 6000
ERR15000519	PRJEB89701	ERX14404684	SAMEA118334084	CHO-K1	ovary cell	RNA-Seq	TRANSCRIPTOMIC	RANDOM	PAIRED	ILLUMINA	Illumina NovaSeq 6000
ERR15000530	PRJEB89701	ERX14404695	SAMEA118334095	CHO-K1	ovary cell	RNA-Seq	TRANSCRIPTOMIC	RANDOM	PAIRED	ILLUMINA	Illumina NovaSeq 6000
ERR15000540	PRJEB89701	ERX14404705	SAMEA118334105	CHO-K1	ovary cell	RNA-Seq	TRANSCRIPTOMIC	RANDOM	PAIRED	ILLUMINA	Illumina NovaSeq 6000
ERR16729274	PRJEB108721	ERX16120883	SAMEA121759863			RNA-Seq	TRANSCRIPTOMIC	RANDOM PCR	SINGLE	ILLUMINA	Illumina NovaSeq 6000
ERR16729275	PRJEB108721	ERX16120884	SAMEA121759864			RNA-Seq	TRANSCRIPTOMIC	RANDOM PCR	SINGLE	ILLUMINA	Illumina NovaSeq 6000
ERR16729276	PRJEB108721	ERX16120885	SAMEA121759865			RNA-Seq	TRANSCRIPTOMIC	RANDOM PCR	SINGLE	ILLUMINA	Illumina NovaSeq 6000
ERR16729277	PRJEB108721	ERX16120886	SAMEA121759866			RNA-Seq	TRANSCRIPTOMIC	RANDOM PCR	SINGLE	ILLUMINA	Illumina NovaSeq 6000
ERR16729278	PRJEB108721	ERX16120887	SAMEA121759867			RNA-Seq	TRANSCRIPTOMIC	RANDOM PCR	SINGLE	ILLUMINA	Illumina NovaSeq 6000
ERR16729279	PRJEB108721	ERX16120888	SAMEA121759868			RNA-Seq	TRANSCRIPTOMIC	RANDOM PCR	SINGLE	ILLUMINA	Illumina NovaSeq 6000
ERR16729280	PRJEB108721	ERX16120889	SAMEA121759869			RNA-Seq	TRANSCRIPTOMIC	RANDOM PCR	SINGLE	ILLUMINA	Illumina NovaSeq 6000
ERR16729281	PRJEB108721	ERX16120890	SAMEA121759870			RNA-Seq	TRANSCRIPTOMIC	RANDOM PCR	SINGLE	ILLUMINA	Illumina NovaSeq 6000
ERR16729282	PRJEB108721	ERX16120891	SAMEA121759871			RNA-Seq	TRANSCRIPTOMIC	RANDOM PCR	SINGLE	ILLUMINA	Illumina NovaSeq 6000
ERR16729283	PRJEB108721	ERX16120892	SAMEA121759872			RNA-Seq	TRANSCRIPTOMIC	RANDOM PCR	SINGLE	ILLUMINA	Illumina NovaSeq 6000
ERR16729284	PRJEB108721	ERX16120893	SAMEA121759873			RNA-Seq	TRANSCRIPTOMIC	RANDOM PCR	SINGLE	ILLUMINA	Illumina NovaSeq 6000
ERR16729285	PRJEB108721	ERX16120894	SAMEA121759874			RNA-Seq	TRANSCRIPTOMIC	RANDOM PCR	SINGLE	ILLUMINA	Illumina NovaSeq 6000
ERR16729286	PRJEB108721	ERX16120895	SAMEA121759875			RNA-Seq	TRANSCRIPTOMIC	RANDOM PCR	SINGLE	ILLUMINA	Illumina NovaSeq 6000
ERR16729287	PRJEB108721	ERX16120896	SAMEA121759876			RNA-Seq	TRANSCRIPTOMIC	RANDOM PCR	SINGLE	ILLUMINA	Illumina NovaSeq 6000
ERR16729288	PRJEB108721	ERX16120897	SAMEA121759877			RNA-Seq	TRANSCRIPTOMIC	RANDOM PCR	SINGLE	ILLUMINA	Illumina NovaSeq 6000
ERR16729289	PRJEB108721	ERX16120898	SAMEA121759878			RNA-Seq	TRANSCRIPTOMIC	RANDOM PCR	SINGLE	ILLUMINA	Illumina NovaSeq 6000
ERR16729290	PRJEB108721	ERX16120899	SAMEA121759879			RNA-Seq	TRANSCRIPTOMIC	RANDOM PCR	SINGLE	ILLUMINA	Illumina NovaSeq 6000
ERR16729291	PRJEB108721	ERX16120900	SAMEA121759880			RNA-Seq	TRANSCRIPTOMIC	RANDOM PCR	SINGLE	ILLUMINA	Illumina NovaSeq 6000
ERR16729292	PRJEB108721	ERX16120901	SAMEA121759881			RNA-Seq	TRANSCRIPTOMIC	RANDOM PCR	SINGLE	ILLUMINA	Illumina NovaSeq 6000
ERR16729293	PRJEB108721	ERX16120902	SAMEA121759882			RNA-Seq	TRANSCRIPTOMIC	RANDOM PCR	SINGLE	ILLUMINA	Illumina NovaSeq 6000
ERR16729294	PRJEB108721	ERX16120903	SAMEA121759883			RNA-Seq	TRANSCRIPTOMIC	RANDOM PCR	SINGLE	ILLUMINA	Illumina NovaSeq 6000
ERR16729295	PRJEB108721	ERX16120904	SAMEA121759884			RNA-Seq	TRANSCRIPTOMIC	RANDOM PCR	SINGLE	ILLUMINA	Illumina NovaSeq 6000
ERR16729296	PRJEB108721	ERX16120905	SAMEA121759885			RNA-Seq	TRANSCRIPTOMIC	RANDOM PCR	SINGLE	ILLUMINA	Illumina NovaSeq 6000
ERR16729297	PRJEB108721	ERX16120906	SAMEA121759886			RNA-Seq	TRANSCRIPTOMIC	RANDOM PCR	SINGLE	ILLUMINA	Illumina NovaSeq 6000
ERR1983091	PRJEB14303	ERX2043467	SAMEA4467461		CHO-K1	RNA-Seq	TRANSCRIPTOMIC	cDNA	PAIRED	ILLUMINA	Illumina HiSeq 2500
ERR1983092	PRJEB14303	ERX2043468	SAMEA4467462		CHO-K1	RNA-Seq	TRANSCRIPTOMIC	cDNA	PAIRED	ILLUMINA	Illumina HiSeq 2500
ERR1983093	PRJEB14303	ERX2043469	SAMEA4467463		CHO-K1	RNA-Seq	TRANSCRIPTOMIC	cDNA	PAIRED	ILLUMINA	Illumina HiSeq 2500
ERR1983094	PRJEB14303	ERX2043470	SAMEA4467464		CHO-K1	RNA-Seq	TRANSCRIPTOMIC	cDNA	PAIRED	ILLUMINA	Illumina HiSeq 2500
ERR1983095	PRJEB14303	ERX2043471	SAMEA4467465		CHO-K1	RNA-Seq	TRANSCRIPTOMIC	cDNA	PAIRED	ILLUMINA	Illumina HiSeq 2500
ERR1983096	PRJEB14303	ERX2043472	SAMEA4467466		CHO-K1	RNA-Seq	TRANSCRIPTOMIC	cDNA	PAIRED	ILLUMINA	Illumina HiSeq 2500
ERR1983097	PRJEB14303	ERX2043473	SAMEA4467467		CHO-K1	RNA-Seq	TRANSCRIPTOMIC	cDNA	PAIRED	ILLUMINA	Illumina HiSeq 2500
ERR2593198	PRJEB9291	ERX2609474	SAMEA4681446			RNA-Seq	TRANSCRIPTOMIC	unspecified	PAIRED	ILLUMINA	Illumina HiSeq 2000
ERR2593199	PRJEB9291	ERX2609475	SAMEA4681447			RNA-Seq	TRANSCRIPTOMIC	unspecified	PAIRED	ILLUMINA	Illumina HiSeq 2000
ERR2593200	PRJEB9291	ERX2609476	SAMEA4681448			RNA-Seq	TRANSCRIPTOMIC	unspecified	PAIRED	ILLUMINA	Illumina HiSeq 2000
ERR2593201	PRJEB9291	ERX2609477	SAMEA4681449			RNA-Seq	TRANSCRIPTOMIC	unspecified	PAIRED	ILLUMINA	Illumina HiSeq 2000
ERR2593202	PRJEB9291	ERX2609478	SAMEA4681450			RNA-Seq	TRANSCRIPTOMIC	unspecified	PAIRED	ILLUMINA	Illumina HiSeq 2000
ERR2593203	PRJEB9291	ERX2609479	SAMEA4681451			RNA-Seq	TRANSCRIPTOMIC	unspecified	PAIRED	ILLUMINA	Illumina HiSeq 2000
ERR2593204	PRJEB9291	ERX2609480	SAMEA4681452			RNA-Seq	TRANSCRIPTOMIC	unspecified	PAIRED	ILLUMINA	Illumina HiSeq 2000
ERR2593205	PRJEB9291	ERX2609481	SAMEA4681453			RNA-Seq	TRANSCRIPTOMIC	unspecified	PAIRED	ILLUMINA	Illumina HiSeq 2000
ERR2593206	PRJEB9291	ERX2609482	SAMEA4681454			RNA-Seq	TRANSCRIPTOMIC	unspecified	PAIRED	ILLUMINA	Illumina HiSeq 2000
ERR3001877	PRJEB30364	ERX3004241	SAMEA5176886	The European Collection of Authenticated Cell Cultures 85050302	hamster ovarian cells	RNA-Seq	TRANSCRIPTOMIC	cDNA	PAIRED	ILLUMINA	Illumina HiSeq 2500
ERR3001878	PRJEB30364	ERX3004242	SAMEA5176887		hamster ovarian cells	RNA-Seq	TRANSCRIPTOMIC	cDNA	PAIRED	ILLUMINA	Illumina HiSeq 2500
ERR3001879	PRJEB30364	ERX3004243	SAMEA5176888		hamster ovarian cells	RNA-Seq	TRANSCRIPTOMIC	cDNA	PAIRED	ILLUMINA	Illumina HiSeq 2500
ERR3001880	PRJEB30364	ERX3004244	SAMEA5176889		hamster ovarian cells	RNA-Seq	TRANSCRIPTOMIC	cDNA	PAIRED	ILLUMINA	Illumina HiSeq 2500
ERR3001881	PRJEB30364	ERX3004245	SAMEA5176890		hamster ovarian cells	RNA-Seq	TRANSCRIPTOMIC	cDNA	PAIRED	ILLUMINA	Illumina HiSeq 2500
ERR3001882	PRJEB30364	ERX3004246	SAMEA5176891		hamster ovarian cells	RNA-Seq	TRANSCRIPTOMIC	cDNA	PAIRED	ILLUMINA	Illumina HiSeq 2500
ERR3001883	PRJEB30364	ERX3004247	SAMEA5176892		hamster ovarian cells	RNA-Seq	TRANSCRIPTOMIC	cDNA	PAIRED	ILLUMINA	Illumina HiSeq 2500
ERR3001884	PRJEB30364	ERX3004248	SAMEA5176893		hamster ovarian cells	RNA-Seq	TRANSCRIPTOMIC	cDNA	PAIRED	ILLUMINA	Illumina HiSeq 2500
ERR3001885	PRJEB30364	ERX3004249	SAMEA5176894		hamster ovarian cells	RNA-Seq	TRANSCRIPTOMIC	cDNA	PAIRED	ILLUMINA	Illumina HiSeq 2500
ERR3001886	PRJEB30364	ERX3004250	SAMEA5176895		hamster ovarian cells	RNA-Seq	TRANSCRIPTOMIC	cDNA	PAIRED	ILLUMINA	Illumina HiSeq 2500
ERR3001887	PRJEB30364	ERX3004251	SAMEA5176896		hamster ovarian cells	RNA-Seq	TRANSCRIPTOMIC	cDNA	PAIRED	ILLUMINA	Illumina HiSeq 2500
ERR3001888	PRJEB30364	ERX3004252	SAMEA5176897		hamster ovarian cells	RNA-Seq	TRANSCRIPTOMIC	cDNA	PAIRED	ILLUMINA	Illumina HiSeq 2500
ERR3001889	PRJEB30364	ERX3004253	SAMEA5176898		hamster ovarian cells	RNA-Seq	TRANSCRIPTOMIC	cDNA	PAIRED	ILLUMINA	Illumina HiSeq 2500
ERR3001890	PRJEB30364	ERX3004254	SAMEA5176899		hamster ovarian cells	RNA-Seq	TRANSCRIPTOMIC	cDNA	PAIRED	ILLUMINA	Illumina HiSeq 2500
ERR3001891	PRJEB30364	ERX3004255	SAMEA5176900		hamster ovarian cells	RNA-Seq	TRANSCRIPTOMIC	cDNA	PAIRED	ILLUMINA	Illumina HiSeq 2500
ERR3001892	PRJEB30364	ERX3004256	SAMEA5176901		hamster ovarian cells	RNA-Seq	TRANSCRIPTOMIC	cDNA	PAIRED	ILLUMINA	Illumina HiSeq 2500
ERR3001893	PRJEB30364	ERX3004257	SAMEA5176902		hamster ovarian cells	RNA-Seq	TRANSCRIPTOMIC	cDNA	PAIRED	ILLUMINA	Illumina HiSeq 2500
ERR3001894	PRJEB30364	ERX3004258	SAMEA5176903		hamster ovarian cells	RNA-Seq	TRANSCRIPTOMIC	cDNA	PAIRED	ILLUMINA	Illumina HiSeq 2500
ERR3374020	PRJEB33024	ERX3398172	SAMEA5713989	CHO-K1	CHO	RNA-Seq	TRANSCRIPTOMIC	Oligo-dT	SINGLE	ILLUMINA	Illumina HiSeq 2500
ERR3374021	PRJEB33024	ERX3398173	SAMEA5713990	CHO-K1	CHO	RNA-Seq	TRANSCRIPTOMIC	Oligo-dT	SINGLE	ILLUMINA	Illumina HiSeq 2500
ERR3374022	PRJEB33024	ERX3398174	SAMEA5713991	CHO-K1	CHO	RNA-Seq	TRANSCRIPTOMIC	Oligo-dT	SINGLE	ILLUMINA	Illumina HiSeq 2500
ERR3374023	PRJEB33024	ERX3398175	SAMEA5713992	CHO-K1	CHO	RNA-Seq	TRANSCRIPTOMIC	Oligo-dT	SINGLE	ILLUMINA	Illumina HiSeq 2500
ERR3374024	PRJEB33024	ERX3398176	SAMEA5713993	CHO-K1	CHO	RNA-Seq	TRANSCRIPTOMIC	Oligo-dT	SINGLE	ILLUMINA	Illumina HiSeq 2500
ERR3374025	PRJEB33024	ERX3398177	SAMEA5713994	CHO-K1	CHO	RNA-Seq	TRANSCRIPTOMIC	Oligo-dT	SINGLE	ILLUMINA	Illumina HiSeq 2500
ERR3374026	PRJEB33024	ERX3398178	SAMEA5713995	CHO-K1	CHO	RNA-Seq	TRANSCRIPTOMIC	Oligo-dT	SINGLE	ILLUMINA	Illumina HiSeq 2500
ERR3374027	PRJEB33024	ERX3398179	SAMEA5713996	CHO-K1	CHO	RNA-Seq	TRANSCRIPTOMIC	Oligo-dT	SINGLE	ILLUMINA	Illumina HiSeq 2500
ERR3374028	PRJEB33024	ERX3398180	SAMEA5713997	CHO-K1	CHO	RNA-Seq	TRANSCRIPTOMIC	Oligo-dT	SINGLE	ILLUMINA	Illumina HiSeq 2500
ERR3374029	PRJEB33024	ERX3398181	SAMEA5713998	CHO-K1	CHO	RNA-Seq	TRANSCRIPTOMIC	Oligo-dT	SINGLE	ILLUMINA	Illumina HiSeq 2500
ERR359637	PRJEB4847	ERX332409	SAMEA2242009	CHO-K1		RNA-Seq	TRANSCRIPTOMIC	cDNA	PAIRED	ILLUMINA	Illumina Genome Analyzer IIx
ERR359638	PRJEB4847	ERX332410	SAMEA2242009	CHO-K1		RNA-Seq	TRANSCRIPTOMIC	cDNA	PAIRED	ILLUMINA	Illumina Genome Analyzer IIx
ERR3668300	PRJEB35183	ERX3659832	SAMEA6235195			RNA-Seq	VIRAL RNA	cDNA	PAIRED	ILLUMINA	NextSeq 500
ERR3668301	PRJEB35183	ERX3659833	SAMEA6235196			RNA-Seq	VIRAL RNA	cDNA	PAIRED	ILLUMINA	NextSeq 500
ERR3668302	PRJEB35183	ERX3659834	SAMEA6235197			RNA-Seq	VIRAL RNA	cDNA	PAIRED	ILLUMINA	NextSeq 500
ERR3668303	PRJEB35183	ERX3659835	SAMEA6235198			RNA-Seq	VIRAL RNA	cDNA	PAIRED	ILLUMINA	NextSeq 500
ERR3668304	PRJEB35183	ERX3659836	SAMEA6235199			RNA-Seq	VIRAL RNA	cDNA	PAIRED	ILLUMINA	NextSeq 500
ERR3668305	PRJEB35183	ERX3659837	SAMEA6235200			RNA-Seq	VIRAL RNA	cDNA	PAIRED	ILLUMINA	NextSeq 500
ERR3668306	PRJEB35183	ERX3659838	SAMEA6235201			RNA-Seq	VIRAL RNA	cDNA	PAIRED	ILLUMINA	NextSeq 500
ERR3668307	PRJEB35183	ERX3659839	SAMEA6235202			RNA-Seq	VIRAL RNA	cDNA	PAIRED	ILLUMINA	NextSeq 500
ERR3668308	PRJEB35183	ERX3659840	SAMEA6235203			RNA-Seq	VIRAL RNA	cDNA	PAIRED	ILLUMINA	NextSeq 500
ERR3668309	PRJEB35183	ERX3659841	SAMEA6235204			RNA-Seq	VIRAL RNA	cDNA	PAIRED	ILLUMINA	NextSeq 500
ERR3668310	PRJEB35183	ERX3659842	SAMEA6235205			RNA-Seq	VIRAL RNA	cDNA	PAIRED	ILLUMINA	NextSeq 500
ERR3668311	PRJEB35183	ERX3659843	SAMEA6235206			RNA-Seq	VIRAL RNA	cDNA	PAIRED	ILLUMINA	NextSeq 500
ERR3668312	PRJEB35183	ERX3659844	SAMEA6235207			RNA-Seq	VIRAL RNA	cDNA	PAIRED	ILLUMINA	NextSeq 500
ERR3972086	PRJEB37009	ERX3975423	SAMEA6602844		CHO-K1 8mM	RNA-Seq	TRANSCRIPTOMIC	Inverse rRNA selection	SINGLE	ILLUMINA	Illumina HiSeq 2500
ERR3972087	PRJEB37009	ERX3975424	SAMEA6602845		CHO-K1 8mM	RNA-Seq	TRANSCRIPTOMIC	Inverse rRNA selection	SINGLE	ILLUMINA	Illumina HiSeq 2500
ERR3972088	PRJEB37009	ERX3975425	SAMEA6602846		CHO-K1 8mM	RNA-Seq	TRANSCRIPTOMIC	Inverse rRNA selection	SINGLE	ILLUMINA	Illumina HiSeq 2500
ERR3972089	PRJEB37009	ERX3975426	SAMEA6602847		CHO-K1 8mM	RNA-Seq	TRANSCRIPTOMIC	Inverse rRNA selection	SINGLE	ILLUMINA	Illumina HiSeq 2500
ERR3972090	PRJEB37009	ERX3975427	SAMEA6602848		CHO-K1 0mM	RNA-Seq	TRANSCRIPTOMIC	Inverse rRNA selection	SINGLE	ILLUMINA	Illumina HiSeq 2500
ERR3972091	PRJEB37009	ERX3975428	SAMEA6602849		CHO-K1 0mM	RNA-Seq	TRANSCRIPTOMIC	Inverse rRNA selection	SINGLE	ILLUMINA	Illumina HiSeq 2500
ERR3972092	PRJEB37009	ERX3975429	SAMEA6602850		CHO-K1 0mM	RNA-Seq	TRANSCRIPTOMIC	Inverse rRNA selection	SINGLE	ILLUMINA	Illumina HiSeq 2500
ERR3972093	PRJEB37009	ERX3975430	SAMEA6602851		CHO-K1 0mM	RNA-Seq	TRANSCRIPTOMIC	Inverse rRNA selection	SINGLE	ILLUMINA	Illumina HiSeq 2500
ERR3972094	PRJEB37009	ERX3975431	SAMEA6602852		CHO-K1 Hy	RNA-Seq	TRANSCRIPTOMIC	Inverse rRNA selection	SINGLE	ILLUMINA	Illumina HiSeq 2500
ERR3972095	PRJEB37009	ERX3975432	SAMEA6602853		CHO-K1 Hy	RNA-Seq	TRANSCRIPTOMIC	Inverse rRNA selection	SINGLE	ILLUMINA	Illumina HiSeq 2500
ERR3972096	PRJEB37009	ERX3975433	SAMEA6602854		CHO-K1 Hy	RNA-Seq	TRANSCRIPTOMIC	Inverse rRNA selection	SINGLE	ILLUMINA	Illumina HiSeq 2500
ERR3972097	PRJEB37009	ERX3975434	SAMEA6602855		CHO-K1 Hy	RNA-Seq	TRANSCRIPTOMIC	Inverse rRNA selection	SINGLE	ILLUMINA	Illumina HiSeq 2500
ERR4184070	PRJEB38542	ERX4147361	SAMEA6870271		CHO DUKX B11	RNA-Seq	TRANSCRIPTOMIC	size fractionation	SINGLE	ILLUMINA	Illumina NovaSeq 6000
ERR4184071	PRJEB38542	ERX4147362	SAMEA6870272		CHO DUKX B11	RNA-Seq	TRANSCRIPTOMIC	size fractionation	SINGLE	ILLUMINA	Illumina NovaSeq 6000
ERR4184072	PRJEB38542	ERX4147363	SAMEA6870273		CHO DUKX B11	RNA-Seq	TRANSCRIPTOMIC	size fractionation	SINGLE	ILLUMINA	Illumina NovaSeq 6000
ERR4184073	PRJEB38542	ERX4147364	SAMEA6870274		CHO DUKX B11	RNA-Seq	TRANSCRIPTOMIC	size fractionation	SINGLE	ILLUMINA	Illumina NovaSeq 6000
ERR4184074	PRJEB38542	ERX4147365	SAMEA6870275		CHO DUKX B11	RNA-Seq	TRANSCRIPTOMIC	size fractionation	SINGLE	ILLUMINA	Illumina NovaSeq 6000
ERR4184075	PRJEB38542	ERX4147366	SAMEA6870276		CHO DUKX B11	RNA-Seq	TRANSCRIPTOMIC	size fractionation	SINGLE	ILLUMINA	Illumina NovaSeq 6000
ERR4184076	PRJEB38542	ERX4147367	SAMEA6870277		CHO DUKX B11	RNA-Seq	TRANSCRIPTOMIC	size fractionation	SINGLE	ILLUMINA	Illumina NovaSeq 6000
ERR4184077	PRJEB38542	ERX4147368	SAMEA6870278		CHO DUKX B11	RNA-Seq	TRANSCRIPTOMIC	size fractionation	SINGLE	ILLUMINA	Illumina NovaSeq 6000
ERR4184078	PRJEB38542	ERX4147369	SAMEA6870279		CHO DUKX B11	RNA-Seq	TRANSCRIPTOMIC	size fractionation	SINGLE	ILLUMINA	Illumina NovaSeq 6000
ERR4184079	PRJEB38542	ERX4147370	SAMEA6870280		CHO DUKX B11	RNA-Seq	TRANSCRIPTOMIC	size fractionation	SINGLE	ILLUMINA	Illumina NovaSeq 6000
ERR4184080	PRJEB38542	ERX4147371	SAMEA6870281		CHO DUKX B11	RNA-Seq	TRANSCRIPTOMIC	size fractionation	SINGLE	ILLUMINA	Illumina NovaSeq 6000
ERR4184081	PRJEB38542	ERX4147372	SAMEA6870282		CHO DUKX B11	RNA-Seq	TRANSCRIPTOMIC	size fractionation	SINGLE	ILLUMINA	Illumina NovaSeq 6000
ERR4184082	PRJEB38542	ERX4147373	SAMEA6870283		CHO DUKX B11	RNA-Seq	TRANSCRIPTOMIC	size fractionation	SINGLE	ILLUMINA	Illumina NovaSeq 6000
ERR4184083	PRJEB38542	ERX4147374	SAMEA6870284		CHO DUKX B11	RNA-Seq	TRANSCRIPTOMIC	size fractionation	SINGLE	ILLUMINA	Illumina NovaSeq 6000
ERR4319912	PRJEB39258	ERX4268279	SAMEA7040950	Horizon-Discovery CHO-K1 (GS -/-)	Producer cell line	RNA-Seq	TRANSCRIPTOMIC	unspecified	PAIRED	ILLUMINA	Illumina HiSeq 4000
ERR4319913	PRJEB39258	ERX4268280	SAMEA7040959	Horizon-Discovery CHO-K1 (GS -/-)	Producer cell line	RNA-Seq	TRANSCRIPTOMIC	unspecified	PAIRED	ILLUMINA	Illumina HiSeq 4000
ERR4319914	PRJEB39258	ERX4268281	SAMEA7040968	Horizon-Discovery CHO-K1 (GS -/-)	Producer cell line	RNA-Seq	TRANSCRIPTOMIC	unspecified	PAIRED	ILLUMINA	Illumina HiSeq 4000
ERR4319915	PRJEB39258	ERX4268282	SAMEA7040949	Horizon-Discovery CHO-K1 (GS -/-)	Producer cell line	RNA-Seq	TRANSCRIPTOMIC	unspecified	PAIRED	ILLUMINA	Illumina HiSeq 4000
ERR4319916	PRJEB39258	ERX4268283	SAMEA7040958	Horizon-Discovery CHO-K1 (GS -/-)	Producer cell line	RNA-Seq	TRANSCRIPTOMIC	unspecified	PAIRED	ILLUMINA	Illumina HiSeq 4000
ERR4319917	PRJEB39258	ERX4268284	SAMEA7040967	Horizon-Discovery CHO-K1 (GS -/-)	Producer cell line	RNA-Seq	TRANSCRIPTOMIC	unspecified	PAIRED	ILLUMINA	Illumina HiSeq 4000
ERR4319918	PRJEB39258	ERX4268285	SAMEA7040948	Horizon-Discovery CHO-K1 (GS -/-)	Producer cell line	RNA-Seq	TRANSCRIPTOMIC	unspecified	PAIRED	ILLUMINA	Illumina HiSeq 4000
ERR4319919	PRJEB39258	ERX4268286	SAMEA7040957	Horizon-Discovery CHO-K1 (GS -/-)	Producer cell line	RNA-Seq	TRANSCRIPTOMIC	unspecified	PAIRED	ILLUMINA	Illumina HiSeq 4000
ERR4319920	PRJEB39258	ERX4268287	SAMEA7040966	Horizon-Discovery CHO-K1 (GS -/-)	Producer cell line	RNA-Seq	TRANSCRIPTOMIC	unspecified	PAIRED	ILLUMINA	Illumina HiSeq 4000
ERR4319921	PRJEB39258	ERX4268288	SAMEA7040951	Horizon-Discovery CHO-K1 (GS -/-)	Producer cell line	RNA-Seq	TRANSCRIPTOMIC	unspecified	PAIRED	ILLUMINA	Illumina HiSeq 4000
ERR4319922	PRJEB39258	ERX4268289	SAMEA7040960	Horizon-Discovery CHO-K1 (GS -/-)	Producer cell line	RNA-Seq	TRANSCRIPTOMIC	unspecified	PAIRED	ILLUMINA	Illumina HiSeq 4000
ERR4319923	PRJEB39258	ERX4268290	SAMEA7040969	Horizon-Discovery CHO-K1 (GS -/-)	Producer cell line	RNA-Seq	TRANSCRIPTOMIC	unspecified	PAIRED	ILLUMINA	Illumina HiSeq 4000
ERR4319924	PRJEB39258	ERX4268291	SAMEA7040952	Horizon-Discovery CHO-K1 (GS -/-)	Producer cell line	RNA-Seq	TRANSCRIPTOMIC	unspecified	PAIRED	ILLUMINA	Illumina HiSeq 4000
ERR4319925	PRJEB39258	ERX4268292	SAMEA7040961	Horizon-Discovery CHO-K1 (GS -/-)	Producer cell line	RNA-Seq	TRANSCRIPTOMIC	unspecified	PAIRED	ILLUMINA	Illumina HiSeq 4000
ERR4319926	PRJEB39258	ERX4268293	SAMEA7040970	Horizon-Discovery CHO-K1 (GS -/-)	Producer cell line	RNA-Seq	TRANSCRIPTOMIC	unspecified	PAIRED	ILLUMINA	Illumina HiSeq 4000
ERR4319927	PRJEB39258	ERX4268294	SAMEA7040944	Horizon-Discovery CHO-K1 (GS -/-)	Host cell line	RNA-Seq	TRANSCRIPTOMIC	unspecified	PAIRED	ILLUMINA	Illumina HiSeq 4000
ERR4319928	PRJEB39258	ERX4268295	SAMEA7040953	Horizon-Discovery CHO-K1 (GS -/-)	Host cell line	RNA-Seq	TRANSCRIPTOMIC	unspecified	PAIRED	ILLUMINA	Illumina HiSeq 4000
ERR4319929	PRJEB39258	ERX4268296	SAMEA7040962	Horizon-Discovery CHO-K1 (GS -/-)	Host cell line	RNA-Seq	TRANSCRIPTOMIC	unspecified	PAIRED	ILLUMINA	Illumina HiSeq 4000
ERR4319930	PRJEB39258	ERX4268297	SAMEA7040945	Horizon-Discovery CHO-K1 (GS -/-)	Host cell line	RNA-Seq	TRANSCRIPTOMIC	unspecified	PAIRED	ILLUMINA	Illumina HiSeq 4000
ERR4319931	PRJEB39258	ERX4268298	SAMEA7040954	Horizon-Discovery CHO-K1 (GS -/-)	Host cell line	RNA-Seq	TRANSCRIPTOMIC	unspecified	PAIRED	ILLUMINA	Illumina HiSeq 4000
ERR4319932	PRJEB39258	ERX4268299	SAMEA7040963	Horizon-Discovery CHO-K1 (GS -/-)	Host cell line	RNA-Seq	TRANSCRIPTOMIC	unspecified	PAIRED	ILLUMINA	Illumina HiSeq 4000
ERR4319933	PRJEB39258	ERX4268300	SAMEA7040947	Horizon-Discovery CHO-K1 (GS -/-)	Producer cell line	RNA-Seq	TRANSCRIPTOMIC	unspecified	PAIRED	ILLUMINA	Illumina HiSeq 4000
ERR4319934	PRJEB39258	ERX4268301	SAMEA7040956	Horizon-Discovery CHO-K1 (GS -/-)	Producer cell line	RNA-Seq	TRANSCRIPTOMIC	unspecified	PAIRED	ILLUMINA	Illumina HiSeq 4000
ERR4319935	PRJEB39258	ERX4268302	SAMEA7040965	Horizon-Discovery CHO-K1 (GS -/-)	Producer cell line	RNA-Seq	TRANSCRIPTOMIC	unspecified	PAIRED	ILLUMINA	Illumina HiSeq 4000
ERR4319936	PRJEB39258	ERX4268303	SAMEA7040946	Horizon-Discovery CHO-K1 (GS -/-)	Host cell line	RNA-Seq	TRANSCRIPTOMIC	unspecified	PAIRED	ILLUMINA	Illumina HiSeq 4000
ERR4319937	PRJEB39258	ERX4268304	SAMEA7040955	Horizon-Discovery CHO-K1 (GS -/-)	Host cell line	RNA-Seq	TRANSCRIPTOMIC	unspecified	PAIRED	ILLUMINA	Illumina HiSeq 4000
ERR4319938	PRJEB39258	ERX4268305	SAMEA7040964	Horizon-Discovery CHO-K1 (GS -/-)	Host cell line	RNA-Seq	TRANSCRIPTOMIC	unspecified	PAIRED	ILLUMINA	Illumina HiSeq 4000
ERR7417863	PRJEB48931	ERX6987504	SAMEA11293139	CHO-K1		RNA-Seq	TRANSCRIPTOMIC	PolyA	PAIRED	ILLUMINA	Illumina HiSeq 4000
ERR7417864	PRJEB48931	ERX6987505	SAMEA11293140	CHO-K1		RNA-Seq	TRANSCRIPTOMIC	PolyA	PAIRED	ILLUMINA	Illumina HiSeq 4000
ERR7417865	PRJEB48931	ERX6987506	SAMEA11293141	CHO-K1		RNA-Seq	TRANSCRIPTOMIC	PolyA	PAIRED	ILLUMINA	Illumina HiSeq 4000
ERR7417866	PRJEB48931	ERX6987507	SAMEA11293142	CHO-K1		RNA-Seq	TRANSCRIPTOMIC	PolyA	PAIRED	ILLUMINA	Illumina HiSeq 4000
ERR7417867	PRJEB48931	ERX6987508	SAMEA11293143	CHO-K1		RNA-Seq	TRANSCRIPTOMIC	PolyA	PAIRED	ILLUMINA	Illumina HiSeq 4000
ERR7417868	PRJEB48931	ERX6987509	SAMEA11293144	CHO-K1		RNA-Seq	TRANSCRIPTOMIC	PolyA	PAIRED	ILLUMINA	Illumina HiSeq 4000
ERR7417869	PRJEB48931	ERX6987510	SAMEA11293145	CHO-K1		RNA-Seq	TRANSCRIPTOMIC	PolyA	PAIRED	ILLUMINA	Illumina HiSeq 4000
ERR7417870	PRJEB48931	ERX6987511	SAMEA11293146	CHO-K1		RNA-Seq	TRANSCRIPTOMIC	PolyA	PAIRED	ILLUMINA	Illumina HiSeq 4000
ERR8006957	PRJEB49939	ERX7572626	SAMEA12293228			RNA-Seq	TRANSCRIPTOMIC	PCR	PAIRED	ILLUMINA	Illumina HiSeq 2500
ERR8006958	PRJEB49939	ERX7572627	SAMEA12293227			RNA-Seq	TRANSCRIPTOMIC	PCR	PAIRED	ILLUMINA	Illumina HiSeq 2500
SRR10493804	PRJNA590486	SRX7182892	SAMN13327513	3478		RNA-Seq	TRANSCRIPTOMIC	cDNA	SINGLE	ILLUMINA	Illumina HiSeq 4000
SRR10493805	PRJNA590486	SRX7182893	SAMN13327508	3478		RNA-Seq	TRANSCRIPTOMIC	cDNA	SINGLE	ILLUMINA	Illumina HiSeq 4000
SRR10493806	PRJNA590486	SRX7182894	SAMN13327506	3068		RNA-Seq	TRANSCRIPTOMIC	cDNA	SINGLE	ILLUMINA	Illumina HiSeq 4000
SRR10493807	PRJNA590486	SRX7182895	SAMN13327504	3068		RNA-Seq	TRANSCRIPTOMIC	cDNA	SINGLE	ILLUMINA	Illumina HiSeq 4000
SRR10493808	PRJNA590486	SRX7182896	SAMN13327503	3077		RNA-Seq	TRANSCRIPTOMIC	cDNA	SINGLE	ILLUMINA	Illumina HiSeq 4000
SRR10493809	PRJNA590486	SRX7182897	SAMN13327512	3077		RNA-Seq	TRANSCRIPTOMIC	cDNA	SINGLE	ILLUMINA	Illumina HiSeq 4000
SRR10493810	PRJNA590486	SRX7182898	SAMN13327510	3080		RNA-Seq	TRANSCRIPTOMIC	cDNA	SINGLE	ILLUMINA	Illumina HiSeq 4000
SRR10493811	PRJNA590486	SRX7182899	SAMN13327509	3080		RNA-Seq	TRANSCRIPTOMIC	cDNA	SINGLE	ILLUMINA	Illumina HiSeq 4000
SRR10493812	PRJNA590486	SRX7182900	SAMN13327501	3478		RNA-Seq	TRANSCRIPTOMIC	cDNA	SINGLE	ILLUMINA	Illumina HiSeq 4000
SRR10493813	PRJNA590486	SRX7182901	SAMN13327500	3478		RNA-Seq	TRANSCRIPTOMIC	cDNA	SINGLE	ILLUMINA	Illumina HiSeq 4000
SRR10493814	PRJNA590486	SRX7182902	SAMN13327498	3068		RNA-Seq	TRANSCRIPTOMIC	cDNA	SINGLE	ILLUMINA	Illumina HiSeq 4000
SRR10493816	PRJNA590486	SRX7182904	SAMN13327545	3077		RNA-Seq	TRANSCRIPTOMIC	cDNA	SINGLE	ILLUMINA	Illumina HiSeq 4000
SRR10493817	PRJNA590486	SRX7182905	SAMN13327544	3077		RNA-Seq	TRANSCRIPTOMIC	cDNA	SINGLE	ILLUMINA	Illumina HiSeq 4000
SRR10493818	PRJNA590486	SRX7182906	SAMN13327543	3080		RNA-Seq	TRANSCRIPTOMIC	cDNA	SINGLE	ILLUMINA	Illumina HiSeq 4000
SRR10493819	PRJNA590486	SRX7182907	SAMN13327542	3080		RNA-Seq	TRANSCRIPTOMIC	cDNA	SINGLE	ILLUMINA	Illumina HiSeq 4000
SRR10493846	PRJNA590485	SRX7182934	SAMN13327598	3068		RNA-Seq	TRANSCRIPTOMIC	cDNA	SINGLE	ILLUMINA	Illumina HiSeq 4000
SRR10493847	PRJNA590485	SRX7182935	SAMN13327597	3068		RNA-Seq	TRANSCRIPTOMIC	cDNA	SINGLE	ILLUMINA	Illumina HiSeq 4000
SRR10493848	PRJNA590485	SRX7182936	SAMN13327596	3068		RNA-Seq	TRANSCRIPTOMIC	cDNA	SINGLE	ILLUMINA	Illumina HiSeq 4000
SRR10493849	PRJNA590485	SRX7182937	SAMN13327595	3068		RNA-Seq	TRANSCRIPTOMIC	cDNA	SINGLE	ILLUMINA	Illumina HiSeq 4000
SRR10493850	PRJNA590485	SRX7182938	SAMN13327594	3068		RNA-Seq	TRANSCRIPTOMIC	cDNA	SINGLE	ILLUMINA	Illumina HiSeq 4000
SRR10493851	PRJNA590485	SRX7182939	SAMN13327593	3068		RNA-Seq	TRANSCRIPTOMIC	cDNA	SINGLE	ILLUMINA	Illumina HiSeq 4000
SRR10493852	PRJNA590485	SRX7182940	SAMN13327592	3068		RNA-Seq	TRANSCRIPTOMIC	cDNA	SINGLE	ILLUMINA	Illumina HiSeq 4000
SRR10493853	PRJNA590485	SRX7182941	SAMN13327591	3068		RNA-Seq	TRANSCRIPTOMIC	cDNA	SINGLE	ILLUMINA	Illumina HiSeq 4000
SRR10493854	PRJNA590485	SRX7182942	SAMN13327590	3068		RNA-Seq	TRANSCRIPTOMIC	cDNA	SINGLE	ILLUMINA	Illumina HiSeq 4000
SRR10493855	PRJNA590485	SRX7182943	SAMN13327589	3080		RNA-Seq	TRANSCRIPTOMIC	cDNA	SINGLE	ILLUMINA	Illumina HiSeq 4000
SRR10493856	PRJNA590485	SRX7182944	SAMN13327549	3080		RNA-Seq	TRANSCRIPTOMIC	cDNA	SINGLE	ILLUMINA	Illumina HiSeq 4000
SRR10493857	PRJNA590485	SRX7182945	SAMN13327588	3080		RNA-Seq	TRANSCRIPTOMIC	cDNA	SINGLE	ILLUMINA	Illumina HiSeq 4000
SRR10493858	PRJNA590485	SRX7182946	SAMN13327587	3080		RNA-Seq	TRANSCRIPTOMIC	cDNA	SINGLE	ILLUMINA	Illumina HiSeq 4000
SRR10493859	PRJNA590485	SRX7182947	SAMN13327586	3080		RNA-Seq	TRANSCRIPTOMIC	cDNA	SINGLE	ILLUMINA	Illumina HiSeq 4000
SRR10493860	PRJNA590485	SRX7182948	SAMN13327585	3080		RNA-Seq	TRANSCRIPTOMIC	cDNA	SINGLE	ILLUMINA	Illumina HiSeq 4000
SRR10493861	PRJNA590485	SRX7182949	SAMN13327584	3080		RNA-Seq	TRANSCRIPTOMIC	cDNA	SINGLE	ILLUMINA	Illumina HiSeq 4000
SRR10493862	PRJNA590485	SRX7182950	SAMN13327583	3080		RNA-Seq	TRANSCRIPTOMIC	cDNA	SINGLE	ILLUMINA	Illumina HiSeq 4000
SRR10493863	PRJNA590485	SRX7182951	SAMN13327582	3080		RNA-Seq	TRANSCRIPTOMIC	cDNA	SINGLE	ILLUMINA	Illumina HiSeq 4000
SRR10493864	PRJNA590485	SRX7182952	SAMN13327581	3936		RNA-Seq	TRANSCRIPTOMIC	cDNA	SINGLE	ILLUMINA	Illumina HiSeq 4000
SRR10493865	PRJNA590485	SRX7182953	SAMN13327579	3936		RNA-Seq	TRANSCRIPTOMIC	cDNA	SINGLE	ILLUMINA	Illumina HiSeq 4000
SRR10493866	PRJNA590485	SRX7182954	SAMN13327577	3936		RNA-Seq	TRANSCRIPTOMIC	cDNA	SINGLE	ILLUMINA	Illumina HiSeq 4000
SRR10493867	PRJNA590485	SRX7182955	SAMN13327575	3936		RNA-Seq	TRANSCRIPTOMIC	cDNA	SINGLE	ILLUMINA	Illumina HiSeq 4000
SRR10493868	PRJNA590485	SRX7182956	SAMN13327574	3936		RNA-Seq	TRANSCRIPTOMIC	cDNA	SINGLE	ILLUMINA	Illumina HiSeq 4000
SRR10493869	PRJNA590485	SRX7182957	SAMN13327572	3936		RNA-Seq	TRANSCRIPTOMIC	cDNA	SINGLE	ILLUMINA	Illumina HiSeq 4000
SRR10493870	PRJNA590485	SRX7182958	SAMN13327571	3936		RNA-Seq	TRANSCRIPTOMIC	cDNA	SINGLE	ILLUMINA	Illumina HiSeq 4000
SRR10493871	PRJNA590485	SRX7182959	SAMN13327568	3936		RNA-Seq	TRANSCRIPTOMIC	cDNA	SINGLE	ILLUMINA	Illumina HiSeq 4000
SRR10493872	PRJNA590485	SRX7182960	SAMN13327566	3936		RNA-Seq	TRANSCRIPTOMIC	cDNA	SINGLE	ILLUMINA	Illumina HiSeq 4000
SRR10493873	PRJNA590485	SRX7182961	SAMN13327565	4384		RNA-Seq	TRANSCRIPTOMIC	cDNA	SINGLE	ILLUMINA	Illumina HiSeq 4000
SRR10493874	PRJNA590485	SRX7182962	SAMN13327563	4384		RNA-Seq	TRANSCRIPTOMIC	cDNA	SINGLE	ILLUMINA	Illumina HiSeq 4000
SRR10493875	PRJNA590485	SRX7182963	SAMN13327561	4384		RNA-Seq	TRANSCRIPTOMIC	cDNA	SINGLE	ILLUMINA	Illumina HiSeq 4000
SRR10493876	PRJNA590485	SRX7182964	SAMN13327560	4384		RNA-Seq	TRANSCRIPTOMIC	cDNA	SINGLE	ILLUMINA	Illumina HiSeq 4000
SRR10493877	PRJNA590485	SRX7182965	SAMN13327558	4384		RNA-Seq	TRANSCRIPTOMIC	cDNA	SINGLE	ILLUMINA	Illumina HiSeq 4000
SRR10493878	PRJNA590485	SRX7182966	SAMN13327555	4384		RNA-Seq	TRANSCRIPTOMIC	cDNA	SINGLE	ILLUMINA	Illumina HiSeq 4000
SRR10493879	PRJNA590485	SRX7182967	SAMN13327553	4384		RNA-Seq	TRANSCRIPTOMIC	cDNA	SINGLE	ILLUMINA	Illumina HiSeq 4000
SRR10493880	PRJNA590485	SRX7182968	SAMN13327552	4384		RNA-Seq	TRANSCRIPTOMIC	cDNA	SINGLE	ILLUMINA	Illumina HiSeq 4000
SRR10493881	PRJNA590485	SRX7182969	SAMN13327551	4384		RNA-Seq	TRANSCRIPTOMIC	cDNA	SINGLE	ILLUMINA	Illumina HiSeq 4000
SRR10572657	PRJNA593052	SRX7254149	SAMN13451146	CHOK1		RNA-Seq	TRANSCRIPTOMIC	RANDOM	PAIRED	ILLUMINA	NextSeq 500
SRR10572658	PRJNA593052	SRX7254148	SAMN13451145	CHOK1		RNA-Seq	TRANSCRIPTOMIC	RANDOM	PAIRED	ILLUMINA	NextSeq 500
SRR10572659	PRJNA593052	SRX7254147	SAMN13451144	CHOK1		RNA-Seq	TRANSCRIPTOMIC	RANDOM	PAIRED	ILLUMINA	NextSeq 500
SRR10572660	PRJNA593052	SRX7254146	SAMN13451143	CHOK1		RNA-Seq	TRANSCRIPTOMIC	RANDOM	PAIRED	ILLUMINA	NextSeq 500
SRR10572661	PRJNA593052	SRX7254145	SAMN13451142	CHOK1		RNA-Seq	TRANSCRIPTOMIC	RANDOM	PAIRED	ILLUMINA	NextSeq 500
SRR10572662	PRJNA593052	SRX7254144	SAMN13451141	CHOK1		RNA-Seq	TRANSCRIPTOMIC	RANDOM	PAIRED	ILLUMINA	NextSeq 500
SRR10572663	PRJNA593052	SRX7254143	SAMN13451140	CHOK1		RNA-Seq	TRANSCRIPTOMIC	RANDOM	PAIRED	ILLUMINA	NextSeq 500
SRR10572664	PRJNA593052	SRX7254142	SAMN13451139	CHOK1		RNA-Seq	TRANSCRIPTOMIC	RANDOM	PAIRED	ILLUMINA	NextSeq 500
SRR10669486	PRJNA594947	SRX7347961	SAMN13541379	CHO		RNA-Seq	TRANSCRIPTOMIC	cDNA	SINGLE	ILLUMINA	Illumina HiSeq 4000
SRR10669487	PRJNA594947	SRX7347962	SAMN13541378	CHO		RNA-Seq	TRANSCRIPTOMIC	cDNA	SINGLE	ILLUMINA	Illumina HiSeq 4000
SRR10669488	PRJNA594947	SRX7347963	SAMN13541384	CHO		RNA-Seq	TRANSCRIPTOMIC	cDNA	SINGLE	ILLUMINA	Illumina HiSeq 4000
SRR10669489	PRJNA594947	SRX7347964	SAMN13541377	CHO		RNA-Seq	TRANSCRIPTOMIC	cDNA	SINGLE	ILLUMINA	Illumina HiSeq 4000
SRR10995631	PRJNA604220	SRX7656770	SAMN13957915			RNA-Seq	TRANSCRIPTOMIC	cDNA	PAIRED	ILLUMINA	NextSeq 500
SRR10995632	PRJNA604220	SRX7656770	SAMN13957915			RNA-Seq	TRANSCRIPTOMIC	cDNA	PAIRED	ILLUMINA	NextSeq 500
SRR10995633	PRJNA604220	SRX7656770	SAMN13957915			RNA-Seq	TRANSCRIPTOMIC	cDNA	PAIRED	ILLUMINA	NextSeq 500
SRR10995634	PRJNA604220	SRX7656770	SAMN13957915			RNA-Seq	TRANSCRIPTOMIC	cDNA	PAIRED	ILLUMINA	NextSeq 500
SRR10995635	PRJNA604220	SRX7656771	SAMN13957914			RNA-Seq	TRANSCRIPTOMIC	cDNA	PAIRED	ILLUMINA	NextSeq 500
SRR10995636	PRJNA604220	SRX7656771	SAMN13957914			RNA-Seq	TRANSCRIPTOMIC	cDNA	PAIRED	ILLUMINA	NextSeq 500
SRR10995637	PRJNA604220	SRX7656771	SAMN13957914			RNA-Seq	TRANSCRIPTOMIC	cDNA	PAIRED	ILLUMINA	NextSeq 500
SRR10995638	PRJNA604220	SRX7656771	SAMN13957914			RNA-Seq	TRANSCRIPTOMIC	cDNA	PAIRED	ILLUMINA	NextSeq 500
SRR10995639	PRJNA604220	SRX7656772	SAMN13957913			RNA-Seq	TRANSCRIPTOMIC	cDNA	PAIRED	ILLUMINA	NextSeq 500
SRR10995640	PRJNA604220	SRX7656772	SAMN13957913			RNA-Seq	TRANSCRIPTOMIC	cDNA	PAIRED	ILLUMINA	NextSeq 500
SRR10995641	PRJNA604220	SRX7656772	SAMN13957913			RNA-Seq	TRANSCRIPTOMIC	cDNA	PAIRED	ILLUMINA	NextSeq 500
SRR10995642	PRJNA604220	SRX7656772	SAMN13957913			RNA-Seq	TRANSCRIPTOMIC	cDNA	PAIRED	ILLUMINA	NextSeq 500
SRR10995643	PRJNA604220	SRX7656773	SAMN13957912			RNA-Seq	TRANSCRIPTOMIC	cDNA	PAIRED	ILLUMINA	NextSeq 500
SRR10995644	PRJNA604220	SRX7656773	SAMN13957912			RNA-Seq	TRANSCRIPTOMIC	cDNA	PAIRED	ILLUMINA	NextSeq 500
SRR10995645	PRJNA604220	SRX7656773	SAMN13957912			RNA-Seq	TRANSCRIPTOMIC	cDNA	PAIRED	ILLUMINA	NextSeq 500
SRR10995646	PRJNA604220	SRX7656773	SAMN13957912			RNA-Seq	TRANSCRIPTOMIC	cDNA	PAIRED	ILLUMINA	NextSeq 500
SRR10995647	PRJNA604220	SRX7656774	SAMN13957911			RNA-Seq	TRANSCRIPTOMIC	cDNA	PAIRED	ILLUMINA	NextSeq 500
SRR10995648	PRJNA604220	SRX7656774	SAMN13957911			RNA-Seq	TRANSCRIPTOMIC	cDNA	PAIRED	ILLUMINA	NextSeq 500
SRR10995649	PRJNA604220	SRX7656774	SAMN13957911			RNA-Seq	TRANSCRIPTOMIC	cDNA	PAIRED	ILLUMINA	NextSeq 500
SRR10995650	PRJNA604220	SRX7656774	SAMN13957911			RNA-Seq	TRANSCRIPTOMIC	cDNA	PAIRED	ILLUMINA	NextSeq 500
SRR10995651	PRJNA604220	SRX7656775	SAMN13957910			RNA-Seq	TRANSCRIPTOMIC	cDNA	PAIRED	ILLUMINA	NextSeq 500
SRR10995652	PRJNA604220	SRX7656775	SAMN13957910			RNA-Seq	TRANSCRIPTOMIC	cDNA	PAIRED	ILLUMINA	NextSeq 500
SRR10995653	PRJNA604220	SRX7656775	SAMN13957910			RNA-Seq	TRANSCRIPTOMIC	cDNA	PAIRED	ILLUMINA	NextSeq 500
SRR10995654	PRJNA604220	SRX7656775	SAMN13957910			RNA-Seq	TRANSCRIPTOMIC	cDNA	PAIRED	ILLUMINA	NextSeq 500
SRR10995655	PRJNA604220	SRX7656776	SAMN13957909			RNA-Seq	TRANSCRIPTOMIC	cDNA	PAIRED	ILLUMINA	NextSeq 500
SRR10995656	PRJNA604220	SRX7656776	SAMN13957909			RNA-Seq	TRANSCRIPTOMIC	cDNA	PAIRED	ILLUMINA	NextSeq 500
SRR10995657	PRJNA604220	SRX7656776	SAMN13957909			RNA-Seq	TRANSCRIPTOMIC	cDNA	PAIRED	ILLUMINA	NextSeq 500
SRR10995658	PRJNA604220	SRX7656776	SAMN13957909			RNA-Seq	TRANSCRIPTOMIC	cDNA	PAIRED	ILLUMINA	NextSeq 500
SRR10995659	PRJNA604220	SRX7656777	SAMN13957908			RNA-Seq	TRANSCRIPTOMIC	cDNA	PAIRED	ILLUMINA	NextSeq 500
SRR10995660	PRJNA604220	SRX7656777	SAMN13957908			RNA-Seq	TRANSCRIPTOMIC	cDNA	PAIRED	ILLUMINA	NextSeq 500
SRR10995661	PRJNA604220	SRX7656777	SAMN13957908			RNA-Seq	TRANSCRIPTOMIC	cDNA	PAIRED	ILLUMINA	NextSeq 500
SRR10995662	PRJNA604220	SRX7656777	SAMN13957908			RNA-Seq	TRANSCRIPTOMIC	cDNA	PAIRED	ILLUMINA	NextSeq 500
SRR10995663	PRJNA604220	SRX7656778	SAMN13957907			RNA-Seq	TRANSCRIPTOMIC	cDNA	PAIRED	ILLUMINA	NextSeq 500
SRR10995664	PRJNA604220	SRX7656778	SAMN13957907			RNA-Seq	TRANSCRIPTOMIC	cDNA	PAIRED	ILLUMINA	NextSeq 500
SRR10995665	PRJNA604220	SRX7656778	SAMN13957907			RNA-Seq	TRANSCRIPTOMIC	cDNA	PAIRED	ILLUMINA	NextSeq 500
SRR10995666	PRJNA604220	SRX7656778	SAMN13957907			RNA-Seq	TRANSCRIPTOMIC	cDNA	PAIRED	ILLUMINA	NextSeq 500
SRR10995667	PRJNA604220	SRX7656779	SAMN13957906			RNA-Seq	TRANSCRIPTOMIC	cDNA	PAIRED	ILLUMINA	NextSeq 500
SRR10995668	PRJNA604220	SRX7656779	SAMN13957906			RNA-Seq	TRANSCRIPTOMIC	cDNA	PAIRED	ILLUMINA	NextSeq 500
SRR10995669	PRJNA604220	SRX7656779	SAMN13957906			RNA-Seq	TRANSCRIPTOMIC	cDNA	PAIRED	ILLUMINA	NextSeq 500
SRR10995670	PRJNA604220	SRX7656779	SAMN13957906			RNA-Seq	TRANSCRIPTOMIC	cDNA	PAIRED	ILLUMINA	NextSeq 500
SRR10995671	PRJNA604220	SRX7656780	SAMN13957905			RNA-Seq	TRANSCRIPTOMIC	cDNA	PAIRED	ILLUMINA	NextSeq 500
SRR10995672	PRJNA604220	SRX7656780	SAMN13957905			RNA-Seq	TRANSCRIPTOMIC	cDNA	PAIRED	ILLUMINA	NextSeq 500
SRR10995673	PRJNA604220	SRX7656780	SAMN13957905			RNA-Seq	TRANSCRIPTOMIC	cDNA	PAIRED	ILLUMINA	NextSeq 500
SRR10995674	PRJNA604220	SRX7656780	SAMN13957905			RNA-Seq	TRANSCRIPTOMIC	cDNA	PAIRED	ILLUMINA	NextSeq 500
SRR10995675	PRJNA604220	SRX7656781	SAMN13957904			RNA-Seq	TRANSCRIPTOMIC	cDNA	PAIRED	ILLUMINA	NextSeq 500
SRR10995676	PRJNA604220	SRX7656781	SAMN13957904			RNA-Seq	TRANSCRIPTOMIC	cDNA	PAIRED	ILLUMINA	NextSeq 500
SRR10995677	PRJNA604220	SRX7656781	SAMN13957904			RNA-Seq	TRANSCRIPTOMIC	cDNA	PAIRED	ILLUMINA	NextSeq 500
SRR10995678	PRJNA604220	SRX7656781	SAMN13957904			RNA-Seq	TRANSCRIPTOMIC	cDNA	PAIRED	ILLUMINA	NextSeq 500
SRR10995679	PRJNA604220	SRX7656782	SAMN13957903			RNA-Seq	TRANSCRIPTOMIC	cDNA	PAIRED	ILLUMINA	NextSeq 500
SRR10995680	PRJNA604220	SRX7656782	SAMN13957903			RNA-Seq	TRANSCRIPTOMIC	cDNA	PAIRED	ILLUMINA	NextSeq 500
SRR10995681	PRJNA604220	SRX7656782	SAMN13957903			RNA-Seq	TRANSCRIPTOMIC	cDNA	PAIRED	ILLUMINA	NextSeq 500
SRR10995682	PRJNA604220	SRX7656782	SAMN13957903			RNA-Seq	TRANSCRIPTOMIC	cDNA	PAIRED	ILLUMINA	NextSeq 500
SRR10995683	PRJNA604220	SRX7656783	SAMN13957902			RNA-Seq	TRANSCRIPTOMIC	cDNA	PAIRED	ILLUMINA	NextSeq 500
SRR10995684	PRJNA604220	SRX7656783	SAMN13957902			RNA-Seq	TRANSCRIPTOMIC	cDNA	PAIRED	ILLUMINA	NextSeq 500
SRR10995685	PRJNA604220	SRX7656783	SAMN13957902			RNA-Seq	TRANSCRIPTOMIC	cDNA	PAIRED	ILLUMINA	NextSeq 500
SRR10995686	PRJNA604220	SRX7656783	SAMN13957902			RNA-Seq	TRANSCRIPTOMIC	cDNA	PAIRED	ILLUMINA	NextSeq 500
SRR10995687	PRJNA604220	SRX7656784	SAMN13957901			RNA-Seq	TRANSCRIPTOMIC	cDNA	PAIRED	ILLUMINA	NextSeq 500
SRR10995688	PRJNA604220	SRX7656784	SAMN13957901			RNA-Seq	TRANSCRIPTOMIC	cDNA	PAIRED	ILLUMINA	NextSeq 500
SRR10995689	PRJNA604220	SRX7656784	SAMN13957901			RNA-Seq	TRANSCRIPTOMIC	cDNA	PAIRED	ILLUMINA	NextSeq 500
SRR10995690	PRJNA604220	SRX7656784	SAMN13957901			RNA-Seq	TRANSCRIPTOMIC	cDNA	PAIRED	ILLUMINA	NextSeq 500
SRR10995691	PRJNA604220	SRX7656785	SAMN13957900			RNA-Seq	TRANSCRIPTOMIC	cDNA	PAIRED	ILLUMINA	NextSeq 500
SRR10995692	PRJNA604220	SRX7656785	SAMN13957900			RNA-Seq	TRANSCRIPTOMIC	cDNA	PAIRED	ILLUMINA	NextSeq 500
SRR10995693	PRJNA604220	SRX7656785	SAMN13957900			RNA-Seq	TRANSCRIPTOMIC	cDNA	PAIRED	ILLUMINA	NextSeq 500
SRR10995694	PRJNA604220	SRX7656785	SAMN13957900			RNA-Seq	TRANSCRIPTOMIC	cDNA	PAIRED	ILLUMINA	NextSeq 500
SRR10995695	PRJNA604220	SRX7656786	SAMN13957899			RNA-Seq	TRANSCRIPTOMIC	cDNA	PAIRED	ILLUMINA	NextSeq 500
SRR10995696	PRJNA604220	SRX7656786	SAMN13957899			RNA-Seq	TRANSCRIPTOMIC	cDNA	PAIRED	ILLUMINA	NextSeq 500
SRR10995697	PRJNA604220	SRX7656786	SAMN13957899			RNA-Seq	TRANSCRIPTOMIC	cDNA	PAIRED	ILLUMINA	NextSeq 500
SRR10995698	PRJNA604220	SRX7656786	SAMN13957899			RNA-Seq	TRANSCRIPTOMIC	cDNA	PAIRED	ILLUMINA	NextSeq 500
SRR10995699	PRJNA604220	SRX7656787	SAMN13957898			RNA-Seq	TRANSCRIPTOMIC	cDNA	PAIRED	ILLUMINA	NextSeq 500
SRR10995700	PRJNA604220	SRX7656787	SAMN13957898			RNA-Seq	TRANSCRIPTOMIC	cDNA	PAIRED	ILLUMINA	NextSeq 500
SRR10995701	PRJNA604220	SRX7656787	SAMN13957898			RNA-Seq	TRANSCRIPTOMIC	cDNA	PAIRED	ILLUMINA	NextSeq 500
SRR10995702	PRJNA604220	SRX7656787	SAMN13957898			RNA-Seq	TRANSCRIPTOMIC	cDNA	PAIRED	ILLUMINA	NextSeq 500
SRR11184908	PRJNA599947	SRX7805411	SAMN13762564	VRC01 CHO-K1	Chinese hamster ovary	RNA-Seq	TRANSCRIPTOMIC	Oligo-dT	PAIRED	ILLUMINA	Illumina NovaSeq 6000
SRR11184909	PRJNA599947	SRX7805410	SAMN13762563	VRC01 CHO-K1	Chinese hamster ovary	RNA-Seq	TRANSCRIPTOMIC	Oligo-dT	PAIRED	ILLUMINA	Illumina NovaSeq 6000
SRR11184910	PRJNA599947	SRX7805409	SAMN13762562	VRC01 CHO-K1	Chinese hamster ovary	RNA-Seq	TRANSCRIPTOMIC	Oligo-dT	PAIRED	ILLUMINA	Illumina NovaSeq 6000
SRR11184911	PRJNA599947	SRX7805408	SAMN13762561	VRC01 CHO-K1	Chinese hamster ovary	RNA-Seq	TRANSCRIPTOMIC	Oligo-dT	PAIRED	ILLUMINA	Illumina NovaSeq 6000
SRR11184912	PRJNA599947	SRX7805407	SAMN13762560	VRC01 CHO-K1	Chinese hamster ovary	RNA-Seq	TRANSCRIPTOMIC	Oligo-dT	PAIRED	ILLUMINA	Illumina NovaSeq 6000
SRR11184913	PRJNA599947	SRX7805406	SAMN13762559	VRC01 CHO-K1	Chinese hamster ovary	RNA-Seq	TRANSCRIPTOMIC	Oligo-dT	PAIRED	ILLUMINA	Illumina NovaSeq 6000
SRR11184914	PRJNA599947	SRX7805404	SAMN13762557	VRC01 CHO-K1	Chinese hamster ovary	RNA-Seq	TRANSCRIPTOMIC	Oligo-dT	PAIRED	ILLUMINA	Illumina NovaSeq 6000
SRR11184915	PRJNA599947	SRX7805403	SAMN13762568	VRC01 CHO-K1	Chinese hamster ovary	RNA-Seq	TRANSCRIPTOMIC	Oligo-dT	PAIRED	ILLUMINA	Illumina NovaSeq 6000
SRR11184916	PRJNA599947	SRX7805402	SAMN13762567	VRC01 CHO-K1	Chinese hamster ovary	RNA-Seq	TRANSCRIPTOMIC	Oligo-dT	PAIRED	ILLUMINA	Illumina NovaSeq 6000
SRR11184917	PRJNA599947	SRX7805405	SAMN13762558	VRC01 CHO-K1	Chinese hamster ovary	RNA-Seq	TRANSCRIPTOMIC	Oligo-dT	PAIRED	ILLUMINA	Illumina NovaSeq 6000
SRR11184918	PRJNA599947	SRX7805401	SAMN13762566	VRC01 CHO-K1	Chinese hamster ovary	RNA-Seq	TRANSCRIPTOMIC	Oligo-dT	PAIRED	ILLUMINA	Illumina NovaSeq 6000
SRR11184919	PRJNA599947	SRX7805400	SAMN13762565	VRC01 CHO-K1	Chinese hamster ovary	RNA-Seq	TRANSCRIPTOMIC	Oligo-dT	PAIRED	ILLUMINA	Illumina NovaSeq 6000
SRR11184920	PRJNA599947	SRX7805399	SAMN13762556	VRC01 CHO-K1	Chinese hamster ovary	RNA-Seq	TRANSCRIPTOMIC	Oligo-dT	PAIRED	ILLUMINA	Illumina NovaSeq 6000
SRR11184921	PRJNA599947	SRX7805398	SAMN13762555	VRC01 CHO-K1	Chinese hamster ovary	RNA-Seq	TRANSCRIPTOMIC	Oligo-dT	PAIRED	ILLUMINA	Illumina NovaSeq 6000
SRR11350303	PRJNA613438	SRX7952186	SAMN14404311	CHO-S		RNA-Seq	TRANSCRIPTOMIC	DNase	SINGLE	ILLUMINA	Illumina HiSeq 2500
SRR11350304	PRJNA613438	SRX7952185	SAMN14404310	CHO-S		RNA-Seq	TRANSCRIPTOMIC	DNase	SINGLE	ILLUMINA	Illumina HiSeq 2500
SRR11350305	PRJNA613438	SRX7952184	SAMN14404309	CHO-S		RNA-Seq	TRANSCRIPTOMIC	DNase	SINGLE	ILLUMINA	Illumina HiSeq 2500
SRR11350306	PRJNA613438	SRX7952183	SAMN14404308	CHO-S		RNA-Seq	TRANSCRIPTOMIC	DNase	SINGLE	ILLUMINA	Illumina HiSeq 2500
SRR11350307	PRJNA613438	SRX7952182	SAMN14404307	CHO-S		RNA-Seq	TRANSCRIPTOMIC	DNase	SINGLE	ILLUMINA	Illumina HiSeq 2500
SRR11350308	PRJNA613438	SRX7952181	SAMN14404306	CHO-S		RNA-Seq	TRANSCRIPTOMIC	DNase	SINGLE	ILLUMINA	Illumina HiSeq 2500
SRR11350309	PRJNA613438	SRX7952180	SAMN14404305	CHO-S		RNA-Seq	TRANSCRIPTOMIC	DNase	SINGLE	ILLUMINA	Illumina HiSeq 2500
SRR11350310	PRJNA613438	SRX7952179	SAMN14404304	CHO-S		RNA-Seq	TRANSCRIPTOMIC	DNase	SINGLE	ILLUMINA	Illumina HiSeq 2500
SRR11350311	PRJNA613438	SRX7952178	SAMN14404318	CHO-S		RNA-Seq	TRANSCRIPTOMIC	DNase	SINGLE	ILLUMINA	Illumina HiSeq 2500
SRR11350312	PRJNA613438	SRX7952177	SAMN14404317	CHO-S		RNA-Seq	TRANSCRIPTOMIC	DNase	SINGLE	ILLUMINA	Illumina HiSeq 2500
SRR11350313	PRJNA613438	SRX7952176	SAMN14404316	CHO-S		RNA-Seq	TRANSCRIPTOMIC	DNase	SINGLE	ILLUMINA	Illumina HiSeq 2500
SRR11350314	PRJNA613438	SRX7952175	SAMN14404315	CHO-S		RNA-Seq	TRANSCRIPTOMIC	DNase	SINGLE	ILLUMINA	Illumina HiSeq 2500
SRR11350315	PRJNA613438	SRX7952174	SAMN14404314	CHO-S		RNA-Seq	TRANSCRIPTOMIC	DNase	SINGLE	ILLUMINA	Illumina HiSeq 2500
SRR11350316	PRJNA613438	SRX7952173	SAMN14404313	CHO-S		RNA-Seq	TRANSCRIPTOMIC	DNase	SINGLE	ILLUMINA	Illumina HiSeq 2500
SRR11350317	PRJNA613438	SRX7952172	SAMN14404312	CHO-S		RNA-Seq	TRANSCRIPTOMIC	DNase	SINGLE	ILLUMINA	Illumina HiSeq 2500
SRR11350318	PRJNA613438	SRX7952171	SAMN14404303	CHO-S		RNA-Seq	TRANSCRIPTOMIC	DNase	SINGLE	ILLUMINA	Illumina HiSeq 2500
SRR11350319	PRJNA613438	SRX7952170	SAMN14404302	CHO-S		RNA-Seq	TRANSCRIPTOMIC	DNase	SINGLE	ILLUMINA	Illumina HiSeq 2500
SRR11721629	PRJNA630824	SRX8280955	SAMN14845996			RNA-Seq	TRANSCRIPTOMIC	PolyA	SINGLE	ILLUMINA	NextSeq 500
SRR11721630	PRJNA630824	SRX8280954	SAMN14845995			RNA-Seq	TRANSCRIPTOMIC	PolyA	SINGLE	ILLUMINA	NextSeq 500
SRR11721631	PRJNA630824	SRX8280953	SAMN14846004			RNA-Seq	TRANSCRIPTOMIC	PolyA	SINGLE	ILLUMINA	NextSeq 500
SRR11721632	PRJNA630824	SRX8280952	SAMN14846003			RNA-Seq	TRANSCRIPTOMIC	PolyA	SINGLE	ILLUMINA	NextSeq 500
SRR11721633	PRJNA630824	SRX8280951	SAMN14846002			RNA-Seq	TRANSCRIPTOMIC	PolyA	SINGLE	ILLUMINA	NextSeq 500
SRR11721634	PRJNA630824	SRX8280950	SAMN14846001			RNA-Seq	TRANSCRIPTOMIC	PolyA	SINGLE	ILLUMINA	NextSeq 500
SRR11721635	PRJNA630824	SRX8280949	SAMN14846000			RNA-Seq	TRANSCRIPTOMIC	PolyA	SINGLE	ILLUMINA	NextSeq 500
SRR11721636	PRJNA630824	SRX8280948	SAMN14845999			RNA-Seq	TRANSCRIPTOMIC	PolyA	SINGLE	ILLUMINA	NextSeq 500
SRR11721637	PRJNA630824	SRX8280947	SAMN14845998			RNA-Seq	TRANSCRIPTOMIC	PolyA	SINGLE	ILLUMINA	NextSeq 500
SRR11721638	PRJNA630824	SRX8280946	SAMN14846024			RNA-Seq	TRANSCRIPTOMIC	PolyA	SINGLE	ILLUMINA	NextSeq 500
SRR11721639	PRJNA630824	SRX8280945	SAMN14846023			RNA-Seq	TRANSCRIPTOMIC	PolyA	SINGLE	ILLUMINA	NextSeq 500
SRR11721640	PRJNA630824	SRX8280944	SAMN14846022			RNA-Seq	TRANSCRIPTOMIC	PolyA	SINGLE	ILLUMINA	NextSeq 500
SRR11721641	PRJNA630824	SRX8280943	SAMN14846021			RNA-Seq	TRANSCRIPTOMIC	PolyA	SINGLE	ILLUMINA	NextSeq 500
SRR11721642	PRJNA630824	SRX8280942	SAMN14846020			RNA-Seq	TRANSCRIPTOMIC	PolyA	SINGLE	ILLUMINA	NextSeq 500
SRR11721643	PRJNA630824	SRX8280941	SAMN14846019			RNA-Seq	TRANSCRIPTOMIC	PolyA	SINGLE	ILLUMINA	NextSeq 500
SRR11721644	PRJNA630824	SRX8280940	SAMN14846018			RNA-Seq	TRANSCRIPTOMIC	PolyA	SINGLE	ILLUMINA	NextSeq 500
SRR11721645	PRJNA630824	SRX8280939	SAMN14846017			RNA-Seq	TRANSCRIPTOMIC	PolyA	SINGLE	ILLUMINA	NextSeq 500
SRR11721646	PRJNA630824	SRX8280938	SAMN14846016			RNA-Seq	TRANSCRIPTOMIC	PolyA	SINGLE	ILLUMINA	NextSeq 500
SRR11721647	PRJNA630824	SRX8280937	SAMN14846015			RNA-Seq	TRANSCRIPTOMIC	PolyA	SINGLE	ILLUMINA	NextSeq 500
SRR11721648	PRJNA630824	SRX8280936	SAMN14845997			RNA-Seq	TRANSCRIPTOMIC	PolyA	SINGLE	ILLUMINA	NextSeq 500
SRR11721649	PRJNA630824	SRX8280935	SAMN14846014			RNA-Seq	TRANSCRIPTOMIC	PolyA	SINGLE	ILLUMINA	NextSeq 500
SRR11721650	PRJNA630824	SRX8280934	SAMN14846013			RNA-Seq	TRANSCRIPTOMIC	PolyA	SINGLE	ILLUMINA	NextSeq 500
SRR11721651	PRJNA630824	SRX8280933	SAMN14846012			RNA-Seq	TRANSCRIPTOMIC	PolyA	SINGLE	ILLUMINA	NextSeq 500
SRR11721652	PRJNA630824	SRX8280932	SAMN14846011			RNA-Seq	TRANSCRIPTOMIC	PolyA	SINGLE	ILLUMINA	NextSeq 500
SRR11721653	PRJNA630824	SRX8280931	SAMN14846010			RNA-Seq	TRANSCRIPTOMIC	PolyA	SINGLE	ILLUMINA	NextSeq 500
SRR11721654	PRJNA630824	SRX8280930	SAMN14846009			RNA-Seq	TRANSCRIPTOMIC	PolyA	SINGLE	ILLUMINA	NextSeq 500
SRR11721655	PRJNA630824	SRX8280929	SAMN14846008			RNA-Seq	TRANSCRIPTOMIC	PolyA	SINGLE	ILLUMINA	NextSeq 500
SRR11721656	PRJNA630824	SRX8280928	SAMN14846007			RNA-Seq	TRANSCRIPTOMIC	PolyA	SINGLE	ILLUMINA	NextSeq 500
SRR11721657	PRJNA630824	SRX8280927	SAMN14846006			RNA-Seq	TRANSCRIPTOMIC	PolyA	SINGLE	ILLUMINA	NextSeq 500
SRR11721658	PRJNA630824	SRX8280926	SAMN14846005			RNA-Seq	TRANSCRIPTOMIC	PolyA	SINGLE	ILLUMINA	NextSeq 500
SRR12194145	PRJNA645419	SRX8707288	SAMN15504221			RNA-Seq	TRANSCRIPTOMIC	unspecified	PAIRED	ILLUMINA	NextSeq 550
SRR12194146	PRJNA645419	SRX8707287	SAMN15504221			RNA-Seq	TRANSCRIPTOMIC	unspecified	PAIRED	ILLUMINA	NextSeq 550
SRR12194147	PRJNA645419	SRX8707286	SAMN15504221			RNA-Seq	TRANSCRIPTOMIC	unspecified	PAIRED	ILLUMINA	NextSeq 550
SRR12194150	PRJNA645419	SRX8707283	SAMN15504220			RNA-Seq	TRANSCRIPTOMIC	unspecified	PAIRED	ILLUMINA	NextSeq 550
SRR12194151	PRJNA645419	SRX8707282	SAMN15504220			RNA-Seq	TRANSCRIPTOMIC	unspecified	PAIRED	ILLUMINA	NextSeq 550
SRR12194152	PRJNA645419	SRX8707281	SAMN15504220			RNA-Seq	TRANSCRIPTOMIC	unspecified	PAIRED	ILLUMINA	NextSeq 550
SRR12587964	PRJNA661407	SRX9074579	SAMN16057385	CHO K1 DP12		RNA-Seq	TRANSCRIPTOMIC	PolyA	PAIRED	ILLUMINA	Illumina HiSeq 4000
SRR12587965	PRJNA661407	SRX9074578	SAMN16057385	CHO K1 DP12		RNA-Seq	TRANSCRIPTOMIC	PolyA	PAIRED	ILLUMINA	Illumina HiSeq 4000
SRR12587966	PRJNA661407	SRX9074577	SAMN16057385	CHO K1 DP12		RNA-Seq	TRANSCRIPTOMIC	PolyA	PAIRED	ILLUMINA	Illumina HiSeq 4000
SRR12587967	PRJNA661407	SRX9074576	SAMN16057385	CHO K1 DP12		RNA-Seq	TRANSCRIPTOMIC	PolyA	PAIRED	ILLUMINA	Illumina HiSeq 4000
SRR12618082	PRJNA662582	SRX9101117	SAMN16089553	CHO		RNA-Seq	TRANSCRIPTOMIC	cDNA	SINGLE	ILLUMINA	Illumina MiSeq
SRR12618083	PRJNA662582	SRX9101117	SAMN16089553	CHO		RNA-Seq	TRANSCRIPTOMIC	cDNA	SINGLE	ILLUMINA	Illumina MiSeq
SRR12618084	PRJNA662582	SRX9101118	SAMN16089552	CHO		RNA-Seq	TRANSCRIPTOMIC	cDNA	SINGLE	ILLUMINA	Illumina MiSeq
SRR12618085	PRJNA662582	SRX9101118	SAMN16089552	CHO		RNA-Seq	TRANSCRIPTOMIC	cDNA	SINGLE	ILLUMINA	Illumina MiSeq
SRR12618086	PRJNA662582	SRX9101119	SAMN16089551	CHO		RNA-Seq	TRANSCRIPTOMIC	cDNA	SINGLE	ILLUMINA	Illumina MiSeq
SRR12618087	PRJNA662582	SRX9101119	SAMN16089551	CHO		RNA-Seq	TRANSCRIPTOMIC	cDNA	SINGLE	ILLUMINA	Illumina MiSeq
SRR12618088	PRJNA662582	SRX9101120	SAMN16089550	CHO		RNA-Seq	TRANSCRIPTOMIC	cDNA	SINGLE	ILLUMINA	Illumina MiSeq
SRR12618089	PRJNA662582	SRX9101120	SAMN16089550	CHO		RNA-Seq	TRANSCRIPTOMIC	cDNA	SINGLE	ILLUMINA	Illumina MiSeq
SRR12618090	PRJNA662582	SRX9101121	SAMN16089549	CHO		RNA-Seq	TRANSCRIPTOMIC	cDNA	SINGLE	ILLUMINA	Illumina MiSeq
SRR12618091	PRJNA662582	SRX9101121	SAMN16089549	CHO		RNA-Seq	TRANSCRIPTOMIC	cDNA	SINGLE	ILLUMINA	Illumina MiSeq
SRR12618092	PRJNA662582	SRX9101121	SAMN16089549	CHO		RNA-Seq	TRANSCRIPTOMIC	cDNA	SINGLE	ILLUMINA	Illumina MiSeq
SRR12618093	PRJNA662582	SRX9101121	SAMN16089549	CHO		RNA-Seq	TRANSCRIPTOMIC	cDNA	SINGLE	ILLUMINA	Illumina MiSeq
SRR12618094	PRJNA662582	SRX9101122	SAMN16089547	CHO		RNA-Seq	TRANSCRIPTOMIC	cDNA	SINGLE	ILLUMINA	Illumina MiSeq
SRR12618095	PRJNA662582	SRX9101122	SAMN16089547	CHO		RNA-Seq	TRANSCRIPTOMIC	cDNA	SINGLE	ILLUMINA	Illumina MiSeq
SRR12618096	PRJNA662582	SRX9101123	SAMN16089546	CHO		RNA-Seq	TRANSCRIPTOMIC	cDNA	SINGLE	ILLUMINA	Illumina MiSeq
SRR12618097	PRJNA662582	SRX9101123	SAMN16089546	CHO		RNA-Seq	TRANSCRIPTOMIC	cDNA	SINGLE	ILLUMINA	Illumina MiSeq
SRR12618098	PRJNA662582	SRX9101124	SAMN16089545	CHO		RNA-Seq	TRANSCRIPTOMIC	cDNA	SINGLE	ILLUMINA	Illumina MiSeq
SRR12618099	PRJNA662582	SRX9101124	SAMN16089545	CHO		RNA-Seq	TRANSCRIPTOMIC	cDNA	SINGLE	ILLUMINA	Illumina MiSeq
SRR12618100	PRJNA662582	SRX9101125	SAMN16089593	CHO		RNA-Seq	TRANSCRIPTOMIC	cDNA	SINGLE	ILLUMINA	Illumina MiSeq
SRR12618101	PRJNA662582	SRX9101125	SAMN16089593	CHO		RNA-Seq	TRANSCRIPTOMIC	cDNA	SINGLE	ILLUMINA	Illumina MiSeq
SRR12618102	PRJNA662582	SRX9101126	SAMN16089592	CHO		RNA-Seq	TRANSCRIPTOMIC	cDNA	SINGLE	ILLUMINA	Illumina MiSeq
SRR12618103	PRJNA662582	SRX9101126	SAMN16089592	CHO		RNA-Seq	TRANSCRIPTOMIC	cDNA	SINGLE	ILLUMINA	Illumina MiSeq
SRR12618104	PRJNA662582	SRX9101127	SAMN16089591	CHO		RNA-Seq	TRANSCRIPTOMIC	cDNA	SINGLE	ILLUMINA	Illumina MiSeq
SRR12618105	PRJNA662582	SRX9101127	SAMN16089591	CHO		RNA-Seq	TRANSCRIPTOMIC	cDNA	SINGLE	ILLUMINA	Illumina MiSeq
SRR12618106	PRJNA662582	SRX9101128	SAMN16089590	CHO		RNA-Seq	TRANSCRIPTOMIC	cDNA	SINGLE	ILLUMINA	Illumina MiSeq
SRR12618107	PRJNA662582	SRX9101128	SAMN16089590	CHO		RNA-Seq	TRANSCRIPTOMIC	cDNA	SINGLE	ILLUMINA	Illumina MiSeq
SRR12618108	PRJNA662582	SRX9101129	SAMN16089588	CHO		RNA-Seq	TRANSCRIPTOMIC	cDNA	SINGLE	ILLUMINA	Illumina MiSeq
SRR12618109	PRJNA662582	SRX9101129	SAMN16089588	CHO		RNA-Seq	TRANSCRIPTOMIC	cDNA	SINGLE	ILLUMINA	Illumina MiSeq
SRR12618110	PRJNA662582	SRX9101129	SAMN16089588	CHO		RNA-Seq	TRANSCRIPTOMIC	cDNA	SINGLE	ILLUMINA	Illumina MiSeq
SRR12618111	PRJNA662582	SRX9101129	SAMN16089588	CHO		RNA-Seq	TRANSCRIPTOMIC	cDNA	SINGLE	ILLUMINA	Illumina MiSeq
SRR12618112	PRJNA662582	SRX9101130	SAMN16089587	CHO		RNA-Seq	TRANSCRIPTOMIC	cDNA	SINGLE	ILLUMINA	Illumina MiSeq
SRR12618113	PRJNA662582	SRX9101130	SAMN16089587	CHO		RNA-Seq	TRANSCRIPTOMIC	cDNA	SINGLE	ILLUMINA	Illumina MiSeq
SRR12618114	PRJNA662582	SRX9101131	SAMN16089586	CHO		RNA-Seq	TRANSCRIPTOMIC	cDNA	SINGLE	ILLUMINA	Illumina MiSeq
SRR12618115	PRJNA662582	SRX9101131	SAMN16089586	CHO		RNA-Seq	TRANSCRIPTOMIC	cDNA	SINGLE	ILLUMINA	Illumina MiSeq
SRR12618116	PRJNA662582	SRX9101132	SAMN16089585	CHO		RNA-Seq	TRANSCRIPTOMIC	cDNA	SINGLE	ILLUMINA	Illumina MiSeq
SRR12618117	PRJNA662582	SRX9101132	SAMN16089585	CHO		RNA-Seq	TRANSCRIPTOMIC	cDNA	SINGLE	ILLUMINA	Illumina MiSeq
SRR12618118	PRJNA662582	SRX9101133	SAMN16089584	CHO		RNA-Seq	TRANSCRIPTOMIC	cDNA	SINGLE	ILLUMINA	Illumina MiSeq
SRR12618119	PRJNA662582	SRX9101133	SAMN16089584	CHO		RNA-Seq	TRANSCRIPTOMIC	cDNA	SINGLE	ILLUMINA	Illumina MiSeq
SRR12618120	PRJNA662582	SRX9101133	SAMN16089584	CHO		RNA-Seq	TRANSCRIPTOMIC	cDNA	SINGLE	ILLUMINA	Illumina MiSeq
SRR12618121	PRJNA662582	SRX9101133	SAMN16089584	CHO		RNA-Seq	TRANSCRIPTOMIC	cDNA	SINGLE	ILLUMINA	Illumina MiSeq
SRR12618122	PRJNA662582	SRX9101134	SAMN16089583	CHO		RNA-Seq	TRANSCRIPTOMIC	cDNA	SINGLE	ILLUMINA	Illumina MiSeq
SRR12618123	PRJNA662582	SRX9101134	SAMN16089583	CHO		RNA-Seq	TRANSCRIPTOMIC	cDNA	SINGLE	ILLUMINA	Illumina MiSeq
SRR12618124	PRJNA662582	SRX9101135	SAMN16089582	CHO		RNA-Seq	TRANSCRIPTOMIC	cDNA	SINGLE	ILLUMINA	Illumina MiSeq
SRR12618125	PRJNA662582	SRX9101135	SAMN16089582	CHO		RNA-Seq	TRANSCRIPTOMIC	cDNA	SINGLE	ILLUMINA	Illumina MiSeq
SRR12618126	PRJNA662582	SRX9101136	SAMN16089581	CHO		RNA-Seq	TRANSCRIPTOMIC	cDNA	SINGLE	ILLUMINA	Illumina MiSeq
SRR12618127	PRJNA662582	SRX9101136	SAMN16089581	CHO		RNA-Seq	TRANSCRIPTOMIC	cDNA	SINGLE	ILLUMINA	Illumina MiSeq
SRR12618128	PRJNA662582	SRX9101137	SAMN16089580	CHO		RNA-Seq	TRANSCRIPTOMIC	cDNA	SINGLE	ILLUMINA	Illumina MiSeq
SRR12618129	PRJNA662582	SRX9101137	SAMN16089580	CHO		RNA-Seq	TRANSCRIPTOMIC	cDNA	SINGLE	ILLUMINA	Illumina MiSeq
SRR12618130	PRJNA662582	SRX9101138	SAMN16089579	CHO		RNA-Seq	TRANSCRIPTOMIC	cDNA	SINGLE	ILLUMINA	Illumina MiSeq
SRR12618131	PRJNA662582	SRX9101138	SAMN16089579	CHO		RNA-Seq	TRANSCRIPTOMIC	cDNA	SINGLE	ILLUMINA	Illumina MiSeq
SRR12618132	PRJNA662582	SRX9101139	SAMN16089578	CHO		RNA-Seq	TRANSCRIPTOMIC	cDNA	SINGLE	ILLUMINA	Illumina MiSeq
SRR12618133	PRJNA662582	SRX9101139	SAMN16089578	CHO		RNA-Seq	TRANSCRIPTOMIC	cDNA	SINGLE	ILLUMINA	Illumina MiSeq
SRR12618134	PRJNA662582	SRX9101140	SAMN16089597	CHO		RNA-Seq	TRANSCRIPTOMIC	cDNA	SINGLE	ILLUMINA	Illumina MiSeq
SRR12618135	PRJNA662582	SRX9101140	SAMN16089597	CHO		RNA-Seq	TRANSCRIPTOMIC	cDNA	SINGLE	ILLUMINA	Illumina MiSeq
SRR12618136	PRJNA662582	SRX9101141	SAMN16089596	CHO		RNA-Seq	TRANSCRIPTOMIC	cDNA	SINGLE	ILLUMINA	Illumina MiSeq
SRR12618137	PRJNA662582	SRX9101141	SAMN16089596	CHO		RNA-Seq	TRANSCRIPTOMIC	cDNA	SINGLE	ILLUMINA	Illumina MiSeq
SRR12618138	PRJNA662582	SRX9101142	SAMN16089594	CHO		RNA-Seq	TRANSCRIPTOMIC	cDNA	SINGLE	ILLUMINA	Illumina MiSeq
SRR12618139	PRJNA662582	SRX9101142	SAMN16089594	CHO		RNA-Seq	TRANSCRIPTOMIC	cDNA	SINGLE	ILLUMINA	Illumina MiSeq
SRR14860925	PRJNA739051	SRX11178688	SAMN19770454			RNA-Seq	TRANSCRIPTOMIC	RANDOM	PAIRED	ILLUMINA	Illumina HiSeq 2500
SRR14860926	PRJNA739051	SRX11178687	SAMN19770453			RNA-Seq	TRANSCRIPTOMIC	RANDOM	PAIRED	ILLUMINA	Illumina HiSeq 2500
SRR14860927	PRJNA739051	SRX11178686	SAMN19770453			RNA-Seq	TRANSCRIPTOMIC	RANDOM	PAIRED	ILLUMINA	Illumina HiSeq 2500
SRR14860928	PRJNA739051	SRX11178685	SAMN19770453			RNA-Seq	TRANSCRIPTOMIC	RANDOM	PAIRED	ILLUMINA	Illumina HiSeq 2500
SRR14860929	PRJNA739051	SRX11178684	SAMN19770452			RNA-Seq	TRANSCRIPTOMIC	RANDOM	PAIRED	ILLUMINA	Illumina HiSeq 2500
SRR14860930	PRJNA739051	SRX11178683	SAMN19770452			RNA-Seq	TRANSCRIPTOMIC	RANDOM	PAIRED	ILLUMINA	Illumina HiSeq 2500
SRR14860931	PRJNA739051	SRX11178682	SAMN19770452			RNA-Seq	TRANSCRIPTOMIC	RANDOM	PAIRED	ILLUMINA	Illumina HiSeq 2500
SRR14860932	PRJNA739051	SRX11178681	SAMN19770451			RNA-Seq	TRANSCRIPTOMIC	RANDOM	PAIRED	ILLUMINA	Illumina HiSeq 2500
SRR14860933	PRJNA739051	SRX11178680	SAMN19770456			RNA-Seq	TRANSCRIPTOMIC	RANDOM	PAIRED	ILLUMINA	Illumina HiSeq 2500
SRR14860934	PRJNA739051	SRX11178679	SAMN19770456			RNA-Seq	TRANSCRIPTOMIC	RANDOM	PAIRED	ILLUMINA	Illumina HiSeq 2500
SRR14860935	PRJNA739051	SRX11178678	SAMN19770456			RNA-Seq	TRANSCRIPTOMIC	RANDOM	PAIRED	ILLUMINA	Illumina HiSeq 2500
SRR14860936	PRJNA739051	SRX11178677	SAMN19770455			RNA-Seq	TRANSCRIPTOMIC	RANDOM	PAIRED	ILLUMINA	Illumina HiSeq 2500
SRR14860937	PRJNA739051	SRX11178676	SAMN19770455			RNA-Seq	TRANSCRIPTOMIC	RANDOM	PAIRED	ILLUMINA	Illumina HiSeq 2500
SRR14860938	PRJNA739051	SRX11178675	SAMN19770455			RNA-Seq	TRANSCRIPTOMIC	RANDOM	PAIRED	ILLUMINA	Illumina HiSeq 2500
SRR14860939	PRJNA739051	SRX11178674	SAMN19770454			RNA-Seq	TRANSCRIPTOMIC	RANDOM	PAIRED	ILLUMINA	Illumina HiSeq 2500
SRR14860940	PRJNA739051	SRX11178673	SAMN19770454			RNA-Seq	TRANSCRIPTOMIC	RANDOM	PAIRED	ILLUMINA	Illumina HiSeq 2500
SRR14860941	PRJNA739051	SRX11178672	SAMN19770451			RNA-Seq	TRANSCRIPTOMIC	RANDOM	PAIRED	ILLUMINA	Illumina HiSeq 2500
SRR14860942	PRJNA739051	SRX11178671	SAMN19770451			RNA-Seq	TRANSCRIPTOMIC	RANDOM	PAIRED	ILLUMINA	Illumina HiSeq 2500
SRR15111551	PRJNA746067	SRX11420376	SAMN20179686			RNA-Seq	TRANSCRIPTOMIC	Oligo-dT	PAIRED	ILLUMINA	NextSeq 500
SRR15111552	PRJNA746067	SRX11420375	SAMN20179674			RNA-Seq	TRANSCRIPTOMIC	Oligo-dT	PAIRED	ILLUMINA	NextSeq 500
SRR15111553	PRJNA746067	SRX11420374	SAMN20179685			RNA-Seq	TRANSCRIPTOMIC	Oligo-dT	PAIRED	ILLUMINA	NextSeq 500
SRR15111554	PRJNA746067	SRX11420373	SAMN20179684			RNA-Seq	TRANSCRIPTOMIC	Oligo-dT	PAIRED	ILLUMINA	NextSeq 500
SRR15111555	PRJNA746067	SRX11420372	SAMN20179683			RNA-Seq	TRANSCRIPTOMIC	Oligo-dT	PAIRED	ILLUMINA	NextSeq 500
SRR15111556	PRJNA746067	SRX11420371	SAMN20179682			RNA-Seq	TRANSCRIPTOMIC	Oligo-dT	PAIRED	ILLUMINA	NextSeq 500
SRR15111557	PRJNA746067	SRX11420370	SAMN20179681			RNA-Seq	TRANSCRIPTOMIC	Oligo-dT	PAIRED	ILLUMINA	NextSeq 500
SRR15111558	PRJNA746067	SRX11420369	SAMN20179680			RNA-Seq	TRANSCRIPTOMIC	Oligo-dT	PAIRED	ILLUMINA	NextSeq 500
SRR15111559	PRJNA746067	SRX11420368	SAMN20179679			RNA-Seq	TRANSCRIPTOMIC	Oligo-dT	PAIRED	ILLUMINA	NextSeq 500
SRR15111560	PRJNA746067	SRX11420367	SAMN20179678			RNA-Seq	TRANSCRIPTOMIC	Oligo-dT	PAIRED	ILLUMINA	NextSeq 500
SRR15111561	PRJNA746067	SRX11420366	SAMN20179677			RNA-Seq	TRANSCRIPTOMIC	Oligo-dT	PAIRED	ILLUMINA	NextSeq 500
SRR15111562	PRJNA746067	SRX11420365	SAMN20179676			RNA-Seq	TRANSCRIPTOMIC	Oligo-dT	PAIRED	ILLUMINA	NextSeq 500
SRR15111563	PRJNA746067	SRX11420364	SAMN20179673			RNA-Seq	TRANSCRIPTOMIC	Oligo-dT	PAIRED	ILLUMINA	NextSeq 500
SRR15111564	PRJNA746067	SRX11420363	SAMN20179672			RNA-Seq	TRANSCRIPTOMIC	Oligo-dT	PAIRED	ILLUMINA	NextSeq 500
SRR15111565	PRJNA746067	SRX11420362	SAMN20179675			RNA-Seq	TRANSCRIPTOMIC	Oligo-dT	PAIRED	ILLUMINA	NextSeq 500
SRR15111566	PRJNA746067	SRX11420361	SAMN20179668			RNA-Seq	TRANSCRIPTOMIC	Oligo-dT	PAIRED	ILLUMINA	NextSeq 500
SRR15111567	PRJNA746067	SRX11420360	SAMN20179667			RNA-Seq	TRANSCRIPTOMIC	Oligo-dT	PAIRED	ILLUMINA	NextSeq 500
SRR15111568	PRJNA746067	SRX11420359	SAMN20179666			RNA-Seq	TRANSCRIPTOMIC	Oligo-dT	PAIRED	ILLUMINA	NextSeq 500
SRR15111569	PRJNA746067	SRX11420358	SAMN20179671			RNA-Seq	TRANSCRIPTOMIC	Oligo-dT	PAIRED	ILLUMINA	NextSeq 500
SRR15111570	PRJNA746067	SRX11420357	SAMN20179670			RNA-Seq	TRANSCRIPTOMIC	Oligo-dT	PAIRED	ILLUMINA	NextSeq 500
SRR15111571	PRJNA746067	SRX11420356	SAMN20179669			RNA-Seq	TRANSCRIPTOMIC	Oligo-dT	PAIRED	ILLUMINA	NextSeq 500
SRR15111572	PRJNA746067	SRX11420355	SAMN20179695			RNA-Seq	TRANSCRIPTOMIC	Oligo-dT	PAIRED	ILLUMINA	NextSeq 500
SRR15111573	PRJNA746067	SRX11420354	SAMN20179694			RNA-Seq	TRANSCRIPTOMIC	Oligo-dT	PAIRED	ILLUMINA	NextSeq 500
SRR15111574	PRJNA746067	SRX11420353	SAMN20179693			RNA-Seq	TRANSCRIPTOMIC	Oligo-dT	PAIRED	ILLUMINA	NextSeq 500
SRR15111575	PRJNA746067	SRX11420352	SAMN20179692			RNA-Seq	TRANSCRIPTOMIC	Oligo-dT	PAIRED	ILLUMINA	NextSeq 500
SRR15111576	PRJNA746067	SRX11420351	SAMN20179691			RNA-Seq	TRANSCRIPTOMIC	Oligo-dT	PAIRED	ILLUMINA	NextSeq 500
SRR15111577	PRJNA746067	SRX11420350	SAMN20179690			RNA-Seq	TRANSCRIPTOMIC	Oligo-dT	PAIRED	ILLUMINA	NextSeq 500
SRR15111578	PRJNA746067	SRX11420349	SAMN20179689			RNA-Seq	TRANSCRIPTOMIC	Oligo-dT	PAIRED	ILLUMINA	NextSeq 500
SRR15111579	PRJNA746067	SRX11420348	SAMN20179688			RNA-Seq	TRANSCRIPTOMIC	Oligo-dT	PAIRED	ILLUMINA	NextSeq 500
SRR15111580	PRJNA746067	SRX11420347	SAMN20179687			RNA-Seq	TRANSCRIPTOMIC	Oligo-dT	PAIRED	ILLUMINA	NextSeq 500
SRR1516214	PRJNA255418	SRX653805	SAMN02918450			RNA-Seq	TRANSCRIPTOMIC	cDNA	SINGLE	ILLUMINA	Illumina Genome Analyzer IIx
SRR1516215	PRJNA255418	SRX653806	SAMN02918451			RNA-Seq	TRANSCRIPTOMIC	cDNA	SINGLE	ILLUMINA	Illumina Genome Analyzer IIx
SRR1516216	PRJNA255418	SRX653807	SAMN02918452			RNA-Seq	TRANSCRIPTOMIC	cDNA	SINGLE	ILLUMINA	Illumina Genome Analyzer IIx
SRR1516217	PRJNA255418	SRX653808	SAMN02918453			RNA-Seq	TRANSCRIPTOMIC	cDNA	SINGLE	ILLUMINA	Illumina Genome Analyzer IIx
SRR15221365	PRJNA749145	SRX11527351	SAMN20355394			RNA-Seq	TRANSCRIPTOMIC	cDNA	PAIRED	ILLUMINA	Illumina HiSeq 4000
SRR15221366	PRJNA749145	SRX11527350	SAMN20355394			RNA-Seq	TRANSCRIPTOMIC	cDNA	PAIRED	ILLUMINA	Illumina HiSeq 4000
SRR15221367	PRJNA749145	SRX11527349	SAMN20355394			RNA-Seq	TRANSCRIPTOMIC	cDNA	PAIRED	ILLUMINA	Illumina HiSeq 4000
SRR15221368	PRJNA749145	SRX11527348	SAMN20355394			RNA-Seq	TRANSCRIPTOMIC	cDNA	PAIRED	ILLUMINA	Illumina HiSeq 4000
SRR15221369	PRJNA749145	SRX11527347	SAMN20355394			RNA-Seq	TRANSCRIPTOMIC	cDNA	PAIRED	ILLUMINA	Illumina HiSeq 4000
SRR15221370	PRJNA749145	SRX11527346	SAMN20355394			RNA-Seq	TRANSCRIPTOMIC	cDNA	PAIRED	ILLUMINA	Illumina HiSeq 4000
SRR15221371	PRJNA749145	SRX11527345	SAMN20355393			RNA-Seq	TRANSCRIPTOMIC	cDNA	PAIRED	ILLUMINA	Illumina HiSeq 4000
SRR15221372	PRJNA749145	SRX11527344	SAMN20355393			RNA-Seq	TRANSCRIPTOMIC	cDNA	PAIRED	ILLUMINA	Illumina HiSeq 4000
SRR15221373	PRJNA749145	SRX11527343	SAMN20355393			RNA-Seq	TRANSCRIPTOMIC	cDNA	PAIRED	ILLUMINA	Illumina HiSeq 4000
SRR15221374	PRJNA749145	SRX11527342	SAMN20355394			RNA-Seq	TRANSCRIPTOMIC	cDNA	PAIRED	ILLUMINA	Illumina HiSeq 4000
SRR15221375	PRJNA749145	SRX11527341	SAMN20355394			RNA-Seq	TRANSCRIPTOMIC	cDNA	PAIRED	ILLUMINA	Illumina HiSeq 4000
SRR15221376	PRJNA749145	SRX11527340	SAMN20355394			RNA-Seq	TRANSCRIPTOMIC	cDNA	PAIRED	ILLUMINA	Illumina HiSeq 4000
SRR15221377	PRJNA749145	SRX11527339	SAMN20355393			RNA-Seq	TRANSCRIPTOMIC	cDNA	PAIRED	ILLUMINA	Illumina HiSeq 4000
SRR15221378	PRJNA749145	SRX11527338	SAMN20355393			RNA-Seq	TRANSCRIPTOMIC	cDNA	PAIRED	ILLUMINA	Illumina HiSeq 4000
SRR15221379	PRJNA749145	SRX11527337	SAMN20355393			RNA-Seq	TRANSCRIPTOMIC	cDNA	PAIRED	ILLUMINA	Illumina HiSeq 4000
SRR15221380	PRJNA749145	SRX11527336	SAMN20355394			RNA-Seq	TRANSCRIPTOMIC	cDNA	PAIRED	ILLUMINA	Illumina HiSeq 4000
SRR15221381	PRJNA749145	SRX11527335	SAMN20355393			RNA-Seq	TRANSCRIPTOMIC	cDNA	PAIRED	ILLUMINA	Illumina HiSeq 4000
SRR15221382	PRJNA749145	SRX11527334	SAMN20355393			RNA-Seq	TRANSCRIPTOMIC	cDNA	PAIRED	ILLUMINA	Illumina HiSeq 4000
SRR15221383	PRJNA749145	SRX11527333	SAMN20355393			RNA-Seq	TRANSCRIPTOMIC	cDNA	PAIRED	ILLUMINA	Illumina HiSeq 4000
SRR15221384	PRJNA749145	SRX11527332	SAMN20355393			RNA-Seq	TRANSCRIPTOMIC	cDNA	PAIRED	ILLUMINA	Illumina HiSeq 4000
SRR15221385	PRJNA749145	SRX11527331	SAMN20355393			RNA-Seq	TRANSCRIPTOMIC	cDNA	PAIRED	ILLUMINA	Illumina HiSeq 4000
SRR15221386	PRJNA749145	SRX11527330	SAMN20355393			RNA-Seq	TRANSCRIPTOMIC	cDNA	PAIRED	ILLUMINA	Illumina HiSeq 4000
SRR15221387	PRJNA749145	SRX11527329	SAMN20355395			RNA-Seq	TRANSCRIPTOMIC	cDNA	PAIRED	ILLUMINA	Illumina HiSeq 4000
SRR15221388	PRJNA749145	SRX11527328	SAMN20355395			RNA-Seq	TRANSCRIPTOMIC	cDNA	PAIRED	ILLUMINA	Illumina HiSeq 4000
SRR15221389	PRJNA749145	SRX11527327	SAMN20355395			RNA-Seq	TRANSCRIPTOMIC	cDNA	PAIRED	ILLUMINA	Illumina HiSeq 4000
SRR15221390	PRJNA749145	SRX11527326	SAMN20355395			RNA-Seq	TRANSCRIPTOMIC	cDNA	PAIRED	ILLUMINA	Illumina HiSeq 4000
SRR15221391	PRJNA749145	SRX11527325	SAMN20355394			RNA-Seq	TRANSCRIPTOMIC	cDNA	PAIRED	ILLUMINA	Illumina HiSeq 4000
SRR15221392	PRJNA749145	SRX11527324	SAMN20355395			RNA-Seq	TRANSCRIPTOMIC	cDNA	PAIRED	ILLUMINA	Illumina HiSeq 4000
SRR15221393	PRJNA749145	SRX11527323	SAMN20355395			RNA-Seq	TRANSCRIPTOMIC	cDNA	PAIRED	ILLUMINA	Illumina HiSeq 4000
SRR15221394	PRJNA749145	SRX11527322	SAMN20355395			RNA-Seq	TRANSCRIPTOMIC	cDNA	PAIRED	ILLUMINA	Illumina HiSeq 4000
SRR15221395	PRJNA749145	SRX11527321	SAMN20355395			RNA-Seq	TRANSCRIPTOMIC	cDNA	PAIRED	ILLUMINA	Illumina HiSeq 4000
SRR15221396	PRJNA749145	SRX11527320	SAMN20355395			RNA-Seq	TRANSCRIPTOMIC	cDNA	PAIRED	ILLUMINA	Illumina HiSeq 4000
SRR15221397	PRJNA749145	SRX11527319	SAMN20355395			RNA-Seq	TRANSCRIPTOMIC	cDNA	PAIRED	ILLUMINA	Illumina HiSeq 4000
SRR15221398	PRJNA749145	SRX11527318	SAMN20355395			RNA-Seq	TRANSCRIPTOMIC	cDNA	PAIRED	ILLUMINA	Illumina HiSeq 4000
SRR15221399	PRJNA749145	SRX11527317	SAMN20355395			RNA-Seq	TRANSCRIPTOMIC	cDNA	PAIRED	ILLUMINA	Illumina HiSeq 4000
SRR15221400	PRJNA749145	SRX11527316	SAMN20355394			RNA-Seq	TRANSCRIPTOMIC	cDNA	PAIRED	ILLUMINA	Illumina HiSeq 4000
SRR15559102	PRJNA742028	SRX11857249	SAMN20893082	Flip-In CHO-K1		RNA-Seq	TRANSCRIPTOMIC	Oligo-dT	SINGLE	ILLUMINA	NextSeq 550
SRR15559103	PRJNA742028	SRX11857248	SAMN20893081	Flip-In CHO-K1		RNA-Seq	TRANSCRIPTOMIC	Oligo-dT	SINGLE	ILLUMINA	NextSeq 550
SRR15559104	PRJNA742028	SRX11857247	SAMN20893080	Flip-In CHO-K1		RNA-Seq	TRANSCRIPTOMIC	Oligo-dT	SINGLE	ILLUMINA	NextSeq 550
SRR15559105	PRJNA742028	SRX11857246	SAMN20893079	Flip-In CHO-K1		RNA-Seq	TRANSCRIPTOMIC	Oligo-dT	SINGLE	ILLUMINA	NextSeq 550
SRR15559106	PRJNA742028	SRX11857244	SAMN20893077	Flip-In CHO-K1		RNA-Seq	TRANSCRIPTOMIC	Oligo-dT	SINGLE	ILLUMINA	NextSeq 550
SRR15559107	PRJNA742028	SRX11857243	SAMN20893076	Flip-In CHO-K1		RNA-Seq	TRANSCRIPTOMIC	Oligo-dT	SINGLE	ILLUMINA	NextSeq 550
SRR15559108	PRJNA742028	SRX11857242	SAMN20893075	Flip-In CHO-K1		RNA-Seq	TRANSCRIPTOMIC	Oligo-dT	SINGLE	ILLUMINA	NextSeq 550
SRR15559109	PRJNA742028	SRX11857245	SAMN20893078	Flip-In CHO-K1		RNA-Seq	TRANSCRIPTOMIC	Oligo-dT	SINGLE	ILLUMINA	NextSeq 550
SRR15559110	PRJNA742028	SRX11857241	SAMN20893092	Flip-In CHO-K1		RNA-Seq	TRANSCRIPTOMIC	Oligo-dT	SINGLE	ILLUMINA	NextSeq 550
SRR15559111	PRJNA742028	SRX11857240	SAMN20893091	Flip-In CHO-K1		RNA-Seq	TRANSCRIPTOMIC	Oligo-dT	SINGLE	ILLUMINA	NextSeq 550
SRR15559112	PRJNA742028	SRX11857239	SAMN20893090	Flip-In CHO-K1		RNA-Seq	TRANSCRIPTOMIC	Oligo-dT	SINGLE	ILLUMINA	NextSeq 550
SRR15559113	PRJNA742028	SRX11857238	SAMN20893089	Flip-In CHO-K1		RNA-Seq	TRANSCRIPTOMIC	Oligo-dT	SINGLE	ILLUMINA	NextSeq 550
SRR15559114	PRJNA742028	SRX11857236	SAMN20893087	Flip-In CHO-K1		RNA-Seq	TRANSCRIPTOMIC	Oligo-dT	SINGLE	ILLUMINA	NextSeq 550
SRR15559115	PRJNA742028	SRX11857235	SAMN20893086	Flip-In CHO-K1		RNA-Seq	TRANSCRIPTOMIC	Oligo-dT	SINGLE	ILLUMINA	NextSeq 550
SRR15559116	PRJNA742028	SRX11857234	SAMN20893085	Flip-In CHO-K1		RNA-Seq	TRANSCRIPTOMIC	Oligo-dT	SINGLE	ILLUMINA	NextSeq 550
SRR15559117	PRJNA742028	SRX11857237	SAMN20893088	Flip-In CHO-K1		RNA-Seq	TRANSCRIPTOMIC	Oligo-dT	SINGLE	ILLUMINA	NextSeq 550
SRR15559118	PRJNA742028	SRX11857233	SAMN20893084	Flip-In CHO-K1		RNA-Seq	TRANSCRIPTOMIC	Oligo-dT	SINGLE	ILLUMINA	NextSeq 550
SRR15559119	PRJNA742028	SRX11857232	SAMN20893083	Flip-In CHO-K1		RNA-Seq	TRANSCRIPTOMIC	Oligo-dT	SINGLE	ILLUMINA	NextSeq 550
SRR15559120	PRJNA742028	SRX11857231	SAMN20893074	Flip-In CHO-K1		RNA-Seq	TRANSCRIPTOMIC	Oligo-dT	SINGLE	ILLUMINA	NextSeq 550
SRR15559121	PRJNA742028	SRX11857230	SAMN20893073	Flip-In CHO-K1		RNA-Seq	TRANSCRIPTOMIC	Oligo-dT	SINGLE	ILLUMINA	NextSeq 550
SRR15923892	PRJNA763926	SRX12214016	SAMN21462896	ChA27		RNA-Seq	TRANSCRIPTOMIC	RT-PCR	PAIRED	ILLUMINA	Illumina HiSeq 4000
SRR15923900	PRJNA763926	SRX12214008	SAMN21462896	ChA27		RNA-Seq	TRANSCRIPTOMIC	RT-PCR	PAIRED	ILLUMINA	Illumina HiSeq 4000
SRR15923901	PRJNA763926	SRX12214007	SAMN21462896	ChA27		RNA-Seq	TRANSCRIPTOMIC	RT-PCR	PAIRED	ILLUMINA	Illumina HiSeq 4000
SRR16796943	PRJNA778050	SRX12995938	SAMN22901735	CHO-K1		RNA-Seq	TRANSCRIPTOMIC	Inverse rRNA	SINGLE	ILLUMINA	NextSeq 500
SRR16796944	PRJNA778050	SRX12995937	SAMN22901734	CHO-K1		RNA-Seq	TRANSCRIPTOMIC	Inverse rRNA	SINGLE	ILLUMINA	NextSeq 500
SRR16796945	PRJNA778050	SRX12995936	SAMN22901733	CHO-K1		RNA-Seq	TRANSCRIPTOMIC	Inverse rRNA	SINGLE	ILLUMINA	NextSeq 500
SRR16796946	PRJNA778050	SRX12995935	SAMN22901732	CHO-K1		RNA-Seq	TRANSCRIPTOMIC	Inverse rRNA	SINGLE	ILLUMINA	NextSeq 500
SRR16796949	PRJNA778050	SRX12995932	SAMN22901731	CHO-K1		RNA-Seq	TRANSCRIPTOMIC	Inverse rRNA	SINGLE	ILLUMINA	NextSeq 500
SRR16796960	PRJNA778050	SRX12995921	SAMN22901730	CHO-K1		RNA-Seq	TRANSCRIPTOMIC	Inverse rRNA	SINGLE	ILLUMINA	NextSeq 500
SRR16796971	PRJNA778050	SRX12995910	SAMN22901729	CHO-K1		RNA-Seq	TRANSCRIPTOMIC	Inverse rRNA	SINGLE	ILLUMINA	NextSeq 500
SRR16796972	PRJNA778050	SRX12995909	SAMN22901728	CHO-K1		RNA-Seq	TRANSCRIPTOMIC	Inverse rRNA	SINGLE	ILLUMINA	NextSeq 500
SRR16980320	PRJNA766998	SRX13171165	SAMN23296634			RNA-Seq	TRANSCRIPTOMIC	RANDOM	PAIRED	ILLUMINA	Illumina HiSeq 2500
SRR16980321	PRJNA766998	SRX13171164	SAMN23296634			RNA-Seq	TRANSCRIPTOMIC	RANDOM	PAIRED	ILLUMINA	Illumina HiSeq 2500
SRR16980322	PRJNA766998	SRX13171163	SAMN23296634			RNA-Seq	TRANSCRIPTOMIC	RANDOM	PAIRED	ILLUMINA	Illumina HiSeq 2500
SRR16980323	PRJNA766998	SRX13171162	SAMN23296634			RNA-Seq	TRANSCRIPTOMIC	RANDOM	PAIRED	ILLUMINA	Illumina HiSeq 2500
SRR16980324	PRJNA766998	SRX13171161	SAMN23296634			RNA-Seq	TRANSCRIPTOMIC	RANDOM	PAIRED	ILLUMINA	Illumina HiSeq 2500
SRR16980325	PRJNA766998	SRX13171160	SAMN23296634			RNA-Seq	TRANSCRIPTOMIC	RANDOM	PAIRED	ILLUMINA	Illumina HiSeq 2500
SRR16980326	PRJNA766998	SRX13171159	SAMN23296634			RNA-Seq	TRANSCRIPTOMIC	RANDOM	PAIRED	ILLUMINA	Illumina HiSeq 2500
SRR16980327	PRJNA766998	SRX13171158	SAMN23296634			RNA-Seq	TRANSCRIPTOMIC	RANDOM	PAIRED	ILLUMINA	Illumina HiSeq 2500
SRR16980328	PRJNA766998	SRX13171157	SAMN23296634			RNA-Seq	TRANSCRIPTOMIC	RANDOM	PAIRED	ILLUMINA	Illumina HiSeq 2500
SRR16980329	PRJNA766998	SRX13171156	SAMN23296634			RNA-Seq	TRANSCRIPTOMIC	RANDOM	PAIRED	ILLUMINA	Illumina HiSeq 2500
SRR16980330	PRJNA766998	SRX13171155	SAMN23296634			RNA-Seq	TRANSCRIPTOMIC	RANDOM	PAIRED	ILLUMINA	Illumina HiSeq 2500
SRR16980331	PRJNA766998	SRX13171154	SAMN23296634			RNA-Seq	TRANSCRIPTOMIC	RANDOM	PAIRED	ILLUMINA	Illumina HiSeq 2500
SRR16980332	PRJNA766998	SRX13171153	SAMN23296634			RNA-Seq	TRANSCRIPTOMIC	RANDOM	PAIRED	ILLUMINA	Illumina HiSeq 2500
SRR16980333	PRJNA766998	SRX13171152	SAMN23296634			RNA-Seq	TRANSCRIPTOMIC	RANDOM	PAIRED	ILLUMINA	Illumina HiSeq 2500
SRR16980334	PRJNA766998	SRX13171151	SAMN23296634			RNA-Seq	TRANSCRIPTOMIC	RANDOM	PAIRED	ILLUMINA	Illumina HiSeq 2500
SRR16980335	PRJNA766998	SRX13171150	SAMN23296634			RNA-Seq	TRANSCRIPTOMIC	RANDOM	PAIRED	ILLUMINA	Illumina HiSeq 2500
SRR16980336	PRJNA766998	SRX13171149	SAMN23296634			RNA-Seq	TRANSCRIPTOMIC	RANDOM	PAIRED	ILLUMINA	Illumina HiSeq 2500
SRR16980337	PRJNA766998	SRX13171148	SAMN23296634			RNA-Seq	TRANSCRIPTOMIC	RANDOM	PAIRED	ILLUMINA	Illumina HiSeq 2500
SRR16980338	PRJNA766998	SRX13171147	SAMN23296634			RNA-Seq	TRANSCRIPTOMIC	RANDOM	PAIRED	ILLUMINA	Illumina HiSeq 2500
SRR16980339	PRJNA766998	SRX13171146	SAMN23296634			RNA-Seq	TRANSCRIPTOMIC	RANDOM	PAIRED	ILLUMINA	Illumina HiSeq 2500
SRR16980340	PRJNA766998	SRX13171145	SAMN23296634			RNA-Seq	TRANSCRIPTOMIC	RANDOM	PAIRED	ILLUMINA	Illumina HiSeq 2500
SRR16980341	PRJNA766998	SRX13171144	SAMN23296634			RNA-Seq	TRANSCRIPTOMIC	RANDOM	PAIRED	ILLUMINA	Illumina HiSeq 2500
SRR16980342	PRJNA766998	SRX13171143	SAMN23296634			RNA-Seq	TRANSCRIPTOMIC	RANDOM	PAIRED	ILLUMINA	Illumina HiSeq 2500
SRR16980343	PRJNA766998	SRX13171142	SAMN23296634			RNA-Seq	TRANSCRIPTOMIC	RANDOM	PAIRED	ILLUMINA	Illumina HiSeq 2500
SRR16980344	PRJNA766998	SRX13171141	SAMN23296634			RNA-Seq	TRANSCRIPTOMIC	RANDOM	PAIRED	ILLUMINA	Illumina HiSeq 2500
SRR16980345	PRJNA766998	SRX13171140	SAMN23296634			RNA-Seq	TRANSCRIPTOMIC	RANDOM	PAIRED	ILLUMINA	Illumina HiSeq 2500
SRR16980346	PRJNA766998	SRX13171139	SAMN23296634			RNA-Seq	TRANSCRIPTOMIC	RANDOM	PAIRED	ILLUMINA	Illumina HiSeq 2500
SRR16980347	PRJNA766998	SRX13171138	SAMN23296634			RNA-Seq	TRANSCRIPTOMIC	RANDOM	PAIRED	ILLUMINA	Illumina HiSeq 2500
SRR16980348	PRJNA766998	SRX13171137	SAMN23296634			RNA-Seq	TRANSCRIPTOMIC	RANDOM	PAIRED	ILLUMINA	Illumina HiSeq 2500
SRR16980349	PRJNA766998	SRX13171136	SAMN23296634			RNA-Seq	TRANSCRIPTOMIC	RANDOM	PAIRED	ILLUMINA	Illumina HiSeq 2500
SRR16980350	PRJNA766998	SRX13171135	SAMN23296634			RNA-Seq	TRANSCRIPTOMIC	RANDOM	PAIRED	ILLUMINA	Illumina HiSeq 2500
SRR16980351	PRJNA766998	SRX13171134	SAMN23296634			RNA-Seq	TRANSCRIPTOMIC	RANDOM	PAIRED	ILLUMINA	Illumina HiSeq 2500
SRR16980352	PRJNA766998	SRX13171133	SAMN23296634			RNA-Seq	TRANSCRIPTOMIC	RANDOM	PAIRED	ILLUMINA	Illumina HiSeq 2500
SRR16980353	PRJNA766998	SRX13171132	SAMN23296634			RNA-Seq	TRANSCRIPTOMIC	RANDOM	PAIRED	ILLUMINA	Illumina HiSeq 2500
SRR16980354	PRJNA766998	SRX13171131	SAMN23296634			RNA-Seq	TRANSCRIPTOMIC	RANDOM	PAIRED	ILLUMINA	Illumina HiSeq 2500
SRR16980355	PRJNA766998	SRX13171130	SAMN23296634			RNA-Seq	TRANSCRIPTOMIC	RANDOM	PAIRED	ILLUMINA	Illumina HiSeq 2500
SRR16980356	PRJNA766998	SRX13171129	SAMN23296634			RNA-Seq	TRANSCRIPTOMIC	RANDOM	PAIRED	ILLUMINA	Illumina HiSeq 2500
SRR16980357	PRJNA766998	SRX13171128	SAMN23296634			RNA-Seq	TRANSCRIPTOMIC	RANDOM	PAIRED	ILLUMINA	Illumina HiSeq 2500
SRR16980358	PRJNA766998	SRX13171127	SAMN23296634			RNA-Seq	TRANSCRIPTOMIC	RANDOM	PAIRED	ILLUMINA	Illumina HiSeq 2500
SRR16980359	PRJNA766998	SRX13171126	SAMN23296634			RNA-Seq	TRANSCRIPTOMIC	RANDOM	PAIRED	ILLUMINA	Illumina HiSeq 2500
SRR16980360	PRJNA766998	SRX13171125	SAMN23296634			RNA-Seq	TRANSCRIPTOMIC	RANDOM	PAIRED	ILLUMINA	Illumina HiSeq 2500
SRR16980361	PRJNA766998	SRX13171124	SAMN23296634			RNA-Seq	TRANSCRIPTOMIC	RANDOM	PAIRED	ILLUMINA	Illumina HiSeq 2500
SRR16980362	PRJNA766998	SRX13171123	SAMN23296634			RNA-Seq	TRANSCRIPTOMIC	RANDOM	PAIRED	ILLUMINA	Illumina HiSeq 2500
SRR16980363	PRJNA766998	SRX13171122	SAMN23296634			RNA-Seq	TRANSCRIPTOMIC	RANDOM	PAIRED	ILLUMINA	Illumina HiSeq 2500
SRR16980364	PRJNA766998	SRX13171121	SAMN23296634			RNA-Seq	TRANSCRIPTOMIC	RANDOM	PAIRED	ILLUMINA	Illumina HiSeq 2500
SRR16980365	PRJNA766998	SRX13171120	SAMN23296634			RNA-Seq	TRANSCRIPTOMIC	RANDOM	PAIRED	ILLUMINA	Illumina HiSeq 2500
SRR16980366	PRJNA766998	SRX13171119	SAMN23296634			RNA-Seq	TRANSCRIPTOMIC	RANDOM	PAIRED	ILLUMINA	Illumina HiSeq 2500
SRR16980367	PRJNA766998	SRX13171118	SAMN23296634			RNA-Seq	TRANSCRIPTOMIC	RANDOM	PAIRED	ILLUMINA	Illumina HiSeq 2500
SRR16980368	PRJNA766998	SRX13171117	SAMN23296634			RNA-Seq	TRANSCRIPTOMIC	RANDOM	PAIRED	ILLUMINA	Illumina HiSeq 2500
SRR16980369	PRJNA766998	SRX13171116	SAMN23296634			RNA-Seq	TRANSCRIPTOMIC	RANDOM	PAIRED	ILLUMINA	Illumina HiSeq 2500
SRR16980370	PRJNA766998	SRX13171115	SAMN23296634			RNA-Seq	TRANSCRIPTOMIC	RANDOM	PAIRED	ILLUMINA	Illumina HiSeq 2500
SRR16980371	PRJNA766998	SRX13171114	SAMN23296634			RNA-Seq	TRANSCRIPTOMIC	RANDOM	PAIRED	ILLUMINA	Illumina HiSeq 2500
SRR16980372	PRJNA766998	SRX13171113	SAMN23296634			RNA-Seq	TRANSCRIPTOMIC	RANDOM	PAIRED	ILLUMINA	Illumina HiSeq 2500
SRR16980373	PRJNA766998	SRX13171112	SAMN23296634			RNA-Seq	TRANSCRIPTOMIC	RANDOM	PAIRED	ILLUMINA	Illumina HiSeq 2500
SRR16980374	PRJNA766998	SRX13171111	SAMN23296634			RNA-Seq	TRANSCRIPTOMIC	RANDOM	PAIRED	ILLUMINA	Illumina HiSeq 2500
SRR16980375	PRJNA766998	SRX13171110	SAMN23296634			RNA-Seq	TRANSCRIPTOMIC	RANDOM	PAIRED	ILLUMINA	Illumina HiSeq 2500
SRR16980376	PRJNA766998	SRX13171109	SAMN23296634			RNA-Seq	TRANSCRIPTOMIC	RANDOM	PAIRED	ILLUMINA	Illumina HiSeq 2500
SRR17085234	PRJNA785251	SRX13273392	SAMN23551696	CHO-K1		RNA-Seq	TRANSCRIPTOMIC	cDNA	SINGLE	ILLUMINA	Illumina HiSeq 2500
SRR17085235	PRJNA785251	SRX13273392	SAMN23551696	CHO-K1		RNA-Seq	TRANSCRIPTOMIC	cDNA	SINGLE	ILLUMINA	Illumina HiSeq 2500
SRR17085236	PRJNA785251	SRX13273392	SAMN23551696	CHO-K1		RNA-Seq	TRANSCRIPTOMIC	cDNA	SINGLE	ILLUMINA	Illumina HiSeq 2500
SRR17085237	PRJNA785251	SRX13273392	SAMN23551696	CHO-K1		RNA-Seq	TRANSCRIPTOMIC	cDNA	SINGLE	ILLUMINA	Illumina HiSeq 2500
SRR17085238	PRJNA785251	SRX13273392	SAMN23551696	CHO-K1		RNA-Seq	TRANSCRIPTOMIC	cDNA	SINGLE	ILLUMINA	Illumina HiSeq 2500
SRR17085239	PRJNA785251	SRX13273392	SAMN23551696	CHO-K1		RNA-Seq	TRANSCRIPTOMIC	cDNA	SINGLE	ILLUMINA	Illumina HiSeq 2500
SRR17085240	PRJNA785251	SRX13273391	SAMN23551697	CHO-K1		RNA-Seq	TRANSCRIPTOMIC	cDNA	SINGLE	ILLUMINA	Illumina HiSeq 2500
SRR17085241	PRJNA785251	SRX13273391	SAMN23551697	CHO-K1		RNA-Seq	TRANSCRIPTOMIC	cDNA	SINGLE	ILLUMINA	Illumina HiSeq 2500
SRR17085242	PRJNA785251	SRX13273391	SAMN23551697	CHO-K1		RNA-Seq	TRANSCRIPTOMIC	cDNA	SINGLE	ILLUMINA	Illumina HiSeq 2500
SRR17085243	PRJNA785251	SRX13273391	SAMN23551697	CHO-K1		RNA-Seq	TRANSCRIPTOMIC	cDNA	SINGLE	ILLUMINA	Illumina HiSeq 2500
SRR17085244	PRJNA785251	SRX13273391	SAMN23551697	CHO-K1		RNA-Seq	TRANSCRIPTOMIC	cDNA	SINGLE	ILLUMINA	Illumina HiSeq 2500
SRR17085245	PRJNA785251	SRX13273391	SAMN23551697	CHO-K1		RNA-Seq	TRANSCRIPTOMIC	cDNA	SINGLE	ILLUMINA	Illumina HiSeq 2500
SRR17085246	PRJNA785251	SRX13273390	SAMN23551698	CHO-K1		RNA-Seq	TRANSCRIPTOMIC	cDNA	SINGLE	ILLUMINA	Illumina HiSeq 2500
SRR17085247	PRJNA785251	SRX13273390	SAMN23551698	CHO-K1		RNA-Seq	TRANSCRIPTOMIC	cDNA	SINGLE	ILLUMINA	Illumina HiSeq 2500
SRR17085248	PRJNA785251	SRX13273390	SAMN23551698	CHO-K1		RNA-Seq	TRANSCRIPTOMIC	cDNA	SINGLE	ILLUMINA	Illumina HiSeq 2500
SRR17085249	PRJNA785251	SRX13273390	SAMN23551698	CHO-K1		RNA-Seq	TRANSCRIPTOMIC	cDNA	SINGLE	ILLUMINA	Illumina HiSeq 2500
SRR17085250	PRJNA785251	SRX13273389	SAMN23551699	CHO-K1		RNA-Seq	TRANSCRIPTOMIC	cDNA	SINGLE	ILLUMINA	Illumina HiSeq 2500
SRR17085251	PRJNA785251	SRX13273389	SAMN23551699	CHO-K1		RNA-Seq	TRANSCRIPTOMIC	cDNA	SINGLE	ILLUMINA	Illumina HiSeq 2500
SRR17085252	PRJNA785251	SRX13273389	SAMN23551699	CHO-K1		RNA-Seq	TRANSCRIPTOMIC	cDNA	SINGLE	ILLUMINA	Illumina HiSeq 2500
SRR17085253	PRJNA785251	SRX13273389	SAMN23551699	CHO-K1		RNA-Seq	TRANSCRIPTOMIC	cDNA	SINGLE	ILLUMINA	Illumina HiSeq 2500
SRR17085254	PRJNA785251	SRX13273389	SAMN23551699	CHO-K1		RNA-Seq	TRANSCRIPTOMIC	cDNA	SINGLE	ILLUMINA	Illumina HiSeq 2500
SRR17085255	PRJNA785251	SRX13273389	SAMN23551699	CHO-K1		RNA-Seq	TRANSCRIPTOMIC	cDNA	SINGLE	ILLUMINA	Illumina HiSeq 2500
SRR17085256	PRJNA785251	SRX13273388	SAMN23551700	CHO-K1		RNA-Seq	TRANSCRIPTOMIC	cDNA	SINGLE	ILLUMINA	Illumina HiSeq 2500
SRR17085257	PRJNA785251	SRX13273388	SAMN23551700	CHO-K1		RNA-Seq	TRANSCRIPTOMIC	cDNA	SINGLE	ILLUMINA	Illumina HiSeq 2500
SRR17085258	PRJNA785251	SRX13273388	SAMN23551700	CHO-K1		RNA-Seq	TRANSCRIPTOMIC	cDNA	SINGLE	ILLUMINA	Illumina HiSeq 2500
SRR17085259	PRJNA785251	SRX13273388	SAMN23551700	CHO-K1		RNA-Seq	TRANSCRIPTOMIC	cDNA	SINGLE	ILLUMINA	Illumina HiSeq 2500
SRR17085260	PRJNA785251	SRX13273388	SAMN23551700	CHO-K1		RNA-Seq	TRANSCRIPTOMIC	cDNA	SINGLE	ILLUMINA	Illumina HiSeq 2500
SRR17085261	PRJNA785251	SRX13273388	SAMN23551700	CHO-K1		RNA-Seq	TRANSCRIPTOMIC	cDNA	SINGLE	ILLUMINA	Illumina HiSeq 2500
SRR17085262	PRJNA785251	SRX13273387	SAMN23551701	CHO-K1		RNA-Seq	TRANSCRIPTOMIC	cDNA	SINGLE	ILLUMINA	Illumina HiSeq 2500
SRR17085263	PRJNA785251	SRX13273387	SAMN23551701	CHO-K1		RNA-Seq	TRANSCRIPTOMIC	cDNA	SINGLE	ILLUMINA	Illumina HiSeq 2500
SRR17085264	PRJNA785251	SRX13273387	SAMN23551701	CHO-K1		RNA-Seq	TRANSCRIPTOMIC	cDNA	SINGLE	ILLUMINA	Illumina HiSeq 2500
SRR17085265	PRJNA785251	SRX13273387	SAMN23551701	CHO-K1		RNA-Seq	TRANSCRIPTOMIC	cDNA	SINGLE	ILLUMINA	Illumina HiSeq 2500
SRR17085266	PRJNA785251	SRX13273386	SAMN23551702	CHO-K1		RNA-Seq	TRANSCRIPTOMIC	cDNA	SINGLE	ILLUMINA	Illumina HiSeq 2500
SRR17085267	PRJNA785251	SRX13273386	SAMN23551702	CHO-K1		RNA-Seq	TRANSCRIPTOMIC	cDNA	SINGLE	ILLUMINA	Illumina HiSeq 2500
SRR17085268	PRJNA785251	SRX13273386	SAMN23551702	CHO-K1		RNA-Seq	TRANSCRIPTOMIC	cDNA	SINGLE	ILLUMINA	Illumina HiSeq 2500
SRR17085269	PRJNA785251	SRX13273386	SAMN23551702	CHO-K1		RNA-Seq	TRANSCRIPTOMIC	cDNA	SINGLE	ILLUMINA	Illumina HiSeq 2500
SRR17085270	PRJNA785251	SRX13273386	SAMN23551702	CHO-K1		RNA-Seq	TRANSCRIPTOMIC	cDNA	SINGLE	ILLUMINA	Illumina HiSeq 2500
SRR17085271	PRJNA785251	SRX13273386	SAMN23551702	CHO-K1		RNA-Seq	TRANSCRIPTOMIC	cDNA	SINGLE	ILLUMINA	Illumina HiSeq 2500
SRR17085272	PRJNA785251	SRX13273385	SAMN23551703	CHO-K1		RNA-Seq	TRANSCRIPTOMIC	cDNA	SINGLE	ILLUMINA	Illumina HiSeq 2500
SRR17085273	PRJNA785251	SRX13273385	SAMN23551703	CHO-K1		RNA-Seq	TRANSCRIPTOMIC	cDNA	SINGLE	ILLUMINA	Illumina HiSeq 2500
SRR17085274	PRJNA785251	SRX13273385	SAMN23551703	CHO-K1		RNA-Seq	TRANSCRIPTOMIC	cDNA	SINGLE	ILLUMINA	Illumina HiSeq 2500
SRR17085275	PRJNA785251	SRX13273385	SAMN23551703	CHO-K1		RNA-Seq	TRANSCRIPTOMIC	cDNA	SINGLE	ILLUMINA	Illumina HiSeq 2500
SRR17085276	PRJNA785251	SRX13273385	SAMN23551703	CHO-K1		RNA-Seq	TRANSCRIPTOMIC	cDNA	SINGLE	ILLUMINA	Illumina HiSeq 2500
SRR17085277	PRJNA785251	SRX13273385	SAMN23551703	CHO-K1		RNA-Seq	TRANSCRIPTOMIC	cDNA	SINGLE	ILLUMINA	Illumina HiSeq 2500
SRR17085278	PRJNA785251	SRX13273384	SAMN23551704	CHO-K1		RNA-Seq	TRANSCRIPTOMIC	cDNA	SINGLE	ILLUMINA	Illumina HiSeq 2500
SRR17085279	PRJNA785251	SRX13273384	SAMN23551704	CHO-K1		RNA-Seq	TRANSCRIPTOMIC	cDNA	SINGLE	ILLUMINA	Illumina HiSeq 2500
SRR17085280	PRJNA785251	SRX13273384	SAMN23551704	CHO-K1		RNA-Seq	TRANSCRIPTOMIC	cDNA	SINGLE	ILLUMINA	Illumina HiSeq 2500
SRR17085281	PRJNA785251	SRX13273384	SAMN23551704	CHO-K1		RNA-Seq	TRANSCRIPTOMIC	cDNA	SINGLE	ILLUMINA	Illumina HiSeq 2500
SRR17085282	PRJNA785251	SRX13273384	SAMN23551704	CHO-K1		RNA-Seq	TRANSCRIPTOMIC	cDNA	SINGLE	ILLUMINA	Illumina HiSeq 2500
SRR17085283	PRJNA785251	SRX13273384	SAMN23551704	CHO-K1		RNA-Seq	TRANSCRIPTOMIC	cDNA	SINGLE	ILLUMINA	Illumina HiSeq 2500
SRR17085284	PRJNA785251	SRX13273383	SAMN23551705	CHO-K1		RNA-Seq	TRANSCRIPTOMIC	cDNA	SINGLE	ILLUMINA	Illumina HiSeq 2500
SRR17085285	PRJNA785251	SRX13273383	SAMN23551705	CHO-K1		RNA-Seq	TRANSCRIPTOMIC	cDNA	SINGLE	ILLUMINA	Illumina HiSeq 2500
SRR17085286	PRJNA785251	SRX13273383	SAMN23551705	CHO-K1		RNA-Seq	TRANSCRIPTOMIC	cDNA	SINGLE	ILLUMINA	Illumina HiSeq 2500
SRR17085287	PRJNA785251	SRX13273383	SAMN23551705	CHO-K1		RNA-Seq	TRANSCRIPTOMIC	cDNA	SINGLE	ILLUMINA	Illumina HiSeq 2500
SRR17085288	PRJNA785251	SRX13273383	SAMN23551705	CHO-K1		RNA-Seq	TRANSCRIPTOMIC	cDNA	SINGLE	ILLUMINA	Illumina HiSeq 2500
SRR17085289	PRJNA785251	SRX13273383	SAMN23551705	CHO-K1		RNA-Seq	TRANSCRIPTOMIC	cDNA	SINGLE	ILLUMINA	Illumina HiSeq 2500
SRR17085290	PRJNA785251	SRX13273382	SAMN23551706	CHO-K1		RNA-Seq	TRANSCRIPTOMIC	cDNA	SINGLE	ILLUMINA	Illumina HiSeq 2500
SRR17085291	PRJNA785251	SRX13273382	SAMN23551706	CHO-K1		RNA-Seq	TRANSCRIPTOMIC	cDNA	SINGLE	ILLUMINA	Illumina HiSeq 2500
SRR17085292	PRJNA785251	SRX13273382	SAMN23551706	CHO-K1		RNA-Seq	TRANSCRIPTOMIC	cDNA	SINGLE	ILLUMINA	Illumina HiSeq 2500
SRR17085293	PRJNA785251	SRX13273382	SAMN23551706	CHO-K1		RNA-Seq	TRANSCRIPTOMIC	cDNA	SINGLE	ILLUMINA	Illumina HiSeq 2500
SRR17085294	PRJNA785251	SRX13273382	SAMN23551706	CHO-K1		RNA-Seq	TRANSCRIPTOMIC	cDNA	SINGLE	ILLUMINA	Illumina HiSeq 2500
SRR17085295	PRJNA785251	SRX13273382	SAMN23551706	CHO-K1		RNA-Seq	TRANSCRIPTOMIC	cDNA	SINGLE	ILLUMINA	Illumina HiSeq 2500
SRR17085296	PRJNA785251	SRX13273381	SAMN23551707	CHO-K1		RNA-Seq	TRANSCRIPTOMIC	cDNA	SINGLE	ILLUMINA	Illumina HiSeq 2500
SRR17085297	PRJNA785251	SRX13273381	SAMN23551707	CHO-K1		RNA-Seq	TRANSCRIPTOMIC	cDNA	SINGLE	ILLUMINA	Illumina HiSeq 2500
SRR17085298	PRJNA785251	SRX13273381	SAMN23551707	CHO-K1		RNA-Seq	TRANSCRIPTOMIC	cDNA	SINGLE	ILLUMINA	Illumina HiSeq 2500
SRR17085299	PRJNA785251	SRX13273381	SAMN23551707	CHO-K1		RNA-Seq	TRANSCRIPTOMIC	cDNA	SINGLE	ILLUMINA	Illumina HiSeq 2500
SRR17085300	PRJNA785251	SRX13273381	SAMN23551707	CHO-K1		RNA-Seq	TRANSCRIPTOMIC	cDNA	SINGLE	ILLUMINA	Illumina HiSeq 2500
SRR17085301	PRJNA785251	SRX13273381	SAMN23551707	CHO-K1		RNA-Seq	TRANSCRIPTOMIC	cDNA	SINGLE	ILLUMINA	Illumina HiSeq 2500
SRR17085302	PRJNA785251	SRX13273380	SAMN23551708	CHO-K1		RNA-Seq	TRANSCRIPTOMIC	cDNA	SINGLE	ILLUMINA	Illumina HiSeq 2500
SRR17085303	PRJNA785251	SRX13273380	SAMN23551708	CHO-K1		RNA-Seq	TRANSCRIPTOMIC	cDNA	SINGLE	ILLUMINA	Illumina HiSeq 2500
SRR17085304	PRJNA785251	SRX13273380	SAMN23551708	CHO-K1		RNA-Seq	TRANSCRIPTOMIC	cDNA	SINGLE	ILLUMINA	Illumina HiSeq 2500
SRR17085305	PRJNA785251	SRX13273380	SAMN23551708	CHO-K1		RNA-Seq	TRANSCRIPTOMIC	cDNA	SINGLE	ILLUMINA	Illumina HiSeq 2500
SRR17085306	PRJNA785251	SRX13273380	SAMN23551708	CHO-K1		RNA-Seq	TRANSCRIPTOMIC	cDNA	SINGLE	ILLUMINA	Illumina HiSeq 2500
SRR17085307	PRJNA785251	SRX13273380	SAMN23551708	CHO-K1		RNA-Seq	TRANSCRIPTOMIC	cDNA	SINGLE	ILLUMINA	Illumina HiSeq 2500
SRR17085308	PRJNA785251	SRX13273379	SAMN23551690	CHO-K1		RNA-Seq	TRANSCRIPTOMIC	cDNA	SINGLE	ILLUMINA	Illumina HiSeq 2500
SRR17085309	PRJNA785251	SRX13273379	SAMN23551690	CHO-K1		RNA-Seq	TRANSCRIPTOMIC	cDNA	SINGLE	ILLUMINA	Illumina HiSeq 2500
SRR17085310	PRJNA785251	SRX13273379	SAMN23551690	CHO-K1		RNA-Seq	TRANSCRIPTOMIC	cDNA	SINGLE	ILLUMINA	Illumina HiSeq 2500
SRR17085311	PRJNA785251	SRX13273379	SAMN23551690	CHO-K1		RNA-Seq	TRANSCRIPTOMIC	cDNA	SINGLE	ILLUMINA	Illumina HiSeq 2500
SRR17085312	PRJNA785251	SRX13273379	SAMN23551690	CHO-K1		RNA-Seq	TRANSCRIPTOMIC	cDNA	SINGLE	ILLUMINA	Illumina HiSeq 2500
SRR17085313	PRJNA785251	SRX13273379	SAMN23551690	CHO-K1		RNA-Seq	TRANSCRIPTOMIC	cDNA	SINGLE	ILLUMINA	Illumina HiSeq 2500
SRR17085314	PRJNA785251	SRX13273378	SAMN23551691	CHO-K1		RNA-Seq	TRANSCRIPTOMIC	cDNA	SINGLE	ILLUMINA	Illumina HiSeq 2500
SRR17085315	PRJNA785251	SRX13273378	SAMN23551691	CHO-K1		RNA-Seq	TRANSCRIPTOMIC	cDNA	SINGLE	ILLUMINA	Illumina HiSeq 2500
SRR17085316	PRJNA785251	SRX13273378	SAMN23551691	CHO-K1		RNA-Seq	TRANSCRIPTOMIC	cDNA	SINGLE	ILLUMINA	Illumina HiSeq 2500
SRR17085317	PRJNA785251	SRX13273378	SAMN23551691	CHO-K1		RNA-Seq	TRANSCRIPTOMIC	cDNA	SINGLE	ILLUMINA	Illumina HiSeq 2500
SRR17085318	PRJNA785251	SRX13273378	SAMN23551691	CHO-K1		RNA-Seq	TRANSCRIPTOMIC	cDNA	SINGLE	ILLUMINA	Illumina HiSeq 2500
SRR17085319	PRJNA785251	SRX13273378	SAMN23551691	CHO-K1		RNA-Seq	TRANSCRIPTOMIC	cDNA	SINGLE	ILLUMINA	Illumina HiSeq 2500
SRR17085320	PRJNA785251	SRX13273377	SAMN23551692	CHO-K1		RNA-Seq	TRANSCRIPTOMIC	cDNA	SINGLE	ILLUMINA	Illumina HiSeq 2500
SRR17085321	PRJNA785251	SRX13273377	SAMN23551692	CHO-K1		RNA-Seq	TRANSCRIPTOMIC	cDNA	SINGLE	ILLUMINA	Illumina HiSeq 2500
SRR17085322	PRJNA785251	SRX13273377	SAMN23551692	CHO-K1		RNA-Seq	TRANSCRIPTOMIC	cDNA	SINGLE	ILLUMINA	Illumina HiSeq 2500
SRR17085323	PRJNA785251	SRX13273377	SAMN23551692	CHO-K1		RNA-Seq	TRANSCRIPTOMIC	cDNA	SINGLE	ILLUMINA	Illumina HiSeq 2500
SRR17085324	PRJNA785251	SRX13273377	SAMN23551692	CHO-K1		RNA-Seq	TRANSCRIPTOMIC	cDNA	SINGLE	ILLUMINA	Illumina HiSeq 2500
SRR17085325	PRJNA785251	SRX13273377	SAMN23551692	CHO-K1		RNA-Seq	TRANSCRIPTOMIC	cDNA	SINGLE	ILLUMINA	Illumina HiSeq 2500
SRR17085326	PRJNA785251	SRX13273376	SAMN23551693	CHO-K1		RNA-Seq	TRANSCRIPTOMIC	cDNA	SINGLE	ILLUMINA	Illumina HiSeq 2500
SRR17085327	PRJNA785251	SRX13273376	SAMN23551693	CHO-K1		RNA-Seq	TRANSCRIPTOMIC	cDNA	SINGLE	ILLUMINA	Illumina HiSeq 2500
SRR17085328	PRJNA785251	SRX13273376	SAMN23551693	CHO-K1		RNA-Seq	TRANSCRIPTOMIC	cDNA	SINGLE	ILLUMINA	Illumina HiSeq 2500
SRR17085329	PRJNA785251	SRX13273376	SAMN23551693	CHO-K1		RNA-Seq	TRANSCRIPTOMIC	cDNA	SINGLE	ILLUMINA	Illumina HiSeq 2500
SRR17085330	PRJNA785251	SRX13273376	SAMN23551693	CHO-K1		RNA-Seq	TRANSCRIPTOMIC	cDNA	SINGLE	ILLUMINA	Illumina HiSeq 2500
SRR17085331	PRJNA785251	SRX13273376	SAMN23551693	CHO-K1		RNA-Seq	TRANSCRIPTOMIC	cDNA	SINGLE	ILLUMINA	Illumina HiSeq 2500
SRR17085332	PRJNA785251	SRX13273375	SAMN23551694	CHO-K1		RNA-Seq	TRANSCRIPTOMIC	cDNA	SINGLE	ILLUMINA	Illumina HiSeq 2500
SRR17085333	PRJNA785251	SRX13273375	SAMN23551694	CHO-K1		RNA-Seq	TRANSCRIPTOMIC	cDNA	SINGLE	ILLUMINA	Illumina HiSeq 2500
SRR17085334	PRJNA785251	SRX13273375	SAMN23551694	CHO-K1		RNA-Seq	TRANSCRIPTOMIC	cDNA	SINGLE	ILLUMINA	Illumina HiSeq 2500
SRR17085335	PRJNA785251	SRX13273375	SAMN23551694	CHO-K1		RNA-Seq	TRANSCRIPTOMIC	cDNA	SINGLE	ILLUMINA	Illumina HiSeq 2500
SRR17085336	PRJNA785251	SRX13273375	SAMN23551694	CHO-K1		RNA-Seq	TRANSCRIPTOMIC	cDNA	SINGLE	ILLUMINA	Illumina HiSeq 2500
SRR17085337	PRJNA785251	SRX13273375	SAMN23551694	CHO-K1		RNA-Seq	TRANSCRIPTOMIC	cDNA	SINGLE	ILLUMINA	Illumina HiSeq 2500
SRR17085338	PRJNA785251	SRX13273374	SAMN23551695	CHO-K1		RNA-Seq	TRANSCRIPTOMIC	cDNA	SINGLE	ILLUMINA	Illumina HiSeq 2500
SRR17085339	PRJNA785251	SRX13273374	SAMN23551695	CHO-K1		RNA-Seq	TRANSCRIPTOMIC	cDNA	SINGLE	ILLUMINA	Illumina HiSeq 2500
SRR17085340	PRJNA785251	SRX13273374	SAMN23551695	CHO-K1		RNA-Seq	TRANSCRIPTOMIC	cDNA	SINGLE	ILLUMINA	Illumina HiSeq 2500
SRR17085341	PRJNA785251	SRX13273374	SAMN23551695	CHO-K1		RNA-Seq	TRANSCRIPTOMIC	cDNA	SINGLE	ILLUMINA	Illumina HiSeq 2500
SRR17085342	PRJNA785251	SRX13273374	SAMN23551695	CHO-K1		RNA-Seq	TRANSCRIPTOMIC	cDNA	SINGLE	ILLUMINA	Illumina HiSeq 2500
SRR17085343	PRJNA785251	SRX13273374	SAMN23551695	CHO-K1		RNA-Seq	TRANSCRIPTOMIC	cDNA	SINGLE	ILLUMINA	Illumina HiSeq 2500
SRR18163655	PRJNA810994	SRX14311064	SAMN26308029	CHO-K1 (CCL-61 ATCC)	ovary cells	RNA-Seq	TRANSCRIPTOMIC	cDNA	SINGLE	ILLUMINA	Illumina HiSeq 2000
SRR18163656	PRJNA810994	SRX14311063	SAMN26308030	CHO-K1 (CCL-61 ATCC)	ovary cells	RNA-Seq	TRANSCRIPTOMIC	cDNA	SINGLE	ILLUMINA	Illumina HiSeq 2000
SRR18163657	PRJNA810994	SRX14311062	SAMN26308031	CHO-K1 (CCL-61 ATCC)	ovary cells	RNA-Seq	TRANSCRIPTOMIC	cDNA	SINGLE	ILLUMINA	Illumina HiSeq 2000
SRR18163658	PRJNA810994	SRX14311061	SAMN26308032	CHO-K1 (CCL-61 ATCC)	ovary cells	RNA-Seq	TRANSCRIPTOMIC	cDNA	SINGLE	ILLUMINA	Illumina HiSeq 2000
SRR18163659	PRJNA810994	SRX14311060	SAMN26308033	CHO-K1 (CCL-61 ATCC)	ovary cells	RNA-Seq	TRANSCRIPTOMIC	cDNA	SINGLE	ILLUMINA	Illumina HiSeq 2000
SRR18163660	PRJNA810994	SRX14311059	SAMN26308034	CHO-K1 (CCL-61 ATCC)	ovary cells	RNA-Seq	TRANSCRIPTOMIC	cDNA	SINGLE	ILLUMINA	Illumina HiSeq 2000
SRR18163661	PRJNA810994	SRX14311058	SAMN26308035	CHO-K1 (CCL-61 ATCC)	ovary cells	RNA-Seq	TRANSCRIPTOMIC	cDNA	SINGLE	ILLUMINA	Illumina HiSeq 2000
SRR18163662	PRJNA810994	SRX14311057	SAMN26308036	CHO-K1 (CCL-61 ATCC)	ovary cells	RNA-Seq	TRANSCRIPTOMIC	cDNA	SINGLE	ILLUMINA	Illumina HiSeq 2000
SRR18163663	PRJNA810994	SRX14311056	SAMN26308037	CHO-K1 (CCL-61 ATCC)	ovary cells	RNA-Seq	TRANSCRIPTOMIC	cDNA	SINGLE	ILLUMINA	Illumina HiSeq 2000
SRR18163664	PRJNA810994	SRX14311055	SAMN26308038	CHO-K1 (CCL-61 ATCC)	ovary cells	RNA-Seq	TRANSCRIPTOMIC	cDNA	SINGLE	ILLUMINA	Illumina HiSeq 2000
SRR18163665	PRJNA810994	SRX14311054	SAMN26308039	CHO-K1 (CCL-61 ATCC)	ovary cells	RNA-Seq	TRANSCRIPTOMIC	cDNA	SINGLE	ILLUMINA	Illumina HiSeq 2000
SRR18163666	PRJNA810994	SRX14311053	SAMN26308040	CHO-K1 (CCL-61 ATCC)	ovary cells	RNA-Seq	TRANSCRIPTOMIC	cDNA	SINGLE	ILLUMINA	Illumina HiSeq 2000
SRR18163667	PRJNA810994	SRX14311052	SAMN26308041	CHO-K1 (CCL-61 ATCC)	ovary cells	RNA-Seq	TRANSCRIPTOMIC	cDNA	SINGLE	ILLUMINA	Illumina HiSeq 2000
SRR18163668	PRJNA810994	SRX14311051	SAMN26308042	CHO-K1 (CCL-61 ATCC)	ovary cells	RNA-Seq	TRANSCRIPTOMIC	cDNA	SINGLE	ILLUMINA	Illumina HiSeq 2000
SRR18163669	PRJNA810994	SRX14311050	SAMN26308043	CHO-K1 (CCL-61 ATCC)	ovary cells	RNA-Seq	TRANSCRIPTOMIC	cDNA	SINGLE	ILLUMINA	Illumina HiSeq 2000
SRR18356112	PRJNA817102	SRX14491410	SAMN26747791	CHO		RNA-Seq	TRANSCRIPTOMIC	cDNA	PAIRED	ILLUMINA	Illumina NovaSeq 6000
SRR18356113	PRJNA817102	SRX14491409	SAMN26747792	CHO		RNA-Seq	TRANSCRIPTOMIC	cDNA	PAIRED	ILLUMINA	Illumina NovaSeq 6000
SRR18502223	PRJNA820638	SRX14633673	SAMN27019286	CHO (ATCC CCL-61)		RNA-Seq	TRANSCRIPTOMIC	cDNA	PAIRED	ILLUMINA	NextSeq 550
SRR18502224	PRJNA820638	SRX14633672	SAMN27019287	CHO (ATCC CCL-61)		RNA-Seq	TRANSCRIPTOMIC	cDNA	PAIRED	ILLUMINA	NextSeq 550
SRR18502225	PRJNA820638	SRX14633671	SAMN27019288	CHO (ATCC CCL-61)		RNA-Seq	TRANSCRIPTOMIC	cDNA	PAIRED	ILLUMINA	NextSeq 550
SRR18502226	PRJNA820638	SRX14633670	SAMN27019289	CHO (ATCC CCL-61)		RNA-Seq	TRANSCRIPTOMIC	cDNA	PAIRED	ILLUMINA	NextSeq 550
SRR18502227	PRJNA820638	SRX14633669	SAMN27019290	CHO (ATCC CCL-61)		RNA-Seq	TRANSCRIPTOMIC	cDNA	PAIRED	ILLUMINA	NextSeq 550
SRR18502228	PRJNA820638	SRX14633668	SAMN27019291	CHO (ATCC CCL-61)		RNA-Seq	TRANSCRIPTOMIC	cDNA	PAIRED	ILLUMINA	NextSeq 550
SRR18502229	PRJNA820638	SRX14633667	SAMN27019292	CHO (ATCC CCL-61)		RNA-Seq	TRANSCRIPTOMIC	cDNA	PAIRED	ILLUMINA	NextSeq 550
SRR18502230	PRJNA820638	SRX14633666	SAMN27019293	CHO (ATCC CCL-61)		RNA-Seq	TRANSCRIPTOMIC	cDNA	PAIRED	ILLUMINA	NextSeq 550
SRR18502231	PRJNA820638	SRX14633665	SAMN27019294	CHO (ATCC CCL-61)		RNA-Seq	TRANSCRIPTOMIC	cDNA	PAIRED	ILLUMINA	NextSeq 550
SRR18502232	PRJNA820638	SRX14633664	SAMN27019295	CHO (ATCC CCL-61)		RNA-Seq	TRANSCRIPTOMIC	cDNA	PAIRED	ILLUMINA	NextSeq 550
SRR18502233	PRJNA820638	SRX14633663	SAMN27019296	CHO (ATCC CCL-61)		RNA-Seq	TRANSCRIPTOMIC	cDNA	PAIRED	ILLUMINA	NextSeq 550
SRR18502234	PRJNA820638	SRX14633662	SAMN27019297	CHO (ATCC CCL-61)		RNA-Seq	TRANSCRIPTOMIC	cDNA	PAIRED	ILLUMINA	NextSeq 550
SRR18502235	PRJNA820638	SRX14633661	SAMN27019298	CHO (ATCC CCL-61)		RNA-Seq	TRANSCRIPTOMIC	cDNA	PAIRED	ILLUMINA	NextSeq 550
SRR18502236	PRJNA820638	SRX14633660	SAMN27019299	CHO (ATCC CCL-61)		RNA-Seq	TRANSCRIPTOMIC	cDNA	PAIRED	ILLUMINA	NextSeq 550
SRR18502237	PRJNA820638	SRX14633659	SAMN27019300	CHO (ATCC CCL-61)		RNA-Seq	TRANSCRIPTOMIC	cDNA	PAIRED	ILLUMINA	NextSeq 550
SRR18502238	PRJNA820638	SRX14633658	SAMN27019301	CHO (ATCC CCL-61)		RNA-Seq	TRANSCRIPTOMIC	cDNA	PAIRED	ILLUMINA	NextSeq 550
SRR19256295	PRJNA839086	SRX15316780	SAMN28495772	Chinese hamster ovary cells (CHO-S)	Monclonal cell line	RNA-Seq	TRANSCRIPTOMIC	cDNA	PAIRED	ILLUMINA	Illumina NovaSeq 6000
SRR19256296	PRJNA839086	SRX15316779	SAMN28495773	Chinese hamster ovary cells (CHO-S)	Monclonal cell line	RNA-Seq	TRANSCRIPTOMIC	cDNA	PAIRED	ILLUMINA	Illumina NovaSeq 6000
SRR19256297	PRJNA839086	SRX15316778	SAMN28495774	Chinese hamster ovary cells (CHO-S)	Monclonal cell line	RNA-Seq	TRANSCRIPTOMIC	cDNA	PAIRED	ILLUMINA	Illumina NovaSeq 6000
SRR19256298	PRJNA839086	SRX15316777	SAMN28495775	Chinese hamster ovary cells (CHO-S)	Monclonal cell line	RNA-Seq	TRANSCRIPTOMIC	cDNA	PAIRED	ILLUMINA	Illumina NovaSeq 6000
SRR19256299	PRJNA839086	SRX15316776	SAMN28495776	Chinese hamster ovary cells (CHO-S)	Monclonal cell line	RNA-Seq	TRANSCRIPTOMIC	cDNA	PAIRED	ILLUMINA	Illumina NovaSeq 6000
SRR19256300	PRJNA839086	SRX15316775	SAMN28495777	Chinese hamster ovary cells (CHO-S)	Monclonal cell line	RNA-Seq	TRANSCRIPTOMIC	cDNA	PAIRED	ILLUMINA	Illumina NovaSeq 6000
SRR19256301	PRJNA839086	SRX15316774	SAMN28495778	Chinese hamster ovary cells (CHO-S)	Monclonal cell line	RNA-Seq	TRANSCRIPTOMIC	cDNA	PAIRED	ILLUMINA	Illumina NovaSeq 6000
SRR19256302	PRJNA839086	SRX15316773	SAMN28495779	Chinese hamster ovary cells (CHO-S)	Monclonal cell line	RNA-Seq	TRANSCRIPTOMIC	cDNA	PAIRED	ILLUMINA	Illumina NovaSeq 6000
SRR19256303	PRJNA839086	SRX15316772	SAMN28495780	Chinese hamster ovary cells (CHO-S)	Monclonal cell line	RNA-Seq	TRANSCRIPTOMIC	cDNA	PAIRED	ILLUMINA	Illumina NovaSeq 6000
SRR19256304	PRJNA839086	SRX15316771	SAMN28495781	Chinese hamster ovary cells (CHO-S)	Monclonal cell line	RNA-Seq	TRANSCRIPTOMIC	cDNA	PAIRED	ILLUMINA	Illumina NovaSeq 6000
SRR19256305	PRJNA839086	SRX15316770	SAMN28495782	Chinese hamster ovary cells (CHO-S)	Monclonal cell line	RNA-Seq	TRANSCRIPTOMIC	cDNA	PAIRED	ILLUMINA	Illumina NovaSeq 6000
SRR19256306	PRJNA839086	SRX15316769	SAMN28495783	Chinese hamster ovary cells (CHO-S)	Monclonal cell line	RNA-Seq	TRANSCRIPTOMIC	cDNA	PAIRED	ILLUMINA	Illumina NovaSeq 6000
SRR22143436	PRJNA896947	SRX18122743	SAMN31573491	VRC01		RNA-Seq	TRANSCRIPTOMIC	DNase	PAIRED	ILLUMINA	Illumina NovaSeq 6000
SRR22143437	PRJNA896947	SRX18122742	SAMN31573491	VRC01		RNA-Seq	TRANSCRIPTOMIC	DNase	PAIRED	ILLUMINA	Illumina NovaSeq 6000
SRR22143444	PRJNA896947	SRX18122735	SAMN31573491	VRC01		RNA-Seq	TRANSCRIPTOMIC	DNase	PAIRED	ILLUMINA	Illumina NovaSeq 6000
SRR22143445	PRJNA896947	SRX18122734	SAMN31573491	VRC01		RNA-Seq	TRANSCRIPTOMIC	DNase	PAIRED	ILLUMINA	Illumina NovaSeq 6000
SRR22143446	PRJNA896947	SRX18122733	SAMN31573491	VRC01		RNA-Seq	TRANSCRIPTOMIC	DNase	PAIRED	ILLUMINA	Illumina NovaSeq 6000
SRR22143447	PRJNA896947	SRX18122732	SAMN31573491	VRC01		RNA-Seq	TRANSCRIPTOMIC	DNase	PAIRED	ILLUMINA	Illumina NovaSeq 6000
SRR22143448	PRJNA896947	SRX18122731	SAMN31573491	VRC01		RNA-Seq	TRANSCRIPTOMIC	DNase	PAIRED	ILLUMINA	Illumina NovaSeq 6000
SRR22143449	PRJNA896947	SRX18122730	SAMN31573491	VRC01		RNA-Seq	TRANSCRIPTOMIC	DNase	PAIRED	ILLUMINA	Illumina NovaSeq 6000
SRR22246869	PRJNA899862	SRX18223562	SAMN31670978	CHOZN GS-/- clone 1	Chinese hamster ovary (CHO)	RNA-Seq	TRANSCRIPTOMIC	cDNA	PAIRED	ILLUMINA	Illumina NovaSeq 6000
SRR22246870	PRJNA899862	SRX18223561	SAMN31670979	CHOZN GS-/- clone 1	Chinese hamster ovary (CHO)	RNA-Seq	TRANSCRIPTOMIC	cDNA	PAIRED	ILLUMINA	Illumina NovaSeq 6000
SRR22246871	PRJNA899862	SRX18223560	SAMN31670980	CHOZN GS-/- clone 1	Chinese hamster ovary (CHO)	RNA-Seq	TRANSCRIPTOMIC	cDNA	PAIRED	ILLUMINA	Illumina NovaSeq 6000
SRR22246872	PRJNA899862	SRX18223559	SAMN31670981	CHOZN GS-/-	Chinese hamster ovary (CHO)	RNA-Seq	TRANSCRIPTOMIC	cDNA	PAIRED	ILLUMINA	Illumina NovaSeq 6000
SRR22246873	PRJNA899862	SRX18223558	SAMN31670982	CHOZN GS-/-	Chinese hamster ovary (CHO)	RNA-Seq	TRANSCRIPTOMIC	cDNA	PAIRED	ILLUMINA	Illumina NovaSeq 6000
SRR22246874	PRJNA899862	SRX18223557	SAMN31670983	CHOZN GS-/-	Chinese hamster ovary (CHO)	RNA-Seq	TRANSCRIPTOMIC	cDNA	PAIRED	ILLUMINA	Illumina NovaSeq 6000
SRR22246875	PRJNA899862	SRX18223556	SAMN31670984	CHOZN GS-/- clone 2	Chinese hamster ovary (CHO)	RNA-Seq	TRANSCRIPTOMIC	cDNA	PAIRED	ILLUMINA	Illumina NovaSeq 6000
SRR22246876	PRJNA899862	SRX18223555	SAMN31670985	CHOZN GS-/- clone 2	Chinese hamster ovary (CHO)	RNA-Seq	TRANSCRIPTOMIC	cDNA	PAIRED	ILLUMINA	Illumina NovaSeq 6000
SRR22246877	PRJNA899862	SRX18223554	SAMN31670986	CHOZN GS-/- clone 2	Chinese hamster ovary (CHO)	RNA-Seq	TRANSCRIPTOMIC	cDNA	PAIRED	ILLUMINA	Illumina NovaSeq 6000
SRR22246878	PRJNA899862	SRX18223553	SAMN31670987	CHOZN GS-/- clone 1	Chinese hamster ovary (CHO)	RNA-Seq	TRANSCRIPTOMIC	cDNA	PAIRED	ILLUMINA	Illumina NovaSeq 6000
SRR22246879	PRJNA899862	SRX18223552	SAMN31670988	CHOZN GS-/- clone 1	Chinese hamster ovary (CHO)	RNA-Seq	TRANSCRIPTOMIC	cDNA	PAIRED	ILLUMINA	Illumina NovaSeq 6000
SRR22246880	PRJNA899862	SRX18223551	SAMN31670989	CHOZN GS-/- clone 1	Chinese hamster ovary (CHO)	RNA-Seq	TRANSCRIPTOMIC	cDNA	PAIRED	ILLUMINA	Illumina NovaSeq 6000
SRR22246881	PRJNA899862	SRX18223550	SAMN31670990	CHOZN GS-/-	Chinese hamster ovary (CHO)	RNA-Seq	TRANSCRIPTOMIC	cDNA	PAIRED	ILLUMINA	Illumina NovaSeq 6000
SRR22246882	PRJNA899862	SRX18223549	SAMN31670991	CHOZN GS-/-	Chinese hamster ovary (CHO)	RNA-Seq	TRANSCRIPTOMIC	cDNA	PAIRED	ILLUMINA	Illumina NovaSeq 6000
SRR22246883	PRJNA899862	SRX18223548	SAMN31670992	CHOZN GS-/-	Chinese hamster ovary (CHO)	RNA-Seq	TRANSCRIPTOMIC	cDNA	PAIRED	ILLUMINA	Illumina NovaSeq 6000
SRR22246884	PRJNA899862	SRX18223547	SAMN31670993	CHOZN GS-/- clone 2	Chinese hamster ovary (CHO)	RNA-Seq	TRANSCRIPTOMIC	cDNA	PAIRED	ILLUMINA	Illumina NovaSeq 6000
SRR22246885	PRJNA899862	SRX18223546	SAMN31670994	CHOZN GS-/- clone 2	Chinese hamster ovary (CHO)	RNA-Seq	TRANSCRIPTOMIC	cDNA	PAIRED	ILLUMINA	Illumina NovaSeq 6000
SRR22246886	PRJNA899862	SRX18223545	SAMN31670995	CHOZN GS-/- clone 2	Chinese hamster ovary (CHO)	RNA-Seq	TRANSCRIPTOMIC	cDNA	PAIRED	ILLUMINA	Illumina NovaSeq 6000
SRR22246887	PRJNA899862	SRX18223544	SAMN31670996	CHOZN GS-/- clone 1	Chinese hamster ovary (CHO)	RNA-Seq	TRANSCRIPTOMIC	cDNA	PAIRED	ILLUMINA	Illumina NovaSeq 6000
SRR22246888	PRJNA899862	SRX18223543	SAMN31670997	CHOZN GS-/- clone 1	Chinese hamster ovary (CHO)	RNA-Seq	TRANSCRIPTOMIC	cDNA	PAIRED	ILLUMINA	Illumina NovaSeq 6000
SRR22246889	PRJNA899862	SRX18223542	SAMN31670998	CHOZN GS-/- clone 1	Chinese hamster ovary (CHO)	RNA-Seq	TRANSCRIPTOMIC	cDNA	PAIRED	ILLUMINA	Illumina NovaSeq 6000
SRR22246890	PRJNA899862	SRX18223541	SAMN31670999	CHOZN GS-/-	Chinese hamster ovary (CHO)	RNA-Seq	TRANSCRIPTOMIC	cDNA	PAIRED	ILLUMINA	Illumina NovaSeq 6000
SRR22246891	PRJNA899862	SRX18223540	SAMN31671000	CHOZN GS-/-	Chinese hamster ovary (CHO)	RNA-Seq	TRANSCRIPTOMIC	cDNA	PAIRED	ILLUMINA	Illumina NovaSeq 6000
SRR22246892	PRJNA899862	SRX18223539	SAMN31671001	CHOZN GS-/-	Chinese hamster ovary (CHO)	RNA-Seq	TRANSCRIPTOMIC	cDNA	PAIRED	ILLUMINA	Illumina NovaSeq 6000
SRR22246893	PRJNA899862	SRX18223538	SAMN31670975	CHOZN GS-/- clone 2	Chinese hamster ovary (CHO)	RNA-Seq	TRANSCRIPTOMIC	cDNA	PAIRED	ILLUMINA	Illumina NovaSeq 6000
SRR22246894	PRJNA899862	SRX18223537	SAMN31670976	CHOZN GS-/- clone 2	Chinese hamster ovary (CHO)	RNA-Seq	TRANSCRIPTOMIC	cDNA	PAIRED	ILLUMINA	Illumina NovaSeq 6000
SRR22246895	PRJNA899862	SRX18223536	SAMN31670977	CHOZN GS-/- clone 2	Chinese hamster ovary (CHO)	RNA-Seq	TRANSCRIPTOMIC	cDNA	PAIRED	ILLUMINA	Illumina NovaSeq 6000
SRR22246896	PRJNA899862	SRX18223535	SAMN31671002	CHOZN GS-/- clone 2	Chinese hamster ovary (CHO)	RNA-Seq	TRANSCRIPTOMIC	cDNA	PAIRED	ILLUMINA	Illumina NovaSeq 6000
SRR22246897	PRJNA899862	SRX18223534	SAMN31671003	CHOZN GS-/- clone 2	Chinese hamster ovary (CHO)	RNA-Seq	TRANSCRIPTOMIC	cDNA	PAIRED	ILLUMINA	Illumina NovaSeq 6000
SRR22246898	PRJNA899862	SRX18223533	SAMN31671004	CHOZN GS-/- clone 2	Chinese hamster ovary (CHO)	RNA-Seq	TRANSCRIPTOMIC	cDNA	PAIRED	ILLUMINA	Illumina NovaSeq 6000
SRR22246899	PRJNA899862	SRX18223532	SAMN31671005	CHOZN GS-/- clone 1	Chinese hamster ovary (CHO)	RNA-Seq	TRANSCRIPTOMIC	cDNA	PAIRED	ILLUMINA	Illumina NovaSeq 6000
SRR22246900	PRJNA899862	SRX18223531	SAMN31671006	CHOZN GS-/- clone 1	Chinese hamster ovary (CHO)	RNA-Seq	TRANSCRIPTOMIC	cDNA	PAIRED	ILLUMINA	Illumina NovaSeq 6000
SRR22246901	PRJNA899862	SRX18223530	SAMN31671007	CHOZN GS-/- clone 1	Chinese hamster ovary (CHO)	RNA-Seq	TRANSCRIPTOMIC	cDNA	PAIRED	ILLUMINA	Illumina NovaSeq 6000
SRR22246902	PRJNA899862	SRX18223529	SAMN31671008	CHOZN GS-/-	Chinese hamster ovary (CHO)	RNA-Seq	TRANSCRIPTOMIC	cDNA	PAIRED	ILLUMINA	Illumina NovaSeq 6000
SRR22246903	PRJNA899862	SRX18223528	SAMN31671009	CHOZN GS-/-	Chinese hamster ovary (CHO)	RNA-Seq	TRANSCRIPTOMIC	cDNA	PAIRED	ILLUMINA	Illumina NovaSeq 6000
SRR22246904	PRJNA899862	SRX18223527	SAMN31671010	CHOZN GS-/-	Chinese hamster ovary (CHO)	RNA-Seq	TRANSCRIPTOMIC	cDNA	PAIRED	ILLUMINA	Illumina NovaSeq 6000
SRR22810189	PRJNA913861	SRX18769908	SAMN32309273	stably expressing Cdh13	CHO cells	RNA-Seq	TRANSCRIPTOMIC	cDNA	SINGLE	ILLUMINA	Illumina NovaSeq 6000
SRR22810190	PRJNA913861	SRX18769907	SAMN32309274	stably expressing Cdh13	CHO cells	RNA-Seq	TRANSCRIPTOMIC	cDNA	SINGLE	ILLUMINA	Illumina NovaSeq 6000
SRR22810191	PRJNA913861	SRX18769906	SAMN32309275	stably expressing Cdh13	CHO cells	RNA-Seq	TRANSCRIPTOMIC	cDNA	SINGLE	ILLUMINA	Illumina NovaSeq 6000
SRR22810192	PRJNA913861	SRX18769905	SAMN32309276	stably expressing Cdh13	CHO cells	RNA-Seq	TRANSCRIPTOMIC	cDNA	SINGLE	ILLUMINA	Illumina NovaSeq 6000
SRR22810193	PRJNA913861	SRX18769904	SAMN32309277	stably expressing Cdh13	CHO cells	RNA-Seq	TRANSCRIPTOMIC	cDNA	SINGLE	ILLUMINA	Illumina NovaSeq 6000
SRR22810194	PRJNA913861	SRX18769903	SAMN32309278	stably expressing Cdh13	CHO cells	RNA-Seq	TRANSCRIPTOMIC	cDNA	SINGLE	ILLUMINA	Illumina NovaSeq 6000
SRR23603787	PRJNA938154	SRX19488787	SAMN33426958	Icosagen QMCF	WT	RNA-Seq	TRANSCRIPTOMIC	cDNA	PAIRED	ILLUMINA	Illumina HiSeq 2500
SRR23603788	PRJNA938154	SRX19488786	SAMN33426959	Icosagen QMCF	expressing CCL20	RNA-Seq	TRANSCRIPTOMIC	cDNA	PAIRED	ILLUMINA	Illumina HiSeq 2500
SRR23603789	PRJNA938154	SRX19488785	SAMN33426960	Icosagen QMCF	expressing ADM5	RNA-Seq	TRANSCRIPTOMIC	cDNA	PAIRED	ILLUMINA	Illumina HiSeq 2500
SRR23603790	PRJNA938154	SRX19488784	SAMN33426961	Icosagen QMCF	expressing CXCL13	RNA-Seq	TRANSCRIPTOMIC	cDNA	PAIRED	ILLUMINA	Illumina HiSeq 2500
SRR23603791	PRJNA938154	SRX19488783	SAMN33426962	Icosagen QMCF	expressing FLT3LG	RNA-Seq	TRANSCRIPTOMIC	cDNA	PAIRED	ILLUMINA	Illumina HiSeq 2500
SRR23603792	PRJNA938154	SRX19488782	SAMN33426963	Icosagen QMCF	expressing MYOC	RNA-Seq	TRANSCRIPTOMIC	cDNA	PAIRED	ILLUMINA	Illumina HiSeq 2500
SRR23603793	PRJNA938154	SRX19488781	SAMN33426964	Icosagen QMCF	expressing MMP14	RNA-Seq	TRANSCRIPTOMIC	cDNA	PAIRED	ILLUMINA	Illumina HiSeq 2500
SRR23603794	PRJNA938154	SRX19488780	SAMN33426965	Icosagen QMCF	expressing FURIN_2	RNA-Seq	TRANSCRIPTOMIC	cDNA	PAIRED	ILLUMINA	Illumina HiSeq 2500
SRR23603795	PRJNA938154	SRX19488779	SAMN33426966	Icosagen QMCF	expressing GXYLT1	RNA-Seq	TRANSCRIPTOMIC	cDNA	PAIRED	ILLUMINA	Illumina HiSeq 2500
SRR23603796	PRJNA938154	SRX19488778	SAMN33426967	Icosagen QMCF	expressing LRG1	RNA-Seq	TRANSCRIPTOMIC	cDNA	PAIRED	ILLUMINA	Illumina HiSeq 2500
SRR23603797	PRJNA938154	SRX19488777	SAMN33426968	Icosagen QMCF	expressing IL20	RNA-Seq	TRANSCRIPTOMIC	cDNA	PAIRED	ILLUMINA	Illumina HiSeq 2500
SRR23603798	PRJNA938154	SRX19488776	SAMN33426969	Icosagen QMCF	expressing ITGBL1	RNA-Seq	TRANSCRIPTOMIC	cDNA	PAIRED	ILLUMINA	Illumina HiSeq 2500
SRR23603799	PRJNA938154	SRX19488775	SAMN33426970	Icosagen QMCF	expressing MSTN	RNA-Seq	TRANSCRIPTOMIC	cDNA	PAIRED	ILLUMINA	Illumina HiSeq 2500
SRR23603800	PRJNA938154	SRX19488754	SAMN33426971	Icosagen QMCF	expressing SFTPD	RNA-Seq	TRANSCRIPTOMIC	cDNA	PAIRED	ILLUMINA	Illumina HiSeq 2500
SRR23603801	PRJNA938154	SRX19488773	SAMN33426992	Icosagen QMCF	expressing SHH	RNA-Seq	TRANSCRIPTOMIC	cDNA	PAIRED	ILLUMINA	Illumina HiSeq 2500
SRR23603802	PRJNA938154	SRX19488772	SAMN33426993	Icosagen QMCF	expressing FN1	RNA-Seq	TRANSCRIPTOMIC	cDNA	PAIRED	ILLUMINA	Illumina HiSeq 2500
SRR23603803	PRJNA938154	SRX19488771	SAMN33426994	Icosagen QMCF	expressing PCSK1	RNA-Seq	TRANSCRIPTOMIC	cDNA	PAIRED	ILLUMINA	Illumina HiSeq 2500
SRR23603804	PRJNA938154	SRX19488770	SAMN33426995	Icosagen QMCF	expressing FURIN_1	RNA-Seq	TRANSCRIPTOMIC	cDNA	PAIRED	ILLUMINA	Illumina HiSeq 2500
SRR23603805	PRJNA938154	SRX19488769	SAMN33426996	Icosagen QMCF	expressing ST6GAL1	RNA-Seq	TRANSCRIPTOMIC	cDNA	PAIRED	ILLUMINA	Illumina HiSeq 2500
SRR23603806	PRJNA938154	SRX19488768	SAMN33426997	Icosagen QMCF	expressing AGPS	RNA-Seq	TRANSCRIPTOMIC	cDNA	PAIRED	ILLUMINA	Illumina HiSeq 2500
SRR23603807	PRJNA938154	SRX19488767	SAMN33426998	Icosagen QMCF	expressing NCF1	RNA-Seq	TRANSCRIPTOMIC	cDNA	PAIRED	ILLUMINA	Illumina HiSeq 2500
SRR23603808	PRJNA938154	SRX19488766	SAMN33426999	Icosagen QMCF	expressing FGFBP3	RNA-Seq	TRANSCRIPTOMIC	cDNA	PAIRED	ILLUMINA	Illumina HiSeq 2500
SRR23603809	PRJNA938154	SRX19488765	SAMN33427000	Icosagen QMCF	expressing SVEP1	RNA-Seq	TRANSCRIPTOMIC	cDNA	PAIRED	ILLUMINA	Illumina HiSeq 2500
SRR23603810	PRJNA938154	SRX19488764	SAMN33427001	Icosagen QMCF	expressing ASGR1	RNA-Seq	TRANSCRIPTOMIC	cDNA	PAIRED	ILLUMINA	Illumina HiSeq 2500
SRR23603811	PRJNA938154	SRX19488763	SAMN33427002	Icosagen QMCF	expressing IL22	RNA-Seq	TRANSCRIPTOMIC	cDNA	PAIRED	ILLUMINA	Illumina HiSeq 2500
SRR23603812	PRJNA938154	SRX19488762	SAMN33427003	Icosagen QMCF	expressing HSP90B1	RNA-Seq	TRANSCRIPTOMIC	cDNA	PAIRED	ILLUMINA	Illumina HiSeq 2500
SRR23603813	PRJNA938154	SRX19488761	SAMN33427004	Icosagen QMCF	expressing MAN2B1	RNA-Seq	TRANSCRIPTOMIC	cDNA	PAIRED	ILLUMINA	Illumina HiSeq 2500
SRR23603814	PRJNA938154	SRX19488760	SAMN33427005	Icosagen QMCF	expressing H6PD	RNA-Seq	TRANSCRIPTOMIC	cDNA	PAIRED	ILLUMINA	Illumina HiSeq 2500
SRR23603815	PRJNA938154	SRX19488759	SAMN33427006	Icosagen QMCF	expressing MFAP4	RNA-Seq	TRANSCRIPTOMIC	cDNA	PAIRED	ILLUMINA	Illumina HiSeq 2500
SRR23603816	PRJNA938154	SRX19488758	SAMN33427007	Icosagen QMCF	expressing CTF1	RNA-Seq	TRANSCRIPTOMIC	cDNA	PAIRED	ILLUMINA	Illumina HiSeq 2500
SRR23603817	PRJNA938154	SRX19488757	SAMN33427008	Icosagen QMCF	expressing FCN2	RNA-Seq	TRANSCRIPTOMIC	cDNA	PAIRED	ILLUMINA	Illumina HiSeq 2500
SRR23603818	PRJNA938154	SRX19488756	SAMN33427009	Icosagen QMCF	expressing C6	RNA-Seq	TRANSCRIPTOMIC	cDNA	PAIRED	ILLUMINA	Illumina HiSeq 2500
SRR23603819	PRJNA938154	SRX19488755	SAMN33427010	Icosagen QMCF	expressing ENG	RNA-Seq	TRANSCRIPTOMIC	cDNA	PAIRED	ILLUMINA	Illumina HiSeq 2500
SRR23603820	PRJNA938154	SRX19488734	SAMN33427011	Icosagen QMCF	expressing PINLYP	RNA-Seq	TRANSCRIPTOMIC	cDNA	PAIRED	ILLUMINA	Illumina HiSeq 2500
SRR23603821	PRJNA938154	SRX19488753	SAMN33426972	Icosagen QMCF	expressing MBL2	RNA-Seq	TRANSCRIPTOMIC	cDNA	PAIRED	ILLUMINA	Illumina HiSeq 2500
SRR23603822	PRJNA938154	SRX19488752	SAMN33426973	Icosagen QMCF	expressing GLCE	RNA-Seq	TRANSCRIPTOMIC	cDNA	PAIRED	ILLUMINA	Illumina HiSeq 2500
SRR23603823	PRJNA938154	SRX19488751	SAMN33426974	Icosagen QMCF	expressing PROCR	RNA-Seq	TRANSCRIPTOMIC	cDNA	PAIRED	ILLUMINA	Illumina HiSeq 2500
SRR23603824	PRJNA938154	SRX19488750	SAMN33426975	Icosagen QMCF	expressing ANGPTL4	RNA-Seq	TRANSCRIPTOMIC	cDNA	PAIRED	ILLUMINA	Illumina HiSeq 2500
SRR23603825	PRJNA938154	SRX19488749	SAMN33426976	Icosagen QMCF	expressing PGLYRP3	RNA-Seq	TRANSCRIPTOMIC	cDNA	PAIRED	ILLUMINA	Illumina HiSeq 2500
SRR23603826	PRJNA938154	SRX19488748	SAMN33426977	Icosagen QMCF	expressing FCN3	RNA-Seq	TRANSCRIPTOMIC	cDNA	PAIRED	ILLUMINA	Illumina HiSeq 2500
SRR23603827	PRJNA938154	SRX19488747	SAMN33426978	Icosagen QMCF	expressing CCL23	RNA-Seq	TRANSCRIPTOMIC	cDNA	PAIRED	ILLUMINA	Illumina HiSeq 2500
SRR23603828	PRJNA938154	SRX19488746	SAMN33426979	Icosagen QMCF	expressing NPTX2	RNA-Seq	TRANSCRIPTOMIC	cDNA	PAIRED	ILLUMINA	Illumina HiSeq 2500
SRR23603829	PRJNA938154	SRX19488745	SAMN33426980	Icosagen QMCF	expressing NHLRC3	RNA-Seq	TRANSCRIPTOMIC	cDNA	PAIRED	ILLUMINA	Illumina HiSeq 2500
SRR23603830	PRJNA938154	SRX19488744	SAMN33426981	Icosagen QMCF	expressing SERPINA9	RNA-Seq	TRANSCRIPTOMIC	cDNA	PAIRED	ILLUMINA	Illumina HiSeq 2500
SRR23603831	PRJNA938154	SRX19488743	SAMN33426982	Icosagen QMCF	expressing MYL1	RNA-Seq	TRANSCRIPTOMIC	cDNA	PAIRED	ILLUMINA	Illumina HiSeq 2500
SRR23603832	PRJNA938154	SRX19488742	SAMN33426983	Icosagen QMCF	expressing HGF	RNA-Seq	TRANSCRIPTOMIC	cDNA	PAIRED	ILLUMINA	Illumina HiSeq 2500
SRR23603833	PRJNA938154	SRX19488741	SAMN33426984	Icosagen QMCF	expressing CHAD	RNA-Seq	TRANSCRIPTOMIC	cDNA	PAIRED	ILLUMINA	Illumina HiSeq 2500
SRR23603834	PRJNA938154	SRX19488740	SAMN33426985	Icosagen QMCF	expressing BCHE	RNA-Seq	TRANSCRIPTOMIC	cDNA	PAIRED	ILLUMINA	Illumina HiSeq 2500
SRR23603835	PRJNA938154	SRX19488739	SAMN33426986	Icosagen QMCF	expressing HMGB1	RNA-Seq	TRANSCRIPTOMIC	cDNA	PAIRED	ILLUMINA	Illumina HiSeq 2500
SRR23603836	PRJNA938154	SRX19488738	SAMN33426987	Icosagen QMCF	expressing LGALS3	RNA-Seq	TRANSCRIPTOMIC	cDNA	PAIRED	ILLUMINA	Illumina HiSeq 2500
SRR23603837	PRJNA938154	SRX19488737	SAMN33426988	Icosagen QMCF	expressing KL	RNA-Seq	TRANSCRIPTOMIC	cDNA	PAIRED	ILLUMINA	Illumina HiSeq 2500
SRR23603838	PRJNA938154	SRX19488736	SAMN33426989	Icosagen QMCF	expressing VIP	RNA-Seq	TRANSCRIPTOMIC	cDNA	PAIRED	ILLUMINA	Illumina HiSeq 2500
SRR23603839	PRJNA938154	SRX19488735	SAMN33426990	Icosagen QMCF	expressing PPY	RNA-Seq	TRANSCRIPTOMIC	cDNA	PAIRED	ILLUMINA	Illumina HiSeq 2500
SRR23603840	PRJNA938154	SRX19488774	SAMN33426991	Icosagen QMCF	expressing PAMR1	RNA-Seq	TRANSCRIPTOMIC	cDNA	PAIRED	ILLUMINA	Illumina HiSeq 2500
SRR23603841	PRJNA938154	SRX19488733	SAMN33427012	Icosagen QMCF	expressing CXCL5	RNA-Seq	TRANSCRIPTOMIC	cDNA	PAIRED	ILLUMINA	Illumina HiSeq 2500
SRR23603842	PRJNA938154	SRX19488732	SAMN33427013	Icosagen QMCF	expressing COL2A1	RNA-Seq	TRANSCRIPTOMIC	cDNA	PAIRED	ILLUMINA	Illumina HiSeq 2500
SRR23603843	PRJNA938154	SRX19488731	SAMN33427014	Icosagen QMCF	expressing PZP	RNA-Seq	TRANSCRIPTOMIC	cDNA	PAIRED	ILLUMINA	Illumina HiSeq 2500
SRR23603844	PRJNA938154	SRX19488730	SAMN33427015	Icosagen QMCF	expressing EPYC	RNA-Seq	TRANSCRIPTOMIC	cDNA	PAIRED	ILLUMINA	Illumina HiSeq 2500
SRR23603845	PRJNA938154	SRX19488729	SAMN33427016	Icosagen QMCF	expressing CCL21	RNA-Seq	TRANSCRIPTOMIC	cDNA	PAIRED	ILLUMINA	Illumina HiSeq 2500
SRR23603846	PRJNA938154	SRX19488728	SAMN33427017	Icosagen QMCF	expressing CD6	RNA-Seq	TRANSCRIPTOMIC	cDNA	PAIRED	ILLUMINA	Illumina HiSeq 2500
SRR23603847	PRJNA938154	SRX19488727	SAMN33427018	Icosagen QMCF	expressing NAMPT	RNA-Seq	TRANSCRIPTOMIC	cDNA	PAIRED	ILLUMINA	Illumina HiSeq 2500
SRR23603848	PRJNA938154	SRX19488726	SAMN33427019	Icosagen QMCF	expressing LACTB	RNA-Seq	TRANSCRIPTOMIC	cDNA	PAIRED	ILLUMINA	Illumina HiSeq 2500
SRR23603849	PRJNA938154	SRX19488725	SAMN33427020	Icosagen QMCF	expressing RETN	RNA-Seq	TRANSCRIPTOMIC	cDNA	PAIRED	ILLUMINA	Illumina HiSeq 2500
SRR23603850	PRJNA938154	SRX19488724	SAMN33427021	Icosagen QMCF	expressing SERPINA5	RNA-Seq	TRANSCRIPTOMIC	cDNA	PAIRED	ILLUMINA	Illumina HiSeq 2500
SRR23603851	PRJNA938154	SRX19488723	SAMN33427022	Icosagen QMCF	expressing SERPINA6	RNA-Seq	TRANSCRIPTOMIC	cDNA	PAIRED	ILLUMINA	Illumina HiSeq 2500
SRR23603852	PRJNA938154	SRX19488722	SAMN33427023	Icosagen QMCF	expressing SERPINE2	RNA-Seq	TRANSCRIPTOMIC	cDNA	PAIRED	ILLUMINA	Illumina HiSeq 2500
SRR23603853	PRJNA938154	SRX19488721	SAMN33427024	Icosagen QMCF	expressing AGA	RNA-Seq	TRANSCRIPTOMIC	cDNA	PAIRED	ILLUMINA	Illumina HiSeq 2500
SRR23603854	PRJNA938154	SRX19488720	SAMN33427025	Icosagen QMCF	expressing IL17B	RNA-Seq	TRANSCRIPTOMIC	cDNA	PAIRED	ILLUMINA	Illumina HiSeq 2500
SRR23603855	PRJNA938154	SRX19488719	SAMN33427026	Icosagen QMCF	expressing BTBD17	RNA-Seq	TRANSCRIPTOMIC	cDNA	PAIRED	ILLUMINA	Illumina HiSeq 2500
SRR23603856	PRJNA938154	SRX19488718	SAMN33427027	Icosagen QMCF	expressing MMP9	RNA-Seq	TRANSCRIPTOMIC	cDNA	PAIRED	ILLUMINA	Illumina HiSeq 2500
SRR23603857	PRJNA938154	SRX19488717	SAMN33427028	Icosagen QMCF	expressing CTSL	RNA-Seq	TRANSCRIPTOMIC	cDNA	PAIRED	ILLUMINA	Illumina HiSeq 2500
SRR23603858	PRJNA938154	SRX19488716	SAMN33427029	Icosagen QMCF	expressing PROC	RNA-Seq	TRANSCRIPTOMIC	cDNA	PAIRED	ILLUMINA	Illumina HiSeq 2500
SRR23603859	PRJNA938154	SRX19488715	SAMN33427030	Icosagen QMCF	expressing ITIH4	RNA-Seq	TRANSCRIPTOMIC	cDNA	PAIRED	ILLUMINA	Illumina HiSeq 2500
SRR23603860	PRJNA938154	SRX19488714	SAMN33427031	Icosagen QMCF	expressing COL1A2	RNA-Seq	TRANSCRIPTOMIC	cDNA	PAIRED	ILLUMINA	Illumina HiSeq 2500
SRR23603861	PRJNA938154	SRX19488713	SAMN33427032	Icosagen QMCF	expressing ADIPOQ	RNA-Seq	TRANSCRIPTOMIC	cDNA	PAIRED	ILLUMINA	Illumina HiSeq 2500
SRR23603862	PRJNA938154	SRX19488712	SAMN33427033	Icosagen QMCF	expressing BSG	RNA-Seq	TRANSCRIPTOMIC	cDNA	PAIRED	ILLUMINA	Illumina HiSeq 2500
SRR23603863	PRJNA938154	SRX19488711	SAMN33427034	Icosagen QMCF	expressing NXPH1	RNA-Seq	TRANSCRIPTOMIC	cDNA	PAIRED	ILLUMINA	Illumina HiSeq 2500
SRR23603864	PRJNA938154	SRX19488710	SAMN33427035	Icosagen QMCF	expressing SRPX	RNA-Seq	TRANSCRIPTOMIC	cDNA	PAIRED	ILLUMINA	Illumina HiSeq 2500
SRR23603865	PRJNA938154	SRX19488709	SAMN33427036	Icosagen QMCF	expressing OIT3	RNA-Seq	TRANSCRIPTOMIC	cDNA	PAIRED	ILLUMINA	Illumina HiSeq 2500
SRR23603866	PRJNA938154	SRX19488708	SAMN33427037	Icosagen QMCF	expressing ACVR2A	RNA-Seq	TRANSCRIPTOMIC	cDNA	PAIRED	ILLUMINA	Illumina HiSeq 2500
SRR23603867	PRJNA938154	SRX19488707	SAMN33427038	Icosagen QMCF	expressing CER1	RNA-Seq	TRANSCRIPTOMIC	cDNA	PAIRED	ILLUMINA	Illumina HiSeq 2500
SRR23603868	PRJNA938154	SRX19488706	SAMN33427039	Icosagen QMCF	expressing EDDM3B	RNA-Seq	TRANSCRIPTOMIC	cDNA	PAIRED	ILLUMINA	Illumina HiSeq 2500
SRR23603869	PRJNA938154	SRX19488705	SAMN33427040	Icosagen QMCF	expressing ALB	RNA-Seq	TRANSCRIPTOMIC	cDNA	PAIRED	ILLUMINA	Illumina HiSeq 2500
SRR23603870	PRJNA938154	SRX19488704	SAMN33427041	Icosagen QMCF	expressing NCAM1	RNA-Seq	TRANSCRIPTOMIC	cDNA	PAIRED	ILLUMINA	Illumina HiSeq 2500
SRR23603871	PRJNA938154	SRX19488703	SAMN33427042	Icosagen QMCF	expressing FST	RNA-Seq	TRANSCRIPTOMIC	cDNA	PAIRED	ILLUMINA	Illumina HiSeq 2500
SRR23603872	PRJNA938154	SRX19488702	SAMN33427043	Icosagen QMCF	expressing ANGPTL2	RNA-Seq	TRANSCRIPTOMIC	cDNA	PAIRED	ILLUMINA	Illumina HiSeq 2500
SRR23603873	PRJNA938154	SRX19488701	SAMN33427044	Icosagen QMCF	expressing CD209	RNA-Seq	TRANSCRIPTOMIC	cDNA	PAIRED	ILLUMINA	Illumina HiSeq 2500
SRR23603874	PRJNA938154	SRX19488700	SAMN33427045	Icosagen QMCF	expressing WFDC12	RNA-Seq	TRANSCRIPTOMIC	cDNA	PAIRED	ILLUMINA	Illumina HiSeq 2500
SRR23603875	PRJNA938154	SRX19488699	SAMN33427046	Icosagen QMCF	expressing CHIT1	RNA-Seq	TRANSCRIPTOMIC	cDNA	PAIRED	ILLUMINA	Illumina HiSeq 2500
SRR23603876	PRJNA938154	SRX19488698	SAMN33427047	Icosagen QMCF	expressing NXPH4	RNA-Seq	TRANSCRIPTOMIC	cDNA	PAIRED	ILLUMINA	Illumina HiSeq 2500
SRR23603877	PRJNA938154	SRX19488697	SAMN33427048	Icosagen QMCF	expressing NXPH3	RNA-Seq	TRANSCRIPTOMIC	cDNA	PAIRED	ILLUMINA	Illumina HiSeq 2500
SRR23603878	PRJNA938154	SRX19488696	SAMN33427049	Icosagen QMCF	expressing NXPH2	RNA-Seq	TRANSCRIPTOMIC	cDNA	PAIRED	ILLUMINA	Illumina HiSeq 2500
SRR23603879	PRJNA938154	SRX19488695	SAMN33427050	Icosagen QMCF	expressing CCL14	RNA-Seq	TRANSCRIPTOMIC	cDNA	PAIRED	ILLUMINA	Illumina HiSeq 2500
SRR23603880	PRJNA938154	SRX19488694	SAMN33427051	Icosagen QMCF	expressing PGLYRP4	RNA-Seq	TRANSCRIPTOMIC	cDNA	PAIRED	ILLUMINA	Illumina HiSeq 2500
SRR23603881	PRJNA938154	SRX19488693	SAMN33427052	Icosagen QMCF	expressing FCER2	RNA-Seq	TRANSCRIPTOMIC	cDNA	PAIRED	ILLUMINA	Illumina HiSeq 2500
SRR23603882	PRJNA938154	SRX19488692	SAMN33427053	Icosagen QMCF	expressing GNAS	RNA-Seq	TRANSCRIPTOMIC	cDNA	PAIRED	ILLUMINA	Illumina HiSeq 2500
SRR23702453	PRJNA941080	SRX19564102	SAMN33589141			RNA-Seq	TRANSCRIPTOMIC	cDNA	PAIRED	ILLUMINA	HiSeq X Ten
SRR23702454	PRJNA941080	SRX19564101	SAMN33589140			RNA-Seq	TRANSCRIPTOMIC	cDNA	PAIRED	ILLUMINA	HiSeq X Ten
SRR23702455	PRJNA941080	SRX19564100	SAMN33589139			RNA-Seq	TRANSCRIPTOMIC	cDNA	PAIRED	ILLUMINA	HiSeq X Ten
SRR23702456	PRJNA941080	SRX19564099	SAMN33589138			RNA-Seq	TRANSCRIPTOMIC	cDNA	PAIRED	ILLUMINA	HiSeq X Ten
SRR23702457	PRJNA941080	SRX19564098	SAMN33589137			RNA-Seq	TRANSCRIPTOMIC	cDNA	PAIRED	ILLUMINA	HiSeq X Ten
SRR24099901	PRJNA953054	SRX19900050	SAMN34105229	MI5-4 (CHO)		RNA-Seq	TRANSCRIPTOMIC	cDNA	PAIRED	ILLUMINA	Illumina NovaSeq 6000
SRR24099902	PRJNA953054	SRX19900049	SAMN34105230	MI5-4 (CHO)		RNA-Seq	TRANSCRIPTOMIC	cDNA	PAIRED	ILLUMINA	Illumina NovaSeq 6000
SRR24099903	PRJNA953054	SRX19900048	SAMN34105231	MI5-4 (CHO)		RNA-Seq	TRANSCRIPTOMIC	cDNA	PAIRED	ILLUMINA	Illumina NovaSeq 6000
SRR24099904	PRJNA953054	SRX19900047	SAMN34105232	MI5-4 (CHO)		RNA-Seq	TRANSCRIPTOMIC	cDNA	PAIRED	ILLUMINA	Illumina NovaSeq 6000
SRR24099905	PRJNA953054	SRX19900046	SAMN34105233	MI5-4 (CHO)		RNA-Seq	TRANSCRIPTOMIC	cDNA	PAIRED	ILLUMINA	Illumina NovaSeq 6000
SRR24099906	PRJNA953054	SRX19900045	SAMN34105234	MI5-4 (CHO)		RNA-Seq	TRANSCRIPTOMIC	cDNA	PAIRED	ILLUMINA	Illumina NovaSeq 6000
SRR24099907	PRJNA953054	SRX19900044	SAMN34105235	MI5-4 (CHO)		RNA-Seq	TRANSCRIPTOMIC	cDNA	PAIRED	ILLUMINA	Illumina NovaSeq 6000
SRR24099908	PRJNA953054	SRX19900043	SAMN34105236	MI5-4 (CHO)		RNA-Seq	TRANSCRIPTOMIC	cDNA	PAIRED	ILLUMINA	Illumina NovaSeq 6000
SRR24099909	PRJNA953054	SRX19900042	SAMN34105237	MI5-4 (CHO)		RNA-Seq	TRANSCRIPTOMIC	cDNA	PAIRED	ILLUMINA	Illumina NovaSeq 6000
SRR24650910	PRJNA974014	SRX20431028	SAMN35159448	CHOZN GS -/- ZFN Clone 23	Chinese Hamster Ovary (CHO)	RNA-Seq	TRANSCRIPTOMIC	cDNA	PAIRED	ILLUMINA	Illumina HiSeq 4000
SRR24650911	PRJNA974014	SRX20431027	SAMN35159449	CHOZN GS -/- ZFN Clone 23	Chinese Hamster Ovary (CHO)	RNA-Seq	TRANSCRIPTOMIC	cDNA	PAIRED	ILLUMINA	Illumina HiSeq 4000
SRR24650912	PRJNA974014	SRX20431026	SAMN35159450	CHOZN GS -/- ZFN Clone 23	Chinese Hamster Ovary (CHO)	RNA-Seq	TRANSCRIPTOMIC	cDNA	PAIRED	ILLUMINA	Illumina HiSeq 4000
SRR24650913	PRJNA974014	SRX20431025	SAMN35159451	CHOZN GS -/- ZFN Clone 23	Chinese Hamster Ovary (CHO)	RNA-Seq	TRANSCRIPTOMIC	cDNA	PAIRED	ILLUMINA	Illumina HiSeq 4000
SRR24650914	PRJNA974014	SRX20431024	SAMN35159452	CHOZN GS -/- ZFN Clone 23	Chinese Hamster Ovary (CHO)	RNA-Seq	TRANSCRIPTOMIC	cDNA	PAIRED	ILLUMINA	Illumina HiSeq 4000
SRR24650915	PRJNA974014	SRX20431023	SAMN35159453	CHOZN GS -/- ZFN Clone 23	Chinese Hamster Ovary (CHO)	RNA-Seq	TRANSCRIPTOMIC	cDNA	PAIRED	ILLUMINA	Illumina HiSeq 4000
SRR24650916	PRJNA974014	SRX20431022	SAMN35159454	CHOZN GS -/- ZFN Clone 23	Chinese Hamster Ovary (CHO)	RNA-Seq	TRANSCRIPTOMIC	cDNA	PAIRED	ILLUMINA	Illumina HiSeq 4000
SRR24650917	PRJNA974014	SRX20431021	SAMN35159455	CHOZN GS -/- ZFN Clone 23	Chinese Hamster Ovary (CHO)	RNA-Seq	TRANSCRIPTOMIC	cDNA	PAIRED	ILLUMINA	Illumina HiSeq 4000
SRR24650918	PRJNA974014	SRX20431020	SAMN35159393	CHOZN GS -/- ZFN Clone 23	Chinese Hamster Ovary (CHO)	RNA-Seq	TRANSCRIPTOMIC	cDNA	PAIRED	ILLUMINA	Illumina HiSeq 4000
SRR24650919	PRJNA974014	SRX20431019	SAMN35159394	CHOZN GS -/- ZFN Clone 23	Chinese Hamster Ovary (CHO)	RNA-Seq	TRANSCRIPTOMIC	cDNA	PAIRED	ILLUMINA	Illumina HiSeq 4000
SRR24650920	PRJNA974014	SRX20431018	SAMN35159395	CHOZN GS -/- ZFN Clone 23	Chinese Hamster Ovary (CHO)	RNA-Seq	TRANSCRIPTOMIC	cDNA	PAIRED	ILLUMINA	Illumina HiSeq 4000
SRR24650921	PRJNA974014	SRX20431017	SAMN35159396	CHOZN GS -/- ZFN Clone 23	Chinese Hamster Ovary (CHO)	RNA-Seq	TRANSCRIPTOMIC	cDNA	PAIRED	ILLUMINA	Illumina HiSeq 4000
SRR24650922	PRJNA974014	SRX20431016	SAMN35159397	CHOZN GS -/- ZFN Clone 23	Chinese Hamster Ovary (CHO)	RNA-Seq	TRANSCRIPTOMIC	cDNA	PAIRED	ILLUMINA	Illumina HiSeq 4000
SRR24650923	PRJNA974014	SRX20431015	SAMN35159398	CHOZN GS -/- ZFN Clone 23	Chinese Hamster Ovary (CHO)	RNA-Seq	TRANSCRIPTOMIC	cDNA	PAIRED	ILLUMINA	Illumina HiSeq 4000
SRR24650924	PRJNA974014	SRX20431014	SAMN35159399	CHOZN GS -/- ZFN Clone 23	Chinese Hamster Ovary (CHO)	RNA-Seq	TRANSCRIPTOMIC	cDNA	PAIRED	ILLUMINA	Illumina HiSeq 4000
SRR24650925	PRJNA974014	SRX20431013	SAMN35159424	CHOZN GS -/- ZFN Clone 23	Chinese Hamster Ovary (CHO)	RNA-Seq	TRANSCRIPTOMIC	cDNA	PAIRED	ILLUMINA	Illumina HiSeq 4000
SRR24650926	PRJNA974014	SRX20431012	SAMN35159425	CHOZN GS -/- ZFN Clone 23	Chinese Hamster Ovary (CHO)	RNA-Seq	TRANSCRIPTOMIC	cDNA	PAIRED	ILLUMINA	Illumina HiSeq 4000
SRR24650927	PRJNA974014	SRX20431011	SAMN35159426	CHOZN GS -/- ZFN Clone 23	Chinese Hamster Ovary (CHO)	RNA-Seq	TRANSCRIPTOMIC	cDNA	PAIRED	ILLUMINA	Illumina HiSeq 4000
SRR24650928	PRJNA974014	SRX20431010	SAMN35159427	CHOZN GS -/- ZFN Clone 23	Chinese Hamster Ovary (CHO)	RNA-Seq	TRANSCRIPTOMIC	cDNA	PAIRED	ILLUMINA	Illumina HiSeq 4000
SRR24650929	PRJNA974014	SRX20431009	SAMN35159428	CHOZN GS -/- ZFN Clone 23	Chinese Hamster Ovary (CHO)	RNA-Seq	TRANSCRIPTOMIC	cDNA	PAIRED	ILLUMINA	Illumina HiSeq 4000
SRR24650930	PRJNA974014	SRX20431008	SAMN35159429	CHOZN GS -/- ZFN Clone 23	Chinese Hamster Ovary (CHO)	RNA-Seq	TRANSCRIPTOMIC	cDNA	PAIRED	ILLUMINA	Illumina HiSeq 4000
SRR24650931	PRJNA974014	SRX20431007	SAMN35159430	CHOZN GS -/- ZFN Clone 23	Chinese Hamster Ovary (CHO)	RNA-Seq	TRANSCRIPTOMIC	cDNA	PAIRED	ILLUMINA	Illumina HiSeq 4000
SRR24650932	PRJNA974014	SRX20431006	SAMN35159431	CHOZN GS -/- ZFN Clone 23	Chinese Hamster Ovary (CHO)	RNA-Seq	TRANSCRIPTOMIC	cDNA	PAIRED	ILLUMINA	Illumina HiSeq 4000
SRR24650933	PRJNA974014	SRX20431005	SAMN35159456	CHOZN GS -/- ZFN Clone 23	Chinese Hamster Ovary (CHO)	RNA-Seq	TRANSCRIPTOMIC	cDNA	PAIRED	ILLUMINA	Illumina HiSeq 4000
SRR24650934	PRJNA974014	SRX20431004	SAMN35159457	CHOZN GS -/- ZFN Clone 23	Chinese Hamster Ovary (CHO)	RNA-Seq	TRANSCRIPTOMIC	cDNA	PAIRED	ILLUMINA	Illumina HiSeq 4000
SRR24650935	PRJNA974014	SRX20431003	SAMN35159458	CHOZN GS -/- ZFN Clone 23	Chinese Hamster Ovary (CHO)	RNA-Seq	TRANSCRIPTOMIC	cDNA	PAIRED	ILLUMINA	Illumina HiSeq 4000
SRR24650936	PRJNA974014	SRX20431002	SAMN35159459	CHOZN GS -/- ZFN Clone 23	Chinese Hamster Ovary (CHO)	RNA-Seq	TRANSCRIPTOMIC	cDNA	PAIRED	ILLUMINA	Illumina HiSeq 4000
SRR24650937	PRJNA974014	SRX20431001	SAMN35159460	CHOZN GS -/- ZFN Clone 23	Chinese Hamster Ovary (CHO)	RNA-Seq	TRANSCRIPTOMIC	cDNA	PAIRED	ILLUMINA	Illumina HiSeq 4000
SRR24650938	PRJNA974014	SRX20431000	SAMN35159461	CHOZN GS -/- ZFN Clone 23	Chinese Hamster Ovary (CHO)	RNA-Seq	TRANSCRIPTOMIC	cDNA	PAIRED	ILLUMINA	Illumina HiSeq 4000
SRR24650939	PRJNA974014	SRX20430999	SAMN35159462	CHOZN GS -/- ZFN Clone 23	Chinese Hamster Ovary (CHO)	RNA-Seq	TRANSCRIPTOMIC	cDNA	PAIRED	ILLUMINA	Illumina HiSeq 4000
SRR24650940	PRJNA974014	SRX20430998	SAMN35159463	CHOZN GS -/- ZFN Clone 23	Chinese Hamster Ovary (CHO)	RNA-Seq	TRANSCRIPTOMIC	cDNA	SINGLE	ILLUMINA	Illumina HiSeq 4000
SRR24650941	PRJNA974014	SRX20430997	SAMN35159400	CHOZN GS -/- ZFN Clone 23	Chinese Hamster Ovary (CHO)	RNA-Seq	TRANSCRIPTOMIC	cDNA	PAIRED	ILLUMINA	Illumina HiSeq 4000
SRR24650942	PRJNA974014	SRX20430996	SAMN35159401	CHOZN GS -/- ZFN Clone 23	Chinese Hamster Ovary (CHO)	RNA-Seq	TRANSCRIPTOMIC	cDNA	PAIRED	ILLUMINA	Illumina HiSeq 4000
SRR24650943	PRJNA974014	SRX20430995	SAMN35159402	CHOZN GS -/- ZFN Clone 23	Chinese Hamster Ovary (CHO)	RNA-Seq	TRANSCRIPTOMIC	cDNA	PAIRED	ILLUMINA	Illumina HiSeq 4000
SRR24650944	PRJNA974014	SRX20430994	SAMN35159403	CHOZN GS -/- ZFN Clone 23	Chinese Hamster Ovary (CHO)	RNA-Seq	TRANSCRIPTOMIC	cDNA	PAIRED	ILLUMINA	Illumina HiSeq 4000
SRR24650945	PRJNA974014	SRX20430993	SAMN35159404	CHOZN GS -/- ZFN Clone 23	Chinese Hamster Ovary (CHO)	RNA-Seq	TRANSCRIPTOMIC	cDNA	PAIRED	ILLUMINA	Illumina HiSeq 4000
SRR24650946	PRJNA974014	SRX20430992	SAMN35159405	CHOZN GS -/- ZFN Clone 23	Chinese Hamster Ovary (CHO)	RNA-Seq	TRANSCRIPTOMIC	cDNA	PAIRED	ILLUMINA	Illumina HiSeq 4000
SRR24650947	PRJNA974014	SRX20430991	SAMN35159406	CHOZN GS -/- ZFN Clone 23	Chinese Hamster Ovary (CHO)	RNA-Seq	TRANSCRIPTOMIC	cDNA	PAIRED	ILLUMINA	Illumina HiSeq 4000
SRR24650948	PRJNA974014	SRX20430990	SAMN35159407	CHOZN GS -/- ZFN Clone 23	Chinese Hamster Ovary (CHO)	RNA-Seq	TRANSCRIPTOMIC	cDNA	PAIRED	ILLUMINA	Illumina HiSeq 4000
SRR24650949	PRJNA974014	SRX20430989	SAMN35159432	CHOZN GS -/- ZFN Clone 23	Chinese Hamster Ovary (CHO)	RNA-Seq	TRANSCRIPTOMIC	cDNA	PAIRED	ILLUMINA	Illumina HiSeq 4000
SRR24650950	PRJNA974014	SRX20430988	SAMN35159433	CHOZN GS -/- ZFN Clone 23	Chinese Hamster Ovary (CHO)	RNA-Seq	TRANSCRIPTOMIC	cDNA	PAIRED	ILLUMINA	Illumina HiSeq 4000
SRR24650951	PRJNA974014	SRX20430987	SAMN35159434	CHOZN GS -/- ZFN Clone 23	Chinese Hamster Ovary (CHO)	RNA-Seq	TRANSCRIPTOMIC	cDNA	PAIRED	ILLUMINA	Illumina HiSeq 4000
SRR24650952	PRJNA974014	SRX20430986	SAMN35159435	CHOZN GS -/- ZFN Clone 23	Chinese Hamster Ovary (CHO)	RNA-Seq	TRANSCRIPTOMIC	cDNA	PAIRED	ILLUMINA	Illumina HiSeq 4000
SRR24650953	PRJNA974014	SRX20430985	SAMN35159436	CHOZN GS -/- ZFN Clone 23	Chinese Hamster Ovary (CHO)	RNA-Seq	TRANSCRIPTOMIC	cDNA	PAIRED	ILLUMINA	Illumina HiSeq 4000
SRR24650954	PRJNA974014	SRX20430984	SAMN35159437	CHOZN GS -/- ZFN Clone 23	Chinese Hamster Ovary (CHO)	RNA-Seq	TRANSCRIPTOMIC	cDNA	PAIRED	ILLUMINA	Illumina HiSeq 4000
SRR24650955	PRJNA974014	SRX20430983	SAMN35159438	CHOZN GS -/- ZFN Clone 23	Chinese Hamster Ovary (CHO)	RNA-Seq	TRANSCRIPTOMIC	cDNA	PAIRED	ILLUMINA	Illumina HiSeq 4000
SRR24650956	PRJNA974014	SRX20430982	SAMN35159439	CHOZN GS -/- ZFN Clone 23	Chinese Hamster Ovary (CHO)	RNA-Seq	TRANSCRIPTOMIC	cDNA	PAIRED	ILLUMINA	Illumina HiSeq 4000
SRR24650957	PRJNA974014	SRX20430981	SAMN35159464	CHOZN GS -/- ZFN Clone 23	Chinese Hamster Ovary (CHO)	RNA-Seq	TRANSCRIPTOMIC	cDNA	PAIRED	ILLUMINA	Illumina HiSeq 4000
SRR24650958	PRJNA974014	SRX20430980	SAMN35159465	CHOZN GS -/- ZFN Clone 23	Chinese Hamster Ovary (CHO)	RNA-Seq	TRANSCRIPTOMIC	cDNA	PAIRED	ILLUMINA	Illumina HiSeq 4000
SRR24650959	PRJNA974014	SRX20430979	SAMN35159466	CHOZN GS -/- ZFN Clone 23	Chinese Hamster Ovary (CHO)	RNA-Seq	TRANSCRIPTOMIC	cDNA	PAIRED	ILLUMINA	Illumina HiSeq 4000
SRR24650960	PRJNA974014	SRX20430978	SAMN35159467	CHOZN GS -/- ZFN Clone 23	Chinese Hamster Ovary (CHO)	RNA-Seq	TRANSCRIPTOMIC	cDNA	PAIRED	ILLUMINA	Illumina HiSeq 4000
SRR24650961	PRJNA974014	SRX20430977	SAMN35159468	CHOZN GS -/- ZFN Clone 23	Chinese Hamster Ovary (CHO)	RNA-Seq	TRANSCRIPTOMIC	cDNA	PAIRED	ILLUMINA	Illumina HiSeq 4000
SRR24650962	PRJNA974014	SRX20430976	SAMN35159469	CHOZN GS -/- ZFN Clone 23	Chinese Hamster Ovary (CHO)	RNA-Seq	TRANSCRIPTOMIC	cDNA	PAIRED	ILLUMINA	Illumina HiSeq 4000
SRR24650963	PRJNA974014	SRX20430975	SAMN35159470	CHOZN GS -/- ZFN Clone 23	Chinese Hamster Ovary (CHO)	RNA-Seq	TRANSCRIPTOMIC	cDNA	PAIRED	ILLUMINA	Illumina HiSeq 4000
SRR24650964	PRJNA974014	SRX20430974	SAMN35159471	CHOZN GS -/- ZFN Clone 23	Chinese Hamster Ovary (CHO)	RNA-Seq	TRANSCRIPTOMIC	cDNA	PAIRED	ILLUMINA	Illumina HiSeq 4000
SRR24650965	PRJNA974014	SRX20430973	SAMN35159408	CHOZN GS -/- ZFN Clone 23	Chinese Hamster Ovary (CHO)	RNA-Seq	TRANSCRIPTOMIC	cDNA	PAIRED	ILLUMINA	Illumina HiSeq 4000
SRR24650966	PRJNA974014	SRX20430972	SAMN35159409	CHOZN GS -/- ZFN Clone 23	Chinese Hamster Ovary (CHO)	RNA-Seq	TRANSCRIPTOMIC	cDNA	PAIRED	ILLUMINA	Illumina HiSeq 4000
SRR24650967	PRJNA974014	SRX20430971	SAMN35159410	CHOZN GS -/- ZFN Clone 23	Chinese Hamster Ovary (CHO)	RNA-Seq	TRANSCRIPTOMIC	cDNA	PAIRED	ILLUMINA	Illumina HiSeq 4000
SRR24650968	PRJNA974014	SRX20430970	SAMN35159411	CHOZN GS -/- ZFN Clone 23	Chinese Hamster Ovary (CHO)	RNA-Seq	TRANSCRIPTOMIC	cDNA	PAIRED	ILLUMINA	Illumina HiSeq 4000
SRR24650969	PRJNA974014	SRX20430969	SAMN35159412	CHOZN GS -/- ZFN Clone 23	Chinese Hamster Ovary (CHO)	RNA-Seq	TRANSCRIPTOMIC	cDNA	PAIRED	ILLUMINA	Illumina HiSeq 4000
SRR24650970	PRJNA974014	SRX20430968	SAMN35159413	CHOZN GS -/- ZFN Clone 23	Chinese Hamster Ovary (CHO)	RNA-Seq	TRANSCRIPTOMIC	cDNA	PAIRED	ILLUMINA	Illumina HiSeq 4000
SRR24650971	PRJNA974014	SRX20430967	SAMN35159414	CHOZN GS -/- ZFN Clone 23	Chinese Hamster Ovary (CHO)	RNA-Seq	TRANSCRIPTOMIC	cDNA	PAIRED	ILLUMINA	Illumina HiSeq 4000
SRR24650972	PRJNA974014	SRX20430966	SAMN35159415	CHOZN GS -/- ZFN Clone 23	Chinese Hamster Ovary (CHO)	RNA-Seq	TRANSCRIPTOMIC	cDNA	PAIRED	ILLUMINA	Illumina HiSeq 4000
SRR24650973	PRJNA974014	SRX20430965	SAMN35159440	CHOZN GS -/- ZFN Clone 23	Chinese Hamster Ovary (CHO)	RNA-Seq	TRANSCRIPTOMIC	cDNA	PAIRED	ILLUMINA	Illumina HiSeq 4000
SRR24650974	PRJNA974014	SRX20430964	SAMN35159441	CHOZN GS -/- ZFN Clone 23	Chinese Hamster Ovary (CHO)	RNA-Seq	TRANSCRIPTOMIC	cDNA	PAIRED	ILLUMINA	Illumina HiSeq 4000
SRR24650975	PRJNA974014	SRX20430963	SAMN35159442	CHOZN GS -/- ZFN Clone 23	Chinese Hamster Ovary (CHO)	RNA-Seq	TRANSCRIPTOMIC	cDNA	PAIRED	ILLUMINA	Illumina HiSeq 4000
SRR24650976	PRJNA974014	SRX20430962	SAMN35159443	CHOZN GS -/- ZFN Clone 23	Chinese Hamster Ovary (CHO)	RNA-Seq	TRANSCRIPTOMIC	cDNA	PAIRED	ILLUMINA	Illumina HiSeq 4000
SRR24650977	PRJNA974014	SRX20430961	SAMN35159444	CHOZN GS -/- ZFN Clone 23	Chinese Hamster Ovary (CHO)	RNA-Seq	TRANSCRIPTOMIC	cDNA	PAIRED	ILLUMINA	Illumina HiSeq 4000
SRR24650978	PRJNA974014	SRX20430960	SAMN35159445	CHOZN GS -/- ZFN Clone 23	Chinese Hamster Ovary (CHO)	RNA-Seq	TRANSCRIPTOMIC	cDNA	PAIRED	ILLUMINA	Illumina HiSeq 4000
SRR24650979	PRJNA974014	SRX20430959	SAMN35159446	CHOZN GS -/- ZFN Clone 23	Chinese Hamster Ovary (CHO)	RNA-Seq	TRANSCRIPTOMIC	cDNA	PAIRED	ILLUMINA	Illumina HiSeq 4000
SRR24650980	PRJNA974014	SRX20430958	SAMN35159447	CHOZN GS -/- ZFN Clone 23	Chinese Hamster Ovary (CHO)	RNA-Seq	TRANSCRIPTOMIC	cDNA	PAIRED	ILLUMINA	Illumina HiSeq 4000
SRR24650981	PRJNA974014	SRX20430957	SAMN35159472	CHOZN GS -/- ZFN Clone 23	Chinese Hamster Ovary (CHO)	RNA-Seq	TRANSCRIPTOMIC	cDNA	PAIRED	ILLUMINA	Illumina HiSeq 4000
SRR24650982	PRJNA974014	SRX20430956	SAMN35159473	CHOZN GS -/- ZFN Clone 23	Chinese Hamster Ovary (CHO)	RNA-Seq	TRANSCRIPTOMIC	cDNA	PAIRED	ILLUMINA	Illumina HiSeq 4000
SRR24650983	PRJNA974014	SRX20430955	SAMN35159474	CHOZN GS -/- ZFN Clone 23	Chinese Hamster Ovary (CHO)	RNA-Seq	TRANSCRIPTOMIC	cDNA	PAIRED	ILLUMINA	Illumina HiSeq 4000
SRR24650984	PRJNA974014	SRX20430954	SAMN35159475	CHOZN GS -/- ZFN Clone 23	Chinese Hamster Ovary (CHO)	RNA-Seq	TRANSCRIPTOMIC	cDNA	PAIRED	ILLUMINA	Illumina HiSeq 4000
SRR24650985	PRJNA974014	SRX20430953	SAMN35159476	CHOZN GS -/- ZFN Clone 23	Chinese Hamster Ovary (CHO)	RNA-Seq	TRANSCRIPTOMIC	cDNA	PAIRED	ILLUMINA	Illumina HiSeq 4000
SRR24650986	PRJNA974014	SRX20430952	SAMN35159477	CHOZN GS -/- ZFN Clone 23	Chinese Hamster Ovary (CHO)	RNA-Seq	TRANSCRIPTOMIC	cDNA	PAIRED	ILLUMINA	Illumina HiSeq 4000
SRR24650987	PRJNA974014	SRX20430951	SAMN35159478	CHOZN GS -/- ZFN Clone 23	Chinese Hamster Ovary (CHO)	RNA-Seq	TRANSCRIPTOMIC	cDNA	PAIRED	ILLUMINA	Illumina HiSeq 4000
SRR24650988	PRJNA974014	SRX20430950	SAMN35159479	CHOZN GS -/- ZFN Clone 23	Chinese Hamster Ovary (CHO)	RNA-Seq	TRANSCRIPTOMIC	cDNA	PAIRED	ILLUMINA	Illumina HiSeq 4000
SRR24650989	PRJNA974014	SRX20430949	SAMN35159480	CHOZN GS -/- ZFN Clone 23	Chinese Hamster Ovary (CHO)	RNA-Seq	TRANSCRIPTOMIC	cDNA	PAIRED	ILLUMINA	Illumina HiSeq 4000
SRR24650990	PRJNA974014	SRX20430948	SAMN35159481	CHOZN GS -/- ZFN Clone 23	Chinese Hamster Ovary (CHO)	RNA-Seq	TRANSCRIPTOMIC	cDNA	PAIRED	ILLUMINA	Illumina HiSeq 4000
SRR24650991	PRJNA974014	SRX20430947	SAMN35159482	CHOZN GS -/- ZFN Clone 23	Chinese Hamster Ovary (CHO)	RNA-Seq	TRANSCRIPTOMIC	cDNA	PAIRED	ILLUMINA	Illumina HiSeq 4000
SRR24650992	PRJNA974014	SRX20430946	SAMN35159483	CHOZN GS -/- ZFN Clone 23	Chinese Hamster Ovary (CHO)	RNA-Seq	TRANSCRIPTOMIC	cDNA	PAIRED	ILLUMINA	Illumina HiSeq 4000
SRR24650993	PRJNA974014	SRX20430945	SAMN35159484	CHOZN GS -/- ZFN Clone 23	Chinese Hamster Ovary (CHO)	RNA-Seq	TRANSCRIPTOMIC	cDNA	PAIRED	ILLUMINA	Illumina HiSeq 4000
SRR24650994	PRJNA974014	SRX20430944	SAMN35159485	CHOZN GS -/- ZFN Clone 23	Chinese Hamster Ovary (CHO)	RNA-Seq	TRANSCRIPTOMIC	cDNA	PAIRED	ILLUMINA	Illumina HiSeq 4000
SRR24650995	PRJNA974014	SRX20430943	SAMN35159486	CHOZN GS -/- ZFN Clone 23	Chinese Hamster Ovary (CHO)	RNA-Seq	TRANSCRIPTOMIC	cDNA	PAIRED	ILLUMINA	Illumina HiSeq 4000
SRR24650996	PRJNA974014	SRX20430942	SAMN35159487	CHOZN GS -/- ZFN Clone 23	Chinese Hamster Ovary (CHO)	RNA-Seq	TRANSCRIPTOMIC	cDNA	PAIRED	ILLUMINA	Illumina HiSeq 4000
SRR24650997	PRJNA974014	SRX20431036	SAMN35159416	CHOZN GS -/- ZFN Clone 23	Chinese Hamster Ovary (CHO)	RNA-Seq	TRANSCRIPTOMIC	cDNA	PAIRED	ILLUMINA	Illumina HiSeq 4000
SRR24650998	PRJNA974014	SRX20431035	SAMN35159417	CHOZN GS -/- ZFN Clone 23	Chinese Hamster Ovary (CHO)	RNA-Seq	TRANSCRIPTOMIC	cDNA	PAIRED	ILLUMINA	Illumina HiSeq 4000
SRR24650999	PRJNA974014	SRX20431034	SAMN35159418	CHOZN GS -/- ZFN Clone 23	Chinese Hamster Ovary (CHO)	RNA-Seq	TRANSCRIPTOMIC	cDNA	PAIRED	ILLUMINA	Illumina HiSeq 4000
SRR24651000	PRJNA974014	SRX20431033	SAMN35159419	CHOZN GS -/- ZFN Clone 23	Chinese Hamster Ovary (CHO)	RNA-Seq	TRANSCRIPTOMIC	cDNA	PAIRED	ILLUMINA	Illumina HiSeq 4000
SRR24651001	PRJNA974014	SRX20431032	SAMN35159420	CHOZN GS -/- ZFN Clone 23	Chinese Hamster Ovary (CHO)	RNA-Seq	TRANSCRIPTOMIC	cDNA	PAIRED	ILLUMINA	Illumina HiSeq 4000
SRR24651002	PRJNA974014	SRX20431031	SAMN35159421	CHOZN GS -/- ZFN Clone 23	Chinese Hamster Ovary (CHO)	RNA-Seq	TRANSCRIPTOMIC	cDNA	PAIRED	ILLUMINA	Illumina HiSeq 4000
SRR24651003	PRJNA974014	SRX20431030	SAMN35159422	CHOZN GS -/- ZFN Clone 23	Chinese Hamster Ovary (CHO)	RNA-Seq	TRANSCRIPTOMIC	cDNA	PAIRED	ILLUMINA	Illumina HiSeq 4000
SRR24651004	PRJNA974014	SRX20431029	SAMN35159423	CHOZN GS -/- ZFN Clone 23	Chinese Hamster Ovary (CHO)	RNA-Seq	TRANSCRIPTOMIC	cDNA	PAIRED	ILLUMINA	Illumina HiSeq 4000
SRR25184716	PRJNA992436	SRX20932350	SAMN36352946			RNA-Seq	TRANSCRIPTOMIC	Oligo-dT	PAIRED	ILLUMINA	Illumina NovaSeq 6000
SRR25184717	PRJNA992436	SRX20932349	SAMN36352946			RNA-Seq	TRANSCRIPTOMIC	Oligo-dT	PAIRED	ILLUMINA	Illumina NovaSeq 6000
SRR25184718	PRJNA992436	SRX20932348	SAMN36352946			RNA-Seq	TRANSCRIPTOMIC	Oligo-dT	PAIRED	ILLUMINA	Illumina NovaSeq 6000
SRR25184719	PRJNA992436	SRX20932347	SAMN36352946			RNA-Seq	TRANSCRIPTOMIC	Oligo-dT	PAIRED	ILLUMINA	Illumina NovaSeq 6000
SRR25184720	PRJNA992436	SRX20932346	SAMN36352946			RNA-Seq	TRANSCRIPTOMIC	Oligo-dT	PAIRED	ILLUMINA	Illumina NovaSeq 6000
SRR25184721	PRJNA992436	SRX20932345	SAMN36352946			RNA-Seq	TRANSCRIPTOMIC	Oligo-dT	PAIRED	ILLUMINA	Illumina NovaSeq 6000
SRR28349048	PRJNA1088164	SRX23955098	SAMN40463204			RNA-Seq	TRANSCRIPTOMIC	PCR	PAIRED	ILLUMINA	Illumina NovaSeq 6000
SRR28349049	PRJNA1088164	SRX23955097	SAMN40463203			RNA-Seq	TRANSCRIPTOMIC	PCR	PAIRED	ILLUMINA	Illumina NovaSeq 6000
SRR28349050	PRJNA1088164	SRX23955096	SAMN40463202			RNA-Seq	TRANSCRIPTOMIC	PCR	PAIRED	ILLUMINA	Illumina NovaSeq 6000
SRR28349051	PRJNA1088164	SRX23955095	SAMN40463201			RNA-Seq	TRANSCRIPTOMIC	PCR	PAIRED	ILLUMINA	Illumina NovaSeq 6000
SRR28349052	PRJNA1088164	SRX23955094	SAMN40463200			RNA-Seq	TRANSCRIPTOMIC	PCR	PAIRED	ILLUMINA	Illumina NovaSeq 6000
SRR28349053	PRJNA1088164	SRX23955093	SAMN40463199			RNA-Seq	TRANSCRIPTOMIC	PCR	PAIRED	ILLUMINA	Illumina NovaSeq 6000
SRR28349054	PRJNA1088164	SRX23955092	SAMN40463198			RNA-Seq	TRANSCRIPTOMIC	PCR	PAIRED	ILLUMINA	Illumina NovaSeq 6000
SRR28349055	PRJNA1088164	SRX23955091	SAMN40463197			RNA-Seq	TRANSCRIPTOMIC	PCR	PAIRED	ILLUMINA	Illumina NovaSeq 6000
SRR28349056	PRJNA1088164	SRX23955090	SAMN40463210			RNA-Seq	TRANSCRIPTOMIC	PCR	PAIRED	ILLUMINA	Illumina NovaSeq 6000
SRR28349057	PRJNA1088164	SRX23955089	SAMN40463209			RNA-Seq	TRANSCRIPTOMIC	PCR	PAIRED	ILLUMINA	Illumina NovaSeq 6000
SRR28349058	PRJNA1088164	SRX23955088	SAMN40463208			RNA-Seq	TRANSCRIPTOMIC	PCR	PAIRED	ILLUMINA	Illumina NovaSeq 6000
SRR28349059	PRJNA1088164	SRX23955087	SAMN40463207			RNA-Seq	TRANSCRIPTOMIC	PCR	PAIRED	ILLUMINA	Illumina NovaSeq 6000
SRR28349060	PRJNA1088164	SRX23955086	SAMN40463206			RNA-Seq	TRANSCRIPTOMIC	PCR	PAIRED	ILLUMINA	Illumina NovaSeq 6000
SRR28349061	PRJNA1088164	SRX23955085	SAMN40463205			RNA-Seq	TRANSCRIPTOMIC	PCR	PAIRED	ILLUMINA	Illumina NovaSeq 6000
SRR28349062	PRJNA1088164	SRX23955084	SAMN40463196			RNA-Seq	TRANSCRIPTOMIC	PCR	PAIRED	ILLUMINA	Illumina NovaSeq 6000
SRR28349063	PRJNA1088164	SRX23955083	SAMN40463195			RNA-Seq	TRANSCRIPTOMIC	PCR	PAIRED	ILLUMINA	Illumina NovaSeq 6000
SRR28413170	PRJNA1090557	SRX24017562	SAMN40570597			RNA-Seq	TRANSCRIPTOMIC	PCR	PAIRED	ILLUMINA	Illumina NovaSeq 6000
SRR28413171	PRJNA1090557	SRX24017561	SAMN40570596			RNA-Seq	TRANSCRIPTOMIC	PCR	PAIRED	ILLUMINA	Illumina NovaSeq 6000
SRR2922597	PRJNA302601	SRX1436207	SAMN04275174	CHO-K1		RNA-Seq	TRANSCRIPTOMIC	cDNA	SINGLE	ILLUMINA	Illumina MiSeq
SRR2922598	PRJNA302601	SRX1436208	SAMN04275175	CHO-K1		RNA-Seq	TRANSCRIPTOMIC	cDNA	SINGLE	ILLUMINA	Illumina MiSeq
SRR2922599	PRJNA302601	SRX1436209	SAMN04275176	CHO-K1		RNA-Seq	TRANSCRIPTOMIC	cDNA	SINGLE	ILLUMINA	Illumina MiSeq
SRR2922600	PRJNA302601	SRX1436210	SAMN04275177	CHO-K1		RNA-Seq	TRANSCRIPTOMIC	cDNA	SINGLE	ILLUMINA	Illumina MiSeq
SRR2922601	PRJNA302601	SRX1436211	SAMN04275178	CHO-K1		RNA-Seq	TRANSCRIPTOMIC	cDNA	SINGLE	ILLUMINA	Illumina MiSeq
SRR2922602	PRJNA302601	SRX1436212	SAMN04275179	CHO-K1		RNA-Seq	TRANSCRIPTOMIC	cDNA	SINGLE	ILLUMINA	Illumina MiSeq
SRR2922603	PRJNA302601	SRX1436213	SAMN04275180	CHO-K1		RNA-Seq	TRANSCRIPTOMIC	cDNA	SINGLE	ILLUMINA	Illumina MiSeq
SRR2922604	PRJNA302601	SRX1436214	SAMN04275181	CHO-K1		RNA-Seq	TRANSCRIPTOMIC	cDNA	SINGLE	ILLUMINA	Illumina MiSeq
SRR2922605	PRJNA302601	SRX1436215	SAMN04275182	CHO-K1		RNA-Seq	TRANSCRIPTOMIC	cDNA	SINGLE	ILLUMINA	Illumina MiSeq
SRR2922606	PRJNA302601	SRX1436216	SAMN04275183	CHO-K1		RNA-Seq	TRANSCRIPTOMIC	cDNA	SINGLE	ILLUMINA	Illumina MiSeq
SRR29441690	PRJNA1123849	SRX24954114	SAMN41829164	CHO-K1		RNA-Seq	TRANSCRIPTOMIC	PCR	PAIRED	ILLUMINA	Illumina NovaSeq 6000
SRR29441691	PRJNA1123849	SRX24954113	SAMN41829163	CHO-K1		RNA-Seq	TRANSCRIPTOMIC	PCR	PAIRED	ILLUMINA	Illumina NovaSeq 6000
SRR29441692	PRJNA1123849	SRX24954112	SAMN41829162	CHO-K1		RNA-Seq	TRANSCRIPTOMIC	PCR	PAIRED	ILLUMINA	Illumina NovaSeq 6000
SRR29441693	PRJNA1123849	SRX24954111	SAMN41829161	CHO-K1		RNA-Seq	TRANSCRIPTOMIC	PCR	PAIRED	ILLUMINA	Illumina NovaSeq 6000
SRR29441694	PRJNA1123849	SRX24954110	SAMN41829160	CHO-K1		RNA-Seq	TRANSCRIPTOMIC	PCR	PAIRED	ILLUMINA	Illumina NovaSeq 6000
SRR29441695	PRJNA1123849	SRX24954109	SAMN41829159	CHO-K1		RNA-Seq	TRANSCRIPTOMIC	PCR	PAIRED	ILLUMINA	Illumina NovaSeq 6000
SRR29441696	PRJNA1123849	SRX24954108	SAMN41829158	CHO-K1		RNA-Seq	TRANSCRIPTOMIC	PCR	PAIRED	ILLUMINA	Illumina NovaSeq 6000
SRR29441697	PRJNA1123849	SRX24954107	SAMN41829157	CHO-K1		RNA-Seq	TRANSCRIPTOMIC	PCR	PAIRED	ILLUMINA	Illumina NovaSeq 6000
SRR29441698	PRJNA1123849	SRX24954106	SAMN41829166	CHO-K1		RNA-Seq	TRANSCRIPTOMIC	PCR	PAIRED	ILLUMINA	Illumina NovaSeq 6000
SRR29441699	PRJNA1123849	SRX24954105	SAMN41829165	CHO-K1		RNA-Seq	TRANSCRIPTOMIC	PCR	PAIRED	ILLUMINA	Illumina NovaSeq 6000
SRR29441700	PRJNA1123849	SRX24954104	SAMN41829156	CHO-K1		RNA-Seq	TRANSCRIPTOMIC	PCR	PAIRED	ILLUMINA	Illumina NovaSeq 6000
SRR29441701	PRJNA1123849	SRX24954103	SAMN41829155	CHO-K1		RNA-Seq	TRANSCRIPTOMIC	PCR	PAIRED	ILLUMINA	Illumina NovaSeq 6000
SRR29672912	PRJNA1130622	SRX25176403	SAMN42212541	rCHO DP-12		RNA-Seq	TRANSCRIPTOMIC	cDNA_oligo_dT	PAIRED	ILLUMINA	Illumina HiSeq 2500
SRR29672913	PRJNA1130622	SRX25176402	SAMN42212540	rCHO DP-12		RNA-Seq	TRANSCRIPTOMIC	cDNA_oligo_dT	PAIRED	ILLUMINA	Illumina HiSeq 2500
SRR29672921	PRJNA1130622	SRX25176394	SAMN42212557	CHO dhFr-		RNA-Seq	TRANSCRIPTOMIC	cDNA_oligo_dT	PAIRED	ILLUMINA	Illumina HiSeq 2500
SRR29672924	PRJNA1130622	SRX25176390	SAMN42212553	rCHO DP-12		RNA-Seq	TRANSCRIPTOMIC	cDNA_oligo_dT	PAIRED	ILLUMINA	Illumina HiSeq 2500
SRR29672926	PRJNA1130622	SRX25176387	SAMN42212550	rCHO DP-12		RNA-Seq	TRANSCRIPTOMIC	cDNA_oligo_dT	PAIRED	ILLUMINA	Illumina HiSeq 2500
SRR29672927	PRJNA1130622	SRX25176386	SAMN42212551	rCHO DP-12		RNA-Seq	TRANSCRIPTOMIC	cDNA_oligo_dT	PAIRED	ILLUMINA	Illumina HiSeq 2500
SRR29672928	PRJNA1130622	SRX25176389	SAMN42212552	rCHO DP-12		RNA-Seq	TRANSCRIPTOMIC	cDNA_oligo_dT	PAIRED	ILLUMINA	Illumina HiSeq 2500
SRR29672929	PRJNA1130622	SRX25176391	SAMN42212554	rCHO DP-12		RNA-Seq	TRANSCRIPTOMIC	cDNA_oligo_dT	PAIRED	ILLUMINA	Illumina HiSeq 2500
SRR29672930	PRJNA1130622	SRX25176385	SAMN42212549	rCHO DP-12		RNA-Seq	TRANSCRIPTOMIC	cDNA_oligo_dT	PAIRED	ILLUMINA	Illumina HiSeq 2500
SRR29672931	PRJNA1130622	SRX25176383	SAMN42212547	rCHO DP-12		RNA-Seq	TRANSCRIPTOMIC	cDNA_oligo_dT	PAIRED	ILLUMINA	Illumina HiSeq 2500
SRR29672932	PRJNA1130622	SRX25176381	SAMN42212545	CHO K1-PF		RNA-Seq	TRANSCRIPTOMIC	cDNA_oligo_dT	PAIRED	ILLUMINA	Illumina HiSeq 2500
SRR29672934	PRJNA1130622	SRX25176378	SAMN42212542	CHO K1-PF		RNA-Seq	TRANSCRIPTOMIC	cDNA_oligo_dT	PAIRED	ILLUMINA	Illumina HiSeq 2500
SRR29672936	PRJNA1130622	SRX25176382	SAMN42212546	rCHO DP-12		RNA-Seq	TRANSCRIPTOMIC	cDNA_oligo_dT	PAIRED	ILLUMINA	Illumina HiSeq 2500
SRR29672939	PRJNA1130622	SRX25176376	SAMN42212532	rCHO DP-12		RNA-Seq	TRANSCRIPTOMIC	cDNA_oligo_dT	PAIRED	ILLUMINA	Illumina HiSeq 2500
SRR2968323	PRJNA304606	SRX1457795	SAMN04305210			RNA-Seq	TRANSCRIPTOMIC	cDNA	PAIRED	ILLUMINA	Illumina HiSeq 2500
SRR2968324	PRJNA304606	SRX1457796	SAMN04305211			RNA-Seq	TRANSCRIPTOMIC	cDNA	PAIRED	ILLUMINA	Illumina HiSeq 2500
SRR2968325	PRJNA304606	SRX1457797	SAMN04305212			RNA-Seq	TRANSCRIPTOMIC	cDNA	PAIRED	ILLUMINA	Illumina HiSeq 2500
SRR2968326	PRJNA304606	SRX1457798	SAMN04305213			RNA-Seq	TRANSCRIPTOMIC	cDNA	PAIRED	ILLUMINA	Illumina HiSeq 2500
SRR2968327	PRJNA304606	SRX1457799	SAMN04305214			RNA-Seq	TRANSCRIPTOMIC	cDNA	PAIRED	ILLUMINA	Illumina HiSeq 2500
SRR2968328	PRJNA304606	SRX1457800	SAMN04305215			RNA-Seq	TRANSCRIPTOMIC	cDNA	PAIRED	ILLUMINA	Illumina HiSeq 2500
SRR3161757	PRJNA311594	SRX1570960	SAMN04501027	CHO-S		RNA-Seq	TRANSCRIPTOMIC	cDNA	PAIRED	ILLUMINA	Illumina HiSeq 2500
SRR3161758	PRJNA311594	SRX1570961	SAMN04501028	CHO-S		RNA-Seq	TRANSCRIPTOMIC	cDNA	PAIRED	ILLUMINA	Illumina HiSeq 2500
SRR3161759	PRJNA311594	SRX1570962	SAMN04501029	CHO-S		RNA-Seq	TRANSCRIPTOMIC	cDNA	PAIRED	ILLUMINA	Illumina HiSeq 2500
SRR3161760	PRJNA311594	SRX1570963	SAMN04501030	CHO-S		RNA-Seq	TRANSCRIPTOMIC	cDNA	PAIRED	ILLUMINA	Illumina HiSeq 2500
SRR3161761	PRJNA311594	SRX1570964	SAMN04501031	CHO-S		RNA-Seq	TRANSCRIPTOMIC	cDNA	PAIRED	ILLUMINA	Illumina HiSeq 2500
SRR3161762	PRJNA311594	SRX1570965	SAMN04501032	CHO-S		RNA-Seq	TRANSCRIPTOMIC	cDNA	PAIRED	ILLUMINA	Illumina HiSeq 2500
SRR3161763	PRJNA311594	SRX1570966	SAMN04501033	CHO-S		RNA-Seq	TRANSCRIPTOMIC	cDNA	PAIRED	ILLUMINA	Illumina HiSeq 2500
SRR3161764	PRJNA311594	SRX1570967	SAMN04501034	CHO-S		RNA-Seq	TRANSCRIPTOMIC	cDNA	PAIRED	ILLUMINA	Illumina HiSeq 2500
SRR3161765	PRJNA311594	SRX1570968	SAMN04501035	CHO-S		RNA-Seq	TRANSCRIPTOMIC	cDNA	PAIRED	ILLUMINA	Illumina HiSeq 2500
SRR3161766	PRJNA311594	SRX1570969	SAMN04501036	CHO-S		RNA-Seq	TRANSCRIPTOMIC	cDNA	PAIRED	ILLUMINA	Illumina HiSeq 2500
SRR3161767	PRJNA311594	SRX1570970	SAMN04501037	CHO-S		RNA-Seq	TRANSCRIPTOMIC	cDNA	PAIRED	ILLUMINA	Illumina HiSeq 2500
SRR3161768	PRJNA311594	SRX1570971	SAMN04501038	CHO-S		RNA-Seq	TRANSCRIPTOMIC	cDNA	PAIRED	ILLUMINA	Illumina HiSeq 2500
SRR3161769	PRJNA311594	SRX1570972	SAMN04501039	CHO-S		RNA-Seq	TRANSCRIPTOMIC	cDNA	PAIRED	ILLUMINA	Illumina HiSeq 2500
SRR3161770	PRJNA311594	SRX1570973	SAMN04501040	CHO-S		RNA-Seq	TRANSCRIPTOMIC	cDNA	PAIRED	ILLUMINA	Illumina HiSeq 2500
SRR3161771	PRJNA311594	SRX1570974	SAMN04501041	CHO-S		RNA-Seq	TRANSCRIPTOMIC	cDNA	PAIRED	ILLUMINA	Illumina HiSeq 2500
SRR3161772	PRJNA311594	SRX1570975	SAMN04501042	CHO-S		RNA-Seq	TRANSCRIPTOMIC	cDNA	PAIRED	ILLUMINA	Illumina HiSeq 2500
SRR3161773	PRJNA311594	SRX1570976	SAMN04501043	CHO-S		RNA-Seq	TRANSCRIPTOMIC	cDNA	PAIRED	ILLUMINA	Illumina HiSeq 2500
SRR3161774	PRJNA311594	SRX1570977	SAMN04501044	CHO-S		RNA-Seq	TRANSCRIPTOMIC	cDNA	PAIRED	ILLUMINA	Illumina HiSeq 2500
SRR3161775	PRJNA311594	SRX1570978	SAMN04501045	CHO-S		RNA-Seq	TRANSCRIPTOMIC	cDNA	PAIRED	ILLUMINA	Illumina HiSeq 2500
SRR3161776	PRJNA311594	SRX1570979	SAMN04501046	CHO-S		RNA-Seq	TRANSCRIPTOMIC	cDNA	PAIRED	ILLUMINA	Illumina HiSeq 2500
SRR3161777	PRJNA311594	SRX1570980	SAMN04501047	CHO-S		RNA-Seq	TRANSCRIPTOMIC	cDNA	PAIRED	ILLUMINA	Illumina HiSeq 2500
SRR3161778	PRJNA311594	SRX1570981	SAMN04501048	CHO-S		RNA-Seq	TRANSCRIPTOMIC	cDNA	PAIRED	ILLUMINA	Illumina HiSeq 2500
SRR3161779	PRJNA311594	SRX1570982	SAMN04501049	CHO-S		RNA-Seq	TRANSCRIPTOMIC	cDNA	PAIRED	ILLUMINA	Illumina HiSeq 2500
SRR3161780	PRJNA311594	SRX1570983	SAMN04501050	CHO-S		RNA-Seq	TRANSCRIPTOMIC	cDNA	PAIRED	ILLUMINA	Illumina HiSeq 2500
SRR3161781	PRJNA311594	SRX1570984	SAMN04501051	CHO-S		RNA-Seq	TRANSCRIPTOMIC	cDNA	PAIRED	ILLUMINA	Illumina HiSeq 2500
SRR3161782	PRJNA311594	SRX1570985	SAMN04501052	CHO-S		RNA-Seq	TRANSCRIPTOMIC	cDNA	PAIRED	ILLUMINA	Illumina HiSeq 2500
SRR3161783	PRJNA311594	SRX1570986	SAMN04501053	CHO-S		RNA-Seq	TRANSCRIPTOMIC	cDNA	PAIRED	ILLUMINA	Illumina HiSeq 2500
SRR3161784	PRJNA311594	SRX1570987	SAMN04501054	CHO-S		RNA-Seq	TRANSCRIPTOMIC	cDNA	PAIRED	ILLUMINA	Illumina HiSeq 2500
SRR3161785	PRJNA311594	SRX1570988	SAMN04501055	CHO-S		RNA-Seq	TRANSCRIPTOMIC	cDNA	PAIRED	ILLUMINA	Illumina HiSeq 2500
SRR3161786	PRJNA311594	SRX1570989	SAMN04501056	CHO-S		RNA-Seq	TRANSCRIPTOMIC	cDNA	PAIRED	ILLUMINA	Illumina HiSeq 2500
SRR3161787	PRJNA311594	SRX1570990	SAMN04501057	CHO-S		RNA-Seq	TRANSCRIPTOMIC	cDNA	PAIRED	ILLUMINA	Illumina HiSeq 2500
SRR3161788	PRJNA311594	SRX1570991	SAMN04501058	CHO-S		RNA-Seq	TRANSCRIPTOMIC	cDNA	PAIRED	ILLUMINA	Illumina HiSeq 2500
SRR3161789	PRJNA311594	SRX1570992	SAMN04501059	CHO-S		RNA-Seq	TRANSCRIPTOMIC	cDNA	PAIRED	ILLUMINA	Illumina HiSeq 2500
SRR3161790	PRJNA311594	SRX1570993	SAMN04501060	CHO-S		RNA-Seq	TRANSCRIPTOMIC	cDNA	PAIRED	ILLUMINA	Illumina HiSeq 2500
SRR3161791	PRJNA311594	SRX1570994	SAMN04501061	CHO-S		RNA-Seq	TRANSCRIPTOMIC	cDNA	PAIRED	ILLUMINA	Illumina HiSeq 2500
SRR3161792	PRJNA311594	SRX1570995	SAMN04501062	CHO-S		RNA-Seq	TRANSCRIPTOMIC	cDNA	PAIRED	ILLUMINA	Illumina HiSeq 2500
SRR3161793	PRJNA311594	SRX1570996	SAMN04501063	CHO-S		RNA-Seq	TRANSCRIPTOMIC	cDNA	PAIRED	ILLUMINA	Illumina HiSeq 2500
SRR3161794	PRJNA311594	SRX1570997	SAMN04501064	CHO-S		RNA-Seq	TRANSCRIPTOMIC	cDNA	PAIRED	ILLUMINA	Illumina HiSeq 2500
SRR3161795	PRJNA311594	SRX1570998	SAMN04501065	CHO-S		RNA-Seq	TRANSCRIPTOMIC	cDNA	PAIRED	ILLUMINA	Illumina HiSeq 2500
SRR3161796	PRJNA311594	SRX1570999	SAMN04501066	CHO-S		RNA-Seq	TRANSCRIPTOMIC	cDNA	PAIRED	ILLUMINA	Illumina HiSeq 2500
SRR3284443	PRJNA316065	SRX1655601	SAMN04574676			RNA-Seq	TRANSCRIPTOMIC	cDNA	SINGLE	ILLUMINA	Illumina HiSeq 2500
SRR3284444	PRJNA316065	SRX1655601	SAMN04574676			RNA-Seq	TRANSCRIPTOMIC	cDNA	SINGLE	ILLUMINA	Illumina HiSeq 2500
SRR3284445	PRJNA316065	SRX1655602	SAMN04574677			RNA-Seq	TRANSCRIPTOMIC	cDNA	SINGLE	ILLUMINA	Illumina HiSeq 2500
SRR3284446	PRJNA316065	SRX1655602	SAMN04574677			RNA-Seq	TRANSCRIPTOMIC	cDNA	SINGLE	ILLUMINA	Illumina HiSeq 2500
SRR3284447	PRJNA316065	SRX1655603	SAMN04574678			RNA-Seq	TRANSCRIPTOMIC	cDNA	SINGLE	ILLUMINA	Illumina HiSeq 2500
SRR3284448	PRJNA316065	SRX1655603	SAMN04574678			RNA-Seq	TRANSCRIPTOMIC	cDNA	SINGLE	ILLUMINA	Illumina HiSeq 2500
SRR3284455	PRJNA316065	SRX1655607	SAMN04574682			RNA-Seq	TRANSCRIPTOMIC	cDNA	SINGLE	ILLUMINA	Illumina HiSeq 2500
SRR3284456	PRJNA316065	SRX1655607	SAMN04574682			RNA-Seq	TRANSCRIPTOMIC	cDNA	SINGLE	ILLUMINA	Illumina HiSeq 2500
SRR3284457	PRJNA316065	SRX1655608	SAMN04574683			RNA-Seq	TRANSCRIPTOMIC	cDNA	SINGLE	ILLUMINA	Illumina HiSeq 2500
SRR3284458	PRJNA316065	SRX1655608	SAMN04574683			RNA-Seq	TRANSCRIPTOMIC	cDNA	SINGLE	ILLUMINA	Illumina HiSeq 2500
SRR3284459	PRJNA316065	SRX1655609	SAMN04574684			RNA-Seq	TRANSCRIPTOMIC	cDNA	SINGLE	ILLUMINA	Illumina HiSeq 2500
SRR3284460	PRJNA316065	SRX1655609	SAMN04574684			RNA-Seq	TRANSCRIPTOMIC	cDNA	SINGLE	ILLUMINA	Illumina HiSeq 2500
SRR33198151	PRJNA1252143	SRX28445686	SAMN48037637	CHO-S	Chinese Hamster Ovaries	RNA-Seq	TRANSCRIPTOMIC	cDNA	PAIRED	ILLUMINA	Illumina NovaSeq X Plus
SRR33198152	PRJNA1252143	SRX28445685	SAMN48037638	CHO-S	Chinese Hamster Ovaries	RNA-Seq	TRANSCRIPTOMIC	cDNA	PAIRED	ILLUMINA	Illumina NovaSeq X Plus
SRR33198153	PRJNA1252143	SRX28445684	SAMN48037639	CHO-S	Chinese Hamster Ovaries	RNA-Seq	TRANSCRIPTOMIC	cDNA	PAIRED	ILLUMINA	Illumina NovaSeq X Plus
SRR33198154	PRJNA1252143	SRX28445683	SAMN48037640	CHO-S	Chinese Hamster Ovaries	RNA-Seq	TRANSCRIPTOMIC	cDNA	PAIRED	ILLUMINA	Illumina NovaSeq X Plus
SRR33198155	PRJNA1252143	SRX28445682	SAMN48037641	CHO-S	Chinese Hamster Ovaries	RNA-Seq	TRANSCRIPTOMIC	cDNA	PAIRED	ILLUMINA	Illumina NovaSeq X Plus
SRR33198156	PRJNA1252143	SRX28445680	SAMN48037643	CHO-S	Chinese Hamster Ovaries	RNA-Seq	TRANSCRIPTOMIC	cDNA	PAIRED	ILLUMINA	Illumina NovaSeq X Plus
SRR33198157	PRJNA1252143	SRX28445679	SAMN48037644	CHO-S	Chinese Hamster Ovaries	RNA-Seq	TRANSCRIPTOMIC	cDNA	PAIRED	ILLUMINA	Illumina NovaSeq X Plus
SRR33198158	PRJNA1252143	SRX28445678	SAMN48037645	CHO-S	Chinese Hamster Ovaries	RNA-Seq	TRANSCRIPTOMIC	cDNA	PAIRED	ILLUMINA	Illumina NovaSeq X Plus
SRR33198159	PRJNA1252143	SRX28445681	SAMN48037642	CHO-S	Chinese Hamster Ovaries	RNA-Seq	TRANSCRIPTOMIC	cDNA	PAIRED	ILLUMINA	Illumina NovaSeq X Plus
SRR33198160	PRJNA1252143	SRX28445677	SAMN48037646	CHO-S	Chinese Hamster Ovaries	RNA-Seq	TRANSCRIPTOMIC	cDNA	PAIRED	ILLUMINA	Illumina NovaSeq X Plus
SRR33198161	PRJNA1252143	SRX28445676	SAMN48037647	CHO-S	Chinese Hamster Ovaries	RNA-Seq	TRANSCRIPTOMIC	cDNA	PAIRED	ILLUMINA	Illumina NovaSeq X Plus
SRR33198162	PRJNA1252143	SRX28445675	SAMN48037648	CHO-S	Chinese Hamster Ovaries	RNA-Seq	TRANSCRIPTOMIC	cDNA	PAIRED	ILLUMINA	Illumina NovaSeq X Plus
SRR33198163	PRJNA1252143	SRX28445674	SAMN48037649	CHO-S	Chinese Hamster Ovaries	RNA-Seq	TRANSCRIPTOMIC	cDNA	PAIRED	ILLUMINA	Illumina NovaSeq X Plus
SRR33198164	PRJNA1252143	SRX28445673	SAMN48037650	CHO-S	Chinese Hamster Ovaries	RNA-Seq	TRANSCRIPTOMIC	cDNA	PAIRED	ILLUMINA	Illumina NovaSeq X Plus
SRR33198165	PRJNA1252143	SRX28445672	SAMN48037651	CHO-S	Chinese Hamster Ovaries	RNA-Seq	TRANSCRIPTOMIC	cDNA	PAIRED	ILLUMINA	Illumina NovaSeq X Plus
SRR33198166	PRJNA1252143	SRX28445671	SAMN48037652	CHO-S	Chinese Hamster Ovaries	RNA-Seq	TRANSCRIPTOMIC	cDNA	PAIRED	ILLUMINA	Illumina NovaSeq X Plus
SRR33198167	PRJNA1252143	SRX28445670	SAMN48037653	CHO-S	Chinese Hamster Ovaries	RNA-Seq	TRANSCRIPTOMIC	cDNA	PAIRED	ILLUMINA	Illumina NovaSeq X Plus
SRR33198168	PRJNA1252143	SRX28445669	SAMN48037654	CHO-S	Chinese Hamster Ovaries	RNA-Seq	TRANSCRIPTOMIC	cDNA	PAIRED	ILLUMINA	Illumina NovaSeq X Plus
SRR33309095	PRJNA1254963	SRX28553915	SAMN48140364	CHO-S	Chinese Hamster Ovaries	RNA-Seq	TRANSCRIPTOMIC	cDNA	PAIRED	ILLUMINA	Illumina NovaSeq X Plus
SRR33309096	PRJNA1254963	SRX28553914	SAMN48140365	CHO-S	Chinese Hamster Ovaries	RNA-Seq	TRANSCRIPTOMIC	cDNA	PAIRED	ILLUMINA	Illumina NovaSeq X Plus
SRR33309097	PRJNA1254963	SRX28553913	SAMN48140366	CHO-S	Chinese Hamster Ovaries	RNA-Seq	TRANSCRIPTOMIC	cDNA	PAIRED	ILLUMINA	Illumina NovaSeq X Plus
SRR33309098	PRJNA1254963	SRX28553912	SAMN48140367	CHO-S	Chinese Hamster Ovaries	RNA-Seq	TRANSCRIPTOMIC	cDNA	PAIRED	ILLUMINA	Illumina NovaSeq X Plus
SRR33309099	PRJNA1254963	SRX28553911	SAMN48140368	CHO-S	Chinese Hamster Ovaries	RNA-Seq	TRANSCRIPTOMIC	cDNA	PAIRED	ILLUMINA	Illumina NovaSeq X Plus
SRR33309100	PRJNA1254963	SRX28553910	SAMN48140369	CHO-S	Chinese Hamster Ovaries	RNA-Seq	TRANSCRIPTOMIC	cDNA	PAIRED	ILLUMINA	Illumina NovaSeq X Plus
SRR33309101	PRJNA1254963	SRX28553909	SAMN48140370	CHO-S	Chinese Hamster Ovaries	RNA-Seq	TRANSCRIPTOMIC	cDNA	PAIRED	ILLUMINA	Illumina NovaSeq X Plus
SRR33309102	PRJNA1254963	SRX28553908	SAMN48140371	CHO-S	Chinese Hamster Ovaries	RNA-Seq	TRANSCRIPTOMIC	cDNA	PAIRED	ILLUMINA	Illumina NovaSeq X Plus
SRR33309103	PRJNA1254963	SRX28553907	SAMN48140372	CHO-S	Chinese Hamster Ovaries	RNA-Seq	TRANSCRIPTOMIC	cDNA	PAIRED	ILLUMINA	Illumina NovaSeq X Plus
SRR33309104	PRJNA1254963	SRX28553905	SAMN48140374	CHO-S	Chinese Hamster Ovaries	RNA-Seq	TRANSCRIPTOMIC	cDNA	PAIRED	ILLUMINA	Illumina NovaSeq X Plus
SRR33309105	PRJNA1254963	SRX28553904	SAMN48140375	CHO-S	Chinese Hamster Ovaries	RNA-Seq	TRANSCRIPTOMIC	cDNA	PAIRED	ILLUMINA	Illumina NovaSeq X Plus
SRR33309106	PRJNA1254963	SRX28553903	SAMN48140376	CHO-S	Chinese Hamster Ovaries	RNA-Seq	TRANSCRIPTOMIC	cDNA	PAIRED	ILLUMINA	Illumina NovaSeq X Plus
SRR33309107	PRJNA1254963	SRX28553906	SAMN48140373	CHO-S	Chinese Hamster Ovaries	RNA-Seq	TRANSCRIPTOMIC	cDNA	PAIRED	ILLUMINA	Illumina NovaSeq X Plus
SRR33309108	PRJNA1254963	SRX28553902	SAMN48140377	CHO-S	Chinese Hamster Ovaries	RNA-Seq	TRANSCRIPTOMIC	cDNA	PAIRED	ILLUMINA	Illumina NovaSeq X Plus
SRR33309109	PRJNA1254963	SRX28553901	SAMN48140378	CHO-S	Chinese Hamster Ovaries	RNA-Seq	TRANSCRIPTOMIC	cDNA	PAIRED	ILLUMINA	Illumina NovaSeq X Plus
SRR33309110	PRJNA1254963	SRX28553900	SAMN48140379	CHO-S	Chinese Hamster Ovaries	RNA-Seq	TRANSCRIPTOMIC	cDNA	PAIRED	ILLUMINA	Illumina NovaSeq X Plus
SRR33309111	PRJNA1254963	SRX28553899	SAMN48140380	CHO-S	Chinese Hamster Ovaries	RNA-Seq	TRANSCRIPTOMIC	cDNA	PAIRED	ILLUMINA	Illumina NovaSeq X Plus
SRR33309112	PRJNA1254963	SRX28553897	SAMN48140382	CHO-S	Chinese Hamster Ovaries	RNA-Seq	TRANSCRIPTOMIC	cDNA	PAIRED	ILLUMINA	Illumina NovaSeq X Plus
SRR33309113	PRJNA1254963	SRX28553896	SAMN48140383	CHO-S	Chinese Hamster Ovaries	RNA-Seq	TRANSCRIPTOMIC	cDNA	PAIRED	ILLUMINA	Illumina NovaSeq X Plus
SRR33309114	PRJNA1254963	SRX28553895	SAMN48140384	CHO-S	Chinese Hamster Ovaries	RNA-Seq	TRANSCRIPTOMIC	cDNA	PAIRED	ILLUMINA	Illumina NovaSeq X Plus
SRR33309115	PRJNA1254963	SRX28553898	SAMN48140381	CHO-S	Chinese Hamster Ovaries	RNA-Seq	TRANSCRIPTOMIC	cDNA	PAIRED	ILLUMINA	Illumina NovaSeq X Plus
SRR33309116	PRJNA1254963	SRX28553894	SAMN48140385	CHO-S	Chinese Hamster Ovaries	RNA-Seq	TRANSCRIPTOMIC	cDNA	PAIRED	ILLUMINA	Illumina NovaSeq X Plus
SRR33309117	PRJNA1254963	SRX28553893	SAMN48140386	CHO-S	Chinese Hamster Ovaries	RNA-Seq	TRANSCRIPTOMIC	cDNA	PAIRED	ILLUMINA	Illumina NovaSeq X Plus
SRR33309118	PRJNA1254963	SRX28553892	SAMN48140387	CHO-S	Chinese Hamster Ovaries	RNA-Seq	TRANSCRIPTOMIC	cDNA	PAIRED	ILLUMINA	Illumina NovaSeq X Plus
SRR33309119	PRJNA1254963	SRX28553891	SAMN48140388	CHO-S	Chinese Hamster Ovaries	RNA-Seq	TRANSCRIPTOMIC	cDNA	PAIRED	ILLUMINA	Illumina NovaSeq X Plus
SRR33309120	PRJNA1254963	SRX28553889	SAMN48140390	CHO-S	Chinese Hamster Ovaries	RNA-Seq	TRANSCRIPTOMIC	cDNA	PAIRED	ILLUMINA	Illumina NovaSeq X Plus
SRR33309121	PRJNA1254963	SRX28553888	SAMN48140391	CHO-S	Chinese Hamster Ovaries	RNA-Seq	TRANSCRIPTOMIC	cDNA	PAIRED	ILLUMINA	Illumina NovaSeq X Plus
SRR33309122	PRJNA1254963	SRX28553887	SAMN48140392	CHO-S	Chinese Hamster Ovaries	RNA-Seq	TRANSCRIPTOMIC	cDNA	PAIRED	ILLUMINA	Illumina NovaSeq X Plus
SRR33309123	PRJNA1254963	SRX28553890	SAMN48140389	CHO-S	Chinese Hamster Ovaries	RNA-Seq	TRANSCRIPTOMIC	cDNA	PAIRED	ILLUMINA	Illumina NovaSeq X Plus
SRR33309124	PRJNA1254963	SRX28553886	SAMN48140393	CHO-S	Chinese Hamster Ovaries	RNA-Seq	TRANSCRIPTOMIC	cDNA	PAIRED	ILLUMINA	Illumina NovaSeq X Plus
SRR33309125	PRJNA1254963	SRX28553885	SAMN48140394	CHO-S	Chinese Hamster Ovaries	RNA-Seq	TRANSCRIPTOMIC	cDNA	PAIRED	ILLUMINA	Illumina NovaSeq X Plus
SRR33309126	PRJNA1254963	SRX28553884	SAMN48140395	CHO-S	Chinese Hamster Ovaries	RNA-Seq	TRANSCRIPTOMIC	cDNA	PAIRED	ILLUMINA	Illumina NovaSeq X Plus
SRR33309127	PRJNA1254963	SRX28553883	SAMN48140396	CHO-S	Chinese Hamster Ovaries	RNA-Seq	TRANSCRIPTOMIC	cDNA	PAIRED	ILLUMINA	Illumina NovaSeq X Plus
SRR3401399	PRJNA318741	SRX1712536	SAMN04867124	CHO-K1		RNA-Seq	TRANSCRIPTOMIC	unspecified	PAIRED	ILLUMINA	Illumina HiSeq 2000
SRR3401401	PRJNA318741	SRX1712537	SAMN04867128	CHO-K1		RNA-Seq	TRANSCRIPTOMIC	unspecified	PAIRED	ILLUMINA	Illumina HiSeq 2000
SRR3401745	PRJNA318886	SRX1712689	SAMN04869813	CHO-K1		RNA-Seq	TRANSCRIPTOMIC	unspecified	PAIRED	ILLUMINA	Illumina HiSeq 2000
SRR3401746	PRJNA318886	SRX1712691	SAMN04869814	CHO-K1		RNA-Seq	TRANSCRIPTOMIC	unspecified	PAIRED	ILLUMINA	Illumina HiSeq 2000
SRR3401747	PRJNA318886	SRX1712692	SAMN04869815	CHO DG44 IgG		RNA-Seq	TRANSCRIPTOMIC	unspecified	PAIRED	ILLUMINA	Illumina HiSeq 2000
SRR3401748	PRJNA318886	SRX1712693	SAMN04869816	CHO DG44 IgG		RNA-Seq	TRANSCRIPTOMIC	unspecified	PAIRED	ILLUMINA	Illumina HiSeq 2000
SRR3401749	PRJNA318886	SRX1712694	SAMN04869817	CHO DG44 IgG		RNA-Seq	TRANSCRIPTOMIC	unspecified	PAIRED	ILLUMINA	Illumina HiSeq 2000
SRR3401750	PRJNA318886	SRX1712695	SAMN04869818	CHO DG44 IgG		RNA-Seq	TRANSCRIPTOMIC	unspecified	PAIRED	ILLUMINA	Illumina HiSeq 2000
SRR3401751	PRJNA318886	SRX1712696	SAMN04869819	CHO DG44 IgG		RNA-Seq	TRANSCRIPTOMIC	unspecified	PAIRED	ILLUMINA	Illumina HiSeq 2000
SRR3401752	PRJNA318886	SRX1712697	SAMN04869820	CHO DG44 IgG		RNA-Seq	TRANSCRIPTOMIC	unspecified	PAIRED	ILLUMINA	Illumina HiSeq 2000
SRR35653646	PRJNA1335855	SRX30705858	SAMN52025842			RNA-Seq	TRANSCRIPTOMIC	cDNA	PAIRED	ILLUMINA	Illumina NovaSeq 6000
SRR35653647	PRJNA1335855	SRX30705857	SAMN52025842			RNA-Seq	TRANSCRIPTOMIC	cDNA	PAIRED	ILLUMINA	Illumina NovaSeq 6000
SRR35653648	PRJNA1335855	SRX30705856	SAMN52025842			RNA-Seq	TRANSCRIPTOMIC	cDNA	PAIRED	ILLUMINA	Illumina NovaSeq 6000
SRR35653649	PRJNA1335855	SRX30705855	SAMN52025841			RNA-Seq	TRANSCRIPTOMIC	cDNA	PAIRED	ILLUMINA	Illumina NovaSeq 6000
SRR35653650	PRJNA1335855	SRX30705854	SAMN52025841			RNA-Seq	TRANSCRIPTOMIC	cDNA	PAIRED	ILLUMINA	Illumina NovaSeq 6000
SRR35653651	PRJNA1335855	SRX30705853	SAMN52025841			RNA-Seq	TRANSCRIPTOMIC	cDNA	PAIRED	ILLUMINA	Illumina NovaSeq 6000
SRR35653652	PRJNA1335855	SRX30705852	SAMN52025840			RNA-Seq	TRANSCRIPTOMIC	cDNA	PAIRED	ILLUMINA	Illumina NovaSeq 6000
SRR35653653	PRJNA1335855	SRX30705851	SAMN52025840			RNA-Seq	TRANSCRIPTOMIC	cDNA	PAIRED	ILLUMINA	Illumina NovaSeq 6000
SRR35653654	PRJNA1335855	SRX30705850	SAMN52025840			RNA-Seq	TRANSCRIPTOMIC	cDNA	PAIRED	ILLUMINA	Illumina NovaSeq 6000
SRR36222935	PRJNA1363687	SRX31259000	SAMN53215357	CHO-K1	Epithelial cell	RNA-Seq	TRANSCRIPTOMIC	RANDOM	PAIRED	ILLUMINA	Illumina NovaSeq X Plus
SRR36222936	PRJNA1363687	SRX31258999	SAMN53215356	CHO-K1	Epithelial cell	RNA-Seq	TRANSCRIPTOMIC	RANDOM	PAIRED	ILLUMINA	Illumina NovaSeq X Plus
SRR36222937	PRJNA1363687	SRX31258998	SAMN53215355	CHO-K1	Epithelial cell	RNA-Seq	TRANSCRIPTOMIC	RANDOM	PAIRED	ILLUMINA	Illumina NovaSeq X Plus
SRR36222938	PRJNA1363687	SRX31258997	SAMN53215354	CHO-K1	Epithelial cell	RNA-Seq	TRANSCRIPTOMIC	RANDOM	PAIRED	ILLUMINA	Illumina NovaSeq X Plus
SRR36222939	PRJNA1363687	SRX31258996	SAMN53215353	CHO-K1	Epithelial cell	RNA-Seq	TRANSCRIPTOMIC	RANDOM	PAIRED	ILLUMINA	NextSeq 550
SRR36222940	PRJNA1363687	SRX31258995	SAMN53215352	CHO-K1	Epithelial cell	RNA-Seq	TRANSCRIPTOMIC	RANDOM	PAIRED	ILLUMINA	NextSeq 550
SRR36222941	PRJNA1363687	SRX31258994	SAMN53215351	CHO-K1	Epithelial cell	RNA-Seq	TRANSCRIPTOMIC	RANDOM	PAIRED	ILLUMINA	NextSeq 550
SRR36222942	PRJNA1363687	SRX31258993	SAMN53215350	CHO-K1	Epithelial cell	RNA-Seq	TRANSCRIPTOMIC	RANDOM	PAIRED	ILLUMINA	NextSeq 550
SRR36663596	PRJNA1397464	SRX31674380	SAMN54431546			RNA-Seq	TRANSCRIPTOMIC	cDNA	PAIRED	ILLUMINA	Illumina NovaSeq 6000
SRR36663597	PRJNA1397464	SRX31674379	SAMN54431545			RNA-Seq	TRANSCRIPTOMIC	cDNA	PAIRED	ILLUMINA	Illumina NovaSeq 6000
SRR36663598	PRJNA1397464	SRX31674378	SAMN54431544			RNA-Seq	TRANSCRIPTOMIC	cDNA	PAIRED	ILLUMINA	Illumina NovaSeq 6000
SRR36663599	PRJNA1397464	SRX31674377	SAMN54431543			RNA-Seq	TRANSCRIPTOMIC	cDNA	PAIRED	ILLUMINA	Illumina NovaSeq 6000
SRR36663600	PRJNA1397464	SRX31674376	SAMN54431542			RNA-Seq	TRANSCRIPTOMIC	cDNA	PAIRED	ILLUMINA	Illumina NovaSeq 6000
SRR36663601	PRJNA1397464	SRX31674375	SAMN54431541			RNA-Seq	TRANSCRIPTOMIC	cDNA	PAIRED	ILLUMINA	Illumina NovaSeq 6000
SRR36699389	PRJNA1399147	SRX31707199	SAMN54474211	CHO-K1	epithelial	RNA-Seq	TRANSCRIPTOMIC	PolyA	PAIRED	ILLUMINA	Illumina NovaSeq X
SRR36699390	PRJNA1399147	SRX31707198	SAMN54474210	CHO-K1	epithelial	RNA-Seq	TRANSCRIPTOMIC	PolyA	PAIRED	ILLUMINA	Illumina NovaSeq X
SRR36699391	PRJNA1399147	SRX31707197	SAMN54474209	CHO-K1	epithelial	RNA-Seq	TRANSCRIPTOMIC	PolyA	PAIRED	ILLUMINA	Illumina NovaSeq X
SRR36699392	PRJNA1399147	SRX31707196	SAMN54474214	CHO-K1	epithelial	RNA-Seq	TRANSCRIPTOMIC	PolyA	PAIRED	ILLUMINA	Illumina NovaSeq X
SRR36699393	PRJNA1399147	SRX31707195	SAMN54474213	CHO-K1	epithelial	RNA-Seq	TRANSCRIPTOMIC	PolyA	PAIRED	ILLUMINA	Illumina NovaSeq X
SRR36699394	PRJNA1399147	SRX31707194	SAMN54474212	CHO-K1	epithelial	RNA-Seq	TRANSCRIPTOMIC	PolyA	PAIRED	ILLUMINA	Illumina NovaSeq X
SRR38262918	PRJNA1282762	SRX33099502	SAMN49662886			RNA-Seq	TRANSCRIPTOMIC	Oligo-dT	SINGLE	ILLUMINA	Illumina NovaSeq X Plus
SRR38262919	PRJNA1282762	SRX33099501	SAMN49662885			RNA-Seq	TRANSCRIPTOMIC	Oligo-dT	SINGLE	ILLUMINA	Illumina NovaSeq X Plus
SRR38262920	PRJNA1282762	SRX33099500	SAMN49662871			RNA-Seq	TRANSCRIPTOMIC	Oligo-dT	SINGLE	ILLUMINA	Illumina NovaSeq X Plus
SRR38262921	PRJNA1282762	SRX33099499	SAMN49662869			RNA-Seq	TRANSCRIPTOMIC	Oligo-dT	SINGLE	ILLUMINA	Illumina NovaSeq X Plus
SRR38263132	PRJNA1282762	SRX33099713	SAMN57466944			RNA-Seq	TRANSCRIPTOMIC	PolyA	SINGLE	ILLUMINA	Illumina NovaSeq X Plus
SRR3946101	PRJNA330832	SRX1971986	SAMN05426770			RNA-Seq	TRANSCRIPTOMIC	RT-PCR	SINGLE	ILLUMINA	NextSeq 500
SRR3946102	PRJNA330832	SRX1971987	SAMN05426770			RNA-Seq	TRANSCRIPTOMIC	RT-PCR	SINGLE	ILLUMINA	NextSeq 500
SRR3946103	PRJNA330832	SRX1971988	SAMN05426770			RNA-Seq	TRANSCRIPTOMIC	RT-PCR	SINGLE	ILLUMINA	NextSeq 500
SRR3946104	PRJNA330832	SRX1971989	SAMN05426770			RNA-Seq	TRANSCRIPTOMIC	RT-PCR	SINGLE	ILLUMINA	NextSeq 500
SRR3946105	PRJNA330832	SRX1971990	SAMN05426770			RNA-Seq	TRANSCRIPTOMIC	RT-PCR	SINGLE	ILLUMINA	NextSeq 500
SRR3946106	PRJNA330832	SRX1971991	SAMN05426770			RNA-Seq	TRANSCRIPTOMIC	RT-PCR	SINGLE	ILLUMINA	NextSeq 500
SRR3946107	PRJNA330832	SRX1971992	SAMN05426770			RNA-Seq	TRANSCRIPTOMIC	RT-PCR	SINGLE	ILLUMINA	NextSeq 500
SRR3946108	PRJNA330832	SRX1971993	SAMN05426770			RNA-Seq	TRANSCRIPTOMIC	RT-PCR	SINGLE	ILLUMINA	NextSeq 500
SRR3946109	PRJNA330832	SRX1971994	SAMN05426770			RNA-Seq	TRANSCRIPTOMIC	RT-PCR	SINGLE	ILLUMINA	NextSeq 500
SRR3946110	PRJNA330832	SRX1971995	SAMN05426770			RNA-Seq	TRANSCRIPTOMIC	RT-PCR	SINGLE	ILLUMINA	NextSeq 500
SRR3946111	PRJNA330832	SRX1971996	SAMN05426770			RNA-Seq	TRANSCRIPTOMIC	RT-PCR	SINGLE	ILLUMINA	NextSeq 500
SRR3946112	PRJNA330832	SRX1971997	SAMN05426770			RNA-Seq	TRANSCRIPTOMIC	RT-PCR	SINGLE	ILLUMINA	NextSeq 500
SRR39497722	PRJNA1489724	SRX34192516	SAMN61409210	CHO DG44		RNA-Seq	TRANSCRIPTOMIC	PolyA	PAIRED	ILLUMINA	Illumina NovaSeq 6000
SRR39497723	PRJNA1489724	SRX34192515	SAMN61409209	CHO DG44		RNA-Seq	TRANSCRIPTOMIC	PolyA	PAIRED	ILLUMINA	Illumina NovaSeq 6000
SRR39497724	PRJNA1489724	SRX34192514	SAMN61409207	CHO DG44		RNA-Seq	TRANSCRIPTOMIC	PolyA	PAIRED	ILLUMINA	Illumina NovaSeq 6000
SRR39499716	PRJNA1489724	SRX34194511	SAMN61409214	CHO DG44		RNA-Seq	TRANSCRIPTOMIC	PolyA	PAIRED	ILLUMINA	Illumina NovaSeq 6000
SRR39499717	PRJNA1489724	SRX34194510	SAMN61409213	CHO DG44		RNA-Seq	TRANSCRIPTOMIC	PolyA	PAIRED	ILLUMINA	Illumina NovaSeq 6000
SRR39499718	PRJNA1489724	SRX34194509	SAMN61409212	CHO DG44		RNA-Seq	TRANSCRIPTOMIC	PolyA	PAIRED	ILLUMINA	Illumina NovaSeq 6000
SRR39499719	PRJNA1489724	SRX34194508	SAMN61409211	CHO DG44		RNA-Seq	TRANSCRIPTOMIC	PolyA	PAIRED	ILLUMINA	Illumina NovaSeq 6000
SRR39503241	PRJNA1489724	SRX34197920	SAMN61409218	CHO DG44		RNA-Seq	TRANSCRIPTOMIC	PolyA	PAIRED	ILLUMINA	Illumina NovaSeq 6000
SRR39503242	PRJNA1489724	SRX34197919	SAMN61409217	CHO DG44		RNA-Seq	TRANSCRIPTOMIC	PolyA	PAIRED	ILLUMINA	Illumina NovaSeq 6000
SRR39503243	PRJNA1489724	SRX34197918	SAMN61409216	CHO DG44		RNA-Seq	TRANSCRIPTOMIC	PolyA	PAIRED	ILLUMINA	Illumina NovaSeq 6000
SRR39503244	PRJNA1489724	SRX34197917	SAMN61409215	CHO DG44		RNA-Seq	TRANSCRIPTOMIC	PolyA	PAIRED	ILLUMINA	Illumina NovaSeq 6000
SRR39505007	PRJNA1489724	SRX34199678	SAMN61409222	CHO DG44		RNA-Seq	TRANSCRIPTOMIC	PolyA	PAIRED	ILLUMINA	Illumina NovaSeq 6000
SRR39505008	PRJNA1489724	SRX34199677	SAMN61409221	CHO DG44		RNA-Seq	TRANSCRIPTOMIC	PolyA	PAIRED	ILLUMINA	Illumina NovaSeq 6000
SRR39505009	PRJNA1489724	SRX34199676	SAMN61409220	CHO DG44		RNA-Seq	TRANSCRIPTOMIC	PolyA	PAIRED	ILLUMINA	Illumina NovaSeq 6000
SRR39505010	PRJNA1489724	SRX34199675	SAMN61409219	CHO DG44		RNA-Seq	TRANSCRIPTOMIC	PolyA	PAIRED	ILLUMINA	Illumina NovaSeq 6000
SRR39506912	PRJNA1489724	SRX34201582	SAMN61409226	CHO DG44		RNA-Seq	TRANSCRIPTOMIC	PolyA	PAIRED	ILLUMINA	Illumina NovaSeq 6000
SRR39506913	PRJNA1489724	SRX34201581	SAMN61409225	CHO DG44		RNA-Seq	TRANSCRIPTOMIC	PolyA	PAIRED	ILLUMINA	Illumina NovaSeq 6000
SRR39506914	PRJNA1489724	SRX34201580	SAMN61409224	CHO DG44		RNA-Seq	TRANSCRIPTOMIC	PolyA	PAIRED	ILLUMINA	Illumina NovaSeq 6000
SRR39506915	PRJNA1489724	SRX34201579	SAMN61409223	CHO DG44		RNA-Seq	TRANSCRIPTOMIC	PolyA	PAIRED	ILLUMINA	Illumina NovaSeq 6000
SRR39511190	PRJNA1489724	SRX34203865	SAMN61409230	CHO DG44		RNA-Seq	TRANSCRIPTOMIC	PolyA	PAIRED	ILLUMINA	Illumina NovaSeq 6000
SRR39511191	PRJNA1489724	SRX34203864	SAMN61409229	CHO DG44		RNA-Seq	TRANSCRIPTOMIC	PolyA	PAIRED	ILLUMINA	Illumina NovaSeq 6000
SRR39511192	PRJNA1489724	SRX34203863	SAMN61409228	CHO DG44		RNA-Seq	TRANSCRIPTOMIC	PolyA	PAIRED	ILLUMINA	Illumina NovaSeq 6000
SRR39511193	PRJNA1489724	SRX34203862	SAMN61409227	CHO DG44		RNA-Seq	TRANSCRIPTOMIC	PolyA	PAIRED	ILLUMINA	Illumina NovaSeq 6000
SRR39561849	PRJNA1492564	SRX34250725	SAMN61510926	CHO-S/HB8-Ags#18	Chinese hamster ovary cell	RNA-Seq	TRANSCRIPTOMIC	PolyA	PAIRED	DNBSEQ	DNBSEQ-G400
SRR39561850	PRJNA1492564	SRX34250724	SAMN61510925	CHO-S/HB8-Ags#18	Chinese hamster ovary cell	RNA-Seq	TRANSCRIPTOMIC	PolyA	PAIRED	DNBSEQ	DNBSEQ-G400
SRR39561851	PRJNA1492564	SRX34250723	SAMN61510924	CHO-S/HB8-Ags#18	Chinese hamster ovary cell	RNA-Seq	TRANSCRIPTOMIC	PolyA	PAIRED	DNBSEQ	DNBSEQ-G400
SRR39561852	PRJNA1492564	SRX34250722	SAMN61510923	CHO-S/HB8-Ags#18	Chinese hamster ovary cell	RNA-Seq	TRANSCRIPTOMIC	PolyA	PAIRED	DNBSEQ	DNBSEQ-G400
SRR39561853	PRJNA1492564	SRX34250721	SAMN61510922	CHO 4BGD/Dul#73	Chinese hamster ovary cell	RNA-Seq	TRANSCRIPTOMIC	PolyA	PAIRED	DNBSEQ	DNBSEQ-G400
SRR39561854	PRJNA1492564	SRX34250720	SAMN61510921	CHO 4BGD/Dul#73	Chinese hamster ovary cell	RNA-Seq	TRANSCRIPTOMIC	PolyA	PAIRED	DNBSEQ	DNBSEQ-G400
SRR39561855	PRJNA1492564	SRX34250719	SAMN61510920	CHO 4BGD/Dul#73	Chinese hamster ovary cell	RNA-Seq	TRANSCRIPTOMIC	PolyA	PAIRED	DNBSEQ	DNBSEQ-G400
SRR39561856	PRJNA1492564	SRX34250718	SAMN61510919	CHO 4BGD/Dul#73	Chinese hamster ovary cell	RNA-Seq	TRANSCRIPTOMIC	PolyA	PAIRED	DNBSEQ	DNBSEQ-G400
SRR39561857	PRJNA1492564	SRX34250717	SAMN61510928	CHO-S/HB8-Ags#18	Chinese hamster ovary cell	RNA-Seq	TRANSCRIPTOMIC	PolyA	PAIRED	DNBSEQ	DNBSEQ-G400
SRR39561858	PRJNA1492564	SRX34250716	SAMN61510927	CHO-S/HB8-Ags#18	Chinese hamster ovary cell	RNA-Seq	TRANSCRIPTOMIC	PolyA	PAIRED	DNBSEQ	DNBSEQ-G400
SRR39561859	PRJNA1492564	SRX34250715	SAMN61510918	CHO 4BGD/Dul#73	Chinese hamster ovary cell	RNA-Seq	TRANSCRIPTOMIC	PolyA	PAIRED	DNBSEQ	DNBSEQ-G400
SRR39561860	PRJNA1492564	SRX34250714	SAMN61510917	CHO 4BGD/Dul#73	Chinese hamster ovary cell	RNA-Seq	TRANSCRIPTOMIC	PolyA	PAIRED	DNBSEQ	DNBSEQ-G400
SRR40188909	PRJNA1497331	SRX34813914	SAMN61798551			RNA-Seq	TRANSCRIPTOMIC	RT-PCR	PAIRED	ILLUMINA	Illumina NovaSeq X Plus
SRR40188910	PRJNA1497331	SRX34813913	SAMN61798550			RNA-Seq	TRANSCRIPTOMIC	RT-PCR	PAIRED	ILLUMINA	Illumina NovaSeq X Plus
SRR40188912	PRJNA1497331	SRX34813911	SAMN61798548			RNA-Seq	TRANSCRIPTOMIC	RT-PCR	PAIRED	ILLUMINA	Illumina NovaSeq X Plus
SRR40188913	PRJNA1497331	SRX34813910	SAMN61798547			RNA-Seq	TRANSCRIPTOMIC	RT-PCR	PAIRED	ILLUMINA	Illumina NovaSeq X Plus
SRR40310829	PRJNA1516528	SRX34926297	SAMN62608409	EACC CHO K1		RNA-Seq	TRANSCRIPTOMIC	cDNA	PAIRED	ILLUMINA	Illumina NovaSeq 6000
SRR40310830	PRJNA1516528	SRX34926296	SAMN62608408	CHOZN		RNA-Seq	TRANSCRIPTOMIC	cDNA	PAIRED	ILLUMINA	Illumina NovaSeq 6000
SRR40310831	PRJNA1516528	SRX34926295	SAMN62608407	CHOZN		RNA-Seq	TRANSCRIPTOMIC	cDNA	PAIRED	ILLUMINA	Illumina NovaSeq 6000
SRR40310832	PRJNA1516528	SRX34926294	SAMN62608406	CHOZN		RNA-Seq	TRANSCRIPTOMIC	cDNA	PAIRED	ILLUMINA	Illumina NovaSeq 6000
SRR40310833	PRJNA1516528	SRX34926293	SAMN62608405	ATCC CHO K1		RNA-Seq	TRANSCRIPTOMIC	cDNA	PAIRED	ILLUMINA	Illumina NovaSeq 6000
SRR40310834	PRJNA1516528	SRX34926292	SAMN62608404	ATCC CHO K1		RNA-Seq	TRANSCRIPTOMIC	cDNA	PAIRED	ILLUMINA	Illumina NovaSeq 6000
SRR40310835	PRJNA1516528	SRX34926291	SAMN62608403	ATCC CHO K1		RNA-Seq	TRANSCRIPTOMIC	cDNA	PAIRED	ILLUMINA	Illumina NovaSeq 6000
SRR40310836	PRJNA1516528	SRX34926290	SAMN62608402	EACC CHO K1		RNA-Seq	TRANSCRIPTOMIC	cDNA	PAIRED	ILLUMINA	Illumina NovaSeq 6000
SRR40310838	PRJNA1516528	SRX34926288	SAMN62608410	EACC CHO K1		RNA-Seq	TRANSCRIPTOMIC	cDNA	PAIRED	ILLUMINA	Illumina NovaSeq 6000
SRR40310839	PRJNA1516528	SRX34926287	SAMN62608401	EACC CHO K1		RNA-Seq	TRANSCRIPTOMIC	cDNA	PAIRED	ILLUMINA	Illumina NovaSeq 6000
SRR40310840	PRJNA1516528	SRX34926286	SAMN62608400	EACC CHO K1		RNA-Seq	TRANSCRIPTOMIC	cDNA	PAIRED	ILLUMINA	Illumina NovaSeq 6000
SRR4035674	PRJNA339147	SRX2026831	SAMN05580156	CHO-K1		RNA-Seq	TRANSCRIPTOMIC	cDNA	SINGLE	ILLUMINA	NextSeq 500
SRR4035675	PRJNA339147	SRX2026832	SAMN05580155	CHO-K1		RNA-Seq	TRANSCRIPTOMIC	cDNA	SINGLE	ILLUMINA	NextSeq 500
SRR4035676	PRJNA339147	SRX2026833	SAMN05580154	CHO-K1		RNA-Seq	TRANSCRIPTOMIC	cDNA	SINGLE	ILLUMINA	NextSeq 500
SRR4035677	PRJNA339147	SRX2026834	SAMN05580166	CHO-K1		RNA-Seq	TRANSCRIPTOMIC	cDNA	SINGLE	ILLUMINA	NextSeq 500
SRR4035678	PRJNA339147	SRX2026835	SAMN05580165	CHO-K1		RNA-Seq	TRANSCRIPTOMIC	cDNA	SINGLE	ILLUMINA	NextSeq 500
SRR4035679	PRJNA339147	SRX2026836	SAMN05580164	CHO-K1		RNA-Seq	TRANSCRIPTOMIC	cDNA	SINGLE	ILLUMINA	NextSeq 500
SRR4035680	PRJNA339147	SRX2026837	SAMN05580163	CHO-K1		RNA-Seq	TRANSCRIPTOMIC	cDNA	SINGLE	ILLUMINA	NextSeq 500
SRR4035681	PRJNA339147	SRX2026838	SAMN05580162	CHO-K1		RNA-Seq	TRANSCRIPTOMIC	cDNA	SINGLE	ILLUMINA	NextSeq 500
SRR4035682	PRJNA339147	SRX2026839	SAMN05580161	CHO-K1		RNA-Seq	TRANSCRIPTOMIC	cDNA	SINGLE	ILLUMINA	NextSeq 500
SRR5298325	PRJNA355213	SRX2600494	SAMN06074320			RNA-Seq	TRANSCRIPTOMIC	cDNA	SINGLE	ILLUMINA	Illumina HiSeq 2000
SRR5358888	PRJNA378939	SRX2654728	SAMN06563821			RNA-Seq	TRANSCRIPTOMIC	unspecified	PAIRED	ILLUMINA	Illumina HiSeq 2000
SRR5358890	PRJNA378939	SRX2654730	SAMN06563820			RNA-Seq	TRANSCRIPTOMIC	unspecified	PAIRED	ILLUMINA	Illumina HiSeq 2000
SRR5409489	PRJNA378247	SRX2701774	SAMN06481670	Chinese hamster ovary	ovary	RNA-Seq	TRANSCRIPTOMIC	size fractionation	PAIRED	ILLUMINA	Illumina HiSeq 2500
SRR5409490	PRJNA378247	SRX2701775	SAMN06481669	Chinese hamster ovary	ovary	RNA-Seq	TRANSCRIPTOMIC	size fractionation	PAIRED	ILLUMINA	Illumina HiSeq 2500
SRR5409491	PRJNA378247	SRX2701776	SAMN06481668	Chinese hamster ovary	ovary	RNA-Seq	TRANSCRIPTOMIC	size fractionation	PAIRED	ILLUMINA	Illumina HiSeq 2500
SRR5409492	PRJNA378247	SRX2701777	SAMN06481667	Chinese hamster ovary	ovary	RNA-Seq	TRANSCRIPTOMIC	size fractionation	PAIRED	ILLUMINA	Illumina HiSeq 2500
SRR5812564	PRJNA393479	SRX2991083	SAMN07334547			RNA-Seq	TRANSCRIPTOMIC	cDNA	PAIRED	ILLUMINA	Illumina HiSeq 2000
SRR5812565	PRJNA393479	SRX2991084	SAMN07334560			RNA-Seq	TRANSCRIPTOMIC	cDNA	PAIRED	ILLUMINA	Illumina HiSeq 2000
SRR5812566	PRJNA393479	SRX2991085	SAMN07334559			RNA-Seq	TRANSCRIPTOMIC	cDNA	PAIRED	ILLUMINA	Illumina HiSeq 2000
SRR5812567	PRJNA393479	SRX2991086	SAMN07334558			RNA-Seq	TRANSCRIPTOMIC	cDNA	PAIRED	ILLUMINA	Illumina HiSeq 2000
SRR5812568	PRJNA393479	SRX2991087	SAMN07334557			RNA-Seq	TRANSCRIPTOMIC	cDNA	PAIRED	ILLUMINA	Illumina HiSeq 2000
SRR5812569	PRJNA393479	SRX2991088	SAMN07334556			RNA-Seq	TRANSCRIPTOMIC	cDNA	PAIRED	ILLUMINA	Illumina HiSeq 2000
SRR5812570	PRJNA393479	SRX2991089	SAMN07334555			RNA-Seq	TRANSCRIPTOMIC	cDNA	PAIRED	ILLUMINA	Illumina HiSeq 2500
SRR5812571	PRJNA393479	SRX2991089	SAMN07334555			RNA-Seq	TRANSCRIPTOMIC	cDNA	PAIRED	ILLUMINA	Illumina HiSeq 2500
SRR5812572	PRJNA393479	SRX2991090	SAMN07334554			RNA-Seq	TRANSCRIPTOMIC	cDNA	PAIRED	ILLUMINA	Illumina HiSeq 2500
SRR5812573	PRJNA393479	SRX2991090	SAMN07334554			RNA-Seq	TRANSCRIPTOMIC	cDNA	PAIRED	ILLUMINA	Illumina HiSeq 2500
SRR5812574	PRJNA393479	SRX2991091	SAMN07334553			RNA-Seq	TRANSCRIPTOMIC	cDNA	PAIRED	ILLUMINA	Illumina HiSeq 2500
SRR5812575	PRJNA393479	SRX2991091	SAMN07334553			RNA-Seq	TRANSCRIPTOMIC	cDNA	PAIRED	ILLUMINA	Illumina HiSeq 2500
SRR5812576	PRJNA393479	SRX2991092	SAMN07334552			RNA-Seq	TRANSCRIPTOMIC	cDNA	PAIRED	ILLUMINA	Illumina HiSeq 2500
SRR5812577	PRJNA393479	SRX2991092	SAMN07334552			RNA-Seq	TRANSCRIPTOMIC	cDNA	PAIRED	ILLUMINA	Illumina HiSeq 2500
SRR5812578	PRJNA393479	SRX2991093	SAMN07334551			RNA-Seq	TRANSCRIPTOMIC	cDNA	PAIRED	ILLUMINA	Illumina HiSeq 2500
SRR5812579	PRJNA393479	SRX2991093	SAMN07334551			RNA-Seq	TRANSCRIPTOMIC	cDNA	PAIRED	ILLUMINA	Illumina HiSeq 2500
SRR5812580	PRJNA393479	SRX2991094	SAMN07334550			RNA-Seq	TRANSCRIPTOMIC	cDNA	PAIRED	ILLUMINA	Illumina HiSeq 2500
SRR5812581	PRJNA393479	SRX2991094	SAMN07334550			RNA-Seq	TRANSCRIPTOMIC	cDNA	PAIRED	ILLUMINA	Illumina HiSeq 2500
SRR6232157	PRJNA319417	SRX3340585	SAMN04887243			RNA-Seq	TRANSCRIPTOMIC	PolyA	PAIRED	ILLUMINA	Illumina HiSeq 2000
SRR6232300	PRJNA319417	SRX3340727	SAMN04887242			RNA-Seq	TRANSCRIPTOMIC	PolyA	PAIRED	ILLUMINA	Illumina HiSeq 2000
SRR7421882	PRJNA477823	SRX4292704	SAMN09479743			RNA-Seq	TRANSCRIPTOMIC	cDNA	SINGLE	ILLUMINA	Illumina MiSeq
SRR7770742	PRJNA488640	SRX4626197	SAMN09938583		LR73	RNA-Seq	TRANSCRIPTOMIC	cDNA	PAIRED	ILLUMINA	NextSeq 500
SRR7770743	PRJNA488640	SRX4626198	SAMN09938582		LR73	RNA-Seq	TRANSCRIPTOMIC	cDNA	PAIRED	ILLUMINA	NextSeq 500
SRR7770744	PRJNA488640	SRX4626199	SAMN09938581		LR73	RNA-Seq	TRANSCRIPTOMIC	cDNA	PAIRED	ILLUMINA	NextSeq 500
SRR7770745	PRJNA488640	SRX4626200	SAMN09938580		LR73	RNA-Seq	TRANSCRIPTOMIC	cDNA	PAIRED	ILLUMINA	NextSeq 500
SRR7770746	PRJNA488640	SRX4626201	SAMN09938579		LR73 co-cultured with apoptotic Jurkat lymphoma cells	RNA-Seq	TRANSCRIPTOMIC	cDNA	PAIRED	ILLUMINA	NextSeq 500
SRR7770747	PRJNA488640	SRX4626202	SAMN09938578		LR73 co-cultured with apoptotic Jurkat lymphoma cells	RNA-Seq	TRANSCRIPTOMIC	cDNA	PAIRED	ILLUMINA	NextSeq 500
SRR7770748	PRJNA488640	SRX4626203	SAMN09938577		LR73 co-cultured with apoptotic Jurkat lymphoma cells	RNA-Seq	TRANSCRIPTOMIC	cDNA	PAIRED	ILLUMINA	NextSeq 500
SRR7770749	PRJNA488640	SRX4626204	SAMN09938576		LR73 co-cultured with apoptotic Jurkat lymphoma cells	RNA-Seq	TRANSCRIPTOMIC	cDNA	PAIRED	ILLUMINA	NextSeq 500
SRR7779168	PRJNA489076	SRX4634288	SAMN09948071			RNA-Seq	TRANSCRIPTOMIC	cDNA	PAIRED	ILLUMINA	NextSeq 500
SRR7779169	PRJNA489076	SRX4634289	SAMN09948070			RNA-Seq	TRANSCRIPTOMIC	cDNA	PAIRED	ILLUMINA	NextSeq 500
SRR7779170	PRJNA489076	SRX4634290	SAMN09948069			RNA-Seq	TRANSCRIPTOMIC	cDNA	PAIRED	ILLUMINA	NextSeq 500
SRR7779171	PRJNA489076	SRX4634291	SAMN09948086			RNA-Seq	TRANSCRIPTOMIC	cDNA	PAIRED	ILLUMINA	NextSeq 500
SRR7779172	PRJNA489076	SRX4634292	SAMN09948085			RNA-Seq	TRANSCRIPTOMIC	cDNA	PAIRED	ILLUMINA	NextSeq 500
SRR7779173	PRJNA489076	SRX4634293	SAMN09948084			RNA-Seq	TRANSCRIPTOMIC	cDNA	PAIRED	ILLUMINA	NextSeq 500
SRR7779174	PRJNA489076	SRX4634294	SAMN09948083			RNA-Seq	TRANSCRIPTOMIC	cDNA	PAIRED	ILLUMINA	NextSeq 500
SRR7779175	PRJNA489076	SRX4634295	SAMN09948082			RNA-Seq	TRANSCRIPTOMIC	cDNA	PAIRED	ILLUMINA	NextSeq 500
SRR7779176	PRJNA489076	SRX4634296	SAMN09948075			RNA-Seq	TRANSCRIPTOMIC	cDNA	PAIRED	ILLUMINA	NextSeq 500
SRR7779177	PRJNA489076	SRX4634297	SAMN09948081			RNA-Seq	TRANSCRIPTOMIC	cDNA	PAIRED	ILLUMINA	NextSeq 500
SRR7779178	PRJNA489076	SRX4634298	SAMN09948080			RNA-Seq	TRANSCRIPTOMIC	cDNA	PAIRED	ILLUMINA	NextSeq 500
SRR7779179	PRJNA489076	SRX4634299	SAMN09948079			RNA-Seq	TRANSCRIPTOMIC	cDNA	PAIRED	ILLUMINA	NextSeq 500
SRR7779180	PRJNA489076	SRX4634300	SAMN09948078			RNA-Seq	TRANSCRIPTOMIC	cDNA	PAIRED	ILLUMINA	NextSeq 500
SRR7779181	PRJNA489076	SRX4634301	SAMN09948077			RNA-Seq	TRANSCRIPTOMIC	cDNA	PAIRED	ILLUMINA	NextSeq 500
SRR7779182	PRJNA489076	SRX4634302	SAMN09948076			RNA-Seq	TRANSCRIPTOMIC	cDNA	PAIRED	ILLUMINA	NextSeq 500
SRR7779183	PRJNA489076	SRX4634303	SAMN09948074			RNA-Seq	TRANSCRIPTOMIC	cDNA	PAIRED	ILLUMINA	NextSeq 500
SRR7779184	PRJNA489076	SRX4634304	SAMN09948073			RNA-Seq	TRANSCRIPTOMIC	cDNA	PAIRED	ILLUMINA	NextSeq 500
SRR7779185	PRJNA489076	SRX4634305	SAMN09948072			RNA-Seq	TRANSCRIPTOMIC	cDNA	PAIRED	ILLUMINA	NextSeq 500
SRR7779186	PRJNA489076	SRX4634306	SAMN09948104			RNA-Seq	TRANSCRIPTOMIC	cDNA	PAIRED	ILLUMINA	NextSeq 500
SRR7779187	PRJNA489076	SRX4634307	SAMN09948103			RNA-Seq	TRANSCRIPTOMIC	cDNA	PAIRED	ILLUMINA	NextSeq 500
SRR7779188	PRJNA489076	SRX4634308	SAMN09948102			RNA-Seq	TRANSCRIPTOMIC	cDNA	PAIRED	ILLUMINA	NextSeq 500
SRR7779189	PRJNA489076	SRX4634309	SAMN09948101			RNA-Seq	TRANSCRIPTOMIC	cDNA	PAIRED	ILLUMINA	NextSeq 500
SRR7779190	PRJNA489076	SRX4634310	SAMN09948100			RNA-Seq	TRANSCRIPTOMIC	cDNA	PAIRED	ILLUMINA	NextSeq 500
SRR7779191	PRJNA489076	SRX4634311	SAMN09948099			RNA-Seq	TRANSCRIPTOMIC	cDNA	PAIRED	ILLUMINA	NextSeq 500
SRR7779192	PRJNA489076	SRX4634312	SAMN09948098			RNA-Seq	TRANSCRIPTOMIC	cDNA	PAIRED	ILLUMINA	NextSeq 500
SRR7779193	PRJNA489076	SRX4634313	SAMN09948097			RNA-Seq	TRANSCRIPTOMIC	cDNA	PAIRED	ILLUMINA	NextSeq 500
SRR7779194	PRJNA489076	SRX4634314	SAMN09948096			RNA-Seq	TRANSCRIPTOMIC	cDNA	PAIRED	ILLUMINA	NextSeq 500
SRR7779195	PRJNA489076	SRX4634315	SAMN09948095			RNA-Seq	TRANSCRIPTOMIC	cDNA	PAIRED	ILLUMINA	NextSeq 500
SRR7779196	PRJNA489076	SRX4634316	SAMN09948094			RNA-Seq	TRANSCRIPTOMIC	cDNA	PAIRED	ILLUMINA	NextSeq 500
SRR7779197	PRJNA489076	SRX4634317	SAMN09948093			RNA-Seq	TRANSCRIPTOMIC	cDNA	PAIRED	ILLUMINA	NextSeq 500
SRR7779198	PRJNA489076	SRX4634318	SAMN09948092			RNA-Seq	TRANSCRIPTOMIC	cDNA	PAIRED	ILLUMINA	NextSeq 500
SRR7779199	PRJNA489076	SRX4634319	SAMN09948091			RNA-Seq	TRANSCRIPTOMIC	cDNA	PAIRED	ILLUMINA	NextSeq 500
SRR7779200	PRJNA489076	SRX4634320	SAMN09948090			RNA-Seq	TRANSCRIPTOMIC	cDNA	PAIRED	ILLUMINA	NextSeq 500
SRR7779201	PRJNA489076	SRX4634321	SAMN09948089			RNA-Seq	TRANSCRIPTOMIC	cDNA	PAIRED	ILLUMINA	NextSeq 500
SRR7779202	PRJNA489076	SRX4634322	SAMN09948088			RNA-Seq	TRANSCRIPTOMIC	cDNA	PAIRED	ILLUMINA	NextSeq 500
SRR7779203	PRJNA489076	SRX4634323	SAMN09948087			RNA-Seq	TRANSCRIPTOMIC	cDNA	PAIRED	ILLUMINA	NextSeq 500
SRR8165621	PRJNA504034	SRX4986365	SAMN10388073			RNA-Seq	TRANSCRIPTOMIC	unspecified	PAIRED	ILLUMINA	Illumina HiSeq 2500
SRR8165622	PRJNA504034	SRX4986364	SAMN10388074			RNA-Seq	TRANSCRIPTOMIC	unspecified	PAIRED	ILLUMINA	Illumina HiSeq 2500
SRR8165623	PRJNA504034	SRX4986363	SAMN10388069			RNA-Seq	TRANSCRIPTOMIC	unspecified	PAIRED	ILLUMINA	Illumina HiSeq 2500
SRR8165624	PRJNA504034	SRX4986362	SAMN10388070			RNA-Seq	TRANSCRIPTOMIC	unspecified	PAIRED	ILLUMINA	Illumina HiSeq 2500
SRR8165625	PRJNA504034	SRX4986361	SAMN10388071			RNA-Seq	TRANSCRIPTOMIC	unspecified	PAIRED	ILLUMINA	Illumina HiSeq 2500
SRR8165626	PRJNA504034	SRX4986360	SAMN10388072			RNA-Seq	TRANSCRIPTOMIC	unspecified	PAIRED	ILLUMINA	Illumina HiSeq 2500
SRR8165627	PRJNA504034	SRX4986359	SAMN10388065			RNA-Seq	TRANSCRIPTOMIC	unspecified	PAIRED	ILLUMINA	Illumina HiSeq 2500
SRR8165628	PRJNA504034	SRX4986358	SAMN10388066			RNA-Seq	TRANSCRIPTOMIC	unspecified	PAIRED	ILLUMINA	Illumina HiSeq 2500
SRR8165629	PRJNA504034	SRX4986357	SAMN10388067			RNA-Seq	TRANSCRIPTOMIC	unspecified	PAIRED	ILLUMINA	Illumina HiSeq 2500
SRR8165630	PRJNA504034	SRX4986356	SAMN10388068			RNA-Seq	TRANSCRIPTOMIC	unspecified	PAIRED	ILLUMINA	Illumina HiSeq 2500
SRR8165633	PRJNA504034	SRX4986353	SAMN10388089			RNA-Seq	TRANSCRIPTOMIC	unspecified	PAIRED	ILLUMINA	Illumina HiSeq 2500
SRR8165635	PRJNA504034	SRX4986351	SAMN10388087			RNA-Seq	TRANSCRIPTOMIC	unspecified	PAIRED	ILLUMINA	Illumina HiSeq 2500
SRR8165636	PRJNA504034	SRX4986350	SAMN10388088			RNA-Seq	TRANSCRIPTOMIC	unspecified	PAIRED	ILLUMINA	Illumina HiSeq 2500
SRR8165637	PRJNA504034	SRX4986349	SAMN10388085			RNA-Seq	TRANSCRIPTOMIC	unspecified	PAIRED	ILLUMINA	Illumina HiSeq 2500
SRR8165638	PRJNA504034	SRX4986348	SAMN10388086			RNA-Seq	TRANSCRIPTOMIC	unspecified	PAIRED	ILLUMINA	Illumina HiSeq 2500
SRR8165651	PRJNA504034	SRX4986335	SAMN10388064			RNA-Seq	TRANSCRIPTOMIC	unspecified	PAIRED	ILLUMINA	Illumina HiSeq 2500
SRR8165652	PRJNA504034	SRX4986334	SAMN10388063			RNA-Seq	TRANSCRIPTOMIC	unspecified	PAIRED	ILLUMINA	Illumina HiSeq 2500
SRR8165653	PRJNA504034	SRX4986333	SAMN10388056			RNA-Seq	TRANSCRIPTOMIC	unspecified	PAIRED	ILLUMINA	Illumina HiSeq 2500
SRR8165654	PRJNA504034	SRX4986332	SAMN10388055			RNA-Seq	TRANSCRIPTOMIC	unspecified	PAIRED	ILLUMINA	Illumina HiSeq 2500
SRR8165655	PRJNA504034	SRX4986331	SAMN10388058			RNA-Seq	TRANSCRIPTOMIC	unspecified	PAIRED	ILLUMINA	Illumina HiSeq 2500
SRR8165656	PRJNA504034	SRX4986330	SAMN10388057			RNA-Seq	TRANSCRIPTOMIC	unspecified	PAIRED	ILLUMINA	Illumina HiSeq 2500
SRR8165657	PRJNA504034	SRX4986329	SAMN10388060			RNA-Seq	TRANSCRIPTOMIC	unspecified	PAIRED	ILLUMINA	Illumina HiSeq 2500
SRR8165658	PRJNA504034	SRX4986328	SAMN10388059			RNA-Seq	TRANSCRIPTOMIC	unspecified	PAIRED	ILLUMINA	Illumina HiSeq 2500
SRR8165659	PRJNA504034	SRX4986327	SAMN10388062			RNA-Seq	TRANSCRIPTOMIC	unspecified	PAIRED	ILLUMINA	Illumina HiSeq 2500
SRR8165660	PRJNA504034	SRX4986326	SAMN10388061			RNA-Seq	TRANSCRIPTOMIC	unspecified	PAIRED	ILLUMINA	Illumina HiSeq 2500
SRR8165661	PRJNA504034	SRX4986325	SAMN10388078			RNA-Seq	TRANSCRIPTOMIC	unspecified	PAIRED	ILLUMINA	Illumina HiSeq 2500
SRR8165662	PRJNA504034	SRX4986324	SAMN10388077			RNA-Seq	TRANSCRIPTOMIC	unspecified	PAIRED	ILLUMINA	Illumina HiSeq 2500
SRR8165663	PRJNA504034	SRX4986323	SAMN10388076			RNA-Seq	TRANSCRIPTOMIC	unspecified	PAIRED	ILLUMINA	Illumina HiSeq 2500
SRR8165664	PRJNA504034	SRX4986322	SAMN10388075			RNA-Seq	TRANSCRIPTOMIC	unspecified	PAIRED	ILLUMINA	Illumina HiSeq 2500
SRR8165665	PRJNA504034	SRX4986321	SAMN10388082			RNA-Seq	TRANSCRIPTOMIC	unspecified	PAIRED	ILLUMINA	Illumina HiSeq 2500
SRR8165666	PRJNA504034	SRX4986320	SAMN10388081			RNA-Seq	TRANSCRIPTOMIC	unspecified	PAIRED	ILLUMINA	Illumina HiSeq 2500
SRR8165667	PRJNA504034	SRX4986319	SAMN10388080			RNA-Seq	TRANSCRIPTOMIC	unspecified	PAIRED	ILLUMINA	Illumina HiSeq 2500
SRR8165668	PRJNA504034	SRX4986318	SAMN10388079			RNA-Seq	TRANSCRIPTOMIC	unspecified	PAIRED	ILLUMINA	Illumina HiSeq 2500
SRR8165670	PRJNA504034	SRX4986316	SAMN10388084			RNA-Seq	TRANSCRIPTOMIC	unspecified	PAIRED	ILLUMINA	Illumina HiSeq 2500
SRR8165671	PRJNA504034	SRX4986315	SAMN10388083			RNA-Seq	TRANSCRIPTOMIC	unspecified	PAIRED	ILLUMINA	Illumina HiSeq 2500
SRR8165674	PRJNA504034	SRX4986312	SAMN10388054			RNA-Seq	TRANSCRIPTOMIC	unspecified	PAIRED	ILLUMINA	Illumina HiSeq 2500
SRR8165675	PRJNA504034	SRX4986311	SAMN10388053			RNA-Seq	TRANSCRIPTOMIC	unspecified	PAIRED	ILLUMINA	Illumina HiSeq 2500
SRR8165677	PRJNA504034	SRX4986309	SAMN10388048			RNA-Seq	TRANSCRIPTOMIC	unspecified	PAIRED	ILLUMINA	Illumina HiSeq 2500
SRR8165678	PRJNA504034	SRX4986308	SAMN10388047			RNA-Seq	TRANSCRIPTOMIC	unspecified	PAIRED	ILLUMINA	Illumina HiSeq 2500
SRR8165679	PRJNA504034	SRX4986307	SAMN10388046			RNA-Seq	TRANSCRIPTOMIC	unspecified	PAIRED	ILLUMINA	Illumina HiSeq 2500
SRR8165680	PRJNA504034	SRX4986306	SAMN10388045			RNA-Seq	TRANSCRIPTOMIC	unspecified	PAIRED	ILLUMINA	Illumina HiSeq 2500
SRR8165681	PRJNA504034	SRX4986305	SAMN10388052			RNA-Seq	TRANSCRIPTOMIC	unspecified	PAIRED	ILLUMINA	Illumina HiSeq 2500
SRR8165682	PRJNA504034	SRX4986304	SAMN10388051			RNA-Seq	TRANSCRIPTOMIC	unspecified	PAIRED	ILLUMINA	Illumina HiSeq 2500
SRR8165683	PRJNA504034	SRX4986303	SAMN10388050			RNA-Seq	TRANSCRIPTOMIC	unspecified	PAIRED	ILLUMINA	Illumina HiSeq 2500
SRR8165684	PRJNA504034	SRX4986302	SAMN10388049			RNA-Seq	TRANSCRIPTOMIC	unspecified	PAIRED	ILLUMINA	Illumina HiSeq 2500
SRR9137503	PRJNA545135	SRX5910664	SAMN11875000		Actively engulfing (i.e. CypHer5E+) phagocytes were FACS sorted. Apoptotic Cells from human (Jurkat Lymphoma)	RNA-Seq	TRANSCRIPTOMIC	cDNA	PAIRED	ILLUMINA	NextSeq 500
SRR9137504	PRJNA545135	SRX5910665	SAMN11874999		Actively engulfing (i.e. CypHer5E+) phagocytes were FACS sorted. Apoptotic Cells from human (Jurkat Lymphoma)	RNA-Seq	TRANSCRIPTOMIC	cDNA	PAIRED	ILLUMINA	NextSeq 500
SRR9137505	PRJNA545135	SRX5910666	SAMN11874998		Actively engulfing (i.e. CypHer5E+) phagocytes were FACS sorted. Apoptotic Cells from human (Jurkat Lymphoma)	RNA-Seq	TRANSCRIPTOMIC	cDNA	PAIRED	ILLUMINA	NextSeq 500
SRR9137506	PRJNA545135	SRX5910667	SAMN11874997		Actively engulfing (i.e. CypHer5E+) phagocytes were FACS sorted. Apoptotic Cells from human (Jurkat Lymphoma)	RNA-Seq	TRANSCRIPTOMIC	cDNA	PAIRED	ILLUMINA	NextSeq 500
SRR9137507	PRJNA545135	SRX5910668	SAMN11874996		Actively engulfing (i.e. CypHer5E+) phagocytes were FACS sorted. Apoptotic Cells from human (Jurkat Lymphoma)	RNA-Seq	TRANSCRIPTOMIC	cDNA	PAIRED	ILLUMINA	NextSeq 500
SRR9137508	PRJNA545135	SRX5910669	SAMN11874994		Actively engulfing (i.e. CypHer5E+) phagocytes were FACS sorted. Apoptotic Cells from human (Jurkat Lymphoma)	RNA-Seq	TRANSCRIPTOMIC	cDNA	PAIRED	ILLUMINA	NextSeq 500
SRR9137509	PRJNA545135	SRX5910670	SAMN11874993		Actively engulfing (i.e. CypHer5E+) phagocytes were FACS sorted. Apoptotic Cells from human (Jurkat Lymphoma)	RNA-Seq	TRANSCRIPTOMIC	cDNA	PAIRED	ILLUMINA	NextSeq 500
SRR9137510	PRJNA545135	SRX5910671	SAMN11874992		Actively engulfing (i.e. CypHer5E+) phagocytes were FACS sorted. Apoptotic Cells from human (Jurkat Lymphoma)	RNA-Seq	TRANSCRIPTOMIC	cDNA	PAIRED	ILLUMINA	NextSeq 500
SRR9151757	PRJNA545309	SRX5924873	SAMN11883837	LR73		RNA-Seq	TRANSCRIPTOMIC	cDNA	PAIRED	ILLUMINA	NextSeq 500
SRR9151758	PRJNA545309	SRX5924874	SAMN11883836	LR73		RNA-Seq	TRANSCRIPTOMIC	cDNA	PAIRED	ILLUMINA	NextSeq 500
SRR9151759	PRJNA545309	SRX5924875	SAMN11883835	LR73		RNA-Seq	TRANSCRIPTOMIC	cDNA	PAIRED	ILLUMINA	NextSeq 500
SRR9151760	PRJNA545309	SRX5924876	SAMN11883834	LR73		RNA-Seq	TRANSCRIPTOMIC	cDNA	PAIRED	ILLUMINA	NextSeq 500
SRR9151761	PRJNA545309	SRX5924877	SAMN11883833	LR73		RNA-Seq	TRANSCRIPTOMIC	cDNA	PAIRED	ILLUMINA	NextSeq 500
SRR9151762	PRJNA545309	SRX5924878	SAMN11883832	LR73		RNA-Seq	TRANSCRIPTOMIC	cDNA	PAIRED	ILLUMINA	NextSeq 500
SRR9151763	PRJNA545309	SRX5924879	SAMN11883831	LR73		RNA-Seq	TRANSCRIPTOMIC	cDNA	PAIRED	ILLUMINA	NextSeq 500
SRR9151764	PRJNA545309	SRX5924880	SAMN11883830	LR73		RNA-Seq	TRANSCRIPTOMIC	cDNA	PAIRED	ILLUMINA	NextSeq 500
SRR9151765	PRJNA545309	SRX5924881	SAMN11883829	LR73		RNA-Seq	TRANSCRIPTOMIC	cDNA	PAIRED	ILLUMINA	NextSeq 500
SRR9151766	PRJNA545309	SRX5924882	SAMN11883828	LR73		RNA-Seq	TRANSCRIPTOMIC	cDNA	PAIRED	ILLUMINA	NextSeq 500
SRR9151767	PRJNA545309	SRX5924883	SAMN11883827	LR73		RNA-Seq	TRANSCRIPTOMIC	cDNA	PAIRED	ILLUMINA	NextSeq 500
SRR9151768	PRJNA545309	SRX5924884	SAMN11883826	LR73		RNA-Seq	TRANSCRIPTOMIC	cDNA	PAIRED	ILLUMINA	NextSeq 500
SRR9620991	PRJNA551666	SRX6384003	SAMN12162723	antibody-producing CHO DG44 cell line		RNA-Seq	TRANSCRIPTOMIC	cDNA	SINGLE	ILLUMINA	Illumina MiSeq
SRR9620992	PRJNA551666	SRX6384003	SAMN12162723	antibody-producing CHO DG44 cell line		RNA-Seq	TRANSCRIPTOMIC	cDNA	SINGLE	ILLUMINA	Illumina MiSeq
SRR9620993	PRJNA551666	SRX6384003	SAMN12162723	antibody-producing CHO DG44 cell line		RNA-Seq	TRANSCRIPTOMIC	cDNA	SINGLE	ILLUMINA	Illumina MiSeq
SRR9620994	PRJNA551666	SRX6384003	SAMN12162723	antibody-producing CHO DG44 cell line		RNA-Seq	TRANSCRIPTOMIC	cDNA	SINGLE	ILLUMINA	Illumina MiSeq
SRR9620995	PRJNA551666	SRX6384004	SAMN12162722	antibody-producing CHO DG44 cell line		RNA-Seq	TRANSCRIPTOMIC	cDNA	SINGLE	ILLUMINA	Illumina MiSeq
SRR9620996	PRJNA551666	SRX6384004	SAMN12162722	antibody-producing CHO DG44 cell line		RNA-Seq	TRANSCRIPTOMIC	cDNA	SINGLE	ILLUMINA	Illumina MiSeq
SRR9620997	PRJNA551666	SRX6384004	SAMN12162722	antibody-producing CHO DG44 cell line		RNA-Seq	TRANSCRIPTOMIC	cDNA	SINGLE	ILLUMINA	Illumina MiSeq
SRR9620998	PRJNA551666	SRX6384004	SAMN12162722	antibody-producing CHO DG44 cell line		RNA-Seq	TRANSCRIPTOMIC	cDNA	SINGLE	ILLUMINA	Illumina MiSeq
SRR9620999	PRJNA551666	SRX6384005	SAMN12162721	antibody-producing CHO DG44 cell line		RNA-Seq	TRANSCRIPTOMIC	cDNA	SINGLE	ILLUMINA	Illumina MiSeq
SRR9621000	PRJNA551666	SRX6384005	SAMN12162721	antibody-producing CHO DG44 cell line		RNA-Seq	TRANSCRIPTOMIC	cDNA	SINGLE	ILLUMINA	Illumina MiSeq
SRR9621001	PRJNA551666	SRX6384005	SAMN12162721	antibody-producing CHO DG44 cell line		RNA-Seq	TRANSCRIPTOMIC	cDNA	SINGLE	ILLUMINA	Illumina MiSeq
SRR9621002	PRJNA551666	SRX6384005	SAMN12162721	antibody-producing CHO DG44 cell line		RNA-Seq	TRANSCRIPTOMIC	cDNA	SINGLE	ILLUMINA	Illumina MiSeq
SRR9621003	PRJNA551666	SRX6384006	SAMN12162720	antibody-producing CHO DG44 cell line		RNA-Seq	TRANSCRIPTOMIC	cDNA	SINGLE	ILLUMINA	Illumina MiSeq
SRR9621004	PRJNA551666	SRX6384006	SAMN12162720	antibody-producing CHO DG44 cell line		RNA-Seq	TRANSCRIPTOMIC	cDNA	SINGLE	ILLUMINA	Illumina MiSeq
SRR9621005	PRJNA551666	SRX6384006	SAMN12162720	antibody-producing CHO DG44 cell line		RNA-Seq	TRANSCRIPTOMIC	cDNA	SINGLE	ILLUMINA	Illumina MiSeq
SRR9621006	PRJNA551666	SRX6384006	SAMN12162720	antibody-producing CHO DG44 cell line		RNA-Seq	TRANSCRIPTOMIC	cDNA	SINGLE	ILLUMINA	Illumina MiSeq
SRR9621007	PRJNA551666	SRX6384007	SAMN12162719	antibody-producing CHO DG44 cell line		RNA-Seq	TRANSCRIPTOMIC	cDNA	SINGLE	ILLUMINA	Illumina MiSeq
SRR9621008	PRJNA551666	SRX6384007	SAMN12162719	antibody-producing CHO DG44 cell line		RNA-Seq	TRANSCRIPTOMIC	cDNA	SINGLE	ILLUMINA	Illumina MiSeq
SRR9621009	PRJNA551666	SRX6384007	SAMN12162719	antibody-producing CHO DG44 cell line		RNA-Seq	TRANSCRIPTOMIC	cDNA	SINGLE	ILLUMINA	Illumina MiSeq
SRR9621010	PRJNA551666	SRX6384007	SAMN12162719	antibody-producing CHO DG44 cell line		RNA-Seq	TRANSCRIPTOMIC	cDNA	SINGLE	ILLUMINA	Illumina MiSeq
SRR9621011	PRJNA551666	SRX6384008	SAMN12162718	antibody-producing CHO DG44 cell line		RNA-Seq	TRANSCRIPTOMIC	cDNA	SINGLE	ILLUMINA	Illumina MiSeq
SRR9621012	PRJNA551666	SRX6384008	SAMN12162718	antibody-producing CHO DG44 cell line		RNA-Seq	TRANSCRIPTOMIC	cDNA	SINGLE	ILLUMINA	Illumina MiSeq
SRR9621013	PRJNA551666	SRX6384008	SAMN12162718	antibody-producing CHO DG44 cell line		RNA-Seq	TRANSCRIPTOMIC	cDNA	SINGLE	ILLUMINA	Illumina MiSeq
SRR9621014	PRJNA551666	SRX6384008	SAMN12162718	antibody-producing CHO DG44 cell line		RNA-Seq	TRANSCRIPTOMIC	cDNA	SINGLE	ILLUMINA	Illumina MiSeq
SRR9621015	PRJNA551666	SRX6384009	SAMN12162717	antibody-producing CHO DG44 cell line		RNA-Seq	TRANSCRIPTOMIC	cDNA	SINGLE	ILLUMINA	Illumina MiSeq
SRR9621016	PRJNA551666	SRX6384009	SAMN12162717	antibody-producing CHO DG44 cell line		RNA-Seq	TRANSCRIPTOMIC	cDNA	SINGLE	ILLUMINA	Illumina MiSeq
SRR9621017	PRJNA551666	SRX6384009	SAMN12162717	antibody-producing CHO DG44 cell line		RNA-Seq	TRANSCRIPTOMIC	cDNA	SINGLE	ILLUMINA	Illumina MiSeq
SRR9621018	PRJNA551666	SRX6384009	SAMN12162717	antibody-producing CHO DG44 cell line		RNA-Seq	TRANSCRIPTOMIC	cDNA	SINGLE	ILLUMINA	Illumina MiSeq
SRR9621019	PRJNA551666	SRX6384010	SAMN12162716	antibody-producing CHO DG44 cell line		RNA-Seq	TRANSCRIPTOMIC	cDNA	SINGLE	ILLUMINA	Illumina MiSeq
SRR9621020	PRJNA551666	SRX6384010	SAMN12162716	antibody-producing CHO DG44 cell line		RNA-Seq	TRANSCRIPTOMIC	cDNA	SINGLE	ILLUMINA	Illumina MiSeq
SRR9621021	PRJNA551666	SRX6384010	SAMN12162716	antibody-producing CHO DG44 cell line		RNA-Seq	TRANSCRIPTOMIC	cDNA	SINGLE	ILLUMINA	Illumina MiSeq
SRR9621022	PRJNA551666	SRX6384010	SAMN12162716	antibody-producing CHO DG44 cell line		RNA-Seq	TRANSCRIPTOMIC	cDNA	SINGLE	ILLUMINA	Illumina MiSeq
SRR9621023	PRJNA551666	SRX6384011	SAMN12162715	antibody-producing CHO DG44 cell line		RNA-Seq	TRANSCRIPTOMIC	cDNA	SINGLE	ILLUMINA	Illumina MiSeq
SRR9621024	PRJNA551666	SRX6384011	SAMN12162715	antibody-producing CHO DG44 cell line		RNA-Seq	TRANSCRIPTOMIC	cDNA	SINGLE	ILLUMINA	Illumina MiSeq
SRR9621025	PRJNA551666	SRX6384011	SAMN12162715	antibody-producing CHO DG44 cell line		RNA-Seq	TRANSCRIPTOMIC	cDNA	SINGLE	ILLUMINA	Illumina MiSeq
SRR9621026	PRJNA551666	SRX6384011	SAMN12162715	antibody-producing CHO DG44 cell line		RNA-Seq	TRANSCRIPTOMIC	cDNA	SINGLE	ILLUMINA	Illumina MiSeq
SRR9621027	PRJNA551666	SRX6384012	SAMN12162714	antibody-producing CHO DG44 cell line		RNA-Seq	TRANSCRIPTOMIC	cDNA	SINGLE	ILLUMINA	Illumina MiSeq
SRR9621028	PRJNA551666	SRX6384012	SAMN12162714	antibody-producing CHO DG44 cell line		RNA-Seq	TRANSCRIPTOMIC	cDNA	SINGLE	ILLUMINA	Illumina MiSeq
SRR9621029	PRJNA551666	SRX6384012	SAMN12162714	antibody-producing CHO DG44 cell line		RNA-Seq	TRANSCRIPTOMIC	cDNA	SINGLE	ILLUMINA	Illumina MiSeq
SRR9621030	PRJNA551666	SRX6384012	SAMN12162714	antibody-producing CHO DG44 cell line		RNA-Seq	TRANSCRIPTOMIC	cDNA	SINGLE	ILLUMINA	Illumina MiSeq
SRR9621031	PRJNA551666	SRX6384013	SAMN12162713	antibody-producing CHO DG44 cell line		RNA-Seq	TRANSCRIPTOMIC	cDNA	SINGLE	ILLUMINA	Illumina MiSeq
SRR9621032	PRJNA551666	SRX6384013	SAMN12162713	antibody-producing CHO DG44 cell line		RNA-Seq	TRANSCRIPTOMIC	cDNA	SINGLE	ILLUMINA	Illumina MiSeq
SRR9621033	PRJNA551666	SRX6384013	SAMN12162713	antibody-producing CHO DG44 cell line		RNA-Seq	TRANSCRIPTOMIC	cDNA	SINGLE	ILLUMINA	Illumina MiSeq
SRR9621034	PRJNA551666	SRX6384013	SAMN12162713	antibody-producing CHO DG44 cell line		RNA-Seq	TRANSCRIPTOMIC	cDNA	SINGLE	ILLUMINA	Illumina MiSeq
SRR9621035	PRJNA551666	SRX6384014	SAMN12162712	antibody-producing CHO DG44 cell line		RNA-Seq	TRANSCRIPTOMIC	cDNA	SINGLE	ILLUMINA	Illumina MiSeq
SRR9621036	PRJNA551666	SRX6384014	SAMN12162712	antibody-producing CHO DG44 cell line		RNA-Seq	TRANSCRIPTOMIC	cDNA	SINGLE	ILLUMINA	Illumina MiSeq
SRR9621037	PRJNA551666	SRX6384014	SAMN12162712	antibody-producing CHO DG44 cell line		RNA-Seq	TRANSCRIPTOMIC	cDNA	SINGLE	ILLUMINA	Illumina MiSeq
SRR9621038	PRJNA551666	SRX6384014	SAMN12162712	antibody-producing CHO DG44 cell line		RNA-Seq	TRANSCRIPTOMIC	cDNA	SINGLE	ILLUMINA	Illumina MiSeq
SRR9621039	PRJNA551666	SRX6384015	SAMN12162711	amplified progeny of cell line of antibody-producing CHO DG44		RNA-Seq	TRANSCRIPTOMIC	cDNA	SINGLE	ILLUMINA	Illumina MiSeq
SRR9621040	PRJNA551666	SRX6384015	SAMN12162711	amplified progeny of cell line of antibody-producing CHO DG44		RNA-Seq	TRANSCRIPTOMIC	cDNA	SINGLE	ILLUMINA	Illumina MiSeq
SRR9621041	PRJNA551666	SRX6384015	SAMN12162711	amplified progeny of cell line of antibody-producing CHO DG44		RNA-Seq	TRANSCRIPTOMIC	cDNA	SINGLE	ILLUMINA	Illumina MiSeq
SRR9621042	PRJNA551666	SRX6384015	SAMN12162711	amplified progeny of cell line of antibody-producing CHO DG44		RNA-Seq	TRANSCRIPTOMIC	cDNA	SINGLE	ILLUMINA	Illumina MiSeq
SRR9621043	PRJNA551666	SRX6384016	SAMN12162710	amplified progeny of cell line of antibody-producing CHO DG44		RNA-Seq	TRANSCRIPTOMIC	cDNA	SINGLE	ILLUMINA	Illumina MiSeq
SRR9621044	PRJNA551666	SRX6384016	SAMN12162710	amplified progeny of cell line of antibody-producing CHO DG44		RNA-Seq	TRANSCRIPTOMIC	cDNA	SINGLE	ILLUMINA	Illumina MiSeq
SRR9621045	PRJNA551666	SRX6384016	SAMN12162710	amplified progeny of cell line of antibody-producing CHO DG44		RNA-Seq	TRANSCRIPTOMIC	cDNA	SINGLE	ILLUMINA	Illumina MiSeq
SRR9621046	PRJNA551666	SRX6384016	SAMN12162710	amplified progeny of cell line of antibody-producing CHO DG44		RNA-Seq	TRANSCRIPTOMIC	cDNA	SINGLE	ILLUMINA	Illumina MiSeq
SRR9621047	PRJNA551666	SRX6384017	SAMN12162709	amplified progeny of cell line of antibody-producing CHO DG44		RNA-Seq	TRANSCRIPTOMIC	cDNA	SINGLE	ILLUMINA	Illumina MiSeq
SRR9621048	PRJNA551666	SRX6384017	SAMN12162709	amplified progeny of cell line of antibody-producing CHO DG44		RNA-Seq	TRANSCRIPTOMIC	cDNA	SINGLE	ILLUMINA	Illumina MiSeq
SRR9621049	PRJNA551666	SRX6384017	SAMN12162709	amplified progeny of cell line of antibody-producing CHO DG44		RNA-Seq	TRANSCRIPTOMIC	cDNA	SINGLE	ILLUMINA	Illumina MiSeq
SRR9621050	PRJNA551666	SRX6384017	SAMN12162709	amplified progeny of cell line of antibody-producing CHO DG44		RNA-Seq	TRANSCRIPTOMIC	cDNA	SINGLE	ILLUMINA	Illumina MiSeq
SRR9621051	PRJNA551666	SRX6384018	SAMN12162708	amplified progeny of cell line of antibody-producing CHO DG44		RNA-Seq	TRANSCRIPTOMIC	cDNA	SINGLE	ILLUMINA	Illumina MiSeq
SRR9621052	PRJNA551666	SRX6384018	SAMN12162708	amplified progeny of cell line of antibody-producing CHO DG44		RNA-Seq	TRANSCRIPTOMIC	cDNA	SINGLE	ILLUMINA	Illumina MiSeq
SRR9621053	PRJNA551666	SRX6384018	SAMN12162708	amplified progeny of cell line of antibody-producing CHO DG44		RNA-Seq	TRANSCRIPTOMIC	cDNA	SINGLE	ILLUMINA	Illumina MiSeq
SRR9621054	PRJNA551666	SRX6384018	SAMN12162708	amplified progeny of cell line of antibody-producing CHO DG44		RNA-Seq	TRANSCRIPTOMIC	cDNA	SINGLE	ILLUMINA	Illumina MiSeq
SRR9621055	PRJNA551666	SRX6384019	SAMN12162707	amplified progeny of cell line of antibody-producing CHO DG44		RNA-Seq	TRANSCRIPTOMIC	cDNA	SINGLE	ILLUMINA	Illumina MiSeq
SRR9621056	PRJNA551666	SRX6384019	SAMN12162707	amplified progeny of cell line of antibody-producing CHO DG44		RNA-Seq	TRANSCRIPTOMIC	cDNA	SINGLE	ILLUMINA	Illumina MiSeq
SRR9621057	PRJNA551666	SRX6384019	SAMN12162707	amplified progeny of cell line of antibody-producing CHO DG44		RNA-Seq	TRANSCRIPTOMIC	cDNA	SINGLE	ILLUMINA	Illumina MiSeq
SRR9621058	PRJNA551666	SRX6384019	SAMN12162707	amplified progeny of cell line of antibody-producing CHO DG44		RNA-Seq	TRANSCRIPTOMIC	cDNA	SINGLE	ILLUMINA	Illumina MiSeq
SRR9621059	PRJNA551666	SRX6384020	SAMN12162706	amplified progeny of cell line of antibody-producing CHO DG44		RNA-Seq	TRANSCRIPTOMIC	cDNA	SINGLE	ILLUMINA	Illumina MiSeq
SRR9621060	PRJNA551666	SRX6384020	SAMN12162706	amplified progeny of cell line of antibody-producing CHO DG44		RNA-Seq	TRANSCRIPTOMIC	cDNA	SINGLE	ILLUMINA	Illumina MiSeq
SRR9621061	PRJNA551666	SRX6384020	SAMN12162706	amplified progeny of cell line of antibody-producing CHO DG44		RNA-Seq	TRANSCRIPTOMIC	cDNA	SINGLE	ILLUMINA	Illumina MiSeq
SRR9621062	PRJNA551666	SRX6384020	SAMN12162706	amplified progeny of cell line of antibody-producing CHO DG44		RNA-Seq	TRANSCRIPTOMIC	cDNA	SINGLE	ILLUMINA	Illumina MiSeq
SRR9621063	PRJNA551666	SRX6384021	SAMN12162705	CHO-S cell line		RNA-Seq	TRANSCRIPTOMIC	cDNA	SINGLE	ILLUMINA	Illumina MiSeq
SRR9621064	PRJNA551666	SRX6384021	SAMN12162705	CHO-S cell line		RNA-Seq	TRANSCRIPTOMIC	cDNA	SINGLE	ILLUMINA	Illumina MiSeq
SRR9621065	PRJNA551666	SRX6384021	SAMN12162705	CHO-S cell line		RNA-Seq	TRANSCRIPTOMIC	cDNA	SINGLE	ILLUMINA	Illumina MiSeq
SRR9621066	PRJNA551666	SRX6384021	SAMN12162705	CHO-S cell line		RNA-Seq	TRANSCRIPTOMIC	cDNA	SINGLE	ILLUMINA	Illumina MiSeq
SRR9621067	PRJNA551666	SRX6384022	SAMN12162704	CHO-S cell line		RNA-Seq	TRANSCRIPTOMIC	cDNA	SINGLE	ILLUMINA	Illumina MiSeq
SRR9621068	PRJNA551666	SRX6384022	SAMN12162704	CHO-S cell line		RNA-Seq	TRANSCRIPTOMIC	cDNA	SINGLE	ILLUMINA	Illumina MiSeq
SRR9621069	PRJNA551666	SRX6384022	SAMN12162704	CHO-S cell line		RNA-Seq	TRANSCRIPTOMIC	cDNA	SINGLE	ILLUMINA	Illumina MiSeq
SRR9621070	PRJNA551666	SRX6384022	SAMN12162704	CHO-S cell line		RNA-Seq	TRANSCRIPTOMIC	cDNA	SINGLE	ILLUMINA	Illumina MiSeq
SRR9621071	PRJNA551666	SRX6384023	SAMN12162703	CHO-S cell line		RNA-Seq	TRANSCRIPTOMIC	cDNA	SINGLE	ILLUMINA	Illumina MiSeq
SRR9621072	PRJNA551666	SRX6384023	SAMN12162703	CHO-S cell line		RNA-Seq	TRANSCRIPTOMIC	cDNA	SINGLE	ILLUMINA	Illumina MiSeq
SRR9621073	PRJNA551666	SRX6384023	SAMN12162703	CHO-S cell line		RNA-Seq	TRANSCRIPTOMIC	cDNA	SINGLE	ILLUMINA	Illumina MiSeq
SRR9621074	PRJNA551666	SRX6384023	SAMN12162703	CHO-S cell line		RNA-Seq	TRANSCRIPTOMIC	cDNA	SINGLE	ILLUMINA	Illumina MiSeq
SRR9621075	PRJNA551666	SRX6384024	SAMN12162702	CHO-S cell line		RNA-Seq	TRANSCRIPTOMIC	cDNA	SINGLE	ILLUMINA	Illumina MiSeq
SRR9621076	PRJNA551666	SRX6384024	SAMN12162702	CHO-S cell line		RNA-Seq	TRANSCRIPTOMIC	cDNA	SINGLE	ILLUMINA	Illumina MiSeq
SRR9621077	PRJNA551666	SRX6384024	SAMN12162702	CHO-S cell line		RNA-Seq	TRANSCRIPTOMIC	cDNA	SINGLE	ILLUMINA	Illumina MiSeq
SRR9621078	PRJNA551666	SRX6384024	SAMN12162702	CHO-S cell line		RNA-Seq	TRANSCRIPTOMIC	cDNA	SINGLE	ILLUMINA	Illumina MiSeq
SRR9621079	PRJNA551666	SRX6384025	SAMN12162725	CHO-S cell line		RNA-Seq	TRANSCRIPTOMIC	cDNA	SINGLE	ILLUMINA	Illumina MiSeq
SRR9621080	PRJNA551666	SRX6384025	SAMN12162725	CHO-S cell line		RNA-Seq	TRANSCRIPTOMIC	cDNA	SINGLE	ILLUMINA	Illumina MiSeq
SRR9621081	PRJNA551666	SRX6384025	SAMN12162725	CHO-S cell line		RNA-Seq	TRANSCRIPTOMIC	cDNA	SINGLE	ILLUMINA	Illumina MiSeq
SRR9621082	PRJNA551666	SRX6384025	SAMN12162725	CHO-S cell line		RNA-Seq	TRANSCRIPTOMIC	cDNA	SINGLE	ILLUMINA	Illumina MiSeq
SRR9621083	PRJNA551666	SRX6384026	SAMN12162724	CHO-S cell line		RNA-Seq	TRANSCRIPTOMIC	cDNA	SINGLE	ILLUMINA	Illumina MiSeq
SRR9621084	PRJNA551666	SRX6384026	SAMN12162724	CHO-S cell line		RNA-Seq	TRANSCRIPTOMIC	cDNA	SINGLE	ILLUMINA	Illumina MiSeq
SRR9621085	PRJNA551666	SRX6384026	SAMN12162724	CHO-S cell line		RNA-Seq	TRANSCRIPTOMIC	cDNA	SINGLE	ILLUMINA	Illumina MiSeq
SRR9621086	PRJNA551666	SRX6384026	SAMN12162724	CHO-S cell line		RNA-Seq	TRANSCRIPTOMIC	cDNA	SINGLE	ILLUMINA	Illumina MiSeq
SRR9703434	PRJNA555245	SRX6461459	SAMN12308451	CHO		RNA-Seq	TRANSCRIPTOMIC	cDNA	SINGLE	ILLUMINA	Illumina HiSeq 2000
SRR9703435	PRJNA555245	SRX6461460	SAMN12308450	CHO		RNA-Seq	TRANSCRIPTOMIC	cDNA	SINGLE	ILLUMINA	Illumina HiSeq 2000
SRR9703436	PRJNA555245	SRX6461461	SAMN12308449	CHO		RNA-Seq	TRANSCRIPTOMIC	cDNA	SINGLE	ILLUMINA	Illumina HiSeq 2000
SRR9846909	PRJNA556890	SRX6601534	SAMN12375427	CHO-K1		RNA-Seq	TRANSCRIPTOMIC	cDNA	PAIRED	ILLUMINA	Illumina HiSeq 2500
SRR9846910	PRJNA556890	SRX6601535	SAMN12375426	CHO-K1		RNA-Seq	TRANSCRIPTOMIC	cDNA	PAIRED	ILLUMINA	Illumina HiSeq 2500
SRR9846911	PRJNA556890	SRX6601536	SAMN12375425	CHO-K1		RNA-Seq	TRANSCRIPTOMIC	cDNA	PAIRED	ILLUMINA	Illumina HiSeq 2500
SRR9846912	PRJNA556890	SRX6601537	SAMN12375424	CHO-K1		RNA-Seq	TRANSCRIPTOMIC	cDNA	PAIRED	ILLUMINA	Illumina HiSeq 2500
