experiment_accession	study_accession	sample_accession	n_runs	run_accessions	library_layout	library_selection	library_source	instrument_platform
DRX085006	PRJDB5737	SAMD00079368	3	DRR091430;DRR091431;DRR091432	SINGLE	PolyA	TRANSCRIPTOMIC	ILLUMINA
DRX085007	PRJDB5737	SAMD00079369	3	DRR091433;DRR091434;DRR091435	SINGLE	PolyA	TRANSCRIPTOMIC	ILLUMINA
DRX085008	PRJDB5737	SAMD00079370	3	DRR091436;DRR091437;DRR091438	SINGLE	PolyA	TRANSCRIPTOMIC	ILLUMINA
DRX085009	PRJDB5737	SAMD00079371	1	DRR091439	SINGLE	PolyA	TRANSCRIPTOMIC	ILLUMINA
DRX085010	PRJDB5737	SAMD00079372	1	DRR091440	SINGLE	PolyA	TRANSCRIPTOMIC	ILLUMINA
DRX087368	PRJDB5831	SAMD00082620	1	DRR093872	PAIRED	PolyA	TRANSCRIPTOMIC	ILLUMINA
DRX087369	PRJDB5831	SAMD00082621	1	DRR093873	PAIRED	PolyA	TRANSCRIPTOMIC	ILLUMINA
DRX087370	PRJDB5831	SAMD00082622	1	DRR093874	PAIRED	PolyA	TRANSCRIPTOMIC	ILLUMINA
DRX087371	PRJDB5831	SAMD00082623	1	DRR093875	PAIRED	PolyA	TRANSCRIPTOMIC	ILLUMINA
DRX090092	PRJDB5897	SAMD00084267	1	DRR096596	SINGLE	PolyA	TRANSCRIPTOMIC	ILLUMINA
DRX090093	PRJDB5897	SAMD00084268	1	DRR096597	SINGLE	PolyA	TRANSCRIPTOMIC	ILLUMINA
DRX090094	PRJDB5897	SAMD00084269	1	DRR096598	SINGLE	RANDOM	TRANSCRIPTOMIC	ILLUMINA
DRX090095	PRJDB5897	SAMD00084270	1	DRR096599	SINGLE	RANDOM	TRANSCRIPTOMIC	ILLUMINA
DRX090096	PRJDB5898	SAMD00084271	1	DRR096600	SINGLE	PolyA	TRANSCRIPTOMIC	ILLUMINA
DRX090097	PRJDB5898	SAMD00084272	1	DRR096601	SINGLE	PolyA	TRANSCRIPTOMIC	ILLUMINA
DRX090098	PRJDB5898	SAMD00084273	1	DRR096602	SINGLE	PolyA	TRANSCRIPTOMIC	ILLUMINA
DRX090099	PRJDB5898	SAMD00084274	1	DRR096603	SINGLE	PolyA	TRANSCRIPTOMIC	ILLUMINA
DRX092931	PRJDB6126	SAMD00089406	1	DRR099453	SINGLE	PolyA	TRANSCRIPTOMIC	ILLUMINA
DRX092932	PRJDB6126	SAMD00089407	1	DRR099454	SINGLE	PolyA	TRANSCRIPTOMIC	ILLUMINA
DRX092933	PRJDB6126	SAMD00089408	1	DRR099455	SINGLE	PolyA	TRANSCRIPTOMIC	ILLUMINA
DRX092934	PRJDB6126	SAMD00089409	1	DRR099456	SINGLE	PolyA	TRANSCRIPTOMIC	ILLUMINA
DRX092935	PRJDB6126	SAMD00089410	1	DRR099457	SINGLE	PolyA	TRANSCRIPTOMIC	ILLUMINA
DRX092936	PRJDB6126	SAMD00089411	1	DRR099458	SINGLE	PolyA	TRANSCRIPTOMIC	ILLUMINA
DRX092937	PRJDB6126	SAMD00089412	1	DRR099459	SINGLE	PolyA	TRANSCRIPTOMIC	ILLUMINA
DRX092938	PRJDB6126	SAMD00089413	1	DRR099460	SINGLE	PolyA	TRANSCRIPTOMIC	ILLUMINA
DRX092939	PRJDB6126	SAMD00089414	1	DRR099461	SINGLE	PolyA	TRANSCRIPTOMIC	ILLUMINA
DRX092940	PRJDB6126	SAMD00089415	1	DRR099462	SINGLE	PolyA	TRANSCRIPTOMIC	ILLUMINA
DRX092941	PRJDB6126	SAMD00089416	1	DRR099463	SINGLE	PolyA	TRANSCRIPTOMIC	ILLUMINA
DRX092942	PRJDB6126	SAMD00089417	1	DRR099464	SINGLE	PolyA	TRANSCRIPTOMIC	ILLUMINA
DRX092943	PRJDB6126	SAMD00089418	1	DRR099465	SINGLE	PolyA	TRANSCRIPTOMIC	ILLUMINA
DRX092944	PRJDB6126	SAMD00089419	1	DRR099466	SINGLE	PolyA	TRANSCRIPTOMIC	ILLUMINA
DRX092945	PRJDB6126	SAMD00089420	1	DRR099467	SINGLE	PolyA	TRANSCRIPTOMIC	ILLUMINA
DRX092946	PRJDB6126	SAMD00089421	1	DRR099468	SINGLE	PolyA	TRANSCRIPTOMIC	ILLUMINA
DRX092947	PRJDB6126	SAMD00089422	1	DRR099469	SINGLE	PolyA	TRANSCRIPTOMIC	ILLUMINA
DRX092948	PRJDB6126	SAMD00089423	1	DRR099470	SINGLE	PolyA	TRANSCRIPTOMIC	ILLUMINA
DRX092949	PRJDB6126	SAMD00089424	1	DRR099471	SINGLE	PolyA	TRANSCRIPTOMIC	ILLUMINA
DRX092950	PRJDB6126	SAMD00089425	1	DRR099472	SINGLE	PolyA	TRANSCRIPTOMIC	ILLUMINA
DRX092951	PRJDB6126	SAMD00089426	1	DRR099473	SINGLE	PolyA	TRANSCRIPTOMIC	ILLUMINA
DRX092952	PRJDB6126	SAMD00089427	1	DRR099474	SINGLE	PolyA	TRANSCRIPTOMIC	ILLUMINA
DRX092953	PRJDB6126	SAMD00089428	1	DRR099475	SINGLE	PolyA	TRANSCRIPTOMIC	ILLUMINA
DRX092954	PRJDB6126	SAMD00089429	1	DRR099476	SINGLE	PolyA	TRANSCRIPTOMIC	ILLUMINA
DRX092955	PRJDB6126	SAMD00089430	1	DRR099477	SINGLE	PolyA	TRANSCRIPTOMIC	ILLUMINA
DRX092956	PRJDB6126	SAMD00089431	1	DRR099478	SINGLE	PolyA	TRANSCRIPTOMIC	ILLUMINA
DRX092957	PRJDB6126	SAMD00089432	1	DRR099479	SINGLE	PolyA	TRANSCRIPTOMIC	ILLUMINA
DRX092958	PRJDB6126	SAMD00089433	1	DRR099480	SINGLE	PolyA	TRANSCRIPTOMIC	ILLUMINA
DRX092959	PRJDB6126	SAMD00089434	1	DRR099481	SINGLE	PolyA	TRANSCRIPTOMIC	ILLUMINA
DRX092960	PRJDB6126	SAMD00089435	1	DRR099482	SINGLE	PolyA	TRANSCRIPTOMIC	ILLUMINA
DRX092961	PRJDB6126	SAMD00089436	1	DRR099483	SINGLE	PolyA	TRANSCRIPTOMIC	ILLUMINA
DRX092962	PRJDB6126	SAMD00089437	1	DRR099484	SINGLE	PolyA	TRANSCRIPTOMIC	ILLUMINA
DRX092963	PRJDB6126	SAMD00089438	1	DRR099485	SINGLE	PolyA	TRANSCRIPTOMIC	ILLUMINA
DRX092964	PRJDB6126	SAMD00089439	1	DRR099486	SINGLE	PolyA	TRANSCRIPTOMIC	ILLUMINA
DRX092965	PRJDB6126	SAMD00089440	1	DRR099487	SINGLE	PolyA	TRANSCRIPTOMIC	ILLUMINA
DRX092966	PRJDB6126	SAMD00089441	1	DRR099488	SINGLE	PolyA	TRANSCRIPTOMIC	ILLUMINA
DRX092967	PRJDB6126	SAMD00089442	1	DRR099489	SINGLE	PolyA	TRANSCRIPTOMIC	ILLUMINA
DRX092968	PRJDB6126	SAMD00089443	1	DRR099490	SINGLE	PolyA	TRANSCRIPTOMIC	ILLUMINA
DRX092969	PRJDB6126	SAMD00089444	1	DRR099491	SINGLE	PolyA	TRANSCRIPTOMIC	ILLUMINA
DRX092970	PRJDB6126	SAMD00089445	1	DRR099492	SINGLE	PolyA	TRANSCRIPTOMIC	ILLUMINA
DRX092971	PRJDB6126	SAMD00089446	1	DRR099493	SINGLE	PolyA	TRANSCRIPTOMIC	ILLUMINA
DRX092972	PRJDB6126	SAMD00089447	1	DRR099494	SINGLE	PolyA	TRANSCRIPTOMIC	ILLUMINA
DRX092973	PRJDB6126	SAMD00089448	1	DRR099495	SINGLE	PolyA	TRANSCRIPTOMIC	ILLUMINA
DRX092974	PRJDB6126	SAMD00089449	1	DRR099496	SINGLE	PolyA	TRANSCRIPTOMIC	ILLUMINA
DRX092975	PRJDB6126	SAMD00089450	1	DRR099497	SINGLE	PolyA	TRANSCRIPTOMIC	ILLUMINA
DRX092976	PRJDB6126	SAMD00089451	1	DRR099498	SINGLE	PolyA	TRANSCRIPTOMIC	ILLUMINA
DRX092977	PRJDB6126	SAMD00089452	1	DRR099499	SINGLE	PolyA	TRANSCRIPTOMIC	ILLUMINA
DRX092978	PRJDB6126	SAMD00089453	1	DRR099500	SINGLE	PolyA	TRANSCRIPTOMIC	ILLUMINA
DRX155559	PRJDB7873	SAMD00156498	1	DRR164940	SINGLE	PolyA	TRANSCRIPTOMIC	ILLUMINA
DRX155560	PRJDB7873	SAMD00156499	1	DRR164941	SINGLE	PolyA	TRANSCRIPTOMIC	ILLUMINA
DRX155561	PRJDB7873	SAMD00156500	1	DRR164942	SINGLE	PolyA	TRANSCRIPTOMIC	ILLUMINA
DRX155562	PRJDB7873	SAMD00156501	1	DRR164943	SINGLE	PolyA	TRANSCRIPTOMIC	ILLUMINA
DRX155563	PRJDB7873	SAMD00156502	1	DRR164944	SINGLE	PolyA	TRANSCRIPTOMIC	ILLUMINA
DRX155564	PRJDB7873	SAMD00156503	1	DRR164945	SINGLE	PolyA	TRANSCRIPTOMIC	ILLUMINA
DRX155565	PRJDB7873	SAMD00156504	1	DRR164946	SINGLE	PolyA	TRANSCRIPTOMIC	ILLUMINA
DRX155566	PRJDB7873	SAMD00156505	1	DRR164947	SINGLE	PolyA	TRANSCRIPTOMIC	ILLUMINA
DRX155567	PRJDB7873	SAMD00156506	1	DRR164948	SINGLE	PolyA	TRANSCRIPTOMIC	ILLUMINA
DRX155568	PRJDB7873	SAMD00156507	1	DRR164949	SINGLE	PolyA	TRANSCRIPTOMIC	ILLUMINA
DRX155569	PRJDB7873	SAMD00156508	1	DRR164950	SINGLE	PolyA	TRANSCRIPTOMIC	ILLUMINA
DRX155570	PRJDB7873	SAMD00156509	1	DRR164951	SINGLE	PolyA	TRANSCRIPTOMIC	ILLUMINA
DRX159883	PRJDB7945	SAMD00159352	1	DRR169269	SINGLE	cDNA	TRANSCRIPTOMIC	ILLUMINA
DRX159884	PRJDB7945	SAMD00159353	1	DRR169270	SINGLE	cDNA	TRANSCRIPTOMIC	ILLUMINA
DRX159885	PRJDB7945	SAMD00159354	1	DRR169271	SINGLE	cDNA	TRANSCRIPTOMIC	ILLUMINA
DRX159886	PRJDB7945	SAMD00159355	1	DRR169272	SINGLE	cDNA	TRANSCRIPTOMIC	ILLUMINA
DRX159887	PRJDB7945	SAMD00159356	1	DRR169273	SINGLE	cDNA	TRANSCRIPTOMIC	ILLUMINA
DRX159888	PRJDB7945	SAMD00159357	1	DRR169274	SINGLE	cDNA	TRANSCRIPTOMIC	ILLUMINA
DRX159889	PRJDB7945	SAMD00159358	1	DRR169275	SINGLE	cDNA	TRANSCRIPTOMIC	ILLUMINA
DRX159890	PRJDB7945	SAMD00159359	1	DRR169276	SINGLE	cDNA	TRANSCRIPTOMIC	ILLUMINA
DRX159891	PRJDB7945	SAMD00159360	1	DRR169277	SINGLE	cDNA	TRANSCRIPTOMIC	ILLUMINA
DRX159892	PRJDB7945	SAMD00159361	1	DRR169278	SINGLE	cDNA	TRANSCRIPTOMIC	ILLUMINA
DRX159893	PRJDB7945	SAMD00159362	1	DRR169279	SINGLE	cDNA	TRANSCRIPTOMIC	ILLUMINA
DRX159894	PRJDB7945	SAMD00159363	1	DRR169280	SINGLE	cDNA	TRANSCRIPTOMIC	ILLUMINA
DRX159895	PRJDB7945	SAMD00159364	1	DRR169281	SINGLE	cDNA	TRANSCRIPTOMIC	ILLUMINA
DRX159896	PRJDB7945	SAMD00159365	1	DRR169282	SINGLE	cDNA	TRANSCRIPTOMIC	ILLUMINA
DRX159897	PRJDB7945	SAMD00159366	1	DRR169283	SINGLE	cDNA	TRANSCRIPTOMIC	ILLUMINA
DRX159898	PRJDB7945	SAMD00159367	1	DRR169284	SINGLE	cDNA	TRANSCRIPTOMIC	ILLUMINA
DRX159899	PRJDB7945	SAMD00159368	1	DRR169285	SINGLE	cDNA	TRANSCRIPTOMIC	ILLUMINA
DRX159900	PRJDB7945	SAMD00159369	1	DRR169286	SINGLE	cDNA	TRANSCRIPTOMIC	ILLUMINA
DRX159901	PRJDB7945	SAMD00159370	1	DRR169287	SINGLE	cDNA	TRANSCRIPTOMIC	ILLUMINA
DRX159902	PRJDB7945	SAMD00159371	1	DRR169288	SINGLE	cDNA	TRANSCRIPTOMIC	ILLUMINA
DRX159903	PRJDB7945	SAMD00159372	1	DRR169289	SINGLE	cDNA	TRANSCRIPTOMIC	ILLUMINA
DRX159904	PRJDB7945	SAMD00159373	1	DRR169290	SINGLE	cDNA	TRANSCRIPTOMIC	ILLUMINA
DRX159905	PRJDB7945	SAMD00159374	1	DRR169291	SINGLE	cDNA	TRANSCRIPTOMIC	ILLUMINA
DRX159906	PRJDB7945	SAMD00159375	1	DRR169292	SINGLE	cDNA	TRANSCRIPTOMIC	ILLUMINA
DRX159907	PRJDB7945	SAMD00159376	1	DRR169293	SINGLE	cDNA	TRANSCRIPTOMIC	ILLUMINA
DRX159908	PRJDB7945	SAMD00159377	1	DRR169294	SINGLE	cDNA	TRANSCRIPTOMIC	ILLUMINA
DRX159909	PRJDB7945	SAMD00159378	1	DRR169295	SINGLE	cDNA	TRANSCRIPTOMIC	ILLUMINA
DRX159910	PRJDB7945	SAMD00159379	1	DRR169296	SINGLE	cDNA	TRANSCRIPTOMIC	ILLUMINA
DRX159911	PRJDB7945	SAMD00159380	1	DRR169297	SINGLE	cDNA	TRANSCRIPTOMIC	ILLUMINA
DRX159912	PRJDB7945	SAMD00159381	1	DRR169298	SINGLE	cDNA	TRANSCRIPTOMIC	ILLUMINA
DRX159913	PRJDB7945	SAMD00159382	1	DRR169299	SINGLE	cDNA	TRANSCRIPTOMIC	ILLUMINA
DRX159914	PRJDB7945	SAMD00159383	1	DRR169300	SINGLE	cDNA	TRANSCRIPTOMIC	ILLUMINA
DRX159915	PRJDB7945	SAMD00159384	1	DRR169301	SINGLE	cDNA	TRANSCRIPTOMIC	ILLUMINA
DRX159916	PRJDB7945	SAMD00159385	1	DRR169302	SINGLE	cDNA	TRANSCRIPTOMIC	ILLUMINA
DRX159917	PRJDB7945	SAMD00159386	1	DRR169303	SINGLE	cDNA	TRANSCRIPTOMIC	ILLUMINA
DRX508486	PRJDB17021	SAMD00731272	1	DRR524604	PAIRED	Oligo-dT	TRANSCRIPTOMIC	ILLUMINA
DRX508487	PRJDB17021	SAMD00731273	1	DRR524605	PAIRED	Oligo-dT	TRANSCRIPTOMIC	ILLUMINA
DRX508490	PRJDB17021	SAMD00731276	1	DRR524608	PAIRED	Oligo-dT	TRANSCRIPTOMIC	ILLUMINA
DRX508491	PRJDB17021	SAMD00731277	1	DRR524609	PAIRED	Oligo-dT	TRANSCRIPTOMIC	ILLUMINA
DRX508494	PRJDB17021	SAMD00731280	1	DRR524612	PAIRED	Oligo-dT	TRANSCRIPTOMIC	ILLUMINA
DRX508495	PRJDB17021	SAMD00731281	1	DRR524613	PAIRED	Oligo-dT	TRANSCRIPTOMIC	ILLUMINA
DRX508498	PRJDB17021	SAMD00731284	1	DRR524616	PAIRED	Oligo-dT	TRANSCRIPTOMIC	ILLUMINA
DRX508499	PRJDB17021	SAMD00731285	1	DRR524617	PAIRED	Oligo-dT	TRANSCRIPTOMIC	ILLUMINA
DRX508502	PRJDB17021	SAMD00731288	1	DRR524620	PAIRED	Oligo-dT	TRANSCRIPTOMIC	ILLUMINA
DRX508503	PRJDB17021	SAMD00731289	1	DRR524621	PAIRED	Oligo-dT	TRANSCRIPTOMIC	ILLUMINA
DRX508506	PRJDB17021	SAMD00731292	1	DRR524624	PAIRED	Oligo-dT	TRANSCRIPTOMIC	ILLUMINA
DRX508507	PRJDB17021	SAMD00731293	1	DRR524625	PAIRED	Oligo-dT	TRANSCRIPTOMIC	ILLUMINA
DRX508510	PRJDB17021	SAMD00731296	1	DRR524628	PAIRED	Oligo-dT	TRANSCRIPTOMIC	ILLUMINA
DRX508511	PRJDB17021	SAMD00731297	1	DRR524629	PAIRED	Oligo-dT	TRANSCRIPTOMIC	ILLUMINA
DRX686803	PRJDB35724	SAMD01599750	1	DRR706779	PAIRED	PolyA	TRANSCRIPTOMIC	ILLUMINA
DRX686804	PRJDB35724	SAMD01599751	1	DRR706780	PAIRED	PolyA	TRANSCRIPTOMIC	ILLUMINA
DRX686805	PRJDB35724	SAMD01599752	1	DRR706781	PAIRED	PolyA	TRANSCRIPTOMIC	ILLUMINA
DRX686806	PRJDB35724	SAMD01599753	1	DRR706782	PAIRED	PolyA	TRANSCRIPTOMIC	ILLUMINA
DRX686807	PRJDB35724	SAMD01599754	1	DRR706783	PAIRED	PolyA	TRANSCRIPTOMIC	ILLUMINA
DRX686808	PRJDB35724	SAMD01599755	1	DRR706784	PAIRED	PolyA	TRANSCRIPTOMIC	ILLUMINA
DRX686812	PRJDB35724	SAMD01599759	1	DRR706788	PAIRED	PolyA	TRANSCRIPTOMIC	ILLUMINA
DRX686813	PRJDB35724	SAMD01599760	1	DRR706789	PAIRED	PolyA	TRANSCRIPTOMIC	ILLUMINA
DRX686814	PRJDB35724	SAMD01599761	1	DRR706790	PAIRED	PolyA	TRANSCRIPTOMIC	ILLUMINA
ERX10195011	PRJEB55916	SAMEA111345349	1	ERR10745711	SINGLE	Inverse rRNA selection	TRANSCRIPTOMIC	ILLUMINA
ERX10195012	PRJEB55916	SAMEA111345350	1	ERR10745712	SINGLE	Inverse rRNA selection	TRANSCRIPTOMIC	ILLUMINA
ERX10195013	PRJEB55916	SAMEA111345351	1	ERR10745713	SINGLE	Inverse rRNA selection	TRANSCRIPTOMIC	ILLUMINA
ERX10195014	PRJEB55916	SAMEA111345352	1	ERR10745714	SINGLE	Inverse rRNA selection	TRANSCRIPTOMIC	ILLUMINA
ERX10195015	PRJEB55916	SAMEA111345353	1	ERR10745715	SINGLE	Inverse rRNA selection	TRANSCRIPTOMIC	ILLUMINA
ERX10195016	PRJEB55916	SAMEA111345354	1	ERR10745716	SINGLE	Inverse rRNA selection	TRANSCRIPTOMIC	ILLUMINA
ERX10195017	PRJEB55916	SAMEA111345355	1	ERR10745717	SINGLE	Inverse rRNA selection	TRANSCRIPTOMIC	ILLUMINA
ERX10195018	PRJEB55916	SAMEA111345356	1	ERR10745718	SINGLE	Inverse rRNA selection	TRANSCRIPTOMIC	ILLUMINA
ERX10195019	PRJEB55916	SAMEA111345357	1	ERR10745719	SINGLE	Inverse rRNA selection	TRANSCRIPTOMIC	ILLUMINA
ERX10195020	PRJEB55916	SAMEA111345358	1	ERR10745720	SINGLE	Inverse rRNA selection	TRANSCRIPTOMIC	ILLUMINA
ERX10195021	PRJEB55916	SAMEA111345359	1	ERR10745721	SINGLE	Inverse rRNA selection	TRANSCRIPTOMIC	ILLUMINA
ERX10195022	PRJEB55916	SAMEA111345360	1	ERR10745722	SINGLE	Inverse rRNA selection	TRANSCRIPTOMIC	ILLUMINA
ERX10195023	PRJEB55916	SAMEA111345361	1	ERR10745723	SINGLE	Inverse rRNA selection	TRANSCRIPTOMIC	ILLUMINA
ERX10195024	PRJEB55916	SAMEA111345362	1	ERR10745724	SINGLE	Inverse rRNA selection	TRANSCRIPTOMIC	ILLUMINA
ERX10195025	PRJEB55916	SAMEA111345363	1	ERR10745725	SINGLE	Inverse rRNA selection	TRANSCRIPTOMIC	ILLUMINA
ERX10195026	PRJEB55916	SAMEA111345364	1	ERR10745726	SINGLE	Inverse rRNA selection	TRANSCRIPTOMIC	ILLUMINA
ERX10195027	PRJEB55916	SAMEA111345365	1	ERR10745727	SINGLE	Inverse rRNA selection	TRANSCRIPTOMIC	ILLUMINA
ERX10195028	PRJEB55916	SAMEA111345366	1	ERR10745728	SINGLE	Inverse rRNA selection	TRANSCRIPTOMIC	ILLUMINA
ERX10195029	PRJEB55916	SAMEA111345367	1	ERR10745729	SINGLE	Inverse rRNA selection	TRANSCRIPTOMIC	ILLUMINA
ERX10195030	PRJEB55916	SAMEA111345368	1	ERR10745730	SINGLE	Inverse rRNA selection	TRANSCRIPTOMIC	ILLUMINA
ERX10195031	PRJEB55916	SAMEA111345369	1	ERR10745731	SINGLE	Inverse rRNA selection	TRANSCRIPTOMIC	ILLUMINA
ERX10195032	PRJEB55916	SAMEA111345370	1	ERR10745732	SINGLE	Inverse rRNA selection	TRANSCRIPTOMIC	ILLUMINA
ERX10195033	PRJEB55916	SAMEA111345371	1	ERR10745733	SINGLE	Inverse rRNA selection	TRANSCRIPTOMIC	ILLUMINA
ERX10195034	PRJEB55916	SAMEA111345372	1	ERR10745734	SINGLE	Inverse rRNA selection	TRANSCRIPTOMIC	ILLUMINA
ERX10195035	PRJEB55916	SAMEA111345373	1	ERR10745735	SINGLE	Inverse rRNA selection	TRANSCRIPTOMIC	ILLUMINA
ERX10195036	PRJEB55916	SAMEA111345374	1	ERR10745736	SINGLE	Inverse rRNA selection	TRANSCRIPTOMIC	ILLUMINA
ERX10195037	PRJEB55916	SAMEA111345375	1	ERR10745737	SINGLE	Inverse rRNA selection	TRANSCRIPTOMIC	ILLUMINA
ERX10195038	PRJEB55916	SAMEA111345376	1	ERR10745738	SINGLE	Inverse rRNA selection	TRANSCRIPTOMIC	ILLUMINA
ERX10195039	PRJEB55916	SAMEA111345377	1	ERR10745739	SINGLE	Inverse rRNA selection	TRANSCRIPTOMIC	ILLUMINA
ERX10195040	PRJEB55916	SAMEA111345378	1	ERR10745740	SINGLE	Inverse rRNA selection	TRANSCRIPTOMIC	ILLUMINA
ERX10195041	PRJEB55916	SAMEA111345379	1	ERR10745741	SINGLE	Inverse rRNA selection	TRANSCRIPTOMIC	ILLUMINA
ERX10195042	PRJEB55916	SAMEA111345380	1	ERR10745742	SINGLE	Inverse rRNA selection	TRANSCRIPTOMIC	ILLUMINA
ERX10195043	PRJEB55916	SAMEA111345381	1	ERR10745743	SINGLE	Inverse rRNA selection	TRANSCRIPTOMIC	ILLUMINA
ERX10195044	PRJEB55916	SAMEA111345382	1	ERR10745744	SINGLE	Inverse rRNA selection	TRANSCRIPTOMIC	ILLUMINA
ERX10195045	PRJEB55916	SAMEA111345383	1	ERR10745745	SINGLE	Inverse rRNA selection	TRANSCRIPTOMIC	ILLUMINA
ERX10195046	PRJEB55916	SAMEA111345384	1	ERR10745746	SINGLE	Inverse rRNA selection	TRANSCRIPTOMIC	ILLUMINA
ERX10195047	PRJEB55916	SAMEA111345385	1	ERR10745747	SINGLE	Inverse rRNA selection	TRANSCRIPTOMIC	ILLUMINA
ERX10195048	PRJEB55916	SAMEA111345386	1	ERR10745748	SINGLE	Inverse rRNA selection	TRANSCRIPTOMIC	ILLUMINA
ERX10195049	PRJEB55916	SAMEA111345387	1	ERR10745749	SINGLE	Inverse rRNA selection	TRANSCRIPTOMIC	ILLUMINA
ERX10195050	PRJEB55916	SAMEA111345388	1	ERR10745750	SINGLE	Inverse rRNA selection	TRANSCRIPTOMIC	ILLUMINA
ERX10195051	PRJEB55916	SAMEA111345389	1	ERR10745751	SINGLE	Inverse rRNA selection	TRANSCRIPTOMIC	ILLUMINA
ERX10195052	PRJEB55916	SAMEA111345390	1	ERR10745752	SINGLE	Inverse rRNA selection	TRANSCRIPTOMIC	ILLUMINA
ERX10195053	PRJEB55916	SAMEA111345391	1	ERR10745753	SINGLE	Inverse rRNA selection	TRANSCRIPTOMIC	ILLUMINA
ERX10195054	PRJEB55916	SAMEA111345392	1	ERR10745754	SINGLE	Inverse rRNA selection	TRANSCRIPTOMIC	ILLUMINA
ERX10195055	PRJEB55916	SAMEA111345393	1	ERR10745755	SINGLE	Inverse rRNA selection	TRANSCRIPTOMIC	ILLUMINA
ERX10195056	PRJEB55916	SAMEA111345394	1	ERR10745756	SINGLE	Inverse rRNA selection	TRANSCRIPTOMIC	ILLUMINA
ERX10195057	PRJEB55916	SAMEA111345395	1	ERR10745757	SINGLE	Inverse rRNA selection	TRANSCRIPTOMIC	ILLUMINA
ERX14404618	PRJEB89701	SAMEA118334018	1	ERR15000453	PAIRED	RANDOM	TRANSCRIPTOMIC	ILLUMINA
ERX14404619	PRJEB89701	SAMEA118334019	1	ERR15000454	PAIRED	RANDOM	TRANSCRIPTOMIC	ILLUMINA
ERX14404620	PRJEB89701	SAMEA118334020	1	ERR15000455	PAIRED	RANDOM	TRANSCRIPTOMIC	ILLUMINA
ERX14404621	PRJEB89701	SAMEA118334021	1	ERR15000456	PAIRED	RANDOM	TRANSCRIPTOMIC	ILLUMINA
ERX14404622	PRJEB89701	SAMEA118334022	1	ERR15000457	PAIRED	RANDOM	TRANSCRIPTOMIC	ILLUMINA
ERX14404623	PRJEB89701	SAMEA118334023	1	ERR15000458	PAIRED	RANDOM	TRANSCRIPTOMIC	ILLUMINA
ERX14404624	PRJEB89701	SAMEA118334024	1	ERR15000459	PAIRED	RANDOM	TRANSCRIPTOMIC	ILLUMINA
ERX14404625	PRJEB89701	SAMEA118334025	1	ERR15000460	PAIRED	RANDOM	TRANSCRIPTOMIC	ILLUMINA
ERX14404626	PRJEB89701	SAMEA118334026	1	ERR15000461	PAIRED	RANDOM	TRANSCRIPTOMIC	ILLUMINA
ERX14404627	PRJEB89701	SAMEA118334027	1	ERR15000462	PAIRED	RANDOM	TRANSCRIPTOMIC	ILLUMINA
ERX14404628	PRJEB89701	SAMEA118334028	1	ERR15000463	PAIRED	RANDOM	TRANSCRIPTOMIC	ILLUMINA
ERX14404629	PRJEB89701	SAMEA118334029	1	ERR15000464	PAIRED	RANDOM	TRANSCRIPTOMIC	ILLUMINA
ERX14404630	PRJEB89701	SAMEA118334030	1	ERR15000465	PAIRED	RANDOM	TRANSCRIPTOMIC	ILLUMINA
ERX14404631	PRJEB89701	SAMEA118334031	1	ERR15000466	PAIRED	RANDOM	TRANSCRIPTOMIC	ILLUMINA
ERX14404632	PRJEB89701	SAMEA118334032	1	ERR15000467	PAIRED	RANDOM	TRANSCRIPTOMIC	ILLUMINA
ERX14404633	PRJEB89701	SAMEA118334033	1	ERR15000468	PAIRED	RANDOM	TRANSCRIPTOMIC	ILLUMINA
ERX14404634	PRJEB89701	SAMEA118334034	1	ERR15000469	PAIRED	RANDOM	TRANSCRIPTOMIC	ILLUMINA
ERX14404635	PRJEB89701	SAMEA118334035	1	ERR15000470	PAIRED	RANDOM	TRANSCRIPTOMIC	ILLUMINA
ERX14404636	PRJEB89701	SAMEA118334036	1	ERR15000471	PAIRED	RANDOM	TRANSCRIPTOMIC	ILLUMINA
ERX14404637	PRJEB89701	SAMEA118334037	1	ERR15000472	PAIRED	RANDOM	TRANSCRIPTOMIC	ILLUMINA
ERX14404638	PRJEB89701	SAMEA118334038	1	ERR15000473	PAIRED	RANDOM	TRANSCRIPTOMIC	ILLUMINA
ERX14404639	PRJEB89701	SAMEA118334039	1	ERR15000474	PAIRED	RANDOM	TRANSCRIPTOMIC	ILLUMINA
ERX14404640	PRJEB89701	SAMEA118334040	1	ERR15000475	PAIRED	RANDOM	TRANSCRIPTOMIC	ILLUMINA
ERX14404641	PRJEB89701	SAMEA118334041	1	ERR15000476	PAIRED	RANDOM	TRANSCRIPTOMIC	ILLUMINA
ERX14404642	PRJEB89701	SAMEA118334042	1	ERR15000477	PAIRED	RANDOM	TRANSCRIPTOMIC	ILLUMINA
ERX14404643	PRJEB89701	SAMEA118334043	1	ERR15000478	PAIRED	RANDOM	TRANSCRIPTOMIC	ILLUMINA
ERX14404651	PRJEB89701	SAMEA118334051	1	ERR15000486	PAIRED	RANDOM	TRANSCRIPTOMIC	ILLUMINA
ERX14404662	PRJEB89701	SAMEA118334062	1	ERR15000497	PAIRED	RANDOM	TRANSCRIPTOMIC	ILLUMINA
ERX14404673	PRJEB89701	SAMEA118334073	1	ERR15000508	PAIRED	RANDOM	TRANSCRIPTOMIC	ILLUMINA
ERX14404684	PRJEB89701	SAMEA118334084	1	ERR15000519	PAIRED	RANDOM	TRANSCRIPTOMIC	ILLUMINA
ERX14404695	PRJEB89701	SAMEA118334095	1	ERR15000530	PAIRED	RANDOM	TRANSCRIPTOMIC	ILLUMINA
ERX14404705	PRJEB89701	SAMEA118334105	1	ERR15000540	PAIRED	RANDOM	TRANSCRIPTOMIC	ILLUMINA
ERX16120883	PRJEB108721	SAMEA121759863	1	ERR16729274	SINGLE	RANDOM PCR	TRANSCRIPTOMIC	ILLUMINA
ERX16120884	PRJEB108721	SAMEA121759864	1	ERR16729275	SINGLE	RANDOM PCR	TRANSCRIPTOMIC	ILLUMINA
ERX16120885	PRJEB108721	SAMEA121759865	1	ERR16729276	SINGLE	RANDOM PCR	TRANSCRIPTOMIC	ILLUMINA
ERX16120886	PRJEB108721	SAMEA121759866	1	ERR16729277	SINGLE	RANDOM PCR	TRANSCRIPTOMIC	ILLUMINA
ERX16120887	PRJEB108721	SAMEA121759867	1	ERR16729278	SINGLE	RANDOM PCR	TRANSCRIPTOMIC	ILLUMINA
ERX16120888	PRJEB108721	SAMEA121759868	1	ERR16729279	SINGLE	RANDOM PCR	TRANSCRIPTOMIC	ILLUMINA
ERX16120889	PRJEB108721	SAMEA121759869	1	ERR16729280	SINGLE	RANDOM PCR	TRANSCRIPTOMIC	ILLUMINA
ERX16120890	PRJEB108721	SAMEA121759870	1	ERR16729281	SINGLE	RANDOM PCR	TRANSCRIPTOMIC	ILLUMINA
ERX16120891	PRJEB108721	SAMEA121759871	1	ERR16729282	SINGLE	RANDOM PCR	TRANSCRIPTOMIC	ILLUMINA
ERX16120892	PRJEB108721	SAMEA121759872	1	ERR16729283	SINGLE	RANDOM PCR	TRANSCRIPTOMIC	ILLUMINA
ERX16120893	PRJEB108721	SAMEA121759873	1	ERR16729284	SINGLE	RANDOM PCR	TRANSCRIPTOMIC	ILLUMINA
ERX16120894	PRJEB108721	SAMEA121759874	1	ERR16729285	SINGLE	RANDOM PCR	TRANSCRIPTOMIC	ILLUMINA
ERX16120895	PRJEB108721	SAMEA121759875	1	ERR16729286	SINGLE	RANDOM PCR	TRANSCRIPTOMIC	ILLUMINA
ERX16120896	PRJEB108721	SAMEA121759876	1	ERR16729287	SINGLE	RANDOM PCR	TRANSCRIPTOMIC	ILLUMINA
ERX16120897	PRJEB108721	SAMEA121759877	1	ERR16729288	SINGLE	RANDOM PCR	TRANSCRIPTOMIC	ILLUMINA
ERX16120898	PRJEB108721	SAMEA121759878	1	ERR16729289	SINGLE	RANDOM PCR	TRANSCRIPTOMIC	ILLUMINA
ERX16120899	PRJEB108721	SAMEA121759879	1	ERR16729290	SINGLE	RANDOM PCR	TRANSCRIPTOMIC	ILLUMINA
ERX16120900	PRJEB108721	SAMEA121759880	1	ERR16729291	SINGLE	RANDOM PCR	TRANSCRIPTOMIC	ILLUMINA
ERX16120901	PRJEB108721	SAMEA121759881	1	ERR16729292	SINGLE	RANDOM PCR	TRANSCRIPTOMIC	ILLUMINA
ERX16120902	PRJEB108721	SAMEA121759882	1	ERR16729293	SINGLE	RANDOM PCR	TRANSCRIPTOMIC	ILLUMINA
ERX16120903	PRJEB108721	SAMEA121759883	1	ERR16729294	SINGLE	RANDOM PCR	TRANSCRIPTOMIC	ILLUMINA
ERX16120904	PRJEB108721	SAMEA121759884	1	ERR16729295	SINGLE	RANDOM PCR	TRANSCRIPTOMIC	ILLUMINA
ERX16120905	PRJEB108721	SAMEA121759885	1	ERR16729296	SINGLE	RANDOM PCR	TRANSCRIPTOMIC	ILLUMINA
ERX16120906	PRJEB108721	SAMEA121759886	1	ERR16729297	SINGLE	RANDOM PCR	TRANSCRIPTOMIC	ILLUMINA
ERX2043467	PRJEB14303	SAMEA4467461	1	ERR1983091	PAIRED	cDNA	TRANSCRIPTOMIC	ILLUMINA
ERX2043468	PRJEB14303	SAMEA4467462	1	ERR1983092	PAIRED	cDNA	TRANSCRIPTOMIC	ILLUMINA
ERX2043469	PRJEB14303	SAMEA4467463	1	ERR1983093	PAIRED	cDNA	TRANSCRIPTOMIC	ILLUMINA
ERX2043470	PRJEB14303	SAMEA4467464	1	ERR1983094	PAIRED	cDNA	TRANSCRIPTOMIC	ILLUMINA
ERX2043471	PRJEB14303	SAMEA4467465	1	ERR1983095	PAIRED	cDNA	TRANSCRIPTOMIC	ILLUMINA
ERX2043472	PRJEB14303	SAMEA4467466	1	ERR1983096	PAIRED	cDNA	TRANSCRIPTOMIC	ILLUMINA
ERX2043473	PRJEB14303	SAMEA4467467	1	ERR1983097	PAIRED	cDNA	TRANSCRIPTOMIC	ILLUMINA
ERX2609474	PRJEB9291	SAMEA4681446	1	ERR2593198	PAIRED	unspecified	TRANSCRIPTOMIC	ILLUMINA
ERX2609475	PRJEB9291	SAMEA4681447	1	ERR2593199	PAIRED	unspecified	TRANSCRIPTOMIC	ILLUMINA
ERX2609476	PRJEB9291	SAMEA4681448	1	ERR2593200	PAIRED	unspecified	TRANSCRIPTOMIC	ILLUMINA
ERX2609477	PRJEB9291	SAMEA4681449	1	ERR2593201	PAIRED	unspecified	TRANSCRIPTOMIC	ILLUMINA
ERX2609478	PRJEB9291	SAMEA4681450	1	ERR2593202	PAIRED	unspecified	TRANSCRIPTOMIC	ILLUMINA
ERX2609479	PRJEB9291	SAMEA4681451	1	ERR2593203	PAIRED	unspecified	TRANSCRIPTOMIC	ILLUMINA
ERX2609480	PRJEB9291	SAMEA4681452	1	ERR2593204	PAIRED	unspecified	TRANSCRIPTOMIC	ILLUMINA
ERX2609481	PRJEB9291	SAMEA4681453	1	ERR2593205	PAIRED	unspecified	TRANSCRIPTOMIC	ILLUMINA
ERX2609482	PRJEB9291	SAMEA4681454	1	ERR2593206	PAIRED	unspecified	TRANSCRIPTOMIC	ILLUMINA
ERX3004241	PRJEB30364	SAMEA5176886	1	ERR3001877	PAIRED	cDNA	TRANSCRIPTOMIC	ILLUMINA
ERX3004242	PRJEB30364	SAMEA5176887	1	ERR3001878	PAIRED	cDNA	TRANSCRIPTOMIC	ILLUMINA
ERX3004243	PRJEB30364	SAMEA5176888	1	ERR3001879	PAIRED	cDNA	TRANSCRIPTOMIC	ILLUMINA
ERX3004244	PRJEB30364	SAMEA5176889	1	ERR3001880	PAIRED	cDNA	TRANSCRIPTOMIC	ILLUMINA
ERX3004245	PRJEB30364	SAMEA5176890	1	ERR3001881	PAIRED	cDNA	TRANSCRIPTOMIC	ILLUMINA
ERX3004246	PRJEB30364	SAMEA5176891	1	ERR3001882	PAIRED	cDNA	TRANSCRIPTOMIC	ILLUMINA
ERX3004247	PRJEB30364	SAMEA5176892	1	ERR3001883	PAIRED	cDNA	TRANSCRIPTOMIC	ILLUMINA
ERX3004248	PRJEB30364	SAMEA5176893	1	ERR3001884	PAIRED	cDNA	TRANSCRIPTOMIC	ILLUMINA
ERX3004249	PRJEB30364	SAMEA5176894	1	ERR3001885	PAIRED	cDNA	TRANSCRIPTOMIC	ILLUMINA
ERX3004250	PRJEB30364	SAMEA5176895	1	ERR3001886	PAIRED	cDNA	TRANSCRIPTOMIC	ILLUMINA
ERX3004251	PRJEB30364	SAMEA5176896	1	ERR3001887	PAIRED	cDNA	TRANSCRIPTOMIC	ILLUMINA
ERX3004252	PRJEB30364	SAMEA5176897	1	ERR3001888	PAIRED	cDNA	TRANSCRIPTOMIC	ILLUMINA
ERX3004253	PRJEB30364	SAMEA5176898	1	ERR3001889	PAIRED	cDNA	TRANSCRIPTOMIC	ILLUMINA
ERX3004254	PRJEB30364	SAMEA5176899	1	ERR3001890	PAIRED	cDNA	TRANSCRIPTOMIC	ILLUMINA
ERX3004255	PRJEB30364	SAMEA5176900	1	ERR3001891	PAIRED	cDNA	TRANSCRIPTOMIC	ILLUMINA
ERX3004256	PRJEB30364	SAMEA5176901	1	ERR3001892	PAIRED	cDNA	TRANSCRIPTOMIC	ILLUMINA
ERX3004257	PRJEB30364	SAMEA5176902	1	ERR3001893	PAIRED	cDNA	TRANSCRIPTOMIC	ILLUMINA
ERX3004258	PRJEB30364	SAMEA5176903	1	ERR3001894	PAIRED	cDNA	TRANSCRIPTOMIC	ILLUMINA
ERX332409	PRJEB4847	SAMEA2242009	1	ERR359637	PAIRED	cDNA	TRANSCRIPTOMIC	ILLUMINA
ERX332410	PRJEB4847	SAMEA2242009	1	ERR359638	PAIRED	cDNA	TRANSCRIPTOMIC	ILLUMINA
ERX3398172	PRJEB33024	SAMEA5713989	1	ERR3374020	SINGLE	Oligo-dT	TRANSCRIPTOMIC	ILLUMINA
ERX3398173	PRJEB33024	SAMEA5713990	1	ERR3374021	SINGLE	Oligo-dT	TRANSCRIPTOMIC	ILLUMINA
ERX3398174	PRJEB33024	SAMEA5713991	1	ERR3374022	SINGLE	Oligo-dT	TRANSCRIPTOMIC	ILLUMINA
ERX3398175	PRJEB33024	SAMEA5713992	1	ERR3374023	SINGLE	Oligo-dT	TRANSCRIPTOMIC	ILLUMINA
ERX3398176	PRJEB33024	SAMEA5713993	1	ERR3374024	SINGLE	Oligo-dT	TRANSCRIPTOMIC	ILLUMINA
ERX3398177	PRJEB33024	SAMEA5713994	1	ERR3374025	SINGLE	Oligo-dT	TRANSCRIPTOMIC	ILLUMINA
ERX3398178	PRJEB33024	SAMEA5713995	1	ERR3374026	SINGLE	Oligo-dT	TRANSCRIPTOMIC	ILLUMINA
ERX3398179	PRJEB33024	SAMEA5713996	1	ERR3374027	SINGLE	Oligo-dT	TRANSCRIPTOMIC	ILLUMINA
ERX3398180	PRJEB33024	SAMEA5713997	1	ERR3374028	SINGLE	Oligo-dT	TRANSCRIPTOMIC	ILLUMINA
ERX3398181	PRJEB33024	SAMEA5713998	1	ERR3374029	SINGLE	Oligo-dT	TRANSCRIPTOMIC	ILLUMINA
ERX3659832	PRJEB35183	SAMEA6235195	1	ERR3668300	PAIRED	cDNA	VIRAL RNA	ILLUMINA
ERX3659833	PRJEB35183	SAMEA6235196	1	ERR3668301	PAIRED	cDNA	VIRAL RNA	ILLUMINA
ERX3659834	PRJEB35183	SAMEA6235197	1	ERR3668302	PAIRED	cDNA	VIRAL RNA	ILLUMINA
ERX3659835	PRJEB35183	SAMEA6235198	1	ERR3668303	PAIRED	cDNA	VIRAL RNA	ILLUMINA
ERX3659836	PRJEB35183	SAMEA6235199	1	ERR3668304	PAIRED	cDNA	VIRAL RNA	ILLUMINA
ERX3659837	PRJEB35183	SAMEA6235200	1	ERR3668305	PAIRED	cDNA	VIRAL RNA	ILLUMINA
ERX3659838	PRJEB35183	SAMEA6235201	1	ERR3668306	PAIRED	cDNA	VIRAL RNA	ILLUMINA
ERX3659839	PRJEB35183	SAMEA6235202	1	ERR3668307	PAIRED	cDNA	VIRAL RNA	ILLUMINA
ERX3659840	PRJEB35183	SAMEA6235203	1	ERR3668308	PAIRED	cDNA	VIRAL RNA	ILLUMINA
ERX3659841	PRJEB35183	SAMEA6235204	1	ERR3668309	PAIRED	cDNA	VIRAL RNA	ILLUMINA
ERX3659842	PRJEB35183	SAMEA6235205	1	ERR3668310	PAIRED	cDNA	VIRAL RNA	ILLUMINA
ERX3659843	PRJEB35183	SAMEA6235206	1	ERR3668311	PAIRED	cDNA	VIRAL RNA	ILLUMINA
ERX3659844	PRJEB35183	SAMEA6235207	1	ERR3668312	PAIRED	cDNA	VIRAL RNA	ILLUMINA
ERX3975423	PRJEB37009	SAMEA6602844	1	ERR3972086	SINGLE	Inverse rRNA selection	TRANSCRIPTOMIC	ILLUMINA
ERX3975424	PRJEB37009	SAMEA6602845	1	ERR3972087	SINGLE	Inverse rRNA selection	TRANSCRIPTOMIC	ILLUMINA
ERX3975425	PRJEB37009	SAMEA6602846	1	ERR3972088	SINGLE	Inverse rRNA selection	TRANSCRIPTOMIC	ILLUMINA
ERX3975426	PRJEB37009	SAMEA6602847	1	ERR3972089	SINGLE	Inverse rRNA selection	TRANSCRIPTOMIC	ILLUMINA
ERX3975427	PRJEB37009	SAMEA6602848	1	ERR3972090	SINGLE	Inverse rRNA selection	TRANSCRIPTOMIC	ILLUMINA
ERX3975428	PRJEB37009	SAMEA6602849	1	ERR3972091	SINGLE	Inverse rRNA selection	TRANSCRIPTOMIC	ILLUMINA
ERX3975429	PRJEB37009	SAMEA6602850	1	ERR3972092	SINGLE	Inverse rRNA selection	TRANSCRIPTOMIC	ILLUMINA
ERX3975430	PRJEB37009	SAMEA6602851	1	ERR3972093	SINGLE	Inverse rRNA selection	TRANSCRIPTOMIC	ILLUMINA
ERX3975431	PRJEB37009	SAMEA6602852	1	ERR3972094	SINGLE	Inverse rRNA selection	TRANSCRIPTOMIC	ILLUMINA
ERX3975432	PRJEB37009	SAMEA6602853	1	ERR3972095	SINGLE	Inverse rRNA selection	TRANSCRIPTOMIC	ILLUMINA
ERX3975433	PRJEB37009	SAMEA6602854	1	ERR3972096	SINGLE	Inverse rRNA selection	TRANSCRIPTOMIC	ILLUMINA
ERX3975434	PRJEB37009	SAMEA6602855	1	ERR3972097	SINGLE	Inverse rRNA selection	TRANSCRIPTOMIC	ILLUMINA
ERX4147361	PRJEB38542	SAMEA6870271	1	ERR4184070	SINGLE	size fractionation	TRANSCRIPTOMIC	ILLUMINA
ERX4147362	PRJEB38542	SAMEA6870272	1	ERR4184071	SINGLE	size fractionation	TRANSCRIPTOMIC	ILLUMINA
ERX4147363	PRJEB38542	SAMEA6870273	1	ERR4184072	SINGLE	size fractionation	TRANSCRIPTOMIC	ILLUMINA
ERX4147364	PRJEB38542	SAMEA6870274	1	ERR4184073	SINGLE	size fractionation	TRANSCRIPTOMIC	ILLUMINA
ERX4147365	PRJEB38542	SAMEA6870275	1	ERR4184074	SINGLE	size fractionation	TRANSCRIPTOMIC	ILLUMINA
ERX4147366	PRJEB38542	SAMEA6870276	1	ERR4184075	SINGLE	size fractionation	TRANSCRIPTOMIC	ILLUMINA
ERX4147367	PRJEB38542	SAMEA6870277	1	ERR4184076	SINGLE	size fractionation	TRANSCRIPTOMIC	ILLUMINA
ERX4147368	PRJEB38542	SAMEA6870278	1	ERR4184077	SINGLE	size fractionation	TRANSCRIPTOMIC	ILLUMINA
ERX4147369	PRJEB38542	SAMEA6870279	1	ERR4184078	SINGLE	size fractionation	TRANSCRIPTOMIC	ILLUMINA
ERX4147370	PRJEB38542	SAMEA6870280	1	ERR4184079	SINGLE	size fractionation	TRANSCRIPTOMIC	ILLUMINA
ERX4147371	PRJEB38542	SAMEA6870281	1	ERR4184080	SINGLE	size fractionation	TRANSCRIPTOMIC	ILLUMINA
ERX4147372	PRJEB38542	SAMEA6870282	1	ERR4184081	SINGLE	size fractionation	TRANSCRIPTOMIC	ILLUMINA
ERX4147373	PRJEB38542	SAMEA6870283	1	ERR4184082	SINGLE	size fractionation	TRANSCRIPTOMIC	ILLUMINA
ERX4147374	PRJEB38542	SAMEA6870284	1	ERR4184083	SINGLE	size fractionation	TRANSCRIPTOMIC	ILLUMINA
ERX4268279	PRJEB39258	SAMEA7040950	1	ERR4319912	PAIRED	unspecified	TRANSCRIPTOMIC	ILLUMINA
ERX4268280	PRJEB39258	SAMEA7040959	1	ERR4319913	PAIRED	unspecified	TRANSCRIPTOMIC	ILLUMINA
ERX4268281	PRJEB39258	SAMEA7040968	1	ERR4319914	PAIRED	unspecified	TRANSCRIPTOMIC	ILLUMINA
ERX4268282	PRJEB39258	SAMEA7040949	1	ERR4319915	PAIRED	unspecified	TRANSCRIPTOMIC	ILLUMINA
ERX4268283	PRJEB39258	SAMEA7040958	1	ERR4319916	PAIRED	unspecified	TRANSCRIPTOMIC	ILLUMINA
ERX4268284	PRJEB39258	SAMEA7040967	1	ERR4319917	PAIRED	unspecified	TRANSCRIPTOMIC	ILLUMINA
ERX4268285	PRJEB39258	SAMEA7040948	1	ERR4319918	PAIRED	unspecified	TRANSCRIPTOMIC	ILLUMINA
ERX4268286	PRJEB39258	SAMEA7040957	1	ERR4319919	PAIRED	unspecified	TRANSCRIPTOMIC	ILLUMINA
ERX4268287	PRJEB39258	SAMEA7040966	1	ERR4319920	PAIRED	unspecified	TRANSCRIPTOMIC	ILLUMINA
ERX4268288	PRJEB39258	SAMEA7040951	1	ERR4319921	PAIRED	unspecified	TRANSCRIPTOMIC	ILLUMINA
ERX4268289	PRJEB39258	SAMEA7040960	1	ERR4319922	PAIRED	unspecified	TRANSCRIPTOMIC	ILLUMINA
ERX4268290	PRJEB39258	SAMEA7040969	1	ERR4319923	PAIRED	unspecified	TRANSCRIPTOMIC	ILLUMINA
ERX4268291	PRJEB39258	SAMEA7040952	1	ERR4319924	PAIRED	unspecified	TRANSCRIPTOMIC	ILLUMINA
ERX4268292	PRJEB39258	SAMEA7040961	1	ERR4319925	PAIRED	unspecified	TRANSCRIPTOMIC	ILLUMINA
ERX4268293	PRJEB39258	SAMEA7040970	1	ERR4319926	PAIRED	unspecified	TRANSCRIPTOMIC	ILLUMINA
ERX4268294	PRJEB39258	SAMEA7040944	1	ERR4319927	PAIRED	unspecified	TRANSCRIPTOMIC	ILLUMINA
ERX4268295	PRJEB39258	SAMEA7040953	1	ERR4319928	PAIRED	unspecified	TRANSCRIPTOMIC	ILLUMINA
ERX4268296	PRJEB39258	SAMEA7040962	1	ERR4319929	PAIRED	unspecified	TRANSCRIPTOMIC	ILLUMINA
ERX4268297	PRJEB39258	SAMEA7040945	1	ERR4319930	PAIRED	unspecified	TRANSCRIPTOMIC	ILLUMINA
ERX4268298	PRJEB39258	SAMEA7040954	1	ERR4319931	PAIRED	unspecified	TRANSCRIPTOMIC	ILLUMINA
ERX4268299	PRJEB39258	SAMEA7040963	1	ERR4319932	PAIRED	unspecified	TRANSCRIPTOMIC	ILLUMINA
ERX4268300	PRJEB39258	SAMEA7040947	1	ERR4319933	PAIRED	unspecified	TRANSCRIPTOMIC	ILLUMINA
ERX4268301	PRJEB39258	SAMEA7040956	1	ERR4319934	PAIRED	unspecified	TRANSCRIPTOMIC	ILLUMINA
ERX4268302	PRJEB39258	SAMEA7040965	1	ERR4319935	PAIRED	unspecified	TRANSCRIPTOMIC	ILLUMINA
ERX4268303	PRJEB39258	SAMEA7040946	1	ERR4319936	PAIRED	unspecified	TRANSCRIPTOMIC	ILLUMINA
ERX4268304	PRJEB39258	SAMEA7040955	1	ERR4319937	PAIRED	unspecified	TRANSCRIPTOMIC	ILLUMINA
ERX4268305	PRJEB39258	SAMEA7040964	1	ERR4319938	PAIRED	unspecified	TRANSCRIPTOMIC	ILLUMINA
ERX6987504	PRJEB48931	SAMEA11293139	1	ERR7417863	PAIRED	PolyA	TRANSCRIPTOMIC	ILLUMINA
ERX6987505	PRJEB48931	SAMEA11293140	1	ERR7417864	PAIRED	PolyA	TRANSCRIPTOMIC	ILLUMINA
ERX6987506	PRJEB48931	SAMEA11293141	1	ERR7417865	PAIRED	PolyA	TRANSCRIPTOMIC	ILLUMINA
ERX6987507	PRJEB48931	SAMEA11293142	1	ERR7417866	PAIRED	PolyA	TRANSCRIPTOMIC	ILLUMINA
ERX6987508	PRJEB48931	SAMEA11293143	1	ERR7417867	PAIRED	PolyA	TRANSCRIPTOMIC	ILLUMINA
ERX6987509	PRJEB48931	SAMEA11293144	1	ERR7417868	PAIRED	PolyA	TRANSCRIPTOMIC	ILLUMINA
ERX6987510	PRJEB48931	SAMEA11293145	1	ERR7417869	PAIRED	PolyA	TRANSCRIPTOMIC	ILLUMINA
ERX6987511	PRJEB48931	SAMEA11293146	1	ERR7417870	PAIRED	PolyA	TRANSCRIPTOMIC	ILLUMINA
ERX7572626	PRJEB49939	SAMEA12293228	1	ERR8006957	PAIRED	PCR	TRANSCRIPTOMIC	ILLUMINA
ERX7572627	PRJEB49939	SAMEA12293227	1	ERR8006958	PAIRED	PCR	TRANSCRIPTOMIC	ILLUMINA
SRX11178671	PRJNA739051	SAMN19770451	1	SRR14860942	PAIRED	RANDOM	TRANSCRIPTOMIC	ILLUMINA
SRX11178672	PRJNA739051	SAMN19770451	1	SRR14860941	PAIRED	RANDOM	TRANSCRIPTOMIC	ILLUMINA
SRX11178673	PRJNA739051	SAMN19770454	1	SRR14860940	PAIRED	RANDOM	TRANSCRIPTOMIC	ILLUMINA
SRX11178674	PRJNA739051	SAMN19770454	1	SRR14860939	PAIRED	RANDOM	TRANSCRIPTOMIC	ILLUMINA
SRX11178675	PRJNA739051	SAMN19770455	1	SRR14860938	PAIRED	RANDOM	TRANSCRIPTOMIC	ILLUMINA
SRX11178676	PRJNA739051	SAMN19770455	1	SRR14860937	PAIRED	RANDOM	TRANSCRIPTOMIC	ILLUMINA
SRX11178677	PRJNA739051	SAMN19770455	1	SRR14860936	PAIRED	RANDOM	TRANSCRIPTOMIC	ILLUMINA
SRX11178678	PRJNA739051	SAMN19770456	1	SRR14860935	PAIRED	RANDOM	TRANSCRIPTOMIC	ILLUMINA
SRX11178679	PRJNA739051	SAMN19770456	1	SRR14860934	PAIRED	RANDOM	TRANSCRIPTOMIC	ILLUMINA
SRX11178680	PRJNA739051	SAMN19770456	1	SRR14860933	PAIRED	RANDOM	TRANSCRIPTOMIC	ILLUMINA
SRX11178681	PRJNA739051	SAMN19770451	1	SRR14860932	PAIRED	RANDOM	TRANSCRIPTOMIC	ILLUMINA
SRX11178682	PRJNA739051	SAMN19770452	1	SRR14860931	PAIRED	RANDOM	TRANSCRIPTOMIC	ILLUMINA
SRX11178683	PRJNA739051	SAMN19770452	1	SRR14860930	PAIRED	RANDOM	TRANSCRIPTOMIC	ILLUMINA
SRX11178684	PRJNA739051	SAMN19770452	1	SRR14860929	PAIRED	RANDOM	TRANSCRIPTOMIC	ILLUMINA
SRX11178685	PRJNA739051	SAMN19770453	1	SRR14860928	PAIRED	RANDOM	TRANSCRIPTOMIC	ILLUMINA
SRX11178686	PRJNA739051	SAMN19770453	1	SRR14860927	PAIRED	RANDOM	TRANSCRIPTOMIC	ILLUMINA
SRX11178687	PRJNA739051	SAMN19770453	1	SRR14860926	PAIRED	RANDOM	TRANSCRIPTOMIC	ILLUMINA
SRX11178688	PRJNA739051	SAMN19770454	1	SRR14860925	PAIRED	RANDOM	TRANSCRIPTOMIC	ILLUMINA
SRX11420347	PRJNA746067	SAMN20179687	1	SRR15111580	PAIRED	Oligo-dT	TRANSCRIPTOMIC	ILLUMINA
SRX11420348	PRJNA746067	SAMN20179688	1	SRR15111579	PAIRED	Oligo-dT	TRANSCRIPTOMIC	ILLUMINA
SRX11420349	PRJNA746067	SAMN20179689	1	SRR15111578	PAIRED	Oligo-dT	TRANSCRIPTOMIC	ILLUMINA
SRX11420350	PRJNA746067	SAMN20179690	1	SRR15111577	PAIRED	Oligo-dT	TRANSCRIPTOMIC	ILLUMINA
SRX11420351	PRJNA746067	SAMN20179691	1	SRR15111576	PAIRED	Oligo-dT	TRANSCRIPTOMIC	ILLUMINA
SRX11420352	PRJNA746067	SAMN20179692	1	SRR15111575	PAIRED	Oligo-dT	TRANSCRIPTOMIC	ILLUMINA
SRX11420353	PRJNA746067	SAMN20179693	1	SRR15111574	PAIRED	Oligo-dT	TRANSCRIPTOMIC	ILLUMINA
SRX11420354	PRJNA746067	SAMN20179694	1	SRR15111573	PAIRED	Oligo-dT	TRANSCRIPTOMIC	ILLUMINA
SRX11420355	PRJNA746067	SAMN20179695	1	SRR15111572	PAIRED	Oligo-dT	TRANSCRIPTOMIC	ILLUMINA
SRX11420356	PRJNA746067	SAMN20179669	1	SRR15111571	PAIRED	Oligo-dT	TRANSCRIPTOMIC	ILLUMINA
SRX11420357	PRJNA746067	SAMN20179670	1	SRR15111570	PAIRED	Oligo-dT	TRANSCRIPTOMIC	ILLUMINA
SRX11420358	PRJNA746067	SAMN20179671	1	SRR15111569	PAIRED	Oligo-dT	TRANSCRIPTOMIC	ILLUMINA
SRX11420359	PRJNA746067	SAMN20179666	1	SRR15111568	PAIRED	Oligo-dT	TRANSCRIPTOMIC	ILLUMINA
SRX11420360	PRJNA746067	SAMN20179667	1	SRR15111567	PAIRED	Oligo-dT	TRANSCRIPTOMIC	ILLUMINA
SRX11420361	PRJNA746067	SAMN20179668	1	SRR15111566	PAIRED	Oligo-dT	TRANSCRIPTOMIC	ILLUMINA
SRX11420362	PRJNA746067	SAMN20179675	1	SRR15111565	PAIRED	Oligo-dT	TRANSCRIPTOMIC	ILLUMINA
SRX11420363	PRJNA746067	SAMN20179672	1	SRR15111564	PAIRED	Oligo-dT	TRANSCRIPTOMIC	ILLUMINA
SRX11420364	PRJNA746067	SAMN20179673	1	SRR15111563	PAIRED	Oligo-dT	TRANSCRIPTOMIC	ILLUMINA
SRX11420365	PRJNA746067	SAMN20179676	1	SRR15111562	PAIRED	Oligo-dT	TRANSCRIPTOMIC	ILLUMINA
SRX11420366	PRJNA746067	SAMN20179677	1	SRR15111561	PAIRED	Oligo-dT	TRANSCRIPTOMIC	ILLUMINA
SRX11420367	PRJNA746067	SAMN20179678	1	SRR15111560	PAIRED	Oligo-dT	TRANSCRIPTOMIC	ILLUMINA
SRX11420368	PRJNA746067	SAMN20179679	1	SRR15111559	PAIRED	Oligo-dT	TRANSCRIPTOMIC	ILLUMINA
SRX11420369	PRJNA746067	SAMN20179680	1	SRR15111558	PAIRED	Oligo-dT	TRANSCRIPTOMIC	ILLUMINA
SRX11420370	PRJNA746067	SAMN20179681	1	SRR15111557	PAIRED	Oligo-dT	TRANSCRIPTOMIC	ILLUMINA
SRX11420371	PRJNA746067	SAMN20179682	1	SRR15111556	PAIRED	Oligo-dT	TRANSCRIPTOMIC	ILLUMINA
SRX11420372	PRJNA746067	SAMN20179683	1	SRR15111555	PAIRED	Oligo-dT	TRANSCRIPTOMIC	ILLUMINA
SRX11420373	PRJNA746067	SAMN20179684	1	SRR15111554	PAIRED	Oligo-dT	TRANSCRIPTOMIC	ILLUMINA
SRX11420374	PRJNA746067	SAMN20179685	1	SRR15111553	PAIRED	Oligo-dT	TRANSCRIPTOMIC	ILLUMINA
SRX11420375	PRJNA746067	SAMN20179674	1	SRR15111552	PAIRED	Oligo-dT	TRANSCRIPTOMIC	ILLUMINA
SRX11420376	PRJNA746067	SAMN20179686	1	SRR15111551	PAIRED	Oligo-dT	TRANSCRIPTOMIC	ILLUMINA
SRX11527316	PRJNA749145	SAMN20355394	1	SRR15221400	PAIRED	cDNA	TRANSCRIPTOMIC	ILLUMINA
SRX11527317	PRJNA749145	SAMN20355395	1	SRR15221399	PAIRED	cDNA	TRANSCRIPTOMIC	ILLUMINA
SRX11527318	PRJNA749145	SAMN20355395	1	SRR15221398	PAIRED	cDNA	TRANSCRIPTOMIC	ILLUMINA
SRX11527319	PRJNA749145	SAMN20355395	1	SRR15221397	PAIRED	cDNA	TRANSCRIPTOMIC	ILLUMINA
SRX11527320	PRJNA749145	SAMN20355395	1	SRR15221396	PAIRED	cDNA	TRANSCRIPTOMIC	ILLUMINA
SRX11527321	PRJNA749145	SAMN20355395	1	SRR15221395	PAIRED	cDNA	TRANSCRIPTOMIC	ILLUMINA
SRX11527322	PRJNA749145	SAMN20355395	1	SRR15221394	PAIRED	cDNA	TRANSCRIPTOMIC	ILLUMINA
SRX11527323	PRJNA749145	SAMN20355395	1	SRR15221393	PAIRED	cDNA	TRANSCRIPTOMIC	ILLUMINA
SRX11527324	PRJNA749145	SAMN20355395	1	SRR15221392	PAIRED	cDNA	TRANSCRIPTOMIC	ILLUMINA
SRX11527325	PRJNA749145	SAMN20355394	1	SRR15221391	PAIRED	cDNA	TRANSCRIPTOMIC	ILLUMINA
SRX11527326	PRJNA749145	SAMN20355395	1	SRR15221390	PAIRED	cDNA	TRANSCRIPTOMIC	ILLUMINA
SRX11527327	PRJNA749145	SAMN20355395	1	SRR15221389	PAIRED	cDNA	TRANSCRIPTOMIC	ILLUMINA
SRX11527328	PRJNA749145	SAMN20355395	1	SRR15221388	PAIRED	cDNA	TRANSCRIPTOMIC	ILLUMINA
SRX11527329	PRJNA749145	SAMN20355395	1	SRR15221387	PAIRED	cDNA	TRANSCRIPTOMIC	ILLUMINA
SRX11527330	PRJNA749145	SAMN20355393	1	SRR15221386	PAIRED	cDNA	TRANSCRIPTOMIC	ILLUMINA
SRX11527331	PRJNA749145	SAMN20355393	1	SRR15221385	PAIRED	cDNA	TRANSCRIPTOMIC	ILLUMINA
SRX11527332	PRJNA749145	SAMN20355393	1	SRR15221384	PAIRED	cDNA	TRANSCRIPTOMIC	ILLUMINA
SRX11527333	PRJNA749145	SAMN20355393	1	SRR15221383	PAIRED	cDNA	TRANSCRIPTOMIC	ILLUMINA
SRX11527334	PRJNA749145	SAMN20355393	1	SRR15221382	PAIRED	cDNA	TRANSCRIPTOMIC	ILLUMINA
SRX11527335	PRJNA749145	SAMN20355393	1	SRR15221381	PAIRED	cDNA	TRANSCRIPTOMIC	ILLUMINA
SRX11527336	PRJNA749145	SAMN20355394	1	SRR15221380	PAIRED	cDNA	TRANSCRIPTOMIC	ILLUMINA
SRX11527337	PRJNA749145	SAMN20355393	1	SRR15221379	PAIRED	cDNA	TRANSCRIPTOMIC	ILLUMINA
SRX11527338	PRJNA749145	SAMN20355393	1	SRR15221378	PAIRED	cDNA	TRANSCRIPTOMIC	ILLUMINA
SRX11527339	PRJNA749145	SAMN20355393	1	SRR15221377	PAIRED	cDNA	TRANSCRIPTOMIC	ILLUMINA
SRX11527340	PRJNA749145	SAMN20355394	1	SRR15221376	PAIRED	cDNA	TRANSCRIPTOMIC	ILLUMINA
SRX11527341	PRJNA749145	SAMN20355394	1	SRR15221375	PAIRED	cDNA	TRANSCRIPTOMIC	ILLUMINA
SRX11527342	PRJNA749145	SAMN20355394	1	SRR15221374	PAIRED	cDNA	TRANSCRIPTOMIC	ILLUMINA
SRX11527343	PRJNA749145	SAMN20355393	1	SRR15221373	PAIRED	cDNA	TRANSCRIPTOMIC	ILLUMINA
SRX11527344	PRJNA749145	SAMN20355393	1	SRR15221372	PAIRED	cDNA	TRANSCRIPTOMIC	ILLUMINA
SRX11527345	PRJNA749145	SAMN20355393	1	SRR15221371	PAIRED	cDNA	TRANSCRIPTOMIC	ILLUMINA
SRX11527346	PRJNA749145	SAMN20355394	1	SRR15221370	PAIRED	cDNA	TRANSCRIPTOMIC	ILLUMINA
SRX11527347	PRJNA749145	SAMN20355394	1	SRR15221369	PAIRED	cDNA	TRANSCRIPTOMIC	ILLUMINA
SRX11527348	PRJNA749145	SAMN20355394	1	SRR15221368	PAIRED	cDNA	TRANSCRIPTOMIC	ILLUMINA
SRX11527349	PRJNA749145	SAMN20355394	1	SRR15221367	PAIRED	cDNA	TRANSCRIPTOMIC	ILLUMINA
SRX11527350	PRJNA749145	SAMN20355394	1	SRR15221366	PAIRED	cDNA	TRANSCRIPTOMIC	ILLUMINA
SRX11527351	PRJNA749145	SAMN20355394	1	SRR15221365	PAIRED	cDNA	TRANSCRIPTOMIC	ILLUMINA
SRX11857230	PRJNA742028	SAMN20893073	1	SRR15559121	SINGLE	Oligo-dT	TRANSCRIPTOMIC	ILLUMINA
SRX11857231	PRJNA742028	SAMN20893074	1	SRR15559120	SINGLE	Oligo-dT	TRANSCRIPTOMIC	ILLUMINA
SRX11857232	PRJNA742028	SAMN20893083	1	SRR15559119	SINGLE	Oligo-dT	TRANSCRIPTOMIC	ILLUMINA
SRX11857233	PRJNA742028	SAMN20893084	1	SRR15559118	SINGLE	Oligo-dT	TRANSCRIPTOMIC	ILLUMINA
SRX11857234	PRJNA742028	SAMN20893085	1	SRR15559116	SINGLE	Oligo-dT	TRANSCRIPTOMIC	ILLUMINA
SRX11857235	PRJNA742028	SAMN20893086	1	SRR15559115	SINGLE	Oligo-dT	TRANSCRIPTOMIC	ILLUMINA
SRX11857236	PRJNA742028	SAMN20893087	1	SRR15559114	SINGLE	Oligo-dT	TRANSCRIPTOMIC	ILLUMINA
SRX11857237	PRJNA742028	SAMN20893088	1	SRR15559117	SINGLE	Oligo-dT	TRANSCRIPTOMIC	ILLUMINA
SRX11857238	PRJNA742028	SAMN20893089	1	SRR15559113	SINGLE	Oligo-dT	TRANSCRIPTOMIC	ILLUMINA
SRX11857239	PRJNA742028	SAMN20893090	1	SRR15559112	SINGLE	Oligo-dT	TRANSCRIPTOMIC	ILLUMINA
SRX11857240	PRJNA742028	SAMN20893091	1	SRR15559111	SINGLE	Oligo-dT	TRANSCRIPTOMIC	ILLUMINA
SRX11857241	PRJNA742028	SAMN20893092	1	SRR15559110	SINGLE	Oligo-dT	TRANSCRIPTOMIC	ILLUMINA
SRX11857242	PRJNA742028	SAMN20893075	1	SRR15559108	SINGLE	Oligo-dT	TRANSCRIPTOMIC	ILLUMINA
SRX11857243	PRJNA742028	SAMN20893076	1	SRR15559107	SINGLE	Oligo-dT	TRANSCRIPTOMIC	ILLUMINA
SRX11857244	PRJNA742028	SAMN20893077	1	SRR15559106	SINGLE	Oligo-dT	TRANSCRIPTOMIC	ILLUMINA
SRX11857245	PRJNA742028	SAMN20893078	1	SRR15559109	SINGLE	Oligo-dT	TRANSCRIPTOMIC	ILLUMINA
SRX11857246	PRJNA742028	SAMN20893079	1	SRR15559105	SINGLE	Oligo-dT	TRANSCRIPTOMIC	ILLUMINA
SRX11857247	PRJNA742028	SAMN20893080	1	SRR15559104	SINGLE	Oligo-dT	TRANSCRIPTOMIC	ILLUMINA
SRX11857248	PRJNA742028	SAMN20893081	1	SRR15559103	SINGLE	Oligo-dT	TRANSCRIPTOMIC	ILLUMINA
SRX11857249	PRJNA742028	SAMN20893082	1	SRR15559102	SINGLE	Oligo-dT	TRANSCRIPTOMIC	ILLUMINA
SRX12214007	PRJNA763926	SAMN21462896	1	SRR15923901	PAIRED	RT-PCR	TRANSCRIPTOMIC	ILLUMINA
SRX12214008	PRJNA763926	SAMN21462896	1	SRR15923900	PAIRED	RT-PCR	TRANSCRIPTOMIC	ILLUMINA
SRX12214016	PRJNA763926	SAMN21462896	1	SRR15923892	PAIRED	RT-PCR	TRANSCRIPTOMIC	ILLUMINA
SRX12995909	PRJNA778050	SAMN22901728	1	SRR16796972	SINGLE	Inverse rRNA	TRANSCRIPTOMIC	ILLUMINA
SRX12995910	PRJNA778050	SAMN22901729	1	SRR16796971	SINGLE	Inverse rRNA	TRANSCRIPTOMIC	ILLUMINA
SRX12995921	PRJNA778050	SAMN22901730	1	SRR16796960	SINGLE	Inverse rRNA	TRANSCRIPTOMIC	ILLUMINA
SRX12995932	PRJNA778050	SAMN22901731	1	SRR16796949	SINGLE	Inverse rRNA	TRANSCRIPTOMIC	ILLUMINA
SRX12995935	PRJNA778050	SAMN22901732	1	SRR16796946	SINGLE	Inverse rRNA	TRANSCRIPTOMIC	ILLUMINA
SRX12995936	PRJNA778050	SAMN22901733	1	SRR16796945	SINGLE	Inverse rRNA	TRANSCRIPTOMIC	ILLUMINA
SRX12995937	PRJNA778050	SAMN22901734	1	SRR16796944	SINGLE	Inverse rRNA	TRANSCRIPTOMIC	ILLUMINA
SRX12995938	PRJNA778050	SAMN22901735	1	SRR16796943	SINGLE	Inverse rRNA	TRANSCRIPTOMIC	ILLUMINA
SRX13171109	PRJNA766998	SAMN23296634	1	SRR16980376	PAIRED	RANDOM	TRANSCRIPTOMIC	ILLUMINA
SRX13171110	PRJNA766998	SAMN23296634	1	SRR16980375	PAIRED	RANDOM	TRANSCRIPTOMIC	ILLUMINA
SRX13171111	PRJNA766998	SAMN23296634	1	SRR16980374	PAIRED	RANDOM	TRANSCRIPTOMIC	ILLUMINA
SRX13171112	PRJNA766998	SAMN23296634	1	SRR16980373	PAIRED	RANDOM	TRANSCRIPTOMIC	ILLUMINA
SRX13171113	PRJNA766998	SAMN23296634	1	SRR16980372	PAIRED	RANDOM	TRANSCRIPTOMIC	ILLUMINA
SRX13171114	PRJNA766998	SAMN23296634	1	SRR16980371	PAIRED	RANDOM	TRANSCRIPTOMIC	ILLUMINA
SRX13171115	PRJNA766998	SAMN23296634	1	SRR16980370	PAIRED	RANDOM	TRANSCRIPTOMIC	ILLUMINA
SRX13171116	PRJNA766998	SAMN23296634	1	SRR16980369	PAIRED	RANDOM	TRANSCRIPTOMIC	ILLUMINA
SRX13171117	PRJNA766998	SAMN23296634	1	SRR16980368	PAIRED	RANDOM	TRANSCRIPTOMIC	ILLUMINA
SRX13171118	PRJNA766998	SAMN23296634	1	SRR16980367	PAIRED	RANDOM	TRANSCRIPTOMIC	ILLUMINA
SRX13171119	PRJNA766998	SAMN23296634	1	SRR16980366	PAIRED	RANDOM	TRANSCRIPTOMIC	ILLUMINA
SRX13171120	PRJNA766998	SAMN23296634	1	SRR16980365	PAIRED	RANDOM	TRANSCRIPTOMIC	ILLUMINA
SRX13171121	PRJNA766998	SAMN23296634	1	SRR16980364	PAIRED	RANDOM	TRANSCRIPTOMIC	ILLUMINA
SRX13171122	PRJNA766998	SAMN23296634	1	SRR16980363	PAIRED	RANDOM	TRANSCRIPTOMIC	ILLUMINA
SRX13171123	PRJNA766998	SAMN23296634	1	SRR16980362	PAIRED	RANDOM	TRANSCRIPTOMIC	ILLUMINA
SRX13171124	PRJNA766998	SAMN23296634	1	SRR16980361	PAIRED	RANDOM	TRANSCRIPTOMIC	ILLUMINA
SRX13171125	PRJNA766998	SAMN23296634	1	SRR16980360	PAIRED	RANDOM	TRANSCRIPTOMIC	ILLUMINA
SRX13171126	PRJNA766998	SAMN23296634	1	SRR16980359	PAIRED	RANDOM	TRANSCRIPTOMIC	ILLUMINA
SRX13171127	PRJNA766998	SAMN23296634	1	SRR16980358	PAIRED	RANDOM	TRANSCRIPTOMIC	ILLUMINA
SRX13171128	PRJNA766998	SAMN23296634	1	SRR16980357	PAIRED	RANDOM	TRANSCRIPTOMIC	ILLUMINA
SRX13171129	PRJNA766998	SAMN23296634	1	SRR16980356	PAIRED	RANDOM	TRANSCRIPTOMIC	ILLUMINA
SRX13171130	PRJNA766998	SAMN23296634	1	SRR16980355	PAIRED	RANDOM	TRANSCRIPTOMIC	ILLUMINA
SRX13171131	PRJNA766998	SAMN23296634	1	SRR16980354	PAIRED	RANDOM	TRANSCRIPTOMIC	ILLUMINA
SRX13171132	PRJNA766998	SAMN23296634	1	SRR16980353	PAIRED	RANDOM	TRANSCRIPTOMIC	ILLUMINA
SRX13171133	PRJNA766998	SAMN23296634	1	SRR16980352	PAIRED	RANDOM	TRANSCRIPTOMIC	ILLUMINA
SRX13171134	PRJNA766998	SAMN23296634	1	SRR16980351	PAIRED	RANDOM	TRANSCRIPTOMIC	ILLUMINA
SRX13171135	PRJNA766998	SAMN23296634	1	SRR16980350	PAIRED	RANDOM	TRANSCRIPTOMIC	ILLUMINA
SRX13171136	PRJNA766998	SAMN23296634	1	SRR16980349	PAIRED	RANDOM	TRANSCRIPTOMIC	ILLUMINA
SRX13171137	PRJNA766998	SAMN23296634	1	SRR16980348	PAIRED	RANDOM	TRANSCRIPTOMIC	ILLUMINA
SRX13171138	PRJNA766998	SAMN23296634	1	SRR16980347	PAIRED	RANDOM	TRANSCRIPTOMIC	ILLUMINA
SRX13171139	PRJNA766998	SAMN23296634	1	SRR16980346	PAIRED	RANDOM	TRANSCRIPTOMIC	ILLUMINA
SRX13171140	PRJNA766998	SAMN23296634	1	SRR16980345	PAIRED	RANDOM	TRANSCRIPTOMIC	ILLUMINA
SRX13171141	PRJNA766998	SAMN23296634	1	SRR16980344	PAIRED	RANDOM	TRANSCRIPTOMIC	ILLUMINA
SRX13171142	PRJNA766998	SAMN23296634	1	SRR16980343	PAIRED	RANDOM	TRANSCRIPTOMIC	ILLUMINA
SRX13171143	PRJNA766998	SAMN23296634	1	SRR16980342	PAIRED	RANDOM	TRANSCRIPTOMIC	ILLUMINA
SRX13171144	PRJNA766998	SAMN23296634	1	SRR16980341	PAIRED	RANDOM	TRANSCRIPTOMIC	ILLUMINA
SRX13171145	PRJNA766998	SAMN23296634	1	SRR16980340	PAIRED	RANDOM	TRANSCRIPTOMIC	ILLUMINA
SRX13171146	PRJNA766998	SAMN23296634	1	SRR16980339	PAIRED	RANDOM	TRANSCRIPTOMIC	ILLUMINA
SRX13171147	PRJNA766998	SAMN23296634	1	SRR16980338	PAIRED	RANDOM	TRANSCRIPTOMIC	ILLUMINA
SRX13171148	PRJNA766998	SAMN23296634	1	SRR16980337	PAIRED	RANDOM	TRANSCRIPTOMIC	ILLUMINA
SRX13171149	PRJNA766998	SAMN23296634	1	SRR16980336	PAIRED	RANDOM	TRANSCRIPTOMIC	ILLUMINA
SRX13171150	PRJNA766998	SAMN23296634	1	SRR16980335	PAIRED	RANDOM	TRANSCRIPTOMIC	ILLUMINA
SRX13171151	PRJNA766998	SAMN23296634	1	SRR16980334	PAIRED	RANDOM	TRANSCRIPTOMIC	ILLUMINA
SRX13171152	PRJNA766998	SAMN23296634	1	SRR16980333	PAIRED	RANDOM	TRANSCRIPTOMIC	ILLUMINA
SRX13171153	PRJNA766998	SAMN23296634	1	SRR16980332	PAIRED	RANDOM	TRANSCRIPTOMIC	ILLUMINA
SRX13171154	PRJNA766998	SAMN23296634	1	SRR16980331	PAIRED	RANDOM	TRANSCRIPTOMIC	ILLUMINA
SRX13171155	PRJNA766998	SAMN23296634	1	SRR16980330	PAIRED	RANDOM	TRANSCRIPTOMIC	ILLUMINA
SRX13171156	PRJNA766998	SAMN23296634	1	SRR16980329	PAIRED	RANDOM	TRANSCRIPTOMIC	ILLUMINA
SRX13171157	PRJNA766998	SAMN23296634	1	SRR16980328	PAIRED	RANDOM	TRANSCRIPTOMIC	ILLUMINA
SRX13171158	PRJNA766998	SAMN23296634	1	SRR16980327	PAIRED	RANDOM	TRANSCRIPTOMIC	ILLUMINA
SRX13171159	PRJNA766998	SAMN23296634	1	SRR16980326	PAIRED	RANDOM	TRANSCRIPTOMIC	ILLUMINA
SRX13171160	PRJNA766998	SAMN23296634	1	SRR16980325	PAIRED	RANDOM	TRANSCRIPTOMIC	ILLUMINA
SRX13171161	PRJNA766998	SAMN23296634	1	SRR16980324	PAIRED	RANDOM	TRANSCRIPTOMIC	ILLUMINA
SRX13171162	PRJNA766998	SAMN23296634	1	SRR16980323	PAIRED	RANDOM	TRANSCRIPTOMIC	ILLUMINA
SRX13171163	PRJNA766998	SAMN23296634	1	SRR16980322	PAIRED	RANDOM	TRANSCRIPTOMIC	ILLUMINA
SRX13171164	PRJNA766998	SAMN23296634	1	SRR16980321	PAIRED	RANDOM	TRANSCRIPTOMIC	ILLUMINA
SRX13171165	PRJNA766998	SAMN23296634	1	SRR16980320	PAIRED	RANDOM	TRANSCRIPTOMIC	ILLUMINA
SRX13273374	PRJNA785251	SAMN23551695	6	SRR17085338;SRR17085339;SRR17085340;SRR17085341;SRR17085342;SRR17085343	SINGLE	cDNA	TRANSCRIPTOMIC	ILLUMINA
SRX13273375	PRJNA785251	SAMN23551694	6	SRR17085332;SRR17085333;SRR17085334;SRR17085335;SRR17085336;SRR17085337	SINGLE	cDNA	TRANSCRIPTOMIC	ILLUMINA
SRX13273376	PRJNA785251	SAMN23551693	6	SRR17085326;SRR17085327;SRR17085328;SRR17085329;SRR17085330;SRR17085331	SINGLE	cDNA	TRANSCRIPTOMIC	ILLUMINA
SRX13273377	PRJNA785251	SAMN23551692	6	SRR17085320;SRR17085321;SRR17085322;SRR17085323;SRR17085324;SRR17085325	SINGLE	cDNA	TRANSCRIPTOMIC	ILLUMINA
SRX13273378	PRJNA785251	SAMN23551691	6	SRR17085314;SRR17085315;SRR17085316;SRR17085317;SRR17085318;SRR17085319	SINGLE	cDNA	TRANSCRIPTOMIC	ILLUMINA
SRX13273379	PRJNA785251	SAMN23551690	6	SRR17085308;SRR17085309;SRR17085310;SRR17085311;SRR17085312;SRR17085313	SINGLE	cDNA	TRANSCRIPTOMIC	ILLUMINA
SRX13273380	PRJNA785251	SAMN23551708	6	SRR17085302;SRR17085303;SRR17085304;SRR17085305;SRR17085306;SRR17085307	SINGLE	cDNA	TRANSCRIPTOMIC	ILLUMINA
SRX13273381	PRJNA785251	SAMN23551707	6	SRR17085296;SRR17085297;SRR17085298;SRR17085299;SRR17085300;SRR17085301	SINGLE	cDNA	TRANSCRIPTOMIC	ILLUMINA
SRX13273382	PRJNA785251	SAMN23551706	6	SRR17085290;SRR17085291;SRR17085292;SRR17085293;SRR17085294;SRR17085295	SINGLE	cDNA	TRANSCRIPTOMIC	ILLUMINA
SRX13273383	PRJNA785251	SAMN23551705	6	SRR17085284;SRR17085285;SRR17085286;SRR17085287;SRR17085288;SRR17085289	SINGLE	cDNA	TRANSCRIPTOMIC	ILLUMINA
SRX13273384	PRJNA785251	SAMN23551704	6	SRR17085278;SRR17085279;SRR17085280;SRR17085281;SRR17085282;SRR17085283	SINGLE	cDNA	TRANSCRIPTOMIC	ILLUMINA
SRX13273385	PRJNA785251	SAMN23551703	6	SRR17085272;SRR17085273;SRR17085274;SRR17085275;SRR17085276;SRR17085277	SINGLE	cDNA	TRANSCRIPTOMIC	ILLUMINA
SRX13273386	PRJNA785251	SAMN23551702	6	SRR17085266;SRR17085267;SRR17085268;SRR17085269;SRR17085270;SRR17085271	SINGLE	cDNA	TRANSCRIPTOMIC	ILLUMINA
SRX13273387	PRJNA785251	SAMN23551701	4	SRR17085262;SRR17085263;SRR17085264;SRR17085265	SINGLE	cDNA	TRANSCRIPTOMIC	ILLUMINA
SRX13273388	PRJNA785251	SAMN23551700	6	SRR17085256;SRR17085257;SRR17085258;SRR17085259;SRR17085260;SRR17085261	SINGLE	cDNA	TRANSCRIPTOMIC	ILLUMINA
SRX13273389	PRJNA785251	SAMN23551699	6	SRR17085250;SRR17085251;SRR17085252;SRR17085253;SRR17085254;SRR17085255	SINGLE	cDNA	TRANSCRIPTOMIC	ILLUMINA
SRX13273390	PRJNA785251	SAMN23551698	4	SRR17085246;SRR17085247;SRR17085248;SRR17085249	SINGLE	cDNA	TRANSCRIPTOMIC	ILLUMINA
SRX13273391	PRJNA785251	SAMN23551697	6	SRR17085240;SRR17085241;SRR17085242;SRR17085243;SRR17085244;SRR17085245	SINGLE	cDNA	TRANSCRIPTOMIC	ILLUMINA
SRX13273392	PRJNA785251	SAMN23551696	6	SRR17085234;SRR17085235;SRR17085236;SRR17085237;SRR17085238;SRR17085239	SINGLE	cDNA	TRANSCRIPTOMIC	ILLUMINA
SRX14311050	PRJNA810994	SAMN26308043	1	SRR18163669	SINGLE	cDNA	TRANSCRIPTOMIC	ILLUMINA
SRX14311051	PRJNA810994	SAMN26308042	1	SRR18163668	SINGLE	cDNA	TRANSCRIPTOMIC	ILLUMINA
SRX14311052	PRJNA810994	SAMN26308041	1	SRR18163667	SINGLE	cDNA	TRANSCRIPTOMIC	ILLUMINA
SRX14311053	PRJNA810994	SAMN26308040	1	SRR18163666	SINGLE	cDNA	TRANSCRIPTOMIC	ILLUMINA
SRX14311054	PRJNA810994	SAMN26308039	1	SRR18163665	SINGLE	cDNA	TRANSCRIPTOMIC	ILLUMINA
SRX14311055	PRJNA810994	SAMN26308038	1	SRR18163664	SINGLE	cDNA	TRANSCRIPTOMIC	ILLUMINA
SRX14311056	PRJNA810994	SAMN26308037	1	SRR18163663	SINGLE	cDNA	TRANSCRIPTOMIC	ILLUMINA
SRX14311057	PRJNA810994	SAMN26308036	1	SRR18163662	SINGLE	cDNA	TRANSCRIPTOMIC	ILLUMINA
SRX14311058	PRJNA810994	SAMN26308035	1	SRR18163661	SINGLE	cDNA	TRANSCRIPTOMIC	ILLUMINA
SRX14311059	PRJNA810994	SAMN26308034	1	SRR18163660	SINGLE	cDNA	TRANSCRIPTOMIC	ILLUMINA
SRX14311060	PRJNA810994	SAMN26308033	1	SRR18163659	SINGLE	cDNA	TRANSCRIPTOMIC	ILLUMINA
SRX14311061	PRJNA810994	SAMN26308032	1	SRR18163658	SINGLE	cDNA	TRANSCRIPTOMIC	ILLUMINA
SRX14311062	PRJNA810994	SAMN26308031	1	SRR18163657	SINGLE	cDNA	TRANSCRIPTOMIC	ILLUMINA
SRX14311063	PRJNA810994	SAMN26308030	1	SRR18163656	SINGLE	cDNA	TRANSCRIPTOMIC	ILLUMINA
SRX14311064	PRJNA810994	SAMN26308029	1	SRR18163655	SINGLE	cDNA	TRANSCRIPTOMIC	ILLUMINA
SRX1436207	PRJNA302601	SAMN04275174	1	SRR2922597	SINGLE	cDNA	TRANSCRIPTOMIC	ILLUMINA
SRX1436208	PRJNA302601	SAMN04275175	1	SRR2922598	SINGLE	cDNA	TRANSCRIPTOMIC	ILLUMINA
SRX1436209	PRJNA302601	SAMN04275176	1	SRR2922599	SINGLE	cDNA	TRANSCRIPTOMIC	ILLUMINA
SRX1436210	PRJNA302601	SAMN04275177	1	SRR2922600	SINGLE	cDNA	TRANSCRIPTOMIC	ILLUMINA
SRX1436211	PRJNA302601	SAMN04275178	1	SRR2922601	SINGLE	cDNA	TRANSCRIPTOMIC	ILLUMINA
SRX1436212	PRJNA302601	SAMN04275179	1	SRR2922602	SINGLE	cDNA	TRANSCRIPTOMIC	ILLUMINA
SRX1436213	PRJNA302601	SAMN04275180	1	SRR2922603	SINGLE	cDNA	TRANSCRIPTOMIC	ILLUMINA
SRX1436214	PRJNA302601	SAMN04275181	1	SRR2922604	SINGLE	cDNA	TRANSCRIPTOMIC	ILLUMINA
SRX1436215	PRJNA302601	SAMN04275182	1	SRR2922605	SINGLE	cDNA	TRANSCRIPTOMIC	ILLUMINA
SRX1436216	PRJNA302601	SAMN04275183	1	SRR2922606	SINGLE	cDNA	TRANSCRIPTOMIC	ILLUMINA
SRX14491409	PRJNA817102	SAMN26747792	1	SRR18356113	PAIRED	cDNA	TRANSCRIPTOMIC	ILLUMINA
SRX14491410	PRJNA817102	SAMN26747791	1	SRR18356112	PAIRED	cDNA	TRANSCRIPTOMIC	ILLUMINA
SRX1457795	PRJNA304606	SAMN04305210	1	SRR2968323	PAIRED	cDNA	TRANSCRIPTOMIC	ILLUMINA
SRX1457796	PRJNA304606	SAMN04305211	1	SRR2968324	PAIRED	cDNA	TRANSCRIPTOMIC	ILLUMINA
SRX1457797	PRJNA304606	SAMN04305212	1	SRR2968325	PAIRED	cDNA	TRANSCRIPTOMIC	ILLUMINA
SRX1457798	PRJNA304606	SAMN04305213	1	SRR2968326	PAIRED	cDNA	TRANSCRIPTOMIC	ILLUMINA
SRX1457799	PRJNA304606	SAMN04305214	1	SRR2968327	PAIRED	cDNA	TRANSCRIPTOMIC	ILLUMINA
SRX1457800	PRJNA304606	SAMN04305215	1	SRR2968328	PAIRED	cDNA	TRANSCRIPTOMIC	ILLUMINA
SRX14633658	PRJNA820638	SAMN27019301	1	SRR18502238	PAIRED	cDNA	TRANSCRIPTOMIC	ILLUMINA
SRX14633659	PRJNA820638	SAMN27019300	1	SRR18502237	PAIRED	cDNA	TRANSCRIPTOMIC	ILLUMINA
SRX14633660	PRJNA820638	SAMN27019299	1	SRR18502236	PAIRED	cDNA	TRANSCRIPTOMIC	ILLUMINA
SRX14633661	PRJNA820638	SAMN27019298	1	SRR18502235	PAIRED	cDNA	TRANSCRIPTOMIC	ILLUMINA
SRX14633662	PRJNA820638	SAMN27019297	1	SRR18502234	PAIRED	cDNA	TRANSCRIPTOMIC	ILLUMINA
SRX14633663	PRJNA820638	SAMN27019296	1	SRR18502233	PAIRED	cDNA	TRANSCRIPTOMIC	ILLUMINA
SRX14633664	PRJNA820638	SAMN27019295	1	SRR18502232	PAIRED	cDNA	TRANSCRIPTOMIC	ILLUMINA
SRX14633665	PRJNA820638	SAMN27019294	1	SRR18502231	PAIRED	cDNA	TRANSCRIPTOMIC	ILLUMINA
SRX14633666	PRJNA820638	SAMN27019293	1	SRR18502230	PAIRED	cDNA	TRANSCRIPTOMIC	ILLUMINA
SRX14633667	PRJNA820638	SAMN27019292	1	SRR18502229	PAIRED	cDNA	TRANSCRIPTOMIC	ILLUMINA
SRX14633668	PRJNA820638	SAMN27019291	1	SRR18502228	PAIRED	cDNA	TRANSCRIPTOMIC	ILLUMINA
SRX14633669	PRJNA820638	SAMN27019290	1	SRR18502227	PAIRED	cDNA	TRANSCRIPTOMIC	ILLUMINA
SRX14633670	PRJNA820638	SAMN27019289	1	SRR18502226	PAIRED	cDNA	TRANSCRIPTOMIC	ILLUMINA
SRX14633671	PRJNA820638	SAMN27019288	1	SRR18502225	PAIRED	cDNA	TRANSCRIPTOMIC	ILLUMINA
SRX14633672	PRJNA820638	SAMN27019287	1	SRR18502224	PAIRED	cDNA	TRANSCRIPTOMIC	ILLUMINA
SRX14633673	PRJNA820638	SAMN27019286	1	SRR18502223	PAIRED	cDNA	TRANSCRIPTOMIC	ILLUMINA
SRX15316769	PRJNA839086	SAMN28495783	1	SRR19256306	PAIRED	cDNA	TRANSCRIPTOMIC	ILLUMINA
SRX15316770	PRJNA839086	SAMN28495782	1	SRR19256305	PAIRED	cDNA	TRANSCRIPTOMIC	ILLUMINA
SRX15316771	PRJNA839086	SAMN28495781	1	SRR19256304	PAIRED	cDNA	TRANSCRIPTOMIC	ILLUMINA
SRX15316772	PRJNA839086	SAMN28495780	1	SRR19256303	PAIRED	cDNA	TRANSCRIPTOMIC	ILLUMINA
SRX15316773	PRJNA839086	SAMN28495779	1	SRR19256302	PAIRED	cDNA	TRANSCRIPTOMIC	ILLUMINA
SRX15316774	PRJNA839086	SAMN28495778	1	SRR19256301	PAIRED	cDNA	TRANSCRIPTOMIC	ILLUMINA
SRX15316775	PRJNA839086	SAMN28495777	1	SRR19256300	PAIRED	cDNA	TRANSCRIPTOMIC	ILLUMINA
SRX15316776	PRJNA839086	SAMN28495776	1	SRR19256299	PAIRED	cDNA	TRANSCRIPTOMIC	ILLUMINA
SRX15316777	PRJNA839086	SAMN28495775	1	SRR19256298	PAIRED	cDNA	TRANSCRIPTOMIC	ILLUMINA
SRX15316778	PRJNA839086	SAMN28495774	1	SRR19256297	PAIRED	cDNA	TRANSCRIPTOMIC	ILLUMINA
SRX15316779	PRJNA839086	SAMN28495773	1	SRR19256296	PAIRED	cDNA	TRANSCRIPTOMIC	ILLUMINA
SRX15316780	PRJNA839086	SAMN28495772	1	SRR19256295	PAIRED	cDNA	TRANSCRIPTOMIC	ILLUMINA
SRX1570960	PRJNA311594	SAMN04501027	1	SRR3161757	PAIRED	cDNA	TRANSCRIPTOMIC	ILLUMINA
SRX1570961	PRJNA311594	SAMN04501028	1	SRR3161758	PAIRED	cDNA	TRANSCRIPTOMIC	ILLUMINA
SRX1570962	PRJNA311594	SAMN04501029	1	SRR3161759	PAIRED	cDNA	TRANSCRIPTOMIC	ILLUMINA
SRX1570963	PRJNA311594	SAMN04501030	1	SRR3161760	PAIRED	cDNA	TRANSCRIPTOMIC	ILLUMINA
SRX1570964	PRJNA311594	SAMN04501031	1	SRR3161761	PAIRED	cDNA	TRANSCRIPTOMIC	ILLUMINA
SRX1570965	PRJNA311594	SAMN04501032	1	SRR3161762	PAIRED	cDNA	TRANSCRIPTOMIC	ILLUMINA
SRX1570966	PRJNA311594	SAMN04501033	1	SRR3161763	PAIRED	cDNA	TRANSCRIPTOMIC	ILLUMINA
SRX1570967	PRJNA311594	SAMN04501034	1	SRR3161764	PAIRED	cDNA	TRANSCRIPTOMIC	ILLUMINA
SRX1570968	PRJNA311594	SAMN04501035	1	SRR3161765	PAIRED	cDNA	TRANSCRIPTOMIC	ILLUMINA
SRX1570969	PRJNA311594	SAMN04501036	1	SRR3161766	PAIRED	cDNA	TRANSCRIPTOMIC	ILLUMINA
SRX1570970	PRJNA311594	SAMN04501037	1	SRR3161767	PAIRED	cDNA	TRANSCRIPTOMIC	ILLUMINA
SRX1570971	PRJNA311594	SAMN04501038	1	SRR3161768	PAIRED	cDNA	TRANSCRIPTOMIC	ILLUMINA
SRX1570972	PRJNA311594	SAMN04501039	1	SRR3161769	PAIRED	cDNA	TRANSCRIPTOMIC	ILLUMINA
SRX1570973	PRJNA311594	SAMN04501040	1	SRR3161770	PAIRED	cDNA	TRANSCRIPTOMIC	ILLUMINA
SRX1570974	PRJNA311594	SAMN04501041	1	SRR3161771	PAIRED	cDNA	TRANSCRIPTOMIC	ILLUMINA
SRX1570975	PRJNA311594	SAMN04501042	1	SRR3161772	PAIRED	cDNA	TRANSCRIPTOMIC	ILLUMINA
SRX1570976	PRJNA311594	SAMN04501043	1	SRR3161773	PAIRED	cDNA	TRANSCRIPTOMIC	ILLUMINA
SRX1570977	PRJNA311594	SAMN04501044	1	SRR3161774	PAIRED	cDNA	TRANSCRIPTOMIC	ILLUMINA
SRX1570978	PRJNA311594	SAMN04501045	1	SRR3161775	PAIRED	cDNA	TRANSCRIPTOMIC	ILLUMINA
SRX1570979	PRJNA311594	SAMN04501046	1	SRR3161776	PAIRED	cDNA	TRANSCRIPTOMIC	ILLUMINA
SRX1570980	PRJNA311594	SAMN04501047	1	SRR3161777	PAIRED	cDNA	TRANSCRIPTOMIC	ILLUMINA
SRX1570981	PRJNA311594	SAMN04501048	1	SRR3161778	PAIRED	cDNA	TRANSCRIPTOMIC	ILLUMINA
SRX1570982	PRJNA311594	SAMN04501049	1	SRR3161779	PAIRED	cDNA	TRANSCRIPTOMIC	ILLUMINA
SRX1570983	PRJNA311594	SAMN04501050	1	SRR3161780	PAIRED	cDNA	TRANSCRIPTOMIC	ILLUMINA
SRX1570984	PRJNA311594	SAMN04501051	1	SRR3161781	PAIRED	cDNA	TRANSCRIPTOMIC	ILLUMINA
SRX1570985	PRJNA311594	SAMN04501052	1	SRR3161782	PAIRED	cDNA	TRANSCRIPTOMIC	ILLUMINA
SRX1570986	PRJNA311594	SAMN04501053	1	SRR3161783	PAIRED	cDNA	TRANSCRIPTOMIC	ILLUMINA
SRX1570987	PRJNA311594	SAMN04501054	1	SRR3161784	PAIRED	cDNA	TRANSCRIPTOMIC	ILLUMINA
SRX1570988	PRJNA311594	SAMN04501055	1	SRR3161785	PAIRED	cDNA	TRANSCRIPTOMIC	ILLUMINA
SRX1570989	PRJNA311594	SAMN04501056	1	SRR3161786	PAIRED	cDNA	TRANSCRIPTOMIC	ILLUMINA
SRX1570990	PRJNA311594	SAMN04501057	1	SRR3161787	PAIRED	cDNA	TRANSCRIPTOMIC	ILLUMINA
SRX1570991	PRJNA311594	SAMN04501058	1	SRR3161788	PAIRED	cDNA	TRANSCRIPTOMIC	ILLUMINA
SRX1570992	PRJNA311594	SAMN04501059	1	SRR3161789	PAIRED	cDNA	TRANSCRIPTOMIC	ILLUMINA
SRX1570993	PRJNA311594	SAMN04501060	1	SRR3161790	PAIRED	cDNA	TRANSCRIPTOMIC	ILLUMINA
SRX1570994	PRJNA311594	SAMN04501061	1	SRR3161791	PAIRED	cDNA	TRANSCRIPTOMIC	ILLUMINA
SRX1570995	PRJNA311594	SAMN04501062	1	SRR3161792	PAIRED	cDNA	TRANSCRIPTOMIC	ILLUMINA
SRX1570996	PRJNA311594	SAMN04501063	1	SRR3161793	PAIRED	cDNA	TRANSCRIPTOMIC	ILLUMINA
SRX1570997	PRJNA311594	SAMN04501064	1	SRR3161794	PAIRED	cDNA	TRANSCRIPTOMIC	ILLUMINA
SRX1570998	PRJNA311594	SAMN04501065	1	SRR3161795	PAIRED	cDNA	TRANSCRIPTOMIC	ILLUMINA
SRX1570999	PRJNA311594	SAMN04501066	1	SRR3161796	PAIRED	cDNA	TRANSCRIPTOMIC	ILLUMINA
SRX1655601	PRJNA316065	SAMN04574676	2	SRR3284443;SRR3284444	SINGLE	cDNA	TRANSCRIPTOMIC	ILLUMINA
SRX1655602	PRJNA316065	SAMN04574677	2	SRR3284445;SRR3284446	SINGLE	cDNA	TRANSCRIPTOMIC	ILLUMINA
SRX1655603	PRJNA316065	SAMN04574678	2	SRR3284447;SRR3284448	SINGLE	cDNA	TRANSCRIPTOMIC	ILLUMINA
SRX1655607	PRJNA316065	SAMN04574682	2	SRR3284455;SRR3284456	SINGLE	cDNA	TRANSCRIPTOMIC	ILLUMINA
SRX1655608	PRJNA316065	SAMN04574683	2	SRR3284457;SRR3284458	SINGLE	cDNA	TRANSCRIPTOMIC	ILLUMINA
SRX1655609	PRJNA316065	SAMN04574684	2	SRR3284459;SRR3284460	SINGLE	cDNA	TRANSCRIPTOMIC	ILLUMINA
SRX1712536	PRJNA318741	SAMN04867124	1	SRR3401399	PAIRED	unspecified	TRANSCRIPTOMIC	ILLUMINA
SRX1712537	PRJNA318741	SAMN04867128	1	SRR3401401	PAIRED	unspecified	TRANSCRIPTOMIC	ILLUMINA
SRX1712689	PRJNA318886	SAMN04869813	1	SRR3401745	PAIRED	unspecified	TRANSCRIPTOMIC	ILLUMINA
SRX1712691	PRJNA318886	SAMN04869814	1	SRR3401746	PAIRED	unspecified	TRANSCRIPTOMIC	ILLUMINA
SRX1712692	PRJNA318886	SAMN04869815	1	SRR3401747	PAIRED	unspecified	TRANSCRIPTOMIC	ILLUMINA
SRX1712693	PRJNA318886	SAMN04869816	1	SRR3401748	PAIRED	unspecified	TRANSCRIPTOMIC	ILLUMINA
SRX1712694	PRJNA318886	SAMN04869817	1	SRR3401749	PAIRED	unspecified	TRANSCRIPTOMIC	ILLUMINA
SRX1712695	PRJNA318886	SAMN04869818	1	SRR3401750	PAIRED	unspecified	TRANSCRIPTOMIC	ILLUMINA
SRX1712696	PRJNA318886	SAMN04869819	1	SRR3401751	PAIRED	unspecified	TRANSCRIPTOMIC	ILLUMINA
SRX1712697	PRJNA318886	SAMN04869820	1	SRR3401752	PAIRED	unspecified	TRANSCRIPTOMIC	ILLUMINA
SRX18122730	PRJNA896947	SAMN31573491	1	SRR22143449	PAIRED	DNase	TRANSCRIPTOMIC	ILLUMINA
SRX18122731	PRJNA896947	SAMN31573491	1	SRR22143448	PAIRED	DNase	TRANSCRIPTOMIC	ILLUMINA
SRX18122732	PRJNA896947	SAMN31573491	1	SRR22143447	PAIRED	DNase	TRANSCRIPTOMIC	ILLUMINA
SRX18122733	PRJNA896947	SAMN31573491	1	SRR22143446	PAIRED	DNase	TRANSCRIPTOMIC	ILLUMINA
SRX18122734	PRJNA896947	SAMN31573491	1	SRR22143445	PAIRED	DNase	TRANSCRIPTOMIC	ILLUMINA
SRX18122735	PRJNA896947	SAMN31573491	1	SRR22143444	PAIRED	DNase	TRANSCRIPTOMIC	ILLUMINA
SRX18122742	PRJNA896947	SAMN31573491	1	SRR22143437	PAIRED	DNase	TRANSCRIPTOMIC	ILLUMINA
SRX18122743	PRJNA896947	SAMN31573491	1	SRR22143436	PAIRED	DNase	TRANSCRIPTOMIC	ILLUMINA
SRX18223527	PRJNA899862	SAMN31671010	1	SRR22246904	PAIRED	cDNA	TRANSCRIPTOMIC	ILLUMINA
SRX18223528	PRJNA899862	SAMN31671009	1	SRR22246903	PAIRED	cDNA	TRANSCRIPTOMIC	ILLUMINA
SRX18223529	PRJNA899862	SAMN31671008	1	SRR22246902	PAIRED	cDNA	TRANSCRIPTOMIC	ILLUMINA
SRX18223530	PRJNA899862	SAMN31671007	1	SRR22246901	PAIRED	cDNA	TRANSCRIPTOMIC	ILLUMINA
SRX18223531	PRJNA899862	SAMN31671006	1	SRR22246900	PAIRED	cDNA	TRANSCRIPTOMIC	ILLUMINA
SRX18223532	PRJNA899862	SAMN31671005	1	SRR22246899	PAIRED	cDNA	TRANSCRIPTOMIC	ILLUMINA
SRX18223533	PRJNA899862	SAMN31671004	1	SRR22246898	PAIRED	cDNA	TRANSCRIPTOMIC	ILLUMINA
SRX18223534	PRJNA899862	SAMN31671003	1	SRR22246897	PAIRED	cDNA	TRANSCRIPTOMIC	ILLUMINA
SRX18223535	PRJNA899862	SAMN31671002	1	SRR22246896	PAIRED	cDNA	TRANSCRIPTOMIC	ILLUMINA
SRX18223536	PRJNA899862	SAMN31670977	1	SRR22246895	PAIRED	cDNA	TRANSCRIPTOMIC	ILLUMINA
SRX18223537	PRJNA899862	SAMN31670976	1	SRR22246894	PAIRED	cDNA	TRANSCRIPTOMIC	ILLUMINA
SRX18223538	PRJNA899862	SAMN31670975	1	SRR22246893	PAIRED	cDNA	TRANSCRIPTOMIC	ILLUMINA
SRX18223539	PRJNA899862	SAMN31671001	1	SRR22246892	PAIRED	cDNA	TRANSCRIPTOMIC	ILLUMINA
SRX18223540	PRJNA899862	SAMN31671000	1	SRR22246891	PAIRED	cDNA	TRANSCRIPTOMIC	ILLUMINA
SRX18223541	PRJNA899862	SAMN31670999	1	SRR22246890	PAIRED	cDNA	TRANSCRIPTOMIC	ILLUMINA
SRX18223542	PRJNA899862	SAMN31670998	1	SRR22246889	PAIRED	cDNA	TRANSCRIPTOMIC	ILLUMINA
SRX18223543	PRJNA899862	SAMN31670997	1	SRR22246888	PAIRED	cDNA	TRANSCRIPTOMIC	ILLUMINA
SRX18223544	PRJNA899862	SAMN31670996	1	SRR22246887	PAIRED	cDNA	TRANSCRIPTOMIC	ILLUMINA
SRX18223545	PRJNA899862	SAMN31670995	1	SRR22246886	PAIRED	cDNA	TRANSCRIPTOMIC	ILLUMINA
SRX18223546	PRJNA899862	SAMN31670994	1	SRR22246885	PAIRED	cDNA	TRANSCRIPTOMIC	ILLUMINA
SRX18223547	PRJNA899862	SAMN31670993	1	SRR22246884	PAIRED	cDNA	TRANSCRIPTOMIC	ILLUMINA
SRX18223548	PRJNA899862	SAMN31670992	1	SRR22246883	PAIRED	cDNA	TRANSCRIPTOMIC	ILLUMINA
SRX18223549	PRJNA899862	SAMN31670991	1	SRR22246882	PAIRED	cDNA	TRANSCRIPTOMIC	ILLUMINA
SRX18223550	PRJNA899862	SAMN31670990	1	SRR22246881	PAIRED	cDNA	TRANSCRIPTOMIC	ILLUMINA
SRX18223551	PRJNA899862	SAMN31670989	1	SRR22246880	PAIRED	cDNA	TRANSCRIPTOMIC	ILLUMINA
SRX18223552	PRJNA899862	SAMN31670988	1	SRR22246879	PAIRED	cDNA	TRANSCRIPTOMIC	ILLUMINA
SRX18223553	PRJNA899862	SAMN31670987	1	SRR22246878	PAIRED	cDNA	TRANSCRIPTOMIC	ILLUMINA
SRX18223554	PRJNA899862	SAMN31670986	1	SRR22246877	PAIRED	cDNA	TRANSCRIPTOMIC	ILLUMINA
SRX18223555	PRJNA899862	SAMN31670985	1	SRR22246876	PAIRED	cDNA	TRANSCRIPTOMIC	ILLUMINA
SRX18223556	PRJNA899862	SAMN31670984	1	SRR22246875	PAIRED	cDNA	TRANSCRIPTOMIC	ILLUMINA
SRX18223557	PRJNA899862	SAMN31670983	1	SRR22246874	PAIRED	cDNA	TRANSCRIPTOMIC	ILLUMINA
SRX18223558	PRJNA899862	SAMN31670982	1	SRR22246873	PAIRED	cDNA	TRANSCRIPTOMIC	ILLUMINA
SRX18223559	PRJNA899862	SAMN31670981	1	SRR22246872	PAIRED	cDNA	TRANSCRIPTOMIC	ILLUMINA
SRX18223560	PRJNA899862	SAMN31670980	1	SRR22246871	PAIRED	cDNA	TRANSCRIPTOMIC	ILLUMINA
SRX18223561	PRJNA899862	SAMN31670979	1	SRR22246870	PAIRED	cDNA	TRANSCRIPTOMIC	ILLUMINA
SRX18223562	PRJNA899862	SAMN31670978	1	SRR22246869	PAIRED	cDNA	TRANSCRIPTOMIC	ILLUMINA
SRX18769903	PRJNA913861	SAMN32309278	1	SRR22810194	SINGLE	cDNA	TRANSCRIPTOMIC	ILLUMINA
SRX18769904	PRJNA913861	SAMN32309277	1	SRR22810193	SINGLE	cDNA	TRANSCRIPTOMIC	ILLUMINA
SRX18769905	PRJNA913861	SAMN32309276	1	SRR22810192	SINGLE	cDNA	TRANSCRIPTOMIC	ILLUMINA
SRX18769906	PRJNA913861	SAMN32309275	1	SRR22810191	SINGLE	cDNA	TRANSCRIPTOMIC	ILLUMINA
SRX18769907	PRJNA913861	SAMN32309274	1	SRR22810190	SINGLE	cDNA	TRANSCRIPTOMIC	ILLUMINA
SRX18769908	PRJNA913861	SAMN32309273	1	SRR22810189	SINGLE	cDNA	TRANSCRIPTOMIC	ILLUMINA
SRX19488692	PRJNA938154	SAMN33427053	1	SRR23603882	PAIRED	cDNA	TRANSCRIPTOMIC	ILLUMINA
SRX19488693	PRJNA938154	SAMN33427052	1	SRR23603881	PAIRED	cDNA	TRANSCRIPTOMIC	ILLUMINA
SRX19488694	PRJNA938154	SAMN33427051	1	SRR23603880	PAIRED	cDNA	TRANSCRIPTOMIC	ILLUMINA
SRX19488695	PRJNA938154	SAMN33427050	1	SRR23603879	PAIRED	cDNA	TRANSCRIPTOMIC	ILLUMINA
SRX19488696	PRJNA938154	SAMN33427049	1	SRR23603878	PAIRED	cDNA	TRANSCRIPTOMIC	ILLUMINA
SRX19488697	PRJNA938154	SAMN33427048	1	SRR23603877	PAIRED	cDNA	TRANSCRIPTOMIC	ILLUMINA
SRX19488698	PRJNA938154	SAMN33427047	1	SRR23603876	PAIRED	cDNA	TRANSCRIPTOMIC	ILLUMINA
SRX19488699	PRJNA938154	SAMN33427046	1	SRR23603875	PAIRED	cDNA	TRANSCRIPTOMIC	ILLUMINA
SRX19488700	PRJNA938154	SAMN33427045	1	SRR23603874	PAIRED	cDNA	TRANSCRIPTOMIC	ILLUMINA
SRX19488701	PRJNA938154	SAMN33427044	1	SRR23603873	PAIRED	cDNA	TRANSCRIPTOMIC	ILLUMINA
SRX19488702	PRJNA938154	SAMN33427043	1	SRR23603872	PAIRED	cDNA	TRANSCRIPTOMIC	ILLUMINA
SRX19488703	PRJNA938154	SAMN33427042	1	SRR23603871	PAIRED	cDNA	TRANSCRIPTOMIC	ILLUMINA
SRX19488704	PRJNA938154	SAMN33427041	1	SRR23603870	PAIRED	cDNA	TRANSCRIPTOMIC	ILLUMINA
SRX19488705	PRJNA938154	SAMN33427040	1	SRR23603869	PAIRED	cDNA	TRANSCRIPTOMIC	ILLUMINA
SRX19488706	PRJNA938154	SAMN33427039	1	SRR23603868	PAIRED	cDNA	TRANSCRIPTOMIC	ILLUMINA
SRX19488707	PRJNA938154	SAMN33427038	1	SRR23603867	PAIRED	cDNA	TRANSCRIPTOMIC	ILLUMINA
SRX19488708	PRJNA938154	SAMN33427037	1	SRR23603866	PAIRED	cDNA	TRANSCRIPTOMIC	ILLUMINA
SRX19488709	PRJNA938154	SAMN33427036	1	SRR23603865	PAIRED	cDNA	TRANSCRIPTOMIC	ILLUMINA
SRX19488710	PRJNA938154	SAMN33427035	1	SRR23603864	PAIRED	cDNA	TRANSCRIPTOMIC	ILLUMINA
SRX19488711	PRJNA938154	SAMN33427034	1	SRR23603863	PAIRED	cDNA	TRANSCRIPTOMIC	ILLUMINA
SRX19488712	PRJNA938154	SAMN33427033	1	SRR23603862	PAIRED	cDNA	TRANSCRIPTOMIC	ILLUMINA
SRX19488713	PRJNA938154	SAMN33427032	1	SRR23603861	PAIRED	cDNA	TRANSCRIPTOMIC	ILLUMINA
SRX19488714	PRJNA938154	SAMN33427031	1	SRR23603860	PAIRED	cDNA	TRANSCRIPTOMIC	ILLUMINA
SRX19488715	PRJNA938154	SAMN33427030	1	SRR23603859	PAIRED	cDNA	TRANSCRIPTOMIC	ILLUMINA
SRX19488716	PRJNA938154	SAMN33427029	1	SRR23603858	PAIRED	cDNA	TRANSCRIPTOMIC	ILLUMINA
SRX19488717	PRJNA938154	SAMN33427028	1	SRR23603857	PAIRED	cDNA	TRANSCRIPTOMIC	ILLUMINA
SRX19488718	PRJNA938154	SAMN33427027	1	SRR23603856	PAIRED	cDNA	TRANSCRIPTOMIC	ILLUMINA
SRX19488719	PRJNA938154	SAMN33427026	1	SRR23603855	PAIRED	cDNA	TRANSCRIPTOMIC	ILLUMINA
SRX19488720	PRJNA938154	SAMN33427025	1	SRR23603854	PAIRED	cDNA	TRANSCRIPTOMIC	ILLUMINA
SRX19488721	PRJNA938154	SAMN33427024	1	SRR23603853	PAIRED	cDNA	TRANSCRIPTOMIC	ILLUMINA
SRX19488722	PRJNA938154	SAMN33427023	1	SRR23603852	PAIRED	cDNA	TRANSCRIPTOMIC	ILLUMINA
SRX19488723	PRJNA938154	SAMN33427022	1	SRR23603851	PAIRED	cDNA	TRANSCRIPTOMIC	ILLUMINA
SRX19488724	PRJNA938154	SAMN33427021	1	SRR23603850	PAIRED	cDNA	TRANSCRIPTOMIC	ILLUMINA
SRX19488725	PRJNA938154	SAMN33427020	1	SRR23603849	PAIRED	cDNA	TRANSCRIPTOMIC	ILLUMINA
SRX19488726	PRJNA938154	SAMN33427019	1	SRR23603848	PAIRED	cDNA	TRANSCRIPTOMIC	ILLUMINA
SRX19488727	PRJNA938154	SAMN33427018	1	SRR23603847	PAIRED	cDNA	TRANSCRIPTOMIC	ILLUMINA
SRX19488728	PRJNA938154	SAMN33427017	1	SRR23603846	PAIRED	cDNA	TRANSCRIPTOMIC	ILLUMINA
SRX19488729	PRJNA938154	SAMN33427016	1	SRR23603845	PAIRED	cDNA	TRANSCRIPTOMIC	ILLUMINA
SRX19488730	PRJNA938154	SAMN33427015	1	SRR23603844	PAIRED	cDNA	TRANSCRIPTOMIC	ILLUMINA
SRX19488731	PRJNA938154	SAMN33427014	1	SRR23603843	PAIRED	cDNA	TRANSCRIPTOMIC	ILLUMINA
SRX19488732	PRJNA938154	SAMN33427013	1	SRR23603842	PAIRED	cDNA	TRANSCRIPTOMIC	ILLUMINA
SRX19488733	PRJNA938154	SAMN33427012	1	SRR23603841	PAIRED	cDNA	TRANSCRIPTOMIC	ILLUMINA
SRX19488734	PRJNA938154	SAMN33427011	1	SRR23603820	PAIRED	cDNA	TRANSCRIPTOMIC	ILLUMINA
SRX19488735	PRJNA938154	SAMN33426990	1	SRR23603839	PAIRED	cDNA	TRANSCRIPTOMIC	ILLUMINA
SRX19488736	PRJNA938154	SAMN33426989	1	SRR23603838	PAIRED	cDNA	TRANSCRIPTOMIC	ILLUMINA
SRX19488737	PRJNA938154	SAMN33426988	1	SRR23603837	PAIRED	cDNA	TRANSCRIPTOMIC	ILLUMINA
SRX19488738	PRJNA938154	SAMN33426987	1	SRR23603836	PAIRED	cDNA	TRANSCRIPTOMIC	ILLUMINA
SRX19488739	PRJNA938154	SAMN33426986	1	SRR23603835	PAIRED	cDNA	TRANSCRIPTOMIC	ILLUMINA
SRX19488740	PRJNA938154	SAMN33426985	1	SRR23603834	PAIRED	cDNA	TRANSCRIPTOMIC	ILLUMINA
SRX19488741	PRJNA938154	SAMN33426984	1	SRR23603833	PAIRED	cDNA	TRANSCRIPTOMIC	ILLUMINA
SRX19488742	PRJNA938154	SAMN33426983	1	SRR23603832	PAIRED	cDNA	TRANSCRIPTOMIC	ILLUMINA
SRX19488743	PRJNA938154	SAMN33426982	1	SRR23603831	PAIRED	cDNA	TRANSCRIPTOMIC	ILLUMINA
SRX19488744	PRJNA938154	SAMN33426981	1	SRR23603830	PAIRED	cDNA	TRANSCRIPTOMIC	ILLUMINA
SRX19488745	PRJNA938154	SAMN33426980	1	SRR23603829	PAIRED	cDNA	TRANSCRIPTOMIC	ILLUMINA
SRX19488746	PRJNA938154	SAMN33426979	1	SRR23603828	PAIRED	cDNA	TRANSCRIPTOMIC	ILLUMINA
SRX19488747	PRJNA938154	SAMN33426978	1	SRR23603827	PAIRED	cDNA	TRANSCRIPTOMIC	ILLUMINA
SRX19488748	PRJNA938154	SAMN33426977	1	SRR23603826	PAIRED	cDNA	TRANSCRIPTOMIC	ILLUMINA
SRX19488749	PRJNA938154	SAMN33426976	1	SRR23603825	PAIRED	cDNA	TRANSCRIPTOMIC	ILLUMINA
SRX19488750	PRJNA938154	SAMN33426975	1	SRR23603824	PAIRED	cDNA	TRANSCRIPTOMIC	ILLUMINA
SRX19488751	PRJNA938154	SAMN33426974	1	SRR23603823	PAIRED	cDNA	TRANSCRIPTOMIC	ILLUMINA
SRX19488752	PRJNA938154	SAMN33426973	1	SRR23603822	PAIRED	cDNA	TRANSCRIPTOMIC	ILLUMINA
SRX19488753	PRJNA938154	SAMN33426972	1	SRR23603821	PAIRED	cDNA	TRANSCRIPTOMIC	ILLUMINA
SRX19488754	PRJNA938154	SAMN33426971	1	SRR23603800	PAIRED	cDNA	TRANSCRIPTOMIC	ILLUMINA
SRX19488755	PRJNA938154	SAMN33427010	1	SRR23603819	PAIRED	cDNA	TRANSCRIPTOMIC	ILLUMINA
SRX19488756	PRJNA938154	SAMN33427009	1	SRR23603818	PAIRED	cDNA	TRANSCRIPTOMIC	ILLUMINA
SRX19488757	PRJNA938154	SAMN33427008	1	SRR23603817	PAIRED	cDNA	TRANSCRIPTOMIC	ILLUMINA
SRX19488758	PRJNA938154	SAMN33427007	1	SRR23603816	PAIRED	cDNA	TRANSCRIPTOMIC	ILLUMINA
SRX19488759	PRJNA938154	SAMN33427006	1	SRR23603815	PAIRED	cDNA	TRANSCRIPTOMIC	ILLUMINA
SRX19488760	PRJNA938154	SAMN33427005	1	SRR23603814	PAIRED	cDNA	TRANSCRIPTOMIC	ILLUMINA
SRX19488761	PRJNA938154	SAMN33427004	1	SRR23603813	PAIRED	cDNA	TRANSCRIPTOMIC	ILLUMINA
SRX19488762	PRJNA938154	SAMN33427003	1	SRR23603812	PAIRED	cDNA	TRANSCRIPTOMIC	ILLUMINA
SRX19488763	PRJNA938154	SAMN33427002	1	SRR23603811	PAIRED	cDNA	TRANSCRIPTOMIC	ILLUMINA
SRX19488764	PRJNA938154	SAMN33427001	1	SRR23603810	PAIRED	cDNA	TRANSCRIPTOMIC	ILLUMINA
SRX19488765	PRJNA938154	SAMN33427000	1	SRR23603809	PAIRED	cDNA	TRANSCRIPTOMIC	ILLUMINA
SRX19488766	PRJNA938154	SAMN33426999	1	SRR23603808	PAIRED	cDNA	TRANSCRIPTOMIC	ILLUMINA
SRX19488767	PRJNA938154	SAMN33426998	1	SRR23603807	PAIRED	cDNA	TRANSCRIPTOMIC	ILLUMINA
SRX19488768	PRJNA938154	SAMN33426997	1	SRR23603806	PAIRED	cDNA	TRANSCRIPTOMIC	ILLUMINA
SRX19488769	PRJNA938154	SAMN33426996	1	SRR23603805	PAIRED	cDNA	TRANSCRIPTOMIC	ILLUMINA
SRX19488770	PRJNA938154	SAMN33426995	1	SRR23603804	PAIRED	cDNA	TRANSCRIPTOMIC	ILLUMINA
SRX19488771	PRJNA938154	SAMN33426994	1	SRR23603803	PAIRED	cDNA	TRANSCRIPTOMIC	ILLUMINA
SRX19488772	PRJNA938154	SAMN33426993	1	SRR23603802	PAIRED	cDNA	TRANSCRIPTOMIC	ILLUMINA
SRX19488773	PRJNA938154	SAMN33426992	1	SRR23603801	PAIRED	cDNA	TRANSCRIPTOMIC	ILLUMINA
SRX19488774	PRJNA938154	SAMN33426991	1	SRR23603840	PAIRED	cDNA	TRANSCRIPTOMIC	ILLUMINA
SRX19488775	PRJNA938154	SAMN33426970	1	SRR23603799	PAIRED	cDNA	TRANSCRIPTOMIC	ILLUMINA
SRX19488776	PRJNA938154	SAMN33426969	1	SRR23603798	PAIRED	cDNA	TRANSCRIPTOMIC	ILLUMINA
SRX19488777	PRJNA938154	SAMN33426968	1	SRR23603797	PAIRED	cDNA	TRANSCRIPTOMIC	ILLUMINA
SRX19488778	PRJNA938154	SAMN33426967	1	SRR23603796	PAIRED	cDNA	TRANSCRIPTOMIC	ILLUMINA
SRX19488779	PRJNA938154	SAMN33426966	1	SRR23603795	PAIRED	cDNA	TRANSCRIPTOMIC	ILLUMINA
SRX19488780	PRJNA938154	SAMN33426965	1	SRR23603794	PAIRED	cDNA	TRANSCRIPTOMIC	ILLUMINA
SRX19488781	PRJNA938154	SAMN33426964	1	SRR23603793	PAIRED	cDNA	TRANSCRIPTOMIC	ILLUMINA
SRX19488782	PRJNA938154	SAMN33426963	1	SRR23603792	PAIRED	cDNA	TRANSCRIPTOMIC	ILLUMINA
SRX19488783	PRJNA938154	SAMN33426962	1	SRR23603791	PAIRED	cDNA	TRANSCRIPTOMIC	ILLUMINA
SRX19488784	PRJNA938154	SAMN33426961	1	SRR23603790	PAIRED	cDNA	TRANSCRIPTOMIC	ILLUMINA
SRX19488785	PRJNA938154	SAMN33426960	1	SRR23603789	PAIRED	cDNA	TRANSCRIPTOMIC	ILLUMINA
SRX19488786	PRJNA938154	SAMN33426959	1	SRR23603788	PAIRED	cDNA	TRANSCRIPTOMIC	ILLUMINA
SRX19488787	PRJNA938154	SAMN33426958	1	SRR23603787	PAIRED	cDNA	TRANSCRIPTOMIC	ILLUMINA
SRX19564098	PRJNA941080	SAMN33589137	1	SRR23702457	PAIRED	cDNA	TRANSCRIPTOMIC	ILLUMINA
SRX19564099	PRJNA941080	SAMN33589138	1	SRR23702456	PAIRED	cDNA	TRANSCRIPTOMIC	ILLUMINA
SRX19564100	PRJNA941080	SAMN33589139	1	SRR23702455	PAIRED	cDNA	TRANSCRIPTOMIC	ILLUMINA
SRX19564101	PRJNA941080	SAMN33589140	1	SRR23702454	PAIRED	cDNA	TRANSCRIPTOMIC	ILLUMINA
SRX19564102	PRJNA941080	SAMN33589141	1	SRR23702453	PAIRED	cDNA	TRANSCRIPTOMIC	ILLUMINA
SRX1971986	PRJNA330832	SAMN05426770	1	SRR3946101	SINGLE	RT-PCR	TRANSCRIPTOMIC	ILLUMINA
SRX1971987	PRJNA330832	SAMN05426770	1	SRR3946102	SINGLE	RT-PCR	TRANSCRIPTOMIC	ILLUMINA
SRX1971988	PRJNA330832	SAMN05426770	1	SRR3946103	SINGLE	RT-PCR	TRANSCRIPTOMIC	ILLUMINA
SRX1971989	PRJNA330832	SAMN05426770	1	SRR3946104	SINGLE	RT-PCR	TRANSCRIPTOMIC	ILLUMINA
SRX1971990	PRJNA330832	SAMN05426770	1	SRR3946105	SINGLE	RT-PCR	TRANSCRIPTOMIC	ILLUMINA
SRX1971991	PRJNA330832	SAMN05426770	1	SRR3946106	SINGLE	RT-PCR	TRANSCRIPTOMIC	ILLUMINA
SRX1971992	PRJNA330832	SAMN05426770	1	SRR3946107	SINGLE	RT-PCR	TRANSCRIPTOMIC	ILLUMINA
SRX1971993	PRJNA330832	SAMN05426770	1	SRR3946108	SINGLE	RT-PCR	TRANSCRIPTOMIC	ILLUMINA
SRX1971994	PRJNA330832	SAMN05426770	1	SRR3946109	SINGLE	RT-PCR	TRANSCRIPTOMIC	ILLUMINA
SRX1971995	PRJNA330832	SAMN05426770	1	SRR3946110	SINGLE	RT-PCR	TRANSCRIPTOMIC	ILLUMINA
SRX1971996	PRJNA330832	SAMN05426770	1	SRR3946111	SINGLE	RT-PCR	TRANSCRIPTOMIC	ILLUMINA
SRX1971997	PRJNA330832	SAMN05426770	1	SRR3946112	SINGLE	RT-PCR	TRANSCRIPTOMIC	ILLUMINA
SRX19900042	PRJNA953054	SAMN34105237	1	SRR24099909	PAIRED	cDNA	TRANSCRIPTOMIC	ILLUMINA
SRX19900043	PRJNA953054	SAMN34105236	1	SRR24099908	PAIRED	cDNA	TRANSCRIPTOMIC	ILLUMINA
SRX19900044	PRJNA953054	SAMN34105235	1	SRR24099907	PAIRED	cDNA	TRANSCRIPTOMIC	ILLUMINA
SRX19900045	PRJNA953054	SAMN34105234	1	SRR24099906	PAIRED	cDNA	TRANSCRIPTOMIC	ILLUMINA
SRX19900046	PRJNA953054	SAMN34105233	1	SRR24099905	PAIRED	cDNA	TRANSCRIPTOMIC	ILLUMINA
SRX19900047	PRJNA953054	SAMN34105232	1	SRR24099904	PAIRED	cDNA	TRANSCRIPTOMIC	ILLUMINA
SRX19900048	PRJNA953054	SAMN34105231	1	SRR24099903	PAIRED	cDNA	TRANSCRIPTOMIC	ILLUMINA
SRX19900049	PRJNA953054	SAMN34105230	1	SRR24099902	PAIRED	cDNA	TRANSCRIPTOMIC	ILLUMINA
SRX19900050	PRJNA953054	SAMN34105229	1	SRR24099901	PAIRED	cDNA	TRANSCRIPTOMIC	ILLUMINA
SRX2026831	PRJNA339147	SAMN05580156	1	SRR4035674	SINGLE	cDNA	TRANSCRIPTOMIC	ILLUMINA
SRX2026832	PRJNA339147	SAMN05580155	1	SRR4035675	SINGLE	cDNA	TRANSCRIPTOMIC	ILLUMINA
SRX2026833	PRJNA339147	SAMN05580154	1	SRR4035676	SINGLE	cDNA	TRANSCRIPTOMIC	ILLUMINA
SRX2026834	PRJNA339147	SAMN05580166	1	SRR4035677	SINGLE	cDNA	TRANSCRIPTOMIC	ILLUMINA
SRX2026835	PRJNA339147	SAMN05580165	1	SRR4035678	SINGLE	cDNA	TRANSCRIPTOMIC	ILLUMINA
SRX2026836	PRJNA339147	SAMN05580164	1	SRR4035679	SINGLE	cDNA	TRANSCRIPTOMIC	ILLUMINA
SRX2026837	PRJNA339147	SAMN05580163	1	SRR4035680	SINGLE	cDNA	TRANSCRIPTOMIC	ILLUMINA
SRX2026838	PRJNA339147	SAMN05580162	1	SRR4035681	SINGLE	cDNA	TRANSCRIPTOMIC	ILLUMINA
SRX2026839	PRJNA339147	SAMN05580161	1	SRR4035682	SINGLE	cDNA	TRANSCRIPTOMIC	ILLUMINA
SRX20430942	PRJNA974014	SAMN35159487	1	SRR24650996	PAIRED	cDNA	TRANSCRIPTOMIC	ILLUMINA
SRX20430943	PRJNA974014	SAMN35159486	1	SRR24650995	PAIRED	cDNA	TRANSCRIPTOMIC	ILLUMINA
SRX20430944	PRJNA974014	SAMN35159485	1	SRR24650994	PAIRED	cDNA	TRANSCRIPTOMIC	ILLUMINA
SRX20430945	PRJNA974014	SAMN35159484	1	SRR24650993	PAIRED	cDNA	TRANSCRIPTOMIC	ILLUMINA
SRX20430946	PRJNA974014	SAMN35159483	1	SRR24650992	PAIRED	cDNA	TRANSCRIPTOMIC	ILLUMINA
SRX20430947	PRJNA974014	SAMN35159482	1	SRR24650991	PAIRED	cDNA	TRANSCRIPTOMIC	ILLUMINA
SRX20430948	PRJNA974014	SAMN35159481	1	SRR24650990	PAIRED	cDNA	TRANSCRIPTOMIC	ILLUMINA
SRX20430949	PRJNA974014	SAMN35159480	1	SRR24650989	PAIRED	cDNA	TRANSCRIPTOMIC	ILLUMINA
SRX20430950	PRJNA974014	SAMN35159479	1	SRR24650988	PAIRED	cDNA	TRANSCRIPTOMIC	ILLUMINA
SRX20430951	PRJNA974014	SAMN35159478	1	SRR24650987	PAIRED	cDNA	TRANSCRIPTOMIC	ILLUMINA
SRX20430952	PRJNA974014	SAMN35159477	1	SRR24650986	PAIRED	cDNA	TRANSCRIPTOMIC	ILLUMINA
SRX20430953	PRJNA974014	SAMN35159476	1	SRR24650985	PAIRED	cDNA	TRANSCRIPTOMIC	ILLUMINA
SRX20430954	PRJNA974014	SAMN35159475	1	SRR24650984	PAIRED	cDNA	TRANSCRIPTOMIC	ILLUMINA
SRX20430955	PRJNA974014	SAMN35159474	1	SRR24650983	PAIRED	cDNA	TRANSCRIPTOMIC	ILLUMINA
SRX20430956	PRJNA974014	SAMN35159473	1	SRR24650982	PAIRED	cDNA	TRANSCRIPTOMIC	ILLUMINA
SRX20430957	PRJNA974014	SAMN35159472	1	SRR24650981	PAIRED	cDNA	TRANSCRIPTOMIC	ILLUMINA
SRX20430958	PRJNA974014	SAMN35159447	1	SRR24650980	PAIRED	cDNA	TRANSCRIPTOMIC	ILLUMINA
SRX20430959	PRJNA974014	SAMN35159446	1	SRR24650979	PAIRED	cDNA	TRANSCRIPTOMIC	ILLUMINA
SRX20430960	PRJNA974014	SAMN35159445	1	SRR24650978	PAIRED	cDNA	TRANSCRIPTOMIC	ILLUMINA
SRX20430961	PRJNA974014	SAMN35159444	1	SRR24650977	PAIRED	cDNA	TRANSCRIPTOMIC	ILLUMINA
SRX20430962	PRJNA974014	SAMN35159443	1	SRR24650976	PAIRED	cDNA	TRANSCRIPTOMIC	ILLUMINA
SRX20430963	PRJNA974014	SAMN35159442	1	SRR24650975	PAIRED	cDNA	TRANSCRIPTOMIC	ILLUMINA
SRX20430964	PRJNA974014	SAMN35159441	1	SRR24650974	PAIRED	cDNA	TRANSCRIPTOMIC	ILLUMINA
SRX20430965	PRJNA974014	SAMN35159440	1	SRR24650973	PAIRED	cDNA	TRANSCRIPTOMIC	ILLUMINA
SRX20430966	PRJNA974014	SAMN35159415	1	SRR24650972	PAIRED	cDNA	TRANSCRIPTOMIC	ILLUMINA
SRX20430967	PRJNA974014	SAMN35159414	1	SRR24650971	PAIRED	cDNA	TRANSCRIPTOMIC	ILLUMINA
SRX20430968	PRJNA974014	SAMN35159413	1	SRR24650970	PAIRED	cDNA	TRANSCRIPTOMIC	ILLUMINA
SRX20430969	PRJNA974014	SAMN35159412	1	SRR24650969	PAIRED	cDNA	TRANSCRIPTOMIC	ILLUMINA
SRX20430970	PRJNA974014	SAMN35159411	1	SRR24650968	PAIRED	cDNA	TRANSCRIPTOMIC	ILLUMINA
SRX20430971	PRJNA974014	SAMN35159410	1	SRR24650967	PAIRED	cDNA	TRANSCRIPTOMIC	ILLUMINA
SRX20430972	PRJNA974014	SAMN35159409	1	SRR24650966	PAIRED	cDNA	TRANSCRIPTOMIC	ILLUMINA
SRX20430973	PRJNA974014	SAMN35159408	1	SRR24650965	PAIRED	cDNA	TRANSCRIPTOMIC	ILLUMINA
SRX20430974	PRJNA974014	SAMN35159471	1	SRR24650964	PAIRED	cDNA	TRANSCRIPTOMIC	ILLUMINA
SRX20430975	PRJNA974014	SAMN35159470	1	SRR24650963	PAIRED	cDNA	TRANSCRIPTOMIC	ILLUMINA
SRX20430976	PRJNA974014	SAMN35159469	1	SRR24650962	PAIRED	cDNA	TRANSCRIPTOMIC	ILLUMINA
SRX20430977	PRJNA974014	SAMN35159468	1	SRR24650961	PAIRED	cDNA	TRANSCRIPTOMIC	ILLUMINA
SRX20430978	PRJNA974014	SAMN35159467	1	SRR24650960	PAIRED	cDNA	TRANSCRIPTOMIC	ILLUMINA
SRX20430979	PRJNA974014	SAMN35159466	1	SRR24650959	PAIRED	cDNA	TRANSCRIPTOMIC	ILLUMINA
SRX20430980	PRJNA974014	SAMN35159465	1	SRR24650958	PAIRED	cDNA	TRANSCRIPTOMIC	ILLUMINA
SRX20430981	PRJNA974014	SAMN35159464	1	SRR24650957	PAIRED	cDNA	TRANSCRIPTOMIC	ILLUMINA
SRX20430982	PRJNA974014	SAMN35159439	1	SRR24650956	PAIRED	cDNA	TRANSCRIPTOMIC	ILLUMINA
SRX20430983	PRJNA974014	SAMN35159438	1	SRR24650955	PAIRED	cDNA	TRANSCRIPTOMIC	ILLUMINA
SRX20430984	PRJNA974014	SAMN35159437	1	SRR24650954	PAIRED	cDNA	TRANSCRIPTOMIC	ILLUMINA
SRX20430985	PRJNA974014	SAMN35159436	1	SRR24650953	PAIRED	cDNA	TRANSCRIPTOMIC	ILLUMINA
SRX20430986	PRJNA974014	SAMN35159435	1	SRR24650952	PAIRED	cDNA	TRANSCRIPTOMIC	ILLUMINA
SRX20430987	PRJNA974014	SAMN35159434	1	SRR24650951	PAIRED	cDNA	TRANSCRIPTOMIC	ILLUMINA
SRX20430988	PRJNA974014	SAMN35159433	1	SRR24650950	PAIRED	cDNA	TRANSCRIPTOMIC	ILLUMINA
SRX20430989	PRJNA974014	SAMN35159432	1	SRR24650949	PAIRED	cDNA	TRANSCRIPTOMIC	ILLUMINA
SRX20430990	PRJNA974014	SAMN35159407	1	SRR24650948	PAIRED	cDNA	TRANSCRIPTOMIC	ILLUMINA
SRX20430991	PRJNA974014	SAMN35159406	1	SRR24650947	PAIRED	cDNA	TRANSCRIPTOMIC	ILLUMINA
SRX20430992	PRJNA974014	SAMN35159405	1	SRR24650946	PAIRED	cDNA	TRANSCRIPTOMIC	ILLUMINA
SRX20430993	PRJNA974014	SAMN35159404	1	SRR24650945	PAIRED	cDNA	TRANSCRIPTOMIC	ILLUMINA
SRX20430994	PRJNA974014	SAMN35159403	1	SRR24650944	PAIRED	cDNA	TRANSCRIPTOMIC	ILLUMINA
SRX20430995	PRJNA974014	SAMN35159402	1	SRR24650943	PAIRED	cDNA	TRANSCRIPTOMIC	ILLUMINA
SRX20430996	PRJNA974014	SAMN35159401	1	SRR24650942	PAIRED	cDNA	TRANSCRIPTOMIC	ILLUMINA
SRX20430997	PRJNA974014	SAMN35159400	1	SRR24650941	PAIRED	cDNA	TRANSCRIPTOMIC	ILLUMINA
SRX20430998	PRJNA974014	SAMN35159463	1	SRR24650940	SINGLE	cDNA	TRANSCRIPTOMIC	ILLUMINA
SRX20430999	PRJNA974014	SAMN35159462	1	SRR24650939	PAIRED	cDNA	TRANSCRIPTOMIC	ILLUMINA
SRX20431000	PRJNA974014	SAMN35159461	1	SRR24650938	PAIRED	cDNA	TRANSCRIPTOMIC	ILLUMINA
SRX20431001	PRJNA974014	SAMN35159460	1	SRR24650937	PAIRED	cDNA	TRANSCRIPTOMIC	ILLUMINA
SRX20431002	PRJNA974014	SAMN35159459	1	SRR24650936	PAIRED	cDNA	TRANSCRIPTOMIC	ILLUMINA
SRX20431003	PRJNA974014	SAMN35159458	1	SRR24650935	PAIRED	cDNA	TRANSCRIPTOMIC	ILLUMINA
SRX20431004	PRJNA974014	SAMN35159457	1	SRR24650934	PAIRED	cDNA	TRANSCRIPTOMIC	ILLUMINA
SRX20431005	PRJNA974014	SAMN35159456	1	SRR24650933	PAIRED	cDNA	TRANSCRIPTOMIC	ILLUMINA
SRX20431006	PRJNA974014	SAMN35159431	1	SRR24650932	PAIRED	cDNA	TRANSCRIPTOMIC	ILLUMINA
SRX20431007	PRJNA974014	SAMN35159430	1	SRR24650931	PAIRED	cDNA	TRANSCRIPTOMIC	ILLUMINA
SRX20431008	PRJNA974014	SAMN35159429	1	SRR24650930	PAIRED	cDNA	TRANSCRIPTOMIC	ILLUMINA
SRX20431009	PRJNA974014	SAMN35159428	1	SRR24650929	PAIRED	cDNA	TRANSCRIPTOMIC	ILLUMINA
SRX20431010	PRJNA974014	SAMN35159427	1	SRR24650928	PAIRED	cDNA	TRANSCRIPTOMIC	ILLUMINA
SRX20431011	PRJNA974014	SAMN35159426	1	SRR24650927	PAIRED	cDNA	TRANSCRIPTOMIC	ILLUMINA
SRX20431012	PRJNA974014	SAMN35159425	1	SRR24650926	PAIRED	cDNA	TRANSCRIPTOMIC	ILLUMINA
SRX20431013	PRJNA974014	SAMN35159424	1	SRR24650925	PAIRED	cDNA	TRANSCRIPTOMIC	ILLUMINA
SRX20431014	PRJNA974014	SAMN35159399	1	SRR24650924	PAIRED	cDNA	TRANSCRIPTOMIC	ILLUMINA
SRX20431015	PRJNA974014	SAMN35159398	1	SRR24650923	PAIRED	cDNA	TRANSCRIPTOMIC	ILLUMINA
SRX20431016	PRJNA974014	SAMN35159397	1	SRR24650922	PAIRED	cDNA	TRANSCRIPTOMIC	ILLUMINA
SRX20431017	PRJNA974014	SAMN35159396	1	SRR24650921	PAIRED	cDNA	TRANSCRIPTOMIC	ILLUMINA
SRX20431018	PRJNA974014	SAMN35159395	1	SRR24650920	PAIRED	cDNA	TRANSCRIPTOMIC	ILLUMINA
SRX20431019	PRJNA974014	SAMN35159394	1	SRR24650919	PAIRED	cDNA	TRANSCRIPTOMIC	ILLUMINA
SRX20431020	PRJNA974014	SAMN35159393	1	SRR24650918	PAIRED	cDNA	TRANSCRIPTOMIC	ILLUMINA
SRX20431021	PRJNA974014	SAMN35159455	1	SRR24650917	PAIRED	cDNA	TRANSCRIPTOMIC	ILLUMINA
SRX20431022	PRJNA974014	SAMN35159454	1	SRR24650916	PAIRED	cDNA	TRANSCRIPTOMIC	ILLUMINA
SRX20431023	PRJNA974014	SAMN35159453	1	SRR24650915	PAIRED	cDNA	TRANSCRIPTOMIC	ILLUMINA
SRX20431024	PRJNA974014	SAMN35159452	1	SRR24650914	PAIRED	cDNA	TRANSCRIPTOMIC	ILLUMINA
SRX20431025	PRJNA974014	SAMN35159451	1	SRR24650913	PAIRED	cDNA	TRANSCRIPTOMIC	ILLUMINA
SRX20431026	PRJNA974014	SAMN35159450	1	SRR24650912	PAIRED	cDNA	TRANSCRIPTOMIC	ILLUMINA
SRX20431027	PRJNA974014	SAMN35159449	1	SRR24650911	PAIRED	cDNA	TRANSCRIPTOMIC	ILLUMINA
SRX20431028	PRJNA974014	SAMN35159448	1	SRR24650910	PAIRED	cDNA	TRANSCRIPTOMIC	ILLUMINA
SRX20431029	PRJNA974014	SAMN35159423	1	SRR24651004	PAIRED	cDNA	TRANSCRIPTOMIC	ILLUMINA
SRX20431030	PRJNA974014	SAMN35159422	1	SRR24651003	PAIRED	cDNA	TRANSCRIPTOMIC	ILLUMINA
SRX20431031	PRJNA974014	SAMN35159421	1	SRR24651002	PAIRED	cDNA	TRANSCRIPTOMIC	ILLUMINA
SRX20431032	PRJNA974014	SAMN35159420	1	SRR24651001	PAIRED	cDNA	TRANSCRIPTOMIC	ILLUMINA
SRX20431033	PRJNA974014	SAMN35159419	1	SRR24651000	PAIRED	cDNA	TRANSCRIPTOMIC	ILLUMINA
SRX20431034	PRJNA974014	SAMN35159418	1	SRR24650999	PAIRED	cDNA	TRANSCRIPTOMIC	ILLUMINA
SRX20431035	PRJNA974014	SAMN35159417	1	SRR24650998	PAIRED	cDNA	TRANSCRIPTOMIC	ILLUMINA
SRX20431036	PRJNA974014	SAMN35159416	1	SRR24650997	PAIRED	cDNA	TRANSCRIPTOMIC	ILLUMINA
SRX20932345	PRJNA992436	SAMN36352946	1	SRR25184721	PAIRED	Oligo-dT	TRANSCRIPTOMIC	ILLUMINA
SRX20932346	PRJNA992436	SAMN36352946	1	SRR25184720	PAIRED	Oligo-dT	TRANSCRIPTOMIC	ILLUMINA
SRX20932347	PRJNA992436	SAMN36352946	1	SRR25184719	PAIRED	Oligo-dT	TRANSCRIPTOMIC	ILLUMINA
SRX20932348	PRJNA992436	SAMN36352946	1	SRR25184718	PAIRED	Oligo-dT	TRANSCRIPTOMIC	ILLUMINA
SRX20932349	PRJNA992436	SAMN36352946	1	SRR25184717	PAIRED	Oligo-dT	TRANSCRIPTOMIC	ILLUMINA
SRX20932350	PRJNA992436	SAMN36352946	1	SRR25184716	PAIRED	Oligo-dT	TRANSCRIPTOMIC	ILLUMINA
SRX23955083	PRJNA1088164	SAMN40463195	1	SRR28349063	PAIRED	PCR	TRANSCRIPTOMIC	ILLUMINA
SRX23955084	PRJNA1088164	SAMN40463196	1	SRR28349062	PAIRED	PCR	TRANSCRIPTOMIC	ILLUMINA
SRX23955085	PRJNA1088164	SAMN40463205	1	SRR28349061	PAIRED	PCR	TRANSCRIPTOMIC	ILLUMINA
SRX23955086	PRJNA1088164	SAMN40463206	1	SRR28349060	PAIRED	PCR	TRANSCRIPTOMIC	ILLUMINA
SRX23955087	PRJNA1088164	SAMN40463207	1	SRR28349059	PAIRED	PCR	TRANSCRIPTOMIC	ILLUMINA
SRX23955088	PRJNA1088164	SAMN40463208	1	SRR28349058	PAIRED	PCR	TRANSCRIPTOMIC	ILLUMINA
SRX23955089	PRJNA1088164	SAMN40463209	1	SRR28349057	PAIRED	PCR	TRANSCRIPTOMIC	ILLUMINA
SRX23955090	PRJNA1088164	SAMN40463210	1	SRR28349056	PAIRED	PCR	TRANSCRIPTOMIC	ILLUMINA
SRX23955091	PRJNA1088164	SAMN40463197	1	SRR28349055	PAIRED	PCR	TRANSCRIPTOMIC	ILLUMINA
SRX23955092	PRJNA1088164	SAMN40463198	1	SRR28349054	PAIRED	PCR	TRANSCRIPTOMIC	ILLUMINA
SRX23955093	PRJNA1088164	SAMN40463199	1	SRR28349053	PAIRED	PCR	TRANSCRIPTOMIC	ILLUMINA
SRX23955094	PRJNA1088164	SAMN40463200	1	SRR28349052	PAIRED	PCR	TRANSCRIPTOMIC	ILLUMINA
SRX23955095	PRJNA1088164	SAMN40463201	1	SRR28349051	PAIRED	PCR	TRANSCRIPTOMIC	ILLUMINA
SRX23955096	PRJNA1088164	SAMN40463202	1	SRR28349050	PAIRED	PCR	TRANSCRIPTOMIC	ILLUMINA
SRX23955097	PRJNA1088164	SAMN40463203	1	SRR28349049	PAIRED	PCR	TRANSCRIPTOMIC	ILLUMINA
SRX23955098	PRJNA1088164	SAMN40463204	1	SRR28349048	PAIRED	PCR	TRANSCRIPTOMIC	ILLUMINA
SRX24017561	PRJNA1090557	SAMN40570596	1	SRR28413171	PAIRED	PCR	TRANSCRIPTOMIC	ILLUMINA
SRX24017562	PRJNA1090557	SAMN40570597	1	SRR28413170	PAIRED	PCR	TRANSCRIPTOMIC	ILLUMINA
SRX24954103	PRJNA1123849	SAMN41829155	1	SRR29441701	PAIRED	PCR	TRANSCRIPTOMIC	ILLUMINA
SRX24954104	PRJNA1123849	SAMN41829156	1	SRR29441700	PAIRED	PCR	TRANSCRIPTOMIC	ILLUMINA
SRX24954105	PRJNA1123849	SAMN41829165	1	SRR29441699	PAIRED	PCR	TRANSCRIPTOMIC	ILLUMINA
SRX24954106	PRJNA1123849	SAMN41829166	1	SRR29441698	PAIRED	PCR	TRANSCRIPTOMIC	ILLUMINA
SRX24954107	PRJNA1123849	SAMN41829157	1	SRR29441697	PAIRED	PCR	TRANSCRIPTOMIC	ILLUMINA
SRX24954108	PRJNA1123849	SAMN41829158	1	SRR29441696	PAIRED	PCR	TRANSCRIPTOMIC	ILLUMINA
SRX24954109	PRJNA1123849	SAMN41829159	1	SRR29441695	PAIRED	PCR	TRANSCRIPTOMIC	ILLUMINA
SRX24954110	PRJNA1123849	SAMN41829160	1	SRR29441694	PAIRED	PCR	TRANSCRIPTOMIC	ILLUMINA
SRX24954111	PRJNA1123849	SAMN41829161	1	SRR29441693	PAIRED	PCR	TRANSCRIPTOMIC	ILLUMINA
SRX24954112	PRJNA1123849	SAMN41829162	1	SRR29441692	PAIRED	PCR	TRANSCRIPTOMIC	ILLUMINA
SRX24954113	PRJNA1123849	SAMN41829163	1	SRR29441691	PAIRED	PCR	TRANSCRIPTOMIC	ILLUMINA
SRX24954114	PRJNA1123849	SAMN41829164	1	SRR29441690	PAIRED	PCR	TRANSCRIPTOMIC	ILLUMINA
SRX25176376	PRJNA1130622	SAMN42212532	1	SRR29672939	PAIRED	cDNA_oligo_dT	TRANSCRIPTOMIC	ILLUMINA
SRX25176378	PRJNA1130622	SAMN42212542	1	SRR29672934	PAIRED	cDNA_oligo_dT	TRANSCRIPTOMIC	ILLUMINA
SRX25176381	PRJNA1130622	SAMN42212545	1	SRR29672932	PAIRED	cDNA_oligo_dT	TRANSCRIPTOMIC	ILLUMINA
SRX25176382	PRJNA1130622	SAMN42212546	1	SRR29672936	PAIRED	cDNA_oligo_dT	TRANSCRIPTOMIC	ILLUMINA
SRX25176383	PRJNA1130622	SAMN42212547	1	SRR29672931	PAIRED	cDNA_oligo_dT	TRANSCRIPTOMIC	ILLUMINA
SRX25176385	PRJNA1130622	SAMN42212549	1	SRR29672930	PAIRED	cDNA_oligo_dT	TRANSCRIPTOMIC	ILLUMINA
SRX25176386	PRJNA1130622	SAMN42212551	1	SRR29672927	PAIRED	cDNA_oligo_dT	TRANSCRIPTOMIC	ILLUMINA
SRX25176387	PRJNA1130622	SAMN42212550	1	SRR29672926	PAIRED	cDNA_oligo_dT	TRANSCRIPTOMIC	ILLUMINA
SRX25176389	PRJNA1130622	SAMN42212552	1	SRR29672928	PAIRED	cDNA_oligo_dT	TRANSCRIPTOMIC	ILLUMINA
SRX25176390	PRJNA1130622	SAMN42212553	1	SRR29672924	PAIRED	cDNA_oligo_dT	TRANSCRIPTOMIC	ILLUMINA
SRX25176391	PRJNA1130622	SAMN42212554	1	SRR29672929	PAIRED	cDNA_oligo_dT	TRANSCRIPTOMIC	ILLUMINA
SRX25176394	PRJNA1130622	SAMN42212557	1	SRR29672921	PAIRED	cDNA_oligo_dT	TRANSCRIPTOMIC	ILLUMINA
SRX25176402	PRJNA1130622	SAMN42212540	1	SRR29672913	PAIRED	cDNA_oligo_dT	TRANSCRIPTOMIC	ILLUMINA
SRX25176403	PRJNA1130622	SAMN42212541	1	SRR29672912	PAIRED	cDNA_oligo_dT	TRANSCRIPTOMIC	ILLUMINA
SRX2600494	PRJNA355213	SAMN06074320	1	SRR5298325	SINGLE	cDNA	TRANSCRIPTOMIC	ILLUMINA
SRX2654728	PRJNA378939	SAMN06563821	1	SRR5358888	PAIRED	unspecified	TRANSCRIPTOMIC	ILLUMINA
SRX2654730	PRJNA378939	SAMN06563820	1	SRR5358890	PAIRED	unspecified	TRANSCRIPTOMIC	ILLUMINA
SRX2701774	PRJNA378247	SAMN06481670	1	SRR5409489	PAIRED	size fractionation	TRANSCRIPTOMIC	ILLUMINA
SRX2701775	PRJNA378247	SAMN06481669	1	SRR5409490	PAIRED	size fractionation	TRANSCRIPTOMIC	ILLUMINA
SRX2701776	PRJNA378247	SAMN06481668	1	SRR5409491	PAIRED	size fractionation	TRANSCRIPTOMIC	ILLUMINA
SRX2701777	PRJNA378247	SAMN06481667	1	SRR5409492	PAIRED	size fractionation	TRANSCRIPTOMIC	ILLUMINA
SRX28445669	PRJNA1252143	SAMN48037654	1	SRR33198168	PAIRED	cDNA	TRANSCRIPTOMIC	ILLUMINA
SRX28445670	PRJNA1252143	SAMN48037653	1	SRR33198167	PAIRED	cDNA	TRANSCRIPTOMIC	ILLUMINA
SRX28445671	PRJNA1252143	SAMN48037652	1	SRR33198166	PAIRED	cDNA	TRANSCRIPTOMIC	ILLUMINA
SRX28445672	PRJNA1252143	SAMN48037651	1	SRR33198165	PAIRED	cDNA	TRANSCRIPTOMIC	ILLUMINA
SRX28445673	PRJNA1252143	SAMN48037650	1	SRR33198164	PAIRED	cDNA	TRANSCRIPTOMIC	ILLUMINA
SRX28445674	PRJNA1252143	SAMN48037649	1	SRR33198163	PAIRED	cDNA	TRANSCRIPTOMIC	ILLUMINA
SRX28445675	PRJNA1252143	SAMN48037648	1	SRR33198162	PAIRED	cDNA	TRANSCRIPTOMIC	ILLUMINA
SRX28445676	PRJNA1252143	SAMN48037647	1	SRR33198161	PAIRED	cDNA	TRANSCRIPTOMIC	ILLUMINA
SRX28445677	PRJNA1252143	SAMN48037646	1	SRR33198160	PAIRED	cDNA	TRANSCRIPTOMIC	ILLUMINA
SRX28445678	PRJNA1252143	SAMN48037645	1	SRR33198158	PAIRED	cDNA	TRANSCRIPTOMIC	ILLUMINA
SRX28445679	PRJNA1252143	SAMN48037644	1	SRR33198157	PAIRED	cDNA	TRANSCRIPTOMIC	ILLUMINA
SRX28445680	PRJNA1252143	SAMN48037643	1	SRR33198156	PAIRED	cDNA	TRANSCRIPTOMIC	ILLUMINA
SRX28445681	PRJNA1252143	SAMN48037642	1	SRR33198159	PAIRED	cDNA	TRANSCRIPTOMIC	ILLUMINA
SRX28445682	PRJNA1252143	SAMN48037641	1	SRR33198155	PAIRED	cDNA	TRANSCRIPTOMIC	ILLUMINA
SRX28445683	PRJNA1252143	SAMN48037640	1	SRR33198154	PAIRED	cDNA	TRANSCRIPTOMIC	ILLUMINA
SRX28445684	PRJNA1252143	SAMN48037639	1	SRR33198153	PAIRED	cDNA	TRANSCRIPTOMIC	ILLUMINA
SRX28445685	PRJNA1252143	SAMN48037638	1	SRR33198152	PAIRED	cDNA	TRANSCRIPTOMIC	ILLUMINA
SRX28445686	PRJNA1252143	SAMN48037637	1	SRR33198151	PAIRED	cDNA	TRANSCRIPTOMIC	ILLUMINA
SRX28553883	PRJNA1254963	SAMN48140396	1	SRR33309127	PAIRED	cDNA	TRANSCRIPTOMIC	ILLUMINA
SRX28553884	PRJNA1254963	SAMN48140395	1	SRR33309126	PAIRED	cDNA	TRANSCRIPTOMIC	ILLUMINA
SRX28553885	PRJNA1254963	SAMN48140394	1	SRR33309125	PAIRED	cDNA	TRANSCRIPTOMIC	ILLUMINA
SRX28553886	PRJNA1254963	SAMN48140393	1	SRR33309124	PAIRED	cDNA	TRANSCRIPTOMIC	ILLUMINA
SRX28553887	PRJNA1254963	SAMN48140392	1	SRR33309122	PAIRED	cDNA	TRANSCRIPTOMIC	ILLUMINA
SRX28553888	PRJNA1254963	SAMN48140391	1	SRR33309121	PAIRED	cDNA	TRANSCRIPTOMIC	ILLUMINA
SRX28553889	PRJNA1254963	SAMN48140390	1	SRR33309120	PAIRED	cDNA	TRANSCRIPTOMIC	ILLUMINA
SRX28553890	PRJNA1254963	SAMN48140389	1	SRR33309123	PAIRED	cDNA	TRANSCRIPTOMIC	ILLUMINA
SRX28553891	PRJNA1254963	SAMN48140388	1	SRR33309119	PAIRED	cDNA	TRANSCRIPTOMIC	ILLUMINA
SRX28553892	PRJNA1254963	SAMN48140387	1	SRR33309118	PAIRED	cDNA	TRANSCRIPTOMIC	ILLUMINA
SRX28553893	PRJNA1254963	SAMN48140386	1	SRR33309117	PAIRED	cDNA	TRANSCRIPTOMIC	ILLUMINA
SRX28553894	PRJNA1254963	SAMN48140385	1	SRR33309116	PAIRED	cDNA	TRANSCRIPTOMIC	ILLUMINA
SRX28553895	PRJNA1254963	SAMN48140384	1	SRR33309114	PAIRED	cDNA	TRANSCRIPTOMIC	ILLUMINA
SRX28553896	PRJNA1254963	SAMN48140383	1	SRR33309113	PAIRED	cDNA	TRANSCRIPTOMIC	ILLUMINA
SRX28553897	PRJNA1254963	SAMN48140382	1	SRR33309112	PAIRED	cDNA	TRANSCRIPTOMIC	ILLUMINA
SRX28553898	PRJNA1254963	SAMN48140381	1	SRR33309115	PAIRED	cDNA	TRANSCRIPTOMIC	ILLUMINA
SRX28553899	PRJNA1254963	SAMN48140380	1	SRR33309111	PAIRED	cDNA	TRANSCRIPTOMIC	ILLUMINA
SRX28553900	PRJNA1254963	SAMN48140379	1	SRR33309110	PAIRED	cDNA	TRANSCRIPTOMIC	ILLUMINA
SRX28553901	PRJNA1254963	SAMN48140378	1	SRR33309109	PAIRED	cDNA	TRANSCRIPTOMIC	ILLUMINA
SRX28553902	PRJNA1254963	SAMN48140377	1	SRR33309108	PAIRED	cDNA	TRANSCRIPTOMIC	ILLUMINA
SRX28553903	PRJNA1254963	SAMN48140376	1	SRR33309106	PAIRED	cDNA	TRANSCRIPTOMIC	ILLUMINA
SRX28553904	PRJNA1254963	SAMN48140375	1	SRR33309105	PAIRED	cDNA	TRANSCRIPTOMIC	ILLUMINA
SRX28553905	PRJNA1254963	SAMN48140374	1	SRR33309104	PAIRED	cDNA	TRANSCRIPTOMIC	ILLUMINA
SRX28553906	PRJNA1254963	SAMN48140373	1	SRR33309107	PAIRED	cDNA	TRANSCRIPTOMIC	ILLUMINA
SRX28553907	PRJNA1254963	SAMN48140372	1	SRR33309103	PAIRED	cDNA	TRANSCRIPTOMIC	ILLUMINA
SRX28553908	PRJNA1254963	SAMN48140371	1	SRR33309102	PAIRED	cDNA	TRANSCRIPTOMIC	ILLUMINA
SRX28553909	PRJNA1254963	SAMN48140370	1	SRR33309101	PAIRED	cDNA	TRANSCRIPTOMIC	ILLUMINA
SRX28553910	PRJNA1254963	SAMN48140369	1	SRR33309100	PAIRED	cDNA	TRANSCRIPTOMIC	ILLUMINA
SRX28553911	PRJNA1254963	SAMN48140368	1	SRR33309099	PAIRED	cDNA	TRANSCRIPTOMIC	ILLUMINA
SRX28553912	PRJNA1254963	SAMN48140367	1	SRR33309098	PAIRED	cDNA	TRANSCRIPTOMIC	ILLUMINA
SRX28553913	PRJNA1254963	SAMN48140366	1	SRR33309097	PAIRED	cDNA	TRANSCRIPTOMIC	ILLUMINA
SRX28553914	PRJNA1254963	SAMN48140365	1	SRR33309096	PAIRED	cDNA	TRANSCRIPTOMIC	ILLUMINA
SRX28553915	PRJNA1254963	SAMN48140364	1	SRR33309095	PAIRED	cDNA	TRANSCRIPTOMIC	ILLUMINA
SRX2991083	PRJNA393479	SAMN07334547	1	SRR5812564	PAIRED	cDNA	TRANSCRIPTOMIC	ILLUMINA
SRX2991084	PRJNA393479	SAMN07334560	1	SRR5812565	PAIRED	cDNA	TRANSCRIPTOMIC	ILLUMINA
SRX2991085	PRJNA393479	SAMN07334559	1	SRR5812566	PAIRED	cDNA	TRANSCRIPTOMIC	ILLUMINA
SRX2991086	PRJNA393479	SAMN07334558	1	SRR5812567	PAIRED	cDNA	TRANSCRIPTOMIC	ILLUMINA
SRX2991087	PRJNA393479	SAMN07334557	1	SRR5812568	PAIRED	cDNA	TRANSCRIPTOMIC	ILLUMINA
SRX2991088	PRJNA393479	SAMN07334556	1	SRR5812569	PAIRED	cDNA	TRANSCRIPTOMIC	ILLUMINA
SRX2991089	PRJNA393479	SAMN07334555	2	SRR5812570;SRR5812571	PAIRED	cDNA	TRANSCRIPTOMIC	ILLUMINA
SRX2991090	PRJNA393479	SAMN07334554	2	SRR5812572;SRR5812573	PAIRED	cDNA	TRANSCRIPTOMIC	ILLUMINA
SRX2991091	PRJNA393479	SAMN07334553	2	SRR5812574;SRR5812575	PAIRED	cDNA	TRANSCRIPTOMIC	ILLUMINA
SRX2991092	PRJNA393479	SAMN07334552	2	SRR5812576;SRR5812577	PAIRED	cDNA	TRANSCRIPTOMIC	ILLUMINA
SRX2991093	PRJNA393479	SAMN07334551	2	SRR5812578;SRR5812579	PAIRED	cDNA	TRANSCRIPTOMIC	ILLUMINA
SRX2991094	PRJNA393479	SAMN07334550	2	SRR5812580;SRR5812581	PAIRED	cDNA	TRANSCRIPTOMIC	ILLUMINA
SRX30705850	PRJNA1335855	SAMN52025840	1	SRR35653654	PAIRED	cDNA	TRANSCRIPTOMIC	ILLUMINA
SRX30705851	PRJNA1335855	SAMN52025840	1	SRR35653653	PAIRED	cDNA	TRANSCRIPTOMIC	ILLUMINA
SRX30705852	PRJNA1335855	SAMN52025840	1	SRR35653652	PAIRED	cDNA	TRANSCRIPTOMIC	ILLUMINA
SRX30705853	PRJNA1335855	SAMN52025841	1	SRR35653651	PAIRED	cDNA	TRANSCRIPTOMIC	ILLUMINA
SRX30705854	PRJNA1335855	SAMN52025841	1	SRR35653650	PAIRED	cDNA	TRANSCRIPTOMIC	ILLUMINA
SRX30705855	PRJNA1335855	SAMN52025841	1	SRR35653649	PAIRED	cDNA	TRANSCRIPTOMIC	ILLUMINA
SRX30705856	PRJNA1335855	SAMN52025842	1	SRR35653648	PAIRED	cDNA	TRANSCRIPTOMIC	ILLUMINA
SRX30705857	PRJNA1335855	SAMN52025842	1	SRR35653647	PAIRED	cDNA	TRANSCRIPTOMIC	ILLUMINA
SRX30705858	PRJNA1335855	SAMN52025842	1	SRR35653646	PAIRED	cDNA	TRANSCRIPTOMIC	ILLUMINA
SRX31258993	PRJNA1363687	SAMN53215350	1	SRR36222942	PAIRED	RANDOM	TRANSCRIPTOMIC	ILLUMINA
SRX31258994	PRJNA1363687	SAMN53215351	1	SRR36222941	PAIRED	RANDOM	TRANSCRIPTOMIC	ILLUMINA
SRX31258995	PRJNA1363687	SAMN53215352	1	SRR36222940	PAIRED	RANDOM	TRANSCRIPTOMIC	ILLUMINA
SRX31258996	PRJNA1363687	SAMN53215353	1	SRR36222939	PAIRED	RANDOM	TRANSCRIPTOMIC	ILLUMINA
SRX31258997	PRJNA1363687	SAMN53215354	1	SRR36222938	PAIRED	RANDOM	TRANSCRIPTOMIC	ILLUMINA
SRX31258998	PRJNA1363687	SAMN53215355	1	SRR36222937	PAIRED	RANDOM	TRANSCRIPTOMIC	ILLUMINA
SRX31258999	PRJNA1363687	SAMN53215356	1	SRR36222936	PAIRED	RANDOM	TRANSCRIPTOMIC	ILLUMINA
SRX31259000	PRJNA1363687	SAMN53215357	1	SRR36222935	PAIRED	RANDOM	TRANSCRIPTOMIC	ILLUMINA
SRX31674375	PRJNA1397464	SAMN54431541	1	SRR36663601	PAIRED	cDNA	TRANSCRIPTOMIC	ILLUMINA
SRX31674376	PRJNA1397464	SAMN54431542	1	SRR36663600	PAIRED	cDNA	TRANSCRIPTOMIC	ILLUMINA
SRX31674377	PRJNA1397464	SAMN54431543	1	SRR36663599	PAIRED	cDNA	TRANSCRIPTOMIC	ILLUMINA
SRX31674378	PRJNA1397464	SAMN54431544	1	SRR36663598	PAIRED	cDNA	TRANSCRIPTOMIC	ILLUMINA
SRX31674379	PRJNA1397464	SAMN54431545	1	SRR36663597	PAIRED	cDNA	TRANSCRIPTOMIC	ILLUMINA
SRX31674380	PRJNA1397464	SAMN54431546	1	SRR36663596	PAIRED	cDNA	TRANSCRIPTOMIC	ILLUMINA
SRX31707194	PRJNA1399147	SAMN54474212	1	SRR36699394	PAIRED	PolyA	TRANSCRIPTOMIC	ILLUMINA
SRX31707195	PRJNA1399147	SAMN54474213	1	SRR36699393	PAIRED	PolyA	TRANSCRIPTOMIC	ILLUMINA
SRX31707196	PRJNA1399147	SAMN54474214	1	SRR36699392	PAIRED	PolyA	TRANSCRIPTOMIC	ILLUMINA
SRX31707197	PRJNA1399147	SAMN54474209	1	SRR36699391	PAIRED	PolyA	TRANSCRIPTOMIC	ILLUMINA
SRX31707198	PRJNA1399147	SAMN54474210	1	SRR36699390	PAIRED	PolyA	TRANSCRIPTOMIC	ILLUMINA
SRX31707199	PRJNA1399147	SAMN54474211	1	SRR36699389	PAIRED	PolyA	TRANSCRIPTOMIC	ILLUMINA
SRX33099499	PRJNA1282762	SAMN49662869	1	SRR38262921	SINGLE	Oligo-dT	TRANSCRIPTOMIC	ILLUMINA
SRX33099500	PRJNA1282762	SAMN49662871	1	SRR38262920	SINGLE	Oligo-dT	TRANSCRIPTOMIC	ILLUMINA
SRX33099501	PRJNA1282762	SAMN49662885	1	SRR38262919	SINGLE	Oligo-dT	TRANSCRIPTOMIC	ILLUMINA
SRX33099502	PRJNA1282762	SAMN49662886	1	SRR38262918	SINGLE	Oligo-dT	TRANSCRIPTOMIC	ILLUMINA
SRX33099713	PRJNA1282762	SAMN57466944	1	SRR38263132	SINGLE	PolyA	TRANSCRIPTOMIC	ILLUMINA
SRX3340585	PRJNA319417	SAMN04887243	1	SRR6232157	PAIRED	PolyA	TRANSCRIPTOMIC	ILLUMINA
SRX3340727	PRJNA319417	SAMN04887242	1	SRR6232300	PAIRED	PolyA	TRANSCRIPTOMIC	ILLUMINA
SRX34192514	PRJNA1489724	SAMN61409207	1	SRR39497724	PAIRED	PolyA	TRANSCRIPTOMIC	ILLUMINA
SRX34192515	PRJNA1489724	SAMN61409209	1	SRR39497723	PAIRED	PolyA	TRANSCRIPTOMIC	ILLUMINA
SRX34192516	PRJNA1489724	SAMN61409210	1	SRR39497722	PAIRED	PolyA	TRANSCRIPTOMIC	ILLUMINA
SRX34194508	PRJNA1489724	SAMN61409211	1	SRR39499719	PAIRED	PolyA	TRANSCRIPTOMIC	ILLUMINA
SRX34194509	PRJNA1489724	SAMN61409212	1	SRR39499718	PAIRED	PolyA	TRANSCRIPTOMIC	ILLUMINA
SRX34194510	PRJNA1489724	SAMN61409213	1	SRR39499717	PAIRED	PolyA	TRANSCRIPTOMIC	ILLUMINA
SRX34194511	PRJNA1489724	SAMN61409214	1	SRR39499716	PAIRED	PolyA	TRANSCRIPTOMIC	ILLUMINA
SRX34197917	PRJNA1489724	SAMN61409215	1	SRR39503244	PAIRED	PolyA	TRANSCRIPTOMIC	ILLUMINA
SRX34197918	PRJNA1489724	SAMN61409216	1	SRR39503243	PAIRED	PolyA	TRANSCRIPTOMIC	ILLUMINA
SRX34197919	PRJNA1489724	SAMN61409217	1	SRR39503242	PAIRED	PolyA	TRANSCRIPTOMIC	ILLUMINA
SRX34197920	PRJNA1489724	SAMN61409218	1	SRR39503241	PAIRED	PolyA	TRANSCRIPTOMIC	ILLUMINA
SRX34199675	PRJNA1489724	SAMN61409219	1	SRR39505010	PAIRED	PolyA	TRANSCRIPTOMIC	ILLUMINA
SRX34199676	PRJNA1489724	SAMN61409220	1	SRR39505009	PAIRED	PolyA	TRANSCRIPTOMIC	ILLUMINA
SRX34199677	PRJNA1489724	SAMN61409221	1	SRR39505008	PAIRED	PolyA	TRANSCRIPTOMIC	ILLUMINA
SRX34199678	PRJNA1489724	SAMN61409222	1	SRR39505007	PAIRED	PolyA	TRANSCRIPTOMIC	ILLUMINA
SRX34201579	PRJNA1489724	SAMN61409223	1	SRR39506915	PAIRED	PolyA	TRANSCRIPTOMIC	ILLUMINA
SRX34201580	PRJNA1489724	SAMN61409224	1	SRR39506914	PAIRED	PolyA	TRANSCRIPTOMIC	ILLUMINA
SRX34201581	PRJNA1489724	SAMN61409225	1	SRR39506913	PAIRED	PolyA	TRANSCRIPTOMIC	ILLUMINA
SRX34201582	PRJNA1489724	SAMN61409226	1	SRR39506912	PAIRED	PolyA	TRANSCRIPTOMIC	ILLUMINA
SRX34203862	PRJNA1489724	SAMN61409227	1	SRR39511193	PAIRED	PolyA	TRANSCRIPTOMIC	ILLUMINA
SRX34203863	PRJNA1489724	SAMN61409228	1	SRR39511192	PAIRED	PolyA	TRANSCRIPTOMIC	ILLUMINA
SRX34203864	PRJNA1489724	SAMN61409229	1	SRR39511191	PAIRED	PolyA	TRANSCRIPTOMIC	ILLUMINA
SRX34203865	PRJNA1489724	SAMN61409230	1	SRR39511190	PAIRED	PolyA	TRANSCRIPTOMIC	ILLUMINA
SRX34250714	PRJNA1492564	SAMN61510917	1	SRR39561860	PAIRED	PolyA	TRANSCRIPTOMIC	DNBSEQ
SRX34250715	PRJNA1492564	SAMN61510918	1	SRR39561859	PAIRED	PolyA	TRANSCRIPTOMIC	DNBSEQ
SRX34250716	PRJNA1492564	SAMN61510927	1	SRR39561858	PAIRED	PolyA	TRANSCRIPTOMIC	DNBSEQ
SRX34250717	PRJNA1492564	SAMN61510928	1	SRR39561857	PAIRED	PolyA	TRANSCRIPTOMIC	DNBSEQ
SRX34250718	PRJNA1492564	SAMN61510919	1	SRR39561856	PAIRED	PolyA	TRANSCRIPTOMIC	DNBSEQ
SRX34250719	PRJNA1492564	SAMN61510920	1	SRR39561855	PAIRED	PolyA	TRANSCRIPTOMIC	DNBSEQ
SRX34250720	PRJNA1492564	SAMN61510921	1	SRR39561854	PAIRED	PolyA	TRANSCRIPTOMIC	DNBSEQ
SRX34250721	PRJNA1492564	SAMN61510922	1	SRR39561853	PAIRED	PolyA	TRANSCRIPTOMIC	DNBSEQ
SRX34250722	PRJNA1492564	SAMN61510923	1	SRR39561852	PAIRED	PolyA	TRANSCRIPTOMIC	DNBSEQ
SRX34250723	PRJNA1492564	SAMN61510924	1	SRR39561851	PAIRED	PolyA	TRANSCRIPTOMIC	DNBSEQ
SRX34250724	PRJNA1492564	SAMN61510925	1	SRR39561850	PAIRED	PolyA	TRANSCRIPTOMIC	DNBSEQ
SRX34250725	PRJNA1492564	SAMN61510926	1	SRR39561849	PAIRED	PolyA	TRANSCRIPTOMIC	DNBSEQ
SRX34813910	PRJNA1497331	SAMN61798547	1	SRR40188913	PAIRED	RT-PCR	TRANSCRIPTOMIC	ILLUMINA
SRX34813911	PRJNA1497331	SAMN61798548	1	SRR40188912	PAIRED	RT-PCR	TRANSCRIPTOMIC	ILLUMINA
SRX34813913	PRJNA1497331	SAMN61798550	1	SRR40188910	PAIRED	RT-PCR	TRANSCRIPTOMIC	ILLUMINA
SRX34813914	PRJNA1497331	SAMN61798551	1	SRR40188909	PAIRED	RT-PCR	TRANSCRIPTOMIC	ILLUMINA
SRX34926286	PRJNA1516528	SAMN62608400	1	SRR40310840	PAIRED	cDNA	TRANSCRIPTOMIC	ILLUMINA
SRX34926287	PRJNA1516528	SAMN62608401	1	SRR40310839	PAIRED	cDNA	TRANSCRIPTOMIC	ILLUMINA
SRX34926288	PRJNA1516528	SAMN62608410	1	SRR40310838	PAIRED	cDNA	TRANSCRIPTOMIC	ILLUMINA
SRX34926290	PRJNA1516528	SAMN62608402	1	SRR40310836	PAIRED	cDNA	TRANSCRIPTOMIC	ILLUMINA
SRX34926291	PRJNA1516528	SAMN62608403	1	SRR40310835	PAIRED	cDNA	TRANSCRIPTOMIC	ILLUMINA
SRX34926292	PRJNA1516528	SAMN62608404	1	SRR40310834	PAIRED	cDNA	TRANSCRIPTOMIC	ILLUMINA
SRX34926293	PRJNA1516528	SAMN62608405	1	SRR40310833	PAIRED	cDNA	TRANSCRIPTOMIC	ILLUMINA
SRX34926294	PRJNA1516528	SAMN62608406	1	SRR40310832	PAIRED	cDNA	TRANSCRIPTOMIC	ILLUMINA
SRX34926295	PRJNA1516528	SAMN62608407	1	SRR40310831	PAIRED	cDNA	TRANSCRIPTOMIC	ILLUMINA
SRX34926296	PRJNA1516528	SAMN62608408	1	SRR40310830	PAIRED	cDNA	TRANSCRIPTOMIC	ILLUMINA
SRX34926297	PRJNA1516528	SAMN62608409	1	SRR40310829	PAIRED	cDNA	TRANSCRIPTOMIC	ILLUMINA
SRX4292704	PRJNA477823	SAMN09479743	1	SRR7421882	SINGLE	cDNA	TRANSCRIPTOMIC	ILLUMINA
SRX4626197	PRJNA488640	SAMN09938583	1	SRR7770742	PAIRED	cDNA	TRANSCRIPTOMIC	ILLUMINA
SRX4626198	PRJNA488640	SAMN09938582	1	SRR7770743	PAIRED	cDNA	TRANSCRIPTOMIC	ILLUMINA
SRX4626199	PRJNA488640	SAMN09938581	1	SRR7770744	PAIRED	cDNA	TRANSCRIPTOMIC	ILLUMINA
SRX4626200	PRJNA488640	SAMN09938580	1	SRR7770745	PAIRED	cDNA	TRANSCRIPTOMIC	ILLUMINA
SRX4626201	PRJNA488640	SAMN09938579	1	SRR7770746	PAIRED	cDNA	TRANSCRIPTOMIC	ILLUMINA
SRX4626202	PRJNA488640	SAMN09938578	1	SRR7770747	PAIRED	cDNA	TRANSCRIPTOMIC	ILLUMINA
SRX4626203	PRJNA488640	SAMN09938577	1	SRR7770748	PAIRED	cDNA	TRANSCRIPTOMIC	ILLUMINA
SRX4626204	PRJNA488640	SAMN09938576	1	SRR7770749	PAIRED	cDNA	TRANSCRIPTOMIC	ILLUMINA
SRX4634288	PRJNA489076	SAMN09948071	1	SRR7779168	PAIRED	cDNA	TRANSCRIPTOMIC	ILLUMINA
SRX4634289	PRJNA489076	SAMN09948070	1	SRR7779169	PAIRED	cDNA	TRANSCRIPTOMIC	ILLUMINA
SRX4634290	PRJNA489076	SAMN09948069	1	SRR7779170	PAIRED	cDNA	TRANSCRIPTOMIC	ILLUMINA
SRX4634291	PRJNA489076	SAMN09948086	1	SRR7779171	PAIRED	cDNA	TRANSCRIPTOMIC	ILLUMINA
SRX4634292	PRJNA489076	SAMN09948085	1	SRR7779172	PAIRED	cDNA	TRANSCRIPTOMIC	ILLUMINA
SRX4634293	PRJNA489076	SAMN09948084	1	SRR7779173	PAIRED	cDNA	TRANSCRIPTOMIC	ILLUMINA
SRX4634294	PRJNA489076	SAMN09948083	1	SRR7779174	PAIRED	cDNA	TRANSCRIPTOMIC	ILLUMINA
SRX4634295	PRJNA489076	SAMN09948082	1	SRR7779175	PAIRED	cDNA	TRANSCRIPTOMIC	ILLUMINA
SRX4634296	PRJNA489076	SAMN09948075	1	SRR7779176	PAIRED	cDNA	TRANSCRIPTOMIC	ILLUMINA
SRX4634297	PRJNA489076	SAMN09948081	1	SRR7779177	PAIRED	cDNA	TRANSCRIPTOMIC	ILLUMINA
SRX4634298	PRJNA489076	SAMN09948080	1	SRR7779178	PAIRED	cDNA	TRANSCRIPTOMIC	ILLUMINA
SRX4634299	PRJNA489076	SAMN09948079	1	SRR7779179	PAIRED	cDNA	TRANSCRIPTOMIC	ILLUMINA
SRX4634300	PRJNA489076	SAMN09948078	1	SRR7779180	PAIRED	cDNA	TRANSCRIPTOMIC	ILLUMINA
SRX4634301	PRJNA489076	SAMN09948077	1	SRR7779181	PAIRED	cDNA	TRANSCRIPTOMIC	ILLUMINA
SRX4634302	PRJNA489076	SAMN09948076	1	SRR7779182	PAIRED	cDNA	TRANSCRIPTOMIC	ILLUMINA
SRX4634303	PRJNA489076	SAMN09948074	1	SRR7779183	PAIRED	cDNA	TRANSCRIPTOMIC	ILLUMINA
SRX4634304	PRJNA489076	SAMN09948073	1	SRR7779184	PAIRED	cDNA	TRANSCRIPTOMIC	ILLUMINA
SRX4634305	PRJNA489076	SAMN09948072	1	SRR7779185	PAIRED	cDNA	TRANSCRIPTOMIC	ILLUMINA
SRX4634306	PRJNA489076	SAMN09948104	1	SRR7779186	PAIRED	cDNA	TRANSCRIPTOMIC	ILLUMINA
SRX4634307	PRJNA489076	SAMN09948103	1	SRR7779187	PAIRED	cDNA	TRANSCRIPTOMIC	ILLUMINA
SRX4634308	PRJNA489076	SAMN09948102	1	SRR7779188	PAIRED	cDNA	TRANSCRIPTOMIC	ILLUMINA
SRX4634309	PRJNA489076	SAMN09948101	1	SRR7779189	PAIRED	cDNA	TRANSCRIPTOMIC	ILLUMINA
SRX4634310	PRJNA489076	SAMN09948100	1	SRR7779190	PAIRED	cDNA	TRANSCRIPTOMIC	ILLUMINA
SRX4634311	PRJNA489076	SAMN09948099	1	SRR7779191	PAIRED	cDNA	TRANSCRIPTOMIC	ILLUMINA
SRX4634312	PRJNA489076	SAMN09948098	1	SRR7779192	PAIRED	cDNA	TRANSCRIPTOMIC	ILLUMINA
SRX4634313	PRJNA489076	SAMN09948097	1	SRR7779193	PAIRED	cDNA	TRANSCRIPTOMIC	ILLUMINA
SRX4634314	PRJNA489076	SAMN09948096	1	SRR7779194	PAIRED	cDNA	TRANSCRIPTOMIC	ILLUMINA
SRX4634315	PRJNA489076	SAMN09948095	1	SRR7779195	PAIRED	cDNA	TRANSCRIPTOMIC	ILLUMINA
SRX4634316	PRJNA489076	SAMN09948094	1	SRR7779196	PAIRED	cDNA	TRANSCRIPTOMIC	ILLUMINA
SRX4634317	PRJNA489076	SAMN09948093	1	SRR7779197	PAIRED	cDNA	TRANSCRIPTOMIC	ILLUMINA
SRX4634318	PRJNA489076	SAMN09948092	1	SRR7779198	PAIRED	cDNA	TRANSCRIPTOMIC	ILLUMINA
SRX4634319	PRJNA489076	SAMN09948091	1	SRR7779199	PAIRED	cDNA	TRANSCRIPTOMIC	ILLUMINA
SRX4634320	PRJNA489076	SAMN09948090	1	SRR7779200	PAIRED	cDNA	TRANSCRIPTOMIC	ILLUMINA
SRX4634321	PRJNA489076	SAMN09948089	1	SRR7779201	PAIRED	cDNA	TRANSCRIPTOMIC	ILLUMINA
SRX4634322	PRJNA489076	SAMN09948088	1	SRR7779202	PAIRED	cDNA	TRANSCRIPTOMIC	ILLUMINA
SRX4634323	PRJNA489076	SAMN09948087	1	SRR7779203	PAIRED	cDNA	TRANSCRIPTOMIC	ILLUMINA
SRX4986302	PRJNA504034	SAMN10388049	1	SRR8165684	PAIRED	unspecified	TRANSCRIPTOMIC	ILLUMINA
SRX4986303	PRJNA504034	SAMN10388050	1	SRR8165683	PAIRED	unspecified	TRANSCRIPTOMIC	ILLUMINA
SRX4986304	PRJNA504034	SAMN10388051	1	SRR8165682	PAIRED	unspecified	TRANSCRIPTOMIC	ILLUMINA
SRX4986305	PRJNA504034	SAMN10388052	1	SRR8165681	PAIRED	unspecified	TRANSCRIPTOMIC	ILLUMINA
SRX4986306	PRJNA504034	SAMN10388045	1	SRR8165680	PAIRED	unspecified	TRANSCRIPTOMIC	ILLUMINA
SRX4986307	PRJNA504034	SAMN10388046	1	SRR8165679	PAIRED	unspecified	TRANSCRIPTOMIC	ILLUMINA
SRX4986308	PRJNA504034	SAMN10388047	1	SRR8165678	PAIRED	unspecified	TRANSCRIPTOMIC	ILLUMINA
SRX4986309	PRJNA504034	SAMN10388048	1	SRR8165677	PAIRED	unspecified	TRANSCRIPTOMIC	ILLUMINA
SRX4986311	PRJNA504034	SAMN10388053	1	SRR8165675	PAIRED	unspecified	TRANSCRIPTOMIC	ILLUMINA
SRX4986312	PRJNA504034	SAMN10388054	1	SRR8165674	PAIRED	unspecified	TRANSCRIPTOMIC	ILLUMINA
SRX4986315	PRJNA504034	SAMN10388083	1	SRR8165671	PAIRED	unspecified	TRANSCRIPTOMIC	ILLUMINA
SRX4986316	PRJNA504034	SAMN10388084	1	SRR8165670	PAIRED	unspecified	TRANSCRIPTOMIC	ILLUMINA
SRX4986318	PRJNA504034	SAMN10388079	1	SRR8165668	PAIRED	unspecified	TRANSCRIPTOMIC	ILLUMINA
SRX4986319	PRJNA504034	SAMN10388080	1	SRR8165667	PAIRED	unspecified	TRANSCRIPTOMIC	ILLUMINA
SRX4986320	PRJNA504034	SAMN10388081	1	SRR8165666	PAIRED	unspecified	TRANSCRIPTOMIC	ILLUMINA
SRX4986321	PRJNA504034	SAMN10388082	1	SRR8165665	PAIRED	unspecified	TRANSCRIPTOMIC	ILLUMINA
SRX4986322	PRJNA504034	SAMN10388075	1	SRR8165664	PAIRED	unspecified	TRANSCRIPTOMIC	ILLUMINA
SRX4986323	PRJNA504034	SAMN10388076	1	SRR8165663	PAIRED	unspecified	TRANSCRIPTOMIC	ILLUMINA
SRX4986324	PRJNA504034	SAMN10388077	1	SRR8165662	PAIRED	unspecified	TRANSCRIPTOMIC	ILLUMINA
SRX4986325	PRJNA504034	SAMN10388078	1	SRR8165661	PAIRED	unspecified	TRANSCRIPTOMIC	ILLUMINA
SRX4986326	PRJNA504034	SAMN10388061	1	SRR8165660	PAIRED	unspecified	TRANSCRIPTOMIC	ILLUMINA
SRX4986327	PRJNA504034	SAMN10388062	1	SRR8165659	PAIRED	unspecified	TRANSCRIPTOMIC	ILLUMINA
SRX4986328	PRJNA504034	SAMN10388059	1	SRR8165658	PAIRED	unspecified	TRANSCRIPTOMIC	ILLUMINA
SRX4986329	PRJNA504034	SAMN10388060	1	SRR8165657	PAIRED	unspecified	TRANSCRIPTOMIC	ILLUMINA
SRX4986330	PRJNA504034	SAMN10388057	1	SRR8165656	PAIRED	unspecified	TRANSCRIPTOMIC	ILLUMINA
SRX4986331	PRJNA504034	SAMN10388058	1	SRR8165655	PAIRED	unspecified	TRANSCRIPTOMIC	ILLUMINA
SRX4986332	PRJNA504034	SAMN10388055	1	SRR8165654	PAIRED	unspecified	TRANSCRIPTOMIC	ILLUMINA
SRX4986333	PRJNA504034	SAMN10388056	1	SRR8165653	PAIRED	unspecified	TRANSCRIPTOMIC	ILLUMINA
SRX4986334	PRJNA504034	SAMN10388063	1	SRR8165652	PAIRED	unspecified	TRANSCRIPTOMIC	ILLUMINA
SRX4986335	PRJNA504034	SAMN10388064	1	SRR8165651	PAIRED	unspecified	TRANSCRIPTOMIC	ILLUMINA
SRX4986348	PRJNA504034	SAMN10388086	1	SRR8165638	PAIRED	unspecified	TRANSCRIPTOMIC	ILLUMINA
SRX4986349	PRJNA504034	SAMN10388085	1	SRR8165637	PAIRED	unspecified	TRANSCRIPTOMIC	ILLUMINA
SRX4986350	PRJNA504034	SAMN10388088	1	SRR8165636	PAIRED	unspecified	TRANSCRIPTOMIC	ILLUMINA
SRX4986351	PRJNA504034	SAMN10388087	1	SRR8165635	PAIRED	unspecified	TRANSCRIPTOMIC	ILLUMINA
SRX4986353	PRJNA504034	SAMN10388089	1	SRR8165633	PAIRED	unspecified	TRANSCRIPTOMIC	ILLUMINA
SRX4986356	PRJNA504034	SAMN10388068	1	SRR8165630	PAIRED	unspecified	TRANSCRIPTOMIC	ILLUMINA
SRX4986357	PRJNA504034	SAMN10388067	1	SRR8165629	PAIRED	unspecified	TRANSCRIPTOMIC	ILLUMINA
SRX4986358	PRJNA504034	SAMN10388066	1	SRR8165628	PAIRED	unspecified	TRANSCRIPTOMIC	ILLUMINA
SRX4986359	PRJNA504034	SAMN10388065	1	SRR8165627	PAIRED	unspecified	TRANSCRIPTOMIC	ILLUMINA
SRX4986360	PRJNA504034	SAMN10388072	1	SRR8165626	PAIRED	unspecified	TRANSCRIPTOMIC	ILLUMINA
SRX4986361	PRJNA504034	SAMN10388071	1	SRR8165625	PAIRED	unspecified	TRANSCRIPTOMIC	ILLUMINA
SRX4986362	PRJNA504034	SAMN10388070	1	SRR8165624	PAIRED	unspecified	TRANSCRIPTOMIC	ILLUMINA
SRX4986363	PRJNA504034	SAMN10388069	1	SRR8165623	PAIRED	unspecified	TRANSCRIPTOMIC	ILLUMINA
SRX4986364	PRJNA504034	SAMN10388074	1	SRR8165622	PAIRED	unspecified	TRANSCRIPTOMIC	ILLUMINA
SRX4986365	PRJNA504034	SAMN10388073	1	SRR8165621	PAIRED	unspecified	TRANSCRIPTOMIC	ILLUMINA
SRX5910664	PRJNA545135	SAMN11875000	1	SRR9137503	PAIRED	cDNA	TRANSCRIPTOMIC	ILLUMINA
SRX5910665	PRJNA545135	SAMN11874999	1	SRR9137504	PAIRED	cDNA	TRANSCRIPTOMIC	ILLUMINA
SRX5910666	PRJNA545135	SAMN11874998	1	SRR9137505	PAIRED	cDNA	TRANSCRIPTOMIC	ILLUMINA
SRX5910667	PRJNA545135	SAMN11874997	1	SRR9137506	PAIRED	cDNA	TRANSCRIPTOMIC	ILLUMINA
SRX5910668	PRJNA545135	SAMN11874996	1	SRR9137507	PAIRED	cDNA	TRANSCRIPTOMIC	ILLUMINA
SRX5910669	PRJNA545135	SAMN11874994	1	SRR9137508	PAIRED	cDNA	TRANSCRIPTOMIC	ILLUMINA
SRX5910670	PRJNA545135	SAMN11874993	1	SRR9137509	PAIRED	cDNA	TRANSCRIPTOMIC	ILLUMINA
SRX5910671	PRJNA545135	SAMN11874992	1	SRR9137510	PAIRED	cDNA	TRANSCRIPTOMIC	ILLUMINA
SRX5924873	PRJNA545309	SAMN11883837	1	SRR9151757	PAIRED	cDNA	TRANSCRIPTOMIC	ILLUMINA
SRX5924874	PRJNA545309	SAMN11883836	1	SRR9151758	PAIRED	cDNA	TRANSCRIPTOMIC	ILLUMINA
SRX5924875	PRJNA545309	SAMN11883835	1	SRR9151759	PAIRED	cDNA	TRANSCRIPTOMIC	ILLUMINA
SRX5924876	PRJNA545309	SAMN11883834	1	SRR9151760	PAIRED	cDNA	TRANSCRIPTOMIC	ILLUMINA
SRX5924877	PRJNA545309	SAMN11883833	1	SRR9151761	PAIRED	cDNA	TRANSCRIPTOMIC	ILLUMINA
SRX5924878	PRJNA545309	SAMN11883832	1	SRR9151762	PAIRED	cDNA	TRANSCRIPTOMIC	ILLUMINA
SRX5924879	PRJNA545309	SAMN11883831	1	SRR9151763	PAIRED	cDNA	TRANSCRIPTOMIC	ILLUMINA
SRX5924880	PRJNA545309	SAMN11883830	1	SRR9151764	PAIRED	cDNA	TRANSCRIPTOMIC	ILLUMINA
SRX5924881	PRJNA545309	SAMN11883829	1	SRR9151765	PAIRED	cDNA	TRANSCRIPTOMIC	ILLUMINA
SRX5924882	PRJNA545309	SAMN11883828	1	SRR9151766	PAIRED	cDNA	TRANSCRIPTOMIC	ILLUMINA
SRX5924883	PRJNA545309	SAMN11883827	1	SRR9151767	PAIRED	cDNA	TRANSCRIPTOMIC	ILLUMINA
SRX5924884	PRJNA545309	SAMN11883826	1	SRR9151768	PAIRED	cDNA	TRANSCRIPTOMIC	ILLUMINA
SRX6384003	PRJNA551666	SAMN12162723	4	SRR9620991;SRR9620992;SRR9620993;SRR9620994	SINGLE	cDNA	TRANSCRIPTOMIC	ILLUMINA
SRX6384004	PRJNA551666	SAMN12162722	4	SRR9620995;SRR9620996;SRR9620997;SRR9620998	SINGLE	cDNA	TRANSCRIPTOMIC	ILLUMINA
SRX6384005	PRJNA551666	SAMN12162721	4	SRR9620999;SRR9621000;SRR9621001;SRR9621002	SINGLE	cDNA	TRANSCRIPTOMIC	ILLUMINA
SRX6384006	PRJNA551666	SAMN12162720	4	SRR9621003;SRR9621004;SRR9621005;SRR9621006	SINGLE	cDNA	TRANSCRIPTOMIC	ILLUMINA
SRX6384007	PRJNA551666	SAMN12162719	4	SRR9621007;SRR9621008;SRR9621009;SRR9621010	SINGLE	cDNA	TRANSCRIPTOMIC	ILLUMINA
SRX6384008	PRJNA551666	SAMN12162718	4	SRR9621011;SRR9621012;SRR9621013;SRR9621014	SINGLE	cDNA	TRANSCRIPTOMIC	ILLUMINA
SRX6384009	PRJNA551666	SAMN12162717	4	SRR9621015;SRR9621016;SRR9621017;SRR9621018	SINGLE	cDNA	TRANSCRIPTOMIC	ILLUMINA
SRX6384010	PRJNA551666	SAMN12162716	4	SRR9621019;SRR9621020;SRR9621021;SRR9621022	SINGLE	cDNA	TRANSCRIPTOMIC	ILLUMINA
SRX6384011	PRJNA551666	SAMN12162715	4	SRR9621023;SRR9621024;SRR9621025;SRR9621026	SINGLE	cDNA	TRANSCRIPTOMIC	ILLUMINA
SRX6384012	PRJNA551666	SAMN12162714	4	SRR9621027;SRR9621028;SRR9621029;SRR9621030	SINGLE	cDNA	TRANSCRIPTOMIC	ILLUMINA
SRX6384013	PRJNA551666	SAMN12162713	4	SRR9621031;SRR9621032;SRR9621033;SRR9621034	SINGLE	cDNA	TRANSCRIPTOMIC	ILLUMINA
SRX6384014	PRJNA551666	SAMN12162712	4	SRR9621035;SRR9621036;SRR9621037;SRR9621038	SINGLE	cDNA	TRANSCRIPTOMIC	ILLUMINA
SRX6384015	PRJNA551666	SAMN12162711	4	SRR9621039;SRR9621040;SRR9621041;SRR9621042	SINGLE	cDNA	TRANSCRIPTOMIC	ILLUMINA
SRX6384016	PRJNA551666	SAMN12162710	4	SRR9621043;SRR9621044;SRR9621045;SRR9621046	SINGLE	cDNA	TRANSCRIPTOMIC	ILLUMINA
SRX6384017	PRJNA551666	SAMN12162709	4	SRR9621047;SRR9621048;SRR9621049;SRR9621050	SINGLE	cDNA	TRANSCRIPTOMIC	ILLUMINA
SRX6384018	PRJNA551666	SAMN12162708	4	SRR9621051;SRR9621052;SRR9621053;SRR9621054	SINGLE	cDNA	TRANSCRIPTOMIC	ILLUMINA
SRX6384019	PRJNA551666	SAMN12162707	4	SRR9621055;SRR9621056;SRR9621057;SRR9621058	SINGLE	cDNA	TRANSCRIPTOMIC	ILLUMINA
SRX6384020	PRJNA551666	SAMN12162706	4	SRR9621059;SRR9621060;SRR9621061;SRR9621062	SINGLE	cDNA	TRANSCRIPTOMIC	ILLUMINA
SRX6384021	PRJNA551666	SAMN12162705	4	SRR9621063;SRR9621064;SRR9621065;SRR9621066	SINGLE	cDNA	TRANSCRIPTOMIC	ILLUMINA
SRX6384022	PRJNA551666	SAMN12162704	4	SRR9621067;SRR9621068;SRR9621069;SRR9621070	SINGLE	cDNA	TRANSCRIPTOMIC	ILLUMINA
SRX6384023	PRJNA551666	SAMN12162703	4	SRR9621071;SRR9621072;SRR9621073;SRR9621074	SINGLE	cDNA	TRANSCRIPTOMIC	ILLUMINA
SRX6384024	PRJNA551666	SAMN12162702	4	SRR9621075;SRR9621076;SRR9621077;SRR9621078	SINGLE	cDNA	TRANSCRIPTOMIC	ILLUMINA
SRX6384025	PRJNA551666	SAMN12162725	4	SRR9621079;SRR9621080;SRR9621081;SRR9621082	SINGLE	cDNA	TRANSCRIPTOMIC	ILLUMINA
SRX6384026	PRJNA551666	SAMN12162724	4	SRR9621083;SRR9621084;SRR9621085;SRR9621086	SINGLE	cDNA	TRANSCRIPTOMIC	ILLUMINA
SRX6461459	PRJNA555245	SAMN12308451	1	SRR9703434	SINGLE	cDNA	TRANSCRIPTOMIC	ILLUMINA
SRX6461460	PRJNA555245	SAMN12308450	1	SRR9703435	SINGLE	cDNA	TRANSCRIPTOMIC	ILLUMINA
SRX6461461	PRJNA555245	SAMN12308449	1	SRR9703436	SINGLE	cDNA	TRANSCRIPTOMIC	ILLUMINA
SRX653805	PRJNA255418	SAMN02918450	1	SRR1516214	SINGLE	cDNA	TRANSCRIPTOMIC	ILLUMINA
SRX653806	PRJNA255418	SAMN02918451	1	SRR1516215	SINGLE	cDNA	TRANSCRIPTOMIC	ILLUMINA
SRX653807	PRJNA255418	SAMN02918452	1	SRR1516216	SINGLE	cDNA	TRANSCRIPTOMIC	ILLUMINA
SRX653808	PRJNA255418	SAMN02918453	1	SRR1516217	SINGLE	cDNA	TRANSCRIPTOMIC	ILLUMINA
SRX6601534	PRJNA556890	SAMN12375427	1	SRR9846909	PAIRED	cDNA	TRANSCRIPTOMIC	ILLUMINA
SRX6601535	PRJNA556890	SAMN12375426	1	SRR9846910	PAIRED	cDNA	TRANSCRIPTOMIC	ILLUMINA
SRX6601536	PRJNA556890	SAMN12375425	1	SRR9846911	PAIRED	cDNA	TRANSCRIPTOMIC	ILLUMINA
SRX6601537	PRJNA556890	SAMN12375424	1	SRR9846912	PAIRED	cDNA	TRANSCRIPTOMIC	ILLUMINA
SRX7182892	PRJNA590486	SAMN13327513	1	SRR10493804	SINGLE	cDNA	TRANSCRIPTOMIC	ILLUMINA
SRX7182893	PRJNA590486	SAMN13327508	1	SRR10493805	SINGLE	cDNA	TRANSCRIPTOMIC	ILLUMINA
SRX7182894	PRJNA590486	SAMN13327506	1	SRR10493806	SINGLE	cDNA	TRANSCRIPTOMIC	ILLUMINA
SRX7182895	PRJNA590486	SAMN13327504	1	SRR10493807	SINGLE	cDNA	TRANSCRIPTOMIC	ILLUMINA
SRX7182896	PRJNA590486	SAMN13327503	1	SRR10493808	SINGLE	cDNA	TRANSCRIPTOMIC	ILLUMINA
SRX7182897	PRJNA590486	SAMN13327512	1	SRR10493809	SINGLE	cDNA	TRANSCRIPTOMIC	ILLUMINA
SRX7182898	PRJNA590486	SAMN13327510	1	SRR10493810	SINGLE	cDNA	TRANSCRIPTOMIC	ILLUMINA
SRX7182899	PRJNA590486	SAMN13327509	1	SRR10493811	SINGLE	cDNA	TRANSCRIPTOMIC	ILLUMINA
SRX7182900	PRJNA590486	SAMN13327501	1	SRR10493812	SINGLE	cDNA	TRANSCRIPTOMIC	ILLUMINA
SRX7182901	PRJNA590486	SAMN13327500	1	SRR10493813	SINGLE	cDNA	TRANSCRIPTOMIC	ILLUMINA
SRX7182902	PRJNA590486	SAMN13327498	1	SRR10493814	SINGLE	cDNA	TRANSCRIPTOMIC	ILLUMINA
SRX7182904	PRJNA590486	SAMN13327545	1	SRR10493816	SINGLE	cDNA	TRANSCRIPTOMIC	ILLUMINA
SRX7182905	PRJNA590486	SAMN13327544	1	SRR10493817	SINGLE	cDNA	TRANSCRIPTOMIC	ILLUMINA
SRX7182906	PRJNA590486	SAMN13327543	1	SRR10493818	SINGLE	cDNA	TRANSCRIPTOMIC	ILLUMINA
SRX7182907	PRJNA590486	SAMN13327542	1	SRR10493819	SINGLE	cDNA	TRANSCRIPTOMIC	ILLUMINA
SRX7182934	PRJNA590485	SAMN13327598	1	SRR10493846	SINGLE	cDNA	TRANSCRIPTOMIC	ILLUMINA
SRX7182935	PRJNA590485	SAMN13327597	1	SRR10493847	SINGLE	cDNA	TRANSCRIPTOMIC	ILLUMINA
SRX7182936	PRJNA590485	SAMN13327596	1	SRR10493848	SINGLE	cDNA	TRANSCRIPTOMIC	ILLUMINA
SRX7182937	PRJNA590485	SAMN13327595	1	SRR10493849	SINGLE	cDNA	TRANSCRIPTOMIC	ILLUMINA
SRX7182938	PRJNA590485	SAMN13327594	1	SRR10493850	SINGLE	cDNA	TRANSCRIPTOMIC	ILLUMINA
SRX7182939	PRJNA590485	SAMN13327593	1	SRR10493851	SINGLE	cDNA	TRANSCRIPTOMIC	ILLUMINA
SRX7182940	PRJNA590485	SAMN13327592	1	SRR10493852	SINGLE	cDNA	TRANSCRIPTOMIC	ILLUMINA
SRX7182941	PRJNA590485	SAMN13327591	1	SRR10493853	SINGLE	cDNA	TRANSCRIPTOMIC	ILLUMINA
SRX7182942	PRJNA590485	SAMN13327590	1	SRR10493854	SINGLE	cDNA	TRANSCRIPTOMIC	ILLUMINA
SRX7182943	PRJNA590485	SAMN13327589	1	SRR10493855	SINGLE	cDNA	TRANSCRIPTOMIC	ILLUMINA
SRX7182944	PRJNA590485	SAMN13327549	1	SRR10493856	SINGLE	cDNA	TRANSCRIPTOMIC	ILLUMINA
SRX7182945	PRJNA590485	SAMN13327588	1	SRR10493857	SINGLE	cDNA	TRANSCRIPTOMIC	ILLUMINA
SRX7182946	PRJNA590485	SAMN13327587	1	SRR10493858	SINGLE	cDNA	TRANSCRIPTOMIC	ILLUMINA
SRX7182947	PRJNA590485	SAMN13327586	1	SRR10493859	SINGLE	cDNA	TRANSCRIPTOMIC	ILLUMINA
SRX7182948	PRJNA590485	SAMN13327585	1	SRR10493860	SINGLE	cDNA	TRANSCRIPTOMIC	ILLUMINA
SRX7182949	PRJNA590485	SAMN13327584	1	SRR10493861	SINGLE	cDNA	TRANSCRIPTOMIC	ILLUMINA
SRX7182950	PRJNA590485	SAMN13327583	1	SRR10493862	SINGLE	cDNA	TRANSCRIPTOMIC	ILLUMINA
SRX7182951	PRJNA590485	SAMN13327582	1	SRR10493863	SINGLE	cDNA	TRANSCRIPTOMIC	ILLUMINA
SRX7182952	PRJNA590485	SAMN13327581	1	SRR10493864	SINGLE	cDNA	TRANSCRIPTOMIC	ILLUMINA
SRX7182953	PRJNA590485	SAMN13327579	1	SRR10493865	SINGLE	cDNA	TRANSCRIPTOMIC	ILLUMINA
SRX7182954	PRJNA590485	SAMN13327577	1	SRR10493866	SINGLE	cDNA	TRANSCRIPTOMIC	ILLUMINA
SRX7182955	PRJNA590485	SAMN13327575	1	SRR10493867	SINGLE	cDNA	TRANSCRIPTOMIC	ILLUMINA
SRX7182956	PRJNA590485	SAMN13327574	1	SRR10493868	SINGLE	cDNA	TRANSCRIPTOMIC	ILLUMINA
SRX7182957	PRJNA590485	SAMN13327572	1	SRR10493869	SINGLE	cDNA	TRANSCRIPTOMIC	ILLUMINA
SRX7182958	PRJNA590485	SAMN13327571	1	SRR10493870	SINGLE	cDNA	TRANSCRIPTOMIC	ILLUMINA
SRX7182959	PRJNA590485	SAMN13327568	1	SRR10493871	SINGLE	cDNA	TRANSCRIPTOMIC	ILLUMINA
SRX7182960	PRJNA590485	SAMN13327566	1	SRR10493872	SINGLE	cDNA	TRANSCRIPTOMIC	ILLUMINA
SRX7182961	PRJNA590485	SAMN13327565	1	SRR10493873	SINGLE	cDNA	TRANSCRIPTOMIC	ILLUMINA
SRX7182962	PRJNA590485	SAMN13327563	1	SRR10493874	SINGLE	cDNA	TRANSCRIPTOMIC	ILLUMINA
SRX7182963	PRJNA590485	SAMN13327561	1	SRR10493875	SINGLE	cDNA	TRANSCRIPTOMIC	ILLUMINA
SRX7182964	PRJNA590485	SAMN13327560	1	SRR10493876	SINGLE	cDNA	TRANSCRIPTOMIC	ILLUMINA
SRX7182965	PRJNA590485	SAMN13327558	1	SRR10493877	SINGLE	cDNA	TRANSCRIPTOMIC	ILLUMINA
SRX7182966	PRJNA590485	SAMN13327555	1	SRR10493878	SINGLE	cDNA	TRANSCRIPTOMIC	ILLUMINA
SRX7182967	PRJNA590485	SAMN13327553	1	SRR10493879	SINGLE	cDNA	TRANSCRIPTOMIC	ILLUMINA
SRX7182968	PRJNA590485	SAMN13327552	1	SRR10493880	SINGLE	cDNA	TRANSCRIPTOMIC	ILLUMINA
SRX7182969	PRJNA590485	SAMN13327551	1	SRR10493881	SINGLE	cDNA	TRANSCRIPTOMIC	ILLUMINA
SRX7254142	PRJNA593052	SAMN13451139	1	SRR10572664	PAIRED	RANDOM	TRANSCRIPTOMIC	ILLUMINA
SRX7254143	PRJNA593052	SAMN13451140	1	SRR10572663	PAIRED	RANDOM	TRANSCRIPTOMIC	ILLUMINA
SRX7254144	PRJNA593052	SAMN13451141	1	SRR10572662	PAIRED	RANDOM	TRANSCRIPTOMIC	ILLUMINA
SRX7254145	PRJNA593052	SAMN13451142	1	SRR10572661	PAIRED	RANDOM	TRANSCRIPTOMIC	ILLUMINA
SRX7254146	PRJNA593052	SAMN13451143	1	SRR10572660	PAIRED	RANDOM	TRANSCRIPTOMIC	ILLUMINA
SRX7254147	PRJNA593052	SAMN13451144	1	SRR10572659	PAIRED	RANDOM	TRANSCRIPTOMIC	ILLUMINA
SRX7254148	PRJNA593052	SAMN13451145	1	SRR10572658	PAIRED	RANDOM	TRANSCRIPTOMIC	ILLUMINA
SRX7254149	PRJNA593052	SAMN13451146	1	SRR10572657	PAIRED	RANDOM	TRANSCRIPTOMIC	ILLUMINA
SRX7347961	PRJNA594947	SAMN13541379	1	SRR10669486	SINGLE	cDNA	TRANSCRIPTOMIC	ILLUMINA
SRX7347962	PRJNA594947	SAMN13541378	1	SRR10669487	SINGLE	cDNA	TRANSCRIPTOMIC	ILLUMINA
SRX7347963	PRJNA594947	SAMN13541384	1	SRR10669488	SINGLE	cDNA	TRANSCRIPTOMIC	ILLUMINA
SRX7347964	PRJNA594947	SAMN13541377	1	SRR10669489	SINGLE	cDNA	TRANSCRIPTOMIC	ILLUMINA
SRX7656770	PRJNA604220	SAMN13957915	4	SRR10995631;SRR10995632;SRR10995633;SRR10995634	PAIRED	cDNA	TRANSCRIPTOMIC	ILLUMINA
SRX7656771	PRJNA604220	SAMN13957914	4	SRR10995635;SRR10995636;SRR10995637;SRR10995638	PAIRED	cDNA	TRANSCRIPTOMIC	ILLUMINA
SRX7656772	PRJNA604220	SAMN13957913	4	SRR10995639;SRR10995640;SRR10995641;SRR10995642	PAIRED	cDNA	TRANSCRIPTOMIC	ILLUMINA
SRX7656773	PRJNA604220	SAMN13957912	4	SRR10995643;SRR10995644;SRR10995645;SRR10995646	PAIRED	cDNA	TRANSCRIPTOMIC	ILLUMINA
SRX7656774	PRJNA604220	SAMN13957911	4	SRR10995647;SRR10995648;SRR10995649;SRR10995650	PAIRED	cDNA	TRANSCRIPTOMIC	ILLUMINA
SRX7656775	PRJNA604220	SAMN13957910	4	SRR10995651;SRR10995652;SRR10995653;SRR10995654	PAIRED	cDNA	TRANSCRIPTOMIC	ILLUMINA
SRX7656776	PRJNA604220	SAMN13957909	4	SRR10995655;SRR10995656;SRR10995657;SRR10995658	PAIRED	cDNA	TRANSCRIPTOMIC	ILLUMINA
SRX7656777	PRJNA604220	SAMN13957908	4	SRR10995659;SRR10995660;SRR10995661;SRR10995662	PAIRED	cDNA	TRANSCRIPTOMIC	ILLUMINA
SRX7656778	PRJNA604220	SAMN13957907	4	SRR10995663;SRR10995664;SRR10995665;SRR10995666	PAIRED	cDNA	TRANSCRIPTOMIC	ILLUMINA
SRX7656779	PRJNA604220	SAMN13957906	4	SRR10995667;SRR10995668;SRR10995669;SRR10995670	PAIRED	cDNA	TRANSCRIPTOMIC	ILLUMINA
SRX7656780	PRJNA604220	SAMN13957905	4	SRR10995671;SRR10995672;SRR10995673;SRR10995674	PAIRED	cDNA	TRANSCRIPTOMIC	ILLUMINA
SRX7656781	PRJNA604220	SAMN13957904	4	SRR10995675;SRR10995676;SRR10995677;SRR10995678	PAIRED	cDNA	TRANSCRIPTOMIC	ILLUMINA
SRX7656782	PRJNA604220	SAMN13957903	4	SRR10995679;SRR10995680;SRR10995681;SRR10995682	PAIRED	cDNA	TRANSCRIPTOMIC	ILLUMINA
SRX7656783	PRJNA604220	SAMN13957902	4	SRR10995683;SRR10995684;SRR10995685;SRR10995686	PAIRED	cDNA	TRANSCRIPTOMIC	ILLUMINA
SRX7656784	PRJNA604220	SAMN13957901	4	SRR10995687;SRR10995688;SRR10995689;SRR10995690	PAIRED	cDNA	TRANSCRIPTOMIC	ILLUMINA
SRX7656785	PRJNA604220	SAMN13957900	4	SRR10995691;SRR10995692;SRR10995693;SRR10995694	PAIRED	cDNA	TRANSCRIPTOMIC	ILLUMINA
SRX7656786	PRJNA604220	SAMN13957899	4	SRR10995695;SRR10995696;SRR10995697;SRR10995698	PAIRED	cDNA	TRANSCRIPTOMIC	ILLUMINA
SRX7656787	PRJNA604220	SAMN13957898	4	SRR10995699;SRR10995700;SRR10995701;SRR10995702	PAIRED	cDNA	TRANSCRIPTOMIC	ILLUMINA
SRX7805398	PRJNA599947	SAMN13762555	1	SRR11184921	PAIRED	Oligo-dT	TRANSCRIPTOMIC	ILLUMINA
SRX7805399	PRJNA599947	SAMN13762556	1	SRR11184920	PAIRED	Oligo-dT	TRANSCRIPTOMIC	ILLUMINA
SRX7805400	PRJNA599947	SAMN13762565	1	SRR11184919	PAIRED	Oligo-dT	TRANSCRIPTOMIC	ILLUMINA
SRX7805401	PRJNA599947	SAMN13762566	1	SRR11184918	PAIRED	Oligo-dT	TRANSCRIPTOMIC	ILLUMINA
SRX7805402	PRJNA599947	SAMN13762567	1	SRR11184916	PAIRED	Oligo-dT	TRANSCRIPTOMIC	ILLUMINA
SRX7805403	PRJNA599947	SAMN13762568	1	SRR11184915	PAIRED	Oligo-dT	TRANSCRIPTOMIC	ILLUMINA
SRX7805404	PRJNA599947	SAMN13762557	1	SRR11184914	PAIRED	Oligo-dT	TRANSCRIPTOMIC	ILLUMINA
SRX7805405	PRJNA599947	SAMN13762558	1	SRR11184917	PAIRED	Oligo-dT	TRANSCRIPTOMIC	ILLUMINA
SRX7805406	PRJNA599947	SAMN13762559	1	SRR11184913	PAIRED	Oligo-dT	TRANSCRIPTOMIC	ILLUMINA
SRX7805407	PRJNA599947	SAMN13762560	1	SRR11184912	PAIRED	Oligo-dT	TRANSCRIPTOMIC	ILLUMINA
SRX7805408	PRJNA599947	SAMN13762561	1	SRR11184911	PAIRED	Oligo-dT	TRANSCRIPTOMIC	ILLUMINA
SRX7805409	PRJNA599947	SAMN13762562	1	SRR11184910	PAIRED	Oligo-dT	TRANSCRIPTOMIC	ILLUMINA
SRX7805410	PRJNA599947	SAMN13762563	1	SRR11184909	PAIRED	Oligo-dT	TRANSCRIPTOMIC	ILLUMINA
SRX7805411	PRJNA599947	SAMN13762564	1	SRR11184908	PAIRED	Oligo-dT	TRANSCRIPTOMIC	ILLUMINA
SRX7952170	PRJNA613438	SAMN14404302	1	SRR11350319	SINGLE	DNase	TRANSCRIPTOMIC	ILLUMINA
SRX7952171	PRJNA613438	SAMN14404303	1	SRR11350318	SINGLE	DNase	TRANSCRIPTOMIC	ILLUMINA
SRX7952172	PRJNA613438	SAMN14404312	1	SRR11350317	SINGLE	DNase	TRANSCRIPTOMIC	ILLUMINA
SRX7952173	PRJNA613438	SAMN14404313	1	SRR11350316	SINGLE	DNase	TRANSCRIPTOMIC	ILLUMINA
SRX7952174	PRJNA613438	SAMN14404314	1	SRR11350315	SINGLE	DNase	TRANSCRIPTOMIC	ILLUMINA
SRX7952175	PRJNA613438	SAMN14404315	1	SRR11350314	SINGLE	DNase	TRANSCRIPTOMIC	ILLUMINA
SRX7952176	PRJNA613438	SAMN14404316	1	SRR11350313	SINGLE	DNase	TRANSCRIPTOMIC	ILLUMINA
SRX7952177	PRJNA613438	SAMN14404317	1	SRR11350312	SINGLE	DNase	TRANSCRIPTOMIC	ILLUMINA
SRX7952178	PRJNA613438	SAMN14404318	1	SRR11350311	SINGLE	DNase	TRANSCRIPTOMIC	ILLUMINA
SRX7952179	PRJNA613438	SAMN14404304	1	SRR11350310	SINGLE	DNase	TRANSCRIPTOMIC	ILLUMINA
SRX7952180	PRJNA613438	SAMN14404305	1	SRR11350309	SINGLE	DNase	TRANSCRIPTOMIC	ILLUMINA
SRX7952181	PRJNA613438	SAMN14404306	1	SRR11350308	SINGLE	DNase	TRANSCRIPTOMIC	ILLUMINA
SRX7952182	PRJNA613438	SAMN14404307	1	SRR11350307	SINGLE	DNase	TRANSCRIPTOMIC	ILLUMINA
SRX7952183	PRJNA613438	SAMN14404308	1	SRR11350306	SINGLE	DNase	TRANSCRIPTOMIC	ILLUMINA
SRX7952184	PRJNA613438	SAMN14404309	1	SRR11350305	SINGLE	DNase	TRANSCRIPTOMIC	ILLUMINA
SRX7952185	PRJNA613438	SAMN14404310	1	SRR11350304	SINGLE	DNase	TRANSCRIPTOMIC	ILLUMINA
SRX7952186	PRJNA613438	SAMN14404311	1	SRR11350303	SINGLE	DNase	TRANSCRIPTOMIC	ILLUMINA
SRX8280926	PRJNA630824	SAMN14846005	1	SRR11721658	SINGLE	PolyA	TRANSCRIPTOMIC	ILLUMINA
SRX8280927	PRJNA630824	SAMN14846006	1	SRR11721657	SINGLE	PolyA	TRANSCRIPTOMIC	ILLUMINA
SRX8280928	PRJNA630824	SAMN14846007	1	SRR11721656	SINGLE	PolyA	TRANSCRIPTOMIC	ILLUMINA
SRX8280929	PRJNA630824	SAMN14846008	1	SRR11721655	SINGLE	PolyA	TRANSCRIPTOMIC	ILLUMINA
SRX8280930	PRJNA630824	SAMN14846009	1	SRR11721654	SINGLE	PolyA	TRANSCRIPTOMIC	ILLUMINA
SRX8280931	PRJNA630824	SAMN14846010	1	SRR11721653	SINGLE	PolyA	TRANSCRIPTOMIC	ILLUMINA
SRX8280932	PRJNA630824	SAMN14846011	1	SRR11721652	SINGLE	PolyA	TRANSCRIPTOMIC	ILLUMINA
SRX8280933	PRJNA630824	SAMN14846012	1	SRR11721651	SINGLE	PolyA	TRANSCRIPTOMIC	ILLUMINA
SRX8280934	PRJNA630824	SAMN14846013	1	SRR11721650	SINGLE	PolyA	TRANSCRIPTOMIC	ILLUMINA
SRX8280935	PRJNA630824	SAMN14846014	1	SRR11721649	SINGLE	PolyA	TRANSCRIPTOMIC	ILLUMINA
SRX8280936	PRJNA630824	SAMN14845997	1	SRR11721648	SINGLE	PolyA	TRANSCRIPTOMIC	ILLUMINA
SRX8280937	PRJNA630824	SAMN14846015	1	SRR11721647	SINGLE	PolyA	TRANSCRIPTOMIC	ILLUMINA
SRX8280938	PRJNA630824	SAMN14846016	1	SRR11721646	SINGLE	PolyA	TRANSCRIPTOMIC	ILLUMINA
SRX8280939	PRJNA630824	SAMN14846017	1	SRR11721645	SINGLE	PolyA	TRANSCRIPTOMIC	ILLUMINA
SRX8280940	PRJNA630824	SAMN14846018	1	SRR11721644	SINGLE	PolyA	TRANSCRIPTOMIC	ILLUMINA
SRX8280941	PRJNA630824	SAMN14846019	1	SRR11721643	SINGLE	PolyA	TRANSCRIPTOMIC	ILLUMINA
SRX8280942	PRJNA630824	SAMN14846020	1	SRR11721642	SINGLE	PolyA	TRANSCRIPTOMIC	ILLUMINA
SRX8280943	PRJNA630824	SAMN14846021	1	SRR11721641	SINGLE	PolyA	TRANSCRIPTOMIC	ILLUMINA
SRX8280944	PRJNA630824	SAMN14846022	1	SRR11721640	SINGLE	PolyA	TRANSCRIPTOMIC	ILLUMINA
SRX8280945	PRJNA630824	SAMN14846023	1	SRR11721639	SINGLE	PolyA	TRANSCRIPTOMIC	ILLUMINA
SRX8280946	PRJNA630824	SAMN14846024	1	SRR11721638	SINGLE	PolyA	TRANSCRIPTOMIC	ILLUMINA
SRX8280947	PRJNA630824	SAMN14845998	1	SRR11721637	SINGLE	PolyA	TRANSCRIPTOMIC	ILLUMINA
SRX8280948	PRJNA630824	SAMN14845999	1	SRR11721636	SINGLE	PolyA	TRANSCRIPTOMIC	ILLUMINA
SRX8280949	PRJNA630824	SAMN14846000	1	SRR11721635	SINGLE	PolyA	TRANSCRIPTOMIC	ILLUMINA
SRX8280950	PRJNA630824	SAMN14846001	1	SRR11721634	SINGLE	PolyA	TRANSCRIPTOMIC	ILLUMINA
SRX8280951	PRJNA630824	SAMN14846002	1	SRR11721633	SINGLE	PolyA	TRANSCRIPTOMIC	ILLUMINA
SRX8280952	PRJNA630824	SAMN14846003	1	SRR11721632	SINGLE	PolyA	TRANSCRIPTOMIC	ILLUMINA
SRX8280953	PRJNA630824	SAMN14846004	1	SRR11721631	SINGLE	PolyA	TRANSCRIPTOMIC	ILLUMINA
SRX8280954	PRJNA630824	SAMN14845995	1	SRR11721630	SINGLE	PolyA	TRANSCRIPTOMIC	ILLUMINA
SRX8280955	PRJNA630824	SAMN14845996	1	SRR11721629	SINGLE	PolyA	TRANSCRIPTOMIC	ILLUMINA
SRX8707281	PRJNA645419	SAMN15504220	1	SRR12194152	PAIRED	unspecified	TRANSCRIPTOMIC	ILLUMINA
SRX8707282	PRJNA645419	SAMN15504220	1	SRR12194151	PAIRED	unspecified	TRANSCRIPTOMIC	ILLUMINA
SRX8707283	PRJNA645419	SAMN15504220	1	SRR12194150	PAIRED	unspecified	TRANSCRIPTOMIC	ILLUMINA
SRX8707286	PRJNA645419	SAMN15504221	1	SRR12194147	PAIRED	unspecified	TRANSCRIPTOMIC	ILLUMINA
SRX8707287	PRJNA645419	SAMN15504221	1	SRR12194146	PAIRED	unspecified	TRANSCRIPTOMIC	ILLUMINA
SRX8707288	PRJNA645419	SAMN15504221	1	SRR12194145	PAIRED	unspecified	TRANSCRIPTOMIC	ILLUMINA
SRX9074576	PRJNA661407	SAMN16057385	1	SRR12587967	PAIRED	PolyA	TRANSCRIPTOMIC	ILLUMINA
SRX9074577	PRJNA661407	SAMN16057385	1	SRR12587966	PAIRED	PolyA	TRANSCRIPTOMIC	ILLUMINA
SRX9074578	PRJNA661407	SAMN16057385	1	SRR12587965	PAIRED	PolyA	TRANSCRIPTOMIC	ILLUMINA
SRX9074579	PRJNA661407	SAMN16057385	1	SRR12587964	PAIRED	PolyA	TRANSCRIPTOMIC	ILLUMINA
SRX9101117	PRJNA662582	SAMN16089553	2	SRR12618082;SRR12618083	SINGLE	cDNA	TRANSCRIPTOMIC	ILLUMINA
SRX9101118	PRJNA662582	SAMN16089552	2	SRR12618084;SRR12618085	SINGLE	cDNA	TRANSCRIPTOMIC	ILLUMINA
SRX9101119	PRJNA662582	SAMN16089551	2	SRR12618086;SRR12618087	SINGLE	cDNA	TRANSCRIPTOMIC	ILLUMINA
SRX9101120	PRJNA662582	SAMN16089550	2	SRR12618088;SRR12618089	SINGLE	cDNA	TRANSCRIPTOMIC	ILLUMINA
SRX9101121	PRJNA662582	SAMN16089549	4	SRR12618090;SRR12618091;SRR12618092;SRR12618093	SINGLE	cDNA	TRANSCRIPTOMIC	ILLUMINA
SRX9101122	PRJNA662582	SAMN16089547	2	SRR12618094;SRR12618095	SINGLE	cDNA	TRANSCRIPTOMIC	ILLUMINA
SRX9101123	PRJNA662582	SAMN16089546	2	SRR12618096;SRR12618097	SINGLE	cDNA	TRANSCRIPTOMIC	ILLUMINA
SRX9101124	PRJNA662582	SAMN16089545	2	SRR12618098;SRR12618099	SINGLE	cDNA	TRANSCRIPTOMIC	ILLUMINA
SRX9101125	PRJNA662582	SAMN16089593	2	SRR12618100;SRR12618101	SINGLE	cDNA	TRANSCRIPTOMIC	ILLUMINA
SRX9101126	PRJNA662582	SAMN16089592	2	SRR12618102;SRR12618103	SINGLE	cDNA	TRANSCRIPTOMIC	ILLUMINA
SRX9101127	PRJNA662582	SAMN16089591	2	SRR12618104;SRR12618105	SINGLE	cDNA	TRANSCRIPTOMIC	ILLUMINA
SRX9101128	PRJNA662582	SAMN16089590	2	SRR12618106;SRR12618107	SINGLE	cDNA	TRANSCRIPTOMIC	ILLUMINA
SRX9101129	PRJNA662582	SAMN16089588	4	SRR12618108;SRR12618109;SRR12618110;SRR12618111	SINGLE	cDNA	TRANSCRIPTOMIC	ILLUMINA
SRX9101130	PRJNA662582	SAMN16089587	2	SRR12618112;SRR12618113	SINGLE	cDNA	TRANSCRIPTOMIC	ILLUMINA
SRX9101131	PRJNA662582	SAMN16089586	2	SRR12618114;SRR12618115	SINGLE	cDNA	TRANSCRIPTOMIC	ILLUMINA
SRX9101132	PRJNA662582	SAMN16089585	2	SRR12618116;SRR12618117	SINGLE	cDNA	TRANSCRIPTOMIC	ILLUMINA
SRX9101133	PRJNA662582	SAMN16089584	4	SRR12618118;SRR12618119;SRR12618120;SRR12618121	SINGLE	cDNA	TRANSCRIPTOMIC	ILLUMINA
SRX9101134	PRJNA662582	SAMN16089583	2	SRR12618122;SRR12618123	SINGLE	cDNA	TRANSCRIPTOMIC	ILLUMINA
SRX9101135	PRJNA662582	SAMN16089582	2	SRR12618124;SRR12618125	SINGLE	cDNA	TRANSCRIPTOMIC	ILLUMINA
SRX9101136	PRJNA662582	SAMN16089581	2	SRR12618126;SRR12618127	SINGLE	cDNA	TRANSCRIPTOMIC	ILLUMINA
SRX9101137	PRJNA662582	SAMN16089580	2	SRR12618128;SRR12618129	SINGLE	cDNA	TRANSCRIPTOMIC	ILLUMINA
SRX9101138	PRJNA662582	SAMN16089579	2	SRR12618130;SRR12618131	SINGLE	cDNA	TRANSCRIPTOMIC	ILLUMINA
SRX9101139	PRJNA662582	SAMN16089578	2	SRR12618132;SRR12618133	SINGLE	cDNA	TRANSCRIPTOMIC	ILLUMINA
SRX9101140	PRJNA662582	SAMN16089597	2	SRR12618134;SRR12618135	SINGLE	cDNA	TRANSCRIPTOMIC	ILLUMINA
SRX9101141	PRJNA662582	SAMN16089596	2	SRR12618136;SRR12618137	SINGLE	cDNA	TRANSCRIPTOMIC	ILLUMINA
SRX9101142	PRJNA662582	SAMN16089594	2	SRR12618138;SRR12618139	SINGLE	cDNA	TRANSCRIPTOMIC	ILLUMINA
