matrix_column	run_accession	source_gene_counts	source_compressed_sha256	count_vector_sha256	total_assigned_counts	gene_rows
2	DRR091430	/cephyr/users/mayoa/Vera/hpc_rnaseq_production_results/2026-09-10/runs/DRR091430/gene_counts.tsv.gz	d0283eb88efa478bb11ae55b818ecb7dd6cec7809dd4dddabe36abaee50541d3	bbddb3ffb6346a82abbc05054b798cfdcca0743bcf2e533150524fa8c5a4e1de	6283340	27775
3	DRR091431	/cephyr/users/mayoa/Vera/hpc_rnaseq_production_results/2026-09-10/runs/DRR091431/gene_counts.tsv.gz	664ab9400ae8dbb058b2f573522980b442d8f76124c60c461361cb4d85ba1f06	16d68ee297424d642fff07fcbec231f46b12b0ca04401a0cd2c660996ac3d4f7	4149524	27775
4	DRR091432	/cephyr/users/mayoa/Vera/hpc_rnaseq_production_results/2026-09-10/runs/DRR091432/gene_counts.tsv.gz	01f3752eabe280f78003209ef4d5e1bae96f94c8ab3208073c6ca7df7a058055	2e7c31f0d6d9facbc1611a82fb12a41eb6e568e3953e9f670fc93db8b92f60ab	3665454	27775
5	DRR091433	/cephyr/users/mayoa/Vera/hpc_rnaseq_production_results/2026-09-10/runs/DRR091433/gene_counts.tsv.gz	3536c964c8372cfa68d0b399a4b965b5fb0d379f013b3af5865be0ba8d68f79b	56220f3b4ccdd200974f4b2bddbf9eb876c4519ec825c1e78614aca3c4fe9104	3851113	27775
6	DRR091434	/cephyr/users/mayoa/Vera/hpc_rnaseq_production_results/2026-09-10/runs/DRR091434/gene_counts.tsv.gz	1543ce291c9540064631c63972d0d4336ba6e5b92808cc4eee03d7fe951864d2	6cf04e4cc48734b4bf532ac29a8d611caec2c3d605cf06dcc5db249fa4bef08f	4238163	27775
7	DRR091435	/cephyr/users/mayoa/Vera/hpc_rnaseq_production_results/2026-09-10/runs/DRR091435/gene_counts.tsv.gz	9809d0b7cb7296168d4dc2e0dbc8f85cde6c7d162e404641d7d32d591dcb1583	e29ea220ff6623afedb7689145125579b0c4ae0d164102f1f6ec1ee4f16de4b5	5311798	27775
8	DRR091436	/cephyr/users/mayoa/Vera/hpc_rnaseq_production_results/2026-09-10/runs/DRR091436/gene_counts.tsv.gz	6660b20cec8e300350de1b67850fed9a440c3832b459bc726576c0faebc652b6	a9f5013feee88584e0cc364e43ff8e05750f4711e78c311be508a716b95229c3	4501841	27775
9	DRR091437	/cephyr/users/mayoa/Vera/hpc_rnaseq_production_results/2026-09-10/runs/DRR091437/gene_counts.tsv.gz	78163128b224ebb798d969cc7794e8fc898d4157a8b280dffe5072ae93a2396a	425e7d7ccae33d5ffeb0dcaf6c59ea76567b0ec2c558d48b47216da961538673	4626108	27775
10	DRR091438	/cephyr/users/mayoa/Vera/hpc_rnaseq_production_results/2026-09-10/runs/DRR091438/gene_counts.tsv.gz	2bc41efb414bce515ac89ea236f15bf0ba9d4a2a3996886a02aeeee3541af35e	7f56d72edd5b43537656140bb48ced0cef21faa18469c6d5cbea445ffd79cd89	4835355	27775
11	DRR091439	/cephyr/users/mayoa/Vera/hpc_rnaseq_production_results/2026-09-10/runs/DRR091439/gene_counts.tsv.gz	b69176edf4b7b1897d84cb5446a5d880873e5c98f12d760758bf2ff05b0472bd	0417ce7a5576fd15358037143681d2daba81c0e6635062e7ba82d7cec0dd2079	8791549	27775
12	DRR091440	/cephyr/users/mayoa/Vera/hpc_rnaseq_production_results/2026-09-10/runs/DRR091440/gene_counts.tsv.gz	221e92082a10f8c5ca8ff2f9fb87afd2c2b739f10fd57d252230c7340ff7541e	068171af04d14258e479b36a0a93427359357e4a7a575c66f298083cb29bcf23	10550377	27775
13	DRR093872	/cephyr/users/mayoa/Vera/hpc_rnaseq_production_results/2026-09-10/runs/DRR093872/gene_counts.tsv.gz	fc59eb903fa338820769fa5f4da9183f742e959a88feef426831b676858c6666	34f6833fc2290adbe8cd1f0637ca4ab8bea4a2393e1966b074bedef8caebe0a3	30299815	27775
14	DRR093873	/cephyr/users/mayoa/Vera/hpc_rnaseq_production_results/2026-09-10/runs/DRR093873/gene_counts.tsv.gz	8ff3f8bd6e6b7677bc4752d3bff357b5de349dc8f23cf31ed25fdb2155865ab1	950d66b5d00d3d23afeaa4dd0a9e503a4a113c8ba4c490782b6e42bb60187e8f	34224531	27775
15	DRR093874	/cephyr/users/mayoa/Vera/hpc_rnaseq_production_results/2026-09-10/runs/DRR093874/gene_counts.tsv.gz	bc20bb8713dc22ced4d7ef5c0060e5f6a48fdc612209a456cc0647e2f355e1a6	caada7b8f298ebe0727fd346d6bccc00d9ef06fba843796df0bcf75d249a7465	33201508	27775
16	DRR093875	/cephyr/users/mayoa/Vera/hpc_rnaseq_production_results/2026-09-10/runs/DRR093875/gene_counts.tsv.gz	a35e837c150bfbfc044b3535bba13bb57d9dc3586826a9941c9dbed3b8bd8572	013cba55d6e5b2152eff7e277326bda8d8af7ce0c245ee2ccb10c4f35407c639	32329141	27775
17	DRR096596	/cephyr/users/mayoa/Vera/hpc_rnaseq_production_results/2026-09-10/runs/DRR096596/gene_counts.tsv.gz	03c8eadef7724e6db06c2df917a0616e831dbf8d763bc6a6adae812ec65cf449	9df9f1a04ea9bc41ddb08aa46a6cef8eb46d539a3e4314c8f423b7486a01a497	24697796	27775
18	DRR096597	/cephyr/users/mayoa/Vera/hpc_rnaseq_production_results/2026-09-10/runs/DRR096597/gene_counts.tsv.gz	a4ba66a204a15b3d4cc9e976a83b489aa4c3cdccbf4cfe578823ed6e9ee1efcc	91647f558f2e854e7a3f7be19bf8d09cdff95259d5c741ff90ddaa454e3f9b4c	21768869	27775
19	DRR096598	/cephyr/users/mayoa/Vera/hpc_rnaseq_production_results/2026-09-10/runs/DRR096598/gene_counts.tsv.gz	512de68fb65d5209bfb87b343322541b8348d8802bb6b0f8f569300e962b3eb4	802456e2355f12ae95ed947f03cb370268c2fd8e307b7637b0e0fd943a43c037	3705458	27775
20	DRR096599	/cephyr/users/mayoa/Vera/hpc_rnaseq_production_results/2026-09-10/runs/DRR096599/gene_counts.tsv.gz	715f28bb07d2ff31b62f9b19f5e7981b96410a21487af7e175f55cf0de1ead18	caa0660cbc84d59106caab9f0fdcdfaa99c2a9a58e21e016649bd74e1469d65c	4641225	27775
21	DRR096600	/cephyr/users/mayoa/Vera/hpc_rnaseq_production_results/2026-09-10/runs/DRR096600/gene_counts.tsv.gz	046bc27d4e2ce1bf852ea3c7409fe9e5e0092c055bd3ffea223028005611123d	e2a2355ab48896d435ffc37e1c6ecb104ea21168cb94f20d3b8bfdf125e69638	14924589	27775
22	DRR096601	/cephyr/users/mayoa/Vera/hpc_rnaseq_production_results/2026-09-10/runs/DRR096601/gene_counts.tsv.gz	ea713a548a101d0d4915214787c08075563d9a7e450e5ac9682ac65d35342294	acc8d1abc68a400b8f9981f972b7473af9360324779c9f30871749a3ec5f6b7f	14787254	27775
23	DRR096602	/cephyr/users/mayoa/Vera/hpc_rnaseq_production_results/2026-09-10/runs/DRR096602/gene_counts.tsv.gz	7a4ac179e3dccf491c4b700ede2fc6ac5ee7617693879df2b82c2f24d1d045c3	81b2cda5b7eaca29f84fe307fe79d7dd157d140504e70b3eafbf0abcb0a57f37	16027683	27775
24	DRR096603	/cephyr/users/mayoa/Vera/hpc_rnaseq_production_results/2026-09-10/runs/DRR096603/gene_counts.tsv.gz	7dde97a6ebd652861a35f1c6a5794ffe14ab0780cc33d4a9aced080ada0d376e	a168c7ff2c250fc6c7898253284a704fcf3e3fa55d42370ad559ec9f1e3133e6	14374537	27775
25	DRR099453	/cephyr/users/mayoa/Vera/hpc_rnaseq_production_results/2026-09-10/runs/DRR099453/gene_counts.tsv.gz	484f30da86882913b19e0c2b577fd28143db2888c2c4bc3c13b254ec228c1e6b	6c899c377a51e49f15fee575e6e8eec53a62bad19f9917f3b21842834e4b187e	4692245	27775
26	DRR099454	/cephyr/users/mayoa/Vera/hpc_rnaseq_production_results/2026-09-10/runs/DRR099454/gene_counts.tsv.gz	141d574e41a58ad220af02d26edec129af09338efcd1cfce3eb1d7c854824b39	5e097a6960822047ba93ae9d8f4524ec49471289397a22b6f657a0bf1f15ac03	3639037	27775
27	DRR099455	/cephyr/users/mayoa/Vera/hpc_rnaseq_production_results/2026-09-10/runs/DRR099455/gene_counts.tsv.gz	8341386df5f8585119870e37133e7be10cd8e1667f7cdd1efb136ef8ff1f7714	392d84ef1b2739a86e47c191da8e48c408987ef6f98046a58d05a04d3d383703	4654052	27775
28	DRR099456	/cephyr/users/mayoa/Vera/hpc_rnaseq_production_results/2026-09-10/runs/DRR099456/gene_counts.tsv.gz	b04e5805ef0cd9d94d784d6f6b7f31be04fc871012172f73727aebce19e036a6	e22af251745369cb9ba93809d6dd32254027db433e9ad5f4b5007705af32c701	4197401	27775
29	DRR099457	/cephyr/users/mayoa/Vera/hpc_rnaseq_production_results/2026-09-10/runs/DRR099457/gene_counts.tsv.gz	6b92f45e2bc317753025c3acc2584d7e210c76f1f73197b1277fa177e66f1678	69fc7f6e10994bbf233c2859a90359fa14c7cf7f22caa4dd081cbb4027d44912	4342581	27775
30	DRR099458	/cephyr/users/mayoa/Vera/hpc_rnaseq_production_results/2026-09-10/runs/DRR099458/gene_counts.tsv.gz	51fdb6e18c6d9345d43ac58ddbf72c957cb647072e89ef793ba51e29966d3eb8	6bf92b5c75e71920acdb3a314407e8c46cad65dabf5ec4304750d0650cff93ad	4420316	27775
31	DRR099459	/cephyr/users/mayoa/Vera/hpc_rnaseq_production_results/2026-09-10/runs/DRR099459/gene_counts.tsv.gz	cdadf933a3c6b8dac4387c30e19c2c884cb507d0fceb530c7135cdfda9ce6dc1	279ed52fef730299f622f4b046bdf0d4b0e5d67502a2d978ea0f2d2a46e8bdfc	4271100	27775
32	DRR099460	/cephyr/users/mayoa/Vera/hpc_rnaseq_production_results/2026-09-10/runs/DRR099460/gene_counts.tsv.gz	ce5fb075124ee298129fd19b4da9693a63119fb2c98f6878489566f76ea0fb66	1a61b2879f85b96930ba43a019f281af54c641e5736c5c17f8ca2deffca4a3f0	4461774	27775
33	DRR099461	/cephyr/users/mayoa/Vera/hpc_rnaseq_production_results/2026-09-10/runs/DRR099461/gene_counts.tsv.gz	5c937639eb1372c872d3c000843069d98889b5f2353e322fa45131dc670e5b5e	9956c6562a64089b0872b4714cc68b60081cac4d7953ad498cf9cbefe14c8e15	4654383	27775
34	DRR099462	/cephyr/users/mayoa/Vera/hpc_rnaseq_production_results/2026-09-10/runs/DRR099462/gene_counts.tsv.gz	58c0c111fcdf185994fd56899b4065d9a499f1375e60a15b00fc5868d80a290a	06b50e1cc8505a9c56b501df788e3aed2b5e1c26cbb928ef591fdbbb312dab87	5041246	27775
35	DRR099463	/cephyr/users/mayoa/Vera/hpc_rnaseq_production_results/2026-09-10/runs/DRR099463/gene_counts.tsv.gz	2813e7688996626943501c57454508f41abdea23af6360e8044b7433530d1642	8199d1ac383c72388e398a5bd87755f51dbc4a9787adca23640fdd662d1e72d0	4705267	27775
36	DRR099464	/cephyr/users/mayoa/Vera/hpc_rnaseq_production_results/2026-09-10/runs/DRR099464/gene_counts.tsv.gz	cb8e1e8bb7ae98790f56ab5e428b79b9d25e1e060fdba7de1ead2490bcdc0e17	7957a4372ae500f53b9f562533bfae0df4513831400851a7194256a7040168dc	4671245	27775
37	DRR099465	/cephyr/users/mayoa/Vera/hpc_rnaseq_production_results/2026-09-10/runs/DRR099465/gene_counts.tsv.gz	ec817efc15eaf8c3a57609bc4bda34b004c50472b4b5345fdd7859228a32be72	e624ece21ff785c1be466d78ef62204e21e2dbbdcd7c2442b365596825b60198	4175624	27775
38	DRR099466	/cephyr/users/mayoa/Vera/hpc_rnaseq_production_results/2026-09-10/runs/DRR099466/gene_counts.tsv.gz	cbbae7750e629a14e2b5376aade8bc8b40915e1f11eb8dbbc7468aa25b79ffc4	83f14fdc11234f4c9c5834125194592276278b8c9053aa68107ba486bbc70989	5035036	27775
39	DRR099467	/cephyr/users/mayoa/Vera/hpc_rnaseq_production_results/2026-09-10/runs/DRR099467/gene_counts.tsv.gz	273c6409f41e181e9c99e5e166df4313e3e418bd7fd7b2ab4199927d801aeeac	11770e9908b6d6172bae93cba9c2a05f1aa80f079e2338b8d0f3502924f30238	4726953	27775
40	DRR099468	/cephyr/users/mayoa/Vera/hpc_rnaseq_production_results/2026-09-10/runs/DRR099468/gene_counts.tsv.gz	12e7a97b940d9544c20817ca7b7e0e30723c21631b5c0b6b776f2b8d876b797e	f4f5b02586de52297386256d7aebc93ca1d0c300d6aa1c0ac1db58c1574223f9	4462421	27775
41	DRR099469	/cephyr/users/mayoa/Vera/hpc_rnaseq_production_results/2026-09-10/runs/DRR099469/gene_counts.tsv.gz	2a97ab845dcf0615735e1d5ee378b93708f5953bfde8c5793ff8d6db13b0c9fa	984e2d8c0643bb203e2ffc0d1070e126f87215d8b24ddd0badc08ec38dbaab2a	4384937	27775
42	DRR099470	/cephyr/users/mayoa/Vera/hpc_rnaseq_production_results/2026-09-10/runs/DRR099470/gene_counts.tsv.gz	545416d3642181725e38ace04340c9ff5c6f4c13c4f46cc78b4986fb59701d1a	627469e0b00c430ac44e00a8805eb92de5a07b37e9e61f55713baec9010b6e26	4344799	27775
43	DRR099471	/cephyr/users/mayoa/Vera/hpc_rnaseq_production_results/2026-09-10/runs/DRR099471/gene_counts.tsv.gz	7a0cd48052f09c8e52c58ea1d3393c4ac42de1445ce44a53195c63d3abb0e454	19bc37ee9d334131821b723f53636613cbf84eed5071ee7124d7cfb03ca0f16a	4868878	27775
44	DRR099472	/cephyr/users/mayoa/Vera/hpc_rnaseq_production_results/2026-09-10/runs/DRR099472/gene_counts.tsv.gz	cb1ecaa09a08132a36b0b9a82f3eb4a3bf5c4634b13a7177dbc44f46719e3f80	cddbe764022089d6f66c30137e1298f30f67e6241e5113b5bd8840bb90617707	4089082	27775
45	DRR099473	/cephyr/users/mayoa/Vera/hpc_rnaseq_production_results/2026-09-10/runs/DRR099473/gene_counts.tsv.gz	b9d47238a48a779f4f9e0aee3309b6dac09720dde2c79f2aa6b3218e117b8cbe	0d5118270c9eb1fffcc9b3f96e4185b833940143fb2b06b6e2eb063022a7c8aa	4375543	27775
46	DRR099474	/cephyr/users/mayoa/Vera/hpc_rnaseq_production_results/2026-09-10/runs/DRR099474/gene_counts.tsv.gz	055a529aba07f88525da256e7576b4bb65f5af7641559f3143777a74fa5efec9	173b98d6f1ba53c3b506d6caf96dc1adf414737e749462509bfbbec90ad9cdd8	4788201	27775
47	DRR099475	/cephyr/users/mayoa/Vera/hpc_rnaseq_production_results/2026-09-10/runs/DRR099475/gene_counts.tsv.gz	2e6c37fe44bedced923b9e4784b52842f8cbf49f11a554b84e923a6ab1070684	8e69c3c325a34bafc732334940234cb836042109d64e7444273bf44fdf8fa581	4434741	27775
48	DRR099476	/cephyr/users/mayoa/Vera/hpc_rnaseq_production_results/2026-09-10/runs/DRR099476/gene_counts.tsv.gz	db8bf1d95aae455644081d66744688e53d455c679791e1869d5f430e174e8a41	67bdfa9368f0bba7a5f0f3ef0de1f2a4c16f4752d8f54aea6bd625cd3bb14329	4496104	27775
49	DRR099477	/cephyr/users/mayoa/Vera/hpc_rnaseq_production_results/2026-09-10/runs/DRR099477/gene_counts.tsv.gz	ba3ed26022500f97fc8c2572e615614312df2bf5a6aee1a96fa421d594ed22aa	0baed63cfa76fbdfd1b66510e28907c3709e1cdfed7078ec007b7f1eb64f5aed	4671539	27775
50	DRR099478	/cephyr/users/mayoa/Vera/hpc_rnaseq_production_results/2026-09-10/runs/DRR099478/gene_counts.tsv.gz	27dd103a2ca2e3da04e274f6a072f6c89d13c19b2ec791c3c60f8263e97507e4	c2ea3176c9d27d3e18dfa9f5127fc146229605ed145fc50aa3399ab4b4db6c6a	4558456	27775
51	DRR099479	/cephyr/users/mayoa/Vera/hpc_rnaseq_production_results/2026-09-10/runs/DRR099479/gene_counts.tsv.gz	ffbc84e2365f7af0a835ac5ede05591c1f652655257509ade0951a0256205f19	605c39c50884d91999ad3e68769b7b0e562508f136c42d0b04c171cba2392afa	4511091	27775
52	DRR099480	/cephyr/users/mayoa/Vera/hpc_rnaseq_production_results/2026-09-10/runs/DRR099480/gene_counts.tsv.gz	cebf80801eebab207ac65216186997a4663dad568699130fa32f6126f6bc0b9b	b88676eeef70a73e8b0833db6e4fcf0629dc7ff8d845e8996d6b793b1083b1e3	4652165	27775
53	DRR099481	/cephyr/users/mayoa/Vera/hpc_rnaseq_production_results/2026-09-10/runs/DRR099481/gene_counts.tsv.gz	2616090de230351091e44dab1403456d7582ae24fe134ef38e05b3d871e22a1d	e79a07e278002daab2f1665e7284b4b4543ba90b430cd9567759ea0e942f0c52	4772263	27775
54	DRR099482	/cephyr/users/mayoa/Vera/hpc_rnaseq_production_results/2026-09-10/runs/DRR099482/gene_counts.tsv.gz	d2e31b32ae307ecc050b57f29a3eb1e1e0e2b637801773616b067821ae882ae8	b2851f01f7312d83b4ba9efdbf2dd0207b89129275bdfee30ac91773234ff3da	4633463	27775
55	DRR099483	/cephyr/users/mayoa/Vera/hpc_rnaseq_production_results/2026-09-10/runs/DRR099483/gene_counts.tsv.gz	5b6c3fe128ac79144b2e69f999fce8a257235b8f9b4fb2109a29e50ce9fd7be9	f607025d0d32602e11616094dce6aa50e11556355a2fc3c329d78f153124bfba	4746892	27775
56	DRR099484	/cephyr/users/mayoa/Vera/hpc_rnaseq_production_results/2026-09-10/runs/DRR099484/gene_counts.tsv.gz	7b44a28e1efaf8bcd25e837748f13cb3f2f669ae59e6e8a7f22c9ba5f91256db	afae71c9d10eb0843750a15ff4267d9f74a0e7e7406255eb5a39b8bb30247bc4	4524779	27775
57	DRR099485	/cephyr/users/mayoa/Vera/hpc_rnaseq_production_results/2026-09-10/runs/DRR099485/gene_counts.tsv.gz	2a37127c55e6698ed1c4f6db2e92c0b64302e075acbf7ddb2fa98b28602abd03	7e25490b8900eaec5a594163d2aaa1b744a7590e50ed2e27454bffa4bac36060	4734681	27775
58	DRR099486	/cephyr/users/mayoa/Vera/hpc_rnaseq_production_results/2026-09-10/runs/DRR099486/gene_counts.tsv.gz	b4a30055f9d6a1cc447584f19a007c6491b26ec4d0ef0b7355bcc77e08c75983	4922fdf785190b81b75de9c94d392f88efb161af111c5802b1a1a42ead356fa7	4323730	27775
59	DRR099487	/cephyr/users/mayoa/Vera/hpc_rnaseq_production_results/2026-09-10/runs/DRR099487/gene_counts.tsv.gz	91af1dd4d086fd7a6a4dcd22e3536562c61e87f4ca98aa3a6e7f721d4000378c	0ea93f212cb904e4ed3aa9292d62b1f2a710bbd6cad7ac0be878a6b9b52e0b2f	4358177	27775
60	DRR099488	/cephyr/users/mayoa/Vera/hpc_rnaseq_production_results/2026-09-10/runs/DRR099488/gene_counts.tsv.gz	70932bf30f8a99a1a5c8451b26cfd10f8f569ad28d4945900ae3bd21df319994	f6e26b95133aa3a87f10c670073f4c2bc667cdd6721f963388c7974f5156fa0a	4505234	27775
61	DRR099489	/cephyr/users/mayoa/Vera/hpc_rnaseq_production_results/2026-09-10/runs/DRR099489/gene_counts.tsv.gz	38f19232166927dbdcbe8fc572521d27e0f49abcb4bcd6867cdd7b84b76c8da3	4ca39b6c8968950cffa8a360f5881163e1b20d914e65a63e388b1e2318597d69	4473767	27775
62	DRR099490	/cephyr/users/mayoa/Vera/hpc_rnaseq_production_results/2026-09-10/runs/DRR099490/gene_counts.tsv.gz	9457eee426dd3dae1fbc684f60aaf1b3654fa6cf6ef657fda6477ba57047704c	c8bca3099776f17b2909f366bdf4346bafefec56eb04528fa4a805aa814f3f5e	4479801	27775
63	DRR099491	/cephyr/users/mayoa/Vera/hpc_rnaseq_production_results/2026-09-10/runs/DRR099491/gene_counts.tsv.gz	e0bca10fd4d46aef3df6fcf994190e57d339adbe1cad81b5e126e0b9c7b06f7a	324ac977c4669b8a895e6a7e3aaba270a06f3f1b66c74a149c572b7584ba6ea0	4451141	27775
64	DRR099492	/cephyr/users/mayoa/Vera/hpc_rnaseq_production_results/2026-09-10/runs/DRR099492/gene_counts.tsv.gz	69ab74226aab620e3fd22590af3ab1d29ab7aa27d1a8fe4d82c80e4a23c88a2d	aa17211d0ff5df44ffd79649caeb7e9275308bae5173c52b7d59cf27e98babc2	4476172	27775
65	DRR099493	/cephyr/users/mayoa/Vera/hpc_rnaseq_production_results/2026-09-10/runs/DRR099493/gene_counts.tsv.gz	3564b7e9ff229dc43b93a6b78cabf0e274ec0a2762a52dde4bb76dfb1ed81ef8	8d9c706e291b3eec74de09ecdd5b43e5d04e3128f01718aa7b24aa18421f19a0	4102772	27775
66	DRR099494	/cephyr/users/mayoa/Vera/hpc_rnaseq_production_results/2026-09-10/runs/DRR099494/gene_counts.tsv.gz	70f2dad50e31700143b2262d1382aa757c1f1a952e74e25308eb40f513360294	71401a1fe95e94f50a40fce014ee45dff83b9c5a9c5b870805fe007989044702	3491727	27775
67	DRR099495	/cephyr/users/mayoa/Vera/hpc_rnaseq_production_results/2026-09-10/runs/DRR099495/gene_counts.tsv.gz	2a748f05b95511f91ee8e7003781ba33cc6ee758e561c05b8ccfcfb6d73e94d7	74a084237c039b8a2322bc1c93be2bd4891598c79b7d232b893d2461ac0bf928	4194525	27775
68	DRR099496	/cephyr/users/mayoa/Vera/hpc_rnaseq_production_results/2026-09-10/runs/DRR099496/gene_counts.tsv.gz	e6e8be8f6a0fa80826a0a6d00b8752fa4ba58ece0dd831efc6f062449aa7fa1e	f12f3361e60914de22c00b8e6d3dbb214e46d36a4711306855139f844169a7d3	3543080	27775
69	DRR099497	/cephyr/users/mayoa/Vera/hpc_rnaseq_production_results/2026-09-10/runs/DRR099497/gene_counts.tsv.gz	b208acdb333b59ac88c0ecc3141d988dbbf3bbcf8e35f309f1101087535355f6	5f1156c380e7f37d92b9d2d0898c13e283a37ba8c5e3d91dcd17427e777dcb45	3786132	27775
70	DRR099498	/cephyr/users/mayoa/Vera/hpc_rnaseq_production_results/2026-09-10/runs/DRR099498/gene_counts.tsv.gz	294c9aaf7998982ff35971c0c90001aeb2d3f968244c397255e37593f5337f89	cf8d0906adba13b459b8240ca8e3df1f0ff628d8df94efaf51ed08d124f8bc7f	4504867	27775
71	DRR099499	/cephyr/users/mayoa/Vera/hpc_rnaseq_production_results/2026-09-10/runs/DRR099499/gene_counts.tsv.gz	9507433d3973d949b246bf277b57fc2bb2c1c2900ac75461e53fd5faae797ae8	d6e47feef332bc4136b25a46075a9d69ec11df740cb3dd72514989d1a69a5565	3944547	27775
72	DRR099500	/cephyr/users/mayoa/Vera/hpc_rnaseq_production_results/2026-09-10/runs/DRR099500/gene_counts.tsv.gz	110c86cf83391f1bce6f5b601050f363f4d68fc2da7d161c76635833a982d1d8	04a0e73e97d281af0d66caac629dbaf08218430c91ab8e9a3d057fcf727c835d	4481993	27775
73	DRR164940	/cephyr/users/mayoa/Vera/hpc_rnaseq_production_results/2026-09-10/runs/DRR164940/gene_counts.tsv.gz	bb3559f0012cc1a347c3322301f5da6858e766fc6c1f740b95f4a3a457efdf03	37b05bc095c0d63b5b54d17c8f238a566dbdd697d427be1d8f7b8fc25793c62c	13541418	27775
74	DRR164941	/cephyr/users/mayoa/Vera/hpc_rnaseq_production_results/2026-09-10/runs/DRR164941/gene_counts.tsv.gz	9d1cd708013e7502f99603e6b2dafb1ec77e4ba4a1dc86426f9760db1c8915ea	17954db7162019f6dce47a63096d8389ecee3c928e649829f44187c20c215d70	14322698	27775
75	DRR164942	/cephyr/users/mayoa/Vera/hpc_rnaseq_production_results/2026-09-10/runs/DRR164942/gene_counts.tsv.gz	d376bd1db09a04dd831aefc5ed15c3ef9855b942699fc49a65ef4b674fcb04f4	33c3f4a0c79d792ce4dfca15398d3ea940982d8872f826745559deb5a998794d	13255457	27775
76	DRR164943	/cephyr/users/mayoa/Vera/hpc_rnaseq_production_results/2026-09-10/runs/DRR164943/gene_counts.tsv.gz	bbf9ec51f7dccbdfa6e844d5d61737154b17ffa736ad46c33252f05671a32abd	31f85b3bd06b572f74bd1e51db5ae1b99d61fef2bf8480febb18a74907fb63ba	13164675	27775
77	DRR164944	/cephyr/users/mayoa/Vera/hpc_rnaseq_production_results/2026-09-10/runs/DRR164944/gene_counts.tsv.gz	3271f66aabfb784505d2f37a532d2ace9ec190d889a3e2fed784d5ded805df6b	661e74ed457e30d36d23fe553bc4458d0529c5351f277b2b6ca66cd7bae675ec	13611788	27775
78	DRR164945	/cephyr/users/mayoa/Vera/hpc_rnaseq_production_results/2026-09-10/runs/DRR164945/gene_counts.tsv.gz	795015d845f9b28a10335a24ddd4094acb5d78802b4ecfc284c093d9d11c915e	37e75d34c3bb8d2e0b8ae41ce0227dcc713ee6de2400d17a6ad8211294a39974	12720713	27775
79	DRR164946	/cephyr/users/mayoa/Vera/hpc_rnaseq_production_results/2026-09-10/runs/DRR164946/gene_counts.tsv.gz	79706f03405163112ace519cc2f7267350d572cc16073154e169f232fb8e7393	b563e94a2b04c49757d4d6fa34633b76d7227c5b519eedba9c8df14b22558eb2	14392379	27775
80	DRR164947	/cephyr/users/mayoa/Vera/hpc_rnaseq_production_results/2026-09-10/runs/DRR164947/gene_counts.tsv.gz	cabe8dd3e377b2aefb5cc951a8c0c7f6d418bc0fd57373b6fc5841cb9ea4a42c	ab952e828847022b1bbd84879c0b729992ff4b608dd76c6414b738c10357b197	12134535	27775
81	DRR164948	/cephyr/users/mayoa/Vera/hpc_rnaseq_production_results/2026-09-10/runs/DRR164948/gene_counts.tsv.gz	ddc044a8952cd5b1fabd487db6c302474c8162ceb77c767c5848d39cf4362c3f	9448755cf47331a241326b71327ece8470581e15db8742bf7935bc96cd317df6	12816347	27775
82	DRR164949	/cephyr/users/mayoa/Vera/hpc_rnaseq_production_results/2026-09-10/runs/DRR164949/gene_counts.tsv.gz	eed07031015c6cbb76c2bc12c829f8e34e856cd717becad0ad62f30b2450e359	0b7ed32828191619e968c3edfdd1858c06adbdbd6502da5bc17de3d4f088909c	14206956	27775
83	DRR164950	/cephyr/users/mayoa/Vera/hpc_rnaseq_production_results/2026-09-10/runs/DRR164950/gene_counts.tsv.gz	5b63365b61b5e5d293aac3bb8fdd19ddf8a86d7af35f4d1c1b3722043ff722b5	5332b2c73988ddf43ca7f6cdb976566742e7c90e459727033285c8f0eb3bc569	14121220	27775
84	DRR164951	/cephyr/users/mayoa/Vera/hpc_rnaseq_production_results/2026-09-10/runs/DRR164951/gene_counts.tsv.gz	0ffd86cb80804d6c53dbde175b3ed55ba8e0d4ca6934d47254632b31ef59ac36	c3ddf5b7735c9e2af27144aa4123ea9f4fcde49386718a801bce5670ff32b4fe	13066007	27775
85	DRR169269	/cephyr/users/mayoa/Vera/hpc_rnaseq_production_results/2026-09-10/runs/DRR169269/gene_counts.tsv.gz	c49fe70a3b0b0d97b76d6307b2d18534c4c66b000c4b186648fa8a1210f7218f	f7ab4006ccd8b0c6f1a89a6349810630466a734db4ba51199317885c68f3ede0	7684411	27775
86	DRR169270	/cephyr/users/mayoa/Vera/hpc_rnaseq_production_results/2026-09-10/runs/DRR169270/gene_counts.tsv.gz	568e64250195059f81fa4ceefb2d3f01d25a486588e3b7c677ccbffd631abc7c	f456eb5dedb7a429d0f69eb7f5a76a1f0cab9d9a7768a54a5cae39477fbf8aa2	6193166	27775
87	DRR169271	/cephyr/users/mayoa/Vera/hpc_rnaseq_production_results/2026-09-10/runs/DRR169271/gene_counts.tsv.gz	4f228a87b23d4674bedfd9ea8f086e0b4c89407ca09ce648fdb05facddde9d9a	dcf587ce03659172034c5d531dd5a0e04b7fe8fc9399b451d72b9879f33f2a26	6012484	27775
88	DRR169272	/cephyr/users/mayoa/Vera/hpc_rnaseq_production_results/2026-09-10/runs/DRR169272/gene_counts.tsv.gz	2b5c651944e60e4f9618deb89d12e926e44a9b03f3ee524195ea4894710f71be	733dd9d263cdd0fb578cce401accf3147a3c3be46041edb527e233e4336fc442	9010489	27775
89	DRR169273	/cephyr/users/mayoa/Vera/hpc_rnaseq_production_results/2026-09-10/runs/DRR169273/gene_counts.tsv.gz	a5641a887748000b9eb949b396671c8565edf62f5ad91dcc2666dacd6c62dca1	801d22819d494210c13d38079346870e9ce557e90280efd7c0260b16c755e450	9053521	27775
90	DRR169274	/cephyr/users/mayoa/Vera/hpc_rnaseq_production_results/2026-09-10/runs/DRR169274/gene_counts.tsv.gz	ee06bc10a03efe3b233a78517ed1c4cb7c736d10eeb92ed6a254be27f5e995a3	1fb2c6780daec584d88bb6d4f295fe6eb4d6e1533e21c52a9f2e6236a1bf38b5	8865835	27775
91	DRR169275	/cephyr/users/mayoa/Vera/hpc_rnaseq_production_results/2026-09-10/runs/DRR169275/gene_counts.tsv.gz	6ce1f32ce9a5fe1900e5d6d1d4795c3c335a04d44a7b739d9be445c2b24eda24	d935bceb733e679897c3c02fd6bfd658538049b272a6b6bdcc8bdbb6e4daebec	7274950	27775
92	DRR169276	/cephyr/users/mayoa/Vera/hpc_rnaseq_production_results/2026-09-10/runs/DRR169276/gene_counts.tsv.gz	2b0a8ce645019a03ba6646570074ded03acd9fc795aa1f899871c3070adbbca4	99718a44d2c8eddd554cf7d83bd9d6975ee713d12e14503b940810190ec4e558	7886139	27775
93	DRR169277	/cephyr/users/mayoa/Vera/hpc_rnaseq_production_results/2026-09-10/runs/DRR169277/gene_counts.tsv.gz	886b87d7337abc42d1f1d2411a22080fbfdc624af5b2e4d87063addbdc0bc0e1	b3072edb35077fe222648f5e4710550e210ad2b50e5da678883b58929f72ac63	5539996	27775
94	DRR169278	/cephyr/users/mayoa/Vera/hpc_rnaseq_production_results/2026-09-10/runs/DRR169278/gene_counts.tsv.gz	d6474f2b00e6a54a180c25c22323f01ef75de72c8b96553052d1cea65d2daf47	5d3775dee82ad666d573db310f5fb27b674e24ba59211e7368c433bd61db5b95	6526644	27775
95	DRR169279	/cephyr/users/mayoa/Vera/hpc_rnaseq_production_results/2026-09-10/runs/DRR169279/gene_counts.tsv.gz	aaf1093e7669893f1979f728652eb2e282eab1d12bd8fbfce6cd404fc718a47d	02285ae1ad743af615c0e223b704ed4773dc43e672f1059511aaf78462cb3881	7128285	27775
96	DRR169280	/cephyr/users/mayoa/Vera/hpc_rnaseq_production_results/2026-09-10/runs/DRR169280/gene_counts.tsv.gz	8b02de017fad16f8321d29a89331a85d3e368a0ad15caf85f6795a10cd043daf	d12516b7f7930cd39c898aa088702544a5998bbcb229c515da52448fbd6e8e8f	4345877	27775
97	DRR169281	/cephyr/users/mayoa/Vera/hpc_rnaseq_production_results/2026-09-10/runs/DRR169281/gene_counts.tsv.gz	36ec20d928e157faf7befc4250387deb9e3872df5f4325a0dfc5be8eebef719f	0865751b8d4499cac5f0f4c420b8e2139a18a708b5dad5336eeb2acf86629b01	4947323	27775
98	DRR169282	/cephyr/users/mayoa/Vera/hpc_rnaseq_production_results/2026-09-10/runs/DRR169282/gene_counts.tsv.gz	19575a710ac7af97fa67a318fa1a7da473460e0ac059510257fbb8442e5f0cba	4002fce32d759ca044b2f49059509f749af1f9f7c11192efda5991169d0f847f	8549832	27775
99	DRR169283	/cephyr/users/mayoa/Vera/hpc_rnaseq_production_results/2026-09-10/runs/DRR169283/gene_counts.tsv.gz	882707f7b4f29774336a590d1e55c327fb87b1e246507fd5f9791115adaf11e1	c67711dc85602cdeb2ce3d896881503436b8834161b20dd012a089cad5504708	5765145	27775
100	DRR169284	/cephyr/users/mayoa/Vera/hpc_rnaseq_production_results/2026-09-10/runs/DRR169284/gene_counts.tsv.gz	9b2f6e7ad25b931afc431d28a0cfed63e10175357e80b1ff67db4dcb79e95aa3	cdda0d085f3faab97a5a5d65631efbca48ea7348c48a05d5db84951e8a334ef5	9515253	27775
101	DRR169285	/cephyr/users/mayoa/Vera/hpc_rnaseq_production_results/2026-09-10/runs/DRR169285/gene_counts.tsv.gz	a17c56c9229133296af5121132661433f5b0caafa61f1c9e05bbc6805f9f16c2	3d1abdd0bc739c0166f53b3e49f47bf911e5859d2e6cd50b7d10183a5f9ccbb1	12989691	27775
102	DRR169286	/cephyr/users/mayoa/Vera/hpc_rnaseq_production_results/2026-09-10/runs/DRR169286/gene_counts.tsv.gz	50bc6877fe48ef1fa7dcd1a1107a3a5d499ffc0ecc5d27d254cb87e379ce66e2	4cfab3cc212a846917b0ad4cbe19190a69157f67c3cc3cb73fa6b5a2056a7522	5403558	27775
103	DRR169287	/cephyr/users/mayoa/Vera/hpc_rnaseq_production_results/2026-09-10/runs/DRR169287/gene_counts.tsv.gz	8136ef7ce8aeef80614339926e9f4e51f589b637841be51087249de10c7347f9	e606418b4f2091ac33242e21e605879090ce163d6846ab0cb05779277ad48b56	6861684	27775
104	DRR169288	/cephyr/users/mayoa/Vera/hpc_rnaseq_production_results/2026-09-10/runs/DRR169288/gene_counts.tsv.gz	60e522ae298e9c7905336bdfc241da9acefbb952b310a3a98d1d24fb9479352c	d7c42952ffb046949bc0205fcfb630bde28f2180e8ff11705a664fca618c92f6	7182897	27775
105	DRR169289	/cephyr/users/mayoa/Vera/hpc_rnaseq_production_results/2026-09-10/runs/DRR169289/gene_counts.tsv.gz	414509b9be4ec376eec256a9bb15c5c483f6fb9f26b08ba4783ebb22147e0143	d9dff223b1fb6cd3e07a29bf1ea4b5123446f70100b04c8343e69c95d3f0ae0a	5843120	27775
106	DRR169290	/cephyr/users/mayoa/Vera/hpc_rnaseq_production_results/2026-09-10/runs/DRR169290/gene_counts.tsv.gz	4057006840d55239b3ae5a604bdb6675b66cae8acd47edd3b6539be5338cec14	bde4e8b4daef40341544e1eac6f84cb1971c89e1fee2710b5e76a5b2fa9054f8	7982295	27775
107	DRR169291	/cephyr/users/mayoa/Vera/hpc_rnaseq_production_results/2026-09-10/runs/DRR169291/gene_counts.tsv.gz	4283102bdeade5ff73a104769eac5f39ae5d91a659311c737e21e1d7f70c0a55	00f7ed4eec896a750506307855a9deb3ff1a707e12c9c37fe71ae5a37ffe505c	4740898	27775
108	DRR169292	/cephyr/users/mayoa/Vera/hpc_rnaseq_production_results/2026-09-10/runs/DRR169292/gene_counts.tsv.gz	e2574f2d207522d0c4fad0023a35a54a541954d5b61c90b17547ee0323b165b8	1041a838b11fc1894ad2e3b9861368cf084edc217e87ce922f396a98d496bf3f	4604051	27775
109	DRR169293	/cephyr/users/mayoa/Vera/hpc_rnaseq_production_results/2026-09-10/runs/DRR169293/gene_counts.tsv.gz	178d08fd14ca074e8b92d9c03293243f2381ed86fc9a7e6afdd11d80b32602b8	fea057c8aa6810f5e1c6ebf733144cef696c5d322740155c24802037cc41a08d	5874340	27775
110	DRR169294	/cephyr/users/mayoa/Vera/hpc_rnaseq_production_results/2026-09-10/runs/DRR169294/gene_counts.tsv.gz	3c5f88539b7ddc94c9db9bdd16317fbbe8a11d95984afecb5015e4b153502d48	c9b88c4396e7fa1a7f08e66b111ec4cfa399fe39d03851780dcb691ee3eaf07f	6438656	27775
111	DRR169295	/cephyr/users/mayoa/Vera/hpc_rnaseq_production_results/2026-09-10/runs/DRR169295/gene_counts.tsv.gz	9c5e32959a20b9f817147c48c1acc1cbb6c933f6747fc0fada70b49de4839bfa	2e0c838dd9f68f3a353c01f6da671e3d27658074eed6f32c1d1d1502963fc20f	9351535	27775
112	DRR169296	/cephyr/users/mayoa/Vera/hpc_rnaseq_production_results/2026-09-10/runs/DRR169296/gene_counts.tsv.gz	fbd2379c083c2dc6ae0270e4b027499b3a8bb021ca96fe01a54bea5f53a1ff5d	f471e5baf3c892a7287562ecba299f0da3330e723570c237f5a868cd5fce5fc0	7521868	27775
113	DRR169297	/cephyr/users/mayoa/Vera/hpc_rnaseq_production_results/2026-09-10/runs/DRR169297/gene_counts.tsv.gz	4c327b966801d829a963c4b16e476bab4712fbfc8bce02bcc6410a8ac47e9fa5	41b921410f86c7baac7d54d63b1f89fb96d8be0ad3a98a7b896925f3a21c7fc6	5825421	27775
114	DRR169298	/cephyr/users/mayoa/Vera/hpc_rnaseq_production_results/2026-09-10/runs/DRR169298/gene_counts.tsv.gz	09ea8905d3df12a776e47dffd61be32bec37d11cad7e14612402e5fbeabd6336	3bd11e4284c2dd2de5aeceade7ef95b4b2d936daca0992934325e6d2fe198a1a	5010155	27775
115	DRR169299	/cephyr/users/mayoa/Vera/hpc_rnaseq_production_results/2026-09-10/runs/DRR169299/gene_counts.tsv.gz	143d4e05909f1c756a6f9f7488cc52f90929f2772e57544158c01b268c366ba7	dfc2ccb0553a8ea11d9b42665097b020e5e9b06ed52307bcd371334433cf21a5	9074724	27775
116	DRR169300	/cephyr/users/mayoa/Vera/hpc_rnaseq_production_results/2026-09-10/runs/DRR169300/gene_counts.tsv.gz	55cb5fd60678bc50f9547bc33cb34ab0840e2206605b54fc78a92435d83eb202	b3ccfb65299c77e34aa717db981053d48fbbb8c383475c72fbf98b6efbbd8d84	8673080	27775
117	DRR169301	/cephyr/users/mayoa/Vera/hpc_rnaseq_production_results/2026-09-10/runs/DRR169301/gene_counts.tsv.gz	cd82b69d93d64ba911581737fb27856e6d4a5c61f9271d43c809c5e2e3904914	d5c7d9f29a2732e91d2c9a1aec1149ba582061909b75a123adef0753feff2751	10316549	27775
118	DRR169302	/cephyr/users/mayoa/Vera/hpc_rnaseq_production_results/2026-09-10/runs/DRR169302/gene_counts.tsv.gz	ae90d81b33bbede03da163a79e07af6638b32ceeedcaecf2beec9366c90a0f79	1a069813c0c7610480fe56379208a49994a9bfe3f38927033398c93a6401ce4d	6124646	27775
119	DRR169303	/cephyr/users/mayoa/Vera/hpc_rnaseq_production_results/2026-09-10/runs/DRR169303/gene_counts.tsv.gz	1e83e099c14d4f71a136c1bb3e1221d683073a85b2aecbc29d558cf3f9864c14	65d9e2dfd5b254cf995a2af22e27c05d99a5b14302e5a4355015954b61473976	6250601	27775
120	DRR524604	/cephyr/users/mayoa/Vera/hpc_rnaseq_production_results/2026-09-10/runs/DRR524604/gene_counts.tsv.gz	d2264525757db276adac94e3e5e04130c775c2e0979d8c9c39ca3915c852778e	9fcf2603084280a67d8f970cb8cb4d2fa9debbe0447db67af310a4520d629e9b	16353932	27775
121	DRR524605	/cephyr/users/mayoa/Vera/hpc_rnaseq_production_results/2026-09-10/runs/DRR524605/gene_counts.tsv.gz	5f89e3496cd57c937bab0180a1800e1681615e91da2afdc345fb460e432be1b0	7fab0525d8b83f1aac82a3b62ee21882ea057348e6e6816647da6ba0ee87dacd	22346178	27775
122	DRR524608	/cephyr/users/mayoa/Vera/hpc_rnaseq_production_results/2026-09-10/runs/DRR524608/gene_counts.tsv.gz	20b6e5581905e791f5633b65a5bbf976606801822e5ba54433fec6ca8a571cd5	145e3ccc74d7bb6a3a8bc246efc0376b8af2e119432cf4a02a326deeb4eccfc6	24542506	27775
123	DRR524609	/cephyr/users/mayoa/Vera/hpc_rnaseq_production_results/2026-09-10/runs/DRR524609/gene_counts.tsv.gz	912b31f81fbbc4cbdb38bb44c410e233b2ef3513940b0cb970b6b58b465cd9a2	1dbde18f71415bf17b7c04b6dec799dca88446831cd836c30733532dd1ee51e3	17833915	27775
124	DRR524612	/cephyr/users/mayoa/Vera/hpc_rnaseq_production_results/2026-09-10/runs/DRR524612/gene_counts.tsv.gz	b9aabccaad085bbc1a8a042ca8b5c339b70d86d98280842da8e61339b34b5df6	0d1033591f23b7e7aaf91ea570f6e8ee83dd4698c6515520f272a2eb07291083	24776394	27775
125	DRR524613	/cephyr/users/mayoa/Vera/hpc_rnaseq_production_results/2026-09-10/runs/DRR524613/gene_counts.tsv.gz	8ac8b3e46af97d699363a7338b2b0a2dafd6746a568c48f251650582325bb0c1	5c0c4f186880eeb148c3ba7587f59b7f6ddd2f1f31d202b0d05c2498c7d9ecd8	21124829	27775
126	DRR524616	/cephyr/users/mayoa/Vera/hpc_rnaseq_production_results/2026-09-10/runs/DRR524616/gene_counts.tsv.gz	9beaef06c00ce617a3c1cb9eb148afaada5aeab5f9295a8c65e22c27dbcea4a5	6e9899e72b53dd00080c9bd31f0165883c4d9b4f7e0dd57bdbaa4af33cb2ef62	23816671	27775
127	DRR524617	/cephyr/users/mayoa/Vera/hpc_rnaseq_production_results/2026-09-10/runs/DRR524617/gene_counts.tsv.gz	7e35f0b8eca3212ad77574a1edbb924415e8b74beab12be1604f383618cbbbd9	0b9928f8a0953ce682a656393a01c761610f5cd6cb72d913bc674ef4c4683dac	26599556	27775
128	DRR524620	/cephyr/users/mayoa/Vera/hpc_rnaseq_production_results/2026-09-10/runs/DRR524620/gene_counts.tsv.gz	2479046315170775946a026b693b31972009cd3294f3a660d4e2412190eacd3a	5a24bc941537dafb5dcf15ca3ed6c2381b6de88b3628722c8b43301c50f35109	19038099	27775
129	DRR524621	/cephyr/users/mayoa/Vera/hpc_rnaseq_production_results/2026-09-10/runs/DRR524621/gene_counts.tsv.gz	4c7a4c68b48a616fef6f089ccde540ae55e9beab49b2e1c6a4050b63db95365a	86d69694f764b9ec9f4394ecb620fdc413d094ab0c6982814fc38faa5cf2137e	26584631	27775
130	DRR524624	/cephyr/users/mayoa/Vera/hpc_rnaseq_production_results/2026-09-10/runs/DRR524624/gene_counts.tsv.gz	9f5815041fe3debf48608fbe4d3fb609835df16338a6bc6747a4a0cdf16ae20d	34e16e25be431d0aeed5eabb9b4d822e5d3bf70443df8f5f91987e4969668fdd	23383420	27775
131	DRR524625	/cephyr/users/mayoa/Vera/hpc_rnaseq_production_results/2026-09-10/runs/DRR524625/gene_counts.tsv.gz	2e3222e13c2769180ca3cdb821373aa8cd46193f6f262b6716c2ddfefddadfd8	ef85b44079e7b6954972d4409bbcdc9c143454d59d0caa27e03dce346b05ff22	20761613	27775
132	DRR524628	/cephyr/users/mayoa/Vera/hpc_rnaseq_production_results/2026-09-10/runs/DRR524628/gene_counts.tsv.gz	10320dfceb6f5be94e11abb173e0c0f7502a5a6102a5d6353ed3a3bf1dec3c79	6f33382618478e218595438392431a8ed4b3ec353c126f83f232a3d10e848992	23315791	27775
133	DRR524629	/cephyr/users/mayoa/Vera/hpc_rnaseq_production_results/2026-09-10/runs/DRR524629/gene_counts.tsv.gz	34cbbe631d264870ba8858c66a26fc09005cbfe03a990b57affe2c44128bca97	9061569f908d8ba125ad0ea31454865de276f300d6e1b1ceb5aa2daa23bdff64	24438715	27775
134	DRR706779	/cephyr/users/mayoa/Vera/hpc_rnaseq_production_results/2026-09-10/runs/DRR706779/gene_counts.tsv.gz	964e2084b8ea7b16d7a48b1617df1d42fe3cd40d5f84aa835a72eabc1d9f8101	f27bdaaf4e5ea60c4272e50c1df77fb1d904b0a219df38cb21d42f6f2e8e7370	13191993	27775
135	DRR706780	/cephyr/users/mayoa/Vera/hpc_rnaseq_production_results/2026-09-10/runs/DRR706780/gene_counts.tsv.gz	1e01a3d37c5f49b2f22ad17d268b8e37a52693034fba57022757cde7205ad28f	8949e84e81ffd34e7b2108c01c269c0e7e9a7d8cf87781fed6242623201ce9aa	10676200	27775
136	DRR706781	/cephyr/users/mayoa/Vera/hpc_rnaseq_production_results/2026-09-10/runs/DRR706781/gene_counts.tsv.gz	68576a2952b3aa20e6101fd38af9e616e8498cf5b66da61077e57a97c4e61d94	7db3772f3d6657235cffe6752a4326a9aa8591c0704aaa779a7aa5289daf67aa	16635877	27775
137	DRR706782	/cephyr/users/mayoa/Vera/hpc_rnaseq_production_results/2026-09-10/runs/DRR706782/gene_counts.tsv.gz	1a564f9d5952b7542399dff4c7ad1832d9416b9cab59cd0acca279c8372ef83d	a2ecfdc355e694202ba3d172b1b0b92fcd12ad6257ef92e8f2064006162ddcd6	17529876	27775
138	DRR706783	/cephyr/users/mayoa/Vera/hpc_rnaseq_production_results/2026-09-10/runs/DRR706783/gene_counts.tsv.gz	53f166cf00b8d21dd17490f2caaf95c0ed09b1e2a8f507603fa8d2ce9da1712b	88f9ddf182917791cbc61d51c674e5e9e2af5bfc123a496c316f26cf0624a0a4	18075105	27775
139	DRR706784	/cephyr/users/mayoa/Vera/hpc_rnaseq_production_results/2026-09-10/runs/DRR706784/gene_counts.tsv.gz	783620b1543e7b4259c1ba6bf106b479130ac5bfa0653566140b6dbaccf2a2ba	66427dd117535ba159e014adb9ae3ffadcd5bad9d8de9843df7ee8a730762227	16049963	27775
140	DRR706788	/cephyr/users/mayoa/Vera/hpc_rnaseq_production_results/2026-09-10/runs/DRR706788/gene_counts.tsv.gz	e01164aa11b85536565471f6a57287bd79d263f0c5f69918065ed8c08830c294	c1e15b004dc1379ef9794cfdfcd45b154a072cd8309ab37c4c9f4983fe6c30f6	18047797	27775
141	DRR706789	/cephyr/users/mayoa/Vera/hpc_rnaseq_production_results/2026-09-10/runs/DRR706789/gene_counts.tsv.gz	aca678e9202ef9e777067d68d24803c8b6564677d830009e2de969efe5d25faa	34c97b5a66da673f03a257ac73ec17899d5d3d17933b3710874301619a6dce3d	3256868	27775
142	DRR706790	/cephyr/users/mayoa/Vera/hpc_rnaseq_production_results/2026-09-10/runs/DRR706790/gene_counts.tsv.gz	ac1fe777d0c62c9dcd8136183c494cfa87c88c71e9a7e910e37abbe5e5e04549	3b4f1c7d89d0ba38eb3060b4f994c34ab2c0cbc4ca5e2fc76fdae434580036af	17319752	27775
143	ERR10745711	/cephyr/users/mayoa/Vera/hpc_rnaseq_production_results/2026-09-10/runs/ERR10745711/gene_counts.tsv.gz	c3dc693a70b8d9db42d106a5588390f99336de906e62f2ad4d74d423365757b0	1685c69f704078b97f79e99ef179528405c9054c59b42c244f30e75326de3b67	10454827	27775
144	ERR10745712	/cephyr/users/mayoa/Vera/hpc_rnaseq_production_results/2026-09-10/runs/ERR10745712/gene_counts.tsv.gz	33e57cd2277f9ab386737798ecfa459ee7b2d1f4d38346b40dcb8a4c2b33848b	2cc43aec08435970398f33ba03bbc30dd5131ada51c2a78474c56ab689a7e90c	10314433	27775
145	ERR10745713	/cephyr/users/mayoa/Vera/hpc_rnaseq_production_results/2026-09-10/runs/ERR10745713/gene_counts.tsv.gz	faea1bb5d3cb8c4224d2db47ac935c0c83efdf0006d342a6d8f7515fa7058422	800bdcae053a2c4be58a2cd27a16890596aea088e7c41ed902aea940af696762	10265223	27775
146	ERR10745714	/cephyr/users/mayoa/Vera/hpc_rnaseq_production_results/2026-09-10/runs/ERR10745714/gene_counts.tsv.gz	817c5cae33b1b8a876e1e693d3af921cdd4bd53cbd9caf7ea9023e5da3819dec	c0c7ef319f2243c231b32f2456892751c27b7371ce127c6d1cba83d73468f4b7	10316099	27775
147	ERR10745715	/cephyr/users/mayoa/Vera/hpc_rnaseq_production_results/2026-09-10/runs/ERR10745715/gene_counts.tsv.gz	d5a7ca6e019e080ff893d33d4661c3f68ddad1bdf9e0ea6a37dfd8682710c1c5	c6888b62802282cc2e548fbe45143b23aaeae879aa0f8e481011de6e9536af90	10019889	27775
148	ERR10745716	/cephyr/users/mayoa/Vera/hpc_rnaseq_production_results/2026-09-10/runs/ERR10745716/gene_counts.tsv.gz	31363e4ef64ef75d4a607938f772e2829c09d52059be02e27b077d4b6d8915c5	c47f8a5e4ea19112360f1e0fda39dd24f4eb3a90c76c8d4bfa141a2aa1a135c5	9897975	27775
149	ERR10745717	/cephyr/users/mayoa/Vera/hpc_rnaseq_production_results/2026-09-10/runs/ERR10745717/gene_counts.tsv.gz	7dd5abd65080e8f982f81cc946e5b283c04a75a5b29ebc2e58a910dc5c7f05f4	cfc99befddae5754645daf5331bc5006ce341a52c582d9e3a1d23235634a587b	9903490	27775
150	ERR10745718	/cephyr/users/mayoa/Vera/hpc_rnaseq_production_results/2026-09-10/runs/ERR10745718/gene_counts.tsv.gz	b88a32c2926b9d2af6535adc220d27a01356ac41bd0d93b32140bfbd342e0906	2dd6db43c954dae6e9a12da3a5a947cc2929038e21811bb8fb81d27ac21993ff	9962240	27775
151	ERR10745719	/cephyr/users/mayoa/Vera/hpc_rnaseq_production_results/2026-09-10/runs/ERR10745719/gene_counts.tsv.gz	66b654d7bc935b6ff2b26d591aa8510f858a5b3ec53051e1c94b25b7e0f2c9ee	155accca1c3324af67addcd4a100dd80807adfab90a597787c04494328f94459	11540611	27775
152	ERR10745720	/cephyr/users/mayoa/Vera/hpc_rnaseq_production_results/2026-09-10/runs/ERR10745720/gene_counts.tsv.gz	eddc47ed1c3705595efe362015a2e14b52cc0ca0e97c72be904b5ab7f2e068cc	6537b805ff5e6ac0bf5a9ad5f1605da2c2ace40be6af6e42449c42604c374716	11441190	27775
153	ERR10745721	/cephyr/users/mayoa/Vera/hpc_rnaseq_production_results/2026-09-10/runs/ERR10745721/gene_counts.tsv.gz	60423b914ea1963e85e63c869fe143693626e9a3b1e078682a17d6ca201da46e	222c0f56559598fa457b9b1a9ad669e8b01ce9139bfe690975ece73aa5572899	11414856	27775
154	ERR10745722	/cephyr/users/mayoa/Vera/hpc_rnaseq_production_results/2026-09-10/runs/ERR10745722/gene_counts.tsv.gz	31024b0074d21be401f504c01686d24726dc4f85f0e4bee7401c0b1d8fbfe5a1	d5c611cc123aa771121a2b6ccedfa6b01e24e2ecaf538a3ece5ef300aa65478b	11499870	27775
155	ERR10745723	/cephyr/users/mayoa/Vera/hpc_rnaseq_production_results/2026-09-10/runs/ERR10745723/gene_counts.tsv.gz	58c855007f502b9050f535d46d5f5a9c8d58e986eb25ff19509a59787c26e9fd	12791d2cc014a61f152b1a1d10b75ec99789b2ca3a9340e0ac18247251020b61	10294468	27775
156	ERR10745724	/cephyr/users/mayoa/Vera/hpc_rnaseq_production_results/2026-09-10/runs/ERR10745724/gene_counts.tsv.gz	8e225fec5fb4315d81056c13e11236d873ad86a61f060455a1206e64e854fb71	bebc5616b508606c97ba9d104f9b8be406e7c7c77da858e8d38b17b913f17ceb	10275254	27775
157	ERR10745725	/cephyr/users/mayoa/Vera/hpc_rnaseq_production_results/2026-09-10/runs/ERR10745725/gene_counts.tsv.gz	622a64a881c82af7e46262c80344446bc4e729a6d6817bdc8ea20cb14f65a081	c5e9f9d9482c6d44b8b13f104fd1bf0b84a17d56e5fa76fd4bed5e409d080020	10302805	27775
158	ERR10745726	/cephyr/users/mayoa/Vera/hpc_rnaseq_production_results/2026-09-10/runs/ERR10745726/gene_counts.tsv.gz	1b132519f1bf358367cde547fbb58c41d8c5484b53121fab6a3cdd80fa98a20a	51b6113c098fa3ddb1f2b1553498957fcb8959cbdb92a6c214021c7a18ea083b	9008384	27775
159	ERR10745727	/cephyr/users/mayoa/Vera/hpc_rnaseq_production_results/2026-09-10/runs/ERR10745727/gene_counts.tsv.gz	996de19222b7895fc546b81467ab456c17d38d61ac3431cf090020970ac7c47a	b864175013d1ed7132b1750785e927e92fb5e292f4551c6874fbb127fb0812f2	8945158	27775
160	ERR10745728	/cephyr/users/mayoa/Vera/hpc_rnaseq_production_results/2026-09-10/runs/ERR10745728/gene_counts.tsv.gz	7ebfa184d4cf955650f47d2491f8bbb00dd2c5f168ce87b41e3d8c85b9a11ae8	c8b3c24547ce866e2a96bbbea824c0fe966adca55f8bd45bf46bba4d267b66fb	8813752	27775
161	ERR10745729	/cephyr/users/mayoa/Vera/hpc_rnaseq_production_results/2026-09-10/runs/ERR10745729/gene_counts.tsv.gz	9a741b2c255efee882291f720a3fdf712be981ebc038c64575e9c19dd5f5dc1f	e5e277d70ad7c96567cb9a49d5579895a86ba0a8287d01ce91827a60e9f5f15a	8661337	27775
162	ERR10745730	/cephyr/users/mayoa/Vera/hpc_rnaseq_production_results/2026-09-10/runs/ERR10745730/gene_counts.tsv.gz	1ee8d140746996f6bb615f8ff9189048ab12d31e93cb25db599430455eb9ca19	b3fa1b6504e8ab5ad20111ce260480f9b918763eef96d3302e173b5f2acd678f	11786414	27775
163	ERR10745731	/cephyr/users/mayoa/Vera/hpc_rnaseq_production_results/2026-09-10/runs/ERR10745731/gene_counts.tsv.gz	439c575cc279d151535c66dcfc93cd50ad460476e66ebc4c5b3d4fd9736501f8	585fa3414f8408173e4ca851787830f8c217c0e41d82b99d4f3d130c9f0b964a	11683754	27775
164	ERR10745732	/cephyr/users/mayoa/Vera/hpc_rnaseq_production_results/2026-09-10/runs/ERR10745732/gene_counts.tsv.gz	7a7862f0f206b8cf1356ff3ab71f06ac0765546d13cc0cfe5e7e0a1f625320c0	adef13b337010aa23c3aa33ac94690e00850cccec942463f963cd30f07b417f4	11625689	27775
165	ERR10745733	/cephyr/users/mayoa/Vera/hpc_rnaseq_production_results/2026-09-10/runs/ERR10745733/gene_counts.tsv.gz	055f42fe79fdfbe62f30f3ff3542f9ae14c14a1c1aa0a99a5ebec8e08a608f60	6f8227aa12c7363059528dccecd46bae1c96fc4effe65d6c92d5dae8e0d2d96a	11660710	27775
166	ERR10745734	/cephyr/users/mayoa/Vera/hpc_rnaseq_production_results/2026-09-10/runs/ERR10745734/gene_counts.tsv.gz	7cdaaba5f863f316c75f6c16b10a4b010d38f77ac21aed49ae4ace71092cb801	8236ae25ab15ee788b5eacd90fc322d6b1e3cb24979d6a191fe7bc63559669e2	9147547	27775
167	ERR10745735	/cephyr/users/mayoa/Vera/hpc_rnaseq_production_results/2026-09-10/runs/ERR10745735/gene_counts.tsv.gz	1c7ee4342fda66255797b2966b8ed11d127f5cf75a779d39f8f5371139ce0846	561ab3ae5d4375b6ca1d2bb420c1193e8feca75896d5043c72ddc5326e9b1661	9118967	27775
168	ERR10745736	/cephyr/users/mayoa/Vera/hpc_rnaseq_production_results/2026-09-10/runs/ERR10745736/gene_counts.tsv.gz	97baf7212c5ef8ffa6f25e411442e7490bd58b4143acec35f02d9185f80b1992	79e39694895390df3f4a1346b03d395d3e90823f203878089cefe8649da1ef43	9079135	27775
169	ERR10745737	/cephyr/users/mayoa/Vera/hpc_rnaseq_production_results/2026-09-10/runs/ERR10745737/gene_counts.tsv.gz	5b0c8c415016a0c7712d21b3bfdd8134bcaa77e7917d4f3b1750bef7ff3c4d68	c88695394ff2883c444089535f2fcda580e7ab01f276c5317adf11b22877b6f7	9115001	27775
170	ERR10745738	/cephyr/users/mayoa/Vera/hpc_rnaseq_production_results/2026-09-10/runs/ERR10745738/gene_counts.tsv.gz	16148958f079cd8f3a90b937b8c11408f40383b82f29b548622b4bbbc0d267af	86f1907e97c68c5e7d3e9be10f5f41721d30e910beaf73871860512c226277ec	10950541	27775
171	ERR10745739	/cephyr/users/mayoa/Vera/hpc_rnaseq_production_results/2026-09-10/runs/ERR10745739/gene_counts.tsv.gz	1cae1cf50c8c11027090bd79623aa28a1324059d687ce7ca06eefffe8a7ab62b	0c727a8b176614e91cbc2dfce0e9487a573bdcda179a75dad7793e65c4925c7d	10855092	27775
172	ERR10745740	/cephyr/users/mayoa/Vera/hpc_rnaseq_production_results/2026-09-10/runs/ERR10745740/gene_counts.tsv.gz	d98a065ca5f3d339e2abca47c19a7044ee4a151b0a90acd3a49a5a81f0bcca6d	bfeb1483bae646ccf5f97e907867afb8d9a2c60dec7ccb6dbc635460556e3980	10734065	27775
173	ERR10745741	/cephyr/users/mayoa/Vera/hpc_rnaseq_production_results/2026-09-10/runs/ERR10745741/gene_counts.tsv.gz	8af10e94a93ea9e9c52a2222e3cebc7c181d464b7a44145eac19ad3e5e81a5bb	36731dbbb2be4378c76094506109159e363afc2535bdbc4c6c83f061d8d6063d	10735608	27775
174	ERR10745742	/cephyr/users/mayoa/Vera/hpc_rnaseq_production_results/2026-09-10/runs/ERR10745742/gene_counts.tsv.gz	6983b2fcb058ef70272eb25c82005a808ffd634ce78b5bbedb517185f59119a6	b67f92eaecb5df910d70228ac7bc2e82dfdef262b345b9e82fee2d5beb9ec9a6	10610162	27775
175	ERR10745743	/cephyr/users/mayoa/Vera/hpc_rnaseq_production_results/2026-09-10/runs/ERR10745743/gene_counts.tsv.gz	023ab55bc97a2899aab28d3422c9f4a5b0924b200be6c9df6c8f2a9c022c2415	c72a7c28adc8e5870abb4a06066e9280a8f42e5fdbacf99ba8f7b48a77e19e0c	10456556	27775
176	ERR10745744	/cephyr/users/mayoa/Vera/hpc_rnaseq_production_results/2026-09-10/runs/ERR10745744/gene_counts.tsv.gz	3a275cd7cf83c87de23623362a8a74eec24ebd71390e3c27255e9635ba55a659	5654646e0bd72d3dca0370aa82e3bd9d8f7c5d018170808acc7dbc3f873b5b93	10413640	27775
177	ERR10745745	/cephyr/users/mayoa/Vera/hpc_rnaseq_production_results/2026-09-10/runs/ERR10745745/gene_counts.tsv.gz	d8e82c9a761a8655ac789914f25ed3fb906b6bdb83e3e5edfa18d8efc367c86d	908c6489aa806a0062289a734a1c8a8363fc78da33284d0e3ddb6b2b1f4fc084	10435178	27775
178	ERR10745746	/cephyr/users/mayoa/Vera/hpc_rnaseq_production_results/2026-09-10/runs/ERR10745746/gene_counts.tsv.gz	f0e53393658350551ea873896e0a10b087168538452b7a73fe784e22a04ecf12	27a40d4117094b9a8489d881dacbe6cbb6b5eefc8ba68f4ec1391b30cb2bf559	8328724	27775
179	ERR10745747	/cephyr/users/mayoa/Vera/hpc_rnaseq_production_results/2026-09-10/runs/ERR10745747/gene_counts.tsv.gz	70c99e6b7b9ae0a4a612b65db8ae75b1306f2dadb88be5ce5765a76c073452be	b9fd69acad654834b926b89ccc882a5affc330c72a79735e7e7d9f37075f6393	8214731	27775
180	ERR10745748	/cephyr/users/mayoa/Vera/hpc_rnaseq_production_results/2026-09-10/runs/ERR10745748/gene_counts.tsv.gz	ee292c7ae648f37d5e4a74d83d563525fbbe9d02a14f0a94124ad4bb75aa7c93	53ce3b094b3b2d17f17a9db8bc95b4c06281ad67dd41aa073d44d18d8c143486	8199089	27775
181	ERR10745749	/cephyr/users/mayoa/Vera/hpc_rnaseq_production_results/2026-09-10/runs/ERR10745749/gene_counts.tsv.gz	71184b0c74aa550c7c6e165e14777f9e8aec033bb7682c3bebf4fdade2840c91	b630cb52ad7751e43ec260dc84b4c6215bfed6de8ac9a39aa2129fb608711821	8256147	27775
182	ERR10745750	/cephyr/users/mayoa/Vera/hpc_rnaseq_production_results/2026-09-10/runs/ERR10745750/gene_counts.tsv.gz	7c9eb26d565639eec7913337c2a7ff4301fec080b3b6bbc070741ebae8cad5d0	12ad7412c895ad21adee54a4504bbe5401b0b68a4b78559610927a5c9f07979d	8124728	27775
183	ERR10745751	/cephyr/users/mayoa/Vera/hpc_rnaseq_production_results/2026-09-10/runs/ERR10745751/gene_counts.tsv.gz	ea623a982570a025f6dec202e8fffce69a309f6f156c237ba85cf2e4bdd3ca0d	41a11c0da80ef52ac4da6312fa70a9d13c66749120ee75b0f8b221fad57c44e3	8050028	27775
184	ERR10745752	/cephyr/users/mayoa/Vera/hpc_rnaseq_production_results/2026-09-10/runs/ERR10745752/gene_counts.tsv.gz	9e78ec963027ce42c577db465eb1358625c99d906495f24808467ad8201eca72	b779a99d234b12b8cb027535b01da05390f013e36b4c8fabdffbba344465d36b	7971932	27775
185	ERR10745753	/cephyr/users/mayoa/Vera/hpc_rnaseq_production_results/2026-09-10/runs/ERR10745753/gene_counts.tsv.gz	ab6f627b678036ed08fd7801edf7a86af88138fd9755994b123818f0349ae5f6	5b5c4ea19dde3f86cd1e344a03b36b8f3f80ce1544601cbff3311d16321a0f04	7980086	27775
186	ERR10745754	/cephyr/users/mayoa/Vera/hpc_rnaseq_production_results/2026-09-10/runs/ERR10745754/gene_counts.tsv.gz	69cf60aa4d294dbf73359eb1f1ac0314111d3d5883d55c78055a191cd8118bea	35620de9af1724801beaa3db59c8a5d52345f77fd2eb7ee1b360d691a8c47698	6445738	27775
187	ERR10745755	/cephyr/users/mayoa/Vera/hpc_rnaseq_production_results/2026-09-10/runs/ERR10745755/gene_counts.tsv.gz	d6275e8e06ccb8c8d8704c08e8a6313fc21ef8eb2738f1d8ee8961dc69488848	577d0a15c69c2a3d20fd89492137235a6d1ebd6668d12e44110958cc581c6ab1	6344324	27775
188	ERR10745756	/cephyr/users/mayoa/Vera/hpc_rnaseq_production_results/2026-09-10/runs/ERR10745756/gene_counts.tsv.gz	bfbadc835a08188b27f4c220ec90df13ac52da2090ee425d93892f666f9bca7f	b4627f959e86209a8de8b27d2d324aeb8a06070df74cbe4b4ee805db3b021575	6304260	27775
189	ERR10745757	/cephyr/users/mayoa/Vera/hpc_rnaseq_production_results/2026-09-10/runs/ERR10745757/gene_counts.tsv.gz	c23a3ba5c23fbd113b75fda33a14e62fcc8fba7c83c74de7b4b48d2374afe4e2	bbd970e400b2348f02ceda154a7e4d637bb36fc9ef68076747d4841d8785c6d4	6354049	27775
190	ERR15000453	/cephyr/users/mayoa/Vera/hpc_rnaseq_production_results/2026-09-10/runs/ERR15000453/gene_counts.tsv.gz	36aeafc3cc7c58822ce3bd20950d625f0b86ea8986f67736e9fb0645e63a6d97	35be41986c28e65b4b56405cec9e2f0757ed54b9218eec117bef1c3a94cb5f48	9894896	27775
191	ERR15000454	/cephyr/users/mayoa/Vera/hpc_rnaseq_production_results/2026-09-10/runs/ERR15000454/gene_counts.tsv.gz	2f7152062cce47f0c9ae88cc247578126fb7947e7eadb14e81d784e9df49d512	d7c47f798054464e269dcb85760f5c222aa384c7fbf4d4418397cfdfb9c83162	9654080	27775
192	ERR15000455	/cephyr/users/mayoa/Vera/hpc_rnaseq_production_results/2026-09-10/runs/ERR15000455/gene_counts.tsv.gz	4d10683f9f8d69628c0de57f79e168f43ce2d0a110f49cfbfe796469bb6e82c9	3c4e5c308a3fd004d0a54af70065f02951e08768e9003da0f37923b83a05f1f0	9727689	27775
193	ERR15000456	/cephyr/users/mayoa/Vera/hpc_rnaseq_production_results/2026-09-10/runs/ERR15000456/gene_counts.tsv.gz	a6e56d661d123de7b3a7f2f508071c630b1f019ca5fc466fa22604e99f4f04cc	402a3838c923da60f6965b82164ff3cbb5036e3184ac4fde048bd97ae4e37a12	10352310	27775
194	ERR15000457	/cephyr/users/mayoa/Vera/hpc_rnaseq_production_results/2026-09-10/runs/ERR15000457/gene_counts.tsv.gz	fa488dc86cb779095dbd93e14288a07affb51f7fe3ee200de86b3d60e1deffe6	5558358333ea7528104b48d25d0194b0fa8a4e30bee5bcdba5f292e94b53ca80	9100986	27775
195	ERR15000458	/cephyr/users/mayoa/Vera/hpc_rnaseq_production_results/2026-09-10/runs/ERR15000458/gene_counts.tsv.gz	953379e8a3833e1a1633c419bea8aaa09d800c3d29e90931c64023026d362bff	9b4545e4e76127ebd97e124e59176a230f9934e16dce2471e5faa78565d13af5	7643825	27775
196	ERR15000459	/cephyr/users/mayoa/Vera/hpc_rnaseq_production_results/2026-09-10/runs/ERR15000459/gene_counts.tsv.gz	b201cfa3e9d763d68ceb08fc2c6ef4f8715966810e9b472c75aeafd3b70c9680	913e23b196ae947f765ad47df7240d93b8e5e665b060c94ed84658766245477c	8361433	27775
197	ERR15000460	/cephyr/users/mayoa/Vera/hpc_rnaseq_production_results/2026-09-10/runs/ERR15000460/gene_counts.tsv.gz	8d884da67b5c100e2b7212676568368074ad1d4bc866a35cfc933c4560c580bb	986e42f474a8a2841eacc6d9d9cb8d23c34d29944f35ca13a2eaba07f120e3aa	9494932	27775
198	ERR15000461	/cephyr/users/mayoa/Vera/hpc_rnaseq_production_results/2026-09-10/runs/ERR15000461/gene_counts.tsv.gz	87e078e9fe431aece00de480329722db75e38fc67e1db18c351b5253c6b808d4	bb74b72bb50f7a239dd9d19ed9546fb05823225c34723130983ca5b212319ab2	7106150	27775
199	ERR15000462	/cephyr/users/mayoa/Vera/hpc_rnaseq_production_results/2026-09-10/runs/ERR15000462/gene_counts.tsv.gz	031d084f2d91649c7f5d98b17b5ba6f0464ef40b359582d6265f796e8fa0734a	90a1b837fcd8f7984f939625e97aac94b3584224328c70878fe1f94633693388	7129286	27775
200	ERR15000463	/cephyr/users/mayoa/Vera/hpc_rnaseq_production_results/2026-09-10/runs/ERR15000463/gene_counts.tsv.gz	26938947655426eaf0d28e310aa396a24efbd48dbd5756151478a898a62fcf52	e4ce202110639f5703b8c039dc78152b4f89c36c5c23cfba0b132ed4a32cfe07	11071476	27775
201	ERR15000464	/cephyr/users/mayoa/Vera/hpc_rnaseq_production_results/2026-09-10/runs/ERR15000464/gene_counts.tsv.gz	e5d510c56dbf8ae46d17fa9b7845d0b6c380cb8328c4f4ea66ca19266b7d3516	8ad46b40ba650475b72b621b61d0a3409a5350f0b06200686c733062f3b2e05f	9796738	27775
202	ERR15000465	/cephyr/users/mayoa/Vera/hpc_rnaseq_production_results/2026-09-10/runs/ERR15000465/gene_counts.tsv.gz	f21a2610f85a45a451b434bf6068f1f7d50627b026461d38fb84b2fdcc0f9c81	bacf39c7495cba48d34796b9247842569eeadb82819dd726cd82fa7fb10f37c4	9963514	27775
203	ERR15000466	/cephyr/users/mayoa/Vera/hpc_rnaseq_production_results/2026-09-10/runs/ERR15000466/gene_counts.tsv.gz	b2a5b43730ae52272ab64063233b3d92d58eb73460c55ae655a747b94afacc6a	24b1220bf5ed480d2b561e65a8b444eed5adaa4140ef6b67d248a51d45bf4691	10810102	27775
204	ERR15000467	/cephyr/users/mayoa/Vera/hpc_rnaseq_production_results/2026-09-10/runs/ERR15000467/gene_counts.tsv.gz	ff5b40e1ca3983a58cb49df2564225ab31ff7bf40d970d5f4ef265d5f1717740	e28e8fdb762aaaf1d252f1ed4710f1272dd7467fbabdce6823c6d70a076bba7e	10112256	27775
205	ERR15000468	/cephyr/users/mayoa/Vera/hpc_rnaseq_production_results/2026-09-10/runs/ERR15000468/gene_counts.tsv.gz	4723dbe535d5f40b9896d91900bd4360c2b8bf0c16b9762649d9cb27128d8c8c	b16b8e7a4debd64168307602573d7e86d231a92e54a55859cde093288130732e	11917390	27775
206	ERR15000469	/cephyr/users/mayoa/Vera/hpc_rnaseq_production_results/2026-09-10/runs/ERR15000469/gene_counts.tsv.gz	9b331ed789ec1023d3b7e3b46dd12343f6a24b3f2436c59af6565b6b28785580	e2862cdf35f72aab6968ae123204ae2539158fea19070bcb3bdad56fafa8a8de	12198374	27775
207	ERR15000470	/cephyr/users/mayoa/Vera/hpc_rnaseq_production_results/2026-09-10/runs/ERR15000470/gene_counts.tsv.gz	68b9552e652f3d6dca3dd18e5d5660513ee42f04c23429493c43bc0ef076c67b	0a3059fb8679eae0fdb24a5564362f78ae9b45e80808559b816a35c9da7d6d8a	8743968	27775
208	ERR15000471	/cephyr/users/mayoa/Vera/hpc_rnaseq_production_results/2026-09-10/runs/ERR15000471/gene_counts.tsv.gz	9b8c1ab74a488d205acefa7b270bfd972221691d1443907a18ad2ff1ab9f725d	46b1839281fecd678ac200a1e1bc9bd0df64214f65019567d03b19524a806190	8895106	27775
209	ERR15000472	/cephyr/users/mayoa/Vera/hpc_rnaseq_production_results/2026-09-10/runs/ERR15000472/gene_counts.tsv.gz	9f32d5183019c7f4233418c510a6dba42c078770e63a62714ba845f0ac2b3612	3624b64933bcb4a2b151b91bf651da8f01a66c5e876981cbff373ac58720b8ae	6189646	27775
210	ERR15000473	/cephyr/users/mayoa/Vera/hpc_rnaseq_production_results/2026-09-10/runs/ERR15000473/gene_counts.tsv.gz	319fde4ddec49c3ba5ed2cb94f0862e4eec13c7aac93b4ed66a978341317ee03	ae45316cb4a0afbc1afab87f19155fc36b5bc51f5cebd0d42c266f30921764e9	10114674	27775
211	ERR15000474	/cephyr/users/mayoa/Vera/hpc_rnaseq_production_results/2026-09-10/runs/ERR15000474/gene_counts.tsv.gz	5f010ed9304ebdb47764fd52aa72fcac8ce80e7e8829dc1f77a6d1b0e0604544	c71d889a1680acc0a09c9be5e4b2bce22024481d6a7f7cdd0220f16a0d29af10	10960009	27775
212	ERR15000475	/cephyr/users/mayoa/Vera/hpc_rnaseq_production_results/2026-09-10/runs/ERR15000475/gene_counts.tsv.gz	a4c51fc9f1ab61e98ae611e2aa67e1ced4a4c2b054f9f075410e5fccd574d712	acb7227506777448191e443c0975905352a9b9d335b4b3999a598ba2417b8181	9090436	27775
213	ERR15000476	/cephyr/users/mayoa/Vera/hpc_rnaseq_production_results/2026-09-10/runs/ERR15000476/gene_counts.tsv.gz	a4eb29a2dc73324755337dbb2aca0bf48dda54ca55b15cf5024f5d5f28f126d6	b4fc443802a69e8cae41772eb448310de140ae72e188d5a8eea26d72c94a4bde	9099738	27775
214	ERR15000477	/cephyr/users/mayoa/Vera/hpc_rnaseq_production_results/2026-09-10/runs/ERR15000477/gene_counts.tsv.gz	65413f2a73e710f73f010cd1131683741d5ca63a2b209971ee5702bedca50cab	3679c14164b3518d1ed5aee86827f5789244850fa097ee4caa526a40b77b5020	10396526	27775
215	ERR15000478	/cephyr/users/mayoa/Vera/hpc_rnaseq_production_results/2026-09-10/runs/ERR15000478/gene_counts.tsv.gz	6bbcc9857e68eff80e49c2b04e1ee69c7775fd55f00c1089c1680644d79de24b	c5c17fc03b4d129f42d8819655a54aa38951ec77a502dc64db6dde8e3e8c8bba	11241392	27775
216	ERR15000486	/cephyr/users/mayoa/Vera/hpc_rnaseq_production_results/2026-09-10/runs/ERR15000486/gene_counts.tsv.gz	5156ca2d02d2502cfd5f926c6cfd5bd3c0082ee859df00ddc6676f74ba73c7de	d2a18f6fcd248bc2b37247fcd365b02186f583dfb05e24933f8983d3de74ed40	10216581	27775
217	ERR15000497	/cephyr/users/mayoa/Vera/hpc_rnaseq_production_results/2026-09-10/runs/ERR15000497/gene_counts.tsv.gz	12143a105ec4f17ce75df074216c5ccdcdb5df9364cbfe28cddb7de260243930	6adb96db2b7e4f1471fa52b1f6632c6b6c87eae6308415be6b9d72d41f7adb78	8508900	27775
218	ERR15000508	/cephyr/users/mayoa/Vera/hpc_rnaseq_production_results/2026-09-10/runs/ERR15000508/gene_counts.tsv.gz	7a63ce5c3083ad384f03cc159114f05eb2deda1f0aaaaea9ccf0009e7640ab7e	3f2d1b27ec65d847a6b46208aecee21d35128d2f5068b6fc28d346fa16a5ad38	7863893	27775
219	ERR15000519	/cephyr/users/mayoa/Vera/hpc_rnaseq_production_results/2026-09-10/runs/ERR15000519/gene_counts.tsv.gz	8afe024912838001996519df61c7204f4a871aac0675f344392afb955ed814ba	b1b8d8cd4c746371b5d181cf858dde177d1c6f6d0f4b3fba168a90de6bbe64d5	9161381	27775
220	ERR15000530	/cephyr/users/mayoa/Vera/hpc_rnaseq_production_results/2026-09-10/runs/ERR15000530/gene_counts.tsv.gz	3f669ee23c744d2f90b649b98229d0e81b8783a9f5abe83240fe41618f186b14	07dc01f4acb15e52402068a3d0370f26afd8d228c498baddf6b43a5bc1e4a88f	8005874	27775
221	ERR15000540	/cephyr/users/mayoa/Vera/hpc_rnaseq_production_results/2026-09-10/runs/ERR15000540/gene_counts.tsv.gz	7a215b26d180839385d7904ccae49ad1f1db2822927f5a0dff8c1e47416e7bea	580b59078579250f9bfdc0964616ab4223416a868a948ccb736cc4fa49258d5d	9469820	27775
222	ERR16729274	/cephyr/users/mayoa/Vera/hpc_rnaseq_production_results/2026-09-10/runs/ERR16729274/gene_counts.tsv.gz	50242a2d6f4b5ea93cf8471b770004c7f6c8e672827fcc0eea9363be7f41fedc	9334ba00db6593f2e5c6451b28e78868101c5d79394f54bf3f6200013c226639	25900952	27775
223	ERR16729275	/cephyr/users/mayoa/Vera/hpc_rnaseq_production_results/2026-09-10/runs/ERR16729275/gene_counts.tsv.gz	97a5088e3c08a15f1ff4c28d95be466c0ce620ec6dd4916e29550874823d2fc4	d0be054f2fbd19ef8b410b16b8d06c012059dfd450da993a7df19cc5f5070dca	21731046	27775
224	ERR16729276	/cephyr/users/mayoa/Vera/hpc_rnaseq_production_results/2026-09-10/runs/ERR16729276/gene_counts.tsv.gz	c8231e7d2eff80e36196a8b4d641453c61b43bf8af489569ad3820757ca39922	f4c94401c46485f0ffe4c6eafea9c425b2fb215caaef65f8e53d389051e65343	25130954	27775
225	ERR16729277	/cephyr/users/mayoa/Vera/hpc_rnaseq_production_results/2026-09-10/runs/ERR16729277/gene_counts.tsv.gz	9247c0667edfc3699d49036919457269a6f7480300f42544ca2a67944aa4cbf0	baada72a4fb96e487b89832baaa6bbaf663c43e7f9b04dc18f6e5f97f4caab7f	26998968	27775
226	ERR16729278	/cephyr/users/mayoa/Vera/hpc_rnaseq_production_results/2026-09-10/runs/ERR16729278/gene_counts.tsv.gz	80ab11585dcb192fb16e214ab635cbee7c39a1aa9d208747dd799c5d8df8305f	a5f172edc4b76b988d7bbfb29aba1f86b257a79c674bb213b8dcb462c792dc96	28500040	27775
227	ERR16729279	/cephyr/users/mayoa/Vera/hpc_rnaseq_production_results/2026-09-10/runs/ERR16729279/gene_counts.tsv.gz	70603222b5aadc35c3af13f80f1961018bf1317d724a6566eda690717f50c0eb	e1f2e8f5a519b66bcc333e8454462f6d9150ad36c2bf2b8f894dc4df942e08f4	24004812	27775
228	ERR16729280	/cephyr/users/mayoa/Vera/hpc_rnaseq_production_results/2026-09-10/runs/ERR16729280/gene_counts.tsv.gz	f0ac8721a0697856e058c28d2fcda9330ea5271e9d974caaacb359c80bfe6d7a	d47aaf2fc1be9abcd97576c248c80184e562a62540bd1cbde3f7023e34029cdd	35587438	27775
229	ERR16729281	/cephyr/users/mayoa/Vera/hpc_rnaseq_production_results/2026-09-10/runs/ERR16729281/gene_counts.tsv.gz	60b01518072ee10e516de7fe76755a6bd5ad2fc64b4893aea46fe4e33ec7d92f	60a745c19991fd0e6659f094e68007404f6914ecd3c5e88849481fd94aa2dfa7	24790233	27775
230	ERR16729282	/cephyr/users/mayoa/Vera/hpc_rnaseq_production_results/2026-09-10/runs/ERR16729282/gene_counts.tsv.gz	9c82d281b84367b0639041be529f2d21236afe944f8ab34d58814d6931dacfee	fe4fc1a650934aea509649f944534556f39534aeb6678d39b44ce369cb2c9966	29630990	27775
231	ERR16729283	/cephyr/users/mayoa/Vera/hpc_rnaseq_production_results/2026-09-10/runs/ERR16729283/gene_counts.tsv.gz	879f00565b8a54903e52c8061663052af63e372c26dd3cd120326896e227adde	3d5a29c89605d6b897b73d8cba25d35a2b0c1340c318c0dd7a7f6721a9dae234	21333021	27775
232	ERR16729284	/cephyr/users/mayoa/Vera/hpc_rnaseq_production_results/2026-09-10/runs/ERR16729284/gene_counts.tsv.gz	44d1a6fa250d19b7a2420d9f0311bad13f2c04aa64d8f7b5dadc7cc08099c90a	faa6667d6dccb801c9dc13c6d43947c3812ff9221f38df506b757bd8a01c3c26	28328776	27775
233	ERR16729285	/cephyr/users/mayoa/Vera/hpc_rnaseq_production_results/2026-09-10/runs/ERR16729285/gene_counts.tsv.gz	e99d22166d6e0c6a8f15156e4a08a667ee1368dd527fdf2a45a255ff59364b4a	d96f980a63b68c72b11b445afcd47a1a03ea381b3883dc34293d7abac0b1eaaa	25244543	27775
234	ERR16729286	/cephyr/users/mayoa/Vera/hpc_rnaseq_production_results/2026-09-10/runs/ERR16729286/gene_counts.tsv.gz	a56ba60e51679ddc3ba10b2bd531308ff7113c86e450f4867f3476846104ea1b	aad850954a6b796430e0fb57138b0a78006e21afba24ab98ab0cfab9bdf3ff54	28991811	27775
235	ERR16729287	/cephyr/users/mayoa/Vera/hpc_rnaseq_production_results/2026-09-10/runs/ERR16729287/gene_counts.tsv.gz	471bdb889865b5fc03f36f39e9696a09173e3f2f38beb961c2961f33ee28efa7	a17ae8aec135dc3e74b50e5c070ec216ba9e2d3e1c48ec68edaa53e3242c84d2	20764899	27775
236	ERR16729288	/cephyr/users/mayoa/Vera/hpc_rnaseq_production_results/2026-09-10/runs/ERR16729288/gene_counts.tsv.gz	3bb275f7e9f42664ce154ecbda7a76c78ea6f94bcaed8503810b274623efe060	a359713328f376c34225512c913b9440c1b3a1f09eb26912e69d8fa3e67eeb2d	27265115	27775
237	ERR16729289	/cephyr/users/mayoa/Vera/hpc_rnaseq_production_results/2026-09-10/runs/ERR16729289/gene_counts.tsv.gz	592ef8fff2133d719cb2158a7d5a1784bca3e8b9e3ac3f8e5d42f843e6a95700	97ab6a5f8604c23f73e48e8a1003d833b83a071835e3c9f8aa30929fa4208e1a	25845322	27775
238	ERR16729290	/cephyr/users/mayoa/Vera/hpc_rnaseq_production_results/2026-09-10/runs/ERR16729290/gene_counts.tsv.gz	45e38501c81d087f07763c52567cea78a41bd4bc1b349142b3773c57be2c4d17	f9f7c00a9a94a40c126bb7da067b96000be97dd319883b16007182802d55f978	27927410	27775
239	ERR16729291	/cephyr/users/mayoa/Vera/hpc_rnaseq_production_results/2026-09-10/runs/ERR16729291/gene_counts.tsv.gz	22a899f66cd5083a8675464b4846d57df7799096eacfeff31c1dbdb6d2daf9cc	9c90a5ce711217e98dab6fc6bbe851baf9ed66036201f153299d29ea2a7f2527	22897691	27775
240	ERR16729292	/cephyr/users/mayoa/Vera/hpc_rnaseq_production_results/2026-09-10/runs/ERR16729292/gene_counts.tsv.gz	64d0a7be9f399509de348c90f3ef3ae63237692a380d2459d800addcedfc2a2a	e98b77d2946a605bb812ae81136c915ae332fd0576af490562ab3b97f32e3a90	29059021	27775
241	ERR16729293	/cephyr/users/mayoa/Vera/hpc_rnaseq_production_results/2026-09-10/runs/ERR16729293/gene_counts.tsv.gz	d0822c26527fe55c410f0f436b6c03cb8e3e447499847163cdbc53a4d82c8a17	b7156e6dcdcff4c17a5a84f0df5a220c0820f35ff9fce5fd3341eb6104688355	29146918	27775
242	ERR16729294	/cephyr/users/mayoa/Vera/hpc_rnaseq_production_results/2026-09-10/runs/ERR16729294/gene_counts.tsv.gz	5d360f80b13332e20c56fa94d379e57fece24d001ffe2d9f9483eed48adeefe4	c0663f224ce8f78c296cba4d26985df4ea3f11e2dc688975b89e8f0e32ba5ab3	26193987	27775
243	ERR16729295	/cephyr/users/mayoa/Vera/hpc_rnaseq_production_results/2026-09-10/runs/ERR16729295/gene_counts.tsv.gz	8f72afcc765697cdc81e44cdbf1d2e84986fac88aa55e6ff705aa851f5e5992f	49625473af26b7ab87403c9f48a97a44b699da47d01ebf8cb4aabc9b350808cd	23563191	27775
244	ERR16729296	/cephyr/users/mayoa/Vera/hpc_rnaseq_production_results/2026-09-10/runs/ERR16729296/gene_counts.tsv.gz	479f748cb6aeab73a800563526090b6715df565c27cf7a3492fae1ea88ef4ae8	4baa805c42be9fd0cdb379cbfff2d90c7cac016ca06b1dab2174ba7c58b59b59	26361913	27775
245	ERR16729297	/cephyr/users/mayoa/Vera/hpc_rnaseq_production_results/2026-09-10/runs/ERR16729297/gene_counts.tsv.gz	b2a302f9f13d73da98f6725cf608974e3e85a0ff115e57f5a71e6d28686abacd	60463705a333398be42ab4414133a1e5f52d891af3f947199e8e90f1b872990d	25628972	27775
246	ERR1983091	/cephyr/users/mayoa/Vera/hpc_rnaseq_production_results/2026-09-10/runs/ERR1983091/gene_counts.tsv.gz	c0f72c6d2cfdac6087cd13b19e6c0bb05edd8e4c3fe6be09a65a1ef88bb86990	e44489b692e3623d3850a18984f6a9c449518fad29677137d0fb46e3f4619d76	34695284	27775
247	ERR1983092	/cephyr/users/mayoa/Vera/hpc_rnaseq_production_results/2026-09-10/runs/ERR1983092/gene_counts.tsv.gz	16bd1cf4555157cbc6ade2f1c7361d521b2b5a2064f4bf80ce029b6da83ed3fc	9b938111143f2d18e7549abff79ea2a6ffe2cc7749d8104b40c2f430e38d48eb	31675986	27775
248	ERR1983093	/cephyr/users/mayoa/Vera/hpc_rnaseq_production_results/2026-09-10/runs/ERR1983093/gene_counts.tsv.gz	11cc44139abe7a3d2b5780b55103b35d594c0df1ab45b24629b685924fa475b5	08a6809aaea7eef76c3a7290d635ea04d5cd1fd3cd346c75ccf20332a5861296	27293028	27775
249	ERR1983094	/cephyr/users/mayoa/Vera/hpc_rnaseq_production_results/2026-09-10/runs/ERR1983094/gene_counts.tsv.gz	ae3181274ed1ce798d84e6e213a6938738a301cb8555ed9017dfd8ed7d16772a	99fdecf72bd9e9d8ea617e34b9a5e21f8d5fb1e601bbe465be04c2c04a48875c	21985470	27775
250	ERR1983095	/cephyr/users/mayoa/Vera/hpc_rnaseq_production_results/2026-09-10/runs/ERR1983095/gene_counts.tsv.gz	351f5f3b8ad589df2ad611af846a84c1e08ebf5c33fea41f3a5ab4ecffd6c71a	645a115004d8f544c699034f70d1786241dd2bc64297cacd13d89eb481196059	25654069	27775
251	ERR1983096	/cephyr/users/mayoa/Vera/hpc_rnaseq_production_results/2026-09-10/runs/ERR1983096/gene_counts.tsv.gz	2a05a8606770eeb20b6fd66f6472bb2f0d7b5627b36baca3b3ae42d6f5cc3ff7	0951b03626d77becf7269226352e6214350a850c6772f61a46b1c99e52f5852b	18581264	27775
252	ERR1983097	/cephyr/users/mayoa/Vera/hpc_rnaseq_production_results/2026-09-10/runs/ERR1983097/gene_counts.tsv.gz	8413fdc5d99f775bdc732827ed6b3bbe8a766637c54b9fbfd10c2c21aad9165b	9b1d2c5ce711433fd5925da565d1086b678ec1882113485064226c4e158aa0f5	29511262	27775
253	ERR2593198	/cephyr/users/mayoa/Vera/hpc_rnaseq_production_results/2026-09-10/runs/ERR2593198/gene_counts.tsv.gz	fe50b510c5d455902fb749d36f7cc5eabfbd43e65e6b4d479cb886c9d1e3c16e	8501b72eaa3b86e91f135401f88832acb161f08cf4d9346bc6935c8220d12d0b	24733953	27775
254	ERR2593199	/cephyr/users/mayoa/Vera/hpc_rnaseq_production_results/2026-09-10/runs/ERR2593199/gene_counts.tsv.gz	2f676e271bd110d80cd8b443893b99ea310366a1a92825c63d2136cdcbf1a613	cdfcb75e0a48783278c4ca584770c6a3721126a9b34f78c5dadb1482513f7b20	33601683	27775
255	ERR2593200	/cephyr/users/mayoa/Vera/hpc_rnaseq_production_results/2026-09-10/runs/ERR2593200/gene_counts.tsv.gz	e2aff30490cd519786e119feb26f5b83d5b3b3259f653fd45cd9e7f5cffe83ca	41fc77d04c9fd0356f4dce67831fe5d39e0ea7dcf125630f85016ece82fd433e	24736292	27775
256	ERR2593201	/cephyr/users/mayoa/Vera/hpc_rnaseq_production_results/2026-09-10/runs/ERR2593201/gene_counts.tsv.gz	105b9aa4fbfa05dc15a4a68a7a6f53915cd144b3ece93233ce010e92f221d3fc	1ebfe003a4dd95cc0047d8fb9f97cfb25532735fdabbdfcae4317803d29af925	17087719	27775
257	ERR2593202	/cephyr/users/mayoa/Vera/hpc_rnaseq_production_results/2026-09-10/runs/ERR2593202/gene_counts.tsv.gz	9ac94685ffebabc2e23a496ed96feb59a6488914ab58a0cae1b8b0622c8bd67f	e5dd6d9e5429a66806b3f8a9196809af9ae93ba080894c806c1b50495384e8c0	22111244	27775
258	ERR2593203	/cephyr/users/mayoa/Vera/hpc_rnaseq_production_results/2026-09-10/runs/ERR2593203/gene_counts.tsv.gz	34de99962de268d89b5f7c3cb6be19b3db6e54b8cd8fa96a3aa9491266a1a9c2	25600cee6fa3bfb7dd598305ba9456132f6c96c4b5d97e6d8c6ddcd49661df0f	28584672	27775
259	ERR2593204	/cephyr/users/mayoa/Vera/hpc_rnaseq_production_results/2026-09-10/runs/ERR2593204/gene_counts.tsv.gz	b5d4084ab1ee0e49f0600af8bd33331f9240efb1d8afe8b0bcd27840d30ba6dd	cb67184b71241a4a8a1df1d92a475ae2f2f11e16f61c2df4e3da43b800570ddf	26803041	27775
260	ERR2593205	/cephyr/users/mayoa/Vera/hpc_rnaseq_production_results/2026-09-10/runs/ERR2593205/gene_counts.tsv.gz	a46ffd3058be6d3114a193ad7971f7ac165c91de09ef92bd614ab8c3403e1aee	16fee90b2f7fea38b24042440dcffdbfa7cf85050205fd0e4a0e589e385cec51	24508986	27775
261	ERR2593206	/cephyr/users/mayoa/Vera/hpc_rnaseq_production_results/2026-09-10/runs/ERR2593206/gene_counts.tsv.gz	5aec5a63f43ef5c7fa2f5e1f10b98aeb7bc8b36470bb54840a2cda5b5437c9dc	b28981e2ab6754dc20ce119bcae2a417cb09ebd50b2da911f0557a93ddf03bb0	20307528	27775
262	ERR3001877	/cephyr/users/mayoa/Vera/hpc_rnaseq_production_results/2026-09-10/runs/ERR3001877/gene_counts.tsv.gz	6cfb761534cd72c5bc95bd687d1de9413ac1afcf6b06ccb7a402d5fe1e1a63ff	d397acf9fb5d323be19b2bc9b0cd7289a158db9df88a51647b0f3ceb5b1c7b65	26463698	27775
263	ERR3001878	/cephyr/users/mayoa/Vera/hpc_rnaseq_production_results/2026-09-10/runs/ERR3001878/gene_counts.tsv.gz	9850314d046f2b453ffbbb38317a0c05c487dd0879fb9d0bb855a260ac7dcdbc	a91b9e31802b383eecfdd2ec4e91373a4cadf03b3230e5be4913b792cdb4f780	22442434	27775
264	ERR3001879	/cephyr/users/mayoa/Vera/hpc_rnaseq_production_results/2026-09-10/runs/ERR3001879/gene_counts.tsv.gz	9e4d3db6ec49273a99f527f26173ae786f012776913ce62996c397a5af984355	035a36602b4f8b02605e08f8d5f8e15941c15f31b1625f76e506ee5a9c8b0d8c	21310732	27775
265	ERR3001880	/cephyr/users/mayoa/Vera/hpc_rnaseq_production_results/2026-09-10/runs/ERR3001880/gene_counts.tsv.gz	5b2b9ce6d7142d55213aa7d109fb3bc6d5f1e713dd2fbbe6545b9ee4f2c7096f	1f94ee7e87c86732ac1b1c166a4ffc09fefeccbe4972c9453dfa807d1a1b50ac	22670098	27775
266	ERR3001881	/cephyr/users/mayoa/Vera/hpc_rnaseq_production_results/2026-09-10/runs/ERR3001881/gene_counts.tsv.gz	ca6b0e26e1f3abaf8f3d0cb0b7a84037113891730f58f66e669b4e9918149175	4626b1e013f7a7183b75e2add95f320f12d7c5dd5352cb3f03dfa493cddc75cf	21066344	27775
267	ERR3001882	/cephyr/users/mayoa/Vera/hpc_rnaseq_production_results/2026-09-10/runs/ERR3001882/gene_counts.tsv.gz	d548ae04bf9ac6ec9a507df15ef4f3607bfc98e883d9665154d79199037457cf	e3f3b3f5a8de6eb97256c9aa17c504ec29d36e0cabaea65358bf566e47ce2d82	23874633	27775
268	ERR3001883	/cephyr/users/mayoa/Vera/hpc_rnaseq_production_results/2026-09-10/runs/ERR3001883/gene_counts.tsv.gz	76c7316440183a7425d506e9c6dcc757e1a28b7d8232c909e05790a7eabf257a	7afccfd30f0bd91283541f5b6b8b9983f0161e7b6129d92720f107d0844138db	22822158	27775
269	ERR3001884	/cephyr/users/mayoa/Vera/hpc_rnaseq_production_results/2026-09-10/runs/ERR3001884/gene_counts.tsv.gz	7576ec2f344dde1f116a55fc5f1b2ab6d0395f608557add0a8894a3831318ed9	fbbdd1f4d6885dd96c19e3baf88011d170f20b035f7136302c807922be9e63cc	20000531	27775
270	ERR3001885	/cephyr/users/mayoa/Vera/hpc_rnaseq_production_results/2026-09-10/runs/ERR3001885/gene_counts.tsv.gz	ba5898e8fda8f368cb308c570198fd9555d6521ddf711d4bab3bcbbf8abfcd57	30a78898b5ee5ede682980909839da60cb28319a56e79e1748601006d23f8a39	21389423	27775
271	ERR3001886	/cephyr/users/mayoa/Vera/hpc_rnaseq_production_results/2026-09-10/runs/ERR3001886/gene_counts.tsv.gz	a754c4fa5a7febc86ab9a977acb7d590da5401c9cafc0a297134990dd61e45ed	dfb9b8407a92e6deea67698cc18db49c33eec87e9c1d97976c1efd646a07aa05	20162118	27775
272	ERR3001887	/cephyr/users/mayoa/Vera/hpc_rnaseq_production_results/2026-09-10/runs/ERR3001887/gene_counts.tsv.gz	b8d60483bfe159410ad309ecee0a06f27e38da002e4ab3e90592fed9a5a8d173	31e3f7ab82f6a37a99f73a5b9b58f8c41fcfcc73fd13f6c0249ae4068938dfae	20544506	27775
273	ERR3001888	/cephyr/users/mayoa/Vera/hpc_rnaseq_production_results/2026-09-10/runs/ERR3001888/gene_counts.tsv.gz	c4316dd5c4411d434fed1c639b59352340966b60c9752e900d2b953a4fd9d64d	85df2bb9dc713ab18d6c745a94a63665675c9bce3b807ccb1e90a452c144f2f1	20837357	27775
274	ERR3001889	/cephyr/users/mayoa/Vera/hpc_rnaseq_production_results/2026-09-10/runs/ERR3001889/gene_counts.tsv.gz	fc71782a4607770fbd9f883b3242bfe162d708f713a1559f44b996eb22f3ee59	74321a67454920cdc464fb674c898a6b5e112a1f8099ea26b957ac6fa6323ac9	22159597	27775
275	ERR3001890	/cephyr/users/mayoa/Vera/hpc_rnaseq_production_results/2026-09-10/runs/ERR3001890/gene_counts.tsv.gz	b0a3e1b09e2092be39a6ae613d694a2796d1b6cddfbe9aa0932cbcdad6cf547f	e53fce61975a3cd251a2a3d395ea02ea17f7d1ac0d4a095216864fe5f4f6c0d6	21659800	27775
276	ERR3001891	/cephyr/users/mayoa/Vera/hpc_rnaseq_production_results/2026-09-10/runs/ERR3001891/gene_counts.tsv.gz	c65ff4dd41ee632004491f82b18b0a6c8fe9504ef68360abe3c78c1974260741	158653920b1d8aa33e45855345f06489adc9c8c1b0f689501b1aaa8cad40d73a	20729034	27775
277	ERR3001892	/cephyr/users/mayoa/Vera/hpc_rnaseq_production_results/2026-09-10/runs/ERR3001892/gene_counts.tsv.gz	33b4b9c1f4501507af066c153fa45c5c76326905bcbf85f7c8085773c72054e7	c679923fabe9c60567afb11992db6d3837ccebf6829e34b651d96ed46a794f46	22164925	27775
278	ERR3001893	/cephyr/users/mayoa/Vera/hpc_rnaseq_production_results/2026-09-10/runs/ERR3001893/gene_counts.tsv.gz	da5d18c7779a4bb7faf66d27b779fcc4cd7b463d58b60aad037c496fc1e43824	20b4cb8661b31fe0ad1b8d819744907cb6a7cf9c13760fd44a0949a3e6510ac5	21063878	27775
279	ERR3001894	/cephyr/users/mayoa/Vera/hpc_rnaseq_production_results/2026-09-10/runs/ERR3001894/gene_counts.tsv.gz	1422c4192875a28e88dd2e705a7b1aca7e7cd89333f8f8a2dae42a29dac18780	575ac1131aa2dce02ee405ca31dc48a81f48e44bfd2692337131b0fc21d9f0bc	19623385	27775
280	ERR3374020	/cephyr/users/mayoa/Vera/hpc_rnaseq_production_results/2026-09-10/runs/ERR3374020/gene_counts.tsv.gz	71104819700f3a0b3d76b4942675bedc765625a19b8d35eb718a84c5dffd1421	c998598d905ed74cb370ae834805906de2ade02802ae4b56b993b67f057386ef	19049532	27775
281	ERR3374021	/cephyr/users/mayoa/Vera/hpc_rnaseq_production_results/2026-09-10/runs/ERR3374021/gene_counts.tsv.gz	338eab737864ae78e1b3890f3349d50b0bd181e37ec8b303fe361e4d0dcac33a	55d18901419b8bf866b2b7f5f3de77f5d4494bf96b10e677964f550ab2f26d97	20692955	27775
282	ERR3374022	/cephyr/users/mayoa/Vera/hpc_rnaseq_production_results/2026-09-10/runs/ERR3374022/gene_counts.tsv.gz	8ed2fd735fceb13b8a60ba4f750227fdf0b258c873fe9b99ec2606a43f55932a	886d0a3a4d977d3f3f99283f91b4a8e7d94da61ddf785c6f07b370471c465642	19383175	27775
283	ERR3374023	/cephyr/users/mayoa/Vera/hpc_rnaseq_production_results/2026-09-10/runs/ERR3374023/gene_counts.tsv.gz	587bd8cf03cb43da2844835da382246740292f91117598b2a65fff1d44d07258	c50da8145f2bda1c28783791462285b2f1eac71fabdbe8a1cf7b65cb2affd1d8	18402792	27775
284	ERR3374024	/cephyr/users/mayoa/Vera/hpc_rnaseq_production_results/2026-09-10/runs/ERR3374024/gene_counts.tsv.gz	d7ee5b07b70b7dcaa2748e38550cf168daf39ee3019d5322bbd222fe8a545ad2	be7a9d6e1623ee1d7c3c5e14b5dbb2caa7d4e40fa4cd58b808ec4c6cb96e99eb	17506677	27775
285	ERR3374025	/cephyr/users/mayoa/Vera/hpc_rnaseq_production_results/2026-09-10/runs/ERR3374025/gene_counts.tsv.gz	26a64ab497694adb6f838ffcc516d00cb7f736f480f66004f53b86fe41b49098	9972aac1c9839b81a95923cef8a70088bf9f864c21b2c838d3543ac84ea708e4	19609907	27775
286	ERR3374026	/cephyr/users/mayoa/Vera/hpc_rnaseq_production_results/2026-09-10/runs/ERR3374026/gene_counts.tsv.gz	0a4636439bf42f90af4cea2a26e11cb071ead1c3be06c5d71e2c2c6c7989f2ed	7f70052ddbe9ffbcd8dd3d225dab97def3b8690c11d32302ec89740f4418de5f	19588523	27775
287	ERR3374027	/cephyr/users/mayoa/Vera/hpc_rnaseq_production_results/2026-09-10/runs/ERR3374027/gene_counts.tsv.gz	c90a2c3287933c3008aedcf4c49db8c1db2835c292ad704cc19787ab76fa88da	3160f94467a5b0d67e519232746de2f5bbaac81dbff842a83aafa173fb7ad00d	17493582	27775
288	ERR3374028	/cephyr/users/mayoa/Vera/hpc_rnaseq_production_results/2026-09-10/runs/ERR3374028/gene_counts.tsv.gz	e2dec43ed5857638cdd97882dbe78ef5e8f82bed4b459e40a235bd6a336bd19f	0ad47f49bed098ed9d30c86fabf0e194d34b851a60c6e67779ef928569476698	18490584	27775
289	ERR3374029	/cephyr/users/mayoa/Vera/hpc_rnaseq_production_results/2026-09-10/runs/ERR3374029/gene_counts.tsv.gz	d9244203971d27c9239e70e1b0cda791950eb20abb3abe1a1f901cc5e496c529	643a85821d3c6424ce614c76df583aa3d06144290f8ff0a71d9b106215b532d6	18167913	27775
290	ERR359637	/cephyr/users/mayoa/Vera/hpc_rnaseq_production_results/2026-09-10/runs/ERR359637/gene_counts.tsv.gz	7ba25621ff1b6caa60a8ae673e9bcbfda6aefe6c20b68bb348d4349df6d97068	e982c83f5f1ab3ae80238b775eb9450e9e513f5e20b5e9e3f57e15cb2c7bfa18	14090759	27775
291	ERR359638	/cephyr/users/mayoa/Vera/hpc_rnaseq_production_results/2026-09-10/runs/ERR359638/gene_counts.tsv.gz	fa11292f969caf6512967f851af76f180fed83835f50904ad98ca9151ea711a3	4e441534c5a63b9841f10f01a2bbe3e1e0b75371bf1a4c4bb73a1e9d60be77fd	13624784	27775
292	ERR3668300	/cephyr/users/mayoa/Vera/hpc_rnaseq_production_results/2026-09-10/runs/ERR3668300/gene_counts.tsv.gz	d42e3b8b5551987d5d62104ad986f51758d5b3c6806f5795119c4748522d8f35	81dacb3fdfd4f0b9923580d1159490df98ab8d93a8a41ebd2ad452c29989795e	285038	27775
293	ERR3668301	/cephyr/users/mayoa/Vera/hpc_rnaseq_production_results/2026-09-10/runs/ERR3668301/gene_counts.tsv.gz	66e15f4920b8bff8a72a1087b1736f7332c1f178c8e8a6bf0f859de439a425d3	f71646095f26de3f97fd6482a5e3d7d94be180158af302d46a1d1d3e9201573d	275106	27775
294	ERR3668302	/cephyr/users/mayoa/Vera/hpc_rnaseq_production_results/2026-09-10/runs/ERR3668302/gene_counts.tsv.gz	57b32e6d3f24ac47afcbebd93ac92e96611f68740e91d4d4b15a68d1ca182e45	fbeaca57ee91f3472912f1813dbea8f3285fa61231f136f93c16e4dd23a371b6	317481	27775
295	ERR3668303	/cephyr/users/mayoa/Vera/hpc_rnaseq_production_results/2026-09-10/runs/ERR3668303/gene_counts.tsv.gz	34edddedb80f6ee8bcb9e66b56ec7a6c53a289deb896a3c6d79ab7e9f8d9613e	adab2ecabbdbf5ddc69bedfc50ffe5427dd579d5fa014bb851b70bbfe19c8df4	376758	27775
296	ERR3668304	/cephyr/users/mayoa/Vera/hpc_rnaseq_production_results/2026-09-10/runs/ERR3668304/gene_counts.tsv.gz	e919e7b56be45474bbbc142fd9f1305f8cab44445463a92559601222c75747d3	1ee97bffb6a71cd02879762d41a36228578759f25cba40663b73f5bc1321fbbb	268173	27775
297	ERR3668305	/cephyr/users/mayoa/Vera/hpc_rnaseq_production_results/2026-09-10/runs/ERR3668305/gene_counts.tsv.gz	9c9b9dc85b7af73a5216d15d1c99366ee0acb591670fcd1fc117c507347a4da9	a1de70bb29cef2f0318e0e9180ef2a2f40839f82b567166b7ab906c58f1c39ae	371687	27775
298	ERR3668306	/cephyr/users/mayoa/Vera/hpc_rnaseq_production_results/2026-09-10/runs/ERR3668306/gene_counts.tsv.gz	d12141101e3de69fed8939c86080c9ba483cb3b1d2b5f282c873bd41a53d6e53	8fdb90979e409851f0e35fb4c9723f46716f37dd4f4685c0b46041face8d5ec7	676825	27775
299	ERR3668307	/cephyr/users/mayoa/Vera/hpc_rnaseq_production_results/2026-09-10/runs/ERR3668307/gene_counts.tsv.gz	d8180f7c6e247d4b9b1864945a5c790e806422de40034a00a3849fed5c97d336	4b4ac8c47d3fff64cd56b49ca360fd0906bc542245cf16fbd7fbdb896c7dce67	533290	27775
300	ERR3668308	/cephyr/users/mayoa/Vera/hpc_rnaseq_production_results/2026-09-10/runs/ERR3668308/gene_counts.tsv.gz	2b59cceaece7fa8b0339b8a2add76d18fffcab3aa531aea7bf0051338404a6c9	3eb78c10aad8b914e59ef264650cee9ecc398deb3a7f8af2e65dc0ddd479191f	339214	27775
301	ERR3668309	/cephyr/users/mayoa/Vera/hpc_rnaseq_production_results/2026-09-10/runs/ERR3668309/gene_counts.tsv.gz	59a259a36c5373ad6210fba961de9f110a0ce55cd64aeaca372140fdf18bddd1	4256ffc2a0bcc223cacd4c3dc706e9f6d42bd50e679bdec707746f87762020aa	354608	27775
302	ERR3668310	/cephyr/users/mayoa/Vera/hpc_rnaseq_production_results/2026-09-10/runs/ERR3668310/gene_counts.tsv.gz	ebae51e85048636e1a37b45fe5dc21482c1eb2301aa85d59bde92db5db6edd22	d21c8bbdf079ee7de5e16ef88fadf3dfef869827ab2eb138262076c74f287ed2	330389	27775
303	ERR3668311	/cephyr/users/mayoa/Vera/hpc_rnaseq_production_results/2026-09-10/runs/ERR3668311/gene_counts.tsv.gz	6242dc22ea2b56ce71ec878303e241be46e828da2e0c2860c381a1c923eaf5bb	c00867598b9c4407e6e88d0efc989cd2cd3af3227011931f98f1790a664f40c4	342791	27775
304	ERR3668312	/cephyr/users/mayoa/Vera/hpc_rnaseq_production_results/2026-09-10/runs/ERR3668312/gene_counts.tsv.gz	8ff4660881a76e3ec723dcd55045a4c1dff686a7140f1d6ae2bb45243e3d2286	ba008cb1a4dc1fc7be71608568d6af591f6ed466474332812c2cff30ec662dfe	431602	27775
305	ERR3972086	/cephyr/users/mayoa/Vera/hpc_rnaseq_production_results/2026-09-10/runs/ERR3972086/gene_counts.tsv.gz	6c1724f222f228952c263dfed645d58e6099f5a608f1a2e260efc5e4c71c079e	ecf2c1f8ca879df76bd792b5226a235204ec2dc728659761775b60edfc674010	21909203	27775
306	ERR3972087	/cephyr/users/mayoa/Vera/hpc_rnaseq_production_results/2026-09-10/runs/ERR3972087/gene_counts.tsv.gz	5c0d222d42dad49ec99a4925f3bbb89e62c65593b59c70eda405267731f975cb	4bd69580a713c70615d3708d7aac66e9fbd68b88d14604fa837ffc6795e4a48f	21674377	27775
307	ERR3972088	/cephyr/users/mayoa/Vera/hpc_rnaseq_production_results/2026-09-10/runs/ERR3972088/gene_counts.tsv.gz	977df1636061cb57f6a83c4ede98b7e2182d0b241d49aae2a6bbaca7f4bb2707	efa9d2992785d1b121e50069bceee9b24c25ad44abe9c8834d655eb9b5bc87da	22222867	27775
308	ERR3972089	/cephyr/users/mayoa/Vera/hpc_rnaseq_production_results/2026-09-10/runs/ERR3972089/gene_counts.tsv.gz	ec5ec19f05926616f69bb5d7e7dfa1a606dc4570fc87a18f5f0b834c4a58bfbe	b8e071a5cd9b8a6764c4b43b0e69dab8e74b55736e1071eec632adfc82995d42	20063296	27775
309	ERR3972090	/cephyr/users/mayoa/Vera/hpc_rnaseq_production_results/2026-09-10/runs/ERR3972090/gene_counts.tsv.gz	28605381ffc3399babbd02864226303c11d8e8f090333c20f449055cd1f2d4ea	cdf90b96b142e4145a65aa8325162baf1deb7025e1a5d875c9087b39318372ab	22779191	27775
310	ERR3972091	/cephyr/users/mayoa/Vera/hpc_rnaseq_production_results/2026-09-10/runs/ERR3972091/gene_counts.tsv.gz	89604cf5def2c7d26d589d5771c4aa004db35b53cc8a597ece7a6efd2f825bb9	61e589e76d87f3f247241377cdd02de02882a05a73dfc7e9964e0f32c840667c	24217137	27775
311	ERR3972092	/cephyr/users/mayoa/Vera/hpc_rnaseq_production_results/2026-09-10/runs/ERR3972092/gene_counts.tsv.gz	e320fd0e7b2752f59dc7e572d31e027fc401f54c805c74bae51cc4e2270d35c7	843c4e5b76c4972b326dd652d7640b094371b99d0986cea853b8d8f4f3c8f8ed	20572722	27775
312	ERR3972093	/cephyr/users/mayoa/Vera/hpc_rnaseq_production_results/2026-09-10/runs/ERR3972093/gene_counts.tsv.gz	f184c94bc9fa73ff58103be9b8a1ccf91b53ee2af24fdd56c3f26e97d189c67b	ba6530d793e0a1a44902e29681fda7cc93ec120d6965fb2c0ad5a8829203729f	20133468	27775
313	ERR3972094	/cephyr/users/mayoa/Vera/hpc_rnaseq_production_results/2026-09-10/runs/ERR3972094/gene_counts.tsv.gz	5d39b8fcb8b03ee8ada4ea21612e2fd2414b83ac4392f3a06a5c8fc32f6e8911	46314ec24995423d0296ae9b197f1196554b66e41074ec6e6e47b846cd70e9df	20337615	27775
314	ERR3972095	/cephyr/users/mayoa/Vera/hpc_rnaseq_production_results/2026-09-10/runs/ERR3972095/gene_counts.tsv.gz	bc021df39d113d1d3c1822af322dde7d404b4ca75e52b2779ebaeba60f357c05	76eb2dfb8eff8df3cc4fc7c8101a84b7fd0ca04dbd2aa0a021d605203485e92c	21726613	27775
315	ERR3972096	/cephyr/users/mayoa/Vera/hpc_rnaseq_production_results/2026-09-10/runs/ERR3972096/gene_counts.tsv.gz	93a22a9fe30768fcde6a8a5d5fbe354bad93ff6aaa23a3b96753884f0c40ce73	1646bcf019bc432c9b2ab97f6718426ad7782fc09df1be6ddda7bfb3cd5d5ea2	21049098	27775
316	ERR3972097	/cephyr/users/mayoa/Vera/hpc_rnaseq_production_results/2026-09-10/runs/ERR3972097/gene_counts.tsv.gz	049fa2165185e65c80fbac95e0231538f87278401e6d9ab34c6343d05586e427	0b116e872d431528e0db2956ff8b82e51c70142473b7627264fe311d8d02ec4c	21361327	27775
317	ERR4184070	/cephyr/users/mayoa/Vera/hpc_rnaseq_production_results/2026-09-10/runs/ERR4184070/gene_counts.tsv.gz	e3078cb410908dd1696647eb42735af56644a38ec3a014702e0badcbf51b1903	0f59c9c3fa7d893a23a85c7d5fd4269cb7b7f3e9ea85bf34dddf565c00843925	40801876	27775
318	ERR4184071	/cephyr/users/mayoa/Vera/hpc_rnaseq_production_results/2026-09-10/runs/ERR4184071/gene_counts.tsv.gz	9f1d04213519c7ce9dce1bb8b0753a790f40c2b8ea3342551c6b5537eebdac2f	6fd8c2330a8f349928004cf17d20cb6b86fb2f1c346987de2c55961516b90b41	31607268	27775
319	ERR4184072	/cephyr/users/mayoa/Vera/hpc_rnaseq_production_results/2026-09-10/runs/ERR4184072/gene_counts.tsv.gz	39582e0dc3779cf100613c2cc960e19e8ef9345ffa3c569d1a4008c621b2bc5b	ac19571b350e3cb40eac2de93ab7176d24357d22ff754bd4ab6801b8291d74ee	31321172	27775
320	ERR4184073	/cephyr/users/mayoa/Vera/hpc_rnaseq_production_results/2026-09-10/runs/ERR4184073/gene_counts.tsv.gz	edfc76651d0aa7a111b6cbd4d128f58c3fbc36eaff4c43e3bfc5b403efea573a	cedeb42a3428946d5af40f3bc0de66ce58dc1ec1bc19639bbc4221fc25ccd801	34095576	27775
321	ERR4184074	/cephyr/users/mayoa/Vera/hpc_rnaseq_production_results/2026-09-10/runs/ERR4184074/gene_counts.tsv.gz	a4f10fc0c13488d1907f4a54cb216fbcee7082d97b1b54c027514b061ca096f5	bf08b70efccc1580516af4e7d60b59c81fb9f94b8db996e906461334a54fe0f9	30262296	27775
322	ERR4184075	/cephyr/users/mayoa/Vera/hpc_rnaseq_production_results/2026-09-10/runs/ERR4184075/gene_counts.tsv.gz	4c2c86924d98f1960e1ee56a0304cb6f38363a2c25b435622848633f8b6d1c00	6945f14ff330415bb141a7dcf48d5cb4931d76ddfb10cafb3e163d8dfc3f9e89	29665554	27775
323	ERR4184076	/cephyr/users/mayoa/Vera/hpc_rnaseq_production_results/2026-09-10/runs/ERR4184076/gene_counts.tsv.gz	34529be7147238317b3554dfebce4a4fff4f9b1d8763bff834ade0a167eec8c4	6b3f14f6dae925e927b33f1c31c504722e2bae8f68c1e0f78c25d6741807a3b0	26996870	27775
324	ERR4184077	/cephyr/users/mayoa/Vera/hpc_rnaseq_production_results/2026-09-10/runs/ERR4184077/gene_counts.tsv.gz	af2c987f4a45b2209b49ac851ee762238d634477e598c50ec6b2bb340ca0c820	7951266830a3deba81b6110e3352a623a5407de2bb1baef4363cebda41ef0b23	32443196	27775
325	ERR4184078	/cephyr/users/mayoa/Vera/hpc_rnaseq_production_results/2026-09-10/runs/ERR4184078/gene_counts.tsv.gz	b5afc3a2c891a0ac07ddb8ceb190c56c29d2b10aacfc7884a9c1eca08ea38b2a	c493810a8c88c24850e2c0e5f516c5f07d466f3e6e6263d091121ed07e85e098	25857993	27775
326	ERR4184079	/cephyr/users/mayoa/Vera/hpc_rnaseq_production_results/2026-09-10/runs/ERR4184079/gene_counts.tsv.gz	279719dc71f15a5141094740e345a9bfe918dc38aa7b9b5f89306e5475194985	fa7b58a0776c18da93bc45f9340b801dd948a4f74b65684ee7deeac936d98d6f	29787982	27775
327	ERR4184080	/cephyr/users/mayoa/Vera/hpc_rnaseq_production_results/2026-09-10/runs/ERR4184080/gene_counts.tsv.gz	1622004f396756015df4187a3da9b38ff913665d2c904111006350bd69268953	78914e578d8c33dd63aecc41de4e9b81ec6c83f22ba05fa6a83f613d62fea58a	35931650	27775
328	ERR4184081	/cephyr/users/mayoa/Vera/hpc_rnaseq_production_results/2026-09-10/runs/ERR4184081/gene_counts.tsv.gz	196eb7f016405c5ab13e237c34139019eefb0e7d6767e3d72ac4c0d8c162729a	117c3be169edd0474ce431d8df2539d22f52ab9a5d5129bda3702aa3e55ec89e	33079614	27775
329	ERR4184082	/cephyr/users/mayoa/Vera/hpc_rnaseq_production_results/2026-09-10/runs/ERR4184082/gene_counts.tsv.gz	0bcd7a38b80e9d121db7cdbabe3c52c67e994d93fff08fe9cf35e0050fb49560	6d73a6fe25f7c628f7d9cc1b1a0bc8537c08c3b8d35829536a5c05903c293ccc	41707908	27775
330	ERR4184083	/cephyr/users/mayoa/Vera/hpc_rnaseq_production_results/2026-09-10/runs/ERR4184083/gene_counts.tsv.gz	5a171fe59e410b3d0d712693447bfa557c1997658a8c962605ca06897f9b7e57	cf9658e47a69181e33a9d6261d0188495c204b85a22412683d1ee6198f298ec6	43254048	27775
331	ERR4319912	/cephyr/users/mayoa/Vera/hpc_rnaseq_production_results/2026-09-10/runs/ERR4319912/gene_counts.tsv.gz	cdf561e5359b4bb8a51a9bff5f422b1f0b2fc2746c085bc4653dd2359bd7382d	819280e37bca3eaffc15a9f7c6fa8601b92c3f6a14d452e4f09378f7137b38c4	37197710	27775
332	ERR4319913	/cephyr/users/mayoa/Vera/hpc_rnaseq_production_results/2026-09-10/runs/ERR4319913/gene_counts.tsv.gz	8fb0eca7d2f842a6bc09055bb338ad2a7148682b0dc9521572cabac58dd22bb2	923065280d595a86ebfe2f872cd487f94a2e0e2660b549d687ac1c1b351094ce	36218616	27775
333	ERR4319914	/cephyr/users/mayoa/Vera/hpc_rnaseq_production_results/2026-09-10/runs/ERR4319914/gene_counts.tsv.gz	6395d2f36050f77a9fb840241b811936a8b52703b6648607761793ef3879a9c7	e0670007803b72e98a66cb6b32f44965ac77964da8610b420f476a6f86a9f65b	34583918	27775
334	ERR4319915	/cephyr/users/mayoa/Vera/hpc_rnaseq_production_results/2026-09-10/runs/ERR4319915/gene_counts.tsv.gz	ad6545ab260bd5c4640e39bcdd63cd0c87a9a6bcc860ba794fbd8996356b21b9	c4616747d57c19565fd6243cbad22f866f502d31a1ee775d4e118a4aeee9311b	37449648	27775
335	ERR4319916	/cephyr/users/mayoa/Vera/hpc_rnaseq_production_results/2026-09-10/runs/ERR4319916/gene_counts.tsv.gz	412b824d41ceee8c268e8a19fa812f439a18d5af943eb78fb9f794e207036180	1e020774b8f8e9b2c3de79ab06f9c4f9ec7c482f5c8c035c2031a710a63b70df	41863362	27775
336	ERR4319917	/cephyr/users/mayoa/Vera/hpc_rnaseq_production_results/2026-09-10/runs/ERR4319917/gene_counts.tsv.gz	e1eb025286a2cdb1ac8252b915bd0305c3f2e45dd29d3e098b21db107087eddb	58b00ca3b91e8e5945e2ceacafcd8456c2f6ff75efefb71dcf29c960c7841ec6	39153804	27775
337	ERR4319918	/cephyr/users/mayoa/Vera/hpc_rnaseq_production_results/2026-09-10/runs/ERR4319918/gene_counts.tsv.gz	a35e2625c2887ac00aff6db01e67c5173cf5b4e7f7cdddb758fcd02691f88b08	23bef167eec5a83e19d581e88b918754e68a28f8cd60028d0d438b6ab11bf3f5	40952444	27775
338	ERR4319919	/cephyr/users/mayoa/Vera/hpc_rnaseq_production_results/2026-09-10/runs/ERR4319919/gene_counts.tsv.gz	a8ca0fe812e0dcd5ee42df5de10928aa36afe0cdea9bba39f35de58d9a6dea95	ead704b406380d0301f67859da81e9d68d9a884f5d29216cf8ce4390b2f79ead	37373746	27775
339	ERR4319920	/cephyr/users/mayoa/Vera/hpc_rnaseq_production_results/2026-09-10/runs/ERR4319920/gene_counts.tsv.gz	10fff7aa9e150426ca707199c03f4c06f5a99bd23bbcd3c3b438513e8857e78a	1bc2a36b47e9f36119710c0a5f600889b6b0836972297a6823bcd224ab830a95	38072706	27775
340	ERR4319921	/cephyr/users/mayoa/Vera/hpc_rnaseq_production_results/2026-09-10/runs/ERR4319921/gene_counts.tsv.gz	0bb14e3ecea159d4f52139551927cc995ff36056c18252b8a10a2c58cbba3294	09cfaf2e46a9329ee5de6cac80b61b2f8cb64b286293dbd39604ed04a6cc1a90	33041456	27775
341	ERR4319922	/cephyr/users/mayoa/Vera/hpc_rnaseq_production_results/2026-09-10/runs/ERR4319922/gene_counts.tsv.gz	d5f514e8a83f5724617621764411a95dceb9c182a61ff0ac200fbb71e339d72e	46067d230e4c2d72d7b9225ec6cb933250d5916f754ec4a7fb2b44b121a95744	38793321	27775
342	ERR4319923	/cephyr/users/mayoa/Vera/hpc_rnaseq_production_results/2026-09-10/runs/ERR4319923/gene_counts.tsv.gz	33ac7d001c5fd008e978fa165f14f812f1edc47b84e2e9fb96d54287db6ad5c3	58d91bdae776e578df3e3ffdcc33f8c7bf2ac267ad30b1bdcafb1e1f5fbd6bf6	37201199	27775
343	ERR4319924	/cephyr/users/mayoa/Vera/hpc_rnaseq_production_results/2026-09-10/runs/ERR4319924/gene_counts.tsv.gz	f51991f8f1060615fa1d5ed5fa8514bfeb1f8198a8c644acd61a6396301028e6	be18ef4ed02b75e7f3c345ed598f2fb893c5406c1c5f6831056d6f4f7126f4f3	37029937	27775
344	ERR4319925	/cephyr/users/mayoa/Vera/hpc_rnaseq_production_results/2026-09-10/runs/ERR4319925/gene_counts.tsv.gz	65eff55502923eb54ab2c3142ea0f7d1c446aefadd1f679ff9496b8630f8b444	6007c05fd51501225b07c6c522bdc56da2b64eaa6dd4c7c83143ae97ed65a59c	37076005	27775
345	ERR4319926	/cephyr/users/mayoa/Vera/hpc_rnaseq_production_results/2026-09-10/runs/ERR4319926/gene_counts.tsv.gz	c84c4600b5422719326542c28ecbc9b5d320c37fc190a4fc01fe6819520c160a	7a5befd9f14fdfd24ee82aed92f75756dec570a6022cbf7e5b36c90985b7d00d	36181973	27775
346	ERR4319927	/cephyr/users/mayoa/Vera/hpc_rnaseq_production_results/2026-09-10/runs/ERR4319927/gene_counts.tsv.gz	e9dee85a861d2d2a773f23c6dac9a13c59ce3089cb988debacb4a9d920573f27	84841c5625d127146de64efb85100a2f59981063274b30e1c066f97ec87591c9	34997257	27775
347	ERR4319928	/cephyr/users/mayoa/Vera/hpc_rnaseq_production_results/2026-09-10/runs/ERR4319928/gene_counts.tsv.gz	fdf0d1804bbc271538c9c4b2e5ad6c93a65a94e17c255f739b292a27448f6a43	9ec32d43d3bc4d87e0467c25896765f6c989e9c068df1bd79f89b1f0402740d3	37228062	27775
348	ERR4319929	/cephyr/users/mayoa/Vera/hpc_rnaseq_production_results/2026-09-10/runs/ERR4319929/gene_counts.tsv.gz	5750cfb03d93ae9e5d03b887552886619c5cb3e3cc2b4a98f4bed42fe191d829	9dcd9e6057081b629979b2b422cf93a873ce5b5f63de9bd1bc567539b8123a6d	37969291	27775
349	ERR4319930	/cephyr/users/mayoa/Vera/hpc_rnaseq_production_results/2026-09-10/runs/ERR4319930/gene_counts.tsv.gz	7084acc7b17791485c9dde7dc257c24bbf378aaea8abbb81ec5b58239088fc9d	be41903ce42116cf49150a201e3792834f0aef88914ecc92b90fe562120a3433	40683237	27775
350	ERR4319931	/cephyr/users/mayoa/Vera/hpc_rnaseq_production_results/2026-09-10/runs/ERR4319931/gene_counts.tsv.gz	d3f03b95036c59f832ae43dab8496fa68363b749900f2db03f6b642c9456aeac	123d12a668d454d1356388894445ae25293e5beb232bcacb533d1ad490a33fd8	42107892	27775
351	ERR4319932	/cephyr/users/mayoa/Vera/hpc_rnaseq_production_results/2026-09-10/runs/ERR4319932/gene_counts.tsv.gz	706e680604dfccf00560911781b7a859a5a394707f12a181e7b17f992f63c8ff	bddaa855a67beafd60e09e4b92ac38c285719258b9fb20be445a784650da4003	40498933	27775
352	ERR4319933	/cephyr/users/mayoa/Vera/hpc_rnaseq_production_results/2026-09-10/runs/ERR4319933/gene_counts.tsv.gz	aa347a21cfcb6274b8db9ca8f663c4dc82f64ee0a767ab19e57a0a2c79b9f2a6	2317ced539a6af215e6de431bdf952c965766fa8dc3beb24e82c06b265f3d554	39021752	27775
353	ERR4319934	/cephyr/users/mayoa/Vera/hpc_rnaseq_production_results/2026-09-10/runs/ERR4319934/gene_counts.tsv.gz	52c09728c8df4715bdd09029a9bc84bc01b720b6930071034cf3985d218b40e2	2d184d9d0f50de4b2a19ea314064eed2470300637170fe5571ccd838cb99b2c2	36830939	27775
354	ERR4319935	/cephyr/users/mayoa/Vera/hpc_rnaseq_production_results/2026-09-10/runs/ERR4319935/gene_counts.tsv.gz	645bcbb0c5b213146c08c489a14815590ae0a2c65477dcaa17998e7292cebe27	256f0f7655b3dd1a39433df3e08022856e4cd53da32f63ee3824950fbc8b8422	39601119	27775
355	ERR4319936	/cephyr/users/mayoa/Vera/hpc_rnaseq_production_results/2026-09-10/runs/ERR4319936/gene_counts.tsv.gz	f69f80b48ee6965d7eb867ec9c2dbee5792e4c126923a90295700af85088a461	6666c0c68ffbdb656fadb1335f588f6be5084662218b88063dc29822df6c0836	39184854	27775
356	ERR4319937	/cephyr/users/mayoa/Vera/hpc_rnaseq_production_results/2026-09-10/runs/ERR4319937/gene_counts.tsv.gz	52685540dd71f93ad52ca6e794c80e2078facd19cff8dc2df624685c955f75a9	f44b1e6d82276776d7d940a0d120ec450f75e56a92488e4fec1fcbe8422086ad	36897854	27775
357	ERR4319938	/cephyr/users/mayoa/Vera/hpc_rnaseq_production_results/2026-09-10/runs/ERR4319938/gene_counts.tsv.gz	7f01d80d4e5d47ea0cec9cdf38a8c554520df3a3d4b8c0cbdf80fcc64b92b56c	3446cb93df992f821b8818dda1201dd2e797b6be043f836c572e31af28576677	36749760	27775
358	ERR7417863	/cephyr/users/mayoa/Vera/hpc_rnaseq_production_results/2026-09-10/runs/ERR7417863/gene_counts.tsv.gz	7d27dd9e0e9ae4b825adec2d17934125b1599fec94a7b7bdf87b83fae734d384	34e1b1ad32775333c1110233ce4c67376deb184c54615cc35da6d0092a1bf00c	35822181	27775
359	ERR7417864	/cephyr/users/mayoa/Vera/hpc_rnaseq_production_results/2026-09-10/runs/ERR7417864/gene_counts.tsv.gz	9edd8fc8464ce2bedff170b855951568c8a09e64df2589cbb137c1ee1d196df2	24930abbd3e0f137f2a216ceb7b64a08a314c2939143969f3d0b519861b9065d	40656849	27775
360	ERR7417865	/cephyr/users/mayoa/Vera/hpc_rnaseq_production_results/2026-09-10/runs/ERR7417865/gene_counts.tsv.gz	665af6075e192b8245c4847b01c499d4da0b1a4ecbef4534f9ee269e526f9d45	95d2cb5b1adaaa8199ecac71f790c637e1fb55e5645670a3f281d3fc78ffe6ef	36336927	27775
361	ERR7417866	/cephyr/users/mayoa/Vera/hpc_rnaseq_production_results/2026-09-10/runs/ERR7417866/gene_counts.tsv.gz	421a6caa76cab178ba908f3491e60dc487db7a27762b6b66d8670177730cbabc	3bcc0b747cd5007673ca63e5b954e4381afd5981b06809bc96ce28dada592257	39387462	27775
362	ERR7417867	/cephyr/users/mayoa/Vera/hpc_rnaseq_production_results/2026-09-10/runs/ERR7417867/gene_counts.tsv.gz	07c8582310721d37643610387f5f74f826546bd00286e34c3ea27de0843686f0	e591d15f0752acd64e23224ce70583f70c9728f77c416fd5f5119e395958c78d	33694621	27775
363	ERR7417868	/cephyr/users/mayoa/Vera/hpc_rnaseq_production_results/2026-09-10/runs/ERR7417868/gene_counts.tsv.gz	073c884e70d626d6326b5fe99882e5ef199a0de9ae0ff10e6612418dc7927e91	e5365933c037e39529abe51ad98cfe1ed2cbb568971684c95b2b23c5605973a0	33440480	27775
364	ERR7417869	/cephyr/users/mayoa/Vera/hpc_rnaseq_production_results/2026-09-10/runs/ERR7417869/gene_counts.tsv.gz	a6409cb1d1727cfcddb4bb5a9cc918c7b7c5e3f951e857047512c4367d7960c0	b1d88adf6a7cdcf301860e9965c59efc662473a9481144a2085f1ef3200e4c0f	33282036	27775
365	ERR7417870	/cephyr/users/mayoa/Vera/hpc_rnaseq_production_results/2026-09-10/runs/ERR7417870/gene_counts.tsv.gz	e78dfa0fa458b4b6552ab7036e8e3e600a2545e7d2080a0462941b5633b52719	00cdf1b2f3e8e340432ce49f8765544bac2a79975a3fde246056bb7264964020	35209205	27775
366	ERR8006957	/cephyr/users/mayoa/Vera/hpc_rnaseq_production_results/2026-09-10/runs/ERR8006957/gene_counts.tsv.gz	20c09e3900be76efbc721588552ed86801fdd9800f9893f046b6a21f58153798	d7b76bcdef93c507041b58ec0336fcf98f8a06dea72141dd5c3ad57ee0e1083a	25424573	27775
367	ERR8006958	/cephyr/users/mayoa/Vera/hpc_rnaseq_production_results/2026-09-10/runs/ERR8006958/gene_counts.tsv.gz	70387426644e064e1a058aa1bc3594cdb0d9bdf2b6df698c10e38851781e9004	04b5d3fe2ada5959ae515e60503880f8cd0a02dfe84f6eb4fa46959ac15ca25c	21286750	27775
379	SRR10493804	/cephyr/users/mayoa/Vera/hpc_rnaseq_production_results/2026-09-10/runs/SRR10493804/gene_counts.tsv.gz	84d8b7a338dbc642b7d8dc11fea20f5307dec4b336561f148cc0c5c8c42a60c7	a6201c9249751adfd3c26d48cdb7b3f747e4ae66942a7bfd07850043bff2fd9f	23724353	27775
380	SRR10493805	/cephyr/users/mayoa/Vera/hpc_rnaseq_production_results/2026-09-10/runs/SRR10493805/gene_counts.tsv.gz	8666c1563a4383bfc8a39f9efabeefb447448a1d93a84feeafebf49dee5f82f9	30d043932a033e00dafc3634def9c22ca1b3e115676a9cdf724db2fa9ea5e89e	23571136	27775
381	SRR10493806	/cephyr/users/mayoa/Vera/hpc_rnaseq_production_results/2026-09-10/runs/SRR10493806/gene_counts.tsv.gz	d66d59b44a2b4fa7cbe85e33ea0ecd55899ed42e09963985933958fb19d229f8	99a8478fb182c34ba2d615aee15ec77af48b8886fc79460c51abae3ae3db0d3c	17877474	27775
382	SRR10493807	/cephyr/users/mayoa/Vera/hpc_rnaseq_production_results/2026-09-10/runs/SRR10493807/gene_counts.tsv.gz	e207be7d990f66201ea23b557924efdb372305dbfde4dc5d25533b093a59393e	5f02492dc16d1634a57d3e4892dbc993e9e38e31629c36789b432efa7abbb342	19360146	27775
383	SRR10493808	/cephyr/users/mayoa/Vera/hpc_rnaseq_production_results/2026-09-10/runs/SRR10493808/gene_counts.tsv.gz	9009c7f50ebf98a7f45959c9ad3ff6fda7a6080f7c850ec889658ab691cce3d8	9cf009792b1867c2b2d2c69c1b07ecef7ea5adf77589f89544fad969398f5a86	19884626	27775
384	SRR10493809	/cephyr/users/mayoa/Vera/hpc_rnaseq_production_results/2026-09-10/runs/SRR10493809/gene_counts.tsv.gz	4e2257cce3ff0d44cd513eb5c90b1f00298e0dd9ee1cf6a5be6aea1dc806d81a	48694070f159e39e969b129c0a99a5a02ead9a5ec5cd6718456a6c197fa25a26	18423479	27775
385	SRR10493810	/cephyr/users/mayoa/Vera/hpc_rnaseq_production_results/2026-09-10/runs/SRR10493810/gene_counts.tsv.gz	479fd9edbd35f61264f24efc2f96ab7581f1387de0a278098456e6e39970c32f	6b144b4c923cce12ddcc12a5ae40d8b5030f6e99f8c31ee220ca3ee1acaf3618	15726803	27775
386	SRR10493811	/cephyr/users/mayoa/Vera/hpc_rnaseq_production_results/2026-09-10/runs/SRR10493811/gene_counts.tsv.gz	086ee45af182c48fbd5276b5d400f253f7f21c99755dcdc675af75a12e17f995	ee1a3bbd44cfb0faca52d63646ca023d2d9c831e8fb3802f748112203d311a10	14412344	27775
387	SRR10493812	/cephyr/users/mayoa/Vera/hpc_rnaseq_production_results/2026-09-10/runs/SRR10493812/gene_counts.tsv.gz	03eded44c01c1ae2d84bc3d80433d0e8c83bca4ab307cfd52855c726d3d6c451	a4a9f581be2b7fa472146bbd98922dbc957a87f5ad5b7d795e424e940fa516e3	18016446	27775
388	SRR10493813	/cephyr/users/mayoa/Vera/hpc_rnaseq_production_results/2026-09-10/runs/SRR10493813/gene_counts.tsv.gz	9cfdf093dd7aa91a5b7cd71990fbabbdbda88970b4334fa4620ad57dee2d9576	8547eae4f74beb6d1ce846e82b9c5fa1d25cc611e273ddc57a4b387d889db295	19262652	27775
389	SRR10493814	/cephyr/users/mayoa/Vera/hpc_rnaseq_production_results/2026-09-10/runs/SRR10493814/gene_counts.tsv.gz	ab8ee82000c47a270ab6139535de866114cd5d1237029488c7de871228dabbdd	2441368fb6a8b39829314c49794f835fc82d8cd99ef874a72842e2acc4bd95a9	15721651	27775
390	SRR10493816	/cephyr/users/mayoa/Vera/hpc_rnaseq_production_results/2026-09-10/runs/SRR10493816/gene_counts.tsv.gz	c6ee4b3de003e98cb8ba3c77ad5335f96f36f58c4267635914eb4f39e431f05a	8d65944390bcd93f4f4a12268d13fa3675e4f089bcb8fca3fc8dfc34ba9da500	16744010	27775
391	SRR10493817	/cephyr/users/mayoa/Vera/hpc_rnaseq_production_results/2026-09-10/runs/SRR10493817/gene_counts.tsv.gz	14c21d79ab1058e4cf060ac732c0cbfbd75d2142109d98682e50c2cb65eae190	4129ba96e0f1f43abd88758bf0faaabc06c65b7d4415ae40d5ab4b07128e586f	15302729	27775
392	SRR10493818	/cephyr/users/mayoa/Vera/hpc_rnaseq_production_results/2026-09-10/runs/SRR10493818/gene_counts.tsv.gz	612058571e1e4ea025d08e5f06a59099701a7bda5d9fb7f36c361f5471bce9c3	ff7314fc2655d5fe6ecfcba1372ffadcf8c901a4804721222c46e142adf38b83	20130254	27775
393	SRR10493819	/cephyr/users/mayoa/Vera/hpc_rnaseq_production_results/2026-09-10/runs/SRR10493819/gene_counts.tsv.gz	c00d78a8f191b720505d893aabb1ac1b2df8374a6d57df82845fe77e35a1c002	1ea8bc83321230737e39d42fbb7368cec9d72ef1c8c5cd952b8ab4f81188764b	19631462	27775
394	SRR10493846	/cephyr/users/mayoa/Vera/hpc_rnaseq_production_results/2026-09-10/runs/SRR10493846/gene_counts.tsv.gz	d13e3fdaf4aa9cb045e9d67b577332539b0bb396c1b21fd82af7657a83e2b33c	d7d14ae4c32c755cec35a508beede49e834934a556aab52694d8271b2e47aa47	210955	27775
395	SRR10493847	/cephyr/users/mayoa/Vera/hpc_rnaseq_production_results/2026-09-10/runs/SRR10493847/gene_counts.tsv.gz	cedcc8dc043475bf8bfd16b1570edd01ce65745222fb5be23a9375940e0ce896	9d54cbe3728212ae4d844a97e551c6e70660ca7a02f321eeeb43744cd43cb4a8	8163175	27775
396	SRR10493848	/cephyr/users/mayoa/Vera/hpc_rnaseq_production_results/2026-09-10/runs/SRR10493848/gene_counts.tsv.gz	e090762922689973a3392dd573cb97a39c501ce549970678df7d7d3688337f8d	6799e34601a807d4034a6edaa5f61fa86c7b5681d15ea390bd7fd430b23aafe7	5407994	27775
397	SRR10493849	/cephyr/users/mayoa/Vera/hpc_rnaseq_production_results/2026-09-10/runs/SRR10493849/gene_counts.tsv.gz	4b8bfac3f567a71495f15f070896fe59868e9f6dd34e42d9fdb7a46756465726	e69fb5b782563d57b4479518619e78fb5ce69ef75b3f846ee8d8778712f154bc	10878569	27775
398	SRR10493850	/cephyr/users/mayoa/Vera/hpc_rnaseq_production_results/2026-09-10/runs/SRR10493850/gene_counts.tsv.gz	18469ae3fe59af8641e7be23beb5559d402db221f89e45056d06c8c430260254	696198a7481c148e41fda29aaa81500e63149e2b2e62cecb19d20c88578c8562	11732768	27775
399	SRR10493851	/cephyr/users/mayoa/Vera/hpc_rnaseq_production_results/2026-09-10/runs/SRR10493851/gene_counts.tsv.gz	cb614f8ca96f558eabb7f97b9da602f193967d1362f3a26e4d68735b80e7ffa6	16ed25699241b08fa6b20f6099fe5e71657f92a5ec85726c74ab6956486c75f8	11596249	27775
400	SRR10493852	/cephyr/users/mayoa/Vera/hpc_rnaseq_production_results/2026-09-10/runs/SRR10493852/gene_counts.tsv.gz	1f5c4aa379e652f7678221508ae97c81eb7bdad2af96e82e8efc998926eb519f	708ed42c52b88b90574a3ce1ef6eadde7d613fccba0c55ba819fb7d61400f9f4	1173664	27775
401	SRR10493853	/cephyr/users/mayoa/Vera/hpc_rnaseq_production_results/2026-09-10/runs/SRR10493853/gene_counts.tsv.gz	f522285bc153b69fc342b0dfe034f6be55d85a4596168f444224f17d93b02244	2c249b66e4f1e84a61c92b0d3a5bc4c93b79b676d6a0d629d0bea14e3198af6a	2186703	27775
402	SRR10493854	/cephyr/users/mayoa/Vera/hpc_rnaseq_production_results/2026-09-10/runs/SRR10493854/gene_counts.tsv.gz	e15ec442d3acc7c9ac669a02a3f80dbd6b409174e5b27cd7cd5a5883ebe66b67	2935f49db5c3381b1d79bfbd7bb933e51efca8eca9c5a73efdd1c7beb0040d86	1363758	27775
403	SRR10493855	/cephyr/users/mayoa/Vera/hpc_rnaseq_production_results/2026-09-10/runs/SRR10493855/gene_counts.tsv.gz	8de8208b5848fdbf185c60d856064462d1e5e40fa0cf2cb3b37efddcff1a761f	09f9fef08971a1c02f6326e8fcca26ed193d8953667029445ff6e9f731e4ea58	6221330	27775
404	SRR10493856	/cephyr/users/mayoa/Vera/hpc_rnaseq_production_results/2026-09-10/runs/SRR10493856/gene_counts.tsv.gz	551860768f6d44cfccb17175bef56699817b02b5f9d9c47b6d534b74a18d63ef	02a10284271a54984bbe799056400bb441a5da8ba1d5429e3e85ac4b42b71d07	14186090	27775
405	SRR10493857	/cephyr/users/mayoa/Vera/hpc_rnaseq_production_results/2026-09-10/runs/SRR10493857/gene_counts.tsv.gz	b698f37eccc622038cf82a40a9d121bee145e9760f0cb5d76c637859c936c3da	9fd5f50d2ec6d9d3d8a29a62cb16a02e4e5681a40566bfce0a8f429b6ba41cf8	1168067	27775
406	SRR10493858	/cephyr/users/mayoa/Vera/hpc_rnaseq_production_results/2026-09-10/runs/SRR10493858/gene_counts.tsv.gz	87a06699547c0286467a67d35c40a8cb11b7a08bec0c5b9939d8c726c6c1d160	e6759c5a64ad628ae535d18b8cf1a0e31631ca5d388641ab40778f35c504ce37	12674475	27775
407	SRR10493859	/cephyr/users/mayoa/Vera/hpc_rnaseq_production_results/2026-09-10/runs/SRR10493859/gene_counts.tsv.gz	bfeb92aa078a081053aaf6a17efc05620259f628c446cf67fa9b123080476e5b	0d3e8e9fea1061ddcfd1b7ff48c46ca7c32fab29772174825272bd5b6bd5bd9b	11225403	27775
408	SRR10493860	/cephyr/users/mayoa/Vera/hpc_rnaseq_production_results/2026-09-10/runs/SRR10493860/gene_counts.tsv.gz	2503efaaa24df368ad74ad304b236c837e7ae9c552d89aaedcd6c8aa1ee2fb78	7a74f70099c395db064c6a603ac2cf5cc4d4b4b178e54f67fb23b4a12def578a	12874369	27775
409	SRR10493861	/cephyr/users/mayoa/Vera/hpc_rnaseq_production_results/2026-09-10/runs/SRR10493861/gene_counts.tsv.gz	c84276cb1845a4cab7315e9993be5ed155cec7ba6bdc013ca1a305fd1542dfa8	96ccdad6c30bca0f554e8d80ee8455052a09a014267dbbefdd65849439876ce8	2467063	27775
410	SRR10493862	/cephyr/users/mayoa/Vera/hpc_rnaseq_production_results/2026-09-10/runs/SRR10493862/gene_counts.tsv.gz	1577d42546bcf2f1643e53ae4839e9259b8707bf68a2fb184171e7610cdf94c5	868b775a1ba977bdcc4d8a947e42d2679b28f7225f2ae09e3354a323e3aecbc1	1233854	27775
411	SRR10493863	/cephyr/users/mayoa/Vera/hpc_rnaseq_production_results/2026-09-10/runs/SRR10493863/gene_counts.tsv.gz	dadd9db4db66e4a4dd4180fc71d0eafd7514f433d54c82106bcf5daf377a8a5d	49568b30aebc60fe18b0fcc240252d3395728044cfcc4448229b31aa2ec92bb4	11308880	27775
412	SRR10493864	/cephyr/users/mayoa/Vera/hpc_rnaseq_production_results/2026-09-10/runs/SRR10493864/gene_counts.tsv.gz	5a34c0e6444fcc779d0e089635b9899077f7c590f5182a5624467d222382206c	3591492fe7e71fe8eb02692d822f123de1b71059aab2e5ece7d2ec324f5be02c	17015098	27775
413	SRR10493865	/cephyr/users/mayoa/Vera/hpc_rnaseq_production_results/2026-09-10/runs/SRR10493865/gene_counts.tsv.gz	7242a3955a8fe1a9e8cd09eacd550c7f82c5f0739995b174e54a287ed1ec1577	e49318303ac984265312a58a2ea13e4267ee027904e3e916c721955157efc1a9	6263106	27775
414	SRR10493866	/cephyr/users/mayoa/Vera/hpc_rnaseq_production_results/2026-09-10/runs/SRR10493866/gene_counts.tsv.gz	84efc8665b9378e404bbde235e5bbd3f0ba3b38c92b5bf5ea147f9ffcf628dce	aed28113bc8a71e0d2b19a32546b89bde39ab256468f060e81908d377db25e0d	19582833	27775
415	SRR10493867	/cephyr/users/mayoa/Vera/hpc_rnaseq_production_results/2026-09-10/runs/SRR10493867/gene_counts.tsv.gz	3d8cdde44eed13d0867711aee9ec3e0ab3efa7401ad23cb0029b36087e06718f	6554af85b1a924dab33e131ac6a289e124ab8f38fd75acde7de475ee021e8a69	14219718	27775
416	SRR10493868	/cephyr/users/mayoa/Vera/hpc_rnaseq_production_results/2026-09-10/runs/SRR10493868/gene_counts.tsv.gz	12e66fd32db293100b0f0a2aec8d86245baf5fb73664139bf52d92c846ba77fc	68098f5a22c6f32407872f3d51a65c553d7ac23df70a5c8c31ba62e4d9bfdd05	14679099	27775
417	SRR10493869	/cephyr/users/mayoa/Vera/hpc_rnaseq_production_results/2026-09-10/runs/SRR10493869/gene_counts.tsv.gz	29823ae2981046720832cf4cf57a264312a466fe8ca89dd6608996a510dd7264	d6392ba54f3ea7dee91e01fe5d8d12ec405fdcb7c6886499922bdcdde010990d	13338631	27775
418	SRR10493870	/cephyr/users/mayoa/Vera/hpc_rnaseq_production_results/2026-09-10/runs/SRR10493870/gene_counts.tsv.gz	92566292e682138340d04d8f6a461276e0d48f895157093b626770def613693d	5dbd14cd0bcf363d76ae6583fd982d351058d45d67ba33ff87fa877f3e11ee97	8105841	27775
419	SRR10493871	/cephyr/users/mayoa/Vera/hpc_rnaseq_production_results/2026-09-10/runs/SRR10493871/gene_counts.tsv.gz	8a2bba3815a564d1d25be0807d5da903b789356e494259f2fb346e11bf478d64	f14b7e4c3955f1e32c78a04d5755d2b217c793b2e028cf6fd51e2eb6f0c384f1	8538349	27775
420	SRR10493872	/cephyr/users/mayoa/Vera/hpc_rnaseq_production_results/2026-09-10/runs/SRR10493872/gene_counts.tsv.gz	07632e6f584fe24c730e6c080d7134c075370a2d6f9de2746bcbf452a82af8ef	8e7a803570f17d7d0e1d6424eac0e506e66e4a69ace5b9655215037aeec9e0a8	15762032	27775
421	SRR10493873	/cephyr/users/mayoa/Vera/hpc_rnaseq_production_results/2026-09-10/runs/SRR10493873/gene_counts.tsv.gz	ed3c5e87c056cba625aaefa057ea404571dba2f3a1cdcedb44ad8eb04c91e9a5	0acea1d026995261d0ee8c9f978e408c37a000207ea49dfe612814866b30dd4b	18033613	27775
422	SRR10493874	/cephyr/users/mayoa/Vera/hpc_rnaseq_production_results/2026-09-10/runs/SRR10493874/gene_counts.tsv.gz	e126054a2c34ef0e71dd478fc99825e58d8ff25ae5090205ce671210cd25951a	e0b210342eac56f3ef9eef1669d270a209542322ae2bbfe44259f6155bf349b8	15770027	27775
423	SRR10493875	/cephyr/users/mayoa/Vera/hpc_rnaseq_production_results/2026-09-10/runs/SRR10493875/gene_counts.tsv.gz	b6443de06e618c732f44e0e730aac5266e81fb205ed73944cf9908a3c0f5fc86	187eae53f7ccef731dea0f3326a1296554cd7c72c1defaf153f406b4463760b4	13715178	27775
424	SRR10493876	/cephyr/users/mayoa/Vera/hpc_rnaseq_production_results/2026-09-10/runs/SRR10493876/gene_counts.tsv.gz	c29f6115202808dfe3614a8ec4e355ea4f75814778ad4308fa129fffbf80292c	53c2963fa3e141d99209fa44f3b6ce16c7b388aff4751a2039aa6e5126626f3a	14505579	27775
425	SRR10493877	/cephyr/users/mayoa/Vera/hpc_rnaseq_production_results/2026-09-10/runs/SRR10493877/gene_counts.tsv.gz	2e3b766b4f83503779b92c3dfd505aa9a7462d5f96ade38f1f58665f8fe2a74e	9a9c3f7b301bf3727b47763e96b0a2dd33d7fba0650e3c243f9afbfb80320299	13902806	27775
426	SRR10493878	/cephyr/users/mayoa/Vera/hpc_rnaseq_production_results/2026-09-10/runs/SRR10493878/gene_counts.tsv.gz	1d8aaa600e880686b06c0dbbf882fd9dda19152d3c4881a7cb29ba23426fe5d0	6ed1ef79dacf415b385022319548adad4a33a05713ecc0ea995b505833a775a8	11356482	27775
427	SRR10493879	/cephyr/users/mayoa/Vera/hpc_rnaseq_production_results/2026-09-10/runs/SRR10493879/gene_counts.tsv.gz	574797c1432da13bbb20a560a2f0af82d0c5e60128a1896e0c3e61fc34a0643c	35279c3ce927f2eb8bbb5f319d8e9db12b16b485d9bdf10bb7d49d42551e06c0	12200421	27775
428	SRR10493880	/cephyr/users/mayoa/Vera/hpc_rnaseq_production_results/2026-09-10/runs/SRR10493880/gene_counts.tsv.gz	2d1495e02317a8d3d53ad697e68891771f328c37733918da0eb3ac8946d6a383	1e16631efb5ced56e97bf4dd9b8dc679cfa2f230eeb491442649760fbde5253c	12879788	27775
429	SRR10493881	/cephyr/users/mayoa/Vera/hpc_rnaseq_production_results/2026-09-10/runs/SRR10493881/gene_counts.tsv.gz	9f448783747bd8406db8f03b3d744030a85e2437a42e0c6d4f19d82be6dbbf2a	727765def459611b0c9bef539deddf9409d9622ed824a2db80faa051ac67979b	13535918	27775
430	SRR10572657	/cephyr/users/mayoa/Vera/hpc_rnaseq_production_results/2026-09-10/runs/SRR10572657/gene_counts.tsv.gz	c0c90ae0beb82b1eba057e4f2fb9bc97286d49d55d3872fa70c434f9afc66e3e	0db76b6261327cc0ba6dea79e9b758d6e9f690664d1e15beed9301654b4fc52f	40452477	27775
431	SRR10572658	/cephyr/users/mayoa/Vera/hpc_rnaseq_production_results/2026-09-10/runs/SRR10572658/gene_counts.tsv.gz	ebf8f4fe448fb89e604cc5c13dc8fa069290755b7e347611281f5973176ed7d5	e2b3fbed14542363058543435fff05341a4af1947281e878fc4cf29951594b68	37754596	27775
432	SRR10572659	/cephyr/users/mayoa/Vera/hpc_rnaseq_production_results/2026-09-10/runs/SRR10572659/gene_counts.tsv.gz	5c4d8f455db74e96d93bb5b7c99fb444d920b32a159b2610d1f8662efd600097	5a4bd560497de2281c29f9063d3f4954f0e27fcb2532d72fc9e67163202b8ad9	42334204	27775
433	SRR10572660	/cephyr/users/mayoa/Vera/hpc_rnaseq_production_results/2026-09-10/runs/SRR10572660/gene_counts.tsv.gz	f118d43e37ca2a7244c6f0b32b49078797eacb870f887a786e3b0c3bccf1b8f9	0c9abca7fab7660e56e94c30f6adb9c872c734999fc19470183302519af0b0bd	38082436	27775
434	SRR10572661	/cephyr/users/mayoa/Vera/hpc_rnaseq_production_results/2026-09-10/runs/SRR10572661/gene_counts.tsv.gz	3215fa76efa8687fcc9b46388245a97db5940f179b6c77943eb95660b8d4d480	d0b375e7fbeeae0c085a7b8610984def3fcf55eb7379d20543d3a9f62268f2fd	44218074	27775
435	SRR10572662	/cephyr/users/mayoa/Vera/hpc_rnaseq_production_results/2026-09-10/runs/SRR10572662/gene_counts.tsv.gz	59586c1736c40e849ed836ac3567db5193f0e200f8f96f9bb140748935a42faf	d5eba6b131986b9d88675a8d546a3d4eb922aa9d3fb00ca7622adb6e91588fb4	40775464	27775
436	SRR10572663	/cephyr/users/mayoa/Vera/hpc_rnaseq_production_results/2026-09-10/runs/SRR10572663/gene_counts.tsv.gz	333fa37c0a1af512b58c4a48eaf4d368da6911b67263558feb7c84eebbe796ef	e76a2172680ddc9ecfc6aca31bf4fa9bace83d6567d930fda5d32ae0617d2597	26836277	27775
437	SRR10572664	/cephyr/users/mayoa/Vera/hpc_rnaseq_production_results/2026-09-10/runs/SRR10572664/gene_counts.tsv.gz	96a0cd6c765f7f4e2cc9ce9f7f98b261298fe755d493ba566a5b2bb7654ffad0	ec11cdeac800296b151ede8a38c9ae5b6d0fb86d001ed76f951d3ef5263e1a5b	38269183	27775
438	SRR10669486	/cephyr/users/mayoa/Vera/hpc_rnaseq_production_results/2026-09-10/runs/SRR10669486/gene_counts.tsv.gz	645cb604d899c483a1fd21f37432925ca7ecdf1c7dd28afd6a70d67bee5e70e9	0eab42fc601468ade8843c041071ef077f044cb0a984ed71801660a558456ee6	31905754	27775
439	SRR10669487	/cephyr/users/mayoa/Vera/hpc_rnaseq_production_results/2026-09-10/runs/SRR10669487/gene_counts.tsv.gz	e319a7c9f266b4b873a99a8701ac951ced9584922d5a6b26863c9b3bc3d42d64	42d835cc4aacd2a33d4b136af6b46bb7a3a4fe8decf75905fa1ab70db1c85983	27978688	27775
440	SRR10669488	/cephyr/users/mayoa/Vera/hpc_rnaseq_production_results/2026-09-10/runs/SRR10669488/gene_counts.tsv.gz	870ae8f21433f2d363c48c16e24016d41853408b291b1094a40d7b0fd4a12aa4	cdf9b7236db0d9b5a95114ad92ceba3957be9d662a4aa1d20c966c3c59ac6e1e	25985559	27775
441	SRR10669489	/cephyr/users/mayoa/Vera/hpc_rnaseq_production_results/2026-09-10/runs/SRR10669489/gene_counts.tsv.gz	73bad10b1fafb9da18c7c01a20601a531fd2b3143623cfd45594c03b73ddeb4f	4d1299aa748506bd30df85768bc0ae7aa95a3227ab57524be88b8928cac263dc	21799689	27775
442	SRR10995631	/cephyr/users/mayoa/Vera/hpc_rnaseq_production_results/2026-09-10/runs/SRR10995631/gene_counts.tsv.gz	f52a72a08d3099dcdb7f25d2790dd5646510539609ac33ec25462c32bed2a260	a07dbe7e957b6b1e3846347e282a3eb0cc023e7758dc5f70205869b77789aa4b	4168024	27775
443	SRR10995632	/cephyr/users/mayoa/Vera/hpc_rnaseq_production_results/2026-09-10/runs/SRR10995632/gene_counts.tsv.gz	fc680469552397ef0d9e1b50a18aae8d8a595fe1f9d3b3ea3c4d879fa1d9e643	a330d6cf9cb03bb0193ba9481af5e04c0b70032930a5f5d080ab283e72b88ecd	3771827	27775
444	SRR10995633	/cephyr/users/mayoa/Vera/hpc_rnaseq_production_results/2026-09-10/runs/SRR10995633/gene_counts.tsv.gz	f4ee4f6133e8fc4cf9dcaca36c2c931317e8229ce6420c984bb396760875dfd8	8b1c933dceeedc5230513a882ac2bd5ff690242f7310a713fcfd9efc882f9609	3669708	27775
445	SRR10995634	/cephyr/users/mayoa/Vera/hpc_rnaseq_production_results/2026-09-10/runs/SRR10995634/gene_counts.tsv.gz	7a4d154b604207985c3848038d9ec9acb69a333de8e4f261f323e3c209c18f95	3ef67b8038cf8d8ce080475283700ca7a7ff44a267e4e1f83f2552086f8d2514	3598528	27775
446	SRR10995635	/cephyr/users/mayoa/Vera/hpc_rnaseq_production_results/2026-09-10/runs/SRR10995635/gene_counts.tsv.gz	f763b03a2b5adb410b77439edfe37b8d357e59b07a957ff86dfd67429eff45d2	ec132359306c92049c2106ba512c0e7df419e793151000050db82b2be563ab18	4356087	27775
447	SRR10995636	/cephyr/users/mayoa/Vera/hpc_rnaseq_production_results/2026-09-10/runs/SRR10995636/gene_counts.tsv.gz	fbac77ce6b3e50fb6fa6ca01f3f50d28b2c63dc23569866ccb0c92606022b0ae	c73e564a305d46520410d4d6bab793752a15a33ecbeb711301d7eeff90387768	3981175	27775
448	SRR10995637	/cephyr/users/mayoa/Vera/hpc_rnaseq_production_results/2026-09-10/runs/SRR10995637/gene_counts.tsv.gz	f3a29ca7693137ebd88012ce3b106bca99c85246d34e747629477c1700a95fa9	765f7b6e6cd58cc5231a98d965af6e08cc4c8847d81468ad64371c018700d082	3879518	27775
449	SRR10995638	/cephyr/users/mayoa/Vera/hpc_rnaseq_production_results/2026-09-10/runs/SRR10995638/gene_counts.tsv.gz	ba50ad8a5b3c4b24ade44b03c92e0bf883c5c6ee923bf5859d52dd40fd8923df	2821f81bec7e5974a89ccf14b18eac78380b9c70ca5ec0b415e7b94bebc36df5	3800292	27775
450	SRR10995639	/cephyr/users/mayoa/Vera/hpc_rnaseq_production_results/2026-09-10/runs/SRR10995639/gene_counts.tsv.gz	ebf551de57ebc0f44303c22498c5a7944d675573cd8b889c3937cc3fa35daf33	6e52221f3f85c3a92c5889ddc19c956bd92ed24f9735ccc258beb47bbbbd6041	4027100	27775
451	SRR10995640	/cephyr/users/mayoa/Vera/hpc_rnaseq_production_results/2026-09-10/runs/SRR10995640/gene_counts.tsv.gz	2c1b4bdd59089122f19e2fa12313e1e925dff894e507adeccedf649f027a31f1	76a98a61c1bfd1a609abb897ceeaf4758ec99784686374af657b7f84ec071b56	3611753	27775
452	SRR10995641	/cephyr/users/mayoa/Vera/hpc_rnaseq_production_results/2026-09-10/runs/SRR10995641/gene_counts.tsv.gz	e61fe462bbba2b5d2d3464626da7b9a745ef2b72f71ae1b87657646df65c07ee	aa8d38bbe6ba2fb3ab650897f4f7c2b9e16dab80e30659d1e4218dd1fbeece88	3450266	27775
453	SRR10995642	/cephyr/users/mayoa/Vera/hpc_rnaseq_production_results/2026-09-10/runs/SRR10995642/gene_counts.tsv.gz	1bcd5a229177a839b41fc3e2e87482d37c6be1cd598c3e29be413df887dc568d	248868a1764f4054538a09bdb26971451b0913e1b5735373e33eb6fba20b1bd7	3381646	27775
454	SRR10995643	/cephyr/users/mayoa/Vera/hpc_rnaseq_production_results/2026-09-10/runs/SRR10995643/gene_counts.tsv.gz	81f86dc75ad6204cfb7d626d8efe7cd3d8b184002ccc356cada5a7e6c2201ef4	f784fef495c9ecd610b47493ae39f9f946263c481e3c032dbd17c2dbdaefd134	4442202	27775
455	SRR10995644	/cephyr/users/mayoa/Vera/hpc_rnaseq_production_results/2026-09-10/runs/SRR10995644/gene_counts.tsv.gz	43d4dedecab0ba938329d7ee06edd9776ffd7d4e09442812fec46b9155a6baab	79bd8967f907a54ad9e18b89d5f18f3e89efeba0b0a0a69376cc943b94ec25fe	4039774	27775
456	SRR10995645	/cephyr/users/mayoa/Vera/hpc_rnaseq_production_results/2026-09-10/runs/SRR10995645/gene_counts.tsv.gz	1027280a46e3400167014b66ee0c903326aca821e11f977fd0f806a11a4c7245	d7211dcc8d61f58baef9d5e28e5765a6b26d97af8c6ef366fbf7e2e0d5c06744	3930965	27775
457	SRR10995646	/cephyr/users/mayoa/Vera/hpc_rnaseq_production_results/2026-09-10/runs/SRR10995646/gene_counts.tsv.gz	40abb31538a7572e84e854fc5375d88619c170b9ec73b759ff70aebafcb7c7ec	53bf0f4fc38b0bc91f9e752f3e10d3b56ebb71b76973a8ccd64a86f49f2b9f72	3846937	27775
458	SRR10995647	/cephyr/users/mayoa/Vera/hpc_rnaseq_production_results/2026-09-10/runs/SRR10995647/gene_counts.tsv.gz	9e5dcb625f58c58471330998ff7a7d4387af71f825d2137b30c8b51db1d0a646	a7e19ef1aa2956d4a37d06a42fd4bb714f7914b167b61346d29b905f7086e3f5	4623781	27775
459	SRR10995648	/cephyr/users/mayoa/Vera/hpc_rnaseq_production_results/2026-09-10/runs/SRR10995648/gene_counts.tsv.gz	12ba5002353076d642098d46015899e59fe9b5dfb18673ee8ea544881a997322	0e9a10a826f9af26d1e9570d6ad79affa9d3ef0aab32803376974f582b7abbf0	4201646	27775
460	SRR10995649	/cephyr/users/mayoa/Vera/hpc_rnaseq_production_results/2026-09-10/runs/SRR10995649/gene_counts.tsv.gz	5c62da21961f252441fe5309d28f851e1fb2b4e1f3de1da04278a12d2abc0f0e	2c64b4f139c67ceb904ae34bacd9c910267cd9d4728449007c4edc5d5dad984f	4059670	27775
461	SRR10995650	/cephyr/users/mayoa/Vera/hpc_rnaseq_production_results/2026-09-10/runs/SRR10995650/gene_counts.tsv.gz	2ed8bc6b2fd6ff7b1f4d7430bdf063aedf7a293f7724f18cd82563d16d8b4e7d	42a2786a71011907a9de3f62728a29b4fc10e4d7f99ea6aca8f08be066959395	3971961	27775
462	SRR10995651	/cephyr/users/mayoa/Vera/hpc_rnaseq_production_results/2026-09-10/runs/SRR10995651/gene_counts.tsv.gz	011ed368198a5848f3bd9fffe2f4d7b203ba5c4e1601ffdc91aa95dff231467a	44a86c4167abb48ae49c70415bb8ff001d38c598dc2e29418a34f1119356c5d5	3980169	27775
463	SRR10995652	/cephyr/users/mayoa/Vera/hpc_rnaseq_production_results/2026-09-10/runs/SRR10995652/gene_counts.tsv.gz	a25988b67f621e024d4c1d40c34b7d12b6ab24bba9aaa03e62f0d2a96a256b64	bb3e5c86d2dc2b47831db2c40ba3ebdf5c35116832849819646845a587c74c67	3607253	27775
464	SRR10995653	/cephyr/users/mayoa/Vera/hpc_rnaseq_production_results/2026-09-10/runs/SRR10995653/gene_counts.tsv.gz	d18279ee69f99e60915e4e8dda25ade76ab8402baccb6005241319ceb1ee9a5c	124b5ea0f7d4d33a370785b7e353fbab90ca9e6b9be1963b4b81e1e4d276ff04	3443806	27775
465	SRR10995654	/cephyr/users/mayoa/Vera/hpc_rnaseq_production_results/2026-09-10/runs/SRR10995654/gene_counts.tsv.gz	2f6b175873b0fdba25bfd7a1701d5d02fd248e24b77ad1183061f5f7ee2df826	bb8bfde1898114ddc89e93371004cfef8b8569c63776025ed3eb7a6eacfc9eb2	3380921	27775
466	SRR10995655	/cephyr/users/mayoa/Vera/hpc_rnaseq_production_results/2026-09-10/runs/SRR10995655/gene_counts.tsv.gz	ff5a1a29c847e11589b07a389721f0137a4cdf1e565c9e9ee99375019a2014f2	2ef734f319a112bceea191de3e86f23aeb2c40075a100a915c2a320eeaf2064a	6442261	27775
467	SRR10995656	/cephyr/users/mayoa/Vera/hpc_rnaseq_production_results/2026-09-10/runs/SRR10995656/gene_counts.tsv.gz	1c1bc78e9ff761e555fc740909e5e721a47c485fc92cddea542bc278da490115	2ddad2cf3823431c994bcbf4846ce0a23de19ab6ace19531b3d45456f2f2ab5a	5876348	27775
468	SRR10995657	/cephyr/users/mayoa/Vera/hpc_rnaseq_production_results/2026-09-10/runs/SRR10995657/gene_counts.tsv.gz	9e02dd6ba4e825789a5ce37c1512da97bada45a22699b87d9b2355881296e95e	fe12f6d5275acbf00c3e7f35570f07447a35ca2fd1c2ba1a952741fd85a18d3f	5685261	27775
469	SRR10995658	/cephyr/users/mayoa/Vera/hpc_rnaseq_production_results/2026-09-10/runs/SRR10995658/gene_counts.tsv.gz	243505245f49d7af8888e5301b560bbeb7355bcea4897f8d07f3a9b2c9201871	2a497bbcc6ae18f3372e14c6795c8f5a89f780445cc2a68727a0ebcde86cdf8a	5569350	27775
470	SRR10995659	/cephyr/users/mayoa/Vera/hpc_rnaseq_production_results/2026-09-10/runs/SRR10995659/gene_counts.tsv.gz	cd8f78f27cbce4c1a9d6a743917da8cb8f78c959a1b708b615ff89f0b4d5db64	1b423a151ee7e99db6f39fb53725484cc1aec89251a8e0292f6b3d1a4652a120	5066945	27775
471	SRR10995660	/cephyr/users/mayoa/Vera/hpc_rnaseq_production_results/2026-09-10/runs/SRR10995660/gene_counts.tsv.gz	ddba2e14edf41777da04b6849cb2481b357e5fefa9539c007e76b5fb6d617127	f90e738fd5d99f106eaea8410bcfbfc20f981ce74a4d40c1f9ab3d50ca12aac2	4488094	27775
472	SRR10995661	/cephyr/users/mayoa/Vera/hpc_rnaseq_production_results/2026-09-10/runs/SRR10995661/gene_counts.tsv.gz	cc9dbac93d76114f4a4cbb7de6d578324e366179f0c84e696ef53631699f22b7	3a31a611af1e31fbc281503e9ac0514a866c0f925471c0e03d3e945752b90291	4285644	27775
473	SRR10995662	/cephyr/users/mayoa/Vera/hpc_rnaseq_production_results/2026-09-10/runs/SRR10995662/gene_counts.tsv.gz	ff1ccae461c5e6b19d7710a1c66b3212534d708a722f41ec12cda74b292290d2	72d2085f3440aa0c877f12f3d74a39ff5babc56476d0d86ab86b1478381305d8	4178459	27775
474	SRR10995663	/cephyr/users/mayoa/Vera/hpc_rnaseq_production_results/2026-09-10/runs/SRR10995663/gene_counts.tsv.gz	538a66497874d853bedf968bbe0339ee891b86f60748b0e3c9e2b3eb9c1a7efa	afe94bcac5dc045f7c780ce5a8d1a5ccc708e8fc5ffa78007c974cb2d02615cc	4010442	27775
475	SRR10995664	/cephyr/users/mayoa/Vera/hpc_rnaseq_production_results/2026-09-10/runs/SRR10995664/gene_counts.tsv.gz	660aac53fb41c63fa073f3750034d047bccb190d107da5fad19629acce50ad30	ecc301a08af4e4a482bf57bffd5fd90d1411507025f2f9fe783c8fcdbfed97ac	3623858	27775
476	SRR10995665	/cephyr/users/mayoa/Vera/hpc_rnaseq_production_results/2026-09-10/runs/SRR10995665/gene_counts.tsv.gz	45156d8e94662ac9b902ccf09df9cc5530f2464b4238fdb1b223774a309f1f4e	fb61c22df4024a0acfa9d313afa640ed131346928561285b09a102fb59f09ff5	3459708	27775
477	SRR10995666	/cephyr/users/mayoa/Vera/hpc_rnaseq_production_results/2026-09-10/runs/SRR10995666/gene_counts.tsv.gz	1e8072bacb1acc5b8e3e237418a1634295ae34d5a549aac1a3b9afa0142b1a63	fbe0ee9e9d788428799073d4892759958289a103bf373a48fa7e8cb9f89bf638	3393860	27775
478	SRR10995667	/cephyr/users/mayoa/Vera/hpc_rnaseq_production_results/2026-09-10/runs/SRR10995667/gene_counts.tsv.gz	c2dce8f3118fd7e597efe6ee50b26e6e2c0cb3155ff74cbcc6c722c4ae6da516	1074f8ded292d5d38df34ddeba565e1830e5f61bafcf7f956641f12c12064bda	4326362	27775
479	SRR10995668	/cephyr/users/mayoa/Vera/hpc_rnaseq_production_results/2026-09-10/runs/SRR10995668/gene_counts.tsv.gz	c725cac0e0948425b60314b3a9a330a00f1e5883b04f97df7d398d53e412f04d	2f775d41e949cd5ac6406102aca84ec8de7a615668a5e38870dbfe2377875278	3963350	27775
480	SRR10995669	/cephyr/users/mayoa/Vera/hpc_rnaseq_production_results/2026-09-10/runs/SRR10995669/gene_counts.tsv.gz	e1d74fece2388a167337ada012b9adf112c01654ee6ebc50e647fb84ff3a4541	d0165ff2fafaec4db905bcf166a70efd737dc7ba5e4f6cbe52889a7a98c9bcd9	3871383	27775
481	SRR10995670	/cephyr/users/mayoa/Vera/hpc_rnaseq_production_results/2026-09-10/runs/SRR10995670/gene_counts.tsv.gz	0fc88114e40c33521e9fa58100546ea163676b525ae4a6c21230461c5149bccb	0281122da8747125d9e0345d1acb5f1b4060e6ab6209b3f7b0e320704885c8c3	3807265	27775
482	SRR10995671	/cephyr/users/mayoa/Vera/hpc_rnaseq_production_results/2026-09-10/runs/SRR10995671/gene_counts.tsv.gz	8f024e595ffe604ab5f9d39c536c07cf42d92f492eaa8b80c5c66f5c435c8c27	72a64fee6c0aaf24c17bd0a3fac3f59e2c3fc96a1497ea1a50ee0e6a564724fd	4306642	27775
483	SRR10995672	/cephyr/users/mayoa/Vera/hpc_rnaseq_production_results/2026-09-10/runs/SRR10995672/gene_counts.tsv.gz	c632c7399eb85c6ddd5cc0b26aa5449c1415cd5553102bdf30dd3ae5070bc20c	77ec1d933c4a8f8011d53f3c2ff2a12575f6f4fb1520e94025d90fc1ee429004	3915232	27775
484	SRR10995673	/cephyr/users/mayoa/Vera/hpc_rnaseq_production_results/2026-09-10/runs/SRR10995673/gene_counts.tsv.gz	87aa203206ba9ed66884185df6ce9f250fd117f8c77b78852d0f5198632ede20	6c9f0363e5421c22eb82f34283c104099c956d63264eb883ce404cbb6cad6070	3759731	27775
485	SRR10995674	/cephyr/users/mayoa/Vera/hpc_rnaseq_production_results/2026-09-10/runs/SRR10995674/gene_counts.tsv.gz	1b3a9ee504c000fa2273cbb0a412e9ee074bf97eace4275f0d7b1735894c9f7f	10cc91a0b774a8acb847db67dc6db68df270002fdd26f1ce5ab513af216d5b91	3693228	27775
486	SRR10995675	/cephyr/users/mayoa/Vera/hpc_rnaseq_production_results/2026-09-10/runs/SRR10995675/gene_counts.tsv.gz	5f45cba751b2efe241f398db3362db6b417a4367a47b678f058d8124c493fd04	38fbefcb617f5cd20bfeac7dd3889e97c664061ac9d654d3cc224c9c3fe4a9fb	4808115	27775
487	SRR10995676	/cephyr/users/mayoa/Vera/hpc_rnaseq_production_results/2026-09-10/runs/SRR10995676/gene_counts.tsv.gz	c13e41e5dc47cc8ab3ad9c39104bea7a10fcbad8c9dec5fa57169928393281d9	a7f402f3b2d04941d580648b06b9a40e59aae6c21140333fae9f4863c027cb54	4384082	27775
488	SRR10995677	/cephyr/users/mayoa/Vera/hpc_rnaseq_production_results/2026-09-10/runs/SRR10995677/gene_counts.tsv.gz	32b2a543b097c1c81bbf2e267c4abc9925e3826ee1e26a6c4d8c1c134b5ca5a5	fc5f39c8ba822986d34cf946f79cafc00830efd879ced263acaf5da8ba8f8b3e	4233523	27775
489	SRR10995678	/cephyr/users/mayoa/Vera/hpc_rnaseq_production_results/2026-09-10/runs/SRR10995678/gene_counts.tsv.gz	50415e05f3826383ddfd2438b70181de3849b0c285f87139fefb0373bd2daa40	52b19cf271abbd95b066f2b8886c4a48c1834964f672cf54842a7e39e7303ad1	4165184	27775
490	SRR10995679	/cephyr/users/mayoa/Vera/hpc_rnaseq_production_results/2026-09-10/runs/SRR10995679/gene_counts.tsv.gz	5c0ae5c730c9e81725adc81d711b28539e7290282b6d53e9c029a695a2ae7fec	da3827dbb70961c72aa0279bd63c8856a89988ed8861140af19b782bb3bd67d8	4826888	27775
491	SRR10995680	/cephyr/users/mayoa/Vera/hpc_rnaseq_production_results/2026-09-10/runs/SRR10995680/gene_counts.tsv.gz	145f5ca01c2aeac488bf9e54495e2bdc8cad7b549d04eb26af3d020a92e83282	bb3c4279b953b83c911b56914e853577b9e9c154608e0a0f78868cd1089002af	4417310	27775
492	SRR10995681	/cephyr/users/mayoa/Vera/hpc_rnaseq_production_results/2026-09-10/runs/SRR10995681/gene_counts.tsv.gz	37f1022901bd364b93e1657270d71a10aa50d477383cac324b9afd36946068aa	90fccc53d41ed1991063fcc8e7064cc1bfd86b3e0f0ad94c7f976962c270f3cf	4298941	27775
493	SRR10995682	/cephyr/users/mayoa/Vera/hpc_rnaseq_production_results/2026-09-10/runs/SRR10995682/gene_counts.tsv.gz	9b12cbbd793b7d886c41e131781b1cec7dde9e66af569b6ae66081e36278e413	e3f16c02ac9cac5712c70853bb312885dbcc478f00d4d32dc89ed5ade561719c	4225200	27775
494	SRR10995683	/cephyr/users/mayoa/Vera/hpc_rnaseq_production_results/2026-09-10/runs/SRR10995683/gene_counts.tsv.gz	246a752f649f152605a8ed3921adb5078aa57fdc432dc7c0215a8a2fa9aeaa40	c8a4a4be6486585b6757163b5090e6bc09a184b47733aadb114a9ce7938c5c65	4936915	27775
495	SRR10995684	/cephyr/users/mayoa/Vera/hpc_rnaseq_production_results/2026-09-10/runs/SRR10995684/gene_counts.tsv.gz	3c8f1e806503d038c975d4c5367198a942481412344b4c875f70cc39aa3d5183	1ca3b2826b649b5a1ab835890085557285ce9a97b9ddc014000cb3b1a110e6c2	4470154	27775
496	SRR10995685	/cephyr/users/mayoa/Vera/hpc_rnaseq_production_results/2026-09-10/runs/SRR10995685/gene_counts.tsv.gz	23029a8879a8feb04d6c423f58b64259f90d8a0d2f1c907ef42ae4a9e38cd186	69e60988c4374407ce24a01449f31626681db7e351447dabf1cf20541bffbc5a	4258775	27775
497	SRR10995686	/cephyr/users/mayoa/Vera/hpc_rnaseq_production_results/2026-09-10/runs/SRR10995686/gene_counts.tsv.gz	6895ec1fe35ff0a5a5fbfbe5a416551d36fee4495a9cd3a508e98ece15877f1c	a1d5a4c151abebb5ce099aa50001b27c2cd5c2654525296282a59fa2454ecb31	4177518	27775
498	SRR10995687	/cephyr/users/mayoa/Vera/hpc_rnaseq_production_results/2026-09-10/runs/SRR10995687/gene_counts.tsv.gz	e6ccd0c80cfe99faf2bfffb271b202d4c0c56ed545bc2d761ba7a1c3a35cd1ab	4ec406404a54374f9707cb25a050499bf00f498985cb127620cdd29ffd969b96	5476899	27775
499	SRR10995688	/cephyr/users/mayoa/Vera/hpc_rnaseq_production_results/2026-09-10/runs/SRR10995688/gene_counts.tsv.gz	24b088a955f9819e8f48760ce7399ab2a4674487da2a31bb8cd5a725a4ae22b4	933dbe7c70e5edbf67e0a6a5735b1508464ecb5173f4cf6fa9b95b6b6b37cc51	4961915	27775
500	SRR10995689	/cephyr/users/mayoa/Vera/hpc_rnaseq_production_results/2026-09-10/runs/SRR10995689/gene_counts.tsv.gz	290dfc24a78a31d8f810485f645d29dff386c8e77554614434cdb4889d6ea29a	ceb8f82cf6b5badcfe0ebce2bebcf1fcd376006a98057a121ce41e8fb0ea72ae	4727273	27775
501	SRR10995690	/cephyr/users/mayoa/Vera/hpc_rnaseq_production_results/2026-09-10/runs/SRR10995690/gene_counts.tsv.gz	08999c98207faba74e06ec0d60cdbab3df8d1adc5843e40e93fbc9862dfd8108	6ef14f89f967de03b9792ed602a80bcb36330fc9fc60946c14a10dedb1b0b59b	4648081	27775
502	SRR10995691	/cephyr/users/mayoa/Vera/hpc_rnaseq_production_results/2026-09-10/runs/SRR10995691/gene_counts.tsv.gz	29f55ad80711a79ad91c00a4e12d398e83440e220bd9a9b981653ccc4b3e76b1	7cecf0c0ea08352e22727187a543f7c44c015f90f337674d4256b49726f1cd33	5104620	27775
503	SRR10995692	/cephyr/users/mayoa/Vera/hpc_rnaseq_production_results/2026-09-10/runs/SRR10995692/gene_counts.tsv.gz	28ecc84bbbcfc282d3311202c726da827d21b8caed3561ece4851b745c68f6d6	847a4e47f518da5e5d5b122816115256daba37ee493389844a3a92db4e0a5e17	4668184	27775
504	SRR10995693	/cephyr/users/mayoa/Vera/hpc_rnaseq_production_results/2026-09-10/runs/SRR10995693/gene_counts.tsv.gz	adf131c3c6e8b2e81a23d2c4f5f316296eeb3b03484bcc962cb26aa5da9e71b4	352fc1f6642e47ea70e0f6d6a69c4a9e8c72a4c96add0ca1111f49fc61695f9a	4550579	27775
505	SRR10995694	/cephyr/users/mayoa/Vera/hpc_rnaseq_production_results/2026-09-10/runs/SRR10995694/gene_counts.tsv.gz	39ca6f1a677a409b6c04335f70e0a20f25cbc34f10d9bb2d1497ee82aaa56cfe	fdece35571422b459ecda4cd07e3fa8c20bdde57e027e3ae9abc4cad43d7b7c6	4463354	27775
506	SRR10995695	/cephyr/users/mayoa/Vera/hpc_rnaseq_production_results/2026-09-10/runs/SRR10995695/gene_counts.tsv.gz	0ccbe244c54d83c3d4a51ca24d0184fe0fdbe6d5398dda9f97d7e548e230d537	781dcad0b87517fccdbfb419c199a8cbf7aa41957f32459967cca6a15859fefa	5174901	27775
507	SRR10995696	/cephyr/users/mayoa/Vera/hpc_rnaseq_production_results/2026-09-10/runs/SRR10995696/gene_counts.tsv.gz	879684dcc771e911f5d2b6eb57f60b2a7b532356bf705142f6a1c1e9b0aefaf5	0a5c4f46a0d52be3440b7f37455cdb8b85a6acef80e59799a1e821a59635b934	4605827	27775
508	SRR10995697	/cephyr/users/mayoa/Vera/hpc_rnaseq_production_results/2026-09-10/runs/SRR10995697/gene_counts.tsv.gz	5e2f4abd88a40eaaf607e4c10d33a42ed9165141fc26b6eb69ddc9fcaf84e184	56b5852a9f944a804eb674a9bc46670e3be94ef453673144aa79fe4412611f81	4395100	27775
509	SRR10995698	/cephyr/users/mayoa/Vera/hpc_rnaseq_production_results/2026-09-10/runs/SRR10995698/gene_counts.tsv.gz	7389dca000800bac9466192167b129cbf7748a1bd7b3da03748434619e368267	8cf7088ab594d3be2fe1420f0db4a123db95b1d345f0ae7e5ef866ec26cca97f	4306743	27775
510	SRR10995699	/cephyr/users/mayoa/Vera/hpc_rnaseq_production_results/2026-09-10/runs/SRR10995699/gene_counts.tsv.gz	9c4e16f8f1299ee1f8cc9da96a6e96151bf616053a3aeb56d6984c579143e8c2	eea62be46619d182b1665b2e3661ca780847d36850210a77e637aaea7f3694a1	8523885	27775
511	SRR10995700	/cephyr/users/mayoa/Vera/hpc_rnaseq_production_results/2026-09-10/runs/SRR10995700/gene_counts.tsv.gz	5fc7f689efaed3ed53b95d634b82e9c56c00b0279668415b82338949f29329da	260ca7f92b8c1cbfae757bc9cf1905f39d63774864a38973e0f2029c03f33b86	7735550	27775
512	SRR10995701	/cephyr/users/mayoa/Vera/hpc_rnaseq_production_results/2026-09-10/runs/SRR10995701/gene_counts.tsv.gz	ee228d8bdb3791a45895afa7285e2baa07d4eb45bd3f1ae105da2cdc6fea5a9a	c7a674e72f4492b0f30d41f63050c8f6c929de42a496da32dcad47cee9593c8f	7391097	27775
513	SRR10995702	/cephyr/users/mayoa/Vera/hpc_rnaseq_production_results/2026-09-10/runs/SRR10995702/gene_counts.tsv.gz	77617f614462c2e5e35fe54a42f6f369dd93bc1cacd94110b5340c25e177aa89	a6460e189de0717c7257366270e70a115fa00d2bb8f206c28952925ba179c106	7264118	27775
514	SRR11184908	/cephyr/users/mayoa/Vera/hpc_rnaseq_production_results/2026-09-10/runs/SRR11184908/gene_counts.tsv.gz	0f52360d6088c87137a137b7309b8442a0d2df02bc332bfa6bfc17c8e4c82c94	a7a774c791880cd594f7773f1b4ba1efe90f6ea6941a5e1da459745f30211203	23492435	27775
515	SRR11184909	/cephyr/users/mayoa/Vera/hpc_rnaseq_production_results/2026-09-10/runs/SRR11184909/gene_counts.tsv.gz	2b6d4b92e7375d6aeec1cd2d4787fc6d5a837dc5f7fab27f8ec45bd171836dd4	45a86a6de55c2c0ad37db19d2a3ff4f2c1563402022408eef0dbe1e45d53b56b	28606588	27775
516	SRR11184910	/cephyr/users/mayoa/Vera/hpc_rnaseq_production_results/2026-09-10/runs/SRR11184910/gene_counts.tsv.gz	1f99b3b0b25efec20f9a9b4634b73bd34aeab3e68f746e7fa18419072c106d40	c1098d67bf46e008549952a3d6831d8c7ed1a62407680265c433bfcee0274d6e	25021530	27775
517	SRR11184911	/cephyr/users/mayoa/Vera/hpc_rnaseq_production_results/2026-09-10/runs/SRR11184911/gene_counts.tsv.gz	2a26b81be20ee73cd1e62d71d121edebbf2f431c2883b36a89db3dc94b2b8c72	74b27f7a2a59190ce0a44eeea2fe91a6dc3981f0fe8565e801e4a2f24605580b	23096014	27775
518	SRR11184912	/cephyr/users/mayoa/Vera/hpc_rnaseq_production_results/2026-09-10/runs/SRR11184912/gene_counts.tsv.gz	38a3b8994d9f81eae500adc266e0470fe00a8584122063f57db4b96ba4c24dc4	51505b5cc71f6d16012f5b56964c98393ea9f4203c2161ac63368e792132b07a	23513325	27775
519	SRR11184913	/cephyr/users/mayoa/Vera/hpc_rnaseq_production_results/2026-09-10/runs/SRR11184913/gene_counts.tsv.gz	065a2b36234e0cbe44cb1d6d28317a8f58ba72a81436ba8923e3d50d3eb279d4	1e6ebf5ae5ce99681e183df3b7debcd7386559ab2dfcfa94347d3230083ae5b7	25406132	27775
520	SRR11184914	/cephyr/users/mayoa/Vera/hpc_rnaseq_production_results/2026-09-10/runs/SRR11184914/gene_counts.tsv.gz	24a004b9daffb32214e3d78b11f80f7ed51a544379568ff2f4b15ebde8f893e6	d5d51ca488188d64118e148f295585b206c1e57878cbf2233cc6ac340ff7449c	23168798	27775
521	SRR11184915	/cephyr/users/mayoa/Vera/hpc_rnaseq_production_results/2026-09-10/runs/SRR11184915/gene_counts.tsv.gz	32c40ec619d7fab02df934773a112e2856db8cb06049a043aa07e057e95e7f41	931a98ec6ce5ff51e31b8b53ab12c50b813d99db696b586babb024dbb8f010a8	25563394	27775
522	SRR11184916	/cephyr/users/mayoa/Vera/hpc_rnaseq_production_results/2026-09-10/runs/SRR11184916/gene_counts.tsv.gz	98db0460d12978a664f7e60d21cbb51e390de7dcca74d815391d2cb6625ae6f3	67cc0d31d36b74b0dd59ddb0e420013fa0af4677d2fe7109f2df99a5472708b6	33737378	27775
523	SRR11184917	/cephyr/users/mayoa/Vera/hpc_rnaseq_production_results/2026-09-10/runs/SRR11184917/gene_counts.tsv.gz	f8a979d522d2f3d57edb46598ca451f231191579a15bf20912f7028ebc516210	a978ed765a0c0ebc53c0425aabc05f240208e0d000f1a865557338bc891bcfe6	25474136	27775
524	SRR11184918	/cephyr/users/mayoa/Vera/hpc_rnaseq_production_results/2026-09-10/runs/SRR11184918/gene_counts.tsv.gz	c510ca9ffaf4e65bec580c9002c128a51d59c9ed741f20f5e5a03183ade46441	0070384faecfc98f8aa7c7b593c96f08936198db9437757e4e76bff4862d6148	29105189	27775
525	SRR11184919	/cephyr/users/mayoa/Vera/hpc_rnaseq_production_results/2026-09-10/runs/SRR11184919/gene_counts.tsv.gz	a7b98e3934d6a298f1cc05f07090d540375ffaf78311af9a4c23e9f5c6b6e520	dd0fb4d972dd7ca4ce3a746f1545f63d703b00748eeabb240cb78092d0816765	30324744	27775
526	SRR11184920	/cephyr/users/mayoa/Vera/hpc_rnaseq_production_results/2026-09-10/runs/SRR11184920/gene_counts.tsv.gz	ca54ff94f40f5b2ef1fcf8564e500a21fc7ddca7c67b6f06a4d7fb2fcad40072	931c8a4a6d2b3e43e69adae0db296851d29a33de010b799e1ad98a29370805eb	23936861	27775
527	SRR11184921	/cephyr/users/mayoa/Vera/hpc_rnaseq_production_results/2026-09-10/runs/SRR11184921/gene_counts.tsv.gz	eb9d391c4195007587fff2e3adb6ff5fca50fe9f16ef634f5922243beec46179	d4792a8a5c32ee433514f5c8cbc5df117d2ba9470c410d2360896cb4d07bd1ad	26836990	27775
528	SRR11350303	/cephyr/users/mayoa/Vera/hpc_rnaseq_production_results/2026-09-10/runs/SRR11350303/gene_counts.tsv.gz	b30ce8722d2be7899ab4e2cb4b21523a315149fbede5bcd1f7a6058e5e67e150	be2f521eb0a45150f5a3de2fecf79b346e3ef28365a2cb949310add773451522	23979167	27775
529	SRR11350304	/cephyr/users/mayoa/Vera/hpc_rnaseq_production_results/2026-09-10/runs/SRR11350304/gene_counts.tsv.gz	a650ab55bb0bd782f5e97f9edc42c6f53e166b4634651ee8cdb6994779a13fa0	c47d29966850658dc1ce420bb1cd4313d5d461cfe5493c16b6bcf163b3abd066	25353836	27775
530	SRR11350305	/cephyr/users/mayoa/Vera/hpc_rnaseq_production_results/2026-09-10/runs/SRR11350305/gene_counts.tsv.gz	ad021464cc550f78d81cddce3fa63e155b90e03caa595572aa735cc699195598	e8446d629129b0d72596f6b7d425f30b0e37065ef2d53dd3f2984ff968585534	19528746	27775
531	SRR11350306	/cephyr/users/mayoa/Vera/hpc_rnaseq_production_results/2026-09-10/runs/SRR11350306/gene_counts.tsv.gz	859af7adffb6a7767c0c2452a3e8dd72e65904c890feb0584c54eb4b070af398	542d90dfabe0cba3cb43a72fa84a70d8633a3de96560d309b5242074f6d3b6ef	19833622	27775
532	SRR11350307	/cephyr/users/mayoa/Vera/hpc_rnaseq_production_results/2026-09-10/runs/SRR11350307/gene_counts.tsv.gz	3d5642cbb8242ceb9f23d679ed9214fd82524b7736d1b5b8961b0826ba3f8fe6	58b50a1b1df06ff25b64209492713193080d4a0f2512908998423dacecd82f81	17708329	27775
533	SRR11350308	/cephyr/users/mayoa/Vera/hpc_rnaseq_production_results/2026-09-10/runs/SRR11350308/gene_counts.tsv.gz	4d7f3e5ce100a1eeb75c1d8f87abc5071059ed3f75ba5d7d3d995ff8e8cd8aa9	760182a2301583a1a13c1e68ea36eac96c9a9fd3003f4593a719acd4f938f8ff	17072444	27775
534	SRR11350309	/cephyr/users/mayoa/Vera/hpc_rnaseq_production_results/2026-09-10/runs/SRR11350309/gene_counts.tsv.gz	1d6dea843408b35d31e413312753c80691fd2b018f1848a9c285474b5872c08e	20a0cd630f77b1a91a40dca7004687bb30aaa3bc6aec6299588cac561520cedd	17634019	27775
535	SRR11350310	/cephyr/users/mayoa/Vera/hpc_rnaseq_production_results/2026-09-10/runs/SRR11350310/gene_counts.tsv.gz	30fb748e376c186e6c531177b06eb2d61b67a1328d521845b184423fe3f38604	d22d4c5e72758919827c141515f2afc80a9c0a2ebf64e64418cf689e41c8eaa8	19943974	27775
536	SRR11350311	/cephyr/users/mayoa/Vera/hpc_rnaseq_production_results/2026-09-10/runs/SRR11350311/gene_counts.tsv.gz	5dcc1adde73f9461e11cf43150d16fa264915f788a7dfbb8e2da8a9c02f9855b	31c0cbea694c333acec34eba93ade21e85ea127119e233d1f3d08d84111aa010	32818889	27775
537	SRR11350312	/cephyr/users/mayoa/Vera/hpc_rnaseq_production_results/2026-09-10/runs/SRR11350312/gene_counts.tsv.gz	4b112278afb827520b148db765b1cc2a8beb1840588596aa07bc451b373a3000	1066803ab2e9af4954959279520a77d3794a15ae9db351a27c507f762447df6c	26647878	27775
538	SRR11350313	/cephyr/users/mayoa/Vera/hpc_rnaseq_production_results/2026-09-10/runs/SRR11350313/gene_counts.tsv.gz	8dee89b49eda9edf4722b83531e6322a54bcb0eae37214ea35dd3a86a54a2382	3b1daef83b8d84e94a1479a104327d5f49adf53e061a3f90bffeb9a93f0dd55c	21471745	27775
539	SRR11350314	/cephyr/users/mayoa/Vera/hpc_rnaseq_production_results/2026-09-10/runs/SRR11350314/gene_counts.tsv.gz	9059c92a06fd2982c53d89ba23923c1a4071193b1dce59ef9b9cf5922037c983	144e12d8b4676a209a45eef45d2a2355452602758eb86782436a6c70b0966e74	56156028	27775
540	SRR11350315	/cephyr/users/mayoa/Vera/hpc_rnaseq_production_results/2026-09-10/runs/SRR11350315/gene_counts.tsv.gz	9518b937c94d45456478821dad2f5796021acaa4802ce2ed81afd3f825dc6a15	a83c0b421ef6f272f40b18ec6d710e06b741f7c964b8f8ae7101658429d18cdd	18096894	27775
541	SRR11350316	/cephyr/users/mayoa/Vera/hpc_rnaseq_production_results/2026-09-10/runs/SRR11350316/gene_counts.tsv.gz	93720e559b2affde544334d13dc25a2994ebf8559146e152b22df82084494ee1	e7b0cbd20a3b3e66dbef4098bf88009964abf25b4c3feb6c9d855c8b88b8c8b1	18222763	27775
542	SRR11350317	/cephyr/users/mayoa/Vera/hpc_rnaseq_production_results/2026-09-10/runs/SRR11350317/gene_counts.tsv.gz	649622fb738c60f2b41083152110640b52318200f5ef9b9945e7af3c905c199c	2f1344396aaacd7b51e2b6b40907cad7f36494bf7a91cb5c537aa07505f0232d	21586483	27775
543	SRR11350318	/cephyr/users/mayoa/Vera/hpc_rnaseq_production_results/2026-09-10/runs/SRR11350318/gene_counts.tsv.gz	d60a1d0b206e04a83fc6f141ff8fabea039dd4f512fdbb408ee0067df4763552	27f10652e1372ccf25c566c65849fb43294fe6a7035d832bd54834d04214dc8b	17558418	27775
544	SRR11350319	/cephyr/users/mayoa/Vera/hpc_rnaseq_production_results/2026-09-10/runs/SRR11350319/gene_counts.tsv.gz	25016dc6805ce32482add572f421b7bed38afd169db8ac64f273b11dade2cec5	532b0eabaf0d368926e27fc031614c7c4029e0bae1ec7c0fc1c0e1718f2c83c1	32896246	27775
545	SRR11721629	/cephyr/users/mayoa/Vera/hpc_rnaseq_production_results/2026-09-10/runs/SRR11721629/gene_counts.tsv.gz	9f1fb8fb391c489aaa0c05e96cceb39a40f2e0b7d2d03b01181ce8d84c2f4275	959955c54ae0ece265977e6c01f9dd0d0d20a3b993b848478f858cab9f004990	11115673	27775
546	SRR11721630	/cephyr/users/mayoa/Vera/hpc_rnaseq_production_results/2026-09-10/runs/SRR11721630/gene_counts.tsv.gz	677c507f58fb80d33107dcf4e91871ce769dbe0f1f02a684793fdf8637f5875a	9d62a251ebfb517c8a7f28030ee0366d8e1e65c76591727668efa08b80ec3c4b	14447726	27775
547	SRR11721631	/cephyr/users/mayoa/Vera/hpc_rnaseq_production_results/2026-09-10/runs/SRR11721631/gene_counts.tsv.gz	de55b79ba3668d8e245f7ba1e8cf337dc1205b8fc02d2c4231157840866aa884	bfe5c5fd75d08a7eabb348641790a22aa222e7966e5ffbee74939cccb099aac7	10199674	27775
548	SRR11721632	/cephyr/users/mayoa/Vera/hpc_rnaseq_production_results/2026-09-10/runs/SRR11721632/gene_counts.tsv.gz	83adaef57c424b3b97411ef3ba9f407d415ead0da412a344cb5392a3bad9ed5a	1a3c8c36d2ae6b9d708577119c5c9b9f58dca309109b680e8a158e0827ed150b	11707276	27775
549	SRR11721633	/cephyr/users/mayoa/Vera/hpc_rnaseq_production_results/2026-09-10/runs/SRR11721633/gene_counts.tsv.gz	d79a1b6b279e63e09bfe24ffc5b77d0222fcfcfdb36a8c63cdd7ac145890367d	77c915c8af3cca0ce6b69fcd6dbc5d6c30f9df3343b902ad1428cf6de6494db4	10089922	27775
550	SRR11721634	/cephyr/users/mayoa/Vera/hpc_rnaseq_production_results/2026-09-10/runs/SRR11721634/gene_counts.tsv.gz	674df3d194b8e737ab67bcaa502eb4a0740666e8673af2d158c1498265e42881	45991cbb2808559157fdf30922213c66850d1da123feef7400587921e8e98ac0	10504181	27775
551	SRR11721635	/cephyr/users/mayoa/Vera/hpc_rnaseq_production_results/2026-09-10/runs/SRR11721635/gene_counts.tsv.gz	594c60dbcd503895f6cb7a8617fa758772ff4961896a5f578b7d1d0f870aaf9e	6bc9432abcc341e29ec847d53f90b2eda96b0e376152bb508ad9b1f17c805e35	10095048	27775
552	SRR11721636	/cephyr/users/mayoa/Vera/hpc_rnaseq_production_results/2026-09-10/runs/SRR11721636/gene_counts.tsv.gz	75b7b385ce6d26ba7b28c4ca471b59dab182cbef543c7f46f1bac0f39f89b504	ecaead1e01df57ce22c411ea86258ceda3e3b161326f251b26b04baba98d16c3	11145672	27775
553	SRR11721637	/cephyr/users/mayoa/Vera/hpc_rnaseq_production_results/2026-09-10/runs/SRR11721637/gene_counts.tsv.gz	b28db7657254c3364285a4ffeae01f0acc410d43c44f2c9d0689ad0565b2e8a7	6d98a4ee652d103ffa61251fcfae74ab0d4cce4bc274549e9c9f309f1e2a778b	11568399	27775
554	SRR11721638	/cephyr/users/mayoa/Vera/hpc_rnaseq_production_results/2026-09-10/runs/SRR11721638/gene_counts.tsv.gz	b0c34c5af5fbae46f68414b19e2a265bd264d323162921e61c7aea071c69ae6c	d1948c3b0ba66c9a4d4b0513e6d3657e5070b5b0a5ef071afedf8b0cfc8bceda	10733759	27775
555	SRR11721639	/cephyr/users/mayoa/Vera/hpc_rnaseq_production_results/2026-09-10/runs/SRR11721639/gene_counts.tsv.gz	d1a833f09d41598a7969b11b97289500d71875aa16a4b0e549aff7e8295b6392	2704ed21533295be3fb54920d824a1abb49151ab52b87edf993898ec33d995f2	10997264	27775
556	SRR11721640	/cephyr/users/mayoa/Vera/hpc_rnaseq_production_results/2026-09-10/runs/SRR11721640/gene_counts.tsv.gz	bb1cdd068898b1cd83caed2e4d3e4437858c8167e42c069a21136e829d517708	b41c06b4858f68f27ed67e07567887701abee7848aaea77116e735d03ce812be	9857153	27775
557	SRR11721641	/cephyr/users/mayoa/Vera/hpc_rnaseq_production_results/2026-09-10/runs/SRR11721641/gene_counts.tsv.gz	cb03c84dc9d6efa498fa6e9a0e5767681de22441081976021a15d781b8c52ac0	94fdbdf8d9b49f8f212843c62ece94c1b0dce362602a7d1a2f67441597845b53	9509680	27775
558	SRR11721642	/cephyr/users/mayoa/Vera/hpc_rnaseq_production_results/2026-09-10/runs/SRR11721642/gene_counts.tsv.gz	6970443284e8663a66324688b3e66214f5719bd1ed26625da415d1b860167d37	6a307a962d1c3898ccdaf406a0e89ecf5f9195586d05bad990663a34a0c4c6eb	10493790	27775
559	SRR11721643	/cephyr/users/mayoa/Vera/hpc_rnaseq_production_results/2026-09-10/runs/SRR11721643/gene_counts.tsv.gz	338b11d66d1a8b0b1653e3b9c3fe1044f106fce7aa467cb0cf18c92e435d0b30	8c85d57e7f987b162543cb7479abfaeccbfcd2978263edf295b2a8811aa5ce6e	12258130	27775
560	SRR11721644	/cephyr/users/mayoa/Vera/hpc_rnaseq_production_results/2026-09-10/runs/SRR11721644/gene_counts.tsv.gz	47ef47e7c7f8a5c70aabd369965d987c15a1ec53876d1f9730f4cc50a35309b7	8475ac82b8483cd69a7b55a87739d9023461664e09360290b89c030a877d4671	10461475	27775
561	SRR11721645	/cephyr/users/mayoa/Vera/hpc_rnaseq_production_results/2026-09-10/runs/SRR11721645/gene_counts.tsv.gz	a8587c73b20c4c09d3a4e993983595f74cdc88ca832bf9a64bbef8d6115af07b	0604dcad1715107e12e753e82dc2ac29e2c2a1c9773bceaa0acc040096cbb121	10697062	27775
562	SRR11721646	/cephyr/users/mayoa/Vera/hpc_rnaseq_production_results/2026-09-10/runs/SRR11721646/gene_counts.tsv.gz	c83f5ad007b6d9932fbc2eb06044258d5f2edf8b562b16784e1056c94280eea3	b0c68060b1484580a9c8da773385ff2fa18afc6b148fc7ee2fefb72e406bb45f	13222296	27775
563	SRR11721647	/cephyr/users/mayoa/Vera/hpc_rnaseq_production_results/2026-09-10/runs/SRR11721647/gene_counts.tsv.gz	cad47f3d134b53beaa84b3f394c69b4bf30555e7afdcc1f21f031299cd89c6d8	80b410d8c10560d47753c08caa4e2c0c4577d0e6f6110931c8a8557e966cf8e6	10144994	27775
564	SRR11721648	/cephyr/users/mayoa/Vera/hpc_rnaseq_production_results/2026-09-10/runs/SRR11721648/gene_counts.tsv.gz	f0a882e52f647bc23cc8dd9deac13ba6683343f1be90103beffd0af78fc9f762	2d9542acd1e73f8d92c1e2312ffc1ee9b32439551c210e3f0d7b5f2f03d06cf4	12308267	27775
565	SRR11721649	/cephyr/users/mayoa/Vera/hpc_rnaseq_production_results/2026-09-10/runs/SRR11721649/gene_counts.tsv.gz	b7356fb0bead7d0e778ba106a9b487d6d7cf391853801433d357f1274ea840b8	168f27e707c65bb66b1f1d7a4c36c85def633d0c29ffa4f23096e61bac2e8dae	11097508	27775
566	SRR11721650	/cephyr/users/mayoa/Vera/hpc_rnaseq_production_results/2026-09-10/runs/SRR11721650/gene_counts.tsv.gz	75935722942a94fdb6502a9b9a017af701c39ee86a7f824549ab3d8e089f4fe2	8b0b00ab4b4595a0da1a024bc8fc0ec9ff00074447e160373280fc5f11d7da4a	12994068	27775
567	SRR11721651	/cephyr/users/mayoa/Vera/hpc_rnaseq_production_results/2026-09-10/runs/SRR11721651/gene_counts.tsv.gz	70382e4ffcef8a00d8dcf0afa803223f7654773101ed668025b44709c847cdb9	d40ec6955e0020e75af6e30eace21e1e9e24ea812ba1890972e9fcb21ecfdea8	10355620	27775
568	SRR11721652	/cephyr/users/mayoa/Vera/hpc_rnaseq_production_results/2026-09-10/runs/SRR11721652/gene_counts.tsv.gz	20fd2d49f93714059873ca0a48dfc18b83d6c8d4f2b2f2ef31c23fd7967879c6	c164f51daa6a624b07e2681be64b7b111a64dc10b7114535a09973f74aab4cbe	12021138	27775
569	SRR11721653	/cephyr/users/mayoa/Vera/hpc_rnaseq_production_results/2026-09-10/runs/SRR11721653/gene_counts.tsv.gz	d5ca179e3cc8adcbe024c99945547f72a813db3a1cb033e9d343d1ee4a3bf819	b8f54187ae70b8f4880f873ed28d65a12a0733747a35113e2a305f4e6323e23e	11026853	27775
570	SRR11721654	/cephyr/users/mayoa/Vera/hpc_rnaseq_production_results/2026-09-10/runs/SRR11721654/gene_counts.tsv.gz	4de4f1a727b348d433d256ade5a70f2eda75522c767a9c944cf358223cbf641e	fbc79855845e2f908375c3ae5196ad0393da0b8fcc47fc9b5b12faa9ea3d818d	11238495	27775
571	SRR11721655	/cephyr/users/mayoa/Vera/hpc_rnaseq_production_results/2026-09-10/runs/SRR11721655/gene_counts.tsv.gz	3d9d0ce46e55e8be2053ca49a27ac6ec1a656948f6190166a5688d2287cf3111	d09112770296f2e813e43ef355a5236a756be4f414e345ae0a234da016bf8ec0	10904429	27775
572	SRR11721656	/cephyr/users/mayoa/Vera/hpc_rnaseq_production_results/2026-09-10/runs/SRR11721656/gene_counts.tsv.gz	c9924dc7051d20f1a0935ebcd2a4ec05d1f2f96b772e65562c28540acf1a8f86	fc1a79c9117810f78989a9077d73a36bba2bd7b3538dd41695564af94615cc57	9950198	27775
573	SRR11721657	/cephyr/users/mayoa/Vera/hpc_rnaseq_production_results/2026-09-10/runs/SRR11721657/gene_counts.tsv.gz	b60ac7535e4693d5ab6659e5c607a7a6ffcf7bc01bb076732e4444d4a038a20e	31fb9bad01c1b0de2132a8b6ab2d2e7ffff8a2a1155f81004619707947fe4c23	10371861	27775
574	SRR11721658	/cephyr/users/mayoa/Vera/hpc_rnaseq_production_results/2026-09-10/runs/SRR11721658/gene_counts.tsv.gz	5e2fd3cd07dd2ae12da6e2a6213f2b652561baa1f0400ae185a011fdec40d050	18c319bdab979f989aee4e76ef8a6c012732c97a58fa127fd323813f50635173	10966403	27775
575	SRR12194145	/cephyr/users/mayoa/Vera/hpc_rnaseq_production_results/2026-09-10/runs/SRR12194145/gene_counts.tsv.gz	a7961398a2b821e39b0b3745585c5de50026e855d07e544571dcc9f14a06cf03	eee18988056f80fed64ed4be1d7ee635c076f0efaf17a5a524881e3fa63292dd	73893014	27775
576	SRR12194146	/cephyr/users/mayoa/Vera/hpc_rnaseq_production_results/2026-09-10/runs/SRR12194146/gene_counts.tsv.gz	47172d505ebe92a9e85ff4a95b3c2149b1a03ee19a7207ecda34b178ede98ff4	4112b37d5ae81de6bf432097ef521f2ff80e7a3f190f4b0523f9bd37f4fe38e4	69609893	27775
577	SRR12194147	/cephyr/users/mayoa/Vera/hpc_rnaseq_production_results/2026-09-10/runs/SRR12194147/gene_counts.tsv.gz	dae2ccf81ae63a93c93a911da6864a9ff8bdc41ab7d3e6b799b6b8ae7fa755ad	8e0e6a1d1ad52a988dddcfeec2ff4568fdfa7d7399e5cf6b25c0421299fdf40f	72261433	27775
578	SRR12194150	/cephyr/users/mayoa/Vera/hpc_rnaseq_production_results/2026-09-10/runs/SRR12194150/gene_counts.tsv.gz	7ef6dbf2be455eb1b777174ea40429994737a28c7f58c3e37e2ba64a1d5193c3	b8ddc753f7332c6c934f131faaf5f8bd3458b6ec2e386361a7c1719436ceb32a	71995502	27775
579	SRR12194151	/cephyr/users/mayoa/Vera/hpc_rnaseq_production_results/2026-09-10/runs/SRR12194151/gene_counts.tsv.gz	3e32f989631e93e73f8a69bae26395736be6fc2cc72999bd86102ebac30e7f24	ff5fc83208a020caea11643215b9d273e262c56e56dda5ff0f73d8a9eb98b9e6	77407090	27775
580	SRR12194152	/cephyr/users/mayoa/Vera/hpc_rnaseq_production_results/2026-09-10/runs/SRR12194152/gene_counts.tsv.gz	fcbe94685fdb2a1c2b9e2df6720b758b65b3c352d15eb93fe3f911c9ce83b223	f582995df7812f05d5965dd98a653269a6b53b32ecb16b5fed81a6d9709e263d	74884362	27775
581	SRR12587964	/cephyr/users/mayoa/Vera/hpc_rnaseq_production_results/2026-09-10/runs/SRR12587964/gene_counts.tsv.gz	b5f7ae0002621fd97d10cc88fd165ed2b53dd0f9459de5e0c8dfbee2b6c5eeac	48bc7b343b0801c18615230ab80fe596313343e4d3b23af929d853ea1a99a37b	15502829	27775
582	SRR12587965	/cephyr/users/mayoa/Vera/hpc_rnaseq_production_results/2026-09-10/runs/SRR12587965/gene_counts.tsv.gz	b5e343c23bbfa8e90203656179ad012ec7aabf3942c2859c71a13b79088f6d0a	8f495444a62059f34f44d6a0fcc8794e140b2b6fc005a57b1d382ad12310e476	18120237	27775
583	SRR12587966	/cephyr/users/mayoa/Vera/hpc_rnaseq_production_results/2026-09-10/runs/SRR12587966/gene_counts.tsv.gz	01e720bbc783bb8f48e4ebfa568499e533472a52315d613f9b5655e2a67ce964	e0db6b1da1a54d7e67b271a5318759c916576a9a47901ba19f5886dfbf1ff626	13861289	27775
584	SRR12587967	/cephyr/users/mayoa/Vera/hpc_rnaseq_production_results/2026-09-10/runs/SRR12587967/gene_counts.tsv.gz	a82f547f8423559e45ca2000b5572b5f13d10a23eba11d4501f9154084ae72c7	e35ed6fbc34dba3969882a56f6807a3204799cafaff33ced69f3d982d4b128ad	16475572	27775
585	SRR12618082	/cephyr/users/mayoa/Vera/hpc_rnaseq_production_results/2026-09-10/runs/SRR12618082/gene_counts.tsv.gz	6cadb559c9399b729850c60d5837f874c68c2a63aa0fe7a740540445bb250fb7	c6b0445ebcc8bd0cf37e41894d388ce032f0b1f846fafb6092528db1725ea389	31943101	27775
586	SRR12618083	/cephyr/users/mayoa/Vera/hpc_rnaseq_production_results/2026-09-10/runs/SRR12618083/gene_counts.tsv.gz	b659867173cb5bacf0315134c5adc062623584db94a6a852293f4656a6d4fb9b	71aa50b1afcebba204901163d3990f48be6a322483fb6cdfe94bc0375f6ce6b8	31550448	27775
587	SRR12618084	/cephyr/users/mayoa/Vera/hpc_rnaseq_production_results/2026-09-10/runs/SRR12618084/gene_counts.tsv.gz	5c510bc757eaa829a6cf53011ceb73622bf60c76fd4910c19d2ab761bd170214	038ac8e8fd97265cdaf3a5826969cb1a9102fa18d78aefd78ab52b965f713d77	32586468	27775
588	SRR12618085	/cephyr/users/mayoa/Vera/hpc_rnaseq_production_results/2026-09-10/runs/SRR12618085/gene_counts.tsv.gz	5dcf0ec5a66c0051e87aad8570e3f4b7ed0a866385f4f919127953bac3527c0f	bfd44bff60644f66977c344e5a399db478430491cf4d6f994cfec7cce7d6ad9d	32145083	27775
589	SRR12618086	/cephyr/users/mayoa/Vera/hpc_rnaseq_production_results/2026-09-10/runs/SRR12618086/gene_counts.tsv.gz	961b4ad67cf8f5041d150573a4b1accc700a5b1f929ebd0e2d3dafb961a24625	347a6b821f9c48bf53459c94f65f539d4218d73d72f94eb554d28893149cab9e	37358945	27775
590	SRR12618087	/cephyr/users/mayoa/Vera/hpc_rnaseq_production_results/2026-09-10/runs/SRR12618087/gene_counts.tsv.gz	69f25ecccbd46b038119be72294145e1ea8557126687acf1c864aaf03d693872	b1f3719917368b28ad9d1b159d3663ea67623cfd610c2609d0269824aff50129	37065896	27775
591	SRR12618088	/cephyr/users/mayoa/Vera/hpc_rnaseq_production_results/2026-09-10/runs/SRR12618088/gene_counts.tsv.gz	c419ffd1603f292f8b722062365e1a51d592d8ce3a2196a840d649524b69db57	f799636bd8ee2acf9aee843b8189c120aa736ae23c8c7b09e57ad155cfe8f4e2	36550951	27775
592	SRR12618089	/cephyr/users/mayoa/Vera/hpc_rnaseq_production_results/2026-09-10/runs/SRR12618089/gene_counts.tsv.gz	f89abe4e4b99ad1559f18123eef366a22141c1887e182fdf2e8582251707083b	63746eb9737c507d1b136510d1ae14902d90e5187c34ecd40d2e3ded90bc5d15	36218771	27775
593	SRR12618090	/cephyr/users/mayoa/Vera/hpc_rnaseq_production_results/2026-09-10/runs/SRR12618090/gene_counts.tsv.gz	4f6ae9b22b65bae15d06f80cfbb6400a3c51b76aab1ba07655b8618ebb5af232	57b0dded3ca60e2a9cd5edd02a30f7daf8d4d86cd743c7dca107315a2f4862b4	32458474	27775
594	SRR12618091	/cephyr/users/mayoa/Vera/hpc_rnaseq_production_results/2026-09-10/runs/SRR12618091/gene_counts.tsv.gz	13d0101ff9c7caa419659ccb9eacf2925e50255c3cc67df7f461559e122de2f8	f91c5de31167ef866c2be9c972a39f8dde19648e445c747b409d1f77a4de632b	32356160	27775
595	SRR12618092	/cephyr/users/mayoa/Vera/hpc_rnaseq_production_results/2026-09-10/runs/SRR12618092/gene_counts.tsv.gz	66c8b07f727a7218a5f780b186d73fd002b2f2cd0febcc7d933125a8f8291dce	28c2f1473e1b44c313ffa2d8cc7d51fd31761ace5c97085625232ac888fd024e	34189003	27775
596	SRR12618093	/cephyr/users/mayoa/Vera/hpc_rnaseq_production_results/2026-09-10/runs/SRR12618093/gene_counts.tsv.gz	6f825a8b51cc644ec81b0944e49fbc056f771ecb8f56ee570473c95d1dda1776	3640ca9bb2ab0686adcc8ecd19eefe81da656121aaa60a825fb2e68a6f0929b8	34031400	27775
597	SRR12618094	/cephyr/users/mayoa/Vera/hpc_rnaseq_production_results/2026-09-10/runs/SRR12618094/gene_counts.tsv.gz	a93dc86244ba112dec1e2f1bc6b3ea22519ca9d0d05a730052f84618236fe18b	9dd8a4ffc88170d2a70833d62b4d7432bd14658206874237c27d4277429b87f5	34518608	27775
598	SRR12618095	/cephyr/users/mayoa/Vera/hpc_rnaseq_production_results/2026-09-10/runs/SRR12618095/gene_counts.tsv.gz	1aa307092f3cb2547201addb096a7c184af72f5c5059f7781182dd3aa4593119	968d681f730774c7fd9da0f14923b907382815460dbd78fc2064e16d400c890a	34178765	27775
599	SRR12618096	/cephyr/users/mayoa/Vera/hpc_rnaseq_production_results/2026-09-10/runs/SRR12618096/gene_counts.tsv.gz	4aba64a331d2f2e9a6ff40a5fcd1e7ea1c5685785f347af1d8ab8d6a8590e34a	6ebf07153accf95e799a2a13456d27da22e61fd8286db3b30a21247c028e0b2d	35293810	27775
600	SRR12618097	/cephyr/users/mayoa/Vera/hpc_rnaseq_production_results/2026-09-10/runs/SRR12618097/gene_counts.tsv.gz	0b2fb031e98333ec3e28823a1326cdb02857eea849e1e773725c69bffa0092fb	6dcfb67bf839cdbbf5104c3f99b82510286520a198beab82cd5c7392bda89e5b	35017583	27775
601	SRR12618098	/cephyr/users/mayoa/Vera/hpc_rnaseq_production_results/2026-09-10/runs/SRR12618098/gene_counts.tsv.gz	7c9d6c2ad409faeb280c9db1f7fce340580e48a5da6dcc003e50161dbeafc641	381d6cee1c3273525fdc0177f7ad41003071dbaa3b88ce1c0c02f1cce2354f4b	32215433	27775
602	SRR12618099	/cephyr/users/mayoa/Vera/hpc_rnaseq_production_results/2026-09-10/runs/SRR12618099/gene_counts.tsv.gz	61fd601913e9e491880ac699efb444bb5435b4ed3e7f266ad31827acfd307e61	c234482a34f8cfb43cb2d0ae9fe5e6fd410febdd3c5761be2aa47e44b7292ec9	31914741	27775
603	SRR12618100	/cephyr/users/mayoa/Vera/hpc_rnaseq_production_results/2026-09-10/runs/SRR12618100/gene_counts.tsv.gz	d82f6bb71c8b368b87b702c0aa21956294fb31f4cd4693a30d1d0e5a64781288	66c40675e6b9fe6439690fcb1afe00c74de3475aeb0b1d7b169033aa7c3bdc5b	30029739	27775
604	SRR12618101	/cephyr/users/mayoa/Vera/hpc_rnaseq_production_results/2026-09-10/runs/SRR12618101/gene_counts.tsv.gz	f752b0221f9a65f9cf0577dba5b9aaad77a9473423435f3d9bca40bae2b639bc	41927c16d215deb88053eacc27f8174dc3c2551aa28bc2c234915cf965c5df38	29633774	27775
605	SRR12618102	/cephyr/users/mayoa/Vera/hpc_rnaseq_production_results/2026-09-10/runs/SRR12618102/gene_counts.tsv.gz	22f076237951c99cf39f00c786e2a073f7618f10b31b45a15f39b73243b29248	c0c507310723f4e76968010e2db9c61326c0a37f6b9f6e33a1d75a25e918f068	25104865	27775
606	SRR12618103	/cephyr/users/mayoa/Vera/hpc_rnaseq_production_results/2026-09-10/runs/SRR12618103/gene_counts.tsv.gz	67fe2fdeafa623fd9fc09de82b3845e95925001a1ef4a55b46cc9619a9101c70	f147a8584a87e915633bd1f8880dbb85274ba68efbd85ad11ee749ae6f5539b3	24958549	27775
607	SRR12618104	/cephyr/users/mayoa/Vera/hpc_rnaseq_production_results/2026-09-10/runs/SRR12618104/gene_counts.tsv.gz	c4c3f62ca1d2c932dac1235ad6d269063c4622e25bbaa7a1d7ee6bd03ffe4a93	ca80ef83838a2206dfe3f69c4c14eeeee1550a94a79ce1fd04f5c0ce8877f926	26951830	27775
608	SRR12618105	/cephyr/users/mayoa/Vera/hpc_rnaseq_production_results/2026-09-10/runs/SRR12618105/gene_counts.tsv.gz	b7336a415cca76c766c8b649b2b609f266e7313574942d6848c577a6e51ea898	2246b6cd98b01c039222999ce61e4a0d4134c280fad9c02124d37913717a7d30	26400062	27775
609	SRR12618106	/cephyr/users/mayoa/Vera/hpc_rnaseq_production_results/2026-09-10/runs/SRR12618106/gene_counts.tsv.gz	fcfa23718b3283beb326743128de0695c78dc6951e749e6e15664fe6e8dc2e9b	5ba262e711531b042e12e72f97918169d465f68fa8eddbae3bf18f1373a68f07	48403087	27775
610	SRR12618107	/cephyr/users/mayoa/Vera/hpc_rnaseq_production_results/2026-09-10/runs/SRR12618107/gene_counts.tsv.gz	c6bbbff32ca54e10fc805e13938cc4a8407c8c36ff6df4a17f240d2a5b9637e8	aafa3cf702a078f71020086e291fb49c008eabeee993acc8f60f9b11f6579b01	47886894	27775
611	SRR12618108	/cephyr/users/mayoa/Vera/hpc_rnaseq_production_results/2026-09-10/runs/SRR12618108/gene_counts.tsv.gz	bc5e3b8a40f2394a760d6640f060667d2978d5fdf4573cc3de3a7519f0ca936e	3b013ac801a4ba097c84ae37c5c0fb0ed77eb11cdc1361ff996b3f46724905c2	21426932	27775
612	SRR12618109	/cephyr/users/mayoa/Vera/hpc_rnaseq_production_results/2026-09-10/runs/SRR12618109/gene_counts.tsv.gz	1384028a2e641725bec04bca306e05a37547b3fe76fd9eaa47d5f10ab5d03724	f80a196822fdd1a26d588cd5b6eaa2994c57e985ced1b1812bf74eee670877d2	21230835	27775
613	SRR12618110	/cephyr/users/mayoa/Vera/hpc_rnaseq_production_results/2026-09-10/runs/SRR12618110/gene_counts.tsv.gz	6309f40070c6dfc19ca471093d9b1d3e58a09b011ae0209907fd8006369938f9	c5bd3b04587e46cf945930ec89b0358d4301968466b1364e522b05f921348fd1	8294486	27775
614	SRR12618111	/cephyr/users/mayoa/Vera/hpc_rnaseq_production_results/2026-09-10/runs/SRR12618111/gene_counts.tsv.gz	45e034f243f3cb4bde39b81354ececeb392ed2fc021fc489d766e571038a3613	126fd5f2227254d55d9eff1a62a02e0ce9a7969eb451e6cb8b7a53f390d4fc56	8199520	27775
615	SRR12618112	/cephyr/users/mayoa/Vera/hpc_rnaseq_production_results/2026-09-10/runs/SRR12618112/gene_counts.tsv.gz	14ad6ab3673852d65751a4f8cb1e4962adfeb2e101116ac796848358c7d13c75	bb08e9994ad44960b16e1dda981ace235ed82a290d605c70a230e44622cbeff9	40693611	27775
616	SRR12618113	/cephyr/users/mayoa/Vera/hpc_rnaseq_production_results/2026-09-10/runs/SRR12618113/gene_counts.tsv.gz	361dc051ab7b25c18e721850e46a780f08f7a7a0e37179f812c792d661ec07a7	da8aebdf196f339db7c23b245b5ba8b02d11a2dd7bd7491ddf92b74e35978b24	40251313	27775
617	SRR12618114	/cephyr/users/mayoa/Vera/hpc_rnaseq_production_results/2026-09-10/runs/SRR12618114/gene_counts.tsv.gz	e9bf62de6e060ec3e3d727e9d971334c78a32b14f04c23d8693a35d2b47f3a5f	22d275694e947c1aff0d88f3c0a9dc2ecdf1444ff8ef19b2089f2f895e7699a7	32885888	27775
618	SRR12618115	/cephyr/users/mayoa/Vera/hpc_rnaseq_production_results/2026-09-10/runs/SRR12618115/gene_counts.tsv.gz	1a1ccd0eea871e31da1eabc9cc854a4bfb1192eb3c3fb2aa321b85d15ad16f4b	3a9a26ef3d541dad12e1c59e0ddc0086f3d7e23f8d209e89a7f9d177e949565f	32665000	27775
619	SRR12618116	/cephyr/users/mayoa/Vera/hpc_rnaseq_production_results/2026-09-10/runs/SRR12618116/gene_counts.tsv.gz	ef340b398aedb63671d0c241b007ee2d927d4d1fe8ba4c506ba69778675871a1	6d8072fa27f80cbe00c5ca78b0b2ac58707807688a8374c79efef45a3339f124	26890545	27775
620	SRR12618117	/cephyr/users/mayoa/Vera/hpc_rnaseq_production_results/2026-09-10/runs/SRR12618117/gene_counts.tsv.gz	87462af316c666c178415cd52958b861e5b4d90ce7696771ac366ba925b6751a	3f2a572ef7b94fb3a363602f88c2e9f3187e30a49cdbc916a8fc941d38b6e20b	26631925	27775
621	SRR12618118	/cephyr/users/mayoa/Vera/hpc_rnaseq_production_results/2026-09-10/runs/SRR12618118/gene_counts.tsv.gz	6ee34702ba11d2ad4c5452fa02694d592948d0f05888b9a03afd536d77e2c244	249f776d0f408475cd3ad9eb38086fac9fcfbce080b93a23977ffdb5f8f5b0f7	28088408	27775
622	SRR12618119	/cephyr/users/mayoa/Vera/hpc_rnaseq_production_results/2026-09-10/runs/SRR12618119/gene_counts.tsv.gz	618710edc09cfae24c1da969e946ba359dab51771e423bc156d95c9cf801285d	fedededd88b62bcf198f74aad033b91368147908f48e2103408f8ffb89373d7e	27942467	27775
623	SRR12618120	/cephyr/users/mayoa/Vera/hpc_rnaseq_production_results/2026-09-10/runs/SRR12618120/gene_counts.tsv.gz	1e2a275c42320caf7b57f8378d8bace69a8cb5d3a1eae6039fde4876237f8792	3e37b0973e693df1e1d1b5bad3a8b3271cf2ae3fe55074e7f974b9880cfc05fb	29283236	27775
624	SRR12618121	/cephyr/users/mayoa/Vera/hpc_rnaseq_production_results/2026-09-10/runs/SRR12618121/gene_counts.tsv.gz	e9b3cd1f3063e99a02f206a63deb4c11a88c02da5bcf71a53df644627fbcca59	35d7b33d4d4761c0c47f92b870169c5490c0441b21e10541aabe640bc7021d63	29087271	27775
625	SRR12618122	/cephyr/users/mayoa/Vera/hpc_rnaseq_production_results/2026-09-10/runs/SRR12618122/gene_counts.tsv.gz	5412812cca690e73bea974020d986e5d7c85303fdc2ac1df7f009c72d34235f8	b30d81233d36af4226f0660d4dd60556c9b0ef2f19e020a2259fd493af8dc46f	31351869	27775
626	SRR12618123	/cephyr/users/mayoa/Vera/hpc_rnaseq_production_results/2026-09-10/runs/SRR12618123/gene_counts.tsv.gz	6a22551492bb228e032113869bd84551f45f37a1a0b6d6151db712b0fe792a78	53ab7161c5ede58b2a848feb4d82535844274e05555ffde865de1d1257cce848	31077009	27775
627	SRR12618124	/cephyr/users/mayoa/Vera/hpc_rnaseq_production_results/2026-09-10/runs/SRR12618124/gene_counts.tsv.gz	aef4225441b31e369074426799d2bd594573956db48146a98c9ba35aa9c81f8a	9956dae4b3b334a442b7f8a3666f4b6e9b7bd8dc61a0de888350cccb5ac228f7	32048660	27775
628	SRR12618125	/cephyr/users/mayoa/Vera/hpc_rnaseq_production_results/2026-09-10/runs/SRR12618125/gene_counts.tsv.gz	8fa61c592684293bc6cfb5427d67d5a12be86ba2e1ba2c33a3b3e4a4fad5c243	28b0a1cec53f7494011869ac0ad6a26d5c8851ed164164eb4fbb89548d2c82cc	31965959	27775
629	SRR12618126	/cephyr/users/mayoa/Vera/hpc_rnaseq_production_results/2026-09-10/runs/SRR12618126/gene_counts.tsv.gz	030da51fcb08c9303e8ee217abda20ea091b3b4396f254ed2c42316a0d6fe21b	5e239bc97fec838545c1c735e94bc21e1f0c02b7b9d139ccb5cc1728799f2ee0	38173633	27775
630	SRR12618127	/cephyr/users/mayoa/Vera/hpc_rnaseq_production_results/2026-09-10/runs/SRR12618127/gene_counts.tsv.gz	930388d051d4bc03ccd127a78e12e3d56a1546697955ed8e9c0c8aec6ddb2dc8	ee84ce470728c9b1fc9804ac7077584dd28311e0242c1457945431b0cde02129	37726668	27775
631	SRR12618128	/cephyr/users/mayoa/Vera/hpc_rnaseq_production_results/2026-09-10/runs/SRR12618128/gene_counts.tsv.gz	4aa1d68626a23912b37b0fdf8ea14c423e0581e19e9431c0a4eacf3e58698fd7	9a5f17dfdfa0d85738da454c50920a4accbfbba18774fe0b25ccbe4014c1d645	29705828	27775
632	SRR12618129	/cephyr/users/mayoa/Vera/hpc_rnaseq_production_results/2026-09-10/runs/SRR12618129/gene_counts.tsv.gz	9b26adca408faa09f983d9375ed499811a8db243aafdf20c96a7b9557788121b	48a432ac53d831c089714811e19835e346def43b6799b561a685769a6d851047	29600756	27775
633	SRR12618130	/cephyr/users/mayoa/Vera/hpc_rnaseq_production_results/2026-09-10/runs/SRR12618130/gene_counts.tsv.gz	17639e3c77f30cd10802ccd1369b558a0cfe363f36bdd687a7378773c607b0ac	30e3a8b254516115e8ab6aea36fc078f4c6e37b8dcea08c46d47bdba4bcc7354	34558811	27775
634	SRR12618131	/cephyr/users/mayoa/Vera/hpc_rnaseq_production_results/2026-09-10/runs/SRR12618131/gene_counts.tsv.gz	406e84b1ded3aeff94d3c69fc193be82939a8112278f7a1eab8f761fcb81de45	f41448d92459a6ab58d66f15a959290ae831113d60087ce538abe0bda3a70b6a	34277057	27775
635	SRR12618132	/cephyr/users/mayoa/Vera/hpc_rnaseq_production_results/2026-09-10/runs/SRR12618132/gene_counts.tsv.gz	3bb98edfb05e23427c921415514659cbcce52d893f5f8b518310e2eef023c801	a9e401b64f8163e02372eb8a76ebd8c5340dd519aece69114d002ccb4023e304	34249176	27775
636	SRR12618133	/cephyr/users/mayoa/Vera/hpc_rnaseq_production_results/2026-09-10/runs/SRR12618133/gene_counts.tsv.gz	4b0ff207e71db562c910a75819d885ac19615c103fa6c78040c044486999fa45	2057f80ed025eccb0735976f3b01a9148656d13229abc44721f5347838e8b48a	34011776	27775
637	SRR12618134	/cephyr/users/mayoa/Vera/hpc_rnaseq_production_results/2026-09-10/runs/SRR12618134/gene_counts.tsv.gz	1adfae76f30952d15295eb0e23b34f11ad94497aa04cb2c27f9c3888a8d566fc	dfa3ef37215979944c10c346546004fd836df3850e2dd168c3b414d0f769bd7b	28209730	27775
638	SRR12618135	/cephyr/users/mayoa/Vera/hpc_rnaseq_production_results/2026-09-10/runs/SRR12618135/gene_counts.tsv.gz	3bd47432e5cd403c93141caa3ba7f87dcc108c15620e032d98aa4133ef733638	494603de3eff70dee51b0033577a839fb79fa5798a287045faf0187cf3c75ac2	27671175	27775
639	SRR12618136	/cephyr/users/mayoa/Vera/hpc_rnaseq_production_results/2026-09-10/runs/SRR12618136/gene_counts.tsv.gz	ec242b84c0595cf994899b1411a8755db1bbf9302bba891069fa2da1f9834b8d	8551a923406fc17077c2b6974773862c246fa1eb1253653dc8c90094d88c0422	30722532	27775
640	SRR12618137	/cephyr/users/mayoa/Vera/hpc_rnaseq_production_results/2026-09-10/runs/SRR12618137/gene_counts.tsv.gz	0fdbd57682a8cdbf419e4021f8c14c6483f4e13805c24b6e0339032fc76a945f	8909a51a82b61b92209e575d9d87b73fbb83a4ff88f5debb7ab69c62ddc14a29	30013099	27775
641	SRR12618138	/cephyr/users/mayoa/Vera/hpc_rnaseq_production_results/2026-09-10/runs/SRR12618138/gene_counts.tsv.gz	cf62de8e50f0baaac3044e70995889945b9e9f8db78c10a37136d7e5f57f5906	7714e7d13b5fbdca49efca5aa1583e8ee268f0ab0a9b945701d56842e9e59329	31733023	27775
642	SRR12618139	/cephyr/users/mayoa/Vera/hpc_rnaseq_production_results/2026-09-10/runs/SRR12618139/gene_counts.tsv.gz	0dae01581f4fb214199526fbd77fe4596c297741748dc73474ab8839e62ab8b7	db39751c7491d2fdc480ee7c595cf8a74d80cff5c074af23ee98efa00fe4ce68	31509068	27775
643	SRR14860925	/cephyr/users/mayoa/Vera/hpc_rnaseq_production_results/2026-09-10/runs/SRR14860925/gene_counts.tsv.gz	8689f47ab7b8d50b894e01a5fd9cd120e9902bc52087591148c4db1cadeccf90	22bee67950266108a35d92ae94c5e31351f688686a5647822fc80818c78b280e	27652935	27775
644	SRR14860926	/cephyr/users/mayoa/Vera/hpc_rnaseq_production_results/2026-09-10/runs/SRR14860926/gene_counts.tsv.gz	6d16e38fa8146ff2d899d5b34a63d3512b04140695b4bd37f78f277b8d999db0	96684a40c175b5af90daec5884da11bc2324950073cf3dae42076709bd16b7c8	36391333	27775
645	SRR14860927	/cephyr/users/mayoa/Vera/hpc_rnaseq_production_results/2026-09-10/runs/SRR14860927/gene_counts.tsv.gz	3942861f667f1d36de931fb06dfcb188d2bd5dd7f4e7f62437d98d2e55f0064b	81869930a9ad8154e5e970f0898a3232db3b0cb63fe796a9ac349b74b48d5ff6	33302551	27775
646	SRR14860928	/cephyr/users/mayoa/Vera/hpc_rnaseq_production_results/2026-09-10/runs/SRR14860928/gene_counts.tsv.gz	536649679744aa2691e1a92f79bab530db78a8ffcd536a8530186f4a09573f1a	d08ef8b2cb7fbe8b2e80a3ff08417c87b453052c1e9c68b892882450e8a98e97	33772849	27775
647	SRR14860929	/cephyr/users/mayoa/Vera/hpc_rnaseq_production_results/2026-09-10/runs/SRR14860929/gene_counts.tsv.gz	3ba2eb73f76436316e78373eae69e4b434cd239d9bea6a2de465b7d593bd1e15	65cb39a601d4cad596bb266a059178ce7e928ab0a18e25469c099cee3287ef9b	21879800	27775
648	SRR14860930	/cephyr/users/mayoa/Vera/hpc_rnaseq_production_results/2026-09-10/runs/SRR14860930/gene_counts.tsv.gz	40925394bf62e008430e602dd3bba0bb446f7f39f5773c3a0853dcc54509c32d	d627f17305aa9cbc0bb7881db5fde5814542411ccb5fee369f020729f55d3c40	40017542	27775
649	SRR14860931	/cephyr/users/mayoa/Vera/hpc_rnaseq_production_results/2026-09-10/runs/SRR14860931/gene_counts.tsv.gz	bc6d939689eca8557125c948cef60d034f3c15e0e340b3930a14021c12ea1435	9b9749c780e256d364cb0ea86e8b47d6ad570ef7cd5f028ea6c0350ab728c99d	27373324	27775
650	SRR14860932	/cephyr/users/mayoa/Vera/hpc_rnaseq_production_results/2026-09-10/runs/SRR14860932/gene_counts.tsv.gz	f50ffca5a1b23666f730b9d2a631bbba79029194149218e059e4b46efaa66f00	834b8078c2c261e93e475c9f9d05ffb4121d419960deba92732b2874e551aa67	39719943	27775
651	SRR14860933	/cephyr/users/mayoa/Vera/hpc_rnaseq_production_results/2026-09-10/runs/SRR14860933/gene_counts.tsv.gz	a30a9f402a31308baad4b6aa39f18359ed6b45d05b521f28cf39cbbaaf2b68aa	754bab9e4e28084136c7cfd02cf1714fbb46be1971cea147be7ce8b6cd9c26ee	32667246	27775
652	SRR14860934	/cephyr/users/mayoa/Vera/hpc_rnaseq_production_results/2026-09-10/runs/SRR14860934/gene_counts.tsv.gz	61aca5592b9f28cfdc96f2aa4c3188797791429c93b6d000827137cb9ae4dadd	0e07fcb7c741453d2b81061e4b33d2a3150be289f4ed296681e784a776b10d44	36007543	27775
653	SRR14860935	/cephyr/users/mayoa/Vera/hpc_rnaseq_production_results/2026-09-10/runs/SRR14860935/gene_counts.tsv.gz	224200cc66033e4e5c1ab91f1e12a5507acaea2ffa5da6fe8bf811c5ea9a3086	302bbce43238ffe71fe8692b8a7da0c793e6538108330eedd2c54a1ce9e36a60	32243921	27775
654	SRR14860936	/cephyr/users/mayoa/Vera/hpc_rnaseq_production_results/2026-09-10/runs/SRR14860936/gene_counts.tsv.gz	9b916238274c2d33a631ec3fad856b73cbf31382d7bd164bc30c9bb0008eec73	990601b4eb1eeb8071ab239e44934009f38d9e2b13a0d0ab27ab1e40e14dd189	35887540	27775
655	SRR14860937	/cephyr/users/mayoa/Vera/hpc_rnaseq_production_results/2026-09-10/runs/SRR14860937/gene_counts.tsv.gz	ae360c9d7afe6bbd7e5adb7bf2b235a91f48dba38f42b8d8886318975001725f	2a753d8a90d793105d2911d57c568653390fcd340a22b337c6b769e348fbdb24	29653792	27775
656	SRR14860938	/cephyr/users/mayoa/Vera/hpc_rnaseq_production_results/2026-09-10/runs/SRR14860938/gene_counts.tsv.gz	7a3197581eacfb5667072ec7da94f581a87e0c438a32a58576b02c3bdbc0b4a4	b62e4d139c6fcf028e2658e89abd25a40facf6b08ef6173dcf38b8103868aaa3	30983767	27775
657	SRR14860939	/cephyr/users/mayoa/Vera/hpc_rnaseq_production_results/2026-09-10/runs/SRR14860939/gene_counts.tsv.gz	e0a7c8f14d58eb45d85d37d91e27e089633455d13d8a5ad5fb66d9c6466f3c97	43af8f49db6b203cfd8ee53516cdc70dd5b326f2a1a6b3e1d4132f6132acb89e	35929713	27775
658	SRR14860940	/cephyr/users/mayoa/Vera/hpc_rnaseq_production_results/2026-09-10/runs/SRR14860940/gene_counts.tsv.gz	d7c55381bab7350058092d3ac6d326aaa304e1ecebc3691672096bf4cee4acfa	75e1494f3a57ea890ff018543fdb9e6b74ba5a2ea18ba6131d78ad98ea381f93	29745726	27775
659	SRR14860941	/cephyr/users/mayoa/Vera/hpc_rnaseq_production_results/2026-09-10/runs/SRR14860941/gene_counts.tsv.gz	aee6ba81897b4b578a8fc2fa974675676bd68a06e37ea5a2aceddf45bebbb95f	9aea9794950f26925392d0a5fc4d3bc8cb67e923b63a8fd14eafb06a1981c959	34117496	27775
660	SRR14860942	/cephyr/users/mayoa/Vera/hpc_rnaseq_production_results/2026-09-10/runs/SRR14860942/gene_counts.tsv.gz	725c43fb31d4f78a36075582d9c387b302c4658aa8f2196321e629a24cf3662f	94511afde3fda75807934cf5e5d8f2118891c71bb83b9dbc95650e3ca387048e	35172791	27775
661	SRR15111551	/cephyr/users/mayoa/Vera/hpc_rnaseq_production_results/2026-09-10/runs/SRR15111551/gene_counts.tsv.gz	beb71345cef374665fa8dca5aa4d2653985bc7aab58bd952aaab1c2851a0b4f4	81c70ae7acd3dbaae6f681e11b349cdcb0606c3e395b6a1a271298cb8a574c73	28512823	27775
662	SRR15111552	/cephyr/users/mayoa/Vera/hpc_rnaseq_production_results/2026-09-10/runs/SRR15111552/gene_counts.tsv.gz	bebadef6dc61bc77a573b552cb12d765751b199bfaabefa1fa31b27cf2ff2f00	c2cdc31c01981ee02d7d676953db5a45fd7ce50e4319766d49f30a12fd14adc1	8679044	27775
663	SRR15111553	/cephyr/users/mayoa/Vera/hpc_rnaseq_production_results/2026-09-10/runs/SRR15111553/gene_counts.tsv.gz	00db00bcfe5eec9f64445ce40ecf8309ccbc610ffc0eae8cd54179a5867e53e5	a1d987c096c357d84881a3b84e76803dc3318f9f658e5caba7d63c6b67ccecd6	19848348	27775
664	SRR15111554	/cephyr/users/mayoa/Vera/hpc_rnaseq_production_results/2026-09-10/runs/SRR15111554/gene_counts.tsv.gz	54adf797aeb3c7b562e6667fe9fcc4618c36c4d7161f3a34a13acbc70ef3d923	1549676565b9ca8d32a904a992f0a88e128b67bf14fdcf576a93cd73a7d38ba8	19136129	27775
665	SRR15111555	/cephyr/users/mayoa/Vera/hpc_rnaseq_production_results/2026-09-10/runs/SRR15111555/gene_counts.tsv.gz	d15e4a119c239a41e57c8d92c54b691e01b4af654d80c7bc0fccc745a58a6771	f85261035ed75febaeff9f7ff2e04227eb4e654ee3638f211199942acd16d41c	14011441	27775
666	SRR15111556	/cephyr/users/mayoa/Vera/hpc_rnaseq_production_results/2026-09-10/runs/SRR15111556/gene_counts.tsv.gz	53e285dd901ccede5868b28237c1331be42b0bf82c4f1c43f9c149b7f33dc93c	d94ccb47c7df285edff429d5022d0bce333f5ba149051bf7628640ca5bf04956	16807771	27775
667	SRR15111557	/cephyr/users/mayoa/Vera/hpc_rnaseq_production_results/2026-09-10/runs/SRR15111557/gene_counts.tsv.gz	1a3c4fd8acc118cc9ee672c1f364be7a8e104223dc20606c178921aefd5fa774	7851365816b2d3624facd07c5bacd51e70400805eb6ee407a1c20e591c5fdf91	14138425	27775
668	SRR15111558	/cephyr/users/mayoa/Vera/hpc_rnaseq_production_results/2026-09-10/runs/SRR15111558/gene_counts.tsv.gz	2b4342313cba7082c74955953549bc96699303a8c24ab9bda88122dc719913ab	a96d39624a362e817c7a523b9d39a2c97267fd11767c727bcb362b7740865e5d	18756362	27775
669	SRR15111559	/cephyr/users/mayoa/Vera/hpc_rnaseq_production_results/2026-09-10/runs/SRR15111559/gene_counts.tsv.gz	fef02c49fced9821c95fbd2449d28937249e57a84396b73e4245a18f99b32162	2fb40606957a6331a8c268b0d89b4b4e0ee4e6445d5dcbf920438ff1736ee609	13555737	27775
670	SRR15111560	/cephyr/users/mayoa/Vera/hpc_rnaseq_production_results/2026-09-10/runs/SRR15111560/gene_counts.tsv.gz	00cd190b6e77e35d2d07feb828c8b25874fcb2bffb2f45f0f6cc66855e50e6ae	3cb5b2318eba1ba12e9475e9ab3038339ad02d975b44ec9a1f45d98fea2a7177	12474831	27775
671	SRR15111561	/cephyr/users/mayoa/Vera/hpc_rnaseq_production_results/2026-09-10/runs/SRR15111561/gene_counts.tsv.gz	d734d276b6f29093d00a6ccb7d58d0fd94382091162a5a603fb4515b57b3d574	77e6538d0570ccefbd8bd5c09794cdba7fd7fb9096b4791c67451f52551a6b8b	8605307	27775
672	SRR15111562	/cephyr/users/mayoa/Vera/hpc_rnaseq_production_results/2026-09-10/runs/SRR15111562/gene_counts.tsv.gz	c3e554f60377fe4b0bb5e075a3cc96aca40f6f34a3aa6f8675f0d1c12eea51d6	23ac2a0239398492f5474d0cbcd63e3371bd4d40837ee8de0c610e5f8aa3c06a	8648077	27775
673	SRR15111563	/cephyr/users/mayoa/Vera/hpc_rnaseq_production_results/2026-09-10/runs/SRR15111563/gene_counts.tsv.gz	e6ec8cf27c86af162866e7b5942f41fe98be44f16fae784b150bc04c0d6a8bab	06145d2e178dcbed2cced0725801ddac23523864b5e614b2b893b0569a126f7c	8820100	27775
674	SRR15111564	/cephyr/users/mayoa/Vera/hpc_rnaseq_production_results/2026-09-10/runs/SRR15111564/gene_counts.tsv.gz	afd727d883b7384d8c1169bd870d9ec1273e34ab55f0aa0ac6c0739e527e7cd3	96292e6b0000b19f9ab29682d3ab82b581905dbc6188233314120116aecdc4ee	8901864	27775
675	SRR15111565	/cephyr/users/mayoa/Vera/hpc_rnaseq_production_results/2026-09-10/runs/SRR15111565/gene_counts.tsv.gz	c5188887d21b7aa13460022c3b7fff30f9cd28d38e20ff2715b273c22bfe9fa3	23cb43d00860d891d3d29eba864e1cb9dfb2b4e5d9b7b8cec8937fee938787bb	8265403	27775
676	SRR15111566	/cephyr/users/mayoa/Vera/hpc_rnaseq_production_results/2026-09-10/runs/SRR15111566/gene_counts.tsv.gz	c353ed8d778652c7d49bf62e77d55dcffb3320e35b8a8947c7d9d287b7f2b42e	ca8dd8437286770f06e31bd7aef5f5600001a5cb510dc2617eac1da5812eddd4	8779937	27775
677	SRR15111567	/cephyr/users/mayoa/Vera/hpc_rnaseq_production_results/2026-09-10/runs/SRR15111567/gene_counts.tsv.gz	a4726dff5fae623444130e446e7c374c763a3034518b58712026ff093f41d490	60d8ffc50b1540e9d2d14d71955dff2106b3413eea18adba146f76a3e4745cac	7669978	27775
678	SRR15111568	/cephyr/users/mayoa/Vera/hpc_rnaseq_production_results/2026-09-10/runs/SRR15111568/gene_counts.tsv.gz	e3338082bd17b2521e5578672c1c4a27fc42d7c2c0260a67a8db218c6ea12887	608a8815944e726ee158ce12a485e4cd961da2f081ef942c6a08a4af24c9fa35	9984712	27775
679	SRR15111569	/cephyr/users/mayoa/Vera/hpc_rnaseq_production_results/2026-09-10/runs/SRR15111569/gene_counts.tsv.gz	29cc5059c4ad8581ff471a89ca6d437087e8443d87327f623711ab23bbede435	f5374f7320b8089c698d2498f8a4a501861372d8e87b9320850e8ae99a0536a9	9311798	27775
680	SRR15111570	/cephyr/users/mayoa/Vera/hpc_rnaseq_production_results/2026-09-10/runs/SRR15111570/gene_counts.tsv.gz	6ffbfb69c16834307f3cd9925101c4501cd96a538114134b7ca62944417ca75b	05d1522f3de5db23345a151dd6087970e231037846fc29d3fabe6548fe99907b	9335730	27775
681	SRR15111571	/cephyr/users/mayoa/Vera/hpc_rnaseq_production_results/2026-09-10/runs/SRR15111571/gene_counts.tsv.gz	28c08c29f0da80eca4a4e56c64a5cf9c739e3031ec6319c0c18eb93acebe165c	ab2ef3e8ac00211869c6a975d4260d050067d1622fa1cd8ed41990825b03421e	9653754	27775
682	SRR15111572	/cephyr/users/mayoa/Vera/hpc_rnaseq_production_results/2026-09-10/runs/SRR15111572/gene_counts.tsv.gz	337312f7e40313e23ec8386d5362b0db827cac585a2fe2a04d1adf2a9cb5ce3c	e98fdf472d5b7bdb4a11be940b3d034887526957a20845109f2c5b15c0c6b856	21287970	27775
683	SRR15111573	/cephyr/users/mayoa/Vera/hpc_rnaseq_production_results/2026-09-10/runs/SRR15111573/gene_counts.tsv.gz	971219977c35870f9453e824450b16a1cdd1c27ec04d8b60dc73f478fdc94f34	516f8ccef2f240217af5f8937cbdabe83baa7735181a0d425edcca3c96b1824b	25871920	27775
684	SRR15111574	/cephyr/users/mayoa/Vera/hpc_rnaseq_production_results/2026-09-10/runs/SRR15111574/gene_counts.tsv.gz	b8779a38ce40d5ed5333479eeb0578a417b8501a8c6ab6e3b2e03306f2d7c5df	539812f7aad69a177228976ff65c092b315917cfb4467d2e6825d713ada7d698	18456736	27775
685	SRR15111575	/cephyr/users/mayoa/Vera/hpc_rnaseq_production_results/2026-09-10/runs/SRR15111575/gene_counts.tsv.gz	d71dba723d32f56dd04b956cb395b6947ccac8f868d98d19c7e1f4d7042fc049	f3671079e0fedda0af99e1d99ca6cea601557fe64009d3087be0e1f052626c3c	17130239	27775
686	SRR15111576	/cephyr/users/mayoa/Vera/hpc_rnaseq_production_results/2026-09-10/runs/SRR15111576/gene_counts.tsv.gz	a632b7ccb239b593535260602656d50299448d30e165d7cf1b15e549d8263cea	ac6232132155959fcee4ef5798a66c43d4fb1f926706c298acb6f265fef813db	12347020	27775
687	SRR15111577	/cephyr/users/mayoa/Vera/hpc_rnaseq_production_results/2026-09-10/runs/SRR15111577/gene_counts.tsv.gz	1566e642cd27948d3b6cbaba7d602613843039249bc2e400d0087189db478675	f2c7a09cbba51b915007af522215ada5dcbae9212de358b69435441264047ba3	16746727	27775
688	SRR15111578	/cephyr/users/mayoa/Vera/hpc_rnaseq_production_results/2026-09-10/runs/SRR15111578/gene_counts.tsv.gz	c8a4153f816e73c2e2c1c15e37dec9a320fd59b7633838bc0919797a26864270	3b9fd471d1d069b569dc5237cf1ea7a4076bc06add1c14f7ee6746a96bd6bf71	13529954	27775
689	SRR15111579	/cephyr/users/mayoa/Vera/hpc_rnaseq_production_results/2026-09-10/runs/SRR15111579/gene_counts.tsv.gz	0f57facf44f51f1fb7dbd47e1dcaf1fcaa9af61a3523f8cda287df00c8b30c51	ce1efd0b8d0735b851511a8c65c12c23fda61c61068ce25b0acad001cf8fb471	18063430	27775
690	SRR15111580	/cephyr/users/mayoa/Vera/hpc_rnaseq_production_results/2026-09-10/runs/SRR15111580/gene_counts.tsv.gz	c5866f1b8e91577e23197a8de93960db86168c08d94fa6227daa3009d5497507	27fe26a98acb9a0396d302f48399ee2c1b0204c82d23f4714d9b29116b58c0d4	24530693	27775
691	SRR1516214	/cephyr/users/mayoa/Vera/hpc_rnaseq_production_results/2026-09-10/runs/SRR1516214/gene_counts.tsv.gz	dcfbee6678ab49cf2705e009a37380db77d18736dc4a8d267c892f2d327d2d96	f579dd827a791bd00a8a47c3fb9d977998581aa1dfde4c829d775cb904b9a3f1	17447265	27775
692	SRR1516215	/cephyr/users/mayoa/Vera/hpc_rnaseq_production_results/2026-09-10/runs/SRR1516215/gene_counts.tsv.gz	32af90efee428bb5cbc5be1391cd3afcebfbd0866506eb1cbf44a61c382f8e93	bc9dccda5c27c8d89db69ec21f2aaaf81196662685d6c0ebb0e1d3cb47e3a28d	18892402	27775
693	SRR1516216	/cephyr/users/mayoa/Vera/hpc_rnaseq_production_results/2026-09-10/runs/SRR1516216/gene_counts.tsv.gz	97a588272784032b58b7dab08e8989b017616fde997619e469d29bf36a368dd2	fb494bbbe8d9349e41e8d78c7933c5f8da4c03e35793a20fc1804e9da84fbbec	19357459	27775
694	SRR1516217	/cephyr/users/mayoa/Vera/hpc_rnaseq_production_results/2026-09-10/runs/SRR1516217/gene_counts.tsv.gz	23a03108861576e4537c95b031c483687c15d2396aa6c5f515644004b859cf39	d309b566ab20c660265d2cdd6d675e4d706299a0e80380da763a52d499d89e0f	19530446	27775
695	SRR15221365	/cephyr/users/mayoa/Vera/hpc_rnaseq_production_results/2026-09-10/runs/SRR15221365/gene_counts.tsv.gz	069fbcdc497bd0a2b8e8c7919a0a6aaa1740f7a29b97a9d44e3e24075d27f962	32ef3dacbe0b266a5be71db67951ad4496f5d42e76f07cf2c85d5b308da00742	3965448	27775
696	SRR15221366	/cephyr/users/mayoa/Vera/hpc_rnaseq_production_results/2026-09-10/runs/SRR15221366/gene_counts.tsv.gz	5dc5d61c15774028c5868124b7e45bb650b698204661201f091034c686cb64e2	377c898307f73dcde09e192affdc005d21ea855a074fe600ffae6eb58f74e0b6	4044203	27775
697	SRR15221367	/cephyr/users/mayoa/Vera/hpc_rnaseq_production_results/2026-09-10/runs/SRR15221367/gene_counts.tsv.gz	1afdf96c607e06ca47f4378e20827484fbd0dc76176cb433bdcd91070764061a	f4abf3c453f588bb03a3c30051af2a7877e1566e39fb9383aeab939f4c301a47	3744382	27775
698	SRR15221368	/cephyr/users/mayoa/Vera/hpc_rnaseq_production_results/2026-09-10/runs/SRR15221368/gene_counts.tsv.gz	3ea318f5babe8f6e176b88791427f9ee4945246aca4f3b994dc63473ca58a9a1	e8ada42ad7fc4e4d2ead80a1def47b329b4cd815dbff7fd0d00822e88ad11a31	3759470	27775
699	SRR15221369	/cephyr/users/mayoa/Vera/hpc_rnaseq_production_results/2026-09-10/runs/SRR15221369/gene_counts.tsv.gz	442a5c610b6f039bb48cc1e63ba222de3bdf06a1b3654f524d3a3a046c847d2e	e0aafa75cb96a5be9e44d8373c3eadeefddf115af8f3bebdda6038fa2bd81ae5	3694362	27775
700	SRR15221370	/cephyr/users/mayoa/Vera/hpc_rnaseq_production_results/2026-09-10/runs/SRR15221370/gene_counts.tsv.gz	e6a01196a40db9e9f27b9aa6b295d0361f142747ec9818b5c079caab0ee079fe	4286ffb47aeaf1270c2225e5e78667d9fd2ebe24249de0fc32f06b552f972a4b	3770999	27775
701	SRR15221371	/cephyr/users/mayoa/Vera/hpc_rnaseq_production_results/2026-09-10/runs/SRR15221371/gene_counts.tsv.gz	64080e37a39197774b5bec70763dc885b5c76ac08ed9e8180a5ebe56d06641cb	001c06614f689478c600eb1029bffb803b5cfe81d2ed12985e5bfda964edcaee	3523100	27775
702	SRR15221372	/cephyr/users/mayoa/Vera/hpc_rnaseq_production_results/2026-09-10/runs/SRR15221372/gene_counts.tsv.gz	23fd628512b020411ba0e1b2d8dc991409a40bd0b509e11cdf5920e79e48437d	41ec31d32fec819b2c83b147835c9081ca1a36fe4dfc4e2af6785b11e7be63a9	3539738	27775
703	SRR15221373	/cephyr/users/mayoa/Vera/hpc_rnaseq_production_results/2026-09-10/runs/SRR15221373/gene_counts.tsv.gz	5d8919392a9afe6dee4526990cf6f06f984bd28117bd7b51d42aca49b03e8850	f5b488fb09b525e26b4230234130f2a20fa409fc76b3747e9fdbc50f0d121eb5	3477975	27775
704	SRR15221374	/cephyr/users/mayoa/Vera/hpc_rnaseq_production_results/2026-09-10/runs/SRR15221374/gene_counts.tsv.gz	dcb372a4d5bcff961d75986b4dfcebdd04db8223fd905025a5c3638ea673fa25	82702c24a2dfe784a7401ce0a1cc7f56d28771a79e896364ff4a4584c59cc56a	4038376	27775
705	SRR15221375	/cephyr/users/mayoa/Vera/hpc_rnaseq_production_results/2026-09-10/runs/SRR15221375/gene_counts.tsv.gz	c83bf57e0ff8345999a7cc75fa8faa9975fecf49beb95bdcfd74bd8112350e37	cf79087c773db0fe1cc3ce62647bce4ecf24f812870d087eb676ce8e53ab22e3	4606805	27775
706	SRR15221376	/cephyr/users/mayoa/Vera/hpc_rnaseq_production_results/2026-09-10/runs/SRR15221376/gene_counts.tsv.gz	3be172e59cd5ef01abe2bf4fd2c4d906e72283e540b12f830888d172377a854f	8378a27897c2a7fbb863ae957adbff4280b06876e44c1f67547ec2e35a042c3d	4703577	27775
707	SRR15221377	/cephyr/users/mayoa/Vera/hpc_rnaseq_production_results/2026-09-10/runs/SRR15221377/gene_counts.tsv.gz	3337d810292b4cfbe4903a6c204faeeb3e20c6d0c2ba9c2e622e397da9031008	f3f12e0a0f5622d7c398393438724ef82e926fccc09012294b66cabf92d19b16	3547031	27775
708	SRR15221378	/cephyr/users/mayoa/Vera/hpc_rnaseq_production_results/2026-09-10/runs/SRR15221378/gene_counts.tsv.gz	3f70048159e88471e3c3cb984459f351b8140c860153217cc79af9df55896ec7	ed36886abd303b887a34343aff4f2478669cdd301d86313fb5f326c7ec5556e5	3668336	27775
709	SRR15221379	/cephyr/users/mayoa/Vera/hpc_rnaseq_production_results/2026-09-10/runs/SRR15221379/gene_counts.tsv.gz	8cc53ed1ae238a7a6a24048642cda3bf70d581d4e858f7d85e982e9854561902	034b84567c9898c27603dadd8c36bacbb9149d90dd66e5ee32748860f16bd5a6	3677663	27775
710	SRR15221380	/cephyr/users/mayoa/Vera/hpc_rnaseq_production_results/2026-09-10/runs/SRR15221380/gene_counts.tsv.gz	78f4d6bd8d5f2623c1e946b29e4dffa0ff713c2419f4d28ce9a0f25f0a54f291	b47a198cd0ffc5c7fff590c4b5c8f4b1799faf62e1153d182233362c43426939	4668971	27775
711	SRR15221381	/cephyr/users/mayoa/Vera/hpc_rnaseq_production_results/2026-09-10/runs/SRR15221381/gene_counts.tsv.gz	3f89136963423d1fcc54db5b4e155a5f74b1f20a9adfd929f95ce7c307312dd4	d1bc10c107a689bd80083aac1a3fd0cd2b06391614a4152ff627f72aa186bcf9	3616865	27775
712	SRR15221382	/cephyr/users/mayoa/Vera/hpc_rnaseq_production_results/2026-09-10/runs/SRR15221382/gene_counts.tsv.gz	bc8ef4bcb8424097967ba8637369312895bc5aede151f5f7db900924d563fc94	9c212d3130102bae1429be83fa324d03d2adb768da88c6aaada3c05e3c202e02	3696507	27775
713	SRR15221383	/cephyr/users/mayoa/Vera/hpc_rnaseq_production_results/2026-09-10/runs/SRR15221383/gene_counts.tsv.gz	62beba29b660cc70f9670c1213cd542baf548430600f4a9f4c7e0816d289220b	4be2633d77bee9c498441fea065b481a93c1b2799a401290e233c866625d96f2	2895940	27775
714	SRR15221384	/cephyr/users/mayoa/Vera/hpc_rnaseq_production_results/2026-09-10/runs/SRR15221384/gene_counts.tsv.gz	8f622c2fd0256a96f9625e9dc75b604eb0289777af4ee6967a66f59aed6ff302	4915dc0e24cd0a028110a21fca2675360270b3612b9a5fc574bf9986e3611a28	2901925	27775
715	SRR15221385	/cephyr/users/mayoa/Vera/hpc_rnaseq_production_results/2026-09-10/runs/SRR15221385/gene_counts.tsv.gz	1c857a7f9a90c57e21cdcbcb1d019ac58640be088dd0970b4353df84c8cd722f	c22fb65b5434ae5e8a4926ef3fb7d4b80c38d95a7d1504d34679aa9f0c62256e	2860379	27775
716	SRR15221386	/cephyr/users/mayoa/Vera/hpc_rnaseq_production_results/2026-09-10/runs/SRR15221386/gene_counts.tsv.gz	4a5cf62362cff55ede157ae39c77d4cc732d3b69aa76b60a8aacfbd68c376961	3afde25b51199af1785b1c5cb9fe63e0e8e88fcc900d2a1ab2dd67383824f15f	2920435	27775
717	SRR15221387	/cephyr/users/mayoa/Vera/hpc_rnaseq_production_results/2026-09-10/runs/SRR15221387/gene_counts.tsv.gz	3f77c7c38e8a66b379fe61aa5b881ebb8581ed1a51b77d42f66505c6e5fc0684	9a5c6d4c738ef696da7f7cc95c0c5cf9359acbd40b5c934c579af470aa5a01b5	3299582	27775
718	SRR15221388	/cephyr/users/mayoa/Vera/hpc_rnaseq_production_results/2026-09-10/runs/SRR15221388/gene_counts.tsv.gz	b3592c5fef087fdf7e924c43a4b2e023d107f071589d2a5d041ba390a1fc3d80	1b40bdacdfe4264123224789bc2f089ab2a18904aad64349fbbfc117704d7e17	3319452	27775
719	SRR15221389	/cephyr/users/mayoa/Vera/hpc_rnaseq_production_results/2026-09-10/runs/SRR15221389/gene_counts.tsv.gz	6eb8646c8729aca1183b93e11c6314d8f9a088c96e3c51820c37116ffb3b6dce	a1dfbaa31aa2099e7c357f19eee2ef314131369d0addfaa4ba4b40f24a433316	3258464	27775
720	SRR15221390	/cephyr/users/mayoa/Vera/hpc_rnaseq_production_results/2026-09-10/runs/SRR15221390/gene_counts.tsv.gz	d06d5e368a9c5d59bf207819c84ee59983cdede54e08d9695977f61a6d661301	b888d8a2bbd79602685061ede0c2a3999557dc6e6ea13f05c387ca1199af3bef	3320328	27775
721	SRR15221391	/cephyr/users/mayoa/Vera/hpc_rnaseq_production_results/2026-09-10/runs/SRR15221391/gene_counts.tsv.gz	86e47616d5ef96e36c426a0e6bc2d6707cab8938177ef4d72b7c0f58faab39c5	100b43711ea8e8b1b3d4c300abe29b1526f76ac611f789877d1d672d791fcd01	4695557	27775
722	SRR15221392	/cephyr/users/mayoa/Vera/hpc_rnaseq_production_results/2026-09-10/runs/SRR15221392/gene_counts.tsv.gz	8062e50ba14290177d18aa98088ce70014615850f128316dac5da6a4efa4a59a	8f11d6be42f5b796dc386d34e089181d6bbe82437b7271c65383add8cb24a315	3396081	27775
723	SRR15221393	/cephyr/users/mayoa/Vera/hpc_rnaseq_production_results/2026-09-10/runs/SRR15221393/gene_counts.tsv.gz	540f4d50648329184c9c9c8a6c0e7ed6430956aeedd4cbf12cafab34aaaba008	2741449b8d5fc3625d7fb5e0c552f926b46bcfdbe3fbb71461ca7774669bdb03	3401274	27775
724	SRR15221394	/cephyr/users/mayoa/Vera/hpc_rnaseq_production_results/2026-09-10/runs/SRR15221394/gene_counts.tsv.gz	28a5e8924d87313ef8ae4f55f6efa44f6e52b9962ae7429cc8f35f264858c793	81b716bb8afd1b59efddec34e763877f505e124c9fda7969090a03f09a8abc5b	3339740	27775
725	SRR15221395	/cephyr/users/mayoa/Vera/hpc_rnaseq_production_results/2026-09-10/runs/SRR15221395/gene_counts.tsv.gz	a3b43cb109b34f09b9e678d16d9f1977bb5bf4eb5031ab2a5f98c279dcc14677	d260f69744061ec7948b7cf449b6890f4b799a751fcc71d4d126c2190ce30a73	3417429	27775
726	SRR15221396	/cephyr/users/mayoa/Vera/hpc_rnaseq_production_results/2026-09-10/runs/SRR15221396/gene_counts.tsv.gz	1389ecc4e3bb4ffbee9096df0c89fbcd208efec4a233ac58e8d88b826352a83f	baaf043ab4a03a2f6f605b131967c93f021229e2841d7285df0dd96107b9743e	3683486	27775
727	SRR15221397	/cephyr/users/mayoa/Vera/hpc_rnaseq_production_results/2026-09-10/runs/SRR15221397/gene_counts.tsv.gz	d2a05e34757a9e56da872f9b7ed2e31a60c3997c93e3d053ec224ddc05319c40	5f4def0b9e437653cf60f4210a83e01900e935d5caa3596b555306882a31dad3	3697821	27775
728	SRR15221398	/cephyr/users/mayoa/Vera/hpc_rnaseq_production_results/2026-09-10/runs/SRR15221398/gene_counts.tsv.gz	d8a29cab63b586728d5f562c04159cab345433e30075e0bf7c1cb53904ae02fa	70557c42b40adf95d73e164a9a015dfc5d5682cb24b9d8115a18020a1ccb200e	3631031	27775
729	SRR15221399	/cephyr/users/mayoa/Vera/hpc_rnaseq_production_results/2026-09-10/runs/SRR15221399/gene_counts.tsv.gz	148bbfc7b28e7bfc277738e30b7342476d4cb703f61205696e9bc92d49db6602	9d52c9596342c28ce2bed748a58264f068766655154d1549499eb6e4993cfaae	3702471	27775
730	SRR15221400	/cephyr/users/mayoa/Vera/hpc_rnaseq_production_results/2026-09-10/runs/SRR15221400/gene_counts.tsv.gz	3331608a25c6c353d58560d7f21b8f2e1c1877953ea26beb064b21969bcd0ff7	bc2c913ee732a2a1fbe48433f50ffff5a62ac8cef47ce50d58e0237753852842	4017778	27775
731	SRR15559102	/cephyr/users/mayoa/Vera/hpc_rnaseq_production_results/2026-09-10/runs/SRR15559102/gene_counts.tsv.gz	ca4b8dcf13bac54a3a2c8f164db4a66fc637138cc10656e2d2ea4e3acc99c5f2	2fbeee1f1d673b9d69b4eadfa4308388a35bccd2c389054c677746f92448ac01	4818077	27775
732	SRR15559103	/cephyr/users/mayoa/Vera/hpc_rnaseq_production_results/2026-09-10/runs/SRR15559103/gene_counts.tsv.gz	9eb6ccca9198d57b6eb7ac321cf2a3bca2142272f19f61062d7129fd47ea5bd7	35a0f0e2c742d6e7ed70a4dac3fdde4bf32a3438281593b03dc7c1f3c4e5a15a	5578097	27775
733	SRR15559104	/cephyr/users/mayoa/Vera/hpc_rnaseq_production_results/2026-09-10/runs/SRR15559104/gene_counts.tsv.gz	42dda960b82d5ff9e6fb85af9fbad7bdc505eacdea62efdad012623ac8eb6edd	4cc72c903a36f871b3335f099e65d114329ef2c0cdc5a8ecdad118ac74b6d697	5539860	27775
734	SRR15559105	/cephyr/users/mayoa/Vera/hpc_rnaseq_production_results/2026-09-10/runs/SRR15559105/gene_counts.tsv.gz	e352d203538f7a13ad94a3aa76cfbcee27ee22f3d87548229763d2961a383878	2177c676aeca36d9e12863fd895e15b4c3dcb4cd9ac575db80d4cfd3994dd504	5794687	27775
735	SRR15559106	/cephyr/users/mayoa/Vera/hpc_rnaseq_production_results/2026-09-10/runs/SRR15559106/gene_counts.tsv.gz	df26c839d31759ba18ae23151136635b9d67491dc0d2e926c435538630d6ad01	baf8f0d25b701d0852c8b09831a79ab310fd621f814acf4edb7081c04c6e13f3	11111013	27775
736	SRR15559107	/cephyr/users/mayoa/Vera/hpc_rnaseq_production_results/2026-09-10/runs/SRR15559107/gene_counts.tsv.gz	f27ce35ceb4643fde38abce96353b421856f43a73223704cb306e41f5b05ef71	0f72d1a6243708e1301b74a9f72bbe652c924c02dab6f21e3fce46c8c9a5c119	9641564	27775
737	SRR15559108	/cephyr/users/mayoa/Vera/hpc_rnaseq_production_results/2026-09-10/runs/SRR15559108/gene_counts.tsv.gz	33f695ed786e363c58b5a05d6ec14ce44763d59b1e78bd58d30992d92e5bf784	a609c28b38c839c0b35c09ed937144a221299e066bf26b4b1728bf14cfa996f9	8346451	27775
738	SRR15559109	/cephyr/users/mayoa/Vera/hpc_rnaseq_production_results/2026-09-10/runs/SRR15559109/gene_counts.tsv.gz	57e4e83b1b338a1b0c7f9120e9b9b9f64b938a7b9b47d573a32fe17396992c42	add39fd62d26b736b8447744fdd23f742fc3028501883256d8e89a0136d90bad	5854452	27775
739	SRR15559110	/cephyr/users/mayoa/Vera/hpc_rnaseq_production_results/2026-09-10/runs/SRR15559110/gene_counts.tsv.gz	b3849cb19e9a68351b7273d25e02a8a21a9b73fe79ff37bfcd19f997b1e1e221	5baf97f0061970d062397435fc0f585d20840ed4e92ef073384d53818c2c1340	8402211	27775
740	SRR15559111	/cephyr/users/mayoa/Vera/hpc_rnaseq_production_results/2026-09-10/runs/SRR15559111/gene_counts.tsv.gz	3c27a3506d1f3786021ce47c6d09ea6d875835f5f0d352328cd4f162a5e7ae28	bd2c42fe56328442a68f64c80cb6d2a6810e369e9c0236cd269aaa8f2cf26fdd	9304645	27775
741	SRR15559112	/cephyr/users/mayoa/Vera/hpc_rnaseq_production_results/2026-09-10/runs/SRR15559112/gene_counts.tsv.gz	faa125d0cb0b5c25c9e061cb62025d072c7c7a7246ee29b304df4109d8d75ab9	a702c22f4b390a2e0ddcdb636a64b19820582907eec635c0b07765be7394b375	9733737	27775
742	SRR15559113	/cephyr/users/mayoa/Vera/hpc_rnaseq_production_results/2026-09-10/runs/SRR15559113/gene_counts.tsv.gz	e2c9dd5e515d2b17256bbb86349d1fd62da972082fad1d5ae01ec113c525c589	922dfad1d19745ef656a77d64aa2f220611f84f0eda6b9b2a35ff05b3c86d40c	9755151	27775
743	SRR15559114	/cephyr/users/mayoa/Vera/hpc_rnaseq_production_results/2026-09-10/runs/SRR15559114/gene_counts.tsv.gz	f3d893d650e6ab46b22d524a5c38e6fe83f948d8af2f55272d7018faa8fe6ece	13b91cf87f6488078f3783ef2adfc01439d1de4747a62ce77ad8203eca53b004	6866427	27775
744	SRR15559115	/cephyr/users/mayoa/Vera/hpc_rnaseq_production_results/2026-09-10/runs/SRR15559115/gene_counts.tsv.gz	e7a9e9ed06bd9b01918b939ebd3ca9524915e959ad0bf3ca246283d073874150	33c3c39f13cf06d392f5bdfa56529261909bc40e6e8949af6f47896154da7808	7132127	27775
745	SRR15559116	/cephyr/users/mayoa/Vera/hpc_rnaseq_production_results/2026-09-10/runs/SRR15559116/gene_counts.tsv.gz	6cdf18caf194d249fc13665eb0fda72698893a9f23aa5de9a5f66739846fd8ab	9b1dd06d9e79d4537e894be14134232a4a5ebadd88c0fd899290a9bfe835d299	6968391	27775
746	SRR15559117	/cephyr/users/mayoa/Vera/hpc_rnaseq_production_results/2026-09-10/runs/SRR15559117/gene_counts.tsv.gz	976506308c6ad5f7d6b76a957e301a6002c60b462a5f6a1ef89424126259d70a	93b2a267d46118e5e687c90bec11d75b8bda934b4959b8151ee25b7545c5cdaa	8301844	27775
747	SRR15559118	/cephyr/users/mayoa/Vera/hpc_rnaseq_production_results/2026-09-10/runs/SRR15559118/gene_counts.tsv.gz	7cd44703e3d9df55d507e3d3146f99815c5c13e424cdc6bddf0544949e934880	4e5f3a7988197440c777c7798bf7d04f804e3c682d2e59cbc83cd68290c763f5	6375650	27775
748	SRR15559119	/cephyr/users/mayoa/Vera/hpc_rnaseq_production_results/2026-09-10/runs/SRR15559119/gene_counts.tsv.gz	1e6c598268f8e88ac0181ce670f4f57faeb486fe1d4a1f3cc35630a4d5d11dfc	d7ffb9b54a4d73e9c027c89bf0bd1c3660c56d86a7e7275a74ee4209664206b9	6232760	27775
749	SRR15559120	/cephyr/users/mayoa/Vera/hpc_rnaseq_production_results/2026-09-10/runs/SRR15559120/gene_counts.tsv.gz	f2577882c05083acdbcdcced96606233cdff70afc2bc9c31bb02249740ce9028	f99cf7cbe9bba1574cb8c992656c51c865caea27c89c48dca558dbaa4b1a3393	9185655	27775
750	SRR15559121	/cephyr/users/mayoa/Vera/hpc_rnaseq_production_results/2026-09-10/runs/SRR15559121/gene_counts.tsv.gz	40f0e12d22550d10a84cefad558f4b509b8ea065cf09a398c9aef328f2173d33	ea9309af60dcfaf9fea3af0e555094af5245cf9b4dc1110390f549afb215b3b3	8747336	27775
751	SRR15923892	/cephyr/users/mayoa/Vera/hpc_rnaseq_production_results/2026-09-10/runs/SRR15923892/gene_counts.tsv.gz	71b6ff4f9d48044270280ab82ce237ce8ff24f4231447666ac52a190b5bc909e	625bef43282c1a008fcef9b12446373ca83f17353aeef988f80242aefa5d0b01	18360017	27775
752	SRR15923900	/cephyr/users/mayoa/Vera/hpc_rnaseq_production_results/2026-09-10/runs/SRR15923900/gene_counts.tsv.gz	02be664d54f60afd6346424097ae6bb9f64afccb3e97188f799d234361364336	f99a11f55bad3c8c501907834a12179d48e3d9c9f588c50431145a51a13bac5c	20340013	27775
753	SRR15923901	/cephyr/users/mayoa/Vera/hpc_rnaseq_production_results/2026-09-10/runs/SRR15923901/gene_counts.tsv.gz	b33a57ae5da1625f265852ad25fc22989deff13fb9cef8a9967ac6ae87a16736	4a0b958d22b38385db6833c24628f48c5b614b48fd9513df5c8d9313ba735153	21294997	27775
754	SRR16796943	/cephyr/users/mayoa/Vera/hpc_rnaseq_production_results/2026-09-10/runs/SRR16796943/gene_counts.tsv.gz	571863eadd2b2a0253e65c1cecdbe944599cc3dc7ee3cbf522d34712d05ad858	e17639d3e42d88d01d5ffc36831abd6d22030114530896661244836232383d1a	24429949	27775
755	SRR16796944	/cephyr/users/mayoa/Vera/hpc_rnaseq_production_results/2026-09-10/runs/SRR16796944/gene_counts.tsv.gz	1a4889d24c819ccc52a0958688932fcd46d625f73fd53a80ad5de37da4b8e5b9	44bdd46580f3d23af2d56f6ae556a1c262886abe2df6869c13c3ca9f122c0d14	24401075	27775
756	SRR16796945	/cephyr/users/mayoa/Vera/hpc_rnaseq_production_results/2026-09-10/runs/SRR16796945/gene_counts.tsv.gz	2df30c3483e1a09fffc9f51cecf6bafccc210bdf490710da076714dfa9295e24	91412aa76cd9365294373b18cfafdd257fc14200cf8ca015141592f7706cbe8b	30543321	27775
757	SRR16796946	/cephyr/users/mayoa/Vera/hpc_rnaseq_production_results/2026-09-10/runs/SRR16796946/gene_counts.tsv.gz	040960aec4a6b43b1e44a0684c8cc6296c72a61e98254df030a71a9860722315	8468183ed32b1530f5b2a01e22285471a5554ddfad6a8c930ec03803180925e9	20278971	27775
758	SRR16796949	/cephyr/users/mayoa/Vera/hpc_rnaseq_production_results/2026-09-10/runs/SRR16796949/gene_counts.tsv.gz	b26f36bc74be3470a8b4acdcd59362e65c3bbac3273528a9b86d4d152ad5e47e	ca7993ab5814ff2261f5656648e5a3107f9b82c5d4c7840e769de360f0e25224	31201183	27775
759	SRR16796960	/cephyr/users/mayoa/Vera/hpc_rnaseq_production_results/2026-09-10/runs/SRR16796960/gene_counts.tsv.gz	77d29fde7269f6fd53f44b325e54ebbb966b51401a74917ca9529a1cb60ddee4	f48adb62824bb43d0700705384c6f56ade2363272a0d85b062182be2cf908248	32705727	27775
760	SRR16796971	/cephyr/users/mayoa/Vera/hpc_rnaseq_production_results/2026-09-10/runs/SRR16796971/gene_counts.tsv.gz	c30b7296a8598802b0c3633e4a369453ffb870aa005e4cf51e876fe0939e273b	f4eac1dd36bb5574ecd89501abcaa7e0be924898e3bd199f8bed806fa8af8e99	33113591	27775
761	SRR16796972	/cephyr/users/mayoa/Vera/hpc_rnaseq_production_results/2026-09-10/runs/SRR16796972/gene_counts.tsv.gz	c72fe582e543f8d02b666675d020c70132cc99f744ab09790b65370f80e90f89	44f1bcdf898b4c78478d513c5ae8506fb04c86040aa360b5663342267cefb7c0	28192744	27775
762	SRR16980320	/cephyr/users/mayoa/Vera/hpc_rnaseq_production_results/2026-09-10/runs/SRR16980320/gene_counts.tsv.gz	3b33e4c0d16a4f8cae7a4f8c8941343320d604502dba0dbdd4e1a700e5f56340	0ad9b135b7df312198add8c335f8713523a36fbb42ba5b2f4081c85b9ee36e08	33348894	27775
763	SRR16980321	/cephyr/users/mayoa/Vera/hpc_rnaseq_production_results/2026-09-10/runs/SRR16980321/gene_counts.tsv.gz	300457a3d20832adc4bfa3c14340e7a0521fd2e6cc2d767f6a95c669fb4f5221	244f2ea55bcd5e8366f6d513a97f0e4a436012fc15b084a21cf789a06ea84d34	32640069	27775
764	SRR16980322	/cephyr/users/mayoa/Vera/hpc_rnaseq_production_results/2026-09-10/runs/SRR16980322/gene_counts.tsv.gz	13ccf5e5d55cd17d4b653c5124defe8a34e5c08cfcb6863d47341fc371ef1f46	36515780f0433090145d4b777d0336e92d68de8cda2aa9f0f838e7b509f72c89	37307567	27775
765	SRR16980323	/cephyr/users/mayoa/Vera/hpc_rnaseq_production_results/2026-09-10/runs/SRR16980323/gene_counts.tsv.gz	3a2daa499d3d649646ae09bb4c4d8170e6334ecebb6c196eedb0c8153dac8b4c	3266002ae95aad18afe0ffae35ff137eb257086cc5e1a3a3e7fbf06a9cc4eaa8	37817143	27775
766	SRR16980324	/cephyr/users/mayoa/Vera/hpc_rnaseq_production_results/2026-09-10/runs/SRR16980324/gene_counts.tsv.gz	fa8f60b751e3725d43fa046e92ee691b5b18c67164610aa3dc2c2a8f3abceaa7	536f7c301673277bb9258a368e0d873f10734a74b21a25d6ca1aabadb83d269d	32170613	27775
767	SRR16980325	/cephyr/users/mayoa/Vera/hpc_rnaseq_production_results/2026-09-10/runs/SRR16980325/gene_counts.tsv.gz	9461e0d94b2f263c86481668a5238f310ace1055048f013b815eaee9ae44736e	a6ee153b34c49ae57107864fb9fde1e1793cffb582f55ee6710211ba669050b1	34532118	27775
768	SRR16980326	/cephyr/users/mayoa/Vera/hpc_rnaseq_production_results/2026-09-10/runs/SRR16980326/gene_counts.tsv.gz	b594baa49023cd1cd6b127253e72c4ef6fb0694a3f71eda7f217ff3527b23a92	719ac8f497bcdd738a64552267d9b3f0452fa7ebbe247ed48d6e3067b404d2cb	32753928	27775
769	SRR16980327	/cephyr/users/mayoa/Vera/hpc_rnaseq_production_results/2026-09-10/runs/SRR16980327/gene_counts.tsv.gz	5c6aba8d63ad0b0fd0f60a67508bc6b393441a0d02dd60e298f1835a77b22233	681f7a9befd131bf0268067a8248fa90994a6ff6db47145fec4e173ddd73525d	39706589	27775
770	SRR16980328	/cephyr/users/mayoa/Vera/hpc_rnaseq_production_results/2026-09-10/runs/SRR16980328/gene_counts.tsv.gz	f6c3c35bae460f0296f21b004f2e4f2386ff82c1352aa1ea1f781a067bb0dfda	fa17fd6e8a49b559c28b0cc6e74ad64b235dfc038c8b003b29783371b221d253	23526768	27775
771	SRR16980329	/cephyr/users/mayoa/Vera/hpc_rnaseq_production_results/2026-09-10/runs/SRR16980329/gene_counts.tsv.gz	8b79f29c136d04a70ac73a210a5a042298c51b42fcb113ec03747e0e0f58ee46	150cc7d25e868c5b3515f69642f7a2f636d018aa633beb828148ef77783813d1	29099326	27775
772	SRR16980330	/cephyr/users/mayoa/Vera/hpc_rnaseq_production_results/2026-09-10/runs/SRR16980330/gene_counts.tsv.gz	ac9674ffaef004268214fdb9ad6a629bfb7da4f21e09fe404c6cf577786855f6	24e9f4c53f020b0f40e123798d3ef42d584f73c1ae4c09cd01d5a9a7fb2d4c72	25864756	27775
773	SRR16980331	/cephyr/users/mayoa/Vera/hpc_rnaseq_production_results/2026-09-10/runs/SRR16980331/gene_counts.tsv.gz	1ac6abe6c6b7ac8743da12a77a29cc2f8f78f13c38d4168d4849ef93a185ff70	73a193bf18f7d7abfae643bd998c47c5aac7469b5aac48b65cceb3e4c85fecde	37433829	27775
774	SRR16980332	/cephyr/users/mayoa/Vera/hpc_rnaseq_production_results/2026-09-10/runs/SRR16980332/gene_counts.tsv.gz	866c7522abd868b81f66cedfb5b33e89338f1fd6e6e0a92946a205b061c455f7	ffb26dfefa9dd79a85a3d86a0f28fe47bec49a86b2492ad06ee93fa4acd426f9	4508802	27775
775	SRR16980333	/cephyr/users/mayoa/Vera/hpc_rnaseq_production_results/2026-09-10/runs/SRR16980333/gene_counts.tsv.gz	7ff01615d05ece25a888d383d64bb962cb010a1487ad57509446f6ce2cdcd343	9d808fbd72328517dd334930bbd4882fd328b4563b599d74ee1fbb7dd85fc9a6	19187402	27775
776	SRR16980334	/cephyr/users/mayoa/Vera/hpc_rnaseq_production_results/2026-09-10/runs/SRR16980334/gene_counts.tsv.gz	12d18c7aaf6da4ed8ad1738321b47f40ec8d5c2e93e10db1a6d8da38ca4c07a4	83ce5bbac2cae62ac7e1d4b54d2241ae5abfb509a81148fac221dc1def521c11	48990381	27775
777	SRR16980335	/cephyr/users/mayoa/Vera/hpc_rnaseq_production_results/2026-09-10/runs/SRR16980335/gene_counts.tsv.gz	9258ea9ef07c8fcbfc080523b06481009730d113f3189a4aadd27ddab49f0ed0	03fce419ca80a22f1fc42f933100f009f5135b71e7576e10048bf1e4ae0900e4	25067925	27775
778	SRR16980336	/cephyr/users/mayoa/Vera/hpc_rnaseq_production_results/2026-09-10/runs/SRR16980336/gene_counts.tsv.gz	01d05fa96145133d18597ffa0c5e7b37bad0a84b195581835047040ff5642057	682df3827b4a5b9dd4ae771a619cd83a3666ff93b8e1d4291ad78eee00097e3d	44972362	27775
779	SRR16980337	/cephyr/users/mayoa/Vera/hpc_rnaseq_production_results/2026-09-10/runs/SRR16980337/gene_counts.tsv.gz	9649f66910fc1b394d39c7453986c1caa5fea372d2d5eb2fc10b673b221c003c	041f4adac15400c58f8116c725b557310636e2b2a879b4288f0f9bf87b0f6fa2	33586640	27775
780	SRR16980338	/cephyr/users/mayoa/Vera/hpc_rnaseq_production_results/2026-09-10/runs/SRR16980338/gene_counts.tsv.gz	ab3c956d9e00f0e46aee48916a1ef7adda92f9796f700eef380911c386fd99ba	c56d0a3102cba50feaadd4d108ac3851b495913aca2f54e338dffe7a130c7822	21854765	27775
781	SRR16980339	/cephyr/users/mayoa/Vera/hpc_rnaseq_production_results/2026-09-10/runs/SRR16980339/gene_counts.tsv.gz	a6d2ccce8b13666215c89bb16e78c4ad7c24b74b3f7e134562546df801072bf9	a262fcca4948ad14b9c522adadeefe24c80dc80c00bec1253e50ece5168dd5c6	27588871	27775
782	SRR16980340	/cephyr/users/mayoa/Vera/hpc_rnaseq_production_results/2026-09-10/runs/SRR16980340/gene_counts.tsv.gz	7eddb8485c2d81dfaf20b196a4675ea052827a10c626d605a1f1c302f62a8c40	456fee16f6e5e818fbf86e57a4dc8b761bfb926e069f95fd813fb9fdea324694	34783844	27775
783	SRR16980341	/cephyr/users/mayoa/Vera/hpc_rnaseq_production_results/2026-09-10/runs/SRR16980341/gene_counts.tsv.gz	3d152e1b3124f41e5fc651095f391d7cfcb988014fbcd67c6a89c93796adb473	77ae0312feab215b7a4cefdee3c89326072442a8e601af9cb2336b520bf05bf9	53498439	27775
784	SRR16980342	/cephyr/users/mayoa/Vera/hpc_rnaseq_production_results/2026-09-10/runs/SRR16980342/gene_counts.tsv.gz	7c5809d33b67ec92bd31c54a5ed011b62c9bb3634f65659184c2659fde79112a	4881996f3cdd02fc9cc20eaa59c402e38791a09485e12ac7cc67b321d4b0c2af	32080182	27775
785	SRR16980343	/cephyr/users/mayoa/Vera/hpc_rnaseq_production_results/2026-09-10/runs/SRR16980343/gene_counts.tsv.gz	5607ae430105326d423ccd1e481284c35dab28a5d2a4c2f624fe23191a7e2c38	5e1fb027b14fca0a254a5271989b7cba88a390a2d54bec666aa2d63cca1f0e72	32322162	27775
786	SRR16980344	/cephyr/users/mayoa/Vera/hpc_rnaseq_production_results/2026-09-10/runs/SRR16980344/gene_counts.tsv.gz	6f3d0e0064a0769a07f9c5586a90faf57b077d571ec95d1993d88a693df09a7a	38feae506aea5d4d65b60968dbf41cb501eda41764885fc0d6149518d3c554f0	26404024	27775
787	SRR16980345	/cephyr/users/mayoa/Vera/hpc_rnaseq_production_results/2026-09-10/runs/SRR16980345/gene_counts.tsv.gz	284cce0eaf7edccd2f107e24210a2c1d1ee560a5ecddc93c1a198b60757b4d14	51feb4c9139438d762602d355bc9aceeee3df95da8eabe82b7283a56d8e2ae06	21808956	27775
788	SRR16980346	/cephyr/users/mayoa/Vera/hpc_rnaseq_production_results/2026-09-10/runs/SRR16980346/gene_counts.tsv.gz	67145661391a5cb122e47ab52586b48c22d4c4496f974a0418023cb02cebb2af	8769e3b91a04969baac96bf711c15c4e8fd29bbe86e4259bfea8aedb15ea31d9	30317567	27775
789	SRR16980347	/cephyr/users/mayoa/Vera/hpc_rnaseq_production_results/2026-09-10/runs/SRR16980347/gene_counts.tsv.gz	c6ab163b37b272284eae1ad2dc40c014949b13ae74b463350e9482d31401ea83	6417eefccc30ac82b22f346faaf41904ef7f398ecc7ac69139af4b7ebd1961e9	14793302	27775
790	SRR16980348	/cephyr/users/mayoa/Vera/hpc_rnaseq_production_results/2026-09-10/runs/SRR16980348/gene_counts.tsv.gz	2eaca69eeb9caf37cd5c0e9150c98d5295239eabc43c62b02de9911b03f76e51	e8656c203ac9d8a3e1543a7db123f4b88169e3edd0f1b55d8094923db8b8b91f	15572613	27775
791	SRR16980349	/cephyr/users/mayoa/Vera/hpc_rnaseq_production_results/2026-09-10/runs/SRR16980349/gene_counts.tsv.gz	25c9b9841ffcd660d4bf8a80a6b3e4746a5ccb94cd7149bc2539a6d9b59ddf53	136e3175ffeb8c5d75cea0227e1a1d97992235e098b10ddea306f81ecddb88ae	40036363	27775
792	SRR16980350	/cephyr/users/mayoa/Vera/hpc_rnaseq_production_results/2026-09-10/runs/SRR16980350/gene_counts.tsv.gz	f712a04328d2c1bc133f7c2f663375ca15838421c23cf5cdaf60ab0b09aa55ea	cc2601eeb8d46df8237a97fcc3d68a81f83e5f1a078dd2d961898ea1fcbc889a	32896382	27775
793	SRR16980351	/cephyr/users/mayoa/Vera/hpc_rnaseq_production_results/2026-09-10/runs/SRR16980351/gene_counts.tsv.gz	0b23a902ed60c48747d679e893d70f300ca882209d8857876b46489702b83d6b	203209c10e474ec7f7d6f18bd239781245b72ab64fed08f5bdd09beae083f89f	29417807	27775
794	SRR16980352	/cephyr/users/mayoa/Vera/hpc_rnaseq_production_results/2026-09-10/runs/SRR16980352/gene_counts.tsv.gz	0abfb923ebd73402b97146e058cd305324619eaefc79520c3f1cbc9a549d0a20	91d580e849e75204be041f92e5f4677287f928f90031914260a4aa2cf57b1f63	35875455	27775
795	SRR16980353	/cephyr/users/mayoa/Vera/hpc_rnaseq_production_results/2026-09-10/runs/SRR16980353/gene_counts.tsv.gz	a0b6f3f55ebecb3690b58f8fef9161bcb73368e3ede3d18440b195838b83acd2	02ccabb6034f48a2834c0da39fbc0aeadff75c86d0dd438ff75e05289660864b	45005054	27775
796	SRR16980354	/cephyr/users/mayoa/Vera/hpc_rnaseq_production_results/2026-09-10/runs/SRR16980354/gene_counts.tsv.gz	8fe52b18b56aa7b90829447f6c9ca9401bb3070e0d574380f2cfd32323704b2d	62c08d8103ac67da8c906c0a51d3996bddd6e966eeae2b1affe940de4c7dac2f	30304049	27775
797	SRR16980355	/cephyr/users/mayoa/Vera/hpc_rnaseq_production_results/2026-09-10/runs/SRR16980355/gene_counts.tsv.gz	13c5cd1c4b5ad3e28e40c2250ba356fde32a9796daaed78ccbb8daaf08ea04a9	379010b8b562b1857d147304cca51b4ff879c84e7a708269ea89eb56aaf1d24f	47125126	27775
798	SRR16980356	/cephyr/users/mayoa/Vera/hpc_rnaseq_production_results/2026-09-10/runs/SRR16980356/gene_counts.tsv.gz	0d35331f1002542f1c85a5cd57934dbd9bbdd5d31ffcc1409f185b04f2a20dcd	a76e95e2965ca9a8b8e851efeb3d8d19fe0c54f3d22d5d60708780db4e066b10	32043016	27775
799	SRR16980357	/cephyr/users/mayoa/Vera/hpc_rnaseq_production_results/2026-09-10/runs/SRR16980357/gene_counts.tsv.gz	8e1e01435aab1d25a360429598b7e4e469cb6c5366e4fe9d2892148de0b28b69	296019544522a89c1f37b315024a5fd18bec3c284455c93c177a3a7b3af98381	25006073	27775
800	SRR16980358	/cephyr/users/mayoa/Vera/hpc_rnaseq_production_results/2026-09-10/runs/SRR16980358/gene_counts.tsv.gz	8d3710144fc1ab103a7de783f7fc852ccf287390fdb546a3778016ef3beb8075	f660c384d7aaa5f1fdcebc6927c6b5bf3a01bfed2713648131e147448c366ea8	34836003	27775
801	SRR16980359	/cephyr/users/mayoa/Vera/hpc_rnaseq_production_results/2026-09-10/runs/SRR16980359/gene_counts.tsv.gz	90aba2a2dc7c172cf48466e80ce8e088fdf62dcfc2a2abaa23d058f768958a19	e96de290c9609161155e65b006c0bef6b902c928a577178b65633d0b53444fb8	27037989	27775
802	SRR16980360	/cephyr/users/mayoa/Vera/hpc_rnaseq_production_results/2026-09-10/runs/SRR16980360/gene_counts.tsv.gz	85f1d24d066aa84cbbf598aa57db03c090e5a6c1bd169f5757469c7eb4f6cd14	a55b4a3c7bef92b60b9c720d2165c6b2a93014997e8f9022acbb0e533df48fb4	26734929	27775
803	SRR16980361	/cephyr/users/mayoa/Vera/hpc_rnaseq_production_results/2026-09-10/runs/SRR16980361/gene_counts.tsv.gz	0b46f4683f138b45c2ebc00a4d57ed550c7876bfbc0f17d32c34fef352c9afc5	d7784b1b44e061c3f306a9b3836292cf434f23aaea37815485229208387be25c	29811309	27775
804	SRR16980362	/cephyr/users/mayoa/Vera/hpc_rnaseq_production_results/2026-09-10/runs/SRR16980362/gene_counts.tsv.gz	188fea726a3b65da3407eef3f581568fc98650dd532f3c13230da66fa144badb	1df619e7da21639ec24d8607d835795bd5e6d98f0fcac130adcb9a3a752523e6	33845723	27775
805	SRR16980363	/cephyr/users/mayoa/Vera/hpc_rnaseq_production_results/2026-09-10/runs/SRR16980363/gene_counts.tsv.gz	884d654716e8c16ce434b0dd3a55e5ade6ee8d46a9477e39a6db0c52f774bdf7	a3dabca998bca732d7d08dfd25cb9ee707007daa3caa87472c4ac47668758fd4	32251562	27775
806	SRR16980364	/cephyr/users/mayoa/Vera/hpc_rnaseq_production_results/2026-09-10/runs/SRR16980364/gene_counts.tsv.gz	1ab1d3a37b7415d5f951eb929a2739ec36cbec394d5e2ceefb058eadc52558de	8bb4785e98ebe2363c2f17f00ba7daa7bd6bbee7024e4d70ba89ce6ba91bded3	28310848	27775
807	SRR16980365	/cephyr/users/mayoa/Vera/hpc_rnaseq_production_results/2026-09-10/runs/SRR16980365/gene_counts.tsv.gz	d5392992ab1642036e2e1704561f8946666feeba3a9c0a4ee5af55547fb013bb	d044680e00d0aa1114c0829e14e69a2fd8d5bc8496c2049aaebffa61e577c8f2	24803567	27775
808	SRR16980366	/cephyr/users/mayoa/Vera/hpc_rnaseq_production_results/2026-09-10/runs/SRR16980366/gene_counts.tsv.gz	061ec09863180536b9d7c807d65b4a7e56cdf6261e313667b4a00616cc59f4c0	e0788e6c134570218c7828c1b772b1c83d93cdb1c2046d2bf8bca2adf14d0d23	38597364	27775
809	SRR16980367	/cephyr/users/mayoa/Vera/hpc_rnaseq_production_results/2026-09-10/runs/SRR16980367/gene_counts.tsv.gz	0599eb9c01a98c1dad784298757a25acf1143b1fe10724649fb9586d67df4c5a	4813b5d8c1dfd1f2c181f7059e21f0a36d6fb28f9554650aa527f14af8fa5e27	33366236	27775
810	SRR16980368	/cephyr/users/mayoa/Vera/hpc_rnaseq_production_results/2026-09-10/runs/SRR16980368/gene_counts.tsv.gz	1cf2d260f58f64c7d358517db6dfb005a894f113cbb10360fa06a6f9f9acde90	6c06104ab2840a81b10ef5851d716874988f9cc11b58ca2183ec74368e09f98a	41525207	27775
811	SRR16980369	/cephyr/users/mayoa/Vera/hpc_rnaseq_production_results/2026-09-10/runs/SRR16980369/gene_counts.tsv.gz	dd27b049a03796ad7449917ac831ff571fa910d88865906ff2b96a972db93458	cb72ce2d02c8fdf74350153a19e922fd89a315dac06199f0c237092e8effbe19	30716692	27775
812	SRR16980370	/cephyr/users/mayoa/Vera/hpc_rnaseq_production_results/2026-09-10/runs/SRR16980370/gene_counts.tsv.gz	e475a1d3f85b750ff7294b481ff25b809aced141df4a48046bc7554ad23f4bd4	1e662fd9d4e9899cecd84655f2b7ae5001d7f93b6ae390b94acc651e3c950af9	36544878	27775
813	SRR16980371	/cephyr/users/mayoa/Vera/hpc_rnaseq_production_results/2026-09-10/runs/SRR16980371/gene_counts.tsv.gz	1989a0597568bde916ca7cdc09895a4d5b03ea4809bedf344a22f2165916c1f7	e6af09b0ef039f6b96f63725748105dcf20094455a6f933329033960f75e32c0	29396296	27775
814	SRR16980372	/cephyr/users/mayoa/Vera/hpc_rnaseq_production_results/2026-09-10/runs/SRR16980372/gene_counts.tsv.gz	a3dc947ff398b8bea892419b94359dba0f41057880cb5d9e795ead5effbd4171	f47a05d7d56f06ac7593d06fa2a9d8e2cc5a68483ab2dd16f5ba6646b7e270ec	32890435	27775
815	SRR16980373	/cephyr/users/mayoa/Vera/hpc_rnaseq_production_results/2026-09-10/runs/SRR16980373/gene_counts.tsv.gz	e5ef18a76d7b8f609ae5466aeb2b1dedfee227c3680ed7954cac88eb0764e7d4	be84340c9ce5fdc35b09e5ad0aa5fa3a38493e7b6b14dd1cb35c9755e63b6e6d	34141718	27775
816	SRR16980374	/cephyr/users/mayoa/Vera/hpc_rnaseq_production_results/2026-09-10/runs/SRR16980374/gene_counts.tsv.gz	e89a1903b4b60af1f1c2f65d559db713efa1833fa77b15c4e37d47ae23f77348	5f88c840554535f5d20e15548eaa5e0b954294f13eddd80f49c42743ffd2f418	25752934	27775
817	SRR16980375	/cephyr/users/mayoa/Vera/hpc_rnaseq_production_results/2026-09-10/runs/SRR16980375/gene_counts.tsv.gz	2f3517adab9afe03f354df17df35f5b1c9d89aa95af053f8482322e132fd4901	87f1b5568096454217c7d5f9496fcbd4210c17d9abba0a345af97e1621190c8b	37179051	27775
818	SRR16980376	/cephyr/users/mayoa/Vera/hpc_rnaseq_production_results/2026-09-10/runs/SRR16980376/gene_counts.tsv.gz	dd3ce1031a0fbd88ec1dce3cf4dca34676a387a1a53142a5daadd2e7003951ba	8cf0595587d70ad75f179ec5ac34cb9a3183474ff8a106c31d0fe2b8c4952685	31328343	27775
819	SRR17085234	/cephyr/users/mayoa/Vera/hpc_rnaseq_production_results/2026-09-10/runs/SRR17085234/gene_counts.tsv.gz	18424afe965115244a8b26a8a3c4b6c9aad59ca3c64571b9c000a06ae37318db	0adca486245b751d493db97251e364670ee7ded2e738ebc2b76734fe07ee4c3f	2854383	27775
820	SRR17085235	/cephyr/users/mayoa/Vera/hpc_rnaseq_production_results/2026-09-10/runs/SRR17085235/gene_counts.tsv.gz	af88b26e47c69fba7144009a872509d5fd37712cec7d5b7454a556bbf35c2811	aee75dfe640d7be56c7fa75ef316cabe888094516141348bf7fee5151bf25e17	2852002	27775
821	SRR17085236	/cephyr/users/mayoa/Vera/hpc_rnaseq_production_results/2026-09-10/runs/SRR17085236/gene_counts.tsv.gz	6650d52da9ba5d2a057c110fb4473ff47daca1eedcf689ab40eb7847fa92e934	24de28135ac0b1e2da2d560f0cbc22a63c69c32e54ac8a17668068b81f9b2245	984152	27775
822	SRR17085237	/cephyr/users/mayoa/Vera/hpc_rnaseq_production_results/2026-09-10/runs/SRR17085237/gene_counts.tsv.gz	edee4afc0908a7d61bda18d69738a106fa0952750e4dc395c0cc6ba36a083dfb	c7ecfd9014809f91156c4c7f7beda59ec7fe90a77ebf9e858d9a3bab23720cdf	2854293	27775
823	SRR17085238	/cephyr/users/mayoa/Vera/hpc_rnaseq_production_results/2026-09-10/runs/SRR17085238/gene_counts.tsv.gz	c8c6b47acacab60c7096f316c24ff19bf9153fb28f175b7fcd7a6a30dd3431cd	dff866e12e8e1803307e9e6d4d966c7afa61d6007d457615b2a9312cbcae8632	2843333	27775
824	SRR17085239	/cephyr/users/mayoa/Vera/hpc_rnaseq_production_results/2026-09-10/runs/SRR17085239/gene_counts.tsv.gz	74bde1ef027b334c0b5c0d6ed5a147cde1aec01188dc377b26dc81d56742c186	2e2ee259d57b1cdb65bd88bbc9d4472a180c443ae26c2ce68488c18b0ed54db0	999537	27775
825	SRR17085240	/cephyr/users/mayoa/Vera/hpc_rnaseq_production_results/2026-09-10/runs/SRR17085240/gene_counts.tsv.gz	6c1001ffac0f5259f939dd4f2a0f123bc22ac8ec08e8af90ab317f5e4f26876c	5ab5f91ba1747c37aea078b6bc2d197483c0ac85d9755b6fa793b3ed11faa9fb	3025598	27775
826	SRR17085241	/cephyr/users/mayoa/Vera/hpc_rnaseq_production_results/2026-09-10/runs/SRR17085241/gene_counts.tsv.gz	dc97f44b15da09c11787ebae975c59b7bd844a76d4eed2739b7f1c0341696b81	d524096c003d6aec70e5afd287d189246e390ee26d2d50c38bd91e8c2065e8d2	3025096	27775
827	SRR17085242	/cephyr/users/mayoa/Vera/hpc_rnaseq_production_results/2026-09-10/runs/SRR17085242/gene_counts.tsv.gz	5196c1b1f29ad754ae4122a5103c234525544c80c875acf2389d94413aeb5740	b0428196ff30c8d37382961a4f926a573c1a62373819271d508763c34c5d6e66	720160	27775
828	SRR17085243	/cephyr/users/mayoa/Vera/hpc_rnaseq_production_results/2026-09-10/runs/SRR17085243/gene_counts.tsv.gz	3a222c4909784f1eeed78654327eb8743960dd5812dca47e67172e7d49300053	ef0f0903438eaa260388d415eaf361546c22d03d0b27ca43663ce96d67008ea3	3025437	27775
829	SRR17085244	/cephyr/users/mayoa/Vera/hpc_rnaseq_production_results/2026-09-10/runs/SRR17085244/gene_counts.tsv.gz	3c62253679e4882e7b88bbeea73a708c53082eed73dad7f310c61bfc18e64f9b	4a6103b5d2f5ffe491e042463a811b45d998d11ac25b17749a2e406da4f8717c	3013618	27775
830	SRR17085245	/cephyr/users/mayoa/Vera/hpc_rnaseq_production_results/2026-09-10/runs/SRR17085245/gene_counts.tsv.gz	cd8cf0dc5849ddba01d135c31db8ecb8e02c19c29870dc9fa4b9dc3a9b14be76	4f1272ae381dabf538dfe964582ec1d8201c94296ecb6b47820cd4bc8e231e0e	736567	27775
831	SRR17085246	/cephyr/users/mayoa/Vera/hpc_rnaseq_production_results/2026-09-10/runs/SRR17085246/gene_counts.tsv.gz	09a3f3333390ca4d0466fc09abec6f5b5122fc9610cd7f4cf6ef36674dd961aa	c6c0c8abb34c7f6e2441143435e51a009991d50a1da37ba0ce4a989d4310b42c	3098484	27775
832	SRR17085247	/cephyr/users/mayoa/Vera/hpc_rnaseq_production_results/2026-09-10/runs/SRR17085247/gene_counts.tsv.gz	aa71e39a61efad2f2bbb9c53b119e8264cb34b123c866bea482d8c4e2ba9a03a	f12cf86653f970795047b46dfabc96794e5754838aaf40d4c0dabb6be8898833	2625327	27775
833	SRR17085248	/cephyr/users/mayoa/Vera/hpc_rnaseq_production_results/2026-09-10/runs/SRR17085248/gene_counts.tsv.gz	51a1b7f09bcdf53f53254ab0bf76c962a6ddb6184f95f8bda49f83497bf276e8	31a176200b4da2685bb2e56d561a36d6d081bc717025dc44639c374ec9309adb	3089151	27775
834	SRR17085249	/cephyr/users/mayoa/Vera/hpc_rnaseq_production_results/2026-09-10/runs/SRR17085249/gene_counts.tsv.gz	9ba451cac750a13e605269fe4208d424cb24a421825968c610c42f36e64886de	0c964a198c53ecfa710d691fff566c64af9023b228b1b2b80ac6577d57301e58	2612626	27775
835	SRR17085250	/cephyr/users/mayoa/Vera/hpc_rnaseq_production_results/2026-09-10/runs/SRR17085250/gene_counts.tsv.gz	9eaa92fd34c8aedba57460b6c6c9e91d01f30bf50981d71b4db22d2990c2cb52	504ad88ac749221fc156988087cc2c1f0f9c44c68b5ffb9584ccdebb1b987fa8	3018224	27775
836	SRR17085251	/cephyr/users/mayoa/Vera/hpc_rnaseq_production_results/2026-09-10/runs/SRR17085251/gene_counts.tsv.gz	fbc6d3f44b12e952b9a7295a7e49bd9cc2520464ec2a735d1234a807cfe980d2	8e2187ac48e3e632fe7fc3062b22aff0e7c2ee33d35d35d67e2556dfb4c4055b	3019025	27775
837	SRR17085252	/cephyr/users/mayoa/Vera/hpc_rnaseq_production_results/2026-09-10/runs/SRR17085252/gene_counts.tsv.gz	f20c4cc015901514491c6dd848bc0d40b6101f41761375bbe1d4ae9d7a9518c9	017ab675666e7aa7f4b1e6c001d5672e0ef98c5a350036f28c19e1016fba0e7c	529902	27775
838	SRR17085253	/cephyr/users/mayoa/Vera/hpc_rnaseq_production_results/2026-09-10/runs/SRR17085253/gene_counts.tsv.gz	bda7b85d7fe1b3ed2ea0ecf04fa7b2e274e154a002e0c6147389bf456d8914c4	f0d3b9d5fde7cb6290ebb9a1e10a3aaa85de0257aefea1aab0e871a3ece7c5bd	3018994	27775
839	SRR17085254	/cephyr/users/mayoa/Vera/hpc_rnaseq_production_results/2026-09-10/runs/SRR17085254/gene_counts.tsv.gz	8caf104f459decb242c4dd8633fba7cd1e0fba0c882ce0c5d25b7353778da7ac	8e002280370ab6eda8d3a53b6e83e4074721393c6266ace238cb9ee5442c5fe8	3007519	27775
840	SRR17085255	/cephyr/users/mayoa/Vera/hpc_rnaseq_production_results/2026-09-10/runs/SRR17085255/gene_counts.tsv.gz	9fcf5a87db048802eddd68519cbfeb27dd18c99462223e4794224bfa033a4ff4	63d87dbe1aca74aeae643895975bf8e7dfa7b09908d55c8495677bdf9eeec6dc	534916	27775
841	SRR17085256	/cephyr/users/mayoa/Vera/hpc_rnaseq_production_results/2026-09-10/runs/SRR17085256/gene_counts.tsv.gz	9754b9b28c50129e1b4db2efdfed7bd12e2623b5b45793372e220ac7aab1b93d	fa85d3bf23c7f02697dd1cb6d22a901702d71fb3ca6bc31ca506616ed45693c7	3086921	27775
842	SRR17085257	/cephyr/users/mayoa/Vera/hpc_rnaseq_production_results/2026-09-10/runs/SRR17085257/gene_counts.tsv.gz	ba62ff43462e1deb066e171e73488c11f9669ddd1ef7586205a300df53950185	897b572aea6e347adcd3267724f61bd6aa133294644d31d2ce04ebdafaefa243	3085138	27775
843	SRR17085258	/cephyr/users/mayoa/Vera/hpc_rnaseq_production_results/2026-09-10/runs/SRR17085258/gene_counts.tsv.gz	fa23ae207bbd4488783d689ccdda3a56fab35353b20d0d1a75fdc91f491a1aa5	6fd78cca2d52b0dd274a19573b0639f8dab5e53851d37e24be02a0ffefcd449a	830845	27775
844	SRR17085259	/cephyr/users/mayoa/Vera/hpc_rnaseq_production_results/2026-09-10/runs/SRR17085259/gene_counts.tsv.gz	096283f6d2f0aabfb3f5c2a631fd084bf0c413489bf5706f3627affe12d292db	2abd86f6a929200c25bc907a82365ba9f23da2fcf8356412be8aa3681aa51d6f	3084875	27775
845	SRR17085260	/cephyr/users/mayoa/Vera/hpc_rnaseq_production_results/2026-09-10/runs/SRR17085260/gene_counts.tsv.gz	fefc279aaff32efeafc93905afa72a40e29c3d2547ad1f06fa3c45650ed6c2d3	47e0c4bb8c6817e85d4618727e3cd812e802371291941687c3cbaa64d5661212	3074976	27775
846	SRR17085261	/cephyr/users/mayoa/Vera/hpc_rnaseq_production_results/2026-09-10/runs/SRR17085261/gene_counts.tsv.gz	3c8d70c9ba45c5009a81eca4055576c5334d473099be69af1b226cb30ed4a9ba	9b14bcc6616f16c7e96a0bdaa1236ad72350f129a1005f7398de5676ea20d0f2	856620	27775
847	SRR17085262	/cephyr/users/mayoa/Vera/hpc_rnaseq_production_results/2026-09-10/runs/SRR17085262/gene_counts.tsv.gz	c6b2e0fc723bf1b7bee754367cdc9761f536d11e2d72b591bf8d771335829423	77b9e088c5e8d871a0fa325373c433c4856bd8c3b8a3df6f3314175628d6ba06	3069878	27775
848	SRR17085263	/cephyr/users/mayoa/Vera/hpc_rnaseq_production_results/2026-09-10/runs/SRR17085263/gene_counts.tsv.gz	469fd0aa2c8a53095b3965bd860900038142506cd60554d595e390c1bafefd4f	c257b810b6f1e3c840b47d3e5c7072d232cb878a322fae6bd3b5dff9882f57e9	3055487	27775
849	SRR17085264	/cephyr/users/mayoa/Vera/hpc_rnaseq_production_results/2026-09-10/runs/SRR17085264/gene_counts.tsv.gz	5ab38c34416aff9aba04114508151258bdf8094dff1eb716cf2a04a4a6997ba3	832496b26fc0fb0223faf9392bba910ced9636c5b7d75e35f254d64ef2174908	3068013	27775
850	SRR17085265	/cephyr/users/mayoa/Vera/hpc_rnaseq_production_results/2026-09-10/runs/SRR17085265/gene_counts.tsv.gz	fddbbfddb44406a9e6a5428c8a7fbcb1e1a2293f7dcb8cd8a97d033f486d5774	69d3ddd8e3556cc7bf2121ad2f8e9a76863dea5a06bdab309a1bd2529ef12162	3053797	27775
851	SRR17085266	/cephyr/users/mayoa/Vera/hpc_rnaseq_production_results/2026-09-10/runs/SRR17085266/gene_counts.tsv.gz	06f40ceaab75e0353cde22a1273d9ee961416f25a7ad54c440b5c337bcf13eeb	0438d8a18100fb6b3b24eef613d08d7e943254e5f64e9acf2a6c9b6dcfc7d5a7	2554279	27775
852	SRR17085267	/cephyr/users/mayoa/Vera/hpc_rnaseq_production_results/2026-09-10/runs/SRR17085267/gene_counts.tsv.gz	48720b1969171b4c6a91c7065b0f86e1ae5b8fc6ee2f5a478dc1783a0230c0d0	d4f4b50d7a94477385d6471eefabc48fa08e5a7df30fee05ebdefb1114b60d8b	2557763	27775
853	SRR17085268	/cephyr/users/mayoa/Vera/hpc_rnaseq_production_results/2026-09-10/runs/SRR17085268/gene_counts.tsv.gz	6143970a715b7395851d131cda3616419f908e534863bf925001b5ba31dfafb1	b69102428f92bf38ea903b584218a96f980be0a5dfd7149e9a6928c79dfd09d2	257307	27775
854	SRR17085269	/cephyr/users/mayoa/Vera/hpc_rnaseq_production_results/2026-09-10/runs/SRR17085269/gene_counts.tsv.gz	a55f332b88c0b339d573508e6a1479a9b19baf60379d30c279822d415ba74bec	7e0c2a87ed99090218c447f9abeb1eba41ba082430135425bb9e15844eb7ad48	2555365	27775
855	SRR17085270	/cephyr/users/mayoa/Vera/hpc_rnaseq_production_results/2026-09-10/runs/SRR17085270/gene_counts.tsv.gz	b3339ca95da321e927045ee551917656812dc0197722cd6bb3c8e74d13765b7a	92eecfc3793230f9fbf0a4c2c5d252529fda7a7f7d5b525124dfed9b33a832a4	2547572	27775
856	SRR17085271	/cephyr/users/mayoa/Vera/hpc_rnaseq_production_results/2026-09-10/runs/SRR17085271/gene_counts.tsv.gz	a3b281888b596221d61ff8ae0d7e0e5cf249733eb62879de0f089caffcd28417	8f0b3c20410ef1ebff70cf583037b6264319f9d6e055d8ec7d1e88e0ed5aef23	260524	27775
857	SRR17085272	/cephyr/users/mayoa/Vera/hpc_rnaseq_production_results/2026-09-10/runs/SRR17085272/gene_counts.tsv.gz	295209eeb3e053afcd17310fea19bbafbb61640f29f4895d84256a266ecfab3d	9904a2e499937d5e7c38e4ef5c1cbbdf57b55430691b065eb62d673ee6c5ad41	2638742	27775
858	SRR17085273	/cephyr/users/mayoa/Vera/hpc_rnaseq_production_results/2026-09-10/runs/SRR17085273/gene_counts.tsv.gz	21179080ad744f465490b73be7d482a7f194367ffddebae76fdc802a84855836	271e4f8df6b4933ea8c77418ce28df7db18af196e41d6a160be0e68ad2fd4fbd	2635430	27775
859	SRR17085274	/cephyr/users/mayoa/Vera/hpc_rnaseq_production_results/2026-09-10/runs/SRR17085274/gene_counts.tsv.gz	3cb31355a25c56b2fc6ab0624a10d0c1ab761b93fa60121a71c9334607ec9f23	74f5b0f4091b4da1279ffd39c644c5d582d2456c36d92187c08fab675c611640	819771	27775
860	SRR17085275	/cephyr/users/mayoa/Vera/hpc_rnaseq_production_results/2026-09-10/runs/SRR17085275/gene_counts.tsv.gz	b7412eb98367d9adbbc3fea2b5688eb5241a0e7f81058715e9d2102a118bdaaa	ac58fb6db2b6ff60ff32cc47ebe6d7953d80319cae778986d21ed8be1a6f66a4	2636864	27775
861	SRR17085276	/cephyr/users/mayoa/Vera/hpc_rnaseq_production_results/2026-09-10/runs/SRR17085276/gene_counts.tsv.gz	2994d0273c07415d4314e768a03c2e73aa02644c3a7cba27fe877a3f84e211fc	f818a0e57a9b278a10a81450ed9446470130113331a6e6d2eac968fd820d7c3f	2627818	27775
862	SRR17085277	/cephyr/users/mayoa/Vera/hpc_rnaseq_production_results/2026-09-10/runs/SRR17085277/gene_counts.tsv.gz	4c5f377378d44571c4a0dcad30cdfe0f42a1b62e5a7026d6229c21e78c540fd8	f39893ca6f29af20eb51a2467f5bf2ae0542397eb7b127eef8ac3c3c1589c836	831086	27775
863	SRR17085278	/cephyr/users/mayoa/Vera/hpc_rnaseq_production_results/2026-09-10/runs/SRR17085278/gene_counts.tsv.gz	00774ba06e971055204fc19d29848b22757973ebd7ae1f8c13aeb2142b25a068	c63dbe12f950489f771f208610a32e60712160dd9b29a90ec6c5a25bcbb05137	2421053	27775
864	SRR17085279	/cephyr/users/mayoa/Vera/hpc_rnaseq_production_results/2026-09-10/runs/SRR17085279/gene_counts.tsv.gz	798c46ac2c47884d51874fcb6cee06d6761b1084242b29ec0decbf37085b1b37	90b25f293ebd4fd2aa3c7365df29ab977628c82407ad30666844f253745e8589	2416589	27775
865	SRR17085280	/cephyr/users/mayoa/Vera/hpc_rnaseq_production_results/2026-09-10/runs/SRR17085280/gene_counts.tsv.gz	8ea3dfa4a7855905c935c25e7a9d5759d6e6bbbee89bd4864cf10dea09d2ecbe	73478a83105d6b3a9d12ae3c0162e5ad5c702b7f41e287f90f4b8ecf511e7d04	1082771	27775
866	SRR17085281	/cephyr/users/mayoa/Vera/hpc_rnaseq_production_results/2026-09-10/runs/SRR17085281/gene_counts.tsv.gz	0ec79ae6c61b240519f85d04129c27987a4754a2f82689aa2406ac05b672d968	b1f7902901bf80a1479b3d8703ecd4edc39a0b5f69622b124865f4c087c20ed5	2419845	27775
867	SRR17085282	/cephyr/users/mayoa/Vera/hpc_rnaseq_production_results/2026-09-10/runs/SRR17085282/gene_counts.tsv.gz	185db418d38d330d7808b81eca375d40856bbebfaca7e7906ba385932eac06e6	a342ed8cd6826dc17ed296b710c9bd3bbf17c33f62eafef35a945a4836f2f9b4	2407482	27775
868	SRR17085283	/cephyr/users/mayoa/Vera/hpc_rnaseq_production_results/2026-09-10/runs/SRR17085283/gene_counts.tsv.gz	9b12eb4fa1a9962e46e76ea823dd7740d5295835129b370edbd80604549f3b7e	5a8affef2cedc392dec3a6cddbf3809e290de5be9efd0583074f2bf6250335c5	1100123	27775
869	SRR17085284	/cephyr/users/mayoa/Vera/hpc_rnaseq_production_results/2026-09-10/runs/SRR17085284/gene_counts.tsv.gz	6fe7bfec4b7ae041aa8ac6e19c22ef623ef8ba6b13b722aca852addfd8234737	ac48a39dc5b186207bbbccb52650a35d248e7dd16ef8b7ad36d791f94daa680a	2609545	27775
870	SRR17085285	/cephyr/users/mayoa/Vera/hpc_rnaseq_production_results/2026-09-10/runs/SRR17085285/gene_counts.tsv.gz	623a023bd1a37d4f843ac7ee239277d39bf1b7264bcad2cab25568000fcd2fc3	619345ddbef6de6e4bb40a5627397526cc38028c9abef911b9e9c19c77425374	2604670	27775
871	SRR17085286	/cephyr/users/mayoa/Vera/hpc_rnaseq_production_results/2026-09-10/runs/SRR17085286/gene_counts.tsv.gz	60921b4b366511d64cacf85667440d90d79d4245e3a29410017311e50482c10e	50201d475717221d0da97d6b7b407c84c0dc48004af25372aeb649e8cad44712	1421765	27775
872	SRR17085287	/cephyr/users/mayoa/Vera/hpc_rnaseq_production_results/2026-09-10/runs/SRR17085287/gene_counts.tsv.gz	5da3678d68bfcee64e7bc732d9849d8902f2fc30e1fce77b7719ab7a904a098d	03fce7fdd433f49e2a41342cd381ea57b645f671bb75fe0f537dbbe670cc775a	2607067	27775
873	SRR17085288	/cephyr/users/mayoa/Vera/hpc_rnaseq_production_results/2026-09-10/runs/SRR17085288/gene_counts.tsv.gz	9dd59005d2efec98fdc252a35fdcd75daf9302259110d6309bff39bfa1163c0f	e60be37830874c4ea7694f2701ee1b7d5c8218fad29daeb4c9172541e9568904	2596277	27775
874	SRR17085289	/cephyr/users/mayoa/Vera/hpc_rnaseq_production_results/2026-09-10/runs/SRR17085289/gene_counts.tsv.gz	d72d366697f92beba9a0fbec0096011dd23ec60459a41a846d0b34827f41a585	5caa21e1e76ad4c28c58b58f5aa55416a3a69e0b44510b071fdd5ece5d7c162f	1431001	27775
875	SRR17085290	/cephyr/users/mayoa/Vera/hpc_rnaseq_production_results/2026-09-10/runs/SRR17085290/gene_counts.tsv.gz	196be3cd8df87f106fba0e590bf2faf880204bd8b58e005de2eebe9b339701a9	25589abbc316b81b94a7f3422a5db9c2de31924037f7230ee106f86e6296ad5d	2478983	27775
876	SRR17085291	/cephyr/users/mayoa/Vera/hpc_rnaseq_production_results/2026-09-10/runs/SRR17085291/gene_counts.tsv.gz	4d043d528c018d4595b90df4bfc0fcb649ee4360be5e5cce68ee3d416946d2c6	9fd3b73cd7e097ebae87ad4075f560546fe9d5803eba39319406c5100bc000aa	2477468	27775
877	SRR17085292	/cephyr/users/mayoa/Vera/hpc_rnaseq_production_results/2026-09-10/runs/SRR17085292/gene_counts.tsv.gz	1b36e146733d62d68ec3d5246700aa7b3bd1fc619b581bce37485b25e6459c41	af9dd756c2fc72f89ea24157820786b677e92b37a5bb71371cd38066425da8b5	679313	27775
878	SRR17085293	/cephyr/users/mayoa/Vera/hpc_rnaseq_production_results/2026-09-10/runs/SRR17085293/gene_counts.tsv.gz	eab14086f49c2424df938e3de9896ee358455be39699293a86692b931df94e1f	564e896829260f01b9af3881a237db088c5b65cefd7a31baa7010c5f6868f25a	2475995	27775
879	SRR17085294	/cephyr/users/mayoa/Vera/hpc_rnaseq_production_results/2026-09-10/runs/SRR17085294/gene_counts.tsv.gz	1aaf26cf8b37120accbc02fc61170945bfb63632ccb3a30b40c55eb2e18c2dc3	c54f57e1eec863a154d9cf285e188b9c5f4ae87bb6a51d6a8e4eff02338c6bea	2464908	27775
880	SRR17085295	/cephyr/users/mayoa/Vera/hpc_rnaseq_production_results/2026-09-10/runs/SRR17085295/gene_counts.tsv.gz	f1300de0cbc293bff1c7ec96c464d3d924242d593420173e64c851b7614d42ab	772d17ff317fe590e0740ab7880b14f52f3a367d59fa716115d86967209720c7	693171	27775
881	SRR17085296	/cephyr/users/mayoa/Vera/hpc_rnaseq_production_results/2026-09-10/runs/SRR17085296/gene_counts.tsv.gz	0e8d9c3fefafc7ba15c1f1b4b43ea76ad09ae2fa873ff07c779512b351240dc8	357e2f1d1ff96156d290d80a5b7faee379d8eed2253bb0520239387ce7c8ab04	2563962	27775
882	SRR17085297	/cephyr/users/mayoa/Vera/hpc_rnaseq_production_results/2026-09-10/runs/SRR17085297/gene_counts.tsv.gz	4bd015330f91ed7fead448a5c365db97201db8133ce2af781cb290a6ce28422f	88efff098a77277a467b064cf62fbd6c06afe2a26f91f174857d5ded545bc658	2561735	27775
883	SRR17085298	/cephyr/users/mayoa/Vera/hpc_rnaseq_production_results/2026-09-10/runs/SRR17085298/gene_counts.tsv.gz	27dea65db8d5ec8f1ed7786c1d279f392c5b235fcb4fbe03ded74a2295a0cd67	05be02bc899427c6fdbe45089b11a6b8b5a1b51b3c9f2205a8e1b0371797ff43	1124511	27775
884	SRR17085299	/cephyr/users/mayoa/Vera/hpc_rnaseq_production_results/2026-09-10/runs/SRR17085299/gene_counts.tsv.gz	eed8ffb60cd9b3df966c848d687a2a722abe942ba2d8c6b875e89dcc9e00acd4	fa78872a249ec4c63497d526ee36c3e12f589348a8bb7dcca35df3165b995a1a	2561042	27775
885	SRR17085300	/cephyr/users/mayoa/Vera/hpc_rnaseq_production_results/2026-09-10/runs/SRR17085300/gene_counts.tsv.gz	bfc42a7f8b190cf3fd9f577b9cbf6be28bcac533a5bdb037f65fc5565ca0c660	c2dec1c201a55c1d91e2732fd8dfb32b8b727792c5dc4b582ef4a2cbf81ea7c9	2551223	27775
886	SRR17085301	/cephyr/users/mayoa/Vera/hpc_rnaseq_production_results/2026-09-10/runs/SRR17085301/gene_counts.tsv.gz	1cab087e4090fb5596819492bb283fd692f45022d014e9e80498683f1661ee8d	ddf071ebacd088ee8b2d7956388efc39806ee7762f18747576562fae6bac9752	1134862	27775
887	SRR17085302	/cephyr/users/mayoa/Vera/hpc_rnaseq_production_results/2026-09-10/runs/SRR17085302/gene_counts.tsv.gz	5aa92ac833f7e9df345176f96f01b036e5dce4e6dd56c5434142ad575b332b02	c60f88eddbf455d52f07c8b02fb7480d1e3233392601191ba8790618f5d6d6ee	2651498	27775
888	SRR17085303	/cephyr/users/mayoa/Vera/hpc_rnaseq_production_results/2026-09-10/runs/SRR17085303/gene_counts.tsv.gz	4a824324c3142a060bd5070e1cb12a79b11e9be8463ad8bd4837cd9a9a82c9c1	8d4e650f589673596fc79635644922624e480339daa918a030cdad23b165cb08	2648228	27775
889	SRR17085304	/cephyr/users/mayoa/Vera/hpc_rnaseq_production_results/2026-09-10/runs/SRR17085304/gene_counts.tsv.gz	44853129380fc3924738ec90ef2a9426129bc536538756f9a72846030c15ca9a	d2fc071033c07c3e56f67ad4fe3e8201da626514e7ef6cd8e07539ad2159ac27	842776	27775
890	SRR17085305	/cephyr/users/mayoa/Vera/hpc_rnaseq_production_results/2026-09-10/runs/SRR17085305/gene_counts.tsv.gz	c08b051199161124a0dd68155e540cf07b1f7acbe93cf72d2019f527e669f206	62ab22cc85e02027a2ac2a7387a2107a8fce0393a144bfeb520dcbbc32dea7d6	2649747	27775
891	SRR17085306	/cephyr/users/mayoa/Vera/hpc_rnaseq_production_results/2026-09-10/runs/SRR17085306/gene_counts.tsv.gz	05146b7ae2f3f385d0d65a7bbc33dbe802ecdf8ad6e53151144bab1f27ff3553	6261c87ef33a12c05cb5c4313c5df0d89c55cc6fc5b22218aedd62030d6ca8b5	2638975	27775
892	SRR17085307	/cephyr/users/mayoa/Vera/hpc_rnaseq_production_results/2026-09-10/runs/SRR17085307/gene_counts.tsv.gz	bedca078e57449c1636136a9b2d46f5c0654e70c2c7116f9e05983500ccb4a08	5005b730c5600d167456ae19fc6bdc5425e62bf9d6b58080201ab5acaa18dfff	854348	27775
893	SRR17085308	/cephyr/users/mayoa/Vera/hpc_rnaseq_production_results/2026-09-10/runs/SRR17085308/gene_counts.tsv.gz	5971816299b7f6c80c3bb22dc775a19efb7d39ea6cbf1c4102e5f8597b3b0ba2	5e91029b1d2ebc620d763cf70c811f26f90434201e91812db7ce601ab04d7477	2879120	27775
894	SRR17085309	/cephyr/users/mayoa/Vera/hpc_rnaseq_production_results/2026-09-10/runs/SRR17085309/gene_counts.tsv.gz	6cedad1e37bd1f89a08bad63bc8b794ebc800fed511e95a20082445e71b9fc50	b0d2af7097d2ae1d09effdd1ae85662f810a107b2bb59f387285730fdf01cdf5	2876331	27775
895	SRR17085310	/cephyr/users/mayoa/Vera/hpc_rnaseq_production_results/2026-09-10/runs/SRR17085310/gene_counts.tsv.gz	8c47e392401a0c8eab0edd464dea050436e9a647caeaf1cde0eef5ed50a8e5b6	5c852e7d9793a8ac7a618bacd67ca87324b5bd3dc71fd7ec83073f2de22d8543	489548	27775
896	SRR17085311	/cephyr/users/mayoa/Vera/hpc_rnaseq_production_results/2026-09-10/runs/SRR17085311/gene_counts.tsv.gz	a128f746e52bdcd045ae52003b1be9dcec76bda886df96cf426c1df4279735b2	4ad8e9a72eb5148de7a1e4ee596b9df416090d40ba266c1104fa85984ff7396b	2876486	27775
897	SRR17085312	/cephyr/users/mayoa/Vera/hpc_rnaseq_production_results/2026-09-10/runs/SRR17085312/gene_counts.tsv.gz	1ec973289d8c34d4511b4510684410429b2dea0cf3e8324e388909d79ec425dc	b4f68b0e609a9bc7e42e2f5ca01fab44e64af0e20c4dd93780572dc4fad9542c	2868652	27775
898	SRR17085313	/cephyr/users/mayoa/Vera/hpc_rnaseq_production_results/2026-09-10/runs/SRR17085313/gene_counts.tsv.gz	488728c923129d93ec37b84555ac13540fd0b670af3670288b04a0d678ddb830	bc3b7ed005b21a4e237bd631f0f073dd4d96baf2f94b79538662548baebb5a3e	520046	27775
899	SRR17085314	/cephyr/users/mayoa/Vera/hpc_rnaseq_production_results/2026-09-10/runs/SRR17085314/gene_counts.tsv.gz	5617cbbf3955a4647f25053b336eb1cd6b7dfd8dc81a513cdc495a8303417cd3	3b780ce85c3bdf51485a03c36bc5385a722c5a8324abd771b4371fe1cde838c9	2807996	27775
900	SRR17085315	/cephyr/users/mayoa/Vera/hpc_rnaseq_production_results/2026-09-10/runs/SRR17085315/gene_counts.tsv.gz	d33375554f097d214b57f496a78e86184d401e9913b362758339531bbc646640	5fd44a9dcd2379ebdd7bdbaaa1868427f651d6e567861ffde94ebfa379470451	2806468	27775
901	SRR17085316	/cephyr/users/mayoa/Vera/hpc_rnaseq_production_results/2026-09-10/runs/SRR17085316/gene_counts.tsv.gz	91ae256a63622af39aeddac53b954eaeb47c905601d4ea3e331f228662bafd85	6b493fe40531ea3f483e3307db2089decf09e6dd9f178a42724d04d253617718	364818	27775
902	SRR17085317	/cephyr/users/mayoa/Vera/hpc_rnaseq_production_results/2026-09-10/runs/SRR17085317/gene_counts.tsv.gz	f95fba862996fbf92ef4895a443cd518560953ded9f9a508c83e277506811620	71953e5f31f6abc7bb7c2314b8c46f2c122e0bea344fda748cae9b4a5d7bd7d8	2805748	27775
903	SRR17085318	/cephyr/users/mayoa/Vera/hpc_rnaseq_production_results/2026-09-10/runs/SRR17085318/gene_counts.tsv.gz	84491b6036715e536279a50360e9b64a7a6352e01cc4f061b5efad65c795e8a5	db600e0a4f92a137883d4553920647a26278e36f5c97a55c408af275a358d3e7	2797281	27775
904	SRR17085319	/cephyr/users/mayoa/Vera/hpc_rnaseq_production_results/2026-09-10/runs/SRR17085319/gene_counts.tsv.gz	46b68e4a2120091befb3e7838b94b5d24112bfcc97bc975487c85ff02fc6e071	899b6a186d46316ff9bf6f7cc29cc44b7258d6f6223fa42164c6efe1711bdb00	371803	27775
905	SRR17085320	/cephyr/users/mayoa/Vera/hpc_rnaseq_production_results/2026-09-10/runs/SRR17085320/gene_counts.tsv.gz	cdc79b72a84e22c792a49ec0b64e02da7682847101c0288edba43cf8e472d258	dc8731ce3212b079916a8879cd5d1af8f097674c54c2bb45a9c164bc03c67134	2785232	27775
906	SRR17085321	/cephyr/users/mayoa/Vera/hpc_rnaseq_production_results/2026-09-10/runs/SRR17085321/gene_counts.tsv.gz	8a2b145ddec4f7ecf0c0bb7bf5b5d316b1f64c2304d905f59157d094dafb31f2	b23fb461aca94853744834393800db54a5bfcac3fd238a9d1f4c99960df92b30	2784209	27775
907	SRR17085322	/cephyr/users/mayoa/Vera/hpc_rnaseq_production_results/2026-09-10/runs/SRR17085322/gene_counts.tsv.gz	688e232f63fd84e1b3444913f5b7b6994146a45995e4afce6cd83eefb89d79e1	8528c91edfa2a32c59d338ad5a4e396f282dbe61384735db540d8b32f87f7212	434357	27775
908	SRR17085323	/cephyr/users/mayoa/Vera/hpc_rnaseq_production_results/2026-09-10/runs/SRR17085323/gene_counts.tsv.gz	9cd434dda7695cc1e8e9dcbe10447e2eef44bdce1d3b6934faae01733be3f7f1	7c98032db74364d65d7e121601528281b1426576f5d14be8f124bc74ce5b3b43	2785047	27775
909	SRR17085324	/cephyr/users/mayoa/Vera/hpc_rnaseq_production_results/2026-09-10/runs/SRR17085324/gene_counts.tsv.gz	703d0763fe4979b2c1de8658d6be96d22246281a987d186f0b7e2118a26ffca8	5244bb2af424c40b38b391fc1bae60c93d3f6a43c070ac3445154d580d5da5ba	2775634	27775
910	SRR17085325	/cephyr/users/mayoa/Vera/hpc_rnaseq_production_results/2026-09-10/runs/SRR17085325/gene_counts.tsv.gz	695ba66307752e6f9f27c73208982d7b4401aecf0c1c462f996a6ad1dac4fc59	a2f2722d0c1c2686791947a5986634c9c62405e744a98146f12778ef6aace486	447074	27775
911	SRR17085326	/cephyr/users/mayoa/Vera/hpc_rnaseq_production_results/2026-09-10/runs/SRR17085326/gene_counts.tsv.gz	82d0022e4a5590e07701eb567ba4caad214c7a7ee23734aba9021c7a4f0bbfd8	d87306163447a18be26cf3199798e7f2b250cfc14646eb0c2cc1d27602d73f9d	2682390	27775
912	SRR17085327	/cephyr/users/mayoa/Vera/hpc_rnaseq_production_results/2026-09-10/runs/SRR17085327/gene_counts.tsv.gz	5e4c50193e48a47dddcc2932f88392c681e994cea2e34dac793bb526d437a387	38f80a8b54becc455efacb8c2e020064656f9775285bed46690819f260d60a73	2679944	27775
913	SRR17085328	/cephyr/users/mayoa/Vera/hpc_rnaseq_production_results/2026-09-10/runs/SRR17085328/gene_counts.tsv.gz	f26034f5dd9044fd79b40aa6cc48fa026699020b6b60a72a2d41d91ffef8039d	4495f005f7aa5a788b5340480f34645348ea8f5a75f83e2de4fe4e69c0ac279c	1103441	27775
914	SRR17085329	/cephyr/users/mayoa/Vera/hpc_rnaseq_production_results/2026-09-10/runs/SRR17085329/gene_counts.tsv.gz	7728dc32ee50eac85674717e78eda563fd4b181c21150a1e6e95bd72652aeb42	5cb87ffea66698c7addf9c3aac0f25f0c31632ffaf324f1eccbdb920d98b9ab3	2681943	27775
915	SRR17085330	/cephyr/users/mayoa/Vera/hpc_rnaseq_production_results/2026-09-10/runs/SRR17085330/gene_counts.tsv.gz	749abfa33052b1b8fdd81e640c887541b6955c52ed4b57631534c36b5ed509af	0b9e603e6fb5d75d2f47b7d0b835c47f438649e20a201f2bcff6c9c6509707e1	2666366	27775
916	SRR17085331	/cephyr/users/mayoa/Vera/hpc_rnaseq_production_results/2026-09-10/runs/SRR17085331/gene_counts.tsv.gz	9a4e80a0e31706d45722c968d5537c6654eb45c559c6286762dfccecf99533a1	2a60593a3babc5b014076e9db34b53385876838b2415a06e4d0396e5fef9ea9c	1122812	27775
917	SRR17085332	/cephyr/users/mayoa/Vera/hpc_rnaseq_production_results/2026-09-10/runs/SRR17085332/gene_counts.tsv.gz	897651f648a5a25f27f72378d08f8e6f244712ec05507086673f8cb95709aaac	2a67c6cc79a961a6a499d1671a309182adb94d73c15a5f7ed61fe197b186af14	2885193	27775
918	SRR17085333	/cephyr/users/mayoa/Vera/hpc_rnaseq_production_results/2026-09-10/runs/SRR17085333/gene_counts.tsv.gz	8545e8d0d07e6e60bddf7c1fd2c30750792a7e7515607d6b3058f320ca32f875	2b7d6de8c9885f84ffffeb8e3297aad34d74e09a246cf82ee4fdd8d9695b0d78	2882084	27775
919	SRR17085334	/cephyr/users/mayoa/Vera/hpc_rnaseq_production_results/2026-09-10/runs/SRR17085334/gene_counts.tsv.gz	b23f17857377b8678fa624482bc3fedc8456c52553bd9d338cf6fd58fbbc0409	f8c5644e79b2a8d2b1b3f5124ef7f0b556450b251d67892ad1608aaa451b9667	483924	27775
920	SRR17085335	/cephyr/users/mayoa/Vera/hpc_rnaseq_production_results/2026-09-10/runs/SRR17085335/gene_counts.tsv.gz	12e7ccf6460860c41364761dda08f1fb9387a937f167325804ad2b4bff904327	d568317a8fed40ca82cde52e76beb2be8c68f839bc0f86d84d75dce1e891367f	2881436	27775
921	SRR17085336	/cephyr/users/mayoa/Vera/hpc_rnaseq_production_results/2026-09-10/runs/SRR17085336/gene_counts.tsv.gz	12aafe0352eec58cd6d517ee9381ca1123d3493e5486c0ba036684ee7b28251d	102b5857a2117dd5caa0dbe5894c33f8a0db37457a29c692cc621c029ddd0257	2871635	27775
922	SRR17085337	/cephyr/users/mayoa/Vera/hpc_rnaseq_production_results/2026-09-10/runs/SRR17085337/gene_counts.tsv.gz	4dd2e56caea92a3f498a2f62ae18f78eae053e00c1c2daa129859a2d665fef86	4c854bcff3f06e454486976b664f8d16c4084c193d1159e65ab1f43a66982cef	504044	27775
923	SRR17085338	/cephyr/users/mayoa/Vera/hpc_rnaseq_production_results/2026-09-10/runs/SRR17085338/gene_counts.tsv.gz	620ab5e87c8d8522fd9e90db1580392a711b339a6cf50697326b423d37ecedc3	2156c02d216e88aa2cb5cde1db20f993b177596208c553f89c389a6755d6df37	2791605	27775
924	SRR17085339	/cephyr/users/mayoa/Vera/hpc_rnaseq_production_results/2026-09-10/runs/SRR17085339/gene_counts.tsv.gz	0e0825474fee95fc3a013316c773c46dae70a3db80b6dd1bd9c320f0f938e706	6af30f03a282c311ed18dadd1015469dabe9de70ae35b7ed809643ea0679553a	2790778	27775
925	SRR17085340	/cephyr/users/mayoa/Vera/hpc_rnaseq_production_results/2026-09-10/runs/SRR17085340/gene_counts.tsv.gz	bfc43b82f48785b62b72ccdc7bf2eadfc9aabe2a57cb49beadf27d1b36e4d0d9	161cb56ec7779b4bb4f9c0c25d3616669fac375c10d4cbea6bd151e62b94ee4c	846669	27775
926	SRR17085341	/cephyr/users/mayoa/Vera/hpc_rnaseq_production_results/2026-09-10/runs/SRR17085341/gene_counts.tsv.gz	472324b765ab98fb0918ea081e043cb3014f9c432ef2751d79cb7f0e0e6742d8	d84f8ce6e2d6d127fcda2f87ab5de797d1f067ef6b7e37f9e4a4186e74f76272	2791925	27775
927	SRR17085342	/cephyr/users/mayoa/Vera/hpc_rnaseq_production_results/2026-09-10/runs/SRR17085342/gene_counts.tsv.gz	d6066045d55c2e78b8481119973ed5c2437e06963042b1590cc7ca47a23a44aa	5be271e1915c97eff8d90a77f6ce47ca10a6c6d67fc5646f60d0efa983ab8e30	2781168	27775
928	SRR17085343	/cephyr/users/mayoa/Vera/hpc_rnaseq_production_results/2026-09-10/runs/SRR17085343/gene_counts.tsv.gz	64e6ec663ab2604d9d74fbf8f81d7926adc723e726a358fe73ff6497442024da	ddc9322f003cb3ee352e8e403d23e9886a96f2cd4faa313c0523cabdfc77dbe3	850320	27775
929	SRR18163655	/cephyr/users/mayoa/Vera/hpc_rnaseq_production_results/2026-09-10/runs/SRR18163655/gene_counts.tsv.gz	44666864dcd64f5e6f569e290ed289909afc84b0baeae637044ba95dcf46a5c4	343e7c5e9d344af13007952829235be3a748a59d85ee567f8b9b3fa2a22b59ca	29336161	27775
930	SRR18163656	/cephyr/users/mayoa/Vera/hpc_rnaseq_production_results/2026-09-10/runs/SRR18163656/gene_counts.tsv.gz	482e440e976ab4515f955fa2c92181d41952807d23de6788854cbfa75989ffbe	f0389045ada36b7e9431e7f29a3a9937d4c5faf03831861580f1c0d147a3af6b	29613193	27775
931	SRR18163657	/cephyr/users/mayoa/Vera/hpc_rnaseq_production_results/2026-09-10/runs/SRR18163657/gene_counts.tsv.gz	89b09a7a12a292c93164b0f7ce579e53e976571b37e36b5561f66f82b63a54f7	cad941ed5f02626c5c8918b27aed2736c3e22c97c5cbd7db5ea83fc21a5fd38b	28646229	27775
932	SRR18163658	/cephyr/users/mayoa/Vera/hpc_rnaseq_production_results/2026-09-10/runs/SRR18163658/gene_counts.tsv.gz	44629ab34088a2d15533de6131c7a17371d417718b04291c290aee7c8dedbe7e	458040b620904c073298793d304925bc4123c75b7cc3c9c1d95eb59c9bcc204c	33130561	27775
933	SRR18163659	/cephyr/users/mayoa/Vera/hpc_rnaseq_production_results/2026-09-10/runs/SRR18163659/gene_counts.tsv.gz	ab935238282fd008e129e2677af4fa810fd0545f8a80ff170d81885a2cb71e67	a9c135eaefa552e42dd8694f0956800416b1f76a0cae0e329b2ed9423e5d288d	26393984	27775
934	SRR18163660	/cephyr/users/mayoa/Vera/hpc_rnaseq_production_results/2026-09-10/runs/SRR18163660/gene_counts.tsv.gz	a49c4e227341105f9354cebe1e7e83763092d041a3b391b3ee4a5206f21aeac5	7c878cd0f211d279f04b06472a156e2561c482ae24996c5c686bdb07183ad277	35484400	27775
935	SRR18163661	/cephyr/users/mayoa/Vera/hpc_rnaseq_production_results/2026-09-10/runs/SRR18163661/gene_counts.tsv.gz	3bc253f56be262a2c2e91a702a31f00d0a46b30b006867ccdab4f0254400189a	3332b6340f8a8622725e0edd7f6382d90e9494f293daf7f33b86616958133fb7	28560994	27775
936	SRR18163662	/cephyr/users/mayoa/Vera/hpc_rnaseq_production_results/2026-09-10/runs/SRR18163662/gene_counts.tsv.gz	14ebdb85ba86343910250b6294182fcb14b04c4fb6bc69ed7b6a5d2f282b6bfe	a087a17b4089088dea8581e3a8d3fa2330e3b014461dc95043e0e845d9d1bf4e	37487253	27775
937	SRR18163663	/cephyr/users/mayoa/Vera/hpc_rnaseq_production_results/2026-09-10/runs/SRR18163663/gene_counts.tsv.gz	2abbe3b158dbe8b648e783d45f648e6248695349f7ae7816bd508fbef168217c	62ade79e6938234aac69ac3f6e31687b4b8255732e06e4ef8a41e03269fb8a44	28667453	27775
938	SRR18163664	/cephyr/users/mayoa/Vera/hpc_rnaseq_production_results/2026-09-10/runs/SRR18163664/gene_counts.tsv.gz	ba887804b1f73afe4da28d0efede24f91bb38652e1bc43cd3ec9a659708e334c	9b0a5703c8c1b4c711b29d91c39d8214d54c66608f3684c40ae6b65491551b58	31969628	27775
939	SRR18163665	/cephyr/users/mayoa/Vera/hpc_rnaseq_production_results/2026-09-10/runs/SRR18163665/gene_counts.tsv.gz	5e931a67d5ea82258442c16eaed2ea78e7706211a7bcd1cf94aa27db5acfd835	d0ec82aeabff2736b209cf4473bf951f7d343579f53cebbe1bd449a714822e22	25009488	27775
940	SRR18163666	/cephyr/users/mayoa/Vera/hpc_rnaseq_production_results/2026-09-10/runs/SRR18163666/gene_counts.tsv.gz	34d8bc60bf9ad69efab544ed443c888050b36876c1aa1b53e3daef084bd5a52b	e1d98835a142c992dd841441d13fd734aa157fc6abdcbfd8f96a48ddd63a2314	29685342	27775
941	SRR18163667	/cephyr/users/mayoa/Vera/hpc_rnaseq_production_results/2026-09-10/runs/SRR18163667/gene_counts.tsv.gz	804745c51a2770a4ad49eda6ef18eff24100d6d68c661617705413674f5f13a1	2860133bc027c349b9a667c71522c2a56a67fa86b529c90d04329b6826dd17c8	27825164	27775
942	SRR18163668	/cephyr/users/mayoa/Vera/hpc_rnaseq_production_results/2026-09-10/runs/SRR18163668/gene_counts.tsv.gz	72e36dbd5de1d6e8e754e755994700794d1f0f5e8fcd7d1a6444624da1d36035	6bc75f99506fa488550b6d39ea7962092802a2adc62221338586e33ffad36abe	31053324	27775
943	SRR18163669	/cephyr/users/mayoa/Vera/hpc_rnaseq_production_results/2026-09-10/runs/SRR18163669/gene_counts.tsv.gz	9cb447855db7a9ddfe8faa511d572d609a18821b8d787fa5ed7f419cf4c269af	98fbd7388c46093ce40f96434eb64f59886d41af49e96291d2a58a0a0dac5168	34157078	27775
944	SRR18356112	/cephyr/users/mayoa/Vera/hpc_rnaseq_production_results/2026-09-10/runs/SRR18356112/gene_counts.tsv.gz	62ad5c39decbd227ade30ade513c00f3e0e425159efd0874a692ea728e8cd6b4	ad6a077353bae7749cdfe88c961aaa51df7291be2cd1e54a4f2f62c68df8eb20	17821160	27775
945	SRR18356113	/cephyr/users/mayoa/Vera/hpc_rnaseq_production_results/2026-09-10/runs/SRR18356113/gene_counts.tsv.gz	08f732794efeb50f22024ca167e49a541bbafd11b6a6009c0964aa3267d7779f	c11a1552d82043e47d40fc6b53f562c57cfe7fbc373d3d4953ca042718098fae	17848020	27775
946	SRR18502223	/cephyr/users/mayoa/Vera/hpc_rnaseq_production_results/2026-09-10/runs/SRR18502223/gene_counts.tsv.gz	250d79d5e5f8b27de6b258c3dd25bbae4d849cac6d412f0f7034b7e58c5dc619	2da4c8cdb88a2951eb717206d9facae532fa9dcc9df54c469f243b3259fc42df	20698165	27775
947	SRR18502224	/cephyr/users/mayoa/Vera/hpc_rnaseq_production_results/2026-09-10/runs/SRR18502224/gene_counts.tsv.gz	f8c312faf8e83038be3b828a28a034ddf8bd69e94246aea1198a95b51f791472	8773195e4c548d507e532c39d3a732a8e6e98b74ed684b2e70ab1e566afd1a0c	17555830	27775
948	SRR18502225	/cephyr/users/mayoa/Vera/hpc_rnaseq_production_results/2026-09-10/runs/SRR18502225/gene_counts.tsv.gz	c35a2e4c4a97fa6355b29c792799c9c71cae7227e179919b341dba0522b037d0	6a8556b637267935846e6d84b8f09c7e611d189b4dfcd1bdd62cb7a7f10a9fb3	17397018	27775
949	SRR18502226	/cephyr/users/mayoa/Vera/hpc_rnaseq_production_results/2026-09-10/runs/SRR18502226/gene_counts.tsv.gz	449b87988b66c7e2689ed849d93de185b0e7e7394aed807ae4768d116a448e90	b4ee6db35fdf8f5bdc6d1834c1e35b462ff430755414b016ea50752975da3aef	19061312	27775
950	SRR18502227	/cephyr/users/mayoa/Vera/hpc_rnaseq_production_results/2026-09-10/runs/SRR18502227/gene_counts.tsv.gz	20ed1228a035ff6890d73d91a9b0160b3961084c4efd1aa3230208286d6f8d1b	d371471dfac5bd80ae93309768b299c27724e48e6815c922f4619f00f54c2ccb	18217974	27775
951	SRR18502228	/cephyr/users/mayoa/Vera/hpc_rnaseq_production_results/2026-09-10/runs/SRR18502228/gene_counts.tsv.gz	e1c9b725b392645a5a3537cdaa9392726510834c5dafd39e9fba75dd3143ffe4	f2ad1b4dda6efc1c1de99ad7f610cfb572b74860abb19b885b6e333f3a79977d	18052949	27775
952	SRR18502229	/cephyr/users/mayoa/Vera/hpc_rnaseq_production_results/2026-09-10/runs/SRR18502229/gene_counts.tsv.gz	f1d869bdd6d4dbc672bea8ca3214371cc5100c29e2a2cf54a63f59f9d3519212	9c8b6a4c364a55757f44253ef21b5639c700dfa7cae1dbd0dc062a2cd880ddab	18594951	27775
953	SRR18502230	/cephyr/users/mayoa/Vera/hpc_rnaseq_production_results/2026-09-10/runs/SRR18502230/gene_counts.tsv.gz	dc81ebb9848fada05b6a370743d87a4b3b040858739a32b52a1b4cacc9c6c73b	5fe0f305832dfba337d939cf814cd2047858f2cf6a32c0e4fe9e8dab734de9e1	17585916	27775
954	SRR18502231	/cephyr/users/mayoa/Vera/hpc_rnaseq_production_results/2026-09-10/runs/SRR18502231/gene_counts.tsv.gz	2e8352b80ecb57b864bcb71871a4ad175a279ae458e6f60b8275bbcce660447a	8413eccf43da1ce47be4acb326fcef45a0e6fb215314bd6a30f4e68ea3a047a9	20191306	27775
955	SRR18502232	/cephyr/users/mayoa/Vera/hpc_rnaseq_production_results/2026-09-10/runs/SRR18502232/gene_counts.tsv.gz	36fecc0471ba1f7c1279573d5f84f67df59a47c29b2242d96d6af3c7061a42ee	65897a056acb7881fcbc3d12f74166244310fa07bc9f2fcf7eda6f32cefc7778	19127367	27775
956	SRR18502233	/cephyr/users/mayoa/Vera/hpc_rnaseq_production_results/2026-09-10/runs/SRR18502233/gene_counts.tsv.gz	f2f44dea787a76774c2b5a264d002cb207b555850d4e1fab71a80deb7536c850	4ed9f662d9566e194d6bbc84d878fe320dbec90f73e85c3de03db0fc81e9f1c4	18355267	27775
957	SRR18502234	/cephyr/users/mayoa/Vera/hpc_rnaseq_production_results/2026-09-10/runs/SRR18502234/gene_counts.tsv.gz	0ca6d867d366b35bec8cbe7a1080968446c53c8d75ed1d7325787adbf32d5316	5e8f1b261018a1f249ccac7d804e147b4e41612c8525ff4a25c0941cfc60d5cd	21066764	27775
958	SRR18502235	/cephyr/users/mayoa/Vera/hpc_rnaseq_production_results/2026-09-10/runs/SRR18502235/gene_counts.tsv.gz	ca2685919d7081784c9639528b78d281f5d861c97396b676dca264e5bb9531dc	88d1c370bcf94ebe0d7b55c89e3cde8988e14ebcb9c4593afc79f8283c6737a7	18681850	27775
959	SRR18502236	/cephyr/users/mayoa/Vera/hpc_rnaseq_production_results/2026-09-10/runs/SRR18502236/gene_counts.tsv.gz	4745efbf9f4390f935e78bffe68698397435a84b04a1a46ac51374bfc21f9eab	2fcfea833d7af1f0520699ddcfb27e0d8561dcbd33cd3a1d8a73925c5c739a91	16614144	27775
960	SRR18502237	/cephyr/users/mayoa/Vera/hpc_rnaseq_production_results/2026-09-10/runs/SRR18502237/gene_counts.tsv.gz	a0cb1346c841e188a151aaa130a657b238fec4a14e103efe457c5c6185d483f2	fe59f44306fa527276fdda423715ea19629e0ecb212d611c62f4ca72e3eb4245	19241340	27775
961	SRR18502238	/cephyr/users/mayoa/Vera/hpc_rnaseq_production_results/2026-09-10/runs/SRR18502238/gene_counts.tsv.gz	b807a0238cede89a9746d0bb54e54ae58859efab5e590a4e9c7ce3cdbe39aca6	76ef259dc5dff515cc7d3b905741a8a6c76b3b908b3683797e8810da6cab527f	19808933	27775
962	SRR19256295	/cephyr/users/mayoa/Vera/hpc_rnaseq_production_results/2026-09-10/runs/SRR19256295/gene_counts.tsv.gz	873a66880891b4c02ff8a29cb32455c1d4b435d4e88df9331e8e1e05a7eab074	80cd90a75156efa422054177556e2b312dc6286372ddc558c3e058c78058abe6	20424977	27775
963	SRR19256296	/cephyr/users/mayoa/Vera/hpc_rnaseq_production_results/2026-09-10/runs/SRR19256296/gene_counts.tsv.gz	5e2ca3d2126cd2cd52af03217b6429f14d38327ed76402c3ceab27736cab8a1f	9b41f23067364c21b46949bf182025f0639211797779a210b0a5a7de62dca37a	19714101	27775
964	SRR19256297	/cephyr/users/mayoa/Vera/hpc_rnaseq_production_results/2026-09-10/runs/SRR19256297/gene_counts.tsv.gz	2a11a8da30014317e9fe63c228a1ad20dcb268d515e7c0a2ed5c196a4ad81116	9feab9adde70f957abef46e083487a218194ad37a753177b7b3192f204a9f8c6	18592435	27775
965	SRR19256298	/cephyr/users/mayoa/Vera/hpc_rnaseq_production_results/2026-09-10/runs/SRR19256298/gene_counts.tsv.gz	1ad88ca206f9ee41f27705d9c604add7711f652cfa43fcecfa25710256e07baf	896e88f0cfcb4da54d12388b6c39c7733d54544f40726a06f2cd69f92bd90438	18652382	27775
966	SRR19256299	/cephyr/users/mayoa/Vera/hpc_rnaseq_production_results/2026-09-10/runs/SRR19256299/gene_counts.tsv.gz	5ee89f58fbe4cb91d5f985eebe2136cd644603c129b25a63ec6e3370fa3a0871	518a62d5ca8d71d3a28a1b97c3251263895d8623a3f5aa46eec4e72fa965c21c	18695087	27775
967	SRR19256300	/cephyr/users/mayoa/Vera/hpc_rnaseq_production_results/2026-09-10/runs/SRR19256300/gene_counts.tsv.gz	99b1dc6fe7ecf0f03d512c2054c167713352b488d23df81e1ef72ba57c8d733f	6510d5ff1c4d8bc442835eba36d67ff7d35efed209f13fa299875bb102b22f28	19075998	27775
968	SRR19256301	/cephyr/users/mayoa/Vera/hpc_rnaseq_production_results/2026-09-10/runs/SRR19256301/gene_counts.tsv.gz	487874e1a34d8a5134808090139a9186d3965131f9e6d7361c830a37613fb8b4	f3bec6152fb516c14cf0a901c69af3ff1bad4e00c9bbc58012b7149ad4dc9828	20241577	27775
969	SRR19256302	/cephyr/users/mayoa/Vera/hpc_rnaseq_production_results/2026-09-10/runs/SRR19256302/gene_counts.tsv.gz	15031abe827f56a62f61ac8e3c3a768df2a605348897f7c38e149782c85f6afe	22d2fb0a036f784022f333463e127dcec91613e4b8aaae77ccd484af8a7af6b7	17171606	27775
970	SRR19256303	/cephyr/users/mayoa/Vera/hpc_rnaseq_production_results/2026-09-10/runs/SRR19256303/gene_counts.tsv.gz	6953c41042073a7a1807a7d257afce60cdde960a9c92b93ef3a44d2e3a20028e	623560cac8f06b0c16ae21ee4c4b7b42cc0e1cc4bd42478e568816111e155558	20564145	27775
971	SRR19256304	/cephyr/users/mayoa/Vera/hpc_rnaseq_production_results/2026-09-10/runs/SRR19256304/gene_counts.tsv.gz	d867325890b1da1c736080a881fd8e03ecebe67e1bb445462b1ca3ef1d4b70f7	4bc109dc4c7ac6b9f09a7cfd1c4f7ada69308dc3f12fbce16efaeaf04c4f8463	20793915	27775
972	SRR19256305	/cephyr/users/mayoa/Vera/hpc_rnaseq_production_results/2026-09-10/runs/SRR19256305/gene_counts.tsv.gz	f3ba2c34e6f75d0784b9d7cb43bad76f6113d62f4f75e1e91bdee70d7cdbf1da	039edffd1da160766e4157bad4e231ea5a9ee31320b32b2ffd3454c54f54a4a9	18904665	27775
973	SRR19256306	/cephyr/users/mayoa/Vera/hpc_rnaseq_production_results/2026-09-10/runs/SRR19256306/gene_counts.tsv.gz	611edab4f719608cadbee1176308b0ebdddc6cc5353cfdf8225616e096cba229	8a78c74fc15d07dd64fbf6c82d0707f44f7a8fb069394233520cb88e35539dff	21423400	27775
974	SRR22143436	/cephyr/users/mayoa/Vera/hpc_rnaseq_production_results/2026-09-10/runs/SRR22143436/gene_counts.tsv.gz	d7ca36b17b25b42340f30828142c5c824bcf9dff503bc9cb91a067f68946774b	9fdd94490814b2c83402f9a2079357f655c22540544f2538d5f3bd1713495021	19280077	27775
975	SRR22143437	/cephyr/users/mayoa/Vera/hpc_rnaseq_production_results/2026-09-10/runs/SRR22143437/gene_counts.tsv.gz	159c820f7c93a5f9a6c8759106b281b2983da63ceeadff5870a662e0337fbb3e	f4520d0fc7f5c5489e5b3f7b792bb603c674e8b4d9be7218981d845212eaf53a	18427302	27775
976	SRR22143444	/cephyr/users/mayoa/Vera/hpc_rnaseq_production_results/2026-09-10/runs/SRR22143444/gene_counts.tsv.gz	935b299344020a0978d0171f9cd1bafc57bab3e66e6321c6f8fcfdbfeac5621f	329db097edbcd4bf00e1645c12a3339bee6d60137753567f5ad6ffee9e08121f	19370817	27775
977	SRR22143445	/cephyr/users/mayoa/Vera/hpc_rnaseq_production_results/2026-09-10/runs/SRR22143445/gene_counts.tsv.gz	5876f03bb0bf48c62999c02def97b0f04a7772e248a15bd70801cda699068229	a5b25654922750802c808eb4582769d5daaf7f6b9427cbf6c1a4222423cdea40	15162771	27775
978	SRR22143446	/cephyr/users/mayoa/Vera/hpc_rnaseq_production_results/2026-09-10/runs/SRR22143446/gene_counts.tsv.gz	17784121a31ce7b2a33ad26734842de8b6425ec3910f0ca0bb81e70d3cc062dc	8293654b6787739f0b51b906203aa512d7b115e3d00f9b030cbee5991b57cb6a	19770277	27775
979	SRR22143447	/cephyr/users/mayoa/Vera/hpc_rnaseq_production_results/2026-09-10/runs/SRR22143447/gene_counts.tsv.gz	68df190f6cc49b52c88c1a2c54712d8c6189a6481fc379c1dac87bed63f4c365	f4fbbf94ccf26bebb03d4c51fc8f814b01fdee074f9dfd3df8659f2bfe7c37ac	18293030	27775
980	SRR22143448	/cephyr/users/mayoa/Vera/hpc_rnaseq_production_results/2026-09-10/runs/SRR22143448/gene_counts.tsv.gz	0b15a523e3bd4d6ee3e131a0157487329847c4bfcdd9244269cd330c6c445109	1efe5eddceab222ce227549b1bae45d4ea3fa277dc572ba45d4a847a44998a79	18889977	27775
981	SRR22143449	/cephyr/users/mayoa/Vera/hpc_rnaseq_production_results/2026-09-10/runs/SRR22143449/gene_counts.tsv.gz	4c8bd1f1f4d27d8f24485bbee3578487525d7c739ab46e7a6a9e408dfc58ec1e	3be05e05f6e90420d9dc8134be7b104f36a52a0a392a4451383ca78569a2824b	19431378	27775
982	SRR22246869	/cephyr/users/mayoa/Vera/hpc_rnaseq_production_results/2026-09-10/runs/SRR22246869/gene_counts.tsv.gz	e2baf47a4ce74ce114fda4bdc4084e85728d41291063395a1c1fe56289113e03	36fc32ddb0e4680ac977b19b13ee06fd6af878e55982fc8a7493dce2abb5d111	23707928	27775
983	SRR22246870	/cephyr/users/mayoa/Vera/hpc_rnaseq_production_results/2026-09-10/runs/SRR22246870/gene_counts.tsv.gz	32a1ab4c395eecb0d20336d35f5bfddb4a7cc93c4e265d22552aae0d17d1b20a	70b2b56ddb888c2787d97dbdc3700ef019e1b9ccd9e6e1c5f392ba537cad83da	23537856	27775
984	SRR22246871	/cephyr/users/mayoa/Vera/hpc_rnaseq_production_results/2026-09-10/runs/SRR22246871/gene_counts.tsv.gz	37c4fecb433884bc967216e4042efb8d4f6606582bb6aa49383448a9832f82dc	3b9507d95c1b558cf20a7fd6036a6a94189b84084df5124472660e13252fee93	23812800	27775
985	SRR22246872	/cephyr/users/mayoa/Vera/hpc_rnaseq_production_results/2026-09-10/runs/SRR22246872/gene_counts.tsv.gz	0cfc1f46c63ba34460926934c3b490672bcbfd57df53384d86cea383a31ee957	728dd1e36807a0137b9f3a167bf1846523287b9d8c23371f8362ecd5fb069d05	24335086	27775
986	SRR22246873	/cephyr/users/mayoa/Vera/hpc_rnaseq_production_results/2026-09-10/runs/SRR22246873/gene_counts.tsv.gz	82e0fc891ee558dd6e47c097b33b8c3835069ae91758f9ea53cbe288c805288f	a0e4667d910a1ae43d8ccb01879b69444a167e998d8c9c81ce35e4f625c20185	27680707	27775
987	SRR22246874	/cephyr/users/mayoa/Vera/hpc_rnaseq_production_results/2026-09-10/runs/SRR22246874/gene_counts.tsv.gz	e2d2f73926a55cf24bbea33d241b575082b48efe1867b93994b5714eeb2fa3fa	43d462a4149cd7182176dac21be8f7ddb805b0bd83b7125567720fd808a4937d	23791745	27775
988	SRR22246875	/cephyr/users/mayoa/Vera/hpc_rnaseq_production_results/2026-09-10/runs/SRR22246875/gene_counts.tsv.gz	9b15a25642093aaf622d14446aa5e60ae7561c639faef2d4baf3fab09d4b36bb	d684d891a615221db928d52eb4f381dbbc00a92cb173c8b98b029adeaac9ced1	23046937	27775
989	SRR22246876	/cephyr/users/mayoa/Vera/hpc_rnaseq_production_results/2026-09-10/runs/SRR22246876/gene_counts.tsv.gz	d1124183617e61a9685519090332b4fc3668edcd0a86942749f27caf3b063a03	5cf2c994649f53f70687799447cefd0c4c0844765405b76faf6c22da82bab871	26001143	27775
990	SRR22246877	/cephyr/users/mayoa/Vera/hpc_rnaseq_production_results/2026-09-10/runs/SRR22246877/gene_counts.tsv.gz	8a78005fd1119c6e33ebc5fec9c82a5c2ce0187bdb8016b430d1cdc6afea89b9	49c83c927f5fb69810350aae7aa36a81a00e80b9459d04d4e3e3c570ae1d01b4	26976761	27775
991	SRR22246878	/cephyr/users/mayoa/Vera/hpc_rnaseq_production_results/2026-09-10/runs/SRR22246878/gene_counts.tsv.gz	0f01f4a7fa63ed87a0c61f83b5f4a12f99448443dc910621ba495e26f54a73fc	67670738865a8217bd3d795d2e93b3fb854978d3eaf6bf0e91abfecc43a51cc9	22611253	27775
992	SRR22246879	/cephyr/users/mayoa/Vera/hpc_rnaseq_production_results/2026-09-10/runs/SRR22246879/gene_counts.tsv.gz	d653eb4d10b352c3f98b6f1350faee789e09ef89257befdca892789c88d6804b	e283ecf70e7611a4b92ee1fd0a649d50c5ee408288fbebd8f9c9b73fb6b8cbb1	22904173	27775
993	SRR22246880	/cephyr/users/mayoa/Vera/hpc_rnaseq_production_results/2026-09-10/runs/SRR22246880/gene_counts.tsv.gz	803e943786866b8a54a54fecb2561b51a9af08242285b7af84326e8595ba088d	4da0680b99ca807561c2a3bda7e3190ea749161c922450c879893037882a1e53	25610724	27775
994	SRR22246881	/cephyr/users/mayoa/Vera/hpc_rnaseq_production_results/2026-09-10/runs/SRR22246881/gene_counts.tsv.gz	85bb5f39cd0b760f07cd649f767e30228894cd4268bba7fcf415c4f07b5372d7	9605d82822006e5a5861089905a0747ce6cd95b698c553e7ee62d91ed8d21f42	26489185	27775
995	SRR22246882	/cephyr/users/mayoa/Vera/hpc_rnaseq_production_results/2026-09-10/runs/SRR22246882/gene_counts.tsv.gz	c3b60a0243e5fcaa3dcc07e757b9637d892f7c2e679662b981b1af39199222a8	a3f1d65cc1f986818bbb2bb263cb8347eb579bedc76a998e545f002318240a55	27593335	27775
996	SRR22246883	/cephyr/users/mayoa/Vera/hpc_rnaseq_production_results/2026-09-10/runs/SRR22246883/gene_counts.tsv.gz	18f53e6d23c574ee1eb975227338e4384311642d1af2a612a5186064f005528e	5e4ff4e65f6bfe063bc134c6276948ec159d76d9dbbf2f321920bd9b172855b4	22235317	27775
997	SRR22246884	/cephyr/users/mayoa/Vera/hpc_rnaseq_production_results/2026-09-10/runs/SRR22246884/gene_counts.tsv.gz	3595993f5213f947d0a1fe9219f5bf5c8555f49064a1d53aafd9c0fe3f645429	cad545e2fe4ff842de3802b2495e2701e60c758b8bf1ea4aea2e387edd23cea4	22508319	27775
998	SRR22246885	/cephyr/users/mayoa/Vera/hpc_rnaseq_production_results/2026-09-10/runs/SRR22246885/gene_counts.tsv.gz	1d6bbce4f6453bb396b9e123dea00155488d60d349674dbaa4773852ab2b050d	66d4bffd78988520851fcce92635008f2940e087af731721a4f5f56a747f5083	25773301	27775
999	SRR22246886	/cephyr/users/mayoa/Vera/hpc_rnaseq_production_results/2026-09-10/runs/SRR22246886/gene_counts.tsv.gz	73593f74b13b19fe3bfcb33e76968d04dcdb1f5b6e47f36a9e42179a6733b1fa	e7532320a79010961c79f2cb41746a4a0ebbb1a09b3f432237bb0144f7e9f633	25457523	27775
1000	SRR22246887	/cephyr/users/mayoa/Vera/hpc_rnaseq_production_results/2026-09-10/runs/SRR22246887/gene_counts.tsv.gz	ab63fc93a167673ed604e6ba4d816c30cda89a2ea8df76ff21a5aa3f8a95eb75	7a6c581163c16263ae48ab47a4a3c3383ed81b26412d3457bbc972d4caa171d5	21649035	27775
1001	SRR22246888	/cephyr/users/mayoa/Vera/hpc_rnaseq_production_results/2026-09-10/runs/SRR22246888/gene_counts.tsv.gz	0473d6d174ae012e91f097aaa2f237d652a8cb764b49c31c7fc8edce5ddfd5ed	b294065b5a2b922a98782c4907b29de564ec99bacaf6791273c70cc839ecbbed	23087825	27775
1002	SRR22246889	/cephyr/users/mayoa/Vera/hpc_rnaseq_production_results/2026-09-10/runs/SRR22246889/gene_counts.tsv.gz	d2937010b72fa73f4fe568696a9a802b74e6a23f74d932304bcdbea918d94b74	e8b77ebd931239a82a18bf6135b96822712a52403279a8f87c849706b71926e2	17774562	27775
1003	SRR22246890	/cephyr/users/mayoa/Vera/hpc_rnaseq_production_results/2026-09-10/runs/SRR22246890/gene_counts.tsv.gz	9bc06b95675e1a0789cb99daaa0acccf284f89127eaec57d7ff7e68705076a61	880afb0d57cad5f7cbbfc58eb90bd87dd5e1bf1208f53a06a910ff567edcefc8	23089827	27775
1004	SRR22246891	/cephyr/users/mayoa/Vera/hpc_rnaseq_production_results/2026-09-10/runs/SRR22246891/gene_counts.tsv.gz	8a2d093d1e1050ed6db6990638d8777408843dc44cafd9c5ca4cf35586b78340	73b9360d5f1580d1249a7fc59a9d24ca91c781fba4430ee2ba906473dee3d2e9	18198318	27775
1005	SRR22246892	/cephyr/users/mayoa/Vera/hpc_rnaseq_production_results/2026-09-10/runs/SRR22246892/gene_counts.tsv.gz	9dfea6772f6f3ed6d368d8e1891c10ad264368b142838bf5fac2d5a1142468a1	ffbd12c72cf15f1563108d6490ca407f53cd2b0eae6d7d6d9412d7d6b6e4fcaf	17795089	27775
1006	SRR22246893	/cephyr/users/mayoa/Vera/hpc_rnaseq_production_results/2026-09-10/runs/SRR22246893/gene_counts.tsv.gz	ca023d24037311f2abc96db8aeb480bbfd2d92d66e9f3291b68a2acf20921f07	0ebd652a4b8694ed5f662682e26ef8aceaebd32612353ce5bf4865da9c1dd273	21984457	27775
1007	SRR22246894	/cephyr/users/mayoa/Vera/hpc_rnaseq_production_results/2026-09-10/runs/SRR22246894/gene_counts.tsv.gz	5938738cbb3cd243058ed5cf8baeb4e2683e5fd0e3cdf1d27581e7a8db285fc0	9953a456de3a13d76a485c5f30b8fd0084cd871ce444250cf0f7aad1f1cb941e	25789991	27775
1008	SRR22246895	/cephyr/users/mayoa/Vera/hpc_rnaseq_production_results/2026-09-10/runs/SRR22246895/gene_counts.tsv.gz	12872914157b82a61e3762f61ffdb55cb3023f3c39f91749babc6fd00d098d46	3c71418fb14a0fba1577b13f99faa95510859b96b37d09a9f234ef0c9dcfdd35	24081529	27775
1009	SRR22246896	/cephyr/users/mayoa/Vera/hpc_rnaseq_production_results/2026-09-10/runs/SRR22246896/gene_counts.tsv.gz	85e2cd9680907c510b0547ea2025d1ed986a1d9f5e75bd4efa6f2b07493d44be	7ecf3383408b8f4edaf29100ed4ecba3e2bf8b1b6dca4b688b74acb9ba92cf55	20193126	27775
1010	SRR22246897	/cephyr/users/mayoa/Vera/hpc_rnaseq_production_results/2026-09-10/runs/SRR22246897/gene_counts.tsv.gz	9e870f61eca330c6b330f84422e81237fc4aff74fb0635c90c941d340991744f	14fc7a3a12f310d106767a7a76a427990ff40c4c790f8d3d98e395862c270150	19413534	27775
1011	SRR22246898	/cephyr/users/mayoa/Vera/hpc_rnaseq_production_results/2026-09-10/runs/SRR22246898/gene_counts.tsv.gz	3f5f950bf0adc88d35b644e2dba1eedae15fd1280ff6758909a0f2ee8024257b	a716aa974a1837fb6e49abc1744347540202c6cd425e246370827bc5b47af8ab	17570601	27775
1012	SRR22246899	/cephyr/users/mayoa/Vera/hpc_rnaseq_production_results/2026-09-10/runs/SRR22246899/gene_counts.tsv.gz	abafbbe8f6cbfa1107748e2a0f38b798e4ddd4d39c7ff3e8219372016ca2cae4	cec2cf2dc146071963441d2687468a8f3cd6a5d9379a351fd06d7744401272de	17620750	27775
1013	SRR22246900	/cephyr/users/mayoa/Vera/hpc_rnaseq_production_results/2026-09-10/runs/SRR22246900/gene_counts.tsv.gz	64b1f5a2eb7f35cb56658a01fd978449391f300a50ae94bacab06f1bd90b0a44	1d73a50b3626b98e90d7b9577449164f42027abba35bd5237caa8c135eb79916	16466402	27775
1014	SRR22246901	/cephyr/users/mayoa/Vera/hpc_rnaseq_production_results/2026-09-10/runs/SRR22246901/gene_counts.tsv.gz	05b1468893aebf16b21d912613865ef76afc904011fae1285c4b7b3ab9738c09	03a4f3f30f156d578e08935389e51047434f615c0d304f46cc365bec24a2f04d	20242943	27775
1015	SRR22246902	/cephyr/users/mayoa/Vera/hpc_rnaseq_production_results/2026-09-10/runs/SRR22246902/gene_counts.tsv.gz	163346b69deea643979a003a944dc9dc049b39671f452b254a5d8fb0d643e830	4905e2e863dc554cad6e933eae58cc005be38cc7f76049bbff28724230a6b992	19118394	27775
1016	SRR22246903	/cephyr/users/mayoa/Vera/hpc_rnaseq_production_results/2026-09-10/runs/SRR22246903/gene_counts.tsv.gz	c1bfea3059e7114ecc7dc2e32d4df87d2ff3548ddfb764b6a247902d71274234	58d6e40ecb44c4a3e05a0d1d221b6b72954ecda3b2cb45f8c2b0abdc6c37258b	19706056	27775
1017	SRR22246904	/cephyr/users/mayoa/Vera/hpc_rnaseq_production_results/2026-09-10/runs/SRR22246904/gene_counts.tsv.gz	138affc4a90325bd1a7479c0236bae9de775047be56e98c2112bb92efb7705b1	4fc71ce7932961a56d4ae9391a06c25fc1d872c1b3bfa5ce394b20f3ac068ebd	23249884	27775
1018	SRR22810189	/cephyr/users/mayoa/Vera/hpc_rnaseq_production_results/2026-09-10/runs/SRR22810189/gene_counts.tsv.gz	4eae5d4edae45676a5822caf23d8bc30b39c20b6cd3b2f60295c3dda5df48af3	f9d88f7b137cdae4035db9b6c770f1bd2e5ef9108675e2aa3602a100949e327d	11177025	27775
1019	SRR22810190	/cephyr/users/mayoa/Vera/hpc_rnaseq_production_results/2026-09-10/runs/SRR22810190/gene_counts.tsv.gz	4590cff91dddef5056c21290f152f4fd78b3850285b3d7099f683db17259911d	3a66b30476614217823a05fb4687157cec27907016453cdb21a11b03bd6fd012	9422746	27775
1020	SRR22810191	/cephyr/users/mayoa/Vera/hpc_rnaseq_production_results/2026-09-10/runs/SRR22810191/gene_counts.tsv.gz	dd6bb8bdb1448a75359793ef9156755fc125f796e6125c29934c464b6a2dcf00	1d5eb68f29bf5377820a2b6598e8fb2a6b428c7fe09f4588a156050cd82033bb	9822246	27775
1021	SRR22810192	/cephyr/users/mayoa/Vera/hpc_rnaseq_production_results/2026-09-10/runs/SRR22810192/gene_counts.tsv.gz	f22a7f4d249c1c5116c2748f6188956e1adf565e91ca9af3278edcc20e679a70	849321e8f36d583c9b02a304557f2600ea9595db67d081414c6a306f83d236c3	10078726	27775
1022	SRR22810193	/cephyr/users/mayoa/Vera/hpc_rnaseq_production_results/2026-09-10/runs/SRR22810193/gene_counts.tsv.gz	a08702253f5b5596d97dfc872788a1f2fac101416f1ca43920721e7ec00f332c	2dd85e6e3c2076effadeb461d1cf386dab543f5035df49f4ce306175fd9727e0	9675325	27775
1023	SRR22810194	/cephyr/users/mayoa/Vera/hpc_rnaseq_production_results/2026-09-10/runs/SRR22810194/gene_counts.tsv.gz	d3dbef4dbce68f27494b85faf0b18f4089c273785f667cfb93862ade1b397504	3622fbc2a7020c693765bd10f18153672395b32f2f4ffc0b282e98b49a280ed7	10324180	27775
1024	SRR23603787	/cephyr/users/mayoa/Vera/hpc_rnaseq_production_results/2026-09-10/runs/SRR23603787/gene_counts.tsv.gz	f58c3d3322a814b1dbe233e67e251863cdae10ea8b36dcd7134cd496c0028d13	e3514c49ae0680840f5c99624e4ebdf365fecb13298f5db9ee615e1cdf0a46ba	22988096	27775
1025	SRR23603788	/cephyr/users/mayoa/Vera/hpc_rnaseq_production_results/2026-09-10/runs/SRR23603788/gene_counts.tsv.gz	5d06254a455111a2e8d0aedae8e9ad5494f4d8dc0c9bf5efec27b248c452f1dc	68c44d1385e781867c3a5bdc5be8a0e3d5c3ca74f09c230e1e2424ab05dfb8b2	12841336	27775
1026	SRR23603789	/cephyr/users/mayoa/Vera/hpc_rnaseq_production_results/2026-09-10/runs/SRR23603789/gene_counts.tsv.gz	6f761e42c7a99c87d6e73bba00fba960fca7f38ed0737a29d7314668388e2da4	b4138076ce6ee91444a0c8f55f55d1a5ea29e28aee27641877fa12fa1556e847	11561198	27775
1027	SRR23603790	/cephyr/users/mayoa/Vera/hpc_rnaseq_production_results/2026-09-10/runs/SRR23603790/gene_counts.tsv.gz	c86cce19651c5a218b07a575eb8f6bfca6134e5239fe7be548cba2ebdb8a9801	f84c45b0a8a92bdecb998c508ee3110c96e1318383743d931530a4ef2d2752e8	13844946	27775
1028	SRR23603791	/cephyr/users/mayoa/Vera/hpc_rnaseq_production_results/2026-09-10/runs/SRR23603791/gene_counts.tsv.gz	3119a82fbe1722528e93667cdd3de233cee2c88f4dec7c735379901556b60ae6	ded6b5be63a678e1b26b705beb27d62efdb68c38c1d608bfe6eed7c4fa5df32c	16642039	27775
1029	SRR23603792	/cephyr/users/mayoa/Vera/hpc_rnaseq_production_results/2026-09-10/runs/SRR23603792/gene_counts.tsv.gz	6d9167e41e71ef7df68e73e05a5af2b1493393bc676849dad0e9cc5a499442c4	33efef53d3820d58d950f519927c5f8c70fcc5bc44c3163c0f77159ae4dbf405	19030335	27775
1030	SRR23603793	/cephyr/users/mayoa/Vera/hpc_rnaseq_production_results/2026-09-10/runs/SRR23603793/gene_counts.tsv.gz	d8f017d9398b3c8bfea6c56a1765e1d7e67e3d7c4be0ef5b818a33e8e01189cc	17398e4203be7f51b0aa1c78312027e1ff4558728a7072129b5479597e8492b1	19848169	27775
1031	SRR23603794	/cephyr/users/mayoa/Vera/hpc_rnaseq_production_results/2026-09-10/runs/SRR23603794/gene_counts.tsv.gz	9a1219ca07c682776244b0ca32226d862ea1b658f3d668a8db1ff4c429ca8cf7	1ba2a5b04ccc453bd060c583c05422386e9578f7bf89481886ccf6828fc3583d	18161991	27775
1032	SRR23603795	/cephyr/users/mayoa/Vera/hpc_rnaseq_production_results/2026-09-10/runs/SRR23603795/gene_counts.tsv.gz	353b7041a6711c85791bbd7eb0fb1b48a7a8354b3fad8c95a26177fa777f63cf	b0f66bd9b6bbfe2af5824935ad2d9826c606ce1a1ec0d51429a3d555a8ecaec3	16493607	27775
1033	SRR23603796	/cephyr/users/mayoa/Vera/hpc_rnaseq_production_results/2026-09-10/runs/SRR23603796/gene_counts.tsv.gz	9e8156c1d28588ff3dfbead4859a9aa014465ae1960eb2b5b051c624dca798b5	bd095be9d9e6aa657db62ce2cf58d0190e4aa992ee329b5383553ac8a178db68	16212876	27775
1034	SRR23603797	/cephyr/users/mayoa/Vera/hpc_rnaseq_production_results/2026-09-10/runs/SRR23603797/gene_counts.tsv.gz	0ca50e3ec8ed357d2d69bee361e33a1dfda33a48e1af957090d465eea21b7909	95a02210784e85dd5e2e8a4784ea992c658bd657491a4ac2dcb15c0a3d570590	16615288	27775
1035	SRR23603798	/cephyr/users/mayoa/Vera/hpc_rnaseq_production_results/2026-09-10/runs/SRR23603798/gene_counts.tsv.gz	54472a5abe5f922328fc2a6b14261f4689770f09f88139d5bc3838c84d8caccb	9e8520bc6f2093b710e85a7e4a7c6aae7c6c73987a0ac51c7d21dbfd7483a75c	16233632	27775
1036	SRR23603799	/cephyr/users/mayoa/Vera/hpc_rnaseq_production_results/2026-09-10/runs/SRR23603799/gene_counts.tsv.gz	5d29a59e97473640b985e63332414779ca1341e4b3fe024ad0f375db29434afd	5bd2de71c5ed9c1444c05b9160e94f8a934ca00705cccf917bbc5d1e1b972b4b	16515212	27775
1037	SRR23603800	/cephyr/users/mayoa/Vera/hpc_rnaseq_production_results/2026-09-10/runs/SRR23603800/gene_counts.tsv.gz	f642e80ee098c48987340faa516766875ab2e38ef84b12a18685ba63a1ca2c1a	19214256bf48270154b012552824fb0bdba1c0172ab353eb6fd4f79b88c2faaf	17505035	27775
1038	SRR23603801	/cephyr/users/mayoa/Vera/hpc_rnaseq_production_results/2026-09-10/runs/SRR23603801/gene_counts.tsv.gz	2dc0dd79c352f17e95841908eb57e4fcb239a8404e3945b1f5cde8a8777b4185	8eda35e1a35eb068e653b967823d197b732f502b01aac34e9fc997c0f3454789	16805518	27775
1039	SRR23603802	/cephyr/users/mayoa/Vera/hpc_rnaseq_production_results/2026-09-10/runs/SRR23603802/gene_counts.tsv.gz	24c8437d8748afaca22eda4797643fee76ad12052217a038f6eb87bb9a549a23	c6690c8f3c4142667900c3b54064255959870bc9d5e46b7e2a3247d50dc8242f	15499696	27775
1040	SRR23603803	/cephyr/users/mayoa/Vera/hpc_rnaseq_production_results/2026-09-10/runs/SRR23603803/gene_counts.tsv.gz	fdcb2b2d4286797847990cbc4d9bae65ce0101120b523466581f89548c39e6fb	5cdf8bd491754597d601a682236cb51fdb215d030089a8e55af28a0359675701	15903101	27775
1041	SRR23603804	/cephyr/users/mayoa/Vera/hpc_rnaseq_production_results/2026-09-10/runs/SRR23603804/gene_counts.tsv.gz	56636ab475f9f0bfabf9c0ddd8c986307495a29d9eee201d109e2c39f0730de0	9fd3d6917d8b0955606bc83837eff7376c802373aa5b49864fbcca14d08d5693	16694080	27775
1042	SRR23603805	/cephyr/users/mayoa/Vera/hpc_rnaseq_production_results/2026-09-10/runs/SRR23603805/gene_counts.tsv.gz	c3f2b2e71aef914977c2c72fdd2c967c30affbe24b959f09fd2b589f207ec996	e9bb11a3e62f8fd497bccd059371383fb8fc9ce7b0e9637da8f3de044277b972	17313276	27775
1043	SRR23603806	/cephyr/users/mayoa/Vera/hpc_rnaseq_production_results/2026-09-10/runs/SRR23603806/gene_counts.tsv.gz	6cd671c64746241b9021fac645cb2c1fee8f1a30ecb4bca401681d3dbeb6a23a	05a7f2b8ec7b58d283e7b873674de2d74f2ca8f4180ef94ded796e43133e82bb	15794783	27775
1044	SRR23603807	/cephyr/users/mayoa/Vera/hpc_rnaseq_production_results/2026-09-10/runs/SRR23603807/gene_counts.tsv.gz	66d5f35bc4d464c7aaa7edf7dabc26da7eacd13ade1422eac03bfc4c5b297c75	bb3bdcc0a3c9fb23f67ed7b9e2fedd52c9898d7ce104c107eb2b0ac4bbfda0e9	15940861	27775
1045	SRR23603808	/cephyr/users/mayoa/Vera/hpc_rnaseq_production_results/2026-09-10/runs/SRR23603808/gene_counts.tsv.gz	13dbb5676b7f1c6b3f781a8fcdaae27240c43f876faee409591f5fb066b13099	a395e8fa4e5ad2efac1fa6664d5a0a5eafa97bbfc61996744e0be07e512a1702	15417978	27775
1046	SRR23603809	/cephyr/users/mayoa/Vera/hpc_rnaseq_production_results/2026-09-10/runs/SRR23603809/gene_counts.tsv.gz	c1791aa9d81749e4402f40c0ce5ad93abbdc28e5c04e26c8278bb0faced449e6	34d46f34845c3d4598f831f4ee73725d8d07b53be57f1e3b4ff620def7b25ce8	15941018	27775
1047	SRR23603810	/cephyr/users/mayoa/Vera/hpc_rnaseq_production_results/2026-09-10/runs/SRR23603810/gene_counts.tsv.gz	94812732c2baee33528901b643b3dad7a054056c529e4379ee7bb1dba17f215f	196984460c7d6edd9b24586693f8a52941f68ab91be378b11dfb95b300e67749	15114325	27775
1048	SRR23603811	/cephyr/users/mayoa/Vera/hpc_rnaseq_production_results/2026-09-10/runs/SRR23603811/gene_counts.tsv.gz	1de14f52dbf722f33f0fc20dadff71a5a63a7052d6054298c9f17b4e7aa96446	ca519ae4de23cbb156188427a620eb13a756a3105ce4346b15fadd191f016a1e	17193340	27775
1049	SRR23603812	/cephyr/users/mayoa/Vera/hpc_rnaseq_production_results/2026-09-10/runs/SRR23603812/gene_counts.tsv.gz	43edf2c2c62db2551ab5b690d669a4079a842ff7b300514c667500145b60cb4c	3a3fb402d67ba447b75520638f130808d03505c95c35053968ebcfdcc4e1abf2	17261321	27775
1050	SRR23603813	/cephyr/users/mayoa/Vera/hpc_rnaseq_production_results/2026-09-10/runs/SRR23603813/gene_counts.tsv.gz	583f914b7ad6d6eb53d70e5911d0f1507017ecfe98e48c3cfc4d6807e9bffe5f	8bb5c5b0b76e702ca5bcf9feb5a9ce014d5c99aa15f39845881d763eca796dbf	16964980	27775
1051	SRR23603814	/cephyr/users/mayoa/Vera/hpc_rnaseq_production_results/2026-09-10/runs/SRR23603814/gene_counts.tsv.gz	f3b409cacc620fce2dd817d962b424ce3e2a0e00e4aae26d68ec98f7537325a9	2e1a5494422cecf61a63ac6a68f659051bbf1e2bf240c20a45ca5c5a0cdf33a9	14850393	27775
1052	SRR23603815	/cephyr/users/mayoa/Vera/hpc_rnaseq_production_results/2026-09-10/runs/SRR23603815/gene_counts.tsv.gz	6e689a8cf4da50dfc7d9e69cfa8d0861f3d4aade94115641a58225ccf522ff2c	358f2ba1f58726e7f0c3bcae617385cb621a3d1c727127a3c537ff1292018065	17111769	27775
1053	SRR23603816	/cephyr/users/mayoa/Vera/hpc_rnaseq_production_results/2026-09-10/runs/SRR23603816/gene_counts.tsv.gz	b760991a3acf2e1383939b1e4ff4e06dcfb5d07a646f8957b0697b371e974e42	18a857881f174518129ddbc696669727c87363f383c26365ece14035789a5f28	18187839	27775
1054	SRR23603817	/cephyr/users/mayoa/Vera/hpc_rnaseq_production_results/2026-09-10/runs/SRR23603817/gene_counts.tsv.gz	552d04706554067f025df2b4ad04e70f97139925327cf5aa4d321fceeb69f373	dcb20788e0487e935672598a2814c259fc3cd6d6cc94648f31a0993acb2ae78e	17578536	27775
1055	SRR23603818	/cephyr/users/mayoa/Vera/hpc_rnaseq_production_results/2026-09-10/runs/SRR23603818/gene_counts.tsv.gz	27fcc73eb443c60fec9af4647f1517ecefb021a777f7125dd0df71e0b8751c9e	d1dc7e30ac6d715ff64ffa6f021f74d4670d7d1a6ae65aa9cd95870b505c0c6c	17356748	27775
1056	SRR23603819	/cephyr/users/mayoa/Vera/hpc_rnaseq_production_results/2026-09-10/runs/SRR23603819/gene_counts.tsv.gz	9b64c00da1d396c15819a222c1a5ea779abc2e25da06a571008ce4da08e5da08	efb891ce0e3d38d882e425a120e5626b9f923b7aec2f97513b10298a5edeea8a	17631412	27775
1057	SRR23603820	/cephyr/users/mayoa/Vera/hpc_rnaseq_production_results/2026-09-10/runs/SRR23603820/gene_counts.tsv.gz	9e98796d6816f82b2bd76bbec47dac2c87b5b3a94446a688158046edf89fba4a	f8de2e03caf5dd5f1882d603c0bf595a171699b684cbb755aa6462d88aa34ca3	17785738	27775
1058	SRR23603821	/cephyr/users/mayoa/Vera/hpc_rnaseq_production_results/2026-09-10/runs/SRR23603821/gene_counts.tsv.gz	8ac9b480b7f6114144b988c29f6ffbfab441215f77f6e74404f5049378fe48d9	39cf24e7995d87bd3963059b9cccccd58a4b40832a6ef0469fbb770ada34cca5	19228045	27775
1059	SRR23603822	/cephyr/users/mayoa/Vera/hpc_rnaseq_production_results/2026-09-10/runs/SRR23603822/gene_counts.tsv.gz	cd43d6ee66256c5c9d724a4ac34749032aec72052391811b368b223d055f1036	0c3dece200272dc93122df82cc436d405527e5220b1e9542978b0f98a3654b24	17280268	27775
1060	SRR23603823	/cephyr/users/mayoa/Vera/hpc_rnaseq_production_results/2026-09-10/runs/SRR23603823/gene_counts.tsv.gz	61a8e16758558674130b2da49d653d7693f6c476654a542792ad7110546ea08d	51a380cf3de5e9fa8801a5a5d9e0007686fae2d17fd3af8f39f6807be3d55fb3	16886333	27775
1061	SRR23603824	/cephyr/users/mayoa/Vera/hpc_rnaseq_production_results/2026-09-10/runs/SRR23603824/gene_counts.tsv.gz	dc81f6b8ca48c6b8ce07c3b609493eff603e614762f0497cd1f34b2623614fc8	371c3dd7f0d5fcc1bc2a48e2ad992562464075e35f68c7ae2d8d52a4571bd51b	18398216	27775
1062	SRR23603825	/cephyr/users/mayoa/Vera/hpc_rnaseq_production_results/2026-09-10/runs/SRR23603825/gene_counts.tsv.gz	0e7ba7ea008639a8e85fb442be9af390b09c1a6e82c4c1f693fdd4e8290e3c7e	5c2bde54efc921c13a973182d1e98490bf26ad5118dfa63f243cb2881e87935b	16350246	27775
1063	SRR23603826	/cephyr/users/mayoa/Vera/hpc_rnaseq_production_results/2026-09-10/runs/SRR23603826/gene_counts.tsv.gz	2274c8d7404c326afc6efeafe20f93936c8a06cb4288bcc6876268676fd3441f	db51771a5ea6b32e8650c2480263b97fa2e9f956fbbe51f66a2a04d23c729654	17235386	27775
1064	SRR23603827	/cephyr/users/mayoa/Vera/hpc_rnaseq_production_results/2026-09-10/runs/SRR23603827/gene_counts.tsv.gz	5e7aad6e0fdac7ffc0261218f4e951cdc81fb5b148294600b2e543bbd97b2b27	dd27f5b5ebba1919bc5c6c893d9b4116345dd486f373d45c8b8aa745813ccad9	16596169	27775
1065	SRR23603828	/cephyr/users/mayoa/Vera/hpc_rnaseq_production_results/2026-09-10/runs/SRR23603828/gene_counts.tsv.gz	2b95e70026fc8106f7987af0a8d2f7563042c2749a75fb06e3a33086ec21ffbc	996604a6e1fa9835edaf8d9f183a59b45bcab9f8c28fc827ad8fc4f5ea451086	17299978	27775
1066	SRR23603829	/cephyr/users/mayoa/Vera/hpc_rnaseq_production_results/2026-09-10/runs/SRR23603829/gene_counts.tsv.gz	78fa098feaaf8c99c7876e111689f885b5dec8fbb3279b3cf0fdee34351f4270	e9079b0dcdcd89760859475738807f389d558ae51a69ecc5b30d57c5a1456842	17541539	27775
1067	SRR23603830	/cephyr/users/mayoa/Vera/hpc_rnaseq_production_results/2026-09-10/runs/SRR23603830/gene_counts.tsv.gz	1f1df611d4ae42f8825774d7cfcc48ccf9758d3205f27f756cc5c20f156c6337	4ebd955ac7ab6bab69ffae39cda37443e40e3bb72a77559fdb5f56c128e9800d	17443681	27775
1068	SRR23603831	/cephyr/users/mayoa/Vera/hpc_rnaseq_production_results/2026-09-10/runs/SRR23603831/gene_counts.tsv.gz	71ef535518a7617e3683dc423434792d64921cb80e05426d6f5dd00450da3ef5	e5691d5685b3aab91c7b289f9b95d47b4bea142dcd954f85708f173bdabf531d	16429225	27775
1069	SRR23603832	/cephyr/users/mayoa/Vera/hpc_rnaseq_production_results/2026-09-10/runs/SRR23603832/gene_counts.tsv.gz	25afa9cda9b46c7d3c45e846c379252e416cbf26ab9e41bcaa776547280a825c	20c957fa80601ab6947468211c886baf8246bf73492c9233a229e4a7f2663357	15553224	27775
1070	SRR23603833	/cephyr/users/mayoa/Vera/hpc_rnaseq_production_results/2026-09-10/runs/SRR23603833/gene_counts.tsv.gz	a382d5b246c5950f9c49a261187b3c6df4637822ffef68e78a0df31a72e4fcfa	94f91a4567baa743c8fc7591accf21a9b27c21297a5d30cfcb3098021938efcf	17085215	27775
1071	SRR23603834	/cephyr/users/mayoa/Vera/hpc_rnaseq_production_results/2026-09-10/runs/SRR23603834/gene_counts.tsv.gz	743d31b5592dd916061828640c3e8dc6528bfb9a6948e3ae203617dfad5c78e0	57315f20dce64d5e035d190cb3638de5791ff0d344e6c4128342e4a2bb49f03f	17200339	27775
1072	SRR23603835	/cephyr/users/mayoa/Vera/hpc_rnaseq_production_results/2026-09-10/runs/SRR23603835/gene_counts.tsv.gz	6ad83f2c61b7c10183386b14bb314e7f6e90a2e819a6d8c34cb045331607cdab	a326d3b7e5a0cfd26bd979724396a53df6b68d00074f7a775c65965b91b0e67d	16893618	27775
1073	SRR23603836	/cephyr/users/mayoa/Vera/hpc_rnaseq_production_results/2026-09-10/runs/SRR23603836/gene_counts.tsv.gz	0b8db68631129286eb4408ff0fccb36734de397b55f7d68e2653520f659f73c5	2c9752f7c13daf65cb4eae20eafea27178be598b1a8701b98ad2bbdd98e2cff1	16595862	27775
1074	SRR23603837	/cephyr/users/mayoa/Vera/hpc_rnaseq_production_results/2026-09-10/runs/SRR23603837/gene_counts.tsv.gz	308e49c4986b1e35ed85f265f8e076947ee96ff729d0f9e481ac508d5d0fa698	4ab5fd0f38cf16421bd6e9be35ddce0c68d1e35434103d70d5d33872938df0ce	17714881	27775
1075	SRR23603838	/cephyr/users/mayoa/Vera/hpc_rnaseq_production_results/2026-09-10/runs/SRR23603838/gene_counts.tsv.gz	da4abf45b9704b04c28dd8702083536fa20076d7190a3755a71db8f5abe55e33	af1697ec0539b080f1b3d4e220e067086c12c4115ab2829e80a33d67cdf76512	15372062	27775
1076	SRR23603839	/cephyr/users/mayoa/Vera/hpc_rnaseq_production_results/2026-09-10/runs/SRR23603839/gene_counts.tsv.gz	7f96a9b54735fff5d71a8bd32858f59848dcad2625f0b628a884b36227293ba1	e77f14c62badb85d417593727bfb3567fa3cac4ed915434abdc612fbfdc509bc	18150623	27775
1077	SRR23603840	/cephyr/users/mayoa/Vera/hpc_rnaseq_production_results/2026-09-10/runs/SRR23603840/gene_counts.tsv.gz	4a23bb8d91141e4980d7a42f8f448537d22bb6752584f71bd36bc2ce1e89d21c	35fd20570c4449d7379a84864993fc4d0b35f8b525931edef36d9b6354f73446	16232734	27775
1078	SRR23603841	/cephyr/users/mayoa/Vera/hpc_rnaseq_production_results/2026-09-10/runs/SRR23603841/gene_counts.tsv.gz	53ae77dffaff88a1f2f5d652abe0d46c26ffb4e6a8877be7fa9a6bce3a64e691	57a74137b44fbc0ce1e356f0fb6b5f5936ea0d55d660e4e60cad27c0af6374ae	21567986	27775
1079	SRR23603842	/cephyr/users/mayoa/Vera/hpc_rnaseq_production_results/2026-09-10/runs/SRR23603842/gene_counts.tsv.gz	9e034b042ab42f3ebe2bad70066b86036f9d01d5751f8942873300e735803d22	fce97cbefdc645562003e420edfc0dca45159ed0d8ff923d12b33052796174b6	16525160	27775
1080	SRR23603843	/cephyr/users/mayoa/Vera/hpc_rnaseq_production_results/2026-09-10/runs/SRR23603843/gene_counts.tsv.gz	d566a7c072fd1fd8077e707a755fd8745cf2e700d81d23088227a1df30707a18	5cda37ed1514297de20e86d6d2f2deabd5a89ad7ab66c42b69b23145e3bc9a40	17538640	27775
1081	SRR23603844	/cephyr/users/mayoa/Vera/hpc_rnaseq_production_results/2026-09-10/runs/SRR23603844/gene_counts.tsv.gz	ec3316bcaf3df243452b3cd8103b887e780a2bdc55c1b1a632f3623556c02a93	60cba3e4c1b34c0ac5b3db39b7c05f211ac5c577a8cd9bb8e14c817745cc68ae	16861771	27775
1082	SRR23603845	/cephyr/users/mayoa/Vera/hpc_rnaseq_production_results/2026-09-10/runs/SRR23603845/gene_counts.tsv.gz	68f74e897655b255a66721fb4f5cc6ea9a4639fd194691e11f2f5cfeb1c197b1	f0943842ef2c6f3b9927058dc044eb5e718fea538142fef5ae18dcc0b5649e4a	17396977	27775
1083	SRR23603846	/cephyr/users/mayoa/Vera/hpc_rnaseq_production_results/2026-09-10/runs/SRR23603846/gene_counts.tsv.gz	6c3222cff32d918e1c8d08e8d53dcfe156df12d9b447cfbfa92687ab1755252e	28135ed94e75b0e63731f6ca3c984b17560172a59d6364415b980775a1281d3c	16055160	27775
1084	SRR23603847	/cephyr/users/mayoa/Vera/hpc_rnaseq_production_results/2026-09-10/runs/SRR23603847/gene_counts.tsv.gz	c4f28bd977383a142864c2245e5cd8b0b2c98210ebad01e8c175179d3bcb1710	cd5e743219baffdede806a8408ce78b35fba411473e62f1faea1519fdacc86ea	17725027	27775
1085	SRR23603848	/cephyr/users/mayoa/Vera/hpc_rnaseq_production_results/2026-09-10/runs/SRR23603848/gene_counts.tsv.gz	69587c84b5627a99855e0d163e927212cbc2bcfdafe78fd67947bf49231c4159	c2ada63749ba52b7277c66fdeb6e894323c53b6f0b617da9c8274470905dd32e	17605126	27775
1086	SRR23603849	/cephyr/users/mayoa/Vera/hpc_rnaseq_production_results/2026-09-10/runs/SRR23603849/gene_counts.tsv.gz	e244a1b9ae96fe9b5f079ee6da290da7a527ec96633d8a9c15e2724f74b7d923	2f43c299b548e821acad3d5805adb9e35991605063093a669f1a33e1eeb5177d	18999537	27775
1087	SRR23603850	/cephyr/users/mayoa/Vera/hpc_rnaseq_production_results/2026-09-10/runs/SRR23603850/gene_counts.tsv.gz	16a60324fcae1b6810b0a5570ad38b55daef65ac386f44723c5d98d3dc09f840	636eb16e5d617cfd34858a61e8cdd8109aa4146bb68de8619af1631615752553	16019194	27775
1088	SRR23603851	/cephyr/users/mayoa/Vera/hpc_rnaseq_production_results/2026-09-10/runs/SRR23603851/gene_counts.tsv.gz	8c37822bfb49048277ae75c19aa377dca5f4cba5bbf3368b1c9b01040d6a03d3	179086324dfe2e54e254faf6f7985eabf1651890ba7a132f8d8d9a7dfef70b09	17654675	27775
1089	SRR23603852	/cephyr/users/mayoa/Vera/hpc_rnaseq_production_results/2026-09-10/runs/SRR23603852/gene_counts.tsv.gz	db3fe64bc0506c080b54340d082024507165f187492e8cef0d85e7f85ad953e9	6717c8e2c22328e31e0c876a9c8e8275f393f806695e14109002b155d94c1fdf	15503290	27775
1090	SRR23603853	/cephyr/users/mayoa/Vera/hpc_rnaseq_production_results/2026-09-10/runs/SRR23603853/gene_counts.tsv.gz	55b1848a5ea888fa4ea592cf2266be1a9dd10c472266d1b6154633521123b35d	09c6b32518bedb9af2f6baf86a676f7a9aa4f348c8c2a15e4f762e0e858f1c63	16512136	27775
1091	SRR23603854	/cephyr/users/mayoa/Vera/hpc_rnaseq_production_results/2026-09-10/runs/SRR23603854/gene_counts.tsv.gz	9253aaac79bc40c6a16ad1a1e5b6b10e251f9c210290a943cf24bae3db1e8bbc	9f060300acd2e8ebac75d5c67426508160f00356700295f3a9334594a39da42a	17434771	27775
1092	SRR23603855	/cephyr/users/mayoa/Vera/hpc_rnaseq_production_results/2026-09-10/runs/SRR23603855/gene_counts.tsv.gz	1a0667770bc6d4eac350384d45220bf5144c3fd717eacbe22dbbca44db11014a	fc394dfa089d102dec98cdd0c5369750b3ed2f72b6366ffe59939af22caf483f	16281141	27775
1093	SRR23603856	/cephyr/users/mayoa/Vera/hpc_rnaseq_production_results/2026-09-10/runs/SRR23603856/gene_counts.tsv.gz	1f9494c0f175940f60b7f7659c63adc665435a799a2b3d7799c0d17f4b8c36a1	04c589496069bc0f9eca0c1e465a12c513a4a7404335395302cae49349f06ec2	16315119	27775
1094	SRR23603857	/cephyr/users/mayoa/Vera/hpc_rnaseq_production_results/2026-09-10/runs/SRR23603857/gene_counts.tsv.gz	e0dd651e110406fe775289793b91803758223bb6dc35bdf2d60afff37df9176b	4d8cc3a7658957564568799694e1efd7bdc3a89393c0d9675370ad4bc7af7336	19253725	27775
1095	SRR23603858	/cephyr/users/mayoa/Vera/hpc_rnaseq_production_results/2026-09-10/runs/SRR23603858/gene_counts.tsv.gz	435583de1c6e325ea5549b4d05294e11523782e5628572605ec1190e01b92b4c	a758c0977440b4ebfa764a01a8c894c0b35387ad055d85696577389ba8e86e71	16339080	27775
1096	SRR23603859	/cephyr/users/mayoa/Vera/hpc_rnaseq_production_results/2026-09-10/runs/SRR23603859/gene_counts.tsv.gz	8db694109d277e7cce2bbb63baa4772cd890f17f8d36891fdac1cd4e1fecd2d0	09ad9e0ed68a33ff08ba48c02da56ddbf33464fb16f875c1d3fcf1699967fa7a	8992917	27775
1097	SRR23603860	/cephyr/users/mayoa/Vera/hpc_rnaseq_production_results/2026-09-10/runs/SRR23603860/gene_counts.tsv.gz	25e31a82cf789c1ad88b71e8504775fb7aae75987296ba0fe9c3d928cc769c37	7411bfe6207a4cb52fd3f63e5dfe1978ad829178abb4072ae77b123b1cafee62	10017592	27775
1098	SRR23603861	/cephyr/users/mayoa/Vera/hpc_rnaseq_production_results/2026-09-10/runs/SRR23603861/gene_counts.tsv.gz	9ba55a9e04eb3baa04386975ad0b4234b9ad60eecf3c1bd6dbcea0991404b558	50466ee2cb7af34dbd24380cf5bae0d21e79f3c648961febb0c59be2edd60c8a	10308031	27775
1099	SRR23603862	/cephyr/users/mayoa/Vera/hpc_rnaseq_production_results/2026-09-10/runs/SRR23603862/gene_counts.tsv.gz	29efc959ecafb0e6f3df5dda964cd38e4a8579a0c397276a2bd09bd12c8134f0	fcfd18bf8f53763dd5fbb3e76c0a7a9a06d8bd8b96fcaffd86bbfea3f75b95a5	9486602	27775
1100	SRR23603863	/cephyr/users/mayoa/Vera/hpc_rnaseq_production_results/2026-09-10/runs/SRR23603863/gene_counts.tsv.gz	f67d3832c4bb7a9f2af82f6e601f82bfb38696d8c828cef180aa440d77c36cdb	8dc344856f671e81ebaeac68399889f3e4304e2badd47be73b28ee1f1ac6d69c	7668624	27775
1101	SRR23603864	/cephyr/users/mayoa/Vera/hpc_rnaseq_production_results/2026-09-10/runs/SRR23603864/gene_counts.tsv.gz	b75de4b1a498f5caf55f074dcb6c55ad7b7ee943fd22c6f43647f30b4c4e9df7	5110cf395a8dea4e0dc00a07c2423aa23df128a17aa891d9421fa3285063878c	8510459	27775
1102	SRR23603865	/cephyr/users/mayoa/Vera/hpc_rnaseq_production_results/2026-09-10/runs/SRR23603865/gene_counts.tsv.gz	a5ded6d033c2a0b3fd45d25eba8c2b1451ce19b88865440354902f6e7906a9b9	c58b0d6e07ee4ce2b05f6ecf898e7bf2569c3e669481cc93fdb1431dfef96d78	10360940	27775
1103	SRR23603866	/cephyr/users/mayoa/Vera/hpc_rnaseq_production_results/2026-09-10/runs/SRR23603866/gene_counts.tsv.gz	c7905a96d73989a416a2c7620fc6e318f4afe811ce1f4227adb0dc7ebf644594	f4dcdea4f3ed76228ae8acc034121bb3563101d2c3aa2d152d6c8d6328808cd1	7917753	27775
1104	SRR23603867	/cephyr/users/mayoa/Vera/hpc_rnaseq_production_results/2026-09-10/runs/SRR23603867/gene_counts.tsv.gz	d457619f8580b46d3ed663e66bf1b44fe45abab15deaa8d1b8504883a9b0fce6	787c3d226a46cbdc55e1e96a54f4532d1e96d20ebf94b5dabe34de5e779bc5f0	14371223	27775
1105	SRR23603868	/cephyr/users/mayoa/Vera/hpc_rnaseq_production_results/2026-09-10/runs/SRR23603868/gene_counts.tsv.gz	0f73ab9a6564250e0f60d0cefd29c3fda0bd501e048d7d285d20b8a956aee254	fed5ee7c22d33bae03a6d9202db5ac2892da6baf0fe61eae8bddf50419ec1dcb	15966368	27775
1106	SRR23603869	/cephyr/users/mayoa/Vera/hpc_rnaseq_production_results/2026-09-10/runs/SRR23603869/gene_counts.tsv.gz	33141787fe5a3121daea16a20e32e9843416525c1c84934b5c622dd362e75cc7	8e9f39480cea6ddbf2f34a3c99d6363ee6aa4944caec76b64840e9a783ae5438	14437314	27775
1107	SRR23603870	/cephyr/users/mayoa/Vera/hpc_rnaseq_production_results/2026-09-10/runs/SRR23603870/gene_counts.tsv.gz	fcfd4b0a8b53e2134503ffbf2535bc9b09f1530e7609b13cdfa00383a1d964bf	1cfd4194f833328d6462aa658c608388a9e3f475f8c957c5f8097ff8a73f459c	14382572	27775
1108	SRR23603871	/cephyr/users/mayoa/Vera/hpc_rnaseq_production_results/2026-09-10/runs/SRR23603871/gene_counts.tsv.gz	6812c88c075b88b1482756e7d7545d75624a161b5e356e018a838c6a199ad31c	65002b7882948b9fd35ba6524d255982327aa305be01317429b6b28209cf5388	15947347	27775
1109	SRR23603872	/cephyr/users/mayoa/Vera/hpc_rnaseq_production_results/2026-09-10/runs/SRR23603872/gene_counts.tsv.gz	07e9b4e74d6e9bf6c471938fc1684d7eac0e2e9b84acf349a3a666e61bdc8677	c89edb43f3876fb594a8e51ad683358c10d10c9deef7bed6fcb23cb57d3f2250	13884929	27775
1110	SRR23603873	/cephyr/users/mayoa/Vera/hpc_rnaseq_production_results/2026-09-10/runs/SRR23603873/gene_counts.tsv.gz	46eebedb5810a50b846968bdb210afaa4410e61d1c76a39de39a0896bab8ccac	79cb6299ece1c4f09ad09dcc017c18c02ee9eab9ed7e21ca22eef5d01a6b05d3	16002303	27775
1111	SRR23603874	/cephyr/users/mayoa/Vera/hpc_rnaseq_production_results/2026-09-10/runs/SRR23603874/gene_counts.tsv.gz	a00a785f3829bccbadeb13433c7fe87432a04fe6b0b714532bf06afa13e73647	112e0dd15c2e05c51804d97b91a9c9652849a534cfabddcb660f5778ee2c674b	14172806	27775
1112	SRR23603875	/cephyr/users/mayoa/Vera/hpc_rnaseq_production_results/2026-09-10/runs/SRR23603875/gene_counts.tsv.gz	071649181c358cc3b394b494d60d185665433eff2487bba6710f365f4db9b517	b89103d62e75495cb12a2f716091870697155cad5e0ec00d473f8137e02bdbf5	14317967	27775
1113	SRR23603876	/cephyr/users/mayoa/Vera/hpc_rnaseq_production_results/2026-09-10/runs/SRR23603876/gene_counts.tsv.gz	938caa721dfc58bdf0c24498882d72224e28b3322291501996483d944da6551d	bca93f8f9cbb7e6d284dfde8e35958bd17f686c4e9ccb3de70169880e255df9a	15282343	27775
1114	SRR23603877	/cephyr/users/mayoa/Vera/hpc_rnaseq_production_results/2026-09-10/runs/SRR23603877/gene_counts.tsv.gz	adea3468a4656765c4b17142afe2ec2e2531d3f267a9d14cd38f1bde375f3299	31489c4d35853cb7e97b3f78ce06139fa940210fc5968f074b28f247573710ee	14634062	27775
1115	SRR23603878	/cephyr/users/mayoa/Vera/hpc_rnaseq_production_results/2026-09-10/runs/SRR23603878/gene_counts.tsv.gz	cb5a3967eb65d622e8c212b7d8c080e3b48d96244e7d136883172918b56bc5a7	fd711059f0ac950c9fe13fe3986e3161d6656e5691559bd9c2b91b6184cb2207	13614406	27775
1116	SRR23603879	/cephyr/users/mayoa/Vera/hpc_rnaseq_production_results/2026-09-10/runs/SRR23603879/gene_counts.tsv.gz	636bd23e3f0b0723a88b4b306584affa8a2c7a315db35c2587a8a02e07b8975b	c526517fa3de1df9769ddfb2e7647ab23ccfc5a7be669471e3ff6f481579540f	14207978	27775
1117	SRR23603880	/cephyr/users/mayoa/Vera/hpc_rnaseq_production_results/2026-09-10/runs/SRR23603880/gene_counts.tsv.gz	9a046d390125ae95ac79c7d801cc5f1b56c7183b1d0781460dd14ff52897f2e5	5fed44ebe00cb3ab713563c7649fc58bbe0f690a7137f7431510568d42105fb4	14205648	27775
1118	SRR23603881	/cephyr/users/mayoa/Vera/hpc_rnaseq_production_results/2026-09-10/runs/SRR23603881/gene_counts.tsv.gz	92dd06f9e9db158a0fbc1e1019b571fea83b72862fe5574bd15bfd9d0fa238d2	0e637866e858340825653dd56717740be8cf60c2aceb529b7cec37572ae4ef51	17355730	27775
1119	SRR23603882	/cephyr/users/mayoa/Vera/hpc_rnaseq_production_results/2026-09-10/runs/SRR23603882/gene_counts.tsv.gz	d33ffeefd09bd67fe003957821e192215c96400f3899bcc5e467213cf2ad66f4	2a9371af7a568ce623649ef7d7c4f87acf798ece38221ae0f072532b54916fa9	12890198	27775
1120	SRR23702453	/cephyr/users/mayoa/Vera/hpc_rnaseq_production_results/2026-09-10/runs/SRR23702453/gene_counts.tsv.gz	247ccb7ed8cc23d725dd1d8586819f6d5edce4c7df961463918aea732670c483	344a87cd5d96111ad842fa3bae2dd643caa065de754b72a853cf74c29d17da2d	18785964	27775
1121	SRR23702454	/cephyr/users/mayoa/Vera/hpc_rnaseq_production_results/2026-09-10/runs/SRR23702454/gene_counts.tsv.gz	6f651d1ad8e93c370188b7e6feb87cfd29a1b9b75d233e1f5788198b1bfe0ed4	51cb4bf39eea21bd77df7fe5e93090f03e7fa490f0e6f8edda7c368dd44588d0	16809545	27775
1122	SRR23702455	/cephyr/users/mayoa/Vera/hpc_rnaseq_production_results/2026-09-10/runs/SRR23702455/gene_counts.tsv.gz	6dc2014906f83c3c4aec7be6166c1a194724cadad866fb946e6020e5b7cd2211	d35b55bb02f5e9e342907770362e193769e5212259e1f6d4d17597f6bc361e83	15933126	27775
1123	SRR23702456	/cephyr/users/mayoa/Vera/hpc_rnaseq_production_results/2026-09-10/runs/SRR23702456/gene_counts.tsv.gz	352984618a949909a8bd68955167993ffa550c9c791c71ab678daf36409c7eea	94155d3fa897a895b30f86c5ae9000077ee9aaafb05bfe38b540c151c7f129c9	17118206	27775
1124	SRR23702457	/cephyr/users/mayoa/Vera/hpc_rnaseq_production_results/2026-09-10/runs/SRR23702457/gene_counts.tsv.gz	4cfda1b649c9da9ab69489db9278c4e032836018f218263e252c65ecf06e930e	b2fe555f5bc6f15861f62ab83067afb25c3289f6a3a31c2d69a4f3dc7c2ebc5e	16636461	27775
1125	SRR24099901	/cephyr/users/mayoa/Vera/hpc_rnaseq_production_results/2026-09-10/runs/SRR24099901/gene_counts.tsv.gz	101086b030a65f4d9ed4ff5d653c77951b9b1ae332f6b23309fa5593f415d0bb	678b3842e08bebca3c5d195b9a2a909758aab72359fd2fd515aa1bf9e2541c38	25051476	27775
1126	SRR24099902	/cephyr/users/mayoa/Vera/hpc_rnaseq_production_results/2026-09-10/runs/SRR24099902/gene_counts.tsv.gz	c9aa55a44a757a58f5a57e7db97d34bf9a0c2f6b7203f453f83933e7477f82cd	7c749266d7b35f22510375f79c7139850446678ac60e31429201e6a809caf1f2	29901191	27775
1127	SRR24099903	/cephyr/users/mayoa/Vera/hpc_rnaseq_production_results/2026-09-10/runs/SRR24099903/gene_counts.tsv.gz	e9de610d5f06275db613165dec6eece5f1d4945df58b24ef1452797d00a0cc97	10012cf35e288d7ccc12019aa92b30e15720cb6d4192dbd47e4a0e8de1ef6536	20765683	27775
1128	SRR24099904	/cephyr/users/mayoa/Vera/hpc_rnaseq_production_results/2026-09-10/runs/SRR24099904/gene_counts.tsv.gz	1100aa5972ecb51838f1220889ef154a7f05e636cfb7decdcfd926be64d30384	c49480f4d5ffdf14d3464d351bfb7f550a52deee212eb2b0e6f583c25f0abb2d	22609650	27775
1129	SRR24099905	/cephyr/users/mayoa/Vera/hpc_rnaseq_production_results/2026-09-10/runs/SRR24099905/gene_counts.tsv.gz	499ffbb32bf1427baf9f2008540a6d4e9dd409e11e6ef81c9ef8ad686d052ecf	af4e8f50a2bcbbc877f22354f37904145b3bc32f44abfb1b3807903d5ebe3e65	23335906	27775
1130	SRR24099906	/cephyr/users/mayoa/Vera/hpc_rnaseq_production_results/2026-09-10/runs/SRR24099906/gene_counts.tsv.gz	edccd6a8f50f8fb68da1dc7413a4d944c6d6f23d16829170fc94a21c028c3075	64a75b6ad170fce84c8a1127c0e0105a5d4caad505f8efb870a20939e1139a3b	24171242	27775
1131	SRR24099907	/cephyr/users/mayoa/Vera/hpc_rnaseq_production_results/2026-09-10/runs/SRR24099907/gene_counts.tsv.gz	c2ae088de15bb03f24f68df9f0120a111c5bf9dda6db4e0e7beaeacc401e3d72	7f78f1d6169cc06f84d29db3f319161d485b53b89ff7240f9fc2998f52b0bdbf	25102705	27775
1132	SRR24099908	/cephyr/users/mayoa/Vera/hpc_rnaseq_production_results/2026-09-10/runs/SRR24099908/gene_counts.tsv.gz	2d9dc481ebe347e8e847726feecca62aeb943123459cb0e7d50c203492c1d6f1	a8842a20b51d8cd471d7267fd729431ba41d948d42679920454e8a3b995dd759	27584352	27775
1133	SRR24099909	/cephyr/users/mayoa/Vera/hpc_rnaseq_production_results/2026-09-10/runs/SRR24099909/gene_counts.tsv.gz	2961437b7320d76407c5e299bb5207eba33777d9935e07c4a297918432e954ba	1ed7a764af2e7f005220491e56081e7321b32b607455147aaf153278e88535d5	26112556	27775
1134	SRR24650910	/cephyr/users/mayoa/Vera/hpc_rnaseq_production_results/2026-09-10/runs/SRR24650910/gene_counts.tsv.gz	3cede6e1cb2c36792f1844627ce8a8f66319257780f657e6969f7f37ac0b3392	6a61cc07910d33447aba0e69dc3c389290fae4618126f39d44493e101367ae42	13046513	27775
1135	SRR24650911	/cephyr/users/mayoa/Vera/hpc_rnaseq_production_results/2026-09-10/runs/SRR24650911/gene_counts.tsv.gz	577b49ed40adbafcbef3fc1f0c80b6915a5f9333677652d84e21f09c17d11d22	0bc2bcdc3f9324af69c5c1ddf05f67228499414a31eff634c46910254e1c7758	13124168	27775
1136	SRR24650912	/cephyr/users/mayoa/Vera/hpc_rnaseq_production_results/2026-09-10/runs/SRR24650912/gene_counts.tsv.gz	024a2b0cf5a9453bc240858eb2cf7043bf691be72a6ddc0a6f1f74a7040226bf	614749de4eaef7c86bec345112460cab7162a94b52e0dbe9f16c486b8006977f	14102567	27775
1137	SRR24650913	/cephyr/users/mayoa/Vera/hpc_rnaseq_production_results/2026-09-10/runs/SRR24650913/gene_counts.tsv.gz	4c003ec4b50eeabb1b06e7dfa875a43f26fb3db49f73aa1869d46b1e2e454802	28b3dcf4c307181cc15909aa05b287f84412e032d4905099f39fde4261993914	13219068	27775
1138	SRR24650914	/cephyr/users/mayoa/Vera/hpc_rnaseq_production_results/2026-09-10/runs/SRR24650914/gene_counts.tsv.gz	09de4ff76893420719b32b920252039a2cffb8b7998e14ad567c6c006223f1c7	7c6af80129032ab89c5871988a231031b0f9b67cdbaff900a3809d4c5a3a54cb	13150881	27775
1139	SRR24650915	/cephyr/users/mayoa/Vera/hpc_rnaseq_production_results/2026-09-10/runs/SRR24650915/gene_counts.tsv.gz	cd65fa366c1a49992a3adce72a3333cf1696d7f86d9273441c2498d56d80a3ad	ac22ba63899654a0f67634f76cb14e424cc601f1ec8a07d98273e6cee95f7f70	11396938	27775
1140	SRR24650916	/cephyr/users/mayoa/Vera/hpc_rnaseq_production_results/2026-09-10/runs/SRR24650916/gene_counts.tsv.gz	a82b297805bcc9c0c20a581841a66d6521ffc5ddcc18c617c65bdb35ad07ed60	7cc57dc7f06bc1cce4252548a88378c29d88277c21de71a89dc3f243374cfd5f	13120422	27775
1141	SRR24650917	/cephyr/users/mayoa/Vera/hpc_rnaseq_production_results/2026-09-10/runs/SRR24650917/gene_counts.tsv.gz	b0cdfe0c7586f8d978192cad43dd740f3d7c258acde9b63e3df8f8859d706d9e	453d7bb38af086e318e800f3355aac8af41ba2f19cc0806223677ccf676f6334	13500177	27775
1142	SRR24650918	/cephyr/users/mayoa/Vera/hpc_rnaseq_production_results/2026-09-10/runs/SRR24650918/gene_counts.tsv.gz	08f27ce85976a63935c693d68439651860f21421bd6a018160f4ecb69bab31af	b004f75e6db70929defe11514123334f2e5e8833535c2147a4aae53c4e83f098	34494710	27775
1143	SRR24650919	/cephyr/users/mayoa/Vera/hpc_rnaseq_production_results/2026-09-10/runs/SRR24650919/gene_counts.tsv.gz	dd9939d2447c89c271812089415f46a6b54ef6f306a5cb9291856862de9017dc	05ff1fcc252845e8fff8474089b2d5b577bbb0ede414d574a043f7f262e844cd	41453442	27775
1144	SRR24650920	/cephyr/users/mayoa/Vera/hpc_rnaseq_production_results/2026-09-10/runs/SRR24650920/gene_counts.tsv.gz	03a18106aeda69451818a7537a8ff0869ba6b396f5510f057899332b83876cb4	1f7d4295c80e6b51ad7221deb3f9c7b7cb92f26e334eb63eb0e7fc8a260b5929	35968257	27775
1145	SRR24650921	/cephyr/users/mayoa/Vera/hpc_rnaseq_production_results/2026-09-10/runs/SRR24650921/gene_counts.tsv.gz	98454fc0394ba2c74205e6a06c2e95f6ae2b0a1fe32e02b569f16b3dff14c6a6	7e1bd2fa059e4b1c7e272f5e490c47e1a9da96b5cf858f9460f95bf863eeebd8	39800788	27775
1146	SRR24650922	/cephyr/users/mayoa/Vera/hpc_rnaseq_production_results/2026-09-10/runs/SRR24650922/gene_counts.tsv.gz	41432303954e8fee0a01321c2ec4a8e9b2d0f8502d59a2a2f8116f6a98af6fad	6487409f1368e502b161625da36b990d93596dbeeecc4c5de70a23204cb8573e	40005181	27775
1147	SRR24650923	/cephyr/users/mayoa/Vera/hpc_rnaseq_production_results/2026-09-10/runs/SRR24650923/gene_counts.tsv.gz	1dac2dd3b7d9a93f93f62b9f4898962ef2d35c7677bcfb30c243610fd00f53ef	84151b066170efc3e0a0291caf38f8e5ff6f4f227d022c5e09435d5c989a92be	39553917	27775
1148	SRR24650924	/cephyr/users/mayoa/Vera/hpc_rnaseq_production_results/2026-09-10/runs/SRR24650924/gene_counts.tsv.gz	d46e4d2f7b43312856b71d8a40b7326d97dc0c7368d5d327d012df4f989df46e	b946c438919e5b1b77feefa3474604e49311f9f6a6ce659ebbac679c71995943	36648086	27775
1149	SRR24650925	/cephyr/users/mayoa/Vera/hpc_rnaseq_production_results/2026-09-10/runs/SRR24650925/gene_counts.tsv.gz	4617c4b2ebbc63f3aa629e91e944cc58eb8c0f2fd4eb55dec5baad9ca8616f6c	c593f3d2d918390d1243cce77b16013529153ce92c6cca756a27d427d28fb87a	13752426	27775
1150	SRR24650926	/cephyr/users/mayoa/Vera/hpc_rnaseq_production_results/2026-09-10/runs/SRR24650926/gene_counts.tsv.gz	e4d7cbdd7805f01092854be188b0c717b8375aec8892ca5b2ba8e31ad833e69e	7f845dfc7080f1078c50c6143035586d8742584cc90d36849affdbe27d1c764a	12594713	27775
1151	SRR24650927	/cephyr/users/mayoa/Vera/hpc_rnaseq_production_results/2026-09-10/runs/SRR24650927/gene_counts.tsv.gz	7a3794a04876cd3179756ddac689de61416cc2f71d5946401a1962e3c35cc5ea	2d63995411c9d1e25a1a005e5009adfa0aeb9e0d506cd88e2cc1872f1ff628e8	12632660	27775
1152	SRR24650928	/cephyr/users/mayoa/Vera/hpc_rnaseq_production_results/2026-09-10/runs/SRR24650928/gene_counts.tsv.gz	4c86711dbae1d1d25a00c7b0b62f5dc61455b785d0d3e18b30b10e8342d9d95b	a7d4a2c84ab642aec6bb07cc683558af4bc639de32be1eb75ef7c4f97ec48c67	12779970	27775
1153	SRR24650929	/cephyr/users/mayoa/Vera/hpc_rnaseq_production_results/2026-09-10/runs/SRR24650929/gene_counts.tsv.gz	1438f29aa7463f44a11d8995414c1e2d883ea856f65506bb00a35739ecc617fc	a4bbda59349db21f1bfa1ca5650633446c66e66d311a23689f0cad85a3d0b0c2	13780372	27775
1154	SRR24650930	/cephyr/users/mayoa/Vera/hpc_rnaseq_production_results/2026-09-10/runs/SRR24650930/gene_counts.tsv.gz	f986ae277d647c949a4a9c7ea4dbc4e179cd5147df6e78e816cb6ff5e5f7b877	897466f5f40137ba2b00d45aebf2c559b6e8b09d27d66f9789a48ad1c29f4658	10823497	27775
1155	SRR24650931	/cephyr/users/mayoa/Vera/hpc_rnaseq_production_results/2026-09-10/runs/SRR24650931/gene_counts.tsv.gz	7886984462468cfff27f7f49489d5287677f22a1a0028f3d2f140a6e2a34e750	997e802a4cec877ba92a08f6dda28d37ecb65632cc7a3e929becada8dc75174b	11627496	27775
1156	SRR24650932	/cephyr/users/mayoa/Vera/hpc_rnaseq_production_results/2026-09-10/runs/SRR24650932/gene_counts.tsv.gz	764ced6be9ce64a60c603635dc25076aef87e5048b7cb34b9062b47aa79722ec	5b05ad311a6ad9ae9a6006a39e5627390f33c63aeb20a5f0bb48fd1a380014b0	11993141	27775
1157	SRR24650933	/cephyr/users/mayoa/Vera/hpc_rnaseq_production_results/2026-09-10/runs/SRR24650933/gene_counts.tsv.gz	d83e1b852b70481008e995fa815572c8eee6761c0778111b64c2e0b8f2baf8de	003d6fa1555ee2d7fb36ce01fb3753b537156edef9ad6eb87a796e7871e506a1	13260417	27775
1158	SRR24650934	/cephyr/users/mayoa/Vera/hpc_rnaseq_production_results/2026-09-10/runs/SRR24650934/gene_counts.tsv.gz	183a63e9d01dc3015306dce8adc7e3df8d2da8f6faf222a769f53ff8ae4237e5	8afa6b991a1c7fde294f5869bc9c58edab6ae05b9a1914de1c11fd7b8bd1d7ce	12800190	27775
1159	SRR24650935	/cephyr/users/mayoa/Vera/hpc_rnaseq_production_results/2026-09-10/runs/SRR24650935/gene_counts.tsv.gz	b86f0abb23cafe4fe85ba31e0bdb03f30bb9f76a47176d2a3d61f0029ab3e34c	285844150e170f46d115ec360c9650f5e8e20774758ae1d20842d86ffeac4375	13026814	27775
1160	SRR24650936	/cephyr/users/mayoa/Vera/hpc_rnaseq_production_results/2026-09-10/runs/SRR24650936/gene_counts.tsv.gz	e240908324fe082e078cf7bbe85e3340fb260f19e0263987edb6bddaf30bcb3a	c457d4ba777a520e57f91265b064a8310c810e341ee42494923c0b5efcd1c7bf	12247690	27775
1161	SRR24650937	/cephyr/users/mayoa/Vera/hpc_rnaseq_production_results/2026-09-10/runs/SRR24650937/gene_counts.tsv.gz	158b4d11e401a6303f0dc5505bc3123e0ace2725ccb53913791370bb5836c52b	a1dd71eb893299330abc5d203d7fafa8b14b9213fdfe7caa4811257c8aa366b5	12462965	27775
1162	SRR24650938	/cephyr/users/mayoa/Vera/hpc_rnaseq_production_results/2026-09-10/runs/SRR24650938/gene_counts.tsv.gz	834e3ba94b25b92dddcfd2e143bc558b41da265081893cfa3a760fbff7412c38	c1c37a9b515907a86473800f831f478cdecdb84379330ab2d6f9bfc9a0d73872	10758282	27775
1163	SRR24650939	/cephyr/users/mayoa/Vera/hpc_rnaseq_production_results/2026-09-10/runs/SRR24650939/gene_counts.tsv.gz	33113ca6ffa8ebd67d084042f936af2761daab5241ddc5a5d144c1a4c9f689ad	7fa9981a3b881b135bbcacafff2f57335c034c09f5bc3c24569f13cda006a044	12418197	27775
1164	SRR24650940	/cephyr/users/mayoa/Vera/hpc_rnaseq_production_results/2026-09-10/runs/SRR24650940/gene_counts.tsv.gz	299f7540fdc515c62c2f1565e60318b5d575a92b446e11ace5c3119bba89fe19	75820aae7992b7e95cedb21b81eaf69e4ed41d3a0fb1cdea6d792b85f62fdff4	13625397	27775
1165	SRR24650941	/cephyr/users/mayoa/Vera/hpc_rnaseq_production_results/2026-09-10/runs/SRR24650941/gene_counts.tsv.gz	e180a124466f50d62104dc99ecbfe358ca7c68c63694cd77c5a9b574f8065a8a	d6dc3a37d4081ccf5469b5c5debdd9e5adbcc55ec09789e716c6921b8f5328d8	38202321	27775
1166	SRR24650942	/cephyr/users/mayoa/Vera/hpc_rnaseq_production_results/2026-09-10/runs/SRR24650942/gene_counts.tsv.gz	373a143bfd544c5a6ebcffe3307afb135f6e190b4f1518766f69634ea1b043e7	ed6118a4bf5fc1c2a2d69e69204afa8afaad361f5948ac84158c80fdaa3c4319	35635729	27775
1167	SRR24650943	/cephyr/users/mayoa/Vera/hpc_rnaseq_production_results/2026-09-10/runs/SRR24650943/gene_counts.tsv.gz	af79646f6601b7589e657497d0ec21b28b4349283147972a975543b581fa0a1a	ac0a7ae59f72e6acfb7cb76d6e502bf9372c5e230985a2cbb96682db6820e96e	42058248	27775
1168	SRR24650944	/cephyr/users/mayoa/Vera/hpc_rnaseq_production_results/2026-09-10/runs/SRR24650944/gene_counts.tsv.gz	8fc756c343b918a14b8899d966ed4132495f3064f3976b6425c4141583b72ca8	8965e9658b452580c3f2a5c59a3ed538e52a051821a8a45320b705501cfb14af	40692663	27775
1169	SRR24650945	/cephyr/users/mayoa/Vera/hpc_rnaseq_production_results/2026-09-10/runs/SRR24650945/gene_counts.tsv.gz	68934b35e3dcea49d63ae90bfe03399bc0073b17f515a2ee3d085469177d7a35	794204b8044bdf9e5b997bfed97dc31678399e890afc9a6d7f873a9372619601	41568931	27775
1170	SRR24650946	/cephyr/users/mayoa/Vera/hpc_rnaseq_production_results/2026-09-10/runs/SRR24650946/gene_counts.tsv.gz	d0bc8b63429aa3cd3718a51977a1f0f33e886f1290a3360f986e490f668affb0	992de19365840939e6a4384c47384b89cbff31b4a44b6e49477595929fae0a2f	40320922	27775
1171	SRR24650947	/cephyr/users/mayoa/Vera/hpc_rnaseq_production_results/2026-09-10/runs/SRR24650947/gene_counts.tsv.gz	c9e75580c356ae39460cdb445a01666cc4d1c3d0947d94955c0fc68996263617	58f9d53b729c7530d9932e79d2936be48071be9eb90ca3d8bf039dd5a697646e	39925899	27775
1172	SRR24650948	/cephyr/users/mayoa/Vera/hpc_rnaseq_production_results/2026-09-10/runs/SRR24650948/gene_counts.tsv.gz	b05a3bb39daab080226122bf38b4d5039a2550dba7d01aefc0c1abb5054b98c1	0fe705394ac6419f80a6bc7524dd1e72724647ae78462d2d540a7dbb27b6e382	41970772	27775
1173	SRR24650949	/cephyr/users/mayoa/Vera/hpc_rnaseq_production_results/2026-09-10/runs/SRR24650949/gene_counts.tsv.gz	e823349f5b6ae7717ead2d850dcb2a07032c8fad7071821826906d6728bae7b8	a7dc3c811c8fa13c1d1bf24b03815855984db22d3733468864d2bb7b211907b1	12155344	27775
1174	SRR24650950	/cephyr/users/mayoa/Vera/hpc_rnaseq_production_results/2026-09-10/runs/SRR24650950/gene_counts.tsv.gz	5190f96401447ce993725193ebd6c984c15e3325ba382ae5754de83a26dd2138	db40a90d0de9429a93a093a645ce77b6650e8c324d76e7f0d8a0370310c96198	12992849	27775
1175	SRR24650951	/cephyr/users/mayoa/Vera/hpc_rnaseq_production_results/2026-09-10/runs/SRR24650951/gene_counts.tsv.gz	9eb0bc1ef78417236cfde0d77b5e8f26a512287b6b9f76cfd93c628aa3e6ecb9	aae6d1f6db6bc10eac1f58682d42b4cd2b5c501c004a6ee12cf49a08d34f9712	12112910	27775
1176	SRR24650952	/cephyr/users/mayoa/Vera/hpc_rnaseq_production_results/2026-09-10/runs/SRR24650952/gene_counts.tsv.gz	9ee4a3ef4b458dd733008c36afd19e38b27daf9d9198986769a364d881fce7c9	dac50ae3fff222b34c351876a8e43e47816c416919b65465b94c853caa293c45	12331509	27775
1177	SRR24650953	/cephyr/users/mayoa/Vera/hpc_rnaseq_production_results/2026-09-10/runs/SRR24650953/gene_counts.tsv.gz	ca1d93b839046bdd4ccaedd2ac9b2416ff30952737722d6709fe2cc68972cd11	cfe0ba56410b9102e7b9c8141d2b3a308d9629dfe266b51bde7387d30dc140a8	12183100	27775
1178	SRR24650954	/cephyr/users/mayoa/Vera/hpc_rnaseq_production_results/2026-09-10/runs/SRR24650954/gene_counts.tsv.gz	dbed1beb30df1e8d0019eb39f895be7a98465abdaad4865b954c1401c8b01886	34e73362d05327c53a6d26ecdc40605675d5edfdec8556097f9a8b917d676474	12347452	27775
1179	SRR24650955	/cephyr/users/mayoa/Vera/hpc_rnaseq_production_results/2026-09-10/runs/SRR24650955/gene_counts.tsv.gz	5181a1dce28a1a97c1073cb41bbdc5790e56af29dd9768fbba7c73aceb67e8a8	8a6aa156c8017cf35aba24e31e5a86063088149622843ada49df118f2ec3f405	12450166	27775
1180	SRR24650956	/cephyr/users/mayoa/Vera/hpc_rnaseq_production_results/2026-09-10/runs/SRR24650956/gene_counts.tsv.gz	f9a4b5d73b62bf7739dfe9413d4a706765a208bedd6848952d3ccc22f3ef0dcb	6ed7da5a0292389f561dba95e9a9936dee6ee76389066fad714ddb482520c9d5	12112097	27775
1181	SRR24650957	/cephyr/users/mayoa/Vera/hpc_rnaseq_production_results/2026-09-10/runs/SRR24650957/gene_counts.tsv.gz	eda23fee32b4d89c12a53a5bc1e6891c5fdedc2fefeace998298bcd714551be2	e7937cb39f648ef205419d5d2be93e3f25f473fd71a00eb6b6c9ac229c10fae7	11923093	27775
1182	SRR24650958	/cephyr/users/mayoa/Vera/hpc_rnaseq_production_results/2026-09-10/runs/SRR24650958/gene_counts.tsv.gz	b480075a92c09010eb6c4bb9aac67e7081818dd5ddcda250f8743505cea049c6	bc5eed4896e3a1e17ccaf2764ff56e3cd7fd99f4e9291902905e1da87c8a7143	11937416	27775
1183	SRR24650959	/cephyr/users/mayoa/Vera/hpc_rnaseq_production_results/2026-09-10/runs/SRR24650959/gene_counts.tsv.gz	748fcb693b8e64395ed4e644e63d3f0810c7fc02aef94a7b72de39cec4701a7b	34aacd342c66e804d0c6c7f3a828e0d3b5b226bc5d278451a59d1a7c3f2d27eb	11358576	27775
1184	SRR24650960	/cephyr/users/mayoa/Vera/hpc_rnaseq_production_results/2026-09-10/runs/SRR24650960/gene_counts.tsv.gz	953cd17eed00c28e7deb68d3eed8fb09423fc2669f824906c6093d4617d59a63	a1f2750623ec2153f94146a36c1e013f34213b20274fd8cf7549db325c37cb77	11553378	27775
1185	SRR24650961	/cephyr/users/mayoa/Vera/hpc_rnaseq_production_results/2026-09-10/runs/SRR24650961/gene_counts.tsv.gz	321ae53f82474d4c215e370d7e3eeddd5ec6b11f6d066178bdf9d4482cd73cad	23c18557c4553d8d8d4a42e1384c0d64392d9533a09cb8cd25d1793ffc48c377	10655610	27775
1186	SRR24650962	/cephyr/users/mayoa/Vera/hpc_rnaseq_production_results/2026-09-10/runs/SRR24650962/gene_counts.tsv.gz	f1f9dc1f357fa9dc673f2814f6b87166fe858f37eba44f4dbaadf388dc2b7a35	a11cbd18f6e45fe26075a89e5f31a2a5e801cfefd782f15f6662b26d12e2cbfe	10831644	27775
1187	SRR24650963	/cephyr/users/mayoa/Vera/hpc_rnaseq_production_results/2026-09-10/runs/SRR24650963/gene_counts.tsv.gz	311b8e237d282681d79e73ee031fe9f8a5dc2f1261824ac83ac31eb88ba3fa91	4a727eb7967e78749bd2d23c354028d8ee141c98beb02214f636e7c25c3ffec3	11742885	27775
1188	SRR24650964	/cephyr/users/mayoa/Vera/hpc_rnaseq_production_results/2026-09-10/runs/SRR24650964/gene_counts.tsv.gz	2c13e171e32e9d0f47be46ebec4b29926018d792a991b83caf0d551ba3a5fe05	86b4daeace5b23cb6191eea269a6a402faafb3227249175219d6979c5f13716f	13582124	27775
1189	SRR24650965	/cephyr/users/mayoa/Vera/hpc_rnaseq_production_results/2026-09-10/runs/SRR24650965/gene_counts.tsv.gz	4040a9065878f611c8a4b475a6991b3322ab072fdd2ae443c019e71a4761ff9e	7d204d0d659f5a0905e07f2babd75b6f351a1694b3f90817e6332fcf709b2db6	36505363	27775
1190	SRR24650966	/cephyr/users/mayoa/Vera/hpc_rnaseq_production_results/2026-09-10/runs/SRR24650966/gene_counts.tsv.gz	129efdebd5821ecd0aeb0c52f3f9d8f71eff1874085a9521748d50889315ba4b	63909f5fda148d22b6504b82e6c8dd01cd2952e18155f5bcee6adeacce51c3d9	11130649	27775
1191	SRR24650967	/cephyr/users/mayoa/Vera/hpc_rnaseq_production_results/2026-09-10/runs/SRR24650967/gene_counts.tsv.gz	4437e11bf7642fece72cb316c5d39c88efaa589d2a8e87e6a97069046f12b550	10c5d9731b22e1e674372d10211d18bdcd043283ab735bcf514a2b8551d03fcb	9839346	27775
1192	SRR24650968	/cephyr/users/mayoa/Vera/hpc_rnaseq_production_results/2026-09-10/runs/SRR24650968/gene_counts.tsv.gz	d72db083dcf927c2e4b7a5d39f505a1dbd867fc58be882526b35f71ce4e0912e	d4202396f6b95e6a16f597dfb960629583af1120479dc11bb76a9a82c95db50e	10583508	27775
1193	SRR24650969	/cephyr/users/mayoa/Vera/hpc_rnaseq_production_results/2026-09-10/runs/SRR24650969/gene_counts.tsv.gz	6c91760b54c3e901f709a6ff3021850be436fc33998bb01ffc9a03cc392ed238	ec76e51a348dfc400f91f1d125b73485f8b1b74d4d77b5cf000f07b67633c6f6	11197163	27775
1194	SRR24650970	/cephyr/users/mayoa/Vera/hpc_rnaseq_production_results/2026-09-10/runs/SRR24650970/gene_counts.tsv.gz	7b821f405afd743aea9bab458c24f4ba2423f46b251df0a3261637408c444150	f14527daad7a73c30ad80f81af7b0a447ed6c455cf8375520cc25e3056a3dcdc	10176745	27775
1195	SRR24650971	/cephyr/users/mayoa/Vera/hpc_rnaseq_production_results/2026-09-10/runs/SRR24650971/gene_counts.tsv.gz	c6d8bfc681d50847cb2d043a8ce28a0f42f707d4d99a5704df801b434ca38000	f18cddf8427d6e7859b85c8c1510c9917c397d0dcc54cffe1910bb1871f196fd	10534640	27775
1196	SRR24650972	/cephyr/users/mayoa/Vera/hpc_rnaseq_production_results/2026-09-10/runs/SRR24650972/gene_counts.tsv.gz	de116af96972c0b051979642af4158b0f1bab4e960264ba8bec3c40957447ab0	7d89e2cc45907a79d004f4b41709c8eb3d1fd12e0de254f433b5b8b46a01c3a9	10267634	27775
1197	SRR24650973	/cephyr/users/mayoa/Vera/hpc_rnaseq_production_results/2026-09-10/runs/SRR24650973/gene_counts.tsv.gz	27a8f3a7e06bccbb0ede5f1440232224f19e34ddb945808f175abc7f6ed938d9	7eff0f3b5fa8750f1a018e76620785d08afd210496aa2a4b3cfc1d76e94269dc	13046722	27775
1198	SRR24650974	/cephyr/users/mayoa/Vera/hpc_rnaseq_production_results/2026-09-10/runs/SRR24650974/gene_counts.tsv.gz	5d75be9ec2e232643f5f8d8e94b666929fcb5688355c6dc62eecefdf12d10b15	eeb3e414c7ac91501111fb692cf16866fc9c02ecda0ca6d3c0c36bfbfa7eb4f7	13447555	27775
1199	SRR24650975	/cephyr/users/mayoa/Vera/hpc_rnaseq_production_results/2026-09-10/runs/SRR24650975/gene_counts.tsv.gz	8f79abc93aafa58f9523b9de477c184c36cf05b35112758878e6b57e422afc58	f449525d1bc8eeba1209d105abd0a7f4794ae9b2d0263d92b34f3ba06a56a1b8	13515433	27775
1200	SRR24650976	/cephyr/users/mayoa/Vera/hpc_rnaseq_production_results/2026-09-10/runs/SRR24650976/gene_counts.tsv.gz	98dedb3a1fc72d7dbf1a2f78fd23361884431a7a5c2abb064469170066ad7db4	6937a675eefcf8faaeb39e16a3494bec53807ac4daa1d8e4f183d315fc5d2047	15207013	27775
1201	SRR24650977	/cephyr/users/mayoa/Vera/hpc_rnaseq_production_results/2026-09-10/runs/SRR24650977/gene_counts.tsv.gz	1abb157db477fd1099b7cc4126b56225a6a909ef05604db8ee2790ad65078480	dd5e70f77eab2a4f5781c5677d9f25a66d137f687a667e64ae727d6b3e812440	12701447	27775
1202	SRR24650978	/cephyr/users/mayoa/Vera/hpc_rnaseq_production_results/2026-09-10/runs/SRR24650978/gene_counts.tsv.gz	77433241e156e7090b8efcc720ecc844a1e399a492cc4a95b0b7d7bf0a75d829	79a13efe1dd3f50a24bf948545650ad7f6f4adb68fa2763a332ff9d7e3544089	14716461	27775
1203	SRR24650979	/cephyr/users/mayoa/Vera/hpc_rnaseq_production_results/2026-09-10/runs/SRR24650979/gene_counts.tsv.gz	afc0b75cdbc0b74b325e108d8e43f5b839512ca9ca11d5ffe650fb66cd019bd8	02b300a3a7b7d832bcab5c7f78bd68e8f08f0fd69485d0eea60af71d8907fcc6	11529718	27775
1204	SRR24650980	/cephyr/users/mayoa/Vera/hpc_rnaseq_production_results/2026-09-10/runs/SRR24650980/gene_counts.tsv.gz	f7ee26624164e2ca77e43f686a77cfc48c316f7f89051f3a6d75c68cafb6e45a	97d08df7f483976df6f735581ead9fb67f601cb88f6747d7da752e108a55d2a7	13571296	27775
1205	SRR24650981	/cephyr/users/mayoa/Vera/hpc_rnaseq_production_results/2026-09-10/runs/SRR24650981/gene_counts.tsv.gz	f19ee3cd440335ac07887ecc277dd0c9ee0f21bb7a1f73165d4f5df434fcfb2a	3499af1bc931c80925ecb265a4f12e22680efff0f294c1886ad2af675cc1d144	11069271	27775
1206	SRR24650982	/cephyr/users/mayoa/Vera/hpc_rnaseq_production_results/2026-09-10/runs/SRR24650982/gene_counts.tsv.gz	bb361304f01ef120a5e1c3637e1eea9e322ce4fef1778637d0553b6be5d648d5	81b5009137104000cb4f21ab1f36c2d952fa47372f94d2a93de457910babed88	10619866	27775
1207	SRR24650983	/cephyr/users/mayoa/Vera/hpc_rnaseq_production_results/2026-09-10/runs/SRR24650983/gene_counts.tsv.gz	66b8c38c12315afe65f407136e8997222b512b914ab967d2902e7467da5bea9e	46a0ca51668e28e27013c00da1f1a2f1a855e59e830d1a3c5b3e2d423c7bf326	10415913	27775
1208	SRR24650984	/cephyr/users/mayoa/Vera/hpc_rnaseq_production_results/2026-09-10/runs/SRR24650984/gene_counts.tsv.gz	8aa33f9dda029b32e4fb71191f8bcd11dcbec5889c75b91846943bace22c7da3	2fd8e547404a2e324951e7aff6468fd0ec800f1583810bb1299bf9d98e3aa8c1	10422686	27775
1209	SRR24650985	/cephyr/users/mayoa/Vera/hpc_rnaseq_production_results/2026-09-10/runs/SRR24650985/gene_counts.tsv.gz	8399dba67ee8102efa9d1f555370f9a66e2efdc4b67f771d00247178fd137e38	c463f18c55f8849aa2dc1516aecfd9adcbcdcde50581be7a0a2ed898063a81d1	10272993	27775
1210	SRR24650986	/cephyr/users/mayoa/Vera/hpc_rnaseq_production_results/2026-09-10/runs/SRR24650986/gene_counts.tsv.gz	9ef0ca91f0bd7fff4804b147bbfd36a4ef68145911006300e9472b5bf7f4c23f	8203a021dda05a55f4a84747c7990c3371e93d8dca44273b2a89859e0e879add	10426696	27775
1211	SRR24650987	/cephyr/users/mayoa/Vera/hpc_rnaseq_production_results/2026-09-10/runs/SRR24650987/gene_counts.tsv.gz	9164f69bca50ee52bf57e1ad7554d610f20df4930088e849942f1be6a97ecc58	955012230d5fd00b9fe95087e149909febd2a3c047b4273f2ff1166e4ecf6db1	10248449	27775
1212	SRR24650988	/cephyr/users/mayoa/Vera/hpc_rnaseq_production_results/2026-09-10/runs/SRR24650988/gene_counts.tsv.gz	7a26d918c961d6cf3b23f1853d528f87f24f61a0b1ccc4d5ac558460da98709a	740cdbaa45c5b39361cb9aca0ed084f72d592ddadc8d29bb79c1bb3280c5a10c	12947332	27775
1213	SRR24650989	/cephyr/users/mayoa/Vera/hpc_rnaseq_production_results/2026-09-10/runs/SRR24650989/gene_counts.tsv.gz	8c09c236fab952d33437bc44b9f7912b58b28ed00a135c5c71c86064d90dd105	58bd3f221581b8f5098379d544cfff077a5339d4beb31f61daa65699ad75d64b	13926364	27775
1214	SRR24650990	/cephyr/users/mayoa/Vera/hpc_rnaseq_production_results/2026-09-10/runs/SRR24650990/gene_counts.tsv.gz	f39266bf3c1571d4887b5a862ee641cde0b9b99221316c7605a574bdb7645838	da828a81e7ed9d7a3268fbf204d71362ce09ed530aa14d59aac8c36e36e0cc52	13025651	27775
1215	SRR24650991	/cephyr/users/mayoa/Vera/hpc_rnaseq_production_results/2026-09-10/runs/SRR24650991/gene_counts.tsv.gz	6f16591598583c130ce3a6b4c193246852b333182778564a5357731f0f5d7f86	35e7ac70d27f8f04f474a1658c7ff76f48c924cc26531a1bd077385d3608fdb0	13054430	27775
1216	SRR24650992	/cephyr/users/mayoa/Vera/hpc_rnaseq_production_results/2026-09-10/runs/SRR24650992/gene_counts.tsv.gz	cbdacfc195bd36f2ecea2ab33e2f3e6e83de9a44af3d7e484e91edecef21872d	7e69357e3c5cc43d9df586fbd2432d5085ab694679337cec6a3e53d49c7b716f	13383697	27775
1217	SRR24650993	/cephyr/users/mayoa/Vera/hpc_rnaseq_production_results/2026-09-10/runs/SRR24650993/gene_counts.tsv.gz	a8d024e9875ef9645d9591ae4928ca39eb222329da15dcf30e26bf2dbd70c3dd	9855af8418b42009e6c6ea2626f8af5b2d3cd7a85e0e59bef5c2efe709d4682c	12185914	27775
1218	SRR24650994	/cephyr/users/mayoa/Vera/hpc_rnaseq_production_results/2026-09-10/runs/SRR24650994/gene_counts.tsv.gz	c14220ba38465d8853a8d82f79b846185185c44d706f34ade6948b021fab27ee	f92e1c9b3b3810e11f20ec996f21666b575cdacd658c8edbcf60f416963d58a3	12459517	27775
1219	SRR24650995	/cephyr/users/mayoa/Vera/hpc_rnaseq_production_results/2026-09-10/runs/SRR24650995/gene_counts.tsv.gz	04467a206ea60ca0c7087dd150f0bb5e0151a09d27a5d7a0af3325b48b13bb44	6fc6b540d1f80c0985630400b815e1093ecb244e7b8e4a459aab45bf732ed717	14437306	27775
1220	SRR24650996	/cephyr/users/mayoa/Vera/hpc_rnaseq_production_results/2026-09-10/runs/SRR24650996/gene_counts.tsv.gz	73a70968a86ecaf78cc6d307eca3d25c3ca808e743b15a17b4ebdb5ae6a01e02	62ddaf5986b1c0bf977f67a5c4c90885a3224e78a3de152c91826f2d69373966	13110944	27775
1221	SRR24650997	/cephyr/users/mayoa/Vera/hpc_rnaseq_production_results/2026-09-10/runs/SRR24650997/gene_counts.tsv.gz	e6cd2cc52a7e8301725069303135b728fc4950acc4716831d51e2e59e5707427	475a63eaf4e5952a93dfb7f0069142a7942149f2bc3c33c78052a972d18f1c83	12676139	27775
1222	SRR24650998	/cephyr/users/mayoa/Vera/hpc_rnaseq_production_results/2026-09-10/runs/SRR24650998/gene_counts.tsv.gz	a786587b9f4b4563019781b760a553164daa8499718a5777887a7369fc931fe2	b8802491af59bf4b7a9a3c85d828a797b246e9cd45d71b08a33281755187d702	14411209	27775
1223	SRR24650999	/cephyr/users/mayoa/Vera/hpc_rnaseq_production_results/2026-09-10/runs/SRR24650999/gene_counts.tsv.gz	11aac0060ef3adfa28e563a69c1192ed04124495f604aeaf1f56a7a7f6b486d6	e76b31102d256500899446ed4b7d602dc89ed3e7f2471d0e04f706d9572bc060	12740301	27775
1224	SRR24651000	/cephyr/users/mayoa/Vera/hpc_rnaseq_production_results/2026-09-10/runs/SRR24651000/gene_counts.tsv.gz	efe197ef555dcad11de1bfbe094bc20f9d9ba9ee0b4ba1f16097ef58478bc9c6	45c3fe587e2a29ea845a5cc723bf5b5725692170c8b7412772e233c211f03d85	14733837	27775
1225	SRR24651001	/cephyr/users/mayoa/Vera/hpc_rnaseq_production_results/2026-09-10/runs/SRR24651001/gene_counts.tsv.gz	7c00727618e88136251b207bff6e84dc6476abe3ccc0e7776bd4d4ba98fa027d	3a98156aa2a2d4f3103bf9ee1b9d1e6075d420992c4424e4c9b96950d9448842	13490678	27775
1226	SRR24651002	/cephyr/users/mayoa/Vera/hpc_rnaseq_production_results/2026-09-10/runs/SRR24651002/gene_counts.tsv.gz	f6030c136aeb6523d493e474d1f72c58576ec622aec5d06df484344c3838c8b2	195fc4518bdc9b0cdeb438408d748d6a0f363311a3974f37e328e607159f72ee	13135153	27775
1227	SRR24651003	/cephyr/users/mayoa/Vera/hpc_rnaseq_production_results/2026-09-10/runs/SRR24651003/gene_counts.tsv.gz	ae4ec3ecdad0c56c87a72b0390b474fcacc372c005f28fc24c1d86e13930b62c	1025c9f2afae53a5d97ab4eee30d937752d8b83ac750aa0187a779aa091ec71c	13522216	27775
1228	SRR24651004	/cephyr/users/mayoa/Vera/hpc_rnaseq_production_results/2026-09-10/runs/SRR24651004/gene_counts.tsv.gz	7c5b38300516a5c03018c9aaba7c4cb6f67633cf8638f5320132e0bf9d3c2843	85e22c461c27a7ba200a16ec873b2a205e950f74d14b4af2a39a230c857ba480	13134999	27775
1229	SRR25184716	/cephyr/users/mayoa/Vera/hpc_rnaseq_production_results/2026-09-10/runs/SRR25184716/gene_counts.tsv.gz	cf5be89b4ea9acb9d80544f0d8f3e5315dc7de3f4df1c59b34d3ab6a82e2d245	4c5e336ebeebe53196f7008d840c334e7a3bc55d283e23fe190c67f81559b7b5	17768547	27775
1230	SRR25184717	/cephyr/users/mayoa/Vera/hpc_rnaseq_production_results/2026-09-10/runs/SRR25184717/gene_counts.tsv.gz	c54189efbbd6943f61d1e8d0e5cd64208d4ceadde3a6c10a721d426b7a1326ce	f454a78793a7e78dc5a36834ea5f3546ab15935e82a95f964f33b117f2fd3af7	20922671	27775
1231	SRR25184718	/cephyr/users/mayoa/Vera/hpc_rnaseq_production_results/2026-09-10/runs/SRR25184718/gene_counts.tsv.gz	983d5c9c362d2195d9724ad97cb45d91c3dd5c1c72d401493b3b04cec6d06056	ac7b069076e98af2a575074753b9fd02cd4cc274d24ceb280690af83b38c7587	18736100	27775
1232	SRR25184719	/cephyr/users/mayoa/Vera/hpc_rnaseq_production_results/2026-09-10/runs/SRR25184719/gene_counts.tsv.gz	a4c475026a43bba3c8ff31ac2e01a8124fd81737a856b4c14d4d0764d6978e85	ac891aa15c555a3ae56cb0f59296b3a28c9fd252a0a67e27ac7f9e2c46a74e2b	21038383	27775
1233	SRR25184720	/cephyr/users/mayoa/Vera/hpc_rnaseq_production_results/2026-09-10/runs/SRR25184720/gene_counts.tsv.gz	31a9c7a27d036382ec157d4ea061dd8fcb0176a4bdb9feedcb4a0ce0366dcd68	07329c9a35ea88ac528c51f086c2034dcd56bc81ef80a695dcaf2a11dccb2a0c	19762502	27775
1234	SRR25184721	/cephyr/users/mayoa/Vera/hpc_rnaseq_production_results/2026-09-10/runs/SRR25184721/gene_counts.tsv.gz	f47a5e424e37b87f8cef54d7817530055ea9de9d161a39e7aa18714785621adb	3a04d4af846ba711b91d49eeb22dc472e26f84626be58bf8c3ac0d76cc829595	18343256	27775
1235	SRR28349048	/cephyr/users/mayoa/Vera/hpc_rnaseq_production_results/2026-09-10/runs/SRR28349048/gene_counts.tsv.gz	7f0ba530554d81020d624a253f14aadd17155781f2169082ace4587544d53ed4	2f43f0a4327f36e6e25ba37156f98a76bfc481e13da77578c6386c2c205aaa60	62592408	27775
1236	SRR28349049	/cephyr/users/mayoa/Vera/hpc_rnaseq_production_results/2026-09-10/runs/SRR28349049/gene_counts.tsv.gz	9f7c77bfcc02545d2f25e74ad346af6a0e592a7a21c193e1f05a9d9ea0776a24	aa299318632b4050bef484888a99f91cf4c356356555bf2daf98dbe502723596	70523880	27775
1237	SRR28349050	/cephyr/users/mayoa/Vera/hpc_rnaseq_production_results/2026-09-10/runs/SRR28349050/gene_counts.tsv.gz	0de7dd502b1be9714a3cdfa4a325c929390092841fe16d57303ce363b0078ab0	0bae66cdf1005541a1c9790845bc1dfffd2212f36c05401da3d59742137cbf73	69964563	27775
1238	SRR28349051	/cephyr/users/mayoa/Vera/hpc_rnaseq_production_results/2026-09-10/runs/SRR28349051/gene_counts.tsv.gz	b03d0a8587671abfdfa9c756c2b6963274ca21fbddcaf645c4ebbb0c9de17d8b	c42766caef9f044c493b6e1bc64c7925052e5bff132641c0edcf934b9f65c514	67353552	27775
1239	SRR28349052	/cephyr/users/mayoa/Vera/hpc_rnaseq_production_results/2026-09-10/runs/SRR28349052/gene_counts.tsv.gz	e8de7362ad979559c866ce300e7c7ddf9ed45b40991552a5fc6fbe8bd5a0a3ee	55242cdc5f8b214d30333f30ed68edcd1877c9979dba845c1684eafc17a3ae8b	70354184	27775
1240	SRR28349053	/cephyr/users/mayoa/Vera/hpc_rnaseq_production_results/2026-09-10/runs/SRR28349053/gene_counts.tsv.gz	049694afe9b4ab472463a4ebc44d03b364dc060e19d370f142dd9a152502fbe8	8b90ec2d54a152c7edf7807cd7b2f80b20c382d293ec000270bfe11c2b2322d4	68602771	27775
1241	SRR28349054	/cephyr/users/mayoa/Vera/hpc_rnaseq_production_results/2026-09-10/runs/SRR28349054/gene_counts.tsv.gz	12575f53ab1c57e220df8e539816eda686e4063d06c7c27b5b448dc2fba84905	ad8df29f668ccca503d081471c08db61e6057130ebdbb4d4fc7831863c2c9b51	63210408	27775
1242	SRR28349055	/cephyr/users/mayoa/Vera/hpc_rnaseq_production_results/2026-09-10/runs/SRR28349055/gene_counts.tsv.gz	9cd79ad0eb384e8c1f693b6b0a724cd864f6a95ab337b8acd5193b98c4777df4	c7aff7d3c5ad68265b48ea341da1554660f3bd953e3c5462f967bbdd6fdda688	62823698	27775
1243	SRR28349056	/cephyr/users/mayoa/Vera/hpc_rnaseq_production_results/2026-09-10/runs/SRR28349056/gene_counts.tsv.gz	059fdf2d7cf2e2499fa149388c0aecd46cc880964ba4d7a85d5301fdb7e277d5	cddc9be00a05f89748d8fddbcac9dcbe9568985c39d8a1c82d49bbedf0bb880c	70570356	27775
1244	SRR28349057	/cephyr/users/mayoa/Vera/hpc_rnaseq_production_results/2026-09-10/runs/SRR28349057/gene_counts.tsv.gz	c86a6afeb0007868c569c2e83b36bbded2ab7583eb90af835c379a89999f2f6f	8e422578a3871f2207667062353f29d807fcfe725c55af29c05d2598907e8a5f	81322467	27775
1245	SRR28349058	/cephyr/users/mayoa/Vera/hpc_rnaseq_production_results/2026-09-10/runs/SRR28349058/gene_counts.tsv.gz	d28a23589133f19e0a68eb82e70cc91a33dc2a0456788efd6426c3110ccb6705	94c8317ad9472116cfaae262e9aef88a054d9959c649e105e1e35f75a863385d	80970216	27775
1246	SRR28349059	/cephyr/users/mayoa/Vera/hpc_rnaseq_production_results/2026-09-10/runs/SRR28349059/gene_counts.tsv.gz	8dea3c3f50e85ce4cc10272347d665908d9ac100d16a9142ccd0eb4b25d0c993	926602562c0adcff188fe7ca78b02f7e0701bdce79ab8fd7275c75cdc9fb67ce	81739868	27775
1247	SRR28349060	/cephyr/users/mayoa/Vera/hpc_rnaseq_production_results/2026-09-10/runs/SRR28349060/gene_counts.tsv.gz	79df9a72d68163b77660afafe8c07088c0a150e461887770d3b22cd395682c24	f793c24dd7bf87d1474b286b3ba9dbe4643829f451706e0d597128c362b0e599	63118645	27775
1248	SRR28349061	/cephyr/users/mayoa/Vera/hpc_rnaseq_production_results/2026-09-10/runs/SRR28349061/gene_counts.tsv.gz	c7b7c155052b591362f9367cd0c2638d2093b9b7b042f85d9475631293e3197d	6714c5e3658ca3e0794fcbe06f8f1757197205272be7ba39f5225a2c1a319783	67365094	27775
1249	SRR28349062	/cephyr/users/mayoa/Vera/hpc_rnaseq_production_results/2026-09-10/runs/SRR28349062/gene_counts.tsv.gz	e4613ad069612cd717fdea4ebb494a1c2306ef08d3bf8a5a59b0b12b4f252ae2	3a5cdd00f4c056a44a9fef103b0d81fe0f2a8a04d98b643ed8a0681d433cf854	50637505	27775
1250	SRR28349063	/cephyr/users/mayoa/Vera/hpc_rnaseq_production_results/2026-09-10/runs/SRR28349063/gene_counts.tsv.gz	b9a48310a1d7b6fb7472c4865b390f4463f58257f868b9dfd898b805dd37f2a3	3ce9c846a539f8d0036ddf4c556e43b0910ec1a69bea97fb1ebf2b7177136d0a	57530763	27775
1251	SRR28413170	/cephyr/users/mayoa/Vera/hpc_rnaseq_production_results/2026-09-10/runs/SRR28413170/gene_counts.tsv.gz	a550a2fb42907b0f61e3cc2d485986f61410617ba123dbc6ab9c0bd1ebaf7824	a0833478e4aeccacdc3c86791664626994110bd4250e921387cc8c5e8ddae038	18001520	27775
1252	SRR28413171	/cephyr/users/mayoa/Vera/hpc_rnaseq_production_results/2026-09-10/runs/SRR28413171/gene_counts.tsv.gz	beec3ab0bbb2c488c18d28c60e03e2e08b067fbdf5673c176fbd6a920b997caa	b6a464b74004f88f7949f60ccd5bbb9d3fc1246254d486e6754b5b0cb4ed126e	17914168	27775
1253	SRR2922597	/cephyr/users/mayoa/Vera/hpc_rnaseq_production_results/2026-09-10/runs/SRR2922597/gene_counts.tsv.gz	68c4e16beccf8991fbf9458d85a50edb66fde6d104c9649647a50a726ae759a7	b008580814a755099c3d4888c39f95f4137d6b3518b5ac86ad4213d0b0b2163f	11302568	27775
1254	SRR2922598	/cephyr/users/mayoa/Vera/hpc_rnaseq_production_results/2026-09-10/runs/SRR2922598/gene_counts.tsv.gz	8727db83cd4b54bf9c4b978c0f1d1fbc1c3d8751541e23e64ecb42b27132b0f3	67a718196add128e808436d6b40c1e02b0c0d081d8e98bf6882614fe1e49544c	6663025	27775
1255	SRR2922599	/cephyr/users/mayoa/Vera/hpc_rnaseq_production_results/2026-09-10/runs/SRR2922599/gene_counts.tsv.gz	88a1d10ecdd5f1ceb181dcd90afcd3597a0fc7d15bf274b0ce0702aab146c1cf	266bf5b7020f0ac23cac3170407343a865baf06e33e83db337d5377903521183	9448336	27775
1256	SRR2922600	/cephyr/users/mayoa/Vera/hpc_rnaseq_production_results/2026-09-10/runs/SRR2922600/gene_counts.tsv.gz	65b0c0014e77116e46b3ddb30570bb6b9a54c86891b8e5867d9c31b762c37e3c	7f0d5e83655ac789aa3a3158d2a7c5699c1f69050580edc28fe81a3ca29975b0	8685649	27775
1257	SRR2922601	/cephyr/users/mayoa/Vera/hpc_rnaseq_production_results/2026-09-10/runs/SRR2922601/gene_counts.tsv.gz	28fa3c539432ac2a426ac164bccccfb9a5b9abe771e4ecbce2813e88956267cb	f388af7171f0e6f9988c2da9d57a1fcaef9c538a5a1d029c53076ba614982e2f	10347901	27775
1258	SRR2922602	/cephyr/users/mayoa/Vera/hpc_rnaseq_production_results/2026-09-10/runs/SRR2922602/gene_counts.tsv.gz	3964a9aae41c466f3d91f357d8e2010e53b74cca23741f041796aeaaaadbd68e	e143c989764bbb4bd54f50f862d4f2df48d1b45dcdf5344039af43326358036a	8650309	27775
1259	SRR2922603	/cephyr/users/mayoa/Vera/hpc_rnaseq_production_results/2026-09-10/runs/SRR2922603/gene_counts.tsv.gz	e4fa509cbef47f6b63cf816e3ac6f429a27b871f7ec07909443e03e73320edfe	985c466880c71d45079d2c625747e28fd363ecc3df8937d015c20085062adae3	13383720	27775
1260	SRR2922604	/cephyr/users/mayoa/Vera/hpc_rnaseq_production_results/2026-09-10/runs/SRR2922604/gene_counts.tsv.gz	63ee101146310373ded81082e7ec200493caa64b8571d935c3c95379e496fdc4	dbd4df920b48b4be414aa8d74c497f31486aee23efc105211a9e5f7014c57508	7786141	27775
1261	SRR2922605	/cephyr/users/mayoa/Vera/hpc_rnaseq_production_results/2026-09-10/runs/SRR2922605/gene_counts.tsv.gz	288ac6c49d79a870b0b4538a7b0dc87461b5d3268a999651a8d7ca45d85bcdd5	fafa74f69370fbcee50cdd571fc04110059850942ba53deccbfdb86ce6c592b9	12257277	27775
1262	SRR2922606	/cephyr/users/mayoa/Vera/hpc_rnaseq_production_results/2026-09-10/runs/SRR2922606/gene_counts.tsv.gz	efb4011c98122a67b5bb12be5abf200ba793f6547edb108d48675fed8bfd4858	68e7cfe442176005835047a0cc47680a767f65454e5c31d0995a8b2936186689	14339975	27775
1263	SRR29441690	/cephyr/users/mayoa/Vera/hpc_rnaseq_production_results/2026-09-10/runs/SRR29441690/gene_counts.tsv.gz	be8a98a133b86bccb248b1a67c23c76a795a1810c90531438ab4563ecd7aae4e	e2d1a13dcb06b16487754be9b484b7bb83504a4859feab59b795c7fa10194e93	21059996	27775
1264	SRR29441691	/cephyr/users/mayoa/Vera/hpc_rnaseq_production_results/2026-09-10/runs/SRR29441691/gene_counts.tsv.gz	6187caccb110bb540855874a96b585c2d89fcf206b800cc9871e61ff435a7c58	39f169e8d7d2096c193cd3b01473ff1fc3c1660b56f4580a539142593a4c796a	19805025	27775
1265	SRR29441692	/cephyr/users/mayoa/Vera/hpc_rnaseq_production_results/2026-09-10/runs/SRR29441692/gene_counts.tsv.gz	a197a81116706f38265d6092d8fde0d0616b771f7885072668df8135e9f5c571	ae5b9a2aef3a4cf7168d216c8d503dfaa5ad8f857e37abe26019df2c79cc1cc0	21965760	27775
1266	SRR29441693	/cephyr/users/mayoa/Vera/hpc_rnaseq_production_results/2026-09-10/runs/SRR29441693/gene_counts.tsv.gz	879f310386f3aac4ee9ddbbf1ca702be20cfdefa2d77d97f4f3e74bd77606d91	74b61fea2e07d0930184720de2b7c0ce6a1ae119be121bede57cb6c71a8a12e3	22119524	27775
1267	SRR29441694	/cephyr/users/mayoa/Vera/hpc_rnaseq_production_results/2026-09-10/runs/SRR29441694/gene_counts.tsv.gz	637d8f17cf9140a6ff3a50d370c21b1c336533ed46db69f50087115bef389e23	65ce0082d623c1e4d3f2dacd3d478cae5d300a1ddd9662835a10f7153b002254	19962763	27775
1268	SRR29441695	/cephyr/users/mayoa/Vera/hpc_rnaseq_production_results/2026-09-10/runs/SRR29441695/gene_counts.tsv.gz	632c2f3284df250900c3bb455b31735335a63b93d2d7d093a2147b0c648735ab	91a6fac5c349952b216945cfc0bcc4703a2da754df3767605037ca582965cd48	25016373	27775
1269	SRR29441696	/cephyr/users/mayoa/Vera/hpc_rnaseq_production_results/2026-09-10/runs/SRR29441696/gene_counts.tsv.gz	67f3be3bd2243a0cca8c1a0cafbfb9583b80c6989f631935a42e78aa3451c927	32a39810813a4f06a57717d2c8112c6bd68c327e26c80b60f080203b4da34d6e	25393981	27775
1270	SRR29441697	/cephyr/users/mayoa/Vera/hpc_rnaseq_production_results/2026-09-10/runs/SRR29441697/gene_counts.tsv.gz	801983a8e3a01e92f69c5bb391e1bdef7d43758d56666b9e6b1e0ab116d9441d	063924b8800ca2f1def236c2a9e6ab91e7fe6ed73311d07920d7e116c50e9e3b	22753417	27775
1271	SRR29441698	/cephyr/users/mayoa/Vera/hpc_rnaseq_production_results/2026-09-10/runs/SRR29441698/gene_counts.tsv.gz	b7aa1a85d389b5114a9c47954da371df0682e929ffb3bdf56b40602716b4b6cb	a053f546d828357b3a866e19ba2f067382df1f29efa25e051986c28bce0320b7	18240038	27775
1272	SRR29441699	/cephyr/users/mayoa/Vera/hpc_rnaseq_production_results/2026-09-10/runs/SRR29441699/gene_counts.tsv.gz	0e93b5177f9f7bc4c22408e65eae4004145117200bde64368db9b591c85830c5	02637a9e793a4121f08c3c331de0e20f185fb2713da764e8b8247b85c9af3bc1	21992650	27775
1273	SRR29441700	/cephyr/users/mayoa/Vera/hpc_rnaseq_production_results/2026-09-10/runs/SRR29441700/gene_counts.tsv.gz	3d6f7c0457e739c01a29021aea7dee69fa26c979f3d5dcf0a1dd0524f55f246c	9b8a36d76df869d91c163239e3981b8ebf822d13246a5e543db7092b99318f1a	20799382	27775
1274	SRR29441701	/cephyr/users/mayoa/Vera/hpc_rnaseq_production_results/2026-09-10/runs/SRR29441701/gene_counts.tsv.gz	b3aec5fc97103e07922ff445ae5eaf3e8887d33a78b0e345266437b0486c7429	5edb55c89418494774cd916617ad4ce82d3533f8a78c59b2c34546e67089322d	20379564	27775
1275	SRR29672912	/cephyr/users/mayoa/Vera/hpc_rnaseq_production_results/2026-09-10/runs/SRR29672912/gene_counts.tsv.gz	4ae501e377780d7b1be70483775f62e650159c5f864f603add750074f5d52c38	5cfdd8ea3dae0f521461154c5c3f0383ad7a6eb5af334b5c1ee5d63f35203bdc	18979906	27775
1276	SRR29672913	/cephyr/users/mayoa/Vera/hpc_rnaseq_production_results/2026-09-10/runs/SRR29672913/gene_counts.tsv.gz	b1632fe307d4d24c5c87b3c37cc0b8fc7f4b5f8d5fa078f4bcf923e91c418fa1	469072de8f2eeea781b853b0de9574c5ce6f9b296f494c7ef022ee6712ad50fb	21218087	27775
1277	SRR29672921	/cephyr/users/mayoa/Vera/hpc_rnaseq_production_results/2026-09-10/runs/SRR29672921/gene_counts.tsv.gz	2205e7729fc97e7717bf77d3313fa6f6a8722f2085b94670c02142b5eb2c620a	6cc34596ac2ee7bd3b914c923a73f46f1e59cb069e11ad3a14c461ef31a4b6be	15803772	27775
1278	SRR29672924	/cephyr/users/mayoa/Vera/hpc_rnaseq_production_results/2026-09-10/runs/SRR29672924/gene_counts.tsv.gz	19e0097a808a055be36eccf9ccd291e34e46ea8bf4982ce4d519685aa553ee2a	52af83ca7175e2ef188eb5979c87863b618a75e785523563058e729e6fae4a12	13815164	27775
1279	SRR29672926	/cephyr/users/mayoa/Vera/hpc_rnaseq_production_results/2026-09-10/runs/SRR29672926/gene_counts.tsv.gz	84fba1c3f9cc1e65b359831cc11a3551ffd8c8989b9ac552cc76e76fb19e1fef	0bea886b1dfd2fc8a67b71606407f423a1ec796fb6a5fcb9342bee6e9e5e7078	17975059	27775
1280	SRR29672927	/cephyr/users/mayoa/Vera/hpc_rnaseq_production_results/2026-09-10/runs/SRR29672927/gene_counts.tsv.gz	8bd3f72573576022bce4f7dcb7a8f9ed1fd8e5cfa31ac113fb18c47e9b9ed729	eac821a1d1356c96fac71631b4b7df1b268d7b1246c2e0a0b3a8f533a2575437	14956116	27775
1281	SRR29672928	/cephyr/users/mayoa/Vera/hpc_rnaseq_production_results/2026-09-10/runs/SRR29672928/gene_counts.tsv.gz	00daacd61da1ee89796128b260f65d400f4ff0485b01e9697896e2078d5464f7	a9be36f3868909063aef55278b01cffa1585397147466eda8ecd3873c39578c1	18569686	27775
1282	SRR29672929	/cephyr/users/mayoa/Vera/hpc_rnaseq_production_results/2026-09-10/runs/SRR29672929/gene_counts.tsv.gz	aef5d2786757179bd2b9874a9a4fc58eca3b0c5754ea348b499158c6b2a4d57e	06966e094602aa4cb6f2db355f1d481b24bfa6bf7156b57a6abc990c4ac4d2df	15204236	27775
1283	SRR29672930	/cephyr/users/mayoa/Vera/hpc_rnaseq_production_results/2026-09-10/runs/SRR29672930/gene_counts.tsv.gz	86d39528ab3b611537ad200cec801e4bdc53590e91aa15fa8592d07cdbdd334d	9094891da14066624c5582db9cf22aa52a1bdf25655d531c2bce864aa132f505	15483491	27775
1284	SRR29672931	/cephyr/users/mayoa/Vera/hpc_rnaseq_production_results/2026-09-10/runs/SRR29672931/gene_counts.tsv.gz	48bd7db2f2974d182148ba5ff30452b13f4fc8aa30c447c5c8b14a89e236643c	ea1cacd558dbccccadb9615efccb1532a20d70f0101cc5720a47be0410b6a6dd	21264134	27775
1285	SRR29672932	/cephyr/users/mayoa/Vera/hpc_rnaseq_production_results/2026-09-10/runs/SRR29672932/gene_counts.tsv.gz	4f56fb6659c9c8b4c8f9804696a1ef2f6cf227043724b08c808246bdb3595b8a	5aa803623cb61fd589c6a417b77adf229531f3e27a93203adcdb480768575a93	22480564	27775
1286	SRR29672934	/cephyr/users/mayoa/Vera/hpc_rnaseq_production_results/2026-09-10/runs/SRR29672934/gene_counts.tsv.gz	892100f1daea3f7fcee3ba8e1df60ccdae0b6c9281407c894a8aa1e48dc96661	7c17304ff7e6af7ec9264f927549c55eb63939fa1a841b602d305a9a7c6646cb	13040216	27775
1287	SRR29672936	/cephyr/users/mayoa/Vera/hpc_rnaseq_production_results/2026-09-10/runs/SRR29672936/gene_counts.tsv.gz	e2d4b369725050b9ddec5e635c26e0704bd6ab3ee8ebb28773806c48640ce73a	7d644e245f32a2b8671dba526f1b3a343f0ef4add900ef4721302a29fe626f7b	14309900	27775
1288	SRR29672939	/cephyr/users/mayoa/Vera/hpc_rnaseq_production_results/2026-09-10/runs/SRR29672939/gene_counts.tsv.gz	204df4e6ff479fefacc9dfab0bfd884d823f5e3153440b9ae9a93e02f04fe96f	f39ecf9de03e38de4034fb9bd98651741927d367cbb043edc1e74b0196d9a789	19596041	27775
1289	SRR2968323	/cephyr/users/mayoa/Vera/hpc_rnaseq_production_results/2026-09-10/runs/SRR2968323/gene_counts.tsv.gz	06f8ef49e07703c21d095aa6d463e3dea43b7dc12f515bd11c309e0c305d7044	e34599419c98ac300dba9fdba6cbf03641d31a794ff8b7ea19fb73a3b44f1008	37126906	27775
1290	SRR2968324	/cephyr/users/mayoa/Vera/hpc_rnaseq_production_results/2026-09-10/runs/SRR2968324/gene_counts.tsv.gz	1adf1763e698bdddf4dadfecdafb156a91a099f28a23b0d3c4019663cd95cea8	2dbb2fa164126a6a16e21ddefc4a7e06219367a3c0f9b4621c66dac16321e027	30938827	27775
1291	SRR2968325	/cephyr/users/mayoa/Vera/hpc_rnaseq_production_results/2026-09-10/runs/SRR2968325/gene_counts.tsv.gz	05db385709187c4d466f0e8e0ad11c9327a41470fb718bb565965a0b5b717c66	6bd24b43d5128d2e85f15ab317a44a8572c85d75fd62230ebd688b850363b177	22809197	27775
1292	SRR2968326	/cephyr/users/mayoa/Vera/hpc_rnaseq_production_results/2026-09-10/runs/SRR2968326/gene_counts.tsv.gz	cf5b7565c59db9a1350f39dab3aad12049102428a68ce05d0c83726c85e722ee	4bdf50e00e89b7720086c1204f39789e48d4ae4e3ff1968f931b6ea1dd95d471	23912985	27775
1293	SRR2968327	/cephyr/users/mayoa/Vera/hpc_rnaseq_production_results/2026-09-10/runs/SRR2968327/gene_counts.tsv.gz	e02c832834b23f05a95bfe10d24e1652276086cfbd880c946489d54cf9316050	d167ccf806f0dd243a60f3e0e2fc32b9c3aa0354bc730d18a924792ee0c42db4	26441348	27775
1294	SRR2968328	/cephyr/users/mayoa/Vera/hpc_rnaseq_production_results/2026-09-10/runs/SRR2968328/gene_counts.tsv.gz	ce96987046c6241535b74135a0c2d09f56738270decfed461cead6558e587c8f	5d39adc5d6c0783fc0223f1910c7cd9de8282dbb02c7cc89c94e8530312eb779	29209462	27775
1295	SRR3161757	/cephyr/users/mayoa/Vera/hpc_rnaseq_production_results/2026-09-10/runs/SRR3161757/gene_counts.tsv.gz	cb3af093f4705e52637e32ebfbcca2a18dce88bf7b5e52a0bbbfd2dc709e3538	6fd60ab6e8f3a2fdcaeea18298d905975a32d0567fc1bb4138de02e6eefeaa1d	13290253	27775
1296	SRR3161758	/cephyr/users/mayoa/Vera/hpc_rnaseq_production_results/2026-09-10/runs/SRR3161758/gene_counts.tsv.gz	f6d32e4c659e9ef44a41ea84acbf14f2cd2d40ce6d52bc464205c993032b2fa5	cf25b09053ee3fde926dbe39124d999c7a35de884c960fb62d13e71cc82d003b	14132687	27775
1297	SRR3161759	/cephyr/users/mayoa/Vera/hpc_rnaseq_production_results/2026-09-10/runs/SRR3161759/gene_counts.tsv.gz	6fea6c36bcb4fed2ff7f62304fe4a09276633f36e3cdf85c0ece530faacbab00	22cc07a16c83d0c09ba3042d112603678e6cd58b5b454f67f8d52207228af0fe	14227589	27775
1298	SRR3161760	/cephyr/users/mayoa/Vera/hpc_rnaseq_production_results/2026-09-10/runs/SRR3161760/gene_counts.tsv.gz	a712779a3bacd8a2fdf796e9ad4041754c9bb3ee72b3ffd01908c74182bb2b07	bc92970bf9b7512f97b2c93fdaf3dac47d408dff55c7fcc24d17e3cbdeee2da9	13982730	27775
1299	SRR3161761	/cephyr/users/mayoa/Vera/hpc_rnaseq_production_results/2026-09-10/runs/SRR3161761/gene_counts.tsv.gz	8b29b605f335c6d54659559aa5e89d7c6c667c766711d05bb2617017b05a622f	443e424734988d73b2c09172209296bd44a17ba10c9f4f2d7a69604cf1324617	12780901	27775
1300	SRR3161762	/cephyr/users/mayoa/Vera/hpc_rnaseq_production_results/2026-09-10/runs/SRR3161762/gene_counts.tsv.gz	4e6fa677d024726e116043661b8338bf63b3321f153040feeafcc8994d8a5bd1	120c39ddc09d4dd11ab01c9f5ca0fb8e310c7d94f8d84e8008330d6823fc8331	13138465	27775
1301	SRR3161763	/cephyr/users/mayoa/Vera/hpc_rnaseq_production_results/2026-09-10/runs/SRR3161763/gene_counts.tsv.gz	e3c1e5e05362dc7967355c5d506bd20326fc4b5f4ac38125102e1ce560f1a620	c863c11466510814fe2a23486ce79e61681dde58049fe413db2e747c7ddbabff	13091738	27775
1302	SRR3161764	/cephyr/users/mayoa/Vera/hpc_rnaseq_production_results/2026-09-10/runs/SRR3161764/gene_counts.tsv.gz	13ddf7e96ffb621a670ebbecceeeff2f671c9fe9ce9b828a2067e6810543800e	c6ae371b24ff713e1b35d97b4122fd72c457ff6417339ce3831d809031bd7e51	13507485	27775
1303	SRR3161765	/cephyr/users/mayoa/Vera/hpc_rnaseq_production_results/2026-09-10/runs/SRR3161765/gene_counts.tsv.gz	ffc767a2251fa7d6df56cc17bda9a148e14b04e3619ae88c90c8537fc27ac928	a53246151dab6a81a2dd8bda8fed6e82ccb53610b3f4b3b6680f16a7cfa284fc	14380484	27775
1304	SRR3161766	/cephyr/users/mayoa/Vera/hpc_rnaseq_production_results/2026-09-10/runs/SRR3161766/gene_counts.tsv.gz	0c4f5a8ac347b003f6252b855259109bc3bf73fe5a1750c8b18393dce1a96cbc	881a0cb09b6c8723f98126c4dcffc69da27c8699108c11c57e1e36f8582b45c4	17264266	27775
1305	SRR3161767	/cephyr/users/mayoa/Vera/hpc_rnaseq_production_results/2026-09-10/runs/SRR3161767/gene_counts.tsv.gz	7ad9c4bedb797a8bc11a0c239f0842c35cdea931bd191e2fdd96e5975e21e14c	2a1957907f81ef7ad85a85750b0c60b2711ffffa3b30357a25545d76b83ee3b3	15323240	27775
1306	SRR3161768	/cephyr/users/mayoa/Vera/hpc_rnaseq_production_results/2026-09-10/runs/SRR3161768/gene_counts.tsv.gz	7f52cd853d86baa46e985c30130396c384fdbc0894c4b60def764b893c4aa720	4462bcf4f3f91cac707e829c2ca8988b0a313394e978feeefa691d25579ad651	14490279	27775
1307	SRR3161769	/cephyr/users/mayoa/Vera/hpc_rnaseq_production_results/2026-09-10/runs/SRR3161769/gene_counts.tsv.gz	9e07c06f65f590627dd438e0e9f9aa93d69d1e140056642c016a840a3e524d31	3142ae0ed085a106c7ae1ac31577474baf538c9a462e45ab533a494284b31193	16623552	27775
1308	SRR3161770	/cephyr/users/mayoa/Vera/hpc_rnaseq_production_results/2026-09-10/runs/SRR3161770/gene_counts.tsv.gz	48e79df1a75a4cd8bcca457305b785727912e3fd8610863d70fb2ea1fe5515de	954352ca549d3ed169d7e01aa023b670a7d1c8a2c688fcfbed6ce38ee79c6ad8	15646105	27775
1309	SRR3161771	/cephyr/users/mayoa/Vera/hpc_rnaseq_production_results/2026-09-10/runs/SRR3161771/gene_counts.tsv.gz	2ae9daeb3bae7b11c27077e9519c965858d5fc63509d431822396d40a77befad	1e53d5187f5a2df144f54720dc68203b26c4fd28d060e2fdc2d6b2135e8fb47e	15435984	27775
1310	SRR3161772	/cephyr/users/mayoa/Vera/hpc_rnaseq_production_results/2026-09-10/runs/SRR3161772/gene_counts.tsv.gz	8a0d718881686a6556fe3ccbf5084c41a0c0c8d03e19b19a0908d52d51be5cd0	c3cc9c21e25c3578bd09fb24fe379d2c92c211f7a87d8b33f2aab52394ccbf1d	14518913	27775
1311	SRR3161773	/cephyr/users/mayoa/Vera/hpc_rnaseq_production_results/2026-09-10/runs/SRR3161773/gene_counts.tsv.gz	5f87b0ceed675e7d9955dcbdcb03394afda7eea5d9bfb42c58648e8e5c642d1a	668c10771e6394303a864ed7500049def995d1669386f48c5660896c11582312	15053403	27775
1312	SRR3161774	/cephyr/users/mayoa/Vera/hpc_rnaseq_production_results/2026-09-10/runs/SRR3161774/gene_counts.tsv.gz	71f0f4b2295001e3c7ce2e5a26d4a7663aeff0c6b845806d87e83f690eba93b8	bffe819c295a7b2c34c440e4f71d785d91c0b9fd3109955fd45d6f05ec381f51	16755211	27775
1313	SRR3161775	/cephyr/users/mayoa/Vera/hpc_rnaseq_production_results/2026-09-10/runs/SRR3161775/gene_counts.tsv.gz	0535a4d73819d85c87c67074fd23ecaaacaf4820d2b2e7b585c1b197fc358dcf	7e001dac19c3ef87b7bdc441cdfeb723699081128ad3d6a6837855d8c27f2570	17176068	27775
1314	SRR3161776	/cephyr/users/mayoa/Vera/hpc_rnaseq_production_results/2026-09-10/runs/SRR3161776/gene_counts.tsv.gz	6419d725f43d7f3cd142b90eda1399aeeabeea67a595363cfa9ea44ff866deb1	4cbb235df52f9ed7fd5fdd53e73f5eac2af49d15ebbc748c38aafbb9fff9c769	16390303	27775
1315	SRR3161777	/cephyr/users/mayoa/Vera/hpc_rnaseq_production_results/2026-09-10/runs/SRR3161777/gene_counts.tsv.gz	4ef3763a205ecbd3c5dbe343bcd4b19301d1e64e09bad9448f9ddb4d91361375	1e1fa1b7721021a0104c857f6bfca8a2e44036fed4ec06b9a9708889bdf7b1f2	15016252	27775
1316	SRR3161778	/cephyr/users/mayoa/Vera/hpc_rnaseq_production_results/2026-09-10/runs/SRR3161778/gene_counts.tsv.gz	d1a4a75f0c09671906de3fdbb47dc1d13c57e69877803bf172d98e8c09821e8d	43bd748826a8ac21bf8d3ab1971b8b2ee9041fc60d58a57417d91aa083cb3219	14856637	27775
1317	SRR3161779	/cephyr/users/mayoa/Vera/hpc_rnaseq_production_results/2026-09-10/runs/SRR3161779/gene_counts.tsv.gz	fb75b7f3c04b8aa5387ce9055e64a2a65f48a1ae7e7655c5e989df6af0d3bf36	a89d3fb27a09cd4ce5d0d41cbf4d77012b7ea8a5c16229c93dd8cd184b478e9a	12898248	27775
1318	SRR3161780	/cephyr/users/mayoa/Vera/hpc_rnaseq_production_results/2026-09-10/runs/SRR3161780/gene_counts.tsv.gz	6cff6d78df4da5592cd3ce853057b186f34fa64b162ba3d1ecf88374dd7ed370	c39421f3f6f23c335f051f6787247dd1a38659931f44982c8c39b2812569d9a8	12276019	27775
1319	SRR3161781	/cephyr/users/mayoa/Vera/hpc_rnaseq_production_results/2026-09-10/runs/SRR3161781/gene_counts.tsv.gz	88d6bde3aabfff01f07773806ba9d58a033df2ef697648d2afe71d02f457cdf5	666edce389a631496c8c70618a9c9590e07b782de5b1035824fe128d10704f80	16955033	27775
1320	SRR3161782	/cephyr/users/mayoa/Vera/hpc_rnaseq_production_results/2026-09-10/runs/SRR3161782/gene_counts.tsv.gz	e215048612774960dc970378cd296315c1c80f4f3fc3f166a29540bf99b2eb5a	28112aec6126759e9a2f368e82b9b6c960d60a4b3b6498651c1481523b834d36	16731485	27775
1321	SRR3161783	/cephyr/users/mayoa/Vera/hpc_rnaseq_production_results/2026-09-10/runs/SRR3161783/gene_counts.tsv.gz	da7c58f8b123531f1d07ee7c2063b11e56d23bbbc7f2d0b869170d3500234fae	3234fb3161c1378ca1681a308ea677e337e7539687b249e3a9a4a9836417be3e	16511681	27775
1322	SRR3161784	/cephyr/users/mayoa/Vera/hpc_rnaseq_production_results/2026-09-10/runs/SRR3161784/gene_counts.tsv.gz	d8bb58cce382312481386f943d7412616bc11394264e9ee3a66a4824f8c4ba5b	7e811de4c83f2c550ee2baeff6df572049f87b1e6c542fd41d91ef7ad3413dab	16351056	27775
1323	SRR3161785	/cephyr/users/mayoa/Vera/hpc_rnaseq_production_results/2026-09-10/runs/SRR3161785/gene_counts.tsv.gz	16f5dcb9b157579797b3a7fead0acf14289d882e7dd3956db6d924f1efd26824	3038891c52707a582e9c332f2a9607549575cec9f3173199c725e7dfd7ef5f43	13543691	27775
1324	SRR3161786	/cephyr/users/mayoa/Vera/hpc_rnaseq_production_results/2026-09-10/runs/SRR3161786/gene_counts.tsv.gz	2b48018b1909a42fb01e48f31da79a76bc5eae277b1eed57f841be4e840a7e83	1cc302b4963af11b07b94837567add3b72a3fe0fb8f82bd0301d40d6fdd3b41a	18090128	27775
1325	SRR3161787	/cephyr/users/mayoa/Vera/hpc_rnaseq_production_results/2026-09-10/runs/SRR3161787/gene_counts.tsv.gz	75aeaebcbb7145d03c8e772754a8c70e7f0766f1a79bccb05b5b44bc344d030a	02b3c55d4338303349dd886ad0926380fa11f9724390682773d1af0cc7a964b6	17105799	27775
1326	SRR3161788	/cephyr/users/mayoa/Vera/hpc_rnaseq_production_results/2026-09-10/runs/SRR3161788/gene_counts.tsv.gz	4951bbfa640480496b94536b8b118ada1c42155132683abfb6a5a069f3acbdd4	ce8774c7e97fb74de801b076b4d07b2eed3b8f29f9c24e99f5de98e0423e2f11	15731354	27775
1327	SRR3161789	/cephyr/users/mayoa/Vera/hpc_rnaseq_production_results/2026-09-10/runs/SRR3161789/gene_counts.tsv.gz	8d091702d5eac2ffa5d832a767f8dabfff36fee8952c945cb5d1b67961c5d5d0	ae67ff6f7323dede2afaca1b2c96882afb950033a62a884cf7311f9668e69697	13842009	27775
1328	SRR3161790	/cephyr/users/mayoa/Vera/hpc_rnaseq_production_results/2026-09-10/runs/SRR3161790/gene_counts.tsv.gz	03a50caa4691ccb1f9774466eccc87842c239bbb565c975649232cd6729a33bb	0748b7826a0b0815ebe4524dbc9de9b4e0b21f81081fd2da9b97356624ece301	14283735	27775
1329	SRR3161791	/cephyr/users/mayoa/Vera/hpc_rnaseq_production_results/2026-09-10/runs/SRR3161791/gene_counts.tsv.gz	850875d2ecccd7b6ef2f26e7698add815a1f38ce3e4d67037097c30ff2e25720	2cb1fa9e4df900e1c7ee9233a5fe5c516b780b4062f7924cffe55be7a3796e3d	15306889	27775
1330	SRR3161792	/cephyr/users/mayoa/Vera/hpc_rnaseq_production_results/2026-09-10/runs/SRR3161792/gene_counts.tsv.gz	34c601ac12ed2352df9da1766947d2be56eee52e56011ad476f43893d6858aae	b794340274c2de687a71b22b6e8453c2e967af214a61ef543ee96c6aa228d683	13290215	27775
1331	SRR3161793	/cephyr/users/mayoa/Vera/hpc_rnaseq_production_results/2026-09-10/runs/SRR3161793/gene_counts.tsv.gz	e2ba5361b0f4fd07141deeaeaa292ee784b19ed31c1df334b7fc1af25cf27bd4	f87c25086dd8ec3685500c68c519423299974c75b0fbaba2416aa36f8256ec19	15230405	27775
1332	SRR3161794	/cephyr/users/mayoa/Vera/hpc_rnaseq_production_results/2026-09-10/runs/SRR3161794/gene_counts.tsv.gz	39c649c3ab0700917fd327f4bf92cfc3f6278e78eedbd6ebb1cff4887c94cf33	093d51fd190aa2f91ef39ad99bc935a4a9c5c07c9995c64df341835b7006ebbd	14854841	27775
1333	SRR3161795	/cephyr/users/mayoa/Vera/hpc_rnaseq_production_results/2026-09-10/runs/SRR3161795/gene_counts.tsv.gz	23a8d5d951381aa948624c4b2c8d80a6b0fc76171da80d9c8cd8a3dc1d0ccf26	ed2ba9934e307dca76bf5aac63e470a680e791580ae3bf6869e0f2153388ffd8	14720727	27775
1334	SRR3161796	/cephyr/users/mayoa/Vera/hpc_rnaseq_production_results/2026-09-10/runs/SRR3161796/gene_counts.tsv.gz	803d875c0ab9fc215e0cb11445fd1f0bd5d7eeede60bd43488f969d697791cd0	646719b11c77fb8955713ae44615ca47e46c66b71b802189b5a5164ff93a5b9d	12169301	27775
1335	SRR3284443	/cephyr/users/mayoa/Vera/hpc_rnaseq_production_results/2026-09-10/runs/SRR3284443/gene_counts.tsv.gz	acd0d686ba2c6500726ec75ac527bb6b038f33c61e714f468cde22384ab0962a	f61cf42d536774d756958449d1325bcd90a1f9560c788b567db08d3a78f048e3	8804257	27775
1336	SRR3284444	/cephyr/users/mayoa/Vera/hpc_rnaseq_production_results/2026-09-10/runs/SRR3284444/gene_counts.tsv.gz	f3f65465dbf3cdb62b1a5fc6cd19f2d7bfee937c97a2bb089d75fc5eabae5d2c	bdb073d5cf5b3587d51092b56046744d76f2c72977e411505130057adefcc998	8657343	27775
1337	SRR3284445	/cephyr/users/mayoa/Vera/hpc_rnaseq_production_results/2026-09-10/runs/SRR3284445/gene_counts.tsv.gz	243adf9126f92b150714c7d0b2a0091e4ce5d35af01695c4aacfae4c7a313bb9	420dbb58ebabb145d812c28d9fba5c3357ca1b1c63e6c40aa79e77d07d4e5579	9496792	27775
1338	SRR3284446	/cephyr/users/mayoa/Vera/hpc_rnaseq_production_results/2026-09-10/runs/SRR3284446/gene_counts.tsv.gz	0267a88246368c5ada0c43ce4e5374184425304c5b0a2edabc30b130eee70ac9	4ef4915f5cd93105d54abd0d3303e95fb011183e3470f6a7840bdffc42e482d8	9572372	27775
1339	SRR3284447	/cephyr/users/mayoa/Vera/hpc_rnaseq_production_results/2026-09-10/runs/SRR3284447/gene_counts.tsv.gz	f8d4a66b94453ddf9c4523db71df0eb065d086d2c686f9caf3462ff7c182f548	e12b96e9f8f4510ef77a2c6d4436d63150235ec9747ab59e4edfdae520a62c6a	5845945	27775
1340	SRR3284448	/cephyr/users/mayoa/Vera/hpc_rnaseq_production_results/2026-09-10/runs/SRR3284448/gene_counts.tsv.gz	5f0c890894fd457028133429b4f8da6cad46d77afa17f4f1ffec26d9eac1f232	74ad85a4f7dddad74082bfec5723165f9caf47b545057b3544400ca003b7a675	5881635	27775
1341	SRR3284455	/cephyr/users/mayoa/Vera/hpc_rnaseq_production_results/2026-09-10/runs/SRR3284455/gene_counts.tsv.gz	661031ceaba07169b0f969da885bcb24425ec75b8bf1e3094531385e6da0fd3a	840d62368311418ba4fdf2f085ca5f8b8c613e0a313f4d2f101ecfaeebff3685	7804643	27775
1342	SRR3284456	/cephyr/users/mayoa/Vera/hpc_rnaseq_production_results/2026-09-10/runs/SRR3284456/gene_counts.tsv.gz	cad4caae8394feb5c9627a4a90d15ad7ee75a68424736d95888dc199a86eef98	2f1b13878b635214572b60af7f80c9d1e34f2ee65e04cd6a0ad71344e9d1451b	7653689	27775
1343	SRR3284457	/cephyr/users/mayoa/Vera/hpc_rnaseq_production_results/2026-09-10/runs/SRR3284457/gene_counts.tsv.gz	f6434fd521ee8110ad9030bb2a2c147aec4b1e156815ac86c6859c1e2e93df9b	aa3d72572a959260af5581126b4dae91f54f56f9d00da55d66afacfd845d1c3c	7146576	27775
1344	SRR3284458	/cephyr/users/mayoa/Vera/hpc_rnaseq_production_results/2026-09-10/runs/SRR3284458/gene_counts.tsv.gz	92ec50d40c7e6680fd4ca28a38ffc58faec52ed64b62b29e39b2eb026e2324dd	64eeb40bd9db32f1520608dd34cf1644f649505c7698ed0c411bbad4afcbf343	7005216	27775
1345	SRR3284459	/cephyr/users/mayoa/Vera/hpc_rnaseq_production_results/2026-09-10/runs/SRR3284459/gene_counts.tsv.gz	e32c198eaafa3e838c2965cd7c480cbfe28f8f59c09ab824be775368f5601bc4	9bfbe9b336f3b8ad633cb04b7677581ed578ec993df226fc0443c69717fd7a32	6385861	27775
1346	SRR3284460	/cephyr/users/mayoa/Vera/hpc_rnaseq_production_results/2026-09-10/runs/SRR3284460/gene_counts.tsv.gz	c5c950916bfee1de031aa0cffddf21cecd70aac760b04b0d5cdf18996cc30457	d95898875485853a0587d2c00302ee02a02fe62f2cc3f7c433e25bcc5c5de40b	6287232	27775
1347	SRR33198151	/cephyr/users/mayoa/Vera/hpc_rnaseq_production_results/2026-09-10/runs/SRR33198151/gene_counts.tsv.gz	92caf43ec65db9d63bb84e8e8075f121a444566d2adacfd2c7fba910d4ba2356	c6eee13f8ad2862adc8dd63670e4428bb6e2063e39bf3fc1b607707dea2d65c7	19103841	27775
1348	SRR33198152	/cephyr/users/mayoa/Vera/hpc_rnaseq_production_results/2026-09-10/runs/SRR33198152/gene_counts.tsv.gz	ba202549d58740df77214987c96c01bc42da6e88ee6aa654be63fb22d49a3c9d	15e08be59bf9ed4453e652cc6a3a877a3945c6125e5ce1b080280e49240eeab2	18751408	27775
1349	SRR33198153	/cephyr/users/mayoa/Vera/hpc_rnaseq_production_results/2026-09-10/runs/SRR33198153/gene_counts.tsv.gz	3e77ea914343b23f457383c10781d9ddcba03658f175862b39f416fcb0ff2663	108e71dc578ade1fc2ab4cfbd83e47d60bd0cb1227cd3364bae083ccd3b24b9f	16617672	27775
1350	SRR33198154	/cephyr/users/mayoa/Vera/hpc_rnaseq_production_results/2026-09-10/runs/SRR33198154/gene_counts.tsv.gz	635a4959860e1ecb1f16e6c4722477be0309d2410914783c272b4a1cbba7824e	6050f5d11f9b6ce8ef621e037a101ea81abdea6b4fcbde20c7fc6d45c562da1f	24246500	27775
1351	SRR33198155	/cephyr/users/mayoa/Vera/hpc_rnaseq_production_results/2026-09-10/runs/SRR33198155/gene_counts.tsv.gz	c6f240f327b378f88fc84af15aa0cd67986fa0ef599752b4b8ab7592389be3dc	fd4e51e9bce924f88326e509a7cc8311093ee945a82f60a5c0861ab757074486	17052181	27775
1352	SRR33198156	/cephyr/users/mayoa/Vera/hpc_rnaseq_production_results/2026-09-10/runs/SRR33198156/gene_counts.tsv.gz	6329ee8c2faf10077d11bf590fcb21948a83656662436e131c30d65f477228fa	3eb1d09a014215aaafad1355cad0580d1ff97d529b607e2a36b1cb111bcec57c	18394447	27775
1353	SRR33198157	/cephyr/users/mayoa/Vera/hpc_rnaseq_production_results/2026-09-10/runs/SRR33198157/gene_counts.tsv.gz	db8d3fb397f2c84a82487870d09aa0bab9f7852f952c381cad87f2609e1180cc	0c014d8f3a5586850fbc23ad9cec2d964997fe38dce38a7c713f03876e21c3fd	20908134	27775
1354	SRR33198158	/cephyr/users/mayoa/Vera/hpc_rnaseq_production_results/2026-09-10/runs/SRR33198158/gene_counts.tsv.gz	ecb8a671230d91df897712aeaafc6a0268c33198ac9f61da5e80fbc5ccbc0835	50f18dd5905c26be9df55e7a3e5d11fed7374239d0d0ad3a0e76432c9bb5e06d	25016645	27775
1355	SRR33198159	/cephyr/users/mayoa/Vera/hpc_rnaseq_production_results/2026-09-10/runs/SRR33198159/gene_counts.tsv.gz	77334fe5e7cbf0d3195c6e54355d2c9db24424bf686b28084e846c5631137c84	26bc0fc46bf6713ad5fcd882bdddd5499f9ce175f3c27f60c959b296ecc24e73	18468100	27775
1356	SRR33198160	/cephyr/users/mayoa/Vera/hpc_rnaseq_production_results/2026-09-10/runs/SRR33198160/gene_counts.tsv.gz	f375da5314f540092362998e9d052225be7dd0fd0939bca86dd1e4e9e0222814	0a9c601c17c6de4937f2a7a2c8cbed0c420fa130e2e55ced370c0b4dfe759ae3	18672744	27775
1357	SRR33198161	/cephyr/users/mayoa/Vera/hpc_rnaseq_production_results/2026-09-10/runs/SRR33198161/gene_counts.tsv.gz	0e739a9e52c3ddf01bef1e5fa997a3c1aa17b51d7b6f33baa0d641b3a13ac9af	0c42e58ef37be9d89254b0804cb9377d765fbff1c0f643ff92a71526bd938ce4	22822960	27775
1358	SRR33198162	/cephyr/users/mayoa/Vera/hpc_rnaseq_production_results/2026-09-10/runs/SRR33198162/gene_counts.tsv.gz	a80bc4b3e020024196b845d6e9e2cb03d4f9eb09fb562d07537fda3ca97e32b9	4a4899af981a6d219ac861bf2fa3c3fa9369d48749cdc98e6581839425f5f94c	19761435	27775
1359	SRR33198163	/cephyr/users/mayoa/Vera/hpc_rnaseq_production_results/2026-09-10/runs/SRR33198163/gene_counts.tsv.gz	3e68329d3f9b0938f97a780a22f25a34588c1329b560d08fd05f224f41b72bfe	7ef616dac748c04cc2976309cf1f0cfa8cbab40e8732897222d7b832ae51d9e2	20820643	27775
1360	SRR33198164	/cephyr/users/mayoa/Vera/hpc_rnaseq_production_results/2026-09-10/runs/SRR33198164/gene_counts.tsv.gz	cd076716539ce3f4fafe3e48ece5321e665999e3c5528a222eb7bad8077753df	ddf5f4f08c97912ab37b35979c691a95054d83d770c567bebf407f202dad3dac	20503897	27775
1361	SRR33198165	/cephyr/users/mayoa/Vera/hpc_rnaseq_production_results/2026-09-10/runs/SRR33198165/gene_counts.tsv.gz	65a7180b6624febb7f020112f45abad31a8ec6d73b65d9d961175d0b4a6bd850	f5740ffe7943d470880aab87e604a85f5cb0b6b1c3ada0ef52097debebe6004f	20363310	27775
1362	SRR33198166	/cephyr/users/mayoa/Vera/hpc_rnaseq_production_results/2026-09-10/runs/SRR33198166/gene_counts.tsv.gz	91122e660d8f9802531487ce1c42d30838b42ef13770b3521fb7dc2c83763744	1655bf432290cc439dd2fa9f6066c94ad998c57589d1fb0597dfdc1fbd8d6946	18689172	27775
1363	SRR33198167	/cephyr/users/mayoa/Vera/hpc_rnaseq_production_results/2026-09-10/runs/SRR33198167/gene_counts.tsv.gz	690abff507902664092547eb76f787848f22f931497a85d6f5986422da0773bc	3ed43362fdec1d5b1bd26fd399dbbf6482dd36595055bdd31f9a113ecc67d298	19571769	27775
1364	SRR33198168	/cephyr/users/mayoa/Vera/hpc_rnaseq_production_results/2026-09-10/runs/SRR33198168/gene_counts.tsv.gz	7dee7d6f87ac6b6aed7a7f54f5de3eed0469e15d2e3d71a61aca695be02df1cf	4a870369cb675bd0d75df9d613d8869920639d21d3fd35be324fc2c574949a4a	19869684	27775
1365	SRR33309095	/cephyr/users/mayoa/Vera/hpc_rnaseq_production_results/2026-09-10/runs/SRR33309095/gene_counts.tsv.gz	59302afbe4859689da372091b42e976cb4fc85f783aa85bc3162ff1bb17f8758	2d0c8e88573bfb3e07b5d7301ea2de21d303da96b85d399e0490b0e2d119a1e3	21945684	27775
1366	SRR33309096	/cephyr/users/mayoa/Vera/hpc_rnaseq_production_results/2026-09-10/runs/SRR33309096/gene_counts.tsv.gz	eaae6c8343aaba7d398961c50bd842e253e329c8f34c4dfa85ab84cf0bb53137	73dd0162525118f5a494fe0ff18bd0101f86e97d28250e0fdc03fb1c9fbc0d6b	29339764	27775
1367	SRR33309097	/cephyr/users/mayoa/Vera/hpc_rnaseq_production_results/2026-09-10/runs/SRR33309097/gene_counts.tsv.gz	6e27ebd3067fafbf91373583260d294fe8e616673fd68f83f65c7b4a132d61b8	63cd56caa0e462db4ef3340302c795a5121ac71b17d08e5b03f1b9e74b1f037f	19436592	27775
1368	SRR33309098	/cephyr/users/mayoa/Vera/hpc_rnaseq_production_results/2026-09-10/runs/SRR33309098/gene_counts.tsv.gz	00721a41e45ac11e14a261b369a31390df5c37e1f573f5117898e5fb4ddda92c	b17bf91c2015691a1e99e3bb1f2b021d216ed595f3b2a18e4e8e0298e94fe3e2	15772535	27775
1369	SRR33309099	/cephyr/users/mayoa/Vera/hpc_rnaseq_production_results/2026-09-10/runs/SRR33309099/gene_counts.tsv.gz	d2d1eb46489ba12150059c57b4a22491e91c6d401e8754779703d243a3d1427c	909e63aa7f6db61288d5ab1be96a5f35e7ce0a0146c1d02166f296fcc1d4df2b	16811167	27775
1370	SRR33309100	/cephyr/users/mayoa/Vera/hpc_rnaseq_production_results/2026-09-10/runs/SRR33309100/gene_counts.tsv.gz	29a09e49ebe6ead232abc8ab735a1c055b586bf2bf89de1c93c5c7fd237d91ce	59f65f4c97e253bd884f400812b9717a84f60e1586b5cfce3ffdeb8560dfc805	19158564	27775
1371	SRR33309101	/cephyr/users/mayoa/Vera/hpc_rnaseq_production_results/2026-09-10/runs/SRR33309101/gene_counts.tsv.gz	2b0eec746518d9d18be2f912b167df987cde8fe8159bda7ca100e9308ab67fd0	c5ebfe643c13be9fb045e1b7c023f091184d8bf879be74d683a8fdb4de3fc202	24190929	27775
1372	SRR33309102	/cephyr/users/mayoa/Vera/hpc_rnaseq_production_results/2026-09-10/runs/SRR33309102/gene_counts.tsv.gz	7250c8e6b0b915832208ad7e4b52e36931d3523855b98909eee501085e339841	6d1ed171b1ab68d18e30afb011ca81962ceade6dda7119be154ef6169c601062	19742739	27775
1373	SRR33309103	/cephyr/users/mayoa/Vera/hpc_rnaseq_production_results/2026-09-10/runs/SRR33309103/gene_counts.tsv.gz	2a8839a1358af72a15367318ef0ee04cf949e9b534ced04ae52283cbef686d05	1de11ab888b9765b8641c449f0f9434fc1fd3d717ac193a648257f0022a787ad	25643760	27775
1374	SRR33309104	/cephyr/users/mayoa/Vera/hpc_rnaseq_production_results/2026-09-10/runs/SRR33309104/gene_counts.tsv.gz	a5bbb00ba95cc801c1ca2812fdcae582705249b3f7d513f9d4a35fd1d70efc7f	2f733596327c65286b8e2c8fd02295d88d1bf8ea6993e6eec5b1a2fe5046725c	25471915	27775
1375	SRR33309105	/cephyr/users/mayoa/Vera/hpc_rnaseq_production_results/2026-09-10/runs/SRR33309105/gene_counts.tsv.gz	06c57893eff9062b617567eb7f6d01e77cbe4477576ef37e206484a815816d72	7c91536da1366447fb1ba81ec863bffd27d14970c8cd4519a281ca69d671f353	23233901	27775
1376	SRR33309106	/cephyr/users/mayoa/Vera/hpc_rnaseq_production_results/2026-09-10/runs/SRR33309106/gene_counts.tsv.gz	52de95b96bf514363a8316bf281a168ec8a54d1f3f09ed262a8af4ad212e137b	e0c4b6234a9b27abbd358bcd90ffda4450c06ebe8464bcfb09397d8e622c12c8	18596328	27775
1377	SRR33309107	/cephyr/users/mayoa/Vera/hpc_rnaseq_production_results/2026-09-10/runs/SRR33309107/gene_counts.tsv.gz	3972cd3c7f411b504f6d4abaaf0cdfe2953821fe955f85c349fd2a4847f8664a	84e625d62a2c8e2d172408701e8d0085a730d9a74611800fc66271da513af109	21301661	27775
1378	SRR33309108	/cephyr/users/mayoa/Vera/hpc_rnaseq_production_results/2026-09-10/runs/SRR33309108/gene_counts.tsv.gz	75bc26d78cc6dc8b56d8764273eb89d43f0233a06bcddabc426460156c4a56ec	8b1a58ebd1c59016cc58a979ca021c66954c879af9708dc701d8d1b6aa03a521	20727733	27775
1379	SRR33309109	/cephyr/users/mayoa/Vera/hpc_rnaseq_production_results/2026-09-10/runs/SRR33309109/gene_counts.tsv.gz	5d541db866ead5570b2a54b257d14bba1bcd3fd274fd524a47d7f2f567ce86d1	270cb7f162afb0b367e574e9e65b5962301d5507bf899f4f1d9f389c3433edb6	22437456	27775
1380	SRR33309110	/cephyr/users/mayoa/Vera/hpc_rnaseq_production_results/2026-09-10/runs/SRR33309110/gene_counts.tsv.gz	c1173b29c9aeb13937f543c285797f767d9014377a92649de9063f9ec0efc546	c35710ed35eac87336cea3c30bea1f16120c18231c3f87e8b7cf926e0382ec40	22304787	27775
1381	SRR33309111	/cephyr/users/mayoa/Vera/hpc_rnaseq_production_results/2026-09-10/runs/SRR33309111/gene_counts.tsv.gz	9a1763e3b0f200cf7bf51971100246f248da4160cd3a09bdf9c957b560c69e4a	484e3688cf296923ccdb1955e78bad7a699b77f4cff8ea69683c2eb957596526	22611968	27775
1382	SRR33309112	/cephyr/users/mayoa/Vera/hpc_rnaseq_production_results/2026-09-10/runs/SRR33309112/gene_counts.tsv.gz	f177541e443bbc53a97e6d4a521e959f83f40a7a2c8b81d98d8c5a34a4c44fd9	8bdef19206710f980a86e955714226fac8e81b9254c59fa92f2a7046c2ddca7b	22272452	27775
1383	SRR33309113	/cephyr/users/mayoa/Vera/hpc_rnaseq_production_results/2026-09-10/runs/SRR33309113/gene_counts.tsv.gz	dd70187ee544a29808079fc2491391eefa8cc66748b1f7b44c19bad001ccf3ea	3cd884f0ac551ba3c3ccb49e9844e82e1b4a74cc7dd0d4852fa213d1209306da	19602291	27775
1384	SRR33309114	/cephyr/users/mayoa/Vera/hpc_rnaseq_production_results/2026-09-10/runs/SRR33309114/gene_counts.tsv.gz	0f15b0ee424405a7897a387fc50cf8f6b4e84a3dcd205b0707bd9740a87b7bf9	cf86ee9319a6c6025b2adadd157cc6155c0210f9bfe99cda513f978fe00a7881	25992487	27775
1385	SRR33309115	/cephyr/users/mayoa/Vera/hpc_rnaseq_production_results/2026-09-10/runs/SRR33309115/gene_counts.tsv.gz	385d3557d9304acf25e155a3c104892309d1718ed38ad7d609c06e808e05746b	e1dd8c47ab06c3cd5ede1d6bc22b1bf8a78022934eba6c840b2924f87a1bfc65	25277782	27775
1386	SRR33309116	/cephyr/users/mayoa/Vera/hpc_rnaseq_production_results/2026-09-10/runs/SRR33309116/gene_counts.tsv.gz	4e0e8611cccf5c2aa75f0e95b076310e1a719e565ff1c8ac4de0e195300b55bb	5ec072ebbe22d3cc8526a6641b547e5c8f985f5687c689bae87e4131869cb8f0	20288306	27775
1387	SRR33309117	/cephyr/users/mayoa/Vera/hpc_rnaseq_production_results/2026-09-10/runs/SRR33309117/gene_counts.tsv.gz	91d1a9184512aee2d82f5227163d7a0e9212d2ffb367f7e0746881fad11e0e33	11ce84395e7788e1ffd465de898b932be5b03814ee64036eb21e348b2866e285	22054096	27775
1388	SRR33309118	/cephyr/users/mayoa/Vera/hpc_rnaseq_production_results/2026-09-10/runs/SRR33309118/gene_counts.tsv.gz	8dcb44cd0396124c190ffe1305452823dbff73c98611d2669299b2d619276be5	a8775e41455c248cc5c7a3e17446622516e6582749d953c4ec325e2a3ca3a531	25641230	27775
1389	SRR33309119	/cephyr/users/mayoa/Vera/hpc_rnaseq_production_results/2026-09-10/runs/SRR33309119/gene_counts.tsv.gz	1ea0cf4be23195f1a74356e6b736586512f69d009e1512cd6f1358b409182da8	5da1d1be20612d9b2d8b3120d31579a043f2d3a4a99ee6423288be711419d0fc	25340048	27775
1390	SRR33309120	/cephyr/users/mayoa/Vera/hpc_rnaseq_production_results/2026-09-10/runs/SRR33309120/gene_counts.tsv.gz	48cd02cc9e44c306b4a67dd537c76c72232f4e8cfa6ab87c75b4319c9a00afdc	f83e7feb26ef4068917ec9c5a9ec2191b0f13e778af48d0b74b9fc290e9b484b	24326815	27775
1391	SRR33309121	/cephyr/users/mayoa/Vera/hpc_rnaseq_production_results/2026-09-10/runs/SRR33309121/gene_counts.tsv.gz	7e1eabbc10e0e11e3a9cfc4f527733a8a4cfb0b70429b169462ba4fb662adc25	a7f4c76d68f43a2e376616669aae27dfa4d5a398cecbfd77277bf3f18963fa77	20595913	27775
1392	SRR33309122	/cephyr/users/mayoa/Vera/hpc_rnaseq_production_results/2026-09-10/runs/SRR33309122/gene_counts.tsv.gz	7b0cccb77bfc20e4016c02bf7bad5648ef09c093ddff57f9c21dedd047f63b59	53b324096665b4f573f225de5a2ce26793b4047c621d25ea480ed958314f7569	15473198	27775
1393	SRR33309123	/cephyr/users/mayoa/Vera/hpc_rnaseq_production_results/2026-09-10/runs/SRR33309123/gene_counts.tsv.gz	0363f04a41ae6557c9f84f27d8ecda3013859c72514f5ba5be0687de7acf8d59	04c59a9cee5bde13cdbb7e3b27ab4411c97ed7fd3a8dfba13ca019e833b0670c	17020929	27775
1394	SRR33309124	/cephyr/users/mayoa/Vera/hpc_rnaseq_production_results/2026-09-10/runs/SRR33309124/gene_counts.tsv.gz	2e4540dd3bcdda795bcc1a36077cb3de027d3fcb997e9946b8b6cb4d70ff7ca5	555908b5238e2bba2eabf4ede0b7708aaddb10b55ac09366ffd182fdc1813d27	21225545	27775
1395	SRR33309125	/cephyr/users/mayoa/Vera/hpc_rnaseq_production_results/2026-09-10/runs/SRR33309125/gene_counts.tsv.gz	d7ef2b1299545ea6c1f227c823abb4864bbbc468c379be6fe9b60eab8d9e4094	c5d3ba4ea5728ae0dcd262ae9c6cb1186f5cc4bef1c1dc6000e8d5bd1c7a8cb2	31969576	27775
1396	SRR33309126	/cephyr/users/mayoa/Vera/hpc_rnaseq_production_results/2026-09-10/runs/SRR33309126/gene_counts.tsv.gz	afac3f3830baaa2f666b16d774b666113c4c6a1a9c466bfdea59d4d88445aeba	a0e451288c9dbfe05ee94026be9aa85cf82f5992a576da505268cd1752bce0b8	26792077	27775
1397	SRR33309127	/cephyr/users/mayoa/Vera/hpc_rnaseq_production_results/2026-09-10/runs/SRR33309127/gene_counts.tsv.gz	aecbcc3d0e7e94ed87cf75d8eac703e0b0e31897604294b576470def6885bd62	135e3595b5287d5fbb7525eaf5a50905f8553bfae220d975665890a34d41dc21	26011389	27775
1398	SRR3401399	/cephyr/users/mayoa/Vera/hpc_rnaseq_production_results/2026-09-10/runs/SRR3401399/gene_counts.tsv.gz	49dcb3ad1878ecc489538211a73fccca2a789b248c41afc5445148ccb42cf67e	c44cc0ac93a9874711711f25ec8ba081228ced1d6efeb98c1800666d760b8a7a	14913271	27775
1399	SRR3401401	/cephyr/users/mayoa/Vera/hpc_rnaseq_production_results/2026-09-10/runs/SRR3401401/gene_counts.tsv.gz	20808664b7c7cf66fb20b7c92eb5a448bd1cac3c2b12517b30dbca75c509b49e	73d5eedad53e95258ec59421810e9c812477cc03bee1da70941cb4a9b025aaf5	16660030	27775
1400	SRR3401745	/cephyr/users/mayoa/Vera/hpc_rnaseq_production_results/2026-09-10/runs/SRR3401745/gene_counts.tsv.gz	90b335ac3901faadf4bb1cf80ace1108a8776eb2c168a52703097165737157cb	c44cc0ac93a9874711711f25ec8ba081228ced1d6efeb98c1800666d760b8a7a	14913271	27775
1401	SRR3401746	/cephyr/users/mayoa/Vera/hpc_rnaseq_production_results/2026-09-10/runs/SRR3401746/gene_counts.tsv.gz	93d73ca8e2bcfb87fc3a61a783660cb36ff659e627c31606797936b1e77d9d59	73d5eedad53e95258ec59421810e9c812477cc03bee1da70941cb4a9b025aaf5	16660030	27775
1402	SRR3401747	/cephyr/users/mayoa/Vera/hpc_rnaseq_production_results/2026-09-10/runs/SRR3401747/gene_counts.tsv.gz	4eff5b040759f0a3cad4071dce2b7bfd58d1b89d03c04c4ae544a2c4b5950f55	4b5c8912e0a4dd66e61fc97db2975433126aec9de49416cf7bd2f1c9e822c2c9	15886260	27775
1403	SRR3401748	/cephyr/users/mayoa/Vera/hpc_rnaseq_production_results/2026-09-10/runs/SRR3401748/gene_counts.tsv.gz	1879df61b1b54d8318d0310b690f69d1c9ca443a19ed3fa6691f61dc9eddc9bf	f1d48265b89ee08fe269f8285eec76b7bcbd7d17012c8116244ee7ad6624fdce	13777768	27775
1404	SRR3401749	/cephyr/users/mayoa/Vera/hpc_rnaseq_production_results/2026-09-10/runs/SRR3401749/gene_counts.tsv.gz	ba4201a2f8395b57250b89cf7c4960c11b30f29c50b606e7e44cb3307f864ed6	1ce8c33178d7301225d694ee5fc4fa639f9c7574dadf4a8653d4c61e6c099c63	14821343	27775
1405	SRR3401750	/cephyr/users/mayoa/Vera/hpc_rnaseq_production_results/2026-09-10/runs/SRR3401750/gene_counts.tsv.gz	a49eeb2dee7c7fec6490f74e88091a0198e5badcf1d15c676a01f0f1c9bc0e13	ebe33ebeade6d43f5c871ad80340ff81d719d2abb6115228db0c35ebb636e825	14716976	27775
1406	SRR3401751	/cephyr/users/mayoa/Vera/hpc_rnaseq_production_results/2026-09-10/runs/SRR3401751/gene_counts.tsv.gz	70d49a57f9e318cd4fb5ee4317886ca420280f78cf297657a6f88054050be64c	15903cca1f92be3bd047cbb5d5daeb4e85903ad0c4bea5383b0e129723650c6a	16070738	27775
1407	SRR3401752	/cephyr/users/mayoa/Vera/hpc_rnaseq_production_results/2026-09-10/runs/SRR3401752/gene_counts.tsv.gz	3385e8a4f84481ef554d09d15e8b0e92bb178f78f6935b53e0e0e18c69fe73e0	ec4f9993798e10c4b549782da4a4c86d394e403bf2894aa3c7d2a0631768fbec	14581736	27775
1408	SRR35653646	/cephyr/users/mayoa/Vera/hpc_rnaseq_production_results/2026-09-10/runs/SRR35653646/gene_counts.tsv.gz	dd001092a4042689b2242a2744ef59d0233f867a1d1cc6672114c1d9d80bec99	98e5fef03da674f9de189479bc5eb7bfc0ad8c4be979109fde8a64a8155b0c05	18942023	27775
1409	SRR35653647	/cephyr/users/mayoa/Vera/hpc_rnaseq_production_results/2026-09-10/runs/SRR35653647/gene_counts.tsv.gz	53205c125ec5aeb1150328c2b5ca562c93b2446725f918b5d2ce54ce0ad3dfd9	7da5a06e11fa1edf762a4d8b5d6ee3a3bb1c9f1e2f9371d81e077319a41eaaac	17651105	27775
1410	SRR35653648	/cephyr/users/mayoa/Vera/hpc_rnaseq_production_results/2026-09-10/runs/SRR35653648/gene_counts.tsv.gz	6094e1701fa584bbd44412f47f2daf5c2ff1d5e5849967ff9ee5576a9a6e2a86	9098b1247790707278a2685536b0e62c7a1d5d8f3af8be4fa5eee4e7c38dd878	17294890	27775
1411	SRR35653649	/cephyr/users/mayoa/Vera/hpc_rnaseq_production_results/2026-09-10/runs/SRR35653649/gene_counts.tsv.gz	92e37abae3eee9cbc0fbb1f74ff4ea7820f0365bb2640cea8855f99faa4517f4	79398d79fc48e7e53c22d8997f79080c27d752e789b58763f1da235b11f09a3e	16731580	27775
1412	SRR35653650	/cephyr/users/mayoa/Vera/hpc_rnaseq_production_results/2026-09-10/runs/SRR35653650/gene_counts.tsv.gz	394cb3550d25ade8e0af3432f032e06fd8d53dbbb5548b09c03b103a764519b9	a1167b816dc7b02948dd647e575dcc7e8e8652379e1aba1c89dd0003211e2b24	15719917	27775
1413	SRR35653651	/cephyr/users/mayoa/Vera/hpc_rnaseq_production_results/2026-09-10/runs/SRR35653651/gene_counts.tsv.gz	02c8aa5611bf85b23679ae6577817dd1d969c1b06262cf854d5c92c57e712f10	4e2e20539ff854c29842619a2e85e271ffc150a9816cb07ddf510f26bcf3aa47	18077453	27775
1414	SRR35653652	/cephyr/users/mayoa/Vera/hpc_rnaseq_production_results/2026-09-10/runs/SRR35653652/gene_counts.tsv.gz	e8e4a0dce90d4fd62eaff7d004fc2643e1e778a8b98974432532bdbc0d569e44	e00ad88046462d29e1d322c71cb0a9240424b7a789f94f88d040897b42541db3	17070910	27775
1415	SRR35653653	/cephyr/users/mayoa/Vera/hpc_rnaseq_production_results/2026-09-10/runs/SRR35653653/gene_counts.tsv.gz	514e641920c45bd00c93e476da4909fcad126f90046fedf8ad84b51c5b0654bd	ac30a3a71dfaaeee414c565a58ae78dd54408ea8c715ad6dab1dc40c3f6f36e1	18048632	27775
1416	SRR35653654	/cephyr/users/mayoa/Vera/hpc_rnaseq_production_results/2026-09-10/runs/SRR35653654/gene_counts.tsv.gz	aaa6d9c6069d3ba1b7bd6c995963f0c7e7e6a70f3e69189bda5c23d093362ff4	71750432a6eddd03576a147f32c54c0c5ade0d09f3a0f784756f00ab9a9b0fab	17449708	27775
1417	SRR36222935	/cephyr/users/mayoa/Vera/hpc_rnaseq_production_results/2026-09-10/runs/SRR36222935/gene_counts.tsv.gz	e72ad27c06fa5079617f039df7debb7bba414f27c329c5b0b99ab81d69f0db76	6e7c2b0f5b0a2ac8cd49905de07fb34371cd16145f86bc1e7b5a53b3f158e695	49632015	27775
1418	SRR36222936	/cephyr/users/mayoa/Vera/hpc_rnaseq_production_results/2026-09-10/runs/SRR36222936/gene_counts.tsv.gz	19dbd8bb8c13ab520f135626e6b53c419249970893d67817e55e1b70e3a0f53c	d538796b9ba7f5a2b580e79e6d4d5757c49cfbdd5e90b2449c609edd62e6e3b2	35871152	27775
1419	SRR36222937	/cephyr/users/mayoa/Vera/hpc_rnaseq_production_results/2026-09-10/runs/SRR36222937/gene_counts.tsv.gz	2a3d2161621a867641a5036d6462d8ef45e6def9af1d9b5606633b3cd29cbc9d	6c6dd5d119f471d8003ffc171b895f299d0236e667606c40220eb80942df31d4	55540788	27775
1420	SRR36222938	/cephyr/users/mayoa/Vera/hpc_rnaseq_production_results/2026-09-10/runs/SRR36222938/gene_counts.tsv.gz	bb43e6a381f4747b697270722a0d2ebb72d23c8df49f6fbde3a49814d24667e2	216a8426a64ee898ab03313fc40d21bf177fa36a40415445221952be9e4e69fa	44148233	27775
1421	SRR36222939	/cephyr/users/mayoa/Vera/hpc_rnaseq_production_results/2026-09-10/runs/SRR36222939/gene_counts.tsv.gz	b69798980da05451edd8e3dd54e21ef4f6b2244c8ecebd0fb93556de5449d83b	50a32940f6995b53fca2c796ffe86ac4bef31409327f076773cad89269b131fc	22313314	27775
1422	SRR36222940	/cephyr/users/mayoa/Vera/hpc_rnaseq_production_results/2026-09-10/runs/SRR36222940/gene_counts.tsv.gz	0c117844fd28d0ef14bad807f4f1c3c07d1396ea2f344f75d2399fe0df25a1c5	96e0311f2ac7465f3bc5d5664d805cbee89555cb3ee03ef9c98aed4131b88338	20385434	27775
1423	SRR36222941	/cephyr/users/mayoa/Vera/hpc_rnaseq_production_results/2026-09-10/runs/SRR36222941/gene_counts.tsv.gz	a89d61a10352d8354cb69b4cb6eb201db6a7a87bdcb8a9b58138f7528be802ea	9686e32c3e7f24ae761b424894a5fbed97b439b16c637b2356bae3e415336240	11832198	27775
1424	SRR36222942	/cephyr/users/mayoa/Vera/hpc_rnaseq_production_results/2026-09-10/runs/SRR36222942/gene_counts.tsv.gz	88a7c09dfee06207715af494ea4a2186dae6cbb9c32ef75288a8dc2c49036493	de2812ac9985746542301e89964f6ffe98ef53e0171ef13c12521c6396c9f28b	12907321	27775
1425	SRR36663596	/cephyr/users/mayoa/Vera/hpc_rnaseq_production_results/2026-09-10/runs/SRR36663596/gene_counts.tsv.gz	58e6c0fe3b25ea68ccc37a74baa12632814d2735fc1e454ba05678e1f5308043	0c1cae128d73e66df86f5844830b2b5aac4dbdf2473c4f18680290c1f117b33e	17880990	27775
1426	SRR36663597	/cephyr/users/mayoa/Vera/hpc_rnaseq_production_results/2026-09-10/runs/SRR36663597/gene_counts.tsv.gz	d5d9f15ea8b2a00d11c430bc865711219af5b9694206181e34dea90496cfc0e0	528457ffc07acd5ae9d8b36069737667a9a465263be624d3b7a2521bfa0ec759	20074529	27775
1427	SRR36663598	/cephyr/users/mayoa/Vera/hpc_rnaseq_production_results/2026-09-10/runs/SRR36663598/gene_counts.tsv.gz	085bde3e97e0021b0d1369475f5e8d7066de566bc4b4aa55892099a9dbd24a62	cc43a44e83cffac69065214bd2733fee1e54526053e196beb50f182ebacb3ed8	19287809	27775
1428	SRR36663599	/cephyr/users/mayoa/Vera/hpc_rnaseq_production_results/2026-09-10/runs/SRR36663599/gene_counts.tsv.gz	a677146478fe5c600b16818c658650dbf2e2f9fb154d8fa496ebc9fe04af6109	e999ea2860bf59813869b8c6ba7812a496666d31cd2784aadd5b24f925a88ff9	17112915	27775
1429	SRR36663600	/cephyr/users/mayoa/Vera/hpc_rnaseq_production_results/2026-09-10/runs/SRR36663600/gene_counts.tsv.gz	473394f1823c1750d1263de0b025a723a7b8790227c0f0cd1c190d1cac569af5	645b5e3fc0be6e7a2e1cd58e5f6e4b63bdd10f7efcae27e3c1758c06ebacf640	14770121	27775
1430	SRR36663601	/cephyr/users/mayoa/Vera/hpc_rnaseq_production_results/2026-09-10/runs/SRR36663601/gene_counts.tsv.gz	bf10ed0b78a516c6f8708d4ac444b009c4ee1d247f1bf968757298dca350d104	891358f1dfe338f0dab657c82e5595c91e83cd15ea9b31fa3cb7c9eb50b4b9ec	18526098	27775
1431	SRR36699389	/cephyr/users/mayoa/Vera/hpc_rnaseq_production_results/2026-09-10/runs/SRR36699389/gene_counts.tsv.gz	fb012ccd763e884b60a8e77eb18d8f27e458be400e501e28be96efabb40ed592	3bbef3dbd51a7e3c5a75b015f2b4f28cf4f43fb67ceda79b312b90b35f7f11f9	58317857	27775
1432	SRR36699390	/cephyr/users/mayoa/Vera/hpc_rnaseq_production_results/2026-09-10/runs/SRR36699390/gene_counts.tsv.gz	e2cfcf47ddf6fd1ea28cf353d8ef3280155904e59ddffb73bc8b7b0db1b2068e	82e091d9bc4e3e355e763eff49cf0e91f562e5ab413784829a717b116dfa071c	55790825	27775
1433	SRR36699391	/cephyr/users/mayoa/Vera/hpc_rnaseq_production_results/2026-09-10/runs/SRR36699391/gene_counts.tsv.gz	cf11ace499142fdf6f2619548b6470b6d207b55eaa4f789b51d0b4b1a705eb47	be00b79678d5d50e16a110c50074648bb18cd236b3cd384134eca4848ba106fe	50889324	27775
1434	SRR36699392	/cephyr/users/mayoa/Vera/hpc_rnaseq_production_results/2026-09-10/runs/SRR36699392/gene_counts.tsv.gz	9a6232b371676b99cfb1252597918f0243b6f3079b28d688dde554ceca1cbc62	f603344774d1dd8d8f1e4f0a2cf2663857baaed5a7aee98a4c6f54fab8add234	57420194	27775
1435	SRR36699393	/cephyr/users/mayoa/Vera/hpc_rnaseq_production_results/2026-09-10/runs/SRR36699393/gene_counts.tsv.gz	53c28f212d283cb01c11cdca27558c3478028df554524106c3102075fcbe6608	95bcf21c9f04d54713dac12b214aa8881617670c19ef25b2610f68b49b255500	59715073	27775
1436	SRR36699394	/cephyr/users/mayoa/Vera/hpc_rnaseq_production_results/2026-09-10/runs/SRR36699394/gene_counts.tsv.gz	7c823c6bf5fd2aff521c825cc918d11f8d926eb4f5455bf94e5bb1cf792f81fd	4792b7d6115721ff2f8b65ac6e9f458a4a434ac6933830df42834b3e118fff97	64089224	27775
1437	SRR38262918	/cephyr/users/mayoa/Vera/hpc_rnaseq_production_results/2026-09-10/runs/SRR38262918/gene_counts.tsv.gz	47eb0ae78860035632e005434757b07a1a6f68c5ed30c246fd26e017e6e5a1f5	1d46b2229e275c8a80e9a10feb4ddae9d7353d06fcd0c38358a47bff99e3105a	21410105	27775
1438	SRR38262919	/cephyr/users/mayoa/Vera/hpc_rnaseq_production_results/2026-09-10/runs/SRR38262919/gene_counts.tsv.gz	a3c2041593adeea62dbc489c9817f98aae7da7cfe2654a8e1eeaf0a67f32a622	fff2d6fc1dbce92f9ef0f8acded8454ed56aff27c0487953d3397a143462e2c6	41865697	27775
1439	SRR38262920	/cephyr/users/mayoa/Vera/hpc_rnaseq_production_results/2026-09-10/runs/SRR38262920/gene_counts.tsv.gz	de223468e8f9ae430a50843046dc2501ae85087a113932005f234ecc460b172a	84ffe62ebbff483865959ee5b213a61f4ae6be8dfaf8b86e9145a154ea22a2c1	24490258	27775
1440	SRR38262921	/cephyr/users/mayoa/Vera/hpc_rnaseq_production_results/2026-09-10/runs/SRR38262921/gene_counts.tsv.gz	1a26aa4cef0d32e07d83f834e4da2a6db48c2fe6546e0c1a70310a982181923a	538559b5e0eaf53be7f81b723de9ee1d311645ce8bc7c0468cf058c2048ef799	45334177	27775
1441	SRR38263132	/cephyr/users/mayoa/Vera/hpc_rnaseq_production_results/2026-09-10/runs/SRR38263132/gene_counts.tsv.gz	862037353903d2d8e3e82555dc6190934ab3b549a0cfef20a67523ac5c81cdce	9911a0a5133238844c8c01f2d5a937206e59df24a56fcc4dea44bd1672624e20	23125898	27775
1442	SRR3946101	/cephyr/users/mayoa/Vera/hpc_rnaseq_production_results/2026-09-10/runs/SRR3946101/gene_counts.tsv.gz	30822d38fab55da373c01de7d9b1fcd8ea3df1d6e18d661473136ed3c082c25d	d9d4db7395ef62024a1e8095fd121a1afe71a4710113fcdd89de1e2c97bc0a20	25179150	27775
1443	SRR3946102	/cephyr/users/mayoa/Vera/hpc_rnaseq_production_results/2026-09-10/runs/SRR3946102/gene_counts.tsv.gz	fbfb8e42c4a86027656ea1a1a16cc82a8bb7dc47f6dd3580ff691d3244c94712	8688b6482204f3b1728e1de256492f9e530adcda6d43d38aa82313d28de2c338	17175835	27775
1444	SRR3946103	/cephyr/users/mayoa/Vera/hpc_rnaseq_production_results/2026-09-10/runs/SRR3946103/gene_counts.tsv.gz	6df916ae55e918b8a65464263813282d36ab56693d961a7f86eab8f55de33139	4b4752f66d06c62048bc6731c73539d455278c033c0ef41e0254b306eba93d99	17285085	27775
1445	SRR3946104	/cephyr/users/mayoa/Vera/hpc_rnaseq_production_results/2026-09-10/runs/SRR3946104/gene_counts.tsv.gz	33f3783d4d287a1d254d32ad2c775e4506aff685e59168fbd7cac5a7e6bf1981	0a0bf4f1ce444aaa52496e4e25169b17792bd8146cb5cdd5a14e320c6b945085	17199386	27775
1446	SRR3946105	/cephyr/users/mayoa/Vera/hpc_rnaseq_production_results/2026-09-10/runs/SRR3946105/gene_counts.tsv.gz	2f65cd5c3f42f6fa810925640184d21bc9ef0f4fd48a38a2f1cd32d984c4d900	b665d90b7f087d53fd561a2c8f487e4077609d4274f324213e49b3c0f97b027f	19526644	27775
1447	SRR3946106	/cephyr/users/mayoa/Vera/hpc_rnaseq_production_results/2026-09-10/runs/SRR3946106/gene_counts.tsv.gz	872fecfb65377050e86241e048c6e5d2626c58088bb098d520fbcb271127eae4	65abb0211fa248c823edb9db4018578755bbab71e6d6f09e7be50017bfa16c14	27863655	27775
1448	SRR3946107	/cephyr/users/mayoa/Vera/hpc_rnaseq_production_results/2026-09-10/runs/SRR3946107/gene_counts.tsv.gz	cbf04dfd3ccd640e24040928cc0e15a9b8ec2d6f38726e8ca789828460cc1c99	c15cc008bb0f251278c1b25e26e75e1e975bce57a7f61df91db23632eaffbf60	20487780	27775
1449	SRR3946108	/cephyr/users/mayoa/Vera/hpc_rnaseq_production_results/2026-09-10/runs/SRR3946108/gene_counts.tsv.gz	4461dc1877ce47d46aa8d2deeee8acd0cece91fefe332faa7ac00387a49db436	b0c8964f8c6fb2018bd150dd9f5c3837cb4eaa2e4bb3031dcf2a7c8d3635583b	34224361	27775
1450	SRR3946109	/cephyr/users/mayoa/Vera/hpc_rnaseq_production_results/2026-09-10/runs/SRR3946109/gene_counts.tsv.gz	c45b9377cdc410485379f3fc96f7e803da7c09506b2db573546cc67b7ca95423	c5220a0438865c559fe2c9609ef75c5a0c69fe8de9ed729bf722c1d2a0ab5c6b	23535829	27775
1451	SRR3946110	/cephyr/users/mayoa/Vera/hpc_rnaseq_production_results/2026-09-10/runs/SRR3946110/gene_counts.tsv.gz	7d283a0780df728ea6ce6209be3ed3dd3b581cfc817c09044e0492e582f9fe9d	d4ed0b05f56133aedf9f69e126340671dbecceca429075727d42a1889cfd8ae6	19050252	27775
1452	SRR3946111	/cephyr/users/mayoa/Vera/hpc_rnaseq_production_results/2026-09-10/runs/SRR3946111/gene_counts.tsv.gz	68c48cb9bdf8b41ae5b0700330519364cb2c77b72134a8e09da2ae1b3d3112f8	3c936beb585753540a0bd4918cb0a4604dceec210665b890426a82223c706b72	17704145	27775
1453	SRR3946112	/cephyr/users/mayoa/Vera/hpc_rnaseq_production_results/2026-09-10/runs/SRR3946112/gene_counts.tsv.gz	0302fe5611081095c6ddaa558d64923e1934afc57f33ee815ff82e233a359173	0068457c90cef27d9324c9930ba9a3ed772a2094f6e87cffc51fbdedc8e3ae4a	15172883	27775
1454	SRR39497722	/cephyr/users/mayoa/Vera/hpc_rnaseq_production_results/2026-09-10/runs/SRR39497722/gene_counts.tsv.gz	a0d5de38bdd83d3d33d2c66e7062b0915f7b8ea7f8a277e7b74db9176898971a	cb804934c02647bf043eb343118dd5de2faeb9e1cd503b893defec1ffa37ab31	45561013	27775
1455	SRR39497723	/cephyr/users/mayoa/Vera/hpc_rnaseq_production_results/2026-09-10/runs/SRR39497723/gene_counts.tsv.gz	abc961b2e68c8e4e18283b9b8deabf5fb021375f7e22cceb413640b4d8d7c92c	833d517d43ec3aac30f113087552d265c19ea274f51a5463fef12a10d2f0a72b	44436580	27775
1456	SRR39497724	/cephyr/users/mayoa/Vera/hpc_rnaseq_production_results/2026-09-10/runs/SRR39497724/gene_counts.tsv.gz	62ea00be5d307ff1ebfe72da78080cbf0f9f6ea87506fd8334aa28eb65cbee70	e4565b9587b1811f75796a7b574856049736808a32d2558daa7e414e75cb02ef	59097022	27775
1457	SRR39499716	/cephyr/users/mayoa/Vera/hpc_rnaseq_production_results/2026-09-10/runs/SRR39499716/gene_counts.tsv.gz	5db9db0a04bb46cb095d722bb090695821edd3c1d163d9740447be250237a367	71c98e5bc04d3861c0491ef335352e1747614343b45050207a355ca674a93abe	107501466	27775
1458	SRR39499717	/cephyr/users/mayoa/Vera/hpc_rnaseq_production_results/2026-09-10/runs/SRR39499717/gene_counts.tsv.gz	0256954419edd1b7f731be434b566561731df313ca7799d5beaf5e379c6d9ebf	279cdd7c1eaeb8aa9d4a896f0011e32a7c301e82f05a6ee32ad2cadf7d4e408b	43941846	27775
1459	SRR39499718	/cephyr/users/mayoa/Vera/hpc_rnaseq_production_results/2026-09-10/runs/SRR39499718/gene_counts.tsv.gz	0a53542fcf3dfde65e01b6212d01c5c3a8fc6376dc4bf852d9fd75473d0a6f9c	ea9611b1f4999c12a80a1d431af84a42c0a3dbd1df37cc2854a6d62043882d64	74441589	27775
1460	SRR39499719	/cephyr/users/mayoa/Vera/hpc_rnaseq_production_results/2026-09-10/runs/SRR39499719/gene_counts.tsv.gz	86a2469f665e6ce991fff673900a3bb4c5e882b52e277e1e97601b28ecadcf61	3eec1ed28754feb2c890b4c92430b1da17374cce406f258676d392de81a822ea	56256865	27775
1461	SRR39503241	/cephyr/users/mayoa/Vera/hpc_rnaseq_production_results/2026-09-10/runs/SRR39503241/gene_counts.tsv.gz	06ccfe42a4f623c918b6e8beaf4eb955c4c59b2011a9102fabcdbf0e197c3c59	3cd4528f3c4b27051778be1050ae7a7716d158ceb8f04444594a3beaf124abda	74005363	27775
1462	SRR39503242	/cephyr/users/mayoa/Vera/hpc_rnaseq_production_results/2026-09-10/runs/SRR39503242/gene_counts.tsv.gz	5b77bd3738ed00e87ad9a13d2d7d3eb663d3f874344f9cc5cdc687f7391103ae	724aabc62f65cd58ffb89c5ec071c0d85f0faec0b3d6ed4ee1dafd3d6d97fc99	54930551	27775
1463	SRR39503243	/cephyr/users/mayoa/Vera/hpc_rnaseq_production_results/2026-09-10/runs/SRR39503243/gene_counts.tsv.gz	e53530d7665a17ba1e781b8cd487dda960321c06455593da2b3ac3558f639ece	0c3406515b2156a22d115f85699a2bd3d8948ac27891c9656e1751f94a6cb3cb	54567270	27775
1464	SRR39503244	/cephyr/users/mayoa/Vera/hpc_rnaseq_production_results/2026-09-10/runs/SRR39503244/gene_counts.tsv.gz	9bff5cf2282abef13c0efdafcbb0c47c64a337e403e729b05a2d97a3e40af47d	345eeddfad2dcc090d8180b55f3f61c673c0c4fada610120cc2f94d7973fb526	77337560	27775
1465	SRR39505007	/cephyr/users/mayoa/Vera/hpc_rnaseq_production_results/2026-09-10/runs/SRR39505007/gene_counts.tsv.gz	f20703304efe1a62db2b0bebf53c648fe2d0ede76bddca22a149801062109efd	16f97dcd8b9117fc99a9426e978c763afde0127e9a56645765749ad01cc8b06c	75659973	27775
1466	SRR39505008	/cephyr/users/mayoa/Vera/hpc_rnaseq_production_results/2026-09-10/runs/SRR39505008/gene_counts.tsv.gz	dfd05c6c1dd819b44d09f66bb7fe5395e49230641424532409f5e0cc5a69f469	c227306bace8f98da9085bb8179346c238bde24994d9d1115ff8d61ddec3358c	56821440	27775
1467	SRR39505009	/cephyr/users/mayoa/Vera/hpc_rnaseq_production_results/2026-09-10/runs/SRR39505009/gene_counts.tsv.gz	da8ca2ab6d1dc397a4c5b992797f908943602e19db2b9c10b5669c3fa537714d	8a2a6b15d24b438b185bb8f0f082c08541b94f64cdc0e9d04b93fa1892bcc9a1	53686865	27775
1468	SRR39505010	/cephyr/users/mayoa/Vera/hpc_rnaseq_production_results/2026-09-10/runs/SRR39505010/gene_counts.tsv.gz	cf7fdf187970f9f90e6cbdafdc7f765f1a5298719681de69ccf9d60ca6c35be8	6221f8713c9de294e29c65ccedff199207e610ef164a5c70b1b7a9e3f4d11571	47860303	27775
1469	SRR39506912	/cephyr/users/mayoa/Vera/hpc_rnaseq_production_results/2026-09-10/runs/SRR39506912/gene_counts.tsv.gz	517221fede138ffac79ad10a899d44edf8ac98b26ff2f4fca3397c7003a7c199	4e4ecca4aea1c028ed7d1480d9599fa63e8263e29bcd4c9d11e9882c3b84c882	39195010	27775
1470	SRR39506913	/cephyr/users/mayoa/Vera/hpc_rnaseq_production_results/2026-09-10/runs/SRR39506913/gene_counts.tsv.gz	6c7275efb2f3f631decb7ef2baac59380c3ed8cafb8352b12f4e0cd2ee8656cc	b2432e7a59baade15c15dfae8847c9ddc7b68f2b29ccfd5e83f20434ed859563	33821390	27775
1471	SRR39506914	/cephyr/users/mayoa/Vera/hpc_rnaseq_production_results/2026-09-10/runs/SRR39506914/gene_counts.tsv.gz	a0f7b8cd456fee6f101ccb796a70d5cb698e816e1a61c467fbf6eabfb74b2c3c	7f6c7840a0381a124229b96608a4344e5835e310067fc8cdbf2d2a07661f1f5d	68790065	27775
1472	SRR39506915	/cephyr/users/mayoa/Vera/hpc_rnaseq_production_results/2026-09-10/runs/SRR39506915/gene_counts.tsv.gz	7f0f46b67fb17f3f1a1eb9a9c12661dbc6bcca248c983306e3855fabb2da3b5c	80e8a13a5afae27aaf42749a569b4d57ab650f08a0c95f32467b63e767ff3ceb	69615904	27775
1473	SRR39511190	/cephyr/users/mayoa/Vera/hpc_rnaseq_production_results/2026-09-10/runs/SRR39511190/gene_counts.tsv.gz	fa701322ad4b87dfed43d92cf1eb11295e5bc19f1c6db83c90106381ee9d7e47	e98bdaf76db2aee2625c3d9284fd651c7e3c7c85274edab507639c1bea4e108c	81192487	27775
1474	SRR39511191	/cephyr/users/mayoa/Vera/hpc_rnaseq_production_results/2026-09-10/runs/SRR39511191/gene_counts.tsv.gz	a940df1f81bd1815d7c8f2608a7f9d025d17de6df32718de0eb034a26673d91f	07c3ea92d10838d0065c974edc93989a83dc759190f2167ff60fdc13104d6007	81063977	27775
1475	SRR39511192	/cephyr/users/mayoa/Vera/hpc_rnaseq_production_results/2026-09-10/runs/SRR39511192/gene_counts.tsv.gz	8ff1fdfc0bdbd61644bd77981dafd1a22d6f25c2dae71b64768dba3b10052ea8	303c1b7a072c48cf58c37f83014ca2a975036a683c336cd54e6e216764f871b8	42701283	27775
1476	SRR39511193	/cephyr/users/mayoa/Vera/hpc_rnaseq_production_results/2026-09-10/runs/SRR39511193/gene_counts.tsv.gz	a6da49a1bb52622f8000f4ecb8cf4acd5b55f9f40890067fb7722f6d1c5afa42	9c2136938988d2abb1c667106636460512d7aa619f22db1f20d418e57a427b6b	55602654	27775
1477	SRR39561849	/cephyr/users/mayoa/Vera/hpc_rnaseq_production_results/2026-09-10/runs/SRR39561849/gene_counts.tsv.gz	cfd8cec2e1c10124a95ac52508c33d2221c347bf0580163bacc7eebd14444cfc	076f6752999595ffe256f42ca32755e6a404ad88b134e77dfd8840747819b44f	27601142	27775
1478	SRR39561850	/cephyr/users/mayoa/Vera/hpc_rnaseq_production_results/2026-09-10/runs/SRR39561850/gene_counts.tsv.gz	6191f303c6c8b464e6971b72d38307a04c07daa81443d1852ccd965bf521ebec	89cab23dbf04021fe14fb18c9e98c5f29eccfa29b9af7c23bc598f0d92a1be10	27958477	27775
1479	SRR39561851	/cephyr/users/mayoa/Vera/hpc_rnaseq_production_results/2026-09-10/runs/SRR39561851/gene_counts.tsv.gz	c8f5fc9168729e46e46a98e6fe31c6f9811f542851bd1a193428eadcbd0cb890	ab9b713f71264effab6e729f2b1ce07d227b3d4a6c82f7a3d9b35e87b608ad59	27803622	27775
1480	SRR39561852	/cephyr/users/mayoa/Vera/hpc_rnaseq_production_results/2026-09-10/runs/SRR39561852/gene_counts.tsv.gz	a43973794bbcdde6bedaf4baf13489ddec513dc728f917d4905bc3e919004af6	25cead279dd70037d0a6276cf137f20dcc95695209a2dd68990769110135b208	26963185	27775
1481	SRR39561853	/cephyr/users/mayoa/Vera/hpc_rnaseq_production_results/2026-09-10/runs/SRR39561853/gene_counts.tsv.gz	5a96a32ab1773f1ebb13a0b6b23683ff06007745bb11926d9d4a7d18f7ace9c7	2aa9ced6fc6c6b95a084816dc68bc6face7d3e04f29fb83a38dca50cabdb28a0	26776627	27775
1482	SRR39561854	/cephyr/users/mayoa/Vera/hpc_rnaseq_production_results/2026-09-10/runs/SRR39561854/gene_counts.tsv.gz	8740539f810c051095230649384966973fbddc54af53e967629bb5aee9bdf666	f52a698a02921ecd545225a4d74825095fa980b58b6b8cbfe5f0f178e165ff84	26808890	27775
1483	SRR39561855	/cephyr/users/mayoa/Vera/hpc_rnaseq_production_results/2026-09-10/runs/SRR39561855/gene_counts.tsv.gz	087d925ce42a35b265923758bcd857c4c4fcdafbf4574fe77e3c043b93cd3c83	a1e03304054adf1e176308bfd0c4c4cef0ce7abf36bfde2e33d543178bdd6c42	26754127	27775
1484	SRR39561856	/cephyr/users/mayoa/Vera/hpc_rnaseq_production_results/2026-09-10/runs/SRR39561856/gene_counts.tsv.gz	4fcbe4a31eecada60854bba843ddcc73a19a954d0bf5493194b31c0f97a72baf	fda59a7042e4157ceef25ac290fe649598fae996f69bdde75d9fffab8b9c73f1	26875764	27775
1485	SRR39561857	/cephyr/users/mayoa/Vera/hpc_rnaseq_production_results/2026-09-10/runs/SRR39561857/gene_counts.tsv.gz	4e5936d60940c69e1fbf40fcc54e65a08fb5ee5e48c77ca97629f48009d950fb	03c397007edc7999b14a83bd058b856cb954a45ab09e94de04ad0aa0807e428b	26712929	27775
1486	SRR39561858	/cephyr/users/mayoa/Vera/hpc_rnaseq_production_results/2026-09-10/runs/SRR39561858/gene_counts.tsv.gz	3bba58c6bf8a6c0f5f461eafeb37dded55b1472a915baa2f7d814fa1d346efd2	2abd3026009a972620db3fa373e6d47b606c56c79283b781a847b1cb27468cb5	27299067	27775
1487	SRR39561859	/cephyr/users/mayoa/Vera/hpc_rnaseq_production_results/2026-09-10/runs/SRR39561859/gene_counts.tsv.gz	47978a3f251f06d2a67df335e4f338e76eca785d061937510f5a00650e99ff5d	12684e8c3e66479af8bbc7623ac186dbf103760b070353d1726748ca43f0c67b	26537837	27775
1488	SRR39561860	/cephyr/users/mayoa/Vera/hpc_rnaseq_production_results/2026-09-10/runs/SRR39561860/gene_counts.tsv.gz	4f247ead3079e3da9fc8c9a4c211b05fb29dd5de1ff6eca23c119ce9de689600	236cf7863539d8c2b604d024795fafe3ab330f2ca1263129fc0cf1ef4f8a709e	27560172	27775
1489	SRR40188909	/cephyr/users/mayoa/Vera/hpc_rnaseq_production_results/2026-09-10/runs/SRR40188909/gene_counts.tsv.gz	bb932adc78cfda6787f0bc983c3f3c64b32a3c667399496cd7d4fbc80bf78ef2	b3dbc96d4a57b35b461d57e4bd7d789349b310f2d4db4e5fc6f1d4b9c62c8b1e	15034052	27775
1490	SRR40188910	/cephyr/users/mayoa/Vera/hpc_rnaseq_production_results/2026-09-10/runs/SRR40188910/gene_counts.tsv.gz	b07e5a167b79624021b8275118724731ec051fe52efa4aab4bc804c1461f65cc	f3f1c311bd7cf97ae31022ebc3bebfc0289e6626678b60510662b3987b26ecc8	14162128	27775
1491	SRR40188912	/cephyr/users/mayoa/Vera/hpc_rnaseq_production_results/2026-09-10/runs/SRR40188912/gene_counts.tsv.gz	1c2adc428799ba969079100a9e7865d2153a50632171303885269a7729e4c2dc	4fb368f12b16d69cb1a6455d3f002d312a1ffbc545db457b8c53ecba27e5cb69	18153870	27775
1492	SRR40188913	/cephyr/users/mayoa/Vera/hpc_rnaseq_production_results/2026-09-10/runs/SRR40188913/gene_counts.tsv.gz	756e3b16ea58900b184dc9d5adf3a5dd29f822401d29ccb421ac7a1807f5c121	bf484b02574c3e0440debaafa6ef70989b643f61f8037c2bc996a98209205185	31150315	27775
1493	SRR40310829	/cephyr/users/mayoa/Vera/hpc_rnaseq_production_results/2026-09-10/runs/SRR40310829/gene_counts.tsv.gz	5499dc11e3821c42cc087c4c8caccdfdaca55851d51652c570b02ee07122baab	0a66ba1186b4e1f5e7bed98314766a0a571d3825dc4265155757a31a55ac3f89	20203217	27775
1494	SRR40310830	/cephyr/users/mayoa/Vera/hpc_rnaseq_production_results/2026-09-10/runs/SRR40310830/gene_counts.tsv.gz	1682522bf2ab738d14d0f8b77befe7248b28ff1e7847fb692999643fd49313f3	3db7c71557459e913a3b7267798ecd62e522d07aae6f2c8be609466244a87283	21281602	27775
1495	SRR40310831	/cephyr/users/mayoa/Vera/hpc_rnaseq_production_results/2026-09-10/runs/SRR40310831/gene_counts.tsv.gz	72909d81816a31323d42cba3c9448f85aee3c9faa8ef8bbe87f34818920a40e0	b1ab7d33c038abc8b64d64e332bfca0b2a27805ea73cf0ddfaf079e99d4573bc	17927953	27775
1496	SRR40310832	/cephyr/users/mayoa/Vera/hpc_rnaseq_production_results/2026-09-10/runs/SRR40310832/gene_counts.tsv.gz	304aa5b9413a7f9a2fe9b1e838e4c9484a91d3d50d20fa3a28d35fa2f64caa57	21b648c3400cdf73408bd3dc10c901352b05071e622ceece537b871e64098045	12306387	27775
1497	SRR40310833	/cephyr/users/mayoa/Vera/hpc_rnaseq_production_results/2026-09-10/runs/SRR40310833/gene_counts.tsv.gz	1724a809a65dab045d138a47fc89c967ea99a86c084501b55f2be3720b722203	e0657aff798b70cf233789c4277d039b867d46e155a76264efbbecacb37ba3c2	21251030	27775
1498	SRR40310834	/cephyr/users/mayoa/Vera/hpc_rnaseq_production_results/2026-09-10/runs/SRR40310834/gene_counts.tsv.gz	c427e49fc5881b7371e67741f38976f85eb8e5cd3d2f98d0eba203da7395ff9c	0ea7a5cf7145246b4424c821fcbb946f7fc00d89cb632f0241e925831b8d0476	16344510	27775
1499	SRR40310835	/cephyr/users/mayoa/Vera/hpc_rnaseq_production_results/2026-09-10/runs/SRR40310835/gene_counts.tsv.gz	aa9c767131f45e8e09a292dfc5e597d331b5f3c7f9eaed25b4722062357a07e6	7beb541d8111380033610b85fbac6e44a1b29bd89ea0beac59d9b20add8c5084	20037481	27775
1500	SRR40310836	/cephyr/users/mayoa/Vera/hpc_rnaseq_production_results/2026-09-10/runs/SRR40310836/gene_counts.tsv.gz	b7182bc9b8e44f24b48369fb3e3fdb68d242a63d522c9f32a10d38415f17d93a	81fe795fd837af77c4da43dff92a9a464417487494156d44a6ca3543eb0098d5	20200332	27775
1501	SRR40310838	/cephyr/users/mayoa/Vera/hpc_rnaseq_production_results/2026-09-10/runs/SRR40310838/gene_counts.tsv.gz	2c06fee5e52190decb5aff58a15436aa2825f227698384860a2325b23ebb7fa5	8843fb4f9da6ae6822b0d028865fca34df7564207a73eb00dfd48157533d299f	15554773	27775
1502	SRR40310839	/cephyr/users/mayoa/Vera/hpc_rnaseq_production_results/2026-09-10/runs/SRR40310839/gene_counts.tsv.gz	01df81806d80bc90dd7b2b998ecf8c228d6abbf806ebf668cf51587d8bfa2b65	18e1ea8db33a42f785059898d9e18257235a6a14b7631b97fa6cc035818e1878	17189160	27775
1503	SRR40310840	/cephyr/users/mayoa/Vera/hpc_rnaseq_production_results/2026-09-10/runs/SRR40310840/gene_counts.tsv.gz	6458c0848ed9f0ff2d724c91b2f03c4fa3cf74a61bb1866c71bff0d54ef4d3df	86e864de79eba73ba8766ace82069575d729762cf1d52087c7e9ae2525cdb896	17595676	27775
1504	SRR4035674	/cephyr/users/mayoa/Vera/hpc_rnaseq_production_results/2026-09-10/runs/SRR4035674/gene_counts.tsv.gz	25df31a38b4c6c273b6505b0658501e6d30c36d47722143b4b7aea0bd25f2a6e	c99fc2aa762546a84303423ce5790d21b5a1f123552778b128ea0ae958084aae	37373252	27775
1505	SRR4035675	/cephyr/users/mayoa/Vera/hpc_rnaseq_production_results/2026-09-10/runs/SRR4035675/gene_counts.tsv.gz	d6d84e21cca026d6db8002ffcd3556c61f6ef8ee0e53857b4a60e39d08ba9853	871cc6d64b22260ddda48039bf55fc1594ec3954c77d71c433b6c9019f09fab8	33250629	27775
1506	SRR4035676	/cephyr/users/mayoa/Vera/hpc_rnaseq_production_results/2026-09-10/runs/SRR4035676/gene_counts.tsv.gz	34a72f2a1c40c5e897babfc0963654aba65f4d5efcc4885b3046dfd623279782	26b36680d4496213fe4d39c44dafef728fe5ab5c089273e9b9fea0986fe15baf	36226767	27775
1507	SRR4035677	/cephyr/users/mayoa/Vera/hpc_rnaseq_production_results/2026-09-10/runs/SRR4035677/gene_counts.tsv.gz	40ba4d6b4ade69198bcd9351126a92071d3dd243a78de86a9f3e24681b6b62a8	4977c46c6a169e0c7b3bb1c394b74e6f69871c8f4b7ac75958734025f615f8b3	32856386	27775
1508	SRR4035678	/cephyr/users/mayoa/Vera/hpc_rnaseq_production_results/2026-09-10/runs/SRR4035678/gene_counts.tsv.gz	b3e2e353d7596ceced0a56a2652a8ceff65f9ca783c76a82638249df534aeb59	18ed11bff49786d1b94e642d900d4fb9df62ff084ddfe5cefa12f1fea4e83e1a	29232140	27775
1509	SRR4035679	/cephyr/users/mayoa/Vera/hpc_rnaseq_production_results/2026-09-10/runs/SRR4035679/gene_counts.tsv.gz	55fa8ca0f6ab3c8f653382ffe4ac47fe664b51bbcdda4b5b71665ffa136d8084	1c56059eea82a674fdc26c7fa3a09665f6b4fd2deefd90d6a56af427a6150aa8	34674702	27775
1510	SRR4035680	/cephyr/users/mayoa/Vera/hpc_rnaseq_production_results/2026-09-10/runs/SRR4035680/gene_counts.tsv.gz	5dcfe0a5c39a328303d9e7bc2af57c486a41f8d6313da55b16fdfeab8da87e13	fb540a2f35795325b13e05ad7fedba8b034b51779bc29614642bd9d74e97fe1a	32903759	27775
1511	SRR4035681	/cephyr/users/mayoa/Vera/hpc_rnaseq_production_results/2026-09-10/runs/SRR4035681/gene_counts.tsv.gz	1d78ca1478ff36561bc74032e485cf41e2f98a44b5dfc2f094c6f2cf999e2d81	fb775f0138a17450d78ad9ba5adaf4c2fd02d9e36fcd226108a19b1e8f480b4b	36034521	27775
1512	SRR4035682	/cephyr/users/mayoa/Vera/hpc_rnaseq_production_results/2026-09-10/runs/SRR4035682/gene_counts.tsv.gz	f781bcc731bbbfb8b4efa4b519fa1a320f3297300a00b4ad94d84e000655beb5	6dbb9437444de5dbb8606fe6c8863e0d94442edf8859a21a66a542fd46b9d7f9	31015596	27775
1513	SRR5298325	/cephyr/users/mayoa/Vera/hpc_rnaseq_production_results/2026-09-10/runs/SRR5298325/gene_counts.tsv.gz	52d1466d991544838b88a24ae15f10ceb9a0ed617310a967917014030166242d	b7ae796590f0be3fb3475f0057bb03f45f033034e06a160931833d3c65ebbbe8	25642500	27775
1515	SRR5358888	/cephyr/users/mayoa/Vera/hpc_rnaseq_production_results/2026-09-10/runs/SRR5358888/gene_counts.tsv.gz	0aeaec2adcb52f0a9997958d40f8fdbd7c074b43e617d944a043350ec6035b0f	5c621213c7fb14bc9e4052a4c7441415724bc1b16561e25ee9ecfe8e569dd588	57899297	27775
1517	SRR5358890	/cephyr/users/mayoa/Vera/hpc_rnaseq_production_results/2026-09-10/runs/SRR5358890/gene_counts.tsv.gz	3c0dd67ea6504a083a19b0deeb1fbd49d8a97c5ff2488b2ad86bcfd41ac3911e	989a2f0b8ab8d7ff44dec91466c4fcfe8e7f9e262f9a03d95d518a55d356965d	70418346	27775
1518	SRR5409489	/cephyr/users/mayoa/Vera/hpc_rnaseq_production_results/2026-09-10/runs/SRR5409489/gene_counts.tsv.gz	df8a257d3d781b86693d2d0e690d8a6478fe446a8d50e80224a79acd63edcc64	9094891da14066624c5582db9cf22aa52a1bdf25655d531c2bce864aa132f505	15483491	27775
1519	SRR5409490	/cephyr/users/mayoa/Vera/hpc_rnaseq_production_results/2026-09-10/runs/SRR5409490/gene_counts.tsv.gz	c34ddf2a08df5d3bae22abef10337921fc1a83b5f9b7808052013f9438382441	56e7f6ea0921ca819b4e09547b2306830f202a111846912c43d1e3492727f71e	26154559	27775
1520	SRR5409491	/cephyr/users/mayoa/Vera/hpc_rnaseq_production_results/2026-09-10/runs/SRR5409491/gene_counts.tsv.gz	50b6256a42050bc0c69528ea33c830304fb45444b3fb23172e177c27675abd87	ea1cacd558dbccccadb9615efccb1532a20d70f0101cc5720a47be0410b6a6dd	21264134	27775
1521	SRR5409492	/cephyr/users/mayoa/Vera/hpc_rnaseq_production_results/2026-09-10/runs/SRR5409492/gene_counts.tsv.gz	dc0e891a923a680d8fd6c52bfc7eed1e0db9a23f6447b321c2c12541d9697e67	7d644e245f32a2b8671dba526f1b3a343f0ef4add900ef4721302a29fe626f7b	14309900	27775
1522	SRR5812564	/cephyr/users/mayoa/Vera/hpc_rnaseq_production_results/2026-09-10/runs/SRR5812564/gene_counts.tsv.gz	f2e79bbc482436b822da52308fab89af3195f14dc8ed0063c248e66327fd83ac	0cc737c2b33f2f45517d9ec18e269936d9b028721beeae9c8245eea2419a6824	50891960	27775
1523	SRR5812565	/cephyr/users/mayoa/Vera/hpc_rnaseq_production_results/2026-09-10/runs/SRR5812565/gene_counts.tsv.gz	d4d1d59ab33185151c33e2f636bddffee78f00d0eb4257780d3743d2dcaa4eae	7e638de5e8b5f07a4d2b4cf1dd12a69fc0dd38654cb8a20cecc9258ba3ebc8ab	49209782	27775
1524	SRR5812566	/cephyr/users/mayoa/Vera/hpc_rnaseq_production_results/2026-09-10/runs/SRR5812566/gene_counts.tsv.gz	2f662cb8826540164e2fe5e9790163ec09367b8e818c8ab11fa18e5cd018fb5a	5bd9ef1fdaf1ee306dd2fd42d029fbae0d00cbe497a5ac6ec8a0bf9ab397cd28	51988692	27775
1525	SRR5812567	/cephyr/users/mayoa/Vera/hpc_rnaseq_production_results/2026-09-10/runs/SRR5812567/gene_counts.tsv.gz	6cbe3b1c66a6e8dd48828c7f50535f3d67c781a770f5a7b0132be7014350e372	5f4e400bb0ede89269726a88294a72396be01ecb8e5f7665ed7a9339a37bd838	48442692	27775
1526	SRR5812568	/cephyr/users/mayoa/Vera/hpc_rnaseq_production_results/2026-09-10/runs/SRR5812568/gene_counts.tsv.gz	242e707db13d301fa53eb2f024952ddc01b913dc019b4357b4279254cd8c8c89	b17f3eb77353e1d6a34cf16e44db7f0999564d252eded95a44f7d515d91f66d6	50479407	27775
1527	SRR5812569	/cephyr/users/mayoa/Vera/hpc_rnaseq_production_results/2026-09-10/runs/SRR5812569/gene_counts.tsv.gz	78916762f68fa04219e56ca7fe3961a98089be28ff5ab513d1a9c59fa436c862	9b910e8ee66952f67c32d7804b3910787e34e913ca68c420fc9a88def89969f4	42986083	27775
1528	SRR5812570	/cephyr/users/mayoa/Vera/hpc_rnaseq_production_results/2026-09-10/runs/SRR5812570/gene_counts.tsv.gz	84732738dd9693a58c546b1bef5a38e41c497b06af4f7fa1fb4e44afb95a6c2c	be46ff2e2f31cb28fdf273c0f8783f10d0c0a579c1eaa70ed9db948851136fc9	20029641	27775
1529	SRR5812571	/cephyr/users/mayoa/Vera/hpc_rnaseq_production_results/2026-09-10/runs/SRR5812571/gene_counts.tsv.gz	bde8ccec97dcbfc58303f4f438734f9ea988d6595cec1c0fa74b6fcdb27a6be2	76ba80e4763115d3258afa046b96f84ca642a5fdf96d8eaa62e06ca53594b85a	19525938	27775
1530	SRR5812572	/cephyr/users/mayoa/Vera/hpc_rnaseq_production_results/2026-09-10/runs/SRR5812572/gene_counts.tsv.gz	c0c15f6cc281349a5d995274832c40ed681e0491b2a2f9248a2fa02d1db8e365	0e1453eaa8c19f9ab5eb32c4e503d8d0d6fe55e958da93159ba9e572d12476bc	19238346	27775
1531	SRR5812573	/cephyr/users/mayoa/Vera/hpc_rnaseq_production_results/2026-09-10/runs/SRR5812573/gene_counts.tsv.gz	0cd484aee2fad83e9c26fe025879a64d20a2e2685698727ae616bd01369c1958	4de7cb0b03eb61abc8e3e5dda42c0a4554c268f7d1a82d2c4b728ee83ff1d91d	18743967	27775
1532	SRR5812574	/cephyr/users/mayoa/Vera/hpc_rnaseq_production_results/2026-09-10/runs/SRR5812574/gene_counts.tsv.gz	927eea9f3504c4e1c5368473a07a2903cedd7044267f453b1ef596958786c983	765f7dd7dcbc4f6ff94688041f05b03a196ee0ae827651b4f2c880324e18f599	19150370	27775
1533	SRR5812575	/cephyr/users/mayoa/Vera/hpc_rnaseq_production_results/2026-09-10/runs/SRR5812575/gene_counts.tsv.gz	2ca3ad19dbf0717ffe8e827ad99ab195e1fec97334b73e3860871afd6e8a0ff5	da1a40a9d15635abcaf010b87e60be4fdd447bd4663fca2a61bf3dfdbd1327a5	18711389	27775
1534	SRR5812576	/cephyr/users/mayoa/Vera/hpc_rnaseq_production_results/2026-09-10/runs/SRR5812576/gene_counts.tsv.gz	a4af81d0a42ff1fd00c103273655b0302085ee78390b282d471500b91155b084	bd4dbe27e09208e30b4d8966a448ab4bd7e4cf9296bad918bfb5b03c5a8bbc20	20487127	27775
1535	SRR5812577	/cephyr/users/mayoa/Vera/hpc_rnaseq_production_results/2026-09-10/runs/SRR5812577/gene_counts.tsv.gz	fe69976c08a21d9410e98d45265464730716f5c09d633115c1447fb3d6d28766	8dccab6dfd6da4c164405bc7e93c0e97b9e334bb95a93970102b955a75b699cf	19942742	27775
1536	SRR5812578	/cephyr/users/mayoa/Vera/hpc_rnaseq_production_results/2026-09-10/runs/SRR5812578/gene_counts.tsv.gz	11cffda970ecfeb15c6bdaeee282686fb8479078789881a8fd4eb3c299d69b76	91d4a0ed1e88dd7e516ce728f0a4f40d596ec7a9d493b392fb76424450c249ad	19475066	27775
1537	SRR5812579	/cephyr/users/mayoa/Vera/hpc_rnaseq_production_results/2026-09-10/runs/SRR5812579/gene_counts.tsv.gz	0f08a2336044bce14d7a3c69f4f2e0e5869d5c0be9cd2da5b3f69b0ace3522db	8d93d61dc12a41d68a3412b24dbad10ea01da5268d8b7cfd430bde5d190605f2	18984652	27775
1538	SRR5812580	/cephyr/users/mayoa/Vera/hpc_rnaseq_production_results/2026-09-10/runs/SRR5812580/gene_counts.tsv.gz	628f454a8a751b68684649d12648a81b9f2800b062d53fa1ed64626058f9749e	310015d66b799df629048a7bdd566c7dffeb20b62f10821e9ec16ee7d65a84b7	19081370	27775
1539	SRR5812581	/cephyr/users/mayoa/Vera/hpc_rnaseq_production_results/2026-09-10/runs/SRR5812581/gene_counts.tsv.gz	e992bb0abe2a628d1e4b7344141778c3bf0852afab694b07dc884e91ef45bc81	689228ca07ac7f177d89cbe65c35df4f23e7d61a543ac069ea240a4bd6879db0	18622213	27775
1540	SRR6232157	/cephyr/users/mayoa/Vera/hpc_rnaseq_production_results/2026-09-10/runs/SRR6232157/gene_counts.tsv.gz	927cdaf1e45d37fcf05d92c3964819b20c3a07da27c031e630ac6144374a53aa	afad73feacbdd80cb4c1e49e172a54e3da8072047bd272436682835cd28cfb54	20938147	27775
1541	SRR6232300	/cephyr/users/mayoa/Vera/hpc_rnaseq_production_results/2026-09-10/runs/SRR6232300/gene_counts.tsv.gz	bbd5256146d9601e5577bc47df9aecdeabe39aaf269a041afc741060654924b5	1d7fa165fc3ad09a4743d4964a72f4cb838ca1f494bc876b7ef4bd171d8db924	19626075	27775
1542	SRR7421882	/cephyr/users/mayoa/Vera/hpc_rnaseq_production_results/2026-09-10/runs/SRR7421882/gene_counts.tsv.gz	95ccde41c91a7272230b0f9158a327a07d149b9a29f5c8fca522a8776188680a	bc640c2c2b1e2b55d9f40a2e4fc9faba5835a94f5330467145a4267c0381231f	23965454	27775
1543	SRR7770742	/cephyr/users/mayoa/Vera/hpc_rnaseq_production_results/2026-09-10/runs/SRR7770742/gene_counts.tsv.gz	c52baa6d73e1f5b19240fb86f107b3841bd1b87c1a806bf6fafb633451b98e01	47e538ba88cd99ab7b3f2563c0119db273056bc22f6d5529b64fefbb79c23186	28975755	27775
1544	SRR7770743	/cephyr/users/mayoa/Vera/hpc_rnaseq_production_results/2026-09-10/runs/SRR7770743/gene_counts.tsv.gz	b2750e03dcf74132ed04ace2bd65b79b5c58a17bf32562a5b726d22016fc2955	82f4d3f9b13d4ac2481c6cce5b1c97dd04465517dd016ce6d1ecc7a561b51368	32617917	27775
1545	SRR7770744	/cephyr/users/mayoa/Vera/hpc_rnaseq_production_results/2026-09-10/runs/SRR7770744/gene_counts.tsv.gz	f00566fa6ed2bae9dbe88feb14ec100a485c6b264303e763aea6f684bcbe834e	d1fbe868e3ce9bea8eebb6a696857ace58e73b71c21235c87f76f732a4ef0c8b	26865390	27775
1546	SRR7770745	/cephyr/users/mayoa/Vera/hpc_rnaseq_production_results/2026-09-10/runs/SRR7770745/gene_counts.tsv.gz	d764f7d5903dc1661816db8c6fe2c5bea94f2536aad3bfa36e299f848cf48e17	672b119190f37b9d5f6e491c2f695d9d9b103a79748dc6a603f1a82f20a803c7	26427029	27775
1547	SRR7770746	/cephyr/users/mayoa/Vera/hpc_rnaseq_production_results/2026-09-10/runs/SRR7770746/gene_counts.tsv.gz	ce19eb7fc38076af9cac107a304cbb842d64465e6231a25292d49c82fa49ce6b	5ed7a4df6107ff849c8f43a8bf168576643a8e2dcbb410858d31c280be5d598c	28002266	27775
1548	SRR7770747	/cephyr/users/mayoa/Vera/hpc_rnaseq_production_results/2026-09-10/runs/SRR7770747/gene_counts.tsv.gz	d342b73ffd72f0f7ad7a5c37ab1a805404b6162add928078441aa79662f22e3e	8de14ea5a0d4f69f576dc61dcb92eed55836be9c784103b96d98c2b9b4bac25e	25029176	27775
1549	SRR7770748	/cephyr/users/mayoa/Vera/hpc_rnaseq_production_results/2026-09-10/runs/SRR7770748/gene_counts.tsv.gz	5120dcef575de809b193114ab68e741cccf47850f62ac265c97029ef8f2f005a	0e38e490620f63a3907fdb46646c2e463b9266c8c3d779e0b83b8a53f0f72331	25187156	27775
1550	SRR7770749	/cephyr/users/mayoa/Vera/hpc_rnaseq_production_results/2026-09-10/runs/SRR7770749/gene_counts.tsv.gz	a7e546ef6d50d807e76092f73ef2a769462077fa38ffaf1f72229dac5203a241	1bad4e6bf15ad3550a2155d4f2b5c616a460f08d1c5ed788d2ca764e6aa84783	28263632	27775
1551	SRR7779168	/cephyr/users/mayoa/Vera/hpc_rnaseq_production_results/2026-09-10/runs/SRR7779168/gene_counts.tsv.gz	a20a0092b307d2ed8dabbd8d002dbfda87f61f2e7ab2b8ae9976b4b27a1edf91	29958991c7a49c1b46b80fc26f9e0a2b74ee0349a48489b0969c858cd976f835	15827690	27775
1552	SRR7779169	/cephyr/users/mayoa/Vera/hpc_rnaseq_production_results/2026-09-10/runs/SRR7779169/gene_counts.tsv.gz	76a105f4a01073533104ed195bba3d96763aebaa11ad7203e81ab5e97934b13a	c49ea1bba2e774e4b32b5813f1b66242263f5e34af083df669b129095232a2e4	16643624	27775
1553	SRR7779170	/cephyr/users/mayoa/Vera/hpc_rnaseq_production_results/2026-09-10/runs/SRR7779170/gene_counts.tsv.gz	fcf8e845bba2897c955cf96d4352f4bb1337d74bf530d05e59ce13afb3e10f18	96f5207261a254278d146baa163ba95951551a57b8d2fe11fff13a2b36086e64	13008250	27775
1554	SRR7779171	/cephyr/users/mayoa/Vera/hpc_rnaseq_production_results/2026-09-10/runs/SRR7779171/gene_counts.tsv.gz	9c53a3983adcdd9d4d6039637c67144c3a4e21ad37aa352c841c90d6849dcb96	1192d7d9b7538cee188f772d90ab39a909793f6358f8733c450e21d06077486f	11339950	27775
1555	SRR7779172	/cephyr/users/mayoa/Vera/hpc_rnaseq_production_results/2026-09-10/runs/SRR7779172/gene_counts.tsv.gz	ce584cdec15f55c61250fa5d446719f5a4f97d5029da54f7dd5a53f86e53320d	89f509509bea81ca602decd8ae9534ecc202ec8de2d568ecee06e77a5e4d7d4c	11104033	27775
1556	SRR7779173	/cephyr/users/mayoa/Vera/hpc_rnaseq_production_results/2026-09-10/runs/SRR7779173/gene_counts.tsv.gz	955bddfaaf6a2e0c9e46c9e50b30274b776b99b9360b2a9d13ccf917696c7f9f	45cf0af6fe5b85d9d2b589d7bdbddabc8f729d916d44c82578151a6c3287286c	16386783	27775
1557	SRR7779174	/cephyr/users/mayoa/Vera/hpc_rnaseq_production_results/2026-09-10/runs/SRR7779174/gene_counts.tsv.gz	0eef39222d56c62b22d335b1645ddc3b6b029eda53ce586bf0a8cd7a229156a2	3b5b42813610f2b44e234a34b4ef2f714c722675a9358904ced5ec747286be04	15144550	27775
1558	SRR7779175	/cephyr/users/mayoa/Vera/hpc_rnaseq_production_results/2026-09-10/runs/SRR7779175/gene_counts.tsv.gz	dc6d8c4657358fbcda75afa916bbf9ed0c2befd3d3c0d41af4700b5341c4a81f	585c61f28dfc76f919a51bb72e330e2bcccd433465a55387204219e098c88847	12419490	27775
1559	SRR7779176	/cephyr/users/mayoa/Vera/hpc_rnaseq_production_results/2026-09-10/runs/SRR7779176/gene_counts.tsv.gz	4b01b438b3baf72d6086c23709a28a87020657b2dc93e295edecfab0d4970004	cf8d4528c9ebcd7319e54b4587eee6fd1cc33a715783a4e955f035dee9ad0343	12692137	27775
1560	SRR7779177	/cephyr/users/mayoa/Vera/hpc_rnaseq_production_results/2026-09-10/runs/SRR7779177/gene_counts.tsv.gz	c82b20cc1b2a62abf4e187e575f4ba52a80dcd7ce52d90f9f309672471d971d0	7a9713a86622baaf269334092a93adee0f4bf829dac1408af5d2092707058c5e	9656429	27775
1561	SRR7779178	/cephyr/users/mayoa/Vera/hpc_rnaseq_production_results/2026-09-10/runs/SRR7779178/gene_counts.tsv.gz	c88fe8ad93004c96ee1fd392e8adea1d83ac791dc480f63c4897d2733039965b	3e6f5cfc254cb83e478cbe84ba1831a8bb0a7623609449bfc911090acc72e5fc	15496305	27775
1562	SRR7779179	/cephyr/users/mayoa/Vera/hpc_rnaseq_production_results/2026-09-10/runs/SRR7779179/gene_counts.tsv.gz	cffd7ee3dfab4e09840e707f718e9c12660cb647525153c9dd6bc99316a123e8	fb17637da7f52b038f259f355b0533dda0e4c0e5ec35a706049e94f766e3625e	14787497	27775
1563	SRR7779180	/cephyr/users/mayoa/Vera/hpc_rnaseq_production_results/2026-09-10/runs/SRR7779180/gene_counts.tsv.gz	34a107750f75b9764cd0b3e1c59731116aecd9603e1dd9dcdc5b17a7e0c88de8	9a1dd05b20cebd1ab0b6a3f4aeb8b672470d552ccdfb9a4564533de41e5c74db	17482681	27775
1564	SRR7779181	/cephyr/users/mayoa/Vera/hpc_rnaseq_production_results/2026-09-10/runs/SRR7779181/gene_counts.tsv.gz	45adb9b144261657808237ee5db328b8068d9afbf2777a22ff82b0a95936d9f4	982e31260f54b3624262b539706c3276820fb2ae3ebaede4de192c0386b33359	20626925	27775
1565	SRR7779182	/cephyr/users/mayoa/Vera/hpc_rnaseq_production_results/2026-09-10/runs/SRR7779182/gene_counts.tsv.gz	d904318a61de133be08d9a795fec2e2080e3367ba82b984688c088935bd98662	a8e8a459ee06c1126dfba3d92bd4bae33d60a09a2daf269d2bd45b1ebc97ef7c	17846175	27775
1566	SRR7779183	/cephyr/users/mayoa/Vera/hpc_rnaseq_production_results/2026-09-10/runs/SRR7779183/gene_counts.tsv.gz	095f0f9c3a21a6d3f7129bdfbb831f925420e21b7ca9ce495cfbe53f68899fa1	9ee3eccc529b282ea791275fafed8665552bd200445857c0a9b602a93c889c41	15658801	27775
1567	SRR7779184	/cephyr/users/mayoa/Vera/hpc_rnaseq_production_results/2026-09-10/runs/SRR7779184/gene_counts.tsv.gz	0a9f6c02e16b72c8d9e73a7c120c2e5d7e1164fbd89b6afc65adb76fc740ffd2	54a57b38c99894ea3a2a14ce2bb659b9e25c221f9404e32c40fcd3d624e5c3d6	16964178	27775
1568	SRR7779185	/cephyr/users/mayoa/Vera/hpc_rnaseq_production_results/2026-09-10/runs/SRR7779185/gene_counts.tsv.gz	8b700619546a26d39d696e1bc0d98518686fe49703094c656f98a748ee64ff11	a02019103d62a1f661369a2a5a3f8d4e00067ada77ec651e2745b76552a62180	16981949	27775
1569	SRR7779186	/cephyr/users/mayoa/Vera/hpc_rnaseq_production_results/2026-09-10/runs/SRR7779186/gene_counts.tsv.gz	0f0ebfcdbf7e54faca6156ff0da227b33a50ab957da9d3c62e4edfb352f083aa	9e0981c00673c6f89ff77caabeda81eaac93f1b5a66d26d98b2a880ac461dece	18623179	27775
1570	SRR7779187	/cephyr/users/mayoa/Vera/hpc_rnaseq_production_results/2026-09-10/runs/SRR7779187/gene_counts.tsv.gz	9fa2d8b1ecda3f5301fa3d83c95b787397799c931da63f4f473dee5c3939d080	f470191805355090b8999fab6e812a9b7ab10234790f3811fd71ec844e47aa6e	17922688	27775
1571	SRR7779188	/cephyr/users/mayoa/Vera/hpc_rnaseq_production_results/2026-09-10/runs/SRR7779188/gene_counts.tsv.gz	ddf050bf67f0399168de07e629f2b247daad38be69e1f4d8e03dcdb25f517726	be9d2bcaaf89e776e70d76574d09eddf9c0384307ab25522d24d722a72fa9836	15219833	27775
1572	SRR7779189	/cephyr/users/mayoa/Vera/hpc_rnaseq_production_results/2026-09-10/runs/SRR7779189/gene_counts.tsv.gz	fbe41ac6c5b0d0f8e31fbd3e251084e4b65fce8ba3741894bba7227c11200b0b	66b0ccf15d27a5f77c70ed2c80747279bb469e2a05db71b622033d09ab7cc2c8	17076676	27775
1573	SRR7779190	/cephyr/users/mayoa/Vera/hpc_rnaseq_production_results/2026-09-10/runs/SRR7779190/gene_counts.tsv.gz	054ad20f0885f49a57fa3c0f1da4793a69f5bbc02060f705d3ba26d61e7ffad5	1892a368f313ecdfd00dd35aa89a867f265068c0ac5625c382e43931a144be95	14491515	27775
1574	SRR7779191	/cephyr/users/mayoa/Vera/hpc_rnaseq_production_results/2026-09-10/runs/SRR7779191/gene_counts.tsv.gz	7c1b471bfdd64b7b2ff2a8b507dcd33a5ca4b7dc46656d7af4e222503fbb7073	4cc3db977b8948e35eafcefce31aac93ea8bed538af2841d6ba22c336edac3c3	15669237	27775
1575	SRR7779192	/cephyr/users/mayoa/Vera/hpc_rnaseq_production_results/2026-09-10/runs/SRR7779192/gene_counts.tsv.gz	14c8a1fcb8a0296345af2efd24a17fa27fac6308ac43995671ba3b996041ca0d	dd389c56bae84cd02d2b8661de320fc226fc88eacacd53b1eaed90f920458335	16456588	27775
1576	SRR7779193	/cephyr/users/mayoa/Vera/hpc_rnaseq_production_results/2026-09-10/runs/SRR7779193/gene_counts.tsv.gz	46b73a12cda17ae9429f4a6434ec4d846d2b823b3a1c81b0aa3495f5dbbddf55	e1b07e0c7ce69a5bd68ec745db42ea4519672c2f14106f853df3569ef1996d6c	17343369	27775
1577	SRR7779194	/cephyr/users/mayoa/Vera/hpc_rnaseq_production_results/2026-09-10/runs/SRR7779194/gene_counts.tsv.gz	1f783773b95e0a127d8a697301fa2abe4bc27a8ff042d3083c51c6355b3a8a8f	a42bda6db7511484b7490c2404f6e9f05726d400d04b69db1cadb9983cb70591	15635312	27775
1578	SRR7779195	/cephyr/users/mayoa/Vera/hpc_rnaseq_production_results/2026-09-10/runs/SRR7779195/gene_counts.tsv.gz	bfdcb49079af2d27ef9d39499ff4e2f19bbaad4e62fd11434968d36d10b7483a	480db62daa0cdcfc7009d85df33b6effb17150004be14c605ec0371388784f1b	16956361	27775
1579	SRR7779196	/cephyr/users/mayoa/Vera/hpc_rnaseq_production_results/2026-09-10/runs/SRR7779196/gene_counts.tsv.gz	6629e92c0aab09dde80bb286225740af4ec7c2f2e124d652f372be4b663e26fe	2f46e1ae285b41e2f2b0d12249c347903b3fe240d015b0974928591e27ada370	16022999	27775
1580	SRR7779197	/cephyr/users/mayoa/Vera/hpc_rnaseq_production_results/2026-09-10/runs/SRR7779197/gene_counts.tsv.gz	5e9a114d08aa4b317909d423afde13a36ad1a419b53bd268c6d669115c5329ca	fd77e2333f14b71b8d010ece0ab4b311681495cac1c798a9255f592057fdff55	14674924	27775
1581	SRR7779198	/cephyr/users/mayoa/Vera/hpc_rnaseq_production_results/2026-09-10/runs/SRR7779198/gene_counts.tsv.gz	96a7c943b1cd2e03cbc6a2bc9af814416a77a3262390b6dc5e25636cda8c2ac4	34ca2ec2e97532754313e4c621437eee9a29d0133bba5c97c9c999142728cb04	17972258	27775
1582	SRR7779199	/cephyr/users/mayoa/Vera/hpc_rnaseq_production_results/2026-09-10/runs/SRR7779199/gene_counts.tsv.gz	6a64ad8a794af04fe55b3874412dc878c206809fb5d4564cf75f63131bcc0e67	22e2cea2eacd4905c535b4d871e1b912acd27e330d91e5bf9d1558b50ae072d0	19167534	27775
1583	SRR7779200	/cephyr/users/mayoa/Vera/hpc_rnaseq_production_results/2026-09-10/runs/SRR7779200/gene_counts.tsv.gz	c96a0b6b4ceddce4cefa7a1a643bd139cb043983697ecea35a5c74e7cef8975b	cce134a9898c6a6d4875aebe3561fb55f4bf599dc41ed25edddc94fc046e2ac6	17525791	27775
1584	SRR7779201	/cephyr/users/mayoa/Vera/hpc_rnaseq_production_results/2026-09-10/runs/SRR7779201/gene_counts.tsv.gz	635921bf5905bce1713b65dcae22c709169e0f3f050fd949fa172653cda84afb	9a41b38bb66071d02f8d2317e95cf69128bb828c26caeafc3eddc9b774d064fc	16051695	27775
1585	SRR7779202	/cephyr/users/mayoa/Vera/hpc_rnaseq_production_results/2026-09-10/runs/SRR7779202/gene_counts.tsv.gz	fae5a95b5c33bbc1153a1f75c7dd24b06268ab370decade260fcba43ea43f0ab	23be46fc6c32642da4935422793276184d39492e6c7030aec0a2499ec5305e80	17115040	27775
1586	SRR7779203	/cephyr/users/mayoa/Vera/hpc_rnaseq_production_results/2026-09-10/runs/SRR7779203/gene_counts.tsv.gz	93e1a99a722c0b5db11257085e2b482e1da01f85b91cf6a9a589aae8b0064504	9ff94fc5a869d292e3c11820b5216cda06a153c9df0ba0f5fe52336468f4ee1a	13902485	27775
1587	SRR8165621	/cephyr/users/mayoa/Vera/hpc_rnaseq_production_results/2026-09-10/runs/SRR8165621/gene_counts.tsv.gz	a541ac2816e7050d45935849b4080020ce5177bb64a3b98c54f08a6bd16cffde	a128c9c5fba9b11edbdd7d4766d885bc42327a3d8599668be8db32a7023dbb75	46066230	27775
1588	SRR8165622	/cephyr/users/mayoa/Vera/hpc_rnaseq_production_results/2026-09-10/runs/SRR8165622/gene_counts.tsv.gz	25893744a5fc40ebb150a9f85bc49abb49b95c91f9065bcf259e2a0f8f6ff847	e914139d17bfe0b9ff1a311ccd82df0a051c60879d8006374eb5cd9743f583e9	53396068	27775
1589	SRR8165623	/cephyr/users/mayoa/Vera/hpc_rnaseq_production_results/2026-09-10/runs/SRR8165623/gene_counts.tsv.gz	7bb76fc0be62c7a29bd93d35a767d6d68d6ceaa15c98cf16698eedf0f471b59e	0bad628a4248f0736faf788ab3d62df1ff619f0944a825d098e43225905d2003	45940638	27775
1590	SRR8165624	/cephyr/users/mayoa/Vera/hpc_rnaseq_production_results/2026-09-10/runs/SRR8165624/gene_counts.tsv.gz	d36b2eed5800875b718bd51a0bbf645f71ff9b58dd2b1d7213822d932ea4cbc2	aaae02679ba90ed6e3d2cc4aaf47e0c51ac5aba7e3d996262665331ec6605ea2	54608978	27775
1591	SRR8165625	/cephyr/users/mayoa/Vera/hpc_rnaseq_production_results/2026-09-10/runs/SRR8165625/gene_counts.tsv.gz	cb2704148f48b86d1edcb69d75b04bb4ac242899cc5d4bdf52944e356886a519	4000dedbbf8a9de145c66067ab8ab1abd836f1a23abdf08f42f288691f701234	58393186	27775
1592	SRR8165626	/cephyr/users/mayoa/Vera/hpc_rnaseq_production_results/2026-09-10/runs/SRR8165626/gene_counts.tsv.gz	833d9bfb4266aa18656bf0f39435586cc22335a36c4a21600a2bfc49ba454625	008aa81d7954255acbeb2fc867eac92107d9da6e9dc67a16645cdfd6acca06fe	55389092	27775
1593	SRR8165627	/cephyr/users/mayoa/Vera/hpc_rnaseq_production_results/2026-09-10/runs/SRR8165627/gene_counts.tsv.gz	fe89b249ae5419cee2cda3ae81f277875189a44a0ef3109c9e358820ccfa3c0c	ca3545b32b44b642deecebedcc2e68878452ee1fe6109c3d1c6d0357b442c58f	22245366	27775
1594	SRR8165628	/cephyr/users/mayoa/Vera/hpc_rnaseq_production_results/2026-09-10/runs/SRR8165628/gene_counts.tsv.gz	e7c4fb68143bb3dcf402e4732337b9a5220c6ccbe43890e1fef93c74a6c0aa47	ef4ba90ef0ff0ac373e4d6a9488ba3fe2bb8a7889b6ee395d47fef0f745d35db	51458474	27775
1595	SRR8165629	/cephyr/users/mayoa/Vera/hpc_rnaseq_production_results/2026-09-10/runs/SRR8165629/gene_counts.tsv.gz	d7670084467ec1e5b26d376653256d48046353cd2410a75eaf785029c034ab77	d2355219dcc92387e0577c81fc1cb33f3190da8aeb23a0e35b3e75b57a3f1327	47786627	27775
1596	SRR8165630	/cephyr/users/mayoa/Vera/hpc_rnaseq_production_results/2026-09-10/runs/SRR8165630/gene_counts.tsv.gz	a657f2debb2587359b742a7e2d45eeae8fd7a35e3a236fb4d4ac08fbc86436f8	bc6c19a7ed5e7a9d0e8363e24f8a90552004da26728e5ed664287af016ea4bc5	50036704	27775
1597	SRR8165633	/cephyr/users/mayoa/Vera/hpc_rnaseq_production_results/2026-09-10/runs/SRR8165633/gene_counts.tsv.gz	8b6754e631a3085a6cbae3d7b05606831efd6fb5204d26ef2ab4a0020bb386e9	9d50b62114d44f7111a1dc1c7b7bc53fd851bd9116f5472aee919475adf1c1d9	31842877	27775
1598	SRR8165635	/cephyr/users/mayoa/Vera/hpc_rnaseq_production_results/2026-09-10/runs/SRR8165635/gene_counts.tsv.gz	19b2863043d584cff0c0b739662a82873271b04e8763db46a296db3ba1356da5	e56798e7a82e74a327067ed607a86d9ebb1526497e6451778a95e44654d59dd9	40610834	27775
1599	SRR8165636	/cephyr/users/mayoa/Vera/hpc_rnaseq_production_results/2026-09-10/runs/SRR8165636/gene_counts.tsv.gz	c133a96de9a917f7b21b4d33e98e6c4d5aaab45edb5c4f7c39b70faad86fc087	ea56d16a61efc375a7d641944a9a4bb5c7fedb3426ce5e55fff3d5b5b5de9282	39025311	27775
1600	SRR8165637	/cephyr/users/mayoa/Vera/hpc_rnaseq_production_results/2026-09-10/runs/SRR8165637/gene_counts.tsv.gz	ce914ed188a5066cbdb50a6848d73cb4c32680588ebfbb44ce75a90a7a210c1e	375e6776d41582fd9d5192138f4c7db9f6e1a0ad83bf5cb560640b06ecc3c9c8	36763292	27775
1601	SRR8165638	/cephyr/users/mayoa/Vera/hpc_rnaseq_production_results/2026-09-10/runs/SRR8165638/gene_counts.tsv.gz	95fe8c6447e8ecb685707427f556cddb86e2e23a75b64c412cbcdffb8a6348c1	4677e96e40ecccdb1ec2aa4bd50a6096b0ef062bc8ac8de5052f9f04dd8d2ee7	39528984	27775
1602	SRR8165651	/cephyr/users/mayoa/Vera/hpc_rnaseq_production_results/2026-09-10/runs/SRR8165651/gene_counts.tsv.gz	ed96c25fff0ffe3a77f63a931a11605b28ecc63691f4ef8d3cc44059a98db324	f3275ed06ff61930f5d1235a0c1331d55b08349cafd97e60a26c1b2c1ff13166	31051560	27775
1603	SRR8165652	/cephyr/users/mayoa/Vera/hpc_rnaseq_production_results/2026-09-10/runs/SRR8165652/gene_counts.tsv.gz	074aea9c1f655c33bbcf1721572ef8679dae031b95f02710840230ac7e02e549	a2c349b76596bb263da32a0bbb5c5a6bef928aead095997f82b0b7237b61719a	30133793	27775
1604	SRR8165653	/cephyr/users/mayoa/Vera/hpc_rnaseq_production_results/2026-09-10/runs/SRR8165653/gene_counts.tsv.gz	1cfdc87e20a9a264e74a8d6ac25381c5b7d8dd10601972c9b3b459524a336724	483c4d1c23216c32d71aec53ce629a9218bd0d26adb66c15baaa36f8452758f0	101343668	27775
1605	SRR8165654	/cephyr/users/mayoa/Vera/hpc_rnaseq_production_results/2026-09-10/runs/SRR8165654/gene_counts.tsv.gz	42176883ae301302783f7a15e283c68f7f47abb2b87cc8dde0c722769c1d83a8	a48d729e65bdc5988c664148227b7f458aca2120fba079a903cdff6beacbb79e	105066382	27775
1606	SRR8165655	/cephyr/users/mayoa/Vera/hpc_rnaseq_production_results/2026-09-10/runs/SRR8165655/gene_counts.tsv.gz	4ff529a865900cba34a1949490d84778fc5c890f833f983694921bc5a6b10977	4ceebbb0c2ab2fc3a4f0ec6dba77b15be6fe218986ddf2e4ba82a26751a058ba	24079254	27775
1607	SRR8165656	/cephyr/users/mayoa/Vera/hpc_rnaseq_production_results/2026-09-10/runs/SRR8165656/gene_counts.tsv.gz	518981d96e28a7707a5a1a99c2fe751480cbeab780f649997a8f2cb3287dacf3	e446d3d8698571c300af99300781a03c828ffe801d9d1fca74afcaee774fb929	26614674	27775
1608	SRR8165657	/cephyr/users/mayoa/Vera/hpc_rnaseq_production_results/2026-09-10/runs/SRR8165657/gene_counts.tsv.gz	6ae9af239ed32a269d17acaa9e33853281abd726c0226b361f6e6f4ba25bd8a1	0926994bdcc01032152289ace36ea2f23fbc44b114c431a4ad649210a96ea99b	108974386	27775
1609	SRR8165658	/cephyr/users/mayoa/Vera/hpc_rnaseq_production_results/2026-09-10/runs/SRR8165658/gene_counts.tsv.gz	9bd9407ac7e67be535eddb4f298046d092acb7dea0f86b10ba5047d845917634	1b645e738ed8e7a6104768aad82fd31d61a44e3f839f863993cf3b27a8586e3b	22073982	27775
1610	SRR8165659	/cephyr/users/mayoa/Vera/hpc_rnaseq_production_results/2026-09-10/runs/SRR8165659/gene_counts.tsv.gz	f20eb7be590395b550b5fbb37fed31fd516667f5e7585cee4719bfae345a23ed	7da90707f390026606e65bcb359ad6526fc5363bd2d244300a08db848d24988f	115091596	27775
1611	SRR8165660	/cephyr/users/mayoa/Vera/hpc_rnaseq_production_results/2026-09-10/runs/SRR8165660/gene_counts.tsv.gz	18233ba60e18214b1942fc1918965883030cbcbcc6a5bd3736bf1aea7da94e1a	f14a01c3cbdfb7944d0cb8e991b563949e0448162541a8476f1a7948333c75ad	105586356	27775
1612	SRR8165661	/cephyr/users/mayoa/Vera/hpc_rnaseq_production_results/2026-09-10/runs/SRR8165661/gene_counts.tsv.gz	f497b001aa6e84289a82b6a41d90a6d8c16f875f699e422ca0cd95b75f20a447	dc99a0dab0e48b7390544d210619e3b0f2134dd6e4413ac549c525f94965f5bf	52337152	27775
1613	SRR8165662	/cephyr/users/mayoa/Vera/hpc_rnaseq_production_results/2026-09-10/runs/SRR8165662/gene_counts.tsv.gz	4fa3027fdcc1080d0e4202e1e374bdfe5d191253d5d93c140b26a7b7e09bf1e8	f2f888e1d7394020cd46cb912686b1719f3fa20afa97b077aa95bb1b8c655fde	49983987	27775
1614	SRR8165663	/cephyr/users/mayoa/Vera/hpc_rnaseq_production_results/2026-09-10/runs/SRR8165663/gene_counts.tsv.gz	e7ab19d9c9501a00353625be7225e7920b4317a89994894ebdfc2446e69f6d41	8f5f6f301cc7cefe78f950e43e5ba4f2274c9858ad5b8de5521dd9c7f52abe48	67036340	27775
1615	SRR8165664	/cephyr/users/mayoa/Vera/hpc_rnaseq_production_results/2026-09-10/runs/SRR8165664/gene_counts.tsv.gz	cdb19d9836ebe004250d6c227728be132659689f9cb7f58a1b884da2582a1e17	1cdc52cd1aff6a10dcfda3f9ad3f2fce84e7270d176ec4798881743bc866a8e3	51543446	27775
1616	SRR8165665	/cephyr/users/mayoa/Vera/hpc_rnaseq_production_results/2026-09-10/runs/SRR8165665/gene_counts.tsv.gz	72aa02c46b370759d0c3f9a6e569624e3fd7afa37233e6d323238438eb5ba3ce	0c30d627ab9899643f544d79116d9ea98b7884098e3e22a3f8483a067bb6aec7	60223968	27775
1617	SRR8165666	/cephyr/users/mayoa/Vera/hpc_rnaseq_production_results/2026-09-10/runs/SRR8165666/gene_counts.tsv.gz	59fa2ebbea339b261c81bebd1c08de5b8d9031218fa7fcd84b506b103fa3ccaf	fd0de7991e9f6f4b909a96b1c9d2a78fba5e8dc11e8d979cabd0b8864b89cd68	51561826	27775
1618	SRR8165667	/cephyr/users/mayoa/Vera/hpc_rnaseq_production_results/2026-09-10/runs/SRR8165667/gene_counts.tsv.gz	35037efa0a4430d8daea929b134f31bbfb7713f177ce53654fcc22a1d2237d6c	09883643802937bb43972fc2f165939b17a545026465476caff309bd15a79574	50033183	27775
1619	SRR8165668	/cephyr/users/mayoa/Vera/hpc_rnaseq_production_results/2026-09-10/runs/SRR8165668/gene_counts.tsv.gz	9f636e0afc9da1330beff9f261bd364acc0ebd95880b1d292fcc5d1011d538a3	7eb26011317361f6914da5102781afbce91ca8b9c7a11812be7ec21bbe0d6a25	63947818	27775
1620	SRR8165670	/cephyr/users/mayoa/Vera/hpc_rnaseq_production_results/2026-09-10/runs/SRR8165670/gene_counts.tsv.gz	7b74227eb196455e0efdbc92e4cdeb3fb1d0d0e5bbe39f5859e0eea1d2acb130	ce106fddb6b4f9de0b8961f6daecfb16a30d7be212be5446b27edfad4cf7721e	40751950	27775
1621	SRR8165671	/cephyr/users/mayoa/Vera/hpc_rnaseq_production_results/2026-09-10/runs/SRR8165671/gene_counts.tsv.gz	435dc50303600b33a8b86387c946c2e668dea8f537bdd832237b219a3230d3fa	17178a936adf67fe9be97d9582599a9b2ef5dcd8fcfc897f574ea76b9397babf	48402639	27775
1622	SRR8165674	/cephyr/users/mayoa/Vera/hpc_rnaseq_production_results/2026-09-10/runs/SRR8165674/gene_counts.tsv.gz	993d59e0c50a739bf76d95ab869cb9f2e9c3ab026f6adfe0108adbf208cca936	5ab0fbe4659a3b908573bfb18b59b65076e79206cd83d33416f42736705b7580	107099480	27775
1623	SRR8165675	/cephyr/users/mayoa/Vera/hpc_rnaseq_production_results/2026-09-10/runs/SRR8165675/gene_counts.tsv.gz	b32429bdedff494e438af569ceae4209b809d0ffd7db98b86f12c2311f060edd	9b1581ae38ce7e038de9599000973febb3e7a044d4117b939b746d5e90a515f3	54903304	27775
1624	SRR8165677	/cephyr/users/mayoa/Vera/hpc_rnaseq_production_results/2026-09-10/runs/SRR8165677/gene_counts.tsv.gz	8db4eaab7af9094afcf94e52f7bf78c8118067b90f12053a82bb2914c9bccae2	6d4ca32eeb609893167e143f8301f151ec2cf97bbcc6f2dcbcb96d9cfae726d0	54843808	27775
1625	SRR8165678	/cephyr/users/mayoa/Vera/hpc_rnaseq_production_results/2026-09-10/runs/SRR8165678/gene_counts.tsv.gz	cef7a2b11f73ec4aaa0994ea18d56d67c7d60c84a05a2e6dde44eca1a1e8354c	723aca48e506282cb20637a985384eb32acc7126a1d8adcd4199c8d3935f02ec	61763225	27775
1626	SRR8165679	/cephyr/users/mayoa/Vera/hpc_rnaseq_production_results/2026-09-10/runs/SRR8165679/gene_counts.tsv.gz	cb689864c45b5b4e7baf0a3d77ffebaba2f1fffc7c6e10e99064d21794d7a2e4	6b9d2021bcba9747d53696e58a6ee4e1c75ac16f7328ec8fc5bab66dcba3a7f0	55225608	27775
1627	SRR8165680	/cephyr/users/mayoa/Vera/hpc_rnaseq_production_results/2026-09-10/runs/SRR8165680/gene_counts.tsv.gz	974ab8a0de9e5b0e2845ad95c3a4e89a3ae8cc0967c56d6adf8c284f0ca1fdf2	ba3ca34aa58221ad2e359c253715ce82e1e33743a71d508bbf994ab7bbb5658e	55002240	27775
1628	SRR8165681	/cephyr/users/mayoa/Vera/hpc_rnaseq_production_results/2026-09-10/runs/SRR8165681/gene_counts.tsv.gz	ce12433f893234a3688beb85aec2b763598d394fa97e9aee6d7dfc3d2bb7a547	e8f21c23fe2a1ec364849a3aef9412c60bb344aa95603048bb09430389ee19d8	65430394	27775
1629	SRR8165682	/cephyr/users/mayoa/Vera/hpc_rnaseq_production_results/2026-09-10/runs/SRR8165682/gene_counts.tsv.gz	43bf1993939176721f152c3f02bdec856af2bf262de73a587ad585d506bd3279	ab9fa0735d9e46f5333c91cadc83018bf961920c2ad5988e827e753c407b979c	60791245	27775
1630	SRR8165683	/cephyr/users/mayoa/Vera/hpc_rnaseq_production_results/2026-09-10/runs/SRR8165683/gene_counts.tsv.gz	444c573e1cb1edcccc1ffb9db2cdb85e7f8427cb822aad750b3f031f3c680142	01b584d85106f3cd627a9b23fb8176d9cdabfd3dd72df1061f08a1a169030486	59633352	27775
1631	SRR8165684	/cephyr/users/mayoa/Vera/hpc_rnaseq_production_results/2026-09-10/runs/SRR8165684/gene_counts.tsv.gz	cf910bbc7186a1cc763d555bc1b3d7b58d97270c622e87d95627946967b31ae5	b76aa839d2b1c97f119ac2ff6df4cbaa962d802f73a92f97255113e423a90b60	60192989	27775
1632	SRR9137503	/cephyr/users/mayoa/Vera/hpc_rnaseq_production_results/2026-09-10/runs/SRR9137503/gene_counts.tsv.gz	9785559c6cac11f98db97b0f7d59facdef58e44da3f927b6792e25a5bfdba4b2	580d9be1794e865661c7296f598941182885f1e44b6c20ad0aef7eba1e2096ec	27337855	27775
1633	SRR9137504	/cephyr/users/mayoa/Vera/hpc_rnaseq_production_results/2026-09-10/runs/SRR9137504/gene_counts.tsv.gz	0e8771245d7c12f5d0e3b38a083ee7cbd52deb658e0886d8e5ecda180bd0d676	99a6a4b8686a6f6d02324a7486ff3d09f9f399b95a5676d616b3f17bdc1113f6	24669342	27775
1634	SRR9137505	/cephyr/users/mayoa/Vera/hpc_rnaseq_production_results/2026-09-10/runs/SRR9137505/gene_counts.tsv.gz	f4820ee0dd8b79e65d743967e1bd40007c06a1104678dc5fcd232b702c6e911f	3cecda5c68d48bd9c4ef20606172e89cb4c0f1fc7f2723abea35db4acf039e46	28886001	27775
1635	SRR9137506	/cephyr/users/mayoa/Vera/hpc_rnaseq_production_results/2026-09-10/runs/SRR9137506/gene_counts.tsv.gz	35eb9213ea25ba9e57719f923f8109571bf85b4902a625c96d7045ad7db6c9f9	a68ccbdc62a7f7df0da7ed699cc9f7dd46f9a99a35566a47f08580c804c1f0f9	27227594	27775
1636	SRR9137507	/cephyr/users/mayoa/Vera/hpc_rnaseq_production_results/2026-09-10/runs/SRR9137507/gene_counts.tsv.gz	3c2f6caf55efb8412fa71a81884f5ee3746a36d263e24af7b446b1e0ba8cfe26	0755c155421bd8b6e299231800c41e53168a967c8fc4f6298ef07ab1ff0af6b6	25551532	27775
1637	SRR9137508	/cephyr/users/mayoa/Vera/hpc_rnaseq_production_results/2026-09-10/runs/SRR9137508/gene_counts.tsv.gz	719127580c992c407c46012a4b12c6901ef3186a56ef9c082f9a5ccfb2125001	6c8ab79d5dcb11b46052c274a7506560de516142a3fff9a2ccc68c136aacd43d	29571981	27775
1638	SRR9137509	/cephyr/users/mayoa/Vera/hpc_rnaseq_production_results/2026-09-10/runs/SRR9137509/gene_counts.tsv.gz	149ed8a75608eafadbbf62172e9f7676972fc4aee463b83df41d57b480df5e68	257f630456237c7a89ddeb46ff303073c945cf25e262166161c6ace0229b44a8	30829155	27775
1639	SRR9137510	/cephyr/users/mayoa/Vera/hpc_rnaseq_production_results/2026-09-10/runs/SRR9137510/gene_counts.tsv.gz	eb9e012a41b8f689c5e022bd32c0c0304cf30b6ccbefc90c7974ad688a98b32b	cf801ef83ad19c443ba7bcead0b4af27de68ee43a72b6ad4b8e60af728a3c6c4	24772474	27775
1640	SRR9151757	/cephyr/users/mayoa/Vera/hpc_rnaseq_production_results/2026-09-10/runs/SRR9151757/gene_counts.tsv.gz	1bf0e77af06b085493274a45ac7f1db40bc1f628e95cfe402143a3fb3c40aadd	d250c9cf81a1277379767c3f1b0a1f4f2b9b901fcec45ae8ea129744583a51c2	16715861	27775
1641	SRR9151758	/cephyr/users/mayoa/Vera/hpc_rnaseq_production_results/2026-09-10/runs/SRR9151758/gene_counts.tsv.gz	95c8e37bcfd451238d2c29829eeb1bd270cf43feb29937000c32098aa21eb130	80eb0136c4e96ab1d8821f41d5e5b9626e5e1270b18862508f88a318cdbb1cc7	16705271	27775
1642	SRR9151759	/cephyr/users/mayoa/Vera/hpc_rnaseq_production_results/2026-09-10/runs/SRR9151759/gene_counts.tsv.gz	a590fd4b29988c3e5b3d66429ee91be092591c908f1d17789ff975e13638233e	15db3e8f9008ae9dc14903c1f54fe4acd86aadfb487ca17e7c891771c487aa0f	17898811	27775
1643	SRR9151760	/cephyr/users/mayoa/Vera/hpc_rnaseq_production_results/2026-09-10/runs/SRR9151760/gene_counts.tsv.gz	60e6698ed77dc4c9be0ebdb990f00a8629f12e67144435bac00bbc87ad62ceac	ccf263496adf38b793aa7d4b9063e2b39f45f2d26e0670d569f314ed940906f5	18387028	27775
1644	SRR9151761	/cephyr/users/mayoa/Vera/hpc_rnaseq_production_results/2026-09-10/runs/SRR9151761/gene_counts.tsv.gz	1164d7abf8bf8a08bb0301f23c6ece4598d115f24f00e3bb52a28cdc214c097f	7b809d4bf60d5380f35cb12ccbdafa3f05f8511bedd0b4fb51fe632eeba253de	13734995	27775
1645	SRR9151762	/cephyr/users/mayoa/Vera/hpc_rnaseq_production_results/2026-09-10/runs/SRR9151762/gene_counts.tsv.gz	f98a627fcf228f63c287ac747a37cafda6b2cc87a95ba3c5c2fa908001138957	e41073a43368acc147602e80ab5babd4f62b5771c654dc3b7f24376216538db7	10933349	27775
1646	SRR9151763	/cephyr/users/mayoa/Vera/hpc_rnaseq_production_results/2026-09-10/runs/SRR9151763/gene_counts.tsv.gz	19f7283a331123d0e45f23478e18f07e2b862f59cd03b430126462c06e41bfa9	7e8ef8146a435fe23c48ad59f8a5100a9e8958851bc84beda1ae3c7285fdd979	13802747	27775
1647	SRR9151764	/cephyr/users/mayoa/Vera/hpc_rnaseq_production_results/2026-09-10/runs/SRR9151764/gene_counts.tsv.gz	046d7de587bf9d19671d043aa2ba68e6e70bd89f5f4b5b60032c6c2293ef6eaf	b2112dbc135642ccfdee2b3232001e4ec00787bc084f2085b7a94414cf0fc0b2	16403419	27775
1648	SRR9151765	/cephyr/users/mayoa/Vera/hpc_rnaseq_production_results/2026-09-10/runs/SRR9151765/gene_counts.tsv.gz	f254593b5d7ec589ab6f11d12f4bda623c0ebb0def55d197d1e9a15ceb2dfd35	a12a0c216c5cc226a331fed20e5f6b3ab1c35488cd236c0bd3e27eeae1ea4fd9	13317149	27775
1649	SRR9151766	/cephyr/users/mayoa/Vera/hpc_rnaseq_production_results/2026-09-10/runs/SRR9151766/gene_counts.tsv.gz	8dc7635e125df9ab2b9b9c69fbcc8f7c26d434ac2f636d79f375e5751989aeaa	9d0055a0914608607e69e12912d394f7e58b3ffcb7ae0bf6b95362441bf90e24	13629665	27775
1650	SRR9151767	/cephyr/users/mayoa/Vera/hpc_rnaseq_production_results/2026-09-10/runs/SRR9151767/gene_counts.tsv.gz	512820b38c5168c8913d75cbeb617e4fa746c5a2de12c9c80f57fedf793f37dd	ae1d2c9fd0e92ccb848ac3474ef9e64ef319ef91b0983bc9f70d97a3adf37946	18345980	27775
1651	SRR9151768	/cephyr/users/mayoa/Vera/hpc_rnaseq_production_results/2026-09-10/runs/SRR9151768/gene_counts.tsv.gz	80a2ac72ec43c81555addfabe77d9be64670562c6830b4e25c6f6c4b832260fc	c119f3efd9394409450afa871caef9809b04f10be83be3a1d6dff4fc6c906611	17518287	27775
1652	SRR9620991	/cephyr/users/mayoa/Vera/hpc_rnaseq_production_results/2026-09-10/runs/SRR9620991/gene_counts.tsv.gz	0b13000be5a25045a13000e2540a5330232a7a02d1621bcf712362295fd0635f	aa4b3e8e378d2deeb42defdf6fd31a9eebb09f420aa8250accffdb28d28f64f9	3160313	27775
1653	SRR9620992	/cephyr/users/mayoa/Vera/hpc_rnaseq_production_results/2026-09-10/runs/SRR9620992/gene_counts.tsv.gz	05afe60fc0ac42951d67bcc3f9f6f02eca04b7f45bd54a4e486cee7e4cdd50b7	78581774922a56255579adba0a59bd0e519e9281d0f8f31a029bf9f7f84c74a6	3113833	27775
1654	SRR9620993	/cephyr/users/mayoa/Vera/hpc_rnaseq_production_results/2026-09-10/runs/SRR9620993/gene_counts.tsv.gz	3337717279b6e8c14090784b5fc124db0202d7d78c6489c8836f3d4a0f073ac7	42aab2c7fdeed3f2e2280bc7c39b781cf5c0001828b97478a1691119b4c6162c	3196081	27775
1655	SRR9620994	/cephyr/users/mayoa/Vera/hpc_rnaseq_production_results/2026-09-10/runs/SRR9620994/gene_counts.tsv.gz	0aac30972ea3696255d170162af71993c6b2a211c2788973d99f5f98a670b100	796254c333cc77f0fa0a18163c6bc83e81c46c47d08f757d050149ae2347ee13	3206400	27775
1656	SRR9620995	/cephyr/users/mayoa/Vera/hpc_rnaseq_production_results/2026-09-10/runs/SRR9620995/gene_counts.tsv.gz	ed77125966f4263fab4ff3461cc670ddb1e9cefd36dceea1e19b6534129edcd7	f1e852d0f44acda65d84e8395be3bae188b00127610799625818c9d70cb5999d	3545670	27775
1657	SRR9620996	/cephyr/users/mayoa/Vera/hpc_rnaseq_production_results/2026-09-10/runs/SRR9620996/gene_counts.tsv.gz	e83ef95018f25e4031e6f6f86c6b25e631237301a24b6c13c4f67d563d7e2e84	b4fc936b8af55616ce310b9985fd54d9bfefab7aa30d674da178d940283b9375	3474651	27775
1658	SRR9620997	/cephyr/users/mayoa/Vera/hpc_rnaseq_production_results/2026-09-10/runs/SRR9620997/gene_counts.tsv.gz	6aaf31a92d1613768965c20f5665637a0eaff6327a8fa0c858cceba21232e44e	054c8f9a7a3e50197245e17762b718797731963c3ff2f4dec3411fae79c93eff	3582622	27775
1659	SRR9620998	/cephyr/users/mayoa/Vera/hpc_rnaseq_production_results/2026-09-10/runs/SRR9620998/gene_counts.tsv.gz	4f06f8ac75af3c4f4a7d04eb51728c4187c953d7dc17166ca061215f10b15835	0256b9a7966346e004f9d98a8b17ba1d40735b3032b48e57b2d7de98d6d3ab35	3584511	27775
1660	SRR9620999	/cephyr/users/mayoa/Vera/hpc_rnaseq_production_results/2026-09-10/runs/SRR9620999/gene_counts.tsv.gz	18482492e51ad20e269dacf39874da488e8e8e2ada6f257855d7c08f071a9ce3	8d920da4935c10a0ecf7861237577f164871e4a8ce66366508e31ce921e20472	3739020	27775
1661	SRR9621000	/cephyr/users/mayoa/Vera/hpc_rnaseq_production_results/2026-09-10/runs/SRR9621000/gene_counts.tsv.gz	0bbd670d98ed39cf1353e610cf0bd12fc5b9b4d7df863711ba55362fb2a334e8	8b33c037fd4ea3e3920118f4a78fd348ac41ec9e7af6ddfa468bc2ea0b55046c	3660985	27775
1662	SRR9621001	/cephyr/users/mayoa/Vera/hpc_rnaseq_production_results/2026-09-10/runs/SRR9621001/gene_counts.tsv.gz	a0eb88dbc911efd23c5b4618b7ce5e6a1f0ac10d769aba6fbd7cb61b74681ca2	83f554841aafb819dc0f3852a3fa4eb934afc7302ba28e85374afa13200c8f7b	3779119	27775
1663	SRR9621002	/cephyr/users/mayoa/Vera/hpc_rnaseq_production_results/2026-09-10/runs/SRR9621002/gene_counts.tsv.gz	005e607905f518c0643df9a561b57e537dea1b24199bbb82dba152acdf7b9a67	80901b4c7aa1740841bac6f9c3b2f6ee1dc01432aa6b3d7e97f36c34e6ca5ed0	3777608	27775
1664	SRR9621003	/cephyr/users/mayoa/Vera/hpc_rnaseq_production_results/2026-09-10/runs/SRR9621003/gene_counts.tsv.gz	bf8bf7e55fce43c0772bf950c33baff5ac858ce9683455013e2bc1b8168c24ec	3051ae030e107848a1f2f680167ab7cd713cd812f6191e7af176e86b62740cb8	3015687	27775
1665	SRR9621004	/cephyr/users/mayoa/Vera/hpc_rnaseq_production_results/2026-09-10/runs/SRR9621004/gene_counts.tsv.gz	f6296a189ab64797535d0b97ac74d3465c5693ee77afd4cfb4eac80154b02205	5d925c3b44811641d3d54f4adee4ed7a52bfca94765bc53bb16993f80e514910	2953518	27775
1666	SRR9621005	/cephyr/users/mayoa/Vera/hpc_rnaseq_production_results/2026-09-10/runs/SRR9621005/gene_counts.tsv.gz	bb58ed690e79fb4435d462abc2fbef42a6e95e7013ae120f7fb62f32499e031f	dc8a333125cabc9cb4d256a426ca3056e550ae18f7ed7be58a1a202bc59690e7	3059110	27775
1667	SRR9621006	/cephyr/users/mayoa/Vera/hpc_rnaseq_production_results/2026-09-10/runs/SRR9621006/gene_counts.tsv.gz	6d9264160d2f41723c65bf2e05da7743961748cf5f5f2c8f77c85bc7e57916fe	744fda176f213a44eafe34629a38e9d28cefcac3babd29e2dc6a9e794ee77f4b	3052891	27775
1668	SRR9621007	/cephyr/users/mayoa/Vera/hpc_rnaseq_production_results/2026-09-10/runs/SRR9621007/gene_counts.tsv.gz	0aee7b57c3bbf2e70f26909d32b135ec4676de8d12ae2b2e5815cdf72bedf973	5689da9cdb4288ad8656ca3d406a7a06e6043e39306216125ea885142d098b9c	3106155	27775
1669	SRR9621008	/cephyr/users/mayoa/Vera/hpc_rnaseq_production_results/2026-09-10/runs/SRR9621008/gene_counts.tsv.gz	22a072b09d78ebf269417f329225d9b2e982ccba2f6e4496100e83ecdb3924a1	e9a7062b1d2c623c9ae7f03a2494d46ba813adfd524819cac232da42fcc6bb73	3041792	27775
1670	SRR9621009	/cephyr/users/mayoa/Vera/hpc_rnaseq_production_results/2026-09-10/runs/SRR9621009/gene_counts.tsv.gz	43064e33a5f0d5fe39b4c7121652a7d00be1a25b2b1d09cb96b98368771a98e2	ffef1d35841294f398b224097b6bb0a7d0e1c83c745bddcd6127461558ced42f	3148060	27775
1671	SRR9621010	/cephyr/users/mayoa/Vera/hpc_rnaseq_production_results/2026-09-10/runs/SRR9621010/gene_counts.tsv.gz	9c4b7c8e7501f371e76817c8d78012062b29a20c678ec819abbba5d93bb21bc8	086f3753ca66d69a7bce7301558a928b7bf5d12df885173404e50ebf3f98b386	3147069	27775
1672	SRR9621011	/cephyr/users/mayoa/Vera/hpc_rnaseq_production_results/2026-09-10/runs/SRR9621011/gene_counts.tsv.gz	36e062c568e04fd1aabb95189741bf8706d317436fc00a0f9d34cc8c66e7a9e8	087915d499239f421976f1c95f19ce5ed7d4cb6ba033979dcc86bb1ba31f8b3e	3388769	27775
1673	SRR9621012	/cephyr/users/mayoa/Vera/hpc_rnaseq_production_results/2026-09-10/runs/SRR9621012/gene_counts.tsv.gz	d27df4ddbe7323f5d2293e08090887b1d93a85d0fff6c7dedbe64c00b2a86397	6300463cd620c4850afd94a6cf41664731ac75c10f132950d8ce62b1ea7d693c	3322853	27775
1674	SRR9621013	/cephyr/users/mayoa/Vera/hpc_rnaseq_production_results/2026-09-10/runs/SRR9621013/gene_counts.tsv.gz	77d9e3a5c5cc7441953b57946d397d3f16308521fbe5be9f6972b8683708b8bc	133d6a5e2aec5bdd5e05e99b42d2dd84282f12874b96a0cc1ecf84130154f0f7	3436045	27775
1675	SRR9621014	/cephyr/users/mayoa/Vera/hpc_rnaseq_production_results/2026-09-10/runs/SRR9621014/gene_counts.tsv.gz	72ff8df01f2c221b0337330f916ddb10240ba30c0c553b082f8c7054b4f53a4b	ae25b003743203040d0c9de3dd3ab6e3c1e44f4f3a7acf11bc04db65eb872230	3433373	27775
1676	SRR9621015	/cephyr/users/mayoa/Vera/hpc_rnaseq_production_results/2026-09-10/runs/SRR9621015/gene_counts.tsv.gz	0de55f837ca8cd2f5fd149945609462572d736ec7df260dbe2d6e69735ea03ec	03ad50afb9f8c1dc19398a09cd4a78cbfca49c94457b7e6f24ed7863607ddb93	3782373	27775
1677	SRR9621016	/cephyr/users/mayoa/Vera/hpc_rnaseq_production_results/2026-09-10/runs/SRR9621016/gene_counts.tsv.gz	14033f78a2167fb0e949fd153720827d6ae2c841dd0cf4e92e54a448fdbb93e3	b6d090c012819e3c2a6db3ff4a5df282eb4d281521231623fa0d4f2870ec101d	3709867	27775
1678	SRR9621017	/cephyr/users/mayoa/Vera/hpc_rnaseq_production_results/2026-09-10/runs/SRR9621017/gene_counts.tsv.gz	98a4c1b2d08ac53d698b96d956958f53bc6d9a816f447e96f0f4935bf3e9b937	516bb52fd59bc9d32d26bdb2f5f9909fdd3168afc1139f654761004fdd78d090	3836861	27775
1679	SRR9621018	/cephyr/users/mayoa/Vera/hpc_rnaseq_production_results/2026-09-10/runs/SRR9621018/gene_counts.tsv.gz	10bdaa7d8a645adcfa5733356214261e47aaf18998bdc04608dde5e53cae17c4	fcdff07e00accaff984104bc83cae4b617931213f13517222bbc0b88b8f40b66	3841071	27775
1680	SRR9621019	/cephyr/users/mayoa/Vera/hpc_rnaseq_production_results/2026-09-10/runs/SRR9621019/gene_counts.tsv.gz	6e55c93c2c075b2fc5e8a59b121eaa648e5f3ada4cabbd43d344d902fd0c3888	d3136dfa61f6f32dc3b34f2212694827b028601c5a41515f0b889446632cfac8	2207544	27775
1681	SRR9621020	/cephyr/users/mayoa/Vera/hpc_rnaseq_production_results/2026-09-10/runs/SRR9621020/gene_counts.tsv.gz	5f6e98a4977961691cf68aaca47ff6b224d9bb3d4311dcdbf99e7adc21a93281	54f25ca8b92746a00c35a8479ea6d77f8d62204a1487747fb41809c62f41d8ae	2158845	27775
1682	SRR9621021	/cephyr/users/mayoa/Vera/hpc_rnaseq_production_results/2026-09-10/runs/SRR9621021/gene_counts.tsv.gz	d445444ba264b951b3f34b58fe123e5473ed85e17a293eaf7be3d2a5b2f17d04	dc318703bde9fdc7e179ea571462f6032e2f4d7856c5fda77d447883889ae28a	2223303	27775
1683	SRR9621022	/cephyr/users/mayoa/Vera/hpc_rnaseq_production_results/2026-09-10/runs/SRR9621022/gene_counts.tsv.gz	91c77864c899823d770f23e8edea8602bf10ef51694b2779007390e6a5fb8aeb	755ec8fc9f38e7d652fddaf7d4a8936e3c313f7769d4ecfc749333c66c5bcf4c	2220022	27775
1684	SRR9621023	/cephyr/users/mayoa/Vera/hpc_rnaseq_production_results/2026-09-10/runs/SRR9621023/gene_counts.tsv.gz	9526ac170fb01c493aac431f65d6417bdf540cc0e2db9a43ebf3de3f15ca03ae	4618795e415239c25672e8f9c9a1a66a066b9ca1340d6b685e062cff8af361f6	2775503	27775
1685	SRR9621024	/cephyr/users/mayoa/Vera/hpc_rnaseq_production_results/2026-09-10/runs/SRR9621024/gene_counts.tsv.gz	256612a77101995d3b08ba4888fba025345c07655d8a3cb2c575ec9930c722ae	5a31c02ae5f40581a13d3ca346e8a833f8a919dbfa305174a3f44751eb2fde74	2737457	27775
1686	SRR9621025	/cephyr/users/mayoa/Vera/hpc_rnaseq_production_results/2026-09-10/runs/SRR9621025/gene_counts.tsv.gz	849da90e8d3fe5915d4cafea631ccfbd96996a372f1beae1c05bc083987a8923	9dcbfd6dfdd63f07a85478beda5237eaeaafc6d99bc02d6e7f1a6905472b7737	2806127	27775
1687	SRR9621026	/cephyr/users/mayoa/Vera/hpc_rnaseq_production_results/2026-09-10/runs/SRR9621026/gene_counts.tsv.gz	63afde61d01bd7dd5a402515b8353f9dc5a1abdd7d4728c43144ded75207d488	608c35b59b09cb26059c4d1bf16f07fea9c7f7e82a8a54361ccfb69a9671072b	2816769	27775
1688	SRR9621027	/cephyr/users/mayoa/Vera/hpc_rnaseq_production_results/2026-09-10/runs/SRR9621027/gene_counts.tsv.gz	54b95f72bc498927bed45a6fcfa8d70b9c0f7462bebedf466019482d6def7c29	cb343416fd72bc53e6c086a37d21f78839abdc9310b7631c799075593f035c9a	3002800	27775
1689	SRR9621028	/cephyr/users/mayoa/Vera/hpc_rnaseq_production_results/2026-09-10/runs/SRR9621028/gene_counts.tsv.gz	03f15bf3db2ad04360c3ea2b385b193e3204d07ca7833a455ccb2b4ad295b6d1	43480782654ee69e304811b64ee6b0858e3a21569f1ff1a5e8d5398f1fe7f5ac	2951237	27775
1690	SRR9621029	/cephyr/users/mayoa/Vera/hpc_rnaseq_production_results/2026-09-10/runs/SRR9621029/gene_counts.tsv.gz	d53813be6c2b21dfff5b776d0ad6e1754d0385d8e96ef3ae44ec6b4e2359051f	251c7e108ecdd67b5340c54d48225d1b9d276b4cb7054e657a9c37852ab2d706	3044563	27775
1691	SRR9621030	/cephyr/users/mayoa/Vera/hpc_rnaseq_production_results/2026-09-10/runs/SRR9621030/gene_counts.tsv.gz	408d5971540091307d4536409a53501c98d271b6a1c92219864a6b3067af182c	34cad17f4a0863f8246b1e1805b7379c3886730e1dedfae1c74e71903c91bce8	3042210	27775
1692	SRR9621031	/cephyr/users/mayoa/Vera/hpc_rnaseq_production_results/2026-09-10/runs/SRR9621031/gene_counts.tsv.gz	eeffd668411137248ff85cf8276f2b41b825d96c152ff6c75ad309401a08bc6d	754f745dd9831d6b8a761a51f257e62450a35076731c1020c1230bf3927ff69d	3192097	27775
1693	SRR9621032	/cephyr/users/mayoa/Vera/hpc_rnaseq_production_results/2026-09-10/runs/SRR9621032/gene_counts.tsv.gz	b1963018244dbe73cec1791849b5083204a81e912d4bdc79ff0bd6787faaa320	d06882286fceaff4c4ba88e93265d5b0d36e5a908e1b86089f0a9ae82cbe5563	3136435	27775
1694	SRR9621033	/cephyr/users/mayoa/Vera/hpc_rnaseq_production_results/2026-09-10/runs/SRR9621033/gene_counts.tsv.gz	ae191444b1beb343ffd06edc4d42e155f7bc80905e4f31ddbea01c9290b2f81e	351b23443340a3a5b5dba53182ae302d46ae72332b6c75fee8f4e599a5273f37	3234332	27775
1695	SRR9621034	/cephyr/users/mayoa/Vera/hpc_rnaseq_production_results/2026-09-10/runs/SRR9621034/gene_counts.tsv.gz	272f1f3ee12772dff6979055dc33667ac6d11c34c4e71fdf43fbb83185c428fe	ff8325bc42eda0ceebbcc9b4aa86292a2f1f6b82927a7ad4250c57966b85a70c	3234449	27775
1696	SRR9621035	/cephyr/users/mayoa/Vera/hpc_rnaseq_production_results/2026-09-10/runs/SRR9621035/gene_counts.tsv.gz	40a523a81b781f7347faa30a5aaa248ff722c772ea5a04a9992b766dbfccaa08	251e60e2fa82785b0425ca4600940c67a37770c808cc44df69ba053f50575cb0	3347323	27775
1697	SRR9621036	/cephyr/users/mayoa/Vera/hpc_rnaseq_production_results/2026-09-10/runs/SRR9621036/gene_counts.tsv.gz	0bddf2510c8a1b13873aa0774c220712a7841a98a53ed60992fe6d5086ce39e5	dd5f8d50181faf22ad47e4410fdc810949a163e4f824e6bd6a639c33f2146911	3286914	27775
1698	SRR9621037	/cephyr/users/mayoa/Vera/hpc_rnaseq_production_results/2026-09-10/runs/SRR9621037/gene_counts.tsv.gz	c38286a3ba6fe6b412e441448e1356650ce9e42869f991cc5afa4d5ead53145f	aad79c7849d36f27b01daee190aa155393de7e0ef3d02a3e6e27a6c05a6e4f17	3394617	27775
1699	SRR9621038	/cephyr/users/mayoa/Vera/hpc_rnaseq_production_results/2026-09-10/runs/SRR9621038/gene_counts.tsv.gz	f4838954878944f5979811e6ba6769eecba33bcd815233c78476c3d04ac5b9f7	a28ab409aa12ba4915e23433ca1215a669c90dd908f7015ea61d53869b5b1a2a	3387046	27775
1700	SRR9621039	/cephyr/users/mayoa/Vera/hpc_rnaseq_production_results/2026-09-10/runs/SRR9621039/gene_counts.tsv.gz	737f455e62c335c3d1b9aea761df9d73969bccfb7fee4ae490d23c265842c55d	7aa7a4ab8f072ed67f8ae6af86adfef68d9debc95a30dfdb84535b9636e25895	3109328	27775
1701	SRR9621040	/cephyr/users/mayoa/Vera/hpc_rnaseq_production_results/2026-09-10/runs/SRR9621040/gene_counts.tsv.gz	29dd401d2ed104a7d4268ec74d2b0e705d56199c7783fc844e46d228f51fa72e	87044e8cd5f5d20da6d41357b495800cec2c93cccdff59bb2f06d107ec1d3da9	3052004	27775
1702	SRR9621041	/cephyr/users/mayoa/Vera/hpc_rnaseq_production_results/2026-09-10/runs/SRR9621041/gene_counts.tsv.gz	f07bfda8be93c180bbf35e24de7a236a454fbfacf9443cf4e348fff2bdb8ad1a	07f7aee34cf0a549d0196baca599b15d1075ef4ed45bb26d90ae5c707236ff60	3144312	27775
1703	SRR9621042	/cephyr/users/mayoa/Vera/hpc_rnaseq_production_results/2026-09-10/runs/SRR9621042/gene_counts.tsv.gz	d558badd5116739ba2cc7f27a3e497b75bd04ec0014a3627726294f9ec9a0425	3e5ed9bf6aa85b38bb44f737a867e59abe164174dd0d3843b13c1707a2687105	3150782	27775
1704	SRR9621043	/cephyr/users/mayoa/Vera/hpc_rnaseq_production_results/2026-09-10/runs/SRR9621043/gene_counts.tsv.gz	b5bfa9abf27ff21f1cc1846cb0a1bc6c5b064156da0110b7d3597e2662a216e5	db98b4194f62084bd45a4fbfb505016e76730d6347b4333c35870697cfbf4b05	3056037	27775
1705	SRR9621044	/cephyr/users/mayoa/Vera/hpc_rnaseq_production_results/2026-09-10/runs/SRR9621044/gene_counts.tsv.gz	8cc1fcd53cc8f3fea98a1f2b91cd2024c65c2378f2c1645ced44e8f07dd51f46	1e4e8bdff69becbb56210f4a1af3ce0951127ab9fe8d8ddb9a131cbb1317e40b	2996930	27775
1706	SRR9621045	/cephyr/users/mayoa/Vera/hpc_rnaseq_production_results/2026-09-10/runs/SRR9621045/gene_counts.tsv.gz	596a6dca5d5fc12406eb24ebc30fbbefc63efd56d748c9e6461abe70bf6a2ecf	73a936f680563c2484ce2844a9caa4db6797e775a7c549b5673f35eef4b983f4	3091509	27775
1707	SRR9621046	/cephyr/users/mayoa/Vera/hpc_rnaseq_production_results/2026-09-10/runs/SRR9621046/gene_counts.tsv.gz	b7050d686933bfc28b61e13620d1452e65b2f008243248cf1e33f6bf4a4331b6	87435c3b61c1cdca55723b6154836a147e00e8ba3641e7204df2e2feea7e1da5	3092345	27775
1708	SRR9621047	/cephyr/users/mayoa/Vera/hpc_rnaseq_production_results/2026-09-10/runs/SRR9621047/gene_counts.tsv.gz	2923cc690c40324e29d8ea4dad3da789a9e2b9288a7a7610893d747ac7cb5d8d	60b889bff76ff3722257bd0d40767fe2664430ce28a098f939c3d81ebe8eaaf5	3373479	27775
1709	SRR9621048	/cephyr/users/mayoa/Vera/hpc_rnaseq_production_results/2026-09-10/runs/SRR9621048/gene_counts.tsv.gz	9f22b525407c08116fdbddfb683c6ee4a5f2fa4af2f60c168366711f159093fa	32a7f6b3f976dc83659bbc775b2a9658b0e9a04e832f94ebe4ea769a21564a62	3312767	27775
1710	SRR9621049	/cephyr/users/mayoa/Vera/hpc_rnaseq_production_results/2026-09-10/runs/SRR9621049/gene_counts.tsv.gz	5de36e4b347028a9c363f3bf16edbaef7e0a8d4a0f76e6ccc5d9d48aa1902444	24bfb047e6ef2afcfa957835e2b19af59d5e6e9e626ab1bf9563b26995e1398b	3413011	27775
1711	SRR9621050	/cephyr/users/mayoa/Vera/hpc_rnaseq_production_results/2026-09-10/runs/SRR9621050/gene_counts.tsv.gz	bc803a6f24cae8f85cb87e373d7798b2d1fc993514f185e49dd986520035f974	2c2f27c152f587882100834e5a52f1dc6a34049b8c4de0cb0096a2ca9fe4c5ba	3420096	27775
1712	SRR9621051	/cephyr/users/mayoa/Vera/hpc_rnaseq_production_results/2026-09-10/runs/SRR9621051/gene_counts.tsv.gz	f046c5a39f884fd3d1f0ced2bbf9c23428fb96983b27f65ef3defd3e97066b5f	2b674b63a06cf496533d01c09b240b2638c1353f29b8092aed66e1cb53f9e4d4	1694468	27775
1713	SRR9621052	/cephyr/users/mayoa/Vera/hpc_rnaseq_production_results/2026-09-10/runs/SRR9621052/gene_counts.tsv.gz	00814491da03a68a4d3f306591435937ecb16b4b939aca01ff792d8b0adec3b4	9c58a55254407704b89092bdf5c140437ec427296a6bb70a0bb4df349b1e3f69	1659398	27775
1714	SRR9621053	/cephyr/users/mayoa/Vera/hpc_rnaseq_production_results/2026-09-10/runs/SRR9621053/gene_counts.tsv.gz	8b17571234c81e217750e8fdcbda6f6e68d4a9d58c464ba714cbd10195d6ba6e	60c3b105318ec7b70d89f46f4609790cca5717a3ebd9ddc93b8eefeef7dcd776	1710093	27775
1715	SRR9621054	/cephyr/users/mayoa/Vera/hpc_rnaseq_production_results/2026-09-10/runs/SRR9621054/gene_counts.tsv.gz	a84c86277d2b543ecbdca44355c0667a1d697dc27c32d35c860c832ecedbd63d	b8e7f34d13863cc009390cc527c019aa8bfc07138a80ccca58ab8c9945ef341a	1709259	27775
1716	SRR9621055	/cephyr/users/mayoa/Vera/hpc_rnaseq_production_results/2026-09-10/runs/SRR9621055/gene_counts.tsv.gz	7c86846d71b28c7105c370b4718cfd91d01d191c518f2674456e09a774ae0bfa	2bf2c23a4a3ea7e1e4fa24a9fc357c5ee480de5c9f89ff40c9142d6069d0a69f	3136457	27775
1717	SRR9621056	/cephyr/users/mayoa/Vera/hpc_rnaseq_production_results/2026-09-10/runs/SRR9621056/gene_counts.tsv.gz	a986dc891de64f51c162fc18ce81985fb04604de76873a87b901d1ab655da56c	ac20be51d46cfe0753354c27f35981284bdb5e6154b1ff9a55c3a49669532b32	3089334	27775
1718	SRR9621057	/cephyr/users/mayoa/Vera/hpc_rnaseq_production_results/2026-09-10/runs/SRR9621057/gene_counts.tsv.gz	08022f53ea37d962808b7d4af7b91a3bd917b67e2f94d67ee2ef4fb09996eda0	396ff5906139cf784ef6d355a17bcb8c5e127b695d5631deffa9900df4a920e3	3164425	27775
1719	SRR9621058	/cephyr/users/mayoa/Vera/hpc_rnaseq_production_results/2026-09-10/runs/SRR9621058/gene_counts.tsv.gz	5f28a3d5c3c2c72e6a6cfff9f9fd690923373545685a20d9707af88d809baf84	f9ccd457677b39158bd46fad959ea6fcd748193e7920c48bf8d51a91b9a5675a	3180205	27775
1720	SRR9621059	/cephyr/users/mayoa/Vera/hpc_rnaseq_production_results/2026-09-10/runs/SRR9621059/gene_counts.tsv.gz	dde61b90bfb13ffad023c19310d3caef443d85fc0bb1a39ab9e3fb41bb8e93f6	ee107ab6a47ba5aa9420b0874be76db157272171f2b40d47ab58cf973f24ce36	2938789	27775
1721	SRR9621060	/cephyr/users/mayoa/Vera/hpc_rnaseq_production_results/2026-09-10/runs/SRR9621060/gene_counts.tsv.gz	5685efa3436af241f024949b1713d0faba48e32f0723ae5a6e74a8adc6d61851	4246c6a775f477399186b671cf40ef8bf2ec19ab0c76d369ea0fa4aa808b2810	2887993	27775
1722	SRR9621061	/cephyr/users/mayoa/Vera/hpc_rnaseq_production_results/2026-09-10/runs/SRR9621061/gene_counts.tsv.gz	1cf33aabfd252d0fdfe48839acbeae50459ae5a8d54a0e465bc359a6881c43dd	6989f2292823d664363d846a502fb706ba9b30b178fc5e22be3e3538e32de7f5	2968970	27775
1723	SRR9621062	/cephyr/users/mayoa/Vera/hpc_rnaseq_production_results/2026-09-10/runs/SRR9621062/gene_counts.tsv.gz	2ede516a988c9769beb8ee67068d943184476f9d2cbfbfec83ed32503fe28c66	dcdc8b3a1b79a9bccf2dda35c64c14f5c0891fa8023f197988d6cbb5cbd98ede	2969148	27775
1724	SRR9621063	/cephyr/users/mayoa/Vera/hpc_rnaseq_production_results/2026-09-10/runs/SRR9621063/gene_counts.tsv.gz	6105b3f5a2e15cbef1824c02dc2bac0a7eb812a138c11c5e5824af4bb10b12a8	4d2fc07028bd266e112e49a75d6161050e5aabe5912b4e8f6a6b1826c5c6d6d6	3813500	27775
1725	SRR9621064	/cephyr/users/mayoa/Vera/hpc_rnaseq_production_results/2026-09-10/runs/SRR9621064/gene_counts.tsv.gz	a0b83175abf305d205ae7796835d28cc74db516db3c97c3317509b6709ac654c	3516d9ebb0c1a875555526f263518ed7a32d0e6a31175f5edd07fbe7e6bb120e	3736538	27775
1726	SRR9621065	/cephyr/users/mayoa/Vera/hpc_rnaseq_production_results/2026-09-10/runs/SRR9621065/gene_counts.tsv.gz	820add151cda822919f3456834bc17a1438af39ead46b4618b1ade88a05ab4c8	f2f3ce0b46be1b7172af8018b47a7c20d6b961c02212896b72c84536e3a24968	3852456	27775
1727	SRR9621066	/cephyr/users/mayoa/Vera/hpc_rnaseq_production_results/2026-09-10/runs/SRR9621066/gene_counts.tsv.gz	2ce5f91f0c562109a6e96611d80d6d8dec4ad704478b839e98b309b3833a2745	2422f3470106000bbb36d9aaf74460a4125bc15989ea8561f74ddbb5465f63dd	3854290	27775
1728	SRR9621067	/cephyr/users/mayoa/Vera/hpc_rnaseq_production_results/2026-09-10/runs/SRR9621067/gene_counts.tsv.gz	81ebaecaadb16c2972a37144b4fb3bb558c1c978a2bdebdead8b85dc1eeb3363	53326e89acb7b66341e7c81e07c7544a3b3363f93085fdec72c9fafffe24b101	3238944	27775
1729	SRR9621068	/cephyr/users/mayoa/Vera/hpc_rnaseq_production_results/2026-09-10/runs/SRR9621068/gene_counts.tsv.gz	19b89aefd57c8b46913d2aa9fc357f99ee308f083711473ba8585e70879b7988	0b1cef342bf4d7c8e4f8fbfbcdec22e187c00cf4bfec49f93d422c9d305f6dcb	3165141	27775
1730	SRR9621069	/cephyr/users/mayoa/Vera/hpc_rnaseq_production_results/2026-09-10/runs/SRR9621069/gene_counts.tsv.gz	67d1d89a7be915747545d4b0ed465775cd92a90cfa2b3c5a9fbf6d1cbd6d8b73	f70262f7f4a3623fe72d51ad02bdc5a335754e32e1e3b7661c7c0304fe735462	3274508	27775
1731	SRR9621070	/cephyr/users/mayoa/Vera/hpc_rnaseq_production_results/2026-09-10/runs/SRR9621070/gene_counts.tsv.gz	8f325c56e69643bb6c02f18c00954d93bc88f521f0c04e432f5e8bb4c43f0e76	7ba0252ab8e71bdf4b810e15922e5493f537647bdcf59e4116b0fee3157cc896	3275127	27775
1732	SRR9621071	/cephyr/users/mayoa/Vera/hpc_rnaseq_production_results/2026-09-10/runs/SRR9621071/gene_counts.tsv.gz	607d48b9915f803a5ec327dddd325b8333feefe1bbd661278405f955b6db9896	c2008d05b29786338af8c21e6611fa86d4b2a22ee336077b0b531abfbfcf7cce	3539302	27775
1733	SRR9621072	/cephyr/users/mayoa/Vera/hpc_rnaseq_production_results/2026-09-10/runs/SRR9621072/gene_counts.tsv.gz	710e940157391e83dd75edd9c70cd32c51aea9f0e9a12d2ec141dcd7c3d01264	aa1137ce3ed7cdc22681a278731441b68be0eddf49cacd5cf74aedeecc216ec2	3467976	27775
1734	SRR9621073	/cephyr/users/mayoa/Vera/hpc_rnaseq_production_results/2026-09-10/runs/SRR9621073/gene_counts.tsv.gz	dda6347e9bf4ffd31af0cb9b157fc242867fff54891c1846e2b0b805f62f1534	c99db552a830bf7de7fd4dd564a5ac28651f2eb9d33f58bdff363ce16ac62108	3578104	27775
1735	SRR9621074	/cephyr/users/mayoa/Vera/hpc_rnaseq_production_results/2026-09-10/runs/SRR9621074/gene_counts.tsv.gz	19aad3a0f4c4876400b1ee7554635a317a7903291770626c50ef78ce048be29f	250f316bcf2c8f1c51f4978652ddd98841219e4b04070f155b5e872ee43710c4	3580020	27775
1736	SRR9621075	/cephyr/users/mayoa/Vera/hpc_rnaseq_production_results/2026-09-10/runs/SRR9621075/gene_counts.tsv.gz	ad92b2ff6f00b4874565f91f258fbd0473ae8221a1fb9d8282922e0330d7fa07	5127a73a09e6a7e9a179abd63fa792300c08a55184a83e4397f1e3be974cbdf9	271102	27775
1737	SRR9621076	/cephyr/users/mayoa/Vera/hpc_rnaseq_production_results/2026-09-10/runs/SRR9621076/gene_counts.tsv.gz	5107ec753acde2b809f0c87e1a786bd51d9f431d8965f677bc980a63e830ab3c	1b6a9f8b110b07fd4fd36eab261a8a64e18423c58947bbcf60ea2b8434895fc2	265017	27775
1738	SRR9621077	/cephyr/users/mayoa/Vera/hpc_rnaseq_production_results/2026-09-10/runs/SRR9621077/gene_counts.tsv.gz	3e46c5632b6df7262cc261a1c00e7915216b99b236fbc8a8ae3c8ca279c037cd	57131a7ddafc71248737e7645c4e74a70e1500c6c0c84fa96440c6507c3223da	276188	27775
1739	SRR9621078	/cephyr/users/mayoa/Vera/hpc_rnaseq_production_results/2026-09-10/runs/SRR9621078/gene_counts.tsv.gz	cd700361201b9452e43e4c224367d7ae3c766db6026f453b1d35e7d064e518af	f39db07f613be2b11aaec0229817c1bfc6c3b9d4b0957f4f36d7cd46bc58b488	274297	27775
1740	SRR9621079	/cephyr/users/mayoa/Vera/hpc_rnaseq_production_results/2026-09-10/runs/SRR9621079/gene_counts.tsv.gz	5c2189a713acd0b66f25ac9827cbd3855e92467a537bfe681c305429f6a638e6	5c2c9985710b46e334b9ee9520232e90c7c49a59399d0ae4c3b5dd3936591534	3705099	27775
1741	SRR9621080	/cephyr/users/mayoa/Vera/hpc_rnaseq_production_results/2026-09-10/runs/SRR9621080/gene_counts.tsv.gz	9c0f8b85070a1ab983fc0252996ddb0f98160a5758cd7d7dc7a667d7ca9d9c3b	a046b242d86b15615f94fde6abb164303998e685a1e39f0e6ea0f8a1e3c26d62	3634245	27775
1742	SRR9621081	/cephyr/users/mayoa/Vera/hpc_rnaseq_production_results/2026-09-10/runs/SRR9621081/gene_counts.tsv.gz	45ff75a3a6fdd47e693dac943662f3b9266c8fd80402c7b2c2dfa463892de0a1	4c3764304f025036c2bb4f5765a2ec0e2f1c9ea51b93e4bfcae3f1910946a14f	3748689	27775
1743	SRR9621082	/cephyr/users/mayoa/Vera/hpc_rnaseq_production_results/2026-09-10/runs/SRR9621082/gene_counts.tsv.gz	1bf426ef9bafbd30b0e64a6b9f8514089721e394a003ed646dbbff596b20406d	c4e1f98d76d94d86ed951582634383c304ff94a54a4178fe0b2b98de522a344f	3751967	27775
1744	SRR9621083	/cephyr/users/mayoa/Vera/hpc_rnaseq_production_results/2026-09-10/runs/SRR9621083/gene_counts.tsv.gz	f906ba33a5258efbc5e60d68664fad0baab7fad58ec93ad7cfbdfcc5aad0254e	b5ca931765c5e7fcbb80aa60e2a5eeccd97a1fda6af76d0bab2a7bb890102a62	1955420	27775
1745	SRR9621084	/cephyr/users/mayoa/Vera/hpc_rnaseq_production_results/2026-09-10/runs/SRR9621084/gene_counts.tsv.gz	3d5caf4d9c459f515e6c7fbd4821a781bc59873f83f6034856ba0eb3379a3bc1	5c3a56959ebd308532035c9a64f0db972f4882cdd9df4558744d66c50ab23d86	1911665	27775
1746	SRR9621085	/cephyr/users/mayoa/Vera/hpc_rnaseq_production_results/2026-09-10/runs/SRR9621085/gene_counts.tsv.gz	72296eba24498deb863fa14bee6c4e5c5c52249de46675555ce6950cad38b025	8935b1bcb6e1f3aa6f321ca8285b2ab7c99af995902cb2e28ceac91f91de34e3	1970313	27775
1747	SRR9621086	/cephyr/users/mayoa/Vera/hpc_rnaseq_production_results/2026-09-10/runs/SRR9621086/gene_counts.tsv.gz	9747a8c4d2ea7d8cea18fda1abe5b0d0b650b39b436cf317e1fb6d6295c4536e	b384a9b4e1fff9fb5617a13f946661d517868e34a798aee84f8c47f51fb266bd	1970254	27775
1748	SRR9703434	/cephyr/users/mayoa/Vera/hpc_rnaseq_production_results/2026-09-10/runs/SRR9703434/gene_counts.tsv.gz	6c2905d2d9df2cccbf082f29f538ec8d5725f9e9696cc197225f946b9046c94c	0cc8202cc88b22b9b052a478dc2d138b9e77d2c6f8d263925986633061fdb33a	34436758	27775
1749	SRR9703435	/cephyr/users/mayoa/Vera/hpc_rnaseq_production_results/2026-09-10/runs/SRR9703435/gene_counts.tsv.gz	4b07d26e702a4b584d9d7514453aaf7b922c56d648010ff966ad10f74c2bc928	de4d65287d147853374fd91cbb9f6c8716c3dc9654736b8c0f12a6ee282234ac	23142200	27775
1750	SRR9703436	/cephyr/users/mayoa/Vera/hpc_rnaseq_production_results/2026-09-10/runs/SRR9703436/gene_counts.tsv.gz	5f0d0b40fe8fe480906227f6550611fcd565942733003ed35d45afceb79c6840	c4df435d994f615f80b1a6decee54e4d9d55fc820a4336cf9f7e53a8761c413d	12897068	27775
1751	SRR9846909	/cephyr/users/mayoa/Vera/hpc_rnaseq_production_results/2026-09-10/runs/SRR9846909/gene_counts.tsv.gz	9020bde96147c3e00e73257b72f330c91dced1b37b8876c88750c8e7f0a916c0	01d37b9792bfba012a94be23e9d901f3bc568add1229e7e1086ede009ff674cb	22348756	27775
1752	SRR9846910	/cephyr/users/mayoa/Vera/hpc_rnaseq_production_results/2026-09-10/runs/SRR9846910/gene_counts.tsv.gz	c1beadc0064f1a4430600b6e3955c302efacc3ff623c9454195a8c2f9d8108bf	79e679347cae65eaaafba1ba3c3c4058618bd2cf478f361d4a2e89a36f760269	23586295	27775
1753	SRR9846911	/cephyr/users/mayoa/Vera/hpc_rnaseq_production_results/2026-09-10/runs/SRR9846911/gene_counts.tsv.gz	1ac524639c87eb54ffd75581392c904daaeed5ec2c12503bfd9510465c4eebfb	c078ac12c297aa3c5e59cf888fd4668db2559eea02c775586ce165085531c311	24332597	27775
1754	SRR9846912	/cephyr/users/mayoa/Vera/hpc_rnaseq_production_results/2026-09-10/runs/SRR9846912/gene_counts.tsv.gz	cccc75744c91e7a885349ae553938e69077dd16243ee0856a983d6932d1b22fc	7121e1a3e9663686a035340e72be267f726922da4f9aaddce4289f8b8b46e42f	24824021	27775
