canonical_locus_id	locus_name	benchmark_role	best_evidence_tier	n_observations	target_assembly	target_seqname	target_start_1based	target_end_1based	locus_width_bp	locus_semantic_class	mapping_confidence	supporting_studies	chip_anchor_1based	analysis_id	study	condition_key	target	peak_mode	ip_run	control_run	peak_file_type	analysis_peak_count	analysis_frip	analysis_input_overlap_fraction	analysis_ip_input_overlap_ratio	analysis_median_fold_enrichment	chip_exact_overlap	chip_exact_n_peaks	chip_exact_overlap_bp	chip_exact_overlap_fraction_of_locus	chip_anchor_in_peak	chip_nearest_peak_distance_to_anchor_bp	chip_nearest_peak_distance_to_locus_bp	chip_n_peaks_pm1000bp	chip_any_peak_pm1000bp	chip_enriched_bp_pm1000bp	chip_enriched_fraction_pm1000bp	chip_n_peaks_pm10000bp	chip_any_peak_pm10000bp	chip_enriched_bp_pm10000bp	chip_enriched_fraction_pm10000bp	chip_n_peaks_pm50000bp	chip_any_peak_pm50000bp	chip_enriched_bp_pm50000bp	chip_enriched_fraction_pm50000bp	chip_spmr_locus_mean	chip_spmr_locus_covered_bp	chip_spmr_locus_covered_fraction	chip_spmr_locus_actual_bp	chip_spmr_pm1000bp_mean	chip_spmr_pm1000bp_covered_bp	chip_spmr_pm1000bp_covered_fraction	chip_spmr_pm1000bp_actual_window_bp	chip_spmr_pm10000bp_mean	chip_spmr_pm10000bp_covered_bp	chip_spmr_pm10000bp_covered_fraction	chip_spmr_pm10000bp_actual_window_bp	chip_spmr_pm50000bp_mean	chip_spmr_pm50000bp_covered_bp	chip_spmr_pm50000bp_covered_fraction	chip_spmr_pm50000bp_actual_window_bp
CHO_BM_DHIMAN_005	DHIMAN2020_L005	negative	Tier 2	1	GCF_003668045.3	NC_048595.1	257621823	257621823	1	point_coordinate	high	DHIMAN2020	257621823	ERR868151	PRJEB9291	PRJEB9291:66_hours	H3K4me3	narrow	ERR868151	ERR868150	narrowPeak	47495	0.8100630592674084	0.03111546815499335	26.034095171967103	8.03545	0	0	0	0.0	0	5337	5337	0	0	0	0.0	1	1	170	0.008499575021248937	4	1	4579	0.04578954210457895	0.14025	1	1	1	0.107986151924	2001	1	2001	0.0437562091895	20001	1	20001	0.13523897941	100001	1	100001
CHO_BM_GAIDUKOV_002	sLP1-2	positive	Tier 2	1	GCF_003668045.3	NC_048595.1	299949073	299949073	1	point_coordinate	high	GAIDUKOV2018	299949073	ERR868151	PRJEB9291	PRJEB9291:66_hours	H3K4me3	narrow	ERR868151	ERR868150	narrowPeak	47495	0.8100630592674084	0.03111546815499335	26.034095171967103	8.03545	0	0	0	0.0	0	3449	3449	0	0	0	0.0	1	1	584	0.02919854007299635	1	1	584	0.005839941600583994	0	1	1	1	0.00373813093453	2001	1	2001	0.0326676826159	20001	1	20001	0.0121923612764	100001	1	100001
CHO_BM_DHIMAN_004	DHIMAN2020_L004	positive	Tier 2	2	GCF_003668045.3	NC_048595.1	408642588	408642597	10	mapped_interval	high	DHIMAN2020	408642592	ERR868151	PRJEB9291	PRJEB9291:66_hours	H3K4me3	narrow	ERR868151	ERR868150	narrowPeak	47495	0.8100630592674084	0.03111546815499335	26.034095171967103	8.03545	0	0	0	0.0	0	70562	70558	0	0	0	0.0	0	0	0	0.0	0	0	0	0.0	0	10	1	10	0	2001	1	2001	0.00336583170841	20001	1	20001	0.00463755362446	100001	1	100001
CHO_BM_DHIMAN_006	DHIMAN2020_L006	support_only	Tier 2	2	GCF_003668045.3	NC_048596.1	236735321	236735321	1	point_coordinate	high	DHIMAN2020	236735321	ERR868151	PRJEB9291	PRJEB9291:66_hours	H3K4me3	narrow	ERR868151	ERR868150	narrowPeak	47495	0.8100630592674084	0.03111546815499335	26.034095171967103	8.03545	0	0	0	0.0	0	18071	18071	0	0	0	0.0	0	0	0	0.0	5	1	8041	0.08040919590804092	0	1	1	1	0.0151160669665	2001	1	2001	0.0110347857607	20001	1	20001	0.231462239978	100001	1	100001
CHO_BM_GAIDUKOV_016	mLP15	positive	Tier 2	1	GCF_003668045.3	NC_048596.1	246185831	246185831	1	point_coordinate	high	GAIDUKOV2018	246185831	ERR868151	PRJEB9291	PRJEB9291:66_hours	H3K4me3	narrow	ERR868151	ERR868150	narrowPeak	47495	0.8100630592674084	0.03111546815499335	26.034095171967103	8.03545	0	0	0	0.0	0	11259	11259	0	0	0	0.0	0	0	0	0.0	1	1	1538	0.015379846201537985	0	1	1	1	0.0853234132934	2001	1	2001	0.0198163916804	20001	1	20001	0.063772302077	100001	1	100001
CHO_BM_ZHAO_003	GRIK1	support_only	Tier 2	4	GCF_003668045.3	NC_048597.1	9449577	9449578	2	interbase_cut_boundary	high	ZHAO2018	9449577	ERR868151	PRJEB9291	PRJEB9291:66_hours	H3K4me3	narrow	ERR868151	ERR868150	narrowPeak	47495	0.8100630592674084	0.03111546815499335	26.034095171967103	8.03545	0	0	0	0.0	0	17156	17156	0	0	0	0.0	0	0	0	0.0	1	1	445	0.004449955500444996	0	2	1	2	0.0261669165417	2001	1	2001	0.00973286335683	20001	1	20001	0.014436302637	100001	1	100001
CHO_BM_DHIMAN_007	DHIMAN2020_L007	positive	Tier 2	1	GCF_003668045.3	NC_048597.1	21959978	21959978	1	point_coordinate	high	DHIMAN2020	21959978	ERR868151	PRJEB9291	PRJEB9291:66_hours	H3K4me3	narrow	ERR868151	ERR868150	narrowPeak	47495	0.8100630592674084	0.03111546815499335	26.034095171967103	8.03545	0	0	0	0.0	0	13364	13364	0	0	0	0.0	0	0	0	0.0	5	1	2381	0.023809761902380978	0	1	1	1	0.0186906546727	2001	1	2001	0.00785360731963	20001	1	20001	0.0367268116319	100001	1	100001
CHO_BM_DHIMAN_008	DHIMAN2020_L008	positive	Tier 2	1	GCF_003668045.3	NC_048597.1	73524836	73524858	23	mapped_interval	high	DHIMAN2020	73524847	ERR868151	PRJEB9291	PRJEB9291:66_hours	H3K4me3	narrow	ERR868151	ERR868150	narrowPeak	47495	0.8100630592674084	0.03111546815499335	26.034095171967103	8.03545	0	0	0	0.0	0	2548	2537	0	0	0	0.0	1	1	983	0.049147542622868856	4	1	1889	0.018889811101888983	0	23	1	23	0.00373813093453	2001	1	2001	0.0582483230838	20001	1	20001	0.0385968236318	100001	1	100001
CHO_BM_GAIDUKOV_015	mLP14	positive	Tier 2	1	GCF_003668045.3	NC_048597.1	105106891	105106891	1	point_coordinate	high	GAIDUKOV2018	105106891	ERR868151	PRJEB9291	PRJEB9291:66_hours	H3K4me3	narrow	ERR868151	ERR868150	narrowPeak	47495	0.8100630592674084	0.03111546815499335	26.034095171967103	8.03545	0	0	0	0.0	0	14682	14682	0	0	0	0.0	0	0	0	0.0	3	1	6407	0.06406935930640693	0.04675	1	1	1	0.00747626186907	2001	1	2001	0.0138373081346	20001	1	20001	0.193358852011	100001	1	100001
CHO_BM_DHIMAN_009	DHIMAN2020_L009	positive	Tier 2	1	GCF_003668045.3	NC_048597.1	169164042	169164066	25	mapped_interval	high	DHIMAN2020	169164054	ERR868151	PRJEB9291	PRJEB9291:66_hours	H3K4me3	narrow	ERR868151	ERR868150	narrowPeak	47495	0.8100630592674084	0.03111546815499335	26.034095171967103	8.03545	1	1	25	1.0	1	0	0	1	1	2001	1.0	1	1	4422	0.22108894555272238	7	1	15589	0.15588844111558883	10.4441188	25	1	25	7.41607868066	2001	1	2001	1.2867540503	20001	1	20001	0.760220710993	100001	1	100001
CHO_BM_GAIDUKOV_017	mLP16	positive	Tier 2	1	GCF_003668045.3	NC_048597.1	175544362	175544362	1	point_coordinate	high	GAIDUKOV2018	175544362	ERR868151	PRJEB9291	PRJEB9291:66_hours	H3K4me3	narrow	ERR868151	ERR868150	narrowPeak	47495	0.8100630592674084	0.03111546815499335	26.034095171967103	8.03545	0	0	0	0.0	0	4771	4771	0	0	0	0.0	2	1	3933	0.19664016799160042	4	1	5610	0.056099439005609944	0.04675	1	1	1	0.0149525237381	2001	1	2001	0.542229697015	20001	1	20001	0.147849832002	100001	1	100001
CHO_BM_GAIDUKOV_005	mLP4	positive	Tier 2	1	GCF_003668045.3	NC_048597.1	186989799	186989799	1	point_coordinate	high	GAIDUKOV2018	186989799	ERR868151	PRJEB9291	PRJEB9291:66_hours	H3K4me3	narrow	ERR868151	ERR868150	narrowPeak	47495	0.8100630592674084	0.03111546815499335	26.034095171967103	8.03545	0	0	0	0.0	0	4538	4538	0	0	0	0.0	1	1	283	0.014149292535373231	3	1	1154	0.011539884601153988	0	1	1	1	0.0110742128936	2001	1	2001	0.0385320568972	20001	1	20001	0.031191603984	100001	1	100001
CHO_BM_GAIDUKOV_014	mLP13	positive	Tier 2	1	GCF_003668045.3	NC_048598.1	113820843	113820843	1	point_coordinate	high	GAIDUKOV2018	113820843	ERR868151	PRJEB9291	PRJEB9291:66_hours	H3K4me3	narrow	ERR868151	ERR868150	narrowPeak	47495	0.8100630592674084	0.03111546815499335	26.034095171967103	8.03545	0	0	0	0.0	0	88792	88792	0	0	0	0.0	0	0	0	0.0	0	0	0	0.0	0	1	1	1	0	2001	1	2001	0.00503472326384	20001	1	20001	0.00628313716863	100001	1	100001
CHO_BM_GAIDUKOV_018	mLP17	positive	Tier 2	1	GCF_003668045.3	NC_048598.1	152539694	152539694	1	point_coordinate	high	GAIDUKOV2018	152539694	ERR868151	PRJEB9291	PRJEB9291:66_hours	H3K4me3	narrow	ERR868151	ERR868150	narrowPeak	47495	0.8100630592674084	0.03111546815499335	26.034095171967103	8.03545	0	0	0	0.0	0	291761	291761	0	0	0	0.0	0	0	0	0.0	0	0	0	0.0	0	1	1	1	0.0112143928036	2001	1	2001	0.00598370081496	20001	1	20001	0.00725554774452	100001	1	100001
CHO_BM_GAIDUKOV_003	mLP2	positive	Tier 2	1	GCF_003668045.3	NC_048598.1	158460979	158460979	1	point_coordinate	high	GAIDUKOV2018	158460979	ERR868151	PRJEB9291	PRJEB9291:66_hours	H3K4me3	narrow	ERR868151	ERR868150	narrowPeak	47495	0.8100630592674084	0.03111546815499335	26.034095171967103	8.03545	0	0	0	0.0	0	593277	593277	0	0	0	0.0	0	0	0	0.0	0	0	0	0.0	0	1	1	1	0.0112143928036	2001	1	2001	0.0104714764262	20001	1	20001	0.00785392146079	100001	1	100001
CHO_BM_DHIMAN_010	DHIMAN2020_L010	negative	Tier 2	1	GCF_003668045.3	NC_048599.1	7684596	7781386	96791	mapped_interval	high	DHIMAN2020	7732991	ERR868151	PRJEB9291	PRJEB9291:66_hours	H3K4me3	narrow	ERR868151	ERR868150	narrowPeak	47495	0.8100630592674084	0.03111546815499335	26.034095171967103	8.03545	0	0	0	0.0	0	206839	158444	0	0	0	0.0	0	0	0	0.0	0	0	0	0.0	0.00996910869812	96791	1	96791	0.0149525237381	2001	1	2001	0.0127153642318	20001	1	20001	0.0105897130029	100001	1	100001
CHO_BM_GAIDUKOV_007	mLP6	positive	Tier 2	1	GCF_003668045.3	NC_048599.1	45758703	45758703	1	point_coordinate	high	GAIDUKOV2018	45758703	ERR868151	PRJEB9291	PRJEB9291:66_hours	H3K4me3	narrow	ERR868151	ERR868150	narrowPeak	47495	0.8100630592674084	0.03111546815499335	26.034095171967103	8.03545	0	0	0	0.0	0	6581	6581	0	0	0	0.0	1	1	3325	0.16624168791560423	3	1	6078	0.06077939220607794	0	1	1	1	0	2001	1	2001	0.621674110294	20001	1	20001	0.208169418106	100001	1	100001
CHO_BM_GAIDUKOV_008	mLP7	positive	Tier 2	1	GCF_003668045.3	NC_048599.1	109879626	109879626	1	point_coordinate	high	GAIDUKOV2018	109879626	ERR868151	PRJEB9291	PRJEB9291:66_hours	H3K4me3	narrow	ERR868151	ERR868150	narrowPeak	47495	0.8100630592674084	0.03111546815499335	26.034095171967103	8.03545	0	0	0	0.0	0	2164	2164	0	0	0	0.0	3	1	3830	0.19149042547872605	6	1	8264	0.08263917360826392	0	1	1	1	0.0112143928036	2001	1	2001	0.209266528174	20001	1	20001	0.150049350706	100001	1	100001
CHO_BM_HERTEL_003	Site-C	positive	Tier 2	1	GCF_003668045.3	NC_048600.1	91189327	91189365	39	paired_nick_interval	high	HERTEL2022	91189346	ERR868151	PRJEB9291	PRJEB9291:66_hours	H3K4me3	narrow	ERR868151	ERR868150	narrowPeak	47495	0.8100630592674084	0.03111546815499335	26.034095171967103	8.03545	1	1	39	1.0	1	0	0	2	1	1833	0.9160419790104948	6	1	7210	0.36048197590120495	11	1	13970	0.13969860301396986	1.78971589744	39	1	39	2.26452523238	2001	1	2001	0.964489320534	20001	1	20001	0.493722200078	100001	1	100001
CHO_BM_ZHAO_001	C12orf35	positive	Tier 2	4	GCF_003668045.3	NC_048601.1	371365	371366	2	interbase_cut_boundary	high	ZHAO2018	371365	ERR868151	PRJEB9291	PRJEB9291:66_hours	H3K4me3	narrow	ERR868151	ERR868150	narrowPeak	47495	0.8100630592674084	0.03111546815499335	26.034095171967103	8.03545	0	0	0	0.0	0	16126	16125	0	0	0	0.0	0	0	0	0.0	2	1	2583	0.025829741702582974	0	2	1	2	0.00373813093453	2001	1	2001	0.00785360731963	20001	1	20001	0.0555765680343	100001	1	100001
CHO_BM_DHIMAN_011	DHIMAN2020_L011	support_only	Tier 2	2	GCF_003668045.3	NC_048601.1	1900502	1900502	1	point_coordinate	high	DHIMAN2020	1900502	ERR868151	PRJEB9291	PRJEB9291:66_hours	H3K4me3	narrow	ERR868151	ERR868150	narrowPeak	47495	0.8100630592674084	0.03111546815499335	26.034095171967103	8.03545	0	0	0	0.0	0	30424	30424	0	0	0	0.0	0	0	0	0.0	4	1	1702	0.017019829801701983	0.04675	1	1	1	0.0336431784108	2001	1	2001	0.0410727068647	20001	1	20001	0.0510135078649	100001	1	100001
CHO_BM_GAIDUKOV_021	sLP20	positive	Tier 2	1	GCF_003668045.3	NC_048601.1	31728512	31728512	1	point_coordinate	high	GAIDUKOV2018	31728512	ERR868151	PRJEB9291	PRJEB9291:66_hours	H3K4me3	narrow	ERR868151	ERR868150	narrowPeak	47495	0.8100630592674084	0.03111546815499335	26.034095171967103	8.03545	1	1	1	1.0	1	0	0	1	1	2001	1.0	2	1	11286	0.5642717864106794	6	1	15224	0.15223847761522386	5.28283	1	1	1	3.68020148426	2001	1	2001	1.65594745613	20001	1	20001	0.514028214418	100001	1	100001
CHO_BM_HERTEL_001	Site-A	positive	Tier 2	1	GCF_003668045.3	NC_048603.1	21429466	21429529	64	paired_nick_interval	high	HERTEL2022	21429497	ERR868151	PRJEB9291	PRJEB9291:66_hours	H3K4me3	narrow	ERR868151	ERR868150	narrowPeak	47495	0.8100630592674084	0.03111546815499335	26.034095171967103	8.03545	1	1	64	1.0	1	0	0	1	1	2001	1.0	1	1	8307	0.4153292335383231	3	1	11905	0.11904880951190489	10.7855425	64	1	64	8.65012515742	2001	1	2001	2.67550161392	20001	1	20001	0.629201632284	100001	1	100001
CHO_BM_DHIMAN_012	DHIMAN2020_L012	positive	Tier 2	1	GCF_003668045.3	NC_048603.1	26280751	26280867	117	mapped_interval	high	DHIMAN2020	26280809	ERR868151	PRJEB9291	PRJEB9291:66_hours	H3K4me3	narrow	ERR868151	ERR868150	narrowPeak	47495	0.8100630592674084	0.03111546815499335	26.034095171967103	8.03545	0	0	0	0.0	0	123005	122947	0	0	0	0.0	0	0	0	0.0	0	0	0	0.0	0	117	1	117	0.0224287856072	2001	1	2001	0.0168291585421	20001	1	20001	0.0175591244088	100001	1	100001
CHO_BM_HERTEL_002	Site-B	support_only	Tier 2	1	GCF_003668045.3	NC_048603.1	28646724	28646778	55	paired_nick_interval	high	HERTEL2022	28646751	ERR868151	PRJEB9291	PRJEB9291:66_hours	H3K4me3	narrow	ERR868151	ERR868150	narrowPeak	47495	0.8100630592674084	0.03111546815499335	26.034095171967103	8.03545	0	0	0	0.0	0	38	11	1	1	963	0.48125937031484256	3	1	8366	0.4182790860456977	10	1	12862	0.12861871381286188	0.40971	55	1	55	0.927982018991	2001	1	2001	0.92270559272	20001	1	20001	0.292447262427	100001	1	100001
CHO_BM_ZHAO_002	HPRT	support_only	Tier 2	4	GCF_003668045.3	NC_048604.1	17024143	17024144	2	interbase_cut_boundary	high	ZHAO2018	17024143	ERR868151	PRJEB9291	PRJEB9291:66_hours	H3K4me3	narrow	ERR868151	ERR868150	narrowPeak	47495	0.8100630592674084	0.03111546815499335	26.034095171967103	8.03545	0	0	0	0.0	0	14843	14842	0	0	0	0.0	0	0	0	0.0	4	1	6265	0.06264937350626494	0	2	1	2	0.00432221389305	2001	1	2001	0.0134633268337	20001	1	20001	0.115791798382	100001	1	100001
CHO_BM_DHIMAN_013	DHIMAN2020_L013	positive	Tier 2	1	GCF_003668045.3	NC_048604.1	59574984	59627432	52449	mapped_interval	high	DHIMAN2020	59601208	ERR868151	PRJEB9291	PRJEB9291:66_hours	H3K4me3	narrow	ERR868151	ERR868150	narrowPeak	47495	0.8100630592674084	0.03111546815499335	26.034095171967103	8.03545	0	0	0	0.0	0	60423	34199	0	0	0	0.0	0	0	0	0.0	0	0	0	0.0	0.00973261434918	52449	1	52449	0.00513993003498	2001	1	2001	0.00373981300935	20001	1	20001	0.00673195908041	100001	1	100001
CHO_BM_GAIDUKOV_009	mLP8	positive	Tier 2	1	GCF_003668045.3	NW_023276806.1	48454524	48454524	1	point_coordinate	high	GAIDUKOV2018	48454524	ERR868151	PRJEB9291	PRJEB9291:66_hours	H3K4me3	narrow	ERR868151	ERR868150	narrowPeak	47495	0.8100630592674084	0.03111546815499335	26.034095171967103	8.03545	0	0	0	0.0	0	14858	14858	0	0	0	0.0	0	0	0	0.0	5	1	10543	0.1054289457105429	0	1	1	1	0.00380822088956	2001	1	2001	0.0104714764262	20001	1	20001	0.352309805302	100001	1	100001
CHO_BM_GAIDUKOV_011	mLP10	positive	Tier 2	1	GCF_003668045.3	NW_023276806.1	67810067	67810067	1	point_coordinate	high	GAIDUKOV2018	67810067	ERR868151	PRJEB9291	PRJEB9291:66_hours	H3K4me3	narrow	ERR868151	ERR868150	narrowPeak	47495	0.8100630592674084	0.03111546815499335	26.034095171967103	8.03545	0	0	0	0.0	0	149544	149544	0	0	0	0.0	0	0	0	0.0	0	0	0	0.0	0	1	1	1	0.00747626186907	2001	1	2001	0.00934953252337	20001	1	20001	0.00693529314707	100001	1	100001
CHO_BM_GAIDUKOV_001	sLP1-1	positive	Tier 2	1	GCF_003668045.3	NW_023276806.1	81776324	81776324	1	point_coordinate	high	GAIDUKOV2018	81776324	ERR868151	PRJEB9291	PRJEB9291:66_hours	H3K4me3	narrow	ERR868151	ERR868150	narrowPeak	47495	0.8100630592674084	0.03111546815499335	26.034095171967103	8.03545	0	0	0	0.0	0	78175	78175	0	0	0	0.0	0	0	0	0.0	0	0	0	0.0	0	1	1	1	0.0149525237381	2001	1	2001	0.0061613419329	20001	1	20001	0.00643273567264	100001	1	100001
CHO_BM_GAIDUKOV_013	mLP12	positive	Tier 2	1	GCF_003668045.3	NW_023276806.1	163338145	163338145	1	point_coordinate	high	GAIDUKOV2018	163338145	ERR868151	PRJEB9291	PRJEB9291:66_hours	H3K4me3	narrow	ERR868151	ERR868150	narrowPeak	47495	0.8100630592674084	0.03111546815499335	26.034095171967103	8.03545	0	0	0	0.0	0	3193	3193	0	0	0	0.0	2	1	4407	0.22033898305084745	5	1	10458	0.10457895421045789	0	1	1	1	0.0101630434783	2001	1	2001	0.297216677666	20001	1	20001	0.187748815612	100001	1	100001
CHO_BM_DHIMAN_003	DHIMAN2020_L003	support_only	Tier 2	2	GCF_003668045.3	NW_023276806.1	241273133	241273133	1	point_coordinate	high	DHIMAN2020	241273133	ERR868151	PRJEB9291	PRJEB9291:66_hours	H3K4me3	narrow	ERR868151	ERR868150	narrowPeak	47495	0.8100630592674084	0.03111546815499335	26.034095171967103	8.03545	0	0	0	0.0	0	190058	190058	0	0	0	0.0	0	0	0	0.0	0	0	0	0.0	0	1	1	1	0.00373813093453	2001	1	2001	0.0065399980001	20001	1	20001	0.00740512594874	100001	1	100001
CHO_BM_CHI_001	Hipp11/H11	positive	Tier 2	1	GCF_003668045.3	NW_023276807.1	101678097	101678098	2	interbase_cut_boundary	high	CHI2019	101678097	ERR868151	PRJEB9291	PRJEB9291:66_hours	H3K4me3	narrow	ERR868151	ERR868150	narrowPeak	47495	0.8100630592674084	0.03111546815499335	26.034095171967103	8.03545	0	0	0	0.0	0	21652	21652	0	0	0	0.0	0	0	0	0.0	4	1	8172	0.08171918280817192	0	2	1	2	0.0049763868066	2001	1	2001	0.0104434278286	20001	1	20001	0.292220190098	100001	1	100001
CHO_BM_GAIDUKOV_010	mLP9	positive	Tier 2	1	GCF_003668045.3	NW_023276807.1	132016117	132016117	1	point_coordinate	high	GAIDUKOV2018	132016117	ERR868151	PRJEB9291	PRJEB9291:66_hours	H3K4me3	narrow	ERR868151	ERR868150	narrowPeak	47495	0.8100630592674084	0.03111546815499335	26.034095171967103	8.03545	0	0	0	0.0	0	15695	15695	0	0	0	0.0	0	0	0	0.0	3	1	4073	0.04072959270407296	0.04675	1	1	1	0.00747626186907	2001	1	2001	0.0086015699215	20001	1	20001	0.126089997	100001	1	100001
CHO_BM_DHIMAN_001	DHIMAN2020_L001	negative	Tier 2	1	GCF_003668045.3	NW_023276807.1	138183203	138205865	22663	mapped_interval	high	DHIMAN2020	138194534	ERR868151	PRJEB9291	PRJEB9291:66_hours	H3K4me3	narrow	ERR868151	ERR868150	narrowPeak	47495	0.8100630592674084	0.03111546815499335	26.034095171967103	8.03545	0	0	0	0.0	0	51209	39878	0	0	0	0.0	0	0	0	0.0	0	0	0	0.0	0.00957155319243	22663	1	22663	0	2001	1	2001	0.00985908754562	20001	1	20001	0.00789225717743	100001	1	100001
CHO_BM_GAIDUKOV_019	mLP18	positive	Tier 2	1	GCF_003668045.3	NW_023276807.1	150040083	150040083	1	point_coordinate	high	GAIDUKOV2018	150040083	ERR868151	PRJEB9291	PRJEB9291:66_hours	H3K4me3	narrow	ERR868151	ERR868150	narrowPeak	47495	0.8100630592674084	0.03111546815499335	26.034095171967103	8.03545	0	0	0	0.0	0	49382	49382	0	0	0	0.0	0	0	0	0.0	1	1	343	0.0034299657003429964	0	1	1	1	0.00747626186907	2001	1	2001	0.00486175691215	20001	1	20001	0.00845235307647	100001	1	100001
CHO_BM_DHIMAN_002	DHIMAN2020_L002	negative	Tier 2	1	GCF_003668045.3	NW_023276807.1	264596547	264623008	26462	mapped_interval	high	DHIMAN2020	264609777	ERR868151	PRJEB9291	PRJEB9291:66_hours	H3K4me3	narrow	ERR868151	ERR868150	narrowPeak	47495	0.8100630592674084	0.03111546815499335	26.034095171967103	8.03545	0	0	0	0.0	0	166221	152991	0	0	0	0.0	0	0	0	0.0	0	0	0	0.0	0.00545552112463	26462	1	26462	0.0149525237381	2001	1	2001	0.00635768211589	20001	1	20001	0.00441315586844	100001	1	100001
CHO_BM_DHIMAN_005	DHIMAN2020_L005	negative	Tier 2	1	GCF_003668045.3	NC_048595.1	257621823	257621823	1	point_coordinate	high	DHIMAN2020	257621823	ERR868152	PRJEB9291	PRJEB9291:66_hours	H3K9me3	broad	ERR868152	ERR868150	broadPeak	233632	0.26331352243760886	0.0589303557655073	4.468215387759964	2.95873	0	0	0	0.0	0	5143	5143	0	0	0	0.0	1	1	246	0.012299385030748462	4	1	2410	0.024099759002409977	0	1	1	1	0.019979970015	2001	1	2001	0.0383670221489	20001	1	20001	0.0474813683863	100001	1	100001
CHO_BM_GAIDUKOV_002	sLP1-2	positive	Tier 2	1	GCF_003668045.3	NC_048595.1	299949073	299949073	1	point_coordinate	high	GAIDUKOV2018	299949073	ERR868152	PRJEB9291	PRJEB9291:66_hours	H3K9me3	broad	ERR868152	ERR868150	broadPeak	233632	0.26331352243760886	0.0589303557655073	4.468215387759964	2.95873	0	0	0	0.0	0	37647	37647	0	0	0	0.0	0	0	0	0.0	2	1	323	0.003229967700322997	0.04063	1	1	1	0.0283252623688	2001	1	2001	0.0240355062247	20001	1	20001	0.0395508779912	100001	1	100001
CHO_BM_DHIMAN_004	DHIMAN2020_L004	positive	Tier 2	2	GCF_003668045.3	NC_048595.1	408642588	408642597	10	mapped_interval	high	DHIMAN2020	408642592	ERR868152	PRJEB9291	PRJEB9291:66_hours	H3K9me3	broad	ERR868152	ERR868150	broadPeak	233632	0.26331352243760886	0.0589303557655073	4.468215387759964	2.95873	0	0	0	0.0	0	333111	333106	0	0	0	0.0	0	0	0	0.0	0	0	0	0.0	0.04063	10	1	10	0.00944175412294	2001	1	2001	0.0182358637068	20001	1	20001	0.0177551324487	100001	1	100001
CHO_BM_DHIMAN_006	DHIMAN2020_L006	support_only	Tier 2	2	GCF_003668045.3	NC_048596.1	236735321	236735321	1	point_coordinate	high	DHIMAN2020	236735321	ERR868152	PRJEB9291	PRJEB9291:66_hours	H3K9me3	broad	ERR868152	ERR868150	broadPeak	233632	0.26331352243760886	0.0589303557655073	4.468215387759964	2.95873	0	0	0	0.0	0	22252	22252	0	0	0	0.0	0	0	0	0.0	2	1	556	0.0055599444005559944	0	1	1	1	0.0225789905047	2001	1	2001	0.0192068721564	20001	1	20001	0.0284594052059	100001	1	100001
CHO_BM_GAIDUKOV_016	mLP15	positive	Tier 2	1	GCF_003668045.3	NC_048596.1	246185831	246185831	1	point_coordinate	high	GAIDUKOV2018	246185831	ERR868152	PRJEB9291	PRJEB9291:66_hours	H3K9me3	broad	ERR868152	ERR868150	broadPeak	233632	0.26331352243760886	0.0589303557655073	4.468215387759964	2.95873	0	0	0	0.0	0	8009	8009	0	0	0	0.0	1	1	225	0.011249437528123594	1	1	225	0.002249977500224998	0	1	1	1	0.0103757771114	2001	1	2001	0.0461980630968	20001	1	20001	0.0340699458005	100001	1	100001
CHO_BM_ZHAO_003	GRIK1	support_only	Tier 2	4	GCF_003668045.3	NC_048597.1	9449577	9449578	2	interbase_cut_boundary	high	ZHAO2018	9449577	ERR868152	PRJEB9291	PRJEB9291:66_hours	H3K9me3	broad	ERR868152	ERR868150	broadPeak	233632	0.26331352243760886	0.0589303557655073	4.468215387759964	2.95873	0	0	0	0.0	0	242620	242619	0	0	0	0.0	0	0	0	0.0	0	0	0	0.0	0.04063	2	1	2	0.0357365317341	2001	1	2001	0.0495437763112	20001	1	20001	0.0508312783872	100001	1	100001
CHO_BM_DHIMAN_007	DHIMAN2020_L007	positive	Tier 2	1	GCF_003668045.3	NC_048597.1	21959978	21959978	1	point_coordinate	high	DHIMAN2020	21959978	ERR868152	PRJEB9291	PRJEB9291:66_hours	H3K9me3	broad	ERR868152	ERR868150	broadPeak	233632	0.26331352243760886	0.0589303557655073	4.468215387759964	2.95873	0	0	0	0.0	0	18363	18363	0	0	0	0.0	0	0	0	0.0	1	1	337	0.0033699663003369964	0	1	1	1	0.0199596651674	2001	1	2001	0.0195217389131	20001	1	20001	0.0264567725323	100001	1	100001
CHO_BM_DHIMAN_008	DHIMAN2020_L008	positive	Tier 2	1	GCF_003668045.3	NC_048597.1	73524836	73524858	23	mapped_interval	high	DHIMAN2020	73524847	ERR868152	PRJEB9291	PRJEB9291:66_hours	H3K9me3	broad	ERR868152	ERR868150	broadPeak	233632	0.26331352243760886	0.0589303557655073	4.468215387759964	2.95873	0	0	0	0.0	0	71167	71156	0	0	0	0.0	0	0	0	0.0	0	0	0	0.0	0.04063	23	1	23	0.0289141029485	2001	1	2001	0.0273934078296	20001	1	20001	0.024025497645	100001	1	100001
CHO_BM_GAIDUKOV_015	mLP14	positive	Tier 2	1	GCF_003668045.3	NC_048597.1	105106891	105106891	1	point_coordinate	high	GAIDUKOV2018	105106891	ERR868152	PRJEB9291	PRJEB9291:66_hours	H3K9me3	broad	ERR868152	ERR868150	broadPeak	233632	0.26331352243760886	0.0589303557655073	4.468215387759964	2.95873	0	0	0	0.0	0	30047	30047	0	0	0	0.0	0	0	0	0.0	3	1	1563	0.015629843701562986	0.04063	1	1	1	0.0193911294353	2001	1	2001	0.0257967286636	20001	1	20001	0.036325700843	100001	1	100001
CHO_BM_DHIMAN_009	DHIMAN2020_L009	positive	Tier 2	1	GCF_003668045.3	NC_048597.1	169164042	169164066	25	mapped_interval	high	DHIMAN2020	169164054	ERR868152	PRJEB9291	PRJEB9291:66_hours	H3K9me3	broad	ERR868152	ERR868150	broadPeak	233632	0.26331352243760886	0.0589303557655073	4.468215387759964	2.95873	0	0	0	0.0	0	39842	39830	0	0	0	0.0	0	0	0	0.0	2	1	521	0.005209947900520995	0.12189	25	1	25	0.0244064267866	2001	1	2001	0.0279012574371	20001	1	20001	0.0536062796372	100001	1	100001
CHO_BM_GAIDUKOV_017	mLP16	positive	Tier 2	1	GCF_003668045.3	NC_048597.1	175544362	175544362	1	point_coordinate	high	GAIDUKOV2018	175544362	ERR868152	PRJEB9291	PRJEB9291:66_hours	H3K9me3	broad	ERR868152	ERR868150	broadPeak	233632	0.26331352243760886	0.0589303557655073	4.468215387759964	2.95873	0	0	0	0.0	0	18848	18848	0	0	0	0.0	0	0	0	0.0	4	1	909	0.009089909100908991	0.04063	1	1	1	0.0283252623688	2001	1	2001	0.0199036418179	20001	1	20001	0.0336364280357	100001	1	100001
CHO_BM_GAIDUKOV_005	mLP4	positive	Tier 2	1	GCF_003668045.3	NC_048597.1	186989799	186989799	1	point_coordinate	high	GAIDUKOV2018	186989799	ERR868152	PRJEB9291	PRJEB9291:66_hours	H3K9me3	broad	ERR868152	ERR868150	broadPeak	233632	0.26331352243760886	0.0589303557655073	4.468215387759964	2.95873	0	0	0	0.0	0	88868	88868	0	0	0	0.0	0	0	0	0.0	0	0	0	0.0	0	1	1	1	0.00314725137431	2001	1	2001	0.0237754872256	20001	1	20001	0.0257571309287	100001	1	100001
CHO_BM_GAIDUKOV_014	mLP13	positive	Tier 2	1	GCF_003668045.3	NC_048598.1	113820843	113820843	1	point_coordinate	high	GAIDUKOV2018	113820843	ERR868152	PRJEB9291	PRJEB9291:66_hours	H3K9me3	broad	ERR868152	ERR868150	broadPeak	233632	0.26331352243760886	0.0589303557655073	4.468215387759964	2.95873	0	0	0	0.0	0	32253	32253	0	0	0	0.0	0	0	0	0.0	1	1	167	0.0016699833001669983	0	1	1	1	0.00629450274863	2001	1	2001	0.0185771386431	20001	1	20001	0.0382933920661	100001	1	100001
CHO_BM_GAIDUKOV_018	mLP17	positive	Tier 2	1	GCF_003668045.3	NC_048598.1	152539694	152539694	1	point_coordinate	high	GAIDUKOV2018	152539694	ERR868152	PRJEB9291	PRJEB9291:66_hours	H3K9me3	broad	ERR868152	ERR868150	broadPeak	233632	0.26331352243760886	0.0589303557655073	4.468215387759964	2.95873	0	0	0	0.0	0	136285	136285	0	0	0	0.0	0	0	0	0.0	0	0	0	0.0	0	1	1	1	0.0164469265367	2001	1	2001	0.0278687550622	20001	1	20001	0.0305493915061	100001	1	100001
CHO_BM_GAIDUKOV_003	mLP2	positive	Tier 2	1	GCF_003668045.3	NC_048598.1	158460979	158460979	1	point_coordinate	high	GAIDUKOV2018	158460979	ERR868152	PRJEB9291	PRJEB9291:66_hours	H3K9me3	broad	ERR868152	ERR868150	broadPeak	233632	0.26331352243760886	0.0589303557655073	4.468215387759964	2.95873	0	0	0	0.0	0	92	92	1	1	155	0.07746126936531735	8	1	1908	0.09539523023848807	32	1	9066	0.09065909340906592	0.08126	1	1	1	0.143636491754	2001	1	2001	0.126501274436	20001	1	20001	0.121461357786	100001	1	100001
CHO_BM_DHIMAN_010	DHIMAN2020_L010	negative	Tier 2	1	GCF_003668045.3	NC_048599.1	7684596	7781386	96791	mapped_interval	high	DHIMAN2020	7732991	ERR868152	PRJEB9291	PRJEB9291:66_hours	H3K9me3	broad	ERR868152	ERR868150	broadPeak	233632	0.26331352243760886	0.0589303557655073	4.468215387759964	2.95873	1	65	57026	0.5891663481108781	1	0	0	2	1	1121	0.5602198900549725	15	1	13429	0.671416429178541	68	1	58627	0.5862641373586264	0.263021017347	96791	1	96791	0.256328395802	2001	1	2001	0.262544027299	20001	1	20001	0.261965806142	100001	1	100001
CHO_BM_GAIDUKOV_007	mLP6	positive	Tier 2	1	GCF_003668045.3	NC_048599.1	45758703	45758703	1	point_coordinate	high	GAIDUKOV2018	45758703	ERR868152	PRJEB9291	PRJEB9291:66_hours	H3K9me3	broad	ERR868152	ERR868150	broadPeak	233632	0.26331352243760886	0.0589303557655073	4.468215387759964	2.95873	0	0	0	0.0	0	53750	53750	0	0	0	0.0	0	0	0	0.0	0	0	0	0.0	0	1	1	1	0.0157362568716	2001	1	2001	0.0161313349333	20001	1	20001	0.040998104119	100001	1	100001
CHO_BM_GAIDUKOV_008	mLP7	positive	Tier 2	1	GCF_003668045.3	NC_048599.1	109879626	109879626	1	point_coordinate	high	GAIDUKOV2018	109879626	ERR868152	PRJEB9291	PRJEB9291:66_hours	H3K9me3	broad	ERR868152	ERR868150	broadPeak	233632	0.26331352243760886	0.0589303557655073	4.468215387759964	2.95873	0	0	0	0.0	0	5085	5085	0	0	0	0.0	2	1	1757	0.08784560771961401	2	1	1757	0.017569824301756982	0	1	1	1	0.0165484507746	2001	1	2001	0.077656299185	20001	1	20001	0.0452662429376	100001	1	100001
CHO_BM_HERTEL_003	Site-C	positive	Tier 2	1	GCF_003668045.3	NC_048600.1	91189327	91189365	39	paired_nick_interval	high	HERTEL2022	91189346	ERR868152	PRJEB9291	PRJEB9291:66_hours	H3K9me3	broad	ERR868152	ERR868150	broadPeak	233632	0.26331352243760886	0.0589303557655073	4.468215387759964	2.95873	0	0	0	0.0	0	10655	10636	0	0	0	0.0	0	0	0	0.0	3	1	1658	0.016579834201657984	0.0333374358974	39	1	39	0.00944175412294	2001	1	2001	0.0292826083696	20001	1	20001	0.0587946787532	100001	1	100001
CHO_BM_ZHAO_001	C12orf35	positive	Tier 2	4	GCF_003668045.3	NC_048601.1	371365	371366	2	interbase_cut_boundary	high	ZHAO2018	371365	ERR868152	PRJEB9291	PRJEB9291:66_hours	H3K9me3	broad	ERR868152	ERR868150	broadPeak	233632	0.26331352243760886	0.0589303557655073	4.468215387759964	2.95873	0	0	0	0.0	0	285	285	2	1	577	0.28835582208895555	5	1	1532	0.07659617019149043	7	1	2138	0.021379786202137978	0.12189	2	1	2	0.167514992504	2001	1	2001	0.0967595700215	20001	1	20001	0.0472095564044	100001	1	100001
CHO_BM_DHIMAN_011	DHIMAN2020_L011	support_only	Tier 2	2	GCF_003668045.3	NC_048601.1	1900502	1900502	1	point_coordinate	high	DHIMAN2020	1900502	ERR868152	PRJEB9291	PRJEB9291:66_hours	H3K9me3	broad	ERR868152	ERR868150	broadPeak	233632	0.26331352243760886	0.0589303557655073	4.468215387759964	2.95873	0	0	0	0.0	0	3394	3394	0	0	0	0.0	6	1	2248	0.11239438028098594	37	1	19755	0.1975480245197548	0.4063	1	1	1	0.273993613193	2001	1	2001	0.264264621769	20001	1	20001	0.2764600074	100001	1	100001
CHO_BM_GAIDUKOV_021	sLP20	positive	Tier 2	1	GCF_003668045.3	NC_048601.1	31728512	31728512	1	point_coordinate	high	GAIDUKOV2018	31728512	ERR868152	PRJEB9291	PRJEB9291:66_hours	H3K9me3	broad	ERR868152	ERR868150	broadPeak	233632	0.26331352243760886	0.0589303557655073	4.468215387759964	2.95873	0	0	0	0.0	0	96338	96338	0	0	0	0.0	0	0	0	0.0	0	0	0	0.0	0	1	1	1	0.00944175412294	2001	1	2001	0.0141690040498	20001	1	20001	0.0226465292347	100001	1	100001
CHO_BM_HERTEL_001	Site-A	positive	Tier 2	1	GCF_003668045.3	NC_048603.1	21429466	21429529	64	paired_nick_interval	high	HERTEL2022	21429497	ERR868152	PRJEB9291	PRJEB9291:66_hours	H3K9me3	broad	ERR868152	ERR868150	broadPeak	233632	0.26331352243760886	0.0589303557655073	4.468215387759964	2.95873	0	0	0	0.0	0	3425	3394	0	0	0	0.0	3	1	2991	0.1495425228738563	24	1	14679	0.14678853211467885	0.12189	64	1	64	0.0170966816592	2001	1	2001	0.162213258837	20001	1	20001	0.177625676643	100001	1	100001
CHO_BM_DHIMAN_012	DHIMAN2020_L012	positive	Tier 2	1	GCF_003668045.3	NC_048603.1	26280751	26280867	117	mapped_interval	high	DHIMAN2020	26280809	ERR868152	PRJEB9291	PRJEB9291:66_hours	H3K9me3	broad	ERR868152	ERR868150	broadPeak	233632	0.26331352243760886	0.0589303557655073	4.468215387759964	2.95873	1	1	32	0.27350427350427353	0	27	0	3	1	1098	0.5487256371814093	15	1	15014	0.7506624668766562	64	1	74298	0.7429725702742973	0.356641111111	117	1	117	0.401162873563	2001	1	2001	0.40483739313	20001	1	20001	0.422152448576	100001	1	100001
CHO_BM_HERTEL_002	Site-B	support_only	Tier 2	1	GCF_003668045.3	NC_048603.1	28646724	28646778	55	paired_nick_interval	high	HERTEL2022	28646751	ERR868152	PRJEB9291	PRJEB9291:66_hours	H3K9me3	broad	ERR868152	ERR868150	broadPeak	233632	0.26331352243760886	0.0589303557655073	4.468215387759964	2.95873	0	0	0	0.0	0	64012	63985	0	0	0	0.0	0	0	0	0.0	0	0	0	0.0	0	55	1	55	0.068082153923	2001	1	2001	0.0523999225039	20001	1	20001	0.0537310124899	100001	1	100001
CHO_BM_ZHAO_002	HPRT	support_only	Tier 2	4	GCF_003668045.3	NC_048604.1	17024143	17024144	2	interbase_cut_boundary	high	ZHAO2018	17024143	ERR868152	PRJEB9291	PRJEB9291:66_hours	H3K9me3	broad	ERR868152	ERR868150	broadPeak	233632	0.26331352243760886	0.0589303557655073	4.468215387759964	2.95873	0	0	0	0.0	0	359537	359536	0	0	0	0.0	0	0	0	0.0	0	0	0	0.0	0	2	1	2	0.0188835082459	2001	1	2001	0.0106120253987	20001	1	20001	0.0097612598874	100001	1	100001
CHO_BM_DHIMAN_013	DHIMAN2020_L013	positive	Tier 2	1	GCF_003668045.3	NC_048604.1	59574984	59627432	52449	mapped_interval	high	DHIMAN2020	59601208	ERR868152	PRJEB9291	PRJEB9291:66_hours	H3K9me3	broad	ERR868152	ERR868150	broadPeak	233632	0.26331352243760886	0.0589303557655073	4.468215387759964	2.95873	0	0	0	0.0	0	139591	113367	0	0	0	0.0	0	0	0	0.0	0	0	0	0.0	0.00788136322904	52449	1	52449	0.00641633183408	2001	1	2001	0.00724193540323	20001	1	20001	0.0101391151088	100001	1	100001
CHO_BM_GAIDUKOV_009	mLP8	positive	Tier 2	1	GCF_003668045.3	NW_023276806.1	48454524	48454524	1	point_coordinate	high	GAIDUKOV2018	48454524	ERR868152	PRJEB9291	PRJEB9291:66_hours	H3K9me3	broad	ERR868152	ERR868150	broadPeak	233632	0.26331352243760886	0.0589303557655073	4.468215387759964	2.95873	0	0	0	0.0	0	36933	36933	0	0	0	0.0	0	0	0	0.0	1	1	628	0.006279937200627994	0	1	1	1	0.0220307596202	2001	1	2001	0.0220406729664	20001	1	20001	0.0290400021	100001	1	100001
CHO_BM_GAIDUKOV_011	mLP10	positive	Tier 2	1	GCF_003668045.3	NW_023276806.1	67810067	67810067	1	point_coordinate	high	GAIDUKOV2018	67810067	ERR868152	PRJEB9291	PRJEB9291:66_hours	H3K9me3	broad	ERR868152	ERR868150	broadPeak	233632	0.26331352243760886	0.0589303557655073	4.468215387759964	2.95873	0	0	0	0.0	0	255615	255615	0	0	0	0.0	0	0	0	0.0	0	0	0	0.0	0	1	1	1	0.0190865567216	2001	1	2001	0.0324170561472	20001	1	20001	0.0236647068529	100001	1	100001
CHO_BM_GAIDUKOV_001	sLP1-1	positive	Tier 2	1	GCF_003668045.3	NW_023276806.1	81776324	81776324	1	point_coordinate	high	GAIDUKOV2018	81776324	ERR868152	PRJEB9291	PRJEB9291:66_hours	H3K9me3	broad	ERR868152	ERR868150	broadPeak	233632	0.26331352243760886	0.0589303557655073	4.468215387759964	2.95873	0	0	0	0.0	0	57125	57125	0	0	0	0.0	0	0	0	0.0	0	0	0	0.0	0	1	1	1	0.0247109995002	2001	1	2001	0.0276331128444	20001	1	20001	0.0299765142349	100001	1	100001
CHO_BM_GAIDUKOV_013	mLP12	positive	Tier 2	1	GCF_003668045.3	NW_023276806.1	163338145	163338145	1	point_coordinate	high	GAIDUKOV2018	163338145	ERR868152	PRJEB9291	PRJEB9291:66_hours	H3K9me3	broad	ERR868152	ERR868150	broadPeak	233632	0.26331352243760886	0.0589303557655073	4.468215387759964	2.95873	0	0	0	0.0	0	374946	374946	0	0	0	0.0	0	0	0	0.0	0	0	0	0.0	0	1	1	1	0.022233808096	2001	1	2001	0.0345906524674	20001	1	20001	0.0276699722003	100001	1	100001
CHO_BM_DHIMAN_003	DHIMAN2020_L003	support_only	Tier 2	2	GCF_003668045.3	NW_023276806.1	241273133	241273133	1	point_coordinate	high	DHIMAN2020	241273133	ERR868152	PRJEB9291	PRJEB9291:66_hours	H3K9me3	broad	ERR868152	ERR868150	broadPeak	233632	0.26331352243760886	0.0589303557655073	4.468215387759964	2.95873	0	0	0	0.0	0	5322	5322	0	0	0	0.0	2	1	360	0.01799910004499775	8	1	1903	0.019029809701902982	0.08126	1	1	1	0.0830468265867	2001	1	2001	0.102904550272	20001	1	20001	0.0848008690913	100001	1	100001
CHO_BM_CHI_001	Hipp11/H11	positive	Tier 2	1	GCF_003668045.3	NW_023276807.1	101678097	101678098	2	interbase_cut_boundary	high	CHI2019	101678097	ERR868152	PRJEB9291	PRJEB9291:66_hours	H3K9me3	broad	ERR868152	ERR868150	broadPeak	233632	0.26331352243760886	0.0589303557655073	4.468215387759964	2.95873	0	0	0	0.0	0	5906	5905	0	0	0	0.0	1	1	197	0.009849507524623768	1	1	197	0.001969980300196998	0	2	1	2	0.0236348425787	2001	1	2001	0.0305420753962	20001	1	20001	0.0260305680943	100001	1	100001
CHO_BM_GAIDUKOV_010	mLP9	positive	Tier 2	1	GCF_003668045.3	NW_023276807.1	132016117	132016117	1	point_coordinate	high	GAIDUKOV2018	132016117	ERR868152	PRJEB9291	PRJEB9291:66_hours	H3K9me3	broad	ERR868152	ERR868150	broadPeak	233632	0.26331352243760886	0.0589303557655073	4.468215387759964	2.95873	0	0	0	0.0	0	95344	95344	0	0	0	0.0	0	0	0	0.0	0	0	0	0.0	0	1	1	1	0.0335639130435	2001	1	2001	0.0273934078296	20001	1	20001	0.0293467555324	100001	1	100001
CHO_BM_DHIMAN_001	DHIMAN2020_L001	negative	Tier 2	1	GCF_003668045.3	NW_023276807.1	138183203	138205865	22663	mapped_interval	high	DHIMAN2020	138194534	ERR868152	PRJEB9291	PRJEB9291:66_hours	H3K9me3	broad	ERR868152	ERR868150	broadPeak	233632	0.26331352243760886	0.0589303557655073	4.468215387759964	2.95873	0	0	0	0.0	0	225519	214188	0	0	0	0.0	0	0	0	0.0	0	0	0	0.0	0.0217662635132	22663	1	22663	0.0220307596202	2001	1	2001	0.0181789845508	20001	1	20001	0.0271864800352	100001	1	100001
CHO_BM_GAIDUKOV_019	mLP18	positive	Tier 2	1	GCF_003668045.3	NW_023276807.1	150040083	150040083	1	point_coordinate	high	GAIDUKOV2018	150040083	ERR868152	PRJEB9291	PRJEB9291:66_hours	H3K9me3	broad	ERR868152	ERR868150	broadPeak	233632	0.26331352243760886	0.0589303557655073	4.468215387759964	2.95873	0	0	0	0.0	0	19004	19004	0	0	0	0.0	0	0	0	0.0	1	1	155	0.0015499845001549985	0	1	1	1	0.0158377811094	2001	1	2001	0.0176325383731	20001	1	20001	0.0280368574314	100001	1	100001
CHO_BM_DHIMAN_002	DHIMAN2020_L002	negative	Tier 2	1	GCF_003668045.3	NW_023276807.1	264596547	264623008	26462	mapped_interval	high	DHIMAN2020	264609777	ERR868152	PRJEB9291	PRJEB9291:66_hours	H3K9me3	broad	ERR868152	ERR868150	broadPeak	233632	0.26331352243760886	0.0589303557655073	4.468215387759964	2.95873	0	0	0	0.0	0	95453	82223	0	0	0	0.0	0	0	0	0.0	0	0	0	0.0	0.0326074865845	26462	1	26462	0.00458889555222	2001	1	2001	0.0341234308285	20001	1	20001	0.0211700497995	100001	1	100001
CHO_BM_DHIMAN_005	DHIMAN2020_L005	negative	Tier 2	1	GCF_003668045.3	NC_048595.1	257621823	257621823	1	point_coordinate	high	DHIMAN2020	257621823	ERR868153	PRJEB9291	PRJEB9291:66_hours	H3K4me1	broad	ERR868153	ERR868150	broadPeak	151913	0.5809462567104448	0.09561906938783263	6.075631779620407	3.1649	1	1	1	1.0	1	0	0	1	1	2001	1.0	2	1	4608	0.2303884805759712	11	1	17540	0.17539824601753984	0.43332	1	1	1	0.473714177911	2001	1	2001	0.141972465877	20001	1	20001	0.117558505015	100001	1	100001
CHO_BM_GAIDUKOV_002	sLP1-2	positive	Tier 2	1	GCF_003668045.3	NC_048595.1	299949073	299949073	1	point_coordinate	high	GAIDUKOV2018	299949073	ERR868153	PRJEB9291	PRJEB9291:66_hours	H3K4me1	broad	ERR868153	ERR868150	broadPeak	151913	0.5809462567104448	0.09561906938783263	6.075631779620407	3.1649	0	0	0	0.0	0	2936	2936	0	0	0	0.0	2	1	2439	0.12194390280485976	4	1	3206	0.03205967940320597	0.06666	1	1	1	0.0361120789605	2001	1	2001	0.0785859827009	20001	1	20001	0.0339746903531	100001	1	100001
CHO_BM_DHIMAN_004	DHIMAN2020_L004	positive	Tier 2	2	GCF_003668045.3	NC_048595.1	408642588	408642597	10	mapped_interval	high	DHIMAN2020	408642592	ERR868153	PRJEB9291	PRJEB9291:66_hours	H3K4me1	broad	ERR868153	ERR868150	broadPeak	151913	0.5809462567104448	0.09561906938783263	6.075631779620407	3.1649	0	0	0	0.0	0	43316	43311	0	0	0	0.0	0	0	0	0.0	2	1	507	0.005069949300506995	0.03333	10	1	10	0.0169065217391	2001	1	2001	0.00942362881856	20001	1	20001	0.0154972884271	100001	1	100001
CHO_BM_DHIMAN_006	DHIMAN2020_L006	support_only	Tier 2	2	GCF_003668045.3	NC_048596.1	236735321	236735321	1	point_coordinate	high	DHIMAN2020	236735321	ERR868153	PRJEB9291	PRJEB9291:66_hours	H3K4me1	broad	ERR868153	ERR868150	broadPeak	151913	0.5809462567104448	0.09561906938783263	6.075631779620407	3.1649	0	0	0	0.0	0	16469	16469	0	0	0	0.0	0	0	0	0.0	17	1	33098	0.33097669023309767	0	1	1	1	0.0345294752624	2001	1	2001	0.0352975891205	20001	1	20001	0.236294104759	100001	1	100001
CHO_BM_GAIDUKOV_016	mLP15	positive	Tier 2	1	GCF_003668045.3	NC_048596.1	246185831	246185831	1	point_coordinate	high	GAIDUKOV2018	246185831	ERR868153	PRJEB9291	PRJEB9291:66_hours	H3K4me1	broad	ERR868153	ERR868150	broadPeak	151913	0.5809462567104448	0.09561906938783263	6.075631779620407	3.1649	1	1	1	1.0	1	0	0	1	1	1057	0.5282358820589705	2	1	3258	0.16289185540722964	12	1	10728	0.10727892721072789	0.33332	1	1	1	0.35182884058	2001	1	2001	0.127867082646	20001	1	20001	0.0829419800802	100001	1	100001
CHO_BM_ZHAO_003	GRIK1	support_only	Tier 2	4	GCF_003668045.3	NC_048597.1	9449577	9449578	2	interbase_cut_boundary	high	ZHAO2018	9449577	ERR868153	PRJEB9291	PRJEB9291:66_hours	H3K4me1	broad	ERR868153	ERR868150	broadPeak	151913	0.5809462567104448	0.09561906938783263	6.075631779620407	3.1649	0	0	0	0.0	0	16545	16545	0	0	0	0.0	0	0	0	0.0	2	1	1660	0.016599834001659982	0	2	1	2	0.0531374462769	2001	1	2001	0.0421551987401	20001	1	20001	0.0347737491625	100001	1	100001
CHO_BM_DHIMAN_007	DHIMAN2020_L007	positive	Tier 2	1	GCF_003668045.3	NC_048597.1	21959978	21959978	1	point_coordinate	high	DHIMAN2020	21959978	ERR868153	PRJEB9291	PRJEB9291:66_hours	H3K4me1	broad	ERR868153	ERR868150	broadPeak	151913	0.5809462567104448	0.09561906938783263	6.075631779620407	3.1649	0	0	0	0.0	0	254	254	1	1	332	0.16591704147926037	1	1	332	0.016599170041497927	10	1	12475	0.12474875251247487	0.26666	1	1	1	0.162646196902	2001	1	2001	0.0532811449428	20001	1	20001	0.0995541492585	100001	1	100001
CHO_BM_DHIMAN_008	DHIMAN2020_L008	positive	Tier 2	1	GCF_003668045.3	NC_048597.1	73524836	73524858	23	mapped_interval	high	DHIMAN2020	73524847	ERR868153	PRJEB9291	PRJEB9291:66_hours	H3K4me1	broad	ERR868153	ERR868150	broadPeak	151913	0.5809462567104448	0.09561906938783263	6.075631779620407	3.1649	0	0	0	0.0	0	1951	1940	0	0	0	0.0	3	1	4556	0.22778861056947153	11	1	20260	0.2025979740202598	0.0840526086957	23	1	23	0.0736767166417	2001	1	2001	0.157769249538	20001	1	20001	0.154579133609	100001	1	100001
CHO_BM_GAIDUKOV_015	mLP14	positive	Tier 2	1	GCF_003668045.3	NC_048597.1	105106891	105106891	1	point_coordinate	high	GAIDUKOV2018	105106891	ERR868153	PRJEB9291	PRJEB9291:66_hours	H3K4me1	broad	ERR868153	ERR868150	broadPeak	151913	0.5809462567104448	0.09561906938783263	6.075631779620407	3.1649	0	0	0	0.0	0	6374	6374	0	0	0	0.0	1	1	1460	0.07299635018249087	13	1	20133	0.2013279867201328	0.19999	1	1	1	0.104476911544	2001	1	2001	0.0953278331083	20001	1	20001	0.118540855991	100001	1	100001
CHO_BM_DHIMAN_009	DHIMAN2020_L009	positive	Tier 2	1	GCF_003668045.3	NC_048597.1	169164042	169164066	25	mapped_interval	high	DHIMAN2020	169164054	ERR868153	PRJEB9291	PRJEB9291:66_hours	H3K4me1	broad	ERR868153	ERR868150	broadPeak	151913	0.5809462567104448	0.09561906938783263	6.075631779620407	3.1649	0	0	0	0.0	0	499	487	1	1	502	0.25087456271864067	4	1	6314	0.3156842157892105	21	1	26157	0.2615673843261567	0.046662	25	1	25	0.238888650675	2001	1	2001	0.392833889806	20001	1	20001	0.288011716583	100001	1	100001
CHO_BM_GAIDUKOV_017	mLP16	positive	Tier 2	1	GCF_003668045.3	NC_048597.1	175544362	175544362	1	point_coordinate	high	GAIDUKOV2018	175544362	ERR868153	PRJEB9291	PRJEB9291:66_hours	H3K4me1	broad	ERR868153	ERR868150	broadPeak	151913	0.5809462567104448	0.09561906938783263	6.075631779620407	3.1649	0	0	0	0.0	0	2929	2929	0	0	0	0.0	3	1	5749	0.2874356282185891	16	1	19275	0.1927480725192748	0.06666	1	1	1	0.0452582958521	2001	1	2001	0.148850300485	20001	1	20001	0.112049256907	100001	1	100001
CHO_BM_GAIDUKOV_005	mLP4	positive	Tier 2	1	GCF_003668045.3	NC_048597.1	186989799	186989799	1	point_coordinate	high	GAIDUKOV2018	186989799	ERR868153	PRJEB9291	PRJEB9291:66_hours	H3K4me1	broad	ERR868153	ERR868150	broadPeak	151913	0.5809462567104448	0.09561906938783263	6.075631779620407	3.1649	0	0	0	0.0	0	1268	1268	0	0	0	0.0	5	1	6278	0.31388430578471077	9	1	9582	0.09581904180958191	0.06666	1	1	1	0.0660463718141	2001	1	2001	0.186116978651	20001	1	20001	0.0779089858101	100001	1	100001
CHO_BM_GAIDUKOV_014	mLP13	positive	Tier 2	1	GCF_003668045.3	NC_048598.1	113820843	113820843	1	point_coordinate	high	GAIDUKOV2018	113820843	ERR868153	PRJEB9291	PRJEB9291:66_hours	H3K4me1	broad	ERR868153	ERR868150	broadPeak	151913	0.5809462567104448	0.09561906938783263	6.075631779620407	3.1649	0	0	0	0.0	0	983	983	1	1	18	0.008995502248875561	1	1	670	0.03349832508374581	3	1	1076	0.010759892401075988	0.03333	1	1	1	0.0594507346327	2001	1	2001	0.034366100695	20001	1	20001	0.0260013218868	100001	1	100001
CHO_BM_GAIDUKOV_018	mLP17	positive	Tier 2	1	GCF_003668045.3	NC_048598.1	152539694	152539694	1	point_coordinate	high	GAIDUKOV2018	152539694	ERR868153	PRJEB9291	PRJEB9291:66_hours	H3K4me1	broad	ERR868153	ERR868150	broadPeak	151913	0.5809462567104448	0.09561906938783263	6.075631779620407	3.1649	0	0	0	0.0	0	43429	43429	0	0	0	0.0	0	0	0	0.0	1	1	474	0.004739952600473996	0	1	1	1	0.0169065217391	2001	1	2001	0.0230652667367	20001	1	20001	0.02501699853	100001	1	100001
CHO_BM_GAIDUKOV_003	mLP2	positive	Tier 2	1	GCF_003668045.3	NC_048598.1	158460979	158460979	1	point_coordinate	high	GAIDUKOV2018	158460979	ERR868153	PRJEB9291	PRJEB9291:66_hours	H3K4me1	broad	ERR868153	ERR868150	broadPeak	151913	0.5809462567104448	0.09561906938783263	6.075631779620407	3.1649	0	0	0	0.0	0	551109	551109	0	0	0	0.0	0	0	0	0.0	0	0	0	0.0	0	1	1	1	0.00562995502249	2001	1	2001	0.0103935018249	20001	1	20001	0.00792582414176	100001	1	100001
CHO_BM_DHIMAN_010	DHIMAN2020_L010	negative	Tier 2	1	GCF_003668045.3	NC_048599.1	7684596	7781386	96791	mapped_interval	high	DHIMAN2020	7732991	ERR868153	PRJEB9291	PRJEB9291:66_hours	H3K4me1	broad	ERR868153	ERR868150	broadPeak	151913	0.5809462567104448	0.09561906938783263	6.075631779620407	3.1649	0	0	0	0.0	0	217192	168797	0	0	0	0.0	0	0	0	0.0	0	0	0	0.0	0.013107521877	96791	1	96791	0.0144914692654	2001	1	2001	0.00966527723614	20001	1	20001	0.013145401046	100001	1	100001
CHO_BM_GAIDUKOV_007	mLP6	positive	Tier 2	1	GCF_003668045.3	NC_048599.1	45758703	45758703	1	point_coordinate	high	GAIDUKOV2018	45758703	ERR868153	PRJEB9291	PRJEB9291:66_hours	H3K4me1	broad	ERR868153	ERR868150	broadPeak	151913	0.5809462567104448	0.09561906938783263	6.075631779620407	3.1649	0	0	0	0.0	0	4601	4601	0	0	0	0.0	2	1	3245	0.16224188790560473	6	1	9589	0.0958890411095889	0.06666	1	1	1	0.0476403598201	2001	1	2001	0.109390245488	20001	1	20001	0.0738825798742	100001	1	100001
CHO_BM_GAIDUKOV_008	mLP7	positive	Tier 2	1	GCF_003668045.3	NC_048599.1	109879626	109879626	1	point_coordinate	high	GAIDUKOV2018	109879626	ERR868153	PRJEB9291	PRJEB9291:66_hours	H3K4me1	broad	ERR868153	ERR868150	broadPeak	151913	0.5809462567104448	0.09561906938783263	6.075631779620407	3.1649	1	1	1	1.0	1	0	0	1	1	2001	1.0	5	1	17175	0.8587070646467677	27	1	42974	0.42973570264297356	0.29999	1	1	1	0.256146911544	2001	1	2001	0.400151536423	20001	1	20001	0.22294199198	100001	1	100001
CHO_BM_HERTEL_003	Site-C	positive	Tier 2	1	GCF_003668045.3	NC_048600.1	91189327	91189365	39	paired_nick_interval	high	HERTEL2022	91189346	ERR868153	PRJEB9291	PRJEB9291:66_hours	H3K4me1	broad	ERR868153	ERR868150	broadPeak	151913	0.5809462567104448	0.09561906938783263	6.075631779620407	3.1649	1	1	39	1.0	1	0	0	1	1	2001	1.0	4	1	14165	0.7082145892705365	20	1	41634	0.4163358366416336	1.52900692308	39	1	39	1.36970269365	2001	1	2001	1.10924103745	20001	1	20001	0.496384789352	100001	1	100001
CHO_BM_ZHAO_001	C12orf35	positive	Tier 2	4	GCF_003668045.3	NC_048601.1	371365	371366	2	interbase_cut_boundary	high	ZHAO2018	371365	ERR868153	PRJEB9291	PRJEB9291:66_hours	H3K4me1	broad	ERR868153	ERR868150	broadPeak	151913	0.5809462567104448	0.09561906938783263	6.075631779620407	3.1649	0	0	0	0.0	0	1393	1393	0	0	0	0.0	1	1	183	0.009149542522873857	13	1	5673	0.05672943270567294	0	2	1	2	0.0162406746627	2001	1	2001	0.0299464096795	20001	1	20001	0.0397088756112	100001	1	100001
CHO_BM_DHIMAN_011	DHIMAN2020_L011	support_only	Tier 2	2	GCF_003668045.3	NC_048601.1	1900502	1900502	1	point_coordinate	high	DHIMAN2020	1900502	ERR868153	PRJEB9291	PRJEB9291:66_hours	H3K4me1	broad	ERR868153	ERR868150	broadPeak	151913	0.5809462567104448	0.09561906938783263	6.075631779620407	3.1649	0	0	0	0.0	0	356	356	1	1	381	0.1904047976011994	3	1	2370	0.1184940752962352	16	1	12739	0.12738872611273888	0.16666	1	1	1	0.16356185907	2001	1	2001	0.10451520874	20001	1	20001	0.130260147499	100001	1	100001
CHO_BM_GAIDUKOV_021	sLP20	positive	Tier 2	1	GCF_003668045.3	NC_048601.1	31728512	31728512	1	point_coordinate	high	GAIDUKOV2018	31728512	ERR868153	PRJEB9291	PRJEB9291:66_hours	H3K4me1	broad	ERR868153	ERR868150	broadPeak	151913	0.5809462567104448	0.09561906938783263	6.075631779620407	3.1649	0	0	0	0.0	0	710	710	1	1	291	0.1454272863568216	2	1	10565	0.528223588820559	16	1	37817	0.3781662183378166	0.06666	1	1	1	0.11322193903	2001	1	2001	0.288555463227	20001	1	20001	0.25155798662	100001	1	100001
CHO_BM_HERTEL_001	Site-A	positive	Tier 2	1	GCF_003668045.3	NC_048603.1	21429466	21429529	64	paired_nick_interval	high	HERTEL2022	21429497	ERR868153	PRJEB9291	PRJEB9291:66_hours	H3K4me1	broad	ERR868153	ERR868150	broadPeak	151913	0.5809462567104448	0.09561906938783263	6.075631779620407	3.1649	0	0	0	0.0	0	806	775	1	1	195	0.09745127436281859	4	1	8608	0.43037848107594623	15	1	30956	0.3095569044309557	0.04218328125	64	1	64	0.115853808096	2001	1	2001	0.456298144093	20001	1	20001	0.339202406776	100001	1	100001
CHO_BM_DHIMAN_012	DHIMAN2020_L012	positive	Tier 2	1	GCF_003668045.3	NC_048603.1	26280751	26280867	117	mapped_interval	high	DHIMAN2020	26280809	ERR868153	PRJEB9291	PRJEB9291:66_hours	H3K4me1	broad	ERR868153	ERR868150	broadPeak	151913	0.5809462567104448	0.09561906938783263	6.075631779620407	3.1649	0	0	0	0.0	0	122910	122852	0	0	0	0.0	0	0	0	0.0	0	0	0	0.0	0	117	1	117	0.0208041829085	2001	1	2001	0.0256186680666	20001	1	20001	0.0237796158038	100001	1	100001
CHO_BM_HERTEL_002	Site-B	support_only	Tier 2	1	GCF_003668045.3	NC_048603.1	28646724	28646778	55	paired_nick_interval	high	HERTEL2022	28646751	ERR868153	PRJEB9291	PRJEB9291:66_hours	H3K4me1	broad	ERR868153	ERR868150	broadPeak	151913	0.5809462567104448	0.09561906938783263	6.075631779620407	3.1649	1	1	55	1.0	1	0	0	1	1	2001	1.0	3	1	17090	0.8544572771361432	16	1	45758	0.45757542424575753	2.21931945455	55	1	55	1.72339756622	2001	1	2001	1.27619873506	20001	1	20001	0.605421826782	100001	1	100001
CHO_BM_ZHAO_002	HPRT	support_only	Tier 2	4	GCF_003668045.3	NC_048604.1	17024143	17024144	2	interbase_cut_boundary	high	ZHAO2018	17024143	ERR868153	PRJEB9291	PRJEB9291:66_hours	H3K4me1	broad	ERR868153	ERR868150	broadPeak	151913	0.5809462567104448	0.09561906938783263	6.075631779620407	3.1649	0	0	0	0.0	0	129	128	1	1	872	0.4357821089455272	3	1	3545	0.17724113794310284	20	1	20298	0.2029779702202978	0.13333	2	1	2	0.128314977511	2001	1	2001	0.0945130078496	20001	1	20001	0.0895956900431	100001	1	100001
CHO_BM_DHIMAN_013	DHIMAN2020_L013	positive	Tier 2	1	GCF_003668045.3	NC_048604.1	59574984	59627432	52449	mapped_interval	high	DHIMAN2020	59601208	ERR868153	PRJEB9291	PRJEB9291:66_hours	H3K4me1	broad	ERR868153	ERR868150	broadPeak	151913	0.5809462567104448	0.09561906938783263	6.075631779620407	3.1649	1	4	4326	0.08248012354859006	0	16665	0	0	0	0	0.0	0	0	0	0.0	5	1	4906	0.04905950940490595	0.0381098669183	52449	1	52449	0.028649910045	2001	1	2001	0.0116283165842	20001	1	20001	0.0308285094149	100001	1	100001
CHO_BM_GAIDUKOV_009	mLP8	positive	Tier 2	1	GCF_003668045.3	NW_023276806.1	48454524	48454524	1	point_coordinate	high	GAIDUKOV2018	48454524	ERR868153	PRJEB9291	PRJEB9291:66_hours	H3K4me1	broad	ERR868153	ERR868150	broadPeak	151913	0.5809462567104448	0.09561906938783263	6.075631779620407	3.1649	0	0	0	0.0	0	12140	12140	0	0	0	0.0	0	0	0	0.0	20	1	25314	0.2531374686253137	0.03333	1	1	1	0.0516878410795	2001	1	2001	0.0499293540323	20001	1	20001	0.169051250387	100001	1	100001
CHO_BM_GAIDUKOV_011	mLP10	positive	Tier 2	1	GCF_003668045.3	NW_023276806.1	67810067	67810067	1	point_coordinate	high	GAIDUKOV2018	67810067	ERR868153	PRJEB9291	PRJEB9291:66_hours	H3K4me1	broad	ERR868153	ERR868150	broadPeak	151913	0.5809462567104448	0.09561906938783263	6.075631779620407	3.1649	0	0	0	0.0	0	18420	18420	0	0	0	0.0	0	0	0	0.0	2	1	1026	0.010259897401025989	0.03333	1	1	1	0.0560027186407	2001	1	2001	0.0310880370981	20001	1	20001	0.0308192676073	100001	1	100001
CHO_BM_GAIDUKOV_001	sLP1-1	positive	Tier 2	1	GCF_003668045.3	NW_023276806.1	81776324	81776324	1	point_coordinate	high	GAIDUKOV2018	81776324	ERR868153	PRJEB9291	PRJEB9291:66_hours	H3K4me1	broad	ERR868153	ERR868150	broadPeak	151913	0.5809462567104448	0.09561906938783263	6.075631779620407	3.1649	0	0	0	0.0	0	19264	19264	0	0	0	0.0	0	0	0	0.0	3	1	1878	0.01877981220187798	0	1	1	1	0.0371124737631	2001	1	2001	0.0181009964502	20001	1	20001	0.0307670832292	100001	1	100001
CHO_BM_GAIDUKOV_013	mLP12	positive	Tier 2	1	GCF_003668045.3	NW_023276806.1	163338145	163338145	1	point_coordinate	high	GAIDUKOV2018	163338145	ERR868153	PRJEB9291	PRJEB9291:66_hours	H3K4me1	broad	ERR868153	ERR868150	broadPeak	151913	0.5809462567104448	0.09561906938783263	6.075631779620407	3.1649	0	0	0	0.0	0	22	22	1	1	204	0.10194902548725637	6	1	10014	0.5006749662516874	16	1	32367	0.32366676333236666	0.16666	1	1	1	0.140092058971	2001	1	2001	0.236298619569	20001	1	20001	0.198749529305	100001	1	100001
CHO_BM_DHIMAN_003	DHIMAN2020_L003	support_only	Tier 2	2	GCF_003668045.3	NW_023276806.1	241273133	241273133	1	point_coordinate	high	DHIMAN2020	241273133	ERR868153	PRJEB9291	PRJEB9291:66_hours	H3K4me1	broad	ERR868153	ERR868150	broadPeak	151913	0.5809462567104448	0.09561906938783263	6.075631779620407	3.1649	0	0	0	0.0	0	44976	44976	0	0	0	0.0	0	0	0	0.0	2	1	1540	0.015399846001539985	0	1	1	1	0.0137917241379	2001	1	2001	0.0113566861657	20001	1	20001	0.0204434246658	100001	1	100001
CHO_BM_CHI_001	Hipp11/H11	positive	Tier 2	1	GCF_003668045.3	NW_023276807.1	101678097	101678098	2	interbase_cut_boundary	high	CHI2019	101678097	ERR868153	PRJEB9291	PRJEB9291:66_hours	H3K4me1	broad	ERR868153	ERR868150	broadPeak	151913	0.5809462567104448	0.09561906938783263	6.075631779620407	3.1649	0	0	0	0.0	0	9419	9419	0	0	0	0.0	1	1	149	0.0074496275186240685	17	1	18203	0.18202817971820281	0	2	1	2	0.0524705097451	2001	1	2001	0.043495020749	20001	1	20001	0.113984545455	100001	1	100001
CHO_BM_GAIDUKOV_010	mLP9	positive	Tier 2	1	GCF_003668045.3	NW_023276807.1	132016117	132016117	1	point_coordinate	high	GAIDUKOV2018	132016117	ERR868153	PRJEB9291	PRJEB9291:66_hours	H3K4me1	broad	ERR868153	ERR868150	broadPeak	151913	0.5809462567104448	0.09561906938783263	6.075631779620407	3.1649	0	0	0	0.0	0	14680	14680	0	0	0	0.0	0	0	0	0.0	8	1	6808	0.06807931920680793	0.03333	1	1	1	0.0343633133433	2001	1	2001	0.0430119464027	20001	1	20001	0.0659398825012	100001	1	100001
CHO_BM_DHIMAN_001	DHIMAN2020_L001	negative	Tier 2	1	GCF_003668045.3	NW_023276807.1	138183203	138205865	22663	mapped_interval	high	DHIMAN2020	138194534	ERR868153	PRJEB9291	PRJEB9291:66_hours	H3K4me1	broad	ERR868153	ERR868150	broadPeak	151913	0.5809462567104448	0.09561906938783263	6.075631779620407	3.1649	1	1	646	0.02850461104002118	0	7537	0	0	0	0	0.0	1	1	646	0.032298385080745964	2	1	1248	0.012479875201247987	0.032331126947	22663	1	22663	0.0120760869565	2001	1	2001	0.0331513359332	20001	1	20001	0.0238530790692	100001	1	100001
CHO_BM_GAIDUKOV_019	mLP18	positive	Tier 2	1	GCF_003668045.3	NW_023276807.1	150040083	150040083	1	point_coordinate	high	GAIDUKOV2018	150040083	ERR868153	PRJEB9291	PRJEB9291:66_hours	H3K4me1	broad	ERR868153	ERR868150	broadPeak	151913	0.5809462567104448	0.09561906938783263	6.075631779620407	3.1649	0	0	0	0.0	0	38954	38954	0	0	0	0.0	0	0	0	0.0	1	1	382	0.003819961800381996	0	1	1	1	0.0128426036982	2001	1	2001	0.0205024348783	20001	1	20001	0.0209635518645	100001	1	100001
CHO_BM_DHIMAN_002	DHIMAN2020_L002	negative	Tier 2	1	GCF_003668045.3	NW_023276807.1	264596547	264623008	26462	mapped_interval	high	DHIMAN2020	264609777	ERR868153	PRJEB9291	PRJEB9291:66_hours	H3K4me1	broad	ERR868153	ERR868150	broadPeak	151913	0.5809462567104448	0.09561906938783263	6.075631779620407	3.1649	0	0	0	0.0	0	21229	7999	0	0	0	0.0	0	0	0	0.0	2	1	1083	0.01082989170108299	0.0168087926083	26462	1	26462	0.0127423538231	2001	1	2001	0.0177875466227	20001	1	20001	0.0199917709823	100001	1	100001
CHO_BM_DHIMAN_005	DHIMAN2020_L005	negative	Tier 2	1	GCF_003668045.3	NC_048595.1	257621823	257621823	1	point_coordinate	high	DHIMAN2020	257621823	ERR868154	PRJEB9291	PRJEB9291:66_hours	H3K27me3	broad	ERR868154	ERR868150	broadPeak	183969	0.1882587741315659	0.042102169550220475	4.47147441907967	2.90802	0	0	0	0.0	0	8476	8476	0	0	0	0.0	1	1	1041	0.052047397630118494	5	1	3775	0.03774962250377496	0	1	1	1	0.0153824287856	2001	1	2001	0.0632288040598	20001	1	20001	0.058535695943	100001	1	100001
CHO_BM_GAIDUKOV_002	sLP1-2	positive	Tier 2	1	GCF_003668045.3	NC_048595.1	299949073	299949073	1	point_coordinate	high	GAIDUKOV2018	299949073	ERR868154	PRJEB9291	PRJEB9291:66_hours	H3K27me3	broad	ERR868154	ERR868150	broadPeak	183969	0.1882587741315659	0.042102169550220475	4.47147441907967	2.90802	0	0	0	0.0	0	1301529	1301529	0	0	0	0.0	0	0	0	0.0	0	0	0	0.0	0.03704	1	1	1	0.0322090154923	2001	1	2001	0.0268439438028	20001	1	20001	0.0304579365206	100001	1	100001
CHO_BM_DHIMAN_004	DHIMAN2020_L004	positive	Tier 2	2	GCF_003668045.3	NC_048595.1	408642588	408642597	10	mapped_interval	high	DHIMAN2020	408642592	ERR868154	PRJEB9291	PRJEB9291:66_hours	H3K27me3	broad	ERR868154	ERR868150	broadPeak	183969	0.1882587741315659	0.042102169550220475	4.47147441907967	2.90802	0	0	0	0.0	0	273311	273306	0	0	0	0.0	0	0	0	0.0	0	0	0	0.0	0.03704	10	1	10	0.0238424537731	2001	1	2001	0.024754920754	20001	1	20001	0.0256726597734	100001	1	100001
CHO_BM_DHIMAN_006	DHIMAN2020_L006	support_only	Tier 2	2	GCF_003668045.3	NC_048596.1	236735321	236735321	1	point_coordinate	high	DHIMAN2020	236735321	ERR868154	PRJEB9291	PRJEB9291:66_hours	H3K27me3	broad	ERR868154	ERR868150	broadPeak	183969	0.1882587741315659	0.042102169550220475	4.47147441907967	2.90802	0	0	0	0.0	0	79286	79286	0	0	0	0.0	0	0	0	0.0	0	0	0	0.0	0	1	1	1	0.00536811594203	2001	1	2001	0.0102040097995	20001	1	20001	0.016910696393	100001	1	100001
CHO_BM_GAIDUKOV_016	mLP15	positive	Tier 2	1	GCF_003668045.3	NC_048596.1	246185831	246185831	1	point_coordinate	high	GAIDUKOV2018	246185831	ERR868154	PRJEB9291	PRJEB9291:66_hours	H3K27me3	broad	ERR868154	ERR868150	broadPeak	183969	0.1882587741315659	0.042102169550220475	4.47147441907967	2.90802	0	0	0	0.0	0	30994	30994	0	0	0	0.0	0	0	0	0.0	4	1	1989	0.01988980110198898	0	1	1	1	0.0107362318841	2001	1	2001	0.0202361416929	20001	1	20001	0.0526550491495	100001	1	100001
CHO_BM_ZHAO_003	GRIK1	support_only	Tier 2	4	GCF_003668045.3	NC_048597.1	9449577	9449578	2	interbase_cut_boundary	high	ZHAO2018	9449577	ERR868154	PRJEB9291	PRJEB9291:66_hours	H3K27me3	broad	ERR868154	ERR868150	broadPeak	183969	0.1882587741315659	0.042102169550220475	4.47147441907967	2.90802	0	0	0	0.0	0	9654	9654	0	0	0	0.0	1	1	347	0.017349132543372833	6	1	1682	0.01681983180168198	0.03704	2	1	2	0.0830616091954	2001	1	2001	0.0869735938203	20001	1	20001	0.0914591501085	100001	1	100001
CHO_BM_DHIMAN_007	DHIMAN2020_L007	positive	Tier 2	1	GCF_003668045.3	NC_048597.1	21959978	21959978	1	point_coordinate	high	DHIMAN2020	21959978	ERR868154	PRJEB9291	PRJEB9291:66_hours	H3K27me3	broad	ERR868154	ERR868150	broadPeak	183969	0.1882587741315659	0.042102169550220475	4.47147441907967	2.90802	0	0	0	0.0	0	277438	277438	0	0	0	0.0	0	0	0	0.0	0	0	0	0.0	0	1	1	1	0.0242860969515	2001	1	2001	0.026062179891	20001	1	20001	0.0266345247548	100001	1	100001
CHO_BM_DHIMAN_008	DHIMAN2020_L008	positive	Tier 2	1	GCF_003668045.3	NC_048597.1	73524836	73524858	23	mapped_interval	high	DHIMAN2020	73524847	ERR868154	PRJEB9291	PRJEB9291:66_hours	H3K27me3	broad	ERR868154	ERR868150	broadPeak	183969	0.1882587741315659	0.042102169550220475	4.47147441907967	2.90802	0	0	0	0.0	0	129981	129970	0	0	0	0.0	0	0	0	0.0	0	0	0	0.0	0.03704	23	1	23	0.0187884057971	2001	1	2001	0.017080319484	20001	1	20001	0.0228523359766	100001	1	100001
CHO_BM_GAIDUKOV_015	mLP14	positive	Tier 2	1	GCF_003668045.3	NC_048597.1	105106891	105106891	1	point_coordinate	high	GAIDUKOV2018	105106891	ERR868154	PRJEB9291	PRJEB9291:66_hours	H3K27me3	broad	ERR868154	ERR868150	broadPeak	183969	0.1882587741315659	0.042102169550220475	4.47147441907967	2.90802	0	0	0	0.0	0	41211	41211	0	0	0	0.0	0	0	0	0.0	2	1	304	0.003039969600303997	0	1	1	1	0.00536811594203	2001	1	2001	0.0126208104595	20001	1	20001	0.0270445666543	100001	1	100001
CHO_BM_DHIMAN_009	DHIMAN2020_L009	positive	Tier 2	1	GCF_003668045.3	NC_048597.1	169164042	169164066	25	mapped_interval	high	DHIMAN2020	169164054	ERR868154	PRJEB9291	PRJEB9291:66_hours	H3K27me3	broad	ERR868154	ERR868150	broadPeak	183969	0.1882587741315659	0.042102169550220475	4.47147441907967	2.90802	0	0	0	0.0	0	28407	28395	0	0	0	0.0	0	0	0	0.0	14	1	11545	0.11544884551154488	0	25	1	25	0.0214727786107	2001	1	2001	0.0206769181541	20001	1	20001	0.109386929031	100001	1	100001
CHO_BM_GAIDUKOV_017	mLP16	positive	Tier 2	1	GCF_003668045.3	NC_048597.1	175544362	175544362	1	point_coordinate	high	GAIDUKOV2018	175544362	ERR868154	PRJEB9291	PRJEB9291:66_hours	H3K27me3	broad	ERR868154	ERR868150	broadPeak	183969	0.1882587741315659	0.042102169550220475	4.47147441907967	2.90802	0	0	0	0.0	0	7232	7232	0	0	0	0.0	1	1	518	0.02589870506474676	6	1	2446	0.024459755402445976	0	1	1	1	0.0157526436782	2001	1	2001	0.0397434103295	20001	1	20001	0.0533076646234	100001	1	100001
CHO_BM_GAIDUKOV_005	mLP4	positive	Tier 2	1	GCF_003668045.3	NC_048597.1	186989799	186989799	1	point_coordinate	high	GAIDUKOV2018	186989799	ERR868154	PRJEB9291	PRJEB9291:66_hours	H3K27me3	broad	ERR868154	ERR868150	broadPeak	183969	0.1882587741315659	0.042102169550220475	4.47147441907967	2.90802	0	0	0	0.0	0	24435	24435	0	0	0	0.0	0	0	0	0.0	1	1	243	0.0024299757002429977	0.07408	1	1	1	0.0268040229885	2001	1	2001	0.0375948682566	20001	1	20001	0.0427040573594	100001	1	100001
CHO_BM_GAIDUKOV_014	mLP13	positive	Tier 2	1	GCF_003668045.3	NC_048598.1	113820843	113820843	1	point_coordinate	high	GAIDUKOV2018	113820843	ERR868154	PRJEB9291	PRJEB9291:66_hours	H3K27me3	broad	ERR868154	ERR868150	broadPeak	183969	0.1882587741315659	0.042102169550220475	4.47147441907967	2.90802	0	0	0	0.0	0	19701	19701	0	0	0	0.0	0	0	0	0.0	7	1	2166	0.02165978340216598	0	1	1	1	0.0134202898551	2001	1	2001	0.0184507484626	20001	1	20001	0.0482805469945	100001	1	100001
CHO_BM_GAIDUKOV_018	mLP17	positive	Tier 2	1	GCF_003668045.3	NC_048598.1	152539694	152539694	1	point_coordinate	high	GAIDUKOV2018	152539694	ERR868154	PRJEB9291	PRJEB9291:66_hours	H3K27me3	broad	ERR868154	ERR868150	broadPeak	183969	0.1882587741315659	0.042102169550220475	4.47147441907967	2.90802	0	0	0	0.0	0	350860	350860	0	0	0	0.0	0	0	0	0.0	0	0	0	0.0	0	1	1	1	0.0161050374813	2001	1	2001	0.030088539073	20001	1	20001	0.0346961682383	100001	1	100001
CHO_BM_GAIDUKOV_003	mLP2	positive	Tier 2	1	GCF_003668045.3	NC_048598.1	158460979	158460979	1	point_coordinate	high	GAIDUKOV2018	158460979	ERR868154	PRJEB9291	PRJEB9291:66_hours	H3K27me3	broad	ERR868154	ERR868150	broadPeak	183969	0.1882587741315659	0.042102169550220475	4.47147441907967	2.90802	0	0	0	0.0	0	629	629	1	1	261	0.13043478260869565	1	1	261	0.013049347532623368	3	1	698	0.006979930200697993	0.14817	1	1	1	0.111052248876	2001	1	2001	0.0712607024649	20001	1	20001	0.0616676194238	100001	1	100001
CHO_BM_DHIMAN_010	DHIMAN2020_L010	negative	Tier 2	1	GCF_003668045.3	NC_048599.1	7684596	7781386	96791	mapped_interval	high	DHIMAN2020	7732991	ERR868154	PRJEB9291	PRJEB9291:66_hours	H3K27me3	broad	ERR868154	ERR868150	broadPeak	183969	0.1882587741315659	0.042102169550220475	4.47147441907967	2.90802	1	8	2302	0.02378320298374849	0	6891	0	0	0	0	0.0	1	1	465	0.023248837558122095	9	1	2447	0.024469755302446976	0.104326395429	96791	1	96791	0.0889855472264	2001	1	2001	0.103078879556	20001	1	20001	0.10433203048	100001	1	100001
CHO_BM_GAIDUKOV_007	mLP6	positive	Tier 2	1	GCF_003668045.3	NC_048599.1	45758703	45758703	1	point_coordinate	high	GAIDUKOV2018	45758703	ERR868154	PRJEB9291	PRJEB9291:66_hours	H3K27me3	broad	ERR868154	ERR868150	broadPeak	183969	0.1882587741315659	0.042102169550220475	4.47147441907967	2.90802	0	0	0	0.0	0	10249	10249	0	0	0	0.0	0	0	0	0.0	28	1	15083	0.15082849171508286	0.03704	1	1	1	0.0109953823088	2001	1	2001	0.0234216924154	20001	1	20001	0.0819375784242	100001	1	100001
CHO_BM_GAIDUKOV_008	mLP7	positive	Tier 2	1	GCF_003668045.3	NC_048599.1	109879626	109879626	1	point_coordinate	high	GAIDUKOV2018	109879626	ERR868154	PRJEB9291	PRJEB9291:66_hours	H3K27me3	broad	ERR868154	ERR868150	broadPeak	183969	0.1882587741315659	0.042102169550220475	4.47147441907967	2.90802	0	0	0	0.0	0	1785082	1785082	0	0	0	0.0	0	0	0	0.0	0	0	0	0.0	0.07408	1	1	1	0.0314867766117	2001	1	2001	0.0255104694765	20001	1	20001	0.0253504870951	100001	1	100001
CHO_BM_HERTEL_003	Site-C	positive	Tier 2	1	GCF_003668045.3	NC_048600.1	91189327	91189365	39	paired_nick_interval	high	HERTEL2022	91189346	ERR868154	PRJEB9291	PRJEB9291:66_hours	H3K27me3	broad	ERR868154	ERR868150	broadPeak	183969	0.1882587741315659	0.042102169550220475	4.47147441907967	2.90802	0	0	0	0.0	0	39871	39852	0	0	0	0.0	0	0	0	0.0	4	1	959	0.009589904100958991	0.0104471794872	39	1	39	0.0216213343328	2001	1	2001	0.0227121723914	20001	1	20001	0.0496640499595	100001	1	100001
CHO_BM_ZHAO_001	C12orf35	positive	Tier 2	4	GCF_003668045.3	NC_048601.1	371365	371366	2	interbase_cut_boundary	high	ZHAO2018	371365	ERR868154	PRJEB9291	PRJEB9291:66_hours	H3K27me3	broad	ERR868154	ERR868150	broadPeak	183969	0.1882587741315659	0.042102169550220475	4.47147441907967	2.90802	0	0	0	0.0	0	337027	337027	0	0	0	0.0	0	0	0	0.0	0	0	0	0.0	0.07408	2	1	2	0.0308574112944	2001	1	2001	0.0184525813709	20001	1	20001	0.0238973599264	100001	1	100001
CHO_BM_DHIMAN_011	DHIMAN2020_L011	support_only	Tier 2	2	GCF_003668045.3	NC_048601.1	1900502	1900502	1	point_coordinate	high	DHIMAN2020	1900502	ERR868154	PRJEB9291	PRJEB9291:66_hours	H3K27me3	broad	ERR868154	ERR868150	broadPeak	183969	0.1882587741315659	0.042102169550220475	4.47147441907967	2.90802	0	0	0	0.0	0	8006	8006	0	0	0	0.0	1	1	181	0.00904954752262387	14	1	4808	0.04807951920480795	0.14817	1	1	1	0.144207546227	2001	1	2001	0.1755680046	20001	1	20001	0.178210257397	100001	1	100001
CHO_BM_GAIDUKOV_021	sLP20	positive	Tier 2	1	GCF_003668045.3	NC_048601.1	31728512	31728512	1	point_coordinate	high	GAIDUKOV2018	31728512	ERR868154	PRJEB9291	PRJEB9291:66_hours	H3K27me3	broad	ERR868154	ERR868150	broadPeak	183969	0.1882587741315659	0.042102169550220475	4.47147441907967	2.90802	0	0	0	0.0	0	49524	49524	0	0	0	0.0	0	0	0	0.0	1	1	477	0.004769952300476995	0	1	1	1	0.00805217391304	2001	1	2001	0.00993554522274	20001	1	20001	0.0247210759892	100001	1	100001
CHO_BM_HERTEL_001	Site-A	positive	Tier 2	1	GCF_003668045.3	NC_048603.1	21429466	21429529	64	paired_nick_interval	high	HERTEL2022	21429497	ERR868154	PRJEB9291	PRJEB9291:66_hours	H3K27me3	broad	ERR868154	ERR868150	broadPeak	183969	0.1882587741315659	0.042102169550220475	4.47147441907967	2.90802	0	0	0	0.0	0	10627	10596	0	0	0	0.0	0	0	0	0.0	32	1	15150	0.15149848501514984	0.07408	64	1	64	0.0485735032484	2001	1	2001	0.066673240838	20001	1	20001	0.152262742873	100001	1	100001
CHO_BM_DHIMAN_012	DHIMAN2020_L012	positive	Tier 2	1	GCF_003668045.3	NC_048603.1	26280751	26280867	117	mapped_interval	high	DHIMAN2020	26280809	ERR868154	PRJEB9291	PRJEB9291:66_hours	H3K27me3	broad	ERR868154	ERR868150	broadPeak	183969	0.1882587741315659	0.042102169550220475	4.47147441907967	2.90802	0	0	0	0.0	0	4034	3976	0	0	0	0.0	6	1	1681	0.0840457977101145	39	1	11766	0.11765882341176588	0.132971880342	117	1	117	0.206684752624	2001	1	2001	0.210739656517	20001	1	20001	0.224378817812	100001	1	100001
CHO_BM_HERTEL_002	Site-B	support_only	Tier 2	1	GCF_003668045.3	NC_048603.1	28646724	28646778	55	paired_nick_interval	high	HERTEL2022	28646751	ERR868154	PRJEB9291	PRJEB9291:66_hours	H3K27me3	broad	ERR868154	ERR868150	broadPeak	183969	0.1882587741315659	0.042102169550220475	4.47147441907967	2.90802	0	0	0	0.0	0	100162	100135	0	0	0	0.0	0	0	0	0.0	0	0	0	0.0	0.00471418181818	55	1	55	0.0149011494253	2001	1	2001	0.0246326103695	20001	1	20001	0.0299153116469	100001	1	100001
CHO_BM_ZHAO_002	HPRT	support_only	Tier 2	4	GCF_003668045.3	NC_048604.1	17024143	17024144	2	interbase_cut_boundary	high	ZHAO2018	17024143	ERR868154	PRJEB9291	PRJEB9291:66_hours	H3K27me3	broad	ERR868154	ERR868150	broadPeak	183969	0.1882587741315659	0.042102169550220475	4.47147441907967	2.90802	0	0	0	0.0	0	393407	393407	0	0	0	0.0	0	0	0	0.0	0	0	0	0.0	0	2	1	2	0	2001	1	2001	0.00537053147343	20001	1	20001	0.00938405665943	100001	1	100001
CHO_BM_DHIMAN_013	DHIMAN2020_L013	positive	Tier 2	1	GCF_003668045.3	NC_048604.1	59574984	59627432	52449	mapped_interval	high	DHIMAN2020	59601208	ERR868154	PRJEB9291	PRJEB9291:66_hours	H3K27me3	broad	ERR868154	ERR868150	broadPeak	183969	0.1882587741315659	0.042102169550220475	4.47147441907967	2.90802	0	0	0	0.0	0	3183656	3157432	0	0	0	0.0	0	0	0	0.0	0	0	0	0.0	0.00844702644474	52449	1	52449	0.0068859970015	2001	1	2001	0.00993548322584	20001	1	20001	0.0104193239068	100001	1	100001
CHO_BM_GAIDUKOV_009	mLP8	positive	Tier 2	1	GCF_003668045.3	NW_023276806.1	48454524	48454524	1	point_coordinate	high	GAIDUKOV2018	48454524	ERR868154	PRJEB9291	PRJEB9291:66_hours	H3K27me3	broad	ERR868154	ERR868150	broadPeak	183969	0.1882587741315659	0.042102169550220475	4.47147441907967	2.90802	0	0	0	0.0	0	133278	133278	0	0	0	0.0	0	0	0	0.0	0	0	0	0.0	0	1	1	1	0.0134202898551	2001	1	2001	0.0134263531823	20001	1	20001	0.0189119655803	100001	1	100001
CHO_BM_GAIDUKOV_011	mLP10	positive	Tier 2	1	GCF_003668045.3	NW_023276806.1	67810067	67810067	1	point_coordinate	high	GAIDUKOV2018	67810067	ERR868154	PRJEB9291	PRJEB9291:66_hours	H3K27me3	broad	ERR868154	ERR868150	broadPeak	183969	0.1882587741315659	0.042102169550220475	4.47147441907967	2.90802	0	0	0	0.0	0	415912	415912	0	0	0	0.0	0	0	0	0.0	0	0	0	0.0	0.03704	1	1	1	0.0184922338831	2001	1	2001	0.0241678351082	20001	1	20001	0.0231031323687	100001	1	100001
CHO_BM_GAIDUKOV_001	sLP1-1	positive	Tier 2	1	GCF_003668045.3	NW_023276806.1	81776324	81776324	1	point_coordinate	high	GAIDUKOV2018	81776324	ERR868154	PRJEB9291	PRJEB9291:66_hours	H3K27me3	broad	ERR868154	ERR868150	broadPeak	183969	0.1882587741315659	0.042102169550220475	4.47147441907967	2.90802	0	0	0	0.0	0	1674852	1674852	0	0	0	0.0	0	0	0	0.0	0	0	0	0.0	0	1	1	1	0.0337086556722	2001	1	2001	0.0220399785011	20001	1	20001	0.0269390256097	100001	1	100001
CHO_BM_GAIDUKOV_013	mLP12	positive	Tier 2	1	GCF_003668045.3	NW_023276806.1	163338145	163338145	1	point_coordinate	high	GAIDUKOV2018	163338145	ERR868154	PRJEB9291	PRJEB9291:66_hours	H3K27me3	broad	ERR868154	ERR868150	broadPeak	183969	0.1882587741315659	0.042102169550220475	4.47147441907967	2.90802	0	0	0	0.0	0	504017	504017	0	0	0	0.0	0	0	0	0.0	0	0	0	0.0	0	1	1	1	0.018900169915	2001	1	2001	0.0219010144493	20001	1	20001	0.0273414624854	100001	1	100001
CHO_BM_DHIMAN_003	DHIMAN2020_L003	support_only	Tier 2	2	GCF_003668045.3	NW_023276806.1	241273133	241273133	1	point_coordinate	high	DHIMAN2020	241273133	ERR868154	PRJEB9291	PRJEB9291:66_hours	H3K27me3	broad	ERR868154	ERR868150	broadPeak	183969	0.1882587741315659	0.042102169550220475	4.47147441907967	2.90802	0	0	0	0.0	0	2763	2763	0	0	0	0.0	2	1	373	0.01864906754662267	4	1	684	0.0068399316006839935	0.18521	1	1	1	0.0780816941529	2001	1	2001	0.0948223713814	20001	1	20001	0.0862317330827	100001	1	100001
CHO_BM_CHI_001	Hipp11/H11	positive	Tier 2	1	GCF_003668045.3	NW_023276807.1	101678097	101678098	2	interbase_cut_boundary	high	CHI2019	101678097	ERR868154	PRJEB9291	PRJEB9291:66_hours	H3K27me3	broad	ERR868154	ERR868150	broadPeak	183969	0.1882587741315659	0.042102169550220475	4.47147441907967	2.90802	0	0	0	0.0	0	39508	39508	0	0	0	0.0	0	0	0	0.0	1	1	466	0.004659953400465995	0.03704	2	1	2	0.00805217391304	2001	1	2001	0.0113077546123	20001	1	20001	0.0264641718583	100001	1	100001
CHO_BM_GAIDUKOV_010	mLP9	positive	Tier 2	1	GCF_003668045.3	NW_023276807.1	132016117	132016117	1	point_coordinate	high	GAIDUKOV2018	132016117	ERR868154	PRJEB9291	PRJEB9291:66_hours	H3K27me3	broad	ERR868154	ERR868150	broadPeak	183969	0.1882587741315659	0.042102169550220475	4.47147441907967	2.90802	0	0	0	0.0	0	74027	74027	0	0	0	0.0	0	0	0	0.0	0	0	0	0.0	0	1	1	1	0.0190853023488	2001	1	2001	0.0166950377481	20001	1	20001	0.035286898631	100001	1	100001
CHO_BM_DHIMAN_001	DHIMAN2020_L001	negative	Tier 2	1	GCF_003668045.3	NW_023276807.1	138183203	138205865	22663	mapped_interval	high	DHIMAN2020	138194534	ERR868154	PRJEB9291	PRJEB9291:66_hours	H3K27me3	broad	ERR868154	ERR868150	broadPeak	183969	0.1882587741315659	0.042102169550220475	4.47147441907967	2.90802	0	0	0	0.0	0	773365	762034	0	0	0	0.0	0	0	0	0.0	0	0	0	0.0	0.0310425574725	22663	1	22663	0.0536822388806	2001	1	2001	0.0303886255687	20001	1	20001	0.0325689406106	100001	1	100001
CHO_BM_GAIDUKOV_019	mLP18	positive	Tier 2	1	GCF_003668045.3	NW_023276807.1	150040083	150040083	1	point_coordinate	high	GAIDUKOV2018	150040083	ERR868154	PRJEB9291	PRJEB9291:66_hours	H3K27me3	broad	ERR868154	ERR868150	broadPeak	183969	0.1882587741315659	0.042102169550220475	4.47147441907967	2.90802	0	0	0	0.0	0	1565959	1565959	0	0	0	0.0	0	0	0	0.0	0	0	0	0.0	0.11113	1	1	1	0.0500736681659	2001	1	2001	0.02095280036	20001	1	20001	0.0230945708543	100001	1	100001
CHO_BM_DHIMAN_002	DHIMAN2020_L002	negative	Tier 2	1	GCF_003668045.3	NW_023276807.1	264596547	264623008	26462	mapped_interval	high	DHIMAN2020	264609777	ERR868154	PRJEB9291	PRJEB9291:66_hours	H3K27me3	broad	ERR868154	ERR868150	broadPeak	183969	0.1882587741315659	0.042102169550220475	4.47147441907967	2.90802	0	0	0	0.0	0	496210	482979	0	0	0	0.0	0	0	0	0.0	0	0	0	0.0	0.024511194921	26462	1	26462	0.0180849975012	2001	1	2001	0.0206933373331	20001	1	20001	0.0182608328917	100001	1	100001
CHO_BM_DHIMAN_005	DHIMAN2020_L005	negative	Tier 2	1	GCF_003668045.3	NC_048595.1	257621823	257621823	1	point_coordinate	high	DHIMAN2020	257621823	ERR868155	PRJEB9291	PRJEB9291:66_hours	H3K27ac	narrow	ERR868155	ERR868150	narrowPeak	50760	0.6652697397555107	0.03291845866601388	20.209626049179438	8.68242	0	0	0	0.0	0	577	577	1	1	424	0.21189405297351324	1	1	750	0.03749812509374531	4	1	3608	0.03607963920360796	0.54441	1	1	1	0.449924472764	2001	1	2001	0.106173970801	20001	1	20001	0.106177922421	100001	1	100001
CHO_BM_GAIDUKOV_002	sLP1-2	positive	Tier 2	1	GCF_003668045.3	NC_048595.1	299949073	299949073	1	point_coordinate	high	GAIDUKOV2018	299949073	ERR868155	PRJEB9291	PRJEB9291:66_hours	H3K27ac	narrow	ERR868155	ERR868150	narrowPeak	50760	0.6652697397555107	0.03291845866601388	20.209626049179438	8.68242	0	0	0	0.0	0	290186	290186	0	0	0	0.0	0	0	0	0.0	0	0	0	0.0	0.15555	1	1	1	0.0501381709145	2001	1	2001	0.0334404714764	20001	1	20001	0.0277566516335	100001	1	100001
CHO_BM_DHIMAN_004	DHIMAN2020_L004	positive	Tier 2	2	GCF_003668045.3	NC_048595.1	408642588	408642597	10	mapped_interval	high	DHIMAN2020	408642592	ERR868155	PRJEB9291	PRJEB9291:66_hours	H3K27ac	narrow	ERR868155	ERR868150	narrowPeak	50760	0.6652697397555107	0.03291845866601388	20.209626049179438	8.68242	0	0	0	0.0	0	43862	43857	0	0	0	0.0	0	0	0	0.0	1	1	319	0.0031899681003189967	0	10	1	10	0	2001	1	2001	0.0158842677866	20001	1	20001	0.0169051586484	100001	1	100001
CHO_BM_DHIMAN_006	DHIMAN2020_L006	support_only	Tier 2	2	GCF_003668045.3	NC_048596.1	236735321	236735321	1	point_coordinate	high	DHIMAN2020	236735321	ERR868155	PRJEB9291	PRJEB9291:66_hours	H3K27ac	narrow	ERR868155	ERR868150	narrowPeak	50760	0.6652697397555107	0.03291845866601388	20.209626049179438	8.68242	0	0	0	0.0	0	16509	16509	0	0	0	0.0	0	0	0	0.0	7	1	12775	0.12774872251277486	0	1	1	1	0.0352910044978	2001	1	2001	0.0504795135243	20001	1	20001	0.507288265717	100001	1	100001
CHO_BM_GAIDUKOV_016	mLP15	positive	Tier 2	1	GCF_003668045.3	NC_048596.1	246185831	246185831	1	point_coordinate	high	GAIDUKOV2018	246185831	ERR868155	PRJEB9291	PRJEB9291:66_hours	H3K27ac	narrow	ERR868155	ERR868150	narrowPeak	50760	0.6652697397555107	0.03291845866601388	20.209626049179438	8.68242	0	0	0	0.0	0	399	399	2	1	531	0.2653673163418291	2	1	757	0.03784810759462027	3	1	1709	0.017089829101708982	0.38886	1	1	1	0.475847556222	2001	1	2001	0.0960597155142	20001	1	20001	0.0809129098709	100001	1	100001
CHO_BM_ZHAO_003	GRIK1	support_only	Tier 2	4	GCF_003668045.3	NC_048597.1	9449577	9449578	2	interbase_cut_boundary	high	ZHAO2018	9449577	ERR868155	PRJEB9291	PRJEB9291:66_hours	H3K27ac	narrow	ERR868155	ERR868150	narrowPeak	50760	0.6652697397555107	0.03291845866601388	20.209626049179438	8.68242	0	0	0	0.0	0	74234	74233	0	0	0	0.0	0	0	0	0.0	0	0	0	0.0	0	2	1	2	0.016712193903	2001	1	2001	0.01839219989	20001	1	20001	0.0227403594964	100001	1	100001
CHO_BM_DHIMAN_007	DHIMAN2020_L007	positive	Tier 2	1	GCF_003668045.3	NC_048597.1	21959978	21959978	1	point_coordinate	high	DHIMAN2020	21959978	ERR868155	PRJEB9291	PRJEB9291:66_hours	H3K27ac	narrow	ERR868155	ERR868150	narrowPeak	50760	0.6652697397555107	0.03291845866601388	20.209626049179438	8.68242	0	0	0	0.0	0	13396	13396	0	0	0	0.0	0	0	0	0.0	4	1	4547	0.04546954530454696	0.15555	1	1	1	0.0584955072464	2001	1	2001	0.0372821433928	20001	1	20001	0.110343509465	100001	1	100001
CHO_BM_DHIMAN_008	DHIMAN2020_L008	positive	Tier 2	1	GCF_003668045.3	NC_048597.1	73524836	73524858	23	mapped_interval	high	DHIMAN2020	73524847	ERR868155	PRJEB9291	PRJEB9291:66_hours	H3K27ac	narrow	ERR868155	ERR868150	narrowPeak	50760	0.6652697397555107	0.03291845866601388	20.209626049179438	8.68242	0	0	0	0.0	0	2264	2253	0	0	0	0.0	3	1	1726	0.08629568521573922	8	1	8320	0.08319916800831992	0.182600434783	23	1	23	0.18185866067	2001	1	2001	0.158006773161	20001	1	20001	0.161276215538	100001	1	100001
CHO_BM_GAIDUKOV_015	mLP14	positive	Tier 2	1	GCF_003668045.3	NC_048597.1	105106891	105106891	1	point_coordinate	high	GAIDUKOV2018	105106891	ERR868155	PRJEB9291	PRJEB9291:66_hours	H3K27ac	narrow	ERR868155	ERR868150	narrowPeak	50760	0.6652697397555107	0.03291845866601388	20.209626049179438	8.68242	0	0	0	0.0	0	17276	17276	0	0	0	0.0	0	0	0	0.0	4	1	2353	0.023529764702352976	0.15555	1	1	1	0.209415692154	2001	1	2001	0.0786981480926	20001	1	20001	0.116210654393	100001	1	100001
CHO_BM_DHIMAN_009	DHIMAN2020_L009	positive	Tier 2	1	GCF_003668045.3	NC_048597.1	169164042	169164066	25	mapped_interval	high	DHIMAN2020	169164054	ERR868155	PRJEB9291	PRJEB9291:66_hours	H3K27ac	narrow	ERR868155	ERR868150	narrowPeak	50760	0.6652697397555107	0.03291845866601388	20.209626049179438	8.68242	1	1	25	1.0	1	0	0	1	1	1637	0.8180909545227386	1	1	2712	0.13559322033898305	7	1	9097	0.0909690903090969	10.8601764	25	1	25	6.9475368016	2001	1	2001	1.01074166992	20001	1	20001	0.494138593614	100001	1	100001
CHO_BM_GAIDUKOV_017	mLP16	positive	Tier 2	1	GCF_003668045.3	NC_048597.1	175544362	175544362	1	point_coordinate	high	GAIDUKOV2018	175544362	ERR868155	PRJEB9291	PRJEB9291:66_hours	H3K27ac	narrow	ERR868155	ERR868150	narrowPeak	50760	0.6652697397555107	0.03291845866601388	20.209626049179438	8.68242	0	0	0	0.0	0	6912	6912	0	0	0	0.0	3	1	2444	0.12219389030548472	7	1	4285	0.04284957150428496	0.07777	1	1	1	0.0371563418291	2001	1	2001	0.201242071396	20001	1	20001	0.10338203898	100001	1	100001
CHO_BM_GAIDUKOV_005	mLP4	positive	Tier 2	1	GCF_003668045.3	NC_048597.1	186989799	186989799	1	point_coordinate	high	GAIDUKOV2018	186989799	ERR868155	PRJEB9291	PRJEB9291:66_hours	H3K27ac	narrow	ERR868155	ERR868150	narrowPeak	50760	0.6652697397555107	0.03291845866601388	20.209626049179438	8.68242	0	0	0	0.0	0	3932	3932	0	0	0	0.0	1	1	1757	0.08784560771961401	1	1	1757	0.017569824301756982	0.07777	1	1	1	0.00835609695152	2001	1	2001	0.287452740863	20001	1	20001	0.0854439250607	100001	1	100001
CHO_BM_GAIDUKOV_014	mLP13	positive	Tier 2	1	GCF_003668045.3	NC_048598.1	113820843	113820843	1	point_coordinate	high	GAIDUKOV2018	113820843	ERR868155	PRJEB9291	PRJEB9291:66_hours	H3K27ac	narrow	ERR868155	ERR868150	narrowPeak	50760	0.6652697397555107	0.03291845866601388	20.209626049179438	8.68242	0	0	0	0.0	0	81982	81982	0	0	0	0.0	0	0	0	0.0	0	0	0	0.0	0	1	1	1	0.0310155422289	2001	1	2001	0.014970299485	20001	1	20001	0.0188945468545	100001	1	100001
CHO_BM_GAIDUKOV_018	mLP17	positive	Tier 2	1	GCF_003668045.3	NC_048598.1	152539694	152539694	1	point_coordinate	high	GAIDUKOV2018	152539694	ERR868155	PRJEB9291	PRJEB9291:66_hours	H3K27ac	narrow	ERR868155	ERR868150	narrowPeak	50760	0.6652697397555107	0.03291845866601388	20.209626049179438	8.68242	0	0	0	0.0	0	172156	172156	0	0	0	0.0	0	0	0	0.0	0	0	0	0.0	0.07777	1	1	1	0.0250682908546	2001	1	2001	0.0225721373931	20001	1	20001	0.0243641843582	100001	1	100001
CHO_BM_GAIDUKOV_003	mLP2	positive	Tier 2	1	GCF_003668045.3	NC_048598.1	158460979	158460979	1	point_coordinate	high	GAIDUKOV2018	158460979	ERR868155	PRJEB9291	PRJEB9291:66_hours	H3K27ac	narrow	ERR868155	ERR868150	narrowPeak	50760	0.6652697397555107	0.03291845866601388	20.209626049179438	8.68242	0	0	0	0.0	0	915809	915809	0	0	0	0.0	0	0	0	0.0	0	0	0	0.0	0.07777	1	1	1	0.0217654772614	2001	1	2001	0.0167199985001	20001	1	20001	0.0118716932831	100001	1	100001
CHO_BM_DHIMAN_010	DHIMAN2020_L010	negative	Tier 2	1	GCF_003668045.3	NC_048599.1	7684596	7781386	96791	mapped_interval	high	DHIMAN2020	7732991	ERR868155	PRJEB9291	PRJEB9291:66_hours	H3K27ac	narrow	ERR868155	ERR868150	narrowPeak	50760	0.6652697397555107	0.03291845866601388	20.209626049179438	8.68242	0	0	0	0.0	0	457423	409028	0	0	0	0.0	0	0	0	0.0	0	0	0	0.0	0.0172753324173	96791	1	96791	0.0417816341829	2001	1	2001	0.0244775296235	20001	1	20001	0.0180584915151	100001	1	100001
CHO_BM_GAIDUKOV_007	mLP6	positive	Tier 2	1	GCF_003668045.3	NC_048599.1	45758703	45758703	1	point_coordinate	high	GAIDUKOV2018	45758703	ERR868155	PRJEB9291	PRJEB9291:66_hours	H3K27ac	narrow	ERR868155	ERR868150	narrowPeak	50760	0.6652697397555107	0.03291845866601388	20.209626049179438	8.68242	0	0	0	0.0	0	7359	7359	0	0	0	0.0	1	1	1954	0.09769511524423778	2	1	4094	0.04093959060409396	0	1	1	1	0.0408485507246	2001	1	2001	0.257709782511	20001	1	20001	0.108017253027	100001	1	100001
CHO_BM_GAIDUKOV_008	mLP7	positive	Tier 2	1	GCF_003668045.3	NC_048599.1	109879626	109879626	1	point_coordinate	high	GAIDUKOV2018	109879626	ERR868155	PRJEB9291	PRJEB9291:66_hours	H3K27ac	narrow	ERR868155	ERR868150	narrowPeak	50760	0.6652697397555107	0.03291845866601388	20.209626049179438	8.68242	0	0	0	0.0	0	2015	2015	0	0	0	0.0	6	1	3820	0.19099045047747612	9	1	9004	0.09003909960900391	0	1	1	1	0.095223938031	2001	1	2001	0.354964161792	20001	1	20001	0.233424557754	100001	1	100001
CHO_BM_HERTEL_003	Site-C	positive	Tier 2	1	GCF_003668045.3	NC_048600.1	91189327	91189365	39	paired_nick_interval	high	HERTEL2022	91189346	ERR868155	PRJEB9291	PRJEB9291:66_hours	H3K27ac	narrow	ERR868155	ERR868150	narrowPeak	50760	0.6652697397555107	0.03291845866601388	20.209626049179438	8.68242	1	1	39	1.0	1	0	0	1	1	2001	1.0	2	1	9772	0.4885755712214389	8	1	17241	0.17240827591724084	5.75717102564	39	1	39	6.21889913043	2001	1	2001	2.42074020599	20001	1	20001	0.78625696353	100001	1	100001
CHO_BM_ZHAO_001	C12orf35	positive	Tier 2	4	GCF_003668045.3	NC_048601.1	371365	371366	2	interbase_cut_boundary	high	ZHAO2018	371365	ERR868155	PRJEB9291	PRJEB9291:66_hours	H3K27ac	narrow	ERR868155	ERR868150	narrowPeak	50760	0.6652697397555107	0.03291845866601388	20.209626049179438	8.68242	0	0	0	0.0	0	16532	16531	0	0	0	0.0	0	0	0	0.0	4	1	3275	0.032749672503274964	0	2	1	2	0	2001	1	2001	0.0217360151992	20001	1	20001	0.0762193663063	100001	1	100001
CHO_BM_DHIMAN_011	DHIMAN2020_L011	support_only	Tier 2	2	GCF_003668045.3	NC_048601.1	1900502	1900502	1	point_coordinate	high	DHIMAN2020	1900502	ERR868155	PRJEB9291	PRJEB9291:66_hours	H3K27ac	narrow	ERR868155	ERR868150	narrowPeak	50760	0.6652697397555107	0.03291845866601388	20.209626049179438	8.68242	0	0	0	0.0	0	30084	30084	0	0	0	0.0	0	0	0	0.0	2	1	3451	0.03450965490345097	0	1	1	1	0.0110766866567	2001	1	2001	0.0712789450527	20001	1	20001	0.1466799805	100001	1	100001
CHO_BM_GAIDUKOV_021	sLP20	positive	Tier 2	1	GCF_003668045.3	NC_048601.1	31728512	31728512	1	point_coordinate	high	GAIDUKOV2018	31728512	ERR868155	PRJEB9291	PRJEB9291:66_hours	H3K27ac	narrow	ERR868155	ERR868150	narrowPeak	50760	0.6652697397555107	0.03291845866601388	20.209626049179438	8.68242	1	1	1	1.0	1	0	0	1	1	2001	1.0	6	1	9394	0.4696765161741913	9	1	13529	0.13528864711352886	5.05522	1	1	1	4.23194502249	2001	1	2001	2.048430061	20001	1	20001	0.612523738763	100001	1	100001
CHO_BM_HERTEL_001	Site-A	positive	Tier 2	1	GCF_003668045.3	NC_048603.1	21429466	21429529	64	paired_nick_interval	high	HERTEL2022	21429497	ERR868155	PRJEB9291	PRJEB9291:66_hours	H3K27ac	narrow	ERR868155	ERR868150	narrowPeak	50760	0.6652697397555107	0.03291845866601388	20.209626049179438	8.68242	1	1	64	1.0	1	0	0	1	1	2001	1.0	2	1	7426	0.37128143592820356	5	1	12897	0.12896871031289686	12.3816526563	64	1	64	7.84163094453	2001	1	2001	2.72434963952	20001	1	20001	0.851364468155	100001	1	100001
CHO_BM_DHIMAN_012	DHIMAN2020_L012	positive	Tier 2	1	GCF_003668045.3	NC_048603.1	26280751	26280867	117	mapped_interval	high	DHIMAN2020	26280809	ERR868155	PRJEB9291	PRJEB9291:66_hours	H3K27ac	narrow	ERR868155	ERR868150	narrowPeak	50760	0.6652697397555107	0.03291845866601388	20.209626049179438	8.68242	0	0	0	0.0	0	123464	123406	0	0	0	0.0	0	0	0	0.0	0	0	0	0.0	0	117	1	117	0.0417823088456	2001	1	2001	0.0414585505725	20001	1	20001	0.0342777855221	100001	1	100001
CHO_BM_HERTEL_002	Site-B	support_only	Tier 2	1	GCF_003668045.3	NC_048603.1	28646724	28646778	55	paired_nick_interval	high	HERTEL2022	28646751	ERR868155	PRJEB9291	PRJEB9291:66_hours	H3K27ac	narrow	ERR868155	ERR868150	narrowPeak	50760	0.6652697397555107	0.03291845866601388	20.209626049179438	8.68242	1	1	55	1.0	1	0	0	1	1	2001	1.0	3	1	12084	0.6041697915104245	9	1	20026	0.2002579974200258	4.12336418182	55	1	55	4.38243773113	2001	1	2001	3.74123870056	20001	1	20001	1.1622902982	100001	1	100001
CHO_BM_ZHAO_002	HPRT	support_only	Tier 2	4	GCF_003668045.3	NC_048604.1	17024143	17024144	2	interbase_cut_boundary	high	ZHAO2018	17024143	ERR868155	PRJEB9291	PRJEB9291:66_hours	H3K27ac	narrow	ERR868155	ERR868150	narrowPeak	50760	0.6652697397555107	0.03291845866601388	20.209626049179438	8.68242	0	0	0	0.0	0	4567	4567	0	0	0	0.0	1	1	222	0.011099445027748612	5	1	6665	0.06664933350666494	0	2	1	2	0.125346441779	2001	1	2001	0.0657574126294	20001	1	20001	0.173592301677	100001	1	100001
CHO_BM_DHIMAN_013	DHIMAN2020_L013	positive	Tier 2	1	GCF_003668045.3	NC_048604.1	59574984	59627432	52449	mapped_interval	high	DHIMAN2020	59601208	ERR868155	PRJEB9291	PRJEB9291:66_hours	H3K27ac	narrow	ERR868155	ERR868150	narrowPeak	50760	0.6652697397555107	0.03291845866601388	20.209626049179438	8.68242	1	1	438	0.008350969513241435	0	25257	0	0	0	0	0.0	0	0	0	0.0	1	1	438	0.004379956200437996	0.0331424078629	52449	1	52449	0.0167129335332	2001	1	2001	0.0100320098995	20001	1	20001	0.023711699983	100001	1	100001
CHO_BM_GAIDUKOV_009	mLP8	positive	Tier 2	1	GCF_003668045.3	NW_023276806.1	48454524	48454524	1	point_coordinate	high	GAIDUKOV2018	48454524	ERR868155	PRJEB9291	PRJEB9291:66_hours	H3K27ac	narrow	ERR868155	ERR868150	narrowPeak	50760	0.6652697397555107	0.03291845866601388	20.209626049179438	8.68242	0	0	0	0.0	0	15351	15351	0	0	0	0.0	0	0	0	0.0	3	1	9691	0.0969090309096909	0	1	1	1	0.0811157671164	2001	1	2001	0.0570512714364	20001	1	20001	0.360169380306	100001	1	100001
CHO_BM_GAIDUKOV_011	mLP10	positive	Tier 2	1	GCF_003668045.3	NW_023276806.1	67810067	67810067	1	point_coordinate	high	GAIDUKOV2018	67810067	ERR868155	PRJEB9291	PRJEB9291:66_hours	H3K27ac	narrow	ERR868155	ERR868150	narrowPeak	50760	0.6652697397555107	0.03291845866601388	20.209626049179438	8.68242	0	0	0	0.0	0	126570	126570	0	0	0	0.0	0	0	0	0.0	0	0	0	0.0	0	1	1	1	0.00835609695152	2001	1	2001	0.0168484985751	20001	1	20001	0.0253099136009	100001	1	100001
CHO_BM_GAIDUKOV_001	sLP1-1	positive	Tier 2	1	GCF_003668045.3	NW_023276806.1	81776324	81776324	1	point_coordinate	high	GAIDUKOV2018	81776324	ERR868155	PRJEB9291	PRJEB9291:66_hours	H3K27ac	narrow	ERR868155	ERR868150	narrowPeak	50760	0.6652697397555107	0.03291845866601388	20.209626049179438	8.68242	0	0	0	0.0	0	77916	77916	0	0	0	0.0	0	0	0	0.0	0	0	0	0.0	0	1	1	1	0.0250682908546	2001	1	2001	0.0242441927904	20001	1	20001	0.0251216881831	100001	1	100001
CHO_BM_GAIDUKOV_013	mLP12	positive	Tier 2	1	GCF_003668045.3	NW_023276806.1	163338145	163338145	1	point_coordinate	high	GAIDUKOV2018	163338145	ERR868155	PRJEB9291	PRJEB9291:66_hours	H3K27ac	narrow	ERR868155	ERR868150	narrowPeak	50760	0.6652697397555107	0.03291845866601388	20.209626049179438	8.68242	0	0	0	0.0	0	9127	9127	0	0	0	0.0	1	1	874	0.04369781510924454	8	1	12068	0.12067879321206788	0.15555	1	1	1	0.085973838081	2001	1	2001	0.174116948653	20001	1	20001	0.27288598454	100001	1	100001
CHO_BM_DHIMAN_003	DHIMAN2020_L003	support_only	Tier 2	2	GCF_003668045.3	NW_023276806.1	241273133	241273133	1	point_coordinate	high	DHIMAN2020	241273133	ERR868155	PRJEB9291	PRJEB9291:66_hours	H3K27ac	narrow	ERR868155	ERR868150	narrowPeak	50760	0.6652697397555107	0.03291845866601388	20.209626049179438	8.68242	0	0	0	0.0	0	190469	190469	0	0	0	0.0	0	0	0	0.0	0	0	0	0.0	0	1	1	1	0.00835609695152	2001	1	2001	0.0192281845908	20001	1	20001	0.0178913089869	100001	1	100001
CHO_BM_CHI_001	Hipp11/H11	positive	Tier 2	1	GCF_003668045.3	NW_023276807.1	101678097	101678098	2	interbase_cut_boundary	high	CHI2019	101678097	ERR868155	PRJEB9291	PRJEB9291:66_hours	H3K27ac	narrow	ERR868155	ERR868150	narrowPeak	50760	0.6652697397555107	0.03291845866601388	20.209626049179438	8.68242	0	0	0	0.0	0	23369	23369	0	0	0	0.0	0	0	0	0.0	4	1	5475	0.054749452505474944	0	2	1	2	0.0752073463268	2001	1	2001	0.0543408754562	20001	1	20001	0.290876079439	100001	1	100001
CHO_BM_GAIDUKOV_010	mLP9	positive	Tier 2	1	GCF_003668045.3	NW_023276807.1	132016117	132016117	1	point_coordinate	high	GAIDUKOV2018	132016117	ERR868155	PRJEB9291	PRJEB9291:66_hours	H3K27ac	narrow	ERR868155	ERR868150	narrowPeak	50760	0.6652697397555107	0.03291845866601388	20.209626049179438	8.68242	0	0	0	0.0	0	16288	16288	0	0	0	0.0	0	0	0	0.0	3	1	3136	0.03135968640313597	0	1	1	1	0	2001	1	2001	0.0315622688866	20001	1	20001	0.104436575134	100001	1	100001
CHO_BM_DHIMAN_001	DHIMAN2020_L001	negative	Tier 2	1	GCF_003668045.3	NW_023276807.1	138183203	138205865	22663	mapped_interval	high	DHIMAN2020	138194534	ERR868155	PRJEB9291	PRJEB9291:66_hours	H3K27ac	narrow	ERR868155	ERR868150	narrowPeak	50760	0.6652697397555107	0.03291845866601388	20.209626049179438	8.68242	0	0	0	0.0	0	165303	153972	0	0	0	0.0	0	0	0	0.0	0	0	0	0.0	0.0272990967657	22663	1	22663	0.0417823788106	2001	1	2001	0.0306213419329	20001	1	20001	0.0245797325027	100001	1	100001
CHO_BM_GAIDUKOV_019	mLP18	positive	Tier 2	1	GCF_003668045.3	NW_023276807.1	150040083	150040083	1	point_coordinate	high	GAIDUKOV2018	150040083	ERR868155	PRJEB9291	PRJEB9291:66_hours	H3K27ac	narrow	ERR868155	ERR868150	narrowPeak	50760	0.6652697397555107	0.03291845866601388	20.209626049179438	8.68242	0	0	0	0.0	0	687583	687583	0	0	0	0.0	0	0	0	0.0	0	0	0	0.0	0	1	1	1	0.00835609695152	2001	1	2001	0.0167201734913	20001	1	20001	0.0173360055399	100001	1	100001
CHO_BM_DHIMAN_002	DHIMAN2020_L002	negative	Tier 2	1	GCF_003668045.3	NW_023276807.1	264596547	264623008	26462	mapped_interval	high	DHIMAN2020	264609777	ERR868155	PRJEB9291	PRJEB9291:66_hours	H3K27ac	narrow	ERR868155	ERR868150	narrowPeak	50760	0.6652697397555107	0.03291845866601388	20.209626049179438	8.68242	0	0	0	0.0	0	166472	153242	0	0	0	0.0	0	0	0	0.0	0	0	0	0.0	0.0145333591565	26462	1	26462	0.0303160269865	2001	1	2001	0.0158841832908	20001	1	20001	0.0163864559354	100001	1	100001
CHO_BM_DHIMAN_005	DHIMAN2020_L005	negative	Tier 2	1	GCF_003668045.3	NC_048595.1	257621823	257621823	1	point_coordinate	high	DHIMAN2020	257621823	ERR868156	PRJEB9291	PRJEB9291:66_hours	H3K36me3	broad	ERR868156	ERR868150	broadPeak	87479	0.7556754694757272	0.10535112943440703	7.172922336311738	2.90817	0	0	0	0.0	0	30034	30034	0	0	0	0.0	0	0	0	0.0	8	1	5799	0.05798942010579894	0.03507	1	1	1	0.00972706146927	2001	1	2001	0.0308486580671	20001	1	20001	0.0669290554094	100001	1	100001
CHO_BM_GAIDUKOV_002	sLP1-2	positive	Tier 2	1	GCF_003668045.3	NC_048595.1	299949073	299949073	1	point_coordinate	high	GAIDUKOV2018	299949073	ERR868156	PRJEB9291	PRJEB9291:66_hours	H3K36me3	broad	ERR868156	ERR868150	broadPeak	87479	0.7556754694757272	0.10535112943440703	7.172922336311738	2.90817	0	0	0	0.0	0	789698	789698	0	0	0	0.0	0	0	0	0.0	0	0	0	0.0	0.07014	1	1	1	0.0259384757621	2001	1	2001	0.011739060047	20001	1	20001	0.0147652131479	100001	1	100001
CHO_BM_DHIMAN_004	DHIMAN2020_L004	positive	Tier 2	2	GCF_003668045.3	NC_048595.1	408642588	408642597	10	mapped_interval	high	DHIMAN2020	408642592	ERR868156	PRJEB9291	PRJEB9291:66_hours	H3K36me3	broad	ERR868156	ERR868150	broadPeak	87479	0.7556754694757272	0.10535112943440703	7.172922336311738	2.90817	0	0	0	0.0	0	149910	149905	0	0	0	0.0	0	0	0	0.0	0	0	0	0.0	0	10	1	10	0	2001	1	2001	0.00687325183741	20001	1	20001	0.00774089059109	100001	1	100001
CHO_BM_DHIMAN_006	DHIMAN2020_L006	support_only	Tier 2	2	GCF_003668045.3	NC_048596.1	236735321	236735321	1	point_coordinate	high	DHIMAN2020	236735321	ERR868156	PRJEB9291	PRJEB9291:66_hours	H3K36me3	broad	ERR868156	ERR868150	broadPeak	87479	0.7556754694757272	0.10535112943440703	7.172922336311738	2.90817	1	1	1	1.0	1	0	0	1	1	2001	1.0	1	1	20001	1.0	13	1	62945	0.6294437055629444	1.08711	1	1	1	1.29832238381	2001	1	2001	1.21368321434	20001	1	20001	0.645064408956	100001	1	100001
CHO_BM_GAIDUKOV_016	mLP15	positive	Tier 2	1	GCF_003668045.3	NC_048596.1	246185831	246185831	1	point_coordinate	high	GAIDUKOV2018	246185831	ERR868156	PRJEB9291	PRJEB9291:66_hours	H3K36me3	broad	ERR868156	ERR868150	broadPeak	87479	0.7556754694757272	0.10535112943440703	7.172922336311738	2.90817	0	0	0	0.0	0	2	2	2	1	1532	0.7656171914042978	9	1	10854	0.5426728663566822	9	1	11596	0.11595884041159589	0.24548	1	1	1	0.309320594703	2001	1	2001	0.268639137043	20001	1	20001	0.075849802002	100001	1	100001
CHO_BM_ZHAO_003	GRIK1	support_only	Tier 2	4	GCF_003668045.3	NC_048597.1	9449577	9449578	2	interbase_cut_boundary	high	ZHAO2018	9449577	ERR868156	PRJEB9291	PRJEB9291:66_hours	H3K36me3	broad	ERR868156	ERR868150	broadPeak	87479	0.7556754694757272	0.10535112943440703	7.172922336311738	2.90817	0	0	0	0.0	0	194296	194295	0	0	0	0.0	0	0	0	0.0	0	0	0	0.0	0	2	1	2	0.0129694152924	2001	1	2001	0.0139481615919	20001	1	20001	0.0133648877511	100001	1	100001
CHO_BM_DHIMAN_007	DHIMAN2020_L007	positive	Tier 2	1	GCF_003668045.3	NC_048597.1	21959978	21959978	1	point_coordinate	high	DHIMAN2020	21959978	ERR868156	PRJEB9291	PRJEB9291:66_hours	H3K36me3	broad	ERR868156	ERR868150	broadPeak	87479	0.7556754694757272	0.10535112943440703	7.172922336311738	2.90817	0	0	0	0.0	0	72974	72974	0	0	0	0.0	0	0	0	0.0	0	0	0	0.0	0	1	1	1	0.0220304797601	2001	1	2001	0.0376270656467	20001	1	20001	0.0347393328067	100001	1	100001
CHO_BM_DHIMAN_008	DHIMAN2020_L008	positive	Tier 2	1	GCF_003668045.3	NC_048597.1	73524836	73524858	23	mapped_interval	high	DHIMAN2020	73524847	ERR868156	PRJEB9291	PRJEB9291:66_hours	H3K36me3	broad	ERR868156	ERR868150	broadPeak	87479	0.7556754694757272	0.10535112943440703	7.172922336311738	2.90817	0	0	0	0.0	0	150	139	1	1	236	0.11794102948525736	5	1	3681	0.184040797960102	10	1	5963	0.05962940370596294	0.19821173913	23	1	23	0.137661309345	2001	1	2001	0.146403701315	20001	1	20001	0.0986762741373	100001	1	100001
CHO_BM_GAIDUKOV_015	mLP14	positive	Tier 2	1	GCF_003668045.3	NC_048597.1	105106891	105106891	1	point_coordinate	high	GAIDUKOV2018	105106891	ERR868156	PRJEB9291	PRJEB9291:66_hours	H3K36me3	broad	ERR868156	ERR868150	broadPeak	87479	0.7556754694757272	0.10535112943440703	7.172922336311738	2.90817	1	1	1	1.0	1	0	0	1	1	2001	1.0	1	1	20001	1.0	9	1	61601	0.6160038399616004	0.7715	1	1	1	1.07093221889	2001	1	2001	1.20972937753	20001	1	20001	0.619909218808	100001	1	100001
CHO_BM_DHIMAN_009	DHIMAN2020_L009	positive	Tier 2	1	GCF_003668045.3	NC_048597.1	169164042	169164066	25	mapped_interval	high	DHIMAN2020	169164054	ERR868156	PRJEB9291	PRJEB9291:66_hours	H3K36me3	broad	ERR868156	ERR868150	broadPeak	87479	0.7556754694757272	0.10535112943440703	7.172922336311738	2.90817	0	0	0	0.0	0	1737	1725	0	0	0	0.0	4	1	14078	0.703864806759662	7	1	37197	0.37196628033719664	0.07014	25	1	25	0.0662107246377	2001	1	2001	1.19815117794	20001	1	20001	0.543731893681	100001	1	100001
CHO_BM_GAIDUKOV_017	mLP16	positive	Tier 2	1	GCF_003668045.3	NC_048597.1	175544362	175544362	1	point_coordinate	high	GAIDUKOV2018	175544362	ERR868156	PRJEB9291	PRJEB9291:66_hours	H3K36me3	broad	ERR868156	ERR868150	broadPeak	87479	0.7556754694757272	0.10535112943440703	7.172922336311738	2.90817	0	0	0	0.0	0	418	418	1	1	202	0.10094952523738131	5	1	1315	0.06574671266436678	5	1	1512	0.015119848801511985	0.03507	1	1	1	0.1063788006	2001	1	2001	0.0879133913304	20001	1	20001	0.0400356791432	100001	1	100001
CHO_BM_GAIDUKOV_005	mLP4	positive	Tier 2	1	GCF_003668045.3	NC_048597.1	186989799	186989799	1	point_coordinate	high	GAIDUKOV2018	186989799	ERR868156	PRJEB9291	PRJEB9291:66_hours	H3K36me3	broad	ERR868156	ERR868150	broadPeak	87479	0.7556754694757272	0.10535112943440703	7.172922336311738	2.90817	0	0	0	0.0	0	103568	103568	0	0	0	0.0	0	0	0	0.0	0	0	0	0.0	0	1	1	1	0.0128993103448	2001	1	2001	0.0145968741563	20001	1	20001	0.0125214607854	100001	1	100001
CHO_BM_GAIDUKOV_014	mLP13	positive	Tier 2	1	GCF_003668045.3	NC_048598.1	113820843	113820843	1	point_coordinate	high	GAIDUKOV2018	113820843	ERR868156	PRJEB9291	PRJEB9291:66_hours	H3K36me3	broad	ERR868156	ERR868150	broadPeak	87479	0.7556754694757272	0.10535112943440703	7.172922336311738	2.90817	0	0	0	0.0	0	6505	6505	0	0	0	0.0	1	1	1419	0.07094645267736613	4	1	2105	0.02104978950210498	0.14027	1	1	1	0.0669294452774	2001	1	2001	0.111086772661	20001	1	20001	0.0570907388926	100001	1	100001
CHO_BM_GAIDUKOV_018	mLP17	positive	Tier 2	1	GCF_003668045.3	NC_048598.1	152539694	152539694	1	point_coordinate	high	GAIDUKOV2018	152539694	ERR868156	PRJEB9291	PRJEB9291:66_hours	H3K36me3	broad	ERR868156	ERR868150	broadPeak	87479	0.7556754694757272	0.10535112943440703	7.172922336311738	2.90817	0	0	0	0.0	0	633070	633070	0	0	0	0.0	0	0	0	0.0	0	0	0	0.0	0.07014	1	1	1	0.0158085257371	2001	1	2001	0.0120265471726	20001	1	20001	0.0143381231188	100001	1	100001
CHO_BM_GAIDUKOV_003	mLP2	positive	Tier 2	1	GCF_003668045.3	NC_048598.1	158460979	158460979	1	point_coordinate	high	GAIDUKOV2018	158460979	ERR868156	PRJEB9291	PRJEB9291:66_hours	H3K36me3	broad	ERR868156	ERR868150	broadPeak	87479	0.7556754694757272	0.10535112943440703	7.172922336311738	2.90817	0	0	0	0.0	0	911311	911311	0	0	0	0.0	0	0	0	0.0	0	0	0	0.0	0	1	1	1	0.0118477361319	2001	1	2001	0.00778507424629	20001	1	20001	0.00622835091649	100001	1	100001
CHO_BM_DHIMAN_010	DHIMAN2020_L010	negative	Tier 2	1	GCF_003668045.3	NC_048599.1	7684596	7781386	96791	mapped_interval	high	DHIMAN2020	7732991	ERR868156	PRJEB9291	PRJEB9291:66_hours	H3K36me3	broad	ERR868156	ERR868150	broadPeak	87479	0.7556754694757272	0.10535112943440703	7.172922336311738	2.90817	0	0	0	0.0	0	719140	670745	0	0	0	0.0	0	0	0	0.0	0	0	0	0.0	0.0099204416733	96791	1	96791	0.00648470764618	2001	1	2001	0.0100558057097	20001	1	20001	0.00978436085639	100001	1	100001
CHO_BM_GAIDUKOV_007	mLP6	positive	Tier 2	1	GCF_003668045.3	NC_048599.1	45758703	45758703	1	point_coordinate	high	GAIDUKOV2018	45758703	ERR868156	PRJEB9291	PRJEB9291:66_hours	H3K36me3	broad	ERR868156	ERR868150	broadPeak	87479	0.7556754694757272	0.10535112943440703	7.172922336311738	2.90817	1	1	1	1.0	1	0	0	1	1	2001	1.0	2	1	9870	0.49347532623368834	7	1	42409	0.4240857591424086	0.35068	1	1	1	1.06315105947	2001	1	2001	0.476613575821	20001	1	20001	0.287003670563	100001	1	100001
CHO_BM_GAIDUKOV_008	mLP7	positive	Tier 2	1	GCF_003668045.3	NC_048599.1	109879626	109879626	1	point_coordinate	high	GAIDUKOV2018	109879626	ERR868156	PRJEB9291	PRJEB9291:66_hours	H3K36me3	broad	ERR868156	ERR868150	broadPeak	87479	0.7556754694757272	0.10535112943440703	7.172922336311738	2.90817	0	0	0	0.0	0	6321	6321	0	0	0	0.0	2	1	1251	0.06254687265636719	8	1	3981	0.03980960190398096	0.03507	1	1	1	0.0599376211894	2001	1	2001	0.097472540873	20001	1	20001	0.0876748897511	100001	1	100001
CHO_BM_HERTEL_003	Site-C	positive	Tier 2	1	GCF_003668045.3	NC_048600.1	91189327	91189365	39	paired_nick_interval	high	HERTEL2022	91189346	ERR868156	PRJEB9291	PRJEB9291:66_hours	H3K36me3	broad	ERR868156	ERR868150	broadPeak	87479	0.7556754694757272	0.10535112943440703	7.172922336311738	2.90817	0	0	0	0.0	0	3152	3133	0	0	0	0.0	6	1	4916	0.24578771061446927	18	1	40841	0.4084059159408406	0.0359692307692	39	1	39	0.0547494052974	2001	1	2001	0.293194335283	20001	1	20001	0.558278880111	100001	1	100001
CHO_BM_ZHAO_001	C12orf35	positive	Tier 2	4	GCF_003668045.3	NC_048601.1	371365	371366	2	interbase_cut_boundary	high	ZHAO2018	371365	ERR868156	PRJEB9291	PRJEB9291:66_hours	H3K36me3	broad	ERR868156	ERR868150	broadPeak	87479	0.7556754694757272	0.10535112943440703	7.172922336311738	2.90817	1	1	2	1.0	1	0	0	1	1	2001	1.0	5	1	17505	0.8752062396880156	7	1	22708	0.22707772922270777	1.33258	2	1	2	1.02049451774	2001	1	2001	0.467960746463	20001	1	20001	0.125209348807	100001	1	100001
CHO_BM_DHIMAN_011	DHIMAN2020_L011	support_only	Tier 2	2	GCF_003668045.3	NC_048601.1	1900502	1900502	1	point_coordinate	high	DHIMAN2020	1900502	ERR868156	PRJEB9291	PRJEB9291:66_hours	H3K36me3	broad	ERR868156	ERR868150	broadPeak	87479	0.7556754694757272	0.10535112943440703	7.172922336311738	2.90817	0	0	0	0.0	0	147429	147429	0	0	0	0.0	0	0	0	0.0	0	0	0	0.0	0.03507	1	1	1	0.0145117241379	2001	1	2001	0.0165434453277	20001	1	20001	0.0268992351076	100001	1	100001
CHO_BM_GAIDUKOV_021	sLP20	positive	Tier 2	1	GCF_003668045.3	NC_048601.1	31728512	31728512	1	point_coordinate	high	GAIDUKOV2018	31728512	ERR868156	PRJEB9291	PRJEB9291:66_hours	H3K36me3	broad	ERR868156	ERR868150	broadPeak	87479	0.7556754694757272	0.10535112943440703	7.172922336311738	2.90817	0	0	0	0.0	0	3860	3860	0	0	0	0.0	1	1	6141	0.30703464826758664	13	1	44007	0.4400655993440066	0	1	1	1	0.0284616741629	2001	1	2001	0.31122920604	20001	1	20001	0.446526856031	100001	1	100001
CHO_BM_HERTEL_001	Site-A	positive	Tier 2	1	GCF_003668045.3	NC_048603.1	21429466	21429529	64	paired_nick_interval	high	HERTEL2022	21429497	ERR868156	PRJEB9291	PRJEB9291:66_hours	H3K36me3	broad	ERR868156	ERR868150	broadPeak	87479	0.7556754694757272	0.10535112943440703	7.172922336311738	2.90817	0	0	0	0.0	0	3842	3811	0	0	0	0.0	6	1	5778	0.2888855557222139	15	1	37735	0.37734622653773464	0.08986171875	64	1	64	0.0664034132934	2001	1	2001	0.289757851107	20001	1	20001	0.405310894391	100001	1	100001
CHO_BM_DHIMAN_012	DHIMAN2020_L012	positive	Tier 2	1	GCF_003668045.3	NC_048603.1	26280751	26280867	117	mapped_interval	high	DHIMAN2020	26280809	ERR868156	PRJEB9291	PRJEB9291:66_hours	H3K36me3	broad	ERR868156	ERR868150	broadPeak	87479	0.7556754694757272	0.10535112943440703	7.172922336311738	2.90817	0	0	0	0.0	0	331039	330981	0	0	0	0.0	0	0	0	0.0	0	0	0	0.0	0	117	1	117	0.00972706146927	2001	1	2001	0.0142726418679	20001	1	20001	0.0177117498825	100001	1	100001
CHO_BM_HERTEL_002	Site-B	support_only	Tier 2	1	GCF_003668045.3	NC_048603.1	28646724	28646778	55	paired_nick_interval	high	HERTEL2022	28646751	ERR868156	PRJEB9291	PRJEB9291:66_hours	H3K36me3	broad	ERR868156	ERR868150	broadPeak	87479	0.7556754694757272	0.10535112943440703	7.172922336311738	2.90817	0	0	0	0.0	0	434	407	1	1	567	0.28335832083958024	3	1	6387	0.3193340332983351	19	1	57277	0.5727642723572764	0.377460545455	55	1	55	0.412947006497	2001	1	2001	0.347175267737	20001	1	20001	0.696862833372	100001	1	100001
CHO_BM_ZHAO_002	HPRT	support_only	Tier 2	4	GCF_003668045.3	NC_048604.1	17024143	17024144	2	interbase_cut_boundary	high	ZHAO2018	17024143	ERR868156	PRJEB9291	PRJEB9291:66_hours	H3K36me3	broad	ERR868156	ERR868150	broadPeak	87479	0.7556754694757272	0.10535112943440703	7.172922336311738	2.90817	1	1	2	1.0	1	0	0	1	1	2001	1.0	4	1	18187	0.9093045347732613	14	1	40869	0.4086859131408686	0.63122	2	1	2	0.441145097451	2001	1	2001	0.420347849108	20001	1	20001	0.214873430566	100001	1	100001
CHO_BM_DHIMAN_013	DHIMAN2020_L013	positive	Tier 2	1	GCF_003668045.3	NC_048604.1	59574984	59627432	52449	mapped_interval	high	DHIMAN2020	59601208	ERR868156	PRJEB9291	PRJEB9291:66_hours	H3K36me3	broad	ERR868156	ERR868150	broadPeak	87479	0.7556754694757272	0.10535112943440703	7.172922336311738	2.90817	1	11	10587	0.20185322885088372	0	481	0	1	1	520	0.25987006496751625	4	1	4065	0.20323983800809958	15	1	12850	0.12849871501284987	0.117410502393	52449	1	52449	0.18278816092	2001	1	2001	0.139176510174	20001	1	20001	0.0841436357636	100001	1	100001
CHO_BM_GAIDUKOV_009	mLP8	positive	Tier 2	1	GCF_003668045.3	NW_023276806.1	48454524	48454524	1	point_coordinate	high	GAIDUKOV2018	48454524	ERR868156	PRJEB9291	PRJEB9291:66_hours	H3K36me3	broad	ERR868156	ERR868150	broadPeak	87479	0.7556754694757272	0.10535112943440703	7.172922336311738	2.90817	1	1	1	1.0	1	0	0	1	1	2001	1.0	1	1	19938	0.9968501574921254	22	1	61340	0.6133938660613394	2.13915	1	1	1	1.51398771614	2001	1	2001	1.31654500025	20001	1	20001	0.570420335497	100001	1	100001
CHO_BM_GAIDUKOV_011	mLP10	positive	Tier 2	1	GCF_003668045.3	NW_023276806.1	67810067	67810067	1	point_coordinate	high	GAIDUKOV2018	67810067	ERR868156	PRJEB9291	PRJEB9291:66_hours	H3K36me3	broad	ERR868156	ERR868150	broadPeak	87479	0.7556754694757272	0.10535112943440703	7.172922336311738	2.90817	0	0	0	0.0	0	11389	11389	0	0	0	0.0	0	0	0	0.0	3	1	1466	0.014659853401465986	0.03507	1	1	1	0.107815952024	2001	1	2001	0.0831498430078	20001	1	20001	0.0688130649694	100001	1	100001
CHO_BM_GAIDUKOV_001	sLP1-1	positive	Tier 2	1	GCF_003668045.3	NW_023276806.1	81776324	81776324	1	point_coordinate	high	GAIDUKOV2018	81776324	ERR868156	PRJEB9291	PRJEB9291:66_hours	H3K36me3	broad	ERR868156	ERR868150	broadPeak	87479	0.7556754694757272	0.10535112943440703	7.172922336311738	2.90817	0	0	0	0.0	0	696984	696984	0	0	0	0.0	0	0	0	0.0	0	0	0	0.0	0	1	1	1	0.0162117691154	2001	1	2001	0.00973319184041	20001	1	20001	0.012771602684	100001	1	100001
CHO_BM_GAIDUKOV_013	mLP12	positive	Tier 2	1	GCF_003668045.3	NW_023276806.1	163338145	163338145	1	point_coordinate	high	GAIDUKOV2018	163338145	ERR868156	PRJEB9291	PRJEB9291:66_hours	H3K36me3	broad	ERR868156	ERR868150	broadPeak	87479	0.7556754694757272	0.10535112943440703	7.172922336311738	2.90817	1	1	1	1.0	1	0	0	1	1	2001	1.0	11	1	15621	0.7810109494525274	15	1	30390	0.3038969610303897	1.33258	1	1	1	0.957088330835	2001	1	2001	0.497626929654	20001	1	20001	0.234286126939	100001	1	100001
CHO_BM_DHIMAN_003	DHIMAN2020_L003	support_only	Tier 2	2	GCF_003668045.3	NW_023276806.1	241273133	241273133	1	point_coordinate	high	DHIMAN2020	241273133	ERR868156	PRJEB9291	PRJEB9291:66_hours	H3K36me3	broad	ERR868156	ERR868150	broadPeak	87479	0.7556754694757272	0.10535112943440703	7.172922336311738	2.90817	0	0	0	0.0	0	725456	725456	0	0	0	0.0	0	0	0	0.0	0	0	0	0.0	0	1	1	1	0.00860538230885	2001	1	2001	0.00843385730713	20001	1	20001	0.00661761292387	100001	1	100001
CHO_BM_CHI_001	Hipp11/H11	positive	Tier 2	1	GCF_003668045.3	NW_023276807.1	101678097	101678098	2	interbase_cut_boundary	high	CHI2019	101678097	ERR868156	PRJEB9291	PRJEB9291:66_hours	H3K36me3	broad	ERR868156	ERR868150	broadPeak	87479	0.7556754694757272	0.10535112943440703	7.172922336311738	2.90817	1	1	2	1.0	1	0	0	1	1	2001	1.0	1	1	20001	1.0	4	1	59859	0.5985840141598584	1.104645	2	1	2	0.890317291354	2001	1	2001	1.03241174291	20001	1	20001	0.574896854931	100001	1	100001
CHO_BM_GAIDUKOV_010	mLP9	positive	Tier 2	1	GCF_003668045.3	NW_023276807.1	132016117	132016117	1	point_coordinate	high	GAIDUKOV2018	132016117	ERR868156	PRJEB9291	PRJEB9291:66_hours	H3K36me3	broad	ERR868156	ERR868150	broadPeak	87479	0.7556754694757272	0.10535112943440703	7.172922336311738	2.90817	1	1	1	1.0	1	0	0	1	1	2001	1.0	6	1	14207	0.7103144842757863	18	1	40898	0.4089759102408976	0.91177	1	1	1	0.660157986007	2001	1	2001	0.422337788611	20001	1	20001	0.247758529515	100001	1	100001
CHO_BM_DHIMAN_001	DHIMAN2020_L001	negative	Tier 2	1	GCF_003668045.3	NW_023276807.1	138183203	138205865	22663	mapped_interval	high	DHIMAN2020	138194534	ERR868156	PRJEB9291	PRJEB9291:66_hours	H3K36me3	broad	ERR868156	ERR868150	broadPeak	87479	0.7556754694757272	0.10535112943440703	7.172922336311738	2.90817	0	0	0	0.0	0	527405	516074	0	0	0	0.0	0	0	0	0.0	0	0	0	0.0	0.0137411957817	22663	1	22663	0.0208554372814	2001	1	2001	0.0144654077296	20001	1	20001	0.0139736862631	100001	1	100001
CHO_BM_GAIDUKOV_019	mLP18	positive	Tier 2	1	GCF_003668045.3	NW_023276807.1	150040083	150040083	1	point_coordinate	high	GAIDUKOV2018	150040083	ERR868156	PRJEB9291	PRJEB9291:66_hours	H3K36me3	broad	ERR868156	ERR868150	broadPeak	87479	0.7556754694757272	0.10535112943440703	7.172922336311738	2.90817	0	0	0	0.0	0	1207618	1207618	0	0	0	0.0	0	0	0	0.0	0	0	0	0.0	0	1	1	1	0.0162117691154	2001	1	2001	0.00775358932053	20001	1	20001	0.0130405552944	100001	1	100001
CHO_BM_DHIMAN_002	DHIMAN2020_L002	negative	Tier 2	1	GCF_003668045.3	NW_023276807.1	264596547	264623008	26462	mapped_interval	high	DHIMAN2020	264609777	ERR868156	PRJEB9291	PRJEB9291:66_hours	H3K36me3	broad	ERR868156	ERR868150	broadPeak	87479	0.7556754694757272	0.10535112943440703	7.172922336311738	2.90817	0	0	0	0.0	0	717988	704757	0	0	0	0.0	0	0	0	0.0	0	0	0	0.0	0.0161817047086	26462	1	26462	0.0129694152924	2001	1	2001	0.0175164301785	20001	1	20001	0.0101858759412	100001	1	100001
CHO_BM_DHIMAN_005	DHIMAN2020_L005	negative	Tier 2	1	GCF_003668045.3	NC_048595.1	257621823	257621823	1	point_coordinate	high	DHIMAN2020	257621823	ERR868171	PRJEB9291	PRJEB9291:210_hours	H3K27ac	narrow	ERR868171	ERR868177	narrowPeak	96295	0.6091649518451868	0.038738859071023334	15.724906888154644	6.25524	0	0	0	0.0	0	181	181	2	1	769	0.3843078460769615	2	1	917	0.04584770761461927	5	1	4349	0.043489565104348954	0.18236	1	1	1	0.288536361819	2001	1	2001	0.073346740663	20001	1	20001	0.0823036781632	100001	1	100001
CHO_BM_GAIDUKOV_002	sLP1-2	positive	Tier 2	1	GCF_003668045.3	NC_048595.1	299949073	299949073	1	point_coordinate	high	GAIDUKOV2018	299949073	ERR868171	PRJEB9291	PRJEB9291:210_hours	H3K27ac	narrow	ERR868171	ERR868177	narrowPeak	96295	0.6091649518451868	0.038738859071023334	15.724906888154644	6.25524	0	0	0	0.0	0	3502	3502	0	0	0	0.0	2	1	1055	0.052747362631868404	2	1	1055	0.01054989450105499	0.13677	1	1	1	0.0141258370815	2001	1	2001	0.0794946122694	20001	1	20001	0.0292003215968	100001	1	100001
CHO_BM_DHIMAN_004	DHIMAN2020_L004	positive	Tier 2	2	GCF_003668045.3	NC_048595.1	408642588	408642597	10	mapped_interval	high	DHIMAN2020	408642592	ERR868171	PRJEB9291	PRJEB9291:210_hours	H3K27ac	narrow	ERR868171	ERR868177	narrowPeak	96295	0.6091649518451868	0.038738859071023334	15.724906888154644	6.25524	0	0	0	0.0	0	43924	43919	0	0	0	0.0	0	0	0	0.0	1	1	315	0.003149968500314997	0	10	1	10	0.00353145927036	2001	1	2001	0.00630934053297	20001	1	20001	0.0113769084309	100001	1	100001
CHO_BM_DHIMAN_006	DHIMAN2020_L006	support_only	Tier 2	2	GCF_003668045.3	NC_048596.1	236735321	236735321	1	point_coordinate	high	DHIMAN2020	236735321	ERR868171	PRJEB9291	PRJEB9291:210_hours	H3K27ac	narrow	ERR868171	ERR868177	narrowPeak	96295	0.6091649518451868	0.038738859071023334	15.724906888154644	6.25524	0	0	0	0.0	0	3149	3149	0	0	0	0.0	1	1	276	0.013799310034498274	24	1	21952	0.21951780482195177	0.04559	1	1	1	0.0475266066967	2001	1	2001	0.0961721878906	20001	1	20001	0.416305781642	100001	1	100001
CHO_BM_GAIDUKOV_016	mLP15	positive	Tier 2	1	GCF_003668045.3	NC_048596.1	246185831	246185831	1	point_coordinate	high	GAIDUKOV2018	246185831	ERR868171	PRJEB9291	PRJEB9291:210_hours	H3K27ac	narrow	ERR868171	ERR868177	narrowPeak	96295	0.6091649518451868	0.038738859071023334	15.724906888154644	6.25524	0	0	0	0.0	0	118	118	1	1	883	0.44127936031984005	1	1	1390	0.06949652517374132	3	1	3179	0.031789682103178965	0.18236	1	1	1	0.721956051974	2001	1	2001	0.132504691765	20001	1	20001	0.0680704581954	100001	1	100001
CHO_BM_ZHAO_003	GRIK1	support_only	Tier 2	4	GCF_003668045.3	NC_048597.1	9449577	9449578	2	interbase_cut_boundary	high	ZHAO2018	9449577	ERR868171	PRJEB9291	PRJEB9291:210_hours	H3K27ac	narrow	ERR868171	ERR868177	narrowPeak	96295	0.6091649518451868	0.038738859071023334	15.724906888154644	6.25524	0	0	0	0.0	0	17065	17065	0	0	0	0.0	0	0	0	0.0	1	1	582	0.005819941800581994	0	2	1	2	0.0247202148926	2001	1	2001	0.0208449852507	20001	1	20001	0.0242377715223	100001	1	100001
CHO_BM_DHIMAN_007	DHIMAN2020_L007	positive	Tier 2	1	GCF_003668045.3	NC_048597.1	21959978	21959978	1	point_coordinate	high	DHIMAN2020	21959978	ERR868171	PRJEB9291	PRJEB9291:210_hours	H3K27ac	narrow	ERR868171	ERR868177	narrowPeak	96295	0.6091649518451868	0.038738859071023334	15.724906888154644	6.25524	0	0	0	0.0	0	13181	13181	0	0	0	0.0	0	0	0	0.0	3	1	5591	0.05590944090559095	0	1	1	1	0.0529720889555	2001	1	2001	0.0262653852307	20001	1	20001	0.073286902831	100001	1	100001
CHO_BM_DHIMAN_008	DHIMAN2020_L008	positive	Tier 2	1	GCF_003668045.3	NC_048597.1	73524836	73524858	23	mapped_interval	high	DHIMAN2020	73524847	ERR868171	PRJEB9291	PRJEB9291:210_hours	H3K27ac	narrow	ERR868171	ERR868177	narrowPeak	96295	0.6091649518451868	0.038738859071023334	15.724906888154644	6.25524	0	0	0	0.0	0	2191	2180	0	0	0	0.0	3	1	2741	0.13704314784260788	13	1	12853	0.12852871471285288	0	23	1	23	0.083252003998	2001	1	2001	0.199401163442	20001	1	20001	0.163640446996	100001	1	100001
CHO_BM_GAIDUKOV_015	mLP14	positive	Tier 2	1	GCF_003668045.3	NC_048597.1	105106891	105106891	1	point_coordinate	high	GAIDUKOV2018	105106891	ERR868171	PRJEB9291	PRJEB9291:210_hours	H3K27ac	narrow	ERR868171	ERR868177	narrowPeak	96295	0.6091649518451868	0.038738859071023334	15.724906888154644	6.25524	1	1	1	1.0	1	0	0	1	1	435	0.21739130434782608	1	1	435	0.021748912554372283	6	1	5870	0.05869941300586994	0.41032	1	1	1	0.227246436782	2001	1	2001	0.129332896355	20001	1	20001	0.123238751512	100001	1	100001
CHO_BM_DHIMAN_009	DHIMAN2020_L009	positive	Tier 2	1	GCF_003668045.3	NC_048597.1	169164042	169164066	25	mapped_interval	high	DHIMAN2020	169164054	ERR868171	PRJEB9291	PRJEB9291:210_hours	H3K27ac	narrow	ERR868171	ERR868177	narrowPeak	96295	0.6091649518451868	0.038738859071023334	15.724906888154644	6.25524	1	1	25	1.0	1	0	0	1	1	1890	0.9445277361319341	3	1	3905	0.19524023798810058	11	1	13306	0.13305866941330588	4.1542308	25	1	25	2.8823587956	2001	1	2001	0.589875415229	20001	1	20001	0.360999659603	100001	1	100001
CHO_BM_GAIDUKOV_017	mLP16	positive	Tier 2	1	GCF_003668045.3	NC_048597.1	175544362	175544362	1	point_coordinate	high	GAIDUKOV2018	175544362	ERR868171	PRJEB9291	PRJEB9291:210_hours	H3K27ac	narrow	ERR868171	ERR868177	narrowPeak	96295	0.6091649518451868	0.038738859071023334	15.724906888154644	6.25524	0	0	0	0.0	0	4746	4746	0	0	0	0.0	4	1	4165	0.20823958802059897	13	1	11243	0.11242887571124288	0	1	1	1	0.0251531034483	2001	1	2001	0.256947527124	20001	1	20001	0.147642266477	100001	1	100001
CHO_BM_GAIDUKOV_005	mLP4	positive	Tier 2	1	GCF_003668045.3	NC_048597.1	186989799	186989799	1	point_coordinate	high	GAIDUKOV2018	186989799	ERR868171	PRJEB9291	PRJEB9291:210_hours	H3K27ac	narrow	ERR868171	ERR868177	narrowPeak	96295	0.6091649518451868	0.038738859071023334	15.724906888154644	6.25524	0	0	0	0.0	0	4174	4174	0	0	0	0.0	1	1	1475	0.07374631268436578	3	1	1912	0.01911980880191198	0.04559	1	1	1	0.00706291854073	2001	1	2001	0.102858428079	20001	1	20001	0.0441378559214	100001	1	100001
CHO_BM_GAIDUKOV_014	mLP13	positive	Tier 2	1	GCF_003668045.3	NC_048598.1	113820843	113820843	1	point_coordinate	high	GAIDUKOV2018	113820843	ERR868171	PRJEB9291	PRJEB9291:210_hours	H3K27ac	narrow	ERR868171	ERR868177	narrowPeak	96295	0.6091649518451868	0.038738859071023334	15.724906888154644	6.25524	0	0	0	0.0	0	88741	88741	0	0	0	0.0	0	0	0	0.0	0	0	0	0.0	0.04559	1	1	1	0.0536326136932	2001	1	2001	0.0169586320684	20001	1	20001	0.014839397706	100001	1	100001
CHO_BM_GAIDUKOV_018	mLP17	positive	Tier 2	1	GCF_003668045.3	NC_048598.1	152539694	152539694	1	point_coordinate	high	GAIDUKOV2018	152539694	ERR868171	PRJEB9291	PRJEB9291:210_hours	H3K27ac	narrow	ERR868171	ERR868177	narrowPeak	96295	0.6091649518451868	0.038738859071023334	15.724906888154644	6.25524	0	0	0	0.0	0	158014	158014	0	0	0	0.0	0	0	0	0.0	0	0	0	0.0	0	1	1	1	0.00353145927036	2001	1	2001	0.0162520223989	20001	1	20001	0.0157580259197	100001	1	100001
CHO_BM_GAIDUKOV_003	mLP2	positive	Tier 2	1	GCF_003668045.3	NC_048598.1	158460979	158460979	1	point_coordinate	high	GAIDUKOV2018	158460979	ERR868171	PRJEB9291	PRJEB9291:210_hours	H3K27ac	narrow	ERR868171	ERR868177	narrowPeak	96295	0.6091649518451868	0.038738859071023334	15.724906888154644	6.25524	0	0	0	0.0	0	915583	915583	0	0	0	0.0	0	0	0	0.0	0	0	0	0.0	0	1	1	1	0.00353145927036	2001	1	2001	0.00495538523074	20001	1	20001	0.00651565764342	100001	1	100001
CHO_BM_DHIMAN_010	DHIMAN2020_L010	negative	Tier 2	1	GCF_003668045.3	NC_048599.1	7684596	7781386	96791	mapped_interval	high	DHIMAN2020	7732991	ERR868171	PRJEB9291	PRJEB9291:210_hours	H3K27ac	narrow	ERR868171	ERR868177	narrowPeak	96295	0.6091649518451868	0.038738859071023334	15.724906888154644	6.25524	0	0	0	0.0	0	216834	168439	0	0	0	0.0	0	0	0	0.0	0	0	0	0.0	0.00854185461458	96791	1	96791	0.00100247876062	2001	1	2001	0.00625691465427	20001	1	20001	0.00911563274367	100001	1	100001
CHO_BM_GAIDUKOV_007	mLP6	positive	Tier 2	1	GCF_003668045.3	NC_048599.1	45758703	45758703	1	point_coordinate	high	GAIDUKOV2018	45758703	ERR868171	PRJEB9291	PRJEB9291:210_hours	H3K27ac	narrow	ERR868171	ERR868177	narrowPeak	96295	0.6091649518451868	0.038738859071023334	15.724906888154644	6.25524	0	0	0	0.0	0	7471	7471	0	0	0	0.0	2	1	1236	0.06179691015449228	5	1	3096	0.030959690403095968	0.04559	1	1	1	0.0393472913543	2001	1	2001	0.104697841608	20001	1	20001	0.0599890580094	100001	1	100001
CHO_BM_GAIDUKOV_008	mLP7	positive	Tier 2	1	GCF_003668045.3	NC_048599.1	109879626	109879626	1	point_coordinate	high	GAIDUKOV2018	109879626	ERR868171	PRJEB9291	PRJEB9291:210_hours	H3K27ac	narrow	ERR868171	ERR868177	narrowPeak	96295	0.6091649518451868	0.038738859071023334	15.724906888154644	6.25524	0	0	0	0.0	0	1514	1514	0	0	0	0.0	13	1	8268	0.4133793310334483	19	1	16505	0.16504834951650482	0.27354	1	1	1	0.150941834083	2001	1	2001	0.546078987551	20001	1	20001	0.231639143809	100001	1	100001
CHO_BM_HERTEL_003	Site-C	positive	Tier 2	1	GCF_003668045.3	NC_048600.1	91189327	91189365	39	paired_nick_interval	high	HERTEL2022	91189346	ERR868171	PRJEB9291	PRJEB9291:210_hours	H3K27ac	narrow	ERR868171	ERR868177	narrowPeak	96295	0.6091649518451868	0.038738859071023334	15.724906888154644	6.25524	1	1	39	1.0	1	0	0	1	1	2001	1.0	6	1	11652	0.5825708714564272	17	1	25238	0.25237747622523776	3.91145666667	39	1	39	3.41564102449	2001	1	2001	1.5575879791	20001	1	20001	0.619783190368	100001	1	100001
CHO_BM_ZHAO_001	C12orf35	positive	Tier 2	4	GCF_003668045.3	NC_048601.1	371365	371366	2	interbase_cut_boundary	high	ZHAO2018	371365	ERR868171	PRJEB9291	PRJEB9291:210_hours	H3K27ac	narrow	ERR868171	ERR868177	narrowPeak	96295	0.6091649518451868	0.038738859071023334	15.724906888154644	6.25524	0	0	0	0.0	0	16771	16770	0	0	0	0.0	0	0	0	0.0	4	1	2910	0.029099709002909972	0.13677	2	1	2	0.0204824637681	2001	1	2001	0.0300309109545	20001	1	20001	0.0458612356876	100001	1	100001
CHO_BM_DHIMAN_011	DHIMAN2020_L011	support_only	Tier 2	2	GCF_003668045.3	NC_048601.1	1900502	1900502	1	point_coordinate	high	DHIMAN2020	1900502	ERR868171	PRJEB9291	PRJEB9291:210_hours	H3K27ac	narrow	ERR868171	ERR868177	narrowPeak	96295	0.6091649518451868	0.038738859071023334	15.724906888154644	6.25524	0	0	0	0.0	0	8219	8219	0	0	0	0.0	1	1	356	0.017799110044497773	4	1	2700	0.026999730002699972	0.04559	1	1	1	0.0495543478261	2001	1	2001	0.0532194570271	20001	1	20001	0.0938474689253	100001	1	100001
CHO_BM_GAIDUKOV_021	sLP20	positive	Tier 2	1	GCF_003668045.3	NC_048601.1	31728512	31728512	1	point_coordinate	high	GAIDUKOV2018	31728512	ERR868171	PRJEB9291	PRJEB9291:210_hours	H3K27ac	narrow	ERR868171	ERR868177	narrowPeak	96295	0.6091649518451868	0.038738859071023334	15.724906888154644	6.25524	1	1	1	1.0	1	0	0	1	1	2001	1.0	10	1	12691	0.6345182740862957	26	1	21955	0.21954780452195477	2.59868	1	1	1	2.22039177411	2001	1	2001	0.951940321484	20001	1	20001	0.346312828372	100001	1	100001
CHO_BM_HERTEL_001	Site-A	positive	Tier 2	1	GCF_003668045.3	NC_048603.1	21429466	21429529	64	paired_nick_interval	high	HERTEL2022	21429497	ERR868171	PRJEB9291	PRJEB9291:210_hours	H3K27ac	narrow	ERR868171	ERR868177	narrowPeak	96295	0.6091649518451868	0.038738859071023334	15.724906888154644	6.25524	1	1	64	1.0	1	0	0	1	1	2001	1.0	2	1	10599	0.5299235038248088	15	1	33913	0.33912660873391265	7.569495	64	1	64	5.148068006	2001	1	2001	2.06929386031	20001	1	20001	0.971195482745	100001	1	100001
CHO_BM_DHIMAN_012	DHIMAN2020_L012	positive	Tier 2	1	GCF_003668045.3	NC_048603.1	26280751	26280867	117	mapped_interval	high	DHIMAN2020	26280809	ERR868171	PRJEB9291	PRJEB9291:210_hours	H3K27ac	narrow	ERR868171	ERR868177	narrowPeak	96295	0.6091649518451868	0.038738859071023334	15.724906888154644	6.25524	0	0	0	0.0	0	123189	123131	0	0	0	0.0	0	0	0	0.0	0	0	0	0.0	0	117	1	117	0.0211887556222	2001	1	2001	0.0130722788861	20001	1	20001	0.0131106410936	100001	1	100001
CHO_BM_HERTEL_002	Site-B	support_only	Tier 2	1	GCF_003668045.3	NC_048603.1	28646724	28646778	55	paired_nick_interval	high	HERTEL2022	28646751	ERR868171	PRJEB9291	PRJEB9291:210_hours	H3K27ac	narrow	ERR868171	ERR868177	narrowPeak	96295	0.6091649518451868	0.038738859071023334	15.724906888154644	6.25524	1	1	55	1.0	1	0	0	1	1	2001	1.0	6	1	18322	0.9160541972901355	35	1	44265	0.44264557354426454	5.98316709091	55	1	55	5.92621053973	2001	1	2001	4.07930543323	20001	1	20001	1.33001298277	100001	1	100001
CHO_BM_ZHAO_002	HPRT	support_only	Tier 2	4	GCF_003668045.3	NC_048604.1	17024143	17024144	2	interbase_cut_boundary	high	ZHAO2018	17024143	ERR868171	PRJEB9291	PRJEB9291:210_hours	H3K27ac	narrow	ERR868171	ERR868177	narrowPeak	96295	0.6091649518451868	0.038738859071023334	15.724906888154644	6.25524	0	0	0	0.0	0	8394	8394	0	0	0	0.0	1	1	644	0.03219839008049598	19	1	9440	0.0943990560094399	0	2	1	2	0.0672572113943	2001	1	2001	0.0833370821459	20001	1	20001	0.105852300977	100001	1	100001
CHO_BM_DHIMAN_013	DHIMAN2020_L013	positive	Tier 2	1	GCF_003668045.3	NC_048604.1	59574984	59627432	52449	mapped_interval	high	DHIMAN2020	59601208	ERR868171	PRJEB9291	PRJEB9291:210_hours	H3K27ac	narrow	ERR868171	ERR868177	narrowPeak	96295	0.6091649518451868	0.038738859071023334	15.724906888154644	6.25524	1	4	1072	0.020438902552956204	0	17627	0	0	0	0	0.0	0	0	0	0.0	4	1	1072	0.01071989280107199	0.02819181033	52449	1	52449	0.0176572963518	2001	1	2001	0.010245840208	20001	1	20001	0.0204283367166	100001	1	100001
CHO_BM_GAIDUKOV_009	mLP8	positive	Tier 2	1	GCF_003668045.3	NW_023276806.1	48454524	48454524	1	point_coordinate	high	GAIDUKOV2018	48454524	ERR868171	PRJEB9291	PRJEB9291:210_hours	H3K27ac	narrow	ERR868171	ERR868177	narrowPeak	96295	0.6091649518451868	0.038738859071023334	15.724906888154644	6.25524	0	0	0	0.0	0	14526	14526	0	0	0	0.0	0	0	0	0.0	10	1	11886	0.11885881141188588	0.22795	1	1	1	0.130801204398	2001	1	2001	0.0977882250887	20001	1	20001	0.195929446406	100001	1	100001
CHO_BM_GAIDUKOV_011	mLP10	positive	Tier 2	1	GCF_003668045.3	NW_023276806.1	67810067	67810067	1	point_coordinate	high	GAIDUKOV2018	67810067	ERR868171	PRJEB9291	PRJEB9291:210_hours	H3K27ac	narrow	ERR868171	ERR868177	narrowPeak	96295	0.6091649518451868	0.038738859071023334	15.724906888154644	6.25524	0	0	0	0.0	0	35146	35146	0	0	0	0.0	0	0	0	0.0	1	1	231	0.002309976900230998	0	1	1	1	0.017907916042	2001	1	2001	0.0190784610769	20001	1	20001	0.0196878707213	100001	1	100001
CHO_BM_GAIDUKOV_001	sLP1-1	positive	Tier 2	1	GCF_003668045.3	NW_023276806.1	81776324	81776324	1	point_coordinate	high	GAIDUKOV2018	81776324	ERR868171	PRJEB9291	PRJEB9291:210_hours	H3K27ac	narrow	ERR868171	ERR868177	narrowPeak	96295	0.6091649518451868	0.038738859071023334	15.724906888154644	6.25524	0	0	0	0.0	0	78223	78223	0	0	0	0.0	0	0	0	0.0	0	0	0	0.0	0	1	1	1	0.0176572963518	2001	1	2001	0.010245840208	20001	1	20001	0.0158724659753	100001	1	100001
CHO_BM_GAIDUKOV_013	mLP12	positive	Tier 2	1	GCF_003668045.3	NW_023276806.1	163338145	163338145	1	point_coordinate	high	GAIDUKOV2018	163338145	ERR868171	PRJEB9291	PRJEB9291:210_hours	H3K27ac	narrow	ERR868171	ERR868177	narrowPeak	96295	0.6091649518451868	0.038738859071023334	15.724906888154644	6.25524	0	0	0	0.0	0	2716	2716	0	0	0	0.0	6	1	4873	0.24363781810909454	13	1	18425	0.18424815751842483	0	1	1	1	0.0833656671664	2001	1	2001	0.30249959802	20001	1	20001	0.280203078869	100001	1	100001
CHO_BM_DHIMAN_003	DHIMAN2020_L003	support_only	Tier 2	2	GCF_003668045.3	NW_023276806.1	241273133	241273133	1	point_coordinate	high	DHIMAN2020	241273133	ERR868171	PRJEB9291	PRJEB9291:210_hours	H3K27ac	narrow	ERR868171	ERR868177	narrowPeak	96295	0.6091649518451868	0.038738859071023334	15.724906888154644	6.25524	0	0	0	0.0	0	190329	190329	0	0	0	0.0	0	0	0	0.0	0	0	0	0.0	0	1	1	1	0.0141258370815	2001	1	2001	0.00635948702565	20001	1	20001	0.00866885221148	100001	1	100001
CHO_BM_CHI_001	Hipp11/H11	positive	Tier 2	1	GCF_003668045.3	NW_023276807.1	101678097	101678098	2	interbase_cut_boundary	high	CHI2019	101678097	ERR868171	PRJEB9291	PRJEB9291:210_hours	H3K27ac	narrow	ERR868171	ERR868177	narrowPeak	96295	0.6091649518451868	0.038738859071023334	15.724906888154644	6.25524	0	0	0	0.0	0	22674	22674	0	0	0	0.0	0	0	0	0.0	6	1	6555	0.06554934450655493	0.04559	2	1	2	0.082112123938	2001	1	2001	0.0522732013399	20001	1	20001	0.154707233828	100001	1	100001
CHO_BM_GAIDUKOV_010	mLP9	positive	Tier 2	1	GCF_003668045.3	NW_023276807.1	132016117	132016117	1	point_coordinate	high	GAIDUKOV2018	132016117	ERR868171	PRJEB9291	PRJEB9291:210_hours	H3K27ac	narrow	ERR868171	ERR868177	narrowPeak	96295	0.6091649518451868	0.038738859071023334	15.724906888154644	6.25524	0	0	0	0.0	0	16181	16181	0	0	0	0.0	0	0	0	0.0	5	1	3452	0.03451965480345197	0	1	1	1	0.0215305097451	2001	1	2001	0.0349612229389	20001	1	20001	0.0774875097249	100001	1	100001
CHO_BM_DHIMAN_001	DHIMAN2020_L001	negative	Tier 2	1	GCF_003668045.3	NW_023276807.1	138183203	138205865	22663	mapped_interval	high	DHIMAN2020	138194534	ERR868171	PRJEB9291	PRJEB9291:210_hours	H3K27ac	narrow	ERR868171	ERR868177	narrowPeak	96295	0.6091649518451868	0.038738859071023334	15.724906888154644	6.25524	0	0	0	0.0	0	51194	39863	0	0	0	0.0	0	0	0	0.0	0	0	0	0.0	0.0192293522482	22663	1	22663	0.00904509245377	2001	1	2001	0.0208449852507	20001	1	20001	0.0147687328127	100001	1	100001
CHO_BM_GAIDUKOV_019	mLP18	positive	Tier 2	1	GCF_003668045.3	NW_023276807.1	150040083	150040083	1	point_coordinate	high	GAIDUKOV2018	150040083	ERR868171	PRJEB9291	PRJEB9291:210_hours	H3K27ac	narrow	ERR868171	ERR868177	narrowPeak	96295	0.6091649518451868	0.038738859071023334	15.724906888154644	6.25524	0	0	0	0.0	0	148559	148559	0	0	0	0.0	0	0	0	0.0	0	0	0	0.0	0	1	1	1	0.0215077261369	2001	1	2001	0.0152490925454	20001	1	20001	0.0144154300457	100001	1	100001
CHO_BM_DHIMAN_002	DHIMAN2020_L002	negative	Tier 2	1	GCF_003668045.3	NW_023276807.1	264596547	264623008	26462	mapped_interval	high	DHIMAN2020	264609777	ERR868171	PRJEB9291	PRJEB9291:210_hours	H3K27ac	narrow	ERR868171	ERR868177	narrowPeak	96295	0.6091649518451868	0.038738859071023334	15.724906888154644	6.25524	0	0	0	0.0	0	68737	55507	0	0	0	0.0	0	0	0	0.0	0	0	0	0.0	0.0128179880583	26462	1	26462	0.0141258370815	2001	1	2001	0.0134255837208	20001	1	20001	0.0140206170938	100001	1	100001
CHO_BM_DHIMAN_005	DHIMAN2020_L005	negative	Tier 2	1	GCF_003668045.3	NC_048595.1	257621823	257621823	1	point_coordinate	high	DHIMAN2020	257621823	ERR868172	PRJEB9291	PRJEB9291:210_hours	H3K27me3	broad	ERR868172	ERR868177	broadPeak	156550	0.20661646078417265	0.03994772558827475	5.172170824283865	3.11022	0	0	0	0.0	0	6537	6537	0	0	0	0.0	4	1	1000	0.04999750012499375	8	1	4135	0.04134958650413496	0	1	1	1	0.0167737331334	2001	1	2001	0.0740833778311	20001	1	20001	0.0692089479105	100001	1	100001
CHO_BM_GAIDUKOV_002	sLP1-2	positive	Tier 2	1	GCF_003668045.3	NC_048595.1	299949073	299949073	1	point_coordinate	high	GAIDUKOV2018	299949073	ERR868172	PRJEB9291	PRJEB9291:210_hours	H3K27me3	broad	ERR868172	ERR868177	broadPeak	156550	0.20661646078417265	0.03994772558827475	5.172170824283865	3.11022	0	0	0	0.0	0	72129	72129	0	0	0	0.0	0	0	0	0.0	0	0	0	0.0	0	1	1	1	0.0365127436282	2001	1	2001	0.0261416049198	20001	1	20001	0.0364318912811	100001	1	100001
CHO_BM_DHIMAN_004	DHIMAN2020_L004	positive	Tier 2	2	GCF_003668045.3	NC_048595.1	408642588	408642597	10	mapped_interval	high	DHIMAN2020	408642592	ERR868172	PRJEB9291	PRJEB9291:210_hours	H3K27me3	broad	ERR868172	ERR868177	broadPeak	156550	0.20661646078417265	0.03994772558827475	5.172170824283865	3.11022	0	0	0	0.0	0	272952	272947	0	0	0	0.0	0	0	0	0.0	0	0	0	0.0	0.04428	10	1	10	0.0296306446777	2001	1	2001	0.0313376031198	20001	1	20001	0.0327668723313	100001	1	100001
CHO_BM_DHIMAN_006	DHIMAN2020_L006	support_only	Tier 2	2	GCF_003668045.3	NC_048596.1	236735321	236735321	1	point_coordinate	high	DHIMAN2020	236735321	ERR868172	PRJEB9291	PRJEB9291:210_hours	H3K27me3	broad	ERR868172	ERR868177	broadPeak	156550	0.20661646078417265	0.03994772558827475	5.172170824283865	3.11022	0	0	0	0.0	0	73185	73185	0	0	0	0.0	0	0	0	0.0	0	0	0	0.0	0	1	1	1	0.0191857871064	2001	1	2001	0.0139475026249	20001	1	20001	0.0166712532875	100001	1	100001
CHO_BM_GAIDUKOV_016	mLP15	positive	Tier 2	1	GCF_003668045.3	NC_048596.1	246185831	246185831	1	point_coordinate	high	GAIDUKOV2018	246185831	ERR868172	PRJEB9291	PRJEB9291:210_hours	H3K27me3	broad	ERR868172	ERR868177	broadPeak	156550	0.20661646078417265	0.03994772558827475	5.172170824283865	3.11022	0	0	0	0.0	0	38721	38721	0	0	0	0.0	0	0	0	0.0	7	1	3347	0.03346966530334697	0	1	1	1	0.00663868065967	2001	1	2001	0.0255084325784	20001	1	20001	0.0711359942401	100001	1	100001
CHO_BM_ZHAO_003	GRIK1	support_only	Tier 2	4	GCF_003668045.3	NC_048597.1	9449577	9449578	2	interbase_cut_boundary	high	ZHAO2018	9449577	ERR868172	PRJEB9291	PRJEB9291:210_hours	H3K27me3	broad	ERR868172	ERR868177	broadPeak	156550	0.20661646078417265	0.03994772558827475	5.172170824283865	3.11022	0	0	0	0.0	0	9778	9778	0	0	0	0.0	1	1	223	0.011149442527873607	7	1	1440	0.014399856001439986	0.13284	2	1	2	0.104249415292	2001	1	2001	0.095617879106	20001	1	20001	0.0953471705283	100001	1	100001
CHO_BM_DHIMAN_007	DHIMAN2020_L007	positive	Tier 2	1	GCF_003668045.3	NC_048597.1	21959978	21959978	1	point_coordinate	high	DHIMAN2020	21959978	ERR868172	PRJEB9291	PRJEB9291:210_hours	H3K27me3	broad	ERR868172	ERR868177	broadPeak	156550	0.20661646078417265	0.03994772558827475	5.172170824283865	3.11022	0	0	0	0.0	0	2166212	2166212	0	0	0	0.0	0	0	0	0.0	0	0	0	0.0	0	1	1	1	0.0398542128936	2001	1	2001	0.039185840708	20001	1	20001	0.0326017095829	100001	1	100001
CHO_BM_DHIMAN_008	DHIMAN2020_L008	positive	Tier 2	1	GCF_003668045.3	NC_048597.1	73524836	73524858	23	mapped_interval	high	DHIMAN2020	73524847	ERR868172	PRJEB9291	PRJEB9291:210_hours	H3K27me3	broad	ERR868172	ERR868177	broadPeak	156550	0.20661646078417265	0.03994772558827475	5.172170824283865	3.11022	0	0	0	0.0	0	129906	129895	0	0	0	0.0	0	0	0	0.0	0	0	0	0.0	0	23	1	23	0.00995802098951	2001	1	2001	0.0189221118944	20001	1	20001	0.0232773204268	100001	1	100001
CHO_BM_GAIDUKOV_015	mLP14	positive	Tier 2	1	GCF_003668045.3	NC_048597.1	105106891	105106891	1	point_coordinate	high	GAIDUKOV2018	105106891	ERR868172	PRJEB9291	PRJEB9291:210_hours	H3K27me3	broad	ERR868172	ERR868177	broadPeak	156550	0.20661646078417265	0.03994772558827475	5.172170824283865	3.11022	0	0	0	0.0	0	41744	41744	0	0	0	0.0	0	0	0	0.0	3	1	1532	0.015319846801531985	0	1	1	1	0.00984737631184	2001	1	2001	0.0102945852707	20001	1	20001	0.0320181050189	100001	1	100001
CHO_BM_DHIMAN_009	DHIMAN2020_L009	positive	Tier 2	1	GCF_003668045.3	NC_048597.1	169164042	169164066	25	mapped_interval	high	DHIMAN2020	169164054	ERR868172	PRJEB9291	PRJEB9291:210_hours	H3K27me3	broad	ERR868172	ERR868177	broadPeak	156550	0.20661646078417265	0.03994772558827475	5.172170824283865	3.11022	0	0	0	0.0	0	23258	23246	0	0	0	0.0	0	0	0	0.0	10	1	16019	0.16018839811601884	0	25	1	25	0.019916041979	2001	1	2001	0.0193449647518	20001	1	20001	0.137452120279	100001	1	100001
CHO_BM_GAIDUKOV_017	mLP16	positive	Tier 2	1	GCF_003668045.3	NC_048597.1	175544362	175544362	1	point_coordinate	high	GAIDUKOV2018	175544362	ERR868172	PRJEB9291	PRJEB9291:210_hours	H3K27me3	broad	ERR868172	ERR868177	broadPeak	156550	0.20661646078417265	0.03994772558827475	5.172170824283865	3.11022	0	0	0	0.0	0	7549	7549	0	0	0	0.0	1	1	268	0.013399330033498325	9	1	2676	0.026759732402675974	0.04428	1	1	1	0.0261342728636	2001	1	2001	0.0438350082496	20001	1	20001	0.0686226865731	100001	1	100001
CHO_BM_GAIDUKOV_005	mLP4	positive	Tier 2	1	GCF_003668045.3	NC_048597.1	186989799	186989799	1	point_coordinate	high	GAIDUKOV2018	186989799	ERR868172	PRJEB9291	PRJEB9291:210_hours	H3K27me3	broad	ERR868172	ERR868177	broadPeak	156550	0.20661646078417265	0.03994772558827475	5.172170824283865	3.11022	0	0	0	0.0	0	21720	21720	0	0	0	0.0	0	0	0	0.0	4	1	916	0.009159908400915991	0	1	1	1	0.0165967016492	2001	1	2001	0.031375239238	20001	1	20001	0.0473113784862	100001	1	100001
CHO_BM_GAIDUKOV_014	mLP13	positive	Tier 2	1	GCF_003668045.3	NC_048598.1	113820843	113820843	1	point_coordinate	high	GAIDUKOV2018	113820843	ERR868172	PRJEB9291	PRJEB9291:210_hours	H3K27me3	broad	ERR868172	ERR868177	broadPeak	156550	0.20661646078417265	0.03994772558827475	5.172170824283865	3.11022	0	0	0	0.0	0	27148	27148	0	0	0	0.0	0	0	0	0.0	2	1	580	0.005799942000579994	0	1	1	1	0.0211552623688	2001	1	2001	0.0175007949603	20001	1	20001	0.047755502445	100001	1	100001
CHO_BM_GAIDUKOV_018	mLP17	positive	Tier 2	1	GCF_003668045.3	NC_048598.1	152539694	152539694	1	point_coordinate	high	GAIDUKOV2018	152539694	ERR868172	PRJEB9291	PRJEB9291:210_hours	H3K27me3	broad	ERR868172	ERR868177	broadPeak	156550	0.20661646078417265	0.03994772558827475	5.172170824283865	3.11022	0	0	0	0.0	0	420571	420571	0	0	0	0.0	0	0	0	0.0	0	0	0	0.0	0.04428	1	1	1	0.0431514242879	2001	1	2001	0.0386766461677	20001	1	20001	0.0370637605624	100001	1	100001
CHO_BM_GAIDUKOV_003	mLP2	positive	Tier 2	1	GCF_003668045.3	NC_048598.1	158460979	158460979	1	point_coordinate	high	GAIDUKOV2018	158460979	ERR868172	PRJEB9291	PRJEB9291:210_hours	H3K27me3	broad	ERR868172	ERR868177	broadPeak	156550	0.20661646078417265	0.03994772558827475	5.172170824283865	3.11022	0	0	0	0.0	0	669497	669497	0	0	0	0.0	0	0	0	0.0	0	0	0	0.0	0	1	1	1	0.0680464767616	2001	1	2001	0.0488118314084	20001	1	20001	0.0476089371106	100001	1	100001
CHO_BM_DHIMAN_010	DHIMAN2020_L010	negative	Tier 2	1	GCF_003668045.3	NC_048599.1	7684596	7781386	96791	mapped_interval	high	DHIMAN2020	7732991	ERR868172	PRJEB9291	PRJEB9291:210_hours	H3K27me3	broad	ERR868172	ERR868177	broadPeak	156550	0.20661646078417265	0.03994772558827475	5.172170824283865	3.11022	0	0	0	0.0	0	215667	167272	0	0	0	0.0	0	0	0	0.0	0	0	0	0.0	0.085201635276	96791	1	96791	0.100775172414	2001	1	2001	0.0870302024899	20001	1	20001	0.0852824271757	100001	1	100001
CHO_BM_GAIDUKOV_007	mLP6	positive	Tier 2	1	GCF_003668045.3	NC_048599.1	45758703	45758703	1	point_coordinate	high	GAIDUKOV2018	45758703	ERR868172	PRJEB9291	PRJEB9291:210_hours	H3K27me3	broad	ERR868172	ERR868177	broadPeak	156550	0.20661646078417265	0.03994772558827475	5.172170824283865	3.11022	0	0	0	0.0	0	12071	12071	0	0	0	0.0	0	0	0	0.0	26	1	14210	0.14209857901420986	0	1	1	1	0.0117504647676	2001	1	2001	0.027106860657	20001	1	20001	0.0874636381636	100001	1	100001
CHO_BM_GAIDUKOV_008	mLP7	positive	Tier 2	1	GCF_003668045.3	NC_048599.1	109879626	109879626	1	point_coordinate	high	GAIDUKOV2018	109879626	ERR868172	PRJEB9291	PRJEB9291:210_hours	H3K27me3	broad	ERR868172	ERR868177	broadPeak	156550	0.20661646078417265	0.03994772558827475	5.172170824283865	3.11022	0	0	0	0.0	0	1823985	1823985	0	0	0	0.0	0	0	0	0.0	0	0	0	0.0	0.08856	1	1	1	0.019916041979	2001	1	2001	0.0179325033748	20001	1	20001	0.0232866191338	100001	1	100001
CHO_BM_HERTEL_003	Site-C	positive	Tier 2	1	GCF_003668045.3	NC_048600.1	91189327	91189365	39	paired_nick_interval	high	HERTEL2022	91189346	ERR868172	PRJEB9291	PRJEB9291:210_hours	H3K27me3	broad	ERR868172	ERR868177	broadPeak	156550	0.20661646078417265	0.03994772558827475	5.172170824283865	3.11022	0	0	0	0.0	0	37792	37773	0	0	0	0.0	0	0	0	0.0	7	1	3446	0.03445965540344596	0	39	1	39	0.00331934032984	2001	1	2001	0.0241601739913	20001	1	20001	0.0679292603074	100001	1	100001
CHO_BM_ZHAO_001	C12orf35	positive	Tier 2	4	GCF_003668045.3	NC_048601.1	371365	371366	2	interbase_cut_boundary	high	ZHAO2018	371365	ERR868172	PRJEB9291	PRJEB9291:210_hours	H3K27me3	broad	ERR868172	ERR868177	broadPeak	156550	0.20661646078417265	0.03994772558827475	5.172170824283865	3.11022	0	0	0	0.0	0	317585	317585	0	0	0	0.0	0	0	0	0.0	0	0	0	0.0	0.04428	2	1	2	0.0267981409295	2001	1	2001	0.0195464286786	20001	1	20001	0.028161798382	100001	1	100001
CHO_BM_DHIMAN_011	DHIMAN2020_L011	support_only	Tier 2	2	GCF_003668045.3	NC_048601.1	1900502	1900502	1	point_coordinate	high	DHIMAN2020	1900502	ERR868172	PRJEB9291	PRJEB9291:210_hours	H3K27me3	broad	ERR868172	ERR868177	broadPeak	156550	0.20661646078417265	0.03994772558827475	5.172170824283865	3.11022	0	0	0	0.0	0	6015	6015	0	0	0	0.0	2	1	430	0.021498925053747314	12	1	4460	0.04459955400445995	0.04428	1	1	1	0.181590044978	2001	1	2001	0.195694531273	20001	1	20001	0.186066684533	100001	1	100001
CHO_BM_GAIDUKOV_021	sLP20	positive	Tier 2	1	GCF_003668045.3	NC_048601.1	31728512	31728512	1	point_coordinate	high	GAIDUKOV2018	31728512	ERR868172	PRJEB9291	PRJEB9291:210_hours	H3K27me3	broad	ERR868172	ERR868177	broadPeak	156550	0.20661646078417265	0.03994772558827475	5.172170824283865	3.11022	0	0	0	0.0	0	42743	42743	0	0	0	0.0	0	0	0	0.0	4	1	1807	0.018069819301806983	0.04428	1	1	1	0.0332155322339	2001	1	2001	0.0153821028949	20001	1	20001	0.0296239093609	100001	1	100001
CHO_BM_HERTEL_001	Site-A	positive	Tier 2	1	GCF_003668045.3	NC_048603.1	21429466	21429529	64	paired_nick_interval	high	HERTEL2022	21429497	ERR868172	PRJEB9291	PRJEB9291:210_hours	H3K27me3	broad	ERR868172	ERR868177	broadPeak	156550	0.20661646078417265	0.03994772558827475	5.172170824283865	3.11022	0	0	0	0.0	0	9149	9118	0	0	0	0.0	1	1	350	0.01749912504374781	26	1	14277	0.14276857231427686	0.014529375	64	1	64	0.033967916042	2001	1	2001	0.0744951612419	20001	1	20001	0.162447074929	100001	1	100001
CHO_BM_DHIMAN_012	DHIMAN2020_L012	positive	Tier 2	1	GCF_003668045.3	NC_048603.1	26280751	26280867	117	mapped_interval	high	DHIMAN2020	26280809	ERR868172	PRJEB9291	PRJEB9291:210_hours	H3K27me3	broad	ERR868172	ERR868177	broadPeak	156550	0.20661646078417265	0.03994772558827475	5.172170824283865	3.11022	0	0	0	0.0	0	19872	19814	0	0	0	0.0	0	0	0	0.0	4	1	940	0.00939990600093999	0.119215384615	117	1	117	0.126245577211	2001	1	2001	0.178992950352	20001	1	20001	0.185950672093	100001	1	100001
CHO_BM_HERTEL_002	Site-B	support_only	Tier 2	1	GCF_003668045.3	NC_048603.1	28646724	28646778	55	paired_nick_interval	high	HERTEL2022	28646751	ERR868172	PRJEB9291	PRJEB9291:210_hours	H3K27me3	broad	ERR868172	ERR868177	broadPeak	156550	0.20661646078417265	0.03994772558827475	5.172170824283865	3.11022	0	0	0	0.0	0	94904	94877	0	0	0	0.0	0	0	0	0.0	0	0	0	0.0	0.0249578181818	55	1	55	0.0379511244378	2001	1	2001	0.031215839208	20001	1	20001	0.0294901850981	100001	1	100001
CHO_BM_ZHAO_002	HPRT	support_only	Tier 2	4	GCF_003668045.3	NC_048604.1	17024143	17024144	2	interbase_cut_boundary	high	ZHAO2018	17024143	ERR868172	PRJEB9291	PRJEB9291:210_hours	H3K27me3	broad	ERR868172	ERR868177	broadPeak	156550	0.20661646078417265	0.03994772558827475	5.172170824283865	3.11022	0	0	0	0.0	0	488002	488002	0	0	0	0.0	0	0	0	0.0	0	0	0	0.0	0	2	1	2	0.00331934032984	2001	1	2001	0.00265666716664	20001	1	20001	0.00969722302777	100001	1	100001
CHO_BM_DHIMAN_013	DHIMAN2020_L013	positive	Tier 2	1	GCF_003668045.3	NC_048604.1	59574984	59627432	52449	mapped_interval	high	DHIMAN2020	59601208	ERR868172	PRJEB9291	PRJEB9291:210_hours	H3K27me3	broad	ERR868172	ERR868177	broadPeak	156550	0.20661646078417265	0.03994772558827475	5.172170824283865	3.11022	0	0	0	0.0	0	3682204	3655980	0	0	0	0.0	0	0	0	0.0	0	0	0	0.0	0.0076826631585	52449	1	52449	0	2001	1	2001	0.00708444577771	20001	1	20001	0.0106270937291	100001	1	100001
CHO_BM_GAIDUKOV_009	mLP8	positive	Tier 2	1	GCF_003668045.3	NW_023276806.1	48454524	48454524	1	point_coordinate	high	GAIDUKOV2018	48454524	ERR868172	PRJEB9291	PRJEB9291:210_hours	H3K27me3	broad	ERR868172	ERR868177	broadPeak	156550	0.20661646078417265	0.03994772558827475	5.172170824283865	3.11022	0	0	0	0.0	0	51236	51236	0	0	0	0.0	0	0	0	0.0	0	0	0	0.0	0.04428	1	1	1	0.00331934032984	2001	1	2001	0.00996250187491	20001	1	20001	0.0170153054469	100001	1	100001
CHO_BM_GAIDUKOV_011	mLP10	positive	Tier 2	1	GCF_003668045.3	NW_023276806.1	67810067	67810067	1	point_coordinate	high	GAIDUKOV2018	67810067	ERR868172	PRJEB9291	PRJEB9291:210_hours	H3K27me3	broad	ERR868172	ERR868177	broadPeak	156550	0.20661646078417265	0.03994772558827475	5.172170824283865	3.11022	0	0	0	0.0	0	310768	310768	0	0	0	0.0	0	0	0	0.0	0	0	0	0.0	0	1	1	1	0.0336581109445	2001	1	2001	0.0245741712914	20001	1	20001	0.0251804557954	100001	1	100001
CHO_BM_GAIDUKOV_001	sLP1-1	positive	Tier 2	1	GCF_003668045.3	NW_023276806.1	81776324	81776324	1	point_coordinate	high	GAIDUKOV2018	81776324	ERR868172	PRJEB9291	PRJEB9291:210_hours	H3K27me3	broad	ERR868172	ERR868177	broadPeak	156550	0.20661646078417265	0.03994772558827475	5.172170824283865	3.11022	0	0	0	0.0	0	1422503	1422503	0	0	0	0.0	0	0	0	0.0	0	0	0	0.0	0	1	1	1	0.0291216791604	2001	1	2001	0.0304166251687	20001	1	20001	0.028880898391	100001	1	100001
CHO_BM_GAIDUKOV_013	mLP12	positive	Tier 2	1	GCF_003668045.3	NW_023276806.1	163338145	163338145	1	point_coordinate	high	GAIDUKOV2018	163338145	ERR868172	PRJEB9291	PRJEB9291:210_hours	H3K27me3	broad	ERR868172	ERR868177	broadPeak	156550	0.20661646078417265	0.03994772558827475	5.172170824283865	3.11022	0	0	0	0.0	0	275343	275343	0	0	0	0.0	0	0	0	0.0	0	0	0	0.0	0	1	1	1	0.0192964317841	2001	1	2001	0.0222495875206	20001	1	20001	0.026379103409	100001	1	100001
CHO_BM_DHIMAN_003	DHIMAN2020_L003	support_only	Tier 2	2	GCF_003668045.3	NW_023276806.1	241273133	241273133	1	point_coordinate	high	DHIMAN2020	241273133	ERR868172	PRJEB9291	PRJEB9291:210_hours	H3K27me3	broad	ERR868172	ERR868177	broadPeak	156550	0.20661646078417265	0.03994772558827475	5.172170824283865	3.11022	0	0	0	0.0	0	419	419	1	1	318	0.15892053973013492	1	1	318	0.015899205039748013	1	1	318	0.003179968200317997	0	1	1	1	0.0853291754123	2001	1	2001	0.0631489785511	20001	1	20001	0.0667009537905	100001	1	100001
CHO_BM_CHI_001	Hipp11/H11	positive	Tier 2	1	GCF_003668045.3	NW_023276807.1	101678097	101678098	2	interbase_cut_boundary	high	CHI2019	101678097	ERR868172	PRJEB9291	PRJEB9291:210_hours	H3K27me3	broad	ERR868172	ERR868177	broadPeak	156550	0.20661646078417265	0.03994772558827475	5.172170824283865	3.11022	0	0	0	0.0	0	34877	34877	0	0	0	0.0	0	0	0	0.0	2	1	860	0.008599914000859991	0	2	1	2	0.00663868065967	2001	1	2001	0.0107462186891	20001	1	20001	0.0333442777572	100001	1	100001
CHO_BM_GAIDUKOV_010	mLP9	positive	Tier 2	1	GCF_003668045.3	NW_023276807.1	132016117	132016117	1	point_coordinate	high	GAIDUKOV2018	132016117	ERR868172	PRJEB9291	PRJEB9291:210_hours	H3K27me3	broad	ERR868172	ERR868177	broadPeak	156550	0.20661646078417265	0.03994772558827475	5.172170824283865	3.11022	0	0	0	0.0	0	43252	43252	0	0	0	0.0	0	0	0	0.0	2	1	402	0.004019959800401996	0	1	1	1	0.00663868065967	2001	1	2001	0.016057339133	20001	1	20001	0.0373444929551	100001	1	100001
CHO_BM_DHIMAN_001	DHIMAN2020_L001	negative	Tier 2	1	GCF_003668045.3	NW_023276807.1	138183203	138205865	22663	mapped_interval	high	DHIMAN2020	138194534	ERR868172	PRJEB9291	PRJEB9291:210_hours	H3K27me3	broad	ERR868172	ERR868177	broadPeak	156550	0.20661646078417265	0.03994772558827475	5.172170824283865	3.11022	0	0	0	0.0	0	772672	761341	0	0	0	0.0	0	0	0	0.0	0	0	0	0.0	0.0266699907338	22663	1	22663	0.0303608995502	2001	1	2001	0.0275230718464	20001	1	20001	0.0302836747633	100001	1	100001
CHO_BM_GAIDUKOV_019	mLP18	positive	Tier 2	1	GCF_003668045.3	NW_023276807.1	150040083	150040083	1	point_coordinate	high	GAIDUKOV2018	150040083	ERR868172	PRJEB9291	PRJEB9291:210_hours	H3K27me3	broad	ERR868172	ERR868177	broadPeak	156550	0.20661646078417265	0.03994772558827475	5.172170824283865	3.11022	0	0	0	0.0	0	1388692	1388692	0	0	0	0.0	0	0	0	0.0	0	0	0	0.0	0.04428	1	1	1	0.0406729835082	2001	1	2001	0.0255704214789	20001	1	20001	0.028493895061	100001	1	100001
CHO_BM_DHIMAN_002	DHIMAN2020_L002	negative	Tier 2	1	GCF_003668045.3	NW_023276807.1	264596547	264623008	26462	mapped_interval	high	DHIMAN2020	264609777	ERR868172	PRJEB9291	PRJEB9291:210_hours	H3K27me3	broad	ERR868172	ERR868177	broadPeak	156550	0.20661646078417265	0.03994772558827475	5.172170824283865	3.11022	0	0	0	0.0	0	553748	540517	0	0	0	0.0	0	0	0	0.0	0	0	0	0.0	0.02998630489	26462	1	26462	0.0232353823088	2001	1	2001	0.0322408699565	20001	1	20001	0.0189295107049	100001	1	100001
CHO_BM_DHIMAN_005	DHIMAN2020_L005	negative	Tier 2	1	GCF_003668045.3	NC_048595.1	257621823	257621823	1	point_coordinate	high	DHIMAN2020	257621823	ERR868173	PRJEB9291	PRJEB9291:210_hours	H3K36me3	broad	ERR868173	ERR868177	broadPeak	83402	0.7769038147395612	0.08922885320655045	8.706867642254167	3.020625	0	0	0	0.0	0	29334	29334	0	0	0	0.0	0	0	0	0.0	6	1	6164	0.06163938360616394	0	1	1	1	0.0185315042479	2001	1	2001	0.022247560122	20001	1	20001	0.0592955789442	100001	1	100001
CHO_BM_GAIDUKOV_002	sLP1-2	positive	Tier 2	1	GCF_003668045.3	NC_048595.1	299949073	299949073	1	point_coordinate	high	GAIDUKOV2018	299949073	ERR868173	PRJEB9291	PRJEB9291:210_hours	H3K36me3	broad	ERR868173	ERR868177	broadPeak	83402	0.7769038147395612	0.08922885320655045	8.706867642254167	3.020625	0	0	0	0.0	0	790374	790374	0	0	0	0.0	0	0	0	0.0	0	0	0	0.0	0	1	1	1	0.0105133283358	2001	1	2001	0.0138162031898	20001	1	20001	0.0143127370726	100001	1	100001
CHO_BM_DHIMAN_004	DHIMAN2020_L004	positive	Tier 2	2	GCF_003668045.3	NC_048595.1	408642588	408642597	10	mapped_interval	high	DHIMAN2020	408642592	ERR868173	PRJEB9291	PRJEB9291:210_hours	H3K36me3	broad	ERR868173	ERR868177	broadPeak	83402	0.7769038147395612	0.08922885320655045	8.706867642254167	3.020625	0	0	0	0.0	0	155318	155313	0	0	0	0.0	0	0	0	0.0	0	0	0	0.0	0	10	1	10	0.0037059970015	2001	1	2001	0.00222459877006	20001	1	20001	0.00482019739803	100001	1	100001
CHO_BM_DHIMAN_006	DHIMAN2020_L006	support_only	Tier 2	2	GCF_003668045.3	NC_048596.1	236735321	236735321	1	point_coordinate	high	DHIMAN2020	236735321	ERR868173	PRJEB9291	PRJEB9291:210_hours	H3K36me3	broad	ERR868173	ERR868177	broadPeak	83402	0.7769038147395612	0.08922885320655045	8.706867642254167	3.020625	1	1	1	1.0	1	0	0	1	1	2001	1.0	1	1	20001	1.0	14	1	58980	0.5897941020589794	1.05392	1	1	1	1.34370582209	2001	1	2001	1.35592978501	20001	1	20001	0.675026348237	100001	1	100001
CHO_BM_GAIDUKOV_016	mLP15	positive	Tier 2	1	GCF_003668045.3	NC_048596.1	246185831	246185831	1	point_coordinate	high	GAIDUKOV2018	246185831	ERR868173	PRJEB9291	PRJEB9291:210_hours	H3K36me3	broad	ERR868173	ERR868177	broadPeak	83402	0.7769038147395612	0.08922885320655045	8.706867642254167	3.020625	1	1	1	1.0	1	0	0	2	1	1189	0.5942028985507246	6	1	13198	0.6598670066496675	8	1	14617	0.14616853831461685	0.23421	1	1	1	0.373137021489	2001	1	2001	0.418839508525	20001	1	20001	0.113952656773	100001	1	100001
CHO_BM_ZHAO_003	GRIK1	support_only	Tier 2	4	GCF_003668045.3	NC_048597.1	9449577	9449578	2	interbase_cut_boundary	high	ZHAO2018	9449577	ERR868173	PRJEB9291	PRJEB9291:210_hours	H3K36me3	broad	ERR868173	ERR868177	broadPeak	83402	0.7769038147395612	0.08922885320655045	8.706867642254167	3.020625	0	0	0	0.0	0	181908	181907	0	0	0	0.0	0	0	0	0.0	0	0	0	0.0	0	2	1	2	0.00741256871564	2001	1	2001	0.0100109049548	20001	1	20001	0.0129037191628	100001	1	100001
CHO_BM_DHIMAN_007	DHIMAN2020_L007	positive	Tier 2	1	GCF_003668045.3	NC_048597.1	21959978	21959978	1	point_coordinate	high	DHIMAN2020	21959978	ERR868173	PRJEB9291	PRJEB9291:210_hours	H3K36me3	broad	ERR868173	ERR868177	broadPeak	83402	0.7769038147395612	0.08922885320655045	8.706867642254167	3.020625	0	0	0	0.0	0	72870	72870	0	0	0	0.0	0	0	0	0.0	0	0	0	0.0	0.1171	1	1	1	0.0185309345327	2001	1	2001	0.0316992705365	20001	1	20001	0.0297487184128	100001	1	100001
CHO_BM_DHIMAN_008	DHIMAN2020_L008	positive	Tier 2	1	GCF_003668045.3	NC_048597.1	73524836	73524858	23	mapped_interval	high	DHIMAN2020	73524847	ERR868173	PRJEB9291	PRJEB9291:210_hours	H3K36me3	broad	ERR868173	ERR868177	broadPeak	83402	0.7769038147395612	0.08922885320655045	8.706867642254167	3.020625	0	0	0	0.0	0	4864	4853	0	0	0	0.0	5	1	2423	0.12114394280285985	11	1	6425	0.06424935750642494	0.1171	23	1	23	0.0770729435282	2001	1	2001	0.111217719614	20001	1	20001	0.081589204308	100001	1	100001
CHO_BM_GAIDUKOV_015	mLP14	positive	Tier 2	1	GCF_003668045.3	NC_048597.1	105106891	105106891	1	point_coordinate	high	GAIDUKOV2018	105106891	ERR868173	PRJEB9291	PRJEB9291:210_hours	H3K36me3	broad	ERR868173	ERR868177	broadPeak	83402	0.7769038147395612	0.08922885320655045	8.706867642254167	3.020625	1	1	1	1.0	1	0	0	1	1	2001	1.0	1	1	20001	1.0	10	1	54745	0.5474445255547444	0.78068	1	1	1	0.891622798601	2001	1	2001	1.023500007	20001	1	20001	0.54621797272	100001	1	100001
CHO_BM_DHIMAN_009	DHIMAN2020_L009	positive	Tier 2	1	GCF_003668045.3	NC_048597.1	169164042	169164066	25	mapped_interval	high	DHIMAN2020	169164054	ERR868173	PRJEB9291	PRJEB9291:210_hours	H3K36me3	broad	ERR868173	ERR868177	broadPeak	83402	0.7769038147395612	0.08922885320655045	8.706867642254167	3.020625	0	0	0	0.0	0	1177	1165	0	0	0	0.0	5	1	15050	0.7524623768811559	9	1	37027	0.37026629733702665	0.1545784	25	1	25	0.0906893853073	2001	1	2001	1.29081619319	20001	1	20001	0.614898485115	100001	1	100001
CHO_BM_GAIDUKOV_017	mLP16	positive	Tier 2	1	GCF_003668045.3	NC_048597.1	175544362	175544362	1	point_coordinate	high	GAIDUKOV2018	175544362	ERR868173	PRJEB9291	PRJEB9291:210_hours	H3K36me3	broad	ERR868173	ERR868177	broadPeak	83402	0.7769038147395612	0.08922885320655045	8.706867642254167	3.020625	1	1	1	1.0	1	0	0	1	1	1046	0.5227386306846576	8	1	4161	0.208039598020099	9	1	4438	0.04437955620443795	0.46841	1	1	1	0.254160524738	2001	1	2001	0.147738523074	20001	1	20001	0.057031500785	100001	1	100001
CHO_BM_GAIDUKOV_005	mLP4	positive	Tier 2	1	GCF_003668045.3	NC_048597.1	186989799	186989799	1	point_coordinate	high	GAIDUKOV2018	186989799	ERR868173	PRJEB9291	PRJEB9291:210_hours	H3K36me3	broad	ERR868173	ERR868177	broadPeak	83402	0.7769038147395612	0.08922885320655045	8.706867642254167	3.020625	0	0	0	0.0	0	105550	105550	0	0	0	0.0	0	0	0	0.0	0	0	0	0.0	0	1	1	1	0.00583206896552	2001	1	2001	0.0129773761312	20001	1	20001	0.0114947249528	100001	1	100001
CHO_BM_GAIDUKOV_014	mLP13	positive	Tier 2	1	GCF_003668045.3	NC_048598.1	113820843	113820843	1	point_coordinate	high	GAIDUKOV2018	113820843	ERR868173	PRJEB9291	PRJEB9291:210_hours	H3K36me3	broad	ERR868173	ERR868177	broadPeak	83402	0.7769038147395612	0.08922885320655045	8.706867642254167	3.020625	0	0	0	0.0	0	161979	161979	0	0	0	0.0	0	0	0	0.0	0	0	0	0.0	0.07807	1	1	1	0.0407688455772	2001	1	2001	0.0462073961302	20001	1	20001	0.0246505687943	100001	1	100001
CHO_BM_GAIDUKOV_018	mLP17	positive	Tier 2	1	GCF_003668045.3	NC_048598.1	152539694	152539694	1	point_coordinate	high	GAIDUKOV2018	152539694	ERR868173	PRJEB9291	PRJEB9291:210_hours	H3K36me3	broad	ERR868173	ERR868177	broadPeak	83402	0.7769038147395612	0.08922885320655045	8.706867642254167	3.020625	0	0	0	0.0	0	634004	634004	0	0	0	0.0	0	0	0	0.0	0	0	0	0.0	0	1	1	1	0	2001	1	2001	0.00852793060347	20001	1	20001	0.0117171234288	100001	1	100001
CHO_BM_GAIDUKOV_003	mLP2	positive	Tier 2	1	GCF_003668045.3	NC_048598.1	158460979	158460979	1	point_coordinate	high	GAIDUKOV2018	158460979	ERR868173	PRJEB9291	PRJEB9291:210_hours	H3K36me3	broad	ERR868173	ERR868177	broadPeak	83402	0.7769038147395612	0.08922885320655045	8.706867642254167	3.020625	0	0	0	0.0	0	911850	911850	0	0	0	0.0	0	0	0	0.0	0	0	0	0.0	0	1	1	1	0	2001	1	2001	0.00667393430328	20001	1	20001	0.00556183278167	100001	1	100001
CHO_BM_DHIMAN_010	DHIMAN2020_L010	negative	Tier 2	1	GCF_003668045.3	NC_048599.1	7684596	7781386	96791	mapped_interval	high	DHIMAN2020	7732991	ERR868173	PRJEB9291	PRJEB9291:210_hours	H3K36me3	broad	ERR868173	ERR868177	broadPeak	83402	0.7769038147395612	0.08922885320655045	8.706867642254167	3.020625	0	0	0	0.0	0	719506	671111	0	0	0	0.0	0	0	0	0.0	0	0	0	0.0	0.0105732683824	96791	1	96791	0	2001	1	2001	0.00815715414229	20001	1	20001	0.0106046701533	100001	1	100001
CHO_BM_GAIDUKOV_007	mLP6	positive	Tier 2	1	GCF_003668045.3	NC_048599.1	45758703	45758703	1	point_coordinate	high	GAIDUKOV2018	45758703	ERR868173	PRJEB9291	PRJEB9291:210_hours	H3K36me3	broad	ERR868173	ERR868177	broadPeak	83402	0.7769038147395612	0.08922885320655045	8.706867642254167	3.020625	1	1	1	1.0	1	0	0	1	1	2001	1.0	1	1	8137	0.40682965851707414	18	1	34818	0.34817651823481766	0.58551	1	1	1	1.14441805597	2001	1	2001	0.49060959102	20001	1	20001	0.244496603734	100001	1	100001
CHO_BM_GAIDUKOV_008	mLP7	positive	Tier 2	1	GCF_003668045.3	NC_048599.1	109879626	109879626	1	point_coordinate	high	GAIDUKOV2018	109879626	ERR868173	PRJEB9291	PRJEB9291:210_hours	H3K36me3	broad	ERR868173	ERR868177	broadPeak	83402	0.7769038147395612	0.08922885320655045	8.706867642254167	3.020625	0	0	0	0.0	0	5188	5188	0	0	0	0.0	2	1	505	0.025248737563121845	6	1	2112	0.021119788802111978	0.03903	1	1	1	0.0324777411294	2001	1	2001	0.0609224943753	20001	1	20001	0.0624765476345	100001	1	100001
CHO_BM_HERTEL_003	Site-C	positive	Tier 2	1	GCF_003668045.3	NC_048600.1	91189327	91189365	39	paired_nick_interval	high	HERTEL2022	91189346	ERR868173	PRJEB9291	PRJEB9291:210_hours	H3K36me3	broad	ERR868173	ERR868177	broadPeak	83402	0.7769038147395612	0.08922885320655045	8.706867642254167	3.020625	0	0	0	0.0	0	3075	3056	0	0	0	0.0	8	1	4375	0.21873906304684765	16	1	38206	0.38205617943820563	0	39	1	39	0.039949810095	2001	1	2001	0.239363179341	20001	1	20001	0.714648733413	100001	1	100001
CHO_BM_ZHAO_001	C12orf35	positive	Tier 2	4	GCF_003668045.3	NC_048601.1	371365	371366	2	interbase_cut_boundary	high	ZHAO2018	371365	ERR868173	PRJEB9291	PRJEB9291:210_hours	H3K36me3	broad	ERR868173	ERR868177	broadPeak	83402	0.7769038147395612	0.08922885320655045	8.706867642254167	3.020625	1	1	2	1.0	1	0	0	1	1	2001	1.0	4	1	17620	0.8809559522023899	4	1	23675	0.23674763252367476	1.87364	2	1	2	1.35593652174	2001	1	2001	0.580801900905	20001	1	20001	0.158488582814	100001	1	100001
CHO_BM_DHIMAN_011	DHIMAN2020_L011	support_only	Tier 2	2	GCF_003668045.3	NC_048601.1	1900502	1900502	1	point_coordinate	high	DHIMAN2020	1900502	ERR868173	PRJEB9291	PRJEB9291:210_hours	H3K36me3	broad	ERR868173	ERR868177	broadPeak	83402	0.7769038147395612	0.08922885320655045	8.706867642254167	3.020625	0	0	0	0.0	0	148062	148062	0	0	0	0.0	0	0	0	0.0	0	0	0	0.0	0	1	1	1	0.0306252573713	2001	1	2001	0.0200536548173	20001	1	20001	0.0214725819742	100001	1	100001
CHO_BM_GAIDUKOV_021	sLP20	positive	Tier 2	1	GCF_003668045.3	NC_048601.1	31728512	31728512	1	point_coordinate	high	GAIDUKOV2018	31728512	ERR868173	PRJEB9291	PRJEB9291:210_hours	H3K36me3	broad	ERR868173	ERR868177	broadPeak	83402	0.7769038147395612	0.08922885320655045	8.706867642254167	3.020625	0	0	0	0.0	0	4041	4041	0	0	0	0.0	3	1	5547	0.27733613319334033	10	1	42570	0.4256957430425696	0	1	1	1	0.0284015892054	2001	1	2001	0.275237161642	20001	1	20001	0.437782541075	100001	1	100001
CHO_BM_HERTEL_001	Site-A	positive	Tier 2	1	GCF_003668045.3	NC_048603.1	21429466	21429529	64	paired_nick_interval	high	HERTEL2022	21429497	ERR868173	PRJEB9291	PRJEB9291:210_hours	H3K36me3	broad	ERR868173	ERR868177	broadPeak	83402	0.7769038147395612	0.08922885320655045	8.706867642254167	3.020625	0	0	0	0.0	0	2626	2595	0	0	0	0.0	5	1	9739	0.4869256537173141	11	1	41691	0.4169058309416906	0.1061221875	64	1	64	0.0535858870565	2001	1	2001	0.618235818209	20001	1	20001	0.637100621994	100001	1	100001
CHO_BM_DHIMAN_012	DHIMAN2020_L012	positive	Tier 2	1	GCF_003668045.3	NC_048603.1	26280751	26280867	117	mapped_interval	high	DHIMAN2020	26280809	ERR868173	PRJEB9291	PRJEB9291:210_hours	H3K36me3	broad	ERR868173	ERR868177	broadPeak	83402	0.7769038147395612	0.08922885320655045	8.706867642254167	3.020625	0	0	0	0.0	0	330923	330865	0	0	0	0.0	0	0	0	0.0	0	0	0	0.0	0.00400307692308	117	1	117	0.0142394852574	2001	1	2001	0.0155729268537	20001	1	20001	0.0165883905161	100001	1	100001
CHO_BM_HERTEL_002	Site-B	support_only	Tier 2	1	GCF_003668045.3	NC_048603.1	28646724	28646778	55	paired_nick_interval	high	HERTEL2022	28646751	ERR868173	PRJEB9291	PRJEB9291:210_hours	H3K36me3	broad	ERR868173	ERR868177	broadPeak	83402	0.7769038147395612	0.08922885320655045	8.706867642254167	3.020625	1	1	55	1.0	1	0	0	1	1	1661	0.8300849575212393	6	1	10809	0.5404229788510575	24	1	69581	0.6958030419695803	0.814750909091	55	1	55	0.68193828086	2001	1	2001	0.580846988151	20001	1	20001	1.17431422016	100001	1	100001
CHO_BM_ZHAO_002	HPRT	support_only	Tier 2	4	GCF_003668045.3	NC_048604.1	17024143	17024144	2	interbase_cut_boundary	high	ZHAO2018	17024143	ERR868173	PRJEB9291	PRJEB9291:210_hours	H3K36me3	broad	ERR868173	ERR868177	broadPeak	83402	0.7769038147395612	0.08922885320655045	8.706867642254167	3.020625	1	1	2	1.0	1	0	0	2	1	1338	0.6686656671664168	9	1	13210	0.6604669766511675	16	1	30713	0.3071269287307127	0.15614	2	1	2	0.27364906047	2001	1	2001	0.302699368032	20001	1	20001	0.163108654813	100001	1	100001
CHO_BM_DHIMAN_013	DHIMAN2020_L013	positive	Tier 2	1	GCF_003668045.3	NC_048604.1	59574984	59627432	52449	mapped_interval	high	DHIMAN2020	59601208	ERR868173	PRJEB9291	PRJEB9291:210_hours	H3K36me3	broad	ERR868173	ERR868177	broadPeak	83402	0.7769038147395612	0.08922885320655045	8.706867642254167	3.020625	1	14	10771	0.20536139869206277	1	0	0	1	1	771	0.3853073463268366	5	1	5163	0.2581370931453427	17	1	13107	0.13106868931310686	0.112548374993	52449	1	52449	0.153406241879	2001	1	2001	0.128224412779	20001	1	20001	0.0806725709743	100001	1	100001
CHO_BM_GAIDUKOV_009	mLP8	positive	Tier 2	1	GCF_003668045.3	NW_023276806.1	48454524	48454524	1	point_coordinate	high	GAIDUKOV2018	48454524	ERR868173	PRJEB9291	PRJEB9291:210_hours	H3K36me3	broad	ERR868173	ERR868177	broadPeak	83402	0.7769038147395612	0.08922885320655045	8.706867642254167	3.020625	1	1	1	1.0	1	0	0	1	1	2001	1.0	1	1	19947	0.9973001349932503	25	1	61302	0.6130138698613014	1.75654	1	1	1	1.25539552724	2001	1	2001	1.30785384981	20001	1	20001	0.586840273497	100001	1	100001
CHO_BM_GAIDUKOV_011	mLP10	positive	Tier 2	1	GCF_003668045.3	NW_023276806.1	67810067	67810067	1	point_coordinate	high	GAIDUKOV2018	67810067	ERR868173	PRJEB9291	PRJEB9291:210_hours	H3K36me3	broad	ERR868173	ERR868177	broadPeak	83402	0.7769038147395612	0.08922885320655045	8.706867642254167	3.020625	0	0	0	0.0	0	37210	37210	0	0	0	0.0	0	0	0	0.0	1	1	476	0.004759952400475995	0.1171	1	1	1	0.0822031934033	2001	1	2001	0.0747636173191	20001	1	20001	0.0495472879271	100001	1	100001
CHO_BM_GAIDUKOV_001	sLP1-1	positive	Tier 2	1	GCF_003668045.3	NW_023276806.1	81776324	81776324	1	point_coordinate	high	GAIDUKOV2018	81776324	ERR868173	PRJEB9291	PRJEB9291:210_hours	H3K36me3	broad	ERR868173	ERR868177	broadPeak	83402	0.7769038147395612	0.08922885320655045	8.706867642254167	3.020625	0	0	0	0.0	0	697009	697009	0	0	0	0.0	0	0	0	0.0	0	0	0	0.0	0	1	1	1	0.0162488205897	2001	1	2001	0.01446019999	20001	1	20001	0.0171924750752	100001	1	100001
CHO_BM_GAIDUKOV_013	mLP12	positive	Tier 2	1	GCF_003668045.3	NW_023276806.1	163338145	163338145	1	point_coordinate	high	GAIDUKOV2018	163338145	ERR868173	PRJEB9291	PRJEB9291:210_hours	H3K36me3	broad	ERR868173	ERR868177	broadPeak	83402	0.7769038147395612	0.08922885320655045	8.706867642254167	3.020625	1	1	1	1.0	1	0	0	1	1	2001	1.0	8	1	17422	0.8710564471776411	12	1	31772	0.31771682283177166	1.4833	1	1	1	1.01522102449	2001	1	2001	0.534782936853	20001	1	20001	0.234210145699	100001	1	100001
CHO_BM_DHIMAN_003	DHIMAN2020_L003	support_only	Tier 2	2	GCF_003668045.3	NW_023276806.1	241273133	241273133	1	point_coordinate	high	DHIMAN2020	241273133	ERR868173	PRJEB9291	PRJEB9291:210_hours	H3K36me3	broad	ERR868173	ERR868177	broadPeak	83402	0.7769038147395612	0.08922885320655045	8.706867642254167	3.020625	0	0	0	0.0	0	725766	725766	0	0	0	0.0	0	0	0	0.0	0	0	0	0.0	0	1	1	1	0.00333539730135	2001	1	2001	0.00704478226089	20001	1	20001	0.00561728672713	100001	1	100001
CHO_BM_CHI_001	Hipp11/H11	positive	Tier 2	1	GCF_003668045.3	NW_023276807.1	101678097	101678098	2	interbase_cut_boundary	high	CHI2019	101678097	ERR868173	PRJEB9291	PRJEB9291:210_hours	H3K36me3	broad	ERR868173	ERR868177	broadPeak	83402	0.7769038147395612	0.08922885320655045	8.706867642254167	3.020625	1	1	2	1.0	1	0	0	1	1	2001	1.0	1	1	20001	1.0	6	1	59473	0.5947240527594724	0.74165	2	1	2	0.668029265367	2001	1	2001	0.999754614269	20001	1	20001	0.554451658983	100001	1	100001
CHO_BM_GAIDUKOV_010	mLP9	positive	Tier 2	1	GCF_003668045.3	NW_023276807.1	132016117	132016117	1	point_coordinate	high	GAIDUKOV2018	132016117	ERR868173	PRJEB9291	PRJEB9291:210_hours	H3K36me3	broad	ERR868173	ERR868177	broadPeak	83402	0.7769038147395612	0.08922885320655045	8.706867642254167	3.020625	1	1	1	1.0	1	0	0	1	1	2001	1.0	6	1	17419	0.8709064546772661	11	1	47223	0.4722252777472225	0.89779	1	1	1	0.846229130435	2001	1	2001	0.632309057547	20001	1	20001	0.360034370256	100001	1	100001
CHO_BM_DHIMAN_001	DHIMAN2020_L001	negative	Tier 2	1	GCF_003668045.3	NW_023276807.1	138183203	138205865	22663	mapped_interval	high	DHIMAN2020	138194534	ERR868173	PRJEB9291	PRJEB9291:210_hours	H3K36me3	broad	ERR868173	ERR868177	broadPeak	83402	0.7769038147395612	0.08922885320655045	8.706867642254167	3.020625	0	0	0	0.0	0	527535	516204	0	0	0	0.0	0	0	0	0.0	0	0	0	0.0	0.0116701186957	22663	1	22663	0.0222387506247	2001	1	2001	0.0122359242038	20001	1	20001	0.0118178361216	100001	1	100001
CHO_BM_GAIDUKOV_019	mLP18	positive	Tier 2	1	GCF_003668045.3	NW_023276807.1	150040083	150040083	1	point_coordinate	high	GAIDUKOV2018	150040083	ERR868173	PRJEB9291	PRJEB9291:210_hours	H3K36me3	broad	ERR868173	ERR868177	broadPeak	83402	0.7769038147395612	0.08922885320655045	8.706867642254167	3.020625	0	0	0	0.0	0	1213724	1213724	0	0	0	0.0	0	0	0	0.0	0	0	0	0.0	0	1	1	1	0.0185312843578	2001	1	2001	0.00968912654367	20001	1	20001	0.0120137913621	100001	1	100001
CHO_BM_DHIMAN_002	DHIMAN2020_L002	negative	Tier 2	1	GCF_003668045.3	NW_023276807.1	264596547	264623008	26462	mapped_interval	high	DHIMAN2020	264609777	ERR868173	PRJEB9291	PRJEB9291:210_hours	H3K36me3	broad	ERR868173	ERR868177	broadPeak	83402	0.7769038147395612	0.08922885320655045	8.706867642254167	3.020625	0	0	0	0.0	0	718398	705167	0	0	0	0.0	0	0	0	0.0	0	0	0	0.0	0.0139373841735	26462	1	26462	0.0037059970015	2001	1	2001	0.0148314029299	20001	1	20001	0.00986327596724	100001	1	100001
CHO_BM_DHIMAN_005	DHIMAN2020_L005	negative	Tier 2	1	GCF_003668045.3	NC_048595.1	257621823	257621823	1	point_coordinate	high	DHIMAN2020	257621823	ERR868174	PRJEB9291	PRJEB9291:210_hours	H3K4me1	broad	ERR868174	ERR868177	broadPeak	162609	0.4384842778400181	0.05494023209515528	7.9811144059343055	3.52343	1	1	1	1.0	1	0	0	3	1	815	0.40729635182408797	7	1	2072	0.10359482025898704	18	1	9863	0.0986290137098629	0.31417	1	1	1	0.390683728136	2001	1	2001	0.14257299285	20001	1	20001	0.123152601674	100001	1	100001
CHO_BM_GAIDUKOV_002	sLP1-2	positive	Tier 2	1	GCF_003668045.3	NC_048595.1	299949073	299949073	1	point_coordinate	high	GAIDUKOV2018	299949073	ERR868174	PRJEB9291	PRJEB9291:210_hours	H3K4me1	broad	ERR868174	ERR868177	broadPeak	162609	0.4384842778400181	0.05494023209515528	7.9811144059343055	3.52343	0	0	0	0.0	0	52714	52714	0	0	0	0.0	0	0	0	0.0	0	0	0	0.0	0.31417	1	1	1	0.0753623238381	2001	1	2001	0.0600814659267	20001	1	20001	0.0347432810672	100001	1	100001
CHO_BM_DHIMAN_004	DHIMAN2020_L004	positive	Tier 2	2	GCF_003668045.3	NC_048595.1	408642588	408642597	10	mapped_interval	high	DHIMAN2020	408642592	ERR868174	PRJEB9291	PRJEB9291:210_hours	H3K4me1	broad	ERR868174	ERR868177	broadPeak	162609	0.4384842778400181	0.05494023209515528	7.9811144059343055	3.52343	0	0	0	0.0	0	44462	44457	0	0	0	0.0	0	0	0	0.0	1	1	160	0.0015999840001599984	0	10	1	10	0.00837341329335	2001	1	2001	0.0180425043748	20001	1	20001	0.0246303071969	100001	1	100001
CHO_BM_DHIMAN_006	DHIMAN2020_L006	support_only	Tier 2	2	GCF_003668045.3	NC_048596.1	236735321	236735321	1	point_coordinate	high	DHIMAN2020	236735321	ERR868174	PRJEB9291	PRJEB9291:210_hours	H3K4me1	broad	ERR868174	ERR868177	broadPeak	162609	0.4384842778400181	0.05494023209515528	7.9811144059343055	3.52343	0	0	0	0.0	0	3232	3232	0	0	0	0.0	1	1	366	0.018299085045747714	33	1	27503	0.2750272497275027	0	1	1	1	0.0435947376312	2001	1	2001	0.0552904314784	20001	1	20001	0.25567198098	100001	1	100001
CHO_BM_GAIDUKOV_016	mLP15	positive	Tier 2	1	GCF_003668045.3	NC_048596.1	246185831	246185831	1	point_coordinate	high	GAIDUKOV2018	246185831	ERR868174	PRJEB9291	PRJEB9291:210_hours	H3K4me1	broad	ERR868174	ERR868177	broadPeak	162609	0.4384842778400181	0.05494023209515528	7.9811144059343055	3.52343	1	1	1	1.0	1	0	0	1	1	871	0.4352823588205897	4	1	3209	0.16044197790110495	12	1	7304	0.07303926960730393	0.41889	1	1	1	0.293443498251	2001	1	2001	0.157003065347	20001	1	20001	0.0975167069329	100001	1	100001
CHO_BM_ZHAO_003	GRIK1	support_only	Tier 2	4	GCF_003668045.3	NC_048597.1	9449577	9449578	2	interbase_cut_boundary	high	ZHAO2018	9449577	ERR868174	PRJEB9291	PRJEB9291:210_hours	H3K4me1	broad	ERR868174	ERR868177	broadPeak	162609	0.4384842778400181	0.05494023209515528	7.9811144059343055	3.52343	0	0	0	0.0	0	5305	5305	0	0	0	0.0	1	1	477	0.02384880755962202	4	1	992	0.00991990080099199	0.31417	2	1	2	0.108857996002	2001	1	2001	0.0852293140343	20001	1	20001	0.0572877354226	100001	1	100001
CHO_BM_DHIMAN_007	DHIMAN2020_L007	positive	Tier 2	1	GCF_003668045.3	NC_048597.1	21959978	21959978	1	point_coordinate	high	DHIMAN2020	21959978	ERR868174	PRJEB9291	PRJEB9291:210_hours	H3K4me1	broad	ERR868174	ERR868177	broadPeak	162609	0.4384842778400181	0.05494023209515528	7.9811144059343055	3.52343	0	0	0	0.0	0	124	124	1	1	194	0.09695152423788106	1	1	194	0.009699515024248788	12	1	4864	0.04863951360486395	0.10472	1	1	1	0.161192488756	2001	1	2001	0.0635212749363	20001	1	20001	0.0974129846702	100001	1	100001
CHO_BM_DHIMAN_008	DHIMAN2020_L008	positive	Tier 2	1	GCF_003668045.3	NC_048597.1	73524836	73524858	23	mapped_interval	high	DHIMAN2020	73524847	ERR868174	PRJEB9291	PRJEB9291:210_hours	H3K4me1	broad	ERR868174	ERR868177	broadPeak	162609	0.4384842778400181	0.05494023209515528	7.9811144059343055	3.52343	0	0	0	0.0	0	2226	2215	0	0	0	0.0	6	1	3822	0.1910904454777261	22	1	16570	0.16569834301656983	0.31417	23	1	23	0.156797171414	2001	1	2001	0.186674718764	20001	1	20001	0.16068496655	100001	1	100001
CHO_BM_GAIDUKOV_015	mLP14	positive	Tier 2	1	GCF_003668045.3	NC_048597.1	105106891	105106891	1	point_coordinate	high	GAIDUKOV2018	105106891	ERR868174	PRJEB9291	PRJEB9291:210_hours	H3K4me1	broad	ERR868174	ERR868177	broadPeak	162609	0.4384842778400181	0.05494023209515528	7.9811144059343055	3.52343	0	0	0	0.0	0	72	72	1	1	429	0.2143928035982009	3	1	1352	0.06759662016899155	19	1	13369	0.13368866311336886	0.20945	1	1	1	0.237968350825	2001	1	2001	0.11769700715	20001	1	20001	0.144599649204	100001	1	100001
CHO_BM_DHIMAN_009	DHIMAN2020_L009	positive	Tier 2	1	GCF_003668045.3	NC_048597.1	169164042	169164066	25	mapped_interval	high	DHIMAN2020	169164054	ERR868174	PRJEB9291	PRJEB9291:210_hours	H3K4me1	broad	ERR868174	ERR868177	broadPeak	162609	0.4384842778400181	0.05494023209515528	7.9811144059343055	3.52343	0	0	0	0.0	0	572	560	1	1	429	0.2143928035982009	4	1	5849	0.29243537823108845	20	1	21215	0.21214787852121478	0	25	1	25	0.265025792104	2001	1	2001	0.447134160292	20001	1	20001	0.312815630644	100001	1	100001
CHO_BM_GAIDUKOV_017	mLP16	positive	Tier 2	1	GCF_003668045.3	NC_048597.1	175544362	175544362	1	point_coordinate	high	GAIDUKOV2018	175544362	ERR868174	PRJEB9291	PRJEB9291:210_hours	H3K4me1	broad	ERR868174	ERR868177	broadPeak	162609	0.4384842778400181	0.05494023209515528	7.9811144059343055	3.52343	0	0	0	0.0	0	2997	2997	0	0	0	0.0	4	1	3834	0.19169041547922605	16	1	15047	0.15046849531504686	0	1	1	1	0.0410297951024	2001	1	2001	0.167547958602	20001	1	20001	0.149529910701	100001	1	100001
CHO_BM_GAIDUKOV_005	mLP4	positive	Tier 2	1	GCF_003668045.3	NC_048597.1	186989799	186989799	1	point_coordinate	high	GAIDUKOV2018	186989799	ERR868174	PRJEB9291	PRJEB9291:210_hours	H3K4me1	broad	ERR868174	ERR868177	broadPeak	162609	0.4384842778400181	0.05494023209515528	7.9811144059343055	3.52343	0	0	0	0.0	0	1785	1785	0	0	0	0.0	6	1	4217	0.21083945802709864	8	1	5192	0.051919480805191945	0.10472	1	1	1	0.0365294852574	2001	1	2001	0.162636756662	20001	1	20001	0.0815989551104	100001	1	100001
CHO_BM_GAIDUKOV_014	mLP13	positive	Tier 2	1	GCF_003668045.3	NC_048598.1	113820843	113820843	1	point_coordinate	high	GAIDUKOV2018	113820843	ERR868174	PRJEB9291	PRJEB9291:210_hours	H3K4me1	broad	ERR868174	ERR868177	broadPeak	162609	0.4384842778400181	0.05494023209515528	7.9811144059343055	3.52343	0	0	0	0.0	0	69310	69310	0	0	0	0.0	0	0	0	0.0	0	0	0	0.0	0	1	1	1	0.050241954023	2001	1	2001	0.0213569211539	20001	1	20001	0.0291542501575	100001	1	100001
CHO_BM_GAIDUKOV_018	mLP17	positive	Tier 2	1	GCF_003668045.3	NC_048598.1	152539694	152539694	1	point_coordinate	high	GAIDUKOV2018	152539694	ERR868174	PRJEB9291	PRJEB9291:210_hours	H3K4me1	broad	ERR868174	ERR868177	broadPeak	162609	0.4384842778400181	0.05494023209515528	7.9811144059343055	3.52343	0	0	0	0.0	0	43340	43340	0	0	0	0.0	0	0	0	0.0	1	1	160	0.0015999840001599984	0	1	1	1	0	2001	1	2001	0.0209432868357	20001	1	20001	0.0328666888331	100001	1	100001
CHO_BM_GAIDUKOV_003	mLP2	positive	Tier 2	1	GCF_003668045.3	NC_048598.1	158460979	158460979	1	point_coordinate	high	GAIDUKOV2018	158460979	ERR868174	PRJEB9291	PRJEB9291:210_hours	H3K4me1	broad	ERR868174	ERR868177	broadPeak	162609	0.4384842778400181	0.05494023209515528	7.9811144059343055	3.52343	0	0	0	0.0	0	886669	886669	0	0	0	0.0	0	0	0	0.0	0	0	0	0.0	0	1	1	1	0.0418685007496	2001	1	2001	0.0108905379731	20001	1	20001	0.0060318602814	100001	1	100001
CHO_BM_DHIMAN_010	DHIMAN2020_L010	negative	Tier 2	1	GCF_003668045.3	NC_048599.1	7684596	7781386	96791	mapped_interval	high	DHIMAN2020	7732991	ERR868174	PRJEB9291	PRJEB9291:210_hours	H3K4me1	broad	ERR868174	ERR868177	broadPeak	162609	0.4384842778400181	0.05494023209515528	7.9811144059343055	3.52343	0	0	0	0.0	0	215754	167359	0	0	0	0.0	0	0	0	0.0	0	0	0	0.0	0.0128099976237	96791	1	96791	0	2001	1	2001	0.00837718114094	20001	1	20001	0.0139120196798	100001	1	100001
CHO_BM_GAIDUKOV_007	mLP6	positive	Tier 2	1	GCF_003668045.3	NC_048599.1	45758703	45758703	1	point_coordinate	high	GAIDUKOV2018	45758703	ERR868174	PRJEB9291	PRJEB9291:210_hours	H3K4me1	broad	ERR868174	ERR868177	broadPeak	162609	0.4384842778400181	0.05494023209515528	7.9811144059343055	3.52343	0	0	0	0.0	0	4864	4864	0	0	0	0.0	3	1	2713	0.13564321783910804	8	1	5331	0.05330946690533095	0	1	1	1	0.0334940529735	2001	1	2001	0.146253653817	20001	1	20001	0.0823812107879	100001	1	100001
CHO_BM_GAIDUKOV_008	mLP7	positive	Tier 2	1	GCF_003668045.3	NC_048599.1	109879626	109879626	1	point_coordinate	high	GAIDUKOV2018	109879626	ERR868174	PRJEB9291	PRJEB9291:210_hours	H3K4me1	broad	ERR868174	ERR868177	broadPeak	162609	0.4384842778400181	0.05494023209515528	7.9811144059343055	3.52343	1	1	1	1.0	1	0	0	3	1	938	0.4687656171914043	15	1	8969	0.44842757862106897	43	1	26360	0.26359736402635975	0.52361	1	1	1	0.324007316342	2001	1	2001	0.363532569372	20001	1	20001	0.250093412766	100001	1	100001
CHO_BM_HERTEL_003	Site-C	positive	Tier 2	1	GCF_003668045.3	NC_048600.1	91189327	91189365	39	paired_nick_interval	high	HERTEL2022	91189346	ERR868174	PRJEB9291	PRJEB9291:210_hours	H3K4me1	broad	ERR868174	ERR868177	broadPeak	162609	0.4384842778400181	0.05494023209515528	7.9811144059343055	3.52343	1	1	39	1.0	1	0	0	2	1	1235	0.617191404297851	6	1	13038	0.6518674066296685	19	1	36337	0.3633663663363366	0.902229230769	39	1	39	0.599605132434	2001	1	2001	0.844333444328	20001	1	20001	0.479648087419	100001	1	100001
CHO_BM_ZHAO_001	C12orf35	positive	Tier 2	4	GCF_003668045.3	NC_048601.1	371365	371366	2	interbase_cut_boundary	high	ZHAO2018	371365	ERR868174	PRJEB9291	PRJEB9291:210_hours	H3K4me1	broad	ERR868174	ERR868177	broadPeak	162609	0.4384842778400181	0.05494023209515528	7.9811144059343055	3.52343	0	0	0	0.0	0	9466	9465	0	0	0	0.0	1	1	210	0.010499475026248688	5	1	1659	0.016589834101658985	0	2	1	2	0.0249112543728	2001	1	2001	0.046913039348	20001	1	20001	0.0482555702443	100001	1	100001
CHO_BM_DHIMAN_011	DHIMAN2020_L011	support_only	Tier 2	2	GCF_003668045.3	NC_048601.1	1900502	1900502	1	point_coordinate	high	DHIMAN2020	1900502	ERR868174	PRJEB9291	PRJEB9291:210_hours	H3K4me1	broad	ERR868174	ERR868177	broadPeak	162609	0.4384842778400181	0.05494023209515528	7.9811144059343055	3.52343	0	0	0	0.0	0	2153	2153	0	0	0	0.0	3	1	570	0.028498575071246438	13	1	4489	0.04488955110448895	0	1	1	1	0.126756571714	2001	1	2001	0.0973347922604	20001	1	20001	0.139229550404	100001	1	100001
CHO_BM_GAIDUKOV_021	sLP20	positive	Tier 2	1	GCF_003668045.3	NC_048601.1	31728512	31728512	1	point_coordinate	high	GAIDUKOV2018	31728512	ERR868174	PRJEB9291	PRJEB9291:210_hours	H3K4me1	broad	ERR868174	ERR868177	broadPeak	162609	0.4384842778400181	0.05494023209515528	7.9811144059343055	3.52343	0	0	0	0.0	0	1155	1155	0	0	0	0.0	6	1	6443	0.3221338933053347	34	1	28205	0.28204717952820474	0.10472	1	1	1	0.108857161419	2001	1	2001	0.276773929804	20001	1	20001	0.259694403456	100001	1	100001
CHO_BM_HERTEL_001	Site-A	positive	Tier 2	1	GCF_003668045.3	NC_048603.1	21429466	21429529	64	paired_nick_interval	high	HERTEL2022	21429497	ERR868174	PRJEB9291	PRJEB9291:210_hours	H3K4me1	broad	ERR868174	ERR868177	broadPeak	162609	0.4384842778400181	0.05494023209515528	7.9811144059343055	3.52343	0	0	0	0.0	0	2144	2113	0	0	0	0.0	5	1	7633	0.3816309184540773	14	1	36548	0.36547634523654765	0.00818125	64	1	64	0.131727981009	2001	1	2001	0.550280977451	20001	1	20001	0.537683904761	100001	1	100001
CHO_BM_DHIMAN_012	DHIMAN2020_L012	positive	Tier 2	1	GCF_003668045.3	NC_048603.1	26280751	26280867	117	mapped_interval	high	DHIMAN2020	26280809	ERR868174	PRJEB9291	PRJEB9291:210_hours	H3K4me1	broad	ERR868174	ERR868177	broadPeak	162609	0.4384842778400181	0.05494023209515528	7.9811144059343055	3.52343	0	0	0	0.0	0	264045	263987	0	0	0	0.0	0	0	0	0.0	0	0	0	0.0	0	117	1	117	0.0249632383808	2001	1	2001	0.0328445232738	20001	1	20001	0.0257182733173	100001	1	100001
CHO_BM_HERTEL_002	Site-B	support_only	Tier 2	1	GCF_003668045.3	NC_048603.1	28646724	28646778	55	paired_nick_interval	high	HERTEL2022	28646751	ERR868174	PRJEB9291	PRJEB9291:210_hours	H3K4me1	broad	ERR868174	ERR868177	broadPeak	162609	0.4384842778400181	0.05494023209515528	7.9811144059343055	3.52343	1	1	55	1.0	1	0	0	1	1	1666	0.8325837081459271	6	1	17873	0.8936053197340132	19	1	54142	0.5414145858541415	1.48515981818	55	1	55	1.73287401799	2001	1	2001	1.33723455527	20001	1	20001	0.816302895571	100001	1	100001
CHO_BM_ZHAO_002	HPRT	support_only	Tier 2	4	GCF_003668045.3	NC_048604.1	17024143	17024144	2	interbase_cut_boundary	high	ZHAO2018	17024143	ERR868174	PRJEB9291	PRJEB9291:210_hours	H3K4me1	broad	ERR868174	ERR868177	broadPeak	162609	0.4384842778400181	0.05494023209515528	7.9811144059343055	3.52343	0	0	0	0.0	0	352	351	1	1	183	0.09145427286356822	5	1	1477	0.07384630768461577	18	1	7892	0.07891921080789192	0	2	1	2	0.0866143228386	2001	1	2001	0.0949418029099	20001	1	20001	0.100263502065	100001	1	100001
CHO_BM_DHIMAN_013	DHIMAN2020_L013	positive	Tier 2	1	GCF_003668045.3	NC_048604.1	59574984	59627432	52449	mapped_interval	high	DHIMAN2020	59601208	ERR868174	PRJEB9291	PRJEB9291:210_hours	H3K4me1	broad	ERR868174	ERR868177	broadPeak	162609	0.4384842778400181	0.05494023209515528	7.9811144059343055	3.52343	1	1	347	0.0066159507330931	0	24140	0	0	0	0	0.0	0	0	0	0.0	1	1	347	0.0034699653003469966	0.0242792577552	52449	1	52449	0.0334936531734	2001	1	2001	0.00753946302685	20001	1	20001	0.0244627784722	100001	1	100001
CHO_BM_GAIDUKOV_009	mLP8	positive	Tier 2	1	GCF_003668045.3	NW_023276806.1	48454524	48454524	1	point_coordinate	high	GAIDUKOV2018	48454524	ERR868174	PRJEB9291	PRJEB9291:210_hours	H3K4me1	broad	ERR868174	ERR868177	broadPeak	162609	0.4384842778400181	0.05494023209515528	7.9811144059343055	3.52343	0	0	0	0.0	0	11246	11246	0	0	0	0.0	0	0	0	0.0	22	1	13484	0.13483865161348388	0	1	1	1	0.0586147576212	2001	1	2001	0.0695321733913	20001	1	20001	0.156160949991	100001	1	100001
CHO_BM_GAIDUKOV_011	mLP10	positive	Tier 2	1	GCF_003668045.3	NW_023276806.1	67810067	67810067	1	point_coordinate	high	GAIDUKOV2018	67810067	ERR868174	PRJEB9291	PRJEB9291:210_hours	H3K4me1	broad	ERR868174	ERR868177	broadPeak	162609	0.4384842778400181	0.05494023209515528	7.9811144059343055	3.52343	0	0	0	0.0	0	18134	18134	0	0	0	0.0	0	0	0	0.0	2	1	694	0.006939930600693993	0	1	1	1	0.0315578810595	2001	1	2001	0.0192678506075	20001	1	20001	0.0261383156168	100001	1	100001
CHO_BM_GAIDUKOV_001	sLP1-1	positive	Tier 2	1	GCF_003668045.3	NW_023276806.1	81776324	81776324	1	point_coordinate	high	GAIDUKOV2018	81776324	ERR868174	PRJEB9291	PRJEB9291:210_hours	H3K4me1	broad	ERR868174	ERR868177	broadPeak	162609	0.4384842778400181	0.05494023209515528	7.9811144059343055	3.52343	0	0	0	0.0	0	55288	55288	0	0	0	0.0	0	0	0	0.0	0	0	0	0.0	0	1	1	1	0.0575158770615	2001	1	2001	0.027644959252	20001	1	20001	0.0357946513535	100001	1	100001
CHO_BM_GAIDUKOV_013	mLP12	positive	Tier 2	1	GCF_003668045.3	NW_023276806.1	163338145	163338145	1	point_coordinate	high	GAIDUKOV2018	163338145	ERR868174	PRJEB9291	PRJEB9291:210_hours	H3K4me1	broad	ERR868174	ERR868177	broadPeak	162609	0.4384842778400181	0.05494023209515528	7.9811144059343055	3.52343	0	0	0	0.0	0	10	10	1	1	160	0.079960019990005	9	1	2643	0.13214339283035847	26	1	10932	0.10931890681093188	0.31417	1	1	1	0.172705762119	2001	1	2001	0.223236940653	20001	1	20001	0.154958779412	100001	1	100001
CHO_BM_DHIMAN_003	DHIMAN2020_L003	support_only	Tier 2	2	GCF_003668045.3	NW_023276806.1	241273133	241273133	1	point_coordinate	high	DHIMAN2020	241273133	ERR868174	PRJEB9291	PRJEB9291:210_hours	H3K4me1	broad	ERR868174	ERR868177	broadPeak	162609	0.4384842778400181	0.05494023209515528	7.9811144059343055	3.52343	0	0	0	0.0	0	625326	625326	0	0	0	0.0	0	0	0	0.0	0	0	0	0.0	0	1	1	1	0.00612305847076	2001	1	2001	0.00670174491275	20001	1	20001	0.0147446106539	100001	1	100001
CHO_BM_CHI_001	Hipp11/H11	positive	Tier 2	1	GCF_003668045.3	NW_023276807.1	101678097	101678098	2	interbase_cut_boundary	high	CHI2019	101678097	ERR868174	PRJEB9291	PRJEB9291:210_hours	H3K4me1	broad	ERR868174	ERR868177	broadPeak	162609	0.4384842778400181	0.05494023209515528	7.9811144059343055	3.52343	0	0	0	0.0	0	18862	18862	0	0	0	0.0	0	0	0	0.0	15	1	10197	0.1019689803101969	0.20945	2	1	2	0.0749436731634	2001	1	2001	0.0546310279486	20001	1	20001	0.13227401316	100001	1	100001
CHO_BM_GAIDUKOV_010	mLP9	positive	Tier 2	1	GCF_003668045.3	NW_023276807.1	132016117	132016117	1	point_coordinate	high	GAIDUKOV2018	132016117	ERR868174	PRJEB9291	PRJEB9291:210_hours	H3K4me1	broad	ERR868174	ERR868177	broadPeak	162609	0.4384842778400181	0.05494023209515528	7.9811144059343055	3.52343	0	0	0	0.0	0	12068	12068	0	0	0	0.0	0	0	0	0.0	11	1	4714	0.04713952860471395	0.10472	1	1	1	0.041867926037	2001	1	2001	0.0435620748963	20001	1	20001	0.0758895303047	100001	1	100001
CHO_BM_DHIMAN_001	DHIMAN2020_L001	negative	Tier 2	1	GCF_003668045.3	NW_023276807.1	138183203	138205865	22663	mapped_interval	high	DHIMAN2020	138194534	ERR868174	PRJEB9291	PRJEB9291:210_hours	H3K4me1	broad	ERR868174	ERR868177	broadPeak	162609	0.4384842778400181	0.05494023209515528	7.9811144059343055	3.52343	1	1	341	0.015046551648060716	0	7649	0	0	0	0	0.0	1	1	341	0.017049147542622867	2	1	647	0.006469935300646994	0.0465780880731	22663	1	22663	0.0159618190905	2001	1	2001	0.0519396035198	20001	1	20001	0.0356888329117	100001	1	100001
CHO_BM_GAIDUKOV_019	mLP18	positive	Tier 2	1	GCF_003668045.3	NW_023276807.1	150040083	150040083	1	point_coordinate	high	GAIDUKOV2018	150040083	ERR868174	PRJEB9291	PRJEB9291:210_hours	H3K4me1	broad	ERR868174	ERR868177	broadPeak	162609	0.4384842778400181	0.05494023209515528	7.9811144059343055	3.52343	0	0	0	0.0	0	4620	4620	0	0	0	0.0	1	1	181	0.00904954752262387	1	1	181	0.001809981900180998	0.10472	1	1	1	0.0360590204898	2001	1	2001	0.0376982065897	20001	1	20001	0.0317544463555	100001	1	100001
CHO_BM_DHIMAN_002	DHIMAN2020_L002	negative	Tier 2	1	GCF_003668045.3	NW_023276807.1	264596547	264623008	26462	mapped_interval	high	DHIMAN2020	264609777	ERR868174	PRJEB9291	PRJEB9291:210_hours	H3K4me1	broad	ERR868174	ERR868177	broadPeak	162609	0.4384842778400181	0.05494023209515528	7.9811144059343055	3.52343	0	0	0	0.0	0	21566	8336	0	0	0	0.0	0	0	0	0.0	2	1	749	0.007489925100748992	0.0259607489986	26462	1	26462	0.0251208945527	2001	1	2001	0.0259696815159	20001	1	20001	0.0281102619974	100001	1	100001
CHO_BM_DHIMAN_005	DHIMAN2020_L005	negative	Tier 2	1	GCF_003668045.3	NC_048595.1	257621823	257621823	1	point_coordinate	high	DHIMAN2020	257621823	ERR868175	PRJEB9291	PRJEB9291:210_hours	H3K4me3	narrow	ERR868175	ERR868177	narrowPeak	56090	0.7783089505074723	0.027809450164716858	27.98721103428895	7.94198	0	0	0	0.0	0	2207	2207	0	0	0	0.0	1	1	170	0.008499575021248937	5	1	5144	0.05143948560514395	0.04775	1	1	1	0.0671029485257	2001	1	2001	0.0424000724964	20001	1	20001	0.132783426866	100001	1	100001
CHO_BM_GAIDUKOV_002	sLP1-2	positive	Tier 2	1	GCF_003668045.3	NC_048595.1	299949073	299949073	1	point_coordinate	high	GAIDUKOV2018	299949073	ERR868175	PRJEB9291	PRJEB9291:210_hours	H3K4me3	narrow	ERR868175	ERR868177	narrowPeak	56090	0.7783089505074723	0.027809450164716858	27.98721103428895	7.94198	0	0	0	0.0	0	3296	3296	0	0	0	0.0	1	1	1311	0.06554672266386681	1	1	1311	0.013109868901310986	0	1	1	1	0.0114542728636	2001	1	2001	0.0760150457477	20001	1	20001	0.0231491378086	100001	1	100001
CHO_BM_DHIMAN_004	DHIMAN2020_L004	positive	Tier 2	2	GCF_003668045.3	NC_048595.1	408642588	408642597	10	mapped_interval	high	DHIMAN2020	408642592	ERR868175	PRJEB9291	PRJEB9291:210_hours	H3K4me3	narrow	ERR868175	ERR868177	narrowPeak	56090	0.7783089505074723	0.027809450164716858	27.98721103428895	7.94198	0	0	0	0.0	0	43966	43961	0	0	0	0.0	0	0	0	0.0	1	1	283	0.002829971700282997	0.0955	10	1	10	0.0120031234383	2001	1	2001	0.00556498425079	20001	1	20001	0.00916793562064	100001	1	100001
CHO_BM_DHIMAN_006	DHIMAN2020_L006	support_only	Tier 2	2	GCF_003668045.3	NC_048596.1	236735321	236735321	1	point_coordinate	high	DHIMAN2020	236735321	ERR868175	PRJEB9291	PRJEB9291:210_hours	H3K4me3	narrow	ERR868175	ERR868177	narrowPeak	56090	0.7783089505074723	0.027809450164716858	27.98721103428895	7.94198	0	0	0	0.0	0	17258	17258	0	0	0	0.0	0	0	0	0.0	9	1	8858	0.08857911420885792	0	1	1	1	0	2001	1	2001	0.00687565621719	20001	1	20001	0.204481610984	100001	1	100001
CHO_BM_GAIDUKOV_016	mLP15	positive	Tier 2	1	GCF_003668045.3	NC_048596.1	246185831	246185831	1	point_coordinate	high	GAIDUKOV2018	246185831	ERR868175	PRJEB9291	PRJEB9291:210_hours	H3K4me3	narrow	ERR868175	ERR868177	narrowPeak	56090	0.7783089505074723	0.027809450164716858	27.98721103428895	7.94198	0	0	0	0.0	0	10992	10992	0	0	0	0.0	0	0	0	0.0	1	1	2033	0.02032979670203298	0.04775	1	1	1	0.107146366817	2001	1	2001	0.0353500639968	20001	1	20001	0.0800672183278	100001	1	100001
CHO_BM_ZHAO_003	GRIK1	support_only	Tier 2	4	GCF_003668045.3	NC_048597.1	9449577	9449578	2	interbase_cut_boundary	high	ZHAO2018	9449577	ERR868175	PRJEB9291	PRJEB9291:210_hours	H3K4me3	narrow	ERR868175	ERR868177	narrowPeak	56090	0.7783089505074723	0.027809450164716858	27.98721103428895	7.94198	0	0	0	0.0	0	510	509	1	1	405	0.20239880059970014	1	1	405	0.020248987550622467	2	1	1112	0.011119888801111989	0	2	1	2	0.135090944528	2001	1	2001	0.0409939868007	20001	1	20001	0.0309260875391	100001	1	100001
CHO_BM_DHIMAN_007	DHIMAN2020_L007	positive	Tier 2	1	GCF_003668045.3	NC_048597.1	21959978	21959978	1	point_coordinate	high	DHIMAN2020	21959978	ERR868175	PRJEB9291	PRJEB9291:210_hours	H3K4me3	narrow	ERR868175	ERR868177	narrowPeak	56090	0.7783089505074723	0.027809450164716858	27.98721103428895	7.94198	0	0	0	0.0	0	13295	13295	0	0	0	0.0	0	0	0	0.0	3	1	3027	0.03026969730302697	0	1	1	1	0.0154871314343	2001	1	2001	0.0148972551372	20001	1	20001	0.0424019251807	100001	1	100001
CHO_BM_DHIMAN_008	DHIMAN2020_L008	positive	Tier 2	1	GCF_003668045.3	NC_048597.1	73524836	73524858	23	mapped_interval	high	DHIMAN2020	73524847	ERR868175	PRJEB9291	PRJEB9291:210_hours	H3K4me3	narrow	ERR868175	ERR868177	narrowPeak	56090	0.7783089505074723	0.027809450164716858	27.98721103428895	7.94198	0	0	0	0.0	0	2303	2292	0	0	0	0.0	2	1	1500	0.07499625018749062	10	1	5272	0.05271947280527195	0	23	1	23	0.00381809095452	2001	1	2001	0.0803433728314	20001	1	20001	0.0614255760442	100001	1	100001
CHO_BM_GAIDUKOV_015	mLP14	positive	Tier 2	1	GCF_003668045.3	NC_048597.1	105106891	105106891	1	point_coordinate	high	GAIDUKOV2018	105106891	ERR868175	PRJEB9291	PRJEB9291:210_hours	H3K4me3	narrow	ERR868175	ERR868177	narrowPeak	56090	0.7783089505074723	0.027809450164716858	27.98721103428895	7.94198	0	0	0	0.0	0	14981	14981	0	0	0	0.0	0	0	0	0.0	4	1	6478	0.06477935220647793	0.0955	1	1	1	0.0267266366817	2001	1	2001	0.0161745037748	20001	1	20001	0.15220102449	100001	1	100001
CHO_BM_DHIMAN_009	DHIMAN2020_L009	positive	Tier 2	1	GCF_003668045.3	NC_048597.1	169164042	169164066	25	mapped_interval	high	DHIMAN2020	169164054	ERR868175	PRJEB9291	PRJEB9291:210_hours	H3K4me3	narrow	ERR868175	ERR868177	narrowPeak	56090	0.7783089505074723	0.027809450164716858	27.98721103428895	7.94198	1	1	25	1.0	1	0	0	1	1	2001	1.0	1	1	4129	0.2064396780160992	8	1	15483	0.15482845171548285	11.29016	25	1	25	6.60201965017	2001	1	2001	1.09852652167	20001	1	20001	0.710257276527	100001	1	100001
CHO_BM_GAIDUKOV_017	mLP16	positive	Tier 2	1	GCF_003668045.3	NC_048597.1	175544362	175544362	1	point_coordinate	high	GAIDUKOV2018	175544362	ERR868175	PRJEB9291	PRJEB9291:210_hours	H3K4me3	narrow	ERR868175	ERR868177	narrowPeak	56090	0.7783089505074723	0.027809450164716858	27.98721103428895	7.94198	0	0	0	0.0	0	4748	4748	0	0	0	0.0	3	1	4500	0.2249887505624719	6	1	7487	0.07486925130748692	0	1	1	1	0.00381809095452	2001	1	2001	0.670700327484	20001	1	20001	0.184629112709	100001	1	100001
CHO_BM_GAIDUKOV_005	mLP4	positive	Tier 2	1	GCF_003668045.3	NC_048597.1	186989799	186989799	1	point_coordinate	high	GAIDUKOV2018	186989799	ERR868175	PRJEB9291	PRJEB9291:210_hours	H3K4me3	narrow	ERR868175	ERR868177	narrowPeak	56090	0.7783089505074723	0.027809450164716858	27.98721103428895	7.94198	0	0	0	0.0	0	4588	4588	0	0	0	0.0	1	1	478	0.02389880505974701	5	1	2223	0.022229777702222977	0.0955	1	1	1	0.0267266366817	2001	1	2001	0.0483471536423	20001	1	20001	0.043242301677	100001	1	100001
CHO_BM_GAIDUKOV_014	mLP13	positive	Tier 2	1	GCF_003668045.3	NC_048598.1	113820843	113820843	1	point_coordinate	high	GAIDUKOV2018	113820843	ERR868175	PRJEB9291	PRJEB9291:210_hours	H3K4me3	narrow	ERR868175	ERR868177	narrowPeak	56090	0.7783089505074723	0.027809450164716858	27.98721103428895	7.94198	0	0	0	0.0	0	88989	88989	0	0	0	0.0	0	0	0	0.0	0	0	0	0.0	0	1	1	1	0.00622826086957	2001	1	2001	0.00534773261337	20001	1	20001	0.00954990450095	100001	1	100001
CHO_BM_GAIDUKOV_018	mLP17	positive	Tier 2	1	GCF_003668045.3	NC_048598.1	152539694	152539694	1	point_coordinate	high	GAIDUKOV2018	152539694	ERR868175	PRJEB9291	PRJEB9291:210_hours	H3K4me3	narrow	ERR868175	ERR868177	narrowPeak	56090	0.7783089505074723	0.027809450164716858	27.98721103428895	7.94198	0	0	0	0.0	0	30040	30040	0	0	0	0.0	0	0	0	0.0	1	1	403	0.004029959700402996	0	1	1	1	0.00381809095452	2001	1	2001	0.011547760112	20001	1	20001	0.0160438751612	100001	1	100001
CHO_BM_GAIDUKOV_003	mLP2	positive	Tier 2	1	GCF_003668045.3	NC_048598.1	158460979	158460979	1	point_coordinate	high	GAIDUKOV2018	158460979	ERR868175	PRJEB9291	PRJEB9291:210_hours	H3K4me3	narrow	ERR868175	ERR868177	narrowPeak	56090	0.7783089505074723	0.027809450164716858	27.98721103428895	7.94198	0	0	0	0.0	0	509880	509880	0	0	0	0.0	0	0	0	0.0	0	0	0	0.0	0	1	1	1	0	2001	1	2001	0.0076396180191	20001	1	20001	0.00557714422856	100001	1	100001
CHO_BM_DHIMAN_010	DHIMAN2020_L010	negative	Tier 2	1	GCF_003668045.3	NC_048599.1	7684596	7781386	96791	mapped_interval	high	DHIMAN2020	7732991	ERR868175	PRJEB9291	PRJEB9291:210_hours	H3K4me3	narrow	ERR868175	ERR868177	narrowPeak	56090	0.7783089505074723	0.027809450164716858	27.98721103428895	7.94198	0	0	0	0.0	0	173829	125434	0	0	0	0.0	0	0	0	0.0	0	0	0	0.0	0.0100244857476	96791	1	96791	0.0267266366817	2001	1	2001	0.0104710514474	20001	1	20001	0.0103420690793	100001	1	100001
CHO_BM_GAIDUKOV_007	mLP6	positive	Tier 2	1	GCF_003668045.3	NC_048599.1	45758703	45758703	1	point_coordinate	high	GAIDUKOV2018	45758703	ERR868175	PRJEB9291	PRJEB9291:210_hours	H3K4me3	narrow	ERR868175	ERR868177	narrowPeak	56090	0.7783089505074723	0.027809450164716858	27.98721103428895	7.94198	0	0	0	0.0	0	6758	6758	0	0	0	0.0	1	1	3088	0.1543922803859807	3	1	5532	0.05531944680553195	0	1	1	1	0.0152723638181	2001	1	2001	0.488946656667	20001	1	20001	0.179022306277	100001	1	100001
CHO_BM_GAIDUKOV_008	mLP7	positive	Tier 2	1	GCF_003668045.3	NC_048599.1	109879626	109879626	1	point_coordinate	high	GAIDUKOV2018	109879626	ERR868175	PRJEB9291	PRJEB9291:210_hours	H3K4me3	narrow	ERR868175	ERR868177	narrowPeak	56090	0.7783089505074723	0.027809450164716858	27.98721103428895	7.94198	0	0	0	0.0	0	2123	2123	0	0	0	0.0	3	1	3851	0.19254037298135093	9	1	9097	0.0909690903090969	0.04775	1	1	1	0.0157734882559	2001	1	2001	0.240452629369	20001	1	20001	0.176942611074	100001	1	100001
CHO_BM_HERTEL_003	Site-C	positive	Tier 2	1	GCF_003668045.3	NC_048600.1	91189327	91189365	39	paired_nick_interval	high	HERTEL2022	91189346	ERR868175	PRJEB9291	PRJEB9291:210_hours	H3K4me3	narrow	ERR868175	ERR868177	narrowPeak	56090	0.7783089505074723	0.027809450164716858	27.98721103428895	7.94198	1	1	39	1.0	1	0	0	1	1	1897	0.9480259870064968	7	1	8032	0.4015799210039498	10	1	14140	0.14139858601413985	2.81361692308	39	1	39	2.52777641679	2001	1	2001	1.00462292885	20001	1	20001	0.49140600144	100001	1	100001
CHO_BM_ZHAO_001	C12orf35	positive	Tier 2	4	GCF_003668045.3	NC_048601.1	371365	371366	2	interbase_cut_boundary	high	ZHAO2018	371365	ERR868175	PRJEB9291	PRJEB9291:210_hours	H3K4me3	narrow	ERR868175	ERR868177	narrowPeak	56090	0.7783089505074723	0.027809450164716858	27.98721103428895	7.94198	0	0	0	0.0	0	15014	15013	0	0	0	0.0	0	0	0	0.0	2	1	3347	0.03346966530334697	0	2	1	2	0.0114542728636	2001	1	2001	0.00687565621719	20001	1	20001	0.0561884358156	100001	1	100001
CHO_BM_DHIMAN_011	DHIMAN2020_L011	support_only	Tier 2	2	GCF_003668045.3	NC_048601.1	1900502	1900502	1	point_coordinate	high	DHIMAN2020	1900502	ERR868175	PRJEB9291	PRJEB9291:210_hours	H3K4me3	narrow	ERR868175	ERR868177	narrowPeak	56090	0.7783089505074723	0.027809450164716858	27.98721103428895	7.94198	0	0	0	0.0	0	8316	8316	0	0	0	0.0	1	1	171	0.008549572521373932	4	1	2235	0.022349776502234978	0	1	1	1	0.0152007746127	2001	1	2001	0.0322894580271	20001	1	20001	0.0624854770452	100001	1	100001
CHO_BM_GAIDUKOV_021	sLP20	positive	Tier 2	1	GCF_003668045.3	NC_048601.1	31728512	31728512	1	point_coordinate	high	GAIDUKOV2018	31728512	ERR868175	PRJEB9291	PRJEB9291:210_hours	H3K4me3	narrow	ERR868175	ERR868177	narrowPeak	56090	0.7783089505074723	0.027809450164716858	27.98721103428895	7.94198	1	1	1	1.0	1	0	0	1	1	2001	1.0	5	1	11449	0.5724213789310535	11	1	16739	0.16738832611673884	3.9633	1	1	1	3.11863371314	2001	1	2001	1.36015377531	20001	1	20001	0.440046854931	100001	1	100001
CHO_BM_HERTEL_001	Site-A	positive	Tier 2	1	GCF_003668045.3	NC_048603.1	21429466	21429529	64	paired_nick_interval	high	HERTEL2022	21429497	ERR868175	PRJEB9291	PRJEB9291:210_hours	H3K4me3	narrow	ERR868175	ERR868177	narrowPeak	56090	0.7783089505074723	0.027809450164716858	27.98721103428895	7.94198	1	1	64	1.0	1	0	0	1	1	2001	1.0	1	1	8805	0.44022798860057	8	1	15063	0.15062849371506284	10.9610071875	64	1	64	8.38432835582	2001	1	2001	2.79639950852	20001	1	20001	0.704140051599	100001	1	100001
CHO_BM_DHIMAN_012	DHIMAN2020_L012	positive	Tier 2	1	GCF_003668045.3	NC_048603.1	26280751	26280867	117	mapped_interval	high	DHIMAN2020	26280809	ERR868175	PRJEB9291	PRJEB9291:210_hours	H3K4me3	narrow	ERR868175	ERR868177	narrowPeak	56090	0.7783089505074723	0.027809450164716858	27.98721103428895	7.94198	0	0	0	0.0	0	122992	122934	0	0	0	0.0	0	0	0	0.0	0	0	0	0.0	0.000816239316239	117	1	117	0.00381809095452	2001	1	2001	0.0165254487276	20001	1	20001	0.0177246227538	100001	1	100001
CHO_BM_HERTEL_002	Site-B	support_only	Tier 2	1	GCF_003668045.3	NC_048603.1	28646724	28646778	55	paired_nick_interval	high	HERTEL2022	28646751	ERR868175	PRJEB9291	PRJEB9291:210_hours	H3K4me3	narrow	ERR868175	ERR868177	narrowPeak	56090	0.7783089505074723	0.027809450164716858	27.98721103428895	7.94198	1	1	55	1.0	1	0	0	1	1	2001	1.0	3	1	13845	0.6922153892305385	11	1	20565	0.20564794352056479	1.77024381818	55	1	55	2.26153310345	2001	1	2001	1.74919473776	20001	1	20001	0.490871144389	100001	1	100001
CHO_BM_ZHAO_002	HPRT	support_only	Tier 2	4	GCF_003668045.3	NC_048604.1	17024143	17024144	2	interbase_cut_boundary	high	ZHAO2018	17024143	ERR868175	PRJEB9291	PRJEB9291:210_hours	H3K4me3	narrow	ERR868175	ERR868177	narrowPeak	56090	0.7783089505074723	0.027809450164716858	27.98721103428895	7.94198	0	0	0	0.0	0	15784	15783	0	0	0	0.0	0	0	0	0.0	3	1	5736	0.05735942640573594	0	2	1	2	0.0114542728636	2001	1	2001	0.00990524223789	20001	1	20001	0.0874895405046	100001	1	100001
CHO_BM_DHIMAN_013	DHIMAN2020_L013	positive	Tier 2	1	GCF_003668045.3	NC_048604.1	59574984	59627432	52449	mapped_interval	high	DHIMAN2020	59601208	ERR868175	PRJEB9291	PRJEB9291:210_hours	H3K4me3	narrow	ERR868175	ERR868177	narrowPeak	56090	0.7783089505074723	0.027809450164716858	27.98721103428895	7.94198	1	1	160	0.0030505824705904785	0	24903	0	0	0	0	0.0	0	0	0	0.0	1	1	160	0.0015999840001599984	0.00786593700547	52449	1	52449	0.0078748125937	2001	1	2001	0.00458377081146	20001	1	20001	0.00529351736483	100001	1	100001
CHO_BM_GAIDUKOV_009	mLP8	positive	Tier 2	1	GCF_003668045.3	NW_023276806.1	48454524	48454524	1	point_coordinate	high	GAIDUKOV2018	48454524	ERR868175	PRJEB9291	PRJEB9291:210_hours	H3K4me3	narrow	ERR868175	ERR868177	narrowPeak	56090	0.7783089505074723	0.027809450164716858	27.98721103428895	7.94198	0	0	0	0.0	0	15285	15285	0	0	0	0.0	0	0	0	0.0	3	1	9058	0.09057909420905791	0	1	1	1	0.0152723638181	2001	1	2001	0.0133693315334	20001	1	20001	0.290931802682	100001	1	100001
CHO_BM_GAIDUKOV_011	mLP10	positive	Tier 2	1	GCF_003668045.3	NW_023276806.1	67810067	67810067	1	point_coordinate	high	GAIDUKOV2018	67810067	ERR868175	PRJEB9291	PRJEB9291:210_hours	H3K4me3	narrow	ERR868175	ERR868177	narrowPeak	56090	0.7783089505074723	0.027809450164716858	27.98721103428895	7.94198	0	0	0	0.0	0	149460	149460	0	0	0	0.0	0	0	0	0.0	0	0	0	0.0	0	1	1	1	0.00381809095452	2001	1	2001	0.00840357982101	20001	1	20001	0.00771632283677	100001	1	100001
CHO_BM_GAIDUKOV_001	sLP1-1	positive	Tier 2	1	GCF_003668045.3	NW_023276806.1	81776324	81776324	1	point_coordinate	high	GAIDUKOV2018	81776324	ERR868175	PRJEB9291	PRJEB9291:210_hours	H3K4me3	narrow	ERR868175	ERR868177	narrowPeak	56090	0.7783089505074723	0.027809450164716858	27.98721103428895	7.94198	0	0	0	0.0	0	78433	78433	0	0	0	0.0	0	0	0	0.0	0	0	0	0.0	0	1	1	1	0.0185416041979	2001	1	2001	0.00534773261337	20001	1	20001	0.0116890848092	100001	1	100001
CHO_BM_GAIDUKOV_013	mLP12	positive	Tier 2	1	GCF_003668045.3	NW_023276806.1	163338145	163338145	1	point_coordinate	high	GAIDUKOV2018	163338145	ERR868175	PRJEB9291	PRJEB9291:210_hours	H3K4me3	narrow	ERR868175	ERR868177	narrowPeak	56090	0.7783089505074723	0.027809450164716858	27.98721103428895	7.94198	0	0	0	0.0	0	2999	2999	0	0	0	0.0	6	1	5558	0.2778861056947153	9	1	11959	0.11958880411195888	0.0955	1	1	1	0.0467716141929	2001	1	2001	0.390439269037	20001	1	20001	0.206803225168	100001	1	100001
CHO_BM_DHIMAN_003	DHIMAN2020_L003	support_only	Tier 2	2	GCF_003668045.3	NW_023276806.1	241273133	241273133	1	point_coordinate	high	DHIMAN2020	241273133	ERR868175	PRJEB9291	PRJEB9291:210_hours	H3K4me3	narrow	ERR868175	ERR868177	narrowPeak	56090	0.7783089505074723	0.027809450164716858	27.98721103428895	7.94198	0	0	0	0.0	0	189862	189862	0	0	0	0.0	0	0	0	0.0	0	0	0	0.0	0	1	1	1	0	2001	1	2001	0.00458377081146	20001	1	20001	0.0070287297127	100001	1	100001
CHO_BM_CHI_001	Hipp11/H11	positive	Tier 2	1	GCF_003668045.3	NW_023276807.1	101678097	101678098	2	interbase_cut_boundary	high	CHI2019	101678097	ERR868175	PRJEB9291	PRJEB9291:210_hours	H3K4me3	narrow	ERR868175	ERR868177	narrowPeak	56090	0.7783089505074723	0.027809450164716858	27.98721103428895	7.94198	0	0	0	0.0	0	22377	22377	0	0	0	0.0	0	0	0	0.0	5	1	7820	0.07819921800781993	0	2	1	2	0.00763618190905	2001	1	2001	0.00954952252387	20001	1	20001	0.248265651243	100001	1	100001
CHO_BM_GAIDUKOV_010	mLP9	positive	Tier 2	1	GCF_003668045.3	NW_023276807.1	132016117	132016117	1	point_coordinate	high	GAIDUKOV2018	132016117	ERR868175	PRJEB9291	PRJEB9291:210_hours	H3K4me3	narrow	ERR868175	ERR868177	narrowPeak	56090	0.7783089505074723	0.027809450164716858	27.98721103428895	7.94198	0	0	0	0.0	0	15510	15510	0	0	0	0.0	0	0	0	0.0	3	1	4213	0.04212957870421296	0	1	1	1	0.0177302598701	2001	1	2001	0.00840357982101	20001	1	20001	0.123982589474	100001	1	100001
CHO_BM_DHIMAN_001	DHIMAN2020_L001	negative	Tier 2	1	GCF_003668045.3	NW_023276807.1	138183203	138205865	22663	mapped_interval	high	DHIMAN2020	138194534	ERR868175	PRJEB9291	PRJEB9291:210_hours	H3K4me3	narrow	ERR868175	ERR868177	narrowPeak	56090	0.7783089505074723	0.027809450164716858	27.98721103428895	7.94198	0	0	0	0.0	0	51121	39790	0	0	0	0.0	0	0	0	0.0	0	0	0	0.0	0.0128103075498	22663	1	22663	0.00699187906047	2001	1	2001	0.0126053697315	20001	1	20001	0.00954990450095	100001	1	100001
CHO_BM_GAIDUKOV_019	mLP18	positive	Tier 2	1	GCF_003668045.3	NW_023276807.1	150040083	150040083	1	point_coordinate	high	GAIDUKOV2018	150040083	ERR868175	PRJEB9291	PRJEB9291:210_hours	H3K4me3	narrow	ERR868175	ERR868177	narrowPeak	56090	0.7783089505074723	0.027809450164716858	27.98721103428895	7.94198	0	0	0	0.0	0	49330	49330	0	0	0	0.0	0	0	0	0.0	1	1	460	0.004599954000459996	0.04775	1	1	1	0.0114542728636	2001	1	2001	0.0118414079296	20001	1	20001	0.017681700983	100001	1	100001
CHO_BM_DHIMAN_002	DHIMAN2020_L002	negative	Tier 2	1	GCF_003668045.3	NW_023276807.1	264596547	264623008	26462	mapped_interval	high	DHIMAN2020	264609777	ERR868175	PRJEB9291	PRJEB9291:210_hours	H3K4me3	narrow	ERR868175	ERR868177	narrowPeak	56090	0.7783089505074723	0.027809450164716858	27.98721103428895	7.94198	0	0	0	0.0	0	166143	152913	0	0	0	0.0	0	0	0	0.0	0	0	0	0.0	0.00952762451818	26462	1	26462	0.00763618190905	2001	1	2001	0.0106954652267	20001	1	20001	0.011307097629	100001	1	100001
CHO_BM_DHIMAN_005	DHIMAN2020_L005	negative	Tier 2	1	GCF_003668045.3	NC_048595.1	257621823	257621823	1	point_coordinate	high	DHIMAN2020	257621823	ERR868176	PRJEB9291	PRJEB9291:210_hours	H3K9me3	broad	ERR868176	ERR868177	broadPeak	185947	0.24749170413503194	0.052213327976147826	4.740010141626894	3.04387	0	0	0	0.0	0	5072	5072	0	0	0	0.0	1	1	685	0.03424828758562072	6	1	2971	0.02970970290297097	0	1	1	1	0.0126811844078	2001	1	2001	0.0368766136693	20001	1	20001	0.0418685521145	100001	1	100001
CHO_BM_GAIDUKOV_002	sLP1-2	positive	Tier 2	1	GCF_003668045.3	NC_048595.1	299949073	299949073	1	point_coordinate	high	GAIDUKOV2018	299949073	ERR868176	PRJEB9291	PRJEB9291:210_hours	H3K9me3	broad	ERR868176	ERR868177	broadPeak	185947	0.24749170413503194	0.052213327976147826	4.740010141626894	3.04387	0	0	0	0.0	0	37397	37397	0	0	0	0.0	0	0	0	0.0	1	1	414	0.0041399586004139954	0	1	1	1	0.0295894302849	2001	1	2001	0.0283395270236	20001	1	20001	0.0421216888831	100001	1	100001
CHO_BM_DHIMAN_004	DHIMAN2020_L004	positive	Tier 2	2	GCF_003668045.3	NC_048595.1	408642588	408642597	10	mapped_interval	high	DHIMAN2020	408642592	ERR868176	PRJEB9291	PRJEB9291:210_hours	H3K9me3	broad	ERR868176	ERR868177	broadPeak	185947	0.24749170413503194	0.052213327976147826	4.740010141626894	3.04387	0	0	0	0.0	0	115698	115693	0	0	0	0.0	0	0	0	0.0	0	0	0	0.0	0	10	1	10	0	2001	1	2001	0.0176088585571	20001	1	20001	0.0182698533015	100001	1	100001
CHO_BM_DHIMAN_006	DHIMAN2020_L006	support_only	Tier 2	2	GCF_003668045.3	NC_048596.1	236735321	236735321	1	point_coordinate	high	DHIMAN2020	236735321	ERR868176	PRJEB9291	PRJEB9291:210_hours	H3K9me3	broad	ERR868176	ERR868177	broadPeak	185947	0.24749170413503194	0.052213327976147826	4.740010141626894	3.04387	0	0	0	0.0	0	22117	22117	0	0	0	0.0	0	0	0	0.0	1	1	438	0.004379956200437996	0.05457	1	1	1	0.0185172563718	2001	1	2001	0.0164929578521	20001	1	20001	0.0253382639174	100001	1	100001
CHO_BM_GAIDUKOV_016	mLP15	positive	Tier 2	1	GCF_003668045.3	NC_048596.1	246185831	246185831	1	point_coordinate	high	GAIDUKOV2018	246185831	ERR868176	PRJEB9291	PRJEB9291:210_hours	H3K9me3	broad	ERR868176	ERR868177	broadPeak	185947	0.24749170413503194	0.052213327976147826	4.740010141626894	3.04387	0	0	0	0.0	0	5829	5829	0	0	0	0.0	3	1	1192	0.05959702014899255	3	1	1192	0.011919880801191989	0	1	1	1	0.00845412293853	2001	1	2001	0.0727195085246	20001	1	20001	0.0417555492445	100001	1	100001
CHO_BM_ZHAO_003	GRIK1	support_only	Tier 2	4	GCF_003668045.3	NC_048597.1	9449577	9449578	2	interbase_cut_boundary	high	ZHAO2018	9449577	ERR868176	PRJEB9291	PRJEB9291:210_hours	H3K9me3	broad	ERR868176	ERR868177	broadPeak	185947	0.24749170413503194	0.052213327976147826	4.740010141626894	3.04387	0	0	0	0.0	0	140875	140875	0	0	0	0.0	0	0	0	0.0	0	0	0	0.0	0	2	1	2	0.0572425937031	2001	1	2001	0.0391056352182	20001	1	20001	0.0471971630284	100001	1	100001
CHO_BM_DHIMAN_007	DHIMAN2020_L007	positive	Tier 2	1	GCF_003668045.3	NC_048597.1	21959978	21959978	1	point_coordinate	high	DHIMAN2020	21959978	ERR868176	PRJEB9291	PRJEB9291:210_hours	H3K9me3	broad	ERR868176	ERR868177	broadPeak	185947	0.24749170413503194	0.052213327976147826	4.740010141626894	3.04387	0	0	0	0.0	0	18341	18341	0	0	0	0.0	0	0	0	0.0	1	1	218	0.002179978200217998	0	1	1	1	0.0220625337331	2001	1	2001	0.0215677141143	20001	1	20001	0.0272896628034	100001	1	100001
CHO_BM_DHIMAN_008	DHIMAN2020_L008	positive	Tier 2	1	GCF_003668045.3	NC_048597.1	73524836	73524858	23	mapped_interval	high	DHIMAN2020	73524847	ERR868176	PRJEB9291	PRJEB9291:210_hours	H3K9me3	broad	ERR868176	ERR868177	broadPeak	185947	0.24749170413503194	0.052213327976147826	4.740010141626894	3.04387	0	0	0	0.0	0	71033	71022	0	0	0	0.0	0	0	0	0.0	0	0	0	0.0	0.05457	23	1	23	0.00845412293853	2001	1	2001	0.0202990250487	20001	1	20001	0.0254610314897	100001	1	100001
CHO_BM_GAIDUKOV_015	mLP14	positive	Tier 2	1	GCF_003668045.3	NC_048597.1	105106891	105106891	1	point_coordinate	high	GAIDUKOV2018	105106891	ERR868176	PRJEB9291	PRJEB9291:210_hours	H3K9me3	broad	ERR868176	ERR868177	broadPeak	185947	0.24749170413503194	0.052213327976147826	4.740010141626894	3.04387	0	0	0	0.0	0	31385	31385	0	0	0	0.0	0	0	0	0.0	1	1	609	0.006089939100608994	0	1	1	1	0.00422706146927	2001	1	2001	0.0168421883906	20001	1	20001	0.0301245678543	100001	1	100001
CHO_BM_DHIMAN_009	DHIMAN2020_L009	positive	Tier 2	1	GCF_003668045.3	NC_048597.1	169164042	169164066	25	mapped_interval	high	DHIMAN2020	169164054	ERR868176	PRJEB9291	PRJEB9291:210_hours	H3K9me3	broad	ERR868176	ERR868177	broadPeak	185947	0.24749170413503194	0.052213327976147826	4.740010141626894	3.04387	0	0	0	0.0	0	24154	24142	0	0	0	0.0	0	0	0	0.0	1	1	276	0.002759972400275997	0.05457	25	1	25	0.0454886356822	2001	1	2001	0.0427125318734	20001	1	20001	0.0560096848032	100001	1	100001
CHO_BM_GAIDUKOV_017	mLP16	positive	Tier 2	1	GCF_003668045.3	NC_048597.1	175544362	175544362	1	point_coordinate	high	GAIDUKOV2018	175544362	ERR868176	PRJEB9291	PRJEB9291:210_hours	H3K9me3	broad	ERR868176	ERR868177	broadPeak	185947	0.24749170413503194	0.052213327976147826	4.740010141626894	3.04387	0	0	0	0.0	0	18914	18914	0	0	0	0.0	0	0	0	0.0	5	1	1576	0.015759842401575984	0	1	1	1	0.0253623688156	2001	1	2001	0.0262386725664	20001	1	20001	0.0368262820372	100001	1	100001
CHO_BM_GAIDUKOV_005	mLP4	positive	Tier 2	1	GCF_003668045.3	NC_048597.1	186989799	186989799	1	point_coordinate	high	GAIDUKOV2018	186989799	ERR868176	PRJEB9291	PRJEB9291:210_hours	H3K9me3	broad	ERR868176	ERR868177	broadPeak	185947	0.24749170413503194	0.052213327976147826	4.740010141626894	3.04387	0	0	0	0.0	0	36798	36798	0	0	0	0.0	0	0	0	0.0	2	1	552	0.005519944800551994	0	1	1	1	0.00760871064468	2001	1	2001	0.0208719814009	20001	1	20001	0.0291810190898	100001	1	100001
CHO_BM_GAIDUKOV_014	mLP13	positive	Tier 2	1	GCF_003668045.3	NC_048598.1	113820843	113820843	1	point_coordinate	high	GAIDUKOV2018	113820843	ERR868176	PRJEB9291	PRJEB9291:210_hours	H3K9me3	broad	ERR868176	ERR868177	broadPeak	185947	0.24749170413503194	0.052213327976147826	4.740010141626894	3.04387	0	0	0	0.0	0	101264	101264	0	0	0	0.0	0	0	0	0.0	0	0	0	0.0	0	1	1	1	0.0169082458771	2001	1	2001	0.0224135093245	20001	1	20001	0.0376463934361	100001	1	100001
CHO_BM_GAIDUKOV_018	mLP17	positive	Tier 2	1	GCF_003668045.3	NC_048598.1	152539694	152539694	1	point_coordinate	high	GAIDUKOV2018	152539694	ERR868176	PRJEB9291	PRJEB9291:210_hours	H3K9me3	broad	ERR868176	ERR868177	broadPeak	185947	0.24749170413503194	0.052213327976147826	4.740010141626894	3.04387	0	0	0	0.0	0	67333	67333	0	0	0	0.0	0	0	0	0.0	0	0	0	0.0	0	1	1	1	0.0211625787106	2001	1	2001	0.0241050922454	20001	1	20001	0.0322794788052	100001	1	100001
CHO_BM_GAIDUKOV_003	mLP2	positive	Tier 2	1	GCF_003668045.3	NC_048598.1	158460979	158460979	1	point_coordinate	high	GAIDUKOV2018	158460979	ERR868176	PRJEB9291	PRJEB9291:210_hours	H3K9me3	broad	ERR868176	ERR868177	broadPeak	185947	0.24749170413503194	0.052213327976147826	4.740010141626894	3.04387	0	0	0	0.0	0	7062	7062	0	0	0	0.0	1	1	171	0.008549572521373932	21	1	6747	0.06746932530674693	0.05457	1	1	1	0.134720674663	2001	1	2001	0.105200506475	20001	1	20001	0.120809664203	100001	1	100001
CHO_BM_DHIMAN_010	DHIMAN2020_L010	negative	Tier 2	1	GCF_003668045.3	NC_048599.1	7684596	7781386	96791	mapped_interval	high	DHIMAN2020	7732991	ERR868176	PRJEB9291	PRJEB9291:210_hours	H3K9me3	broad	ERR868176	ERR868177	broadPeak	185947	0.24749170413503194	0.052213327976147826	4.740010141626894	3.04387	1	66	35448	0.3662323976402765	1	0	0	1	1	868	0.4337831084457771	12	1	8120	0.40597970101494923	67	1	35990	0.35989640103598963	0.275089304584	96791	1	96791	0.275471469265	2001	1	2001	0.275541420429	20001	1	20001	0.273484111659	100001	1	100001
CHO_BM_GAIDUKOV_007	mLP6	positive	Tier 2	1	GCF_003668045.3	NC_048599.1	45758703	45758703	1	point_coordinate	high	GAIDUKOV2018	45758703	ERR868176	PRJEB9291	PRJEB9291:210_hours	H3K9me3	broad	ERR868176	ERR868177	broadPeak	185947	0.24749170413503194	0.052213327976147826	4.740010141626894	3.04387	0	0	0	0.0	0	14273	14273	0	0	0	0.0	0	0	0	0.0	1	1	320	0.0031999680003199967	0	1	1	1	0.0164173613193	2001	1	2001	0.0189048312584	20001	1	20001	0.0369517409826	100001	1	100001
CHO_BM_GAIDUKOV_008	mLP7	positive	Tier 2	1	GCF_003668045.3	NC_048599.1	109879626	109879626	1	point_coordinate	high	GAIDUKOV2018	109879626	ERR868176	PRJEB9291	PRJEB9291:210_hours	H3K9me3	broad	ERR868176	ERR868177	broadPeak	185947	0.24749170413503194	0.052213327976147826	4.740010141626894	3.04387	0	0	0	0.0	0	7897	7897	0	0	0	0.0	1	1	207	0.010349482525873706	2	1	393	0.003929960700392996	0	1	1	1	0.00845412293853	2001	1	2001	0.0444370251487	20001	1	20001	0.0346156523435	100001	1	100001
CHO_BM_HERTEL_003	Site-C	positive	Tier 2	1	GCF_003668045.3	NC_048600.1	91189327	91189365	39	paired_nick_interval	high	HERTEL2022	91189346	ERR868176	PRJEB9291	PRJEB9291:210_hours	H3K9me3	broad	ERR868176	ERR868177	broadPeak	185947	0.24749170413503194	0.052213327976147826	4.740010141626894	3.04387	0	0	0	0.0	0	10350	10331	0	0	0	0.0	0	0	0	0.0	5	1	3545	0.035449645503544965	0.05457	39	1	39	0.0253623688156	2001	1	2001	0.0319218539073	20001	1	20001	0.0693996904031	100001	1	100001
CHO_BM_ZHAO_001	C12orf35	positive	Tier 2	4	GCF_003668045.3	NC_048601.1	371365	371366	2	interbase_cut_boundary	high	ZHAO2018	371365	ERR868176	PRJEB9291	PRJEB9291:210_hours	H3K9me3	broad	ERR868176	ERR868177	broadPeak	185947	0.24749170413503194	0.052213327976147826	4.740010141626894	3.04387	1	1	2	1.0	1	0	0	2	1	517	0.25837081459270367	4	1	1423	0.0711464426778661	4	1	1838	0.01837981620183798	0.382	2	1	2	0.170255662169	2001	1	2001	0.0962514069297	20001	1	20001	0.0441522205778	100001	1	100001
CHO_BM_DHIMAN_011	DHIMAN2020_L011	support_only	Tier 2	2	GCF_003668045.3	NC_048601.1	1900502	1900502	1	point_coordinate	high	DHIMAN2020	1900502	ERR868176	PRJEB9291	PRJEB9291:210_hours	H3K9me3	broad	ERR868176	ERR868177	broadPeak	185947	0.24749170413503194	0.052213327976147826	4.740010141626894	3.04387	0	0	0	0.0	0	101	101	3	1	851	0.42528735632183906	6	1	2450	0.12249387530623469	31	1	13683	0.13682863171368287	0.16371	1	1	1	0.282999605197	2001	1	2001	0.284938327084	20001	1	20001	0.284416205738	100001	1	100001
CHO_BM_GAIDUKOV_021	sLP20	positive	Tier 2	1	GCF_003668045.3	NC_048601.1	31728512	31728512	1	point_coordinate	high	GAIDUKOV2018	31728512	ERR868176	PRJEB9291	PRJEB9291:210_hours	H3K9me3	broad	ERR868176	ERR868177	broadPeak	185947	0.24749170413503194	0.052213327976147826	4.740010141626894	3.04387	0	0	0	0.0	0	83598	83598	0	0	0	0.0	0	0	0	0.0	0	0	0	0.0	0.05457	1	1	1	0.0126811844078	2001	1	2001	0.0159554702265	20001	1	20001	0.022440596694	100001	1	100001
CHO_BM_HERTEL_001	Site-A	positive	Tier 2	1	GCF_003668045.3	NC_048603.1	21429466	21429529	64	paired_nick_interval	high	HERTEL2022	21429497	ERR868176	PRJEB9291	PRJEB9291:210_hours	H3K9me3	broad	ERR868176	ERR868177	broadPeak	185947	0.24749170413503194	0.052213327976147826	4.740010141626894	3.04387	0	0	0	0.0	0	3438	3407	0	0	0	0.0	5	1	3457	0.1728413579321034	20	1	10390	0.1038989610103899	0.21145875	64	1	64	0.0680965967016	2001	1	2001	0.193279913004	20001	1	20001	0.191888233418	100001	1	100001
CHO_BM_DHIMAN_012	DHIMAN2020_L012	positive	Tier 2	1	GCF_003668045.3	NC_048603.1	26280751	26280867	117	mapped_interval	high	DHIMAN2020	26280809	ERR868176	PRJEB9291	PRJEB9291:210_hours	H3K9me3	broad	ERR868176	ERR868177	broadPeak	185947	0.24749170413503194	0.052213327976147826	4.740010141626894	3.04387	1	1	108	0.9230769230769231	1	0	0	4	1	866	0.43278360819590206	14	1	12610	0.6304684765761712	69	1	55790	0.5578944210557895	0.555504615385	117	1	117	0.42456886057	2001	1	2001	0.451683175341	20001	1	20001	0.440598214718	100001	1	100001
CHO_BM_HERTEL_002	Site-B	support_only	Tier 2	1	GCF_003668045.3	NC_048603.1	28646724	28646778	55	paired_nick_interval	high	HERTEL2022	28646751	ERR868176	PRJEB9291	PRJEB9291:210_hours	H3K9me3	broad	ERR868176	ERR868177	broadPeak	185947	0.24749170413503194	0.052213327976147826	4.740010141626894	3.04387	0	0	0	0.0	0	64004	63977	0	0	0	0.0	0	0	0	0.0	0	0	0	0.0	0.0466325454545	55	1	55	0.0230988455772	2001	1	2001	0.0331168771561	20001	1	20001	0.0412501600984	100001	1	100001
CHO_BM_ZHAO_002	HPRT	support_only	Tier 2	4	GCF_003668045.3	NC_048604.1	17024143	17024144	2	interbase_cut_boundary	high	ZHAO2018	17024143	ERR868176	PRJEB9291	PRJEB9291:210_hours	H3K9me3	broad	ERR868176	ERR868177	broadPeak	185947	0.24749170413503194	0.052213327976147826	4.740010141626894	3.04387	0	0	0	0.0	0	52591	52591	0	0	0	0.0	0	0	0	0.0	0	0	0	0.0	0	2	1	2	0.0174536731634	2001	1	2001	0.00930371981401	20001	1	20001	0.00938867461325	100001	1	100001
CHO_BM_DHIMAN_013	DHIMAN2020_L013	positive	Tier 2	1	GCF_003668045.3	NC_048604.1	59574984	59627432	52449	mapped_interval	high	DHIMAN2020	59601208	ERR868176	PRJEB9291	PRJEB9291:210_hours	H3K9me3	broad	ERR868176	ERR868177	broadPeak	185947	0.24749170413503194	0.052213327976147826	4.740010141626894	3.04387	0	0	0	0.0	0	60616	34392	0	0	0	0.0	0	0	0	0.0	0	0	0	0.0	0.0120638934965	52449	1	52449	0.00845412293853	2001	1	2001	0.00857524673766	20001	1	20001	0.0142098859011	100001	1	100001
CHO_BM_GAIDUKOV_009	mLP8	positive	Tier 2	1	GCF_003668045.3	NW_023276806.1	48454524	48454524	1	point_coordinate	high	GAIDUKOV2018	48454524	ERR868176	PRJEB9291	PRJEB9291:210_hours	H3K9me3	broad	ERR868176	ERR868177	broadPeak	185947	0.24749170413503194	0.052213327976147826	4.740010141626894	3.04387	0	0	0	0.0	0	36917	36917	0	0	0	0.0	0	0	0	0.0	1	1	735	0.007349926500734993	0.05457	1	1	1	0.0169082458771	2001	1	2001	0.0177616469177	20001	1	20001	0.032412698573	100001	1	100001
CHO_BM_GAIDUKOV_011	mLP10	positive	Tier 2	1	GCF_003668045.3	NW_023276806.1	67810067	67810067	1	point_coordinate	high	GAIDUKOV2018	67810067	ERR868176	PRJEB9291	PRJEB9291:210_hours	H3K9me3	broad	ERR868176	ERR868177	broadPeak	185947	0.24749170413503194	0.052213327976147826	4.740010141626894	3.04387	0	0	0	0.0	0	65480	65480	0	0	0	0.0	0	0	0	0.0	0	0	0	0.0	0	1	1	1	0.0338164917541	2001	1	2001	0.03337880006	20001	1	20001	0.0260601885981	100001	1	100001
CHO_BM_GAIDUKOV_001	sLP1-1	positive	Tier 2	1	GCF_003668045.3	NW_023276806.1	81776324	81776324	1	point_coordinate	high	GAIDUKOV2018	81776324	ERR868176	PRJEB9291	PRJEB9291:210_hours	H3K9me3	broad	ERR868176	ERR868177	broadPeak	185947	0.24749170413503194	0.052213327976147826	4.740010141626894	3.04387	0	0	0	0.0	0	44547	44547	0	0	0	0.0	0	0	0	0.0	1	1	237	0.002369976300236998	0	1	1	1	0.0245987706147	2001	1	2001	0.0309287305635	20001	1	20001	0.0362308513915	100001	1	100001
CHO_BM_GAIDUKOV_013	mLP12	positive	Tier 2	1	GCF_003668045.3	NW_023276806.1	163338145	163338145	1	point_coordinate	high	GAIDUKOV2018	163338145	ERR868176	PRJEB9291	PRJEB9291:210_hours	H3K9me3	broad	ERR868176	ERR868177	broadPeak	185947	0.24749170413503194	0.052213327976147826	4.740010141626894	3.04387	0	0	0	0.0	0	188715	188715	0	0	0	0.0	0	0	0	0.0	0	0	0	0.0	0	1	1	1	0.0126811844078	2001	1	2001	0.0248308369582	20001	1	20001	0.0226566917331	100001	1	100001
CHO_BM_DHIMAN_003	DHIMAN2020_L003	support_only	Tier 2	2	GCF_003668045.3	NW_023276806.1	241273133	241273133	1	point_coordinate	high	DHIMAN2020	241273133	ERR868176	PRJEB9291	PRJEB9291:210_hours	H3K9me3	broad	ERR868176	ERR868177	broadPeak	185947	0.24749170413503194	0.052213327976147826	4.740010141626894	3.04387	0	0	0	0.0	0	3638	3638	0	0	0	0.0	1	1	445	0.02224888755562222	2	1	613	0.0061299387006129935	0.10914	1	1	1	0.0619605397301	2001	1	2001	0.0814581340933	20001	1	20001	0.0688323571764	100001	1	100001
CHO_BM_CHI_001	Hipp11/H11	positive	Tier 2	1	GCF_003668045.3	NW_023276807.1	101678097	101678098	2	interbase_cut_boundary	high	CHI2019	101678097	ERR868176	PRJEB9291	PRJEB9291:210_hours	H3K9me3	broad	ERR868176	ERR868177	broadPeak	185947	0.24749170413503194	0.052213327976147826	4.740010141626894	3.04387	0	0	0	0.0	0	19644	19643	0	0	0	0.0	0	0	0	0.0	1	1	155	0.0015499845001549985	0.05457	2	1	2	0.0211353073463	2001	1	2001	0.0289752222389	20001	1	20001	0.0290118609814	100001	1	100001
CHO_BM_GAIDUKOV_010	mLP9	positive	Tier 2	1	GCF_003668045.3	NW_023276807.1	132016117	132016117	1	point_coordinate	high	GAIDUKOV2018	132016117	ERR868176	PRJEB9291	PRJEB9291:210_hours	H3K9me3	broad	ERR868176	ERR868177	broadPeak	185947	0.24749170413503194	0.052213327976147826	4.740010141626894	3.04387	0	0	0	0.0	0	13327	13327	0	0	0	0.0	0	0	0	0.0	2	1	897	0.00896991030089699	0.05457	1	1	1	0.0400343628186	2001	1	2001	0.0211448177591	20001	1	20001	0.0296607357926	100001	1	100001
CHO_BM_DHIMAN_001	DHIMAN2020_L001	negative	Tier 2	1	GCF_003668045.3	NW_023276807.1	138183203	138205865	22663	mapped_interval	high	DHIMAN2020	138194534	ERR868176	PRJEB9291	PRJEB9291:210_hours	H3K9me3	broad	ERR868176	ERR868177	broadPeak	185947	0.24749170413503194	0.052213327976147826	4.740010141626894	3.04387	0	0	0	0.0	0	71648	60317	0	0	0	0.0	0	0	0	0.0	0	0	0	0.0	0.0251118797158	22663	1	22663	0.0415070164918	2001	1	2001	0.0236821958902	20001	1	20001	0.0297894651053	100001	1	100001
CHO_BM_GAIDUKOV_019	mLP18	positive	Tier 2	1	GCF_003668045.3	NW_023276807.1	150040083	150040083	1	point_coordinate	high	GAIDUKOV2018	150040083	ERR868176	PRJEB9291	PRJEB9291:210_hours	H3K9me3	broad	ERR868176	ERR868177	broadPeak	185947	0.24749170413503194	0.052213327976147826	4.740010141626894	3.04387	0	0	0	0.0	0	73874	73874	0	0	0	0.0	0	0	0	0.0	0	0	0	0.0	0	1	1	1	0.0338164917541	2001	1	2001	0.0216359232038	20001	1	20001	0.0311264278357	100001	1	100001
CHO_BM_DHIMAN_002	DHIMAN2020_L002	negative	Tier 2	1	GCF_003668045.3	NW_023276807.1	264596547	264623008	26462	mapped_interval	high	DHIMAN2020	264609777	ERR868176	PRJEB9291	PRJEB9291:210_hours	H3K9me3	broad	ERR868176	ERR868177	broadPeak	185947	0.24749170413503194	0.052213327976147826	4.740010141626894	3.04387	1	1	446	0.016854357191444336	0	7603	0	0	0	0	0.0	1	1	446	0.022298885055747213	1	1	446	0.004459955400445996	0.040206946187	26462	1	26462	0.0256623538231	2001	1	2001	0.04017539973	20001	1	20001	0.0273202464975	100001	1	100001
CHO_BM_DHIMAN_005	DHIMAN2020_L005	negative	Tier 2	1	GCF_003668045.3	NC_048595.1	257621823	257621823	1	point_coordinate	high	DHIMAN2020	257621823	SRR20770291	PRJNA865478	PRJNA865478:7_days	H3K27ac	narrow	SRR20770291	SRR20770295	narrowPeak	74365	0.14916672372026546	0.017835909364160733	8.363281101887596	5.34256	0	0	0	0.0	0	14640	14640	0	0	0	0.0	0	0	0	0.0	3	1	890	0.008899911000889991	0.11957	1	1	1	0.0887461569215	2001	1	2001	0.0650254952252	20001	1	20001	0.0664405558944	100001	1	100001
CHO_BM_GAIDUKOV_002	sLP1-2	positive	Tier 2	1	GCF_003668045.3	NC_048595.1	299949073	299949073	1	point_coordinate	high	GAIDUKOV2018	299949073	SRR20770291	PRJNA865478	PRJNA865478:7_days	H3K27ac	narrow	SRR20770291	SRR20770295	narrowPeak	74365	0.14916672372026546	0.017835909364160733	8.363281101887596	5.34256	0	0	0	0.0	0	4015	4015	0	0	0	0.0	2	1	356	0.017799110044497773	2	1	356	0.0035599644003559963	0.09565	1	1	1	0.0342857771114	2001	1	2001	0.0496484455777	20001	1	20001	0.0399995425046	100001	1	100001
CHO_BM_DHIMAN_004	DHIMAN2020_L004	positive	Tier 2	2	GCF_003668045.3	NC_048595.1	408642588	408642597	10	mapped_interval	high	DHIMAN2020	408642592	SRR20770291	PRJNA865478	PRJNA865478:7_days	H3K27ac	narrow	SRR20770291	SRR20770295	narrowPeak	74365	0.14916672372026546	0.017835909364160733	8.363281101887596	5.34256	0	0	0	0.0	0	124699	124694	0	0	0	0.0	0	0	0	0.0	0	0	0	0.0	0.04783	10	1	10	0.0636488205897	2001	1	2001	0.0554723818809	20001	1	20001	0.0489596701033	100001	1	100001
CHO_BM_DHIMAN_006	DHIMAN2020_L006	support_only	Tier 2	2	GCF_003668045.3	NC_048596.1	236735321	236735321	1	point_coordinate	high	DHIMAN2020	236735321	SRR20770291	PRJNA865478	PRJNA865478:7_days	H3K27ac	narrow	SRR20770291	SRR20770295	narrowPeak	74365	0.14916672372026546	0.017835909364160733	8.363281101887596	5.34256	0	0	0	0.0	0	17496	17496	0	0	0	0.0	0	0	0	0.0	18	1	11850	0.11849881501184988	0.09565	1	1	1	0.106145857071	2001	1	2001	0.10829439128	20001	1	20001	0.154171856281	100001	1	100001
CHO_BM_GAIDUKOV_016	mLP15	positive	Tier 2	1	GCF_003668045.3	NC_048596.1	246185831	246185831	1	point_coordinate	high	GAIDUKOV2018	246185831	SRR20770291	PRJNA865478	PRJNA865478:7_days	H3K27ac	narrow	SRR20770291	SRR20770295	narrowPeak	74365	0.14916672372026546	0.017835909364160733	8.363281101887596	5.34256	0	0	0	0.0	0	92833	92833	0	0	0	0.0	0	0	0	0.0	0	0	0	0.0	0	1	1	1	0.0795199250375	2001	1	2001	0.0728350787461	20001	1	20001	0.0691840864591	100001	1	100001
CHO_BM_ZHAO_003	GRIK1	support_only	Tier 2	4	GCF_003668045.3	NC_048597.1	9449577	9449578	2	interbase_cut_boundary	high	ZHAO2018	9449577	SRR20770291	PRJNA865478	PRJNA865478:7_days	H3K27ac	narrow	SRR20770291	SRR20770295	narrowPeak	74365	0.14916672372026546	0.017835909364160733	8.363281101887596	5.34256	0	0	0	0.0	0	176953	176952	0	0	0	0.0	0	0	0	0.0	0	0	0	0.0	0.09565	2	1	2	0.0588206196902	2001	1	2001	0.0527259377031	20001	1	20001	0.0494380274197	100001	1	100001
CHO_BM_DHIMAN_007	DHIMAN2020_L007	positive	Tier 2	1	GCF_003668045.3	NC_048597.1	21959978	21959978	1	point_coordinate	high	DHIMAN2020	21959978	SRR20770291	PRJNA865478	PRJNA865478:7_days	H3K27ac	narrow	SRR20770291	SRR20770295	narrowPeak	74365	0.14916672372026546	0.017835909364160733	8.363281101887596	5.34256	0	0	0	0.0	0	6244	6244	0	0	0	0.0	1	1	175	0.008749562521873906	8	1	4022	0.04021959780402196	0.19131	1	1	1	0.106241529235	2001	1	2001	0.0860153902305	20001	1	20001	0.0823688650114	100001	1	100001
CHO_BM_DHIMAN_008	DHIMAN2020_L008	positive	Tier 2	1	GCF_003668045.3	NC_048597.1	73524836	73524858	23	mapped_interval	high	DHIMAN2020	73524847	SRR20770291	PRJNA865478	PRJNA865478:7_days	H3K27ac	narrow	SRR20770291	SRR20770295	narrowPeak	74365	0.14916672372026546	0.017835909364160733	8.363281101887596	5.34256	0	0	0	0.0	0	85772	85761	0	0	0	0.0	0	0	0	0.0	0	0	0	0.0	0.0343095652174	23	1	23	0.0710827136432	2001	1	2001	0.0567039018049	20001	1	20001	0.0553784662153	100001	1	100001
CHO_BM_GAIDUKOV_015	mLP14	positive	Tier 2	1	GCF_003668045.3	NC_048597.1	105106891	105106891	1	point_coordinate	high	GAIDUKOV2018	105106891	SRR20770291	PRJNA865478	PRJNA865478:7_days	H3K27ac	narrow	SRR20770291	SRR20770295	narrowPeak	74365	0.14916672372026546	0.017835909364160733	8.363281101887596	5.34256	0	0	0	0.0	0	1068	1068	0	0	0	0.0	10	1	2490	0.12449377531123444	40	1	17488	0.17487825121748782	0.11957	1	1	1	0.171337141429	2001	1	2001	0.191576332683	20001	1	20001	0.178383203068	100001	1	100001
CHO_BM_DHIMAN_009	DHIMAN2020_L009	positive	Tier 2	1	GCF_003668045.3	NC_048597.1	169164042	169164066	25	mapped_interval	high	DHIMAN2020	169164054	SRR20770291	PRJNA865478	PRJNA865478:7_days	H3K27ac	narrow	SRR20770291	SRR20770295	narrowPeak	74365	0.14916672372026546	0.017835909364160733	8.363281101887596	5.34256	0	0	0	0.0	0	202	190	3	1	1358	0.6786606696651675	11	1	5282	0.264086795660217	29	1	15937	0.15936840631593685	0.2305252	25	1	25	0.56635898051	2001	1	2001	0.326363224339	20001	1	20001	0.258295943141	100001	1	100001
CHO_BM_GAIDUKOV_017	mLP16	positive	Tier 2	1	GCF_003668045.3	NC_048597.1	175544362	175544362	1	point_coordinate	high	GAIDUKOV2018	175544362	SRR20770291	PRJNA865478	PRJNA865478:7_days	H3K27ac	narrow	SRR20770291	SRR20770295	narrowPeak	74365	0.14916672372026546	0.017835909364160733	8.363281101887596	5.34256	0	0	0	0.0	0	9474	9474	0	0	0	0.0	2	1	265	0.013249337533123344	2	1	352	0.0035199648003519965	0.09565	1	1	1	0.0712374212894	2001	1	2001	0.0676818364082	20001	1	20001	0.0594922301777	100001	1	100001
CHO_BM_GAIDUKOV_005	mLP4	positive	Tier 2	1	GCF_003668045.3	NC_048597.1	186989799	186989799	1	point_coordinate	high	GAIDUKOV2018	186989799	SRR20770291	PRJNA865478	PRJNA865478:7_days	H3K27ac	narrow	SRR20770291	SRR20770295	narrowPeak	74365	0.14916672372026546	0.017835909364160733	8.363281101887596	5.34256	0	0	0	0.0	0	116995	116995	0	0	0	0.0	0	0	0	0.0	0	0	0	0.0	0.02391	1	1	1	0.0243544627686	2001	1	2001	0.0453537528124	20001	1	20001	0.0446057416426	100001	1	100001
CHO_BM_GAIDUKOV_014	mLP13	positive	Tier 2	1	GCF_003668045.3	NC_048598.1	113820843	113820843	1	point_coordinate	high	GAIDUKOV2018	113820843	SRR20770291	PRJNA865478	PRJNA865478:7_days	H3K27ac	narrow	SRR20770291	SRR20770295	narrowPeak	74365	0.14916672372026546	0.017835909364160733	8.363281101887596	5.34256	0	0	0	0.0	0	250174	250174	0	0	0	0.0	0	0	0	0.0	0	0	0	0.0	0.04783	1	1	1	0.0665892453773	2001	1	2001	0.0503288380581	20001	1	20001	0.0455239774602	100001	1	100001
CHO_BM_GAIDUKOV_018	mLP17	positive	Tier 2	1	GCF_003668045.3	NC_048598.1	152539694	152539694	1	point_coordinate	high	GAIDUKOV2018	152539694	SRR20770291	PRJNA865478	PRJNA865478:7_days	H3K27ac	narrow	SRR20770291	SRR20770295	narrowPeak	74365	0.14916672372026546	0.017835909364160733	8.363281101887596	5.34256	0	0	0	0.0	0	193043	193043	0	0	0	0.0	0	0	0	0.0	0	0	0	0.0	0.02391	1	1	1	0.0221440029985	2001	1	2001	0.0406204619769	20001	1	20001	0.0378223088769	100001	1	100001
CHO_BM_GAIDUKOV_003	mLP2	positive	Tier 2	1	GCF_003668045.3	NC_048598.1	158460979	158460979	1	point_coordinate	high	GAIDUKOV2018	158460979	SRR20770291	PRJNA865478	PRJNA865478:7_days	H3K27ac	narrow	SRR20770291	SRR20770295	narrowPeak	74365	0.14916672372026546	0.017835909364160733	8.363281101887596	5.34256	0	0	0	0.0	0	915455	915455	0	0	0	0.0	0	0	0	0.0	0	0	0	0.0	0.02391	1	1	1	0.0373093003498	2001	1	2001	0.0378979141043	20001	1	20001	0.0347310233898	100001	1	100001
CHO_BM_DHIMAN_010	DHIMAN2020_L010	negative	Tier 2	1	GCF_003668045.3	NC_048599.1	7684596	7781386	96791	mapped_interval	high	DHIMAN2020	7732991	SRR20770291	PRJNA865478	PRJNA865478:7_days	H3K27ac	narrow	SRR20770291	SRR20770295	narrowPeak	74365	0.14916672372026546	0.017835909364160733	8.363281101887596	5.34256	0	0	0	0.0	0	666872	618477	0	0	0	0.0	0	0	0	0.0	0	0	0	0.0	0.0818240609148	96791	1	96791	0.083642093953	2001	1	2001	0.0889280615969	20001	1	20001	0.0818466429336	100001	1	100001
CHO_BM_GAIDUKOV_007	mLP6	positive	Tier 2	1	GCF_003668045.3	NC_048599.1	45758703	45758703	1	point_coordinate	high	GAIDUKOV2018	45758703	SRR20770291	PRJNA865478	PRJNA865478:7_days	H3K27ac	narrow	SRR20770291	SRR20770295	narrowPeak	74365	0.14916672372026546	0.017835909364160733	8.363281101887596	5.34256	0	0	0	0.0	0	4587	4587	0	0	0	0.0	5	1	2751	0.1375431228438578	9	1	4106	0.04105958940410596	0.02391	1	1	1	0.0847897551224	2001	1	2001	0.136199148043	20001	1	20001	0.0860637139629	100001	1	100001
CHO_BM_GAIDUKOV_008	mLP7	positive	Tier 2	1	GCF_003668045.3	NC_048599.1	109879626	109879626	1	point_coordinate	high	GAIDUKOV2018	109879626	SRR20770291	PRJNA865478	PRJNA865478:7_days	H3K27ac	narrow	SRR20770291	SRR20770295	narrowPeak	74365	0.14916672372026546	0.017835909364160733	8.363281101887596	5.34256	0	0	0	0.0	0	968	968	1	1	33	0.01649175412293853	11	1	10194	0.5096745162741863	29	1	20949	0.20948790512094878	0.09565	1	1	1	0.148763103448	2001	1	2001	0.311667961602	20001	1	20001	0.17564500785	100001	1	100001
CHO_BM_HERTEL_003	Site-C	positive	Tier 2	1	GCF_003668045.3	NC_048600.1	91189327	91189365	39	paired_nick_interval	high	HERTEL2022	91189346	SRR20770291	PRJNA865478	PRJNA865478:7_days	H3K27ac	narrow	SRR20770291	SRR20770295	narrowPeak	74365	0.14916672372026546	0.017835909364160733	8.363281101887596	5.34256	1	1	39	1.0	1	0	0	2	1	1877	0.9380309845077461	7	1	11358	0.567871606419679	19	1	16800	0.16799832001679985	1.71747820513	39	1	39	1.23793222389	2001	1	2001	0.582205416729	20001	1	20001	0.286117207428	100001	1	100001
CHO_BM_ZHAO_001	C12orf35	positive	Tier 2	4	GCF_003668045.3	NC_048601.1	371365	371366	2	interbase_cut_boundary	high	ZHAO2018	371365	SRR20770291	PRJNA865478	PRJNA865478:7_days	H3K27ac	narrow	SRR20770291	SRR20770295	narrowPeak	74365	0.14916672372026546	0.017835909364160733	8.363281101887596	5.34256	0	0	0	0.0	0	16188	16187	0	0	0	0.0	0	0	0	0.0	6	1	1736	0.017359826401735983	0	2	1	2	0.0588206296852	2001	1	2001	0.0460473546323	20001	1	20001	0.045353697563	100001	1	100001
CHO_BM_DHIMAN_011	DHIMAN2020_L011	support_only	Tier 2	2	GCF_003668045.3	NC_048601.1	1900502	1900502	1	point_coordinate	high	DHIMAN2020	1900502	SRR20770291	PRJNA865478	PRJNA865478:7_days	H3K27ac	narrow	SRR20770291	SRR20770295	narrowPeak	74365	0.14916672372026546	0.017835909364160733	8.363281101887596	5.34256	0	0	0	0.0	0	39609	39609	0	0	0	0.0	0	0	0	0.0	2	1	612	0.0061199388006119935	0.16739	1	1	1	0.0937048175912	2001	1	2001	0.125402462877	20001	1	20001	0.126939619604	100001	1	100001
CHO_BM_GAIDUKOV_021	sLP20	positive	Tier 2	1	GCF_003668045.3	NC_048601.1	31728512	31728512	1	point_coordinate	high	GAIDUKOV2018	31728512	SRR20770291	PRJNA865478	PRJNA865478:7_days	H3K27ac	narrow	SRR20770291	SRR20770295	narrowPeak	74365	0.14916672372026546	0.017835909364160733	8.363281101887596	5.34256	1	1	1	1.0	1	0	0	1	1	1554	0.7766116941529235	17	1	11085	0.5542222888855557	38	1	19786	0.1978580214197858	0.66958	1	1	1	0.522571269365	2001	1	2001	0.351418485576	20001	1	20001	0.194604061259	100001	1	100001
CHO_BM_HERTEL_001	Site-A	positive	Tier 2	1	GCF_003668045.3	NC_048603.1	21429466	21429529	64	paired_nick_interval	high	HERTEL2022	21429497	SRR20770291	PRJNA865478	PRJNA865478:7_days	H3K27ac	narrow	SRR20770291	SRR20770295	narrowPeak	74365	0.14916672372026546	0.017835909364160733	8.363281101887596	5.34256	1	1	64	1.0	1	0	0	2	1	1595	0.7971014492753623	8	1	12027	0.6013199340032999	38	1	43045	0.43044569554304457	1.08432765625	64	1	64	1.05092666667	2001	1	2001	0.763714353782	20001	1	20001	0.526905369246	100001	1	100001
CHO_BM_DHIMAN_012	DHIMAN2020_L012	positive	Tier 2	1	GCF_003668045.3	NC_048603.1	26280751	26280867	117	mapped_interval	high	DHIMAN2020	26280809	SRR20770291	PRJNA865478	PRJNA865478:7_days	H3K27ac	narrow	SRR20770291	SRR20770295	narrowPeak	74365	0.14916672372026546	0.017835909364160733	8.363281101887596	5.34256	0	0	0	0.0	0	325369	325311	0	0	0	0.0	0	0	0	0.0	0	0	0	0.0	0.229527948718	117	1	117	0.184017471264	2001	1	2001	0.168057247138	20001	1	20001	0.165532210578	100001	1	100001
CHO_BM_HERTEL_002	Site-B	support_only	Tier 2	1	GCF_003668045.3	NC_048603.1	28646724	28646778	55	paired_nick_interval	high	HERTEL2022	28646751	SRR20770291	PRJNA865478	PRJNA865478:7_days	H3K27ac	narrow	SRR20770291	SRR20770295	narrowPeak	74365	0.14916672372026546	0.017835909364160733	8.363281101887596	5.34256	1	1	55	1.0	1	0	0	1	1	2001	1.0	12	1	16740	0.8369581520923954	45	1	36291	0.36290637093629063	1.42567818182	55	1	55	1.57346204398	2001	1	2001	0.959979281536	20001	1	20001	0.499907341927	100001	1	100001
CHO_BM_ZHAO_002	HPRT	support_only	Tier 2	4	GCF_003668045.3	NC_048604.1	17024143	17024144	2	interbase_cut_boundary	high	ZHAO2018	17024143	SRR20770291	PRJNA865478	PRJNA865478:7_days	H3K27ac	narrow	SRR20770291	SRR20770295	narrowPeak	74365	0.14916672372026546	0.017835909364160733	8.363281101887596	5.34256	0	0	0	0.0	0	8572	8572	0	0	0	0.0	1	1	214	0.010699465026748662	14	1	8323	0.08322916770832292	0.09565	2	1	2	0.117116271864	2001	1	2001	0.0775144572771	20001	1	20001	0.0963021450785	100001	1	100001
CHO_BM_DHIMAN_013	DHIMAN2020_L013	positive	Tier 2	1	GCF_003668045.3	NC_048604.1	59574984	59627432	52449	mapped_interval	high	DHIMAN2020	59601208	SRR20770291	PRJNA865478	PRJNA865478:7_days	H3K27ac	narrow	SRR20770291	SRR20770295	narrowPeak	74365	0.14916672372026546	0.017835909364160733	8.363281101887596	5.34256	1	1	220	0.004194550897061907	0	24398	0	0	0	0	0.0	0	0	0	0.0	1	1	220	0.0021999780002199976	0.0318848603405	52449	1	52449	0.0200281309345	2001	1	2001	0.0241338623069	20001	1	20001	0.0286490545095	100001	1	100001
CHO_BM_GAIDUKOV_009	mLP8	positive	Tier 2	1	GCF_003668045.3	NW_023276806.1	48454524	48454524	1	point_coordinate	high	GAIDUKOV2018	48454524	SRR20770291	PRJNA865478	PRJNA865478:7_days	H3K27ac	narrow	SRR20770291	SRR20770295	narrowPeak	74365	0.14916672372026546	0.017835909364160733	8.363281101887596	5.34256	0	0	0	0.0	0	14501	14501	0	0	0	0.0	0	0	0	0.0	18	1	10357	0.10356896431035689	0.11957	1	1	1	0.105596226887	2001	1	2001	0.0984079141043	20001	1	20001	0.133771374886	100001	1	100001
CHO_BM_GAIDUKOV_011	mLP10	positive	Tier 2	1	GCF_003668045.3	NW_023276806.1	67810067	67810067	1	point_coordinate	high	GAIDUKOV2018	67810067	SRR20770291	PRJNA865478	PRJNA865478:7_days	H3K27ac	narrow	SRR20770291	SRR20770295	narrowPeak	74365	0.14916672372026546	0.017835909364160733	8.363281101887596	5.34256	0	0	0	0.0	0	155537	155537	0	0	0	0.0	0	0	0	0.0	0	0	0	0.0	0.04783	1	1	1	0.0241765617191	2001	1	2001	0.0244413364332	20001	1	20001	0.0233281188188	100001	1	100001
CHO_BM_GAIDUKOV_001	sLP1-1	positive	Tier 2	1	GCF_003668045.3	NW_023276806.1	81776324	81776324	1	point_coordinate	high	GAIDUKOV2018	81776324	SRR20770291	PRJNA865478	PRJNA865478:7_days	H3K27ac	narrow	SRR20770291	SRR20770295	narrowPeak	74365	0.14916672372026546	0.017835909364160733	8.363281101887596	5.34256	0	0	0	0.0	0	692582	692582	0	0	0	0.0	0	0	0	0.0	0	0	0	0.0	0.02391	1	1	1	0.0226701749125	2001	1	2001	0.0224374091295	20001	1	20001	0.020793199868	100001	1	100001
CHO_BM_GAIDUKOV_013	mLP12	positive	Tier 2	1	GCF_003668045.3	NW_023276806.1	163338145	163338145	1	point_coordinate	high	GAIDUKOV2018	163338145	SRR20770291	PRJNA865478	PRJNA865478:7_days	H3K27ac	narrow	SRR20770291	SRR20770295	narrowPeak	74365	0.14916672372026546	0.017835909364160733	8.363281101887596	5.34256	0	0	0	0.0	0	7570	7570	0	0	0	0.0	4	1	1512	0.07559622018899055	17	1	11799	0.11798882011179888	0.04783	1	1	1	0.0419463718141	2001	1	2001	0.115623875306	20001	1	20001	0.127695258047	100001	1	100001
CHO_BM_DHIMAN_003	DHIMAN2020_L003	support_only	Tier 2	2	GCF_003668045.3	NW_023276806.1	241273133	241273133	1	point_coordinate	high	DHIMAN2020	241273133	SRR20770291	PRJNA865478	PRJNA865478:7_days	H3K27ac	narrow	SRR20770291	SRR20770295	narrowPeak	74365	0.14916672372026546	0.017835909364160733	8.363281101887596	5.34256	0	0	0	0.0	0	727622	727622	0	0	0	0.0	0	0	0	0.0	0	0	0	0.0	0.02391	1	1	1	0.0413246726637	2001	1	2001	0.0357409344533	20001	1	20001	0.0400043182568	100001	1	100001
CHO_BM_CHI_001	Hipp11/H11	positive	Tier 2	1	GCF_003668045.3	NW_023276807.1	101678097	101678098	2	interbase_cut_boundary	high	CHI2019	101678097	SRR20770291	PRJNA865478	PRJNA865478:7_days	H3K27ac	narrow	SRR20770291	SRR20770295	narrowPeak	74365	0.14916672372026546	0.017835909364160733	8.363281101887596	5.34256	0	0	0	0.0	0	14105	14105	0	0	0	0.0	0	0	0	0.0	11	1	4753	0.047529524704752954	0.11957	2	1	2	0.0836314292854	2001	1	2001	0.0907071271436	20001	1	20001	0.116185873041	100001	1	100001
CHO_BM_GAIDUKOV_010	mLP9	positive	Tier 2	1	GCF_003668045.3	NW_023276807.1	132016117	132016117	1	point_coordinate	high	GAIDUKOV2018	132016117	SRR20770291	PRJNA865478	PRJNA865478:7_days	H3K27ac	narrow	SRR20770291	SRR20770295	narrowPeak	74365	0.14916672372026546	0.017835909364160733	8.363281101887596	5.34256	0	0	0	0.0	0	15720	15720	0	0	0	0.0	0	0	0	0.0	2	1	1729	0.017289827101728984	0.04783	1	1	1	0.0497628435782	2001	1	2001	0.0773868181591	20001	1	20001	0.0787631850681	100001	1	100001
CHO_BM_DHIMAN_001	DHIMAN2020_L001	negative	Tier 2	1	GCF_003668045.3	NW_023276807.1	138183203	138205865	22663	mapped_interval	high	DHIMAN2020	138194534	SRR20770291	PRJNA865478	PRJNA865478:7_days	H3K27ac	narrow	SRR20770291	SRR20770295	narrowPeak	74365	0.14916672372026546	0.017835909364160733	8.363281101887596	5.34256	0	0	0	0.0	0	539767	528436	0	0	0	0.0	0	0	0	0.0	0	0	0	0.0	0.0377263795614	22663	1	22663	0.0370466316842	2001	1	2001	0.0382855757212	20001	1	20001	0.0386765177348	100001	1	100001
CHO_BM_GAIDUKOV_019	mLP18	positive	Tier 2	1	GCF_003668045.3	NW_023276807.1	150040083	150040083	1	point_coordinate	high	GAIDUKOV2018	150040083	SRR20770291	PRJNA865478	PRJNA865478:7_days	H3K27ac	narrow	SRR20770291	SRR20770295	narrowPeak	74365	0.14916672372026546	0.017835909364160733	8.363281101887596	5.34256	0	0	0	0.0	0	951385	951385	0	0	0	0.0	0	0	0	0.0	0	0	0	0.0	0	1	1	1	0.0267933733133	2001	1	2001	0.0285375301235	20001	1	20001	0.0323016130839	100001	1	100001
CHO_BM_DHIMAN_002	DHIMAN2020_L002	negative	Tier 2	1	GCF_003668045.3	NW_023276807.1	264596547	264623008	26462	mapped_interval	high	DHIMAN2020	264609777	SRR20770291	PRJNA865478	PRJNA865478:7_days	H3K27ac	narrow	SRR20770291	SRR20770295	narrowPeak	74365	0.14916672372026546	0.017835909364160733	8.363281101887596	5.34256	0	0	0	0.0	0	421061	407831	0	0	0	0.0	0	0	0	0.0	0	0	0	0.0	0.0362716824125	26462	1	26462	0.0388274612694	2001	1	2001	0.0377962551872	20001	1	20001	0.0276655260447	100001	1	100001
CHO_BM_DHIMAN_005	DHIMAN2020_L005	negative	Tier 2	1	GCF_003668045.3	NC_048595.1	257621823	257621823	1	point_coordinate	high	DHIMAN2020	257621823	SRR20770292	PRJNA865478	PRJNA865478:7_days	H3K9me3	broad	SRR20770292	SRR20770295	broadPeak	58708	0.08363016456118721	0.02841648261563709	2.9430160548852378	2.95773	0	0	0	0.0	0	41139	41139	0	0	0	0.0	0	0	0	0.0	1	1	311	0.003109968900310997	0	1	1	1	0.0292733183408	2001	1	2001	0.0456539138043	20001	1	20001	0.0482882846172	100001	1	100001
CHO_BM_GAIDUKOV_002	sLP1-2	positive	Tier 2	1	GCF_003668045.3	NC_048595.1	299949073	299949073	1	point_coordinate	high	GAIDUKOV2018	299949073	SRR20770292	PRJNA865478	PRJNA865478:7_days	H3K9me3	broad	SRR20770292	SRR20770295	broadPeak	58708	0.08363016456118721	0.02841648261563709	2.9430160548852378	2.95773	0	0	0	0.0	0	213740	213740	0	0	0	0.0	0	0	0	0.0	0	0	0	0.0	0.09962	1	1	1	0.0287262018991	2001	1	2001	0.0327358527074	20001	1	20001	0.0508219407806	100001	1	100001
CHO_BM_DHIMAN_004	DHIMAN2020_L004	positive	Tier 2	2	GCF_003668045.3	NC_048595.1	408642588	408642597	10	mapped_interval	high	DHIMAN2020	408642592	SRR20770292	PRJNA865478	PRJNA865478:7_days	H3K9me3	broad	SRR20770292	SRR20770295	broadPeak	58708	0.08363016456118721	0.02841648261563709	2.9430160548852378	2.95773	0	0	0	0.0	0	65508	65504	0	0	0	0.0	0	0	0	0.0	0	0	0	0.0	0.03985	10	1	10	0.0497182808596	2001	1	2001	0.0599501924904	20001	1	20001	0.0589942515575	100001	1	100001
CHO_BM_DHIMAN_006	DHIMAN2020_L006	support_only	Tier 2	2	GCF_003668045.3	NC_048596.1	236735321	236735321	1	point_coordinate	high	DHIMAN2020	236735321	SRR20770292	PRJNA865478	PRJNA865478:7_days	H3K9me3	broad	SRR20770292	SRR20770295	broadPeak	58708	0.08363016456118721	0.02841648261563709	2.9430160548852378	2.95773	0	0	0	0.0	0	78025	78025	0	0	0	0.0	0	0	0	0.0	0	0	0	0.0	0	1	1	1	0.0235660169915	2001	1	2001	0.0259602329884	20001	1	20001	0.0324291680083	100001	1	100001
CHO_BM_GAIDUKOV_016	mLP15	positive	Tier 2	1	GCF_003668045.3	NC_048596.1	246185831	246185831	1	point_coordinate	high	GAIDUKOV2018	246185831	SRR20770292	PRJNA865478	PRJNA865478:7_days	H3K9me3	broad	SRR20770292	SRR20770295	broadPeak	58708	0.08363016456118721	0.02841648261563709	2.9430160548852378	2.95773	0	0	0	0.0	0	329327	329327	0	0	0	0.0	0	0	0	0.0	0	0	0	0.0	0.03321	1	1	1	0.0312333133433	2001	1	2001	0.0590389780511	20001	1	20001	0.0497886051139	100001	1	100001
CHO_BM_ZHAO_003	GRIK1	support_only	Tier 2	4	GCF_003668045.3	NC_048597.1	9449577	9449578	2	interbase_cut_boundary	high	ZHAO2018	9449577	SRR20770292	PRJNA865478	PRJNA865478:7_days	H3K9me3	broad	SRR20770292	SRR20770295	broadPeak	58708	0.08363016456118721	0.02841648261563709	2.9430160548852378	2.95773	0	0	0	0.0	0	111201	111201	0	0	0	0.0	0	0	0	0.0	0	0	0	0.0	0.09962	2	1	2	0.0928985457271	2001	1	2001	0.0761657512124	20001	1	20001	0.0792881645184	100001	1	100001
CHO_BM_DHIMAN_007	DHIMAN2020_L007	positive	Tier 2	1	GCF_003668045.3	NC_048597.1	21959978	21959978	1	point_coordinate	high	DHIMAN2020	21959978	SRR20770292	PRJNA865478	PRJNA865478:7_days	H3K9me3	broad	SRR20770292	SRR20770295	broadPeak	58708	0.08363016456118721	0.02841648261563709	2.9430160548852378	2.95773	0	0	0	0.0	0	969264	969264	0	0	0	0.0	0	0	0	0.0	0	0	0	0.0	0.03321	1	1	1	0.0470153423288	2001	1	2001	0.0380352372381	20001	1	20001	0.0392318880811	100001	1	100001
CHO_BM_DHIMAN_008	DHIMAN2020_L008	positive	Tier 2	1	GCF_003668045.3	NC_048597.1	73524836	73524858	23	mapped_interval	high	DHIMAN2020	73524847	SRR20770292	PRJNA865478	PRJNA865478:7_days	H3K9me3	broad	SRR20770292	SRR20770295	broadPeak	58708	0.08363016456118721	0.02841648261563709	2.9430160548852378	2.95773	0	0	0	0.0	0	152810	152799	0	0	0	0.0	0	0	0	0.0	0	0	0	0.0	0	23	1	23	0.0317137681159	2001	1	2001	0.02913840008	20001	1	20001	0.036321096389	100001	1	100001
CHO_BM_GAIDUKOV_015	mLP14	positive	Tier 2	1	GCF_003668045.3	NC_048597.1	105106891	105106891	1	point_coordinate	high	GAIDUKOV2018	105106891	SRR20770292	PRJNA865478	PRJNA865478:7_days	H3K9me3	broad	SRR20770292	SRR20770295	broadPeak	58708	0.08363016456118721	0.02841648261563709	2.9430160548852378	2.95773	0	0	0	0.0	0	30912	30912	0	0	0	0.0	0	0	0	0.0	1	1	597	0.005969940300596994	0.06641	1	1	1	0.0434622738631	2001	1	2001	0.0316981760912	20001	1	20001	0.0399786092139	100001	1	100001
CHO_BM_DHIMAN_009	DHIMAN2020_L009	positive	Tier 2	1	GCF_003668045.3	NC_048597.1	169164042	169164066	25	mapped_interval	high	DHIMAN2020	169164054	SRR20770292	PRJNA865478	PRJNA865478:7_days	H3K9me3	broad	SRR20770292	SRR20770295	broadPeak	58708	0.08363016456118721	0.02841648261563709	2.9430160548852378	2.95773	0	0	0	0.0	0	134858	134846	0	0	0	0.0	0	0	0	0.0	0	0	0	0.0	0	25	1	25	0.018453818091	2001	1	2001	0.0487950837458	20001	1	20001	0.0648999447006	100001	1	100001
CHO_BM_GAIDUKOV_017	mLP16	positive	Tier 2	1	GCF_003668045.3	NC_048597.1	175544362	175544362	1	point_coordinate	high	GAIDUKOV2018	175544362	SRR20770292	PRJNA865478	PRJNA865478:7_days	H3K9me3	broad	SRR20770292	SRR20770295	broadPeak	58708	0.08363016456118721	0.02841648261563709	2.9430160548852378	2.95773	0	0	0	0.0	0	27019	27019	0	0	0	0.0	0	0	0	0.0	1	1	217	0.002169978300216998	0	1	1	1	0.0369907296352	2001	1	2001	0.0428981240938	20001	1	20001	0.0475081274187	100001	1	100001
CHO_BM_GAIDUKOV_005	mLP4	positive	Tier 2	1	GCF_003668045.3	NC_048597.1	186989799	186989799	1	point_coordinate	high	GAIDUKOV2018	186989799	SRR20770292	PRJNA865478	PRJNA865478:7_days	H3K9me3	broad	SRR20770292	SRR20770295	broadPeak	58708	0.08363016456118721	0.02841648261563709	2.9430160548852378	2.95773	0	0	0	0.0	0	492249	492249	0	0	0	0.0	0	0	0	0.0	0	0	0	0.0	0.03321	1	1	1	0.0194002748626	2001	1	2001	0.0447574891255	20001	1	20001	0.0493681516185	100001	1	100001
CHO_BM_GAIDUKOV_014	mLP13	positive	Tier 2	1	GCF_003668045.3	NC_048598.1	113820843	113820843	1	point_coordinate	high	GAIDUKOV2018	113820843	SRR20770292	PRJNA865478	PRJNA865478:7_days	H3K9me3	broad	SRR20770292	SRR20770295	broadPeak	58708	0.08363016456118721	0.02841648261563709	2.9430160548852378	2.95773	0	0	0	0.0	0	449373	449373	0	0	0	0.0	0	0	0	0.0	0	0	0	0.0	0.06641	1	1	1	0.0357130834583	2001	1	2001	0.0364847077646	20001	1	20001	0.0477644883551	100001	1	100001
CHO_BM_GAIDUKOV_018	mLP17	positive	Tier 2	1	GCF_003668045.3	NC_048598.1	152539694	152539694	1	point_coordinate	high	GAIDUKOV2018	152539694	SRR20770292	PRJNA865478	PRJNA865478:7_days	H3K9me3	broad	SRR20770292	SRR20770295	broadPeak	58708	0.08363016456118721	0.02841648261563709	2.9430160548852378	2.95773	0	0	0	0.0	0	71704	71704	0	0	0	0.0	0	0	0	0.0	0	0	0	0.0	0.03321	1	1	1	0.0268352223888	2001	1	2001	0.054114479276	20001	1	20001	0.0533581802182	100001	1	100001
CHO_BM_GAIDUKOV_003	mLP2	positive	Tier 2	1	GCF_003668045.3	NC_048598.1	158460979	158460979	1	point_coordinate	high	GAIDUKOV2018	158460979	SRR20770292	PRJNA865478	PRJNA865478:7_days	H3K9me3	broad	SRR20770292	SRR20770295	broadPeak	58708	0.08363016456118721	0.02841648261563709	2.9430160548852378	2.95773	0	0	0	0.0	0	16243	16243	0	0	0	0.0	0	0	0	0.0	5	1	1121	0.011209887901120989	0.03321	1	1	1	0.0853816791604	2001	1	2001	0.0758752702365	20001	1	20001	0.0793648756512	100001	1	100001
CHO_BM_DHIMAN_010	DHIMAN2020_L010	negative	Tier 2	1	GCF_003668045.3	NC_048599.1	7684596	7781386	96791	mapped_interval	high	DHIMAN2020	7732991	SRR20770292	PRJNA865478	PRJNA865478:7_days	H3K9me3	broad	SRR20770292	SRR20770295	broadPeak	58708	0.08363016456118721	0.02841648261563709	2.9430160548852378	2.95773	1	52	34071	0.3520058683142028	1	0	0	1	1	327	0.1634182908545727	10	1	5935	0.2967351632418379	53	1	34305	0.3430465695343047	0.253900400141	96791	1	96791	0.257950464768	2001	1	2001	0.254668231588	20001	1	20001	0.253487609424	100001	1	100001
CHO_BM_GAIDUKOV_007	mLP6	positive	Tier 2	1	GCF_003668045.3	NC_048599.1	45758703	45758703	1	point_coordinate	high	GAIDUKOV2018	45758703	SRR20770292	PRJNA865478	PRJNA865478:7_days	H3K9me3	broad	SRR20770292	SRR20770295	broadPeak	58708	0.08363016456118721	0.02841648261563709	2.9430160548852378	2.95773	0	0	0	0.0	0	52202	52202	0	0	0	0.0	0	0	0	0.0	0	0	0	0.0	0	1	1	1	0.0518263418291	2001	1	2001	0.0380084955752	20001	1	20001	0.0473811587884	100001	1	100001
CHO_BM_GAIDUKOV_008	mLP7	positive	Tier 2	1	GCF_003668045.3	NC_048599.1	109879626	109879626	1	point_coordinate	high	GAIDUKOV2018	109879626	SRR20770292	PRJNA865478	PRJNA865478:7_days	H3K9me3	broad	SRR20770292	SRR20770295	broadPeak	58708	0.08363016456118721	0.02841648261563709	2.9430160548852378	2.95773	0	0	0	0.0	0	657349	657349	0	0	0	0.0	0	0	0	0.0	0	0	0	0.0	0.03321	1	1	1	0.0214086856572	2001	1	2001	0.0397817499125	20001	1	20001	0.0389966407336	100001	1	100001
CHO_BM_HERTEL_003	Site-C	positive	Tier 2	1	GCF_003668045.3	NC_048600.1	91189327	91189365	39	paired_nick_interval	high	HERTEL2022	91189346	SRR20770292	PRJNA865478	PRJNA865478:7_days	H3K9me3	broad	SRR20770292	SRR20770295	broadPeak	58708	0.08363016456118721	0.02841648261563709	2.9430160548852378	2.95773	0	0	0	0.0	0	138219	138200	0	0	0	0.0	0	0	0	0.0	0	0	0	0.0	0	39	1	39	0.023184047976	2001	1	2001	0.0450196745163	20001	1	20001	0.0629232062679	100001	1	100001
CHO_BM_ZHAO_001	C12orf35	positive	Tier 2	4	GCF_003668045.3	NC_048601.1	371365	371366	2	interbase_cut_boundary	high	ZHAO2018	371365	SRR20770292	PRJNA865478	PRJNA865478:7_days	H3K9me3	broad	SRR20770292	SRR20770295	broadPeak	58708	0.08363016456118721	0.02841648261563709	2.9430160548852378	2.95773	0	0	0	0.0	0	463	463	1	1	538	0.2688655672163918	2	1	1482	0.07409629518524073	4	1	2073	0.02072979270207298	0.03321	2	1	2	0.126918445777	2001	1	2001	0.0888166586671	20001	1	20001	0.0421170090299	100001	1	100001
CHO_BM_DHIMAN_011	DHIMAN2020_L011	support_only	Tier 2	2	GCF_003668045.3	NC_048601.1	1900502	1900502	1	point_coordinate	high	DHIMAN2020	1900502	SRR20770292	PRJNA865478	PRJNA865478:7_days	H3K9me3	broad	SRR20770292	SRR20770295	broadPeak	58708	0.08363016456118721	0.02841648261563709	2.9430160548852378	2.95773	0	0	0	0.0	0	3171	3171	0	0	0	0.0	6	1	2254	0.11269436528173592	26	1	17555	0.17554824451755482	0.49809	1	1	1	0.314173543228	2001	1	2001	0.325010444478	20001	1	20001	0.28544201018	100001	1	100001
CHO_BM_GAIDUKOV_021	sLP20	positive	Tier 2	1	GCF_003668045.3	NC_048601.1	31728512	31728512	1	point_coordinate	high	GAIDUKOV2018	31728512	SRR20770292	PRJNA865478	PRJNA865478:7_days	H3K9me3	broad	SRR20770292	SRR20770295	broadPeak	58708	0.08363016456118721	0.02841648261563709	2.9430160548852378	2.95773	0	0	0	0.0	0	652579	652579	0	0	0	0.0	0	0	0	0.0	0	0	0	0.0	0	1	1	1	0.0268342578711	2001	1	2001	0.0246503119844	20001	1	20001	0.0321472217278	100001	1	100001
CHO_BM_HERTEL_001	Site-A	positive	Tier 2	1	GCF_003668045.3	NC_048603.1	21429466	21429529	64	paired_nick_interval	high	HERTEL2022	21429497	SRR20770292	PRJNA865478	PRJNA865478:7_days	H3K9me3	broad	SRR20770292	SRR20770295	broadPeak	58708	0.08363016456118721	0.02841648261563709	2.9430160548852378	2.95773	0	0	0	0.0	0	3711	3680	0	0	0	0.0	3	1	4915	0.24573771311434428	5	1	7351	0.07350926490735092	0.00051890625	64	1	64	0.0668773013493	2001	1	2001	0.18934500275	20001	1	20001	0.192662464475	100001	1	100001
CHO_BM_DHIMAN_012	DHIMAN2020_L012	positive	Tier 2	1	GCF_003668045.3	NC_048603.1	26280751	26280867	117	mapped_interval	high	DHIMAN2020	26280809	SRR20770292	PRJNA865478	PRJNA865478:7_days	H3K9me3	broad	SRR20770292	SRR20770295	broadPeak	58708	0.08363016456118721	0.02841648261563709	2.9430160548852378	2.95773	0	0	0	0.0	0	1121	1063	0	0	0	0.0	6	1	3751	0.18754062296885154	33	1	15059	0.15058849411505884	0.475674700855	117	1	117	0.356972238881	2001	1	2001	0.387984662767	20001	1	20001	0.373636286037	100001	1	100001
CHO_BM_HERTEL_002	Site-B	support_only	Tier 2	1	GCF_003668045.3	NC_048603.1	28646724	28646778	55	paired_nick_interval	high	HERTEL2022	28646751	SRR20770292	PRJNA865478	PRJNA865478:7_days	H3K9me3	broad	SRR20770292	SRR20770295	broadPeak	58708	0.08363016456118721	0.02841648261563709	2.9430160548852378	2.95773	0	0	0	0.0	0	104544	104517	0	0	0	0.0	0	0	0	0.0	0	0	0	0.0	0.0102649090909	55	1	55	0.0465825187406	2001	1	2001	0.0631943357832	20001	1	20001	0.0756725891741	100001	1	100001
CHO_BM_ZHAO_002	HPRT	support_only	Tier 2	4	GCF_003668045.3	NC_048604.1	17024143	17024144	2	interbase_cut_boundary	high	ZHAO2018	17024143	SRR20770292	PRJNA865478	PRJNA865478:7_days	H3K9me3	broad	SRR20770292	SRR20770295	broadPeak	58708	0.08363016456118721	0.02841648261563709	2.9430160548852378	2.95773	0	0	0	0.0	0	1058160	1058159	0	0	0	0.0	0	0	0	0.0	0	0	0	0.0	0	2	1	2	0.00487943028486	2001	1	2001	0.011413080846	20001	1	20001	0.015713499365	100001	1	100001
CHO_BM_DHIMAN_013	DHIMAN2020_L013	positive	Tier 2	1	GCF_003668045.3	NC_048604.1	59574984	59627432	52449	mapped_interval	high	DHIMAN2020	59601208	SRR20770292	PRJNA865478	PRJNA865478:7_days	H3K9me3	broad	SRR20770292	SRR20770295	broadPeak	58708	0.08363016456118721	0.02841648261563709	2.9430160548852378	2.95773	0	0	0	0.0	0	630834	604610	0	0	0	0.0	0	0	0	0.0	0	0	0	0.0	0.0184283641252	52449	1	52449	0.0243464517741	2001	1	2001	0.0174814564272	20001	1	20001	0.0187598885011	100001	1	100001
CHO_BM_GAIDUKOV_009	mLP8	positive	Tier 2	1	GCF_003668045.3	NW_023276806.1	48454524	48454524	1	point_coordinate	high	GAIDUKOV2018	48454524	SRR20770292	PRJNA865478	PRJNA865478:7_days	H3K9me3	broad	SRR20770292	SRR20770295	broadPeak	58708	0.08363016456118721	0.02841648261563709	2.9430160548852378	2.95773	0	0	0	0.0	0	77208	77208	0	0	0	0.0	0	0	0	0.0	0	0	0	0.0	0.03321	1	1	1	0.0341529435282	2001	1	2001	0.0294997485126	20001	1	20001	0.0357080263197	100001	1	100001
CHO_BM_GAIDUKOV_011	mLP10	positive	Tier 2	1	GCF_003668045.3	NW_023276806.1	67810067	67810067	1	point_coordinate	high	GAIDUKOV2018	67810067	SRR20770292	PRJNA865478	PRJNA865478:7_days	H3K9me3	broad	SRR20770292	SRR20770295	broadPeak	58708	0.08363016456118721	0.02841648261563709	2.9430160548852378	2.95773	0	0	0	0.0	0	2796194	2796194	0	0	0	0.0	0	0	0	0.0	0	0	0	0.0	0.03321	1	1	1	0.00992482758621	2001	1	2001	0.0199170856457	20001	1	20001	0.0178663410366	100001	1	100001
CHO_BM_GAIDUKOV_001	sLP1-1	positive	Tier 2	1	GCF_003668045.3	NW_023276806.1	81776324	81776324	1	point_coordinate	high	GAIDUKOV2018	81776324	SRR20770292	PRJNA865478	PRJNA865478:7_days	H3K9me3	broad	SRR20770292	SRR20770295	broadPeak	58708	0.08363016456118721	0.02841648261563709	2.9430160548852378	2.95773	0	0	0	0.0	0	5138643	5138643	0	0	0	0.0	0	0	0	0.0	0	0	0	0.0	0	1	1	1	0.0199974862569	2001	1	2001	0.0257908484576	20001	1	20001	0.0272234277657	100001	1	100001
CHO_BM_GAIDUKOV_013	mLP12	positive	Tier 2	1	GCF_003668045.3	NW_023276806.1	163338145	163338145	1	point_coordinate	high	GAIDUKOV2018	163338145	SRR20770292	PRJNA865478	PRJNA865478:7_days	H3K9me3	broad	SRR20770292	SRR20770295	broadPeak	58708	0.08363016456118721	0.02841648261563709	2.9430160548852378	2.95773	0	0	0	0.0	0	784014	784014	0	0	0	0.0	0	0	0	0.0	0	0	0	0.0	0	1	1	1	0.0342366816592	2001	1	2001	0.036801560922	20001	1	20001	0.0334904256957	100001	1	100001
CHO_BM_DHIMAN_003	DHIMAN2020_L003	support_only	Tier 2	2	GCF_003668045.3	NW_023276806.1	241273133	241273133	1	point_coordinate	high	DHIMAN2020	241273133	SRR20770292	PRJNA865478	PRJNA865478:7_days	H3K9me3	broad	SRR20770292	SRR20770295	broadPeak	58708	0.08363016456118721	0.02841648261563709	2.9430160548852378	2.95773	0	0	0	0.0	0	72665	72665	0	0	0	0.0	0	0	0	0.0	0	0	0	0.0	0.06641	1	1	1	0.064472173913	2001	1	2001	0.064675320734	20001	1	20001	0.0638752936471	100001	1	100001
CHO_BM_CHI_001	Hipp11/H11	positive	Tier 2	1	GCF_003668045.3	NW_023276807.1	101678097	101678098	2	interbase_cut_boundary	high	CHI2019	101678097	SRR20770292	PRJNA865478	PRJNA865478:7_days	H3K9me3	broad	SRR20770292	SRR20770295	broadPeak	58708	0.08363016456118721	0.02841648261563709	2.9430160548852378	2.95773	0	0	0	0.0	0	90807	90807	0	0	0	0.0	0	0	0	0.0	0	0	0	0.0	0	2	1	2	0.0409069665167	2001	1	2001	0.0327390480476	20001	1	20001	0.0305225165748	100001	1	100001
CHO_BM_GAIDUKOV_010	mLP9	positive	Tier 2	1	GCF_003668045.3	NW_023276807.1	132016117	132016117	1	point_coordinate	high	GAIDUKOV2018	132016117	SRR20770292	PRJNA865478	PRJNA865478:7_days	H3K9me3	broad	SRR20770292	SRR20770295	broadPeak	58708	0.08363016456118721	0.02841648261563709	2.9430160548852378	2.95773	0	0	0	0.0	0	103478	103478	0	0	0	0.0	0	0	0	0.0	0	0	0	0.0	0.03321	1	1	1	0.0496357571214	2001	1	2001	0.0423334828259	20001	1	20001	0.0391825896741	100001	1	100001
CHO_BM_DHIMAN_001	DHIMAN2020_L001	negative	Tier 2	1	GCF_003668045.3	NW_023276807.1	138183203	138205865	22663	mapped_interval	high	DHIMAN2020	138194534	SRR20770292	PRJNA865478	PRJNA865478:7_days	H3K9me3	broad	SRR20770292	SRR20770295	broadPeak	58708	0.08363016456118721	0.02841648261563709	2.9430160548852378	2.95773	0	0	0	0.0	0	643732	632401	0	0	0	0.0	0	0	0	0.0	0	0	0	0.0	0.0420030887349	22663	1	22663	0.0289254072964	2001	1	2001	0.0404841782911	20001	1	20001	0.0532344270557	100001	1	100001
CHO_BM_GAIDUKOV_019	mLP18	positive	Tier 2	1	GCF_003668045.3	NW_023276807.1	150040083	150040083	1	point_coordinate	high	GAIDUKOV2018	150040083	SRR20770292	PRJNA865478	PRJNA865478:7_days	H3K9me3	broad	SRR20770292	SRR20770295	broadPeak	58708	0.08363016456118721	0.02841648261563709	2.9430160548852378	2.95773	0	0	0	0.0	0	149165	149165	0	0	0	0.0	0	0	0	0.0	0	0	0	0.0	0	1	1	1	0.0325772763618	2001	1	2001	0.0342532668367	20001	1	20001	0.0414550152498	100001	1	100001
CHO_BM_DHIMAN_002	DHIMAN2020_L002	negative	Tier 2	1	GCF_003668045.3	NW_023276807.1	264596547	264623008	26462	mapped_interval	high	DHIMAN2020	264609777	SRR20770292	PRJNA865478	PRJNA865478:7_days	H3K9me3	broad	SRR20770292	SRR20770295	broadPeak	58708	0.08363016456118721	0.02841648261563709	2.9430160548852378	2.95773	1	1	759	0.028682639256292043	0	7596	0	0	0	0	0.0	1	1	759	0.037948102594870255	1	1	759	0.007589924100758993	0.0485855078981	26462	1	26462	0.0321118590705	2001	1	2001	0.0505365076746	20001	1	20001	0.0322659251407	100001	1	100001
CHO_BM_DHIMAN_005	DHIMAN2020_L005	negative	Tier 2	1	GCF_003668045.3	NC_048595.1	257621823	257621823	1	point_coordinate	high	DHIMAN2020	257621823	SRR20770293	PRJNA865478	PRJNA865478:7_days	H3K4me3	narrow	SRR20770293	SRR20770295	narrowPeak	60058	0.20030529028564392	0.018534291474633827	10.807280686169378	6.12055	0	0	0	0.0	0	14094	14094	0	0	0	0.0	0	0	0	0.0	9	1	4094	0.04093959060409396	0.13993	1	1	1	0.0883615942029	2001	1	2001	0.0687031943403	20001	1	20001	0.0834271811282	100001	1	100001
CHO_BM_GAIDUKOV_002	sLP1-2	positive	Tier 2	1	GCF_003668045.3	NC_048595.1	299949073	299949073	1	point_coordinate	high	GAIDUKOV2018	299949073	SRR20770293	PRJNA865478	PRJNA865478:7_days	H3K4me3	narrow	SRR20770293	SRR20770295	narrowPeak	60058	0.20030529028564392	0.018534291474633827	10.807280686169378	6.12055	0	0	0	0.0	0	3636	3636	0	0	0	0.0	1	1	305	0.015249237538123094	1	1	305	0.003049969500304997	0.01999	1	1	1	0.0341857971014	2001	1	2001	0.048303419829	20001	1	20001	0.0388967527325	100001	1	100001
CHO_BM_DHIMAN_004	DHIMAN2020_L004	positive	Tier 2	2	GCF_003668045.3	NC_048595.1	408642588	408642597	10	mapped_interval	high	DHIMAN2020	408642592	SRR20770293	PRJNA865478	PRJNA865478:7_days	H3K4me3	narrow	SRR20770293	SRR20770295	narrowPeak	60058	0.20030529028564392	0.018534291474633827	10.807280686169378	6.12055	0	0	0	0.0	0	124141	124136	0	0	0	0.0	0	0	0	0.0	0	0	0	0.0	0.03998	10	1	10	0.0403596201899	2001	1	2001	0.05415519974	20001	1	20001	0.0529961584384	100001	1	100001
CHO_BM_DHIMAN_006	DHIMAN2020_L006	support_only	Tier 2	2	GCF_003668045.3	NC_048596.1	236735321	236735321	1	point_coordinate	high	DHIMAN2020	236735321	SRR20770293	PRJNA865478	PRJNA865478:7_days	H3K4me3	narrow	SRR20770293	SRR20770295	narrowPeak	60058	0.20030529028564392	0.018534291474633827	10.807280686169378	6.12055	0	0	0	0.0	0	27360	27360	0	0	0	0.0	0	0	0	0.0	6	1	5207	0.052069479305206945	0.07996	1	1	1	0.0474824937531	2001	1	2001	0.0511698425079	20001	1	20001	0.0994675756242	100001	1	100001
CHO_BM_GAIDUKOV_016	mLP15	positive	Tier 2	1	GCF_003668045.3	NC_048596.1	246185831	246185831	1	point_coordinate	high	GAIDUKOV2018	246185831	SRR20770293	PRJNA865478	PRJNA865478:7_days	H3K4me3	narrow	SRR20770293	SRR20770295	narrowPeak	60058	0.20030529028564392	0.018534291474633827	10.807280686169378	6.12055	0	0	0	0.0	0	9780	9780	0	0	0	0.0	1	1	202	0.010099495025248737	6	1	2060	0.02059979400205998	0.01999	1	1	1	0.072087876062	2001	1	2001	0.0729038828059	20001	1	20001	0.0717952268477	100001	1	100001
CHO_BM_ZHAO_003	GRIK1	support_only	Tier 2	4	GCF_003668045.3	NC_048597.1	9449577	9449578	2	interbase_cut_boundary	high	ZHAO2018	9449577	SRR20770293	PRJNA865478	PRJNA865478:7_days	H3K4me3	narrow	SRR20770293	SRR20770295	narrowPeak	60058	0.20030529028564392	0.018534291474633827	10.807280686169378	6.12055	0	0	0	0.0	0	103264	103263	0	0	0	0.0	0	0	0	0.0	0	0	0	0.0	0.109945	2	1	2	0.0801897701149	2001	1	2001	0.0592374031298	20001	1	20001	0.0553737452625	100001	1	100001
CHO_BM_DHIMAN_007	DHIMAN2020_L007	positive	Tier 2	1	GCF_003668045.3	NC_048597.1	21959978	21959978	1	point_coordinate	high	DHIMAN2020	21959978	SRR20770293	PRJNA865478	PRJNA865478:7_days	H3K4me3	narrow	SRR20770293	SRR20770295	narrowPeak	60058	0.20030529028564392	0.018534291474633827	10.807280686169378	6.12055	0	0	0	0.0	0	26064	26064	0	0	0	0.0	0	0	0	0.0	4	1	1081	0.01080989190108099	0.01999	1	1	1	0.0752447176412	2001	1	2001	0.0576272891355	20001	1	20001	0.0571696289037	100001	1	100001
CHO_BM_DHIMAN_008	DHIMAN2020_L008	positive	Tier 2	1	GCF_003668045.3	NC_048597.1	73524836	73524858	23	mapped_interval	high	DHIMAN2020	73524847	SRR20770293	PRJNA865478	PRJNA865478:7_days	H3K4me3	narrow	SRR20770293	SRR20770295	narrowPeak	60058	0.20030529028564392	0.018534291474633827	10.807280686169378	6.12055	0	0	0	0.0	0	84460	84449	0	0	0	0.0	0	0	0	0.0	0	0	0	0.0	0	23	1	23	0.0317282558721	2001	1	2001	0.0423996685166	20001	1	20001	0.0425970646294	100001	1	100001
CHO_BM_GAIDUKOV_015	mLP14	positive	Tier 2	1	GCF_003668045.3	NC_048597.1	105106891	105106891	1	point_coordinate	high	GAIDUKOV2018	105106891	SRR20770293	PRJNA865478	PRJNA865478:7_days	H3K4me3	narrow	SRR20770293	SRR20770295	narrowPeak	60058	0.20030529028564392	0.018534291474633827	10.807280686169378	6.12055	0	0	0	0.0	0	13419	13419	0	0	0	0.0	0	0	0	0.0	7	1	8917	0.08916910830891692	0.01999	1	1	1	0.06006990005	2001	1	2001	0.0685792625369	20001	1	20001	0.127593649564	100001	1	100001
CHO_BM_DHIMAN_009	DHIMAN2020_L009	positive	Tier 2	1	GCF_003668045.3	NC_048597.1	169164042	169164066	25	mapped_interval	high	DHIMAN2020	169164054	SRR20770293	PRJNA865478	PRJNA865478:7_days	H3K4me3	narrow	SRR20770293	SRR20770295	narrowPeak	60058	0.20030529028564392	0.018534291474633827	10.807280686169378	6.12055	1	1	25	1.0	1	0	0	2	1	1871	0.935032483758121	6	1	6416	0.3207839608019599	21	1	23190	0.23189768102318978	0.823598	25	1	25	1.05953892054	2001	1	2001	0.414691489426	20001	1	20001	0.322846822732	100001	1	100001
CHO_BM_GAIDUKOV_017	mLP16	positive	Tier 2	1	GCF_003668045.3	NC_048597.1	175544362	175544362	1	point_coordinate	high	GAIDUKOV2018	175544362	SRR20770293	PRJNA865478	PRJNA865478:7_days	H3K4me3	narrow	SRR20770293	SRR20770295	narrowPeak	60058	0.20030529028564392	0.018534291474633827	10.807280686169378	6.12055	0	0	0	0.0	0	4974	4974	0	0	0	0.0	5	1	2175	0.10874456277186141	6	1	2777	0.027769722302776974	0.13993	1	1	1	0.0827072513743	2001	1	2001	0.127960941453	20001	1	20001	0.077167104429	100001	1	100001
CHO_BM_GAIDUKOV_005	mLP4	positive	Tier 2	1	GCF_003668045.3	NC_048597.1	186989799	186989799	1	point_coordinate	high	GAIDUKOV2018	186989799	SRR20770293	PRJNA865478	PRJNA865478:7_days	H3K4me3	narrow	SRR20770293	SRR20770295	narrowPeak	60058	0.20030529028564392	0.018534291474633827	10.807280686169378	6.12055	0	0	0	0.0	0	110876	110876	0	0	0	0.0	0	0	0	0.0	0	0	0	0.0	0.03998	1	1	1	0.0195404497751	2001	1	2001	0.0521073266337	20001	1	20001	0.0499309224908	100001	1	100001
CHO_BM_GAIDUKOV_014	mLP13	positive	Tier 2	1	GCF_003668045.3	NC_048598.1	113820843	113820843	1	point_coordinate	high	GAIDUKOV2018	113820843	SRR20770293	PRJNA865478	PRJNA865478:7_days	H3K4me3	narrow	SRR20770293	SRR20770295	narrowPeak	60058	0.20030529028564392	0.018534291474633827	10.807280686169378	6.12055	0	0	0	0.0	0	321615	321615	0	0	0	0.0	0	0	0	0.0	0	0	0	0.0	0.01999	1	1	1	0.0268231634183	2001	1	2001	0.0380690515474	20001	1	20001	0.0408913349867	100001	1	100001
CHO_BM_GAIDUKOV_018	mLP17	positive	Tier 2	1	GCF_003668045.3	NC_048598.1	152539694	152539694	1	point_coordinate	high	GAIDUKOV2018	152539694	SRR20770293	PRJNA865478	PRJNA865478:7_days	H3K4me3	narrow	SRR20770293	SRR20770295	narrowPeak	60058	0.20030529028564392	0.018534291474633827	10.807280686169378	6.12055	0	0	0	0.0	0	194562	194562	0	0	0	0.0	0	0	0	0.0	0	0	0	0.0	0.01999	1	1	1	0.0249650224888	2001	1	2001	0.0388456242188	20001	1	20001	0.0390674656253	100001	1	100001
CHO_BM_GAIDUKOV_003	mLP2	positive	Tier 2	1	GCF_003668045.3	NC_048598.1	158460979	158460979	1	point_coordinate	high	GAIDUKOV2018	158460979	SRR20770293	PRJNA865478	PRJNA865478:7_days	H3K4me3	narrow	SRR20770293	SRR20770295	narrowPeak	60058	0.20030529028564392	0.018534291474633827	10.807280686169378	6.12055	0	0	0	0.0	0	515546	515546	0	0	0	0.0	0	0	0	0.0	0	0	0	0.0	0.03998	1	1	1	0.0623476211894	2001	1	2001	0.0452061241938	20001	1	20001	0.0406024823752	100001	1	100001
CHO_BM_DHIMAN_010	DHIMAN2020_L010	negative	Tier 2	1	GCF_003668045.3	NC_048599.1	7684596	7781386	96791	mapped_interval	high	DHIMAN2020	7732991	SRR20770293	PRJNA865478	PRJNA865478:7_days	H3K4me3	narrow	SRR20770293	SRR20770295	narrowPeak	60058	0.20030529028564392	0.018534291474633827	10.807280686169378	6.12055	0	0	0	0.0	0	217002	168607	0	0	0	0.0	0	0	0	0.0	0	0	0	0.0	0.0859798625905	96791	1	96791	0.0731268365817	2001	1	2001	0.0876027943603	20001	1	20001	0.0857900251997	100001	1	100001
CHO_BM_GAIDUKOV_007	mLP6	positive	Tier 2	1	GCF_003668045.3	NC_048599.1	45758703	45758703	1	point_coordinate	high	GAIDUKOV2018	45758703	SRR20770293	PRJNA865478	PRJNA865478:7_days	H3K4me3	narrow	SRR20770293	SRR20770295	narrowPeak	60058	0.20030529028564392	0.018534291474633827	10.807280686169378	6.12055	0	0	0	0.0	0	4584	4584	0	0	0	0.0	3	1	5084	0.25418729063546824	9	1	8823	0.08822911770882291	0.03998	1	1	1	0.0482017741129	2001	1	2001	0.2399440058	20001	1	20001	0.116041761082	100001	1	100001
CHO_BM_GAIDUKOV_008	mLP7	positive	Tier 2	1	GCF_003668045.3	NC_048599.1	109879626	109879626	1	point_coordinate	high	GAIDUKOV2018	109879626	SRR20770293	PRJNA865478	PRJNA865478:7_days	H3K4me3	narrow	SRR20770293	SRR20770295	narrowPeak	60058	0.20030529028564392	0.018534291474633827	10.807280686169378	6.12055	0	0	0	0.0	0	1780	1780	0	0	0	0.0	7	1	3169	0.1584420778961052	20	1	8791	0.08790912090879091	0.05997	1	1	1	0.0606792903548	2001	1	2001	0.157156641668	20001	1	20001	0.114526900231	100001	1	100001
CHO_BM_HERTEL_003	Site-C	positive	Tier 2	1	GCF_003668045.3	NC_048600.1	91189327	91189365	39	paired_nick_interval	high	HERTEL2022	91189346	SRR20770293	PRJNA865478	PRJNA865478:7_days	H3K4me3	narrow	SRR20770293	SRR20770295	narrowPeak	60058	0.20030529028564392	0.018534291474633827	10.807280686169378	6.12055	1	1	39	1.0	1	0	0	2	1	1627	0.8130934532733634	7	1	6534	0.32668366581670916	13	1	11962	0.11961880381196188	0.707861025641	39	1	39	0.702544887556	2001	1	2001	0.363978945053	20001	1	20001	0.210397246128	100001	1	100001
CHO_BM_ZHAO_001	C12orf35	positive	Tier 2	4	GCF_003668045.3	NC_048601.1	371365	371366	2	interbase_cut_boundary	high	ZHAO2018	371365	SRR20770293	PRJNA865478	PRJNA865478:7_days	H3K4me3	narrow	SRR20770293	SRR20770295	narrowPeak	60058	0.20030529028564392	0.018534291474633827	10.807280686169378	6.12055	0	0	0	0.0	0	14922	14921	0	0	0	0.0	0	0	0	0.0	3	1	3581	0.03580964190358096	0.07996	2	1	2	0.0451748025987	2001	1	2001	0.0400749477526	20001	1	20001	0.0456308240918	100001	1	100001
CHO_BM_DHIMAN_011	DHIMAN2020_L011	support_only	Tier 2	2	GCF_003668045.3	NC_048601.1	1900502	1900502	1	point_coordinate	high	DHIMAN2020	1900502	SRR20770293	PRJNA865478	PRJNA865478:7_days	H3K4me3	narrow	SRR20770293	SRR20770295	narrowPeak	60058	0.20030529028564392	0.018534291474633827	10.807280686169378	6.12055	0	0	0	0.0	0	39623	39623	0	0	0	0.0	0	0	0	0.0	1	1	235	0.0023499765002349977	0.11994	1	1	1	0.1193405997	2001	1	2001	0.142218740563	20001	1	20001	0.136159929101	100001	1	100001
CHO_BM_GAIDUKOV_021	sLP20	positive	Tier 2	1	GCF_003668045.3	NC_048601.1	31728512	31728512	1	point_coordinate	high	GAIDUKOV2018	31728512	SRR20770293	PRJNA865478	PRJNA865478:7_days	H3K4me3	narrow	SRR20770293	SRR20770295	narrowPeak	60058	0.20030529028564392	0.018534291474633827	10.807280686169378	6.12055	1	1	1	1.0	1	0	0	1	1	1564	0.7816091954022989	8	1	13636	0.6817659117044148	15	1	20246	0.2024579754202458	0.85958	1	1	1	0.708048085957	2001	1	2001	0.543525934203	20001	1	20001	0.221813533365	100001	1	100001
CHO_BM_HERTEL_001	Site-A	positive	Tier 2	1	GCF_003668045.3	NC_048603.1	21429466	21429529	64	paired_nick_interval	high	HERTEL2022	21429497	SRR20770293	PRJNA865478	PRJNA865478:7_days	H3K4me3	narrow	SRR20770293	SRR20770295	narrowPeak	60058	0.20030529028564392	0.018534291474633827	10.807280686169378	6.12055	1	1	64	1.0	1	0	0	2	1	1691	0.8450774612693653	7	1	11886	0.5942702864856757	18	1	21502	0.2150178498215018	1.4489746875	64	1	64	1.35343948526	2001	1	2001	0.823301647918	20001	1	20001	0.363631242888	100001	1	100001
CHO_BM_DHIMAN_012	DHIMAN2020_L012	positive	Tier 2	1	GCF_003668045.3	NC_048603.1	26280751	26280867	117	mapped_interval	high	DHIMAN2020	26280809	SRR20770293	PRJNA865478	PRJNA865478:7_days	H3K4me3	narrow	SRR20770293	SRR20770295	narrowPeak	60058	0.20030529028564392	0.018534291474633827	10.807280686169378	6.12055	0	0	0	0.0	0	325793	325735	0	0	0	0.0	0	0	0	0.0	0	0	0	0.0	0.233387521368	117	1	117	0.192447456272	2001	1	2001	0.176753736813	20001	1	20001	0.177659948101	100001	1	100001
CHO_BM_HERTEL_002	Site-B	support_only	Tier 2	1	GCF_003668045.3	NC_048603.1	28646724	28646778	55	paired_nick_interval	high	HERTEL2022	28646751	SRR20770293	PRJNA865478	PRJNA865478:7_days	H3K4me3	narrow	SRR20770293	SRR20770295	narrowPeak	60058	0.20030529028564392	0.018534291474633827	10.807280686169378	6.12055	1	1	55	1.0	1	0	0	1	1	2001	1.0	10	1	8893	0.44462776861156944	16	1	11858	0.11857881421185788	0.975522	55	1	55	0.926123433283	2001	1	2001	0.483485625219	20001	1	20001	0.260190255097	100001	1	100001
CHO_BM_ZHAO_002	HPRT	support_only	Tier 2	4	GCF_003668045.3	NC_048604.1	17024143	17024144	2	interbase_cut_boundary	high	ZHAO2018	17024143	SRR20770293	PRJNA865478	PRJNA865478:7_days	H3K4me3	narrow	SRR20770293	SRR20770295	narrowPeak	60058	0.20030529028564392	0.018534291474633827	10.807280686169378	6.12055	0	0	0	0.0	0	15455	15454	0	0	0	0.0	0	0	0	0.0	6	1	9001	0.09000909990900091	0	2	1	2	0.0252946926537	2001	1	2001	0.0261396160192	20001	1	20001	0.0759293510065	100001	1	100001
CHO_BM_DHIMAN_013	DHIMAN2020_L013	positive	Tier 2	1	GCF_003668045.3	NC_048604.1	59574984	59627432	52449	mapped_interval	high	DHIMAN2020	59601208	SRR20770293	PRJNA865478	PRJNA865478:7_days	H3K4me3	narrow	SRR20770293	SRR20770295	narrowPeak	60058	0.20030529028564392	0.018534291474633827	10.807280686169378	6.12055	0	0	0	0.0	0	59339	33115	0	0	0	0.0	0	0	0	0.0	0	0	0	0.0	0.018865279033	52449	1	52449	0.0183116791604	2001	1	2001	0.0148518274086	20001	1	20001	0.0189239439606	100001	1	100001
CHO_BM_GAIDUKOV_009	mLP8	positive	Tier 2	1	GCF_003668045.3	NW_023276806.1	48454524	48454524	1	point_coordinate	high	GAIDUKOV2018	48454524	SRR20770293	PRJNA865478	PRJNA865478:7_days	H3K4me3	narrow	SRR20770293	SRR20770295	narrowPeak	60058	0.20030529028564392	0.018534291474633827	10.807280686169378	6.12055	0	0	0	0.0	0	14081	14081	0	0	0	0.0	0	0	0	0.0	12	1	10690	0.1068989310106899	0.05997	1	1	1	0.0462537231384	2001	1	2001	0.0506771136443	20001	1	20001	0.130160827992	100001	1	100001
CHO_BM_GAIDUKOV_011	mLP10	positive	Tier 2	1	GCF_003668045.3	NW_023276806.1	67810067	67810067	1	point_coordinate	high	GAIDUKOV2018	67810067	SRR20770293	PRJNA865478	PRJNA865478:7_days	H3K4me3	narrow	SRR20770293	SRR20770295	narrowPeak	60058	0.20030529028564392	0.018534291474633827	10.807280686169378	6.12055	0	0	0	0.0	0	155176	155176	0	0	0	0.0	0	0	0	0.0	0	0	0	0.0	0.05997	1	1	1	0.0296403448276	2001	1	2001	0.0219499215039	20001	1	20001	0.0207891922081	100001	1	100001
CHO_BM_GAIDUKOV_001	sLP1-1	positive	Tier 2	1	GCF_003668045.3	NW_023276806.1	81776324	81776324	1	point_coordinate	high	GAIDUKOV2018	81776324	SRR20770293	PRJNA865478	PRJNA865478:7_days	H3K4me3	narrow	SRR20770293	SRR20770295	narrowPeak	60058	0.20030529028564392	0.018534291474633827	10.807280686169378	6.12055	0	0	0	0.0	0	223485	223485	0	0	0	0.0	0	0	0	0.0	0	0	0	0.0	0	1	1	1	0.0156942978511	2001	1	2001	0.0193963266837	20001	1	20001	0.0193687170128	100001	1	100001
CHO_BM_GAIDUKOV_013	mLP12	positive	Tier 2	1	GCF_003668045.3	NW_023276806.1	163338145	163338145	1	point_coordinate	high	GAIDUKOV2018	163338145	SRR20770293	PRJNA865478	PRJNA865478:7_days	H3K4me3	narrow	SRR20770293	SRR20770295	narrowPeak	60058	0.20030529028564392	0.018534291474633827	10.807280686169378	6.12055	0	0	0	0.0	0	3081	3081	0	0	0	0.0	4	1	4143	0.2071396430178491	7	1	9390	0.09389906100938991	0.07996	1	1	1	0.0654245427286	2001	1	2001	0.156713258337	20001	1	20001	0.0968430079699	100001	1	100001
CHO_BM_DHIMAN_003	DHIMAN2020_L003	support_only	Tier 2	2	GCF_003668045.3	NW_023276806.1	241273133	241273133	1	point_coordinate	high	DHIMAN2020	241273133	SRR20770293	PRJNA865478	PRJNA865478:7_days	H3K4me3	narrow	SRR20770293	SRR20770295	narrowPeak	60058	0.20030529028564392	0.018534291474633827	10.807280686169378	6.12055	0	0	0	0.0	0	190043	190043	0	0	0	0.0	0	0	0	0.0	0	0	0	0.0	0.01999	1	1	1	0.0489410344828	2001	1	2001	0.0435640277986	20001	1	20001	0.0405469107309	100001	1	100001
CHO_BM_CHI_001	Hipp11/H11	positive	Tier 2	1	GCF_003668045.3	NW_023276807.1	101678097	101678098	2	interbase_cut_boundary	high	CHI2019	101678097	SRR20770293	PRJNA865478	PRJNA865478:7_days	H3K4me3	narrow	SRR20770293	SRR20770295	narrowPeak	60058	0.20030529028564392	0.018534291474633827	10.807280686169378	6.12055	0	0	0	0.0	0	19130	19130	0	0	0	0.0	0	0	0	0.0	13	1	11872	0.11871881281187188	0.09995	2	1	2	0.048041934033	2001	1	2001	0.048521299935	20001	1	20001	0.13522698393	100001	1	100001
CHO_BM_GAIDUKOV_010	mLP9	positive	Tier 2	1	GCF_003668045.3	NW_023276807.1	132016117	132016117	1	point_coordinate	high	GAIDUKOV2018	132016117	SRR20770293	PRJNA865478	PRJNA865478:7_days	H3K4me3	narrow	SRR20770293	SRR20770295	narrowPeak	60058	0.20030529028564392	0.018534291474633827	10.807280686169378	6.12055	0	0	0	0.0	0	12259	12259	0	0	0	0.0	0	0	0	0.0	6	1	4940	0.049399506004939954	0.03998	1	1	1	0.0423576211894	2001	1	2001	0.0501454062297	20001	1	20001	0.0883657843422	100001	1	100001
CHO_BM_DHIMAN_001	DHIMAN2020_L001	negative	Tier 2	1	GCF_003668045.3	NW_023276807.1	138183203	138205865	22663	mapped_interval	high	DHIMAN2020	138194534	SRR20770293	PRJNA865478	PRJNA865478:7_days	H3K4me3	narrow	SRR20770293	SRR20770295	narrowPeak	60058	0.20030529028564392	0.018534291474633827	10.807280686169378	6.12055	0	0	0	0.0	0	536605	525274	0	0	0	0.0	0	0	0	0.0	0	0	0	0.0	0.0409705471473	22663	1	22663	0.0289909945027	2001	1	2001	0.0402598460077	20001	1	20001	0.0413205159948	100001	1	100001
CHO_BM_GAIDUKOV_019	mLP18	positive	Tier 2	1	GCF_003668045.3	NW_023276807.1	150040083	150040083	1	point_coordinate	high	GAIDUKOV2018	150040083	SRR20770293	PRJNA865478	PRJNA865478:7_days	H3K4me3	narrow	SRR20770293	SRR20770295	narrowPeak	60058	0.20030529028564392	0.018534291474633827	10.807280686169378	6.12055	0	0	0	0.0	0	687579	687579	0	0	0	0.0	0	0	0	0.0	0	0	0	0.0	0.03998	1	1	1	0.0287812043978	2001	1	2001	0.0270091375431	20001	1	20001	0.0331542828572	100001	1	100001
CHO_BM_DHIMAN_002	DHIMAN2020_L002	negative	Tier 2	1	GCF_003668045.3	NW_023276807.1	264596547	264623008	26462	mapped_interval	high	DHIMAN2020	264609777	SRR20770293	PRJNA865478	PRJNA865478:7_days	H3K4me3	narrow	SRR20770293	SRR20770295	narrowPeak	60058	0.20030529028564392	0.018534291474633827	10.807280686169378	6.12055	0	0	0	0.0	0	166196	152966	0	0	0	0.0	0	0	0	0.0	0	0	0	0.0	0.0327619344721	26462	1	26462	0.0322477361319	2001	1	2001	0.0326040587971	20001	1	20001	0.0259859405406	100001	1	100001
CHO_BM_DHIMAN_005	DHIMAN2020_L005	negative	Tier 2	1	GCF_003668045.3	NC_048595.1	257621823	257621823	1	point_coordinate	high	DHIMAN2020	257621823	SRR20770294	PRJNA865478	PRJNA865478:3_days	H3K27ac	narrow	SRR20770294	SRR20770287	narrowPeak	66604	0.1364899867431969	0.01460537675791056	9.34518766654008	5.60683	0	0	0	0.0	0	14623	14623	0	0	0	0.0	0	0	0	0.0	2	1	451	0.004509954900450995	0.10538	1	1	1	0.106047126437	2001	1	2001	0.069769460027	20001	1	20001	0.0713213542865	100001	1	100001
CHO_BM_GAIDUKOV_002	sLP1-2	positive	Tier 2	1	GCF_003668045.3	NC_048595.1	299949073	299949073	1	point_coordinate	high	GAIDUKOV2018	299949073	SRR20770294	PRJNA865478	PRJNA865478:3_days	H3K27ac	narrow	SRR20770294	SRR20770287	narrowPeak	66604	0.1364899867431969	0.01460537675791056	9.34518766654008	5.60683	0	0	0	0.0	0	3612	3612	0	0	0	0.0	1	1	148	0.0073996300184990755	1	1	148	0.0014799852001479985	0.05269	1	1	1	0.0594679310345	2001	1	2001	0.0546974691265	20001	1	20001	0.0484393804062	100001	1	100001
CHO_BM_DHIMAN_004	DHIMAN2020_L004	positive	Tier 2	2	GCF_003668045.3	NC_048595.1	408642588	408642597	10	mapped_interval	high	DHIMAN2020	408642592	SRR20770294	PRJNA865478	PRJNA865478:3_days	H3K27ac	narrow	SRR20770294	SRR20770287	narrowPeak	66604	0.1364899867431969	0.01460537675791056	9.34518766654008	5.60683	0	0	0	0.0	0	124694	124689	0	0	0	0.0	0	0	0	0.0	0	0	0	0.0	0.05269	10	1	10	0.0576113543228	2001	1	2001	0.0503927883606	20001	1	20001	0.04886199678	100001	1	100001
CHO_BM_DHIMAN_006	DHIMAN2020_L006	support_only	Tier 2	2	GCF_003668045.3	NC_048596.1	236735321	236735321	1	point_coordinate	high	DHIMAN2020	236735321	SRR20770294	PRJNA865478	PRJNA865478:3_days	H3K27ac	narrow	SRR20770294	SRR20770287	narrowPeak	66604	0.1364899867431969	0.01460537675791056	9.34518766654008	5.60683	0	0	0	0.0	0	17385	17385	0	0	0	0.0	0	0	0	0.0	14	1	9367	0.0936690633093669	0.07903	1	1	1	0.0901700449775	2001	1	2001	0.106066121694	20001	1	20001	0.147548502215	100001	1	100001
CHO_BM_GAIDUKOV_016	mLP15	positive	Tier 2	1	GCF_003668045.3	NC_048596.1	246185831	246185831	1	point_coordinate	high	GAIDUKOV2018	246185831	SRR20770294	PRJNA865478	PRJNA865478:3_days	H3K27ac	narrow	SRR20770294	SRR20770287	narrowPeak	66604	0.1364899867431969	0.01460537675791056	9.34518766654008	5.60683	0	0	0	0.0	0	30122	30122	0	0	0	0.0	0	0	0	0.0	1	1	152	0.0015199848001519985	0	1	1	1	0.0965419590205	2001	1	2001	0.075834919254	20001	1	20001	0.0647830071699	100001	1	100001
CHO_BM_ZHAO_003	GRIK1	support_only	Tier 2	4	GCF_003668045.3	NC_048597.1	9449577	9449578	2	interbase_cut_boundary	high	ZHAO2018	9449577	SRR20770294	PRJNA865478	PRJNA865478:3_days	H3K27ac	narrow	SRR20770294	SRR20770287	narrowPeak	66604	0.1364899867431969	0.01460537675791056	9.34518766654008	5.60683	0	0	0	0.0	0	177583	177582	0	0	0	0.0	0	0	0	0.0	0	0	0	0.0	0	2	1	2	0.0487109895052	2001	1	2001	0.0467904044798	20001	1	20001	0.049407599624	100001	1	100001
CHO_BM_DHIMAN_007	DHIMAN2020_L007	positive	Tier 2	1	GCF_003668045.3	NC_048597.1	21959978	21959978	1	point_coordinate	high	DHIMAN2020	21959978	SRR20770294	PRJNA865478	PRJNA865478:3_days	H3K27ac	narrow	SRR20770294	SRR20770287	narrowPeak	66604	0.1364899867431969	0.01460537675791056	9.34518766654008	5.60683	0	0	0	0.0	0	13374	13374	0	0	0	0.0	0	0	0	0.0	6	1	3727	0.03726962730372696	0.10538	1	1	1	0.128757961019	2001	1	2001	0.0979222383881	20001	1	20001	0.0887677755222	100001	1	100001
CHO_BM_DHIMAN_008	DHIMAN2020_L008	positive	Tier 2	1	GCF_003668045.3	NC_048597.1	73524836	73524858	23	mapped_interval	high	DHIMAN2020	73524847	SRR20770294	PRJNA865478	PRJNA865478:3_days	H3K27ac	narrow	SRR20770294	SRR20770287	narrowPeak	66604	0.1364899867431969	0.01460537675791056	9.34518766654008	5.60683	0	0	0	0.0	0	27425	27414	0	0	0	0.0	0	0	0	0.0	1	1	250	0.0024999750002499977	0.0458160869565	23	1	23	0.081086061969	2001	1	2001	0.0587821288936	20001	1	20001	0.0685281729183	100001	1	100001
CHO_BM_GAIDUKOV_015	mLP14	positive	Tier 2	1	GCF_003668045.3	NC_048597.1	105106891	105106891	1	point_coordinate	high	GAIDUKOV2018	105106891	SRR20770294	PRJNA865478	PRJNA865478:3_days	H3K27ac	narrow	SRR20770294	SRR20770287	narrowPeak	66604	0.1364899867431969	0.01460537675791056	9.34518766654008	5.60683	0	0	0	0.0	0	1813	1813	0	0	0	0.0	5	1	976	0.0487975601219939	26	1	10171	0.1017089829101709	0.2371	1	1	1	0.146637106447	2001	1	2001	0.15190380731	20001	1	20001	0.154080898091	100001	1	100001
CHO_BM_DHIMAN_009	DHIMAN2020_L009	positive	Tier 2	1	GCF_003668045.3	NC_048597.1	169164042	169164066	25	mapped_interval	high	DHIMAN2020	169164054	SRR20770294	PRJNA865478	PRJNA865478:3_days	H3K27ac	narrow	SRR20770294	SRR20770287	narrowPeak	66604	0.1364899867431969	0.01460537675791056	9.34518766654008	5.60683	1	1	25	1.0	1	0	0	2	1	1722	0.8605697151424287	6	1	4817	0.2408379581020949	21	1	12895	0.12894871051289486	0.4689228	25	1	25	0.659401904048	2001	1	2001	0.318418111594	20001	1	20001	0.238816111739	100001	1	100001
CHO_BM_GAIDUKOV_017	mLP16	positive	Tier 2	1	GCF_003668045.3	NC_048597.1	175544362	175544362	1	point_coordinate	high	GAIDUKOV2018	175544362	SRR20770294	PRJNA865478	PRJNA865478:3_days	H3K27ac	narrow	SRR20770294	SRR20770287	narrowPeak	66604	0.1364899867431969	0.01460537675791056	9.34518766654008	5.60683	0	0	0	0.0	0	75790	75790	0	0	0	0.0	0	0	0	0.0	0	0	0	0.0	0.02634	1	1	1	0.03673013993	2001	1	2001	0.0542518584071	20001	1	20001	0.0531688694113	100001	1	100001
CHO_BM_GAIDUKOV_005	mLP4	positive	Tier 2	1	GCF_003668045.3	NC_048597.1	186989799	186989799	1	point_coordinate	high	GAIDUKOV2018	186989799	SRR20770294	PRJNA865478	PRJNA865478:3_days	H3K27ac	narrow	SRR20770294	SRR20770287	narrowPeak	66604	0.1364899867431969	0.01460537675791056	9.34518766654008	5.60683	0	0	0	0.0	0	116017	116017	0	0	0	0.0	0	0	0	0.0	0	0	0	0.0	0.02634	1	1	1	0.0322542978511	2001	1	2001	0.0561105229739	20001	1	20001	0.0471911617884	100001	1	100001
CHO_BM_GAIDUKOV_014	mLP13	positive	Tier 2	1	GCF_003668045.3	NC_048598.1	113820843	113820843	1	point_coordinate	high	GAIDUKOV2018	113820843	SRR20770294	PRJNA865478	PRJNA865478:3_days	H3K27ac	narrow	SRR20770294	SRR20770287	narrowPeak	66604	0.1364899867431969	0.01460537675791056	9.34518766654008	5.60683	0	0	0	0.0	0	324110	324110	0	0	0	0.0	0	0	0	0.0	0	0	0	0.0	0.13172	1	1	1	0.0558995302349	2001	1	2001	0.0515124743763	20001	1	20001	0.0476179328207	100001	1	100001
CHO_BM_GAIDUKOV_018	mLP17	positive	Tier 2	1	GCF_003668045.3	NC_048598.1	152539694	152539694	1	point_coordinate	high	GAIDUKOV2018	152539694	SRR20770294	PRJNA865478	PRJNA865478:3_days	H3K27ac	narrow	SRR20770294	SRR20770287	narrowPeak	66604	0.1364899867431969	0.01460537675791056	9.34518766654008	5.60683	0	0	0	0.0	0	194445	194445	0	0	0	0.0	0	0	0	0.0	0	0	0	0.0	0.07903	1	1	1	0.044405912044	2001	1	2001	0.0382248632568	20001	1	20001	0.0405414661853	100001	1	100001
CHO_BM_GAIDUKOV_003	mLP2	positive	Tier 2	1	GCF_003668045.3	NC_048598.1	158460979	158460979	1	point_coordinate	high	GAIDUKOV2018	158460979	SRR20770294	PRJNA865478	PRJNA865478:3_days	H3K27ac	narrow	SRR20770294	SRR20770287	narrowPeak	66604	0.1364899867431969	0.01460537675791056	9.34518766654008	5.60683	0	0	0	0.0	0	915169	915169	0	0	0	0.0	0	0	0	0.0	0	0	0	0.0	0.02634	1	1	1	0.0508309295352	2001	1	2001	0.0394723028849	20001	1	20001	0.0354488166118	100001	1	100001
CHO_BM_DHIMAN_010	DHIMAN2020_L010	negative	Tier 2	1	GCF_003668045.3	NC_048599.1	7684596	7781386	96791	mapped_interval	high	DHIMAN2020	7732991	SRR20770294	PRJNA865478	PRJNA865478:3_days	H3K27ac	narrow	SRR20770294	SRR20770287	narrowPeak	66604	0.1364899867431969	0.01460537675791056	9.34518766654008	5.60683	0	0	0	0.0	0	731912	683517	0	0	0	0.0	0	0	0	0.0	0	0	0	0.0	0.0660538534574	96791	1	96791	0.0512922338831	2001	1	2001	0.066508420579	20001	1	20001	0.065932498975	100001	1	100001
CHO_BM_GAIDUKOV_007	mLP6	positive	Tier 2	1	GCF_003668045.3	NC_048599.1	45758703	45758703	1	point_coordinate	high	GAIDUKOV2018	45758703	SRR20770294	PRJNA865478	PRJNA865478:3_days	H3K27ac	narrow	SRR20770294	SRR20770287	narrowPeak	66604	0.1364899867431969	0.01460537675791056	9.34518766654008	5.60683	0	0	0	0.0	0	5309	5309	0	0	0	0.0	2	1	2675	0.13374331283435828	4	1	3330	0.033299667003329966	0.05269	1	1	1	0.0783338430785	2001	1	2001	0.151782159892	20001	1	20001	0.0858822611774	100001	1	100001
CHO_BM_GAIDUKOV_008	mLP7	positive	Tier 2	1	GCF_003668045.3	NC_048599.1	109879626	109879626	1	point_coordinate	high	GAIDUKOV2018	109879626	SRR20770294	PRJNA865478	PRJNA865478:3_days	H3K27ac	narrow	SRR20770294	SRR20770287	narrowPeak	66604	0.1364899867431969	0.01460537675791056	9.34518766654008	5.60683	0	0	0	0.0	0	1097	1097	0	0	0	0.0	12	1	7530	0.37648117594120295	25	1	13875	0.13874861251387485	0.10538	1	1	1	0.14416055972	2001	1	2001	0.287818468077	20001	1	20001	0.159217089529	100001	1	100001
CHO_BM_HERTEL_003	Site-C	positive	Tier 2	1	GCF_003668045.3	NC_048600.1	91189327	91189365	39	paired_nick_interval	high	HERTEL2022	91189346	SRR20770294	PRJNA865478	PRJNA865478:3_days	H3K27ac	narrow	SRR20770294	SRR20770287	narrowPeak	66604	0.1364899867431969	0.01460537675791056	9.34518766654008	5.60683	1	1	39	1.0	1	0	0	1	1	2001	1.0	6	1	12104	0.6051697415129244	24	1	18627	0.18626813731862682	1.52727461538	39	1	39	1.21375704648	2001	1	2001	0.621172571871	20001	1	20001	0.292818566814	100001	1	100001
CHO_BM_ZHAO_001	C12orf35	positive	Tier 2	4	GCF_003668045.3	NC_048601.1	371365	371366	2	interbase_cut_boundary	high	ZHAO2018	371365	SRR20770294	PRJNA865478	PRJNA865478:3_days	H3K27ac	narrow	SRR20770294	SRR20770287	narrowPeak	66604	0.1364899867431969	0.01460537675791056	9.34518766654008	5.60683	0	0	0	0.0	0	16972	16971	0	0	0	0.0	0	0	0	0.0	3	1	735	0.007349926500734993	0.07903	2	1	2	0.0580199050475	2001	1	2001	0.0499347877606	20001	1	20001	0.0448964457355	100001	1	100001
CHO_BM_DHIMAN_011	DHIMAN2020_L011	support_only	Tier 2	2	GCF_003668045.3	NC_048601.1	1900502	1900502	1	point_coordinate	high	DHIMAN2020	1900502	SRR20770294	PRJNA865478	PRJNA865478:3_days	H3K27ac	narrow	SRR20770294	SRR20770287	narrowPeak	66604	0.1364899867431969	0.01460537675791056	9.34518766654008	5.60683	0	0	0	0.0	0	39450	39450	0	0	0	0.0	0	0	0	0.0	2	1	774	0.007739922600773992	0.18441	1	1	1	0.0960152173913	2001	1	2001	0.115965776711	20001	1	20001	0.120500930891	100001	1	100001
CHO_BM_GAIDUKOV_021	sLP20	positive	Tier 2	1	GCF_003668045.3	NC_048601.1	31728512	31728512	1	point_coordinate	high	GAIDUKOV2018	31728512	SRR20770294	PRJNA865478	PRJNA865478:3_days	H3K27ac	narrow	SRR20770294	SRR20770287	narrowPeak	66604	0.1364899867431969	0.01460537675791056	9.34518766654008	5.60683	1	1	1	1.0	1	0	0	1	1	1551	0.775112443778111	10	1	8707	0.43532823358832057	16	1	12338	0.12337876621233787	0.84301	1	1	1	0.540255267366	2001	1	2001	0.319204561772	20001	1	20001	0.180367854921	100001	1	100001
CHO_BM_HERTEL_001	Site-A	positive	Tier 2	1	GCF_003668045.3	NC_048603.1	21429466	21429529	64	paired_nick_interval	high	HERTEL2022	21429497	SRR20770294	PRJNA865478	PRJNA865478:3_days	H3K27ac	narrow	SRR20770294	SRR20770287	narrowPeak	66604	0.1364899867431969	0.01460537675791056	9.34518766654008	5.60683	1	1	64	1.0	1	0	0	2	1	1601	0.8000999500249875	10	1	11335	0.5667216639168041	40	1	36380	0.36379636203637966	1.01918125	64	1	64	0.903330044978	2001	1	2001	0.580093894805	20001	1	20001	0.42845895841	100001	1	100001
CHO_BM_DHIMAN_012	DHIMAN2020_L012	positive	Tier 2	1	GCF_003668045.3	NC_048603.1	26280751	26280867	117	mapped_interval	high	DHIMAN2020	26280809	SRR20770294	PRJNA865478	PRJNA865478:3_days	H3K27ac	narrow	SRR20770294	SRR20770287	narrowPeak	66604	0.1364899867431969	0.01460537675791056	9.34518766654008	5.60683	0	0	0	0.0	0	324223	324165	0	0	0	0.0	0	0	0	0.0	0	0	0	0.0	0.104702478632	117	1	117	0.111642688656	2001	1	2001	0.131123268837	20001	1	20001	0.140214528655	100001	1	100001
CHO_BM_HERTEL_002	Site-B	support_only	Tier 2	1	GCF_003668045.3	NC_048603.1	28646724	28646778	55	paired_nick_interval	high	HERTEL2022	28646751	SRR20770294	PRJNA865478	PRJNA865478:3_days	H3K27ac	narrow	SRR20770294	SRR20770287	narrowPeak	66604	0.1364899867431969	0.01460537675791056	9.34518766654008	5.60683	1	1	55	1.0	1	0	0	1	1	2001	1.0	10	1	15395	0.7697115144242788	41	1	33187	0.33186668133318664	1.32103072727	55	1	55	1.28069003998	2001	1	2001	0.842257109645	20001	1	20001	0.455255308347	100001	1	100001
CHO_BM_ZHAO_002	HPRT	support_only	Tier 2	4	GCF_003668045.3	NC_048604.1	17024143	17024144	2	interbase_cut_boundary	high	ZHAO2018	17024143	SRR20770294	PRJNA865478	PRJNA865478:3_days	H3K27ac	narrow	SRR20770294	SRR20770287	narrowPeak	66604	0.1364899867431969	0.01460537675791056	9.34518766654008	5.60683	0	0	0	0.0	0	17492	17491	0	0	0	0.0	0	0	0	0.0	9	1	4896	0.04895951040489595	0.10538	2	1	2	0.0721465117441	2001	1	2001	0.065421740413	20001	1	20001	0.0808820092799	100001	1	100001
CHO_BM_DHIMAN_013	DHIMAN2020_L013	positive	Tier 2	1	GCF_003668045.3	NC_048604.1	59574984	59627432	52449	mapped_interval	high	DHIMAN2020	59601208	SRR20770294	PRJNA865478	PRJNA865478:3_days	H3K27ac	narrow	SRR20770294	SRR20770287	narrowPeak	66604	0.1364899867431969	0.01460537675791056	9.34518766654008	5.60683	1	2	542	0.010333848119125246	0	24225	0	0	0	0	0.0	0	0	0	0.0	2	1	542	0.0054199458005419945	0.0372284443936	52449	1	52449	0.0219855972014	2001	1	2001	0.0255568016599	20001	1	20001	0.035579899101	100001	1	100001
CHO_BM_GAIDUKOV_009	mLP8	positive	Tier 2	1	GCF_003668045.3	NW_023276806.1	48454524	48454524	1	point_coordinate	high	GAIDUKOV2018	48454524	SRR20770294	PRJNA865478	PRJNA865478:3_days	H3K27ac	narrow	SRR20770294	SRR20770287	narrowPeak	66604	0.1364899867431969	0.01460537675791056	9.34518766654008	5.60683	0	0	0	0.0	0	14458	14458	0	0	0	0.0	0	0	0	0.0	12	1	9572	0.0957190428095719	0.05269	1	1	1	0.117883503248	2001	1	2001	0.102617821109	20001	1	20001	0.146826093439	100001	1	100001
CHO_BM_GAIDUKOV_011	mLP10	positive	Tier 2	1	GCF_003668045.3	NW_023276806.1	67810067	67810067	1	point_coordinate	high	GAIDUKOV2018	67810067	SRR20770294	PRJNA865478	PRJNA865478:3_days	H3K27ac	narrow	SRR20770294	SRR20770287	narrowPeak	66604	0.1364899867431969	0.01460537675791056	9.34518766654008	5.60683	0	0	0	0.0	0	155535	155535	0	0	0	0.0	0	0	0	0.0	0	0	0	0.0	0	1	1	1	0.0414964067966	2001	1	2001	0.0299190680466	20001	1	20001	0.0296865541345	100001	1	100001
CHO_BM_GAIDUKOV_001	sLP1-1	positive	Tier 2	1	GCF_003668045.3	NW_023276806.1	81776324	81776324	1	point_coordinate	high	GAIDUKOV2018	81776324	SRR20770294	PRJNA865478	PRJNA865478:3_days	H3K27ac	narrow	SRR20770294	SRR20770287	narrowPeak	66604	0.1364899867431969	0.01460537675791056	9.34518766654008	5.60683	0	0	0	0.0	0	692595	692595	0	0	0	0.0	0	0	0	0.0	0	0	0	0.0	0	1	1	1	0.0166402198901	2001	1	2001	0.0242013859307	20001	1	20001	0.0246206755932	100001	1	100001
CHO_BM_GAIDUKOV_013	mLP12	positive	Tier 2	1	GCF_003668045.3	NW_023276806.1	163338145	163338145	1	point_coordinate	high	GAIDUKOV2018	163338145	SRR20770294	PRJNA865478	PRJNA865478:3_days	H3K27ac	narrow	SRR20770294	SRR20770287	narrowPeak	66604	0.1364899867431969	0.01460537675791056	9.34518766654008	5.60683	0	0	0	0.0	0	9450	9450	0	0	0	0.0	1	1	551	0.027548622568871556	11	1	9668	0.0966790332096679	0.07903	1	1	1	0.0810071614193	2001	1	2001	0.109736735663	20001	1	20001	0.133193139269	100001	1	100001
CHO_BM_DHIMAN_003	DHIMAN2020_L003	support_only	Tier 2	2	GCF_003668045.3	NW_023276806.1	241273133	241273133	1	point_coordinate	high	DHIMAN2020	241273133	SRR20770294	PRJNA865478	PRJNA865478:3_days	H3K27ac	narrow	SRR20770294	SRR20770287	narrowPeak	66604	0.1364899867431969	0.01460537675791056	9.34518766654008	5.60683	0	0	0	0.0	0	735374	735374	0	0	0	0.0	0	0	0	0.0	0	0	0	0.0	0.02634	1	1	1	0.0444191154423	2001	1	2001	0.0456802329884	20001	1	20001	0.042087304927	100001	1	100001
CHO_BM_CHI_001	Hipp11/H11	positive	Tier 2	1	GCF_003668045.3	NW_023276807.1	101678097	101678098	2	interbase_cut_boundary	high	CHI2019	101678097	SRR20770294	PRJNA865478	PRJNA865478:3_days	H3K27ac	narrow	SRR20770294	SRR20770287	narrowPeak	66604	0.1364899867431969	0.01460537675791056	9.34518766654008	5.60683	0	0	0	0.0	0	22741	22741	0	0	0	0.0	0	0	0	0.0	9	1	4894	0.04893951060489395	0.02634	2	1	2	0.0812177511244	2001	1	2001	0.0944293450327	20001	1	20001	0.118537415526	100001	1	100001
CHO_BM_GAIDUKOV_010	mLP9	positive	Tier 2	1	GCF_003668045.3	NW_023276807.1	132016117	132016117	1	point_coordinate	high	GAIDUKOV2018	132016117	SRR20770294	PRJNA865478	PRJNA865478:3_days	H3K27ac	narrow	SRR20770294	SRR20770287	narrowPeak	66604	0.1364899867431969	0.01460537675791056	9.34518766654008	5.60683	0	0	0	0.0	0	15830	15830	0	0	0	0.0	0	0	0	0.0	5	1	1771	0.01770982290177098	0.07903	1	1	1	0.0757143228386	2001	1	2001	0.0779742962852	20001	1	20001	0.0840489311107	100001	1	100001
CHO_BM_DHIMAN_001	DHIMAN2020_L001	negative	Tier 2	1	GCF_003668045.3	NW_023276807.1	138183203	138205865	22663	mapped_interval	high	DHIMAN2020	138194534	SRR20770294	PRJNA865478	PRJNA865478:3_days	H3K27ac	narrow	SRR20770294	SRR20770287	narrowPeak	66604	0.1364899867431969	0.01460537675791056	9.34518766654008	5.60683	0	0	0	0.0	0	538888	527557	0	0	0	0.0	0	0	0	0.0	0	0	0	0.0	0.0436528283987	22663	1	22663	0.037177846077	2001	1	2001	0.043772860857	20001	1	20001	0.0419837482625	100001	1	100001
CHO_BM_GAIDUKOV_019	mLP18	positive	Tier 2	1	GCF_003668045.3	NW_023276807.1	150040083	150040083	1	point_coordinate	high	GAIDUKOV2018	150040083	SRR20770294	PRJNA865478	PRJNA865478:3_days	H3K27ac	narrow	SRR20770294	SRR20770287	narrowPeak	66604	0.1364899867431969	0.01460537675791056	9.34518766654008	5.60683	0	0	0	0.0	0	951599	951599	0	0	0	0.0	0	0	0	0.0	0	0	0	0.0	0.07903	1	1	1	0.0447750724638	2001	1	2001	0.035997700615	20001	1	20001	0.0389367753322	100001	1	100001
CHO_BM_DHIMAN_002	DHIMAN2020_L002	negative	Tier 2	1	GCF_003668045.3	NW_023276807.1	264596547	264623008	26462	mapped_interval	high	DHIMAN2020	264609777	SRR20770294	PRJNA865478	PRJNA865478:3_days	H3K27ac	narrow	SRR20770294	SRR20770287	narrowPeak	66604	0.1364899867431969	0.01460537675791056	9.34518766654008	5.60683	0	0	0	0.0	0	184241	171011	0	0	0	0.0	0	0	0	0.0	0	0	0	0.0	0.0442608880659	26462	1	26462	0.0444451024488	2001	1	2001	0.0462503099845	20001	1	20001	0.0352107671923	100001	1	100001
CHO_BM_DHIMAN_005	DHIMAN2020_L005	negative	Tier 2	1	GCF_003668045.3	NC_048595.1	257621823	257621823	1	point_coordinate	high	DHIMAN2020	257621823	SRR20770296	PRJNA865478	PRJNA865478:3_days	H3K9me3	broad	SRR20770296	SRR20770287	broadPeak	74529	0.10601066469583971	0.033670591561787644	3.148464573344472	2.94256	0	0	0	0.0	0	302908	302908	0	0	0	0.0	0	0	0	0.0	0	0	0	0.0	0.0325	1	1	1	0.0310382308846	2001	1	2001	0.0526034948253	20001	1	20001	0.0469857551424	100001	1	100001
CHO_BM_GAIDUKOV_002	sLP1-2	positive	Tier 2	1	GCF_003668045.3	NC_048595.1	299949073	299949073	1	point_coordinate	high	GAIDUKOV2018	299949073	SRR20770296	PRJNA865478	PRJNA865478:3_days	H3K9me3	broad	SRR20770296	SRR20770287	broadPeak	74529	0.10601066469583971	0.033670591561787644	3.148464573344472	2.94256	0	0	0	0.0	0	215610	215610	0	0	0	0.0	0	0	0	0.0	0	0	0	0.0	0.065	1	1	1	0.042976011994	2001	1	2001	0.0345295235238	20001	1	20001	0.0480085199148	100001	1	100001
CHO_BM_DHIMAN_004	DHIMAN2020_L004	positive	Tier 2	2	GCF_003668045.3	NC_048595.1	408642588	408642597	10	mapped_interval	high	DHIMAN2020	408642592	SRR20770296	PRJNA865478	PRJNA865478:3_days	H3K9me3	broad	SRR20770296	SRR20770287	broadPeak	74529	0.10601066469583971	0.033670591561787644	3.148464573344472	2.94256	0	0	0	0.0	0	132300	132295	0	0	0	0.0	0	0	0	0.0	0	0	0	0.0	0.0325	10	1	10	0.053988005997	2001	1	2001	0.0533509574521	20001	1	20001	0.0569582804172	100001	1	100001
CHO_BM_DHIMAN_006	DHIMAN2020_L006	support_only	Tier 2	2	GCF_003668045.3	NC_048596.1	236735321	236735321	1	point_coordinate	high	DHIMAN2020	236735321	SRR20770296	PRJNA865478	PRJNA865478:3_days	H3K9me3	broad	SRR20770296	SRR20770287	broadPeak	74529	0.10601066469583971	0.033670591561787644	3.148464573344472	2.94256	0	0	0	0.0	0	76334	76334	0	0	0	0.0	0	0	0	0.0	0	0	0	0.0	0	1	1	1	0.044324087956	2001	1	2001	0.0313398080096	20001	1	20001	0.0360879641204	100001	1	100001
CHO_BM_GAIDUKOV_016	mLP15	positive	Tier 2	1	GCF_003668045.3	NC_048596.1	246185831	246185831	1	point_coordinate	high	GAIDUKOV2018	246185831	SRR20770296	PRJNA865478	PRJNA865478:3_days	H3K9me3	broad	SRR20770296	SRR20770287	broadPeak	74529	0.10601066469583971	0.033670591561787644	3.148464573344472	2.94256	0	0	0	0.0	0	296282	296282	0	0	0	0.0	0	0	0	0.0	0	0	0	0.0	0	1	1	1	0.0150237381309	2001	1	2001	0.0508112094395	20001	1	20001	0.0495899541005	100001	1	100001
CHO_BM_ZHAO_003	GRIK1	support_only	Tier 2	4	GCF_003668045.3	NC_048597.1	9449577	9449578	2	interbase_cut_boundary	high	ZHAO2018	9449577	SRR20770296	PRJNA865478	PRJNA865478:3_days	H3K9me3	broad	SRR20770296	SRR20770287	broadPeak	74529	0.10601066469583971	0.033670591561787644	3.148464573344472	2.94256	0	0	0	0.0	0	1578	1578	0	0	0	0.0	1	1	362	0.01809909504524774	2	1	915	0.00914990850091499	0.0325	2	1	2	0.0864230384808	2001	1	2001	0.0749786260687	20001	1	20001	0.0752448784512	100001	1	100001
CHO_BM_DHIMAN_007	DHIMAN2020_L007	positive	Tier 2	1	GCF_003668045.3	NC_048597.1	21959978	21959978	1	point_coordinate	high	DHIMAN2020	21959978	SRR20770296	PRJNA865478	PRJNA865478:3_days	H3K9me3	broad	SRR20770296	SRR20770287	broadPeak	74529	0.10601066469583971	0.033670591561787644	3.148464573344472	2.94256	0	0	0	0.0	0	1093342	1093342	0	0	0	0.0	0	0	0	0.0	0	0	0	0.0	0.065	1	1	1	0.0548813093453	2001	1	2001	0.0453384830758	20001	1	20001	0.0389323356766	100001	1	100001
CHO_BM_DHIMAN_008	DHIMAN2020_L008	positive	Tier 2	1	GCF_003668045.3	NC_048597.1	73524836	73524858	23	mapped_interval	high	DHIMAN2020	73524847	SRR20770296	PRJNA865478	PRJNA865478:3_days	H3K9me3	broad	SRR20770296	SRR20770287	broadPeak	74529	0.10601066469583971	0.033670591561787644	3.148464573344472	2.94256	0	0	0	0.0	0	160274	160263	0	0	0	0.0	0	0	0	0.0	0	0	0	0.0	0	23	1	23	0.041627936032	2001	1	2001	0.0346351432428	20001	1	20001	0.0357327426726	100001	1	100001
CHO_BM_GAIDUKOV_015	mLP14	positive	Tier 2	1	GCF_003668045.3	NC_048597.1	105106891	105106891	1	point_coordinate	high	GAIDUKOV2018	105106891	SRR20770296	PRJNA865478	PRJNA865478:3_days	H3K9me3	broad	SRR20770296	SRR20770287	broadPeak	74529	0.10601066469583971	0.033670591561787644	3.148464573344472	2.94256	0	0	0	0.0	0	31120	31120	0	0	0	0.0	0	0	0	0.0	1	1	392	0.003919960800391996	0	1	1	1	0.0145364817591	2001	1	2001	0.0223426328684	20001	1	20001	0.0371685783142	100001	1	100001
CHO_BM_DHIMAN_009	DHIMAN2020_L009	positive	Tier 2	1	GCF_003668045.3	NC_048597.1	169164042	169164066	25	mapped_interval	high	DHIMAN2020	169164054	SRR20770296	PRJNA865478	PRJNA865478:3_days	H3K9me3	broad	SRR20770296	SRR20770287	broadPeak	74529	0.10601066469583971	0.033670591561787644	3.148464573344472	2.94256	0	0	0	0.0	0	126642	126630	0	0	0	0.0	0	0	0	0.0	0	0	0	0.0	0	25	1	25	0.0158033483258	2001	1	2001	0.0408342082896	20001	1	20001	0.0624816068839	100001	1	100001
CHO_BM_GAIDUKOV_017	mLP16	positive	Tier 2	1	GCF_003668045.3	NC_048597.1	175544362	175544362	1	point_coordinate	high	GAIDUKOV2018	175544362	SRR20770296	PRJNA865478	PRJNA865478:3_days	H3K9me3	broad	SRR20770296	SRR20770287	broadPeak	74529	0.10601066469583971	0.033670591561787644	3.148464573344472	2.94256	0	0	0	0.0	0	156850	156850	0	0	0	0.0	0	0	0	0.0	0	0	0	0.0	0.065	1	1	1	0.0379735132434	2001	1	2001	0.0402622368882	20001	1	20001	0.0489302106979	100001	1	100001
CHO_BM_GAIDUKOV_005	mLP4	positive	Tier 2	1	GCF_003668045.3	NC_048597.1	186989799	186989799	1	point_coordinate	high	GAIDUKOV2018	186989799	SRR20770296	PRJNA865478	PRJNA865478:3_days	H3K9me3	broad	SRR20770296	SRR20770287	broadPeak	74529	0.10601066469583971	0.033670591561787644	3.148464573344472	2.94256	0	0	0	0.0	0	490679	490679	0	0	0	0.0	0	0	0	0.0	0	0	0	0.0	0.0325	1	1	1	0.0249475262369	2001	1	2001	0.0386210689466	20001	1	20001	0.044522604774	100001	1	100001
CHO_BM_GAIDUKOV_014	mLP13	positive	Tier 2	1	GCF_003668045.3	NC_048598.1	113820843	113820843	1	point_coordinate	high	GAIDUKOV2018	113820843	SRR20770296	PRJNA865478	PRJNA865478:3_days	H3K9me3	broad	SRR20770296	SRR20770287	broadPeak	74529	0.10601066469583971	0.033670591561787644	3.148464573344472	2.94256	0	0	0	0.0	0	406179	406179	0	0	0	0.0	0	0	0	0.0	0	0	0	0.0	0	1	1	1	0.0256946526737	2001	1	2001	0.0350429978501	20001	1	20001	0.0462168128319	100001	1	100001
CHO_BM_GAIDUKOV_018	mLP17	positive	Tier 2	1	GCF_003668045.3	NC_048598.1	152539694	152539694	1	point_coordinate	high	GAIDUKOV2018	152539694	SRR20770296	PRJNA865478	PRJNA865478:3_days	H3K9me3	broad	SRR20770296	SRR20770287	broadPeak	74529	0.10601066469583971	0.033670591561787644	3.148464573344472	2.94256	0	0	0	0.0	0	283784	283784	0	0	0	0.0	0	0	0	0.0	0	0	0	0.0	0.065	1	1	1	0.041644177911	2001	1	2001	0.0516496675166	20001	1	20001	0.052402800972	100001	1	100001
CHO_BM_GAIDUKOV_003	mLP2	positive	Tier 2	1	GCF_003668045.3	NC_048598.1	158460979	158460979	1	point_coordinate	high	GAIDUKOV2018	158460979	SRR20770296	PRJNA865478	PRJNA865478:3_days	H3K9me3	broad	SRR20770296	SRR20770287	broadPeak	74529	0.10601066469583971	0.033670591561787644	3.148464573344472	2.94256	0	0	0	0.0	0	12603	12603	0	0	0	0.0	0	0	0	0.0	3	1	748	0.007479925200747992	0.1625	1	1	1	0.0900124937531	2001	1	2001	0.0843267836608	20001	1	20001	0.0752341476585	100001	1	100001
CHO_BM_DHIMAN_010	DHIMAN2020_L010	negative	Tier 2	1	GCF_003668045.3	NC_048599.1	7684596	7781386	96791	mapped_interval	high	DHIMAN2020	7732991	SRR20770296	PRJNA865478	PRJNA865478:3_days	H3K9me3	broad	SRR20770296	SRR20770287	broadPeak	74529	0.10601066469583971	0.033670591561787644	3.148464573344472	2.94256	1	53	37126	0.383568720232253	0	252	0	3	1	613	0.30634682658670664	10	1	10838	0.5418729063546822	54	1	37751	0.3775062249377506	0.244585197487	96791	1	96791	0.245319155422	2001	1	2001	0.258549114044	20001	1	20001	0.243944495755	100001	1	100001
CHO_BM_GAIDUKOV_007	mLP6	positive	Tier 2	1	GCF_003668045.3	NC_048599.1	45758703	45758703	1	point_coordinate	high	GAIDUKOV2018	45758703	SRR20770296	PRJNA865478	PRJNA865478:3_days	H3K9me3	broad	SRR20770296	SRR20770287	broadPeak	74529	0.10601066469583971	0.033670591561787644	3.148464573344472	2.94256	0	0	0	0.0	0	52499	52499	0	0	0	0.0	0	0	0	0.0	0	0	0	0.0	0.065	1	1	1	0.0297063968016	2001	1	2001	0.0270873956302	20001	1	20001	0.0448508514915	100001	1	100001
CHO_BM_GAIDUKOV_008	mLP7	positive	Tier 2	1	GCF_003668045.3	NC_048599.1	109879626	109879626	1	point_coordinate	high	GAIDUKOV2018	109879626	SRR20770296	PRJNA865478	PRJNA865478:3_days	H3K9me3	broad	SRR20770296	SRR20770287	broadPeak	74529	0.10601066469583971	0.033670591561787644	3.148464573344472	2.94256	0	0	0	0.0	0	6983	6983	0	0	0	0.0	1	1	288	0.0143992800359982	1	1	288	0.002879971200287997	0.0325	1	1	1	0.0165992003998	2001	1	2001	0.0440662311884	20001	1	20001	0.0387100497995	100001	1	100001
CHO_BM_HERTEL_003	Site-C	positive	Tier 2	1	GCF_003668045.3	NC_048600.1	91189327	91189365	39	paired_nick_interval	high	HERTEL2022	91189346	SRR20770296	PRJNA865478	PRJNA865478:3_days	H3K9me3	broad	SRR20770296	SRR20770287	broadPeak	74529	0.10601066469583971	0.033670591561787644	3.148464573344472	2.94256	0	0	0	0.0	0	42606	42587	0	0	0	0.0	0	0	0	0.0	1	1	687	0.006869931300686993	0	39	1	39	0.0113530734633	2001	1	2001	0.0396691415429	20001	1	20001	0.0610581326187	100001	1	100001
CHO_BM_ZHAO_001	C12orf35	positive	Tier 2	4	GCF_003668045.3	NC_048601.1	371365	371366	2	interbase_cut_boundary	high	ZHAO2018	371365	SRR20770296	PRJNA865478	PRJNA865478:3_days	H3K9me3	broad	SRR20770296	SRR20770287	broadPeak	74529	0.10601066469583971	0.033670591561787644	3.148464573344472	2.94256	0	0	0	0.0	0	268376	268376	0	0	0	0.0	0	0	0	0.0	0	0	0	0.0	0.0325	2	1	2	0.0876411794103	2001	1	2001	0.0553821058947	20001	1	20001	0.03517699823	100001	1	100001
CHO_BM_DHIMAN_011	DHIMAN2020_L011	support_only	Tier 2	2	GCF_003668045.3	NC_048601.1	1900502	1900502	1	point_coordinate	high	DHIMAN2020	1900502	SRR20770296	PRJNA865478	PRJNA865478:3_days	H3K9me3	broad	SRR20770296	SRR20770287	broadPeak	74529	0.10601066469583971	0.033670591561787644	3.148464573344472	2.94256	0	0	0	0.0	0	475	475	1	1	323	0.16141929035482258	11	1	7032	0.351582420878956	39	1	26766	0.26765732342676574	0.48751	1	1	1	0.272914197901	2001	1	2001	0.323097546123	20001	1	20001	0.285588228918	100001	1	100001
CHO_BM_GAIDUKOV_021	sLP20	positive	Tier 2	1	GCF_003668045.3	NC_048601.1	31728512	31728512	1	point_coordinate	high	GAIDUKOV2018	31728512	SRR20770296	PRJNA865478	PRJNA865478:3_days	H3K9me3	broad	SRR20770296	SRR20770287	broadPeak	74529	0.10601066469583971	0.033670591561787644	3.148464573344472	2.94256	0	0	0	0.0	0	107344	107344	0	0	0	0.0	0	0	0	0.0	0	0	0	0.0	0.0325	1	1	1	0.0143253373313	2001	1	2001	0.0207810859457	20001	1	20001	0.0295230297697	100001	1	100001
CHO_BM_HERTEL_001	Site-A	positive	Tier 2	1	GCF_003668045.3	NC_048603.1	21429466	21429529	64	paired_nick_interval	high	HERTEL2022	21429497	SRR20770296	PRJNA865478	PRJNA865478:3_days	H3K9me3	broad	SRR20770296	SRR20770287	broadPeak	74529	0.10601066469583971	0.033670591561787644	3.148464573344472	2.94256	0	0	0	0.0	0	2961	2930	0	0	0	0.0	3	1	5811	0.29053547322633866	15	1	11770	0.11769882301176988	0.0325	64	1	64	0.0359595202399	2001	1	2001	0.180899112544	20001	1	20001	0.200132833172	100001	1	100001
CHO_BM_DHIMAN_012	DHIMAN2020_L012	positive	Tier 2	1	GCF_003668045.3	NC_048603.1	26280751	26280867	117	mapped_interval	high	DHIMAN2020	26280809	SRR20770296	PRJNA865478	PRJNA865478:3_days	H3K9me3	broad	SRR20770296	SRR20770287	broadPeak	74529	0.10601066469583971	0.033670591561787644	3.148464573344472	2.94256	1	1	117	1.0	1	0	0	2	1	1427	0.7131434282858571	14	1	8857	0.44282785860706964	46	1	29324	0.2932370676293237	0.513065555556	117	1	117	0.455933218391	2001	1	2001	0.403972112394	20001	1	20001	0.388902336877	100001	1	100001
CHO_BM_HERTEL_002	Site-B	support_only	Tier 2	1	GCF_003668045.3	NC_048603.1	28646724	28646778	55	paired_nick_interval	high	HERTEL2022	28646751	SRR20770296	PRJNA865478	PRJNA865478:3_days	H3K9me3	broad	SRR20770296	SRR20770287	broadPeak	74529	0.10601066469583971	0.033670591561787644	3.148464573344472	2.94256	0	0	0	0.0	0	65014	64987	0	0	0	0.0	0	0	0	0.0	0	0	0	0.0	0.235772727273	55	1	55	0.0640579710145	2001	1	2001	0.064709139543	20001	1	20001	0.0872473334267	100001	1	100001
CHO_BM_ZHAO_002	HPRT	support_only	Tier 2	4	GCF_003668045.3	NC_048604.1	17024143	17024144	2	interbase_cut_boundary	high	ZHAO2018	17024143	SRR20770296	PRJNA865478	PRJNA865478:3_days	H3K9me3	broad	SRR20770296	SRR20770287	broadPeak	74529	0.10601066469583971	0.033670591561787644	3.148464573344472	2.94256	0	0	0	0.0	0	5130021	5130020	0	0	0	0.0	0	0	0	0.0	0	0	0	0.0	0	2	1	2	0.00691904047976	2001	1	2001	0.0134884505775	20001	1	20001	0.0151786482135	100001	1	100001
CHO_BM_DHIMAN_013	DHIMAN2020_L013	positive	Tier 2	1	GCF_003668045.3	NC_048604.1	59574984	59627432	52449	mapped_interval	high	DHIMAN2020	59601208	SRR20770296	PRJNA865478	PRJNA865478:3_days	H3K9me3	broad	SRR20770296	SRR20770287	broadPeak	74529	0.10601066469583971	0.033670591561787644	3.148464573344472	2.94256	0	0	0	0.0	0	3181067	3154843	0	0	0	0.0	0	0	0	0.0	0	0	0	0.0	0.0170335468741	52449	1	52449	0.00477511244378	2001	1	2001	0.014218039098	20001	1	20001	0.0178699463005	100001	1	100001
CHO_BM_GAIDUKOV_009	mLP8	positive	Tier 2	1	GCF_003668045.3	NW_023276806.1	48454524	48454524	1	point_coordinate	high	GAIDUKOV2018	48454524	SRR20770296	PRJNA865478	PRJNA865478:3_days	H3K9me3	broad	SRR20770296	SRR20770287	broadPeak	74529	0.10601066469583971	0.033670591561787644	3.148464573344472	2.94256	0	0	0	0.0	0	78566	78566	0	0	0	0.0	0	0	0	0.0	0	0	0	0.0	0.065	1	1	1	0.0288293353323	2001	1	2001	0.0284247037648	20001	1	20001	0.0309591904081	100001	1	100001
CHO_BM_GAIDUKOV_011	mLP10	positive	Tier 2	1	GCF_003668045.3	NW_023276806.1	67810067	67810067	1	point_coordinate	high	GAIDUKOV2018	67810067	SRR20770296	PRJNA865478	PRJNA865478:3_days	H3K9me3	broad	SRR20770296	SRR20770287	broadPeak	74529	0.10601066469583971	0.033670591561787644	3.148464573344472	2.94256	0	0	0	0.0	0	538327	538327	0	0	0	0.0	0	0	0	0.0	0	0	0	0.0	0.0325	1	1	1	0.0286506746627	2001	1	2001	0.020415479226	20001	1	20001	0.0225495745043	100001	1	100001
CHO_BM_GAIDUKOV_001	sLP1-1	positive	Tier 2	1	GCF_003668045.3	NW_023276806.1	81776324	81776324	1	point_coordinate	high	GAIDUKOV2018	81776324	SRR20770296	PRJNA865478	PRJNA865478:3_days	H3K9me3	broad	SRR20770296	SRR20770287	broadPeak	74529	0.10601066469583971	0.033670591561787644	3.148464573344472	2.94256	0	0	0	0.0	0	1005711	1005711	0	0	0	0.0	0	0	0	0.0	0	0	0	0.0	0.065	1	1	1	0.0253698150925	2001	1	2001	0.0254803509825	20001	1	20001	0.0269835051649	100001	1	100001
CHO_BM_GAIDUKOV_013	mLP12	positive	Tier 2	1	GCF_003668045.3	NW_023276806.1	163338145	163338145	1	point_coordinate	high	GAIDUKOV2018	163338145	SRR20770296	PRJNA865478	PRJNA865478:3_days	H3K9me3	broad	SRR20770296	SRR20770287	broadPeak	74529	0.10601066469583971	0.033670591561787644	3.148464573344472	2.94256	0	0	0	0.0	0	354808	354808	0	0	0	0.0	0	0	0	0.0	0	0	0	0.0	0.0325	1	1	1	0.029543978011	2001	1	2001	0.03701239938	20001	1	20001	0.0330284447156	100001	1	100001
CHO_BM_DHIMAN_003	DHIMAN2020_L003	support_only	Tier 2	2	GCF_003668045.3	NW_023276806.1	241273133	241273133	1	point_coordinate	high	DHIMAN2020	241273133	SRR20770296	PRJNA865478	PRJNA865478:3_days	H3K9me3	broad	SRR20770296	SRR20770287	broadPeak	74529	0.10601066469583971	0.033670591561787644	3.148464573344472	2.94256	0	0	0	0.0	0	103875	103875	0	0	0	0.0	0	0	0	0.0	0	0	0	0.0	0.0975	1	1	1	0.0626611694153	2001	1	2001	0.0711795660217	20001	1	20001	0.0646470535295	100001	1	100001
CHO_BM_CHI_001	Hipp11/H11	positive	Tier 2	1	GCF_003668045.3	NW_023276807.1	101678097	101678098	2	interbase_cut_boundary	high	CHI2019	101678097	SRR20770296	PRJNA865478	PRJNA865478:3_days	H3K9me3	broad	SRR20770296	SRR20770287	broadPeak	74529	0.10601066469583971	0.033670591561787644	3.148464573344472	2.94256	0	0	0	0.0	0	89629	89629	0	0	0	0.0	0	0	0	0.0	0	0	0	0.0	0	2	1	2	0.0349362818591	2001	1	2001	0.032704739763	20001	1	20001	0.029691703083	100001	1	100001
CHO_BM_GAIDUKOV_010	mLP9	positive	Tier 2	1	GCF_003668045.3	NW_023276807.1	132016117	132016117	1	point_coordinate	high	GAIDUKOV2018	132016117	SRR20770296	PRJNA865478	PRJNA865478:3_days	H3K9me3	broad	SRR20770296	SRR20770287	broadPeak	74529	0.10601066469583971	0.033670591561787644	3.148464573344472	2.94256	0	0	0	0.0	0	110687	110687	0	0	0	0.0	0	0	0	0.0	0	0	0	0.0	0.0325	1	1	1	0.0299337831084	2001	1	2001	0.0365704214789	20001	1	20001	0.0357831171688	100001	1	100001
CHO_BM_DHIMAN_001	DHIMAN2020_L001	negative	Tier 2	1	GCF_003668045.3	NW_023276807.1	138183203	138205865	22663	mapped_interval	high	DHIMAN2020	138194534	SRR20770296	PRJNA865478	PRJNA865478:3_days	H3K9me3	broad	SRR20770296	SRR20770287	broadPeak	74529	0.10601066469583971	0.033670591561787644	3.148464573344472	2.94256	0	0	0	0.0	0	799688	788357	0	0	0	0.0	0	0	0	0.0	0	0	0	0.0	0.0458338481225	22663	1	22663	0.0340592203898	2001	1	2001	0.0455285985701	20001	1	20001	0.0491473085269	100001	1	100001
CHO_BM_GAIDUKOV_019	mLP18	positive	Tier 2	1	GCF_003668045.3	NW_023276807.1	150040083	150040083	1	point_coordinate	high	GAIDUKOV2018	150040083	SRR20770296	PRJNA865478	PRJNA865478:3_days	H3K9me3	broad	SRR20770296	SRR20770287	broadPeak	74529	0.10601066469583971	0.033670591561787644	3.148464573344472	2.94256	0	0	0	0.0	0	843881	843881	0	0	0	0.0	0	0	0	0.0	0	0	0	0.0	0.0325	1	1	1	0.0409457771114	2001	1	2001	0.0372740112994	20001	1	20001	0.0419717052829	100001	1	100001
CHO_BM_DHIMAN_002	DHIMAN2020_L002	negative	Tier 2	1	GCF_003668045.3	NW_023276807.1	264596547	264623008	26462	mapped_interval	high	DHIMAN2020	264609777	SRR20770296	PRJNA865478	PRJNA865478:3_days	H3K9me3	broad	SRR20770296	SRR20770287	broadPeak	74529	0.10601066469583971	0.033670591561787644	3.148464573344472	2.94256	0	0	0	0.0	0	332949	319718	0	0	0	0.0	0	0	0	0.0	0	0	0	0.0	0.0493112765475	26462	1	26462	0.0330847076462	2001	1	2001	0.0480049747513	20001	1	20001	0.0354275707243	100001	1	100001
CHO_BM_DHIMAN_005	DHIMAN2020_L005	negative	Tier 2	1	GCF_003668045.3	NC_048595.1	257621823	257621823	1	point_coordinate	high	DHIMAN2020	257621823	SRR20770297	PRJNA865478	PRJNA865478:3_days	H3K4me3	narrow	SRR20770297	SRR20770287	narrowPeak	59186	0.2082672344724393	0.01666384720277967	12.498148353022499	6.39845	0	0	0	0.0	0	13520	13520	0	0	0	0.0	0	0	0	0.0	8	1	4755	0.047549524504754956	0.25231	1	1	1	0.0960015842079	2001	1	2001	0.0700997680116	20001	1	20001	0.0889077197228	100001	1	100001
CHO_BM_GAIDUKOV_002	sLP1-2	positive	Tier 2	1	GCF_003668045.3	NC_048595.1	299949073	299949073	1	point_coordinate	high	GAIDUKOV2018	299949073	SRR20770297	PRJNA865478	PRJNA865478:3_days	H3K4me3	narrow	SRR20770297	SRR20770287	narrowPeak	59186	0.2082672344724393	0.01666384720277967	12.498148353022499	6.39845	0	0	0	0.0	0	3683	3683	0	0	0	0.0	1	1	251	0.012549372531373431	1	1	251	0.0025099749002509973	0	1	1	1	0.0231703148426	2001	1	2001	0.0515694180291	20001	1	20001	0.0461859816402	100001	1	100001
CHO_BM_DHIMAN_004	DHIMAN2020_L004	positive	Tier 2	2	GCF_003668045.3	NC_048595.1	408642588	408642597	10	mapped_interval	high	DHIMAN2020	408642592	SRR20770297	PRJNA865478	PRJNA865478:3_days	H3K4me3	narrow	SRR20770297	SRR20770287	narrowPeak	59186	0.2082672344724393	0.01666384720277967	12.498148353022499	6.39845	0	0	0	0.0	0	124267	124262	0	0	0	0.0	0	0	0	0.0	0	0	0	0.0	0.03154	10	1	10	0.0599250524738	2001	1	2001	0.0491552117394	20001	1	20001	0.0531012471875	100001	1	100001
CHO_BM_DHIMAN_006	DHIMAN2020_L006	support_only	Tier 2	2	GCF_003668045.3	NC_048596.1	236735321	236735321	1	point_coordinate	high	DHIMAN2020	236735321	SRR20770297	PRJNA865478	PRJNA865478:3_days	H3K4me3	narrow	SRR20770297	SRR20770287	narrowPeak	59186	0.2082672344724393	0.01666384720277967	12.498148353022499	6.39845	0	0	0	0.0	0	38533	38533	0	0	0	0.0	0	0	0	0.0	5	1	5065	0.05064949350506495	0.09461	1	1	1	0.0630771264368	2001	1	2001	0.0496597735113	20001	1	20001	0.0971402284977	100001	1	100001
CHO_BM_GAIDUKOV_016	mLP15	positive	Tier 2	1	GCF_003668045.3	NC_048596.1	246185831	246185831	1	point_coordinate	high	GAIDUKOV2018	246185831	SRR20770297	PRJNA865478	PRJNA865478:3_days	H3K4me3	narrow	SRR20770297	SRR20770287	narrowPeak	59186	0.2082672344724393	0.01666384720277967	12.498148353022499	6.39845	0	0	0	0.0	0	10181	10181	0	0	0	0.0	0	0	0	0.0	3	1	1510	0.015099849001509985	0.03154	1	1	1	0.0483391954023	2001	1	2001	0.0713486525674	20001	1	20001	0.0701275357246	100001	1	100001
CHO_BM_ZHAO_003	GRIK1	support_only	Tier 2	4	GCF_003668045.3	NC_048597.1	9449577	9449578	2	interbase_cut_boundary	high	ZHAO2018	9449577	SRR20770297	PRJNA865478	PRJNA865478:3_days	H3K4me3	narrow	SRR20770297	SRR20770287	narrowPeak	59186	0.2082672344724393	0.01666384720277967	12.498148353022499	6.39845	0	0	0	0.0	0	103267	103266	0	0	0	0.0	0	0	0	0.0	0	0	0	0.0	0.03154	2	1	2	0.0650311644178	2001	1	2001	0.0611009679516	20001	1	20001	0.055424596554	100001	1	100001
CHO_BM_DHIMAN_007	DHIMAN2020_L007	positive	Tier 2	1	GCF_003668045.3	NC_048597.1	21959978	21959978	1	point_coordinate	high	DHIMAN2020	21959978	SRR20770297	PRJNA865478	PRJNA865478:3_days	H3K4me3	narrow	SRR20770297	SRR20770287	narrowPeak	59186	0.2082672344724393	0.01666384720277967	12.498148353022499	6.39845	0	0	0	0.0	0	25855	25855	0	0	0	0.0	0	0	0	0.0	3	1	1201	0.012009879901200988	0.12615	1	1	1	0.0635328985507	2001	1	2001	0.0589596220189	20001	1	20001	0.0597045453545	100001	1	100001
CHO_BM_DHIMAN_008	DHIMAN2020_L008	positive	Tier 2	1	GCF_003668045.3	NC_048597.1	73524836	73524858	23	mapped_interval	high	DHIMAN2020	73524847	SRR20770297	PRJNA865478	PRJNA865478:3_days	H3K4me3	narrow	SRR20770297	SRR20770287	narrowPeak	59186	0.2082672344724393	0.01666384720277967	12.498148353022499	6.39845	0	0	0	0.0	0	84731	84720	0	0	0	0.0	0	0	0	0.0	0	0	0	0.0	0.0191982608696	23	1	23	0.0724387456272	2001	1	2001	0.0493728963552	20001	1	20001	0.0494956412436	100001	1	100001
CHO_BM_GAIDUKOV_015	mLP14	positive	Tier 2	1	GCF_003668045.3	NC_048597.1	105106891	105106891	1	point_coordinate	high	GAIDUKOV2018	105106891	SRR20770297	PRJNA865478	PRJNA865478:3_days	H3K4me3	narrow	SRR20770297	SRR20770287	narrowPeak	59186	0.2082672344724393	0.01666384720277967	12.498148353022499	6.39845	0	0	0	0.0	0	12707	12707	0	0	0	0.0	0	0	0	0.0	8	1	8868	0.08867911320886791	0.06308	1	1	1	0.0515087306347	2001	1	2001	0.0674413564322	20001	1	20001	0.128415616344	100001	1	100001
CHO_BM_DHIMAN_009	DHIMAN2020_L009	positive	Tier 2	1	GCF_003668045.3	NC_048597.1	169164042	169164066	25	mapped_interval	high	DHIMAN2020	169164054	SRR20770297	PRJNA865478	PRJNA865478:3_days	H3K4me3	narrow	SRR20770297	SRR20770287	narrowPeak	59186	0.2082672344724393	0.01666384720277967	12.498148353022499	6.39845	1	1	25	1.0	1	0	0	2	1	1861	0.9300349825087456	5	1	6467	0.3233338333083346	26	1	22979	0.22978770212297878	0.654732	25	1	25	1.20959531234	2001	1	2001	0.459398916054	20001	1	20001	0.339038668413	100001	1	100001
CHO_BM_GAIDUKOV_017	mLP16	positive	Tier 2	1	GCF_003668045.3	NC_048597.1	175544362	175544362	1	point_coordinate	high	GAIDUKOV2018	175544362	SRR20770297	PRJNA865478	PRJNA865478:3_days	H3K4me3	narrow	SRR20770297	SRR20770287	narrowPeak	59186	0.2082672344724393	0.01666384720277967	12.498148353022499	6.39845	0	0	0	0.0	0	8565	8565	0	0	0	0.0	2	1	1070	0.05349732513374331	3	1	1473	0.014729852701472985	0.06308	1	1	1	0.0538403348326	2001	1	2001	0.0842050037498	20001	1	20001	0.0562007878921	100001	1	100001
CHO_BM_GAIDUKOV_005	mLP4	positive	Tier 2	1	GCF_003668045.3	NC_048597.1	186989799	186989799	1	point_coordinate	high	GAIDUKOV2018	186989799	SRR20770297	PRJNA865478	PRJNA865478:3_days	H3K4me3	narrow	SRR20770297	SRR20770287	narrowPeak	59186	0.2082672344724393	0.01666384720277967	12.498148353022499	6.39845	0	0	0	0.0	0	18380	18380	0	0	0	0.0	0	0	0	0.0	1	1	155	0.0015499845001549985	0	1	1	1	0.0467009195402	2001	1	2001	0.0617489630518	20001	1	20001	0.0542936419636	100001	1	100001
CHO_BM_GAIDUKOV_014	mLP13	positive	Tier 2	1	GCF_003668045.3	NC_048598.1	113820843	113820843	1	point_coordinate	high	GAIDUKOV2018	113820843	SRR20770297	PRJNA865478	PRJNA865478:3_days	H3K4me3	narrow	SRR20770297	SRR20770287	narrowPeak	59186	0.2082672344724393	0.01666384720277967	12.498148353022499	6.39845	0	0	0	0.0	0	322245	322245	0	0	0	0.0	0	0	0	0.0	0	0	0	0.0	0.03154	1	1	1	0.0480249975012	2001	1	2001	0.03972740063	20001	1	20001	0.0437013716863	100001	1	100001
CHO_BM_GAIDUKOV_018	mLP17	positive	Tier 2	1	GCF_003668045.3	NC_048598.1	152539694	152539694	1	point_coordinate	high	GAIDUKOV2018	152539694	SRR20770297	PRJNA865478	PRJNA865478:3_days	H3K4me3	narrow	SRR20770297	SRR20770287	narrowPeak	59186	0.2082672344724393	0.01666384720277967	12.498148353022499	6.39845	0	0	0	0.0	0	467154	467154	0	0	0	0.0	0	0	0	0.0	0	0	0	0.0	0.09461	1	1	1	0.0423668165917	2001	1	2001	0.0464891105445	20001	1	20001	0.0444843180568	100001	1	100001
CHO_BM_GAIDUKOV_003	mLP2	positive	Tier 2	1	GCF_003668045.3	NC_048598.1	158460979	158460979	1	point_coordinate	high	GAIDUKOV2018	158460979	SRR20770297	PRJNA865478	PRJNA865478:3_days	H3K4me3	narrow	SRR20770297	SRR20770287	narrowPeak	59186	0.2082672344724393	0.01666384720277967	12.498148353022499	6.39845	0	0	0	0.0	0	515492	515492	0	0	0	0.0	0	0	0	0.0	0	0	0	0.0	0.06308	1	1	1	0.0520133133433	2001	1	2001	0.0511056682166	20001	1	20001	0.0422585475145	100001	1	100001
CHO_BM_DHIMAN_010	DHIMAN2020_L010	negative	Tier 2	1	GCF_003668045.3	NC_048599.1	7684596	7781386	96791	mapped_interval	high	DHIMAN2020	7732991	SRR20770297	PRJNA865478	PRJNA865478:3_days	H3K4me3	narrow	SRR20770297	SRR20770287	narrowPeak	59186	0.2082672344724393	0.01666384720277967	12.498148353022499	6.39845	0	0	0	0.0	0	217137	168742	0	0	0	0.0	0	0	0	0.0	0	0	0	0.0	0.0786641764214	96791	1	96791	0.0831250074963	2001	1	2001	0.0856943572821	20001	1	20001	0.0785214519855	100001	1	100001
CHO_BM_GAIDUKOV_007	mLP6	positive	Tier 2	1	GCF_003668045.3	NC_048599.1	45758703	45758703	1	point_coordinate	high	GAIDUKOV2018	45758703	SRR20770297	PRJNA865478	PRJNA865478:3_days	H3K4me3	narrow	SRR20770297	SRR20770287	narrowPeak	59186	0.2082672344724393	0.01666384720277967	12.498148353022499	6.39845	0	0	0	0.0	0	4575	4575	0	0	0	0.0	2	1	5171	0.25853707314634267	6	1	8510	0.08509914900850991	0	1	1	1	0.0708471364318	2001	1	2001	0.302435075246	20001	1	20001	0.132388879711	100001	1	100001
CHO_BM_GAIDUKOV_008	mLP7	positive	Tier 2	1	GCF_003668045.3	NC_048599.1	109879626	109879626	1	point_coordinate	high	GAIDUKOV2018	109879626	SRR20770297	PRJNA865478	PRJNA865478:3_days	H3K4me3	narrow	SRR20770297	SRR20770287	narrowPeak	59186	0.2082672344724393	0.01666384720277967	12.498148353022499	6.39845	0	0	0	0.0	0	1447	1447	0	0	0	0.0	8	1	3132	0.15659217039148043	17	1	7844	0.07843921560784392	0.15769	1	1	1	0.0841335832084	2001	1	2001	0.176865439728	20001	1	20001	0.116482676573	100001	1	100001
CHO_BM_HERTEL_003	Site-C	positive	Tier 2	1	GCF_003668045.3	NC_048600.1	91189327	91189365	39	paired_nick_interval	high	HERTEL2022	91189346	SRR20770297	PRJNA865478	PRJNA865478:3_days	H3K4me3	narrow	SRR20770297	SRR20770287	narrowPeak	59186	0.2082672344724393	0.01666384720277967	12.498148353022499	6.39845	1	1	39	1.0	1	0	0	2	1	1742	0.8705647176411794	14	1	7348	0.36738163091845405	19	1	12057	0.12056879431205687	0.710822307692	39	1	39	0.525967591204	2001	1	2001	0.33339740113	20001	1	20001	0.198638401116	100001	1	100001
CHO_BM_ZHAO_001	C12orf35	positive	Tier 2	4	GCF_003668045.3	NC_048601.1	371365	371366	2	interbase_cut_boundary	high	ZHAO2018	371365	SRR20770297	PRJNA865478	PRJNA865478:3_days	H3K4me3	narrow	SRR20770297	SRR20770287	narrowPeak	59186	0.2082672344724393	0.01666384720277967	12.498148353022499	6.39845	0	0	0	0.0	0	14941	14940	0	0	0	0.0	0	0	0	0.0	4	1	2364	0.023639763602363976	0.09461	2	1	2	0.0341711344328	2001	1	2001	0.0449088430578	20001	1	20001	0.0478184365156	100001	1	100001
CHO_BM_DHIMAN_011	DHIMAN2020_L011	support_only	Tier 2	2	GCF_003668045.3	NC_048601.1	1900502	1900502	1	point_coordinate	high	DHIMAN2020	1900502	SRR20770297	PRJNA865478	PRJNA865478:3_days	H3K4me3	narrow	SRR20770297	SRR20770287	narrowPeak	59186	0.2082672344724393	0.01666384720277967	12.498148353022499	6.39845	0	0	0	0.0	0	39411	39411	0	0	0	0.0	0	0	0	0.0	2	1	723	0.007229927700722992	0.18923	1	1	1	0.104086731634	2001	1	2001	0.115335678216	20001	1	20001	0.12110804412	100001	1	100001
CHO_BM_GAIDUKOV_021	sLP20	positive	Tier 2	1	GCF_003668045.3	NC_048601.1	31728512	31728512	1	point_coordinate	high	GAIDUKOV2018	31728512	SRR20770297	PRJNA865478	PRJNA865478:3_days	H3K4me3	narrow	SRR20770297	SRR20770287	narrowPeak	59186	0.2082672344724393	0.01666384720277967	12.498148353022499	6.39845	1	1	1	1.0	1	0	0	1	1	1546	0.7726136931534233	8	1	13138	0.6568671566421679	16	1	18308	0.18307816921830783	1.00922	1	1	1	0.79063069965	2001	1	2001	0.622090230488	20001	1	20001	0.242534746653	100001	1	100001
CHO_BM_HERTEL_001	Site-A	positive	Tier 2	1	GCF_003668045.3	NC_048603.1	21429466	21429529	64	paired_nick_interval	high	HERTEL2022	21429497	SRR20770297	PRJNA865478	PRJNA865478:3_days	H3K4me3	narrow	SRR20770297	SRR20770287	narrowPeak	59186	0.2082672344724393	0.01666384720277967	12.498148353022499	6.39845	1	1	64	1.0	1	0	0	2	1	1658	0.8285857071464268	6	1	11093	0.5546222688865556	15	1	17468	0.17467825321746783	1.603521875	64	1	64	1.52250318841	2001	1	2001	0.787991974401	20001	1	20001	0.318770422196	100001	1	100001
CHO_BM_DHIMAN_012	DHIMAN2020_L012	positive	Tier 2	1	GCF_003668045.3	NC_048603.1	26280751	26280867	117	mapped_interval	high	DHIMAN2020	26280809	SRR20770297	PRJNA865478	PRJNA865478:3_days	H3K4me3	narrow	SRR20770297	SRR20770287	narrowPeak	59186	0.2082672344724393	0.01666384720277967	12.498148353022499	6.39845	0	0	0	0.0	0	325277	325219	0	0	0	0.0	0	0	0	0.0	0	0	0	0.0	0.101351196581	117	1	117	0.138257061469	2001	1	2001	0.160604822259	20001	1	20001	0.163847924321	100001	1	100001
CHO_BM_HERTEL_002	Site-B	support_only	Tier 2	1	GCF_003668045.3	NC_048603.1	28646724	28646778	55	paired_nick_interval	high	HERTEL2022	28646751	SRR20770297	PRJNA865478	PRJNA865478:3_days	H3K4me3	narrow	SRR20770297	SRR20770287	narrowPeak	59186	0.2082672344724393	0.01666384720277967	12.498148353022499	6.39845	1	1	55	1.0	1	0	0	2	1	1916	0.9575212393803099	10	1	6655	0.3327333633318334	17	1	9879	0.09878901210987891	0.416305090909	55	1	55	0.625169650175	2001	1	2001	0.367964848758	20001	1	20001	0.218894254257	100001	1	100001
CHO_BM_ZHAO_002	HPRT	support_only	Tier 2	4	GCF_003668045.3	NC_048604.1	17024143	17024144	2	interbase_cut_boundary	high	ZHAO2018	17024143	SRR20770297	PRJNA865478	PRJNA865478:3_days	H3K4me3	narrow	SRR20770297	SRR20770287	narrowPeak	59186	0.2082672344724393	0.01666384720277967	12.498148353022499	6.39845	0	0	0	0.0	0	15895	15894	0	0	0	0.0	0	0	0	0.0	8	1	7328	0.07327926720732793	0.06308	2	1	2	0.0393882108946	2001	1	2001	0.0296484105795	20001	1	20001	0.0748952301477	100001	1	100001
CHO_BM_DHIMAN_013	DHIMAN2020_L013	positive	Tier 2	1	GCF_003668045.3	NC_048604.1	59574984	59627432	52449	mapped_interval	high	DHIMAN2020	59601208	SRR20770297	PRJNA865478	PRJNA865478:3_days	H3K4me3	narrow	SRR20770297	SRR20770287	narrowPeak	59186	0.2082672344724393	0.01666384720277967	12.498148353022499	6.39845	0	0	0	0.0	0	60209	33985	0	0	0	0.0	0	0	0	0.0	0	0	0	0.0	0.0240965244333	52449	1	52449	0.023043878061	2001	1	2001	0.0202679381031	20001	1	20001	0.0221847881521	100001	1	100001
CHO_BM_GAIDUKOV_009	mLP8	positive	Tier 2	1	GCF_003668045.3	NW_023276806.1	48454524	48454524	1	point_coordinate	high	GAIDUKOV2018	48454524	SRR20770297	PRJNA865478	PRJNA865478:3_days	H3K4me3	narrow	SRR20770297	SRR20770287	narrowPeak	59186	0.2082672344724393	0.01666384720277967	12.498148353022499	6.39845	0	0	0	0.0	0	14471	14471	0	0	0	0.0	0	0	0	0.0	16	1	10763	0.1076289237107629	0.06308	1	1	1	0.0571978510745	2001	1	2001	0.0630056697165	20001	1	20001	0.157111182688	100001	1	100001
CHO_BM_GAIDUKOV_011	mLP10	positive	Tier 2	1	GCF_003668045.3	NW_023276806.1	67810067	67810067	1	point_coordinate	high	GAIDUKOV2018	67810067	SRR20770297	PRJNA865478	PRJNA865478:3_days	H3K4me3	narrow	SRR20770297	SRR20770287	narrowPeak	59186	0.2082672344724393	0.01666384720277967	12.498148353022499	6.39845	0	0	0	0.0	0	154986	154986	0	0	0	0.0	0	0	0	0.0	0	0	0	0.0	0.03154	1	1	1	0.0254866816592	2001	1	2001	0.0265942227889	20001	1	20001	0.0291767082329	100001	1	100001
CHO_BM_GAIDUKOV_001	sLP1-1	positive	Tier 2	1	GCF_003668045.3	NW_023276806.1	81776324	81776324	1	point_coordinate	high	GAIDUKOV2018	81776324	SRR20770297	PRJNA865478	PRJNA865478:3_days	H3K4me3	narrow	SRR20770297	SRR20770287	narrowPeak	59186	0.2082672344724393	0.01666384720277967	12.498148353022499	6.39845	0	0	0	0.0	0	223454	223454	0	0	0	0.0	0	0	0	0.0	0	0	0	0.0	0	1	1	1	0.02544005997	2001	1	2001	0.026488660067	20001	1	20001	0.0250958803412	100001	1	100001
CHO_BM_GAIDUKOV_013	mLP12	positive	Tier 2	1	GCF_003668045.3	NW_023276806.1	163338145	163338145	1	point_coordinate	high	GAIDUKOV2018	163338145	SRR20770297	PRJNA865478	PRJNA865478:3_days	H3K4me3	narrow	SRR20770297	SRR20770287	narrowPeak	59186	0.2082672344724393	0.01666384720277967	12.498148353022499	6.39845	0	0	0	0.0	0	3107	3107	0	0	0	0.0	5	1	2479	0.1239438028098595	8	1	7495	0.07494925050749493	0.03154	1	1	1	0.0502324187906	2001	1	2001	0.136872316884	20001	1	20001	0.0999673343267	100001	1	100001
CHO_BM_DHIMAN_003	DHIMAN2020_L003	support_only	Tier 2	2	GCF_003668045.3	NW_023276806.1	241273133	241273133	1	point_coordinate	high	DHIMAN2020	241273133	SRR20770297	PRJNA865478	PRJNA865478:3_days	H3K4me3	narrow	SRR20770297	SRR20770287	narrowPeak	59186	0.2082672344724393	0.01666384720277967	12.498148353022499	6.39845	0	0	0	0.0	0	190191	190191	0	0	0	0.0	0	0	0	0.0	0	0	0	0.0	0.03154	1	1	1	0.0685778610695	2001	1	2001	0.0448379586021	20001	1	20001	0.0438043531565	100001	1	100001
CHO_BM_CHI_001	Hipp11/H11	positive	Tier 2	1	GCF_003668045.3	NW_023276807.1	101678097	101678098	2	interbase_cut_boundary	high	CHI2019	101678097	SRR20770297	PRJNA865478	PRJNA865478:3_days	H3K4me3	narrow	SRR20770297	SRR20770287	narrowPeak	59186	0.2082672344724393	0.01666384720277967	12.498148353022499	6.39845	0	0	0	0.0	0	17904	17904	0	0	0	0.0	0	0	0	0.0	18	1	11079	0.1107888921110789	0.06308	2	1	2	0.0590584707646	2001	1	2001	0.0553615664217	20001	1	20001	0.14807195288	100001	1	100001
CHO_BM_GAIDUKOV_010	mLP9	positive	Tier 2	1	GCF_003668045.3	NW_023276807.1	132016117	132016117	1	point_coordinate	high	GAIDUKOV2018	132016117	SRR20770297	PRJNA865478	PRJNA865478:3_days	H3K4me3	narrow	SRR20770297	SRR20770287	narrowPeak	59186	0.2082672344724393	0.01666384720277967	12.498148353022499	6.39845	0	0	0	0.0	0	13856	13856	0	0	0	0.0	0	0	0	0.0	5	1	4899	0.04898951010489895	0.06308	1	1	1	0.0599246526737	2001	1	2001	0.0603521278936	20001	1	20001	0.0953292639074	100001	1	100001
CHO_BM_DHIMAN_001	DHIMAN2020_L001	negative	Tier 2	1	GCF_003668045.3	NW_023276807.1	138183203	138205865	22663	mapped_interval	high	DHIMAN2020	138194534	SRR20770297	PRJNA865478	PRJNA865478:3_days	H3K4me3	narrow	SRR20770297	SRR20770287	narrowPeak	59186	0.2082672344724393	0.01666384720277967	12.498148353022499	6.39845	0	0	0	0.0	0	338716	327385	0	0	0	0.0	0	0	0	0.0	0	0	0	0.0	0.045828057627	22663	1	22663	0.0463389955022	2001	1	2001	0.0464841687916	20001	1	20001	0.0465092740073	100001	1	100001
CHO_BM_GAIDUKOV_019	mLP18	positive	Tier 2	1	GCF_003668045.3	NW_023276807.1	150040083	150040083	1	point_coordinate	high	GAIDUKOV2018	150040083	SRR20770297	PRJNA865478	PRJNA865478:3_days	H3K4me3	narrow	SRR20770297	SRR20770287	narrowPeak	59186	0.2082672344724393	0.01666384720277967	12.498148353022499	6.39845	0	0	0	0.0	0	148140	148140	0	0	0	0.0	0	0	0	0.0	0	0	0	0.0	0.06308	1	1	1	0.0427771264368	2001	1	2001	0.042551480926	20001	1	20001	0.0422675472245	100001	1	100001
CHO_BM_DHIMAN_002	DHIMAN2020_L002	negative	Tier 2	1	GCF_003668045.3	NW_023276807.1	264596547	264623008	26462	mapped_interval	high	DHIMAN2020	264609777	SRR20770297	PRJNA865478	PRJNA865478:3_days	H3K4me3	narrow	SRR20770297	SRR20770287	narrowPeak	59186	0.2082672344724393	0.01666384720277967	12.498148353022499	6.39845	0	0	0	0.0	0	166011	152781	0	0	0	0.0	0	0	0	0.0	0	0	0	0.0	0.038848550752	26462	1	26462	0.0395929035482	2001	1	2001	0.0399767811609	20001	1	20001	0.0315785224148	100001	1	100001
