decision_id	run_accession	study_accession	sample_accession	identity_status	protocol_status	evidence	reference	review_date
RUN001	DRR706774	PRJDB35724	SAMD01599745	non_target		Sample-level cell_line CHL-YN and tissue Lung identify a non-CHO lineage.	https://www.ebi.ac.uk/ena/browser/api/xml/SAMD01599745	2026-09-14
RUN002	DRR706775	PRJDB35724	SAMD01599746	non_target		Sample-level cell_line CHL-YN and tissue Lung identify a non-CHO lineage.	https://www.ebi.ac.uk/ena/browser/api/xml/SAMD01599746	2026-09-14
RUN003	SRR12774929	PRJNA667472	SAMN16373830	non_target		Sample-level tissue/source metadata identifies non-CHO material: Bone marrow-derived macrophages	https://www.ebi.ac.uk/ena/browser/api/xml/SAMN16373830	2026-09-14
RUN004	SRR12774930	PRJNA667472	SAMN16373836	non_target		Sample-level tissue/source metadata identifies non-CHO material: Brain	https://www.ebi.ac.uk/ena/browser/api/xml/SAMN16373836	2026-09-14
RUN005	SRR12774934	PRJNA667472	SAMN16373828	non_target		Sample-level tissue/source metadata identifies non-CHO material: Liver	https://www.ebi.ac.uk/ena/browser/api/xml/SAMN16373828	2026-09-14
RUN006	SRR12774936	PRJNA667472	SAMN16373826	non_target		Sample-level tissue/source metadata identifies non-CHO material: Spleen; blood	https://www.ebi.ac.uk/ena/browser/api/xml/SAMN16373826	2026-09-14
RUN007	SRR24650938	PRJNA974014	SAMN35159461		bulk_confirmed	Run-linked protocol extracts RNA from a cell population and uses NEBNext Ultra II RNA library preparation; Single-Cell in the sample name does not describe library resolution.	https://www.ebi.ac.uk/ena/browser/api/xml/SRX20431000	2026-09-14
RUN008	SRR24650959	PRJNA974014	SAMN35159466		bulk_confirmed	Run-linked protocol extracts RNA from a cell population and uses NEBNext Ultra II RNA library preparation; Single-Cell in the sample name does not describe library resolution.	https://www.ebi.ac.uk/ena/browser/api/xml/SRX20430979	2026-09-14
RUN009	SRR24650983	PRJNA974014	SAMN35159474		bulk_confirmed	Run-linked protocol extracts RNA from a cell population and uses NEBNext Ultra II RNA library preparation; Single-Cell in the sample name does not describe library resolution.	https://www.ebi.ac.uk/ena/browser/api/xml/SRX20430955	2026-09-14
RUN010	SRR24650987	PRJNA974014	SAMN35159478		bulk_confirmed	Run-linked protocol extracts RNA from a cell population and uses NEBNext Ultra II RNA library preparation; Single-Cell in the sample name does not describe library resolution.	https://www.ebi.ac.uk/ena/browser/api/xml/SRX20430951	2026-09-14
RUN011	SRR24650990	PRJNA974014	SAMN35159481		bulk_confirmed	Run-linked protocol extracts RNA from a cell population and uses NEBNext Ultra II RNA library preparation; Single-Cell in the sample name does not describe library resolution.	https://www.ebi.ac.uk/ena/browser/api/xml/SRX20430948	2026-09-14
RUN012	SRR12774933	PRJNA667472	SAMN16373833	non_target		Sample-level tissue/source metadata identifies non-CHO material: Kidney	https://www.ebi.ac.uk/ena/browser/api/xml/SAMN16373833	2026-09-14
RUN013	SRR12774935	PRJNA667472	SAMN16373827	non_target		Sample-level tissue/source metadata identifies non-CHO material: Lung	https://www.ebi.ac.uk/ena/browser/api/xml/SAMN16373827	2026-09-14
RUN014	SRR12774955	PRJNA667472	SAMN16373838	non_target		Sample-level tissue/source metadata identifies non-CHO material: FemaleReproductive	https://www.ebi.ac.uk/ena/browser/api/xml/SAMN16373838	2026-09-14
RUN015	SRR24650912	PRJNA974014	SAMN35159450		bulk_confirmed	Run-linked protocol extracts RNA from a cell population and uses NEBNext Ultra II RNA library preparation; Single-Cell in the sample name does not describe library resolution.	https://www.ebi.ac.uk/ena/browser/api/xml/SRX20431026	2026-09-14
RUN016	SRR24650913	PRJNA974014	SAMN35159451		bulk_confirmed	Run-linked protocol extracts RNA from a cell population and uses NEBNext Ultra II RNA library preparation; Single-Cell in the sample name does not describe library resolution.	https://www.ebi.ac.uk/ena/browser/api/xml/SRX20431025	2026-09-14
RUN017	SRR24650915	PRJNA974014	SAMN35159453		bulk_confirmed	Run-linked protocol extracts RNA from a cell population and uses NEBNext Ultra II RNA library preparation; Single-Cell in the sample name does not describe library resolution.	https://www.ebi.ac.uk/ena/browser/api/xml/SRX20431023	2026-09-14
RUN018	SRR24650917	PRJNA974014	SAMN35159455		bulk_confirmed	Run-linked protocol extracts RNA from a cell population and uses NEBNext Ultra II RNA library preparation; Single-Cell in the sample name does not describe library resolution.	https://www.ebi.ac.uk/ena/browser/api/xml/SRX20431021	2026-09-14
RUN019	SRR24650933	PRJNA974014	SAMN35159456		bulk_confirmed	Run-linked protocol extracts RNA from a cell population and uses NEBNext Ultra II RNA library preparation; Single-Cell in the sample name does not describe library resolution.	https://www.ebi.ac.uk/ena/browser/api/xml/SRX20431005	2026-09-14
RUN020	SRR24650940	PRJNA974014	SAMN35159463		bulk_confirmed	Run-linked protocol extracts RNA from a cell population and uses NEBNext Ultra II RNA library preparation; Single-Cell in the sample name does not describe library resolution.	https://www.ebi.ac.uk/ena/browser/api/xml/SRX20430998	2026-09-14
RUN021	SRR24650964	PRJNA974014	SAMN35159471		bulk_confirmed	Run-linked protocol extracts RNA from a cell population and uses NEBNext Ultra II RNA library preparation; Single-Cell in the sample name does not describe library resolution.	https://www.ebi.ac.uk/ena/browser/api/xml/SRX20430974	2026-09-14
RUN022	SRR24650982	PRJNA974014	SAMN35159473		bulk_confirmed	Run-linked protocol extracts RNA from a cell population and uses NEBNext Ultra II RNA library preparation; Single-Cell in the sample name does not describe library resolution.	https://www.ebi.ac.uk/ena/browser/api/xml/SRX20430956	2026-09-14
RUN023	SRR24650984	PRJNA974014	SAMN35159475		bulk_confirmed	Run-linked protocol extracts RNA from a cell population and uses NEBNext Ultra II RNA library preparation; Single-Cell in the sample name does not describe library resolution.	https://www.ebi.ac.uk/ena/browser/api/xml/SRX20430954	2026-09-14
RUN024	SRR24650985	PRJNA974014	SAMN35159476		bulk_confirmed	Run-linked protocol extracts RNA from a cell population and uses NEBNext Ultra II RNA library preparation; Single-Cell in the sample name does not describe library resolution.	https://www.ebi.ac.uk/ena/browser/api/xml/SRX20430953	2026-09-14
RUN025	SRR24650991	PRJNA974014	SAMN35159482		bulk_confirmed	Run-linked protocol extracts RNA from a cell population and uses NEBNext Ultra II RNA library preparation; Single-Cell in the sample name does not describe library resolution.	https://www.ebi.ac.uk/ena/browser/api/xml/SRX20430947	2026-09-14
RUN026	SRR24650995	PRJNA974014	SAMN35159486		bulk_confirmed	Run-linked protocol extracts RNA from a cell population and uses NEBNext Ultra II RNA library preparation; Single-Cell in the sample name does not describe library resolution.	https://www.ebi.ac.uk/ena/browser/api/xml/SRX20430943	2026-09-14
RUN027	SRR24650996	PRJNA974014	SAMN35159487		bulk_confirmed	Run-linked protocol extracts RNA from a cell population and uses NEBNext Ultra II RNA library preparation; Single-Cell in the sample name does not describe library resolution.	https://www.ebi.ac.uk/ena/browser/api/xml/SRX20430942	2026-09-14
RUN028	DRR706776	PRJDB35724	SAMD01599747	non_target		Sample-level cell_line CHL-YN and tissue Lung identify a non-CHO lineage.	https://www.ebi.ac.uk/ena/browser/api/xml/SAMD01599747	2026-09-14
RUN029	DRR706777	PRJDB35724	SAMD01599748	non_target		Sample-level cell_line CHL-YN and tissue Lung identify a non-CHO lineage.	https://www.ebi.ac.uk/ena/browser/api/xml/SAMD01599748	2026-09-14
RUN030	DRR706785	PRJDB35724	SAMD01599756	non_target		Sample-level cell_line CHL-B08 and tissue Lung identify a non-CHO lineage.	https://www.ebi.ac.uk/ena/browser/api/xml/SAMD01599756	2026-09-14
RUN031	DRR706787	PRJDB35724	SAMD01599758	non_target		Sample-level cell_line CHL-B08 and tissue Lung identify a non-CHO lineage.	https://www.ebi.ac.uk/ena/browser/api/xml/SAMD01599758	2026-09-14
RUN032	SRR12587966	PRJNA661407	SAMN16057385		bulk_confirmed	Run-linked experiment explicitly identifies bulk RNA-seq and describes KAPA stranded library preparation, despite the study title.	https://www.ebi.ac.uk/ena/browser/api/xml/SRX9074577	2026-09-14
RUN033	SRR12774927	PRJNA667472	SAMN16373832	non_target		Sample-level tissue/source metadata identifies non-CHO material: Bone marrow-derived macrophages	https://www.ebi.ac.uk/ena/browser/api/xml/SAMN16373832	2026-09-14
RUN034	SRR12774957	PRJNA667472	SAMN16373865	non_target		Sample-level tissue/source metadata identifies non-CHO material: Kidney	https://www.ebi.ac.uk/ena/browser/api/xml/SAMN16373865	2026-09-14
RUN035	SRR12774959	PRJNA667472	SAMN16373863	non_target		Sample-level tissue/source metadata identifies non-CHO material: Lung	https://www.ebi.ac.uk/ena/browser/api/xml/SAMN16373863	2026-09-14
RUN036	SRR12774962	PRJNA667472	SAMN16373860	non_target		Sample-level tissue/source metadata identifies non-CHO material: Pancreas	https://www.ebi.ac.uk/ena/browser/api/xml/SAMN16373860	2026-09-14
RUN037	SRR24650914	PRJNA974014	SAMN35159452		bulk_confirmed	Run-linked protocol extracts RNA from a cell population and uses NEBNext Ultra II RNA library preparation; Single-Cell in the sample name does not describe library resolution.	https://www.ebi.ac.uk/ena/browser/api/xml/SRX20431024	2026-09-14
RUN038	SRR24650916	PRJNA974014	SAMN35159454		bulk_confirmed	Run-linked protocol extracts RNA from a cell population and uses NEBNext Ultra II RNA library preparation; Single-Cell in the sample name does not describe library resolution.	https://www.ebi.ac.uk/ena/browser/api/xml/SRX20431022	2026-09-14
RUN039	SRR24650934	PRJNA974014	SAMN35159457		bulk_confirmed	Run-linked protocol extracts RNA from a cell population and uses NEBNext Ultra II RNA library preparation; Single-Cell in the sample name does not describe library resolution.	https://www.ebi.ac.uk/ena/browser/api/xml/SRX20431004	2026-09-14
RUN040	SRR24650939	PRJNA974014	SAMN35159462		bulk_confirmed	Run-linked protocol extracts RNA from a cell population and uses NEBNext Ultra II RNA library preparation; Single-Cell in the sample name does not describe library resolution.	https://www.ebi.ac.uk/ena/browser/api/xml/SRX20430999	2026-09-14
RUN041	SRR24650961	PRJNA974014	SAMN35159468		bulk_confirmed	Run-linked protocol extracts RNA from a cell population and uses NEBNext Ultra II RNA library preparation; Single-Cell in the sample name does not describe library resolution.	https://www.ebi.ac.uk/ena/browser/api/xml/SRX20430977	2026-09-14
RUN042	SRR24650986	PRJNA974014	SAMN35159477		bulk_confirmed	Run-linked protocol extracts RNA from a cell population and uses NEBNext Ultra II RNA library preparation; Single-Cell in the sample name does not describe library resolution.	https://www.ebi.ac.uk/ena/browser/api/xml/SRX20430952	2026-09-14
RUN043	SRR24650993	PRJNA974014	SAMN35159484		bulk_confirmed	Run-linked protocol extracts RNA from a cell population and uses NEBNext Ultra II RNA library preparation; Single-Cell in the sample name does not describe library resolution.	https://www.ebi.ac.uk/ena/browser/api/xml/SRX20430945	2026-09-14
RUN044	SRR29929617	PRJNA1139152	SAMN42763091		single_cell	Run-linked experiment describes 10X Chromium single-cell multiome ATAC plus gene expression; outside bulk scope.	https://www.ebi.ac.uk/ena/browser/api/xml/SRX25423545	2026-09-14
RUN045	DRR706773	PRJDB35724	SAMD01599744	non_target		Sample-level cell_line CHL-YN and tissue Lung identify a non-CHO lineage.	https://www.ebi.ac.uk/ena/browser/api/xml/SAMD01599744	2026-09-14
RUN046	DRR706778	PRJDB35724	SAMD01599749	non_target		Sample-level cell_line CHL-YN and tissue Lung identify a non-CHO lineage.	https://www.ebi.ac.uk/ena/browser/api/xml/SAMD01599749	2026-09-14
RUN047	DRR706786	PRJDB35724	SAMD01599757	non_target		Sample-level cell_line CHL-B08 and tissue Lung identify a non-CHO lineage.	https://www.ebi.ac.uk/ena/browser/api/xml/SAMD01599757	2026-09-14
RUN048	SRR12587965	PRJNA661407	SAMN16057385		bulk_confirmed	Run-linked experiment explicitly identifies bulk RNA-seq and describes KAPA stranded library preparation, despite the study title.	https://www.ebi.ac.uk/ena/browser/api/xml/SRX9074578	2026-09-14
RUN049	SRR12587967	PRJNA661407	SAMN16057385		bulk_confirmed	Run-linked experiment explicitly identifies bulk RNA-seq and describes KAPA stranded library preparation, despite the study title.	https://www.ebi.ac.uk/ena/browser/api/xml/SRX9074576	2026-09-14
RUN050	SRR24650911	PRJNA974014	SAMN35159449		bulk_confirmed	Run-linked protocol extracts RNA from a cell population and uses NEBNext Ultra II RNA library preparation; Single-Cell in the sample name does not describe library resolution.	https://www.ebi.ac.uk/ena/browser/api/xml/SRX20431027	2026-09-14
RUN051	SRR24650935	PRJNA974014	SAMN35159458		bulk_confirmed	Run-linked protocol extracts RNA from a cell population and uses NEBNext Ultra II RNA library preparation; Single-Cell in the sample name does not describe library resolution.	https://www.ebi.ac.uk/ena/browser/api/xml/SRX20431003	2026-09-14
RUN052	SRR24650936	PRJNA974014	SAMN35159459		bulk_confirmed	Run-linked protocol extracts RNA from a cell population and uses NEBNext Ultra II RNA library preparation; Single-Cell in the sample name does not describe library resolution.	https://www.ebi.ac.uk/ena/browser/api/xml/SRX20431002	2026-09-14
RUN053	SRR24650937	PRJNA974014	SAMN35159460		bulk_confirmed	Run-linked protocol extracts RNA from a cell population and uses NEBNext Ultra II RNA library preparation; Single-Cell in the sample name does not describe library resolution.	https://www.ebi.ac.uk/ena/browser/api/xml/SRX20431001	2026-09-14
RUN054	SRR24650960	PRJNA974014	SAMN35159467		bulk_confirmed	Run-linked protocol extracts RNA from a cell population and uses NEBNext Ultra II RNA library preparation; Single-Cell in the sample name does not describe library resolution.	https://www.ebi.ac.uk/ena/browser/api/xml/SRX20430978	2026-09-14
RUN055	SRR24650963	PRJNA974014	SAMN35159470		bulk_confirmed	Run-linked protocol extracts RNA from a cell population and uses NEBNext Ultra II RNA library preparation; Single-Cell in the sample name does not describe library resolution.	https://www.ebi.ac.uk/ena/browser/api/xml/SRX20430975	2026-09-14
RUN056	SRR24650981	PRJNA974014	SAMN35159472		bulk_confirmed	Run-linked protocol extracts RNA from a cell population and uses NEBNext Ultra II RNA library preparation; Single-Cell in the sample name does not describe library resolution.	https://www.ebi.ac.uk/ena/browser/api/xml/SRX20430957	2026-09-14
RUN057	SRR24650989	PRJNA974014	SAMN35159480		bulk_confirmed	Run-linked protocol extracts RNA from a cell population and uses NEBNext Ultra II RNA library preparation; Single-Cell in the sample name does not describe library resolution.	https://www.ebi.ac.uk/ena/browser/api/xml/SRX20430949	2026-09-14
RUN058	SRR24650992	PRJNA974014	SAMN35159483		bulk_confirmed	Run-linked protocol extracts RNA from a cell population and uses NEBNext Ultra II RNA library preparation; Single-Cell in the sample name does not describe library resolution.	https://www.ebi.ac.uk/ena/browser/api/xml/SRX20430946	2026-09-14
RUN059	SRR24650994	PRJNA974014	SAMN35159485		bulk_confirmed	Run-linked protocol extracts RNA from a cell population and uses NEBNext Ultra II RNA library preparation; Single-Cell in the sample name does not describe library resolution.	https://www.ebi.ac.uk/ena/browser/api/xml/SRX20430944	2026-09-14
RUN060	SRR12774953	PRJNA667472	SAMN16373840	non_target		Sample-level tissue/source metadata identifies non-CHO material: Brain	https://www.ebi.ac.uk/ena/browser/api/xml/SAMN16373840	2026-09-14
RUN061	SRR12774954	PRJNA667472	SAMN16373839	non_target		Sample-level tissue/source metadata identifies non-CHO material: Brain	https://www.ebi.ac.uk/ena/browser/api/xml/SAMN16373839	2026-09-14
RUN062	SRR12774956	PRJNA667472	SAMN16373866	non_target		Sample-level tissue/source metadata identifies non-CHO material: Heart	https://www.ebi.ac.uk/ena/browser/api/xml/SAMN16373866	2026-09-14
RUN063	SRR12774960	PRJNA667472	SAMN16373862	non_target		Sample-level tissue/source metadata identifies non-CHO material: Whole Organism	https://www.ebi.ac.uk/ena/browser/api/xml/SAMN16373862	2026-09-14
RUN064	SRR12774961	PRJNA667472	SAMN16373861	non_target		Sample-level tissue/source metadata identifies non-CHO material: Muscle	https://www.ebi.ac.uk/ena/browser/api/xml/SAMN16373861	2026-09-14
RUN065	SRR12774963	PRJNA667472	SAMN16373859	non_target		Sample-level tissue/source metadata identifies non-CHO material: Spleen; blood	https://www.ebi.ac.uk/ena/browser/api/xml/SAMN16373859	2026-09-14
RUN066	SRR29929613	PRJNA1139152	SAMN42763087		single_cell	Run-linked experiment describes 10X Chromium single-cell multiome ATAC plus gene expression; outside bulk scope.	https://www.ebi.ac.uk/ena/browser/api/xml/SRX25423549	2026-09-14
RUN067	SRR29929616	PRJNA1139152	SAMN42763090		single_cell	Run-linked experiment describes 10X Chromium single-cell multiome ATAC plus gene expression; outside bulk scope.	https://www.ebi.ac.uk/ena/browser/api/xml/SRX25423546	2026-09-14
RUN068	SRR29929618	PRJNA1139152	SAMN42763092		single_cell	Run-linked experiment describes 10X Chromium single-cell multiome ATAC plus gene expression; outside bulk scope.	https://www.ebi.ac.uk/ena/browser/api/xml/SRX25423544	2026-09-14
RUN069	SRR12587964	PRJNA661407	SAMN16057385		bulk_confirmed	Run-linked experiment explicitly identifies bulk RNA-seq and describes KAPA stranded library preparation, despite the study title.	https://www.ebi.ac.uk/ena/browser/api/xml/SRX9074579	2026-09-14
RUN070	SRR12774926	PRJNA667472	SAMN16373837	non_target		Sample-level tissue/source metadata identifies non-CHO material: Bone marrow-derived macrophages	https://www.ebi.ac.uk/ena/browser/api/xml/SAMN16373837	2026-09-14
RUN071	SRR12774928	PRJNA667472	SAMN16373831	non_target		Sample-level tissue/source metadata identifies non-CHO material: Bone marrow-derived macrophages	https://www.ebi.ac.uk/ena/browser/api/xml/SAMN16373831	2026-09-14
RUN072	SRR12774958	PRJNA667472	SAMN16373864	non_target		Sample-level tissue/source metadata identifies non-CHO material: Liver	https://www.ebi.ac.uk/ena/browser/api/xml/SAMN16373864	2026-09-14
RUN073	SRR24650957	PRJNA974014	SAMN35159464		bulk_confirmed	Run-linked protocol extracts RNA from a cell population and uses NEBNext Ultra II RNA library preparation; Single-Cell in the sample name does not describe library resolution.	https://www.ebi.ac.uk/ena/browser/api/xml/SRX20430981	2026-09-14
RUN074	SRR24650958	PRJNA974014	SAMN35159465		bulk_confirmed	Run-linked protocol extracts RNA from a cell population and uses NEBNext Ultra II RNA library preparation; Single-Cell in the sample name does not describe library resolution.	https://www.ebi.ac.uk/ena/browser/api/xml/SRX20430980	2026-09-14
RUN075	SRR24650962	PRJNA974014	SAMN35159469		bulk_confirmed	Run-linked protocol extracts RNA from a cell population and uses NEBNext Ultra II RNA library preparation; Single-Cell in the sample name does not describe library resolution.	https://www.ebi.ac.uk/ena/browser/api/xml/SRX20430976	2026-09-14
RUN076	SRR24650988	PRJNA974014	SAMN35159479		bulk_confirmed	Run-linked protocol extracts RNA from a cell population and uses NEBNext Ultra II RNA library preparation; Single-Cell in the sample name does not describe library resolution.	https://www.ebi.ac.uk/ena/browser/api/xml/SRX20430950	2026-09-14
RUN077	SRR29929614	PRJNA1139152	SAMN42763088		single_cell	Run-linked experiment describes 10X Chromium single-cell multiome ATAC plus gene expression; outside bulk scope.	https://www.ebi.ac.uk/ena/browser/api/xml/SRX25423548	2026-09-14
RUN078	SRR29929615	PRJNA1139152	SAMN42763089		single_cell	Run-linked experiment describes 10X Chromium single-cell multiome ATAC plus gene expression; outside bulk scope.	https://www.ebi.ac.uk/ena/browser/api/xml/SRX25423547	2026-09-14
REV2_DRR126383	DRR126383	PRJDB6793	SAMD00113893	target	single_cell	Sample attributes: cell_line=CHO-K1; sample_type=single cell; individual cell_id and SMART-seq study design.	https://www.ebi.ac.uk/ena/browser/api/xml/SAMD00113893;https://www.ebi.ac.uk/ena/browser/api/xml/DRX119127;https://www.ebi.ac.uk/ena/browser/api/xml/PRJDB6793	2026-09-14
REV2_DRR126384	DRR126384	PRJDB6793	SAMD00113894	target	single_cell	Sample attributes: cell_line=CHO-K1; sample_type=single cell; individual cell_id and SMART-seq study design.	https://www.ebi.ac.uk/ena/browser/api/xml/SAMD00113894;https://www.ebi.ac.uk/ena/browser/api/xml/DRX119128;https://www.ebi.ac.uk/ena/browser/api/xml/PRJDB6793	2026-09-14
REV2_DRR126385	DRR126385	PRJDB6793	SAMD00113895	target	single_cell	Sample attributes: cell_line=CHO-K1; sample_type=single cell; individual cell_id and SMART-seq study design.	https://www.ebi.ac.uk/ena/browser/api/xml/SAMD00113895;https://www.ebi.ac.uk/ena/browser/api/xml/DRX119129;https://www.ebi.ac.uk/ena/browser/api/xml/PRJDB6793	2026-09-14
REV2_DRR126386	DRR126386	PRJDB6793	SAMD00113896	target	single_cell	Sample attributes: cell_line=CHO-K1; sample_type=single cell; individual cell_id and SMART-seq study design.	https://www.ebi.ac.uk/ena/browser/api/xml/SAMD00113896;https://www.ebi.ac.uk/ena/browser/api/xml/DRX119130;https://www.ebi.ac.uk/ena/browser/api/xml/PRJDB6793	2026-09-14
REV2_DRR126387	DRR126387	PRJDB6793	SAMD00113897	target	single_cell	Sample attributes: cell_line=CHO-K1; sample_type=single cell; individual cell_id and SMART-seq study design.	https://www.ebi.ac.uk/ena/browser/api/xml/SAMD00113897;https://www.ebi.ac.uk/ena/browser/api/xml/DRX119131;https://www.ebi.ac.uk/ena/browser/api/xml/PRJDB6793	2026-09-14
REV2_DRR126388	DRR126388	PRJDB6793	SAMD00113898	target	single_cell	Sample attributes: cell_line=CHO-K1; sample_type=single cell; individual cell_id and SMART-seq study design.	https://www.ebi.ac.uk/ena/browser/api/xml/SAMD00113898;https://www.ebi.ac.uk/ena/browser/api/xml/DRX119132;https://www.ebi.ac.uk/ena/browser/api/xml/PRJDB6793	2026-09-14
REV2_DRR126389	DRR126389	PRJDB6793	SAMD00113899	target	single_cell	Sample attributes: cell_line=CHO-K1; sample_type=single cell; individual cell_id and SMART-seq study design.	https://www.ebi.ac.uk/ena/browser/api/xml/SAMD00113899;https://www.ebi.ac.uk/ena/browser/api/xml/DRX119133;https://www.ebi.ac.uk/ena/browser/api/xml/PRJDB6793	2026-09-14
REV2_DRR126390	DRR126390	PRJDB6793	SAMD00113900	target	single_cell	Sample attributes: cell_line=CHO-K1; sample_type=single cell; individual cell_id and SMART-seq study design.	https://www.ebi.ac.uk/ena/browser/api/xml/SAMD00113900;https://www.ebi.ac.uk/ena/browser/api/xml/DRX119134;https://www.ebi.ac.uk/ena/browser/api/xml/PRJDB6793	2026-09-14
REV2_DRR126391	DRR126391	PRJDB6793	SAMD00113901	target	single_cell	Sample attributes: cell_line=CHO-K1; sample_type=single cell; individual cell_id and SMART-seq study design.	https://www.ebi.ac.uk/ena/browser/api/xml/SAMD00113901;https://www.ebi.ac.uk/ena/browser/api/xml/DRX119135;https://www.ebi.ac.uk/ena/browser/api/xml/PRJDB6793	2026-09-14
REV2_DRR126392	DRR126392	PRJDB6793	SAMD00113902	target	single_cell	Sample attributes: cell_line=CHO-K1; sample_type=single cell; individual cell_id and SMART-seq study design.	https://www.ebi.ac.uk/ena/browser/api/xml/SAMD00113902;https://www.ebi.ac.uk/ena/browser/api/xml/DRX119136;https://www.ebi.ac.uk/ena/browser/api/xml/PRJDB6793	2026-09-14
REV2_DRR126393	DRR126393	PRJDB6793	SAMD00113903	target	single_cell	Sample attributes: cell_line=CHO-K1; sample_type=single cell; individual cell_id and SMART-seq study design.	https://www.ebi.ac.uk/ena/browser/api/xml/SAMD00113903;https://www.ebi.ac.uk/ena/browser/api/xml/DRX119137;https://www.ebi.ac.uk/ena/browser/api/xml/PRJDB6793	2026-09-14
REV2_DRR126394	DRR126394	PRJDB6793	SAMD00113904	target	single_cell	Sample attributes: cell_line=CHO-K1; sample_type=single cell; individual cell_id and SMART-seq study design.	https://www.ebi.ac.uk/ena/browser/api/xml/SAMD00113904;https://www.ebi.ac.uk/ena/browser/api/xml/DRX119138;https://www.ebi.ac.uk/ena/browser/api/xml/PRJDB6793	2026-09-14
REV2_DRR126395	DRR126395	PRJDB6793	SAMD00113905	target	single_cell	Sample attributes: cell_line=CHO-K1; sample_type=single cell; individual cell_id and SMART-seq study design.	https://www.ebi.ac.uk/ena/browser/api/xml/SAMD00113905;https://www.ebi.ac.uk/ena/browser/api/xml/DRX119139;https://www.ebi.ac.uk/ena/browser/api/xml/PRJDB6793	2026-09-14
REV2_DRR126396	DRR126396	PRJDB6793	SAMD00113906	target	single_cell	Sample attributes: cell_line=CHO-K1; sample_type=single cell; individual cell_id and SMART-seq study design.	https://www.ebi.ac.uk/ena/browser/api/xml/SAMD00113906;https://www.ebi.ac.uk/ena/browser/api/xml/DRX119140;https://www.ebi.ac.uk/ena/browser/api/xml/PRJDB6793	2026-09-14
REV2_DRR126397	DRR126397	PRJDB6793	SAMD00113907	target	single_cell	Sample attributes: cell_line=CHO-K1; sample_type=single cell; individual cell_id and SMART-seq study design.	https://www.ebi.ac.uk/ena/browser/api/xml/SAMD00113907;https://www.ebi.ac.uk/ena/browser/api/xml/DRX119141;https://www.ebi.ac.uk/ena/browser/api/xml/PRJDB6793	2026-09-14
REV2_DRR126398	DRR126398	PRJDB6793	SAMD00113908	target	single_cell	Sample attributes: cell_line=CHO-K1; sample_type=single cell; individual cell_id and SMART-seq study design.	https://www.ebi.ac.uk/ena/browser/api/xml/SAMD00113908;https://www.ebi.ac.uk/ena/browser/api/xml/DRX119142;https://www.ebi.ac.uk/ena/browser/api/xml/PRJDB6793	2026-09-14
REV2_DRR126399	DRR126399	PRJDB6793	SAMD00113909	target	single_cell	Sample attributes: cell_line=CHO-K1; sample_type=single cell; individual cell_id and SMART-seq study design.	https://www.ebi.ac.uk/ena/browser/api/xml/SAMD00113909;https://www.ebi.ac.uk/ena/browser/api/xml/DRX119143;https://www.ebi.ac.uk/ena/browser/api/xml/PRJDB6793	2026-09-14
REV2_DRR126400	DRR126400	PRJDB6793	SAMD00113910	target	single_cell	Sample attributes: cell_line=CHO-K1; sample_type=single cell; individual cell_id and SMART-seq study design.	https://www.ebi.ac.uk/ena/browser/api/xml/SAMD00113910;https://www.ebi.ac.uk/ena/browser/api/xml/DRX119144;https://www.ebi.ac.uk/ena/browser/api/xml/PRJDB6793	2026-09-14
REV2_DRR126401	DRR126401	PRJDB6793	SAMD00113911	target	single_cell	Sample attributes: cell_line=CHO-K1; sample_type=single cell; individual cell_id and SMART-seq study design.	https://www.ebi.ac.uk/ena/browser/api/xml/SAMD00113911;https://www.ebi.ac.uk/ena/browser/api/xml/DRX119145;https://www.ebi.ac.uk/ena/browser/api/xml/PRJDB6793	2026-09-14
REV2_DRR126402	DRR126402	PRJDB6793	SAMD00113912	target	single_cell	Sample attributes: cell_line=CHO-K1; sample_type=single cell; individual cell_id and SMART-seq study design.	https://www.ebi.ac.uk/ena/browser/api/xml/SAMD00113912;https://www.ebi.ac.uk/ena/browser/api/xml/DRX119146;https://www.ebi.ac.uk/ena/browser/api/xml/PRJDB6793	2026-09-14
REV2_DRR126403	DRR126403	PRJDB6793	SAMD00113913	target	single_cell	Sample attributes: cell_line=CHO-K1; sample_type=single cell; individual cell_id and SMART-seq study design.	https://www.ebi.ac.uk/ena/browser/api/xml/SAMD00113913;https://www.ebi.ac.uk/ena/browser/api/xml/DRX119147;https://www.ebi.ac.uk/ena/browser/api/xml/PRJDB6793	2026-09-14
REV2_DRR126404	DRR126404	PRJDB6793	SAMD00113914	target	single_cell	Sample attributes: cell_line=CHO-K1; sample_type=single cell; individual cell_id and SMART-seq study design.	https://www.ebi.ac.uk/ena/browser/api/xml/SAMD00113914;https://www.ebi.ac.uk/ena/browser/api/xml/DRX119148;https://www.ebi.ac.uk/ena/browser/api/xml/PRJDB6793	2026-09-14
REV2_DRR126405	DRR126405	PRJDB6793	SAMD00113915	target	single_cell	Sample attributes: cell_line=CHO-K1; sample_type=single cell; individual cell_id and SMART-seq study design.	https://www.ebi.ac.uk/ena/browser/api/xml/SAMD00113915;https://www.ebi.ac.uk/ena/browser/api/xml/DRX119149;https://www.ebi.ac.uk/ena/browser/api/xml/PRJDB6793	2026-09-14
REV2_DRR126406	DRR126406	PRJDB6793	SAMD00113916	target	single_cell	Sample attributes: cell_line=CHO-K1; sample_type=single cell; individual cell_id and SMART-seq study design.	https://www.ebi.ac.uk/ena/browser/api/xml/SAMD00113916;https://www.ebi.ac.uk/ena/browser/api/xml/DRX119150;https://www.ebi.ac.uk/ena/browser/api/xml/PRJDB6793	2026-09-14
REV2_DRR126407	DRR126407	PRJDB6793	SAMD00113917	target	single_cell	Sample attributes: cell_line=CHO-K1; sample_type=single cell; individual cell_id and SMART-seq study design.	https://www.ebi.ac.uk/ena/browser/api/xml/SAMD00113917;https://www.ebi.ac.uk/ena/browser/api/xml/DRX119151;https://www.ebi.ac.uk/ena/browser/api/xml/PRJDB6793	2026-09-14
REV2_DRR126408	DRR126408	PRJDB6793	SAMD00113918	target	single_cell	Sample attributes: cell_line=CHO-K1; sample_type=single cell; individual cell_id and SMART-seq study design.	https://www.ebi.ac.uk/ena/browser/api/xml/SAMD00113918;https://www.ebi.ac.uk/ena/browser/api/xml/DRX119152;https://www.ebi.ac.uk/ena/browser/api/xml/PRJDB6793	2026-09-14
REV2_DRR126409	DRR126409	PRJDB6793	SAMD00113919	target	single_cell	Sample attributes: cell_line=CHO-K1; sample_type=single cell; individual cell_id and SMART-seq study design.	https://www.ebi.ac.uk/ena/browser/api/xml/SAMD00113919;https://www.ebi.ac.uk/ena/browser/api/xml/DRX119153;https://www.ebi.ac.uk/ena/browser/api/xml/PRJDB6793	2026-09-14
REV2_DRR126410	DRR126410	PRJDB6793	SAMD00113920	target	single_cell	Sample attributes: cell_line=CHO-K1; sample_type=single cell; individual cell_id and SMART-seq study design.	https://www.ebi.ac.uk/ena/browser/api/xml/SAMD00113920;https://www.ebi.ac.uk/ena/browser/api/xml/DRX119154;https://www.ebi.ac.uk/ena/browser/api/xml/PRJDB6793	2026-09-14
REV2_DRR126411	DRR126411	PRJDB6793	SAMD00113921	target	single_cell	Sample attributes: cell_line=CHO-K1; sample_type=single cell; individual cell_id and SMART-seq study design.	https://www.ebi.ac.uk/ena/browser/api/xml/SAMD00113921;https://www.ebi.ac.uk/ena/browser/api/xml/DRX119155;https://www.ebi.ac.uk/ena/browser/api/xml/PRJDB6793	2026-09-14
REV2_DRR126412	DRR126412	PRJDB6793	SAMD00113922	target	single_cell	Sample attributes: cell_line=CHO-K1; sample_type=single cell; individual cell_id and SMART-seq study design.	https://www.ebi.ac.uk/ena/browser/api/xml/SAMD00113922;https://www.ebi.ac.uk/ena/browser/api/xml/DRX119156;https://www.ebi.ac.uk/ena/browser/api/xml/PRJDB6793	2026-09-14
REV2_DRR126413	DRR126413	PRJDB6793	SAMD00113923	target	single_cell	Sample attributes: cell_line=CHO-K1; sample_type=single cell; individual cell_id and SMART-seq study design.	https://www.ebi.ac.uk/ena/browser/api/xml/SAMD00113923;https://www.ebi.ac.uk/ena/browser/api/xml/DRX119157;https://www.ebi.ac.uk/ena/browser/api/xml/PRJDB6793	2026-09-14
REV2_DRR126414	DRR126414	PRJDB6793	SAMD00113924	target	single_cell	Sample attributes: cell_line=CHO-K1; sample_type=single cell; individual cell_id and SMART-seq study design.	https://www.ebi.ac.uk/ena/browser/api/xml/SAMD00113924;https://www.ebi.ac.uk/ena/browser/api/xml/DRX119158;https://www.ebi.ac.uk/ena/browser/api/xml/PRJDB6793	2026-09-14
REV2_ERR16729274	ERR16729274	PRJEB108721	SAMEA121759863	target	bulk_confirmed	Reviewed study design identifies CHO 221-107 cultured in 2 L bioreactors; sample batch/day attributes and RNA experiment match that sampling design: B12_D4	https://www.ebi.ac.uk/ena/browser/api/xml/SAMEA121759863;https://www.ebi.ac.uk/ena/browser/api/xml/ERX16120883;https://www.ebi.ac.uk/ena/browser/api/xml/PRJEB108721	2026-09-14
REV2_ERR16729275	ERR16729275	PRJEB108721	SAMEA121759864	target	bulk_confirmed	Reviewed study design identifies CHO 221-107 cultured in 2 L bioreactors; sample batch/day attributes and RNA experiment match that sampling design: B12_D5	https://www.ebi.ac.uk/ena/browser/api/xml/SAMEA121759864;https://www.ebi.ac.uk/ena/browser/api/xml/ERX16120884;https://www.ebi.ac.uk/ena/browser/api/xml/PRJEB108721	2026-09-14
REV2_ERR16729276	ERR16729276	PRJEB108721	SAMEA121759865	target	bulk_confirmed	Reviewed study design identifies CHO 221-107 cultured in 2 L bioreactors; sample batch/day attributes and RNA experiment match that sampling design: B12_D6	https://www.ebi.ac.uk/ena/browser/api/xml/SAMEA121759865;https://www.ebi.ac.uk/ena/browser/api/xml/ERX16120885;https://www.ebi.ac.uk/ena/browser/api/xml/PRJEB108721	2026-09-14
REV2_ERR16729277	ERR16729277	PRJEB108721	SAMEA121759866	target	bulk_confirmed	Reviewed study design identifies CHO 221-107 cultured in 2 L bioreactors; sample batch/day attributes and RNA experiment match that sampling design: B12_D7	https://www.ebi.ac.uk/ena/browser/api/xml/SAMEA121759866;https://www.ebi.ac.uk/ena/browser/api/xml/ERX16120886;https://www.ebi.ac.uk/ena/browser/api/xml/PRJEB108721	2026-09-14
REV2_ERR16729278	ERR16729278	PRJEB108721	SAMEA121759867	target	bulk_confirmed	Reviewed study design identifies CHO 221-107 cultured in 2 L bioreactors; sample batch/day attributes and RNA experiment match that sampling design: B12_D8	https://www.ebi.ac.uk/ena/browser/api/xml/SAMEA121759867;https://www.ebi.ac.uk/ena/browser/api/xml/ERX16120887;https://www.ebi.ac.uk/ena/browser/api/xml/PRJEB108721	2026-09-14
REV2_ERR16729279	ERR16729279	PRJEB108721	SAMEA121759868	target	bulk_confirmed	Reviewed study design identifies CHO 221-107 cultured in 2 L bioreactors; sample batch/day attributes and RNA experiment match that sampling design: B12_D11	https://www.ebi.ac.uk/ena/browser/api/xml/SAMEA121759868;https://www.ebi.ac.uk/ena/browser/api/xml/ERX16120888;https://www.ebi.ac.uk/ena/browser/api/xml/PRJEB108721	2026-09-14
REV2_ERR16729280	ERR16729280	PRJEB108721	SAMEA121759869	target	bulk_confirmed	Reviewed study design identifies CHO 221-107 cultured in 2 L bioreactors; sample batch/day attributes and RNA experiment match that sampling design: B12_D12	https://www.ebi.ac.uk/ena/browser/api/xml/SAMEA121759869;https://www.ebi.ac.uk/ena/browser/api/xml/ERX16120889;https://www.ebi.ac.uk/ena/browser/api/xml/PRJEB108721	2026-09-14
REV2_ERR16729281	ERR16729281	PRJEB108721	SAMEA121759870	target	bulk_confirmed	Reviewed study design identifies CHO 221-107 cultured in 2 L bioreactors; sample batch/day attributes and RNA experiment match that sampling design: B12_D14	https://www.ebi.ac.uk/ena/browser/api/xml/SAMEA121759870;https://www.ebi.ac.uk/ena/browser/api/xml/ERX16120890;https://www.ebi.ac.uk/ena/browser/api/xml/PRJEB108721	2026-09-14
REV2_ERR16729282	ERR16729282	PRJEB108721	SAMEA121759871	target	bulk_confirmed	Reviewed study design identifies CHO 221-107 cultured in 2 L bioreactors; sample batch/day attributes and RNA experiment match that sampling design: B13_D4	https://www.ebi.ac.uk/ena/browser/api/xml/SAMEA121759871;https://www.ebi.ac.uk/ena/browser/api/xml/ERX16120891;https://www.ebi.ac.uk/ena/browser/api/xml/PRJEB108721	2026-09-14
REV2_ERR16729283	ERR16729283	PRJEB108721	SAMEA121759872	target	bulk_confirmed	Reviewed study design identifies CHO 221-107 cultured in 2 L bioreactors; sample batch/day attributes and RNA experiment match that sampling design: B13_D5	https://www.ebi.ac.uk/ena/browser/api/xml/SAMEA121759872;https://www.ebi.ac.uk/ena/browser/api/xml/ERX16120892;https://www.ebi.ac.uk/ena/browser/api/xml/PRJEB108721	2026-09-14
REV2_ERR16729284	ERR16729284	PRJEB108721	SAMEA121759873	target	bulk_confirmed	Reviewed study design identifies CHO 221-107 cultured in 2 L bioreactors; sample batch/day attributes and RNA experiment match that sampling design: B13_D6	https://www.ebi.ac.uk/ena/browser/api/xml/SAMEA121759873;https://www.ebi.ac.uk/ena/browser/api/xml/ERX16120893;https://www.ebi.ac.uk/ena/browser/api/xml/PRJEB108721	2026-09-14
REV2_ERR16729285	ERR16729285	PRJEB108721	SAMEA121759874	target	bulk_confirmed	Reviewed study design identifies CHO 221-107 cultured in 2 L bioreactors; sample batch/day attributes and RNA experiment match that sampling design: B13_D7	https://www.ebi.ac.uk/ena/browser/api/xml/SAMEA121759874;https://www.ebi.ac.uk/ena/browser/api/xml/ERX16120894;https://www.ebi.ac.uk/ena/browser/api/xml/PRJEB108721	2026-09-14
REV2_ERR16729286	ERR16729286	PRJEB108721	SAMEA121759875	target	bulk_confirmed	Reviewed study design identifies CHO 221-107 cultured in 2 L bioreactors; sample batch/day attributes and RNA experiment match that sampling design: B13_D8	https://www.ebi.ac.uk/ena/browser/api/xml/SAMEA121759875;https://www.ebi.ac.uk/ena/browser/api/xml/ERX16120895;https://www.ebi.ac.uk/ena/browser/api/xml/PRJEB108721	2026-09-14
REV2_ERR16729287	ERR16729287	PRJEB108721	SAMEA121759876	target	bulk_confirmed	Reviewed study design identifies CHO 221-107 cultured in 2 L bioreactors; sample batch/day attributes and RNA experiment match that sampling design: B13_D11	https://www.ebi.ac.uk/ena/browser/api/xml/SAMEA121759876;https://www.ebi.ac.uk/ena/browser/api/xml/ERX16120896;https://www.ebi.ac.uk/ena/browser/api/xml/PRJEB108721	2026-09-14
REV2_ERR16729288	ERR16729288	PRJEB108721	SAMEA121759877	target	bulk_confirmed	Reviewed study design identifies CHO 221-107 cultured in 2 L bioreactors; sample batch/day attributes and RNA experiment match that sampling design: B13_D12	https://www.ebi.ac.uk/ena/browser/api/xml/SAMEA121759877;https://www.ebi.ac.uk/ena/browser/api/xml/ERX16120897;https://www.ebi.ac.uk/ena/browser/api/xml/PRJEB108721	2026-09-14
REV2_ERR16729289	ERR16729289	PRJEB108721	SAMEA121759878	target	bulk_confirmed	Reviewed study design identifies CHO 221-107 cultured in 2 L bioreactors; sample batch/day attributes and RNA experiment match that sampling design: B13_D14	https://www.ebi.ac.uk/ena/browser/api/xml/SAMEA121759878;https://www.ebi.ac.uk/ena/browser/api/xml/ERX16120898;https://www.ebi.ac.uk/ena/browser/api/xml/PRJEB108721	2026-09-14
REV2_ERR16729290	ERR16729290	PRJEB108721	SAMEA121759879	target	bulk_confirmed	Reviewed study design identifies CHO 221-107 cultured in 2 L bioreactors; sample batch/day attributes and RNA experiment match that sampling design: B14_D4	https://www.ebi.ac.uk/ena/browser/api/xml/SAMEA121759879;https://www.ebi.ac.uk/ena/browser/api/xml/ERX16120899;https://www.ebi.ac.uk/ena/browser/api/xml/PRJEB108721	2026-09-14
REV2_ERR16729291	ERR16729291	PRJEB108721	SAMEA121759880	target	bulk_confirmed	Reviewed study design identifies CHO 221-107 cultured in 2 L bioreactors; sample batch/day attributes and RNA experiment match that sampling design: B14_D5	https://www.ebi.ac.uk/ena/browser/api/xml/SAMEA121759880;https://www.ebi.ac.uk/ena/browser/api/xml/ERX16120900;https://www.ebi.ac.uk/ena/browser/api/xml/PRJEB108721	2026-09-14
REV2_ERR16729292	ERR16729292	PRJEB108721	SAMEA121759881	target	bulk_confirmed	Reviewed study design identifies CHO 221-107 cultured in 2 L bioreactors; sample batch/day attributes and RNA experiment match that sampling design: B14_D6	https://www.ebi.ac.uk/ena/browser/api/xml/SAMEA121759881;https://www.ebi.ac.uk/ena/browser/api/xml/ERX16120901;https://www.ebi.ac.uk/ena/browser/api/xml/PRJEB108721	2026-09-14
REV2_ERR16729293	ERR16729293	PRJEB108721	SAMEA121759882	target	bulk_confirmed	Reviewed study design identifies CHO 221-107 cultured in 2 L bioreactors; sample batch/day attributes and RNA experiment match that sampling design: B14_D7	https://www.ebi.ac.uk/ena/browser/api/xml/SAMEA121759882;https://www.ebi.ac.uk/ena/browser/api/xml/ERX16120902;https://www.ebi.ac.uk/ena/browser/api/xml/PRJEB108721	2026-09-14
REV2_ERR16729294	ERR16729294	PRJEB108721	SAMEA121759883	target	bulk_confirmed	Reviewed study design identifies CHO 221-107 cultured in 2 L bioreactors; sample batch/day attributes and RNA experiment match that sampling design: B14_D8	https://www.ebi.ac.uk/ena/browser/api/xml/SAMEA121759883;https://www.ebi.ac.uk/ena/browser/api/xml/ERX16120903;https://www.ebi.ac.uk/ena/browser/api/xml/PRJEB108721	2026-09-14
REV2_ERR16729295	ERR16729295	PRJEB108721	SAMEA121759884	target	bulk_confirmed	Reviewed study design identifies CHO 221-107 cultured in 2 L bioreactors; sample batch/day attributes and RNA experiment match that sampling design: B14_D11	https://www.ebi.ac.uk/ena/browser/api/xml/SAMEA121759884;https://www.ebi.ac.uk/ena/browser/api/xml/ERX16120904;https://www.ebi.ac.uk/ena/browser/api/xml/PRJEB108721	2026-09-14
REV2_ERR16729296	ERR16729296	PRJEB108721	SAMEA121759885	target	bulk_confirmed	Reviewed study design identifies CHO 221-107 cultured in 2 L bioreactors; sample batch/day attributes and RNA experiment match that sampling design: B14_D12	https://www.ebi.ac.uk/ena/browser/api/xml/SAMEA121759885;https://www.ebi.ac.uk/ena/browser/api/xml/ERX16120905;https://www.ebi.ac.uk/ena/browser/api/xml/PRJEB108721	2026-09-14
REV2_ERR16729297	ERR16729297	PRJEB108721	SAMEA121759886	target	bulk_confirmed	Reviewed study design identifies CHO 221-107 cultured in 2 L bioreactors; sample batch/day attributes and RNA experiment match that sampling design: B14_D14	https://www.ebi.ac.uk/ena/browser/api/xml/SAMEA121759886;https://www.ebi.ac.uk/ena/browser/api/xml/ERX16120906;https://www.ebi.ac.uk/ena/browser/api/xml/PRJEB108721	2026-09-14
REV2_ERR3001877	ERR3001877	PRJEB30364	SAMEA5176886	target		Sample attributes: isolation_source=CHO cell line	https://www.ebi.ac.uk/ena/browser/api/xml/SAMEA5176886;https://www.ebi.ac.uk/ena/browser/api/xml/ERX3004241	2026-09-14
REV2_ERR3001878	ERR3001878	PRJEB30364	SAMEA5176887	target		Sample attributes: isolation_source=CHO cell line	https://www.ebi.ac.uk/ena/browser/api/xml/SAMEA5176887;https://www.ebi.ac.uk/ena/browser/api/xml/ERX3004242	2026-09-14
REV2_ERR3001879	ERR3001879	PRJEB30364	SAMEA5176888	target		Sample attributes: isolation_source=CHO cell line	https://www.ebi.ac.uk/ena/browser/api/xml/SAMEA5176888;https://www.ebi.ac.uk/ena/browser/api/xml/ERX3004243	2026-09-14
REV2_ERR3001880	ERR3001880	PRJEB30364	SAMEA5176889	target		Sample attributes: isolation_source=CHO cell line	https://www.ebi.ac.uk/ena/browser/api/xml/SAMEA5176889;https://www.ebi.ac.uk/ena/browser/api/xml/ERX3004244	2026-09-14
REV2_ERR3001881	ERR3001881	PRJEB30364	SAMEA5176890	target		Sample attributes: isolation_source=CHO cell line	https://www.ebi.ac.uk/ena/browser/api/xml/SAMEA5176890;https://www.ebi.ac.uk/ena/browser/api/xml/ERX3004245	2026-09-14
REV2_ERR3001882	ERR3001882	PRJEB30364	SAMEA5176891	target		Sample attributes: isolation_source=CHO cell line	https://www.ebi.ac.uk/ena/browser/api/xml/SAMEA5176891;https://www.ebi.ac.uk/ena/browser/api/xml/ERX3004246	2026-09-14
REV2_ERR3001883	ERR3001883	PRJEB30364	SAMEA5176892	target		Sample attributes: isolation_source=CHO cell line	https://www.ebi.ac.uk/ena/browser/api/xml/SAMEA5176892;https://www.ebi.ac.uk/ena/browser/api/xml/ERX3004247	2026-09-14
REV2_ERR3001884	ERR3001884	PRJEB30364	SAMEA5176893	target		Sample attributes: isolation_source=CHO cell line	https://www.ebi.ac.uk/ena/browser/api/xml/SAMEA5176893;https://www.ebi.ac.uk/ena/browser/api/xml/ERX3004248	2026-09-14
REV2_ERR3001885	ERR3001885	PRJEB30364	SAMEA5176894	target		Sample attributes: isolation_source=CHO cell line	https://www.ebi.ac.uk/ena/browser/api/xml/SAMEA5176894;https://www.ebi.ac.uk/ena/browser/api/xml/ERX3004249	2026-09-14
REV2_ERR3001886	ERR3001886	PRJEB30364	SAMEA5176895	target		Sample attributes: isolation_source=CHO cell line	https://www.ebi.ac.uk/ena/browser/api/xml/SAMEA5176895;https://www.ebi.ac.uk/ena/browser/api/xml/ERX3004250	2026-09-14
REV2_ERR3001887	ERR3001887	PRJEB30364	SAMEA5176896	target		Sample attributes: isolation_source=CHO cell line	https://www.ebi.ac.uk/ena/browser/api/xml/SAMEA5176896;https://www.ebi.ac.uk/ena/browser/api/xml/ERX3004251	2026-09-14
REV2_ERR3001888	ERR3001888	PRJEB30364	SAMEA5176897	target		Sample attributes: isolation_source=CHO cell line	https://www.ebi.ac.uk/ena/browser/api/xml/SAMEA5176897;https://www.ebi.ac.uk/ena/browser/api/xml/ERX3004252	2026-09-14
REV2_ERR3001889	ERR3001889	PRJEB30364	SAMEA5176898	target		Sample attributes: isolation_source=CHO cell line	https://www.ebi.ac.uk/ena/browser/api/xml/SAMEA5176898;https://www.ebi.ac.uk/ena/browser/api/xml/ERX3004253	2026-09-14
REV2_ERR3001890	ERR3001890	PRJEB30364	SAMEA5176899	target		Sample attributes: isolation_source=CHO cell line	https://www.ebi.ac.uk/ena/browser/api/xml/SAMEA5176899;https://www.ebi.ac.uk/ena/browser/api/xml/ERX3004254	2026-09-14
REV2_ERR3001891	ERR3001891	PRJEB30364	SAMEA5176900	target		Sample attributes: isolation_source=CHO cell line	https://www.ebi.ac.uk/ena/browser/api/xml/SAMEA5176900;https://www.ebi.ac.uk/ena/browser/api/xml/ERX3004255	2026-09-14
REV2_ERR3001892	ERR3001892	PRJEB30364	SAMEA5176901	target		Sample attributes: isolation_source=CHO cell line	https://www.ebi.ac.uk/ena/browser/api/xml/SAMEA5176901;https://www.ebi.ac.uk/ena/browser/api/xml/ERX3004256	2026-09-14
REV2_ERR3001893	ERR3001893	PRJEB30364	SAMEA5176902	target		Sample attributes: isolation_source=CHO cell line	https://www.ebi.ac.uk/ena/browser/api/xml/SAMEA5176902;https://www.ebi.ac.uk/ena/browser/api/xml/ERX3004257	2026-09-14
REV2_ERR3001894	ERR3001894	PRJEB30364	SAMEA5176903	target		Sample attributes: isolation_source=CHO cell line	https://www.ebi.ac.uk/ena/browser/api/xml/SAMEA5176903;https://www.ebi.ac.uk/ena/browser/api/xml/ERX3004258	2026-09-14
REV2_ERR3972086	ERR3972086	PRJEB37009	SAMEA6602844	target	bulk_confirmed	Sample attributes: cell_type=CHO-K1 8mM; Bulk sampling: see paper_methods_notes.json.	https://www.ebi.ac.uk/ena/browser/api/xml/SAMEA6602844;https://www.ebi.ac.uk/ena/browser/api/xml/ERX3975423;https://pmc.ncbi.nlm.nih.gov/articles/PMC7306589/	2026-09-14
REV2_ERR3972087	ERR3972087	PRJEB37009	SAMEA6602845	target	bulk_confirmed	Sample attributes: cell_type=CHO-K1 8mM; Bulk sampling: see paper_methods_notes.json.	https://www.ebi.ac.uk/ena/browser/api/xml/SAMEA6602845;https://www.ebi.ac.uk/ena/browser/api/xml/ERX3975424;https://pmc.ncbi.nlm.nih.gov/articles/PMC7306589/	2026-09-14
REV2_ERR3972088	ERR3972088	PRJEB37009	SAMEA6602846	target	bulk_confirmed	Sample attributes: cell_type=CHO-K1 8mM; Bulk sampling: see paper_methods_notes.json.	https://www.ebi.ac.uk/ena/browser/api/xml/SAMEA6602846;https://www.ebi.ac.uk/ena/browser/api/xml/ERX3975425;https://pmc.ncbi.nlm.nih.gov/articles/PMC7306589/	2026-09-14
REV2_ERR3972089	ERR3972089	PRJEB37009	SAMEA6602847	target	bulk_confirmed	Sample attributes: cell_type=CHO-K1 8mM; Bulk sampling: see paper_methods_notes.json.	https://www.ebi.ac.uk/ena/browser/api/xml/SAMEA6602847;https://www.ebi.ac.uk/ena/browser/api/xml/ERX3975426;https://pmc.ncbi.nlm.nih.gov/articles/PMC7306589/	2026-09-14
REV2_ERR3972090	ERR3972090	PRJEB37009	SAMEA6602848	target	bulk_confirmed	Sample attributes: cell_type=CHO-K1 0mM; Bulk sampling: see paper_methods_notes.json.	https://www.ebi.ac.uk/ena/browser/api/xml/SAMEA6602848;https://www.ebi.ac.uk/ena/browser/api/xml/ERX3975427;https://pmc.ncbi.nlm.nih.gov/articles/PMC7306589/	2026-09-14
REV2_ERR3972091	ERR3972091	PRJEB37009	SAMEA6602849	target	bulk_confirmed	Sample attributes: cell_type=CHO-K1 0mM; Bulk sampling: see paper_methods_notes.json.	https://www.ebi.ac.uk/ena/browser/api/xml/SAMEA6602849;https://www.ebi.ac.uk/ena/browser/api/xml/ERX3975428;https://pmc.ncbi.nlm.nih.gov/articles/PMC7306589/	2026-09-14
REV2_ERR3972092	ERR3972092	PRJEB37009	SAMEA6602850	target	bulk_confirmed	Sample attributes: cell_type=CHO-K1 0mM; Bulk sampling: see paper_methods_notes.json.	https://www.ebi.ac.uk/ena/browser/api/xml/SAMEA6602850;https://www.ebi.ac.uk/ena/browser/api/xml/ERX3975429;https://pmc.ncbi.nlm.nih.gov/articles/PMC7306589/	2026-09-14
REV2_ERR3972093	ERR3972093	PRJEB37009	SAMEA6602851	target	bulk_confirmed	Sample attributes: cell_type=CHO-K1 0mM; Bulk sampling: see paper_methods_notes.json.	https://www.ebi.ac.uk/ena/browser/api/xml/SAMEA6602851;https://www.ebi.ac.uk/ena/browser/api/xml/ERX3975430;https://pmc.ncbi.nlm.nih.gov/articles/PMC7306589/	2026-09-14
REV2_ERR3972094	ERR3972094	PRJEB37009	SAMEA6602852	target	bulk_confirmed	Sample attributes: cell_type=CHO-K1 Hy; Bulk sampling: see paper_methods_notes.json.	https://www.ebi.ac.uk/ena/browser/api/xml/SAMEA6602852;https://www.ebi.ac.uk/ena/browser/api/xml/ERX3975431;https://pmc.ncbi.nlm.nih.gov/articles/PMC7306589/	2026-09-14
REV2_ERR3972095	ERR3972095	PRJEB37009	SAMEA6602853	target	bulk_confirmed	Sample attributes: cell_type=CHO-K1 Hy; Bulk sampling: see paper_methods_notes.json.	https://www.ebi.ac.uk/ena/browser/api/xml/SAMEA6602853;https://www.ebi.ac.uk/ena/browser/api/xml/ERX3975432;https://pmc.ncbi.nlm.nih.gov/articles/PMC7306589/	2026-09-14
REV2_ERR3972096	ERR3972096	PRJEB37009	SAMEA6602854	target	bulk_confirmed	Sample attributes: cell_type=CHO-K1 Hy; Bulk sampling: see paper_methods_notes.json.	https://www.ebi.ac.uk/ena/browser/api/xml/SAMEA6602854;https://www.ebi.ac.uk/ena/browser/api/xml/ERX3975433;https://pmc.ncbi.nlm.nih.gov/articles/PMC7306589/	2026-09-14
REV2_ERR3972097	ERR3972097	PRJEB37009	SAMEA6602855	target	bulk_confirmed	Sample attributes: cell_type=CHO-K1 Hy; Bulk sampling: see paper_methods_notes.json.	https://www.ebi.ac.uk/ena/browser/api/xml/SAMEA6602855;https://www.ebi.ac.uk/ena/browser/api/xml/ERX3975434;https://pmc.ncbi.nlm.nih.gov/articles/PMC7306589/	2026-09-14
REV2_ERR4184070	ERR4184070	PRJEB38542	SAMEA6870271	target	bulk_confirmed	Sample attributes: cell_type=CHO DUKX B11; Bulk sampling: see paper_methods_notes.json.	https://www.ebi.ac.uk/ena/browser/api/xml/SAMEA6870271;https://www.ebi.ac.uk/ena/browser/api/xml/ERX4147361;https://analyticalsciencejournals.onlinelibrary.wiley.com/doi/10.1002/biot.202000350	2026-09-14
REV2_ERR4184071	ERR4184071	PRJEB38542	SAMEA6870272	target	bulk_confirmed	Sample attributes: cell_type=CHO DUKX B11; Bulk sampling: see paper_methods_notes.json.	https://www.ebi.ac.uk/ena/browser/api/xml/SAMEA6870272;https://www.ebi.ac.uk/ena/browser/api/xml/ERX4147362;https://analyticalsciencejournals.onlinelibrary.wiley.com/doi/10.1002/biot.202000350	2026-09-14
REV2_ERR4184072	ERR4184072	PRJEB38542	SAMEA6870273	target	bulk_confirmed	Sample attributes: cell_type=CHO DUKX B11; Bulk sampling: see paper_methods_notes.json.	https://www.ebi.ac.uk/ena/browser/api/xml/SAMEA6870273;https://www.ebi.ac.uk/ena/browser/api/xml/ERX4147363;https://analyticalsciencejournals.onlinelibrary.wiley.com/doi/10.1002/biot.202000350	2026-09-14
REV2_ERR4184073	ERR4184073	PRJEB38542	SAMEA6870274	target	bulk_confirmed	Sample attributes: cell_type=CHO DUKX B11; Bulk sampling: see paper_methods_notes.json.	https://www.ebi.ac.uk/ena/browser/api/xml/SAMEA6870274;https://www.ebi.ac.uk/ena/browser/api/xml/ERX4147364;https://analyticalsciencejournals.onlinelibrary.wiley.com/doi/10.1002/biot.202000350	2026-09-14
REV2_ERR4184074	ERR4184074	PRJEB38542	SAMEA6870275	target	bulk_confirmed	Sample attributes: cell_type=CHO DUKX B11; Bulk sampling: see paper_methods_notes.json.	https://www.ebi.ac.uk/ena/browser/api/xml/SAMEA6870275;https://www.ebi.ac.uk/ena/browser/api/xml/ERX4147365;https://analyticalsciencejournals.onlinelibrary.wiley.com/doi/10.1002/biot.202000350	2026-09-14
REV2_ERR4184075	ERR4184075	PRJEB38542	SAMEA6870276	target	bulk_confirmed	Sample attributes: cell_type=CHO DUKX B11; Bulk sampling: see paper_methods_notes.json.	https://www.ebi.ac.uk/ena/browser/api/xml/SAMEA6870276;https://www.ebi.ac.uk/ena/browser/api/xml/ERX4147366;https://analyticalsciencejournals.onlinelibrary.wiley.com/doi/10.1002/biot.202000350	2026-09-14
REV2_ERR4184076	ERR4184076	PRJEB38542	SAMEA6870277	target	bulk_confirmed	Sample attributes: cell_type=CHO DUKX B11; Bulk sampling: see paper_methods_notes.json.	https://www.ebi.ac.uk/ena/browser/api/xml/SAMEA6870277;https://www.ebi.ac.uk/ena/browser/api/xml/ERX4147367;https://analyticalsciencejournals.onlinelibrary.wiley.com/doi/10.1002/biot.202000350	2026-09-14
REV2_ERR4184077	ERR4184077	PRJEB38542	SAMEA6870278	target	bulk_confirmed	Sample attributes: cell_type=CHO DUKX B11; Bulk sampling: see paper_methods_notes.json.	https://www.ebi.ac.uk/ena/browser/api/xml/SAMEA6870278;https://www.ebi.ac.uk/ena/browser/api/xml/ERX4147368;https://analyticalsciencejournals.onlinelibrary.wiley.com/doi/10.1002/biot.202000350	2026-09-14
REV2_ERR4184078	ERR4184078	PRJEB38542	SAMEA6870279	target	bulk_confirmed	Sample attributes: cell_type=CHO DUKX B11; Bulk sampling: see paper_methods_notes.json.	https://www.ebi.ac.uk/ena/browser/api/xml/SAMEA6870279;https://www.ebi.ac.uk/ena/browser/api/xml/ERX4147369;https://analyticalsciencejournals.onlinelibrary.wiley.com/doi/10.1002/biot.202000350	2026-09-14
REV2_ERR4184079	ERR4184079	PRJEB38542	SAMEA6870280	target	bulk_confirmed	Sample attributes: cell_type=CHO DUKX B11; Bulk sampling: see paper_methods_notes.json.	https://www.ebi.ac.uk/ena/browser/api/xml/SAMEA6870280;https://www.ebi.ac.uk/ena/browser/api/xml/ERX4147370;https://analyticalsciencejournals.onlinelibrary.wiley.com/doi/10.1002/biot.202000350	2026-09-14
REV2_ERR4184080	ERR4184080	PRJEB38542	SAMEA6870281	target	bulk_confirmed	Sample attributes: cell_type=CHO DUKX B11; Bulk sampling: see paper_methods_notes.json.	https://www.ebi.ac.uk/ena/browser/api/xml/SAMEA6870281;https://www.ebi.ac.uk/ena/browser/api/xml/ERX4147371;https://analyticalsciencejournals.onlinelibrary.wiley.com/doi/10.1002/biot.202000350	2026-09-14
REV2_ERR4184081	ERR4184081	PRJEB38542	SAMEA6870282	target	bulk_confirmed	Sample attributes: cell_type=CHO DUKX B11; Bulk sampling: see paper_methods_notes.json.	https://www.ebi.ac.uk/ena/browser/api/xml/SAMEA6870282;https://www.ebi.ac.uk/ena/browser/api/xml/ERX4147372;https://analyticalsciencejournals.onlinelibrary.wiley.com/doi/10.1002/biot.202000350	2026-09-14
REV2_ERR4184082	ERR4184082	PRJEB38542	SAMEA6870283	target	bulk_confirmed	Sample attributes: cell_type=CHO DUKX B11; Bulk sampling: see paper_methods_notes.json.	https://www.ebi.ac.uk/ena/browser/api/xml/SAMEA6870283;https://www.ebi.ac.uk/ena/browser/api/xml/ERX4147373;https://analyticalsciencejournals.onlinelibrary.wiley.com/doi/10.1002/biot.202000350	2026-09-14
REV2_ERR4184083	ERR4184083	PRJEB38542	SAMEA6870284	target	bulk_confirmed	Sample attributes: cell_type=CHO DUKX B11; Bulk sampling: see paper_methods_notes.json.	https://www.ebi.ac.uk/ena/browser/api/xml/SAMEA6870284;https://www.ebi.ac.uk/ena/browser/api/xml/ERX4147374;https://analyticalsciencejournals.onlinelibrary.wiley.com/doi/10.1002/biot.202000350	2026-09-14
REV2_SRR10493804	SRR10493804	PRJNA590486	SAMN13327513	target	bulk_confirmed	Sample attributes: source_name=CHO suspension culture; experiment protocol describes RNA extraction from cell cultures/pellets.	https://www.ebi.ac.uk/ena/browser/api/xml/SAMN13327513;https://www.ebi.ac.uk/ena/browser/api/xml/SRX7182892	2026-09-14
REV2_SRR10493805	SRR10493805	PRJNA590486	SAMN13327508	target	bulk_confirmed	Sample attributes: source_name=CHO suspension culture; experiment protocol describes RNA extraction from cell cultures/pellets.	https://www.ebi.ac.uk/ena/browser/api/xml/SAMN13327508;https://www.ebi.ac.uk/ena/browser/api/xml/SRX7182893	2026-09-14
REV2_SRR10493806	SRR10493806	PRJNA590486	SAMN13327506	target	bulk_confirmed	Sample attributes: source_name=CHO suspension culture; experiment protocol describes RNA extraction from cell cultures/pellets.	https://www.ebi.ac.uk/ena/browser/api/xml/SAMN13327506;https://www.ebi.ac.uk/ena/browser/api/xml/SRX7182894	2026-09-14
REV2_SRR10493807	SRR10493807	PRJNA590486	SAMN13327504	target	bulk_confirmed	Sample attributes: source_name=CHO suspension culture; experiment protocol describes RNA extraction from cell cultures/pellets.	https://www.ebi.ac.uk/ena/browser/api/xml/SAMN13327504;https://www.ebi.ac.uk/ena/browser/api/xml/SRX7182895	2026-09-14
REV2_SRR10493808	SRR10493808	PRJNA590486	SAMN13327503	target	bulk_confirmed	Sample attributes: source_name=CHO suspension culture; experiment protocol describes RNA extraction from cell cultures/pellets.	https://www.ebi.ac.uk/ena/browser/api/xml/SAMN13327503;https://www.ebi.ac.uk/ena/browser/api/xml/SRX7182896	2026-09-14
REV2_SRR10493809	SRR10493809	PRJNA590486	SAMN13327512	target	bulk_confirmed	Sample attributes: source_name=CHO suspension culture; experiment protocol describes RNA extraction from cell cultures/pellets.	https://www.ebi.ac.uk/ena/browser/api/xml/SAMN13327512;https://www.ebi.ac.uk/ena/browser/api/xml/SRX7182897	2026-09-14
REV2_SRR10493810	SRR10493810	PRJNA590486	SAMN13327510	target	bulk_confirmed	Sample attributes: source_name=CHO suspension culture; experiment protocol describes RNA extraction from cell cultures/pellets.	https://www.ebi.ac.uk/ena/browser/api/xml/SAMN13327510;https://www.ebi.ac.uk/ena/browser/api/xml/SRX7182898	2026-09-14
REV2_SRR10493811	SRR10493811	PRJNA590486	SAMN13327509	target	bulk_confirmed	Sample attributes: source_name=CHO suspension culture; experiment protocol describes RNA extraction from cell cultures/pellets.	https://www.ebi.ac.uk/ena/browser/api/xml/SAMN13327509;https://www.ebi.ac.uk/ena/browser/api/xml/SRX7182899	2026-09-14
REV2_SRR10493812	SRR10493812	PRJNA590486	SAMN13327501	target	bulk_confirmed	Sample attributes: source_name=CHO suspension culture; experiment protocol describes RNA extraction from cell cultures/pellets.	https://www.ebi.ac.uk/ena/browser/api/xml/SAMN13327501;https://www.ebi.ac.uk/ena/browser/api/xml/SRX7182900	2026-09-14
REV2_SRR10493813	SRR10493813	PRJNA590486	SAMN13327500	target	bulk_confirmed	Sample attributes: source_name=CHO suspension culture; experiment protocol describes RNA extraction from cell cultures/pellets.	https://www.ebi.ac.uk/ena/browser/api/xml/SAMN13327500;https://www.ebi.ac.uk/ena/browser/api/xml/SRX7182901	2026-09-14
REV2_SRR10493814	SRR10493814	PRJNA590486	SAMN13327498	target	bulk_confirmed	Sample attributes: source_name=CHO suspension culture; experiment protocol describes RNA extraction from cell cultures/pellets.	https://www.ebi.ac.uk/ena/browser/api/xml/SAMN13327498;https://www.ebi.ac.uk/ena/browser/api/xml/SRX7182902	2026-09-14
REV2_SRR10493816	SRR10493816	PRJNA590486	SAMN13327545	target	bulk_confirmed	Sample attributes: source_name=CHO suspension culture; experiment protocol describes RNA extraction from cell cultures/pellets.	https://www.ebi.ac.uk/ena/browser/api/xml/SAMN13327545;https://www.ebi.ac.uk/ena/browser/api/xml/SRX7182904	2026-09-14
REV2_SRR10493817	SRR10493817	PRJNA590486	SAMN13327544	target	bulk_confirmed	Sample attributes: source_name=CHO suspension culture; experiment protocol describes RNA extraction from cell cultures/pellets.	https://www.ebi.ac.uk/ena/browser/api/xml/SAMN13327544;https://www.ebi.ac.uk/ena/browser/api/xml/SRX7182905	2026-09-14
REV2_SRR10493818	SRR10493818	PRJNA590486	SAMN13327543	target	bulk_confirmed	Sample attributes: source_name=CHO suspension culture; experiment protocol describes RNA extraction from cell cultures/pellets.	https://www.ebi.ac.uk/ena/browser/api/xml/SAMN13327543;https://www.ebi.ac.uk/ena/browser/api/xml/SRX7182906	2026-09-14
REV2_SRR10493819	SRR10493819	PRJNA590486	SAMN13327542	target	bulk_confirmed	Sample attributes: source_name=CHO suspension culture; experiment protocol describes RNA extraction from cell cultures/pellets.	https://www.ebi.ac.uk/ena/browser/api/xml/SAMN13327542;https://www.ebi.ac.uk/ena/browser/api/xml/SRX7182907	2026-09-14
REV2_SRR10493846	SRR10493846	PRJNA590485	SAMN13327598	target	bulk_confirmed	Sample attributes: source_name=CHO suspension culture; experiment protocol describes RNA extraction from cell cultures/pellets.	https://www.ebi.ac.uk/ena/browser/api/xml/SAMN13327598;https://www.ebi.ac.uk/ena/browser/api/xml/SRX7182934	2026-09-14
REV2_SRR10493847	SRR10493847	PRJNA590485	SAMN13327597	target	bulk_confirmed	Sample attributes: source_name=CHO suspension culture; experiment protocol describes RNA extraction from cell cultures/pellets.	https://www.ebi.ac.uk/ena/browser/api/xml/SAMN13327597;https://www.ebi.ac.uk/ena/browser/api/xml/SRX7182935	2026-09-14
REV2_SRR10493848	SRR10493848	PRJNA590485	SAMN13327596	target	bulk_confirmed	Sample attributes: source_name=CHO suspension culture; experiment protocol describes RNA extraction from cell cultures/pellets.	https://www.ebi.ac.uk/ena/browser/api/xml/SAMN13327596;https://www.ebi.ac.uk/ena/browser/api/xml/SRX7182936	2026-09-14
REV2_SRR10493849	SRR10493849	PRJNA590485	SAMN13327595	target	bulk_confirmed	Sample attributes: source_name=CHO suspension culture; experiment protocol describes RNA extraction from cell cultures/pellets.	https://www.ebi.ac.uk/ena/browser/api/xml/SAMN13327595;https://www.ebi.ac.uk/ena/browser/api/xml/SRX7182937	2026-09-14
REV2_SRR10493850	SRR10493850	PRJNA590485	SAMN13327594	target	bulk_confirmed	Sample attributes: source_name=CHO suspension culture; experiment protocol describes RNA extraction from cell cultures/pellets.	https://www.ebi.ac.uk/ena/browser/api/xml/SAMN13327594;https://www.ebi.ac.uk/ena/browser/api/xml/SRX7182938	2026-09-14
REV2_SRR10493851	SRR10493851	PRJNA590485	SAMN13327593	target	bulk_confirmed	Sample attributes: source_name=CHO suspension culture; experiment protocol describes RNA extraction from cell cultures/pellets.	https://www.ebi.ac.uk/ena/browser/api/xml/SAMN13327593;https://www.ebi.ac.uk/ena/browser/api/xml/SRX7182939	2026-09-14
REV2_SRR10493852	SRR10493852	PRJNA590485	SAMN13327592	target	bulk_confirmed	Sample attributes: source_name=CHO suspension culture; experiment protocol describes RNA extraction from cell cultures/pellets.	https://www.ebi.ac.uk/ena/browser/api/xml/SAMN13327592;https://www.ebi.ac.uk/ena/browser/api/xml/SRX7182940	2026-09-14
REV2_SRR10493853	SRR10493853	PRJNA590485	SAMN13327591	target	bulk_confirmed	Sample attributes: source_name=CHO suspension culture; experiment protocol describes RNA extraction from cell cultures/pellets.	https://www.ebi.ac.uk/ena/browser/api/xml/SAMN13327591;https://www.ebi.ac.uk/ena/browser/api/xml/SRX7182941	2026-09-14
REV2_SRR10493854	SRR10493854	PRJNA590485	SAMN13327590	target	bulk_confirmed	Sample attributes: source_name=CHO suspension culture; experiment protocol describes RNA extraction from cell cultures/pellets.	https://www.ebi.ac.uk/ena/browser/api/xml/SAMN13327590;https://www.ebi.ac.uk/ena/browser/api/xml/SRX7182942	2026-09-14
REV2_SRR10493855	SRR10493855	PRJNA590485	SAMN13327589	target	bulk_confirmed	Sample attributes: source_name=CHO suspension culture; experiment protocol describes RNA extraction from cell cultures/pellets.	https://www.ebi.ac.uk/ena/browser/api/xml/SAMN13327589;https://www.ebi.ac.uk/ena/browser/api/xml/SRX7182943	2026-09-14
REV2_SRR10493856	SRR10493856	PRJNA590485	SAMN13327549	target	bulk_confirmed	Sample attributes: source_name=CHO suspension culture; experiment protocol describes RNA extraction from cell cultures/pellets.	https://www.ebi.ac.uk/ena/browser/api/xml/SAMN13327549;https://www.ebi.ac.uk/ena/browser/api/xml/SRX7182944	2026-09-14
REV2_SRR10493857	SRR10493857	PRJNA590485	SAMN13327588	target	bulk_confirmed	Sample attributes: source_name=CHO suspension culture; experiment protocol describes RNA extraction from cell cultures/pellets.	https://www.ebi.ac.uk/ena/browser/api/xml/SAMN13327588;https://www.ebi.ac.uk/ena/browser/api/xml/SRX7182945	2026-09-14
REV2_SRR10493858	SRR10493858	PRJNA590485	SAMN13327587	target	bulk_confirmed	Sample attributes: source_name=CHO suspension culture; experiment protocol describes RNA extraction from cell cultures/pellets.	https://www.ebi.ac.uk/ena/browser/api/xml/SAMN13327587;https://www.ebi.ac.uk/ena/browser/api/xml/SRX7182946	2026-09-14
REV2_SRR10493859	SRR10493859	PRJNA590485	SAMN13327586	target	bulk_confirmed	Sample attributes: source_name=CHO suspension culture; experiment protocol describes RNA extraction from cell cultures/pellets.	https://www.ebi.ac.uk/ena/browser/api/xml/SAMN13327586;https://www.ebi.ac.uk/ena/browser/api/xml/SRX7182947	2026-09-14
REV2_SRR10493860	SRR10493860	PRJNA590485	SAMN13327585	target	bulk_confirmed	Sample attributes: source_name=CHO suspension culture; experiment protocol describes RNA extraction from cell cultures/pellets.	https://www.ebi.ac.uk/ena/browser/api/xml/SAMN13327585;https://www.ebi.ac.uk/ena/browser/api/xml/SRX7182948	2026-09-14
REV2_SRR10493861	SRR10493861	PRJNA590485	SAMN13327584	target	bulk_confirmed	Sample attributes: source_name=CHO suspension culture; experiment protocol describes RNA extraction from cell cultures/pellets.	https://www.ebi.ac.uk/ena/browser/api/xml/SAMN13327584;https://www.ebi.ac.uk/ena/browser/api/xml/SRX7182949	2026-09-14
REV2_SRR10493862	SRR10493862	PRJNA590485	SAMN13327583	target	bulk_confirmed	Sample attributes: source_name=CHO suspension culture; experiment protocol describes RNA extraction from cell cultures/pellets.	https://www.ebi.ac.uk/ena/browser/api/xml/SAMN13327583;https://www.ebi.ac.uk/ena/browser/api/xml/SRX7182950	2026-09-14
REV2_SRR10493863	SRR10493863	PRJNA590485	SAMN13327582	target	bulk_confirmed	Sample attributes: source_name=CHO suspension culture; experiment protocol describes RNA extraction from cell cultures/pellets.	https://www.ebi.ac.uk/ena/browser/api/xml/SAMN13327582;https://www.ebi.ac.uk/ena/browser/api/xml/SRX7182951	2026-09-14
REV2_SRR10493864	SRR10493864	PRJNA590485	SAMN13327581	target	bulk_confirmed	Sample attributes: source_name=CHO suspension culture; experiment protocol describes RNA extraction from cell cultures/pellets.	https://www.ebi.ac.uk/ena/browser/api/xml/SAMN13327581;https://www.ebi.ac.uk/ena/browser/api/xml/SRX7182952	2026-09-14
REV2_SRR10493865	SRR10493865	PRJNA590485	SAMN13327579	target	bulk_confirmed	Sample attributes: source_name=CHO suspension culture; experiment protocol describes RNA extraction from cell cultures/pellets.	https://www.ebi.ac.uk/ena/browser/api/xml/SAMN13327579;https://www.ebi.ac.uk/ena/browser/api/xml/SRX7182953	2026-09-14
REV2_SRR10493866	SRR10493866	PRJNA590485	SAMN13327577	target	bulk_confirmed	Sample attributes: source_name=CHO suspension culture; experiment protocol describes RNA extraction from cell cultures/pellets.	https://www.ebi.ac.uk/ena/browser/api/xml/SAMN13327577;https://www.ebi.ac.uk/ena/browser/api/xml/SRX7182954	2026-09-14
REV2_SRR10493867	SRR10493867	PRJNA590485	SAMN13327575	target	bulk_confirmed	Sample attributes: source_name=CHO suspension culture; experiment protocol describes RNA extraction from cell cultures/pellets.	https://www.ebi.ac.uk/ena/browser/api/xml/SAMN13327575;https://www.ebi.ac.uk/ena/browser/api/xml/SRX7182955	2026-09-14
REV2_SRR10493868	SRR10493868	PRJNA590485	SAMN13327574	target	bulk_confirmed	Sample attributes: source_name=CHO suspension culture; experiment protocol describes RNA extraction from cell cultures/pellets.	https://www.ebi.ac.uk/ena/browser/api/xml/SAMN13327574;https://www.ebi.ac.uk/ena/browser/api/xml/SRX7182956	2026-09-14
REV2_SRR10493869	SRR10493869	PRJNA590485	SAMN13327572	target	bulk_confirmed	Sample attributes: source_name=CHO suspension culture; experiment protocol describes RNA extraction from cell cultures/pellets.	https://www.ebi.ac.uk/ena/browser/api/xml/SAMN13327572;https://www.ebi.ac.uk/ena/browser/api/xml/SRX7182957	2026-09-14
REV2_SRR10493870	SRR10493870	PRJNA590485	SAMN13327571	target	bulk_confirmed	Sample attributes: source_name=CHO suspension culture; experiment protocol describes RNA extraction from cell cultures/pellets.	https://www.ebi.ac.uk/ena/browser/api/xml/SAMN13327571;https://www.ebi.ac.uk/ena/browser/api/xml/SRX7182958	2026-09-14
REV2_SRR10493871	SRR10493871	PRJNA590485	SAMN13327568	target	bulk_confirmed	Sample attributes: source_name=CHO suspension culture; experiment protocol describes RNA extraction from cell cultures/pellets.	https://www.ebi.ac.uk/ena/browser/api/xml/SAMN13327568;https://www.ebi.ac.uk/ena/browser/api/xml/SRX7182959	2026-09-14
REV2_SRR10493872	SRR10493872	PRJNA590485	SAMN13327566	target	bulk_confirmed	Sample attributes: source_name=CHO suspension culture; experiment protocol describes RNA extraction from cell cultures/pellets.	https://www.ebi.ac.uk/ena/browser/api/xml/SAMN13327566;https://www.ebi.ac.uk/ena/browser/api/xml/SRX7182960	2026-09-14
REV2_SRR10493873	SRR10493873	PRJNA590485	SAMN13327565	target	bulk_confirmed	Sample attributes: source_name=CHO suspension culture; experiment protocol describes RNA extraction from cell cultures/pellets.	https://www.ebi.ac.uk/ena/browser/api/xml/SAMN13327565;https://www.ebi.ac.uk/ena/browser/api/xml/SRX7182961	2026-09-14
REV2_SRR10493874	SRR10493874	PRJNA590485	SAMN13327563	target	bulk_confirmed	Sample attributes: source_name=CHO suspension culture; experiment protocol describes RNA extraction from cell cultures/pellets.	https://www.ebi.ac.uk/ena/browser/api/xml/SAMN13327563;https://www.ebi.ac.uk/ena/browser/api/xml/SRX7182962	2026-09-14
REV2_SRR10493875	SRR10493875	PRJNA590485	SAMN13327561	target	bulk_confirmed	Sample attributes: source_name=CHO suspension culture; experiment protocol describes RNA extraction from cell cultures/pellets.	https://www.ebi.ac.uk/ena/browser/api/xml/SAMN13327561;https://www.ebi.ac.uk/ena/browser/api/xml/SRX7182963	2026-09-14
REV2_SRR10493876	SRR10493876	PRJNA590485	SAMN13327560	target	bulk_confirmed	Sample attributes: source_name=CHO suspension culture; experiment protocol describes RNA extraction from cell cultures/pellets.	https://www.ebi.ac.uk/ena/browser/api/xml/SAMN13327560;https://www.ebi.ac.uk/ena/browser/api/xml/SRX7182964	2026-09-14
REV2_SRR10493877	SRR10493877	PRJNA590485	SAMN13327558	target	bulk_confirmed	Sample attributes: source_name=CHO suspension culture; experiment protocol describes RNA extraction from cell cultures/pellets.	https://www.ebi.ac.uk/ena/browser/api/xml/SAMN13327558;https://www.ebi.ac.uk/ena/browser/api/xml/SRX7182965	2026-09-14
REV2_SRR10493878	SRR10493878	PRJNA590485	SAMN13327555	target	bulk_confirmed	Sample attributes: source_name=CHO suspension culture; experiment protocol describes RNA extraction from cell cultures/pellets.	https://www.ebi.ac.uk/ena/browser/api/xml/SAMN13327555;https://www.ebi.ac.uk/ena/browser/api/xml/SRX7182966	2026-09-14
REV2_SRR10493879	SRR10493879	PRJNA590485	SAMN13327553	target	bulk_confirmed	Sample attributes: source_name=CHO suspension culture; experiment protocol describes RNA extraction from cell cultures/pellets.	https://www.ebi.ac.uk/ena/browser/api/xml/SAMN13327553;https://www.ebi.ac.uk/ena/browser/api/xml/SRX7182967	2026-09-14
REV2_SRR10493880	SRR10493880	PRJNA590485	SAMN13327552	target	bulk_confirmed	Sample attributes: source_name=CHO suspension culture; experiment protocol describes RNA extraction from cell cultures/pellets.	https://www.ebi.ac.uk/ena/browser/api/xml/SAMN13327552;https://www.ebi.ac.uk/ena/browser/api/xml/SRX7182968	2026-09-14
REV2_SRR10493881	SRR10493881	PRJNA590485	SAMN13327551	target	bulk_confirmed	Sample attributes: source_name=CHO suspension culture; experiment protocol describes RNA extraction from cell cultures/pellets.	https://www.ebi.ac.uk/ena/browser/api/xml/SAMN13327551;https://www.ebi.ac.uk/ena/browser/api/xml/SRX7182969	2026-09-14
REV2_SRR14860925	SRR14860925	PRJNA739051	SAMN19770454	target	bulk_confirmed	Sample attributes: strain=CHO-K1 derivative; tissue=AstraZeneca proprietary CHO host, derivative of CHO-K1,; experiment protocol describes RNA extraction from cell cultures/pellets.	https://www.ebi.ac.uk/ena/browser/api/xml/SAMN19770454;https://www.ebi.ac.uk/ena/browser/api/xml/SRX11178688	2026-09-14
REV2_SRR14860926	SRR14860926	PRJNA739051	SAMN19770453	target	bulk_confirmed	Sample attributes: strain=CHO-K1 derivative; tissue=AstraZeneca proprietary CHO host, derivative of CHO-K1,; experiment protocol describes RNA extraction from cell cultures/pellets.	https://www.ebi.ac.uk/ena/browser/api/xml/SAMN19770453;https://www.ebi.ac.uk/ena/browser/api/xml/SRX11178687	2026-09-14
REV2_SRR14860927	SRR14860927	PRJNA739051	SAMN19770453	target	bulk_confirmed	Sample attributes: strain=CHO-K1 derivative; tissue=AstraZeneca proprietary CHO host, derivative of CHO-K1,; experiment protocol describes RNA extraction from cell cultures/pellets.	https://www.ebi.ac.uk/ena/browser/api/xml/SAMN19770453;https://www.ebi.ac.uk/ena/browser/api/xml/SRX11178686	2026-09-14
REV2_SRR14860928	SRR14860928	PRJNA739051	SAMN19770453	target	bulk_confirmed	Sample attributes: strain=CHO-K1 derivative; tissue=AstraZeneca proprietary CHO host, derivative of CHO-K1,; experiment protocol describes RNA extraction from cell cultures/pellets.	https://www.ebi.ac.uk/ena/browser/api/xml/SAMN19770453;https://www.ebi.ac.uk/ena/browser/api/xml/SRX11178685	2026-09-14
REV2_SRR14860929	SRR14860929	PRJNA739051	SAMN19770452	target	bulk_confirmed	Sample attributes: strain=CHO-K1 derivative; tissue=AstraZeneca proprietary CHO host, derivative of CHO-K1,; experiment protocol describes RNA extraction from cell cultures/pellets.	https://www.ebi.ac.uk/ena/browser/api/xml/SAMN19770452;https://www.ebi.ac.uk/ena/browser/api/xml/SRX11178684	2026-09-14
REV2_SRR14860930	SRR14860930	PRJNA739051	SAMN19770452	target	bulk_confirmed	Sample attributes: strain=CHO-K1 derivative; tissue=AstraZeneca proprietary CHO host, derivative of CHO-K1,; experiment protocol describes RNA extraction from cell cultures/pellets.	https://www.ebi.ac.uk/ena/browser/api/xml/SAMN19770452;https://www.ebi.ac.uk/ena/browser/api/xml/SRX11178683	2026-09-14
REV2_SRR14860931	SRR14860931	PRJNA739051	SAMN19770452	target	bulk_confirmed	Sample attributes: strain=CHO-K1 derivative; tissue=AstraZeneca proprietary CHO host, derivative of CHO-K1,; experiment protocol describes RNA extraction from cell cultures/pellets.	https://www.ebi.ac.uk/ena/browser/api/xml/SAMN19770452;https://www.ebi.ac.uk/ena/browser/api/xml/SRX11178682	2026-09-14
REV2_SRR14860932	SRR14860932	PRJNA739051	SAMN19770451	target	bulk_confirmed	Sample attributes: strain=CHO-K1 derivative; tissue=AstraZeneca proprietary CHO host, derivative of CHO-K1,; experiment protocol describes RNA extraction from cell cultures/pellets.	https://www.ebi.ac.uk/ena/browser/api/xml/SAMN19770451;https://www.ebi.ac.uk/ena/browser/api/xml/SRX11178681	2026-09-14
REV2_SRR14860933	SRR14860933	PRJNA739051	SAMN19770456	target	bulk_confirmed	Sample attributes: strain=CHO-K1 derivative; tissue=AstraZeneca proprietary CHO host, derivative of CHO-K1,; experiment protocol describes RNA extraction from cell cultures/pellets.	https://www.ebi.ac.uk/ena/browser/api/xml/SAMN19770456;https://www.ebi.ac.uk/ena/browser/api/xml/SRX11178680	2026-09-14
REV2_SRR14860934	SRR14860934	PRJNA739051	SAMN19770456	target	bulk_confirmed	Sample attributes: strain=CHO-K1 derivative; tissue=AstraZeneca proprietary CHO host, derivative of CHO-K1,; experiment protocol describes RNA extraction from cell cultures/pellets.	https://www.ebi.ac.uk/ena/browser/api/xml/SAMN19770456;https://www.ebi.ac.uk/ena/browser/api/xml/SRX11178679	2026-09-14
REV2_SRR14860935	SRR14860935	PRJNA739051	SAMN19770456	target	bulk_confirmed	Sample attributes: strain=CHO-K1 derivative; tissue=AstraZeneca proprietary CHO host, derivative of CHO-K1,; experiment protocol describes RNA extraction from cell cultures/pellets.	https://www.ebi.ac.uk/ena/browser/api/xml/SAMN19770456;https://www.ebi.ac.uk/ena/browser/api/xml/SRX11178678	2026-09-14
REV2_SRR14860936	SRR14860936	PRJNA739051	SAMN19770455	target	bulk_confirmed	Sample attributes: strain=CHO-K1 derivative; tissue=AstraZeneca proprietary CHO host, derivative of CHO-K1,; experiment protocol describes RNA extraction from cell cultures/pellets.	https://www.ebi.ac.uk/ena/browser/api/xml/SAMN19770455;https://www.ebi.ac.uk/ena/browser/api/xml/SRX11178677	2026-09-14
REV2_SRR14860937	SRR14860937	PRJNA739051	SAMN19770455	target	bulk_confirmed	Sample attributes: strain=CHO-K1 derivative; tissue=AstraZeneca proprietary CHO host, derivative of CHO-K1,; experiment protocol describes RNA extraction from cell cultures/pellets.	https://www.ebi.ac.uk/ena/browser/api/xml/SAMN19770455;https://www.ebi.ac.uk/ena/browser/api/xml/SRX11178676	2026-09-14
REV2_SRR14860938	SRR14860938	PRJNA739051	SAMN19770455	target	bulk_confirmed	Sample attributes: strain=CHO-K1 derivative; tissue=AstraZeneca proprietary CHO host, derivative of CHO-K1,; experiment protocol describes RNA extraction from cell cultures/pellets.	https://www.ebi.ac.uk/ena/browser/api/xml/SAMN19770455;https://www.ebi.ac.uk/ena/browser/api/xml/SRX11178675	2026-09-14
REV2_SRR14860939	SRR14860939	PRJNA739051	SAMN19770454	target	bulk_confirmed	Sample attributes: strain=CHO-K1 derivative; tissue=AstraZeneca proprietary CHO host, derivative of CHO-K1,; experiment protocol describes RNA extraction from cell cultures/pellets.	https://www.ebi.ac.uk/ena/browser/api/xml/SAMN19770454;https://www.ebi.ac.uk/ena/browser/api/xml/SRX11178674	2026-09-14
REV2_SRR14860940	SRR14860940	PRJNA739051	SAMN19770454	target	bulk_confirmed	Sample attributes: strain=CHO-K1 derivative; tissue=AstraZeneca proprietary CHO host, derivative of CHO-K1,; experiment protocol describes RNA extraction from cell cultures/pellets.	https://www.ebi.ac.uk/ena/browser/api/xml/SAMN19770454;https://www.ebi.ac.uk/ena/browser/api/xml/SRX11178673	2026-09-14
REV2_SRR14860941	SRR14860941	PRJNA739051	SAMN19770451	target	bulk_confirmed	Sample attributes: strain=CHO-K1 derivative; tissue=AstraZeneca proprietary CHO host, derivative of CHO-K1,; experiment protocol describes RNA extraction from cell cultures/pellets.	https://www.ebi.ac.uk/ena/browser/api/xml/SAMN19770451;https://www.ebi.ac.uk/ena/browser/api/xml/SRX11178672	2026-09-14
REV2_SRR14860942	SRR14860942	PRJNA739051	SAMN19770451	target	bulk_confirmed	Sample attributes: strain=CHO-K1 derivative; tissue=AstraZeneca proprietary CHO host, derivative of CHO-K1,; experiment protocol describes RNA extraction from cell cultures/pellets.	https://www.ebi.ac.uk/ena/browser/api/xml/SAMN19770451;https://www.ebi.ac.uk/ena/browser/api/xml/SRX11178671	2026-09-14
REV2_SRR16980320	SRR16980320	PRJNA766998	SAMN23296634	target	bulk_confirmed	Sample attributes: strain=CHOZEN; experiment protocol describes RNA extraction from cell cultures/pellets.	https://www.ebi.ac.uk/ena/browser/api/xml/SAMN23296634;https://www.ebi.ac.uk/ena/browser/api/xml/SRX13171165	2026-09-14
REV2_SRR16980321	SRR16980321	PRJNA766998	SAMN23296634	target	bulk_confirmed	Sample attributes: strain=CHOZEN; experiment protocol describes RNA extraction from cell cultures/pellets.	https://www.ebi.ac.uk/ena/browser/api/xml/SAMN23296634;https://www.ebi.ac.uk/ena/browser/api/xml/SRX13171164	2026-09-14
REV2_SRR16980322	SRR16980322	PRJNA766998	SAMN23296634	target	bulk_confirmed	Sample attributes: strain=CHOZEN; experiment protocol describes RNA extraction from cell cultures/pellets.	https://www.ebi.ac.uk/ena/browser/api/xml/SAMN23296634;https://www.ebi.ac.uk/ena/browser/api/xml/SRX13171163	2026-09-14
REV2_SRR16980323	SRR16980323	PRJNA766998	SAMN23296634	target	bulk_confirmed	Sample attributes: strain=CHOZEN; experiment protocol describes RNA extraction from cell cultures/pellets.	https://www.ebi.ac.uk/ena/browser/api/xml/SAMN23296634;https://www.ebi.ac.uk/ena/browser/api/xml/SRX13171162	2026-09-14
REV2_SRR16980324	SRR16980324	PRJNA766998	SAMN23296634	target	bulk_confirmed	Sample attributes: strain=CHOZEN; experiment protocol describes RNA extraction from cell cultures/pellets.	https://www.ebi.ac.uk/ena/browser/api/xml/SAMN23296634;https://www.ebi.ac.uk/ena/browser/api/xml/SRX13171161	2026-09-14
REV2_SRR16980325	SRR16980325	PRJNA766998	SAMN23296634	target	bulk_confirmed	Sample attributes: strain=CHOZEN; experiment protocol describes RNA extraction from cell cultures/pellets.	https://www.ebi.ac.uk/ena/browser/api/xml/SAMN23296634;https://www.ebi.ac.uk/ena/browser/api/xml/SRX13171160	2026-09-14
REV2_SRR16980326	SRR16980326	PRJNA766998	SAMN23296634	target	bulk_confirmed	Sample attributes: strain=CHOZEN; experiment protocol describes RNA extraction from cell cultures/pellets.	https://www.ebi.ac.uk/ena/browser/api/xml/SAMN23296634;https://www.ebi.ac.uk/ena/browser/api/xml/SRX13171159	2026-09-14
REV2_SRR16980327	SRR16980327	PRJNA766998	SAMN23296634	target	bulk_confirmed	Sample attributes: strain=CHOZEN; experiment protocol describes RNA extraction from cell cultures/pellets.	https://www.ebi.ac.uk/ena/browser/api/xml/SAMN23296634;https://www.ebi.ac.uk/ena/browser/api/xml/SRX13171158	2026-09-14
REV2_SRR16980328	SRR16980328	PRJNA766998	SAMN23296634	target	bulk_confirmed	Sample attributes: strain=CHOZEN; experiment protocol describes RNA extraction from cell cultures/pellets.	https://www.ebi.ac.uk/ena/browser/api/xml/SAMN23296634;https://www.ebi.ac.uk/ena/browser/api/xml/SRX13171157	2026-09-14
REV2_SRR16980329	SRR16980329	PRJNA766998	SAMN23296634	target	bulk_confirmed	Sample attributes: strain=CHOZEN; experiment protocol describes RNA extraction from cell cultures/pellets.	https://www.ebi.ac.uk/ena/browser/api/xml/SAMN23296634;https://www.ebi.ac.uk/ena/browser/api/xml/SRX13171156	2026-09-14
REV2_SRR16980330	SRR16980330	PRJNA766998	SAMN23296634	target	bulk_confirmed	Sample attributes: strain=CHOZEN; experiment protocol describes RNA extraction from cell cultures/pellets.	https://www.ebi.ac.uk/ena/browser/api/xml/SAMN23296634;https://www.ebi.ac.uk/ena/browser/api/xml/SRX13171155	2026-09-14
REV2_SRR16980331	SRR16980331	PRJNA766998	SAMN23296634	target	bulk_confirmed	Sample attributes: strain=CHOZEN; experiment protocol describes RNA extraction from cell cultures/pellets.	https://www.ebi.ac.uk/ena/browser/api/xml/SAMN23296634;https://www.ebi.ac.uk/ena/browser/api/xml/SRX13171154	2026-09-14
REV2_SRR16980332	SRR16980332	PRJNA766998	SAMN23296634	target	bulk_confirmed	Sample attributes: strain=CHOZEN; experiment protocol describes RNA extraction from cell cultures/pellets.	https://www.ebi.ac.uk/ena/browser/api/xml/SAMN23296634;https://www.ebi.ac.uk/ena/browser/api/xml/SRX13171153	2026-09-14
REV2_SRR16980333	SRR16980333	PRJNA766998	SAMN23296634	target	bulk_confirmed	Sample attributes: strain=CHOZEN; experiment protocol describes RNA extraction from cell cultures/pellets.	https://www.ebi.ac.uk/ena/browser/api/xml/SAMN23296634;https://www.ebi.ac.uk/ena/browser/api/xml/SRX13171152	2026-09-14
REV2_SRR16980334	SRR16980334	PRJNA766998	SAMN23296634	target	bulk_confirmed	Sample attributes: strain=CHOZEN; experiment protocol describes RNA extraction from cell cultures/pellets.	https://www.ebi.ac.uk/ena/browser/api/xml/SAMN23296634;https://www.ebi.ac.uk/ena/browser/api/xml/SRX13171151	2026-09-14
REV2_SRR16980335	SRR16980335	PRJNA766998	SAMN23296634	target	bulk_confirmed	Sample attributes: strain=CHOZEN; experiment protocol describes RNA extraction from cell cultures/pellets.	https://www.ebi.ac.uk/ena/browser/api/xml/SAMN23296634;https://www.ebi.ac.uk/ena/browser/api/xml/SRX13171150	2026-09-14
REV2_SRR16980336	SRR16980336	PRJNA766998	SAMN23296634	target	bulk_confirmed	Sample attributes: strain=CHOZEN; experiment protocol describes RNA extraction from cell cultures/pellets.	https://www.ebi.ac.uk/ena/browser/api/xml/SAMN23296634;https://www.ebi.ac.uk/ena/browser/api/xml/SRX13171149	2026-09-14
REV2_SRR16980337	SRR16980337	PRJNA766998	SAMN23296634	target	bulk_confirmed	Sample attributes: strain=CHOZEN; experiment protocol describes RNA extraction from cell cultures/pellets.	https://www.ebi.ac.uk/ena/browser/api/xml/SAMN23296634;https://www.ebi.ac.uk/ena/browser/api/xml/SRX13171148	2026-09-14
REV2_SRR16980338	SRR16980338	PRJNA766998	SAMN23296634	target	bulk_confirmed	Sample attributes: strain=CHOZEN; experiment protocol describes RNA extraction from cell cultures/pellets.	https://www.ebi.ac.uk/ena/browser/api/xml/SAMN23296634;https://www.ebi.ac.uk/ena/browser/api/xml/SRX13171147	2026-09-14
REV2_SRR16980339	SRR16980339	PRJNA766998	SAMN23296634	target	bulk_confirmed	Sample attributes: strain=CHOZEN; experiment protocol describes RNA extraction from cell cultures/pellets.	https://www.ebi.ac.uk/ena/browser/api/xml/SAMN23296634;https://www.ebi.ac.uk/ena/browser/api/xml/SRX13171146	2026-09-14
REV2_SRR16980340	SRR16980340	PRJNA766998	SAMN23296634	target	bulk_confirmed	Sample attributes: strain=CHOZEN; experiment protocol describes RNA extraction from cell cultures/pellets.	https://www.ebi.ac.uk/ena/browser/api/xml/SAMN23296634;https://www.ebi.ac.uk/ena/browser/api/xml/SRX13171145	2026-09-14
REV2_SRR16980341	SRR16980341	PRJNA766998	SAMN23296634	target	bulk_confirmed	Sample attributes: strain=CHOZEN; experiment protocol describes RNA extraction from cell cultures/pellets.	https://www.ebi.ac.uk/ena/browser/api/xml/SAMN23296634;https://www.ebi.ac.uk/ena/browser/api/xml/SRX13171144	2026-09-14
REV2_SRR16980342	SRR16980342	PRJNA766998	SAMN23296634	target	bulk_confirmed	Sample attributes: strain=CHOZEN; experiment protocol describes RNA extraction from cell cultures/pellets.	https://www.ebi.ac.uk/ena/browser/api/xml/SAMN23296634;https://www.ebi.ac.uk/ena/browser/api/xml/SRX13171143	2026-09-14
REV2_SRR16980343	SRR16980343	PRJNA766998	SAMN23296634	target	bulk_confirmed	Sample attributes: strain=CHOZEN; experiment protocol describes RNA extraction from cell cultures/pellets.	https://www.ebi.ac.uk/ena/browser/api/xml/SAMN23296634;https://www.ebi.ac.uk/ena/browser/api/xml/SRX13171142	2026-09-14
REV2_SRR16980344	SRR16980344	PRJNA766998	SAMN23296634	target	bulk_confirmed	Sample attributes: strain=CHOZEN; experiment protocol describes RNA extraction from cell cultures/pellets.	https://www.ebi.ac.uk/ena/browser/api/xml/SAMN23296634;https://www.ebi.ac.uk/ena/browser/api/xml/SRX13171141	2026-09-14
REV2_SRR16980345	SRR16980345	PRJNA766998	SAMN23296634	target	bulk_confirmed	Sample attributes: strain=CHOZEN; experiment protocol describes RNA extraction from cell cultures/pellets.	https://www.ebi.ac.uk/ena/browser/api/xml/SAMN23296634;https://www.ebi.ac.uk/ena/browser/api/xml/SRX13171140	2026-09-14
REV2_SRR16980346	SRR16980346	PRJNA766998	SAMN23296634	target	bulk_confirmed	Sample attributes: strain=CHOZEN; experiment protocol describes RNA extraction from cell cultures/pellets.	https://www.ebi.ac.uk/ena/browser/api/xml/SAMN23296634;https://www.ebi.ac.uk/ena/browser/api/xml/SRX13171139	2026-09-14
REV2_SRR16980347	SRR16980347	PRJNA766998	SAMN23296634	target	bulk_confirmed	Sample attributes: strain=CHOZEN; experiment protocol describes RNA extraction from cell cultures/pellets.	https://www.ebi.ac.uk/ena/browser/api/xml/SAMN23296634;https://www.ebi.ac.uk/ena/browser/api/xml/SRX13171138	2026-09-14
REV2_SRR16980348	SRR16980348	PRJNA766998	SAMN23296634	target	bulk_confirmed	Sample attributes: strain=CHOZEN; experiment protocol describes RNA extraction from cell cultures/pellets.	https://www.ebi.ac.uk/ena/browser/api/xml/SAMN23296634;https://www.ebi.ac.uk/ena/browser/api/xml/SRX13171137	2026-09-14
REV2_SRR16980349	SRR16980349	PRJNA766998	SAMN23296634	target	bulk_confirmed	Sample attributes: strain=CHOZEN; experiment protocol describes RNA extraction from cell cultures/pellets.	https://www.ebi.ac.uk/ena/browser/api/xml/SAMN23296634;https://www.ebi.ac.uk/ena/browser/api/xml/SRX13171136	2026-09-14
REV2_SRR16980350	SRR16980350	PRJNA766998	SAMN23296634	target	bulk_confirmed	Sample attributes: strain=CHOZEN; experiment protocol describes RNA extraction from cell cultures/pellets.	https://www.ebi.ac.uk/ena/browser/api/xml/SAMN23296634;https://www.ebi.ac.uk/ena/browser/api/xml/SRX13171135	2026-09-14
REV2_SRR16980351	SRR16980351	PRJNA766998	SAMN23296634	target	bulk_confirmed	Sample attributes: strain=CHOZEN; experiment protocol describes RNA extraction from cell cultures/pellets.	https://www.ebi.ac.uk/ena/browser/api/xml/SAMN23296634;https://www.ebi.ac.uk/ena/browser/api/xml/SRX13171134	2026-09-14
REV2_SRR16980352	SRR16980352	PRJNA766998	SAMN23296634	target	bulk_confirmed	Sample attributes: strain=CHOZEN; experiment protocol describes RNA extraction from cell cultures/pellets.	https://www.ebi.ac.uk/ena/browser/api/xml/SAMN23296634;https://www.ebi.ac.uk/ena/browser/api/xml/SRX13171133	2026-09-14
REV2_SRR16980353	SRR16980353	PRJNA766998	SAMN23296634	target	bulk_confirmed	Sample attributes: strain=CHOZEN; experiment protocol describes RNA extraction from cell cultures/pellets.	https://www.ebi.ac.uk/ena/browser/api/xml/SAMN23296634;https://www.ebi.ac.uk/ena/browser/api/xml/SRX13171132	2026-09-14
REV2_SRR16980354	SRR16980354	PRJNA766998	SAMN23296634	target	bulk_confirmed	Sample attributes: strain=CHOZEN; experiment protocol describes RNA extraction from cell cultures/pellets.	https://www.ebi.ac.uk/ena/browser/api/xml/SAMN23296634;https://www.ebi.ac.uk/ena/browser/api/xml/SRX13171131	2026-09-14
REV2_SRR16980355	SRR16980355	PRJNA766998	SAMN23296634	target	bulk_confirmed	Sample attributes: strain=CHOZEN; experiment protocol describes RNA extraction from cell cultures/pellets.	https://www.ebi.ac.uk/ena/browser/api/xml/SAMN23296634;https://www.ebi.ac.uk/ena/browser/api/xml/SRX13171130	2026-09-14
REV2_SRR16980356	SRR16980356	PRJNA766998	SAMN23296634	target	bulk_confirmed	Sample attributes: strain=CHOZEN; experiment protocol describes RNA extraction from cell cultures/pellets.	https://www.ebi.ac.uk/ena/browser/api/xml/SAMN23296634;https://www.ebi.ac.uk/ena/browser/api/xml/SRX13171129	2026-09-14
REV2_SRR16980357	SRR16980357	PRJNA766998	SAMN23296634	target	bulk_confirmed	Sample attributes: strain=CHOZEN; experiment protocol describes RNA extraction from cell cultures/pellets.	https://www.ebi.ac.uk/ena/browser/api/xml/SAMN23296634;https://www.ebi.ac.uk/ena/browser/api/xml/SRX13171128	2026-09-14
REV2_SRR16980358	SRR16980358	PRJNA766998	SAMN23296634	target	bulk_confirmed	Sample attributes: strain=CHOZEN; experiment protocol describes RNA extraction from cell cultures/pellets.	https://www.ebi.ac.uk/ena/browser/api/xml/SAMN23296634;https://www.ebi.ac.uk/ena/browser/api/xml/SRX13171127	2026-09-14
REV2_SRR16980359	SRR16980359	PRJNA766998	SAMN23296634	target	bulk_confirmed	Sample attributes: strain=CHOZEN; experiment protocol describes RNA extraction from cell cultures/pellets.	https://www.ebi.ac.uk/ena/browser/api/xml/SAMN23296634;https://www.ebi.ac.uk/ena/browser/api/xml/SRX13171126	2026-09-14
REV2_SRR16980360	SRR16980360	PRJNA766998	SAMN23296634	target	bulk_confirmed	Sample attributes: strain=CHOZEN; experiment protocol describes RNA extraction from cell cultures/pellets.	https://www.ebi.ac.uk/ena/browser/api/xml/SAMN23296634;https://www.ebi.ac.uk/ena/browser/api/xml/SRX13171125	2026-09-14
REV2_SRR16980361	SRR16980361	PRJNA766998	SAMN23296634	target	bulk_confirmed	Sample attributes: strain=CHOZEN; experiment protocol describes RNA extraction from cell cultures/pellets.	https://www.ebi.ac.uk/ena/browser/api/xml/SAMN23296634;https://www.ebi.ac.uk/ena/browser/api/xml/SRX13171124	2026-09-14
REV2_SRR16980362	SRR16980362	PRJNA766998	SAMN23296634	target	bulk_confirmed	Sample attributes: strain=CHOZEN; experiment protocol describes RNA extraction from cell cultures/pellets.	https://www.ebi.ac.uk/ena/browser/api/xml/SAMN23296634;https://www.ebi.ac.uk/ena/browser/api/xml/SRX13171123	2026-09-14
REV2_SRR16980363	SRR16980363	PRJNA766998	SAMN23296634	target	bulk_confirmed	Sample attributes: strain=CHOZEN; experiment protocol describes RNA extraction from cell cultures/pellets.	https://www.ebi.ac.uk/ena/browser/api/xml/SAMN23296634;https://www.ebi.ac.uk/ena/browser/api/xml/SRX13171122	2026-09-14
REV2_SRR16980364	SRR16980364	PRJNA766998	SAMN23296634	target	bulk_confirmed	Sample attributes: strain=CHOZEN; experiment protocol describes RNA extraction from cell cultures/pellets.	https://www.ebi.ac.uk/ena/browser/api/xml/SAMN23296634;https://www.ebi.ac.uk/ena/browser/api/xml/SRX13171121	2026-09-14
REV2_SRR16980365	SRR16980365	PRJNA766998	SAMN23296634	target	bulk_confirmed	Sample attributes: strain=CHOZEN; experiment protocol describes RNA extraction from cell cultures/pellets.	https://www.ebi.ac.uk/ena/browser/api/xml/SAMN23296634;https://www.ebi.ac.uk/ena/browser/api/xml/SRX13171120	2026-09-14
REV2_SRR16980366	SRR16980366	PRJNA766998	SAMN23296634	target	bulk_confirmed	Sample attributes: strain=CHOZEN; experiment protocol describes RNA extraction from cell cultures/pellets.	https://www.ebi.ac.uk/ena/browser/api/xml/SAMN23296634;https://www.ebi.ac.uk/ena/browser/api/xml/SRX13171119	2026-09-14
REV2_SRR16980367	SRR16980367	PRJNA766998	SAMN23296634	target	bulk_confirmed	Sample attributes: strain=CHOZEN; experiment protocol describes RNA extraction from cell cultures/pellets.	https://www.ebi.ac.uk/ena/browser/api/xml/SAMN23296634;https://www.ebi.ac.uk/ena/browser/api/xml/SRX13171118	2026-09-14
REV2_SRR16980368	SRR16980368	PRJNA766998	SAMN23296634	target	bulk_confirmed	Sample attributes: strain=CHOZEN; experiment protocol describes RNA extraction from cell cultures/pellets.	https://www.ebi.ac.uk/ena/browser/api/xml/SAMN23296634;https://www.ebi.ac.uk/ena/browser/api/xml/SRX13171117	2026-09-14
REV2_SRR16980369	SRR16980369	PRJNA766998	SAMN23296634	target	bulk_confirmed	Sample attributes: strain=CHOZEN; experiment protocol describes RNA extraction from cell cultures/pellets.	https://www.ebi.ac.uk/ena/browser/api/xml/SAMN23296634;https://www.ebi.ac.uk/ena/browser/api/xml/SRX13171116	2026-09-14
REV2_SRR16980370	SRR16980370	PRJNA766998	SAMN23296634	target	bulk_confirmed	Sample attributes: strain=CHOZEN; experiment protocol describes RNA extraction from cell cultures/pellets.	https://www.ebi.ac.uk/ena/browser/api/xml/SAMN23296634;https://www.ebi.ac.uk/ena/browser/api/xml/SRX13171115	2026-09-14
REV2_SRR16980371	SRR16980371	PRJNA766998	SAMN23296634	target	bulk_confirmed	Sample attributes: strain=CHOZEN; experiment protocol describes RNA extraction from cell cultures/pellets.	https://www.ebi.ac.uk/ena/browser/api/xml/SAMN23296634;https://www.ebi.ac.uk/ena/browser/api/xml/SRX13171114	2026-09-14
REV2_SRR16980372	SRR16980372	PRJNA766998	SAMN23296634	target	bulk_confirmed	Sample attributes: strain=CHOZEN; experiment protocol describes RNA extraction from cell cultures/pellets.	https://www.ebi.ac.uk/ena/browser/api/xml/SAMN23296634;https://www.ebi.ac.uk/ena/browser/api/xml/SRX13171113	2026-09-14
REV2_SRR16980373	SRR16980373	PRJNA766998	SAMN23296634	target	bulk_confirmed	Sample attributes: strain=CHOZEN; experiment protocol describes RNA extraction from cell cultures/pellets.	https://www.ebi.ac.uk/ena/browser/api/xml/SAMN23296634;https://www.ebi.ac.uk/ena/browser/api/xml/SRX13171112	2026-09-14
REV2_SRR16980374	SRR16980374	PRJNA766998	SAMN23296634	target	bulk_confirmed	Sample attributes: strain=CHOZEN; experiment protocol describes RNA extraction from cell cultures/pellets.	https://www.ebi.ac.uk/ena/browser/api/xml/SAMN23296634;https://www.ebi.ac.uk/ena/browser/api/xml/SRX13171111	2026-09-14
REV2_SRR16980375	SRR16980375	PRJNA766998	SAMN23296634	target	bulk_confirmed	Sample attributes: strain=CHOZEN; experiment protocol describes RNA extraction from cell cultures/pellets.	https://www.ebi.ac.uk/ena/browser/api/xml/SAMN23296634;https://www.ebi.ac.uk/ena/browser/api/xml/SRX13171110	2026-09-14
REV2_SRR16980376	SRR16980376	PRJNA766998	SAMN23296634	target	bulk_confirmed	Sample attributes: strain=CHOZEN; experiment protocol describes RNA extraction from cell cultures/pellets.	https://www.ebi.ac.uk/ena/browser/api/xml/SAMN23296634;https://www.ebi.ac.uk/ena/browser/api/xml/SRX13171109	2026-09-14
REV2_SRR28413170	SRR28413170	PRJNA1090557	SAMN40570597	target	bulk_confirmed	Paper-linked CHO-S transcriptome; see paper_methods_notes.json, sections 2.2, 2.9 and Data Availability.	https://www.ebi.ac.uk/ena/browser/api/xml/SAMN40570597;https://www.ebi.ac.uk/ena/browser/api/xml/SRX24017562;https://www.ebi.ac.uk/ena/browser/api/xml/PRJNA1090557;https://doi.org/10.1002/biot.202400078	2026-09-14
REV2_SRR28413171	SRR28413171	PRJNA1090557	SAMN40570596	target	bulk_confirmed	Paper-linked CHO-S transcriptome; see paper_methods_notes.json, sections 2.2, 2.9 and Data Availability.	https://www.ebi.ac.uk/ena/browser/api/xml/SAMN40570596;https://www.ebi.ac.uk/ena/browser/api/xml/SRX24017561;https://www.ebi.ac.uk/ena/browser/api/xml/PRJNA1090557;https://doi.org/10.1002/biot.202400078	2026-09-14
REV2_SRR2968325	SRR2968325	PRJNA304606	SAMN04305212	target	bulk_confirmed	Sample attributes: strain=CHOpgsA745; experiment protocol describes RNA extraction from cell cultures/pellets.	https://www.ebi.ac.uk/ena/browser/api/xml/SAMN04305212;https://www.ebi.ac.uk/ena/browser/api/xml/SRX1457797	2026-09-14
REV2_SRR2968326	SRR2968326	PRJNA304606	SAMN04305213	target	bulk_confirmed	Sample attributes: strain=CHOpgsA745; experiment protocol describes RNA extraction from cell cultures/pellets.	https://www.ebi.ac.uk/ena/browser/api/xml/SAMN04305213;https://www.ebi.ac.uk/ena/browser/api/xml/SRX1457798	2026-09-14
REV2_SRR2968327	SRR2968327	PRJNA304606	SAMN04305214	target	bulk_confirmed	Sample attributes: strain=CHOpgsA745-XylT1; experiment protocol describes RNA extraction from cell cultures/pellets.	https://www.ebi.ac.uk/ena/browser/api/xml/SAMN04305214;https://www.ebi.ac.uk/ena/browser/api/xml/SRX1457799	2026-09-14
REV2_SRR2968328	SRR2968328	PRJNA304606	SAMN04305215	target	bulk_confirmed	Sample attributes: strain=CHOpgsA745-XylT1; experiment protocol describes RNA extraction from cell cultures/pellets.	https://www.ebi.ac.uk/ena/browser/api/xml/SAMN04305215;https://www.ebi.ac.uk/ena/browser/api/xml/SRX1457800	2026-09-14
REV2_SRR3284443	SRR3284443	PRJNA316065	SAMN04574676	target	bulk_confirmed	Sample attributes: source_name=Chinese hamster ovary cells; individual experiment labelled RNAseq; population RNA extraction in protocol.	https://www.ebi.ac.uk/ena/browser/api/xml/SAMN04574676;https://www.ebi.ac.uk/ena/browser/api/xml/SRX1655601;https://www.ebi.ac.uk/ena/browser/api/xml/PRJNA316065	2026-09-14
REV2_SRR3284444	SRR3284444	PRJNA316065	SAMN04574676	target	bulk_confirmed	Sample attributes: source_name=Chinese hamster ovary cells; individual experiment labelled RNAseq; population RNA extraction in protocol.	https://www.ebi.ac.uk/ena/browser/api/xml/SAMN04574676;https://www.ebi.ac.uk/ena/browser/api/xml/SRX1655601;https://www.ebi.ac.uk/ena/browser/api/xml/PRJNA316065	2026-09-14
REV2_SRR3284445	SRR3284445	PRJNA316065	SAMN04574677	target	bulk_confirmed	Sample attributes: source_name=Chinese hamster ovary cells; individual experiment labelled RNAseq; population RNA extraction in protocol.	https://www.ebi.ac.uk/ena/browser/api/xml/SAMN04574677;https://www.ebi.ac.uk/ena/browser/api/xml/SRX1655602;https://www.ebi.ac.uk/ena/browser/api/xml/PRJNA316065	2026-09-14
REV2_SRR3284446	SRR3284446	PRJNA316065	SAMN04574677	target	bulk_confirmed	Sample attributes: source_name=Chinese hamster ovary cells; individual experiment labelled RNAseq; population RNA extraction in protocol.	https://www.ebi.ac.uk/ena/browser/api/xml/SAMN04574677;https://www.ebi.ac.uk/ena/browser/api/xml/SRX1655602;https://www.ebi.ac.uk/ena/browser/api/xml/PRJNA316065	2026-09-14
REV2_SRR3284447	SRR3284447	PRJNA316065	SAMN04574678	target	bulk_confirmed	Sample attributes: source_name=Chinese hamster ovary cells; individual experiment labelled RNAseq; population RNA extraction in protocol.	https://www.ebi.ac.uk/ena/browser/api/xml/SAMN04574678;https://www.ebi.ac.uk/ena/browser/api/xml/SRX1655603;https://www.ebi.ac.uk/ena/browser/api/xml/PRJNA316065	2026-09-14
REV2_SRR3284448	SRR3284448	PRJNA316065	SAMN04574678	target	bulk_confirmed	Sample attributes: source_name=Chinese hamster ovary cells; individual experiment labelled RNAseq; population RNA extraction in protocol.	https://www.ebi.ac.uk/ena/browser/api/xml/SAMN04574678;https://www.ebi.ac.uk/ena/browser/api/xml/SRX1655603;https://www.ebi.ac.uk/ena/browser/api/xml/PRJNA316065	2026-09-14
REV2_SRR3284449	SRR3284449	PRJNA316065	SAMN04574679	target	other_assay	Sample attributes: source_name=Chinese hamster ovary cells; individual experiment labelled RiboSeq in a mixed ribosome-profiling/RNA-seq project.	https://www.ebi.ac.uk/ena/browser/api/xml/SAMN04574679;https://www.ebi.ac.uk/ena/browser/api/xml/SRX1655604;https://www.ebi.ac.uk/ena/browser/api/xml/PRJNA316065	2026-09-14
REV2_SRR3284450	SRR3284450	PRJNA316065	SAMN04574679	target	other_assay	Sample attributes: source_name=Chinese hamster ovary cells; individual experiment labelled RiboSeq in a mixed ribosome-profiling/RNA-seq project.	https://www.ebi.ac.uk/ena/browser/api/xml/SAMN04574679;https://www.ebi.ac.uk/ena/browser/api/xml/SRX1655604;https://www.ebi.ac.uk/ena/browser/api/xml/PRJNA316065	2026-09-14
REV2_SRR3284451	SRR3284451	PRJNA316065	SAMN04574680	target	other_assay	Sample attributes: source_name=Chinese hamster ovary cells; individual experiment labelled RiboSeq in a mixed ribosome-profiling/RNA-seq project.	https://www.ebi.ac.uk/ena/browser/api/xml/SAMN04574680;https://www.ebi.ac.uk/ena/browser/api/xml/SRX1655605;https://www.ebi.ac.uk/ena/browser/api/xml/PRJNA316065	2026-09-14
REV2_SRR3284452	SRR3284452	PRJNA316065	SAMN04574680	target	other_assay	Sample attributes: source_name=Chinese hamster ovary cells; individual experiment labelled RiboSeq in a mixed ribosome-profiling/RNA-seq project.	https://www.ebi.ac.uk/ena/browser/api/xml/SAMN04574680;https://www.ebi.ac.uk/ena/browser/api/xml/SRX1655605;https://www.ebi.ac.uk/ena/browser/api/xml/PRJNA316065	2026-09-14
REV2_SRR3284453	SRR3284453	PRJNA316065	SAMN04574681	target	other_assay	Sample attributes: source_name=Chinese hamster ovary cells; individual experiment labelled RiboSeq in a mixed ribosome-profiling/RNA-seq project.	https://www.ebi.ac.uk/ena/browser/api/xml/SAMN04574681;https://www.ebi.ac.uk/ena/browser/api/xml/SRX1655606;https://www.ebi.ac.uk/ena/browser/api/xml/PRJNA316065	2026-09-14
REV2_SRR3284454	SRR3284454	PRJNA316065	SAMN04574681	target	other_assay	Sample attributes: source_name=Chinese hamster ovary cells; individual experiment labelled RiboSeq in a mixed ribosome-profiling/RNA-seq project.	https://www.ebi.ac.uk/ena/browser/api/xml/SAMN04574681;https://www.ebi.ac.uk/ena/browser/api/xml/SRX1655606;https://www.ebi.ac.uk/ena/browser/api/xml/PRJNA316065	2026-09-14
REV2_SRR3284455	SRR3284455	PRJNA316065	SAMN04574682	target	bulk_confirmed	Sample attributes: source_name=Chinese hamster ovary cells; individual experiment labelled RNAseq; population RNA extraction in protocol.	https://www.ebi.ac.uk/ena/browser/api/xml/SAMN04574682;https://www.ebi.ac.uk/ena/browser/api/xml/SRX1655607;https://www.ebi.ac.uk/ena/browser/api/xml/PRJNA316065	2026-09-14
REV2_SRR3284456	SRR3284456	PRJNA316065	SAMN04574682	target	bulk_confirmed	Sample attributes: source_name=Chinese hamster ovary cells; individual experiment labelled RNAseq; population RNA extraction in protocol.	https://www.ebi.ac.uk/ena/browser/api/xml/SAMN04574682;https://www.ebi.ac.uk/ena/browser/api/xml/SRX1655607;https://www.ebi.ac.uk/ena/browser/api/xml/PRJNA316065	2026-09-14
REV2_SRR3284457	SRR3284457	PRJNA316065	SAMN04574683	target	bulk_confirmed	Sample attributes: source_name=Chinese hamster ovary cells; individual experiment labelled RNAseq; population RNA extraction in protocol.	https://www.ebi.ac.uk/ena/browser/api/xml/SAMN04574683;https://www.ebi.ac.uk/ena/browser/api/xml/SRX1655608;https://www.ebi.ac.uk/ena/browser/api/xml/PRJNA316065	2026-09-14
REV2_SRR3284458	SRR3284458	PRJNA316065	SAMN04574683	target	bulk_confirmed	Sample attributes: source_name=Chinese hamster ovary cells; individual experiment labelled RNAseq; population RNA extraction in protocol.	https://www.ebi.ac.uk/ena/browser/api/xml/SAMN04574683;https://www.ebi.ac.uk/ena/browser/api/xml/SRX1655608;https://www.ebi.ac.uk/ena/browser/api/xml/PRJNA316065	2026-09-14
REV2_SRR3284459	SRR3284459	PRJNA316065	SAMN04574684	target	bulk_confirmed	Sample attributes: source_name=Chinese hamster ovary cells; individual experiment labelled RNAseq; population RNA extraction in protocol.	https://www.ebi.ac.uk/ena/browser/api/xml/SAMN04574684;https://www.ebi.ac.uk/ena/browser/api/xml/SRX1655609;https://www.ebi.ac.uk/ena/browser/api/xml/PRJNA316065	2026-09-14
REV2_SRR3284460	SRR3284460	PRJNA316065	SAMN04574684	target	bulk_confirmed	Sample attributes: source_name=Chinese hamster ovary cells; individual experiment labelled RNAseq; population RNA extraction in protocol.	https://www.ebi.ac.uk/ena/browser/api/xml/SAMN04574684;https://www.ebi.ac.uk/ena/browser/api/xml/SRX1655609;https://www.ebi.ac.uk/ena/browser/api/xml/PRJNA316065	2026-09-14
REV2_SRR3284461	SRR3284461	PRJNA316065	SAMN04574685	target	other_assay	Sample attributes: source_name=Chinese hamster ovary cells; individual experiment labelled RiboSeq in a mixed ribosome-profiling/RNA-seq project.	https://www.ebi.ac.uk/ena/browser/api/xml/SAMN04574685;https://www.ebi.ac.uk/ena/browser/api/xml/SRX1655610;https://www.ebi.ac.uk/ena/browser/api/xml/PRJNA316065	2026-09-14
REV2_SRR3284462	SRR3284462	PRJNA316065	SAMN04574685	target	other_assay	Sample attributes: source_name=Chinese hamster ovary cells; individual experiment labelled RiboSeq in a mixed ribosome-profiling/RNA-seq project.	https://www.ebi.ac.uk/ena/browser/api/xml/SAMN04574685;https://www.ebi.ac.uk/ena/browser/api/xml/SRX1655610;https://www.ebi.ac.uk/ena/browser/api/xml/PRJNA316065	2026-09-14
REV2_SRR3284463	SRR3284463	PRJNA316065	SAMN04574686	target	other_assay	Sample attributes: source_name=Chinese hamster ovary cells; individual experiment labelled RiboSeq in a mixed ribosome-profiling/RNA-seq project.	https://www.ebi.ac.uk/ena/browser/api/xml/SAMN04574686;https://www.ebi.ac.uk/ena/browser/api/xml/SRX1655611;https://www.ebi.ac.uk/ena/browser/api/xml/PRJNA316065	2026-09-14
REV2_SRR3284464	SRR3284464	PRJNA316065	SAMN04574686	target	other_assay	Sample attributes: source_name=Chinese hamster ovary cells; individual experiment labelled RiboSeq in a mixed ribosome-profiling/RNA-seq project.	https://www.ebi.ac.uk/ena/browser/api/xml/SAMN04574686;https://www.ebi.ac.uk/ena/browser/api/xml/SRX1655611;https://www.ebi.ac.uk/ena/browser/api/xml/PRJNA316065	2026-09-14
REV2_SRR3284465	SRR3284465	PRJNA316065	SAMN04574687	target	other_assay	Sample attributes: source_name=Chinese hamster ovary cells; individual experiment labelled RiboSeq in a mixed ribosome-profiling/RNA-seq project.	https://www.ebi.ac.uk/ena/browser/api/xml/SAMN04574687;https://www.ebi.ac.uk/ena/browser/api/xml/SRX1655612;https://www.ebi.ac.uk/ena/browser/api/xml/PRJNA316065	2026-09-14
REV2_SRR3284466	SRR3284466	PRJNA316065	SAMN04574687	target	other_assay	Sample attributes: source_name=Chinese hamster ovary cells; individual experiment labelled RiboSeq in a mixed ribosome-profiling/RNA-seq project.	https://www.ebi.ac.uk/ena/browser/api/xml/SAMN04574687;https://www.ebi.ac.uk/ena/browser/api/xml/SRX1655612;https://www.ebi.ac.uk/ena/browser/api/xml/PRJNA316065	2026-09-14
REV2_SRR35653646	SRR35653646	PRJNA1335855	SAMN52025842	target		Sample attributes: tissue=Chinese hamster ovary cell	https://www.ebi.ac.uk/ena/browser/api/xml/SAMN52025842;https://www.ebi.ac.uk/ena/browser/api/xml/SRX30705858	2026-09-14
REV2_SRR35653647	SRR35653647	PRJNA1335855	SAMN52025842	target		Sample attributes: tissue=Chinese hamster ovary cell	https://www.ebi.ac.uk/ena/browser/api/xml/SAMN52025842;https://www.ebi.ac.uk/ena/browser/api/xml/SRX30705857	2026-09-14
REV2_SRR35653648	SRR35653648	PRJNA1335855	SAMN52025842	target		Sample attributes: tissue=Chinese hamster ovary cell	https://www.ebi.ac.uk/ena/browser/api/xml/SAMN52025842;https://www.ebi.ac.uk/ena/browser/api/xml/SRX30705856	2026-09-14
REV2_SRR35653649	SRR35653649	PRJNA1335855	SAMN52025841	target		Sample attributes: tissue=Chinese hamster ovary cell	https://www.ebi.ac.uk/ena/browser/api/xml/SAMN52025841;https://www.ebi.ac.uk/ena/browser/api/xml/SRX30705855	2026-09-14
REV2_SRR35653650	SRR35653650	PRJNA1335855	SAMN52025841	target		Sample attributes: tissue=Chinese hamster ovary cell	https://www.ebi.ac.uk/ena/browser/api/xml/SAMN52025841;https://www.ebi.ac.uk/ena/browser/api/xml/SRX30705854	2026-09-14
REV2_SRR35653651	SRR35653651	PRJNA1335855	SAMN52025841	target		Sample attributes: tissue=Chinese hamster ovary cell	https://www.ebi.ac.uk/ena/browser/api/xml/SAMN52025841;https://www.ebi.ac.uk/ena/browser/api/xml/SRX30705853	2026-09-14
REV2_SRR35653652	SRR35653652	PRJNA1335855	SAMN52025840	target		Sample attributes: tissue=Chinese hamster ovary cell	https://www.ebi.ac.uk/ena/browser/api/xml/SAMN52025840;https://www.ebi.ac.uk/ena/browser/api/xml/SRX30705852	2026-09-14
REV2_SRR35653653	SRR35653653	PRJNA1335855	SAMN52025840	target		Sample attributes: tissue=Chinese hamster ovary cell	https://www.ebi.ac.uk/ena/browser/api/xml/SAMN52025840;https://www.ebi.ac.uk/ena/browser/api/xml/SRX30705851	2026-09-14
REV2_SRR35653654	SRR35653654	PRJNA1335855	SAMN52025840	target		Sample attributes: tissue=Chinese hamster ovary cell	https://www.ebi.ac.uk/ena/browser/api/xml/SAMN52025840;https://www.ebi.ac.uk/ena/browser/api/xml/SRX30705850	2026-09-14
REV2_SRR36663584	SRR36663584	PRJNA1397461	SAMN54431539	target	review_required	Sample attributes: tissue=Chinese hamster ovary cell; IP/input library names; construction protocol absent. Identity resolved, assay eligibility unresolved.	https://www.ebi.ac.uk/ena/browser/api/xml/SAMN54431539;https://www.ebi.ac.uk/ena/browser/api/xml/SRX31674370	2026-09-14
REV2_SRR36663585	SRR36663585	PRJNA1397461	SAMN54431538	target	review_required	Sample attributes: tissue=Chinese hamster ovary cell; IP/input library names; construction protocol absent. Identity resolved, assay eligibility unresolved.	https://www.ebi.ac.uk/ena/browser/api/xml/SAMN54431538;https://www.ebi.ac.uk/ena/browser/api/xml/SRX31674369	2026-09-14
REV2_SRR36663586	SRR36663586	PRJNA1397461	SAMN54431537	target	review_required	Sample attributes: tissue=Chinese hamster ovary cell; IP/input library names; construction protocol absent. Identity resolved, assay eligibility unresolved.	https://www.ebi.ac.uk/ena/browser/api/xml/SAMN54431537;https://www.ebi.ac.uk/ena/browser/api/xml/SRX31674368	2026-09-14
REV2_SRR36663587	SRR36663587	PRJNA1397461	SAMN54431536	target	review_required	Sample attributes: tissue=Chinese hamster ovary cell; IP/input library names; construction protocol absent. Identity resolved, assay eligibility unresolved.	https://www.ebi.ac.uk/ena/browser/api/xml/SAMN54431536;https://www.ebi.ac.uk/ena/browser/api/xml/SRX31674367	2026-09-14
REV2_SRR36663588	SRR36663588	PRJNA1397461	SAMN54431535	target	review_required	Sample attributes: tissue=Chinese hamster ovary cell; IP/input library names; construction protocol absent. Identity resolved, assay eligibility unresolved.	https://www.ebi.ac.uk/ena/browser/api/xml/SAMN54431535;https://www.ebi.ac.uk/ena/browser/api/xml/SRX31674366	2026-09-14
REV2_SRR36663589	SRR36663589	PRJNA1397461	SAMN54431534	target	review_required	Sample attributes: tissue=Chinese hamster ovary cell; IP/input library names; construction protocol absent. Identity resolved, assay eligibility unresolved.	https://www.ebi.ac.uk/ena/browser/api/xml/SAMN54431534;https://www.ebi.ac.uk/ena/browser/api/xml/SRX31674365	2026-09-14
REV2_SRR36663590	SRR36663590	PRJNA1397461	SAMN54431533	target	review_required	Sample attributes: tissue=Chinese hamster ovary cell; IP/input library names; construction protocol absent. Identity resolved, assay eligibility unresolved.	https://www.ebi.ac.uk/ena/browser/api/xml/SAMN54431533;https://www.ebi.ac.uk/ena/browser/api/xml/SRX31674364	2026-09-14
REV2_SRR36663591	SRR36663591	PRJNA1397461	SAMN54431532	target	review_required	Sample attributes: tissue=Chinese hamster ovary cell; IP/input library names; construction protocol absent. Identity resolved, assay eligibility unresolved.	https://www.ebi.ac.uk/ena/browser/api/xml/SAMN54431532;https://www.ebi.ac.uk/ena/browser/api/xml/SRX31674363	2026-09-14
REV2_SRR36663596	SRR36663596	PRJNA1397464	SAMN54431546	target		Sample attributes: tissue=Chinese hamster ovary cell	https://www.ebi.ac.uk/ena/browser/api/xml/SAMN54431546;https://www.ebi.ac.uk/ena/browser/api/xml/SRX31674380	2026-09-14
REV2_SRR36663597	SRR36663597	PRJNA1397464	SAMN54431545	target		Sample attributes: tissue=Chinese hamster ovary cell	https://www.ebi.ac.uk/ena/browser/api/xml/SAMN54431545;https://www.ebi.ac.uk/ena/browser/api/xml/SRX31674379	2026-09-14
REV2_SRR36663598	SRR36663598	PRJNA1397464	SAMN54431544	target		Sample attributes: tissue=Chinese hamster ovary cell	https://www.ebi.ac.uk/ena/browser/api/xml/SAMN54431544;https://www.ebi.ac.uk/ena/browser/api/xml/SRX31674378	2026-09-14
REV2_SRR36663599	SRR36663599	PRJNA1397464	SAMN54431543	target		Sample attributes: tissue=Chinese hamster ovary cell	https://www.ebi.ac.uk/ena/browser/api/xml/SAMN54431543;https://www.ebi.ac.uk/ena/browser/api/xml/SRX31674377	2026-09-14
REV2_SRR36663600	SRR36663600	PRJNA1397464	SAMN54431542	target		Sample attributes: tissue=Chinese hamster ovary cell	https://www.ebi.ac.uk/ena/browser/api/xml/SAMN54431542;https://www.ebi.ac.uk/ena/browser/api/xml/SRX31674376	2026-09-14
REV2_SRR36663601	SRR36663601	PRJNA1397464	SAMN54431541	target		Sample attributes: tissue=Chinese hamster ovary cell	https://www.ebi.ac.uk/ena/browser/api/xml/SAMN54431541;https://www.ebi.ac.uk/ena/browser/api/xml/SRX31674375	2026-09-14
REV2_SRR5812564	SRR5812564	PRJNA393479	SAMN07334547	target	bulk_confirmed	Sample attributes: parental strain=CHOZN® GS-/-; parental strain=CHO cells; source_name=Chinese hamster ovary cells; experiment protocol describes RNA extraction from cell cultures/pellets.	https://www.ebi.ac.uk/ena/browser/api/xml/SAMN07334547;https://www.ebi.ac.uk/ena/browser/api/xml/SRX2991083	2026-09-14
REV2_SRR5812565	SRR5812565	PRJNA393479	SAMN07334560	target	bulk_confirmed	Sample attributes: parental strain=CHOZN® GS-/-; parental strain=CHO cells; source_name=Chinese hamster ovary cells; experiment protocol describes RNA extraction from cell cultures/pellets.	https://www.ebi.ac.uk/ena/browser/api/xml/SAMN07334560;https://www.ebi.ac.uk/ena/browser/api/xml/SRX2991084	2026-09-14
REV2_SRR5812566	SRR5812566	PRJNA393479	SAMN07334559	target	bulk_confirmed	Sample attributes: parental strain=CHOZN® GS-/-; parental strain=CHO cells; source_name=Chinese hamster ovary cells; experiment protocol describes RNA extraction from cell cultures/pellets.	https://www.ebi.ac.uk/ena/browser/api/xml/SAMN07334559;https://www.ebi.ac.uk/ena/browser/api/xml/SRX2991085	2026-09-14
REV2_SRR5812567	SRR5812567	PRJNA393479	SAMN07334558	target	bulk_confirmed	Sample attributes: parental strain=CHOZN® GS-/-; parental strain=CHO cells; source_name=Chinese hamster ovary cells; experiment protocol describes RNA extraction from cell cultures/pellets.	https://www.ebi.ac.uk/ena/browser/api/xml/SAMN07334558;https://www.ebi.ac.uk/ena/browser/api/xml/SRX2991086	2026-09-14
REV2_SRR5812568	SRR5812568	PRJNA393479	SAMN07334557	target	bulk_confirmed	Sample attributes: parental strain=CHOZN® GS-/-; parental strain=CHO cells; source_name=Chinese hamster ovary cells; experiment protocol describes RNA extraction from cell cultures/pellets.	https://www.ebi.ac.uk/ena/browser/api/xml/SAMN07334557;https://www.ebi.ac.uk/ena/browser/api/xml/SRX2991087	2026-09-14
REV2_SRR5812569	SRR5812569	PRJNA393479	SAMN07334556	target	bulk_confirmed	Sample attributes: parental strain=CHOZN® GS-/-; parental strain=CHO cells; source_name=Chinese hamster ovary cells; experiment protocol describes RNA extraction from cell cultures/pellets.	https://www.ebi.ac.uk/ena/browser/api/xml/SAMN07334556;https://www.ebi.ac.uk/ena/browser/api/xml/SRX2991088	2026-09-14
REV2_SRR5812570	SRR5812570	PRJNA393479	SAMN07334555	target	bulk_confirmed	Sample attributes: parental strain=CHOZN® GS-/-; parental strain=CHO cells; source_name=Chinese hamster ovary cells; experiment protocol describes RNA extraction from cell cultures/pellets.	https://www.ebi.ac.uk/ena/browser/api/xml/SAMN07334555;https://www.ebi.ac.uk/ena/browser/api/xml/SRX2991089	2026-09-14
REV2_SRR5812571	SRR5812571	PRJNA393479	SAMN07334555	target	bulk_confirmed	Sample attributes: parental strain=CHOZN® GS-/-; parental strain=CHO cells; source_name=Chinese hamster ovary cells; experiment protocol describes RNA extraction from cell cultures/pellets.	https://www.ebi.ac.uk/ena/browser/api/xml/SAMN07334555;https://www.ebi.ac.uk/ena/browser/api/xml/SRX2991089	2026-09-14
REV2_SRR5812572	SRR5812572	PRJNA393479	SAMN07334554	target	bulk_confirmed	Sample attributes: parental strain=CHOZN® GS-/-; parental strain=CHO cells; source_name=Chinese hamster ovary cells; experiment protocol describes RNA extraction from cell cultures/pellets.	https://www.ebi.ac.uk/ena/browser/api/xml/SAMN07334554;https://www.ebi.ac.uk/ena/browser/api/xml/SRX2991090	2026-09-14
REV2_SRR5812573	SRR5812573	PRJNA393479	SAMN07334554	target	bulk_confirmed	Sample attributes: parental strain=CHOZN® GS-/-; parental strain=CHO cells; source_name=Chinese hamster ovary cells; experiment protocol describes RNA extraction from cell cultures/pellets.	https://www.ebi.ac.uk/ena/browser/api/xml/SAMN07334554;https://www.ebi.ac.uk/ena/browser/api/xml/SRX2991090	2026-09-14
REV2_SRR5812574	SRR5812574	PRJNA393479	SAMN07334553	target	bulk_confirmed	Sample attributes: parental strain=CHOZN® GS-/-; parental strain=CHO cells; source_name=Chinese hamster ovary cells; experiment protocol describes RNA extraction from cell cultures/pellets.	https://www.ebi.ac.uk/ena/browser/api/xml/SAMN07334553;https://www.ebi.ac.uk/ena/browser/api/xml/SRX2991091	2026-09-14
REV2_SRR5812575	SRR5812575	PRJNA393479	SAMN07334553	target	bulk_confirmed	Sample attributes: parental strain=CHOZN® GS-/-; parental strain=CHO cells; source_name=Chinese hamster ovary cells; experiment protocol describes RNA extraction from cell cultures/pellets.	https://www.ebi.ac.uk/ena/browser/api/xml/SAMN07334553;https://www.ebi.ac.uk/ena/browser/api/xml/SRX2991091	2026-09-14
REV2_SRR5812576	SRR5812576	PRJNA393479	SAMN07334552	target	bulk_confirmed	Sample attributes: parental strain=CHOZN® GS-/-; parental strain=CHO cells; source_name=Chinese hamster ovary cells; experiment protocol describes RNA extraction from cell cultures/pellets.	https://www.ebi.ac.uk/ena/browser/api/xml/SAMN07334552;https://www.ebi.ac.uk/ena/browser/api/xml/SRX2991092	2026-09-14
REV2_SRR5812577	SRR5812577	PRJNA393479	SAMN07334552	target	bulk_confirmed	Sample attributes: parental strain=CHOZN® GS-/-; parental strain=CHO cells; source_name=Chinese hamster ovary cells; experiment protocol describes RNA extraction from cell cultures/pellets.	https://www.ebi.ac.uk/ena/browser/api/xml/SAMN07334552;https://www.ebi.ac.uk/ena/browser/api/xml/SRX2991092	2026-09-14
REV2_SRR5812578	SRR5812578	PRJNA393479	SAMN07334551	target	bulk_confirmed	Sample attributes: parental strain=CHOZN® GS-/-; parental strain=CHO cells; source_name=Chinese hamster ovary cells; experiment protocol describes RNA extraction from cell cultures/pellets.	https://www.ebi.ac.uk/ena/browser/api/xml/SAMN07334551;https://www.ebi.ac.uk/ena/browser/api/xml/SRX2991093	2026-09-14
REV2_SRR5812579	SRR5812579	PRJNA393479	SAMN07334551	target	bulk_confirmed	Sample attributes: parental strain=CHOZN® GS-/-; parental strain=CHO cells; source_name=Chinese hamster ovary cells; experiment protocol describes RNA extraction from cell cultures/pellets.	https://www.ebi.ac.uk/ena/browser/api/xml/SAMN07334551;https://www.ebi.ac.uk/ena/browser/api/xml/SRX2991093	2026-09-14
REV2_SRR5812580	SRR5812580	PRJNA393479	SAMN07334550	target	bulk_confirmed	Sample attributes: parental strain=CHOZN® GS-/-; parental strain=CHO cells; source_name=Chinese hamster ovary cells; experiment protocol describes RNA extraction from cell cultures/pellets.	https://www.ebi.ac.uk/ena/browser/api/xml/SAMN07334550;https://www.ebi.ac.uk/ena/browser/api/xml/SRX2991094	2026-09-14
REV2_SRR5812581	SRR5812581	PRJNA393479	SAMN07334550	target	bulk_confirmed	Sample attributes: parental strain=CHOZN® GS-/-; parental strain=CHO cells; source_name=Chinese hamster ovary cells; experiment protocol describes RNA extraction from cell cultures/pellets.	https://www.ebi.ac.uk/ena/browser/api/xml/SAMN07334550;https://www.ebi.ac.uk/ena/browser/api/xml/SRX2991094	2026-09-14
REV2_SRR7779168	SRR7779168	PRJNA489076	SAMN09948071	target	bulk_confirmed	Sample attributes: strain=CHO-K1; experiment protocol describes RNA extraction from cell cultures/pellets.	https://www.ebi.ac.uk/ena/browser/api/xml/SAMN09948071;https://www.ebi.ac.uk/ena/browser/api/xml/SRX4634288	2026-09-14
REV2_SRR7779169	SRR7779169	PRJNA489076	SAMN09948070	target	bulk_confirmed	Sample attributes: strain=CHO-K1; experiment protocol describes RNA extraction from cell cultures/pellets.	https://www.ebi.ac.uk/ena/browser/api/xml/SAMN09948070;https://www.ebi.ac.uk/ena/browser/api/xml/SRX4634289	2026-09-14
REV2_SRR7779170	SRR7779170	PRJNA489076	SAMN09948069	target	bulk_confirmed	Sample attributes: strain=CHO-K1; experiment protocol describes RNA extraction from cell cultures/pellets.	https://www.ebi.ac.uk/ena/browser/api/xml/SAMN09948069;https://www.ebi.ac.uk/ena/browser/api/xml/SRX4634290	2026-09-14
REV2_SRR7779171	SRR7779171	PRJNA489076	SAMN09948086	target	bulk_confirmed	Sample attributes: strain=CHO-K1; experiment protocol describes RNA extraction from cell cultures/pellets.	https://www.ebi.ac.uk/ena/browser/api/xml/SAMN09948086;https://www.ebi.ac.uk/ena/browser/api/xml/SRX4634291	2026-09-14
REV2_SRR7779172	SRR7779172	PRJNA489076	SAMN09948085	target	bulk_confirmed	Sample attributes: strain=CHO-K1; experiment protocol describes RNA extraction from cell cultures/pellets.	https://www.ebi.ac.uk/ena/browser/api/xml/SAMN09948085;https://www.ebi.ac.uk/ena/browser/api/xml/SRX4634292	2026-09-14
REV2_SRR7779173	SRR7779173	PRJNA489076	SAMN09948084	target	bulk_confirmed	Sample attributes: strain=CHO-K1; experiment protocol describes RNA extraction from cell cultures/pellets.	https://www.ebi.ac.uk/ena/browser/api/xml/SAMN09948084;https://www.ebi.ac.uk/ena/browser/api/xml/SRX4634293	2026-09-14
REV2_SRR7779174	SRR7779174	PRJNA489076	SAMN09948083	target	bulk_confirmed	Sample attributes: strain=CHO-K1; experiment protocol describes RNA extraction from cell cultures/pellets.	https://www.ebi.ac.uk/ena/browser/api/xml/SAMN09948083;https://www.ebi.ac.uk/ena/browser/api/xml/SRX4634294	2026-09-14
REV2_SRR7779175	SRR7779175	PRJNA489076	SAMN09948082	target	bulk_confirmed	Sample attributes: strain=CHO-K1; experiment protocol describes RNA extraction from cell cultures/pellets.	https://www.ebi.ac.uk/ena/browser/api/xml/SAMN09948082;https://www.ebi.ac.uk/ena/browser/api/xml/SRX4634295	2026-09-14
REV2_SRR7779176	SRR7779176	PRJNA489076	SAMN09948075	target	bulk_confirmed	Sample attributes: strain=CHO-K1; experiment protocol describes RNA extraction from cell cultures/pellets.	https://www.ebi.ac.uk/ena/browser/api/xml/SAMN09948075;https://www.ebi.ac.uk/ena/browser/api/xml/SRX4634296	2026-09-14
REV2_SRR7779177	SRR7779177	PRJNA489076	SAMN09948081	target	bulk_confirmed	Sample attributes: strain=CHO-K1; experiment protocol describes RNA extraction from cell cultures/pellets.	https://www.ebi.ac.uk/ena/browser/api/xml/SAMN09948081;https://www.ebi.ac.uk/ena/browser/api/xml/SRX4634297	2026-09-14
REV2_SRR7779178	SRR7779178	PRJNA489076	SAMN09948080	target	bulk_confirmed	Sample attributes: strain=CHO-K1; experiment protocol describes RNA extraction from cell cultures/pellets.	https://www.ebi.ac.uk/ena/browser/api/xml/SAMN09948080;https://www.ebi.ac.uk/ena/browser/api/xml/SRX4634298	2026-09-14
REV2_SRR7779179	SRR7779179	PRJNA489076	SAMN09948079	target	bulk_confirmed	Sample attributes: strain=CHO-K1; experiment protocol describes RNA extraction from cell cultures/pellets.	https://www.ebi.ac.uk/ena/browser/api/xml/SAMN09948079;https://www.ebi.ac.uk/ena/browser/api/xml/SRX4634299	2026-09-14
REV2_SRR7779180	SRR7779180	PRJNA489076	SAMN09948078	target	bulk_confirmed	Sample attributes: strain=CHO-K1; experiment protocol describes RNA extraction from cell cultures/pellets.	https://www.ebi.ac.uk/ena/browser/api/xml/SAMN09948078;https://www.ebi.ac.uk/ena/browser/api/xml/SRX4634300	2026-09-14
REV2_SRR7779181	SRR7779181	PRJNA489076	SAMN09948077	target	bulk_confirmed	Sample attributes: strain=CHO-K1; experiment protocol describes RNA extraction from cell cultures/pellets.	https://www.ebi.ac.uk/ena/browser/api/xml/SAMN09948077;https://www.ebi.ac.uk/ena/browser/api/xml/SRX4634301	2026-09-14
REV2_SRR7779182	SRR7779182	PRJNA489076	SAMN09948076	target	bulk_confirmed	Sample attributes: strain=CHO-K1; experiment protocol describes RNA extraction from cell cultures/pellets.	https://www.ebi.ac.uk/ena/browser/api/xml/SAMN09948076;https://www.ebi.ac.uk/ena/browser/api/xml/SRX4634302	2026-09-14
REV2_SRR7779183	SRR7779183	PRJNA489076	SAMN09948074	target	bulk_confirmed	Sample attributes: strain=CHO-K1; experiment protocol describes RNA extraction from cell cultures/pellets.	https://www.ebi.ac.uk/ena/browser/api/xml/SAMN09948074;https://www.ebi.ac.uk/ena/browser/api/xml/SRX4634303	2026-09-14
REV2_SRR7779184	SRR7779184	PRJNA489076	SAMN09948073	target	bulk_confirmed	Sample attributes: strain=CHO-K1; experiment protocol describes RNA extraction from cell cultures/pellets.	https://www.ebi.ac.uk/ena/browser/api/xml/SAMN09948073;https://www.ebi.ac.uk/ena/browser/api/xml/SRX4634304	2026-09-14
REV2_SRR7779185	SRR7779185	PRJNA489076	SAMN09948072	target	bulk_confirmed	Sample attributes: strain=CHO-K1; experiment protocol describes RNA extraction from cell cultures/pellets.	https://www.ebi.ac.uk/ena/browser/api/xml/SAMN09948072;https://www.ebi.ac.uk/ena/browser/api/xml/SRX4634305	2026-09-14
REV2_SRR7779186	SRR7779186	PRJNA489076	SAMN09948104	target	bulk_confirmed	Sample attributes: strain=CHO-K1; experiment protocol describes RNA extraction from cell cultures/pellets.	https://www.ebi.ac.uk/ena/browser/api/xml/SAMN09948104;https://www.ebi.ac.uk/ena/browser/api/xml/SRX4634306	2026-09-14
REV2_SRR7779187	SRR7779187	PRJNA489076	SAMN09948103	target	bulk_confirmed	Sample attributes: strain=CHO-K1; experiment protocol describes RNA extraction from cell cultures/pellets.	https://www.ebi.ac.uk/ena/browser/api/xml/SAMN09948103;https://www.ebi.ac.uk/ena/browser/api/xml/SRX4634307	2026-09-14
REV2_SRR7779188	SRR7779188	PRJNA489076	SAMN09948102	target	bulk_confirmed	Sample attributes: strain=CHO-K1; experiment protocol describes RNA extraction from cell cultures/pellets.	https://www.ebi.ac.uk/ena/browser/api/xml/SAMN09948102;https://www.ebi.ac.uk/ena/browser/api/xml/SRX4634308	2026-09-14
REV2_SRR7779189	SRR7779189	PRJNA489076	SAMN09948101	target	bulk_confirmed	Sample attributes: strain=CHO-K1; experiment protocol describes RNA extraction from cell cultures/pellets.	https://www.ebi.ac.uk/ena/browser/api/xml/SAMN09948101;https://www.ebi.ac.uk/ena/browser/api/xml/SRX4634309	2026-09-14
REV2_SRR7779190	SRR7779190	PRJNA489076	SAMN09948100	target	bulk_confirmed	Sample attributes: strain=CHO-K1; experiment protocol describes RNA extraction from cell cultures/pellets.	https://www.ebi.ac.uk/ena/browser/api/xml/SAMN09948100;https://www.ebi.ac.uk/ena/browser/api/xml/SRX4634310	2026-09-14
REV2_SRR7779191	SRR7779191	PRJNA489076	SAMN09948099	target	bulk_confirmed	Sample attributes: strain=CHO-K1; experiment protocol describes RNA extraction from cell cultures/pellets.	https://www.ebi.ac.uk/ena/browser/api/xml/SAMN09948099;https://www.ebi.ac.uk/ena/browser/api/xml/SRX4634311	2026-09-14
REV2_SRR7779192	SRR7779192	PRJNA489076	SAMN09948098	target	bulk_confirmed	Sample attributes: strain=CHO-K1; experiment protocol describes RNA extraction from cell cultures/pellets.	https://www.ebi.ac.uk/ena/browser/api/xml/SAMN09948098;https://www.ebi.ac.uk/ena/browser/api/xml/SRX4634312	2026-09-14
REV2_SRR7779193	SRR7779193	PRJNA489076	SAMN09948097	target	bulk_confirmed	Sample attributes: strain=CHO-K1; experiment protocol describes RNA extraction from cell cultures/pellets.	https://www.ebi.ac.uk/ena/browser/api/xml/SAMN09948097;https://www.ebi.ac.uk/ena/browser/api/xml/SRX4634313	2026-09-14
REV2_SRR7779194	SRR7779194	PRJNA489076	SAMN09948096	target	bulk_confirmed	Sample attributes: strain=CHO-K1; experiment protocol describes RNA extraction from cell cultures/pellets.	https://www.ebi.ac.uk/ena/browser/api/xml/SAMN09948096;https://www.ebi.ac.uk/ena/browser/api/xml/SRX4634314	2026-09-14
REV2_SRR7779195	SRR7779195	PRJNA489076	SAMN09948095	target	bulk_confirmed	Sample attributes: strain=CHO-K1; experiment protocol describes RNA extraction from cell cultures/pellets.	https://www.ebi.ac.uk/ena/browser/api/xml/SAMN09948095;https://www.ebi.ac.uk/ena/browser/api/xml/SRX4634315	2026-09-14
REV2_SRR7779196	SRR7779196	PRJNA489076	SAMN09948094	target	bulk_confirmed	Sample attributes: strain=CHO-K1; experiment protocol describes RNA extraction from cell cultures/pellets.	https://www.ebi.ac.uk/ena/browser/api/xml/SAMN09948094;https://www.ebi.ac.uk/ena/browser/api/xml/SRX4634316	2026-09-14
REV2_SRR7779197	SRR7779197	PRJNA489076	SAMN09948093	target	bulk_confirmed	Sample attributes: strain=CHO-K1; experiment protocol describes RNA extraction from cell cultures/pellets.	https://www.ebi.ac.uk/ena/browser/api/xml/SAMN09948093;https://www.ebi.ac.uk/ena/browser/api/xml/SRX4634317	2026-09-14
REV2_SRR7779198	SRR7779198	PRJNA489076	SAMN09948092	target	bulk_confirmed	Sample attributes: strain=CHO-K1; experiment protocol describes RNA extraction from cell cultures/pellets.	https://www.ebi.ac.uk/ena/browser/api/xml/SAMN09948092;https://www.ebi.ac.uk/ena/browser/api/xml/SRX4634318	2026-09-14
REV2_SRR7779199	SRR7779199	PRJNA489076	SAMN09948091	target	bulk_confirmed	Sample attributes: strain=CHO-K1; experiment protocol describes RNA extraction from cell cultures/pellets.	https://www.ebi.ac.uk/ena/browser/api/xml/SAMN09948091;https://www.ebi.ac.uk/ena/browser/api/xml/SRX4634319	2026-09-14
REV2_SRR7779200	SRR7779200	PRJNA489076	SAMN09948090	target	bulk_confirmed	Sample attributes: strain=CHO-K1; experiment protocol describes RNA extraction from cell cultures/pellets.	https://www.ebi.ac.uk/ena/browser/api/xml/SAMN09948090;https://www.ebi.ac.uk/ena/browser/api/xml/SRX4634320	2026-09-14
REV2_SRR7779201	SRR7779201	PRJNA489076	SAMN09948089	target	bulk_confirmed	Sample attributes: strain=CHO-K1; experiment protocol describes RNA extraction from cell cultures/pellets.	https://www.ebi.ac.uk/ena/browser/api/xml/SAMN09948089;https://www.ebi.ac.uk/ena/browser/api/xml/SRX4634321	2026-09-14
REV2_SRR7779202	SRR7779202	PRJNA489076	SAMN09948088	target	bulk_confirmed	Sample attributes: strain=CHO-K1; experiment protocol describes RNA extraction from cell cultures/pellets.	https://www.ebi.ac.uk/ena/browser/api/xml/SAMN09948088;https://www.ebi.ac.uk/ena/browser/api/xml/SRX4634322	2026-09-14
REV2_SRR7779203	SRR7779203	PRJNA489076	SAMN09948087	target	bulk_confirmed	Sample attributes: strain=CHO-K1; experiment protocol describes RNA extraction from cell cultures/pellets.	https://www.ebi.ac.uk/ena/browser/api/xml/SAMN09948087;https://www.ebi.ac.uk/ena/browser/api/xml/SRX4634323	2026-09-14
REV2_SRR070303	SRR070303		SAMN00115256		other_assay	Individual protocol selects 18-36 nt small RNA; dedicated miRNA library, outside conventional RNA expression matrix.	https://www.ebi.ac.uk/ena/browser/api/xml/SRX028119	2026-09-14
HGPRT_SRR32329211	SRR32329211	PRJNA1223323	SAMN46814182		other_assay	CHO cDNA amplified with HGPRT-specific primers; targeted assay, outside whole-transcriptome expression matrix. Prior TFM decision independently checked against individual experiment.	https://www.ebi.ac.uk/ena/browser/api/xml/SRX27664153	2026-09-14
HGPRT_SRR32329213	SRR32329213	PRJNA1223323	SAMN46814184		other_assay	CHO cDNA amplified with HGPRT-specific primers; targeted assay, outside whole-transcriptome expression matrix. Prior TFM decision independently checked against individual experiment.	https://www.ebi.ac.uk/ena/browser/api/xml/SRX27664151	2026-09-14
HGPRT_SRR32329205	SRR32329205	PRJNA1223323	SAMN46814176		other_assay	CHO cDNA amplified with HGPRT-specific primers; targeted assay, outside whole-transcriptome expression matrix. Prior TFM decision independently checked against individual experiment.	https://www.ebi.ac.uk/ena/browser/api/xml/SRX27664159	2026-09-14
HGPRT_SRR32329207	SRR32329207	PRJNA1223323	SAMN46814178		other_assay	CHO cDNA amplified with HGPRT-specific primers; targeted assay, outside whole-transcriptome expression matrix. Prior TFM decision independently checked against individual experiment.	https://www.ebi.ac.uk/ena/browser/api/xml/SRX27664157	2026-09-14
HGPRT_SRR32329208	SRR32329208	PRJNA1223323	SAMN46814179		other_assay	CHO cDNA amplified with HGPRT-specific primers; targeted assay, outside whole-transcriptome expression matrix. Prior TFM decision independently checked against individual experiment.	https://www.ebi.ac.uk/ena/browser/api/xml/SRX27664156	2026-09-14
HGPRT_SRR32329209	SRR32329209	PRJNA1223323	SAMN46814180		other_assay	CHO cDNA amplified with HGPRT-specific primers; targeted assay, outside whole-transcriptome expression matrix. Prior TFM decision independently checked against individual experiment.	https://www.ebi.ac.uk/ena/browser/api/xml/SRX27664155	2026-09-14
HGPRT_SRR32329212	SRR32329212	PRJNA1223323	SAMN46814183		other_assay	CHO cDNA amplified with HGPRT-specific primers; targeted assay, outside whole-transcriptome expression matrix. Prior TFM decision independently checked against individual experiment.	https://www.ebi.ac.uk/ena/browser/api/xml/SRX27664152	2026-09-14
HGPRT_SRR32329206	SRR32329206	PRJNA1223323	SAMN46814177		other_assay	CHO cDNA amplified with HGPRT-specific primers; targeted assay, outside whole-transcriptome expression matrix. Prior TFM decision independently checked against individual experiment.	https://www.ebi.ac.uk/ena/browser/api/xml/SRX27664158	2026-09-14
HGPRT_SRR32329210	SRR32329210	PRJNA1223323	SAMN46814181		other_assay	CHO cDNA amplified with HGPRT-specific primers; targeted assay, outside whole-transcriptome expression matrix. Prior TFM decision independently checked against individual experiment.	https://www.ebi.ac.uk/ena/browser/api/xml/SRX27664154	2026-09-14
