experiment_accession	study_accession	sample_accession	n_runs	total_assigned_gene_counts	n_nonzero_genes	nonzero_gene_fraction
DRX085006	PRJDB5737	SAMD00079368	3	14098318	15682	0.5646084608460846
DRX085007	PRJDB5737	SAMD00079369	3	13401074	15645	0.5632763276327633
DRX085008	PRJDB5737	SAMD00079370	3	13963304	15815	0.5693969396939694
DRX085009	PRJDB5737	SAMD00079371	1	8791549	15181	0.5465706570657066
DRX085010	PRJDB5737	SAMD00079372	1	10550377	15473	0.5570837083708371
DRX087368	PRJDB5831	SAMD00082620	1	30299815	17424	0.6273267326732673
DRX087369	PRJDB5831	SAMD00082621	1	34224531	17964	0.6467686768676868
DRX087370	PRJDB5831	SAMD00082622	1	33201508	18546	0.6677227722772278
DRX087371	PRJDB5831	SAMD00082623	1	32329141	18417	0.663078307830783
DRX090092	PRJDB5897	SAMD00084267	1	24697796	16293	0.5866066606660666
DRX090093	PRJDB5897	SAMD00084268	1	21768869	16380	0.5897389738973897
DRX090094	PRJDB5897	SAMD00084269	1	3705458	14515	0.5225922592259226
DRX090095	PRJDB5897	SAMD00084270	1	4641225	15165	0.545994599459946
DRX090096	PRJDB5898	SAMD00084271	1	14924589	16290	0.5864986498649865
DRX090097	PRJDB5898	SAMD00084272	1	14787254	16273	0.5858865886588659
DRX090098	PRJDB5898	SAMD00084273	1	16027683	16410	0.5908190819081908
DRX090099	PRJDB5898	SAMD00084274	1	14374537	16298	0.5867866786678668
DRX092931	PRJDB6126	SAMD00089406	1	4692245	13759	0.49537353735373535
DRX092932	PRJDB6126	SAMD00089407	1	3639037	13537	0.4873807380738074
DRX092933	PRJDB6126	SAMD00089408	1	4654052	13841	0.4983258325832583
DRX092934	PRJDB6126	SAMD00089409	1	4197401	13690	0.4928892889288929
DRX092935	PRJDB6126	SAMD00089410	1	4342581	13696	0.4931053105310531
DRX092936	PRJDB6126	SAMD00089411	1	4420316	13719	0.49393339333933395
DRX092937	PRJDB6126	SAMD00089412	1	4271100	13683	0.4926372637263726
DRX092938	PRJDB6126	SAMD00089413	1	4461774	13757	0.4953015301530153
DRX092939	PRJDB6126	SAMD00089414	1	4654383	13781	0.49616561656165614
DRX092940	PRJDB6126	SAMD00089415	1	5041246	13837	0.49818181818181817
DRX092941	PRJDB6126	SAMD00089416	1	4705267	13837	0.49818181818181817
DRX092942	PRJDB6126	SAMD00089417	1	4671245	13765	0.49558955895589557
DRX092943	PRJDB6126	SAMD00089418	1	4175624	14278	0.5140594059405941
DRX092944	PRJDB6126	SAMD00089419	1	5035036	14547	0.5237443744374437
DRX092945	PRJDB6126	SAMD00089420	1	4726953	14310	0.5152115211521152
DRX092946	PRJDB6126	SAMD00089421	1	4462421	14272	0.5138433843384338
DRX092947	PRJDB6126	SAMD00089422	1	4384937	14231	0.5123672367236723
DRX092948	PRJDB6126	SAMD00089423	1	4344799	14275	0.5139513951395139
DRX092949	PRJDB6126	SAMD00089424	1	4868878	14404	0.5185958595859586
DRX092950	PRJDB6126	SAMD00089425	1	4089082	14220	0.511971197119712
DRX092951	PRJDB6126	SAMD00089426	1	4375543	14323	0.5156795679567957
DRX092952	PRJDB6126	SAMD00089427	1	4788201	14329	0.5158955895589559
DRX092953	PRJDB6126	SAMD00089428	1	4434741	14313	0.5153195319531954
DRX092954	PRJDB6126	SAMD00089429	1	4496104	14278	0.5140594059405941
DRX092955	PRJDB6126	SAMD00089430	1	4671539	14332	0.516003600360036
DRX092956	PRJDB6126	SAMD00089431	1	4558456	14294	0.5146354635463546
DRX092957	PRJDB6126	SAMD00089432	1	4511091	14271	0.5138073807380739
DRX092958	PRJDB6126	SAMD00089433	1	4652165	14307	0.5151035103510351
DRX092959	PRJDB6126	SAMD00089434	1	4772263	14278	0.5140594059405941
DRX092960	PRJDB6126	SAMD00089435	1	4633463	14416	0.519027902790279
DRX092961	PRJDB6126	SAMD00089436	1	4746892	14258	0.5133393339333934
DRX092962	PRJDB6126	SAMD00089437	1	4524779	14216	0.5118271827182719
DRX092963	PRJDB6126	SAMD00089438	1	4734681	14307	0.5151035103510351
DRX092964	PRJDB6126	SAMD00089439	1	4323730	14181	0.5105670567056706
DRX092965	PRJDB6126	SAMD00089440	1	4358177	14205	0.5114311431143115
DRX092966	PRJDB6126	SAMD00089441	1	4505234	14256	0.5132673267326733
DRX092967	PRJDB6126	SAMD00089442	1	4473767	14074	0.5067146714671467
DRX092968	PRJDB6126	SAMD00089443	1	4479801	14100	0.5076507650765076
DRX092969	PRJDB6126	SAMD00089444	1	4451141	14052	0.5059225922592259
DRX092970	PRJDB6126	SAMD00089445	1	4476172	14135	0.5089108910891089
DRX092971	PRJDB6126	SAMD00089446	1	4102772	14033	0.5052385238523852
DRX092972	PRJDB6126	SAMD00089447	1	3491727	13808	0.49713771377137717
DRX092973	PRJDB6126	SAMD00089448	1	4194525	13959	0.5025742574257426
DRX092974	PRJDB6126	SAMD00089449	1	3543080	13773	0.4958775877587759
DRX092975	PRJDB6126	SAMD00089450	1	3786132	13884	0.4998739873987399
DRX092976	PRJDB6126	SAMD00089451	1	4504867	14060	0.5062106210621062
DRX092977	PRJDB6126	SAMD00089452	1	3944547	14002	0.5041224122412241
DRX092978	PRJDB6126	SAMD00089453	1	4481993	14076	0.5067866786678668
DRX155559	PRJDB7873	SAMD00156498	1	13541418	16511	0.5944554455445544
DRX155560	PRJDB7873	SAMD00156499	1	14322698	16638	0.5990279027902791
DRX155561	PRJDB7873	SAMD00156500	1	13255457	16405	0.5906390639063906
DRX155562	PRJDB7873	SAMD00156501	1	13164675	16467	0.5928712871287128
DRX155563	PRJDB7873	SAMD00156502	1	13611788	16376	0.5895949594959496
DRX155564	PRJDB7873	SAMD00156503	1	12720713	16233	0.5844464446444645
DRX155565	PRJDB7873	SAMD00156504	1	14392379	16386	0.58995499549955
DRX155566	PRJDB7873	SAMD00156505	1	12134535	16177	0.5824302430243025
DRX155567	PRJDB7873	SAMD00156506	1	12816347	16555	0.596039603960396
DRX155568	PRJDB7873	SAMD00156507	1	14206956	16668	0.6001080108010801
DRX155569	PRJDB7873	SAMD00156508	1	14121220	16520	0.5947794779477947
DRX155570	PRJDB7873	SAMD00156509	1	13066007	16485	0.5935193519351936
DRX159883	PRJDB7945	SAMD00159352	1	7684411	15149	0.5454185418541854
DRX159884	PRJDB7945	SAMD00159353	1	6193166	14842	0.5343654365436543
DRX159885	PRJDB7945	SAMD00159354	1	6012484	14762	0.5314851485148515
DRX159886	PRJDB7945	SAMD00159355	1	9010489	15451	0.5562916291629163
DRX159887	PRJDB7945	SAMD00159356	1	9053521	15229	0.5482988298829883
DRX159888	PRJDB7945	SAMD00159357	1	8865835	15425	0.5553555355535553
DRX159889	PRJDB7945	SAMD00159358	1	7274950	15091	0.5433303330333034
DRX159890	PRJDB7945	SAMD00159359	1	7886139	15125	0.5445544554455446
DRX159891	PRJDB7945	SAMD00159360	1	5539996	14891	0.5361296129612961
DRX159892	PRJDB7945	SAMD00159361	1	6526644	14822	0.5336453645364536
DRX159893	PRJDB7945	SAMD00159362	1	7128285	14928	0.5374617461746175
DRX159894	PRJDB7945	SAMD00159363	1	4345877	13599	0.48961296129612963
DRX159895	PRJDB7945	SAMD00159364	1	4947323	14451	0.5202880288028803
DRX159896	PRJDB7945	SAMD00159365	1	8549832	15722	0.566048604860486
DRX159897	PRJDB7945	SAMD00159366	1	5765145	14532	0.5232043204320432
DRX159898	PRJDB7945	SAMD00159367	1	9515253	15475	0.5571557155715572
DRX159899	PRJDB7945	SAMD00159368	1	12989691	15909	0.5727812781278128
DRX159900	PRJDB7945	SAMD00159369	1	5403558	14574	0.5247164716471647
DRX159901	PRJDB7945	SAMD00159370	1	6861684	14898	0.5363816381638163
DRX159902	PRJDB7945	SAMD00159371	1	7182897	15098	0.5435823582358236
DRX159903	PRJDB7945	SAMD00159372	1	5843120	15021	0.5408100810081008
DRX159904	PRJDB7945	SAMD00159373	1	7982295	15347	0.5525472547254725
DRX159905	PRJDB7945	SAMD00159374	1	4740898	14889	0.536057605760576
DRX159906	PRJDB7945	SAMD00159375	1	4604051	14578	0.5248604860486049
DRX159907	PRJDB7945	SAMD00159376	1	5874340	14830	0.533933393339334
DRX159908	PRJDB7945	SAMD00159377	1	6438656	15097	0.5435463546354635
DRX159909	PRJDB7945	SAMD00159378	1	9351535	15642	0.5631683168316831
DRX159910	PRJDB7945	SAMD00159379	1	7521868	15340	0.5522952295229523
DRX159911	PRJDB7945	SAMD00159380	1	5825421	14904	0.5365976597659766
DRX159912	PRJDB7945	SAMD00159381	1	5010155	14752	0.5311251125112512
DRX159913	PRJDB7945	SAMD00159382	1	9074724	15361	0.553051305130513
DRX159914	PRJDB7945	SAMD00159383	1	8673080	15449	0.5562196219621962
DRX159915	PRJDB7945	SAMD00159384	1	10316549	15676	0.5643924392439243
DRX159916	PRJDB7945	SAMD00159385	1	6124646	14684	0.5286768676867687
DRX159917	PRJDB7945	SAMD00159386	1	6250601	14770	0.5317731773177318
DRX508486	PRJDB17021	SAMD00731272	1	16353932	15072	0.5426462646264626
DRX508487	PRJDB17021	SAMD00731273	1	22346178	16668	0.6001080108010801
DRX508490	PRJDB17021	SAMD00731276	1	24542506	15436	0.5557515751575157
DRX508491	PRJDB17021	SAMD00731277	1	17833915	16407	0.5907110711071107
DRX508494	PRJDB17021	SAMD00731280	1	24776394	15523	0.5588838883888388
DRX508495	PRJDB17021	SAMD00731281	1	21124829	16537	0.5953915391539154
DRX508498	PRJDB17021	SAMD00731284	1	23816671	15579	0.5609000900090009
DRX508499	PRJDB17021	SAMD00731285	1	26599556	16880	0.6077407740774078
DRX508502	PRJDB17021	SAMD00731288	1	19038099	15238	0.5486228622862286
DRX508503	PRJDB17021	SAMD00731289	1	26584631	16889	0.6080648064806481
DRX508506	PRJDB17021	SAMD00731292	1	23383420	15495	0.5578757875787579
DRX508507	PRJDB17021	SAMD00731293	1	20761613	16524	0.5949234923492349
DRX508510	PRJDB17021	SAMD00731296	1	23315791	15511	0.5584518451845184
DRX508511	PRJDB17021	SAMD00731297	1	24438715	16764	0.6035643564356435
DRX686803	PRJDB35724	SAMD01599750	1	13191993	16285	0.5863186318631863
DRX686804	PRJDB35724	SAMD01599751	1	10676200	15780	0.5681368136813681
DRX686805	PRJDB35724	SAMD01599752	1	16635877	16291	0.5865346534653465
DRX686806	PRJDB35724	SAMD01599753	1	17529876	16434	0.5916831683168317
DRX686807	PRJDB35724	SAMD01599754	1	18075105	15503	0.5581638163816381
DRX686808	PRJDB35724	SAMD01599755	1	16049963	15389	0.5540594059405941
DRX686812	PRJDB35724	SAMD01599759	1	18047797	16023	0.5768856885688569
DRX686813	PRJDB35724	SAMD01599760	1	3256868	13789	0.49645364536453646
DRX686814	PRJDB35724	SAMD01599761	1	17319752	16027	0.577029702970297
ERX10195011	PRJEB55916	SAMEA111345349	1	10454827	12885	0.4639063906390639
ERX10195012	PRJEB55916	SAMEA111345350	1	10314433	12900	0.46444644464446444
ERX10195013	PRJEB55916	SAMEA111345351	1	10265223	12875	0.46354635463546356
ERX10195014	PRJEB55916	SAMEA111345352	1	10316099	12871	0.4634023402340234
ERX10195015	PRJEB55916	SAMEA111345353	1	10019889	14276	0.513987398739874
ERX10195016	PRJEB55916	SAMEA111345354	1	9897975	14306	0.515067506750675
ERX10195017	PRJEB55916	SAMEA111345355	1	9903490	14264	0.5135553555355535
ERX10195018	PRJEB55916	SAMEA111345356	1	9962240	14278	0.5140594059405941
ERX10195019	PRJEB55916	SAMEA111345357	1	11540611	14992	0.5397659765976598
ERX10195020	PRJEB55916	SAMEA111345358	1	11441190	15011	0.5404500450045004
ERX10195021	PRJEB55916	SAMEA111345359	1	11414856	15005	0.5402340234023403
ERX10195022	PRJEB55916	SAMEA111345360	1	11499870	14983	0.5394419441944195
ERX10195023	PRJEB55916	SAMEA111345361	1	10294468	14943	0.538001800180018
ERX10195024	PRJEB55916	SAMEA111345362	1	10275254	14971	0.539009900990099
ERX10195025	PRJEB55916	SAMEA111345363	1	10302805	14924	0.5373177317731773
ERX10195026	PRJEB55916	SAMEA111345364	1	9008384	12068	0.4344914491449145
ERX10195027	PRJEB55916	SAMEA111345365	1	8945158	12062	0.4342754275427543
ERX10195028	PRJEB55916	SAMEA111345366	1	8813752	12055	0.434023402340234
ERX10195029	PRJEB55916	SAMEA111345367	1	8661337	12035	0.4333033303330333
ERX10195030	PRJEB55916	SAMEA111345368	1	11786414	13111	0.47204320432043206
ERX10195031	PRJEB55916	SAMEA111345369	1	11683754	13118	0.4722952295229523
ERX10195032	PRJEB55916	SAMEA111345370	1	11625689	13125	0.47254725472547254
ERX10195033	PRJEB55916	SAMEA111345371	1	11660710	13073	0.4706750675067507
ERX10195034	PRJEB55916	SAMEA111345372	1	9147547	13850	0.49864986498649866
ERX10195035	PRJEB55916	SAMEA111345373	1	9118967	13833	0.49803780378037804
ERX10195036	PRJEB55916	SAMEA111345374	1	9079135	13836	0.4981458145814581
ERX10195037	PRJEB55916	SAMEA111345375	1	9115001	13794	0.49663366336633663
ERX10195038	PRJEB55916	SAMEA111345376	1	10950541	12460	0.4486048604860486
ERX10195039	PRJEB55916	SAMEA111345377	1	10855092	12459	0.4485688568856886
ERX10195040	PRJEB55916	SAMEA111345378	1	10734065	12451	0.4482808280828083
ERX10195041	PRJEB55916	SAMEA111345379	1	10735608	12438	0.4478127812781278
ERX10195042	PRJEB55916	SAMEA111345380	1	10610162	14385	0.5179117911791179
ERX10195043	PRJEB55916	SAMEA111345381	1	10456556	14399	0.5184158415841584
ERX10195044	PRJEB55916	SAMEA111345382	1	10413640	14369	0.5173357335733574
ERX10195045	PRJEB55916	SAMEA111345383	1	10435178	14378	0.5176597659765977
ERX10195046	PRJEB55916	SAMEA111345384	1	8328724	14305	0.515031503150315
ERX10195047	PRJEB55916	SAMEA111345385	1	8214731	14327	0.5158235823582358
ERX10195048	PRJEB55916	SAMEA111345386	1	8199089	14284	0.5142754275427542
ERX10195049	PRJEB55916	SAMEA111345387	1	8256147	14272	0.5138433843384338
ERX10195050	PRJEB55916	SAMEA111345388	1	8124728	13748	0.49497749774977495
ERX10195051	PRJEB55916	SAMEA111345389	1	8050028	13770	0.49576957695769575
ERX10195052	PRJEB55916	SAMEA111345390	1	7971932	13703	0.4933573357335734
ERX10195053	PRJEB55916	SAMEA111345391	1	7980086	13705	0.4934293429342934
ERX10195054	PRJEB55916	SAMEA111345392	1	6445738	14197	0.5111431143114311
ERX10195055	PRJEB55916	SAMEA111345393	1	6344324	14179	0.5104950495049505
ERX10195056	PRJEB55916	SAMEA111345394	1	6304260	14166	0.51002700270027
ERX10195057	PRJEB55916	SAMEA111345395	1	6354049	14151	0.5094869486948694
ERX14404618	PRJEB89701	SAMEA118334018	1	9894896	17313	0.6233303330333033
ERX14404619	PRJEB89701	SAMEA118334019	1	9654080	17470	0.628982898289829
ERX14404620	PRJEB89701	SAMEA118334020	1	9727689	17232	0.6204140414041404
ERX14404621	PRJEB89701	SAMEA118334021	1	10352310	17418	0.6271107110711072
ERX14404622	PRJEB89701	SAMEA118334022	1	9100986	17183	0.6186498649864987
ERX14404623	PRJEB89701	SAMEA118334023	1	7643825	16810	0.6052205220522052
ERX14404624	PRJEB89701	SAMEA118334024	1	8361433	16590	0.5972997299729973
ERX14404625	PRJEB89701	SAMEA118334025	1	9494932	16830	0.6059405940594059
ERX14404626	PRJEB89701	SAMEA118334026	1	7106150	16135	0.580918091809181
ERX14404627	PRJEB89701	SAMEA118334027	1	7129286	16018	0.5767056705670567
ERX14404628	PRJEB89701	SAMEA118334028	1	11071476	16752	0.6031323132313231
ERX14404629	PRJEB89701	SAMEA118334029	1	9796738	17236	0.6205580558055805
ERX14404630	PRJEB89701	SAMEA118334030	1	9963514	16611	0.598055805580558
ERX14404631	PRJEB89701	SAMEA118334031	1	10810102	17113	0.6161296129612961
ERX14404632	PRJEB89701	SAMEA118334032	1	10112256	16940	0.6099009900990099
ERX14404633	PRJEB89701	SAMEA118334033	1	11917390	17210	0.6196219621962196
ERX14404634	PRJEB89701	SAMEA118334034	1	12198374	17167	0.618073807380738
ERX14404635	PRJEB89701	SAMEA118334035	1	8743968	16372	0.5894509450945095
ERX14404636	PRJEB89701	SAMEA118334036	1	8895106	16452	0.5923312331233124
ERX14404637	PRJEB89701	SAMEA118334037	1	6189646	15996	0.5759135913591359
ERX14404638	PRJEB89701	SAMEA118334038	1	10114674	16690	0.6009000900090009
ERX14404639	PRJEB89701	SAMEA118334039	1	10960009	17037	0.6133933393339334
ERX14404640	PRJEB89701	SAMEA118334040	1	9090436	17098	0.6155895589558956
ERX14404641	PRJEB89701	SAMEA118334041	1	9099738	16777	0.604032403240324
ERX14404642	PRJEB89701	SAMEA118334042	1	10396526	16808	0.6051485148514851
ERX14404643	PRJEB89701	SAMEA118334043	1	11241392	16836	0.6061566156615662
ERX14404651	PRJEB89701	SAMEA118334051	1	10216581	17259	0.6213861386138614
ERX14404662	PRJEB89701	SAMEA118334062	1	8508900	16290	0.5864986498649865
ERX14404673	PRJEB89701	SAMEA118334073	1	7863893	16182	0.5826102610261026
ERX14404684	PRJEB89701	SAMEA118334084	1	9161381	16431	0.5915751575157516
ERX14404695	PRJEB89701	SAMEA118334095	1	8005874	16415	0.590999099909991
ERX14404705	PRJEB89701	SAMEA118334105	1	9469820	17484	0.6294869486948695
ERX16120883	PRJEB108721	SAMEA121759863	1	25900952	16850	0.6066606660666066
ERX16120884	PRJEB108721	SAMEA121759864	1	21731046	17037	0.6133933393339334
ERX16120885	PRJEB108721	SAMEA121759865	1	25130954	17109	0.615985598559856
ERX16120886	PRJEB108721	SAMEA121759866	1	26998968	17348	0.6245904590459046
ERX16120887	PRJEB108721	SAMEA121759867	1	28500040	17475	0.6291629162916291
ERX16120888	PRJEB108721	SAMEA121759868	1	24004812	18162	0.6538973897389739
ERX16120889	PRJEB108721	SAMEA121759869	1	35587438	18976	0.6832043204320432
ERX16120890	PRJEB108721	SAMEA121759870	1	24790233	18429	0.6635103510351035
ERX16120891	PRJEB108721	SAMEA121759871	1	29630990	17003	0.6121692169216921
ERX16120892	PRJEB108721	SAMEA121759872	1	21333021	16915	0.609000900090009
ERX16120893	PRJEB108721	SAMEA121759873	1	28328776	17211	0.6196579657965796
ERX16120894	PRJEB108721	SAMEA121759874	1	25244543	17272	0.6218541854185419
ERX16120895	PRJEB108721	SAMEA121759875	1	28991811	17646	0.6353195319531953
ERX16120896	PRJEB108721	SAMEA121759876	1	20764899	17868	0.6433123312331233
ERX16120897	PRJEB108721	SAMEA121759877	1	27265115	18330	0.6599459945994599
ERX16120898	PRJEB108721	SAMEA121759878	1	25845322	18243	0.6568136813681368
ERX16120899	PRJEB108721	SAMEA121759879	1	27927410	16952	0.6103330333033303
ERX16120900	PRJEB108721	SAMEA121759880	1	22897691	16852	0.6067326732673267
ERX16120901	PRJEB108721	SAMEA121759881	1	29059021	17333	0.624050405040504
ERX16120902	PRJEB108721	SAMEA121759882	1	29146918	17461	0.6286588658865887
ERX16120903	PRJEB108721	SAMEA121759883	1	26193987	17427	0.6274347434743475
ERX16120904	PRJEB108721	SAMEA121759884	1	23563191	17564	0.6323672367236723
ERX16120905	PRJEB108721	SAMEA121759885	1	26361913	17929	0.6455085508550855
ERX16120906	PRJEB108721	SAMEA121759886	1	25628972	18157	0.6537173717371737
ERX2043467	PRJEB14303	SAMEA4467461	1	34695284	15938	0.5738253825382539
ERX2043468	PRJEB14303	SAMEA4467462	1	31675986	16801	0.6048964896489649
ERX2043469	PRJEB14303	SAMEA4467463	1	27293028	16119	0.5803420342034203
ERX2043470	PRJEB14303	SAMEA4467464	1	21985470	16144	0.5812421242124213
ERX2043471	PRJEB14303	SAMEA4467465	1	25654069	16200	0.5832583258325833
ERX2043472	PRJEB14303	SAMEA4467466	1	18581264	16136	0.5809540954095409
ERX2043473	PRJEB14303	SAMEA4467467	1	29511262	16470	0.592979297929793
ERX2609474	PRJEB9291	SAMEA4681446	1	24733953	17719	0.6379477947794779
ERX2609475	PRJEB9291	SAMEA4681447	1	33601683	18094	0.6514491449144915
ERX2609476	PRJEB9291	SAMEA4681448	1	24736292	17828	0.6418721872187219
ERX2609477	PRJEB9291	SAMEA4681449	1	17087719	16462	0.5926912691269127
ERX2609478	PRJEB9291	SAMEA4681450	1	22111244	17640	0.6351035103510351
ERX2609479	PRJEB9291	SAMEA4681451	1	28584672	18409	0.6627902790279028
ERX2609480	PRJEB9291	SAMEA4681452	1	26803041	19190	0.6909090909090909
ERX2609481	PRJEB9291	SAMEA4681453	1	24508986	19028	0.6850765076507651
ERX2609482	PRJEB9291	SAMEA4681454	1	20307528	18997	0.683960396039604
ERX3004241	PRJEB30364	SAMEA5176886	1	26463698	17417	0.6270747074707471
ERX3004242	PRJEB30364	SAMEA5176887	1	22442434	17141	0.6171377137713772
ERX3004243	PRJEB30364	SAMEA5176888	1	21310732	17046	0.6137173717371737
ERX3004244	PRJEB30364	SAMEA5176889	1	22670098	17037	0.6133933393339334
ERX3004245	PRJEB30364	SAMEA5176890	1	21066344	17017	0.6126732673267327
ERX3004246	PRJEB30364	SAMEA5176891	1	23874633	17268	0.6217101710171017
ERX3004247	PRJEB30364	SAMEA5176892	1	22822158	17189	0.6188658865886588
ERX3004248	PRJEB30364	SAMEA5176893	1	20000531	16907	0.6087128712871287
ERX3004249	PRJEB30364	SAMEA5176894	1	21389423	17027	0.613033303330333
ERX3004250	PRJEB30364	SAMEA5176895	1	20162118	16930	0.6095409540954095
ERX3004251	PRJEB30364	SAMEA5176896	1	20544506	16988	0.6116291629162917
ERX3004252	PRJEB30364	SAMEA5176897	1	20837357	17255	0.6212421242124212
ERX3004253	PRJEB30364	SAMEA5176898	1	22159597	17075	0.6147614761476148
ERX3004254	PRJEB30364	SAMEA5176899	1	21659800	17047	0.6137533753375337
ERX3004255	PRJEB30364	SAMEA5176900	1	20729034	16934	0.6096849684968497
ERX3004256	PRJEB30364	SAMEA5176901	1	22164925	17054	0.614005400540054
ERX3004257	PRJEB30364	SAMEA5176902	1	21063878	17116	0.6162376237623762
ERX3004258	PRJEB30364	SAMEA5176903	1	19623385	16806	0.605076507650765
ERX3398172	PRJEB33024	SAMEA5713989	1	19049532	16607	0.5979117911791179
ERX3398173	PRJEB33024	SAMEA5713990	1	20692955	16648	0.5993879387938794
ERX3398174	PRJEB33024	SAMEA5713991	1	19383175	17447	0.6281548154815482
ERX3398175	PRJEB33024	SAMEA5713992	1	18402792	16535	0.5953195319531953
ERX3398176	PRJEB33024	SAMEA5713993	1	17506677	16692	0.600972097209721
ERX3398177	PRJEB33024	SAMEA5713994	1	19609907	17142	0.6171737173717372
ERX3398178	PRJEB33024	SAMEA5713995	1	19588523	17841	0.6423402340234023
ERX3398179	PRJEB33024	SAMEA5713996	1	17493582	17612	0.6340954095409541
ERX3398180	PRJEB33024	SAMEA5713997	1	18490584	18080	0.6509450945094509
ERX3398181	PRJEB33024	SAMEA5713998	1	18167913	18048	0.6497929792979298
ERX332409	PRJEB4847	SAMEA2242009	1	14090759	16341	0.5883348334833484
ERX332410	PRJEB4847	SAMEA2242009	1	13624784	16348	0.5885868586858686
ERX3659832	PRJEB35183	SAMEA6235195	1	285038	9234	0.33245724572457247
ERX3659833	PRJEB35183	SAMEA6235196	1	275106	9881	0.35575157515751576
ERX3659834	PRJEB35183	SAMEA6235197	1	317481	10203	0.36734473447344734
ERX3659835	PRJEB35183	SAMEA6235198	1	376758	10375	0.37353735373537356
ERX3659836	PRJEB35183	SAMEA6235199	1	268173	9926	0.3573717371737174
ERX3659837	PRJEB35183	SAMEA6235200	1	371687	10186	0.3667326732673267
ERX3659838	PRJEB35183	SAMEA6235201	1	676825	10827	0.3898109810981098
ERX3659839	PRJEB35183	SAMEA6235202	1	533290	10630	0.3827182718271827
ERX3659840	PRJEB35183	SAMEA6235203	1	339214	10244	0.36882088208820885
ERX3659841	PRJEB35183	SAMEA6235204	1	354608	9954	0.35837983798379835
ERX3659842	PRJEB35183	SAMEA6235205	1	330389	9617	0.34624662466246625
ERX3659843	PRJEB35183	SAMEA6235206	1	342791	10310	0.3711971197119712
ERX3659844	PRJEB35183	SAMEA6235207	1	431602	10451	0.3762736273627363
ERX3975423	PRJEB37009	SAMEA6602844	1	21909203	17461	0.6286588658865887
ERX3975424	PRJEB37009	SAMEA6602845	1	21674377	17416	0.6270387038703871
ERX3975425	PRJEB37009	SAMEA6602846	1	22222867	17001	0.6120972097209721
ERX3975426	PRJEB37009	SAMEA6602847	1	20063296	16873	0.6074887488748875
ERX3975427	PRJEB37009	SAMEA6602848	1	22779191	17196	0.6191179117911791
ERX3975428	PRJEB37009	SAMEA6602849	1	24217137	17295	0.6226822682268227
ERX3975429	PRJEB37009	SAMEA6602850	1	20572722	16763	0.6035283528352835
ERX3975430	PRJEB37009	SAMEA6602851	1	20133468	16788	0.6044284428442844
ERX3975431	PRJEB37009	SAMEA6602852	1	20337615	16268	0.5857065706570657
ERX3975432	PRJEB37009	SAMEA6602853	1	21726613	16404	0.5906030603060306
ERX3975433	PRJEB37009	SAMEA6602854	1	21049098	15946	0.5741134113411341
ERX3975434	PRJEB37009	SAMEA6602855	1	21361327	15928	0.5734653465346534
ERX4147361	PRJEB38542	SAMEA6870271	1	40801876	17253	0.6211701170117012
ERX4147362	PRJEB38542	SAMEA6870272	1	31607268	17053	0.613969396939694
ERX4147363	PRJEB38542	SAMEA6870273	1	31321172	17347	0.6245544554455446
ERX4147364	PRJEB38542	SAMEA6870274	1	34095576	17466	0.6288388838883888
ERX4147365	PRJEB38542	SAMEA6870275	1	30262296	17349	0.6246264626462646
ERX4147366	PRJEB38542	SAMEA6870276	1	29665554	17157	0.6177137713771377
ERX4147367	PRJEB38542	SAMEA6870277	1	26996870	17002	0.6121332133213321
ERX4147368	PRJEB38542	SAMEA6870278	1	32443196	17249	0.621026102610261
ERX4147369	PRJEB38542	SAMEA6870279	1	25857993	17175	0.6183618361836184
ERX4147370	PRJEB38542	SAMEA6870280	1	29787982	17510	0.6304230423042304
ERX4147371	PRJEB38542	SAMEA6870281	1	35931650	17553	0.631971197119712
ERX4147372	PRJEB38542	SAMEA6870282	1	33079614	17330	0.623942394239424
ERX4147373	PRJEB38542	SAMEA6870283	1	41707908	17570	0.6325832583258326
ERX4147374	PRJEB38542	SAMEA6870284	1	43254048	17739	0.6386678667866786
ERX4268279	PRJEB39258	SAMEA7040950	1	37197710	17035	0.6133213321332133
ERX4268280	PRJEB39258	SAMEA7040959	1	36218616	17185	0.6187218721872187
ERX4268281	PRJEB39258	SAMEA7040968	1	34583918	17071	0.6146174617461746
ERX4268282	PRJEB39258	SAMEA7040949	1	37449648	17471	0.629018901890189
ERX4268283	PRJEB39258	SAMEA7040958	1	41863362	17562	0.6322952295229523
ERX4268284	PRJEB39258	SAMEA7040967	1	39153804	17474	0.6291269126912691
ERX4268285	PRJEB39258	SAMEA7040948	1	40952444	17328	0.6238703870387039
ERX4268286	PRJEB39258	SAMEA7040957	1	37373746	17233	0.6204500450045004
ERX4268287	PRJEB39258	SAMEA7040966	1	38072706	17339	0.6242664266426643
ERX4268288	PRJEB39258	SAMEA7040951	1	33041456	17275	0.621962196219622
ERX4268289	PRJEB39258	SAMEA7040960	1	38793321	17516	0.6306390639063907
ERX4268290	PRJEB39258	SAMEA7040969	1	37201199	17383	0.6258505850585059
ERX4268291	PRJEB39258	SAMEA7040952	1	37029937	16896	0.6083168316831683
ERX4268292	PRJEB39258	SAMEA7040961	1	37076005	17002	0.6121332133213321
ERX4268293	PRJEB39258	SAMEA7040970	1	36181973	16926	0.6093969396939694
ERX4268294	PRJEB39258	SAMEA7040944	1	34997257	16947	0.6101530153015301
ERX4268295	PRJEB39258	SAMEA7040953	1	37228062	17009	0.6123852385238524
ERX4268296	PRJEB39258	SAMEA7040962	1	37969291	16983	0.6114491449144914
ERX4268297	PRJEB39258	SAMEA7040945	1	40683237	17102	0.6157335733573357
ERX4268298	PRJEB39258	SAMEA7040954	1	42107892	16889	0.6080648064806481
ERX4268299	PRJEB39258	SAMEA7040963	1	40498933	16934	0.6096849684968497
ERX4268300	PRJEB39258	SAMEA7040947	1	39021752	16989	0.6116651665166517
ERX4268301	PRJEB39258	SAMEA7040956	1	36830939	17022	0.6128532853285329
ERX4268302	PRJEB39258	SAMEA7040965	1	39601119	16990	0.6117011701170117
ERX4268303	PRJEB39258	SAMEA7040946	1	39184854	17206	0.6194779477947795
ERX4268304	PRJEB39258	SAMEA7040955	1	36897854	17167	0.618073807380738
ERX4268305	PRJEB39258	SAMEA7040964	1	36749760	17224	0.6201260126012601
ERX6987504	PRJEB48931	SAMEA11293139	1	35822181	18541	0.6675427542754275
ERX6987505	PRJEB48931	SAMEA11293140	1	40656849	18738	0.6746354635463546
ERX6987506	PRJEB48931	SAMEA11293141	1	36336927	18698	0.6731953195319532
ERX6987507	PRJEB48931	SAMEA11293142	1	39387462	18831	0.677983798379838
ERX6987508	PRJEB48931	SAMEA11293143	1	33694621	18498	0.665994599459946
ERX6987509	PRJEB48931	SAMEA11293144	1	33440480	18283	0.6582538253825383
ERX6987510	PRJEB48931	SAMEA11293145	1	33282036	18278	0.6580738073807381
ERX6987511	PRJEB48931	SAMEA11293146	1	35209205	18641	0.6711431143114311
ERX7572626	PRJEB49939	SAMEA12293228	1	25424573	17096	0.6155175517551755
ERX7572627	PRJEB49939	SAMEA12293227	1	21286750	16934	0.6096849684968497
SRX7182892	PRJNA590486	SAMN13327513	1	23724353	19487	0.7016021602160216
SRX7182893	PRJNA590486	SAMN13327508	1	23571136	19467	0.7008820882088209
SRX7182894	PRJNA590486	SAMN13327506	1	17877474	18104	0.6518091809180918
SRX7182895	PRJNA590486	SAMN13327504	1	19360146	18656	0.6716831683168317
SRX7182896	PRJNA590486	SAMN13327503	1	19884626	18567	0.6684788478847885
SRX7182897	PRJNA590486	SAMN13327512	1	18423479	18209	0.6555895589558955
SRX7182898	PRJNA590486	SAMN13327510	1	15726803	20610	0.742034203420342
SRX7182899	PRJNA590486	SAMN13327509	1	14412344	19941	0.7179477947794779
SRX7182900	PRJNA590486	SAMN13327501	1	18016446	19824	0.7137353735373537
SRX7182901	PRJNA590486	SAMN13327500	1	19262652	20239	0.7286768676867686
SRX7182902	PRJNA590486	SAMN13327498	1	15721651	19654	0.7076147614761477
SRX7182904	PRJNA590486	SAMN13327545	1	16744010	20408	0.7347614761476148
SRX7182905	PRJNA590486	SAMN13327544	1	15302729	19659	0.7077947794779478
SRX7182906	PRJNA590486	SAMN13327543	1	20130254	18653	0.6715751575157516
SRX7182907	PRJNA590486	SAMN13327542	1	19631462	18562	0.6682988298829883
SRX7182934	PRJNA590485	SAMN13327598	1	210955	11191	0.4029162916291629
SRX7182935	PRJNA590485	SAMN13327597	1	8163175	15722	0.566048604860486
SRX7182936	PRJNA590485	SAMN13327596	1	5407994	13923	0.5012781278127812
SRX7182937	PRJNA590485	SAMN13327595	1	10878569	16855	0.6068406840684069
SRX7182938	PRJNA590485	SAMN13327594	1	11732768	16968	0.610909090909091
SRX7182939	PRJNA590485	SAMN13327593	1	11596249	17113	0.6161296129612961
SRX7182940	PRJNA590485	SAMN13327592	1	1173664	11828	0.42585058505850587
SRX7182941	PRJNA590485	SAMN13327591	1	2186703	11465	0.4127812781278128
SRX7182942	PRJNA590485	SAMN13327590	1	1363758	11327	0.4078127812781278
SRX7182943	PRJNA590485	SAMN13327589	1	6221330	14932	0.5376057605760576
SRX7182944	PRJNA590485	SAMN13327549	1	14186090	15514	0.5585598559855985
SRX7182945	PRJNA590485	SAMN13327588	1	1168067	10924	0.39330333033303333
SRX7182946	PRJNA590485	SAMN13327587	1	12674475	17550	0.6318631863186318
SRX7182947	PRJNA590485	SAMN13327586	1	11225403	17492	0.6297749774977498
SRX7182948	PRJNA590485	SAMN13327585	1	12874369	17776	0.64
SRX7182949	PRJNA590485	SAMN13327584	1	2467063	12135	0.4369036903690369
SRX7182950	PRJNA590485	SAMN13327583	1	1233854	12129	0.4366876687668767
SRX7182951	PRJNA590485	SAMN13327582	1	11308880	15555	0.56003600360036
SRX7182952	PRJNA590485	SAMN13327581	1	17015098	17311	0.6232583258325832
SRX7182953	PRJNA590485	SAMN13327579	1	6263106	13584	0.48907290729072905
SRX7182954	PRJNA590485	SAMN13327577	1	19582833	18021	0.6488208820882089
SRX7182955	PRJNA590485	SAMN13327575	1	14219718	18004	0.6482088208820882
SRX7182956	PRJNA590485	SAMN13327574	1	14679099	17906	0.6446804680468047
SRX7182957	PRJNA590485	SAMN13327572	1	13338631	17796	0.6407200720072007
SRX7182958	PRJNA590485	SAMN13327571	1	8105841	16105	0.5798379837983798
SRX7182959	PRJNA590485	SAMN13327568	1	8538349	15608	0.561944194419442
SRX7182960	PRJNA590485	SAMN13327566	1	15762032	17414	0.626966696669667
SRX7182961	PRJNA590485	SAMN13327565	1	18033613	17258	0.6213501350135013
SRX7182962	PRJNA590485	SAMN13327563	1	15770027	17100	0.6156615661566157
SRX7182963	PRJNA590485	SAMN13327561	1	13715178	16907	0.6087128712871287
SRX7182964	PRJNA590485	SAMN13327560	1	14505579	17232	0.6204140414041404
SRX7182965	PRJNA590485	SAMN13327558	1	13902806	17375	0.6255625562556255
SRX7182966	PRJNA590485	SAMN13327555	1	11356482	17013	0.6125292529252925
SRX7182967	PRJNA590485	SAMN13327553	1	12200421	16092	0.5793699369936993
SRX7182968	PRJNA590485	SAMN13327552	1	12879788	16198	0.5831863186318632
SRX7182969	PRJNA590485	SAMN13327551	1	13535918	15934	0.5736813681368137
SRX7254149	PRJNA593052	SAMN13451146	1	40452477	18704	0.6734113411341134
SRX7254148	PRJNA593052	SAMN13451145	1	37754596	18727	0.6742394239423942
SRX7254147	PRJNA593052	SAMN13451144	1	42334204	18831	0.677983798379838
SRX7254146	PRJNA593052	SAMN13451143	1	38082436	18872	0.6794599459945995
SRX7254145	PRJNA593052	SAMN13451142	1	44218074	19266	0.6936453645364536
SRX7254144	PRJNA593052	SAMN13451141	1	40775464	19220	0.691989198919892
SRX7254143	PRJNA593052	SAMN13451140	1	26836277	18743	0.6748154815481548
SRX7254142	PRJNA593052	SAMN13451139	1	38269183	19140	0.689108910891089
SRX7347961	PRJNA594947	SAMN13541379	1	31905754	16700	0.6012601260126013
SRX7347962	PRJNA594947	SAMN13541378	1	27978688	16472	0.5930513051305131
SRX7347963	PRJNA594947	SAMN13541384	1	25985559	16349	0.5886228622862286
SRX7347964	PRJNA594947	SAMN13541377	1	21799689	16027	0.577029702970297
SRX7656770	PRJNA604220	SAMN13957915	4	15208087	15330	0.5519351935193519
SRX7656771	PRJNA604220	SAMN13957914	4	16017072	15843	0.5704050405040504
SRX7656772	PRJNA604220	SAMN13957913	4	14470765	15884	0.5718811881188118
SRX7656773	PRJNA604220	SAMN13957912	4	16259878	15388	0.5540234023402341
SRX7656774	PRJNA604220	SAMN13957911	4	16857058	15868	0.5713051305130513
SRX7656775	PRJNA604220	SAMN13957910	4	14412149	15750	0.5670567056705671
SRX7656776	PRJNA604220	SAMN13957909	4	23573220	15694	0.5650405040504051
SRX7656777	PRJNA604220	SAMN13957908	4	18019142	15610	0.562016201620162
SRX7656778	PRJNA604220	SAMN13957907	4	14487868	15666	0.564032403240324
SRX7656779	PRJNA604220	SAMN13957906	4	15968360	15265	0.5495949594959496
SRX7656780	PRJNA604220	SAMN13957905	4	15674833	15400	0.5544554455445545
SRX7656781	PRJNA604220	SAMN13957904	4	17590904	16036	0.5773537353735374
SRX7656782	PRJNA604220	SAMN13957903	4	17768339	15058	0.5421422142214222
SRX7656783	PRJNA604220	SAMN13957902	4	17843362	15241	0.5487308730873087
SRX7656784	PRJNA604220	SAMN13957901	4	19814168	16092	0.5793699369936993
SRX7656785	PRJNA604220	SAMN13957900	4	18786737	15084	0.543078307830783
SRX7656786	PRJNA604220	SAMN13957899	4	18482571	14988	0.5396219621962196
SRX7656787	PRJNA604220	SAMN13957898	4	30914650	16330	0.587938793879388
SRX7805411	PRJNA599947	SAMN13762564	1	23492435	16949	0.6102250225022502
SRX7805410	PRJNA599947	SAMN13762563	1	28606588	17262	0.6214941494149415
SRX7805409	PRJNA599947	SAMN13762562	1	25021530	16987	0.6115931593159316
SRX7805408	PRJNA599947	SAMN13762561	1	23096014	16900	0.6084608460846085
SRX7805407	PRJNA599947	SAMN13762560	1	23513325	16582	0.597011701170117
SRX7805406	PRJNA599947	SAMN13762559	1	25406132	16509	0.5943834383438343
SRX7805404	PRJNA599947	SAMN13762557	1	23168798	16349	0.5886228622862286
SRX7805403	PRJNA599947	SAMN13762568	1	25563394	18278	0.6580738073807381
SRX7805402	PRJNA599947	SAMN13762567	1	33737378	18136	0.652961296129613
SRX7805405	PRJNA599947	SAMN13762558	1	25474136	16512	0.5944914491449145
SRX7805401	PRJNA599947	SAMN13762566	1	29105189	17844	0.6424482448244825
SRX7805400	PRJNA599947	SAMN13762565	1	30324744	17916	0.645040504050405
SRX7805399	PRJNA599947	SAMN13762556	1	23936861	16729	0.6023042304230423
SRX7805398	PRJNA599947	SAMN13762555	1	26836990	16718	0.6019081908190819
SRX7952186	PRJNA613438	SAMN14404311	1	23979167	16736	0.6025562556255626
SRX7952185	PRJNA613438	SAMN14404310	1	25353836	16823	0.6056885688568857
SRX7952184	PRJNA613438	SAMN14404309	1	19528746	16578	0.5968676867686769
SRX7952183	PRJNA613438	SAMN14404308	1	19833622	16560	0.5962196219621962
SRX7952182	PRJNA613438	SAMN14404307	1	17708329	16375	0.5895589558955896
SRX7952181	PRJNA613438	SAMN14404306	1	17072444	16271	0.5858145814581458
SRX7952180	PRJNA613438	SAMN14404305	1	17634019	16319	0.5875427542754276
SRX7952179	PRJNA613438	SAMN14404304	1	19943974	16328	0.5878667866786679
SRX7952178	PRJNA613438	SAMN14404318	1	32818889	17428	0.6274707470747075
SRX7952177	PRJNA613438	SAMN14404317	1	26647878	16953	0.6103690369036904
SRX7952176	PRJNA613438	SAMN14404316	1	21471745	16568	0.5965076507650765
SRX7952175	PRJNA613438	SAMN14404315	1	56156028	17923	0.6452925292529252
SRX7952174	PRJNA613438	SAMN14404314	1	18096894	16321	0.5876147614761477
SRX7952173	PRJNA613438	SAMN14404313	1	18222763	16286	0.5863546354635464
SRX7952172	PRJNA613438	SAMN14404312	1	21586483	16630	0.5987398739873987
SRX7952171	PRJNA613438	SAMN14404303	1	17558418	16083	0.579045904590459
SRX7952170	PRJNA613438	SAMN14404302	1	32896246	17030	0.6131413141314132
SRX8280955	PRJNA630824	SAMN14845996	1	11115673	15121	0.5444104410441044
SRX8280954	PRJNA630824	SAMN14845995	1	14447726	15459	0.5565796579657966
SRX8280953	PRJNA630824	SAMN14846004	1	10199674	14998	0.53998199819982
SRX8280952	PRJNA630824	SAMN14846003	1	11707276	15325	0.5517551755175517
SRX8280951	PRJNA630824	SAMN14846002	1	10089922	15170	0.5461746174617462
SRX8280950	PRJNA630824	SAMN14846001	1	10504181	15207	0.5475067506750675
SRX8280949	PRJNA630824	SAMN14846000	1	10095048	15133	0.5448424842484249
SRX8280948	PRJNA630824	SAMN14845999	1	11145672	15283	0.5502430243024302
SRX8280947	PRJNA630824	SAMN14845998	1	11568399	15356	0.5528712871287129
SRX8280946	PRJNA630824	SAMN14846024	1	10733759	15489	0.5576597659765976
SRX8280945	PRJNA630824	SAMN14846023	1	10997264	15532	0.5592079207920793
SRX8280944	PRJNA630824	SAMN14846022	1	9857153	15476	0.5571917191719172
SRX8280943	PRJNA630824	SAMN14846021	1	9509680	15229	0.5482988298829883
SRX8280942	PRJNA630824	SAMN14846020	1	10493790	15356	0.5528712871287129
SRX8280941	PRJNA630824	SAMN14846019	1	12258130	15650	0.5634563456345635
SRX8280940	PRJNA630824	SAMN14846018	1	10461475	15195	0.547074707470747
SRX8280939	PRJNA630824	SAMN14846017	1	10697062	15213	0.5477227722772278
SRX8280938	PRJNA630824	SAMN14846016	1	13222296	15364	0.5531593159315932
SRX8280937	PRJNA630824	SAMN14846015	1	10144994	15174	0.5463186318631863
SRX8280936	PRJNA630824	SAMN14845997	1	12308267	15152	0.5455265526552655
SRX8280935	PRJNA630824	SAMN14846014	1	11097508	15290	0.5504950495049505
SRX8280934	PRJNA630824	SAMN14846013	1	12994068	15466	0.5568316831683169
SRX8280933	PRJNA630824	SAMN14846012	1	10355620	15174	0.5463186318631863
SRX8280932	PRJNA630824	SAMN14846011	1	12021138	15306	0.5510711071107111
SRX8280931	PRJNA630824	SAMN14846010	1	11026853	15200	0.5472547254725473
SRX8280930	PRJNA630824	SAMN14846009	1	11238495	15177	0.5464266426642664
SRX8280929	PRJNA630824	SAMN14846008	1	10904429	15074	0.5427182718271827
SRX8280928	PRJNA630824	SAMN14846007	1	9950198	14855	0.5348334833483348
SRX8280927	PRJNA630824	SAMN14846006	1	10371861	15036	0.5413501350135014
SRX8280926	PRJNA630824	SAMN14846005	1	10966403	15106	0.5438703870387038
SRX8707288	PRJNA645419	SAMN15504221	1	73893014	17209	0.6195859585958596
SRX8707287	PRJNA645419	SAMN15504221	1	69609893	17099	0.6156255625562557
SRX8707286	PRJNA645419	SAMN15504221	1	72261433	17063	0.6143294329432943
SRX8707283	PRJNA645419	SAMN15504220	1	71995502	17698	0.6371917191719172
SRX8707282	PRJNA645419	SAMN15504220	1	77407090	17731	0.6383798379837984
SRX8707281	PRJNA645419	SAMN15504220	1	74884362	17782	0.6402160216021602
SRX9074579	PRJNA661407	SAMN16057385	1	15502829	15676	0.5643924392439243
SRX9074578	PRJNA661407	SAMN16057385	1	18120237	15933	0.5736453645364537
SRX9074577	PRJNA661407	SAMN16057385	1	13861289	15531	0.5591719171917192
SRX9074576	PRJNA661407	SAMN16057385	1	16475572	15699	0.5652205220522052
SRX9101117	PRJNA662582	SAMN16089553	2	63493549	16332	0.5880108010801081
SRX9101118	PRJNA662582	SAMN16089552	2	64731551	16620	0.5983798379837983
SRX9101119	PRJNA662582	SAMN16089551	2	74424841	17169	0.6181458145814581
SRX9101120	PRJNA662582	SAMN16089550	2	72769722	16790	0.6045004500450045
SRX9101121	PRJNA662582	SAMN16089549	4	133035037	17758	0.6393519351935194
SRX9101122	PRJNA662582	SAMN16089547	2	68697373	16545	0.5956795679567957
SRX9101123	PRJNA662582	SAMN16089546	2	70311393	16691	0.600936093609361
SRX9101124	PRJNA662582	SAMN16089545	2	64130174	16502	0.5941314131413141
SRX9101125	PRJNA662582	SAMN16089593	2	59663513	16687	0.6007920792079208
SRX9101126	PRJNA662582	SAMN16089592	2	50063414	16466	0.5928352835283528
SRX9101127	PRJNA662582	SAMN16089591	2	53351892	16467	0.5928712871287128
SRX9101128	PRJNA662582	SAMN16089590	2	96289981	17293	0.6226102610261026
SRX9101129	PRJNA662582	SAMN16089588	4	59151773	16431	0.5915751575157516
SRX9101130	PRJNA662582	SAMN16089587	2	80944924	17057	0.6141134113411341
SRX9101131	PRJNA662582	SAMN16089586	2	65550888	16496	0.593915391539154
SRX9101132	PRJNA662582	SAMN16089585	2	53522470	17005	0.6122412241224122
SRX9101133	PRJNA662582	SAMN16089584	4	114401382	17973	0.6470927092709271
SRX9101134	PRJNA662582	SAMN16089583	2	62428878	17118	0.6163096309630963
SRX9101135	PRJNA662582	SAMN16089582	2	64014619	16814	0.6053645364536454
SRX9101136	PRJNA662582	SAMN16089581	2	75900301	16851	0.6066966696669667
SRX9101137	PRJNA662582	SAMN16089580	2	59306584	16612	0.5980918091809181
SRX9101138	PRJNA662582	SAMN16089579	2	68835868	16579	0.5969036903690369
SRX9101139	PRJNA662582	SAMN16089578	2	68260952	16675	0.6003600360036003
SRX9101140	PRJNA662582	SAMN16089597	2	55880905	16699	0.6012241224122412
SRX9101141	PRJNA662582	SAMN16089596	2	60735631	16387	0.58999099909991
SRX9101142	PRJNA662582	SAMN16089594	2	63242091	16788	0.6044284428442844
SRX11178688	PRJNA739051	SAMN19770454	1	27652935	17590	0.6333033303330333
SRX11178687	PRJNA739051	SAMN19770453	1	36391333	17738	0.6386318631863186
SRX11178686	PRJNA739051	SAMN19770453	1	33302551	17505	0.6302430243024303
SRX11178685	PRJNA739051	SAMN19770453	1	33772849	17819	0.6415481548154816
SRX11178684	PRJNA739051	SAMN19770452	1	21879800	17384	0.6258865886588659
SRX11178683	PRJNA739051	SAMN19770452	1	40017542	18208	0.6555535553555355
SRX11178682	PRJNA739051	SAMN19770452	1	27373324	17654	0.6356075607560756
SRX11178681	PRJNA739051	SAMN19770451	1	39719943	17912	0.6448964896489648
SRX11178680	PRJNA739051	SAMN19770456	1	32667246	17495	0.6298829882988299
SRX11178679	PRJNA739051	SAMN19770456	1	36007543	17707	0.6375157515751575
SRX11178678	PRJNA739051	SAMN19770456	1	32243921	17481	0.6293789378937894
SRX11178677	PRJNA739051	SAMN19770455	1	35887540	18087	0.6511971197119713
SRX11178676	PRJNA739051	SAMN19770455	1	29653792	17260	0.6214221422142214
SRX11178675	PRJNA739051	SAMN19770455	1	30983767	17708	0.6375517551755175
SRX11178674	PRJNA739051	SAMN19770454	1	35929713	17700	0.6372637263726373
SRX11178673	PRJNA739051	SAMN19770454	1	29745726	17721	0.638019801980198
SRX11178672	PRJNA739051	SAMN19770451	1	34117496	17759	0.6393879387938793
SRX11178671	PRJNA739051	SAMN19770451	1	35172791	17850	0.6426642664266426
SRX11420376	PRJNA746067	SAMN20179686	1	28512823	16495	0.5938793879387939
SRX11420375	PRJNA746067	SAMN20179674	1	8679044	15432	0.5556075607560756
SRX11420374	PRJNA746067	SAMN20179685	1	19848348	16026	0.5769936993699369
SRX11420373	PRJNA746067	SAMN20179684	1	19136129	15967	0.5748694869486949
SRX11420372	PRJNA746067	SAMN20179683	1	14011441	15446	0.5561116111611161
SRX11420371	PRJNA746067	SAMN20179682	1	16807771	15488	0.5576237623762377
SRX11420370	PRJNA746067	SAMN20179681	1	14138425	15648	0.5633843384338434
SRX11420369	PRJNA746067	SAMN20179680	1	18756362	15785	0.5683168316831683
SRX11420368	PRJNA746067	SAMN20179679	1	13555737	15394	0.5542394239423942
SRX11420367	PRJNA746067	SAMN20179678	1	12474831	15292	0.5505670567056705
SRX11420366	PRJNA746067	SAMN20179677	1	8605307	15233	0.5484428442844285
SRX11420365	PRJNA746067	SAMN20179676	1	8648077	15244	0.5488388838883889
SRX11420364	PRJNA746067	SAMN20179673	1	8820100	15412	0.5548874887488748
SRX11420363	PRJNA746067	SAMN20179672	1	8901864	15345	0.5524752475247525
SRX11420362	PRJNA746067	SAMN20179675	1	8265403	15130	0.5447344734473447
SRX11420361	PRJNA746067	SAMN20179668	1	8779937	15342	0.5523672367236724
SRX11420360	PRJNA746067	SAMN20179667	1	7669978	15251	0.5490909090909091
SRX11420359	PRJNA746067	SAMN20179666	1	9984712	15480	0.5573357335733573
SRX11420358	PRJNA746067	SAMN20179671	1	9311798	15223	0.5480828082808281
SRX11420357	PRJNA746067	SAMN20179670	1	9335730	15120	0.5443744374437444
SRX11420356	PRJNA746067	SAMN20179669	1	9653754	15243	0.5488028802880288
SRX11420355	PRJNA746067	SAMN20179695	1	21287970	16191	0.5829342934293429
SRX11420354	PRJNA746067	SAMN20179694	1	25871920	16458	0.5925472547254725
SRX11420353	PRJNA746067	SAMN20179693	1	18456736	16013	0.5765256525652566
SRX11420352	PRJNA746067	SAMN20179692	1	17130239	15895	0.5722772277227722
SRX11420351	PRJNA746067	SAMN20179691	1	12347020	15484	0.5574797479747975
SRX11420350	PRJNA746067	SAMN20179690	1	16746727	15937	0.5737893789378938
SRX11420349	PRJNA746067	SAMN20179689	1	13529954	15966	0.5748334833483348
SRX11420348	PRJNA746067	SAMN20179688	1	18063430	16154	0.5816021602160216
SRX11420347	PRJNA746067	SAMN20179687	1	24530693	16590	0.5972997299729973
SRX653805	PRJNA255418	SAMN02918450	1	17447265	16537	0.5953915391539154
SRX653806	PRJNA255418	SAMN02918451	1	18892402	17277	0.622034203420342
SRX653807	PRJNA255418	SAMN02918452	1	19357459	16593	0.5974077407740774
SRX653808	PRJNA255418	SAMN02918453	1	19530446	17017	0.6126732673267327
SRX11527351	PRJNA749145	SAMN20355394	1	3965448	13987	0.5035823582358235
SRX11527350	PRJNA749145	SAMN20355394	1	4044203	13995	0.5038703870387039
SRX11527349	PRJNA749145	SAMN20355394	1	3744382	13971	0.503006300630063
SRX11527348	PRJNA749145	SAMN20355394	1	3759470	13981	0.5033663366336634
SRX11527347	PRJNA749145	SAMN20355394	1	3694362	13953	0.5023582358235824
SRX11527346	PRJNA749145	SAMN20355394	1	3770999	13948	0.5021782178217822
SRX11527345	PRJNA749145	SAMN20355393	1	3523100	13534	0.48727272727272725
SRX11527344	PRJNA749145	SAMN20355393	1	3539738	13571	0.4886048604860486
SRX11527343	PRJNA749145	SAMN20355393	1	3477975	13512	0.48648064806480645
SRX11527342	PRJNA749145	SAMN20355394	1	4038376	14016	0.5046264626462647
SRX11527341	PRJNA749145	SAMN20355394	1	4606805	14265	0.5135913591359136
SRX11527340	PRJNA749145	SAMN20355394	1	4703577	14288	0.5144194419441944
SRX11527339	PRJNA749145	SAMN20355393	1	3547031	13533	0.48723672367236726
SRX11527338	PRJNA749145	SAMN20355393	1	3668336	13540	0.48748874887488747
SRX11527337	PRJNA749145	SAMN20355393	1	3677663	13520	0.48676867686768677
SRX11527336	PRJNA749145	SAMN20355394	1	4668971	14269	0.5137353735373538
SRX11527335	PRJNA749145	SAMN20355393	1	3616865	13516	0.48662466246624664
SRX11527334	PRJNA749145	SAMN20355393	1	3696507	13518	0.4866966696669667
SRX11527333	PRJNA749145	SAMN20355393	1	2895940	13213	0.4757155715571557
SRX11527332	PRJNA749145	SAMN20355393	1	2901925	13158	0.47373537353735373
SRX11527331	PRJNA749145	SAMN20355393	1	2860379	13217	0.47585958595859584
SRX11527330	PRJNA749145	SAMN20355393	1	2920435	13226	0.4761836183618362
SRX11527329	PRJNA749145	SAMN20355395	1	3299582	13593	0.4893969396939694
SRX11527328	PRJNA749145	SAMN20355395	1	3319452	13569	0.4885328532853285
SRX11527327	PRJNA749145	SAMN20355395	1	3258464	13582	0.489000900090009
SRX11527326	PRJNA749145	SAMN20355395	1	3320328	13531	0.48716471647164716
SRX11527325	PRJNA749145	SAMN20355394	1	4695557	14284	0.5142754275427542
SRX11527324	PRJNA749145	SAMN20355395	1	3396081	13632	0.4908010801080108
SRX11527323	PRJNA749145	SAMN20355395	1	3401274	13628	0.49065706570657064
SRX11527322	PRJNA749145	SAMN20355395	1	3339740	13579	0.4888928892889289
SRX11527321	PRJNA749145	SAMN20355395	1	3417429	13614	0.49015301530153016
SRX11527320	PRJNA749145	SAMN20355395	1	3683486	13835	0.49810981098109813
SRX11527319	PRJNA749145	SAMN20355395	1	3697821	13843	0.4983978397839784
SRX11527318	PRJNA749145	SAMN20355395	1	3631031	13783	0.49623762376237623
SRX11527317	PRJNA749145	SAMN20355395	1	3702471	13763	0.49551755175517553
SRX11527316	PRJNA749145	SAMN20355394	1	4017778	14024	0.5049144914491449
SRX11857249	PRJNA742028	SAMN20893082	1	4818077	14768	0.5317011701170117
SRX11857248	PRJNA742028	SAMN20893081	1	5578097	15201	0.5472907290729073
SRX11857247	PRJNA742028	SAMN20893080	1	5539860	15734	0.5664806480648065
SRX11857246	PRJNA742028	SAMN20893079	1	5794687	15376	0.5535913591359136
SRX11857244	PRJNA742028	SAMN20893077	1	11111013	16198	0.5831863186318632
SRX11857243	PRJNA742028	SAMN20893076	1	9641564	16063	0.5783258325832583
SRX11857242	PRJNA742028	SAMN20893075	1	8346451	15091	0.5433303330333034
SRX11857245	PRJNA742028	SAMN20893078	1	5854452	15371	0.5534113411341134
SRX11857241	PRJNA742028	SAMN20893092	1	8402211	15378	0.5536633663366337
SRX11857240	PRJNA742028	SAMN20893091	1	9304645	15583	0.5610441044104411
SRX11857239	PRJNA742028	SAMN20893090	1	9733737	15621	0.5624122412241224
SRX11857238	PRJNA742028	SAMN20893089	1	9755151	16186	0.5827542754275428
SRX11857236	PRJNA742028	SAMN20893087	1	6866427	15760	0.5674167416741674
SRX11857235	PRJNA742028	SAMN20893086	1	7132127	15026	0.540990099009901
SRX11857234	PRJNA742028	SAMN20893085	1	6968391	15109	0.543978397839784
SRX11857237	PRJNA742028	SAMN20893088	1	8301844	16038	0.5774257425742574
SRX11857233	PRJNA742028	SAMN20893084	1	6375650	14934	0.5376777677767777
SRX11857232	PRJNA742028	SAMN20893083	1	6232760	15227	0.5482268226822682
SRX11857231	PRJNA742028	SAMN20893074	1	9185655	15258	0.5493429342934294
SRX11857230	PRJNA742028	SAMN20893073	1	8747336	15245	0.5488748874887489
SRX12214016	PRJNA763926	SAMN21462896	1	18360017	15773	0.5678847884788479
SRX12214008	PRJNA763926	SAMN21462896	1	20340013	15955	0.5744374437443744
SRX12214007	PRJNA763926	SAMN21462896	1	21294997	15926	0.5733933393339334
SRX12995938	PRJNA778050	SAMN22901735	1	24429949	18567	0.6684788478847885
SRX12995937	PRJNA778050	SAMN22901734	1	24401075	19342	0.6963816381638164
SRX12995936	PRJNA778050	SAMN22901733	1	30543321	18323	0.6596939693969397
SRX12995935	PRJNA778050	SAMN22901732	1	20278971	18072	0.6506570657065707
SRX12995932	PRJNA778050	SAMN22901731	1	31201183	18546	0.6677227722772278
SRX12995921	PRJNA778050	SAMN22901730	1	32705727	18293	0.6586138613861386
SRX12995910	PRJNA778050	SAMN22901729	1	33113591	18397	0.6623582358235823
SRX12995909	PRJNA778050	SAMN22901728	1	28192744	18385	0.6619261926192619
SRX13171165	PRJNA766998	SAMN23296634	1	33348894	16363	0.5891269126912692
SRX13171164	PRJNA766998	SAMN23296634	1	32640069	16283	0.5862466246624662
SRX13171163	PRJNA766998	SAMN23296634	1	37307567	16144	0.5812421242124213
SRX13171162	PRJNA766998	SAMN23296634	1	37817143	16127	0.5806300630063006
SRX13171161	PRJNA766998	SAMN23296634	1	32170613	17297	0.6227542754275428
SRX13171160	PRJNA766998	SAMN23296634	1	34532118	17367	0.6252745274527453
SRX13171159	PRJNA766998	SAMN23296634	1	32753928	17066	0.6144374437443745
SRX13171158	PRJNA766998	SAMN23296634	1	39706589	17202	0.6193339333933393
SRX13171157	PRJNA766998	SAMN23296634	1	23526768	17099	0.6156255625562557
SRX13171156	PRJNA766998	SAMN23296634	1	29099326	17376	0.6255985598559856
SRX13171155	PRJNA766998	SAMN23296634	1	25864756	16782	0.6042124212421243
SRX13171154	PRJNA766998	SAMN23296634	1	37433829	16589	0.5972637263726372
SRX13171153	PRJNA766998	SAMN23296634	1	4508802	14867	0.5352655265526552
SRX13171152	PRJNA766998	SAMN23296634	1	19187402	16894	0.6082448244824482
SRX13171151	PRJNA766998	SAMN23296634	1	48990381	17796	0.6407200720072007
SRX13171150	PRJNA766998	SAMN23296634	1	25067925	17187	0.6187938793879388
SRX13171149	PRJNA766998	SAMN23296634	1	44972362	17284	0.6222862286228623
SRX13171148	PRJNA766998	SAMN23296634	1	33586640	17273	0.6218901890189019
SRX13171147	PRJNA766998	SAMN23296634	1	21854765	16767	0.6036723672367237
SRX13171146	PRJNA766998	SAMN23296634	1	27588871	17173	0.6182898289828983
SRX13171145	PRJNA766998	SAMN23296634	1	34783844	17233	0.6204500450045004
SRX13171144	PRJNA766998	SAMN23296634	1	53498439	17686	0.6367596759675967
SRX13171143	PRJNA766998	SAMN23296634	1	32080182	16231	0.5843744374437444
SRX13171142	PRJNA766998	SAMN23296634	1	32322162	16244	0.5848424842484249
SRX13171141	PRJNA766998	SAMN23296634	1	26404024	16144	0.5812421242124213
SRX13171140	PRJNA766998	SAMN23296634	1	21808956	16941	0.6099369936993699
SRX13171139	PRJNA766998	SAMN23296634	1	30317567	17404	0.6266066606660666
SRX13171138	PRJNA766998	SAMN23296634	1	14793302	16232	0.5844104410441044
SRX13171137	PRJNA766998	SAMN23296634	1	15572613	16352	0.5887308730873088
SRX13171136	PRJNA766998	SAMN23296634	1	40036363	17512	0.6304950495049505
SRX13171135	PRJNA766998	SAMN23296634	1	32896382	17751	0.6390999099909991
SRX13171134	PRJNA766998	SAMN23296634	1	29417807	17496	0.6299189918991899
SRX13171133	PRJNA766998	SAMN23296634	1	35875455	17049	0.6138253825382538
SRX13171132	PRJNA766998	SAMN23296634	1	45005054	17556	0.6320792079207921
SRX13171131	PRJNA766998	SAMN23296634	1	30304049	17280	0.6221422142214221
SRX13171130	PRJNA766998	SAMN23296634	1	47125126	16419	0.5911431143114312
SRX13171129	PRJNA766998	SAMN23296634	1	32043016	17486	0.6295589558955895
SRX13171128	PRJNA766998	SAMN23296634	1	25006073	16789	0.6044644464446445
SRX13171127	PRJNA766998	SAMN23296634	1	34836003	17270	0.6217821782178218
SRX13171126	PRJNA766998	SAMN23296634	1	27037989	17213	0.6197299729972997
SRX13171125	PRJNA766998	SAMN23296634	1	26734929	17439	0.6278667866786679
SRX13171124	PRJNA766998	SAMN23296634	1	29811309	17258	0.6213501350135013
SRX13171123	PRJNA766998	SAMN23296634	1	33845723	17587	0.6331953195319532
SRX13171122	PRJNA766998	SAMN23296634	1	32251562	17275	0.621962196219622
SRX13171121	PRJNA766998	SAMN23296634	1	28310848	17171	0.6182178217821782
SRX13171120	PRJNA766998	SAMN23296634	1	24803567	16712	0.6016921692169217
SRX13171119	PRJNA766998	SAMN23296634	1	38597364	16243	0.5848064806480648
SRX13171118	PRJNA766998	SAMN23296634	1	33366236	17438	0.6278307830783079
SRX13171117	PRJNA766998	SAMN23296634	1	41525207	17581	0.632979297929793
SRX13171116	PRJNA766998	SAMN23296634	1	30716692	17281	0.6221782178217822
SRX13171115	PRJNA766998	SAMN23296634	1	36544878	17351	0.6246984698469847
SRX13171114	PRJNA766998	SAMN23296634	1	29396296	17072	0.6146534653465346
SRX13171113	PRJNA766998	SAMN23296634	1	32890435	17280	0.6221422142214221
SRX13171112	PRJNA766998	SAMN23296634	1	34141718	17010	0.6124212421242125
SRX13171111	PRJNA766998	SAMN23296634	1	25752934	16813	0.6053285328532854
SRX13171110	PRJNA766998	SAMN23296634	1	37179051	16286	0.5863546354635464
SRX13171109	PRJNA766998	SAMN23296634	1	31328343	15969	0.574941494149415
SRX13273392	PRJNA785251	SAMN23551696	6	13387700	16781	0.6041764176417642
SRX13273391	PRJNA785251	SAMN23551697	6	13546476	16330	0.587938793879388
SRX13273390	PRJNA785251	SAMN23551698	4	11425588	16021	0.5768136813681368
SRX13273389	PRJNA785251	SAMN23551699	6	13128580	16448	0.5921872187218722
SRX13273388	PRJNA785251	SAMN23551700	6	14019375	16370	0.5893789378937894
SRX13273387	PRJNA785251	SAMN23551701	4	12247175	16460	0.5926192619261926
SRX13273386	PRJNA785251	SAMN23551702	6	10732810	16892	0.6081728172817281
SRX13273385	PRJNA785251	SAMN23551703	6	12189711	16991	0.6117371737173717
SRX13273384	PRJNA785251	SAMN23551704	6	11847863	17230	0.6203420342034204
SRX13273383	PRJNA785251	SAMN23551705	6	13270325	16780	0.6041404140414042
SRX13273382	PRJNA785251	SAMN23551706	6	11269838	17055	0.6140414041404141
SRX13273381	PRJNA785251	SAMN23551707	6	12497335	16995	0.6118811881188119
SRX13273380	PRJNA785251	SAMN23551708	6	12285572	16715	0.6018001800180018
SRX13273379	PRJNA785251	SAMN23551690	6	12510183	16884	0.6078847884788479
SRX13273378	PRJNA785251	SAMN23551691	6	11954114	16230	0.5843384338433844
SRX13273377	PRJNA785251	SAMN23551692	6	12011553	16133	0.5808460846084609
SRX13273376	PRJNA785251	SAMN23551693	6	12936896	17316	0.6234383438343835
SRX13273375	PRJNA785251	SAMN23551694	6	12508316	16051	0.5778937893789379
SRX13273374	PRJNA785251	SAMN23551695	6	12852465	16340	0.5882988298829883
SRX14311064	PRJNA810994	SAMN26308029	1	29336161	19889	0.7160756075607561
SRX14311063	PRJNA810994	SAMN26308030	1	29613193	20301	0.730909090909091
SRX14311062	PRJNA810994	SAMN26308031	1	28646229	20068	0.7225202520252025
SRX14311061	PRJNA810994	SAMN26308032	1	33130561	19954	0.7184158415841584
SRX14311060	PRJNA810994	SAMN26308033	1	26393984	18679	0.6725112511251126
SRX14311059	PRJNA810994	SAMN26308034	1	35484400	19959	0.7185958595859586
SRX14311058	PRJNA810994	SAMN26308035	1	28560994	19522	0.7028622862286229
SRX14311057	PRJNA810994	SAMN26308036	1	37487253	19715	0.7098109810981098
SRX14311056	PRJNA810994	SAMN26308037	1	28667453	18879	0.6797119711971197
SRX14311055	PRJNA810994	SAMN26308038	1	31969628	18289	0.6584698469846985
SRX14311054	PRJNA810994	SAMN26308039	1	25009488	20053	0.721980198019802
SRX14311053	PRJNA810994	SAMN26308040	1	29685342	20359	0.732997299729973
SRX14311052	PRJNA810994	SAMN26308041	1	27825164	20073	0.7227002700270027
SRX14311051	PRJNA810994	SAMN26308042	1	31053324	19540	0.7035103510351035
SRX14311050	PRJNA810994	SAMN26308043	1	34157078	18592	0.6693789378937893
SRX14491410	PRJNA817102	SAMN26747791	1	17821160	18572	0.6686588658865886
SRX14491409	PRJNA817102	SAMN26747792	1	17848020	18479	0.6653105310531053
SRX14633673	PRJNA820638	SAMN27019286	1	20698165	17591	0.6333393339333934
SRX14633672	PRJNA820638	SAMN27019287	1	17555830	17498	0.62999099909991
SRX14633671	PRJNA820638	SAMN27019288	1	17397018	17293	0.6226102610261026
SRX14633670	PRJNA820638	SAMN27019289	1	19061312	17567	0.6324752475247525
SRX14633669	PRJNA820638	SAMN27019290	1	18217974	16466	0.5928352835283528
SRX14633668	PRJNA820638	SAMN27019291	1	18052949	16642	0.5991719171917191
SRX14633667	PRJNA820638	SAMN27019292	1	18594951	16587	0.5971917191719172
SRX14633666	PRJNA820638	SAMN27019293	1	17585916	16528	0.5950675067506751
SRX14633665	PRJNA820638	SAMN27019294	1	20191306	16695	0.601080108010801
SRX14633664	PRJNA820638	SAMN27019295	1	19127367	16616	0.5982358235823583
SRX14633663	PRJNA820638	SAMN27019296	1	18355267	16584	0.5970837083708371
SRX14633662	PRJNA820638	SAMN27019297	1	21066764	16968	0.610909090909091
SRX14633661	PRJNA820638	SAMN27019298	1	18681850	16535	0.5953195319531953
SRX14633660	PRJNA820638	SAMN27019299	1	16614144	16526	0.594995499549955
SRX14633659	PRJNA820638	SAMN27019300	1	19241340	16715	0.6018001800180018
SRX14633658	PRJNA820638	SAMN27019301	1	19808933	16916	0.609036903690369
SRX15316780	PRJNA839086	SAMN28495772	1	20424977	15575	0.5607560756075608
SRX15316779	PRJNA839086	SAMN28495773	1	19714101	15584	0.5610801080108011
SRX15316778	PRJNA839086	SAMN28495774	1	18592435	15394	0.5542394239423942
SRX15316777	PRJNA839086	SAMN28495775	1	18652382	15517	0.5586678667866787
SRX15316776	PRJNA839086	SAMN28495776	1	18695087	15541	0.5595319531953196
SRX15316775	PRJNA839086	SAMN28495777	1	19075998	15516	0.5586318631863186
SRX15316774	PRJNA839086	SAMN28495778	1	20241577	14997	0.5399459945994599
SRX15316773	PRJNA839086	SAMN28495779	1	17171606	14697	0.5291449144914492
SRX15316772	PRJNA839086	SAMN28495780	1	20564145	14813	0.5333213321332133
SRX15316771	PRJNA839086	SAMN28495781	1	20793915	14506	0.5222682268226823
SRX15316770	PRJNA839086	SAMN28495782	1	18904665	14319	0.5155355535553555
SRX15316769	PRJNA839086	SAMN28495783	1	21423400	14860	0.535013501350135
SRX18122743	PRJNA896947	SAMN31573491	1	19280077	16829	0.6059045904590459
SRX18122742	PRJNA896947	SAMN31573491	1	18427302	16677	0.6004320432043204
SRX18122735	PRJNA896947	SAMN31573491	1	19370817	16368	0.5893069306930693
SRX18122734	PRJNA896947	SAMN31573491	1	15162771	16463	0.5927272727272728
SRX18122733	PRJNA896947	SAMN31573491	1	19770277	16383	0.5898469846984699
SRX18122732	PRJNA896947	SAMN31573491	1	18293030	16935	0.6097209720972098
SRX18122731	PRJNA896947	SAMN31573491	1	18889977	16577	0.5968316831683168
SRX18122730	PRJNA896947	SAMN31573491	1	19431378	17002	0.6121332133213321
SRX18223562	PRJNA899862	SAMN31670978	1	23707928	16597	0.5975517551755175
SRX18223561	PRJNA899862	SAMN31670979	1	23537856	16538	0.5954275427542755
SRX18223560	PRJNA899862	SAMN31670980	1	23812800	16555	0.596039603960396
SRX18223559	PRJNA899862	SAMN31670981	1	24335086	15791	0.5685328532853285
SRX18223558	PRJNA899862	SAMN31670982	1	27680707	16110	0.58001800180018
SRX18223557	PRJNA899862	SAMN31670983	1	23791745	15676	0.5643924392439243
SRX18223556	PRJNA899862	SAMN31670984	1	23046937	15730	0.5663366336633663
SRX18223555	PRJNA899862	SAMN31670985	1	26001143	15594	0.5614401440144015
SRX18223554	PRJNA899862	SAMN31670986	1	26976761	15679	0.5645004500450045
SRX18223553	PRJNA899862	SAMN31670987	1	22611253	15796	0.5687128712871287
SRX18223552	PRJNA899862	SAMN31670988	1	22904173	15873	0.5714851485148514
SRX18223551	PRJNA899862	SAMN31670989	1	25610724	15905	0.5726372637263727
SRX18223550	PRJNA899862	SAMN31670990	1	26489185	15499	0.5580198019801981
SRX18223549	PRJNA899862	SAMN31670991	1	27593335	15443	0.556003600360036
SRX18223548	PRJNA899862	SAMN31670992	1	22235317	15103	0.5437623762376238
SRX18223547	PRJNA899862	SAMN31670993	1	22508319	15438	0.5558235823582358
SRX18223546	PRJNA899862	SAMN31670994	1	25773301	15578	0.5608640864086408
SRX18223545	PRJNA899862	SAMN31670995	1	25457523	15493	0.5578037803780378
SRX18223544	PRJNA899862	SAMN31670996	1	21649035	15557	0.5601080108010801
SRX18223543	PRJNA899862	SAMN31670997	1	23087825	15467	0.5568676867686768
SRX18223542	PRJNA899862	SAMN31670998	1	17774562	15215	0.5477947794779477
SRX18223541	PRJNA899862	SAMN31670999	1	23089827	15277	0.55002700270027
SRX18223540	PRJNA899862	SAMN31671000	1	18198318	14846	0.5345094509450945
SRX18223539	PRJNA899862	SAMN31671001	1	17795089	14851	0.5346894689468947
SRX18223538	PRJNA899862	SAMN31670975	1	21984457	16310	0.5872187218721873
SRX18223537	PRJNA899862	SAMN31670976	1	25789991	16542	0.5955715571557155
SRX18223536	PRJNA899862	SAMN31670977	1	24081529	16313	0.5873267326732673
SRX18223535	PRJNA899862	SAMN31671002	1	20193126	15299	0.5508190819081908
SRX18223534	PRJNA899862	SAMN31671003	1	19413534	14924	0.5373177317731773
SRX18223533	PRJNA899862	SAMN31671004	1	17570601	15060	0.5422142214221423
SRX18223532	PRJNA899862	SAMN31671005	1	17620750	15360	0.553015301530153
SRX18223531	PRJNA899862	SAMN31671006	1	16466402	15298	0.5507830783078308
SRX18223530	PRJNA899862	SAMN31671007	1	20242943	15573	0.5606840684068407
SRX18223529	PRJNA899862	SAMN31671008	1	19118394	15035	0.5413141314131413
SRX18223528	PRJNA899862	SAMN31671009	1	19706056	14983	0.5394419441944195
SRX18223527	PRJNA899862	SAMN31671010	1	23249884	15070	0.5425742574257426
SRX18769908	PRJNA913861	SAMN32309273	1	11177025	15663	0.563924392439244
SRX18769907	PRJNA913861	SAMN32309274	1	9422746	15478	0.5572637263726372
SRX18769906	PRJNA913861	SAMN32309275	1	9822246	15484	0.5574797479747975
SRX18769905	PRJNA913861	SAMN32309276	1	10078726	15292	0.5505670567056705
SRX18769904	PRJNA913861	SAMN32309277	1	9675325	15219	0.5479387938793879
SRX18769903	PRJNA913861	SAMN32309278	1	10324180	15302	0.550927092709271
SRX19488787	PRJNA938154	SAMN33426958	1	22988096	15565	0.5603960396039604
SRX19488786	PRJNA938154	SAMN33426959	1	12841336	15365	0.5531953195319532
SRX19488785	PRJNA938154	SAMN33426960	1	11561198	15574	0.5607200720072008
SRX19488784	PRJNA938154	SAMN33426961	1	13844946	15956	0.5744734473447345
SRX19488783	PRJNA938154	SAMN33426962	1	16642039	15124	0.5445184518451845
SRX19488782	PRJNA938154	SAMN33426963	1	19030335	15858	0.570945094509451
SRX19488781	PRJNA938154	SAMN33426964	1	19848169	15890	0.5720972097209721
SRX19488780	PRJNA938154	SAMN33426965	1	18161991	15909	0.5727812781278128
SRX19488779	PRJNA938154	SAMN33426966	1	16493607	15780	0.5681368136813681
SRX19488778	PRJNA938154	SAMN33426967	1	16212876	15769	0.5677407740774078
SRX19488777	PRJNA938154	SAMN33426968	1	16615288	15794	0.5686408640864087
SRX19488776	PRJNA938154	SAMN33426969	1	16233632	15907	0.5727092709270927
SRX19488775	PRJNA938154	SAMN33426970	1	16515212	15483	0.5574437443744374
SRX19488754	PRJNA938154	SAMN33426971	1	17505035	15796	0.5687128712871287
SRX19488773	PRJNA938154	SAMN33426992	1	16805518	15874	0.5715211521152115
SRX19488772	PRJNA938154	SAMN33426993	1	15499696	15987	0.5755895589558956
SRX19488771	PRJNA938154	SAMN33426994	1	15903101	15717	0.5658685868586859
SRX19488770	PRJNA938154	SAMN33426995	1	16694080	15702	0.5653285328532853
SRX19488769	PRJNA938154	SAMN33426996	1	17313276	16151	0.5814941494149415
SRX19488768	PRJNA938154	SAMN33426997	1	15794783	15732	0.5664086408640864
SRX19488767	PRJNA938154	SAMN33426998	1	15940861	16036	0.5773537353735374
SRX19488766	PRJNA938154	SAMN33426999	1	15417978	15954	0.5744014401440144
SRX19488765	PRJNA938154	SAMN33427000	1	15941018	15853	0.5707650765076507
SRX19488764	PRJNA938154	SAMN33427001	1	15114325	15920	0.5731773177317732
SRX19488763	PRJNA938154	SAMN33427002	1	17193340	15507	0.5583078307830783
SRX19488762	PRJNA938154	SAMN33427003	1	17261321	15976	0.5751935193519352
SRX19488761	PRJNA938154	SAMN33427004	1	16964980	15832	0.57000900090009
SRX19488760	PRJNA938154	SAMN33427005	1	14850393	15519	0.5587398739873988
SRX19488759	PRJNA938154	SAMN33427006	1	17111769	15949	0.5742214221422142
SRX19488758	PRJNA938154	SAMN33427007	1	18187839	16085	0.5791179117911791
SRX19488757	PRJNA938154	SAMN33427008	1	17578536	15882	0.5718091809180919
SRX19488756	PRJNA938154	SAMN33427009	1	17356748	16173	0.5822862286228623
SRX19488755	PRJNA938154	SAMN33427010	1	17631412	15766	0.5676327632763276
SRX19488734	PRJNA938154	SAMN33427011	1	17785738	16026	0.5769936993699369
SRX19488753	PRJNA938154	SAMN33426972	1	19228045	15932	0.5736093609360936
SRX19488752	PRJNA938154	SAMN33426973	1	17280268	15719	0.5659405940594059
SRX19488751	PRJNA938154	SAMN33426974	1	16886333	15841	0.5703330333033303
SRX19488750	PRJNA938154	SAMN33426975	1	18398216	16205	0.5834383438343834
SRX19488749	PRJNA938154	SAMN33426976	1	16350246	16031	0.5771737173717372
SRX19488748	PRJNA938154	SAMN33426977	1	17235386	16104	0.5798019801980198
SRX19488747	PRJNA938154	SAMN33426978	1	16596169	15725	0.5661566156615662
SRX19488746	PRJNA938154	SAMN33426979	1	17299978	16047	0.5777497749774978
SRX19488745	PRJNA938154	SAMN33426980	1	17541539	15879	0.5717011701170117
SRX19488744	PRJNA938154	SAMN33426981	1	17443681	15933	0.5736453645364537
SRX19488743	PRJNA938154	SAMN33426982	1	16429225	15657	0.5637083708370837
SRX19488742	PRJNA938154	SAMN33426983	1	15553224	16229	0.5843024302430243
SRX19488741	PRJNA938154	SAMN33426984	1	17085215	15939	0.5738613861386138
SRX19488740	PRJNA938154	SAMN33426985	1	17200339	16068	0.5785058505850585
SRX19488739	PRJNA938154	SAMN33426986	1	16893618	15941	0.5739333933393339
SRX19488738	PRJNA938154	SAMN33426987	1	16595862	15898	0.5723852385238524
SRX19488737	PRJNA938154	SAMN33426988	1	17714881	15872	0.5714491449144915
SRX19488736	PRJNA938154	SAMN33426989	1	15372062	15847	0.5705490549054906
SRX19488735	PRJNA938154	SAMN33426990	1	18150623	16096	0.5795139513951395
SRX19488774	PRJNA938154	SAMN33426991	1	16232734	15845	0.5704770477047705
SRX19488733	PRJNA938154	SAMN33427012	1	21567986	16196	0.5831143114311431
SRX19488732	PRJNA938154	SAMN33427013	1	16525160	15902	0.5725292529252926
SRX19488731	PRJNA938154	SAMN33427014	1	17538640	16033	0.5772457245724573
SRX19488730	PRJNA938154	SAMN33427015	1	16861771	16097	0.5795499549954995
SRX19488729	PRJNA938154	SAMN33427016	1	17396977	16003	0.5761656165616562
SRX19488728	PRJNA938154	SAMN33427017	1	16055160	15980	0.5753375337533754
SRX19488727	PRJNA938154	SAMN33427018	1	17725027	16049	0.5778217821782178
SRX19488726	PRJNA938154	SAMN33427019	1	17605126	15710	0.5656165616561656
SRX19488725	PRJNA938154	SAMN33427020	1	18999537	15967	0.5748694869486949
SRX19488724	PRJNA938154	SAMN33427021	1	16019194	15857	0.5709090909090909
SRX19488723	PRJNA938154	SAMN33427022	1	17654675	16188	0.5828262826282629
SRX19488722	PRJNA938154	SAMN33427023	1	15503290	15837	0.5701890189018902
SRX19488721	PRJNA938154	SAMN33427024	1	16512136	16126	0.5805940594059406
SRX19488720	PRJNA938154	SAMN33427025	1	17434771	15930	0.5735373537353735
SRX19488719	PRJNA938154	SAMN33427026	1	16281141	15755	0.5672367236723672
SRX19488718	PRJNA938154	SAMN33427027	1	16315119	16189	0.5828622862286229
SRX19488717	PRJNA938154	SAMN33427028	1	19253725	16094	0.5794419441944194
SRX19488716	PRJNA938154	SAMN33427029	1	16339080	15958	0.5745454545454546
SRX19488715	PRJNA938154	SAMN33427030	1	8992917	15194	0.547038703870387
SRX19488714	PRJNA938154	SAMN33427031	1	10017592	15327	0.5518271827182718
SRX19488713	PRJNA938154	SAMN33427032	1	10308031	15384	0.5538793879387939
SRX19488712	PRJNA938154	SAMN33427033	1	9486602	15195	0.547074707470747
SRX19488711	PRJNA938154	SAMN33427034	1	7668624	15010	0.5404140414041404
SRX19488710	PRJNA938154	SAMN33427035	1	8510459	15095	0.5434743474347434
SRX19488709	PRJNA938154	SAMN33427036	1	10360940	15429	0.5554995499549955
SRX19488708	PRJNA938154	SAMN33427037	1	7917753	15130	0.5447344734473447
SRX19488707	PRJNA938154	SAMN33427038	1	14371223	15839	0.5702610261026103
SRX19488706	PRJNA938154	SAMN33427039	1	15966368	15896	0.5723132313231323
SRX19488705	PRJNA938154	SAMN33427040	1	14437314	15846	0.5705130513051305
SRX19488704	PRJNA938154	SAMN33427041	1	14382572	15866	0.5712331233123312
SRX19488703	PRJNA938154	SAMN33427042	1	15947347	16135	0.580918091809181
SRX19488702	PRJNA938154	SAMN33427043	1	13884929	15698	0.5651845184518451
SRX19488701	PRJNA938154	SAMN33427044	1	16002303	15996	0.5759135913591359
SRX19488700	PRJNA938154	SAMN33427045	1	14172806	15767	0.5676687668766877
SRX19488699	PRJNA938154	SAMN33427046	1	14317967	15558	0.5601440144014401
SRX19488698	PRJNA938154	SAMN33427047	1	15282343	15790	0.5684968496849685
SRX19488697	PRJNA938154	SAMN33427048	1	14634062	15705	0.5654365436543655
SRX19488696	PRJNA938154	SAMN33427049	1	13614406	15562	0.5602880288028803
SRX19488695	PRJNA938154	SAMN33427050	1	14207978	15715	0.5657965796579658
SRX19488694	PRJNA938154	SAMN33427051	1	14205648	15735	0.5665166516651665
SRX19488693	PRJNA938154	SAMN33427052	1	17355730	16003	0.5761656165616562
SRX19488692	PRJNA938154	SAMN33427053	1	12890198	15781	0.5681728172817282
SRX19564102	PRJNA941080	SAMN33589141	1	18785964	15688	0.5648244824482448
SRX19564101	PRJNA941080	SAMN33589140	1	16809545	15680	0.5645364536453645
SRX19564100	PRJNA941080	SAMN33589139	1	15933126	15553	0.55996399639964
SRX19564099	PRJNA941080	SAMN33589138	1	17118206	15600	0.5616561656165616
SRX19564098	PRJNA941080	SAMN33589137	1	16636461	15853	0.5707650765076507
SRX19900050	PRJNA953054	SAMN34105229	1	25051476	16877	0.6076327632763276
SRX19900049	PRJNA953054	SAMN34105230	1	29901191	17125	0.6165616561656165
SRX19900048	PRJNA953054	SAMN34105231	1	20765683	16738	0.6026282628262827
SRX19900047	PRJNA953054	SAMN34105232	1	22609650	16440	0.5918991899189919
SRX19900046	PRJNA953054	SAMN34105233	1	23335906	16468	0.5929072907290729
SRX19900045	PRJNA953054	SAMN34105234	1	24171242	16762	0.6034923492349235
SRX19900044	PRJNA953054	SAMN34105235	1	25102705	16567	0.5964716471647165
SRX19900043	PRJNA953054	SAMN34105236	1	27584352	16512	0.5944914491449145
SRX19900042	PRJNA953054	SAMN34105237	1	26112556	16574	0.5967236723672367
SRX20431028	PRJNA974014	SAMN35159448	1	13046513	15848	0.5705850585058506
SRX20431027	PRJNA974014	SAMN35159449	1	13124168	17600	0.6336633663366337
SRX20431026	PRJNA974014	SAMN35159450	1	14102567	16230	0.5843384338433844
SRX20431025	PRJNA974014	SAMN35159451	1	13219068	16666	0.60003600360036
SRX20431024	PRJNA974014	SAMN35159452	1	13150881	17616	0.6342394239423942
SRX20431023	PRJNA974014	SAMN35159453	1	11396938	17125	0.6165616561656165
SRX20431022	PRJNA974014	SAMN35159454	1	13120422	18422	0.6632583258325833
SRX20431021	PRJNA974014	SAMN35159455	1	13500177	17807	0.6411161116111611
SRX20431020	PRJNA974014	SAMN35159393	1	34494710	19140	0.689108910891089
SRX20431019	PRJNA974014	SAMN35159394	1	41453442	19692	0.708982898289829
SRX20431018	PRJNA974014	SAMN35159395	1	35968257	20141	0.7251485148514851
SRX20431017	PRJNA974014	SAMN35159396	1	39800788	20765	0.7476147614761476
SRX20431016	PRJNA974014	SAMN35159397	1	40005181	19223	0.6920972097209721
SRX20431015	PRJNA974014	SAMN35159398	1	39553917	17771	0.6398199819981998
SRX20431014	PRJNA974014	SAMN35159399	1	36648086	21348	0.7686048604860486
SRX20431013	PRJNA974014	SAMN35159424	1	13752426	15905	0.5726372637263727
SRX20431012	PRJNA974014	SAMN35159425	1	12594713	15855	0.5708370837083708
SRX20431011	PRJNA974014	SAMN35159426	1	12632660	15801	0.5688928892889289
SRX20431010	PRJNA974014	SAMN35159427	1	12779970	15746	0.5669126912691269
SRX20431009	PRJNA974014	SAMN35159428	1	13780372	15924	0.5733213321332133
SRX20431008	PRJNA974014	SAMN35159429	1	10823497	15522	0.5588478847884788
SRX20431007	PRJNA974014	SAMN35159430	1	11627496	15862	0.571089108910891
SRX20431006	PRJNA974014	SAMN35159431	1	11993141	15644	0.5632403240324032
SRX20431005	PRJNA974014	SAMN35159456	1	13260417	16363	0.5891269126912692
SRX20431004	PRJNA974014	SAMN35159457	1	12800190	16823	0.6056885688568857
SRX20431003	PRJNA974014	SAMN35159458	1	13026814	16641	0.5991359135913591
SRX20431002	PRJNA974014	SAMN35159459	1	12247690	16657	0.5997119711971197
SRX20431001	PRJNA974014	SAMN35159460	1	12462965	17738	0.6386318631863186
SRX20431000	PRJNA974014	SAMN35159461	1	10758282	18752	0.6751395139513952
SRX20430999	PRJNA974014	SAMN35159462	1	12418197	16982	0.6114131413141314
SRX20430998	PRJNA974014	SAMN35159463	1	13625397	17430	0.6275427542754275
SRX20430997	PRJNA974014	SAMN35159400	1	38202321	19931	0.7175877587758775
SRX20430996	PRJNA974014	SAMN35159401	1	35635729	18393	0.6622142214221423
SRX20430995	PRJNA974014	SAMN35159402	1	42058248	19709	0.7095949594959496
SRX20430994	PRJNA974014	SAMN35159403	1	40692663	19170	0.6901890189018902
SRX20430993	PRJNA974014	SAMN35159404	1	41568931	19428	0.6994779477947795
SRX20430992	PRJNA974014	SAMN35159405	1	40320922	18637	0.670999099909991
SRX20430991	PRJNA974014	SAMN35159406	1	39925899	20551	0.7399099909990999
SRX20430990	PRJNA974014	SAMN35159407	1	41970772	20910	0.7528352835283528
SRX20430989	PRJNA974014	SAMN35159432	1	12155344	15853	0.5707650765076507
SRX20430988	PRJNA974014	SAMN35159433	1	12992849	15875	0.5715571557155715
SRX20430987	PRJNA974014	SAMN35159434	1	12112910	15773	0.5678847884788479
SRX20430986	PRJNA974014	SAMN35159435	1	12331509	15715	0.5657965796579658
SRX20430985	PRJNA974014	SAMN35159436	1	12183100	15702	0.5653285328532853
SRX20430984	PRJNA974014	SAMN35159437	1	12347452	15779	0.5681008100810081
SRX20430983	PRJNA974014	SAMN35159438	1	12450166	15821	0.5696129612961296
SRX20430982	PRJNA974014	SAMN35159439	1	12112097	15802	0.5689288928892889
SRX20430981	PRJNA974014	SAMN35159464	1	11923093	17003	0.6121692169216921
SRX20430980	PRJNA974014	SAMN35159465	1	11937416	17309	0.6231863186318631
SRX20430979	PRJNA974014	SAMN35159466	1	11358576	16281	0.5861746174617462
SRX20430978	PRJNA974014	SAMN35159467	1	11553378	17215	0.6198019801980198
SRX20430977	PRJNA974014	SAMN35159468	1	10655610	16305	0.587038703870387
SRX20430976	PRJNA974014	SAMN35159469	1	10831644	16185	0.5827182718271827
SRX20430975	PRJNA974014	SAMN35159470	1	11742885	17168	0.6181098109810981
SRX20430974	PRJNA974014	SAMN35159471	1	13582124	16892	0.6081728172817281
SRX20430973	PRJNA974014	SAMN35159408	1	36505363	21127	0.7606480648064806
SRX20430972	PRJNA974014	SAMN35159409	1	11130649	15618	0.5623042304230423
SRX20430971	PRJNA974014	SAMN35159410	1	9839346	15408	0.5547434743474348
SRX20430970	PRJNA974014	SAMN35159411	1	10583508	15466	0.5568316831683169
SRX20430969	PRJNA974014	SAMN35159412	1	11197163	15682	0.5646084608460846
SRX20430968	PRJNA974014	SAMN35159413	1	10176745	15545	0.5596759675967596
SRX20430967	PRJNA974014	SAMN35159414	1	10534640	15475	0.5571557155715572
SRX20430966	PRJNA974014	SAMN35159415	1	10267634	15491	0.5577317731773177
SRX20430965	PRJNA974014	SAMN35159440	1	13046722	15896	0.5723132313231323
SRX20430964	PRJNA974014	SAMN35159441	1	13447555	15974	0.5751215121512151
SRX20430963	PRJNA974014	SAMN35159442	1	13515433	15989	0.5756615661566157
SRX20430962	PRJNA974014	SAMN35159443	1	15207013	16082	0.579009900990099
SRX20430961	PRJNA974014	SAMN35159444	1	12701447	15761	0.5674527452745275
SRX20430960	PRJNA974014	SAMN35159445	1	14716461	16086	0.5791539153915392
SRX20430959	PRJNA974014	SAMN35159446	1	11529718	15712	0.5656885688568857
SRX20430958	PRJNA974014	SAMN35159447	1	13571296	15878	0.5716651665166517
SRX20430957	PRJNA974014	SAMN35159472	1	11069271	17523	0.6308910891089109
SRX20430956	PRJNA974014	SAMN35159473	1	10619866	17266	0.6216381638163816
SRX20430955	PRJNA974014	SAMN35159474	1	10415913	16445	0.592079207920792
SRX20430954	PRJNA974014	SAMN35159475	1	10422686	17701	0.6372997299729973
SRX20430953	PRJNA974014	SAMN35159476	1	10272993	16616	0.5982358235823583
SRX20430952	PRJNA974014	SAMN35159477	1	10426696	16371	0.5894149414941494
SRX20430951	PRJNA974014	SAMN35159478	1	10248449	16532	0.5952115211521152
SRX20430950	PRJNA974014	SAMN35159479	1	12947332	16803	0.604968496849685
SRX20430949	PRJNA974014	SAMN35159480	1	13926364	17370	0.6253825382538254
SRX20430948	PRJNA974014	SAMN35159481	1	13025651	18868	0.6793159315931593
SRX20430947	PRJNA974014	SAMN35159482	1	13054430	17414	0.626966696669667
SRX20430946	PRJNA974014	SAMN35159483	1	13383697	17129	0.6167056705670567
SRX20430945	PRJNA974014	SAMN35159484	1	12185914	17358	0.624950495049505
SRX20430944	PRJNA974014	SAMN35159485	1	12459517	17841	0.6423402340234023
SRX20430943	PRJNA974014	SAMN35159486	1	14437306	17927	0.6454365436543654
SRX20430942	PRJNA974014	SAMN35159487	1	13110944	16892	0.6081728172817281
SRX20431036	PRJNA974014	SAMN35159416	1	12676139	15897	0.5723492349234923
SRX20431035	PRJNA974014	SAMN35159417	1	14411209	16189	0.5828622862286229
SRX20431034	PRJNA974014	SAMN35159418	1	12740301	15820	0.5695769576957695
SRX20431033	PRJNA974014	SAMN35159419	1	14733837	16129	0.5807020702070207
SRX20431032	PRJNA974014	SAMN35159420	1	13490678	15964	0.5747614761476147
SRX20431031	PRJNA974014	SAMN35159421	1	13135153	15826	0.5697929792979298
SRX20431030	PRJNA974014	SAMN35159422	1	13522216	16023	0.5768856885688569
SRX20431029	PRJNA974014	SAMN35159423	1	13134999	15932	0.5736093609360936
SRX20932350	PRJNA992436	SAMN36352946	1	17768547	16396	0.5903150315031503
SRX20932349	PRJNA992436	SAMN36352946	1	20922671	16100	0.5796579657965797
SRX20932348	PRJNA992436	SAMN36352946	1	18736100	14652	0.5275247524752475
SRX20932347	PRJNA992436	SAMN36352946	1	21038383	15296	0.5507110711071107
SRX20932346	PRJNA992436	SAMN36352946	1	19762502	16034	0.5772817281728173
SRX20932345	PRJNA992436	SAMN36352946	1	18343256	15872	0.5714491449144915
SRX23955098	PRJNA1088164	SAMN40463204	1	62592408	17030	0.6131413141314132
SRX23955097	PRJNA1088164	SAMN40463203	1	70523880	17189	0.6188658865886588
SRX23955096	PRJNA1088164	SAMN40463202	1	69964563	17279	0.6221062106210621
SRX23955095	PRJNA1088164	SAMN40463201	1	67353552	17368	0.6253105310531053
SRX23955094	PRJNA1088164	SAMN40463200	1	70354184	17418	0.6271107110711072
SRX23955093	PRJNA1088164	SAMN40463199	1	68602771	17185	0.6187218721872187
SRX23955092	PRJNA1088164	SAMN40463198	1	63210408	17382	0.6258145814581458
SRX23955091	PRJNA1088164	SAMN40463197	1	62823698	17492	0.6297749774977498
SRX23955090	PRJNA1088164	SAMN40463210	1	70570356	17137	0.616993699369937
SRX23955089	PRJNA1088164	SAMN40463209	1	81322467	17404	0.6266066606660666
SRX23955088	PRJNA1088164	SAMN40463208	1	80970216	17351	0.6246984698469847
SRX23955087	PRJNA1088164	SAMN40463207	1	81739868	17531	0.6311791179117912
SRX23955086	PRJNA1088164	SAMN40463206	1	63118645	17301	0.6228982898289829
SRX23955085	PRJNA1088164	SAMN40463205	1	67365094	17343	0.6244104410441044
SRX23955084	PRJNA1088164	SAMN40463196	1	50637505	17110	0.6160216021602161
SRX23955083	PRJNA1088164	SAMN40463195	1	57530763	17327	0.6238343834383439
SRX24017562	PRJNA1090557	SAMN40570597	1	18001520	15683	0.5646444644464447
SRX24017561	PRJNA1090557	SAMN40570596	1	17914168	15398	0.5543834383438344
SRX1436207	PRJNA302601	SAMN04275174	1	11302568	17330	0.623942394239424
SRX1436208	PRJNA302601	SAMN04275175	1	6663025	16608	0.5979477947794779
SRX1436209	PRJNA302601	SAMN04275176	1	9448336	17391	0.6261386138613861
SRX1436210	PRJNA302601	SAMN04275177	1	8685649	17334	0.6240864086408641
SRX1436211	PRJNA302601	SAMN04275178	1	10347901	17630	0.6347434743474347
SRX1436212	PRJNA302601	SAMN04275179	1	8650309	17540	0.6315031503150315
SRX1436213	PRJNA302601	SAMN04275180	1	13383720	18101	0.6517011701170117
SRX1436214	PRJNA302601	SAMN04275181	1	7786141	17935	0.6457245724572457
SRX1436215	PRJNA302601	SAMN04275182	1	12257277	17430	0.6275427542754275
SRX1436216	PRJNA302601	SAMN04275183	1	14339975	17273	0.6218901890189019
SRX24954114	PRJNA1123849	SAMN41829164	1	21059996	17821	0.6416201620162016
SRX24954113	PRJNA1123849	SAMN41829163	1	19805025	17966	0.6468406840684069
SRX24954112	PRJNA1123849	SAMN41829162	1	21965760	18318	0.6595139513951395
SRX24954111	PRJNA1123849	SAMN41829161	1	22119524	18080	0.6509450945094509
SRX24954110	PRJNA1123849	SAMN41829160	1	19962763	18044	0.6496489648964896
SRX24954109	PRJNA1123849	SAMN41829159	1	25016373	18415	0.663006300630063
SRX24954108	PRJNA1123849	SAMN41829158	1	25393981	18295	0.6586858685868587
SRX24954107	PRJNA1123849	SAMN41829157	1	22753417	17807	0.6411161116111611
SRX24954106	PRJNA1123849	SAMN41829166	1	18240038	17616	0.6342394239423942
SRX24954105	PRJNA1123849	SAMN41829165	1	21992650	17288	0.6224302430243024
SRX24954104	PRJNA1123849	SAMN41829156	1	20799382	17948	0.6461926192619262
SRX24954103	PRJNA1123849	SAMN41829155	1	20379564	17495	0.6298829882988299
SRX25176403	PRJNA1130622	SAMN42212541	1	18979906	17374	0.6255265526552656
SRX25176402	PRJNA1130622	SAMN42212540	1	21218087	17546	0.6317191719171917
SRX25176394	PRJNA1130622	SAMN42212557	1	15803772	16312	0.5872907290729072
SRX25176390	PRJNA1130622	SAMN42212553	1	13815164	15627	0.5626282628262826
SRX25176387	PRJNA1130622	SAMN42212550	1	17975059	16021	0.5768136813681368
SRX25176386	PRJNA1130622	SAMN42212551	1	14956116	15859	0.570981098109811
SRX25176389	PRJNA1130622	SAMN42212552	1	18569686	16120	0.5803780378037804
SRX25176391	PRJNA1130622	SAMN42212554	1	15204236	16212	0.5836903690369037
SRX25176385	PRJNA1130622	SAMN42212549	1	15483491	16441	0.591935193519352
SRX25176383	PRJNA1130622	SAMN42212547	1	21264134	17257	0.6213141314131413
SRX25176381	PRJNA1130622	SAMN42212545	1	22480564	17656	0.6356795679567957
SRX25176378	PRJNA1130622	SAMN42212542	1	13040216	16955	0.6104410441044105
SRX25176382	PRJNA1130622	SAMN42212546	1	14309900	16757	0.6033123312331233
SRX25176376	PRJNA1130622	SAMN42212532	1	19596041	17058	0.6141494149414941
SRX1457795	PRJNA304606	SAMN04305210	1	37126906	17315	0.6234023402340234
SRX1457796	PRJNA304606	SAMN04305211	1	30938827	17063	0.6143294329432943
SRX1457797	PRJNA304606	SAMN04305212	1	22809197	15813	0.5693249324932493
SRX1457798	PRJNA304606	SAMN04305213	1	23912985	15970	0.574977497749775
SRX1457799	PRJNA304606	SAMN04305214	1	26441348	15922	0.5732493249324933
SRX1457800	PRJNA304606	SAMN04305215	1	29209462	16065	0.5783978397839784
SRX1570960	PRJNA311594	SAMN04501027	1	13290253	15400	0.5544554455445545
SRX1570961	PRJNA311594	SAMN04501028	1	14132687	15264	0.5495589558955896
SRX1570962	PRJNA311594	SAMN04501029	1	14227589	15433	0.5556435643564357
SRX1570963	PRJNA311594	SAMN04501030	1	13982730	15402	0.5545274527452745
SRX1570964	PRJNA311594	SAMN04501031	1	12780901	15417	0.5550675067506751
SRX1570965	PRJNA311594	SAMN04501032	1	13138465	15318	0.5515031503150315
SRX1570966	PRJNA311594	SAMN04501033	1	13091738	15409	0.5547794779477948
SRX1570967	PRJNA311594	SAMN04501034	1	13507485	15236	0.5485508550855086
SRX1570968	PRJNA311594	SAMN04501035	1	14380484	15377	0.5536273627362737
SRX1570969	PRJNA311594	SAMN04501036	1	17264266	15603	0.5617641764176418
SRX1570970	PRJNA311594	SAMN04501037	1	15323240	15594	0.5614401440144015
SRX1570971	PRJNA311594	SAMN04501038	1	14490279	15365	0.5531953195319532
SRX1570972	PRJNA311594	SAMN04501039	1	16623552	15755	0.5672367236723672
SRX1570973	PRJNA311594	SAMN04501040	1	15646105	15491	0.5577317731773177
SRX1570974	PRJNA311594	SAMN04501041	1	15435984	15621	0.5624122412241224
SRX1570975	PRJNA311594	SAMN04501042	1	14518913	15438	0.5558235823582358
SRX1570976	PRJNA311594	SAMN04501043	1	15053403	15650	0.5634563456345635
SRX1570977	PRJNA311594	SAMN04501044	1	16755211	15846	0.5705130513051305
SRX1570978	PRJNA311594	SAMN04501045	1	17176068	15796	0.5687128712871287
SRX1570979	PRJNA311594	SAMN04501046	1	16390303	15856	0.5708730873087309
SRX1570980	PRJNA311594	SAMN04501047	1	15016252	15537	0.5593879387938794
SRX1570981	PRJNA311594	SAMN04501048	1	14856637	15683	0.5646444644464447
SRX1570982	PRJNA311594	SAMN04501049	1	12898248	15468	0.5569036903690369
SRX1570983	PRJNA311594	SAMN04501050	1	12276019	15301	0.5508910891089109
SRX1570984	PRJNA311594	SAMN04501051	1	16955033	15862	0.571089108910891
SRX1570985	PRJNA311594	SAMN04501052	1	16731485	16022	0.5768496849684969
SRX1570986	PRJNA311594	SAMN04501053	1	16511681	15712	0.5656885688568857
SRX1570987	PRJNA311594	SAMN04501054	1	16351056	15688	0.5648244824482448
SRX1570988	PRJNA311594	SAMN04501055	1	13543691	15757	0.5673087308730873
SRX1570989	PRJNA311594	SAMN04501056	1	18090128	15926	0.5733933393339334
SRX1570990	PRJNA311594	SAMN04501057	1	17105799	15929	0.5735013501350135
SRX1570991	PRJNA311594	SAMN04501058	1	15731354	15479	0.5572997299729973
SRX1570992	PRJNA311594	SAMN04501059	1	13842009	15396	0.5543114311431143
SRX1570993	PRJNA311594	SAMN04501060	1	14283735	15350	0.5526552655265526
SRX1570994	PRJNA311594	SAMN04501061	1	15306889	15473	0.5570837083708371
SRX1570995	PRJNA311594	SAMN04501062	1	13290215	15574	0.5607200720072008
SRX1570996	PRJNA311594	SAMN04501063	1	15230405	15618	0.5623042304230423
SRX1570997	PRJNA311594	SAMN04501064	1	14854841	15589	0.5612601260126012
SRX1570998	PRJNA311594	SAMN04501065	1	14720727	15623	0.5624842484248425
SRX1570999	PRJNA311594	SAMN04501066	1	12169301	15330	0.5519351935193519
SRX1655601	PRJNA316065	SAMN04574676	2	17461600	17473	0.6290909090909091
SRX1655602	PRJNA316065	SAMN04574677	2	19069164	17562	0.6322952295229523
SRX1655603	PRJNA316065	SAMN04574678	2	11727580	17034	0.6132853285328533
SRX1655607	PRJNA316065	SAMN04574682	2	15458332	17319	0.6235463546354636
SRX1655608	PRJNA316065	SAMN04574683	2	14151792	16879	0.6077047704770477
SRX1655609	PRJNA316065	SAMN04574684	2	12673093	16470	0.592979297929793
SRX28445686	PRJNA1252143	SAMN48037637	1	19103841	15682	0.5646084608460846
SRX28445685	PRJNA1252143	SAMN48037638	1	18751408	15607	0.5619081908190819
SRX28445684	PRJNA1252143	SAMN48037639	1	16617672	15625	0.5625562556255626
SRX28445683	PRJNA1252143	SAMN48037640	1	24246500	16283	0.5862466246624662
SRX28445682	PRJNA1252143	SAMN48037641	1	17052181	15899	0.5724212421242124
SRX28445680	PRJNA1252143	SAMN48037643	1	18394447	15904	0.5726012601260126
SRX28445679	PRJNA1252143	SAMN48037644	1	20908134	16200	0.5832583258325833
SRX28445678	PRJNA1252143	SAMN48037645	1	25016645	16407	0.5907110711071107
SRX28445681	PRJNA1252143	SAMN48037642	1	18468100	16063	0.5783258325832583
SRX28445677	PRJNA1252143	SAMN48037646	1	18672744	15627	0.5626282628262826
SRX28445676	PRJNA1252143	SAMN48037647	1	22822960	15581	0.560972097209721
SRX28445675	PRJNA1252143	SAMN48037648	1	19761435	15657	0.5637083708370837
SRX28445674	PRJNA1252143	SAMN48037649	1	20820643	15798	0.5687848784878488
SRX28445673	PRJNA1252143	SAMN48037650	1	20503897	15748	0.566984698469847
SRX28445672	PRJNA1252143	SAMN48037651	1	20363310	15667	0.564068406840684
SRX28445671	PRJNA1252143	SAMN48037652	1	18689172	15842	0.5703690369036903
SRX28445670	PRJNA1252143	SAMN48037653	1	19571769	15948	0.5741854185418542
SRX28445669	PRJNA1252143	SAMN48037654	1	19869684	15973	0.575085508550855
SRX28553915	PRJNA1254963	SAMN48140364	1	21945684	16574	0.5967236723672367
SRX28553914	PRJNA1254963	SAMN48140365	1	29339764	16955	0.6104410441044105
SRX28553913	PRJNA1254963	SAMN48140366	1	19436592	16449	0.5922232223222322
SRX28553912	PRJNA1254963	SAMN48140367	1	15772535	15774	0.5679207920792079
SRX28553911	PRJNA1254963	SAMN48140368	1	16811167	15887	0.571989198919892
SRX28553910	PRJNA1254963	SAMN48140369	1	19158564	16087	0.5791899189918992
SRX28553909	PRJNA1254963	SAMN48140370	1	24190929	16299	0.5868226822682269
SRX28553908	PRJNA1254963	SAMN48140371	1	19742739	15974	0.5751215121512151
SRX28553907	PRJNA1254963	SAMN48140372	1	25643760	16379	0.5897029702970297
SRX28553905	PRJNA1254963	SAMN48140374	1	25471915	16053	0.577965796579658
SRX28553904	PRJNA1254963	SAMN48140375	1	23233901	15874	0.5715211521152115
SRX28553903	PRJNA1254963	SAMN48140376	1	18596328	16028	0.577065706570657
SRX28553906	PRJNA1254963	SAMN48140373	1	21301661	15793	0.5686048604860486
SRX28553902	PRJNA1254963	SAMN48140377	1	20727733	16294	0.5866426642664266
SRX28553901	PRJNA1254963	SAMN48140378	1	22437456	16366	0.5892349234923492
SRX28553900	PRJNA1254963	SAMN48140379	1	22304787	16335	0.5881188118811881
SRX28553899	PRJNA1254963	SAMN48140380	1	22611968	16347	0.5885508550855085
SRX28553897	PRJNA1254963	SAMN48140382	1	22272452	15956	0.5744734473447345
SRX28553896	PRJNA1254963	SAMN48140383	1	19602291	15833	0.57004500450045
SRX28553895	PRJNA1254963	SAMN48140384	1	25992487	16115	0.5801980198019802
SRX28553898	PRJNA1254963	SAMN48140381	1	25277782	16549	0.5958235823582358
SRX28553894	PRJNA1254963	SAMN48140385	1	20288306	16178	0.5824662466246625
SRX28553893	PRJNA1254963	SAMN48140386	1	22054096	16276	0.585994599459946
SRX28553892	PRJNA1254963	SAMN48140387	1	25641230	16482	0.5934113411341134
SRX28553891	PRJNA1254963	SAMN48140388	1	25340048	16944	0.6100450045004501
SRX28553889	PRJNA1254963	SAMN48140390	1	24326815	16888	0.608028802880288
SRX28553888	PRJNA1254963	SAMN48140391	1	20595913	16452	0.5923312331233124
SRX28553887	PRJNA1254963	SAMN48140392	1	15473198	16075	0.5787578757875788
SRX28553890	PRJNA1254963	SAMN48140389	1	17020929	16395	0.5902790279027903
SRX28553886	PRJNA1254963	SAMN48140393	1	21225545	16565	0.5963996399639964
SRX28553885	PRJNA1254963	SAMN48140394	1	31969576	16142	0.5811701170117012
SRX28553884	PRJNA1254963	SAMN48140395	1	26792077	15965	0.5747974797479748
SRX28553883	PRJNA1254963	SAMN48140396	1	26011389	16005	0.5762376237623762
SRX1712536	PRJNA318741	SAMN04867124	1	14913271	16641	0.5991359135913591
SRX1712537	PRJNA318741	SAMN04867128	1	16660030	17369	0.6253465346534653
SRX1712689	PRJNA318886	SAMN04869813	1	14913271	16641	0.5991359135913591
SRX1712691	PRJNA318886	SAMN04869814	1	16660030	17369	0.6253465346534653
SRX1712692	PRJNA318886	SAMN04869815	1	15886260	18414	0.662970297029703
SRX1712693	PRJNA318886	SAMN04869816	1	13777768	18189	0.6548694869486948
SRX1712694	PRJNA318886	SAMN04869817	1	14821343	19163	0.6899369936993699
SRX1712695	PRJNA318886	SAMN04869818	1	14716976	19732	0.7104230423042304
SRX1712696	PRJNA318886	SAMN04869819	1	16070738	18428	0.6634743474347434
SRX1712697	PRJNA318886	SAMN04869820	1	14581736	18533	0.6672547254725473
SRX30705858	PRJNA1335855	SAMN52025842	1	18942023	15474	0.5571197119711971
SRX30705857	PRJNA1335855	SAMN52025842	1	17651105	15383	0.5538433843384338
SRX30705856	PRJNA1335855	SAMN52025842	1	17294890	15381	0.5537713771377137
SRX30705855	PRJNA1335855	SAMN52025841	1	16731580	15414	0.5549594959495949
SRX30705854	PRJNA1335855	SAMN52025841	1	15719917	15391	0.5541314131413141
SRX30705853	PRJNA1335855	SAMN52025841	1	18077453	15561	0.5602520252025203
SRX30705852	PRJNA1335855	SAMN52025840	1	17070910	15455	0.5564356435643565
SRX30705851	PRJNA1335855	SAMN52025840	1	18048632	15556	0.56007200720072
SRX30705850	PRJNA1335855	SAMN52025840	1	17449708	15528	0.5590639063906391
SRX31259000	PRJNA1363687	SAMN53215357	1	49632015	18695	0.6730873087308731
SRX31258999	PRJNA1363687	SAMN53215356	1	35871152	18548	0.6677947794779477
SRX31258998	PRJNA1363687	SAMN53215355	1	55540788	19167	0.6900810081008101
SRX31258997	PRJNA1363687	SAMN53215354	1	44148233	18803	0.676975697569757
SRX31258996	PRJNA1363687	SAMN53215353	1	22313314	17628	0.6346714671467146
SRX31258995	PRJNA1363687	SAMN53215352	1	20385434	17637	0.634995499549955
SRX31258994	PRJNA1363687	SAMN53215351	1	11832198	16583	0.5970477047704771
SRX31258993	PRJNA1363687	SAMN53215350	1	12907321	16798	0.6047884788478848
SRX31674380	PRJNA1397464	SAMN54431546	1	17880990	15344	0.5524392439243925
SRX31674379	PRJNA1397464	SAMN54431545	1	20074529	15452	0.5563276327632763
SRX31674378	PRJNA1397464	SAMN54431544	1	19287809	15359	0.552979297929793
SRX31674377	PRJNA1397464	SAMN54431543	1	17112915	15300	0.5508550855085509
SRX31674376	PRJNA1397464	SAMN54431542	1	14770121	15168	0.5461026102610261
SRX31674375	PRJNA1397464	SAMN54431541	1	18526098	15510	0.5584158415841585
SRX31707199	PRJNA1399147	SAMN54474211	1	58317857	18135	0.6529252925292529
SRX31707198	PRJNA1399147	SAMN54474210	1	55790825	17958	0.6465526552655265
SRX31707197	PRJNA1399147	SAMN54474209	1	50889324	17844	0.6424482448244825
SRX31707196	PRJNA1399147	SAMN54474214	1	57420194	18120	0.6523852385238524
SRX31707195	PRJNA1399147	SAMN54474213	1	59715073	18265	0.6576057605760576
SRX31707194	PRJNA1399147	SAMN54474212	1	64089224	18102	0.6517371737173717
SRX33099502	PRJNA1282762	SAMN49662886	1	21410105	16640	0.599099909990999
SRX33099501	PRJNA1282762	SAMN49662885	1	41865697	17696	0.6371197119711971
SRX33099500	PRJNA1282762	SAMN49662871	1	24490258	16420	0.5911791179117912
SRX33099499	PRJNA1282762	SAMN49662869	1	45334177	18088	0.6512331233123312
SRX33099713	PRJNA1282762	SAMN57466944	1	23125898	16808	0.6051485148514851
SRX1971986	PRJNA330832	SAMN05426770	1	25179150	16432	0.5916111611161116
SRX1971987	PRJNA330832	SAMN05426770	1	17175835	16012	0.5764896489648965
SRX1971988	PRJNA330832	SAMN05426770	1	17285085	15683	0.5646444644464447
SRX1971989	PRJNA330832	SAMN05426770	1	17199386	15786	0.5683528352835283
SRX1971990	PRJNA330832	SAMN05426770	1	19526644	15815	0.5693969396939694
SRX1971991	PRJNA330832	SAMN05426770	1	27863655	15982	0.5754095409540954
SRX1971992	PRJNA330832	SAMN05426770	1	20487780	16118	0.5803060306030603
SRX1971993	PRJNA330832	SAMN05426770	1	34224361	16429	0.5915031503150315
SRX1971994	PRJNA330832	SAMN05426770	1	23535829	16241	0.5847344734473447
SRX1971995	PRJNA330832	SAMN05426770	1	19050252	16136	0.5809540954095409
SRX1971996	PRJNA330832	SAMN05426770	1	17704145	16010	0.5764176417641764
SRX1971997	PRJNA330832	SAMN05426770	1	15172883	15585	0.5611161116111612
SRX34192516	PRJNA1489724	SAMN61409210	1	45561013	16585	0.5971197119711971
SRX34192515	PRJNA1489724	SAMN61409209	1	44436580	16641	0.5991359135913591
SRX34192514	PRJNA1489724	SAMN61409207	1	59097022	16928	0.6094689468946894
SRX34194511	PRJNA1489724	SAMN61409214	1	107501466	17440	0.627902790279028
SRX34194510	PRJNA1489724	SAMN61409213	1	43941846	16478	0.5932673267326732
SRX34194509	PRJNA1489724	SAMN61409212	1	74441589	17280	0.6221422142214221
SRX34194508	PRJNA1489724	SAMN61409211	1	56256865	16888	0.608028802880288
SRX34197920	PRJNA1489724	SAMN61409218	1	74005363	17334	0.6240864086408641
SRX34197919	PRJNA1489724	SAMN61409217	1	54930551	16885	0.6079207920792079
SRX34197918	PRJNA1489724	SAMN61409216	1	54567270	16920	0.6091809180918092
SRX34197917	PRJNA1489724	SAMN61409215	1	77337560	17217	0.6198739873987399
SRX34199678	PRJNA1489724	SAMN61409222	1	75659973	17396	0.6263186318631864
SRX34199677	PRJNA1489724	SAMN61409221	1	56821440	17131	0.6167776777677768
SRX34199676	PRJNA1489724	SAMN61409220	1	53686865	16769	0.6037443744374438
SRX34199675	PRJNA1489724	SAMN61409219	1	47860303	16703	0.6013681368136814
SRX34201582	PRJNA1489724	SAMN61409226	1	39195010	16614	0.5981638163816382
SRX34201581	PRJNA1489724	SAMN61409225	1	33821390	16303	0.5869666966696669
SRX34201580	PRJNA1489724	SAMN61409224	1	68790065	17153	0.6175697569756976
SRX34201579	PRJNA1489724	SAMN61409223	1	69615904	17193	0.619009900990099
SRX34203865	PRJNA1489724	SAMN61409230	1	81192487	17250	0.6210621062106211
SRX34203864	PRJNA1489724	SAMN61409229	1	81063977	17343	0.6244104410441044
SRX34203863	PRJNA1489724	SAMN61409228	1	42701283	16679	0.6005040504050405
SRX34203862	PRJNA1489724	SAMN61409227	1	55602654	16981	0.6113771377137713
SRX34250725	PRJNA1492564	SAMN61510926	1	27601142	16477	0.5932313231323132
SRX34250724	PRJNA1492564	SAMN61510925	1	27958477	16256	0.5852745274527452
SRX34250723	PRJNA1492564	SAMN61510924	1	27803622	16597	0.5975517551755175
SRX34250722	PRJNA1492564	SAMN61510923	1	26963185	16248	0.584986498649865
SRX34250721	PRJNA1492564	SAMN61510922	1	26776627	17174	0.6183258325832584
SRX34250720	PRJNA1492564	SAMN61510921	1	26808890	16512	0.5944914491449145
SRX34250719	PRJNA1492564	SAMN61510920	1	26754127	16948	0.6101890189018901
SRX34250718	PRJNA1492564	SAMN61510919	1	26875764	16477	0.5932313231323132
SRX34250717	PRJNA1492564	SAMN61510928	1	26712929	16864	0.6071647164716472
SRX34250716	PRJNA1492564	SAMN61510927	1	27299067	16524	0.5949234923492349
SRX34250715	PRJNA1492564	SAMN61510918	1	26537837	16949	0.6102250225022502
SRX34250714	PRJNA1492564	SAMN61510917	1	27560172	16510	0.5944194419441944
SRX34813914	PRJNA1497331	SAMN61798551	1	15034052	17507	0.6303150315031503
SRX34813913	PRJNA1497331	SAMN61798550	1	14162128	17094	0.6154455445544554
SRX34813911	PRJNA1497331	SAMN61798548	1	18153870	17448	0.6281908190819082
SRX34813910	PRJNA1497331	SAMN61798547	1	31150315	18375	0.6615661566156615
SRX34926297	PRJNA1516528	SAMN62608409	1	20203217	16603	0.5977677767776778
SRX34926296	PRJNA1516528	SAMN62608408	1	21281602	16868	0.6073087308730873
SRX34926295	PRJNA1516528	SAMN62608407	1	17927953	16662	0.5998919891989198
SRX34926294	PRJNA1516528	SAMN62608406	1	12306387	16045	0.5776777677767777
SRX34926293	PRJNA1516528	SAMN62608405	1	21251030	16656	0.5996759675967597
SRX34926292	PRJNA1516528	SAMN62608404	1	16344510	16439	0.5918631863186319
SRX34926291	PRJNA1516528	SAMN62608403	1	20037481	16680	0.6005400540054006
SRX34926290	PRJNA1516528	SAMN62608402	1	20200332	16343	0.5884068406840685
SRX34926288	PRJNA1516528	SAMN62608410	1	15554773	16297	0.5867506750675068
SRX34926287	PRJNA1516528	SAMN62608401	1	17189160	16170	0.5821782178217821
SRX34926286	PRJNA1516528	SAMN62608400	1	17595676	16099	0.5796219621962196
SRX2026831	PRJNA339147	SAMN05580156	1	37373252	18628	0.6706750675067507
SRX2026832	PRJNA339147	SAMN05580155	1	33250629	18399	0.6624302430243024
SRX2026833	PRJNA339147	SAMN05580154	1	36226767	18513	0.6665346534653466
SRX2026834	PRJNA339147	SAMN05580166	1	32856386	17354	0.6248064806480648
SRX2026835	PRJNA339147	SAMN05580165	1	29232140	17408	0.6267506750675067
SRX2026836	PRJNA339147	SAMN05580164	1	34674702	17556	0.6320792079207921
SRX2026837	PRJNA339147	SAMN05580163	1	32903759	18362	0.661098109810981
SRX2026838	PRJNA339147	SAMN05580162	1	36034521	18464	0.6647704770477048
SRX2026839	PRJNA339147	SAMN05580161	1	31015596	18165	0.654005400540054
SRX2600494	PRJNA355213	SAMN06074320	1	25642500	17402	0.6265346534653465
SRX2654728	PRJNA378939	SAMN06563821	1	57899297	18828	0.6778757875787579
SRX2654730	PRJNA378939	SAMN06563820	1	70418346	19178	0.6904770477047705
SRX2701774	PRJNA378247	SAMN06481670	1	15483491	16441	0.591935193519352
SRX2701775	PRJNA378247	SAMN06481669	1	26154559	17228	0.6202700270027003
SRX2701776	PRJNA378247	SAMN06481668	1	21264134	17257	0.6213141314131413
SRX2701777	PRJNA378247	SAMN06481667	1	14309900	16757	0.6033123312331233
SRX2991083	PRJNA393479	SAMN07334547	1	50891960	18533	0.6672547254725473
SRX2991084	PRJNA393479	SAMN07334560	1	49209782	18485	0.6655265526552655
SRX2991085	PRJNA393479	SAMN07334559	1	51988692	18436	0.6637623762376238
SRX2991086	PRJNA393479	SAMN07334558	1	48442692	17898	0.6443924392439244
SRX2991087	PRJNA393479	SAMN07334557	1	50479407	17885	0.6439243924392439
SRX2991088	PRJNA393479	SAMN07334556	1	42986083	17677	0.6364356435643564
SRX2991089	PRJNA393479	SAMN07334555	2	39555579	17086	0.6151575157515752
SRX2991090	PRJNA393479	SAMN07334554	2	37982313	17128	0.6166696669666967
SRX2991091	PRJNA393479	SAMN07334553	2	37861759	17244	0.6208460846084608
SRX2991092	PRJNA393479	SAMN07334552	2	40429869	17227	0.6202340234023402
SRX2991093	PRJNA393479	SAMN07334551	2	38459718	17156	0.6176777677767776
SRX2991094	PRJNA393479	SAMN07334550	2	37703583	17156	0.6176777677767776
SRX3340585	PRJNA319417	SAMN04887243	1	20938147	16509	0.5943834383438343
SRX3340727	PRJNA319417	SAMN04887242	1	19626075	17763	0.6395319531953195
SRX4292704	PRJNA477823	SAMN09479743	1	23965454	17334	0.6240864086408641
SRX4626197	PRJNA488640	SAMN09938583	1	28975755	16509	0.5943834383438343
SRX4626198	PRJNA488640	SAMN09938582	1	32617917	16785	0.6043204320432043
SRX4626199	PRJNA488640	SAMN09938581	1	26865390	16585	0.5971197119711971
SRX4626200	PRJNA488640	SAMN09938580	1	26427029	16512	0.5944914491449145
SRX4626201	PRJNA488640	SAMN09938579	1	28002266	16869	0.6073447344734474
SRX4626202	PRJNA488640	SAMN09938578	1	25029176	16768	0.6037083708370837
SRX4626203	PRJNA488640	SAMN09938577	1	25187156	16704	0.6014041404140414
SRX4626204	PRJNA488640	SAMN09938576	1	28263632	16920	0.6091809180918092
SRX4634288	PRJNA489076	SAMN09948071	1	15827690	16988	0.6116291629162917
SRX4634289	PRJNA489076	SAMN09948070	1	16643624	17518	0.6307110711071107
SRX4634290	PRJNA489076	SAMN09948069	1	13008250	16504	0.5942034203420342
SRX4634291	PRJNA489076	SAMN09948086	1	11339950	17154	0.6176057605760576
SRX4634292	PRJNA489076	SAMN09948085	1	11104033	16692	0.600972097209721
SRX4634293	PRJNA489076	SAMN09948084	1	16386783	17248	0.620990099009901
SRX4634294	PRJNA489076	SAMN09948083	1	15144550	16525	0.594959495949595
SRX4634295	PRJNA489076	SAMN09948082	1	12419490	15884	0.5718811881188118
SRX4634296	PRJNA489076	SAMN09948075	1	12692137	16080	0.578937893789379
SRX4634297	PRJNA489076	SAMN09948081	1	9656429	17330	0.623942394239424
SRX4634298	PRJNA489076	SAMN09948080	1	15496305	17117	0.6162736273627363
SRX4634299	PRJNA489076	SAMN09948079	1	14787497	16342	0.5883708370837084
SRX4634300	PRJNA489076	SAMN09948078	1	17482681	16908	0.6087488748874887
SRX4634301	PRJNA489076	SAMN09948077	1	20626925	17381	0.6257785778577858
SRX4634302	PRJNA489076	SAMN09948076	1	17846175	16838	0.6062286228622862
SRX4634303	PRJNA489076	SAMN09948074	1	15658801	16704	0.6014041404140414
SRX4634304	PRJNA489076	SAMN09948073	1	16964178	17128	0.6166696669666967
SRX4634305	PRJNA489076	SAMN09948072	1	16981949	16897	0.6083528352835283
SRX4634306	PRJNA489076	SAMN09948104	1	18623179	16881	0.6077767776777678
SRX4634307	PRJNA489076	SAMN09948103	1	17922688	16900	0.6084608460846085
SRX4634308	PRJNA489076	SAMN09948102	1	15219833	16421	0.5912151215121512
SRX4634309	PRJNA489076	SAMN09948101	1	17076676	16548	0.5957875787578758
SRX4634310	PRJNA489076	SAMN09948100	1	14491515	16467	0.5928712871287128
SRX4634311	PRJNA489076	SAMN09948099	1	15669237	16779	0.6041044104410441
SRX4634312	PRJNA489076	SAMN09948098	1	16456588	16948	0.6101890189018901
SRX4634313	PRJNA489076	SAMN09948097	1	17343369	17314	0.6233663366336634
SRX4634314	PRJNA489076	SAMN09948096	1	15635312	16749	0.6030243024302431
SRX4634315	PRJNA489076	SAMN09948095	1	16956361	17037	0.6133933393339334
SRX4634316	PRJNA489076	SAMN09948094	1	16022999	17110	0.6160216021602161
SRX4634317	PRJNA489076	SAMN09948093	1	14674924	16854	0.6068046804680468
SRX4634318	PRJNA489076	SAMN09948092	1	17972258	16643	0.5992079207920792
SRX4634319	PRJNA489076	SAMN09948091	1	19167534	17039	0.6134653465346535
SRX4634320	PRJNA489076	SAMN09948090	1	17525791	16445	0.592079207920792
SRX4634321	PRJNA489076	SAMN09948089	1	16051695	17078	0.6148694869486949
SRX4634322	PRJNA489076	SAMN09948088	1	17115040	16705	0.6014401440144015
SRX4634323	PRJNA489076	SAMN09948087	1	13902485	16878	0.6076687668766877
SRX4986365	PRJNA504034	SAMN10388073	1	46066230	20304	0.731017101710171
SRX4986364	PRJNA504034	SAMN10388074	1	53396068	20751	0.7471107110711072
SRX4986363	PRJNA504034	SAMN10388069	1	45940638	19745	0.7108910891089109
SRX4986362	PRJNA504034	SAMN10388070	1	54608978	20122	0.7244644464446445
SRX4986361	PRJNA504034	SAMN10388071	1	58393186	20052	0.7219441944194419
SRX4986360	PRJNA504034	SAMN10388072	1	55389092	20589	0.7412781278127812
SRX4986359	PRJNA504034	SAMN10388065	1	22245366	16675	0.6003600360036003
SRX4986358	PRJNA504034	SAMN10388066	1	51458474	20424	0.7353375337533753
SRX4986357	PRJNA504034	SAMN10388067	1	47786627	20502	0.7381458145814581
SRX4986356	PRJNA504034	SAMN10388068	1	50036704	20305	0.731053105310531
SRX4986353	PRJNA504034	SAMN10388089	1	31842877	15129	0.5446984698469847
SRX4986351	PRJNA504034	SAMN10388087	1	40610834	15791	0.5685328532853285
SRX4986350	PRJNA504034	SAMN10388088	1	39025311	15189	0.5468586858685869
SRX4986349	PRJNA504034	SAMN10388085	1	36763292	15218	0.5479027902790279
SRX4986348	PRJNA504034	SAMN10388086	1	39528984	15462	0.5566876687668767
SRX4986335	PRJNA504034	SAMN10388064	1	31051560	17013	0.6125292529252925
SRX4986334	PRJNA504034	SAMN10388063	1	30133793	17113	0.6161296129612961
SRX4986333	PRJNA504034	SAMN10388056	1	101343668	19554	0.704014401440144
SRX4986332	PRJNA504034	SAMN10388055	1	105066382	19658	0.7077587758775877
SRX4986331	PRJNA504034	SAMN10388058	1	24079254	18135	0.6529252925292529
SRX4986330	PRJNA504034	SAMN10388057	1	26614674	18390	0.6621062106210621
SRX4986329	PRJNA504034	SAMN10388060	1	108974386	20340	0.7323132313231323
SRX4986328	PRJNA504034	SAMN10388059	1	22073982	18061	0.6502610261026103
SRX4986327	PRJNA504034	SAMN10388062	1	115091596	20380	0.7337533753375337
SRX4986326	PRJNA504034	SAMN10388061	1	105586356	20263	0.7295409540954095
SRX4986325	PRJNA504034	SAMN10388078	1	52337152	21037	0.7574077407740774
SRX4986324	PRJNA504034	SAMN10388077	1	49983987	20377	0.7336453645364537
SRX4986323	PRJNA504034	SAMN10388076	1	67036340	20591	0.7413501350135013
SRX4986322	PRJNA504034	SAMN10388075	1	51543446	20369	0.7333573357335733
SRX4986321	PRJNA504034	SAMN10388082	1	60223968	21120	0.7603960396039604
SRX4986320	PRJNA504034	SAMN10388081	1	51561826	20940	0.7539153915391539
SRX4986319	PRJNA504034	SAMN10388080	1	50033183	20891	0.7521512151215122
SRX4986318	PRJNA504034	SAMN10388079	1	63947818	21205	0.7634563456345634
SRX4986316	PRJNA504034	SAMN10388084	1	40751950	15343	0.5524032403240324
SRX4986315	PRJNA504034	SAMN10388083	1	48402639	20771	0.7478307830783079
SRX4986312	PRJNA504034	SAMN10388054	1	107099480	19799	0.7128352835283528
SRX4986311	PRJNA504034	SAMN10388053	1	54903304	19919	0.7171557155715571
SRX4986309	PRJNA504034	SAMN10388048	1	54843808	18808	0.6771557155715572
SRX4986308	PRJNA504034	SAMN10388047	1	61763225	19640	0.7071107110711071
SRX4986307	PRJNA504034	SAMN10388046	1	55225608	19505	0.7022502250225022
SRX4986306	PRJNA504034	SAMN10388045	1	55002240	19477	0.7012421242124213
SRX4986305	PRJNA504034	SAMN10388052	1	65430394	20162	0.7259045904590459
SRX4986304	PRJNA504034	SAMN10388051	1	60791245	19930	0.7175517551755175
SRX4986303	PRJNA504034	SAMN10388050	1	59633352	18994	0.6838523852385239
SRX4986302	PRJNA504034	SAMN10388049	1	60192989	18924	0.6813321332133213
SRX5910664	PRJNA545135	SAMN11875000	1	27337855	16900	0.6084608460846085
SRX5910665	PRJNA545135	SAMN11874999	1	24669342	16871	0.6074167416741674
SRX5910666	PRJNA545135	SAMN11874998	1	28886001	16899	0.6084248424842484
SRX5910667	PRJNA545135	SAMN11874997	1	27227594	16770	0.6037803780378038
SRX5910668	PRJNA545135	SAMN11874996	1	25551532	16386	0.58995499549955
SRX5910669	PRJNA545135	SAMN11874994	1	29571981	16658	0.5997479747974798
SRX5910670	PRJNA545135	SAMN11874993	1	30829155	16421	0.5912151215121512
SRX5910671	PRJNA545135	SAMN11874992	1	24772474	16156	0.5816741674167417
SRX5924873	PRJNA545309	SAMN11883837	1	16715861	16126	0.5805940594059406
SRX5924874	PRJNA545309	SAMN11883836	1	16705271	16279	0.5861026102610261
SRX5924875	PRJNA545309	SAMN11883835	1	17898811	16206	0.5834743474347435
SRX5924876	PRJNA545309	SAMN11883834	1	18387028	16162	0.5818901890189019
SRX5924877	PRJNA545309	SAMN11883833	1	13734995	15753	0.5671647164716471
SRX5924878	PRJNA545309	SAMN11883832	1	10933349	15714	0.5657605760576058
SRX5924879	PRJNA545309	SAMN11883831	1	13802747	15862	0.571089108910891
SRX5924880	PRJNA545309	SAMN11883830	1	16403419	16077	0.5788298829882988
SRX5924881	PRJNA545309	SAMN11883829	1	13317149	15594	0.5614401440144015
SRX5924882	PRJNA545309	SAMN11883828	1	13629665	16039	0.5774617461746174
SRX5924883	PRJNA545309	SAMN11883827	1	18345980	16274	0.5859225922592259
SRX5924884	PRJNA545309	SAMN11883826	1	17518287	16049	0.5778217821782178
SRX6384003	PRJNA551666	SAMN12162723	4	12676627	16070	0.5785778577857785
SRX6384004	PRJNA551666	SAMN12162722	4	14187454	16484	0.5934833483348335
SRX6384005	PRJNA551666	SAMN12162721	4	14956732	16524	0.5949234923492349
SRX6384006	PRJNA551666	SAMN12162720	4	12081206	16268	0.5857065706570657
SRX6384007	PRJNA551666	SAMN12162719	4	12443076	15997	0.5759495949594959
SRX6384008	PRJNA551666	SAMN12162718	4	13581040	16066	0.5784338433843385
SRX6384009	PRJNA551666	SAMN12162717	4	15170172	16437	0.5917911791179118
SRX6384010	PRJNA551666	SAMN12162716	4	8809714	15625	0.5625562556255626
SRX6384011	PRJNA551666	SAMN12162715	4	11135856	16026	0.5769936993699369
SRX6384012	PRJNA551666	SAMN12162714	4	12040810	16360	0.589018901890189
SRX6384013	PRJNA551666	SAMN12162713	4	12797313	16347	0.5885508550855085
SRX6384014	PRJNA551666	SAMN12162712	4	13415900	16261	0.5854545454545454
SRX6384015	PRJNA551666	SAMN12162711	4	12456426	16102	0.5797299729972998
SRX6384016	PRJNA551666	SAMN12162710	4	12236821	15958	0.5745454545454546
SRX6384017	PRJNA551666	SAMN12162709	4	13519353	16081	0.5789738973897389
SRX6384018	PRJNA551666	SAMN12162708	4	6773218	15568	0.5605040504050405
SRX6384019	PRJNA551666	SAMN12162707	4	12570421	16241	0.5847344734473447
SRX6384020	PRJNA551666	SAMN12162706	4	11764900	16175	0.5823582358235824
SRX6384021	PRJNA551666	SAMN12162705	4	15256784	15603	0.5617641764176418
SRX6384022	PRJNA551666	SAMN12162704	4	12953720	15377	0.5536273627362737
SRX6384023	PRJNA551666	SAMN12162703	4	14165402	15527	0.559027902790279
SRX6384024	PRJNA551666	SAMN12162702	4	1086604	12417	0.44705670567056705
SRX6384025	PRJNA551666	SAMN12162725	4	14840000	15948	0.5741854185418542
SRX6384026	PRJNA551666	SAMN12162724	4	7807652	15080	0.542934293429343
SRX6461459	PRJNA555245	SAMN12308451	1	34436758	18172	0.6542574257425743
SRX6461460	PRJNA555245	SAMN12308450	1	23142200	21563	0.7763456345634564
SRX6461461	PRJNA555245	SAMN12308449	1	12897068	19740	0.7107110711071107
SRX6601534	PRJNA556890	SAMN12375427	1	22348756	16990	0.6117011701170117
SRX6601535	PRJNA556890	SAMN12375426	1	23586295	15974	0.5751215121512151
SRX6601536	PRJNA556890	SAMN12375425	1	24332597	16767	0.6036723672367237
SRX6601537	PRJNA556890	SAMN12375424	1	24824021	17018	0.6127092709270927
