column_index	column_name	modality	histone_mark	feature_suffix	semantic_category	feature_family	dtype	n_missing	missing_fraction	n_unique_nonmissing	constant	all_missing	benchmark_relative	requires_encoding	baseline_model_policy	rationale
1	canonical_locus_id	CORE			identifier	benchmark_identity	textual	0	0	37	FALSE	FALSE	FALSE	FALSE	id_only	Stable locus key retained for joins; never a predictor.
2	locus_name	CORE			identifier_metadata	benchmark_identity	textual	0	0	37	FALSE	FALSE	FALSE	FALSE	exclude_metadata	Human-readable locus name; descriptive rather than predictive.
3	benchmark_role	CORE			label	benchmark_outcome	textual	0	0	3	FALSE	FALSE	FALSE	FALSE	label_only	Benchmark class label; must never be used as an input predictor.
4	best_evidence_tier	CORE			evidence_metadata	benchmark_evidence	textual	0	0	1	TRUE	FALSE	FALSE	FALSE	exclude_metadata	Describes benchmark evidence or curation rather than molecular state.
5	n_observations	CORE			evidence_metadata	benchmark_evidence	numeric	0	0	3	FALSE	FALSE	FALSE	FALSE	exclude_metadata	Describes benchmark evidence or curation rather than molecular state.
6	target_assembly	CORE			reference_metadata	reference_genome	textual	0	0	1	TRUE	FALSE	FALSE	FALSE	exclude_metadata	Reference assembly metadata; constant across this benchmark.
7	target_seqname	CORE			benchmark_coordinate_metadata	benchmark_definition	textual	0	0	11	FALSE	FALSE	FALSE	FALSE	exclude_coordinate	Part of the curated benchmark locus definition; excluded to avoid coordinate/provenance proxies.
8	target_start_1based	CORE			benchmark_coordinate_metadata	benchmark_definition	numeric	0	0	37	FALSE	FALSE	FALSE	FALSE	exclude_coordinate	Part of the curated benchmark locus definition; excluded to avoid coordinate/provenance proxies.
9	target_end_1based	CORE			benchmark_coordinate_metadata	benchmark_definition	numeric	0	0	37	FALSE	FALSE	FALSE	FALSE	exclude_coordinate	Part of the curated benchmark locus definition; excluded to avoid coordinate/provenance proxies.
10	locus_width_bp	CORE			benchmark_coordinate_metadata	benchmark_definition	numeric	0	0	13	FALSE	FALSE	FALSE	FALSE	exclude_coordinate	Part of the curated benchmark locus definition; excluded to avoid coordinate/provenance proxies.
11	locus_semantic_class	CORE			evidence_metadata	benchmark_evidence	textual	0	0	4	FALSE	FALSE	FALSE	FALSE	exclude_metadata	Describes benchmark evidence or curation rather than molecular state.
12	mapping_confidence	CORE			evidence_metadata	benchmark_evidence	textual	0	0	1	TRUE	FALSE	FALSE	FALSE	exclude_metadata	Describes benchmark evidence or curation rather than molecular state.
13	supporting_studies	CORE			evidence_metadata	benchmark_evidence	textual	0	0	5	FALSE	FALSE	FALSE	FALSE	exclude_metadata	Describes benchmark evidence or curation rather than molecular state.
14	rna_nearest_gene_id	RNA			biological_annotation	nearest_gene_annotation	textual	0	0	37	FALSE	FALSE	FALSE	FALSE	exclude_high_cardinality	Gene identifier is retained for interpretation but would act as a high-cardinality locus identifier.
15	rna_nearest_gene_tss_1based	RNA			biological_annotation	nearest_gene_coordinate	numeric	0	0	37	FALSE	FALSE	FALSE	FALSE	exclude_coordinate	Absolute TSS coordinate is an annotation coordinate, not an expression measurement.
16	rna_nearest_gene_strand	RNA			biological_context	tss_context	textual	0	0	2	FALSE	FALSE	FALSE	TRUE	candidate_categorical	Biological locus-to-TSS context; requires explicit categorical/binary encoding before modelling.
17	rna_locus_relative_to_tss	RNA			biological_context	tss_context	textual	0	0	3	FALSE	FALSE	FALSE	TRUE	candidate_categorical	Biological locus-to-TSS context; requires explicit categorical/binary encoding before modelling.
18	rna_min_tss_distance_bp	RNA			biological_context	tss_context	numeric	0	0	37	FALSE	FALSE	FALSE	FALSE	candidate_numeric	Numeric locus-to-TSS context derived independently of the benchmark label.
19	rna_tss_inside_locus	RNA			biological_context	tss_context	textual	0	0	2	FALSE	FALSE	FALSE	TRUE	candidate_categorical	Biological locus-to-TSS context; requires explicit categorical/binary encoding before modelling.
20	rna_tss_inside_count	RNA			biological_context	tss_context	numeric	0	0	2	FALSE	FALSE	FALSE	FALSE	candidate_numeric	Numeric locus-to-TSS context derived independently of the benchmark label.
21	rna_n_studies	RNA			provenance_metadata	rna_dataset_scope	numeric	0	0	1	TRUE	FALSE	FALSE	FALSE	exclude_metadata	Dataset-scope provenance rather than locus-specific molecular signal.
22	rna_tmm_logcpm_median	RNA			biological_signal	rna_expression_consensus	numeric	0	0	25	FALSE	FALSE	FALSE	FALSE	candidate_redundancy_review	Expression-context feature; eligible for modelling after redundancy and dimensionality review.
23	rna_tmm_logcpm_q1	RNA			biological_signal	rna_expression_consensus	numeric	0	0	23	FALSE	FALSE	FALSE	FALSE	candidate_redundancy_review	Expression-context feature; eligible for modelling after redundancy and dimensionality review.
24	rna_tmm_logcpm_q3	RNA			biological_signal	rna_expression_consensus	numeric	0	0	29	FALSE	FALSE	FALSE	FALSE	candidate_redundancy_review	Expression-context feature; eligible for modelling after redundancy and dimensionality review.
25	rna_tmm_logcpm_iqr	RNA			biological_signal	rna_expression_consensus	numeric	0	0	29	FALSE	FALSE	FALSE	FALSE	candidate_redundancy_review	Expression-context feature; eligible for modelling after redundancy and dimensionality review.
26	rna_tpm_median	RNA			biological_signal	rna_expression_consensus	numeric	0	0	25	FALSE	FALSE	FALSE	FALSE	candidate_redundancy_review	Expression-context feature; eligible for modelling after redundancy and dimensionality review.
27	rna_tpm_q1	RNA			biological_signal	rna_expression_consensus	numeric	0	0	23	FALSE	FALSE	FALSE	FALSE	candidate_redundancy_review	Expression-context feature; eligible for modelling after redundancy and dimensionality review.
28	rna_tpm_q3	RNA			biological_signal	rna_expression_consensus	numeric	0	0	29	FALSE	FALSE	FALSE	FALSE	candidate_redundancy_review	Expression-context feature; eligible for modelling after redundancy and dimensionality review.
29	rna_tpm_iqr	RNA			biological_signal	rna_expression_consensus	numeric	0	0	29	FALSE	FALSE	FALSE	FALSE	candidate_redundancy_review	Expression-context feature; eligible for modelling after redundancy and dimensionality review.
30	rna_study_median_tpm_positive_n	RNA			biological_signal	rna_expression_consensus	numeric	0	0	18	FALSE	FALSE	FALSE	FALSE	candidate_redundancy_review	Expression-context feature; eligible for modelling after redundancy and dimensionality review.
31	rna_study_median_tpm_positive_fraction	RNA			biological_signal	rna_expression_consensus	numeric	0	0	18	FALSE	FALSE	FALSE	FALSE	candidate_redundancy_review	Expression-context feature; eligible for modelling after redundancy and dimensionality review.
32	rna_n_experiments	RNA			provenance_metadata	rna_dataset_scope	numeric	0	0	1	TRUE	FALSE	FALSE	FALSE	exclude_metadata	Dataset-scope provenance rather than locus-specific molecular signal.
33	rna_raw_count_total	RNA			technical_or_detection_summary	rna_raw_detection	numeric	0	0	37	FALSE	FALSE	FALSE	FALSE	review_technical	Raw-count/detection summary retained for interpretation; not automatically accepted as a portable predictor.
34	rna_experiments_raw_count_positive_n	RNA			technical_or_detection_summary	rna_raw_detection	numeric	0	0	24	FALSE	FALSE	FALSE	FALSE	review_technical	Raw-count/detection summary retained for interpretation; not automatically accepted as a portable predictor.
35	rna_experiments_raw_count_positive_fraction	RNA			technical_or_detection_summary	rna_raw_detection	numeric	0	0	24	FALSE	FALSE	FALSE	FALSE	review_technical	Raw-count/detection summary retained for interpretation; not automatically accepted as a portable predictor.
36	rna_raw_all_zero	RNA			technical_or_detection_summary	rna_raw_detection	textual	0	0	1	TRUE	FALSE	FALSE	FALSE	exclude_constant	Raw-count/detection summary retained for interpretation; not automatically accepted as a portable predictor. This column is constant across the 37 benchmark loci.
37	rna_tmm_logcpm_median_without_PRJEB35183	RNA			sensitivity_analysis	rna_PRJEB35183_sensitivity	numeric	0	0	25	FALSE	FALSE	FALSE	FALSE	sensitivity_only	Leave-one-study-out sensitivity metric; retained for robustness analysis rather than baseline prediction.
38	rna_tmm_logcpm_delta_without_PRJEB35183	RNA			sensitivity_analysis	rna_PRJEB35183_sensitivity	numeric	0	0	25	FALSE	FALSE	FALSE	FALSE	sensitivity_only	Leave-one-study-out sensitivity metric; retained for robustness analysis rather than baseline prediction.
39	rna_tmm_logcpm_abs_delta_without_PRJEB35183	RNA			sensitivity_analysis	rna_PRJEB35183_sensitivity	numeric	0	0	25	FALSE	FALSE	FALSE	FALSE	sensitivity_only	Leave-one-study-out sensitivity metric; retained for robustness analysis rather than baseline prediction.
40	rna_tpm_median_without_PRJEB35183	RNA			sensitivity_analysis	rna_PRJEB35183_sensitivity	numeric	0	0	25	FALSE	FALSE	FALSE	FALSE	sensitivity_only	Leave-one-study-out sensitivity metric; retained for robustness analysis rather than baseline prediction.
41	rna_tpm_delta_without_PRJEB35183	RNA			sensitivity_analysis	rna_PRJEB35183_sensitivity	numeric	0	0	25	FALSE	FALSE	FALSE	FALSE	sensitivity_only	Leave-one-study-out sensitivity metric; retained for robustness analysis rather than baseline prediction.
42	rna_tpm_abs_delta_without_PRJEB35183	RNA			sensitivity_analysis	rna_PRJEB35183_sensitivity	numeric	0	0	25	FALSE	FALSE	FALSE	FALSE	sensitivity_only	Leave-one-study-out sensitivity metric; retained for robustness analysis rather than baseline prediction.
43	rna_tpm_relative_change_without_PRJEB35183	RNA			sensitivity_analysis	rna_PRJEB35183_sensitivity	numeric	13	0.351351351351	24	FALSE	FALSE	FALSE	FALSE	sensitivity_only	Leave-one-study-out sensitivity metric; retained for robustness analysis rather than baseline prediction.
44	atac_anchor_1based	ATAC			benchmark_coordinate_metadata	atac_anchor	numeric	0	0	37	FALSE	FALSE	FALSE	FALSE	exclude_coordinate	Representative benchmark anchor coordinate; not an accessibility measurement.
45	atac_idr10_exact_overlap	ATAC			biological_signal	atac_primary_accessibility	numeric	0	0	2	FALSE	FALSE	FALSE	FALSE	candidate_redundancy_review	Primary accessibility context derived from IDR 0.10 peaks or replicate-consensus SPMR.
46	atac_idr10_exact_n_unique_peaks	ATAC			biological_signal	atac_primary_accessibility	numeric	0	0	3	FALSE	FALSE	FALSE	FALSE	candidate_redundancy_review	Primary accessibility context derived from IDR 0.10 peaks or replicate-consensus SPMR.
47	atac_idr10_exact_overlap_bp	ATAC			biological_signal	atac_primary_accessibility	numeric	0	0	3	FALSE	FALSE	FALSE	FALSE	candidate_redundancy_review	Primary accessibility context derived from IDR 0.10 peaks or replicate-consensus SPMR.
48	atac_idr10_exact_overlap_fraction_of_locus	ATAC			biological_signal	atac_primary_accessibility	numeric	0	0	3	FALSE	FALSE	FALSE	FALSE	candidate_redundancy_review	Primary accessibility context derived from IDR 0.10 peaks or replicate-consensus SPMR.
49	atac_idr10_anchor_in_peak	ATAC			biological_signal	atac_primary_accessibility	numeric	0	0	1	TRUE	FALSE	FALSE	FALSE	exclude_constant	Primary accessibility context derived from IDR 0.10 peaks or replicate-consensus SPMR. This column is constant across the 37 benchmark loci.
50	atac_idr10_nearest_peak_distance_bp	ATAC			biological_signal	atac_primary_accessibility	numeric	0	0	37	FALSE	FALSE	FALSE	FALSE	candidate_redundancy_review	Primary accessibility context derived from IDR 0.10 peaks or replicate-consensus SPMR.
51	atac_idr10_n_unique_peaks_pm1000bp	ATAC			biological_signal	atac_primary_accessibility	numeric	0	0	3	FALSE	FALSE	FALSE	FALSE	candidate_redundancy_review	Primary accessibility context derived from IDR 0.10 peaks or replicate-consensus SPMR.
52	atac_idr10_any_peak_pm1000bp	ATAC			biological_signal	atac_primary_accessibility	numeric	0	0	2	FALSE	FALSE	FALSE	FALSE	candidate_redundancy_review	Primary accessibility context derived from IDR 0.10 peaks or replicate-consensus SPMR.
53	atac_idr10_accessible_bp_pm1000bp	ATAC			biological_signal	atac_primary_accessibility	numeric	0	0	7	FALSE	FALSE	FALSE	FALSE	candidate_redundancy_review	Primary accessibility context derived from IDR 0.10 peaks or replicate-consensus SPMR.
54	atac_spmr_consensus_pm1000bp_mean	ATAC			biological_signal	atac_primary_accessibility	numeric	0	0	37	FALSE	FALSE	FALSE	FALSE	candidate_redundancy_review	Primary accessibility context derived from IDR 0.10 peaks or replicate-consensus SPMR.
55	atac_idr10_n_unique_peaks_pm10000bp	ATAC			biological_signal	atac_primary_accessibility	numeric	0	0	4	FALSE	FALSE	FALSE	FALSE	candidate_redundancy_review	Primary accessibility context derived from IDR 0.10 peaks or replicate-consensus SPMR.
56	atac_idr10_any_peak_pm10000bp	ATAC			biological_signal	atac_primary_accessibility	numeric	0	0	2	FALSE	FALSE	FALSE	FALSE	candidate_redundancy_review	Primary accessibility context derived from IDR 0.10 peaks or replicate-consensus SPMR.
57	atac_idr10_accessible_bp_pm10000bp	ATAC			biological_signal	atac_primary_accessibility	numeric	0	0	17	FALSE	FALSE	FALSE	FALSE	candidate_redundancy_review	Primary accessibility context derived from IDR 0.10 peaks or replicate-consensus SPMR.
58	atac_spmr_consensus_pm10000bp_mean	ATAC			biological_signal	atac_primary_accessibility	numeric	0	0	37	FALSE	FALSE	FALSE	FALSE	candidate_redundancy_review	Primary accessibility context derived from IDR 0.10 peaks or replicate-consensus SPMR.
59	atac_idr10_n_unique_peaks_pm50000bp	ATAC			biological_signal	atac_primary_accessibility	numeric	0	0	8	FALSE	FALSE	FALSE	FALSE	candidate_redundancy_review	Primary accessibility context derived from IDR 0.10 peaks or replicate-consensus SPMR.
60	atac_idr10_any_peak_pm50000bp	ATAC			biological_signal	atac_primary_accessibility	numeric	0	0	2	FALSE	FALSE	FALSE	FALSE	candidate_redundancy_review	Primary accessibility context derived from IDR 0.10 peaks or replicate-consensus SPMR.
61	atac_idr10_accessible_bp_pm50000bp	ATAC			biological_signal	atac_primary_accessibility	numeric	0	0	27	FALSE	FALSE	FALSE	FALSE	candidate_redundancy_review	Primary accessibility context derived from IDR 0.10 peaks or replicate-consensus SPMR.
62	atac_spmr_consensus_pm50000bp_mean	ATAC			biological_signal	atac_primary_accessibility	numeric	0	0	37	FALSE	FALSE	FALSE	FALSE	candidate_redundancy_review	Primary accessibility context derived from IDR 0.10 peaks or replicate-consensus SPMR.
63	atac_idr05_exact_overlap	ATAC			sensitivity_analysis	atac_IDR05_sensitivity	numeric	0	0	2	FALSE	FALSE	FALSE	FALSE	sensitivity_only	IDR 0.05 layer retained as a stricter sensitivity analysis; IDR 0.10 is the primary peak layer.
64	atac_idr05_exact_n_unique_peaks	ATAC			sensitivity_analysis	atac_IDR05_sensitivity	numeric	0	0	3	FALSE	FALSE	FALSE	FALSE	sensitivity_only	IDR 0.05 layer retained as a stricter sensitivity analysis; IDR 0.10 is the primary peak layer.
65	atac_idr05_exact_overlap_bp	ATAC			sensitivity_analysis	atac_IDR05_sensitivity	numeric	0	0	3	FALSE	FALSE	FALSE	FALSE	sensitivity_only	IDR 0.05 layer retained as a stricter sensitivity analysis; IDR 0.10 is the primary peak layer.
66	atac_idr05_exact_overlap_fraction_of_locus	ATAC			sensitivity_analysis	atac_IDR05_sensitivity	numeric	0	0	3	FALSE	FALSE	FALSE	FALSE	sensitivity_only	IDR 0.05 layer retained as a stricter sensitivity analysis; IDR 0.10 is the primary peak layer.
67	atac_idr05_anchor_in_peak	ATAC			sensitivity_analysis	atac_IDR05_sensitivity	numeric	0	0	1	TRUE	FALSE	FALSE	FALSE	sensitivity_only	IDR 0.05 layer retained as a stricter sensitivity analysis; IDR 0.10 is the primary peak layer.
68	atac_idr05_nearest_peak_distance_bp	ATAC			sensitivity_analysis	atac_IDR05_sensitivity	numeric	0	0	37	FALSE	FALSE	FALSE	FALSE	sensitivity_only	IDR 0.05 layer retained as a stricter sensitivity analysis; IDR 0.10 is the primary peak layer.
69	atac_idr05_n_unique_peaks_pm1000bp	ATAC			sensitivity_analysis	atac_IDR05_sensitivity	numeric	0	0	3	FALSE	FALSE	FALSE	FALSE	sensitivity_only	IDR 0.05 layer retained as a stricter sensitivity analysis; IDR 0.10 is the primary peak layer.
70	atac_idr05_any_peak_pm1000bp	ATAC			sensitivity_analysis	atac_IDR05_sensitivity	numeric	0	0	2	FALSE	FALSE	FALSE	FALSE	sensitivity_only	IDR 0.05 layer retained as a stricter sensitivity analysis; IDR 0.10 is the primary peak layer.
71	atac_idr05_accessible_bp_pm1000bp	ATAC			sensitivity_analysis	atac_IDR05_sensitivity	numeric	0	0	7	FALSE	FALSE	FALSE	FALSE	sensitivity_only	IDR 0.05 layer retained as a stricter sensitivity analysis; IDR 0.10 is the primary peak layer.
72	atac_idr05_n_unique_peaks_pm10000bp	ATAC			sensitivity_analysis	atac_IDR05_sensitivity	numeric	0	0	4	FALSE	FALSE	FALSE	FALSE	sensitivity_only	IDR 0.05 layer retained as a stricter sensitivity analysis; IDR 0.10 is the primary peak layer.
73	atac_idr05_any_peak_pm10000bp	ATAC			sensitivity_analysis	atac_IDR05_sensitivity	numeric	0	0	2	FALSE	FALSE	FALSE	FALSE	sensitivity_only	IDR 0.05 layer retained as a stricter sensitivity analysis; IDR 0.10 is the primary peak layer.
74	atac_idr05_accessible_bp_pm10000bp	ATAC			sensitivity_analysis	atac_IDR05_sensitivity	numeric	0	0	16	FALSE	FALSE	FALSE	FALSE	sensitivity_only	IDR 0.05 layer retained as a stricter sensitivity analysis; IDR 0.10 is the primary peak layer.
75	atac_idr05_n_unique_peaks_pm50000bp	ATAC			sensitivity_analysis	atac_IDR05_sensitivity	numeric	0	0	8	FALSE	FALSE	FALSE	FALSE	sensitivity_only	IDR 0.05 layer retained as a stricter sensitivity analysis; IDR 0.10 is the primary peak layer.
76	atac_idr05_any_peak_pm50000bp	ATAC			sensitivity_analysis	atac_IDR05_sensitivity	numeric	0	0	2	FALSE	FALSE	FALSE	FALSE	sensitivity_only	IDR 0.05 layer retained as a stricter sensitivity analysis; IDR 0.10 is the primary peak layer.
77	atac_idr05_accessible_bp_pm50000bp	ATAC			sensitivity_analysis	atac_IDR05_sensitivity	numeric	0	0	27	FALSE	FALSE	FALSE	FALSE	sensitivity_only	IDR 0.05 layer retained as a stricter sensitivity analysis; IDR 0.10 is the primary peak layer.
78	chip_anchor_1based	CHIP			benchmark_coordinate_metadata	chip_anchor	numeric	0	0	37	FALSE	FALSE	FALSE	FALSE	exclude_coordinate	Representative benchmark anchor coordinate; not a histone-mark signal.
79	H3K27ac__peak_mode	CHIP	H3K27ac	peak_mode	provenance_metadata	provenance_metadata	textual	0	0	1	TRUE	FALSE	FALSE	FALSE	exclude_metadata	Mark/study/analysis provenance retained for traceability; not a locus-specific predictor.
80	H3K27ac__n_studies	CHIP	H3K27ac	n_studies	provenance_metadata	provenance_metadata	numeric	0	0	1	TRUE	FALSE	FALSE	FALSE	exclude_metadata	Mark/study/analysis provenance retained for traceability; not a locus-specific predictor.
81	H3K27ac__studies	CHIP	H3K27ac	studies	provenance_metadata	provenance_metadata	textual	0	0	1	TRUE	FALSE	FALSE	FALSE	exclude_metadata	Mark/study/analysis provenance retained for traceability; not a locus-specific predictor.
82	H3K27ac__n_conditions_total	CHIP	H3K27ac	n_conditions_total	provenance_metadata	provenance_metadata	numeric	0	0	1	TRUE	FALSE	FALSE	FALSE	exclude_metadata	Mark/study/analysis provenance retained for traceability; not a locus-specific predictor.
83	H3K27ac__source_condition_keys	CHIP	H3K27ac	source_condition_keys	provenance_metadata	provenance_metadata	textual	0	0	1	TRUE	FALSE	FALSE	FALSE	exclude_metadata	Mark/study/analysis provenance retained for traceability; not a locus-specific predictor.
84	H3K27ac__source_analysis_ids	CHIP	H3K27ac	source_analysis_ids	provenance_metadata	provenance_metadata	textual	0	0	1	TRUE	FALSE	FALSE	FALSE	exclude_metadata	Mark/study/analysis provenance retained for traceability; not a locus-specific predictor.
85	H3K27ac__chip_exact_overlap_n_positive_conditions_total	CHIP	H3K27ac	chip_exact_overlap_n_positive_conditions_total	biological_signal	peak_support_summary	numeric	0	0	4	FALSE	FALSE	FALSE	FALSE	review_redundancy	Peak-support feature is biologically informative but highly related to other support encodings; requires redundancy review.
86	H3K27ac__chip_exact_overlap_fraction_positive_conditions_raw	CHIP	H3K27ac	chip_exact_overlap_fraction_positive_conditions_raw	biological_signal	peak_support_summary	numeric	0	0	4	FALSE	FALSE	FALSE	FALSE	review_redundancy	Peak-support feature is biologically informative but highly related to other support encodings; requires redundancy review.
87	H3K27ac__chip_exact_overlap_fraction_positive_conditions_equal_study_weight	CHIP	H3K27ac	chip_exact_overlap_fraction_positive_conditions_equal_study_weight	biological_signal	peak_support_summary	numeric	0	0	4	FALSE	FALSE	FALSE	FALSE	review_redundancy	Peak-support feature is biologically informative but highly related to other support encodings; requires redundancy review.
88	H3K27ac__chip_exact_overlap_fraction_studies_with_any_condition	CHIP	H3K27ac	chip_exact_overlap_fraction_studies_with_any_condition	biological_signal	peak_support_summary	numeric	0	0	3	FALSE	FALSE	FALSE	FALSE	review_redundancy	Peak-support feature is biologically informative but highly related to other support encodings; requires redundancy review.
89	H3K27ac__chip_exact_overlap_fraction_studies_with_all_conditions	CHIP	H3K27ac	chip_exact_overlap_fraction_studies_with_all_conditions	biological_signal	peak_support_summary	numeric	0	0	3	FALSE	FALSE	FALSE	FALSE	review_redundancy	Peak-support feature is biologically informative but highly related to other support encodings; requires redundancy review.
90	H3K27ac__chip_exact_overlap_any_study	CHIP	H3K27ac	chip_exact_overlap_any_study	biological_signal	peak_support_summary	numeric	0	0	2	FALSE	FALSE	FALSE	FALSE	review_redundancy	Peak-support feature is biologically informative but highly related to other support encodings; requires redundancy review.
91	H3K27ac__chip_exact_overlap_all_studies_have_any_condition	CHIP	H3K27ac	chip_exact_overlap_all_studies_have_any_condition	biological_signal	peak_support_summary	numeric	0	0	2	FALSE	FALSE	FALSE	FALSE	review_redundancy	Peak-support feature is biologically informative but highly related to other support encodings; requires redundancy review.
92	H3K27ac__chip_anchor_in_peak_n_positive_conditions_total	CHIP	H3K27ac	chip_anchor_in_peak_n_positive_conditions_total	biological_signal	peak_support_summary	numeric	0	0	4	FALSE	FALSE	FALSE	FALSE	review_redundancy	Peak-support feature is biologically informative but highly related to other support encodings; requires redundancy review.
93	H3K27ac__chip_anchor_in_peak_fraction_positive_conditions_raw	CHIP	H3K27ac	chip_anchor_in_peak_fraction_positive_conditions_raw	biological_signal	peak_support_summary	numeric	0	0	4	FALSE	FALSE	FALSE	FALSE	review_redundancy	Peak-support feature is biologically informative but highly related to other support encodings; requires redundancy review.
94	H3K27ac__chip_anchor_in_peak_fraction_positive_conditions_equal_study_weight	CHIP	H3K27ac	chip_anchor_in_peak_fraction_positive_conditions_equal_study_weight	biological_signal	peak_support_summary	numeric	0	0	4	FALSE	FALSE	FALSE	FALSE	review_redundancy	Peak-support feature is biologically informative but highly related to other support encodings; requires redundancy review.
95	H3K27ac__chip_anchor_in_peak_fraction_studies_with_any_condition	CHIP	H3K27ac	chip_anchor_in_peak_fraction_studies_with_any_condition	biological_signal	peak_support_summary	numeric	0	0	3	FALSE	FALSE	FALSE	FALSE	review_redundancy	Peak-support feature is biologically informative but highly related to other support encodings; requires redundancy review.
96	H3K27ac__chip_anchor_in_peak_fraction_studies_with_all_conditions	CHIP	H3K27ac	chip_anchor_in_peak_fraction_studies_with_all_conditions	biological_signal	peak_support_summary	numeric	0	0	3	FALSE	FALSE	FALSE	FALSE	review_redundancy	Peak-support feature is biologically informative but highly related to other support encodings; requires redundancy review.
97	H3K27ac__chip_anchor_in_peak_any_study	CHIP	H3K27ac	chip_anchor_in_peak_any_study	biological_signal	peak_support_summary	numeric	0	0	2	FALSE	FALSE	FALSE	FALSE	review_redundancy	Peak-support feature is biologically informative but highly related to other support encodings; requires redundancy review.
98	H3K27ac__chip_anchor_in_peak_all_studies_have_any_condition	CHIP	H3K27ac	chip_anchor_in_peak_all_studies_have_any_condition	biological_signal	peak_support_summary	numeric	0	0	2	FALSE	FALSE	FALSE	FALSE	review_redundancy	Peak-support feature is biologically informative but highly related to other support encodings; requires redundancy review.
99	H3K27ac__chip_any_peak_pm1000bp_n_positive_conditions_total	CHIP	H3K27ac	chip_any_peak_pm1000bp_n_positive_conditions_total	biological_signal	peak_support_summary	numeric	0	0	4	FALSE	FALSE	FALSE	FALSE	review_redundancy	Peak-support feature is biologically informative but highly related to other support encodings; requires redundancy review.
100	H3K27ac__chip_any_peak_pm1000bp_fraction_positive_conditions_raw	CHIP	H3K27ac	chip_any_peak_pm1000bp_fraction_positive_conditions_raw	biological_signal	peak_support_summary	numeric	0	0	4	FALSE	FALSE	FALSE	FALSE	review_redundancy	Peak-support feature is biologically informative but highly related to other support encodings; requires redundancy review.
101	H3K27ac__chip_any_peak_pm1000bp_fraction_positive_conditions_equal_study_weight	CHIP	H3K27ac	chip_any_peak_pm1000bp_fraction_positive_conditions_equal_study_weight	biological_signal	peak_support_summary	numeric	0	0	4	FALSE	FALSE	FALSE	FALSE	review_redundancy	Peak-support feature is biologically informative but highly related to other support encodings; requires redundancy review.
102	H3K27ac__chip_any_peak_pm1000bp_fraction_studies_with_any_condition	CHIP	H3K27ac	chip_any_peak_pm1000bp_fraction_studies_with_any_condition	biological_signal	peak_support_summary	numeric	0	0	3	FALSE	FALSE	FALSE	FALSE	review_redundancy	Peak-support feature is biologically informative but highly related to other support encodings; requires redundancy review.
103	H3K27ac__chip_any_peak_pm1000bp_fraction_studies_with_all_conditions	CHIP	H3K27ac	chip_any_peak_pm1000bp_fraction_studies_with_all_conditions	biological_signal	peak_support_summary	numeric	0	0	3	FALSE	FALSE	FALSE	FALSE	review_redundancy	Peak-support feature is biologically informative but highly related to other support encodings; requires redundancy review.
104	H3K27ac__chip_any_peak_pm1000bp_any_study	CHIP	H3K27ac	chip_any_peak_pm1000bp_any_study	biological_signal	peak_support_summary	numeric	0	0	2	FALSE	FALSE	FALSE	FALSE	review_redundancy	Peak-support feature is biologically informative but highly related to other support encodings; requires redundancy review.
105	H3K27ac__chip_any_peak_pm1000bp_all_studies_have_any_condition	CHIP	H3K27ac	chip_any_peak_pm1000bp_all_studies_have_any_condition	biological_signal	peak_support_summary	numeric	0	0	2	FALSE	FALSE	FALSE	FALSE	review_redundancy	Peak-support feature is biologically informative but highly related to other support encodings; requires redundancy review.
106	H3K27ac__chip_any_peak_pm10000bp_n_positive_conditions_total	CHIP	H3K27ac	chip_any_peak_pm10000bp_n_positive_conditions_total	biological_signal	peak_support_summary	numeric	0	0	5	FALSE	FALSE	FALSE	FALSE	review_redundancy	Peak-support feature is biologically informative but highly related to other support encodings; requires redundancy review.
107	H3K27ac__chip_any_peak_pm10000bp_fraction_positive_conditions_raw	CHIP	H3K27ac	chip_any_peak_pm10000bp_fraction_positive_conditions_raw	biological_signal	peak_support_summary	numeric	0	0	5	FALSE	FALSE	FALSE	FALSE	review_redundancy	Peak-support feature is biologically informative but highly related to other support encodings; requires redundancy review.
108	H3K27ac__chip_any_peak_pm10000bp_fraction_positive_conditions_equal_study_weight	CHIP	H3K27ac	chip_any_peak_pm10000bp_fraction_positive_conditions_equal_study_weight	biological_signal	peak_support_summary	numeric	0	0	5	FALSE	FALSE	FALSE	FALSE	review_redundancy	Peak-support feature is biologically informative but highly related to other support encodings; requires redundancy review.
109	H3K27ac__chip_any_peak_pm10000bp_fraction_studies_with_any_condition	CHIP	H3K27ac	chip_any_peak_pm10000bp_fraction_studies_with_any_condition	biological_signal	peak_support_summary	numeric	0	0	3	FALSE	FALSE	FALSE	FALSE	review_redundancy	Peak-support feature is biologically informative but highly related to other support encodings; requires redundancy review.
110	H3K27ac__chip_any_peak_pm10000bp_fraction_studies_with_all_conditions	CHIP	H3K27ac	chip_any_peak_pm10000bp_fraction_studies_with_all_conditions	biological_signal	peak_support_summary	numeric	0	0	3	FALSE	FALSE	FALSE	FALSE	review_redundancy	Peak-support feature is biologically informative but highly related to other support encodings; requires redundancy review.
111	H3K27ac__chip_any_peak_pm10000bp_any_study	CHIP	H3K27ac	chip_any_peak_pm10000bp_any_study	biological_signal	peak_support_summary	numeric	0	0	2	FALSE	FALSE	FALSE	FALSE	review_redundancy	Peak-support feature is biologically informative but highly related to other support encodings; requires redundancy review.
112	H3K27ac__chip_any_peak_pm10000bp_all_studies_have_any_condition	CHIP	H3K27ac	chip_any_peak_pm10000bp_all_studies_have_any_condition	biological_signal	peak_support_summary	numeric	0	0	2	FALSE	FALSE	FALSE	FALSE	review_redundancy	Peak-support feature is biologically informative but highly related to other support encodings; requires redundancy review.
113	H3K27ac__chip_any_peak_pm50000bp_n_positive_conditions_total	CHIP	H3K27ac	chip_any_peak_pm50000bp_n_positive_conditions_total	biological_signal	peak_support_summary	numeric	0	0	5	FALSE	FALSE	FALSE	FALSE	review_redundancy	Peak-support feature is biologically informative but highly related to other support encodings; requires redundancy review.
114	H3K27ac__chip_any_peak_pm50000bp_fraction_positive_conditions_raw	CHIP	H3K27ac	chip_any_peak_pm50000bp_fraction_positive_conditions_raw	biological_signal	peak_support_summary	numeric	0	0	5	FALSE	FALSE	FALSE	FALSE	review_redundancy	Peak-support feature is biologically informative but highly related to other support encodings; requires redundancy review.
115	H3K27ac__chip_any_peak_pm50000bp_fraction_positive_conditions_equal_study_weight	CHIP	H3K27ac	chip_any_peak_pm50000bp_fraction_positive_conditions_equal_study_weight	biological_signal	peak_support_summary	numeric	0	0	5	FALSE	FALSE	FALSE	FALSE	review_redundancy	Peak-support feature is biologically informative but highly related to other support encodings; requires redundancy review.
116	H3K27ac__chip_any_peak_pm50000bp_fraction_studies_with_any_condition	CHIP	H3K27ac	chip_any_peak_pm50000bp_fraction_studies_with_any_condition	biological_signal	peak_support_summary	numeric	0	0	3	FALSE	FALSE	FALSE	FALSE	review_redundancy	Peak-support feature is biologically informative but highly related to other support encodings; requires redundancy review.
117	H3K27ac__chip_any_peak_pm50000bp_fraction_studies_with_all_conditions	CHIP	H3K27ac	chip_any_peak_pm50000bp_fraction_studies_with_all_conditions	biological_signal	peak_support_summary	numeric	0	0	3	FALSE	FALSE	FALSE	FALSE	review_redundancy	Peak-support feature is biologically informative but highly related to other support encodings; requires redundancy review.
118	H3K27ac__chip_any_peak_pm50000bp_any_study	CHIP	H3K27ac	chip_any_peak_pm50000bp_any_study	biological_signal	peak_support_summary	numeric	0	0	2	FALSE	FALSE	FALSE	FALSE	review_redundancy	Peak-support feature is biologically informative but highly related to other support encodings; requires redundancy review.
119	H3K27ac__chip_any_peak_pm50000bp_all_studies_have_any_condition	CHIP	H3K27ac	chip_any_peak_pm50000bp_all_studies_have_any_condition	biological_signal	peak_support_summary	numeric	0	0	2	FALSE	FALSE	FALSE	FALSE	review_redundancy	Peak-support feature is biologically informative but highly related to other support encodings; requires redundancy review.
120	H3K27ac__chip_exact_n_peaks_consensus_median_across_studies	CHIP	H3K27ac	chip_exact_n_peaks_consensus_median_across_studies	biological_signal	peak_continuous_consensus	numeric	0	0	5	FALSE	FALSE	FALSE	FALSE	candidate_redundancy_review	Peak-context consensus is portable to additional loci on the same fixed tracks, subject to redundancy review.
121	H3K27ac__chip_exact_n_peaks_cross_study_range	CHIP	H3K27ac	chip_exact_n_peaks_cross_study_range	sensitivity_analysis	cross_study_variability	numeric	0	0	3	FALSE	FALSE	FALSE	FALSE	sensitivity_only	Between-study variability is retained as robustness/heterogeneity information rather than a baseline biological predictor.
122	H3K27ac__chip_exact_overlap_bp_consensus_median_across_studies	CHIP	H3K27ac	chip_exact_overlap_bp_consensus_median_across_studies	biological_signal	peak_continuous_consensus	numeric	0	0	8	FALSE	FALSE	FALSE	FALSE	candidate_redundancy_review	Peak-context consensus is portable to additional loci on the same fixed tracks, subject to redundancy review.
123	H3K27ac__chip_exact_overlap_bp_cross_study_range	CHIP	H3K27ac	chip_exact_overlap_bp_cross_study_range	sensitivity_analysis	cross_study_variability	numeric	0	0	4	FALSE	FALSE	FALSE	FALSE	sensitivity_only	Between-study variability is retained as robustness/heterogeneity information rather than a baseline biological predictor.
124	H3K27ac__chip_exact_overlap_fraction_of_locus_consensus_median_across_studies	CHIP	H3K27ac	chip_exact_overlap_fraction_of_locus_consensus_median_across_studies	biological_signal	peak_continuous_consensus	numeric	0	0	5	FALSE	FALSE	FALSE	FALSE	candidate_redundancy_review	Peak-context consensus is portable to additional loci on the same fixed tracks, subject to redundancy review.
125	H3K27ac__chip_exact_overlap_fraction_of_locus_cross_study_range	CHIP	H3K27ac	chip_exact_overlap_fraction_of_locus_cross_study_range	sensitivity_analysis	cross_study_variability	numeric	0	0	3	FALSE	FALSE	FALSE	FALSE	sensitivity_only	Between-study variability is retained as robustness/heterogeneity information rather than a baseline biological predictor.
126	H3K27ac__chip_nearest_peak_distance_to_anchor_bp_consensus_median_across_studies	CHIP	H3K27ac	chip_nearest_peak_distance_to_anchor_bp_consensus_median_across_studies	biological_signal	peak_continuous_consensus	numeric	0	0	34	FALSE	FALSE	FALSE	FALSE	candidate_redundancy_review	Peak-context consensus is portable to additional loci on the same fixed tracks, subject to redundancy review.
127	H3K27ac__chip_nearest_peak_distance_to_anchor_bp_cross_study_range	CHIP	H3K27ac	chip_nearest_peak_distance_to_anchor_bp_cross_study_range	sensitivity_analysis	cross_study_variability	numeric	0	0	34	FALSE	FALSE	FALSE	FALSE	sensitivity_only	Between-study variability is retained as robustness/heterogeneity information rather than a baseline biological predictor.
128	H3K27ac__chip_nearest_peak_distance_to_locus_bp_consensus_median_across_studies	CHIP	H3K27ac	chip_nearest_peak_distance_to_locus_bp_consensus_median_across_studies	biological_signal	peak_continuous_consensus	numeric	0	0	33	FALSE	FALSE	FALSE	FALSE	candidate_redundancy_review	Peak-context consensus is portable to additional loci on the same fixed tracks, subject to redundancy review.
129	H3K27ac__chip_nearest_peak_distance_to_locus_bp_cross_study_range	CHIP	H3K27ac	chip_nearest_peak_distance_to_locus_bp_cross_study_range	sensitivity_analysis	cross_study_variability	numeric	0	0	33	FALSE	FALSE	FALSE	FALSE	sensitivity_only	Between-study variability is retained as robustness/heterogeneity information rather than a baseline biological predictor.
130	H3K27ac__chip_n_peaks_pm1000bp_consensus_median_across_studies	CHIP	H3K27ac	chip_n_peaks_pm1000bp_consensus_median_across_studies	biological_signal	peak_continuous_consensus	numeric	0	0	7	FALSE	FALSE	FALSE	FALSE	candidate_redundancy_review	Peak-context consensus is portable to additional loci on the same fixed tracks, subject to redundancy review.
131	H3K27ac__chip_n_peaks_pm1000bp_cross_study_range	CHIP	H3K27ac	chip_n_peaks_pm1000bp_cross_study_range	sensitivity_analysis	cross_study_variability	numeric	0	0	4	FALSE	FALSE	FALSE	FALSE	sensitivity_only	Between-study variability is retained as robustness/heterogeneity information rather than a baseline biological predictor.
132	H3K27ac__chip_enriched_bp_pm1000bp_consensus_median_across_studies	CHIP	H3K27ac	chip_enriched_bp_pm1000bp_consensus_median_across_studies	biological_signal	peak_continuous_consensus	numeric	0	0	10	FALSE	FALSE	FALSE	FALSE	candidate_redundancy_review	Peak-context consensus is portable to additional loci on the same fixed tracks, subject to redundancy review.
133	H3K27ac__chip_enriched_bp_pm1000bp_cross_study_range	CHIP	H3K27ac	chip_enriched_bp_pm1000bp_cross_study_range	sensitivity_analysis	cross_study_variability	numeric	0	0	9	FALSE	FALSE	FALSE	FALSE	sensitivity_only	Between-study variability is retained as robustness/heterogeneity information rather than a baseline biological predictor.
134	H3K27ac__chip_enriched_fraction_pm1000bp_consensus_median_across_studies	CHIP	H3K27ac	chip_enriched_fraction_pm1000bp_consensus_median_across_studies	biological_signal	peak_continuous_consensus	numeric	0	0	10	FALSE	FALSE	FALSE	FALSE	candidate_redundancy_review	Peak-context consensus is portable to additional loci on the same fixed tracks, subject to redundancy review.
135	H3K27ac__chip_enriched_fraction_pm1000bp_cross_study_range	CHIP	H3K27ac	chip_enriched_fraction_pm1000bp_cross_study_range	sensitivity_analysis	cross_study_variability	numeric	0	0	9	FALSE	FALSE	FALSE	FALSE	sensitivity_only	Between-study variability is retained as robustness/heterogeneity information rather than a baseline biological predictor.
136	H3K27ac__chip_n_peaks_pm10000bp_consensus_median_across_studies	CHIP	H3K27ac	chip_n_peaks_pm10000bp_consensus_median_across_studies	biological_signal	peak_continuous_consensus	numeric	0	0	15	FALSE	FALSE	FALSE	FALSE	candidate_redundancy_review	Peak-context consensus is portable to additional loci on the same fixed tracks, subject to redundancy review.
137	H3K27ac__chip_n_peaks_pm10000bp_cross_study_range	CHIP	H3K27ac	chip_n_peaks_pm10000bp_cross_study_range	sensitivity_analysis	cross_study_variability	numeric	0	0	10	FALSE	FALSE	FALSE	FALSE	sensitivity_only	Between-study variability is retained as robustness/heterogeneity information rather than a baseline biological predictor.
138	H3K27ac__chip_enriched_bp_pm10000bp_consensus_median_across_studies	CHIP	H3K27ac	chip_enriched_bp_pm10000bp_consensus_median_across_studies	biological_signal	peak_continuous_consensus	numeric	0	0	20	FALSE	FALSE	FALSE	FALSE	candidate_redundancy_review	Peak-context consensus is portable to additional loci on the same fixed tracks, subject to redundancy review.
139	H3K27ac__chip_enriched_bp_pm10000bp_cross_study_range	CHIP	H3K27ac	chip_enriched_bp_pm10000bp_cross_study_range	sensitivity_analysis	cross_study_variability	numeric	0	0	20	FALSE	FALSE	FALSE	FALSE	sensitivity_only	Between-study variability is retained as robustness/heterogeneity information rather than a baseline biological predictor.
140	H3K27ac__chip_enriched_fraction_pm10000bp_consensus_median_across_studies	CHIP	H3K27ac	chip_enriched_fraction_pm10000bp_consensus_median_across_studies	biological_signal	peak_continuous_consensus	numeric	0	0	20	FALSE	FALSE	FALSE	FALSE	candidate_redundancy_review	Peak-context consensus is portable to additional loci on the same fixed tracks, subject to redundancy review.
141	H3K27ac__chip_enriched_fraction_pm10000bp_cross_study_range	CHIP	H3K27ac	chip_enriched_fraction_pm10000bp_cross_study_range	sensitivity_analysis	cross_study_variability	numeric	0	0	20	FALSE	FALSE	FALSE	FALSE	sensitivity_only	Between-study variability is retained as robustness/heterogeneity information rather than a baseline biological predictor.
142	H3K27ac__chip_n_peaks_pm50000bp_consensus_median_across_studies	CHIP	H3K27ac	chip_n_peaks_pm50000bp_consensus_median_across_studies	biological_signal	peak_continuous_consensus	numeric	0	0	25	FALSE	FALSE	FALSE	FALSE	candidate_redundancy_review	Peak-context consensus is portable to additional loci on the same fixed tracks, subject to redundancy review.
143	H3K27ac__chip_n_peaks_pm50000bp_cross_study_range	CHIP	H3K27ac	chip_n_peaks_pm50000bp_cross_study_range	sensitivity_analysis	cross_study_variability	numeric	0	0	17	FALSE	FALSE	FALSE	FALSE	sensitivity_only	Between-study variability is retained as robustness/heterogeneity information rather than a baseline biological predictor.
144	H3K27ac__chip_enriched_bp_pm50000bp_consensus_median_across_studies	CHIP	H3K27ac	chip_enriched_bp_pm50000bp_consensus_median_across_studies	biological_signal	peak_continuous_consensus	numeric	0	0	28	FALSE	FALSE	FALSE	FALSE	candidate_redundancy_review	Peak-context consensus is portable to additional loci on the same fixed tracks, subject to redundancy review.
145	H3K27ac__chip_enriched_bp_pm50000bp_cross_study_range	CHIP	H3K27ac	chip_enriched_bp_pm50000bp_cross_study_range	sensitivity_analysis	cross_study_variability	numeric	0	0	28	FALSE	FALSE	FALSE	FALSE	sensitivity_only	Between-study variability is retained as robustness/heterogeneity information rather than a baseline biological predictor.
146	H3K27ac__chip_enriched_fraction_pm50000bp_consensus_median_across_studies	CHIP	H3K27ac	chip_enriched_fraction_pm50000bp_consensus_median_across_studies	biological_signal	peak_continuous_consensus	numeric	0	0	28	FALSE	FALSE	FALSE	FALSE	candidate_redundancy_review	Peak-context consensus is portable to additional loci on the same fixed tracks, subject to redundancy review.
147	H3K27ac__chip_enriched_fraction_pm50000bp_cross_study_range	CHIP	H3K27ac	chip_enriched_fraction_pm50000bp_cross_study_range	sensitivity_analysis	cross_study_variability	numeric	0	0	28	FALSE	FALSE	FALSE	FALSE	sensitivity_only	Between-study variability is retained as robustness/heterogeneity information rather than a baseline biological predictor.
148	H3K27ac__chip_spmr_locus_mean_relative_percentile_equal_study_consensus	CHIP	H3K27ac	chip_spmr_locus_mean_relative_percentile_equal_study_consensus	benchmark_relative_feature	benchmark_relative_spmr	numeric	0	0	34	FALSE	FALSE	TRUE	FALSE	exclude_benchmark_relative	Percentile was computed relative to the 37 benchmark loci and is therefore benchmark-composition-dependent.
149	H3K27ac__chip_spmr_locus_mean_relative_percentile_min	CHIP	H3K27ac	chip_spmr_locus_mean_relative_percentile_min	benchmark_relative_feature	benchmark_relative_spmr	numeric	0	0	23	FALSE	FALSE	TRUE	FALSE	exclude_benchmark_relative	Percentile was computed relative to the 37 benchmark loci and is therefore benchmark-composition-dependent.
150	H3K27ac__chip_spmr_locus_mean_relative_percentile_max	CHIP	H3K27ac	chip_spmr_locus_mean_relative_percentile_max	benchmark_relative_feature	benchmark_relative_spmr	numeric	0	0	26	FALSE	FALSE	TRUE	FALSE	exclude_benchmark_relative	Percentile was computed relative to the 37 benchmark loci and is therefore benchmark-composition-dependent.
151	H3K27ac__chip_spmr_locus_mean_relative_percentile_cross_study_abs_diff	CHIP	H3K27ac	chip_spmr_locus_mean_relative_percentile_cross_study_abs_diff	benchmark_relative_feature	benchmark_relative_spmr	numeric	0	0	18	FALSE	FALSE	TRUE	FALSE	exclude_benchmark_relative	Percentile was computed relative to the 37 benchmark loci and is therefore benchmark-composition-dependent.
152	H3K27ac__chip_spmr_pm1000bp_mean_relative_percentile_equal_study_consensus	CHIP	H3K27ac	chip_spmr_pm1000bp_mean_relative_percentile_equal_study_consensus	benchmark_relative_feature	benchmark_relative_spmr	numeric	0	0	29	FALSE	FALSE	TRUE	FALSE	exclude_benchmark_relative	Percentile was computed relative to the 37 benchmark loci and is therefore benchmark-composition-dependent.
153	H3K27ac__chip_spmr_pm1000bp_mean_relative_percentile_min	CHIP	H3K27ac	chip_spmr_pm1000bp_mean_relative_percentile_min	benchmark_relative_feature	benchmark_relative_spmr	numeric	0	0	26	FALSE	FALSE	TRUE	FALSE	exclude_benchmark_relative	Percentile was computed relative to the 37 benchmark loci and is therefore benchmark-composition-dependent.
154	H3K27ac__chip_spmr_pm1000bp_mean_relative_percentile_max	CHIP	H3K27ac	chip_spmr_pm1000bp_mean_relative_percentile_max	benchmark_relative_feature	benchmark_relative_spmr	numeric	0	0	26	FALSE	FALSE	TRUE	FALSE	exclude_benchmark_relative	Percentile was computed relative to the 37 benchmark loci and is therefore benchmark-composition-dependent.
155	H3K27ac__chip_spmr_pm1000bp_mean_relative_percentile_cross_study_abs_diff	CHIP	H3K27ac	chip_spmr_pm1000bp_mean_relative_percentile_cross_study_abs_diff	benchmark_relative_feature	benchmark_relative_spmr	numeric	0	0	12	FALSE	FALSE	TRUE	FALSE	exclude_benchmark_relative	Percentile was computed relative to the 37 benchmark loci and is therefore benchmark-composition-dependent.
156	H3K27ac__chip_spmr_pm10000bp_mean_relative_percentile_equal_study_consensus	CHIP	H3K27ac	chip_spmr_pm10000bp_mean_relative_percentile_equal_study_consensus	benchmark_relative_feature	benchmark_relative_spmr	numeric	0	0	33	FALSE	FALSE	TRUE	FALSE	exclude_benchmark_relative	Percentile was computed relative to the 37 benchmark loci and is therefore benchmark-composition-dependent.
157	H3K27ac__chip_spmr_pm10000bp_mean_relative_percentile_min	CHIP	H3K27ac	chip_spmr_pm10000bp_mean_relative_percentile_min	benchmark_relative_feature	benchmark_relative_spmr	numeric	0	0	29	FALSE	FALSE	TRUE	FALSE	exclude_benchmark_relative	Percentile was computed relative to the 37 benchmark loci and is therefore benchmark-composition-dependent.
158	H3K27ac__chip_spmr_pm10000bp_mean_relative_percentile_max	CHIP	H3K27ac	chip_spmr_pm10000bp_mean_relative_percentile_max	benchmark_relative_feature	benchmark_relative_spmr	numeric	0	0	29	FALSE	FALSE	TRUE	FALSE	exclude_benchmark_relative	Percentile was computed relative to the 37 benchmark loci and is therefore benchmark-composition-dependent.
159	H3K27ac__chip_spmr_pm10000bp_mean_relative_percentile_cross_study_abs_diff	CHIP	H3K27ac	chip_spmr_pm10000bp_mean_relative_percentile_cross_study_abs_diff	benchmark_relative_feature	benchmark_relative_spmr	numeric	0	0	15	FALSE	FALSE	TRUE	FALSE	exclude_benchmark_relative	Percentile was computed relative to the 37 benchmark loci and is therefore benchmark-composition-dependent.
160	H3K27ac__chip_spmr_pm50000bp_mean_relative_percentile_equal_study_consensus	CHIP	H3K27ac	chip_spmr_pm50000bp_mean_relative_percentile_equal_study_consensus	benchmark_relative_feature	benchmark_relative_spmr	numeric	0	0	30	FALSE	FALSE	TRUE	FALSE	exclude_benchmark_relative	Percentile was computed relative to the 37 benchmark loci and is therefore benchmark-composition-dependent.
161	H3K27ac__chip_spmr_pm50000bp_mean_relative_percentile_min	CHIP	H3K27ac	chip_spmr_pm50000bp_mean_relative_percentile_min	benchmark_relative_feature	benchmark_relative_spmr	numeric	0	0	28	FALSE	FALSE	TRUE	FALSE	exclude_benchmark_relative	Percentile was computed relative to the 37 benchmark loci and is therefore benchmark-composition-dependent.
162	H3K27ac__chip_spmr_pm50000bp_mean_relative_percentile_max	CHIP	H3K27ac	chip_spmr_pm50000bp_mean_relative_percentile_max	benchmark_relative_feature	benchmark_relative_spmr	numeric	0	0	28	FALSE	FALSE	TRUE	FALSE	exclude_benchmark_relative	Percentile was computed relative to the 37 benchmark loci and is therefore benchmark-composition-dependent.
163	H3K27ac__chip_spmr_pm50000bp_mean_relative_percentile_cross_study_abs_diff	CHIP	H3K27ac	chip_spmr_pm50000bp_mean_relative_percentile_cross_study_abs_diff	benchmark_relative_feature	benchmark_relative_spmr	numeric	0	0	13	FALSE	FALSE	TRUE	FALSE	exclude_benchmark_relative	Percentile was computed relative to the 37 benchmark loci and is therefore benchmark-composition-dependent.
164	H3K27me3__peak_mode	CHIP	H3K27me3	peak_mode	provenance_metadata	provenance_metadata	textual	0	0	1	TRUE	FALSE	FALSE	FALSE	exclude_metadata	Mark/study/analysis provenance retained for traceability; not a locus-specific predictor.
165	H3K27me3__n_studies	CHIP	H3K27me3	n_studies	provenance_metadata	provenance_metadata	numeric	0	0	1	TRUE	FALSE	FALSE	FALSE	exclude_metadata	Mark/study/analysis provenance retained for traceability; not a locus-specific predictor.
166	H3K27me3__studies	CHIP	H3K27me3	studies	provenance_metadata	provenance_metadata	textual	0	0	1	TRUE	FALSE	FALSE	FALSE	exclude_metadata	Mark/study/analysis provenance retained for traceability; not a locus-specific predictor.
167	H3K27me3__n_conditions_total	CHIP	H3K27me3	n_conditions_total	provenance_metadata	provenance_metadata	numeric	0	0	1	TRUE	FALSE	FALSE	FALSE	exclude_metadata	Mark/study/analysis provenance retained for traceability; not a locus-specific predictor.
168	H3K27me3__source_condition_keys	CHIP	H3K27me3	source_condition_keys	provenance_metadata	provenance_metadata	textual	0	0	1	TRUE	FALSE	FALSE	FALSE	exclude_metadata	Mark/study/analysis provenance retained for traceability; not a locus-specific predictor.
169	H3K27me3__source_analysis_ids	CHIP	H3K27me3	source_analysis_ids	provenance_metadata	provenance_metadata	textual	0	0	1	TRUE	FALSE	FALSE	FALSE	exclude_metadata	Mark/study/analysis provenance retained for traceability; not a locus-specific predictor.
170	H3K27me3__chip_exact_overlap_n_positive_conditions_total	CHIP	H3K27me3	chip_exact_overlap_n_positive_conditions_total	biological_signal	peak_support_summary	numeric	0	0	2	FALSE	FALSE	FALSE	FALSE	review_redundancy	Peak-support feature is biologically informative but highly related to other support encodings; requires redundancy review.
171	H3K27me3__chip_exact_overlap_fraction_positive_conditions_raw	CHIP	H3K27me3	chip_exact_overlap_fraction_positive_conditions_raw	biological_signal	peak_support_summary	numeric	0	0	2	FALSE	FALSE	FALSE	FALSE	review_redundancy	Peak-support feature is biologically informative but highly related to other support encodings; requires redundancy review.
172	H3K27me3__chip_exact_overlap_fraction_positive_conditions_equal_study_weight	CHIP	H3K27me3	chip_exact_overlap_fraction_positive_conditions_equal_study_weight	biological_signal	peak_support_summary	numeric	0	0	2	FALSE	FALSE	FALSE	FALSE	review_redundancy	Peak-support feature is biologically informative but highly related to other support encodings; requires redundancy review.
173	H3K27me3__chip_exact_overlap_fraction_studies_with_any_condition	CHIP	H3K27me3	chip_exact_overlap_fraction_studies_with_any_condition	biological_signal	peak_support_summary	numeric	0	0	2	FALSE	FALSE	FALSE	FALSE	review_redundancy	Peak-support feature is biologically informative but highly related to other support encodings; requires redundancy review.
174	H3K27me3__chip_exact_overlap_fraction_studies_with_all_conditions	CHIP	H3K27me3	chip_exact_overlap_fraction_studies_with_all_conditions	biological_signal	peak_support_summary	numeric	0	0	1	TRUE	FALSE	FALSE	FALSE	exclude_constant	Peak-support feature is biologically informative but highly related to other support encodings; requires redundancy review. This column is constant across the 37 benchmark loci.
175	H3K27me3__chip_exact_overlap_any_study	CHIP	H3K27me3	chip_exact_overlap_any_study	biological_signal	peak_support_summary	numeric	0	0	2	FALSE	FALSE	FALSE	FALSE	review_redundancy	Peak-support feature is biologically informative but highly related to other support encodings; requires redundancy review.
176	H3K27me3__chip_exact_overlap_all_studies_have_any_condition	CHIP	H3K27me3	chip_exact_overlap_all_studies_have_any_condition	biological_signal	peak_support_summary	numeric	0	0	2	FALSE	FALSE	FALSE	FALSE	review_redundancy	Peak-support feature is biologically informative but highly related to other support encodings; requires redundancy review.
177	H3K27me3__chip_anchor_in_peak_n_positive_conditions_total	CHIP	H3K27me3	chip_anchor_in_peak_n_positive_conditions_total	biological_signal	peak_support_summary	numeric	0	0	1	TRUE	FALSE	FALSE	FALSE	exclude_constant	Peak-support feature is biologically informative but highly related to other support encodings; requires redundancy review. This column is constant across the 37 benchmark loci.
178	H3K27me3__chip_anchor_in_peak_fraction_positive_conditions_raw	CHIP	H3K27me3	chip_anchor_in_peak_fraction_positive_conditions_raw	biological_signal	peak_support_summary	numeric	0	0	1	TRUE	FALSE	FALSE	FALSE	exclude_constant	Peak-support feature is biologically informative but highly related to other support encodings; requires redundancy review. This column is constant across the 37 benchmark loci.
179	H3K27me3__chip_anchor_in_peak_fraction_positive_conditions_equal_study_weight	CHIP	H3K27me3	chip_anchor_in_peak_fraction_positive_conditions_equal_study_weight	biological_signal	peak_support_summary	numeric	0	0	1	TRUE	FALSE	FALSE	FALSE	exclude_constant	Peak-support feature is biologically informative but highly related to other support encodings; requires redundancy review. This column is constant across the 37 benchmark loci.
180	H3K27me3__chip_anchor_in_peak_fraction_studies_with_any_condition	CHIP	H3K27me3	chip_anchor_in_peak_fraction_studies_with_any_condition	biological_signal	peak_support_summary	numeric	0	0	1	TRUE	FALSE	FALSE	FALSE	exclude_constant	Peak-support feature is biologically informative but highly related to other support encodings; requires redundancy review. This column is constant across the 37 benchmark loci.
181	H3K27me3__chip_anchor_in_peak_fraction_studies_with_all_conditions	CHIP	H3K27me3	chip_anchor_in_peak_fraction_studies_with_all_conditions	biological_signal	peak_support_summary	numeric	0	0	1	TRUE	FALSE	FALSE	FALSE	exclude_constant	Peak-support feature is biologically informative but highly related to other support encodings; requires redundancy review. This column is constant across the 37 benchmark loci.
182	H3K27me3__chip_anchor_in_peak_any_study	CHIP	H3K27me3	chip_anchor_in_peak_any_study	biological_signal	peak_support_summary	numeric	0	0	1	TRUE	FALSE	FALSE	FALSE	exclude_constant	Peak-support feature is biologically informative but highly related to other support encodings; requires redundancy review. This column is constant across the 37 benchmark loci.
183	H3K27me3__chip_anchor_in_peak_all_studies_have_any_condition	CHIP	H3K27me3	chip_anchor_in_peak_all_studies_have_any_condition	biological_signal	peak_support_summary	numeric	0	0	1	TRUE	FALSE	FALSE	FALSE	exclude_constant	Peak-support feature is biologically informative but highly related to other support encodings; requires redundancy review. This column is constant across the 37 benchmark loci.
184	H3K27me3__chip_any_peak_pm1000bp_n_positive_conditions_total	CHIP	H3K27me3	chip_any_peak_pm1000bp_n_positive_conditions_total	biological_signal	peak_support_summary	numeric	0	0	2	FALSE	FALSE	FALSE	FALSE	review_redundancy	Peak-support feature is biologically informative but highly related to other support encodings; requires redundancy review.
185	H3K27me3__chip_any_peak_pm1000bp_fraction_positive_conditions_raw	CHIP	H3K27me3	chip_any_peak_pm1000bp_fraction_positive_conditions_raw	biological_signal	peak_support_summary	numeric	0	0	2	FALSE	FALSE	FALSE	FALSE	review_redundancy	Peak-support feature is biologically informative but highly related to other support encodings; requires redundancy review.
186	H3K27me3__chip_any_peak_pm1000bp_fraction_positive_conditions_equal_study_weight	CHIP	H3K27me3	chip_any_peak_pm1000bp_fraction_positive_conditions_equal_study_weight	biological_signal	peak_support_summary	numeric	0	0	2	FALSE	FALSE	FALSE	FALSE	review_redundancy	Peak-support feature is biologically informative but highly related to other support encodings; requires redundancy review.
187	H3K27me3__chip_any_peak_pm1000bp_fraction_studies_with_any_condition	CHIP	H3K27me3	chip_any_peak_pm1000bp_fraction_studies_with_any_condition	biological_signal	peak_support_summary	numeric	0	0	2	FALSE	FALSE	FALSE	FALSE	review_redundancy	Peak-support feature is biologically informative but highly related to other support encodings; requires redundancy review.
188	H3K27me3__chip_any_peak_pm1000bp_fraction_studies_with_all_conditions	CHIP	H3K27me3	chip_any_peak_pm1000bp_fraction_studies_with_all_conditions	biological_signal	peak_support_summary	numeric	0	0	1	TRUE	FALSE	FALSE	FALSE	exclude_constant	Peak-support feature is biologically informative but highly related to other support encodings; requires redundancy review. This column is constant across the 37 benchmark loci.
189	H3K27me3__chip_any_peak_pm1000bp_any_study	CHIP	H3K27me3	chip_any_peak_pm1000bp_any_study	biological_signal	peak_support_summary	numeric	0	0	2	FALSE	FALSE	FALSE	FALSE	review_redundancy	Peak-support feature is biologically informative but highly related to other support encodings; requires redundancy review.
190	H3K27me3__chip_any_peak_pm1000bp_all_studies_have_any_condition	CHIP	H3K27me3	chip_any_peak_pm1000bp_all_studies_have_any_condition	biological_signal	peak_support_summary	numeric	0	0	2	FALSE	FALSE	FALSE	FALSE	review_redundancy	Peak-support feature is biologically informative but highly related to other support encodings; requires redundancy review.
191	H3K27me3__chip_any_peak_pm10000bp_n_positive_conditions_total	CHIP	H3K27me3	chip_any_peak_pm10000bp_n_positive_conditions_total	biological_signal	peak_support_summary	numeric	0	0	3	FALSE	FALSE	FALSE	FALSE	review_redundancy	Peak-support feature is biologically informative but highly related to other support encodings; requires redundancy review.
192	H3K27me3__chip_any_peak_pm10000bp_fraction_positive_conditions_raw	CHIP	H3K27me3	chip_any_peak_pm10000bp_fraction_positive_conditions_raw	biological_signal	peak_support_summary	numeric	0	0	3	FALSE	FALSE	FALSE	FALSE	review_redundancy	Peak-support feature is biologically informative but highly related to other support encodings; requires redundancy review.
193	H3K27me3__chip_any_peak_pm10000bp_fraction_positive_conditions_equal_study_weight	CHIP	H3K27me3	chip_any_peak_pm10000bp_fraction_positive_conditions_equal_study_weight	biological_signal	peak_support_summary	numeric	0	0	3	FALSE	FALSE	FALSE	FALSE	review_redundancy	Peak-support feature is biologically informative but highly related to other support encodings; requires redundancy review.
194	H3K27me3__chip_any_peak_pm10000bp_fraction_studies_with_any_condition	CHIP	H3K27me3	chip_any_peak_pm10000bp_fraction_studies_with_any_condition	biological_signal	peak_support_summary	numeric	0	0	2	FALSE	FALSE	FALSE	FALSE	review_redundancy	Peak-support feature is biologically informative but highly related to other support encodings; requires redundancy review.
195	H3K27me3__chip_any_peak_pm10000bp_fraction_studies_with_all_conditions	CHIP	H3K27me3	chip_any_peak_pm10000bp_fraction_studies_with_all_conditions	biological_signal	peak_support_summary	numeric	0	0	2	FALSE	FALSE	FALSE	FALSE	review_redundancy	Peak-support feature is biologically informative but highly related to other support encodings; requires redundancy review.
196	H3K27me3__chip_any_peak_pm10000bp_any_study	CHIP	H3K27me3	chip_any_peak_pm10000bp_any_study	biological_signal	peak_support_summary	numeric	0	0	2	FALSE	FALSE	FALSE	FALSE	review_redundancy	Peak-support feature is biologically informative but highly related to other support encodings; requires redundancy review.
197	H3K27me3__chip_any_peak_pm10000bp_all_studies_have_any_condition	CHIP	H3K27me3	chip_any_peak_pm10000bp_all_studies_have_any_condition	biological_signal	peak_support_summary	numeric	0	0	2	FALSE	FALSE	FALSE	FALSE	review_redundancy	Peak-support feature is biologically informative but highly related to other support encodings; requires redundancy review.
198	H3K27me3__chip_any_peak_pm50000bp_n_positive_conditions_total	CHIP	H3K27me3	chip_any_peak_pm50000bp_n_positive_conditions_total	biological_signal	peak_support_summary	numeric	0	0	3	FALSE	FALSE	FALSE	FALSE	review_redundancy	Peak-support feature is biologically informative but highly related to other support encodings; requires redundancy review.
199	H3K27me3__chip_any_peak_pm50000bp_fraction_positive_conditions_raw	CHIP	H3K27me3	chip_any_peak_pm50000bp_fraction_positive_conditions_raw	biological_signal	peak_support_summary	numeric	0	0	3	FALSE	FALSE	FALSE	FALSE	review_redundancy	Peak-support feature is biologically informative but highly related to other support encodings; requires redundancy review.
200	H3K27me3__chip_any_peak_pm50000bp_fraction_positive_conditions_equal_study_weight	CHIP	H3K27me3	chip_any_peak_pm50000bp_fraction_positive_conditions_equal_study_weight	biological_signal	peak_support_summary	numeric	0	0	3	FALSE	FALSE	FALSE	FALSE	review_redundancy	Peak-support feature is biologically informative but highly related to other support encodings; requires redundancy review.
201	H3K27me3__chip_any_peak_pm50000bp_fraction_studies_with_any_condition	CHIP	H3K27me3	chip_any_peak_pm50000bp_fraction_studies_with_any_condition	biological_signal	peak_support_summary	numeric	0	0	2	FALSE	FALSE	FALSE	FALSE	review_redundancy	Peak-support feature is biologically informative but highly related to other support encodings; requires redundancy review.
202	H3K27me3__chip_any_peak_pm50000bp_fraction_studies_with_all_conditions	CHIP	H3K27me3	chip_any_peak_pm50000bp_fraction_studies_with_all_conditions	biological_signal	peak_support_summary	numeric	0	0	2	FALSE	FALSE	FALSE	FALSE	review_redundancy	Peak-support feature is biologically informative but highly related to other support encodings; requires redundancy review.
203	H3K27me3__chip_any_peak_pm50000bp_any_study	CHIP	H3K27me3	chip_any_peak_pm50000bp_any_study	biological_signal	peak_support_summary	numeric	0	0	2	FALSE	FALSE	FALSE	FALSE	review_redundancy	Peak-support feature is biologically informative but highly related to other support encodings; requires redundancy review.
204	H3K27me3__chip_any_peak_pm50000bp_all_studies_have_any_condition	CHIP	H3K27me3	chip_any_peak_pm50000bp_all_studies_have_any_condition	biological_signal	peak_support_summary	numeric	0	0	2	FALSE	FALSE	FALSE	FALSE	review_redundancy	Peak-support feature is biologically informative but highly related to other support encodings; requires redundancy review.
205	H3K27me3__chip_exact_n_peaks_consensus_median_across_studies	CHIP	H3K27me3	chip_exact_n_peaks_consensus_median_across_studies	biological_signal	peak_continuous_consensus	numeric	0	0	2	FALSE	FALSE	FALSE	FALSE	candidate_redundancy_review	Peak-context consensus is portable to additional loci on the same fixed tracks, subject to redundancy review.
206	H3K27me3__chip_exact_n_peaks_cross_study_range	CHIP	H3K27me3	chip_exact_n_peaks_cross_study_range	sensitivity_analysis	cross_study_variability	all_missing	37	1	0	TRUE	TRUE	FALSE	FALSE	exclude_not_applicable	Between-study variability is retained as robustness/heterogeneity information rather than a baseline biological predictor. This column is all-missing across the 37 loci.
207	H3K27me3__chip_exact_overlap_bp_consensus_median_across_studies	CHIP	H3K27me3	chip_exact_overlap_bp_consensus_median_across_studies	biological_signal	peak_continuous_consensus	numeric	0	0	2	FALSE	FALSE	FALSE	FALSE	candidate_redundancy_review	Peak-context consensus is portable to additional loci on the same fixed tracks, subject to redundancy review.
208	H3K27me3__chip_exact_overlap_bp_cross_study_range	CHIP	H3K27me3	chip_exact_overlap_bp_cross_study_range	sensitivity_analysis	cross_study_variability	all_missing	37	1	0	TRUE	TRUE	FALSE	FALSE	exclude_not_applicable	Between-study variability is retained as robustness/heterogeneity information rather than a baseline biological predictor. This column is all-missing across the 37 loci.
209	H3K27me3__chip_exact_overlap_fraction_of_locus_consensus_median_across_studies	CHIP	H3K27me3	chip_exact_overlap_fraction_of_locus_consensus_median_across_studies	biological_signal	peak_continuous_consensus	numeric	0	0	2	FALSE	FALSE	FALSE	FALSE	candidate_redundancy_review	Peak-context consensus is portable to additional loci on the same fixed tracks, subject to redundancy review.
210	H3K27me3__chip_exact_overlap_fraction_of_locus_cross_study_range	CHIP	H3K27me3	chip_exact_overlap_fraction_of_locus_cross_study_range	sensitivity_analysis	cross_study_variability	all_missing	37	1	0	TRUE	TRUE	FALSE	FALSE	exclude_not_applicable	Between-study variability is retained as robustness/heterogeneity information rather than a baseline biological predictor. This column is all-missing across the 37 loci.
211	H3K27me3__chip_nearest_peak_distance_to_anchor_bp_consensus_median_across_studies	CHIP	H3K27me3	chip_nearest_peak_distance_to_anchor_bp_consensus_median_across_studies	biological_signal	peak_continuous_consensus	numeric	0	0	37	FALSE	FALSE	FALSE	FALSE	candidate_redundancy_review	Peak-context consensus is portable to additional loci on the same fixed tracks, subject to redundancy review.
212	H3K27me3__chip_nearest_peak_distance_to_anchor_bp_cross_study_range	CHIP	H3K27me3	chip_nearest_peak_distance_to_anchor_bp_cross_study_range	sensitivity_analysis	cross_study_variability	all_missing	37	1	0	TRUE	TRUE	FALSE	FALSE	exclude_not_applicable	Between-study variability is retained as robustness/heterogeneity information rather than a baseline biological predictor. This column is all-missing across the 37 loci.
213	H3K27me3__chip_nearest_peak_distance_to_locus_bp_consensus_median_across_studies	CHIP	H3K27me3	chip_nearest_peak_distance_to_locus_bp_consensus_median_across_studies	biological_signal	peak_continuous_consensus	numeric	0	0	37	FALSE	FALSE	FALSE	FALSE	candidate_redundancy_review	Peak-context consensus is portable to additional loci on the same fixed tracks, subject to redundancy review.
214	H3K27me3__chip_nearest_peak_distance_to_locus_bp_cross_study_range	CHIP	H3K27me3	chip_nearest_peak_distance_to_locus_bp_cross_study_range	sensitivity_analysis	cross_study_variability	all_missing	37	1	0	TRUE	TRUE	FALSE	FALSE	exclude_not_applicable	Between-study variability is retained as robustness/heterogeneity information rather than a baseline biological predictor. This column is all-missing across the 37 loci.
215	H3K27me3__chip_n_peaks_pm1000bp_consensus_median_across_studies	CHIP	H3K27me3	chip_n_peaks_pm1000bp_consensus_median_across_studies	biological_signal	peak_continuous_consensus	numeric	0	0	2	FALSE	FALSE	FALSE	FALSE	candidate_redundancy_review	Peak-context consensus is portable to additional loci on the same fixed tracks, subject to redundancy review.
216	H3K27me3__chip_n_peaks_pm1000bp_cross_study_range	CHIP	H3K27me3	chip_n_peaks_pm1000bp_cross_study_range	sensitivity_analysis	cross_study_variability	all_missing	37	1	0	TRUE	TRUE	FALSE	FALSE	exclude_not_applicable	Between-study variability is retained as robustness/heterogeneity information rather than a baseline biological predictor. This column is all-missing across the 37 loci.
217	H3K27me3__chip_enriched_bp_pm1000bp_consensus_median_across_studies	CHIP	H3K27me3	chip_enriched_bp_pm1000bp_consensus_median_across_studies	biological_signal	peak_continuous_consensus	numeric	0	0	3	FALSE	FALSE	FALSE	FALSE	candidate_redundancy_review	Peak-context consensus is portable to additional loci on the same fixed tracks, subject to redundancy review.
218	H3K27me3__chip_enriched_bp_pm1000bp_cross_study_range	CHIP	H3K27me3	chip_enriched_bp_pm1000bp_cross_study_range	sensitivity_analysis	cross_study_variability	all_missing	37	1	0	TRUE	TRUE	FALSE	FALSE	exclude_not_applicable	Between-study variability is retained as robustness/heterogeneity information rather than a baseline biological predictor. This column is all-missing across the 37 loci.
219	H3K27me3__chip_enriched_fraction_pm1000bp_consensus_median_across_studies	CHIP	H3K27me3	chip_enriched_fraction_pm1000bp_consensus_median_across_studies	biological_signal	peak_continuous_consensus	numeric	0	0	3	FALSE	FALSE	FALSE	FALSE	candidate_redundancy_review	Peak-context consensus is portable to additional loci on the same fixed tracks, subject to redundancy review.
220	H3K27me3__chip_enriched_fraction_pm1000bp_cross_study_range	CHIP	H3K27me3	chip_enriched_fraction_pm1000bp_cross_study_range	sensitivity_analysis	cross_study_variability	all_missing	37	1	0	TRUE	TRUE	FALSE	FALSE	exclude_not_applicable	Between-study variability is retained as robustness/heterogeneity information rather than a baseline biological predictor. This column is all-missing across the 37 loci.
221	H3K27me3__chip_n_peaks_pm10000bp_consensus_median_across_studies	CHIP	H3K27me3	chip_n_peaks_pm10000bp_consensus_median_across_studies	biological_signal	peak_continuous_consensus	numeric	0	0	6	FALSE	FALSE	FALSE	FALSE	candidate_redundancy_review	Peak-context consensus is portable to additional loci on the same fixed tracks, subject to redundancy review.
222	H3K27me3__chip_n_peaks_pm10000bp_cross_study_range	CHIP	H3K27me3	chip_n_peaks_pm10000bp_cross_study_range	sensitivity_analysis	cross_study_variability	all_missing	37	1	0	TRUE	TRUE	FALSE	FALSE	exclude_not_applicable	Between-study variability is retained as robustness/heterogeneity information rather than a baseline biological predictor. This column is all-missing across the 37 loci.
223	H3K27me3__chip_enriched_bp_pm10000bp_consensus_median_across_studies	CHIP	H3K27me3	chip_enriched_bp_pm10000bp_consensus_median_across_studies	biological_signal	peak_continuous_consensus	numeric	0	0	10	FALSE	FALSE	FALSE	FALSE	candidate_redundancy_review	Peak-context consensus is portable to additional loci on the same fixed tracks, subject to redundancy review.
224	H3K27me3__chip_enriched_bp_pm10000bp_cross_study_range	CHIP	H3K27me3	chip_enriched_bp_pm10000bp_cross_study_range	sensitivity_analysis	cross_study_variability	all_missing	37	1	0	TRUE	TRUE	FALSE	FALSE	exclude_not_applicable	Between-study variability is retained as robustness/heterogeneity information rather than a baseline biological predictor. This column is all-missing across the 37 loci.
225	H3K27me3__chip_enriched_fraction_pm10000bp_consensus_median_across_studies	CHIP	H3K27me3	chip_enriched_fraction_pm10000bp_consensus_median_across_studies	biological_signal	peak_continuous_consensus	numeric	0	0	10	FALSE	FALSE	FALSE	FALSE	candidate_redundancy_review	Peak-context consensus is portable to additional loci on the same fixed tracks, subject to redundancy review.
226	H3K27me3__chip_enriched_fraction_pm10000bp_cross_study_range	CHIP	H3K27me3	chip_enriched_fraction_pm10000bp_cross_study_range	sensitivity_analysis	cross_study_variability	all_missing	37	1	0	TRUE	TRUE	FALSE	FALSE	exclude_not_applicable	Between-study variability is retained as robustness/heterogeneity information rather than a baseline biological predictor. This column is all-missing across the 37 loci.
227	H3K27me3__chip_n_peaks_pm50000bp_consensus_median_across_studies	CHIP	H3K27me3	chip_n_peaks_pm50000bp_consensus_median_across_studies	biological_signal	peak_continuous_consensus	numeric	0	0	13	FALSE	FALSE	FALSE	FALSE	candidate_redundancy_review	Peak-context consensus is portable to additional loci on the same fixed tracks, subject to redundancy review.
228	H3K27me3__chip_n_peaks_pm50000bp_cross_study_range	CHIP	H3K27me3	chip_n_peaks_pm50000bp_cross_study_range	sensitivity_analysis	cross_study_variability	all_missing	37	1	0	TRUE	TRUE	FALSE	FALSE	exclude_not_applicable	Between-study variability is retained as robustness/heterogeneity information rather than a baseline biological predictor. This column is all-missing across the 37 loci.
229	H3K27me3__chip_enriched_bp_pm50000bp_consensus_median_across_studies	CHIP	H3K27me3	chip_enriched_bp_pm50000bp_consensus_median_across_studies	biological_signal	peak_continuous_consensus	numeric	0	0	20	FALSE	FALSE	FALSE	FALSE	candidate_redundancy_review	Peak-context consensus is portable to additional loci on the same fixed tracks, subject to redundancy review.
230	H3K27me3__chip_enriched_bp_pm50000bp_cross_study_range	CHIP	H3K27me3	chip_enriched_bp_pm50000bp_cross_study_range	sensitivity_analysis	cross_study_variability	all_missing	37	1	0	TRUE	TRUE	FALSE	FALSE	exclude_not_applicable	Between-study variability is retained as robustness/heterogeneity information rather than a baseline biological predictor. This column is all-missing across the 37 loci.
231	H3K27me3__chip_enriched_fraction_pm50000bp_consensus_median_across_studies	CHIP	H3K27me3	chip_enriched_fraction_pm50000bp_consensus_median_across_studies	biological_signal	peak_continuous_consensus	numeric	0	0	20	FALSE	FALSE	FALSE	FALSE	candidate_redundancy_review	Peak-context consensus is portable to additional loci on the same fixed tracks, subject to redundancy review.
232	H3K27me3__chip_enriched_fraction_pm50000bp_cross_study_range	CHIP	H3K27me3	chip_enriched_fraction_pm50000bp_cross_study_range	sensitivity_analysis	cross_study_variability	all_missing	37	1	0	TRUE	TRUE	FALSE	FALSE	exclude_not_applicable	Between-study variability is retained as robustness/heterogeneity information rather than a baseline biological predictor. This column is all-missing across the 37 loci.
233	H3K27me3__chip_spmr_locus_mean_relative_percentile_equal_study_consensus	CHIP	H3K27me3	chip_spmr_locus_mean_relative_percentile_equal_study_consensus	benchmark_relative_feature	benchmark_relative_spmr	numeric	0	0	20	FALSE	FALSE	TRUE	FALSE	exclude_benchmark_relative	Percentile was computed relative to the 37 benchmark loci and is therefore benchmark-composition-dependent.
234	H3K27me3__chip_spmr_locus_mean_relative_percentile_min	CHIP	H3K27me3	chip_spmr_locus_mean_relative_percentile_min	benchmark_relative_feature	benchmark_relative_spmr	numeric	0	0	20	FALSE	FALSE	TRUE	FALSE	exclude_benchmark_relative	Percentile was computed relative to the 37 benchmark loci and is therefore benchmark-composition-dependent.
235	H3K27me3__chip_spmr_locus_mean_relative_percentile_max	CHIP	H3K27me3	chip_spmr_locus_mean_relative_percentile_max	benchmark_relative_feature	benchmark_relative_spmr	numeric	0	0	20	FALSE	FALSE	TRUE	FALSE	exclude_benchmark_relative	Percentile was computed relative to the 37 benchmark loci and is therefore benchmark-composition-dependent.
236	H3K27me3__chip_spmr_locus_mean_relative_percentile_cross_study_abs_diff	CHIP	H3K27me3	chip_spmr_locus_mean_relative_percentile_cross_study_abs_diff	benchmark_relative_feature	benchmark_relative_spmr	all_missing	37	1	0	TRUE	TRUE	TRUE	FALSE	exclude_benchmark_relative	Percentile was computed relative to the 37 benchmark loci and is therefore benchmark-composition-dependent.
237	H3K27me3__chip_spmr_pm1000bp_mean_relative_percentile_equal_study_consensus	CHIP	H3K27me3	chip_spmr_pm1000bp_mean_relative_percentile_equal_study_consensus	benchmark_relative_feature	benchmark_relative_spmr	numeric	0	0	37	FALSE	FALSE	TRUE	FALSE	exclude_benchmark_relative	Percentile was computed relative to the 37 benchmark loci and is therefore benchmark-composition-dependent.
238	H3K27me3__chip_spmr_pm1000bp_mean_relative_percentile_min	CHIP	H3K27me3	chip_spmr_pm1000bp_mean_relative_percentile_min	benchmark_relative_feature	benchmark_relative_spmr	numeric	0	0	37	FALSE	FALSE	TRUE	FALSE	exclude_benchmark_relative	Percentile was computed relative to the 37 benchmark loci and is therefore benchmark-composition-dependent.
239	H3K27me3__chip_spmr_pm1000bp_mean_relative_percentile_max	CHIP	H3K27me3	chip_spmr_pm1000bp_mean_relative_percentile_max	benchmark_relative_feature	benchmark_relative_spmr	numeric	0	0	37	FALSE	FALSE	TRUE	FALSE	exclude_benchmark_relative	Percentile was computed relative to the 37 benchmark loci and is therefore benchmark-composition-dependent.
240	H3K27me3__chip_spmr_pm1000bp_mean_relative_percentile_cross_study_abs_diff	CHIP	H3K27me3	chip_spmr_pm1000bp_mean_relative_percentile_cross_study_abs_diff	benchmark_relative_feature	benchmark_relative_spmr	all_missing	37	1	0	TRUE	TRUE	TRUE	FALSE	exclude_benchmark_relative	Percentile was computed relative to the 37 benchmark loci and is therefore benchmark-composition-dependent.
241	H3K27me3__chip_spmr_pm10000bp_mean_relative_percentile_equal_study_consensus	CHIP	H3K27me3	chip_spmr_pm10000bp_mean_relative_percentile_equal_study_consensus	benchmark_relative_feature	benchmark_relative_spmr	numeric	0	0	37	FALSE	FALSE	TRUE	FALSE	exclude_benchmark_relative	Percentile was computed relative to the 37 benchmark loci and is therefore benchmark-composition-dependent.
242	H3K27me3__chip_spmr_pm10000bp_mean_relative_percentile_min	CHIP	H3K27me3	chip_spmr_pm10000bp_mean_relative_percentile_min	benchmark_relative_feature	benchmark_relative_spmr	numeric	0	0	37	FALSE	FALSE	TRUE	FALSE	exclude_benchmark_relative	Percentile was computed relative to the 37 benchmark loci and is therefore benchmark-composition-dependent.
243	H3K27me3__chip_spmr_pm10000bp_mean_relative_percentile_max	CHIP	H3K27me3	chip_spmr_pm10000bp_mean_relative_percentile_max	benchmark_relative_feature	benchmark_relative_spmr	numeric	0	0	37	FALSE	FALSE	TRUE	FALSE	exclude_benchmark_relative	Percentile was computed relative to the 37 benchmark loci and is therefore benchmark-composition-dependent.
244	H3K27me3__chip_spmr_pm10000bp_mean_relative_percentile_cross_study_abs_diff	CHIP	H3K27me3	chip_spmr_pm10000bp_mean_relative_percentile_cross_study_abs_diff	benchmark_relative_feature	benchmark_relative_spmr	all_missing	37	1	0	TRUE	TRUE	TRUE	FALSE	exclude_benchmark_relative	Percentile was computed relative to the 37 benchmark loci and is therefore benchmark-composition-dependent.
245	H3K27me3__chip_spmr_pm50000bp_mean_relative_percentile_equal_study_consensus	CHIP	H3K27me3	chip_spmr_pm50000bp_mean_relative_percentile_equal_study_consensus	benchmark_relative_feature	benchmark_relative_spmr	numeric	0	0	37	FALSE	FALSE	TRUE	FALSE	exclude_benchmark_relative	Percentile was computed relative to the 37 benchmark loci and is therefore benchmark-composition-dependent.
246	H3K27me3__chip_spmr_pm50000bp_mean_relative_percentile_min	CHIP	H3K27me3	chip_spmr_pm50000bp_mean_relative_percentile_min	benchmark_relative_feature	benchmark_relative_spmr	numeric	0	0	37	FALSE	FALSE	TRUE	FALSE	exclude_benchmark_relative	Percentile was computed relative to the 37 benchmark loci and is therefore benchmark-composition-dependent.
247	H3K27me3__chip_spmr_pm50000bp_mean_relative_percentile_max	CHIP	H3K27me3	chip_spmr_pm50000bp_mean_relative_percentile_max	benchmark_relative_feature	benchmark_relative_spmr	numeric	0	0	37	FALSE	FALSE	TRUE	FALSE	exclude_benchmark_relative	Percentile was computed relative to the 37 benchmark loci and is therefore benchmark-composition-dependent.
248	H3K27me3__chip_spmr_pm50000bp_mean_relative_percentile_cross_study_abs_diff	CHIP	H3K27me3	chip_spmr_pm50000bp_mean_relative_percentile_cross_study_abs_diff	benchmark_relative_feature	benchmark_relative_spmr	all_missing	37	1	0	TRUE	TRUE	TRUE	FALSE	exclude_benchmark_relative	Percentile was computed relative to the 37 benchmark loci and is therefore benchmark-composition-dependent.
249	H3K36me3__peak_mode	CHIP	H3K36me3	peak_mode	provenance_metadata	provenance_metadata	textual	0	0	1	TRUE	FALSE	FALSE	FALSE	exclude_metadata	Mark/study/analysis provenance retained for traceability; not a locus-specific predictor.
250	H3K36me3__n_studies	CHIP	H3K36me3	n_studies	provenance_metadata	provenance_metadata	numeric	0	0	1	TRUE	FALSE	FALSE	FALSE	exclude_metadata	Mark/study/analysis provenance retained for traceability; not a locus-specific predictor.
251	H3K36me3__studies	CHIP	H3K36me3	studies	provenance_metadata	provenance_metadata	textual	0	0	1	TRUE	FALSE	FALSE	FALSE	exclude_metadata	Mark/study/analysis provenance retained for traceability; not a locus-specific predictor.
252	H3K36me3__n_conditions_total	CHIP	H3K36me3	n_conditions_total	provenance_metadata	provenance_metadata	numeric	0	0	1	TRUE	FALSE	FALSE	FALSE	exclude_metadata	Mark/study/analysis provenance retained for traceability; not a locus-specific predictor.
253	H3K36me3__source_condition_keys	CHIP	H3K36me3	source_condition_keys	provenance_metadata	provenance_metadata	textual	0	0	1	TRUE	FALSE	FALSE	FALSE	exclude_metadata	Mark/study/analysis provenance retained for traceability; not a locus-specific predictor.
254	H3K36me3__source_analysis_ids	CHIP	H3K36me3	source_analysis_ids	provenance_metadata	provenance_metadata	textual	0	0	1	TRUE	FALSE	FALSE	FALSE	exclude_metadata	Mark/study/analysis provenance retained for traceability; not a locus-specific predictor.
255	H3K36me3__chip_exact_overlap_n_positive_conditions_total	CHIP	H3K36me3	chip_exact_overlap_n_positive_conditions_total	biological_signal	peak_support_summary	numeric	0	0	3	FALSE	FALSE	FALSE	FALSE	review_redundancy	Peak-support feature is biologically informative but highly related to other support encodings; requires redundancy review.
256	H3K36me3__chip_exact_overlap_fraction_positive_conditions_raw	CHIP	H3K36me3	chip_exact_overlap_fraction_positive_conditions_raw	biological_signal	peak_support_summary	numeric	0	0	3	FALSE	FALSE	FALSE	FALSE	review_redundancy	Peak-support feature is biologically informative but highly related to other support encodings; requires redundancy review.
257	H3K36me3__chip_exact_overlap_fraction_positive_conditions_equal_study_weight	CHIP	H3K36me3	chip_exact_overlap_fraction_positive_conditions_equal_study_weight	biological_signal	peak_support_summary	numeric	0	0	3	FALSE	FALSE	FALSE	FALSE	review_redundancy	Peak-support feature is biologically informative but highly related to other support encodings; requires redundancy review.
258	H3K36me3__chip_exact_overlap_fraction_studies_with_any_condition	CHIP	H3K36me3	chip_exact_overlap_fraction_studies_with_any_condition	biological_signal	peak_support_summary	numeric	0	0	2	FALSE	FALSE	FALSE	FALSE	review_redundancy	Peak-support feature is biologically informative but highly related to other support encodings; requires redundancy review.
259	H3K36me3__chip_exact_overlap_fraction_studies_with_all_conditions	CHIP	H3K36me3	chip_exact_overlap_fraction_studies_with_all_conditions	biological_signal	peak_support_summary	numeric	0	0	2	FALSE	FALSE	FALSE	FALSE	review_redundancy	Peak-support feature is biologically informative but highly related to other support encodings; requires redundancy review.
260	H3K36me3__chip_exact_overlap_any_study	CHIP	H3K36me3	chip_exact_overlap_any_study	biological_signal	peak_support_summary	numeric	0	0	2	FALSE	FALSE	FALSE	FALSE	review_redundancy	Peak-support feature is biologically informative but highly related to other support encodings; requires redundancy review.
261	H3K36me3__chip_exact_overlap_all_studies_have_any_condition	CHIP	H3K36me3	chip_exact_overlap_all_studies_have_any_condition	biological_signal	peak_support_summary	numeric	0	0	2	FALSE	FALSE	FALSE	FALSE	review_redundancy	Peak-support feature is biologically informative but highly related to other support encodings; requires redundancy review.
262	H3K36me3__chip_anchor_in_peak_n_positive_conditions_total	CHIP	H3K36me3	chip_anchor_in_peak_n_positive_conditions_total	biological_signal	peak_support_summary	numeric	0	0	3	FALSE	FALSE	FALSE	FALSE	review_redundancy	Peak-support feature is biologically informative but highly related to other support encodings; requires redundancy review.
263	H3K36me3__chip_anchor_in_peak_fraction_positive_conditions_raw	CHIP	H3K36me3	chip_anchor_in_peak_fraction_positive_conditions_raw	biological_signal	peak_support_summary	numeric	0	0	3	FALSE	FALSE	FALSE	FALSE	review_redundancy	Peak-support feature is biologically informative but highly related to other support encodings; requires redundancy review.
264	H3K36me3__chip_anchor_in_peak_fraction_positive_conditions_equal_study_weight	CHIP	H3K36me3	chip_anchor_in_peak_fraction_positive_conditions_equal_study_weight	biological_signal	peak_support_summary	numeric	0	0	3	FALSE	FALSE	FALSE	FALSE	review_redundancy	Peak-support feature is biologically informative but highly related to other support encodings; requires redundancy review.
265	H3K36me3__chip_anchor_in_peak_fraction_studies_with_any_condition	CHIP	H3K36me3	chip_anchor_in_peak_fraction_studies_with_any_condition	biological_signal	peak_support_summary	numeric	0	0	2	FALSE	FALSE	FALSE	FALSE	review_redundancy	Peak-support feature is biologically informative but highly related to other support encodings; requires redundancy review.
266	H3K36me3__chip_anchor_in_peak_fraction_studies_with_all_conditions	CHIP	H3K36me3	chip_anchor_in_peak_fraction_studies_with_all_conditions	biological_signal	peak_support_summary	numeric	0	0	2	FALSE	FALSE	FALSE	FALSE	review_redundancy	Peak-support feature is biologically informative but highly related to other support encodings; requires redundancy review.
267	H3K36me3__chip_anchor_in_peak_any_study	CHIP	H3K36me3	chip_anchor_in_peak_any_study	biological_signal	peak_support_summary	numeric	0	0	2	FALSE	FALSE	FALSE	FALSE	review_redundancy	Peak-support feature is biologically informative but highly related to other support encodings; requires redundancy review.
268	H3K36me3__chip_anchor_in_peak_all_studies_have_any_condition	CHIP	H3K36me3	chip_anchor_in_peak_all_studies_have_any_condition	biological_signal	peak_support_summary	numeric	0	0	2	FALSE	FALSE	FALSE	FALSE	review_redundancy	Peak-support feature is biologically informative but highly related to other support encodings; requires redundancy review.
269	H3K36me3__chip_any_peak_pm1000bp_n_positive_conditions_total	CHIP	H3K36me3	chip_any_peak_pm1000bp_n_positive_conditions_total	biological_signal	peak_support_summary	numeric	0	0	3	FALSE	FALSE	FALSE	FALSE	review_redundancy	Peak-support feature is biologically informative but highly related to other support encodings; requires redundancy review.
270	H3K36me3__chip_any_peak_pm1000bp_fraction_positive_conditions_raw	CHIP	H3K36me3	chip_any_peak_pm1000bp_fraction_positive_conditions_raw	biological_signal	peak_support_summary	numeric	0	0	3	FALSE	FALSE	FALSE	FALSE	review_redundancy	Peak-support feature is biologically informative but highly related to other support encodings; requires redundancy review.
271	H3K36me3__chip_any_peak_pm1000bp_fraction_positive_conditions_equal_study_weight	CHIP	H3K36me3	chip_any_peak_pm1000bp_fraction_positive_conditions_equal_study_weight	biological_signal	peak_support_summary	numeric	0	0	3	FALSE	FALSE	FALSE	FALSE	review_redundancy	Peak-support feature is biologically informative but highly related to other support encodings; requires redundancy review.
272	H3K36me3__chip_any_peak_pm1000bp_fraction_studies_with_any_condition	CHIP	H3K36me3	chip_any_peak_pm1000bp_fraction_studies_with_any_condition	biological_signal	peak_support_summary	numeric	0	0	2	FALSE	FALSE	FALSE	FALSE	review_redundancy	Peak-support feature is biologically informative but highly related to other support encodings; requires redundancy review.
273	H3K36me3__chip_any_peak_pm1000bp_fraction_studies_with_all_conditions	CHIP	H3K36me3	chip_any_peak_pm1000bp_fraction_studies_with_all_conditions	biological_signal	peak_support_summary	numeric	0	0	2	FALSE	FALSE	FALSE	FALSE	review_redundancy	Peak-support feature is biologically informative but highly related to other support encodings; requires redundancy review.
274	H3K36me3__chip_any_peak_pm1000bp_any_study	CHIP	H3K36me3	chip_any_peak_pm1000bp_any_study	biological_signal	peak_support_summary	numeric	0	0	2	FALSE	FALSE	FALSE	FALSE	review_redundancy	Peak-support feature is biologically informative but highly related to other support encodings; requires redundancy review.
275	H3K36me3__chip_any_peak_pm1000bp_all_studies_have_any_condition	CHIP	H3K36me3	chip_any_peak_pm1000bp_all_studies_have_any_condition	biological_signal	peak_support_summary	numeric	0	0	2	FALSE	FALSE	FALSE	FALSE	review_redundancy	Peak-support feature is biologically informative but highly related to other support encodings; requires redundancy review.
276	H3K36me3__chip_any_peak_pm10000bp_n_positive_conditions_total	CHIP	H3K36me3	chip_any_peak_pm10000bp_n_positive_conditions_total	biological_signal	peak_support_summary	numeric	0	0	3	FALSE	FALSE	FALSE	FALSE	review_redundancy	Peak-support feature is biologically informative but highly related to other support encodings; requires redundancy review.
277	H3K36me3__chip_any_peak_pm10000bp_fraction_positive_conditions_raw	CHIP	H3K36me3	chip_any_peak_pm10000bp_fraction_positive_conditions_raw	biological_signal	peak_support_summary	numeric	0	0	3	FALSE	FALSE	FALSE	FALSE	review_redundancy	Peak-support feature is biologically informative but highly related to other support encodings; requires redundancy review.
278	H3K36me3__chip_any_peak_pm10000bp_fraction_positive_conditions_equal_study_weight	CHIP	H3K36me3	chip_any_peak_pm10000bp_fraction_positive_conditions_equal_study_weight	biological_signal	peak_support_summary	numeric	0	0	3	FALSE	FALSE	FALSE	FALSE	review_redundancy	Peak-support feature is biologically informative but highly related to other support encodings; requires redundancy review.
279	H3K36me3__chip_any_peak_pm10000bp_fraction_studies_with_any_condition	CHIP	H3K36me3	chip_any_peak_pm10000bp_fraction_studies_with_any_condition	biological_signal	peak_support_summary	numeric	0	0	2	FALSE	FALSE	FALSE	FALSE	review_redundancy	Peak-support feature is biologically informative but highly related to other support encodings; requires redundancy review.
280	H3K36me3__chip_any_peak_pm10000bp_fraction_studies_with_all_conditions	CHIP	H3K36me3	chip_any_peak_pm10000bp_fraction_studies_with_all_conditions	biological_signal	peak_support_summary	numeric	0	0	2	FALSE	FALSE	FALSE	FALSE	review_redundancy	Peak-support feature is biologically informative but highly related to other support encodings; requires redundancy review.
281	H3K36me3__chip_any_peak_pm10000bp_any_study	CHIP	H3K36me3	chip_any_peak_pm10000bp_any_study	biological_signal	peak_support_summary	numeric	0	0	2	FALSE	FALSE	FALSE	FALSE	review_redundancy	Peak-support feature is biologically informative but highly related to other support encodings; requires redundancy review.
282	H3K36me3__chip_any_peak_pm10000bp_all_studies_have_any_condition	CHIP	H3K36me3	chip_any_peak_pm10000bp_all_studies_have_any_condition	biological_signal	peak_support_summary	numeric	0	0	2	FALSE	FALSE	FALSE	FALSE	review_redundancy	Peak-support feature is biologically informative but highly related to other support encodings; requires redundancy review.
283	H3K36me3__chip_any_peak_pm50000bp_n_positive_conditions_total	CHIP	H3K36me3	chip_any_peak_pm50000bp_n_positive_conditions_total	biological_signal	peak_support_summary	numeric	0	0	3	FALSE	FALSE	FALSE	FALSE	review_redundancy	Peak-support feature is biologically informative but highly related to other support encodings; requires redundancy review.
284	H3K36me3__chip_any_peak_pm50000bp_fraction_positive_conditions_raw	CHIP	H3K36me3	chip_any_peak_pm50000bp_fraction_positive_conditions_raw	biological_signal	peak_support_summary	numeric	0	0	3	FALSE	FALSE	FALSE	FALSE	review_redundancy	Peak-support feature is biologically informative but highly related to other support encodings; requires redundancy review.
285	H3K36me3__chip_any_peak_pm50000bp_fraction_positive_conditions_equal_study_weight	CHIP	H3K36me3	chip_any_peak_pm50000bp_fraction_positive_conditions_equal_study_weight	biological_signal	peak_support_summary	numeric	0	0	3	FALSE	FALSE	FALSE	FALSE	review_redundancy	Peak-support feature is biologically informative but highly related to other support encodings; requires redundancy review.
286	H3K36me3__chip_any_peak_pm50000bp_fraction_studies_with_any_condition	CHIP	H3K36me3	chip_any_peak_pm50000bp_fraction_studies_with_any_condition	biological_signal	peak_support_summary	numeric	0	0	2	FALSE	FALSE	FALSE	FALSE	review_redundancy	Peak-support feature is biologically informative but highly related to other support encodings; requires redundancy review.
287	H3K36me3__chip_any_peak_pm50000bp_fraction_studies_with_all_conditions	CHIP	H3K36me3	chip_any_peak_pm50000bp_fraction_studies_with_all_conditions	biological_signal	peak_support_summary	numeric	0	0	2	FALSE	FALSE	FALSE	FALSE	review_redundancy	Peak-support feature is biologically informative but highly related to other support encodings; requires redundancy review.
288	H3K36me3__chip_any_peak_pm50000bp_any_study	CHIP	H3K36me3	chip_any_peak_pm50000bp_any_study	biological_signal	peak_support_summary	numeric	0	0	2	FALSE	FALSE	FALSE	FALSE	review_redundancy	Peak-support feature is biologically informative but highly related to other support encodings; requires redundancy review.
289	H3K36me3__chip_any_peak_pm50000bp_all_studies_have_any_condition	CHIP	H3K36me3	chip_any_peak_pm50000bp_all_studies_have_any_condition	biological_signal	peak_support_summary	numeric	0	0	2	FALSE	FALSE	FALSE	FALSE	review_redundancy	Peak-support feature is biologically informative but highly related to other support encodings; requires redundancy review.
290	H3K36me3__chip_exact_n_peaks_consensus_median_across_studies	CHIP	H3K36me3	chip_exact_n_peaks_consensus_median_across_studies	biological_signal	peak_continuous_consensus	numeric	0	0	4	FALSE	FALSE	FALSE	FALSE	candidate_redundancy_review	Peak-context consensus is portable to additional loci on the same fixed tracks, subject to redundancy review.
291	H3K36me3__chip_exact_n_peaks_cross_study_range	CHIP	H3K36me3	chip_exact_n_peaks_cross_study_range	sensitivity_analysis	cross_study_variability	all_missing	37	1	0	TRUE	TRUE	FALSE	FALSE	exclude_not_applicable	Between-study variability is retained as robustness/heterogeneity information rather than a baseline biological predictor. This column is all-missing across the 37 loci.
292	H3K36me3__chip_exact_overlap_bp_consensus_median_across_studies	CHIP	H3K36me3	chip_exact_overlap_bp_consensus_median_across_studies	biological_signal	peak_continuous_consensus	numeric	0	0	6	FALSE	FALSE	FALSE	FALSE	candidate_redundancy_review	Peak-context consensus is portable to additional loci on the same fixed tracks, subject to redundancy review.
293	H3K36me3__chip_exact_overlap_bp_cross_study_range	CHIP	H3K36me3	chip_exact_overlap_bp_cross_study_range	sensitivity_analysis	cross_study_variability	all_missing	37	1	0	TRUE	TRUE	FALSE	FALSE	exclude_not_applicable	Between-study variability is retained as robustness/heterogeneity information rather than a baseline biological predictor. This column is all-missing across the 37 loci.
294	H3K36me3__chip_exact_overlap_fraction_of_locus_consensus_median_across_studies	CHIP	H3K36me3	chip_exact_overlap_fraction_of_locus_consensus_median_across_studies	biological_signal	peak_continuous_consensus	numeric	0	0	4	FALSE	FALSE	FALSE	FALSE	candidate_redundancy_review	Peak-context consensus is portable to additional loci on the same fixed tracks, subject to redundancy review.
295	H3K36me3__chip_exact_overlap_fraction_of_locus_cross_study_range	CHIP	H3K36me3	chip_exact_overlap_fraction_of_locus_cross_study_range	sensitivity_analysis	cross_study_variability	all_missing	37	1	0	TRUE	TRUE	FALSE	FALSE	exclude_not_applicable	Between-study variability is retained as robustness/heterogeneity information rather than a baseline biological predictor. This column is all-missing across the 37 loci.
296	H3K36me3__chip_nearest_peak_distance_to_anchor_bp_consensus_median_across_studies	CHIP	H3K36me3	chip_nearest_peak_distance_to_anchor_bp_consensus_median_across_studies	biological_signal	peak_continuous_consensus	numeric	0	0	29	FALSE	FALSE	FALSE	FALSE	candidate_redundancy_review	Peak-context consensus is portable to additional loci on the same fixed tracks, subject to redundancy review.
297	H3K36me3__chip_nearest_peak_distance_to_anchor_bp_cross_study_range	CHIP	H3K36me3	chip_nearest_peak_distance_to_anchor_bp_cross_study_range	sensitivity_analysis	cross_study_variability	all_missing	37	1	0	TRUE	TRUE	FALSE	FALSE	exclude_not_applicable	Between-study variability is retained as robustness/heterogeneity information rather than a baseline biological predictor. This column is all-missing across the 37 loci.
298	H3K36me3__chip_nearest_peak_distance_to_locus_bp_consensus_median_across_studies	CHIP	H3K36me3	chip_nearest_peak_distance_to_locus_bp_consensus_median_across_studies	biological_signal	peak_continuous_consensus	numeric	0	0	28	FALSE	FALSE	FALSE	FALSE	candidate_redundancy_review	Peak-context consensus is portable to additional loci on the same fixed tracks, subject to redundancy review.
299	H3K36me3__chip_nearest_peak_distance_to_locus_bp_cross_study_range	CHIP	H3K36me3	chip_nearest_peak_distance_to_locus_bp_cross_study_range	sensitivity_analysis	cross_study_variability	all_missing	37	1	0	TRUE	TRUE	FALSE	FALSE	exclude_not_applicable	Between-study variability is retained as robustness/heterogeneity information rather than a baseline biological predictor. This column is all-missing across the 37 loci.
300	H3K36me3__chip_n_peaks_pm1000bp_consensus_median_across_studies	CHIP	H3K36me3	chip_n_peaks_pm1000bp_consensus_median_across_studies	biological_signal	peak_continuous_consensus	numeric	0	0	5	FALSE	FALSE	FALSE	FALSE	candidate_redundancy_review	Peak-context consensus is portable to additional loci on the same fixed tracks, subject to redundancy review.
301	H3K36me3__chip_n_peaks_pm1000bp_cross_study_range	CHIP	H3K36me3	chip_n_peaks_pm1000bp_cross_study_range	sensitivity_analysis	cross_study_variability	all_missing	37	1	0	TRUE	TRUE	FALSE	FALSE	exclude_not_applicable	Between-study variability is retained as robustness/heterogeneity information rather than a baseline biological predictor. This column is all-missing across the 37 loci.
302	H3K36me3__chip_enriched_bp_pm1000bp_consensus_median_across_studies	CHIP	H3K36me3	chip_enriched_bp_pm1000bp_consensus_median_across_studies	biological_signal	peak_continuous_consensus	numeric	0	0	8	FALSE	FALSE	FALSE	FALSE	candidate_redundancy_review	Peak-context consensus is portable to additional loci on the same fixed tracks, subject to redundancy review.
303	H3K36me3__chip_enriched_bp_pm1000bp_cross_study_range	CHIP	H3K36me3	chip_enriched_bp_pm1000bp_cross_study_range	sensitivity_analysis	cross_study_variability	all_missing	37	1	0	TRUE	TRUE	FALSE	FALSE	exclude_not_applicable	Between-study variability is retained as robustness/heterogeneity information rather than a baseline biological predictor. This column is all-missing across the 37 loci.
304	H3K36me3__chip_enriched_fraction_pm1000bp_consensus_median_across_studies	CHIP	H3K36me3	chip_enriched_fraction_pm1000bp_consensus_median_across_studies	biological_signal	peak_continuous_consensus	numeric	0	0	8	FALSE	FALSE	FALSE	FALSE	candidate_redundancy_review	Peak-context consensus is portable to additional loci on the same fixed tracks, subject to redundancy review.
305	H3K36me3__chip_enriched_fraction_pm1000bp_cross_study_range	CHIP	H3K36me3	chip_enriched_fraction_pm1000bp_cross_study_range	sensitivity_analysis	cross_study_variability	all_missing	37	1	0	TRUE	TRUE	FALSE	FALSE	exclude_not_applicable	Between-study variability is retained as robustness/heterogeneity information rather than a baseline biological predictor. This column is all-missing across the 37 loci.
306	H3K36me3__chip_n_peaks_pm10000bp_consensus_median_across_studies	CHIP	H3K36me3	chip_n_peaks_pm10000bp_consensus_median_across_studies	biological_signal	peak_continuous_consensus	numeric	0	0	13	FALSE	FALSE	FALSE	FALSE	candidate_redundancy_review	Peak-context consensus is portable to additional loci on the same fixed tracks, subject to redundancy review.
307	H3K36me3__chip_n_peaks_pm10000bp_cross_study_range	CHIP	H3K36me3	chip_n_peaks_pm10000bp_cross_study_range	sensitivity_analysis	cross_study_variability	all_missing	37	1	0	TRUE	TRUE	FALSE	FALSE	exclude_not_applicable	Between-study variability is retained as robustness/heterogeneity information rather than a baseline biological predictor. This column is all-missing across the 37 loci.
308	H3K36me3__chip_enriched_bp_pm10000bp_consensus_median_across_studies	CHIP	H3K36me3	chip_enriched_bp_pm10000bp_consensus_median_across_studies	biological_signal	peak_continuous_consensus	numeric	0	0	19	FALSE	FALSE	FALSE	FALSE	candidate_redundancy_review	Peak-context consensus is portable to additional loci on the same fixed tracks, subject to redundancy review.
309	H3K36me3__chip_enriched_bp_pm10000bp_cross_study_range	CHIP	H3K36me3	chip_enriched_bp_pm10000bp_cross_study_range	sensitivity_analysis	cross_study_variability	all_missing	37	1	0	TRUE	TRUE	FALSE	FALSE	exclude_not_applicable	Between-study variability is retained as robustness/heterogeneity information rather than a baseline biological predictor. This column is all-missing across the 37 loci.
310	H3K36me3__chip_enriched_fraction_pm10000bp_consensus_median_across_studies	CHIP	H3K36me3	chip_enriched_fraction_pm10000bp_consensus_median_across_studies	biological_signal	peak_continuous_consensus	numeric	0	0	19	FALSE	FALSE	FALSE	FALSE	candidate_redundancy_review	Peak-context consensus is portable to additional loci on the same fixed tracks, subject to redundancy review.
311	H3K36me3__chip_enriched_fraction_pm10000bp_cross_study_range	CHIP	H3K36me3	chip_enriched_fraction_pm10000bp_cross_study_range	sensitivity_analysis	cross_study_variability	all_missing	37	1	0	TRUE	TRUE	FALSE	FALSE	exclude_not_applicable	Between-study variability is retained as robustness/heterogeneity information rather than a baseline biological predictor. This column is all-missing across the 37 loci.
312	H3K36me3__chip_n_peaks_pm50000bp_consensus_median_across_studies	CHIP	H3K36me3	chip_n_peaks_pm50000bp_consensus_median_across_studies	biological_signal	peak_continuous_consensus	numeric	0	0	19	FALSE	FALSE	FALSE	FALSE	candidate_redundancy_review	Peak-context consensus is portable to additional loci on the same fixed tracks, subject to redundancy review.
313	H3K36me3__chip_n_peaks_pm50000bp_cross_study_range	CHIP	H3K36me3	chip_n_peaks_pm50000bp_cross_study_range	sensitivity_analysis	cross_study_variability	all_missing	37	1	0	TRUE	TRUE	FALSE	FALSE	exclude_not_applicable	Between-study variability is retained as robustness/heterogeneity information rather than a baseline biological predictor. This column is all-missing across the 37 loci.
314	H3K36me3__chip_enriched_bp_pm50000bp_consensus_median_across_studies	CHIP	H3K36me3	chip_enriched_bp_pm50000bp_consensus_median_across_studies	biological_signal	peak_continuous_consensus	numeric	0	0	23	FALSE	FALSE	FALSE	FALSE	candidate_redundancy_review	Peak-context consensus is portable to additional loci on the same fixed tracks, subject to redundancy review.
315	H3K36me3__chip_enriched_bp_pm50000bp_cross_study_range	CHIP	H3K36me3	chip_enriched_bp_pm50000bp_cross_study_range	sensitivity_analysis	cross_study_variability	all_missing	37	1	0	TRUE	TRUE	FALSE	FALSE	exclude_not_applicable	Between-study variability is retained as robustness/heterogeneity information rather than a baseline biological predictor. This column is all-missing across the 37 loci.
316	H3K36me3__chip_enriched_fraction_pm50000bp_consensus_median_across_studies	CHIP	H3K36me3	chip_enriched_fraction_pm50000bp_consensus_median_across_studies	biological_signal	peak_continuous_consensus	numeric	0	0	23	FALSE	FALSE	FALSE	FALSE	candidate_redundancy_review	Peak-context consensus is portable to additional loci on the same fixed tracks, subject to redundancy review.
317	H3K36me3__chip_enriched_fraction_pm50000bp_cross_study_range	CHIP	H3K36me3	chip_enriched_fraction_pm50000bp_cross_study_range	sensitivity_analysis	cross_study_variability	all_missing	37	1	0	TRUE	TRUE	FALSE	FALSE	exclude_not_applicable	Between-study variability is retained as robustness/heterogeneity information rather than a baseline biological predictor. This column is all-missing across the 37 loci.
318	H3K36me3__chip_spmr_locus_mean_relative_percentile_equal_study_consensus	CHIP	H3K36me3	chip_spmr_locus_mean_relative_percentile_equal_study_consensus	benchmark_relative_feature	benchmark_relative_spmr	numeric	0	0	28	FALSE	FALSE	TRUE	FALSE	exclude_benchmark_relative	Percentile was computed relative to the 37 benchmark loci and is therefore benchmark-composition-dependent.
319	H3K36me3__chip_spmr_locus_mean_relative_percentile_min	CHIP	H3K36me3	chip_spmr_locus_mean_relative_percentile_min	benchmark_relative_feature	benchmark_relative_spmr	numeric	0	0	28	FALSE	FALSE	TRUE	FALSE	exclude_benchmark_relative	Percentile was computed relative to the 37 benchmark loci and is therefore benchmark-composition-dependent.
320	H3K36me3__chip_spmr_locus_mean_relative_percentile_max	CHIP	H3K36me3	chip_spmr_locus_mean_relative_percentile_max	benchmark_relative_feature	benchmark_relative_spmr	numeric	0	0	28	FALSE	FALSE	TRUE	FALSE	exclude_benchmark_relative	Percentile was computed relative to the 37 benchmark loci and is therefore benchmark-composition-dependent.
321	H3K36me3__chip_spmr_locus_mean_relative_percentile_cross_study_abs_diff	CHIP	H3K36me3	chip_spmr_locus_mean_relative_percentile_cross_study_abs_diff	benchmark_relative_feature	benchmark_relative_spmr	all_missing	37	1	0	TRUE	TRUE	TRUE	FALSE	exclude_benchmark_relative	Percentile was computed relative to the 37 benchmark loci and is therefore benchmark-composition-dependent.
322	H3K36me3__chip_spmr_pm1000bp_mean_relative_percentile_equal_study_consensus	CHIP	H3K36me3	chip_spmr_pm1000bp_mean_relative_percentile_equal_study_consensus	benchmark_relative_feature	benchmark_relative_spmr	numeric	0	0	37	FALSE	FALSE	TRUE	FALSE	exclude_benchmark_relative	Percentile was computed relative to the 37 benchmark loci and is therefore benchmark-composition-dependent.
323	H3K36me3__chip_spmr_pm1000bp_mean_relative_percentile_min	CHIP	H3K36me3	chip_spmr_pm1000bp_mean_relative_percentile_min	benchmark_relative_feature	benchmark_relative_spmr	numeric	0	0	37	FALSE	FALSE	TRUE	FALSE	exclude_benchmark_relative	Percentile was computed relative to the 37 benchmark loci and is therefore benchmark-composition-dependent.
324	H3K36me3__chip_spmr_pm1000bp_mean_relative_percentile_max	CHIP	H3K36me3	chip_spmr_pm1000bp_mean_relative_percentile_max	benchmark_relative_feature	benchmark_relative_spmr	numeric	0	0	37	FALSE	FALSE	TRUE	FALSE	exclude_benchmark_relative	Percentile was computed relative to the 37 benchmark loci and is therefore benchmark-composition-dependent.
325	H3K36me3__chip_spmr_pm1000bp_mean_relative_percentile_cross_study_abs_diff	CHIP	H3K36me3	chip_spmr_pm1000bp_mean_relative_percentile_cross_study_abs_diff	benchmark_relative_feature	benchmark_relative_spmr	all_missing	37	1	0	TRUE	TRUE	TRUE	FALSE	exclude_benchmark_relative	Percentile was computed relative to the 37 benchmark loci and is therefore benchmark-composition-dependent.
326	H3K36me3__chip_spmr_pm10000bp_mean_relative_percentile_equal_study_consensus	CHIP	H3K36me3	chip_spmr_pm10000bp_mean_relative_percentile_equal_study_consensus	benchmark_relative_feature	benchmark_relative_spmr	numeric	0	0	37	FALSE	FALSE	TRUE	FALSE	exclude_benchmark_relative	Percentile was computed relative to the 37 benchmark loci and is therefore benchmark-composition-dependent.
327	H3K36me3__chip_spmr_pm10000bp_mean_relative_percentile_min	CHIP	H3K36me3	chip_spmr_pm10000bp_mean_relative_percentile_min	benchmark_relative_feature	benchmark_relative_spmr	numeric	0	0	37	FALSE	FALSE	TRUE	FALSE	exclude_benchmark_relative	Percentile was computed relative to the 37 benchmark loci and is therefore benchmark-composition-dependent.
328	H3K36me3__chip_spmr_pm10000bp_mean_relative_percentile_max	CHIP	H3K36me3	chip_spmr_pm10000bp_mean_relative_percentile_max	benchmark_relative_feature	benchmark_relative_spmr	numeric	0	0	37	FALSE	FALSE	TRUE	FALSE	exclude_benchmark_relative	Percentile was computed relative to the 37 benchmark loci and is therefore benchmark-composition-dependent.
329	H3K36me3__chip_spmr_pm10000bp_mean_relative_percentile_cross_study_abs_diff	CHIP	H3K36me3	chip_spmr_pm10000bp_mean_relative_percentile_cross_study_abs_diff	benchmark_relative_feature	benchmark_relative_spmr	all_missing	37	1	0	TRUE	TRUE	TRUE	FALSE	exclude_benchmark_relative	Percentile was computed relative to the 37 benchmark loci and is therefore benchmark-composition-dependent.
330	H3K36me3__chip_spmr_pm50000bp_mean_relative_percentile_equal_study_consensus	CHIP	H3K36me3	chip_spmr_pm50000bp_mean_relative_percentile_equal_study_consensus	benchmark_relative_feature	benchmark_relative_spmr	numeric	0	0	37	FALSE	FALSE	TRUE	FALSE	exclude_benchmark_relative	Percentile was computed relative to the 37 benchmark loci and is therefore benchmark-composition-dependent.
331	H3K36me3__chip_spmr_pm50000bp_mean_relative_percentile_min	CHIP	H3K36me3	chip_spmr_pm50000bp_mean_relative_percentile_min	benchmark_relative_feature	benchmark_relative_spmr	numeric	0	0	37	FALSE	FALSE	TRUE	FALSE	exclude_benchmark_relative	Percentile was computed relative to the 37 benchmark loci and is therefore benchmark-composition-dependent.
332	H3K36me3__chip_spmr_pm50000bp_mean_relative_percentile_max	CHIP	H3K36me3	chip_spmr_pm50000bp_mean_relative_percentile_max	benchmark_relative_feature	benchmark_relative_spmr	numeric	0	0	37	FALSE	FALSE	TRUE	FALSE	exclude_benchmark_relative	Percentile was computed relative to the 37 benchmark loci and is therefore benchmark-composition-dependent.
333	H3K36me3__chip_spmr_pm50000bp_mean_relative_percentile_cross_study_abs_diff	CHIP	H3K36me3	chip_spmr_pm50000bp_mean_relative_percentile_cross_study_abs_diff	benchmark_relative_feature	benchmark_relative_spmr	all_missing	37	1	0	TRUE	TRUE	TRUE	FALSE	exclude_benchmark_relative	Percentile was computed relative to the 37 benchmark loci and is therefore benchmark-composition-dependent.
334	H3K4me1__peak_mode	CHIP	H3K4me1	peak_mode	provenance_metadata	provenance_metadata	textual	0	0	1	TRUE	FALSE	FALSE	FALSE	exclude_metadata	Mark/study/analysis provenance retained for traceability; not a locus-specific predictor.
335	H3K4me1__n_studies	CHIP	H3K4me1	n_studies	provenance_metadata	provenance_metadata	numeric	0	0	1	TRUE	FALSE	FALSE	FALSE	exclude_metadata	Mark/study/analysis provenance retained for traceability; not a locus-specific predictor.
336	H3K4me1__studies	CHIP	H3K4me1	studies	provenance_metadata	provenance_metadata	textual	0	0	1	TRUE	FALSE	FALSE	FALSE	exclude_metadata	Mark/study/analysis provenance retained for traceability; not a locus-specific predictor.
337	H3K4me1__n_conditions_total	CHIP	H3K4me1	n_conditions_total	provenance_metadata	provenance_metadata	numeric	0	0	1	TRUE	FALSE	FALSE	FALSE	exclude_metadata	Mark/study/analysis provenance retained for traceability; not a locus-specific predictor.
338	H3K4me1__source_condition_keys	CHIP	H3K4me1	source_condition_keys	provenance_metadata	provenance_metadata	textual	0	0	1	TRUE	FALSE	FALSE	FALSE	exclude_metadata	Mark/study/analysis provenance retained for traceability; not a locus-specific predictor.
339	H3K4me1__source_analysis_ids	CHIP	H3K4me1	source_analysis_ids	provenance_metadata	provenance_metadata	textual	0	0	1	TRUE	FALSE	FALSE	FALSE	exclude_metadata	Mark/study/analysis provenance retained for traceability; not a locus-specific predictor.
340	H3K4me1__chip_exact_overlap_n_positive_conditions_total	CHIP	H3K4me1	chip_exact_overlap_n_positive_conditions_total	biological_signal	peak_support_summary	numeric	0	0	2	FALSE	FALSE	FALSE	FALSE	review_redundancy	Peak-support feature is biologically informative but highly related to other support encodings; requires redundancy review.
341	H3K4me1__chip_exact_overlap_fraction_positive_conditions_raw	CHIP	H3K4me1	chip_exact_overlap_fraction_positive_conditions_raw	biological_signal	peak_support_summary	numeric	0	0	2	FALSE	FALSE	FALSE	FALSE	review_redundancy	Peak-support feature is biologically informative but highly related to other support encodings; requires redundancy review.
342	H3K4me1__chip_exact_overlap_fraction_positive_conditions_equal_study_weight	CHIP	H3K4me1	chip_exact_overlap_fraction_positive_conditions_equal_study_weight	biological_signal	peak_support_summary	numeric	0	0	2	FALSE	FALSE	FALSE	FALSE	review_redundancy	Peak-support feature is biologically informative but highly related to other support encodings; requires redundancy review.
343	H3K4me1__chip_exact_overlap_fraction_studies_with_any_condition	CHIP	H3K4me1	chip_exact_overlap_fraction_studies_with_any_condition	biological_signal	peak_support_summary	numeric	0	0	2	FALSE	FALSE	FALSE	FALSE	review_redundancy	Peak-support feature is biologically informative but highly related to other support encodings; requires redundancy review.
344	H3K4me1__chip_exact_overlap_fraction_studies_with_all_conditions	CHIP	H3K4me1	chip_exact_overlap_fraction_studies_with_all_conditions	biological_signal	peak_support_summary	numeric	0	0	2	FALSE	FALSE	FALSE	FALSE	review_redundancy	Peak-support feature is biologically informative but highly related to other support encodings; requires redundancy review.
345	H3K4me1__chip_exact_overlap_any_study	CHIP	H3K4me1	chip_exact_overlap_any_study	biological_signal	peak_support_summary	numeric	0	0	2	FALSE	FALSE	FALSE	FALSE	review_redundancy	Peak-support feature is biologically informative but highly related to other support encodings; requires redundancy review.
346	H3K4me1__chip_exact_overlap_all_studies_have_any_condition	CHIP	H3K4me1	chip_exact_overlap_all_studies_have_any_condition	biological_signal	peak_support_summary	numeric	0	0	2	FALSE	FALSE	FALSE	FALSE	review_redundancy	Peak-support feature is biologically informative but highly related to other support encodings; requires redundancy review.
347	H3K4me1__chip_anchor_in_peak_n_positive_conditions_total	CHIP	H3K4me1	chip_anchor_in_peak_n_positive_conditions_total	biological_signal	peak_support_summary	numeric	0	0	2	FALSE	FALSE	FALSE	FALSE	review_redundancy	Peak-support feature is biologically informative but highly related to other support encodings; requires redundancy review.
348	H3K4me1__chip_anchor_in_peak_fraction_positive_conditions_raw	CHIP	H3K4me1	chip_anchor_in_peak_fraction_positive_conditions_raw	biological_signal	peak_support_summary	numeric	0	0	2	FALSE	FALSE	FALSE	FALSE	review_redundancy	Peak-support feature is biologically informative but highly related to other support encodings; requires redundancy review.
349	H3K4me1__chip_anchor_in_peak_fraction_positive_conditions_equal_study_weight	CHIP	H3K4me1	chip_anchor_in_peak_fraction_positive_conditions_equal_study_weight	biological_signal	peak_support_summary	numeric	0	0	2	FALSE	FALSE	FALSE	FALSE	review_redundancy	Peak-support feature is biologically informative but highly related to other support encodings; requires redundancy review.
350	H3K4me1__chip_anchor_in_peak_fraction_studies_with_any_condition	CHIP	H3K4me1	chip_anchor_in_peak_fraction_studies_with_any_condition	biological_signal	peak_support_summary	numeric	0	0	2	FALSE	FALSE	FALSE	FALSE	review_redundancy	Peak-support feature is biologically informative but highly related to other support encodings; requires redundancy review.
351	H3K4me1__chip_anchor_in_peak_fraction_studies_with_all_conditions	CHIP	H3K4me1	chip_anchor_in_peak_fraction_studies_with_all_conditions	biological_signal	peak_support_summary	numeric	0	0	2	FALSE	FALSE	FALSE	FALSE	review_redundancy	Peak-support feature is biologically informative but highly related to other support encodings; requires redundancy review.
352	H3K4me1__chip_anchor_in_peak_any_study	CHIP	H3K4me1	chip_anchor_in_peak_any_study	biological_signal	peak_support_summary	numeric	0	0	2	FALSE	FALSE	FALSE	FALSE	review_redundancy	Peak-support feature is biologically informative but highly related to other support encodings; requires redundancy review.
353	H3K4me1__chip_anchor_in_peak_all_studies_have_any_condition	CHIP	H3K4me1	chip_anchor_in_peak_all_studies_have_any_condition	biological_signal	peak_support_summary	numeric	0	0	2	FALSE	FALSE	FALSE	FALSE	review_redundancy	Peak-support feature is biologically informative but highly related to other support encodings; requires redundancy review.
354	H3K4me1__chip_any_peak_pm1000bp_n_positive_conditions_total	CHIP	H3K4me1	chip_any_peak_pm1000bp_n_positive_conditions_total	biological_signal	peak_support_summary	numeric	0	0	3	FALSE	FALSE	FALSE	FALSE	review_redundancy	Peak-support feature is biologically informative but highly related to other support encodings; requires redundancy review.
355	H3K4me1__chip_any_peak_pm1000bp_fraction_positive_conditions_raw	CHIP	H3K4me1	chip_any_peak_pm1000bp_fraction_positive_conditions_raw	biological_signal	peak_support_summary	numeric	0	0	3	FALSE	FALSE	FALSE	FALSE	review_redundancy	Peak-support feature is biologically informative but highly related to other support encodings; requires redundancy review.
356	H3K4me1__chip_any_peak_pm1000bp_fraction_positive_conditions_equal_study_weight	CHIP	H3K4me1	chip_any_peak_pm1000bp_fraction_positive_conditions_equal_study_weight	biological_signal	peak_support_summary	numeric	0	0	3	FALSE	FALSE	FALSE	FALSE	review_redundancy	Peak-support feature is biologically informative but highly related to other support encodings; requires redundancy review.
357	H3K4me1__chip_any_peak_pm1000bp_fraction_studies_with_any_condition	CHIP	H3K4me1	chip_any_peak_pm1000bp_fraction_studies_with_any_condition	biological_signal	peak_support_summary	numeric	0	0	2	FALSE	FALSE	FALSE	FALSE	review_redundancy	Peak-support feature is biologically informative but highly related to other support encodings; requires redundancy review.
358	H3K4me1__chip_any_peak_pm1000bp_fraction_studies_with_all_conditions	CHIP	H3K4me1	chip_any_peak_pm1000bp_fraction_studies_with_all_conditions	biological_signal	peak_support_summary	numeric	0	0	2	FALSE	FALSE	FALSE	FALSE	review_redundancy	Peak-support feature is biologically informative but highly related to other support encodings; requires redundancy review.
359	H3K4me1__chip_any_peak_pm1000bp_any_study	CHIP	H3K4me1	chip_any_peak_pm1000bp_any_study	biological_signal	peak_support_summary	numeric	0	0	2	FALSE	FALSE	FALSE	FALSE	review_redundancy	Peak-support feature is biologically informative but highly related to other support encodings; requires redundancy review.
360	H3K4me1__chip_any_peak_pm1000bp_all_studies_have_any_condition	CHIP	H3K4me1	chip_any_peak_pm1000bp_all_studies_have_any_condition	biological_signal	peak_support_summary	numeric	0	0	2	FALSE	FALSE	FALSE	FALSE	review_redundancy	Peak-support feature is biologically informative but highly related to other support encodings; requires redundancy review.
361	H3K4me1__chip_any_peak_pm10000bp_n_positive_conditions_total	CHIP	H3K4me1	chip_any_peak_pm10000bp_n_positive_conditions_total	biological_signal	peak_support_summary	numeric	0	0	3	FALSE	FALSE	FALSE	FALSE	review_redundancy	Peak-support feature is biologically informative but highly related to other support encodings; requires redundancy review.
362	H3K4me1__chip_any_peak_pm10000bp_fraction_positive_conditions_raw	CHIP	H3K4me1	chip_any_peak_pm10000bp_fraction_positive_conditions_raw	biological_signal	peak_support_summary	numeric	0	0	3	FALSE	FALSE	FALSE	FALSE	review_redundancy	Peak-support feature is biologically informative but highly related to other support encodings; requires redundancy review.
363	H3K4me1__chip_any_peak_pm10000bp_fraction_positive_conditions_equal_study_weight	CHIP	H3K4me1	chip_any_peak_pm10000bp_fraction_positive_conditions_equal_study_weight	biological_signal	peak_support_summary	numeric	0	0	3	FALSE	FALSE	FALSE	FALSE	review_redundancy	Peak-support feature is biologically informative but highly related to other support encodings; requires redundancy review.
364	H3K4me1__chip_any_peak_pm10000bp_fraction_studies_with_any_condition	CHIP	H3K4me1	chip_any_peak_pm10000bp_fraction_studies_with_any_condition	biological_signal	peak_support_summary	numeric	0	0	2	FALSE	FALSE	FALSE	FALSE	review_redundancy	Peak-support feature is biologically informative but highly related to other support encodings; requires redundancy review.
365	H3K4me1__chip_any_peak_pm10000bp_fraction_studies_with_all_conditions	CHIP	H3K4me1	chip_any_peak_pm10000bp_fraction_studies_with_all_conditions	biological_signal	peak_support_summary	numeric	0	0	2	FALSE	FALSE	FALSE	FALSE	review_redundancy	Peak-support feature is biologically informative but highly related to other support encodings; requires redundancy review.
366	H3K4me1__chip_any_peak_pm10000bp_any_study	CHIP	H3K4me1	chip_any_peak_pm10000bp_any_study	biological_signal	peak_support_summary	numeric	0	0	2	FALSE	FALSE	FALSE	FALSE	review_redundancy	Peak-support feature is biologically informative but highly related to other support encodings; requires redundancy review.
367	H3K4me1__chip_any_peak_pm10000bp_all_studies_have_any_condition	CHIP	H3K4me1	chip_any_peak_pm10000bp_all_studies_have_any_condition	biological_signal	peak_support_summary	numeric	0	0	2	FALSE	FALSE	FALSE	FALSE	review_redundancy	Peak-support feature is biologically informative but highly related to other support encodings; requires redundancy review.
368	H3K4me1__chip_any_peak_pm50000bp_n_positive_conditions_total	CHIP	H3K4me1	chip_any_peak_pm50000bp_n_positive_conditions_total	biological_signal	peak_support_summary	numeric	0	0	3	FALSE	FALSE	FALSE	FALSE	review_redundancy	Peak-support feature is biologically informative but highly related to other support encodings; requires redundancy review.
369	H3K4me1__chip_any_peak_pm50000bp_fraction_positive_conditions_raw	CHIP	H3K4me1	chip_any_peak_pm50000bp_fraction_positive_conditions_raw	biological_signal	peak_support_summary	numeric	0	0	3	FALSE	FALSE	FALSE	FALSE	review_redundancy	Peak-support feature is biologically informative but highly related to other support encodings; requires redundancy review.
370	H3K4me1__chip_any_peak_pm50000bp_fraction_positive_conditions_equal_study_weight	CHIP	H3K4me1	chip_any_peak_pm50000bp_fraction_positive_conditions_equal_study_weight	biological_signal	peak_support_summary	numeric	0	0	3	FALSE	FALSE	FALSE	FALSE	review_redundancy	Peak-support feature is biologically informative but highly related to other support encodings; requires redundancy review.
371	H3K4me1__chip_any_peak_pm50000bp_fraction_studies_with_any_condition	CHIP	H3K4me1	chip_any_peak_pm50000bp_fraction_studies_with_any_condition	biological_signal	peak_support_summary	numeric	0	0	2	FALSE	FALSE	FALSE	FALSE	review_redundancy	Peak-support feature is biologically informative but highly related to other support encodings; requires redundancy review.
372	H3K4me1__chip_any_peak_pm50000bp_fraction_studies_with_all_conditions	CHIP	H3K4me1	chip_any_peak_pm50000bp_fraction_studies_with_all_conditions	biological_signal	peak_support_summary	numeric	0	0	2	FALSE	FALSE	FALSE	FALSE	review_redundancy	Peak-support feature is biologically informative but highly related to other support encodings; requires redundancy review.
373	H3K4me1__chip_any_peak_pm50000bp_any_study	CHIP	H3K4me1	chip_any_peak_pm50000bp_any_study	biological_signal	peak_support_summary	numeric	0	0	2	FALSE	FALSE	FALSE	FALSE	review_redundancy	Peak-support feature is biologically informative but highly related to other support encodings; requires redundancy review.
374	H3K4me1__chip_any_peak_pm50000bp_all_studies_have_any_condition	CHIP	H3K4me1	chip_any_peak_pm50000bp_all_studies_have_any_condition	biological_signal	peak_support_summary	numeric	0	0	2	FALSE	FALSE	FALSE	FALSE	review_redundancy	Peak-support feature is biologically informative but highly related to other support encodings; requires redundancy review.
375	H3K4me1__chip_exact_n_peaks_consensus_median_across_studies	CHIP	H3K4me1	chip_exact_n_peaks_consensus_median_across_studies	biological_signal	peak_continuous_consensus	numeric	0	0	3	FALSE	FALSE	FALSE	FALSE	candidate_redundancy_review	Peak-context consensus is portable to additional loci on the same fixed tracks, subject to redundancy review.
376	H3K4me1__chip_exact_n_peaks_cross_study_range	CHIP	H3K4me1	chip_exact_n_peaks_cross_study_range	sensitivity_analysis	cross_study_variability	all_missing	37	1	0	TRUE	TRUE	FALSE	FALSE	exclude_not_applicable	Between-study variability is retained as robustness/heterogeneity information rather than a baseline biological predictor. This column is all-missing across the 37 loci.
377	H3K4me1__chip_exact_overlap_bp_consensus_median_across_studies	CHIP	H3K4me1	chip_exact_overlap_bp_consensus_median_across_studies	biological_signal	peak_continuous_consensus	numeric	0	0	6	FALSE	FALSE	FALSE	FALSE	candidate_redundancy_review	Peak-context consensus is portable to additional loci on the same fixed tracks, subject to redundancy review.
378	H3K4me1__chip_exact_overlap_bp_cross_study_range	CHIP	H3K4me1	chip_exact_overlap_bp_cross_study_range	sensitivity_analysis	cross_study_variability	all_missing	37	1	0	TRUE	TRUE	FALSE	FALSE	exclude_not_applicable	Between-study variability is retained as robustness/heterogeneity information rather than a baseline biological predictor. This column is all-missing across the 37 loci.
379	H3K4me1__chip_exact_overlap_fraction_of_locus_consensus_median_across_studies	CHIP	H3K4me1	chip_exact_overlap_fraction_of_locus_consensus_median_across_studies	biological_signal	peak_continuous_consensus	numeric	0	0	4	FALSE	FALSE	FALSE	FALSE	candidate_redundancy_review	Peak-context consensus is portable to additional loci on the same fixed tracks, subject to redundancy review.
380	H3K4me1__chip_exact_overlap_fraction_of_locus_cross_study_range	CHIP	H3K4me1	chip_exact_overlap_fraction_of_locus_cross_study_range	sensitivity_analysis	cross_study_variability	all_missing	37	1	0	TRUE	TRUE	FALSE	FALSE	exclude_not_applicable	Between-study variability is retained as robustness/heterogeneity information rather than a baseline biological predictor. This column is all-missing across the 37 loci.
381	H3K4me1__chip_nearest_peak_distance_to_anchor_bp_consensus_median_across_studies	CHIP	H3K4me1	chip_nearest_peak_distance_to_anchor_bp_consensus_median_across_studies	biological_signal	peak_continuous_consensus	numeric	0	0	33	FALSE	FALSE	FALSE	FALSE	candidate_redundancy_review	Peak-context consensus is portable to additional loci on the same fixed tracks, subject to redundancy review.
382	H3K4me1__chip_nearest_peak_distance_to_anchor_bp_cross_study_range	CHIP	H3K4me1	chip_nearest_peak_distance_to_anchor_bp_cross_study_range	sensitivity_analysis	cross_study_variability	all_missing	37	1	0	TRUE	TRUE	FALSE	FALSE	exclude_not_applicable	Between-study variability is retained as robustness/heterogeneity information rather than a baseline biological predictor. This column is all-missing across the 37 loci.
383	H3K4me1__chip_nearest_peak_distance_to_locus_bp_consensus_median_across_studies	CHIP	H3K4me1	chip_nearest_peak_distance_to_locus_bp_consensus_median_across_studies	biological_signal	peak_continuous_consensus	numeric	0	0	31	FALSE	FALSE	FALSE	FALSE	candidate_redundancy_review	Peak-context consensus is portable to additional loci on the same fixed tracks, subject to redundancy review.
384	H3K4me1__chip_nearest_peak_distance_to_locus_bp_cross_study_range	CHIP	H3K4me1	chip_nearest_peak_distance_to_locus_bp_cross_study_range	sensitivity_analysis	cross_study_variability	all_missing	37	1	0	TRUE	TRUE	FALSE	FALSE	exclude_not_applicable	Between-study variability is retained as robustness/heterogeneity information rather than a baseline biological predictor. This column is all-missing across the 37 loci.
385	H3K4me1__chip_n_peaks_pm1000bp_consensus_median_across_studies	CHIP	H3K4me1	chip_n_peaks_pm1000bp_consensus_median_across_studies	biological_signal	peak_continuous_consensus	numeric	0	0	5	FALSE	FALSE	FALSE	FALSE	candidate_redundancy_review	Peak-context consensus is portable to additional loci on the same fixed tracks, subject to redundancy review.
386	H3K4me1__chip_n_peaks_pm1000bp_cross_study_range	CHIP	H3K4me1	chip_n_peaks_pm1000bp_cross_study_range	sensitivity_analysis	cross_study_variability	all_missing	37	1	0	TRUE	TRUE	FALSE	FALSE	exclude_not_applicable	Between-study variability is retained as robustness/heterogeneity information rather than a baseline biological predictor. This column is all-missing across the 37 loci.
387	H3K4me1__chip_enriched_bp_pm1000bp_consensus_median_across_studies	CHIP	H3K4me1	chip_enriched_bp_pm1000bp_consensus_median_across_studies	biological_signal	peak_continuous_consensus	numeric	0	0	15	FALSE	FALSE	FALSE	FALSE	candidate_redundancy_review	Peak-context consensus is portable to additional loci on the same fixed tracks, subject to redundancy review.
388	H3K4me1__chip_enriched_bp_pm1000bp_cross_study_range	CHIP	H3K4me1	chip_enriched_bp_pm1000bp_cross_study_range	sensitivity_analysis	cross_study_variability	all_missing	37	1	0	TRUE	TRUE	FALSE	FALSE	exclude_not_applicable	Between-study variability is retained as robustness/heterogeneity information rather than a baseline biological predictor. This column is all-missing across the 37 loci.
389	H3K4me1__chip_enriched_fraction_pm1000bp_consensus_median_across_studies	CHIP	H3K4me1	chip_enriched_fraction_pm1000bp_consensus_median_across_studies	biological_signal	peak_continuous_consensus	numeric	0	0	15	FALSE	FALSE	FALSE	FALSE	candidate_redundancy_review	Peak-context consensus is portable to additional loci on the same fixed tracks, subject to redundancy review.
390	H3K4me1__chip_enriched_fraction_pm1000bp_cross_study_range	CHIP	H3K4me1	chip_enriched_fraction_pm1000bp_cross_study_range	sensitivity_analysis	cross_study_variability	all_missing	37	1	0	TRUE	TRUE	FALSE	FALSE	exclude_not_applicable	Between-study variability is retained as robustness/heterogeneity information rather than a baseline biological predictor. This column is all-missing across the 37 loci.
391	H3K4me1__chip_n_peaks_pm10000bp_consensus_median_across_studies	CHIP	H3K4me1	chip_n_peaks_pm10000bp_consensus_median_across_studies	biological_signal	peak_continuous_consensus	numeric	0	0	13	FALSE	FALSE	FALSE	FALSE	candidate_redundancy_review	Peak-context consensus is portable to additional loci on the same fixed tracks, subject to redundancy review.
392	H3K4me1__chip_n_peaks_pm10000bp_cross_study_range	CHIP	H3K4me1	chip_n_peaks_pm10000bp_cross_study_range	sensitivity_analysis	cross_study_variability	all_missing	37	1	0	TRUE	TRUE	FALSE	FALSE	exclude_not_applicable	Between-study variability is retained as robustness/heterogeneity information rather than a baseline biological predictor. This column is all-missing across the 37 loci.
393	H3K4me1__chip_enriched_bp_pm10000bp_consensus_median_across_studies	CHIP	H3K4me1	chip_enriched_bp_pm10000bp_consensus_median_across_studies	biological_signal	peak_continuous_consensus	numeric	0	0	26	FALSE	FALSE	FALSE	FALSE	candidate_redundancy_review	Peak-context consensus is portable to additional loci on the same fixed tracks, subject to redundancy review.
394	H3K4me1__chip_enriched_bp_pm10000bp_cross_study_range	CHIP	H3K4me1	chip_enriched_bp_pm10000bp_cross_study_range	sensitivity_analysis	cross_study_variability	all_missing	37	1	0	TRUE	TRUE	FALSE	FALSE	exclude_not_applicable	Between-study variability is retained as robustness/heterogeneity information rather than a baseline biological predictor. This column is all-missing across the 37 loci.
395	H3K4me1__chip_enriched_fraction_pm10000bp_consensus_median_across_studies	CHIP	H3K4me1	chip_enriched_fraction_pm10000bp_consensus_median_across_studies	biological_signal	peak_continuous_consensus	numeric	0	0	26	FALSE	FALSE	FALSE	FALSE	candidate_redundancy_review	Peak-context consensus is portable to additional loci on the same fixed tracks, subject to redundancy review.
396	H3K4me1__chip_enriched_fraction_pm10000bp_cross_study_range	CHIP	H3K4me1	chip_enriched_fraction_pm10000bp_cross_study_range	sensitivity_analysis	cross_study_variability	all_missing	37	1	0	TRUE	TRUE	FALSE	FALSE	exclude_not_applicable	Between-study variability is retained as robustness/heterogeneity information rather than a baseline biological predictor. This column is all-missing across the 37 loci.
397	H3K4me1__chip_n_peaks_pm50000bp_consensus_median_across_studies	CHIP	H3K4me1	chip_n_peaks_pm50000bp_consensus_median_across_studies	biological_signal	peak_continuous_consensus	numeric	0	0	21	FALSE	FALSE	FALSE	FALSE	candidate_redundancy_review	Peak-context consensus is portable to additional loci on the same fixed tracks, subject to redundancy review.
398	H3K4me1__chip_n_peaks_pm50000bp_cross_study_range	CHIP	H3K4me1	chip_n_peaks_pm50000bp_cross_study_range	sensitivity_analysis	cross_study_variability	all_missing	37	1	0	TRUE	TRUE	FALSE	FALSE	exclude_not_applicable	Between-study variability is retained as robustness/heterogeneity information rather than a baseline biological predictor. This column is all-missing across the 37 loci.
399	H3K4me1__chip_enriched_bp_pm50000bp_consensus_median_across_studies	CHIP	H3K4me1	chip_enriched_bp_pm50000bp_consensus_median_across_studies	biological_signal	peak_continuous_consensus	numeric	0	0	35	FALSE	FALSE	FALSE	FALSE	candidate_redundancy_review	Peak-context consensus is portable to additional loci on the same fixed tracks, subject to redundancy review.
400	H3K4me1__chip_enriched_bp_pm50000bp_cross_study_range	CHIP	H3K4me1	chip_enriched_bp_pm50000bp_cross_study_range	sensitivity_analysis	cross_study_variability	all_missing	37	1	0	TRUE	TRUE	FALSE	FALSE	exclude_not_applicable	Between-study variability is retained as robustness/heterogeneity information rather than a baseline biological predictor. This column is all-missing across the 37 loci.
401	H3K4me1__chip_enriched_fraction_pm50000bp_consensus_median_across_studies	CHIP	H3K4me1	chip_enriched_fraction_pm50000bp_consensus_median_across_studies	biological_signal	peak_continuous_consensus	numeric	0	0	35	FALSE	FALSE	FALSE	FALSE	candidate_redundancy_review	Peak-context consensus is portable to additional loci on the same fixed tracks, subject to redundancy review.
402	H3K4me1__chip_enriched_fraction_pm50000bp_cross_study_range	CHIP	H3K4me1	chip_enriched_fraction_pm50000bp_cross_study_range	sensitivity_analysis	cross_study_variability	all_missing	37	1	0	TRUE	TRUE	FALSE	FALSE	exclude_not_applicable	Between-study variability is retained as robustness/heterogeneity information rather than a baseline biological predictor. This column is all-missing across the 37 loci.
403	H3K4me1__chip_spmr_locus_mean_relative_percentile_equal_study_consensus	CHIP	H3K4me1	chip_spmr_locus_mean_relative_percentile_equal_study_consensus	benchmark_relative_feature	benchmark_relative_spmr	numeric	0	0	26	FALSE	FALSE	TRUE	FALSE	exclude_benchmark_relative	Percentile was computed relative to the 37 benchmark loci and is therefore benchmark-composition-dependent.
404	H3K4me1__chip_spmr_locus_mean_relative_percentile_min	CHIP	H3K4me1	chip_spmr_locus_mean_relative_percentile_min	benchmark_relative_feature	benchmark_relative_spmr	numeric	0	0	26	FALSE	FALSE	TRUE	FALSE	exclude_benchmark_relative	Percentile was computed relative to the 37 benchmark loci and is therefore benchmark-composition-dependent.
405	H3K4me1__chip_spmr_locus_mean_relative_percentile_max	CHIP	H3K4me1	chip_spmr_locus_mean_relative_percentile_max	benchmark_relative_feature	benchmark_relative_spmr	numeric	0	0	26	FALSE	FALSE	TRUE	FALSE	exclude_benchmark_relative	Percentile was computed relative to the 37 benchmark loci and is therefore benchmark-composition-dependent.
406	H3K4me1__chip_spmr_locus_mean_relative_percentile_cross_study_abs_diff	CHIP	H3K4me1	chip_spmr_locus_mean_relative_percentile_cross_study_abs_diff	benchmark_relative_feature	benchmark_relative_spmr	all_missing	37	1	0	TRUE	TRUE	TRUE	FALSE	exclude_benchmark_relative	Percentile was computed relative to the 37 benchmark loci and is therefore benchmark-composition-dependent.
407	H3K4me1__chip_spmr_pm1000bp_mean_relative_percentile_equal_study_consensus	CHIP	H3K4me1	chip_spmr_pm1000bp_mean_relative_percentile_equal_study_consensus	benchmark_relative_feature	benchmark_relative_spmr	numeric	0	0	37	FALSE	FALSE	TRUE	FALSE	exclude_benchmark_relative	Percentile was computed relative to the 37 benchmark loci and is therefore benchmark-composition-dependent.
408	H3K4me1__chip_spmr_pm1000bp_mean_relative_percentile_min	CHIP	H3K4me1	chip_spmr_pm1000bp_mean_relative_percentile_min	benchmark_relative_feature	benchmark_relative_spmr	numeric	0	0	37	FALSE	FALSE	TRUE	FALSE	exclude_benchmark_relative	Percentile was computed relative to the 37 benchmark loci and is therefore benchmark-composition-dependent.
409	H3K4me1__chip_spmr_pm1000bp_mean_relative_percentile_max	CHIP	H3K4me1	chip_spmr_pm1000bp_mean_relative_percentile_max	benchmark_relative_feature	benchmark_relative_spmr	numeric	0	0	37	FALSE	FALSE	TRUE	FALSE	exclude_benchmark_relative	Percentile was computed relative to the 37 benchmark loci and is therefore benchmark-composition-dependent.
410	H3K4me1__chip_spmr_pm1000bp_mean_relative_percentile_cross_study_abs_diff	CHIP	H3K4me1	chip_spmr_pm1000bp_mean_relative_percentile_cross_study_abs_diff	benchmark_relative_feature	benchmark_relative_spmr	all_missing	37	1	0	TRUE	TRUE	TRUE	FALSE	exclude_benchmark_relative	Percentile was computed relative to the 37 benchmark loci and is therefore benchmark-composition-dependent.
411	H3K4me1__chip_spmr_pm10000bp_mean_relative_percentile_equal_study_consensus	CHIP	H3K4me1	chip_spmr_pm10000bp_mean_relative_percentile_equal_study_consensus	benchmark_relative_feature	benchmark_relative_spmr	numeric	0	0	37	FALSE	FALSE	TRUE	FALSE	exclude_benchmark_relative	Percentile was computed relative to the 37 benchmark loci and is therefore benchmark-composition-dependent.
412	H3K4me1__chip_spmr_pm10000bp_mean_relative_percentile_min	CHIP	H3K4me1	chip_spmr_pm10000bp_mean_relative_percentile_min	benchmark_relative_feature	benchmark_relative_spmr	numeric	0	0	37	FALSE	FALSE	TRUE	FALSE	exclude_benchmark_relative	Percentile was computed relative to the 37 benchmark loci and is therefore benchmark-composition-dependent.
413	H3K4me1__chip_spmr_pm10000bp_mean_relative_percentile_max	CHIP	H3K4me1	chip_spmr_pm10000bp_mean_relative_percentile_max	benchmark_relative_feature	benchmark_relative_spmr	numeric	0	0	37	FALSE	FALSE	TRUE	FALSE	exclude_benchmark_relative	Percentile was computed relative to the 37 benchmark loci and is therefore benchmark-composition-dependent.
414	H3K4me1__chip_spmr_pm10000bp_mean_relative_percentile_cross_study_abs_diff	CHIP	H3K4me1	chip_spmr_pm10000bp_mean_relative_percentile_cross_study_abs_diff	benchmark_relative_feature	benchmark_relative_spmr	all_missing	37	1	0	TRUE	TRUE	TRUE	FALSE	exclude_benchmark_relative	Percentile was computed relative to the 37 benchmark loci and is therefore benchmark-composition-dependent.
415	H3K4me1__chip_spmr_pm50000bp_mean_relative_percentile_equal_study_consensus	CHIP	H3K4me1	chip_spmr_pm50000bp_mean_relative_percentile_equal_study_consensus	benchmark_relative_feature	benchmark_relative_spmr	numeric	0	0	37	FALSE	FALSE	TRUE	FALSE	exclude_benchmark_relative	Percentile was computed relative to the 37 benchmark loci and is therefore benchmark-composition-dependent.
416	H3K4me1__chip_spmr_pm50000bp_mean_relative_percentile_min	CHIP	H3K4me1	chip_spmr_pm50000bp_mean_relative_percentile_min	benchmark_relative_feature	benchmark_relative_spmr	numeric	0	0	37	FALSE	FALSE	TRUE	FALSE	exclude_benchmark_relative	Percentile was computed relative to the 37 benchmark loci and is therefore benchmark-composition-dependent.
417	H3K4me1__chip_spmr_pm50000bp_mean_relative_percentile_max	CHIP	H3K4me1	chip_spmr_pm50000bp_mean_relative_percentile_max	benchmark_relative_feature	benchmark_relative_spmr	numeric	0	0	37	FALSE	FALSE	TRUE	FALSE	exclude_benchmark_relative	Percentile was computed relative to the 37 benchmark loci and is therefore benchmark-composition-dependent.
418	H3K4me1__chip_spmr_pm50000bp_mean_relative_percentile_cross_study_abs_diff	CHIP	H3K4me1	chip_spmr_pm50000bp_mean_relative_percentile_cross_study_abs_diff	benchmark_relative_feature	benchmark_relative_spmr	all_missing	37	1	0	TRUE	TRUE	TRUE	FALSE	exclude_benchmark_relative	Percentile was computed relative to the 37 benchmark loci and is therefore benchmark-composition-dependent.
419	H3K4me3__peak_mode	CHIP	H3K4me3	peak_mode	provenance_metadata	provenance_metadata	textual	0	0	1	TRUE	FALSE	FALSE	FALSE	exclude_metadata	Mark/study/analysis provenance retained for traceability; not a locus-specific predictor.
420	H3K4me3__n_studies	CHIP	H3K4me3	n_studies	provenance_metadata	provenance_metadata	numeric	0	0	1	TRUE	FALSE	FALSE	FALSE	exclude_metadata	Mark/study/analysis provenance retained for traceability; not a locus-specific predictor.
421	H3K4me3__studies	CHIP	H3K4me3	studies	provenance_metadata	provenance_metadata	textual	0	0	1	TRUE	FALSE	FALSE	FALSE	exclude_metadata	Mark/study/analysis provenance retained for traceability; not a locus-specific predictor.
422	H3K4me3__n_conditions_total	CHIP	H3K4me3	n_conditions_total	provenance_metadata	provenance_metadata	numeric	0	0	1	TRUE	FALSE	FALSE	FALSE	exclude_metadata	Mark/study/analysis provenance retained for traceability; not a locus-specific predictor.
423	H3K4me3__source_condition_keys	CHIP	H3K4me3	source_condition_keys	provenance_metadata	provenance_metadata	textual	0	0	1	TRUE	FALSE	FALSE	FALSE	exclude_metadata	Mark/study/analysis provenance retained for traceability; not a locus-specific predictor.
424	H3K4me3__source_analysis_ids	CHIP	H3K4me3	source_analysis_ids	provenance_metadata	provenance_metadata	textual	0	0	1	TRUE	FALSE	FALSE	FALSE	exclude_metadata	Mark/study/analysis provenance retained for traceability; not a locus-specific predictor.
425	H3K4me3__chip_exact_overlap_n_positive_conditions_total	CHIP	H3K4me3	chip_exact_overlap_n_positive_conditions_total	biological_signal	peak_support_summary	numeric	0	0	4	FALSE	FALSE	FALSE	FALSE	review_redundancy	Peak-support feature is biologically informative but highly related to other support encodings; requires redundancy review.
426	H3K4me3__chip_exact_overlap_fraction_positive_conditions_raw	CHIP	H3K4me3	chip_exact_overlap_fraction_positive_conditions_raw	biological_signal	peak_support_summary	numeric	0	0	4	FALSE	FALSE	FALSE	FALSE	review_redundancy	Peak-support feature is biologically informative but highly related to other support encodings; requires redundancy review.
427	H3K4me3__chip_exact_overlap_fraction_positive_conditions_equal_study_weight	CHIP	H3K4me3	chip_exact_overlap_fraction_positive_conditions_equal_study_weight	biological_signal	peak_support_summary	numeric	0	0	4	FALSE	FALSE	FALSE	FALSE	review_redundancy	Peak-support feature is biologically informative but highly related to other support encodings; requires redundancy review.
428	H3K4me3__chip_exact_overlap_fraction_studies_with_any_condition	CHIP	H3K4me3	chip_exact_overlap_fraction_studies_with_any_condition	biological_signal	peak_support_summary	numeric	0	0	3	FALSE	FALSE	FALSE	FALSE	review_redundancy	Peak-support feature is biologically informative but highly related to other support encodings; requires redundancy review.
429	H3K4me3__chip_exact_overlap_fraction_studies_with_all_conditions	CHIP	H3K4me3	chip_exact_overlap_fraction_studies_with_all_conditions	biological_signal	peak_support_summary	numeric	0	0	3	FALSE	FALSE	FALSE	FALSE	review_redundancy	Peak-support feature is biologically informative but highly related to other support encodings; requires redundancy review.
430	H3K4me3__chip_exact_overlap_any_study	CHIP	H3K4me3	chip_exact_overlap_any_study	biological_signal	peak_support_summary	numeric	0	0	2	FALSE	FALSE	FALSE	FALSE	review_redundancy	Peak-support feature is biologically informative but highly related to other support encodings; requires redundancy review.
431	H3K4me3__chip_exact_overlap_all_studies_have_any_condition	CHIP	H3K4me3	chip_exact_overlap_all_studies_have_any_condition	biological_signal	peak_support_summary	numeric	0	0	2	FALSE	FALSE	FALSE	FALSE	review_redundancy	Peak-support feature is biologically informative but highly related to other support encodings; requires redundancy review.
432	H3K4me3__chip_anchor_in_peak_n_positive_conditions_total	CHIP	H3K4me3	chip_anchor_in_peak_n_positive_conditions_total	biological_signal	peak_support_summary	numeric	0	0	3	FALSE	FALSE	FALSE	FALSE	review_redundancy	Peak-support feature is biologically informative but highly related to other support encodings; requires redundancy review.
433	H3K4me3__chip_anchor_in_peak_fraction_positive_conditions_raw	CHIP	H3K4me3	chip_anchor_in_peak_fraction_positive_conditions_raw	biological_signal	peak_support_summary	numeric	0	0	3	FALSE	FALSE	FALSE	FALSE	review_redundancy	Peak-support feature is biologically informative but highly related to other support encodings; requires redundancy review.
434	H3K4me3__chip_anchor_in_peak_fraction_positive_conditions_equal_study_weight	CHIP	H3K4me3	chip_anchor_in_peak_fraction_positive_conditions_equal_study_weight	biological_signal	peak_support_summary	numeric	0	0	3	FALSE	FALSE	FALSE	FALSE	review_redundancy	Peak-support feature is biologically informative but highly related to other support encodings; requires redundancy review.
435	H3K4me3__chip_anchor_in_peak_fraction_studies_with_any_condition	CHIP	H3K4me3	chip_anchor_in_peak_fraction_studies_with_any_condition	biological_signal	peak_support_summary	numeric	0	0	2	FALSE	FALSE	FALSE	FALSE	review_redundancy	Peak-support feature is biologically informative but highly related to other support encodings; requires redundancy review.
436	H3K4me3__chip_anchor_in_peak_fraction_studies_with_all_conditions	CHIP	H3K4me3	chip_anchor_in_peak_fraction_studies_with_all_conditions	biological_signal	peak_support_summary	numeric	0	0	3	FALSE	FALSE	FALSE	FALSE	review_redundancy	Peak-support feature is biologically informative but highly related to other support encodings; requires redundancy review.
437	H3K4me3__chip_anchor_in_peak_any_study	CHIP	H3K4me3	chip_anchor_in_peak_any_study	biological_signal	peak_support_summary	numeric	0	0	2	FALSE	FALSE	FALSE	FALSE	review_redundancy	Peak-support feature is biologically informative but highly related to other support encodings; requires redundancy review.
438	H3K4me3__chip_anchor_in_peak_all_studies_have_any_condition	CHIP	H3K4me3	chip_anchor_in_peak_all_studies_have_any_condition	biological_signal	peak_support_summary	numeric	0	0	2	FALSE	FALSE	FALSE	FALSE	review_redundancy	Peak-support feature is biologically informative but highly related to other support encodings; requires redundancy review.
439	H3K4me3__chip_any_peak_pm1000bp_n_positive_conditions_total	CHIP	H3K4me3	chip_any_peak_pm1000bp_n_positive_conditions_total	biological_signal	peak_support_summary	numeric	0	0	3	FALSE	FALSE	FALSE	FALSE	review_redundancy	Peak-support feature is biologically informative but highly related to other support encodings; requires redundancy review.
440	H3K4me3__chip_any_peak_pm1000bp_fraction_positive_conditions_raw	CHIP	H3K4me3	chip_any_peak_pm1000bp_fraction_positive_conditions_raw	biological_signal	peak_support_summary	numeric	0	0	3	FALSE	FALSE	FALSE	FALSE	review_redundancy	Peak-support feature is biologically informative but highly related to other support encodings; requires redundancy review.
441	H3K4me3__chip_any_peak_pm1000bp_fraction_positive_conditions_equal_study_weight	CHIP	H3K4me3	chip_any_peak_pm1000bp_fraction_positive_conditions_equal_study_weight	biological_signal	peak_support_summary	numeric	0	0	3	FALSE	FALSE	FALSE	FALSE	review_redundancy	Peak-support feature is biologically informative but highly related to other support encodings; requires redundancy review.
442	H3K4me3__chip_any_peak_pm1000bp_fraction_studies_with_any_condition	CHIP	H3K4me3	chip_any_peak_pm1000bp_fraction_studies_with_any_condition	biological_signal	peak_support_summary	numeric	0	0	3	FALSE	FALSE	FALSE	FALSE	review_redundancy	Peak-support feature is biologically informative but highly related to other support encodings; requires redundancy review.
443	H3K4me3__chip_any_peak_pm1000bp_fraction_studies_with_all_conditions	CHIP	H3K4me3	chip_any_peak_pm1000bp_fraction_studies_with_all_conditions	biological_signal	peak_support_summary	numeric	0	0	2	FALSE	FALSE	FALSE	FALSE	review_redundancy	Peak-support feature is biologically informative but highly related to other support encodings; requires redundancy review.
444	H3K4me3__chip_any_peak_pm1000bp_any_study	CHIP	H3K4me3	chip_any_peak_pm1000bp_any_study	biological_signal	peak_support_summary	numeric	0	0	2	FALSE	FALSE	FALSE	FALSE	review_redundancy	Peak-support feature is biologically informative but highly related to other support encodings; requires redundancy review.
445	H3K4me3__chip_any_peak_pm1000bp_all_studies_have_any_condition	CHIP	H3K4me3	chip_any_peak_pm1000bp_all_studies_have_any_condition	biological_signal	peak_support_summary	numeric	0	0	2	FALSE	FALSE	FALSE	FALSE	review_redundancy	Peak-support feature is biologically informative but highly related to other support encodings; requires redundancy review.
446	H3K4me3__chip_any_peak_pm10000bp_n_positive_conditions_total	CHIP	H3K4me3	chip_any_peak_pm10000bp_n_positive_conditions_total	biological_signal	peak_support_summary	numeric	0	0	4	FALSE	FALSE	FALSE	FALSE	review_redundancy	Peak-support feature is biologically informative but highly related to other support encodings; requires redundancy review.
447	H3K4me3__chip_any_peak_pm10000bp_fraction_positive_conditions_raw	CHIP	H3K4me3	chip_any_peak_pm10000bp_fraction_positive_conditions_raw	biological_signal	peak_support_summary	numeric	0	0	4	FALSE	FALSE	FALSE	FALSE	review_redundancy	Peak-support feature is biologically informative but highly related to other support encodings; requires redundancy review.
448	H3K4me3__chip_any_peak_pm10000bp_fraction_positive_conditions_equal_study_weight	CHIP	H3K4me3	chip_any_peak_pm10000bp_fraction_positive_conditions_equal_study_weight	biological_signal	peak_support_summary	numeric	0	0	4	FALSE	FALSE	FALSE	FALSE	review_redundancy	Peak-support feature is biologically informative but highly related to other support encodings; requires redundancy review.
449	H3K4me3__chip_any_peak_pm10000bp_fraction_studies_with_any_condition	CHIP	H3K4me3	chip_any_peak_pm10000bp_fraction_studies_with_any_condition	biological_signal	peak_support_summary	numeric	0	0	3	FALSE	FALSE	FALSE	FALSE	review_redundancy	Peak-support feature is biologically informative but highly related to other support encodings; requires redundancy review.
450	H3K4me3__chip_any_peak_pm10000bp_fraction_studies_with_all_conditions	CHIP	H3K4me3	chip_any_peak_pm10000bp_fraction_studies_with_all_conditions	biological_signal	peak_support_summary	numeric	0	0	3	FALSE	FALSE	FALSE	FALSE	review_redundancy	Peak-support feature is biologically informative but highly related to other support encodings; requires redundancy review.
451	H3K4me3__chip_any_peak_pm10000bp_any_study	CHIP	H3K4me3	chip_any_peak_pm10000bp_any_study	biological_signal	peak_support_summary	numeric	0	0	2	FALSE	FALSE	FALSE	FALSE	review_redundancy	Peak-support feature is biologically informative but highly related to other support encodings; requires redundancy review.
452	H3K4me3__chip_any_peak_pm10000bp_all_studies_have_any_condition	CHIP	H3K4me3	chip_any_peak_pm10000bp_all_studies_have_any_condition	biological_signal	peak_support_summary	numeric	0	0	2	FALSE	FALSE	FALSE	FALSE	review_redundancy	Peak-support feature is biologically informative but highly related to other support encodings; requires redundancy review.
453	H3K4me3__chip_any_peak_pm50000bp_n_positive_conditions_total	CHIP	H3K4me3	chip_any_peak_pm50000bp_n_positive_conditions_total	biological_signal	peak_support_summary	numeric	0	0	5	FALSE	FALSE	FALSE	FALSE	review_redundancy	Peak-support feature is biologically informative but highly related to other support encodings; requires redundancy review.
454	H3K4me3__chip_any_peak_pm50000bp_fraction_positive_conditions_raw	CHIP	H3K4me3	chip_any_peak_pm50000bp_fraction_positive_conditions_raw	biological_signal	peak_support_summary	numeric	0	0	5	FALSE	FALSE	FALSE	FALSE	review_redundancy	Peak-support feature is biologically informative but highly related to other support encodings; requires redundancy review.
455	H3K4me3__chip_any_peak_pm50000bp_fraction_positive_conditions_equal_study_weight	CHIP	H3K4me3	chip_any_peak_pm50000bp_fraction_positive_conditions_equal_study_weight	biological_signal	peak_support_summary	numeric	0	0	5	FALSE	FALSE	FALSE	FALSE	review_redundancy	Peak-support feature is biologically informative but highly related to other support encodings; requires redundancy review.
456	H3K4me3__chip_any_peak_pm50000bp_fraction_studies_with_any_condition	CHIP	H3K4me3	chip_any_peak_pm50000bp_fraction_studies_with_any_condition	biological_signal	peak_support_summary	numeric	0	0	3	FALSE	FALSE	FALSE	FALSE	review_redundancy	Peak-support feature is biologically informative but highly related to other support encodings; requires redundancy review.
457	H3K4me3__chip_any_peak_pm50000bp_fraction_studies_with_all_conditions	CHIP	H3K4me3	chip_any_peak_pm50000bp_fraction_studies_with_all_conditions	biological_signal	peak_support_summary	numeric	0	0	3	FALSE	FALSE	FALSE	FALSE	review_redundancy	Peak-support feature is biologically informative but highly related to other support encodings; requires redundancy review.
458	H3K4me3__chip_any_peak_pm50000bp_any_study	CHIP	H3K4me3	chip_any_peak_pm50000bp_any_study	biological_signal	peak_support_summary	numeric	0	0	2	FALSE	FALSE	FALSE	FALSE	review_redundancy	Peak-support feature is biologically informative but highly related to other support encodings; requires redundancy review.
459	H3K4me3__chip_any_peak_pm50000bp_all_studies_have_any_condition	CHIP	H3K4me3	chip_any_peak_pm50000bp_all_studies_have_any_condition	biological_signal	peak_support_summary	numeric	0	0	2	FALSE	FALSE	FALSE	FALSE	review_redundancy	Peak-support feature is biologically informative but highly related to other support encodings; requires redundancy review.
460	H3K4me3__chip_exact_n_peaks_consensus_median_across_studies	CHIP	H3K4me3	chip_exact_n_peaks_consensus_median_across_studies	biological_signal	peak_continuous_consensus	numeric	0	0	4	FALSE	FALSE	FALSE	FALSE	candidate_redundancy_review	Peak-context consensus is portable to additional loci on the same fixed tracks, subject to redundancy review.
461	H3K4me3__chip_exact_n_peaks_cross_study_range	CHIP	H3K4me3	chip_exact_n_peaks_cross_study_range	sensitivity_analysis	cross_study_variability	numeric	0	0	2	FALSE	FALSE	FALSE	FALSE	sensitivity_only	Between-study variability is retained as robustness/heterogeneity information rather than a baseline biological predictor.
462	H3K4me3__chip_exact_overlap_bp_consensus_median_across_studies	CHIP	H3K4me3	chip_exact_overlap_bp_consensus_median_across_studies	biological_signal	peak_continuous_consensus	numeric	0	0	7	FALSE	FALSE	FALSE	FALSE	candidate_redundancy_review	Peak-context consensus is portable to additional loci on the same fixed tracks, subject to redundancy review.
463	H3K4me3__chip_exact_overlap_bp_cross_study_range	CHIP	H3K4me3	chip_exact_overlap_bp_cross_study_range	sensitivity_analysis	cross_study_variability	numeric	0	0	3	FALSE	FALSE	FALSE	FALSE	sensitivity_only	Between-study variability is retained as robustness/heterogeneity information rather than a baseline biological predictor.
464	H3K4me3__chip_exact_overlap_fraction_of_locus_consensus_median_across_studies	CHIP	H3K4me3	chip_exact_overlap_fraction_of_locus_consensus_median_across_studies	biological_signal	peak_continuous_consensus	numeric	0	0	4	FALSE	FALSE	FALSE	FALSE	candidate_redundancy_review	Peak-context consensus is portable to additional loci on the same fixed tracks, subject to redundancy review.
465	H3K4me3__chip_exact_overlap_fraction_of_locus_cross_study_range	CHIP	H3K4me3	chip_exact_overlap_fraction_of_locus_cross_study_range	sensitivity_analysis	cross_study_variability	numeric	0	0	3	FALSE	FALSE	FALSE	FALSE	sensitivity_only	Between-study variability is retained as robustness/heterogeneity information rather than a baseline biological predictor.
466	H3K4me3__chip_nearest_peak_distance_to_anchor_bp_consensus_median_across_studies	CHIP	H3K4me3	chip_nearest_peak_distance_to_anchor_bp_consensus_median_across_studies	biological_signal	peak_continuous_consensus	numeric	0	0	34	FALSE	FALSE	FALSE	FALSE	candidate_redundancy_review	Peak-context consensus is portable to additional loci on the same fixed tracks, subject to redundancy review.
467	H3K4me3__chip_nearest_peak_distance_to_anchor_bp_cross_study_range	CHIP	H3K4me3	chip_nearest_peak_distance_to_anchor_bp_cross_study_range	sensitivity_analysis	cross_study_variability	numeric	0	0	34	FALSE	FALSE	FALSE	FALSE	sensitivity_only	Between-study variability is retained as robustness/heterogeneity information rather than a baseline biological predictor.
468	H3K4me3__chip_nearest_peak_distance_to_locus_bp_consensus_median_across_studies	CHIP	H3K4me3	chip_nearest_peak_distance_to_locus_bp_consensus_median_across_studies	biological_signal	peak_continuous_consensus	numeric	0	0	34	FALSE	FALSE	FALSE	FALSE	candidate_redundancy_review	Peak-context consensus is portable to additional loci on the same fixed tracks, subject to redundancy review.
469	H3K4me3__chip_nearest_peak_distance_to_locus_bp_cross_study_range	CHIP	H3K4me3	chip_nearest_peak_distance_to_locus_bp_cross_study_range	sensitivity_analysis	cross_study_variability	numeric	0	0	34	FALSE	FALSE	FALSE	FALSE	sensitivity_only	Between-study variability is retained as robustness/heterogeneity information rather than a baseline biological predictor.
470	H3K4me3__chip_n_peaks_pm1000bp_consensus_median_across_studies	CHIP	H3K4me3	chip_n_peaks_pm1000bp_consensus_median_across_studies	biological_signal	peak_continuous_consensus	numeric	0	0	6	FALSE	FALSE	FALSE	FALSE	candidate_redundancy_review	Peak-context consensus is portable to additional loci on the same fixed tracks, subject to redundancy review.
471	H3K4me3__chip_n_peaks_pm1000bp_cross_study_range	CHIP	H3K4me3	chip_n_peaks_pm1000bp_cross_study_range	sensitivity_analysis	cross_study_variability	numeric	0	0	3	FALSE	FALSE	FALSE	FALSE	sensitivity_only	Between-study variability is retained as robustness/heterogeneity information rather than a baseline biological predictor.
472	H3K4me3__chip_enriched_bp_pm1000bp_consensus_median_across_studies	CHIP	H3K4me3	chip_enriched_bp_pm1000bp_consensus_median_across_studies	biological_signal	peak_continuous_consensus	numeric	0	0	7	FALSE	FALSE	FALSE	FALSE	candidate_redundancy_review	Peak-context consensus is portable to additional loci on the same fixed tracks, subject to redundancy review.
473	H3K4me3__chip_enriched_bp_pm1000bp_cross_study_range	CHIP	H3K4me3	chip_enriched_bp_pm1000bp_cross_study_range	sensitivity_analysis	cross_study_variability	numeric	0	0	7	FALSE	FALSE	FALSE	FALSE	sensitivity_only	Between-study variability is retained as robustness/heterogeneity information rather than a baseline biological predictor.
474	H3K4me3__chip_enriched_fraction_pm1000bp_consensus_median_across_studies	CHIP	H3K4me3	chip_enriched_fraction_pm1000bp_consensus_median_across_studies	biological_signal	peak_continuous_consensus	numeric	0	0	7	FALSE	FALSE	FALSE	FALSE	candidate_redundancy_review	Peak-context consensus is portable to additional loci on the same fixed tracks, subject to redundancy review.
475	H3K4me3__chip_enriched_fraction_pm1000bp_cross_study_range	CHIP	H3K4me3	chip_enriched_fraction_pm1000bp_cross_study_range	sensitivity_analysis	cross_study_variability	numeric	0	0	7	FALSE	FALSE	FALSE	FALSE	sensitivity_only	Between-study variability is retained as robustness/heterogeneity information rather than a baseline biological predictor.
476	H3K4me3__chip_n_peaks_pm10000bp_consensus_median_across_studies	CHIP	H3K4me3	chip_n_peaks_pm10000bp_consensus_median_across_studies	biological_signal	peak_continuous_consensus	numeric	0	0	14	FALSE	FALSE	FALSE	FALSE	candidate_redundancy_review	Peak-context consensus is portable to additional loci on the same fixed tracks, subject to redundancy review.
477	H3K4me3__chip_n_peaks_pm10000bp_cross_study_range	CHIP	H3K4me3	chip_n_peaks_pm10000bp_cross_study_range	sensitivity_analysis	cross_study_variability	numeric	0	0	8	FALSE	FALSE	FALSE	FALSE	sensitivity_only	Between-study variability is retained as robustness/heterogeneity information rather than a baseline biological predictor.
478	H3K4me3__chip_enriched_bp_pm10000bp_consensus_median_across_studies	CHIP	H3K4me3	chip_enriched_bp_pm10000bp_consensus_median_across_studies	biological_signal	peak_continuous_consensus	numeric	0	0	17	FALSE	FALSE	FALSE	FALSE	candidate_redundancy_review	Peak-context consensus is portable to additional loci on the same fixed tracks, subject to redundancy review.
479	H3K4me3__chip_enriched_bp_pm10000bp_cross_study_range	CHIP	H3K4me3	chip_enriched_bp_pm10000bp_cross_study_range	sensitivity_analysis	cross_study_variability	numeric	0	0	17	FALSE	FALSE	FALSE	FALSE	sensitivity_only	Between-study variability is retained as robustness/heterogeneity information rather than a baseline biological predictor.
480	H3K4me3__chip_enriched_fraction_pm10000bp_consensus_median_across_studies	CHIP	H3K4me3	chip_enriched_fraction_pm10000bp_consensus_median_across_studies	biological_signal	peak_continuous_consensus	numeric	0	0	17	FALSE	FALSE	FALSE	FALSE	candidate_redundancy_review	Peak-context consensus is portable to additional loci on the same fixed tracks, subject to redundancy review.
481	H3K4me3__chip_enriched_fraction_pm10000bp_cross_study_range	CHIP	H3K4me3	chip_enriched_fraction_pm10000bp_cross_study_range	sensitivity_analysis	cross_study_variability	numeric	0	0	17	FALSE	FALSE	FALSE	FALSE	sensitivity_only	Between-study variability is retained as robustness/heterogeneity information rather than a baseline biological predictor.
482	H3K4me3__chip_n_peaks_pm50000bp_consensus_median_across_studies	CHIP	H3K4me3	chip_n_peaks_pm50000bp_consensus_median_across_studies	biological_signal	peak_continuous_consensus	numeric	0	0	24	FALSE	FALSE	FALSE	FALSE	candidate_redundancy_review	Peak-context consensus is portable to additional loci on the same fixed tracks, subject to redundancy review.
483	H3K4me3__chip_n_peaks_pm50000bp_cross_study_range	CHIP	H3K4me3	chip_n_peaks_pm50000bp_cross_study_range	sensitivity_analysis	cross_study_variability	numeric	0	0	14	FALSE	FALSE	FALSE	FALSE	sensitivity_only	Between-study variability is retained as robustness/heterogeneity information rather than a baseline biological predictor.
484	H3K4me3__chip_enriched_bp_pm50000bp_consensus_median_across_studies	CHIP	H3K4me3	chip_enriched_bp_pm50000bp_consensus_median_across_studies	biological_signal	peak_continuous_consensus	numeric	0	0	29	FALSE	FALSE	FALSE	FALSE	candidate_redundancy_review	Peak-context consensus is portable to additional loci on the same fixed tracks, subject to redundancy review.
485	H3K4me3__chip_enriched_bp_pm50000bp_cross_study_range	CHIP	H3K4me3	chip_enriched_bp_pm50000bp_cross_study_range	sensitivity_analysis	cross_study_variability	numeric	0	0	29	FALSE	FALSE	FALSE	FALSE	sensitivity_only	Between-study variability is retained as robustness/heterogeneity information rather than a baseline biological predictor.
486	H3K4me3__chip_enriched_fraction_pm50000bp_consensus_median_across_studies	CHIP	H3K4me3	chip_enriched_fraction_pm50000bp_consensus_median_across_studies	biological_signal	peak_continuous_consensus	numeric	0	0	29	FALSE	FALSE	FALSE	FALSE	candidate_redundancy_review	Peak-context consensus is portable to additional loci on the same fixed tracks, subject to redundancy review.
487	H3K4me3__chip_enriched_fraction_pm50000bp_cross_study_range	CHIP	H3K4me3	chip_enriched_fraction_pm50000bp_cross_study_range	sensitivity_analysis	cross_study_variability	numeric	0	0	29	FALSE	FALSE	FALSE	FALSE	sensitivity_only	Between-study variability is retained as robustness/heterogeneity information rather than a baseline biological predictor.
488	H3K4me3__chip_spmr_locus_mean_relative_percentile_equal_study_consensus	CHIP	H3K4me3	chip_spmr_locus_mean_relative_percentile_equal_study_consensus	benchmark_relative_feature	benchmark_relative_spmr	numeric	0	0	31	FALSE	FALSE	TRUE	FALSE	exclude_benchmark_relative	Percentile was computed relative to the 37 benchmark loci and is therefore benchmark-composition-dependent.
489	H3K4me3__chip_spmr_locus_mean_relative_percentile_min	CHIP	H3K4me3	chip_spmr_locus_mean_relative_percentile_min	benchmark_relative_feature	benchmark_relative_spmr	numeric	0	0	21	FALSE	FALSE	TRUE	FALSE	exclude_benchmark_relative	Percentile was computed relative to the 37 benchmark loci and is therefore benchmark-composition-dependent.
490	H3K4me3__chip_spmr_locus_mean_relative_percentile_max	CHIP	H3K4me3	chip_spmr_locus_mean_relative_percentile_max	benchmark_relative_feature	benchmark_relative_spmr	numeric	0	0	23	FALSE	FALSE	TRUE	FALSE	exclude_benchmark_relative	Percentile was computed relative to the 37 benchmark loci and is therefore benchmark-composition-dependent.
491	H3K4me3__chip_spmr_locus_mean_relative_percentile_cross_study_abs_diff	CHIP	H3K4me3	chip_spmr_locus_mean_relative_percentile_cross_study_abs_diff	benchmark_relative_feature	benchmark_relative_spmr	numeric	0	0	24	FALSE	FALSE	TRUE	FALSE	exclude_benchmark_relative	Percentile was computed relative to the 37 benchmark loci and is therefore benchmark-composition-dependent.
492	H3K4me3__chip_spmr_pm1000bp_mean_relative_percentile_equal_study_consensus	CHIP	H3K4me3	chip_spmr_pm1000bp_mean_relative_percentile_equal_study_consensus	benchmark_relative_feature	benchmark_relative_spmr	numeric	0	0	31	FALSE	FALSE	TRUE	FALSE	exclude_benchmark_relative	Percentile was computed relative to the 37 benchmark loci and is therefore benchmark-composition-dependent.
493	H3K4me3__chip_spmr_pm1000bp_mean_relative_percentile_min	CHIP	H3K4me3	chip_spmr_pm1000bp_mean_relative_percentile_min	benchmark_relative_feature	benchmark_relative_spmr	numeric	0	0	25	FALSE	FALSE	TRUE	FALSE	exclude_benchmark_relative	Percentile was computed relative to the 37 benchmark loci and is therefore benchmark-composition-dependent.
494	H3K4me3__chip_spmr_pm1000bp_mean_relative_percentile_max	CHIP	H3K4me3	chip_spmr_pm1000bp_mean_relative_percentile_max	benchmark_relative_feature	benchmark_relative_spmr	numeric	0	0	25	FALSE	FALSE	TRUE	FALSE	exclude_benchmark_relative	Percentile was computed relative to the 37 benchmark loci and is therefore benchmark-composition-dependent.
495	H3K4me3__chip_spmr_pm1000bp_mean_relative_percentile_cross_study_abs_diff	CHIP	H3K4me3	chip_spmr_pm1000bp_mean_relative_percentile_cross_study_abs_diff	benchmark_relative_feature	benchmark_relative_spmr	numeric	0	0	18	FALSE	FALSE	TRUE	FALSE	exclude_benchmark_relative	Percentile was computed relative to the 37 benchmark loci and is therefore benchmark-composition-dependent.
496	H3K4me3__chip_spmr_pm10000bp_mean_relative_percentile_equal_study_consensus	CHIP	H3K4me3	chip_spmr_pm10000bp_mean_relative_percentile_equal_study_consensus	benchmark_relative_feature	benchmark_relative_spmr	numeric	0	0	29	FALSE	FALSE	TRUE	FALSE	exclude_benchmark_relative	Percentile was computed relative to the 37 benchmark loci and is therefore benchmark-composition-dependent.
497	H3K4me3__chip_spmr_pm10000bp_mean_relative_percentile_min	CHIP	H3K4me3	chip_spmr_pm10000bp_mean_relative_percentile_min	benchmark_relative_feature	benchmark_relative_spmr	numeric	0	0	27	FALSE	FALSE	TRUE	FALSE	exclude_benchmark_relative	Percentile was computed relative to the 37 benchmark loci and is therefore benchmark-composition-dependent.
498	H3K4me3__chip_spmr_pm10000bp_mean_relative_percentile_max	CHIP	H3K4me3	chip_spmr_pm10000bp_mean_relative_percentile_max	benchmark_relative_feature	benchmark_relative_spmr	numeric	0	0	27	FALSE	FALSE	TRUE	FALSE	exclude_benchmark_relative	Percentile was computed relative to the 37 benchmark loci and is therefore benchmark-composition-dependent.
499	H3K4me3__chip_spmr_pm10000bp_mean_relative_percentile_cross_study_abs_diff	CHIP	H3K4me3	chip_spmr_pm10000bp_mean_relative_percentile_cross_study_abs_diff	benchmark_relative_feature	benchmark_relative_spmr	numeric	0	0	14	FALSE	FALSE	TRUE	FALSE	exclude_benchmark_relative	Percentile was computed relative to the 37 benchmark loci and is therefore benchmark-composition-dependent.
500	H3K4me3__chip_spmr_pm50000bp_mean_relative_percentile_equal_study_consensus	CHIP	H3K4me3	chip_spmr_pm50000bp_mean_relative_percentile_equal_study_consensus	benchmark_relative_feature	benchmark_relative_spmr	numeric	0	0	27	FALSE	FALSE	TRUE	FALSE	exclude_benchmark_relative	Percentile was computed relative to the 37 benchmark loci and is therefore benchmark-composition-dependent.
501	H3K4me3__chip_spmr_pm50000bp_mean_relative_percentile_min	CHIP	H3K4me3	chip_spmr_pm50000bp_mean_relative_percentile_min	benchmark_relative_feature	benchmark_relative_spmr	numeric	0	0	26	FALSE	FALSE	TRUE	FALSE	exclude_benchmark_relative	Percentile was computed relative to the 37 benchmark loci and is therefore benchmark-composition-dependent.
502	H3K4me3__chip_spmr_pm50000bp_mean_relative_percentile_max	CHIP	H3K4me3	chip_spmr_pm50000bp_mean_relative_percentile_max	benchmark_relative_feature	benchmark_relative_spmr	numeric	0	0	26	FALSE	FALSE	TRUE	FALSE	exclude_benchmark_relative	Percentile was computed relative to the 37 benchmark loci and is therefore benchmark-composition-dependent.
503	H3K4me3__chip_spmr_pm50000bp_mean_relative_percentile_cross_study_abs_diff	CHIP	H3K4me3	chip_spmr_pm50000bp_mean_relative_percentile_cross_study_abs_diff	benchmark_relative_feature	benchmark_relative_spmr	numeric	0	0	12	FALSE	FALSE	TRUE	FALSE	exclude_benchmark_relative	Percentile was computed relative to the 37 benchmark loci and is therefore benchmark-composition-dependent.
504	H3K9me3__peak_mode	CHIP	H3K9me3	peak_mode	provenance_metadata	provenance_metadata	textual	0	0	1	TRUE	FALSE	FALSE	FALSE	exclude_metadata	Mark/study/analysis provenance retained for traceability; not a locus-specific predictor.
505	H3K9me3__n_studies	CHIP	H3K9me3	n_studies	provenance_metadata	provenance_metadata	numeric	0	0	1	TRUE	FALSE	FALSE	FALSE	exclude_metadata	Mark/study/analysis provenance retained for traceability; not a locus-specific predictor.
506	H3K9me3__studies	CHIP	H3K9me3	studies	provenance_metadata	provenance_metadata	textual	0	0	1	TRUE	FALSE	FALSE	FALSE	exclude_metadata	Mark/study/analysis provenance retained for traceability; not a locus-specific predictor.
507	H3K9me3__n_conditions_total	CHIP	H3K9me3	n_conditions_total	provenance_metadata	provenance_metadata	numeric	0	0	1	TRUE	FALSE	FALSE	FALSE	exclude_metadata	Mark/study/analysis provenance retained for traceability; not a locus-specific predictor.
508	H3K9me3__source_condition_keys	CHIP	H3K9me3	source_condition_keys	provenance_metadata	provenance_metadata	textual	0	0	1	TRUE	FALSE	FALSE	FALSE	exclude_metadata	Mark/study/analysis provenance retained for traceability; not a locus-specific predictor.
509	H3K9me3__source_analysis_ids	CHIP	H3K9me3	source_analysis_ids	provenance_metadata	provenance_metadata	textual	0	0	1	TRUE	FALSE	FALSE	FALSE	exclude_metadata	Mark/study/analysis provenance retained for traceability; not a locus-specific predictor.
510	H3K9me3__chip_exact_overlap_n_positive_conditions_total	CHIP	H3K9me3	chip_exact_overlap_n_positive_conditions_total	biological_signal	peak_support_summary	numeric	0	0	5	FALSE	FALSE	FALSE	FALSE	review_redundancy	Peak-support feature is biologically informative but highly related to other support encodings; requires redundancy review.
511	H3K9me3__chip_exact_overlap_fraction_positive_conditions_raw	CHIP	H3K9me3	chip_exact_overlap_fraction_positive_conditions_raw	biological_signal	peak_support_summary	numeric	0	0	5	FALSE	FALSE	FALSE	FALSE	review_redundancy	Peak-support feature is biologically informative but highly related to other support encodings; requires redundancy review.
512	H3K9me3__chip_exact_overlap_fraction_positive_conditions_equal_study_weight	CHIP	H3K9me3	chip_exact_overlap_fraction_positive_conditions_equal_study_weight	biological_signal	peak_support_summary	numeric	0	0	5	FALSE	FALSE	FALSE	FALSE	review_redundancy	Peak-support feature is biologically informative but highly related to other support encodings; requires redundancy review.
513	H3K9me3__chip_exact_overlap_fraction_studies_with_any_condition	CHIP	H3K9me3	chip_exact_overlap_fraction_studies_with_any_condition	biological_signal	peak_support_summary	numeric	0	0	3	FALSE	FALSE	FALSE	FALSE	review_redundancy	Peak-support feature is biologically informative but highly related to other support encodings; requires redundancy review.
514	H3K9me3__chip_exact_overlap_fraction_studies_with_all_conditions	CHIP	H3K9me3	chip_exact_overlap_fraction_studies_with_all_conditions	biological_signal	peak_support_summary	numeric	0	0	3	FALSE	FALSE	FALSE	FALSE	review_redundancy	Peak-support feature is biologically informative but highly related to other support encodings; requires redundancy review.
515	H3K9me3__chip_exact_overlap_any_study	CHIP	H3K9me3	chip_exact_overlap_any_study	biological_signal	peak_support_summary	numeric	0	0	2	FALSE	FALSE	FALSE	FALSE	review_redundancy	Peak-support feature is biologically informative but highly related to other support encodings; requires redundancy review.
516	H3K9me3__chip_exact_overlap_all_studies_have_any_condition	CHIP	H3K9me3	chip_exact_overlap_all_studies_have_any_condition	biological_signal	peak_support_summary	numeric	0	0	2	FALSE	FALSE	FALSE	FALSE	review_redundancy	Peak-support feature is biologically informative but highly related to other support encodings; requires redundancy review.
517	H3K9me3__chip_anchor_in_peak_n_positive_conditions_total	CHIP	H3K9me3	chip_anchor_in_peak_n_positive_conditions_total	biological_signal	peak_support_summary	numeric	0	0	4	FALSE	FALSE	FALSE	FALSE	review_redundancy	Peak-support feature is biologically informative but highly related to other support encodings; requires redundancy review.
518	H3K9me3__chip_anchor_in_peak_fraction_positive_conditions_raw	CHIP	H3K9me3	chip_anchor_in_peak_fraction_positive_conditions_raw	biological_signal	peak_support_summary	numeric	0	0	4	FALSE	FALSE	FALSE	FALSE	review_redundancy	Peak-support feature is biologically informative but highly related to other support encodings; requires redundancy review.
519	H3K9me3__chip_anchor_in_peak_fraction_positive_conditions_equal_study_weight	CHIP	H3K9me3	chip_anchor_in_peak_fraction_positive_conditions_equal_study_weight	biological_signal	peak_support_summary	numeric	0	0	4	FALSE	FALSE	FALSE	FALSE	review_redundancy	Peak-support feature is biologically informative but highly related to other support encodings; requires redundancy review.
520	H3K9me3__chip_anchor_in_peak_fraction_studies_with_any_condition	CHIP	H3K9me3	chip_anchor_in_peak_fraction_studies_with_any_condition	biological_signal	peak_support_summary	numeric	0	0	3	FALSE	FALSE	FALSE	FALSE	review_redundancy	Peak-support feature is biologically informative but highly related to other support encodings; requires redundancy review.
521	H3K9me3__chip_anchor_in_peak_fraction_studies_with_all_conditions	CHIP	H3K9me3	chip_anchor_in_peak_fraction_studies_with_all_conditions	biological_signal	peak_support_summary	numeric	0	0	2	FALSE	FALSE	FALSE	FALSE	review_redundancy	Peak-support feature is biologically informative but highly related to other support encodings; requires redundancy review.
522	H3K9me3__chip_anchor_in_peak_any_study	CHIP	H3K9me3	chip_anchor_in_peak_any_study	biological_signal	peak_support_summary	numeric	0	0	2	FALSE	FALSE	FALSE	FALSE	review_redundancy	Peak-support feature is biologically informative but highly related to other support encodings; requires redundancy review.
523	H3K9me3__chip_anchor_in_peak_all_studies_have_any_condition	CHIP	H3K9me3	chip_anchor_in_peak_all_studies_have_any_condition	biological_signal	peak_support_summary	numeric	0	0	2	FALSE	FALSE	FALSE	FALSE	review_redundancy	Peak-support feature is biologically informative but highly related to other support encodings; requires redundancy review.
524	H3K9me3__chip_any_peak_pm1000bp_n_positive_conditions_total	CHIP	H3K9me3	chip_any_peak_pm1000bp_n_positive_conditions_total	biological_signal	peak_support_summary	numeric	0	0	5	FALSE	FALSE	FALSE	FALSE	review_redundancy	Peak-support feature is biologically informative but highly related to other support encodings; requires redundancy review.
525	H3K9me3__chip_any_peak_pm1000bp_fraction_positive_conditions_raw	CHIP	H3K9me3	chip_any_peak_pm1000bp_fraction_positive_conditions_raw	biological_signal	peak_support_summary	numeric	0	0	5	FALSE	FALSE	FALSE	FALSE	review_redundancy	Peak-support feature is biologically informative but highly related to other support encodings; requires redundancy review.
526	H3K9me3__chip_any_peak_pm1000bp_fraction_positive_conditions_equal_study_weight	CHIP	H3K9me3	chip_any_peak_pm1000bp_fraction_positive_conditions_equal_study_weight	biological_signal	peak_support_summary	numeric	0	0	5	FALSE	FALSE	FALSE	FALSE	review_redundancy	Peak-support feature is biologically informative but highly related to other support encodings; requires redundancy review.
527	H3K9me3__chip_any_peak_pm1000bp_fraction_studies_with_any_condition	CHIP	H3K9me3	chip_any_peak_pm1000bp_fraction_studies_with_any_condition	biological_signal	peak_support_summary	numeric	0	0	3	FALSE	FALSE	FALSE	FALSE	review_redundancy	Peak-support feature is biologically informative but highly related to other support encodings; requires redundancy review.
528	H3K9me3__chip_any_peak_pm1000bp_fraction_studies_with_all_conditions	CHIP	H3K9me3	chip_any_peak_pm1000bp_fraction_studies_with_all_conditions	biological_signal	peak_support_summary	numeric	0	0	3	FALSE	FALSE	FALSE	FALSE	review_redundancy	Peak-support feature is biologically informative but highly related to other support encodings; requires redundancy review.
529	H3K9me3__chip_any_peak_pm1000bp_any_study	CHIP	H3K9me3	chip_any_peak_pm1000bp_any_study	biological_signal	peak_support_summary	numeric	0	0	2	FALSE	FALSE	FALSE	FALSE	review_redundancy	Peak-support feature is biologically informative but highly related to other support encodings; requires redundancy review.
530	H3K9me3__chip_any_peak_pm1000bp_all_studies_have_any_condition	CHIP	H3K9me3	chip_any_peak_pm1000bp_all_studies_have_any_condition	biological_signal	peak_support_summary	numeric	0	0	2	FALSE	FALSE	FALSE	FALSE	review_redundancy	Peak-support feature is biologically informative but highly related to other support encodings; requires redundancy review.
531	H3K9me3__chip_any_peak_pm10000bp_n_positive_conditions_total	CHIP	H3K9me3	chip_any_peak_pm10000bp_n_positive_conditions_total	biological_signal	peak_support_summary	numeric	0	0	5	FALSE	FALSE	FALSE	FALSE	review_redundancy	Peak-support feature is biologically informative but highly related to other support encodings; requires redundancy review.
532	H3K9me3__chip_any_peak_pm10000bp_fraction_positive_conditions_raw	CHIP	H3K9me3	chip_any_peak_pm10000bp_fraction_positive_conditions_raw	biological_signal	peak_support_summary	numeric	0	0	5	FALSE	FALSE	FALSE	FALSE	review_redundancy	Peak-support feature is biologically informative but highly related to other support encodings; requires redundancy review.
533	H3K9me3__chip_any_peak_pm10000bp_fraction_positive_conditions_equal_study_weight	CHIP	H3K9me3	chip_any_peak_pm10000bp_fraction_positive_conditions_equal_study_weight	biological_signal	peak_support_summary	numeric	0	0	5	FALSE	FALSE	FALSE	FALSE	review_redundancy	Peak-support feature is biologically informative but highly related to other support encodings; requires redundancy review.
534	H3K9me3__chip_any_peak_pm10000bp_fraction_studies_with_any_condition	CHIP	H3K9me3	chip_any_peak_pm10000bp_fraction_studies_with_any_condition	biological_signal	peak_support_summary	numeric	0	0	3	FALSE	FALSE	FALSE	FALSE	review_redundancy	Peak-support feature is biologically informative but highly related to other support encodings; requires redundancy review.
535	H3K9me3__chip_any_peak_pm10000bp_fraction_studies_with_all_conditions	CHIP	H3K9me3	chip_any_peak_pm10000bp_fraction_studies_with_all_conditions	biological_signal	peak_support_summary	numeric	0	0	3	FALSE	FALSE	FALSE	FALSE	review_redundancy	Peak-support feature is biologically informative but highly related to other support encodings; requires redundancy review.
536	H3K9me3__chip_any_peak_pm10000bp_any_study	CHIP	H3K9me3	chip_any_peak_pm10000bp_any_study	biological_signal	peak_support_summary	numeric	0	0	2	FALSE	FALSE	FALSE	FALSE	review_redundancy	Peak-support feature is biologically informative but highly related to other support encodings; requires redundancy review.
537	H3K9me3__chip_any_peak_pm10000bp_all_studies_have_any_condition	CHIP	H3K9me3	chip_any_peak_pm10000bp_all_studies_have_any_condition	biological_signal	peak_support_summary	numeric	0	0	2	FALSE	FALSE	FALSE	FALSE	review_redundancy	Peak-support feature is biologically informative but highly related to other support encodings; requires redundancy review.
538	H3K9me3__chip_any_peak_pm50000bp_n_positive_conditions_total	CHIP	H3K9me3	chip_any_peak_pm50000bp_n_positive_conditions_total	biological_signal	peak_support_summary	numeric	0	0	5	FALSE	FALSE	FALSE	FALSE	review_redundancy	Peak-support feature is biologically informative but highly related to other support encodings; requires redundancy review.
539	H3K9me3__chip_any_peak_pm50000bp_fraction_positive_conditions_raw	CHIP	H3K9me3	chip_any_peak_pm50000bp_fraction_positive_conditions_raw	biological_signal	peak_support_summary	numeric	0	0	5	FALSE	FALSE	FALSE	FALSE	review_redundancy	Peak-support feature is biologically informative but highly related to other support encodings; requires redundancy review.
540	H3K9me3__chip_any_peak_pm50000bp_fraction_positive_conditions_equal_study_weight	CHIP	H3K9me3	chip_any_peak_pm50000bp_fraction_positive_conditions_equal_study_weight	biological_signal	peak_support_summary	numeric	0	0	5	FALSE	FALSE	FALSE	FALSE	review_redundancy	Peak-support feature is biologically informative but highly related to other support encodings; requires redundancy review.
541	H3K9me3__chip_any_peak_pm50000bp_fraction_studies_with_any_condition	CHIP	H3K9me3	chip_any_peak_pm50000bp_fraction_studies_with_any_condition	biological_signal	peak_support_summary	numeric	0	0	3	FALSE	FALSE	FALSE	FALSE	review_redundancy	Peak-support feature is biologically informative but highly related to other support encodings; requires redundancy review.
542	H3K9me3__chip_any_peak_pm50000bp_fraction_studies_with_all_conditions	CHIP	H3K9me3	chip_any_peak_pm50000bp_fraction_studies_with_all_conditions	biological_signal	peak_support_summary	numeric	0	0	3	FALSE	FALSE	FALSE	FALSE	review_redundancy	Peak-support feature is biologically informative but highly related to other support encodings; requires redundancy review.
543	H3K9me3__chip_any_peak_pm50000bp_any_study	CHIP	H3K9me3	chip_any_peak_pm50000bp_any_study	biological_signal	peak_support_summary	numeric	0	0	2	FALSE	FALSE	FALSE	FALSE	review_redundancy	Peak-support feature is biologically informative but highly related to other support encodings; requires redundancy review.
544	H3K9me3__chip_any_peak_pm50000bp_all_studies_have_any_condition	CHIP	H3K9me3	chip_any_peak_pm50000bp_all_studies_have_any_condition	biological_signal	peak_support_summary	numeric	0	0	2	FALSE	FALSE	FALSE	FALSE	review_redundancy	Peak-support feature is biologically informative but highly related to other support encodings; requires redundancy review.
545	H3K9me3__chip_exact_n_peaks_consensus_median_across_studies	CHIP	H3K9me3	chip_exact_n_peaks_consensus_median_across_studies	biological_signal	peak_continuous_consensus	numeric	0	0	5	FALSE	FALSE	FALSE	FALSE	candidate_redundancy_review	Peak-context consensus is portable to additional loci on the same fixed tracks, subject to redundancy review.
546	H3K9me3__chip_exact_n_peaks_cross_study_range	CHIP	H3K9me3	chip_exact_n_peaks_cross_study_range	sensitivity_analysis	cross_study_variability	numeric	0	0	3	FALSE	FALSE	FALSE	FALSE	sensitivity_only	Between-study variability is retained as robustness/heterogeneity information rather than a baseline biological predictor.
547	H3K9me3__chip_exact_overlap_bp_consensus_median_across_studies	CHIP	H3K9me3	chip_exact_overlap_bp_consensus_median_across_studies	biological_signal	peak_continuous_consensus	numeric	0	0	5	FALSE	FALSE	FALSE	FALSE	candidate_redundancy_review	Peak-context consensus is portable to additional loci on the same fixed tracks, subject to redundancy review.
548	H3K9me3__chip_exact_overlap_bp_cross_study_range	CHIP	H3K9me3	chip_exact_overlap_bp_cross_study_range	sensitivity_analysis	cross_study_variability	numeric	0	0	5	FALSE	FALSE	FALSE	FALSE	sensitivity_only	Between-study variability is retained as robustness/heterogeneity information rather than a baseline biological predictor.
549	H3K9me3__chip_exact_overlap_fraction_of_locus_consensus_median_across_studies	CHIP	H3K9me3	chip_exact_overlap_fraction_of_locus_consensus_median_across_studies	biological_signal	peak_continuous_consensus	numeric	0	0	5	FALSE	FALSE	FALSE	FALSE	candidate_redundancy_review	Peak-context consensus is portable to additional loci on the same fixed tracks, subject to redundancy review.
550	H3K9me3__chip_exact_overlap_fraction_of_locus_cross_study_range	CHIP	H3K9me3	chip_exact_overlap_fraction_of_locus_cross_study_range	sensitivity_analysis	cross_study_variability	numeric	0	0	5	FALSE	FALSE	FALSE	FALSE	sensitivity_only	Between-study variability is retained as robustness/heterogeneity information rather than a baseline biological predictor.
551	H3K9me3__chip_nearest_peak_distance_to_anchor_bp_consensus_median_across_studies	CHIP	H3K9me3	chip_nearest_peak_distance_to_anchor_bp_consensus_median_across_studies	biological_signal	peak_continuous_consensus	numeric	0	0	37	FALSE	FALSE	FALSE	FALSE	candidate_redundancy_review	Peak-context consensus is portable to additional loci on the same fixed tracks, subject to redundancy review.
552	H3K9me3__chip_nearest_peak_distance_to_anchor_bp_cross_study_range	CHIP	H3K9me3	chip_nearest_peak_distance_to_anchor_bp_cross_study_range	sensitivity_analysis	cross_study_variability	numeric	0	0	37	FALSE	FALSE	FALSE	FALSE	sensitivity_only	Between-study variability is retained as robustness/heterogeneity information rather than a baseline biological predictor.
553	H3K9me3__chip_nearest_peak_distance_to_locus_bp_consensus_median_across_studies	CHIP	H3K9me3	chip_nearest_peak_distance_to_locus_bp_consensus_median_across_studies	biological_signal	peak_continuous_consensus	numeric	0	0	37	FALSE	FALSE	FALSE	FALSE	candidate_redundancy_review	Peak-context consensus is portable to additional loci on the same fixed tracks, subject to redundancy review.
554	H3K9me3__chip_nearest_peak_distance_to_locus_bp_cross_study_range	CHIP	H3K9me3	chip_nearest_peak_distance_to_locus_bp_cross_study_range	sensitivity_analysis	cross_study_variability	numeric	0	0	37	FALSE	FALSE	FALSE	FALSE	sensitivity_only	Between-study variability is retained as robustness/heterogeneity information rather than a baseline biological predictor.
555	H3K9me3__chip_n_peaks_pm1000bp_consensus_median_across_studies	CHIP	H3K9me3	chip_n_peaks_pm1000bp_consensus_median_across_studies	biological_signal	peak_continuous_consensus	numeric	0	0	6	FALSE	FALSE	FALSE	FALSE	candidate_redundancy_review	Peak-context consensus is portable to additional loci on the same fixed tracks, subject to redundancy review.
556	H3K9me3__chip_n_peaks_pm1000bp_cross_study_range	CHIP	H3K9me3	chip_n_peaks_pm1000bp_cross_study_range	sensitivity_analysis	cross_study_variability	numeric	0	0	5	FALSE	FALSE	FALSE	FALSE	sensitivity_only	Between-study variability is retained as robustness/heterogeneity information rather than a baseline biological predictor.
557	H3K9me3__chip_enriched_bp_pm1000bp_consensus_median_across_studies	CHIP	H3K9me3	chip_enriched_bp_pm1000bp_consensus_median_across_studies	biological_signal	peak_continuous_consensus	numeric	0	0	6	FALSE	FALSE	FALSE	FALSE	candidate_redundancy_review	Peak-context consensus is portable to additional loci on the same fixed tracks, subject to redundancy review.
558	H3K9me3__chip_enriched_bp_pm1000bp_cross_study_range	CHIP	H3K9me3	chip_enriched_bp_pm1000bp_cross_study_range	sensitivity_analysis	cross_study_variability	numeric	0	0	6	FALSE	FALSE	FALSE	FALSE	sensitivity_only	Between-study variability is retained as robustness/heterogeneity information rather than a baseline biological predictor.
559	H3K9me3__chip_enriched_fraction_pm1000bp_consensus_median_across_studies	CHIP	H3K9me3	chip_enriched_fraction_pm1000bp_consensus_median_across_studies	biological_signal	peak_continuous_consensus	numeric	0	0	6	FALSE	FALSE	FALSE	FALSE	candidate_redundancy_review	Peak-context consensus is portable to additional loci on the same fixed tracks, subject to redundancy review.
560	H3K9me3__chip_enriched_fraction_pm1000bp_cross_study_range	CHIP	H3K9me3	chip_enriched_fraction_pm1000bp_cross_study_range	sensitivity_analysis	cross_study_variability	numeric	0	0	6	FALSE	FALSE	FALSE	FALSE	sensitivity_only	Between-study variability is retained as robustness/heterogeneity information rather than a baseline biological predictor.
561	H3K9me3__chip_n_peaks_pm10000bp_consensus_median_across_studies	CHIP	H3K9me3	chip_n_peaks_pm10000bp_consensus_median_across_studies	biological_signal	peak_continuous_consensus	numeric	0	0	11	FALSE	FALSE	FALSE	FALSE	candidate_redundancy_review	Peak-context consensus is portable to additional loci on the same fixed tracks, subject to redundancy review.
562	H3K9me3__chip_n_peaks_pm10000bp_cross_study_range	CHIP	H3K9me3	chip_n_peaks_pm10000bp_cross_study_range	sensitivity_analysis	cross_study_variability	numeric	0	0	8	FALSE	FALSE	FALSE	FALSE	sensitivity_only	Between-study variability is retained as robustness/heterogeneity information rather than a baseline biological predictor.
563	H3K9me3__chip_enriched_bp_pm10000bp_consensus_median_across_studies	CHIP	H3K9me3	chip_enriched_bp_pm10000bp_consensus_median_across_studies	biological_signal	peak_continuous_consensus	numeric	0	0	14	FALSE	FALSE	FALSE	FALSE	candidate_redundancy_review	Peak-context consensus is portable to additional loci on the same fixed tracks, subject to redundancy review.
564	H3K9me3__chip_enriched_bp_pm10000bp_cross_study_range	CHIP	H3K9me3	chip_enriched_bp_pm10000bp_cross_study_range	sensitivity_analysis	cross_study_variability	numeric	0	0	14	FALSE	FALSE	FALSE	FALSE	sensitivity_only	Between-study variability is retained as robustness/heterogeneity information rather than a baseline biological predictor.
565	H3K9me3__chip_enriched_fraction_pm10000bp_consensus_median_across_studies	CHIP	H3K9me3	chip_enriched_fraction_pm10000bp_consensus_median_across_studies	biological_signal	peak_continuous_consensus	numeric	0	0	14	FALSE	FALSE	FALSE	FALSE	candidate_redundancy_review	Peak-context consensus is portable to additional loci on the same fixed tracks, subject to redundancy review.
566	H3K9me3__chip_enriched_fraction_pm10000bp_cross_study_range	CHIP	H3K9me3	chip_enriched_fraction_pm10000bp_cross_study_range	sensitivity_analysis	cross_study_variability	numeric	0	0	14	FALSE	FALSE	FALSE	FALSE	sensitivity_only	Between-study variability is retained as robustness/heterogeneity information rather than a baseline biological predictor.
567	H3K9me3__chip_n_peaks_pm50000bp_consensus_median_across_studies	CHIP	H3K9me3	chip_n_peaks_pm50000bp_consensus_median_across_studies	biological_signal	peak_continuous_consensus	numeric	0	0	16	FALSE	FALSE	FALSE	FALSE	candidate_redundancy_review	Peak-context consensus is portable to additional loci on the same fixed tracks, subject to redundancy review.
568	H3K9me3__chip_n_peaks_pm50000bp_cross_study_range	CHIP	H3K9me3	chip_n_peaks_pm50000bp_cross_study_range	sensitivity_analysis	cross_study_variability	numeric	0	0	13	FALSE	FALSE	FALSE	FALSE	sensitivity_only	Between-study variability is retained as robustness/heterogeneity information rather than a baseline biological predictor.
569	H3K9me3__chip_enriched_bp_pm50000bp_consensus_median_across_studies	CHIP	H3K9me3	chip_enriched_bp_pm50000bp_consensus_median_across_studies	biological_signal	peak_continuous_consensus	numeric	0	0	28	FALSE	FALSE	FALSE	FALSE	candidate_redundancy_review	Peak-context consensus is portable to additional loci on the same fixed tracks, subject to redundancy review.
570	H3K9me3__chip_enriched_bp_pm50000bp_cross_study_range	CHIP	H3K9me3	chip_enriched_bp_pm50000bp_cross_study_range	sensitivity_analysis	cross_study_variability	numeric	0	0	28	FALSE	FALSE	FALSE	FALSE	sensitivity_only	Between-study variability is retained as robustness/heterogeneity information rather than a baseline biological predictor.
571	H3K9me3__chip_enriched_fraction_pm50000bp_consensus_median_across_studies	CHIP	H3K9me3	chip_enriched_fraction_pm50000bp_consensus_median_across_studies	biological_signal	peak_continuous_consensus	numeric	0	0	28	FALSE	FALSE	FALSE	FALSE	candidate_redundancy_review	Peak-context consensus is portable to additional loci on the same fixed tracks, subject to redundancy review.
572	H3K9me3__chip_enriched_fraction_pm50000bp_cross_study_range	CHIP	H3K9me3	chip_enriched_fraction_pm50000bp_cross_study_range	sensitivity_analysis	cross_study_variability	numeric	0	0	28	FALSE	FALSE	FALSE	FALSE	sensitivity_only	Between-study variability is retained as robustness/heterogeneity information rather than a baseline biological predictor.
573	H3K9me3__chip_spmr_locus_mean_relative_percentile_equal_study_consensus	CHIP	H3K9me3	chip_spmr_locus_mean_relative_percentile_equal_study_consensus	benchmark_relative_feature	benchmark_relative_spmr	numeric	0	0	27	FALSE	FALSE	TRUE	FALSE	exclude_benchmark_relative	Percentile was computed relative to the 37 benchmark loci and is therefore benchmark-composition-dependent.
574	H3K9me3__chip_spmr_locus_mean_relative_percentile_min	CHIP	H3K9me3	chip_spmr_locus_mean_relative_percentile_min	benchmark_relative_feature	benchmark_relative_spmr	numeric	0	0	17	FALSE	FALSE	TRUE	FALSE	exclude_benchmark_relative	Percentile was computed relative to the 37 benchmark loci and is therefore benchmark-composition-dependent.
575	H3K9me3__chip_spmr_locus_mean_relative_percentile_max	CHIP	H3K9me3	chip_spmr_locus_mean_relative_percentile_max	benchmark_relative_feature	benchmark_relative_spmr	numeric	0	0	21	FALSE	FALSE	TRUE	FALSE	exclude_benchmark_relative	Percentile was computed relative to the 37 benchmark loci and is therefore benchmark-composition-dependent.
576	H3K9me3__chip_spmr_locus_mean_relative_percentile_cross_study_abs_diff	CHIP	H3K9me3	chip_spmr_locus_mean_relative_percentile_cross_study_abs_diff	benchmark_relative_feature	benchmark_relative_spmr	numeric	0	0	22	FALSE	FALSE	TRUE	FALSE	exclude_benchmark_relative	Percentile was computed relative to the 37 benchmark loci and is therefore benchmark-composition-dependent.
577	H3K9me3__chip_spmr_pm1000bp_mean_relative_percentile_equal_study_consensus	CHIP	H3K9me3	chip_spmr_pm1000bp_mean_relative_percentile_equal_study_consensus	benchmark_relative_feature	benchmark_relative_spmr	numeric	0	0	31	FALSE	FALSE	TRUE	FALSE	exclude_benchmark_relative	Percentile was computed relative to the 37 benchmark loci and is therefore benchmark-composition-dependent.
578	H3K9me3__chip_spmr_pm1000bp_mean_relative_percentile_min	CHIP	H3K9me3	chip_spmr_pm1000bp_mean_relative_percentile_min	benchmark_relative_feature	benchmark_relative_spmr	numeric	0	0	28	FALSE	FALSE	TRUE	FALSE	exclude_benchmark_relative	Percentile was computed relative to the 37 benchmark loci and is therefore benchmark-composition-dependent.
579	H3K9me3__chip_spmr_pm1000bp_mean_relative_percentile_max	CHIP	H3K9me3	chip_spmr_pm1000bp_mean_relative_percentile_max	benchmark_relative_feature	benchmark_relative_spmr	numeric	0	0	28	FALSE	FALSE	TRUE	FALSE	exclude_benchmark_relative	Percentile was computed relative to the 37 benchmark loci and is therefore benchmark-composition-dependent.
580	H3K9me3__chip_spmr_pm1000bp_mean_relative_percentile_cross_study_abs_diff	CHIP	H3K9me3	chip_spmr_pm1000bp_mean_relative_percentile_cross_study_abs_diff	benchmark_relative_feature	benchmark_relative_spmr	numeric	0	0	16	FALSE	FALSE	TRUE	FALSE	exclude_benchmark_relative	Percentile was computed relative to the 37 benchmark loci and is therefore benchmark-composition-dependent.
581	H3K9me3__chip_spmr_pm10000bp_mean_relative_percentile_equal_study_consensus	CHIP	H3K9me3	chip_spmr_pm10000bp_mean_relative_percentile_equal_study_consensus	benchmark_relative_feature	benchmark_relative_spmr	numeric	0	0	29	FALSE	FALSE	TRUE	FALSE	exclude_benchmark_relative	Percentile was computed relative to the 37 benchmark loci and is therefore benchmark-composition-dependent.
582	H3K9me3__chip_spmr_pm10000bp_mean_relative_percentile_min	CHIP	H3K9me3	chip_spmr_pm10000bp_mean_relative_percentile_min	benchmark_relative_feature	benchmark_relative_spmr	numeric	0	0	30	FALSE	FALSE	TRUE	FALSE	exclude_benchmark_relative	Percentile was computed relative to the 37 benchmark loci and is therefore benchmark-composition-dependent.
583	H3K9me3__chip_spmr_pm10000bp_mean_relative_percentile_max	CHIP	H3K9me3	chip_spmr_pm10000bp_mean_relative_percentile_max	benchmark_relative_feature	benchmark_relative_spmr	numeric	0	0	30	FALSE	FALSE	TRUE	FALSE	exclude_benchmark_relative	Percentile was computed relative to the 37 benchmark loci and is therefore benchmark-composition-dependent.
584	H3K9me3__chip_spmr_pm10000bp_mean_relative_percentile_cross_study_abs_diff	CHIP	H3K9me3	chip_spmr_pm10000bp_mean_relative_percentile_cross_study_abs_diff	benchmark_relative_feature	benchmark_relative_spmr	numeric	0	0	14	FALSE	FALSE	TRUE	FALSE	exclude_benchmark_relative	Percentile was computed relative to the 37 benchmark loci and is therefore benchmark-composition-dependent.
585	H3K9me3__chip_spmr_pm50000bp_mean_relative_percentile_equal_study_consensus	CHIP	H3K9me3	chip_spmr_pm50000bp_mean_relative_percentile_equal_study_consensus	benchmark_relative_feature	benchmark_relative_spmr	numeric	0	0	30	FALSE	FALSE	TRUE	FALSE	exclude_benchmark_relative	Percentile was computed relative to the 37 benchmark loci and is therefore benchmark-composition-dependent.
586	H3K9me3__chip_spmr_pm50000bp_mean_relative_percentile_min	CHIP	H3K9me3	chip_spmr_pm50000bp_mean_relative_percentile_min	benchmark_relative_feature	benchmark_relative_spmr	numeric	0	0	28	FALSE	FALSE	TRUE	FALSE	exclude_benchmark_relative	Percentile was computed relative to the 37 benchmark loci and is therefore benchmark-composition-dependent.
587	H3K9me3__chip_spmr_pm50000bp_mean_relative_percentile_max	CHIP	H3K9me3	chip_spmr_pm50000bp_mean_relative_percentile_max	benchmark_relative_feature	benchmark_relative_spmr	numeric	0	0	28	FALSE	FALSE	TRUE	FALSE	exclude_benchmark_relative	Percentile was computed relative to the 37 benchmark loci and is therefore benchmark-composition-dependent.
588	H3K9me3__chip_spmr_pm50000bp_mean_relative_percentile_cross_study_abs_diff	CHIP	H3K9me3	chip_spmr_pm50000bp_mean_relative_percentile_cross_study_abs_diff	benchmark_relative_feature	benchmark_relative_spmr	numeric	0	0	14	FALSE	FALSE	TRUE	FALSE	exclude_benchmark_relative	Percentile was computed relative to the 37 benchmark loci and is therefore benchmark-composition-dependent.
