study_accession	sample_accession	experiment_accession	run_accession	omics	library_strategy	library_layout	processing_layout	fastq_structure	fastq_role	file_index	filename	fastq_ftp	fastq_md5	fastq_bytes
PRJDB5737	SAMD00079372	DRX085010	DRR091440	RNA-seq	RNA-Seq	SINGLE	SINGLE	SINGLE	SINGLE	1	DRR091440.fastq.gz	ftp.sra.ebi.ac.uk/vol1/fastq/DRR091/DRR091440/DRR091440.fastq.gz	af6cd5c5e3cc49cb1d47fa17b3a60efc	1175631746
PRJDB5831	SAMD00082623	DRX087371	DRR093875	RNA-seq	RNA-Seq	PAIRED	PAIRED	PAIRED	R1	1	DRR093875_1.fastq.gz	ftp.sra.ebi.ac.uk/vol1/fastq/DRR093/DRR093875/DRR093875_1.fastq.gz	47b9a8a8b5e40cbc23607f3b1ddd192a	3662709413
PRJDB5831	SAMD00082623	DRX087371	DRR093875	RNA-seq	RNA-Seq	PAIRED	PAIRED	PAIRED	R2	2	DRR093875_2.fastq.gz	ftp.sra.ebi.ac.uk/vol1/fastq/DRR093/DRR093875/DRR093875_2.fastq.gz	349744544a6076852c0da931ed306847	3642917887
PRJDB5897	SAMD00084267	DRX090092	DRR096596	RNA-seq	RNA-Seq	SINGLE	SINGLE	SINGLE	SINGLE	1	DRR096596.fastq.gz	ftp.sra.ebi.ac.uk/vol1/fastq/DRR096/DRR096596/DRR096596.fastq.gz	83edfa7488fe4041494f5fb2677577b6	1980526373
PRJDB5897	SAMD00084270	DRX090095	DRR096599	RNA-seq	RNA-Seq	SINGLE	SINGLE	SINGLE	SINGLE	1	DRR096599.fastq.gz	ftp.sra.ebi.ac.uk/vol1/fastq/DRR096/DRR096599/DRR096599.fastq.gz	a63222b00bd3aeda051381572d01201b	2034531875
PRJDB6126	SAMD00089406	DRX092931	DRR099453	RNA-seq	RNA-Seq	SINGLE	SINGLE	SINGLE	SINGLE	1	DRR099453.fastq.gz	ftp.sra.ebi.ac.uk/vol1/fastq/DRR099/DRR099453/DRR099453.fastq.gz	b1eaca88de808cefeb358419b3d826d2	279260312
PRJDB6126	SAMD00089408	DRX092933	DRR099455	RNA-seq	RNA-Seq	SINGLE	SINGLE	SINGLE	SINGLE	1	DRR099455.fastq.gz	ftp.sra.ebi.ac.uk/vol1/fastq/DRR099/DRR099455/DRR099455.fastq.gz	43b0a0380bb8bc9e8196385dd16c21bd	275626851
PRJDB6126	SAMD00089421	DRX092946	DRR099468	RNA-seq	RNA-Seq	SINGLE	SINGLE	SINGLE	SINGLE	1	DRR099468.fastq.gz	ftp.sra.ebi.ac.uk/vol1/fastq/DRR099/DRR099468/DRR099468.fastq.gz	65df80a2bdd07cdf45de48a965bcd6d9	280290644
PRJDB6126	SAMD00089427	DRX092952	DRR099474	RNA-seq	RNA-Seq	SINGLE	SINGLE	SINGLE	SINGLE	1	DRR099474.fastq.gz	ftp.sra.ebi.ac.uk/vol1/fastq/DRR099/DRR099474/DRR099474.fastq.gz	aa54b1988a33949304d0f4d346af6a55	301190983
PRJDB6126	SAMD00089429	DRX092954	DRR099476	RNA-seq	RNA-Seq	SINGLE	SINGLE	SINGLE	SINGLE	1	DRR099476.fastq.gz	ftp.sra.ebi.ac.uk/vol1/fastq/DRR099/DRR099476/DRR099476.fastq.gz	26c24b5eebc76b61ced2439ef0f5b5df	284701307
PRJDB6126	SAMD00089433	DRX092958	DRR099480	RNA-seq	RNA-Seq	SINGLE	SINGLE	SINGLE	SINGLE	1	DRR099480.fastq.gz	ftp.sra.ebi.ac.uk/vol1/fastq/DRR099/DRR099480/DRR099480.fastq.gz	64c96ca79ea0ec9e983bd64d7e5be0ea	299720418
PRJDB6126	SAMD00089444	DRX092969	DRR099491	RNA-seq	RNA-Seq	SINGLE	SINGLE	SINGLE	SINGLE	1	DRR099491.fastq.gz	ftp.sra.ebi.ac.uk/vol1/fastq/DRR099/DRR099491/DRR099491.fastq.gz	2b35a6eb0d13a5e9caf4549e837152ec	292200877
PRJDB6126	SAMD00089453	DRX092978	DRR099500	RNA-seq	RNA-Seq	SINGLE	SINGLE	SINGLE	SINGLE	1	DRR099500.fastq.gz	ftp.sra.ebi.ac.uk/vol1/fastq/DRR099/DRR099500/DRR099500.fastq.gz	e4635668357cce92c284f4fe885f28f0	299700996
PRJDB6793	SAMD00113898	DRX119132	DRR126388	RNA-seq	RNA-Seq	SINGLE	SINGLE	SINGLE	SINGLE	1	DRR126388.fastq.gz	ftp.sra.ebi.ac.uk/vol1/fastq/DRR126/DRR126388/DRR126388.fastq.gz	2d17c02c1058ec51b6da83363f2f6f04	488290152
PRJDB6793	SAMD00113899	DRX119133	DRR126389	RNA-seq	RNA-Seq	SINGLE	SINGLE	SINGLE	SINGLE	1	DRR126389.fastq.gz	ftp.sra.ebi.ac.uk/vol1/fastq/DRR126/DRR126389/DRR126389.fastq.gz	41f325e0024a2b4b9d7ed17dda9f5e04	362434288
PRJDB6793	SAMD00113913	DRX119147	DRR126403	RNA-seq	RNA-Seq	SINGLE	SINGLE	SINGLE	SINGLE	1	DRR126403.fastq.gz	ftp.sra.ebi.ac.uk/vol1/fastq/DRR126/DRR126403/DRR126403.fastq.gz	91afbaef4e857b3e5248cd9d8b8c27a1	299951827
PRJDB6793	SAMD00113917	DRX119151	DRR126407	RNA-seq	RNA-Seq	SINGLE	SINGLE	SINGLE	SINGLE	1	DRR126407.fastq.gz	ftp.sra.ebi.ac.uk/vol1/fastq/DRR126/DRR126407/DRR126407.fastq.gz	611b58d3309ac0220d8554a8b85a3baf	386741618
PRJDB6793	SAMD00113919	DRX119153	DRR126409	RNA-seq	RNA-Seq	SINGLE	SINGLE	SINGLE	SINGLE	1	DRR126409.fastq.gz	ftp.sra.ebi.ac.uk/vol1/fastq/DRR126/DRR126409/DRR126409.fastq.gz	a9b04d905441b499c82158184eaa0069	314474229
PRJDB6793	SAMD00113920	DRX119154	DRR126410	RNA-seq	RNA-Seq	SINGLE	SINGLE	SINGLE	SINGLE	1	DRR126410.fastq.gz	ftp.sra.ebi.ac.uk/vol1/fastq/DRR126/DRR126410/DRR126410.fastq.gz	89b743286f6d71fd94c17bb7704d9f21	211809642
PRJDB6793	SAMD00113923	DRX119157	DRR126413	RNA-seq	RNA-Seq	SINGLE	SINGLE	SINGLE	SINGLE	1	DRR126413.fastq.gz	ftp.sra.ebi.ac.uk/vol1/fastq/DRR126/DRR126413/DRR126413.fastq.gz	68e23f14af7bbe63f49dcb11a92a21b9	260939156
PRJDB7873	SAMD00156503	DRX155564	DRR164945	RNA-seq	RNA-Seq	SINGLE	SINGLE	SINGLE	SINGLE	1	DRR164945.fastq.gz	ftp.sra.ebi.ac.uk/vol1/fastq/DRR164/DRR164945/DRR164945.fastq.gz	9373d6ca1bf603ea53dead38f330acc0	792574682
PRJDB7873	SAMD00156504	DRX155565	DRR164946	RNA-seq	RNA-Seq	SINGLE	SINGLE	SINGLE	SINGLE	1	DRR164946.fastq.gz	ftp.sra.ebi.ac.uk/vol1/fastq/DRR164/DRR164946/DRR164946.fastq.gz	98da5a4954fdd344ac9aac3cc985cb2e	887589228
PRJDB7873	SAMD00156509	DRX155570	DRR164951	RNA-seq	RNA-Seq	SINGLE	SINGLE	SINGLE	SINGLE	1	DRR164951.fastq.gz	ftp.sra.ebi.ac.uk/vol1/fastq/DRR164/DRR164951/DRR164951.fastq.gz	bba39182d02cc0e8dc5b60f6294c36a8	809831061
PRJDB7945	SAMD00159362	DRX159893	DRR169279	RNA-seq	RNA-Seq	SINGLE	SINGLE	SINGLE	SINGLE	1	DRR169279.fastq.gz	ftp.sra.ebi.ac.uk/vol1/fastq/DRR169/DRR169279/DRR169279.fastq.gz	5d5c57118293dff2f8a908e608d57c3c	476894961
PRJDB7945	SAMD00159364	DRX159895	DRR169281	RNA-seq	RNA-Seq	SINGLE	SINGLE	SINGLE	SINGLE	1	DRR169281.fastq.gz	ftp.sra.ebi.ac.uk/vol1/fastq/DRR169/DRR169281/DRR169281.fastq.gz	14234249994832db4b7ab2f5aff82742	332776798
PRJDB7945	SAMD00159367	DRX159898	DRR169284	RNA-seq	RNA-Seq	SINGLE	SINGLE	SINGLE	SINGLE	1	DRR169284.fastq.gz	ftp.sra.ebi.ac.uk/vol1/fastq/DRR169/DRR169284/DRR169284.fastq.gz	b5270d1a8625be06dde674891f12d2c8	646494796
PRJDB7945	SAMD00159375	DRX159906	DRR169292	RNA-seq	RNA-Seq	SINGLE	SINGLE	SINGLE	SINGLE	1	DRR169292.fastq.gz	ftp.sra.ebi.ac.uk/vol1/fastq/DRR169/DRR169292/DRR169292.fastq.gz	741079e62eae28440a6759646c68cc60	321382187
PRJDB7945	SAMD00159378	DRX159909	DRR169295	RNA-seq	RNA-Seq	SINGLE	SINGLE	SINGLE	SINGLE	1	DRR169295.fastq.gz	ftp.sra.ebi.ac.uk/vol1/fastq/DRR169/DRR169295/DRR169295.fastq.gz	bf581028a3ccd88582691f59684f1d2e	670253576
PRJDB7945	SAMD00159383	DRX159914	DRR169300	RNA-seq	RNA-Seq	SINGLE	SINGLE	SINGLE	SINGLE	1	DRR169300.fastq.gz	ftp.sra.ebi.ac.uk/vol1/fastq/DRR169/DRR169300/DRR169300.fastq.gz	6775b8ed87c7f296de72023b7baf4d6a	598116563
PRJDB17021	SAMD00731281	DRX508495	DRR524613	RNA-seq	RNA-Seq	PAIRED	PAIRED	PAIRED	R1	1	DRR524613_1.fastq.gz	ftp.sra.ebi.ac.uk/vol1/fastq/DRR524/DRR524613/DRR524613_1.fastq.gz	2018f474161faf0954d8bcadbee0e660	1422353890
PRJDB17021	SAMD00731281	DRX508495	DRR524613	RNA-seq	RNA-Seq	PAIRED	PAIRED	PAIRED	R2	2	DRR524613_2.fastq.gz	ftp.sra.ebi.ac.uk/vol1/fastq/DRR524/DRR524613/DRR524613_2.fastq.gz	92b21332d9e754beae010928bbcbc352	1423052692
PRJDB17021	SAMD00731289	DRX508503	DRR524621	RNA-seq	RNA-Seq	PAIRED	PAIRED	PAIRED	R1	1	DRR524621_1.fastq.gz	ftp.sra.ebi.ac.uk/vol1/fastq/DRR524/DRR524621/DRR524621_1.fastq.gz	af17e4d37f59cc6c1a56140cf292077f	1801468117
PRJDB17021	SAMD00731289	DRX508503	DRR524621	RNA-seq	RNA-Seq	PAIRED	PAIRED	PAIRED	R2	2	DRR524621_2.fastq.gz	ftp.sra.ebi.ac.uk/vol1/fastq/DRR524/DRR524621/DRR524621_2.fastq.gz	29817afd00ed49b7bf58d39f9b2404e9	1802519959
PRJDB17021	SAMD00731296	DRX508510	DRR524628	RNA-seq	RNA-Seq	PAIRED	PAIRED	PAIRED	R1	1	DRR524628_1.fastq.gz	ftp.sra.ebi.ac.uk/vol1/fastq/DRR524/DRR524628/DRR524628_1.fastq.gz	762a768b1aacf7876a9a3ce34d5a2ca3	1578555575
PRJDB17021	SAMD00731296	DRX508510	DRR524628	RNA-seq	RNA-Seq	PAIRED	PAIRED	PAIRED	R2	2	DRR524628_2.fastq.gz	ftp.sra.ebi.ac.uk/vol1/fastq/DRR524/DRR524628/DRR524628_2.fastq.gz	89f415b5d62c33fad78d44570b3665d3	1579425588
PRJDB35724	SAMD01599745	DRX686798	DRR706774	RNA-seq	RNA-Seq	PAIRED	PAIRED	PAIRED	R1	1	DRR706774_1.fastq.gz	ftp.sra.ebi.ac.uk/vol1/fastq/DRR706/DRR706774/DRR706774_1.fastq.gz	1b849c5688877d6bbc2673ce32c5ab77	977479009
PRJDB35724	SAMD01599745	DRX686798	DRR706774	RNA-seq	RNA-Seq	PAIRED	PAIRED	PAIRED	R2	2	DRR706774_2.fastq.gz	ftp.sra.ebi.ac.uk/vol1/fastq/DRR706/DRR706774/DRR706774_2.fastq.gz	3be591a1fefe2c40188f9b465278a90b	1034488193
PRJDB35724	SAMD01599746	DRX686799	DRR706775	RNA-seq	RNA-Seq	PAIRED	PAIRED	PAIRED	R1	1	DRR706775_1.fastq.gz	ftp.sra.ebi.ac.uk/vol1/fastq/DRR706/DRR706775/DRR706775_1.fastq.gz	ab65b1634cd44377e1469c7042ce48d2	989493434
PRJDB35724	SAMD01599746	DRX686799	DRR706775	RNA-seq	RNA-Seq	PAIRED	PAIRED	PAIRED	R2	2	DRR706775_2.fastq.gz	ftp.sra.ebi.ac.uk/vol1/fastq/DRR706/DRR706775/DRR706775_2.fastq.gz	3dbecf99a53c1086468a21e42389c692	1047433608
PRJDB35724	SAMD01599760	DRX686813	DRR706789	RNA-seq	RNA-Seq	PAIRED	PAIRED	PAIRED	R1	1	DRR706789_1.fastq.gz	ftp.sra.ebi.ac.uk/vol1/fastq/DRR706/DRR706789/DRR706789_1.fastq.gz	5d15de9368eed2b77dd5726226b3f44c	178782589
PRJDB35724	SAMD01599760	DRX686813	DRR706789	RNA-seq	RNA-Seq	PAIRED	PAIRED	PAIRED	R2	2	DRR706789_2.fastq.gz	ftp.sra.ebi.ac.uk/vol1/fastq/DRR706/DRR706789/DRR706789_2.fastq.gz	ae293d642596f23f1bc237b2dd6399b5	180774531
PRJEB55916	SAMEA111345349	ERX10195011	ERR10745711	RNA-seq	RNA-Seq	SINGLE	PAIRED	PAIRED	R1	1	ERR10745711_1.fastq.gz	ftp.sra.ebi.ac.uk/vol1/fastq/ERR107/011/ERR10745711/ERR10745711_1.fastq.gz	f45beb9e40dd3b7efba08aba6146dfcc	740229504
PRJEB55916	SAMEA111345349	ERX10195011	ERR10745711	RNA-seq	RNA-Seq	SINGLE	PAIRED	PAIRED	R2	2	ERR10745711_2.fastq.gz	ftp.sra.ebi.ac.uk/vol1/fastq/ERR107/011/ERR10745711/ERR10745711_2.fastq.gz	dfdfe65f64babdf8c2c42d2fe04a6fba	753488423
PRJEB55916	SAMEA111345358	ERX10195020	ERR10745720	RNA-seq	RNA-Seq	SINGLE	PAIRED	PAIRED	R1	1	ERR10745720_1.fastq.gz	ftp.sra.ebi.ac.uk/vol1/fastq/ERR107/020/ERR10745720/ERR10745720_1.fastq.gz	70a4a5cccf3e15d72d9f4984c6c31ba3	840584491
PRJEB55916	SAMEA111345358	ERX10195020	ERR10745720	RNA-seq	RNA-Seq	SINGLE	PAIRED	PAIRED	R2	2	ERR10745720_2.fastq.gz	ftp.sra.ebi.ac.uk/vol1/fastq/ERR107/020/ERR10745720/ERR10745720_2.fastq.gz	97f50c4ce31b419504bada1712c3091b	856065865
PRJEB55916	SAMEA111345365	ERX10195027	ERR10745727	RNA-seq	RNA-Seq	SINGLE	PAIRED	PAIRED	R1	1	ERR10745727_1.fastq.gz	ftp.sra.ebi.ac.uk/vol1/fastq/ERR107/027/ERR10745727/ERR10745727_1.fastq.gz	9357524cb1a79a5b1919c46b2a000235	618991794
PRJEB55916	SAMEA111345365	ERX10195027	ERR10745727	RNA-seq	RNA-Seq	SINGLE	PAIRED	PAIRED	R2	2	ERR10745727_2.fastq.gz	ftp.sra.ebi.ac.uk/vol1/fastq/ERR107/027/ERR10745727/ERR10745727_2.fastq.gz	7626013d12d6e50c9db34e5d4c15bf67	622018863
PRJEB55916	SAMEA111345366	ERX10195028	ERR10745728	RNA-seq	RNA-Seq	SINGLE	PAIRED	PAIRED	R1	1	ERR10745728_1.fastq.gz	ftp.sra.ebi.ac.uk/vol1/fastq/ERR107/028/ERR10745728/ERR10745728_1.fastq.gz	47013509de689a6689a9d7865cf11814	607759143
PRJEB55916	SAMEA111345366	ERX10195028	ERR10745728	RNA-seq	RNA-Seq	SINGLE	PAIRED	PAIRED	R2	2	ERR10745728_2.fastq.gz	ftp.sra.ebi.ac.uk/vol1/fastq/ERR107/028/ERR10745728/ERR10745728_2.fastq.gz	025a7fe78a32acf5d8de4e054eb795e7	610623886
PRJEB55916	SAMEA111345368	ERX10195030	ERR10745730	RNA-seq	RNA-Seq	SINGLE	PAIRED	PAIRED	R1	1	ERR10745730_1.fastq.gz	ftp.sra.ebi.ac.uk/vol1/fastq/ERR107/030/ERR10745730/ERR10745730_1.fastq.gz	627d89e240191f8b9786bb22c6645c68	766741257
PRJEB55916	SAMEA111345368	ERX10195030	ERR10745730	RNA-seq	RNA-Seq	SINGLE	PAIRED	PAIRED	R2	2	ERR10745730_2.fastq.gz	ftp.sra.ebi.ac.uk/vol1/fastq/ERR107/030/ERR10745730/ERR10745730_2.fastq.gz	e92446bcad668d282f9f5daf120c0881	775305757
PRJEB55916	SAMEA111345371	ERX10195033	ERR10745733	RNA-seq	RNA-Seq	SINGLE	PAIRED	PAIRED	R1	1	ERR10745733_1.fastq.gz	ftp.sra.ebi.ac.uk/vol1/fastq/ERR107/033/ERR10745733/ERR10745733_1.fastq.gz	b3a8c1cb2cffb7e4514a186ddbb77caa	759441022
PRJEB55916	SAMEA111345371	ERX10195033	ERR10745733	RNA-seq	RNA-Seq	SINGLE	PAIRED	PAIRED	R2	2	ERR10745733_2.fastq.gz	ftp.sra.ebi.ac.uk/vol1/fastq/ERR107/033/ERR10745733/ERR10745733_2.fastq.gz	1a43ad1d3dcecf4b5bfffef30a62661c	764186908
PRJEB55916	SAMEA111345378	ERX10195040	ERR10745740	RNA-seq	RNA-Seq	SINGLE	PAIRED	PAIRED	R1	1	ERR10745740_1.fastq.gz	ftp.sra.ebi.ac.uk/vol1/fastq/ERR107/040/ERR10745740/ERR10745740_1.fastq.gz	6f9ebddb2ad575e9b0b87ffa6d99ffce	708930423
PRJEB55916	SAMEA111345378	ERX10195040	ERR10745740	RNA-seq	RNA-Seq	SINGLE	PAIRED	PAIRED	R2	2	ERR10745740_2.fastq.gz	ftp.sra.ebi.ac.uk/vol1/fastq/ERR107/040/ERR10745740/ERR10745740_2.fastq.gz	a069a4dd72cf2881527404cd950934be	715191998
PRJEB55916	SAMEA111345394	ERX10195056	ERR10745756	RNA-seq	RNA-Seq	SINGLE	PAIRED	PAIRED	R1	1	ERR10745756_1.fastq.gz	ftp.sra.ebi.ac.uk/vol1/fastq/ERR107/056/ERR10745756/ERR10745756_1.fastq.gz	0f40a7f53e40d675ad24079f66b8310b	521592938
PRJEB55916	SAMEA111345394	ERX10195056	ERR10745756	RNA-seq	RNA-Seq	SINGLE	PAIRED	PAIRED	R2	2	ERR10745756_2.fastq.gz	ftp.sra.ebi.ac.uk/vol1/fastq/ERR107/056/ERR10745756/ERR10745756_2.fastq.gz	eebd18ba1ce315ee62d143f466eb4f21	527040613
PRJEB89701	SAMEA118334018	ERX14404618	ERR15000453	RNA-seq	RNA-Seq	PAIRED	PAIRED	PAIRED	R1	1	ERR15000453_1.fastq.gz	ftp.sra.ebi.ac.uk/vol1/fastq/ERR150/053/ERR15000453/ERR15000453_1.fastq.gz	0c48bef457c57a144af8b07017ba2256	1033712483
PRJEB89701	SAMEA118334018	ERX14404618	ERR15000453	RNA-seq	RNA-Seq	PAIRED	PAIRED	PAIRED	R2	2	ERR15000453_2.fastq.gz	ftp.sra.ebi.ac.uk/vol1/fastq/ERR150/053/ERR15000453/ERR15000453_2.fastq.gz	b16d721d00e9d04d4dd66131f10226cd	1081689460
PRJEB89701	SAMEA118334025	ERX14404625	ERR15000460	RNA-seq	RNA-Seq	PAIRED	PAIRED	PAIRED	R1	1	ERR15000460_1.fastq.gz	ftp.sra.ebi.ac.uk/vol1/fastq/ERR150/060/ERR15000460/ERR15000460_1.fastq.gz	be5e3762c0005acf47bb515dab459960	901678145
PRJEB89701	SAMEA118334025	ERX14404625	ERR15000460	RNA-seq	RNA-Seq	PAIRED	PAIRED	PAIRED	R2	2	ERR15000460_2.fastq.gz	ftp.sra.ebi.ac.uk/vol1/fastq/ERR150/060/ERR15000460/ERR15000460_2.fastq.gz	ef0757f3aa14b4f1ed3f9d32104f0624	959856467
PRJEB89701	SAMEA118334031	ERX14404631	ERR15000466	RNA-seq	RNA-Seq	PAIRED	PAIRED	PAIRED	R1	1	ERR15000466_1.fastq.gz	ftp.sra.ebi.ac.uk/vol1/fastq/ERR150/066/ERR15000466/ERR15000466_1.fastq.gz	1d21bd74d82c0ed61b83f775706d64ab	1053163908
PRJEB89701	SAMEA118334031	ERX14404631	ERR15000466	RNA-seq	RNA-Seq	PAIRED	PAIRED	PAIRED	R2	2	ERR15000466_2.fastq.gz	ftp.sra.ebi.ac.uk/vol1/fastq/ERR150/066/ERR15000466/ERR15000466_2.fastq.gz	49e5efe7e94b5d898dab69151d196faf	1079403143
PRJEB89701	SAMEA118334042	ERX14404642	ERR15000477	RNA-seq	RNA-Seq	PAIRED	PAIRED	PAIRED	R1	1	ERR15000477_1.fastq.gz	ftp.sra.ebi.ac.uk/vol1/fastq/ERR150/077/ERR15000477/ERR15000477_1.fastq.gz	cf4a66a085435edd53083d43821f71b1	1014981890
PRJEB89701	SAMEA118334042	ERX14404642	ERR15000477	RNA-seq	RNA-Seq	PAIRED	PAIRED	PAIRED	R2	2	ERR15000477_2.fastq.gz	ftp.sra.ebi.ac.uk/vol1/fastq/ERR150/077/ERR15000477/ERR15000477_2.fastq.gz	0a1ad6ae9f69a8e7560f612d8864abb5	1083007804
PRJEB89701	SAMEA118334051	ERX14404651	ERR15000486	RNA-seq	RNA-Seq	PAIRED	PAIRED	PAIRED	R1	1	ERR15000486_1.fastq.gz	ftp.sra.ebi.ac.uk/vol1/fastq/ERR150/086/ERR15000486/ERR15000486_1.fastq.gz	81dd85e7d42c7fd3aa2ed80310f9d9d4	1021167899
PRJEB89701	SAMEA118334051	ERX14404651	ERR15000486	RNA-seq	RNA-Seq	PAIRED	PAIRED	PAIRED	R2	2	ERR15000486_2.fastq.gz	ftp.sra.ebi.ac.uk/vol1/fastq/ERR150/086/ERR15000486/ERR15000486_2.fastq.gz	4bf50f8ceb566bf79f4521dcb0ffae2d	1076015400
PRJEB89701	SAMEA118334105	ERX14404705	ERR15000540	RNA-seq	RNA-Seq	PAIRED	PAIRED	PAIRED	R1	1	ERR15000540_1.fastq.gz	ftp.sra.ebi.ac.uk/vol1/fastq/ERR150/040/ERR15000540/ERR15000540_1.fastq.gz	0f6aa99981d5cdfa73198ed1a21c8684	1007687855
PRJEB89701	SAMEA118334105	ERX14404705	ERR15000540	RNA-seq	RNA-Seq	PAIRED	PAIRED	PAIRED	R2	2	ERR15000540_2.fastq.gz	ftp.sra.ebi.ac.uk/vol1/fastq/ERR150/040/ERR15000540/ERR15000540_2.fastq.gz	013dc586b487ad69b4c70d62138bb0a1	1028254485
PRJEB108721	SAMEA121759868	ERX16120888	ERR16729279	RNA-seq	RNA-Seq	SINGLE	PAIRED	PAIRED	R1	1	ERR16729279_1.fastq.gz	ftp.sra.ebi.ac.uk/vol1/fastq/ERR167/079/ERR16729279/ERR16729279_1.fastq.gz	2b0caa39c96e41fe6b8e36a8da05ddf4	833735871
PRJEB108721	SAMEA121759868	ERX16120888	ERR16729279	RNA-seq	RNA-Seq	SINGLE	PAIRED	PAIRED	R2	2	ERR16729279_2.fastq.gz	ftp.sra.ebi.ac.uk/vol1/fastq/ERR167/079/ERR16729279/ERR16729279_2.fastq.gz	33050cd0da1546bbb9fa999bc8be4a7d	884690209
PRJEB108721	SAMEA121759884	ERX16120904	ERR16729295	RNA-seq	RNA-Seq	SINGLE	PAIRED	PAIRED	R1	1	ERR16729295_1.fastq.gz	ftp.sra.ebi.ac.uk/vol1/fastq/ERR167/095/ERR16729295/ERR16729295_1.fastq.gz	6b999b64b5d02c061cd3c4a8a69a0df4	773453778
PRJEB108721	SAMEA121759884	ERX16120904	ERR16729295	RNA-seq	RNA-Seq	SINGLE	PAIRED	PAIRED	R2	2	ERR16729295_2.fastq.gz	ftp.sra.ebi.ac.uk/vol1/fastq/ERR167/095/ERR16729295/ERR16729295_2.fastq.gz	c3648f2c416e7f5fce60ef41f3ac3900	813328286
PRJEB14303	SAMEA4467462	ERX2043468	ERR1983092	RNA-seq	RNA-Seq	PAIRED	PAIRED	PAIRED	R1	1	ERR1983092_1.fastq.gz	ftp.sra.ebi.ac.uk/vol1/fastq/ERR198/002/ERR1983092/ERR1983092_1.fastq.gz	ebbf5583dd72945825472435327bed06	1822201787
PRJEB14303	SAMEA4467462	ERX2043468	ERR1983092	RNA-seq	RNA-Seq	PAIRED	PAIRED	PAIRED	R2	2	ERR1983092_2.fastq.gz	ftp.sra.ebi.ac.uk/vol1/fastq/ERR198/002/ERR1983092/ERR1983092_2.fastq.gz	6df64ed104bf5a4f4b2e453e6bde2f0c	1882327000
PRJEB14303	SAMEA4467463	ERX2043469	ERR1983093	RNA-seq	RNA-Seq	PAIRED	PAIRED	PAIRED	R1	1	ERR1983093_1.fastq.gz	ftp.sra.ebi.ac.uk/vol1/fastq/ERR198/003/ERR1983093/ERR1983093_1.fastq.gz	44d64711eade3d7997555fd2bb3a6d57	1647947182
PRJEB14303	SAMEA4467463	ERX2043469	ERR1983093	RNA-seq	RNA-Seq	PAIRED	PAIRED	PAIRED	R2	2	ERR1983093_2.fastq.gz	ftp.sra.ebi.ac.uk/vol1/fastq/ERR198/003/ERR1983093/ERR1983093_2.fastq.gz	efffb5438a1b4c4aab4095dc18298052	1686495905
PRJEB9291	SAMEA4681865	ERX2609900	ERR2593625	ChIP-seq	ChIP-Seq	SINGLE	SINGLE	SINGLE	SINGLE	1	ERR2593625.fastq.gz	ftp.sra.ebi.ac.uk/vol1/fastq/ERR259/005/ERR2593625/ERR2593625.fastq.gz	b4cdf27e5ad66ff5f5b9898ed5b195b8	2374288561
PRJEB9291	SAMEA4681868	ERX2609903	ERR2593628	ChIP-seq	ChIP-Seq	SINGLE	SINGLE	SINGLE	SINGLE	1	ERR2593628.fastq.gz	ftp.sra.ebi.ac.uk/vol1/fastq/ERR259/008/ERR2593628/ERR2593628.fastq.gz	06eb7b9075be005e5a0474d998c3784d	1157539405
PRJEB9291	SAMEA4681870	ERX2609905	ERR2593630	ChIP-seq	ChIP-Seq	SINGLE	SINGLE	SINGLE	SINGLE	1	ERR2593630.fastq.gz	ftp.sra.ebi.ac.uk/vol1/fastq/ERR259/000/ERR2593630/ERR2593630.fastq.gz	c6d70aa640a6be67f2fd1d20a72f298b	1917396203
PRJEB9291	SAMEA4681874	ERX2609909	ERR2593634	ChIP-seq	ChIP-Seq	SINGLE	SINGLE	SINGLE	SINGLE	1	ERR2593634.fastq.gz	ftp.sra.ebi.ac.uk/vol1/fastq/ERR259/004/ERR2593634/ERR2593634.fastq.gz	0ac4c3ee00ff7fc3a156176ad610f459	1633751547
PRJEB9291	SAMEA4681876	ERX2609911	ERR2593636	ChIP-seq	ChIP-Seq	SINGLE	SINGLE	SINGLE	SINGLE	1	ERR2593636.fastq.gz	ftp.sra.ebi.ac.uk/vol1/fastq/ERR259/006/ERR2593636/ERR2593636.fastq.gz	dd1395802533a4680ad0746d7e1b77e3	395461596
PRJEB9291	SAMEA4681938	ERX2609916	ERR2593641	ChIP-seq	ChIP-Seq	SINGLE	SINGLE	SINGLE	SINGLE	1	ERR2593641.fastq.gz	ftp.sra.ebi.ac.uk/vol1/fastq/ERR259/001/ERR2593641/ERR2593641.fastq.gz	fc9e663c5c21b2843f684b4320c49457	1394922871
PRJEB9291	SAMEA4681941	ERX2609919	ERR2593644	ChIP-seq	ChIP-Seq	SINGLE	SINGLE	SINGLE	SINGLE	1	ERR2593644.fastq.gz	ftp.sra.ebi.ac.uk/vol1/fastq/ERR259/004/ERR2593644/ERR2593644.fastq.gz	4ad190fed5258307890cfe98f458c44d	1453590103
PRJEB9291	SAMEA4681944	ERX2609922	ERR2593647	ChIP-seq	ChIP-Seq	SINGLE	SINGLE	SINGLE	SINGLE	1	ERR2593647.fastq.gz	ftp.sra.ebi.ac.uk/vol1/fastq/ERR259/007/ERR2593647/ERR2593647.fastq.gz	41202ab3058d7fba8f3f97288b47a4a3	1092689857
PRJEB9291	SAMEA4681922	ERX2609928	ERR2593653	ChIP-seq	ChIP-Seq	SINGLE	SINGLE	SINGLE	SINGLE	1	ERR2593653.fastq.gz	ftp.sra.ebi.ac.uk/vol1/fastq/ERR259/003/ERR2593653/ERR2593653.fastq.gz	61f5467907620f8f49b816e79151801b	2143136969
PRJEB9291	SAMEA4681927	ERX2609933	ERR2593658	ChIP-seq	ChIP-Seq	SINGLE	SINGLE	SINGLE	SINGLE	1	ERR2593658.fastq.gz	ftp.sra.ebi.ac.uk/vol1/fastq/ERR259/008/ERR2593658/ERR2593658.fastq.gz	36b261f7133a3df1be7468cfb51d7d0b	1378988341
PRJEB9291	SAMEA4681928	ERX2609934	ERR2593659	ChIP-seq	ChIP-Seq	SINGLE	SINGLE	SINGLE	SINGLE	1	ERR2593659.fastq.gz	ftp.sra.ebi.ac.uk/vol1/fastq/ERR259/009/ERR2593659/ERR2593659.fastq.gz	c607cbcf4e996d432ed3a0f7fdd2b109	1466559235
PRJEB9291	SAMEA4681931	ERX2609937	ERR2593662	ChIP-seq	ChIP-Seq	SINGLE	SINGLE	SINGLE	SINGLE	1	ERR2593662.fastq.gz	ftp.sra.ebi.ac.uk/vol1/fastq/ERR259/002/ERR2593662/ERR2593662.fastq.gz	7e345b0be746cc0874a4d610de272b90	1179960200
PRJEB9291	SAMEA4681932	ERX2609938	ERR2593663	ChIP-seq	ChIP-Seq	SINGLE	SINGLE	SINGLE	SINGLE	1	ERR2593663.fastq.gz	ftp.sra.ebi.ac.uk/vol1/fastq/ERR259/003/ERR2593663/ERR2593663.fastq.gz	f7c948365fb3be2815554e34cd2322a4	1264566489
PRJEB9291	SAMEA4681908	ERX2609943	ERR2593668	ChIP-seq	ChIP-Seq	SINGLE	SINGLE	SINGLE	SINGLE	1	ERR2593668.fastq.gz	ftp.sra.ebi.ac.uk/vol1/fastq/ERR259/008/ERR2593668/ERR2593668.fastq.gz	1b7016c81375b38e1ba57898e567975f	1497029726
PRJEB9291	SAMEA4681909	ERX2609944	ERR2593669	ChIP-seq	ChIP-Seq	SINGLE	SINGLE	SINGLE	SINGLE	1	ERR2593669.fastq.gz	ftp.sra.ebi.ac.uk/vol1/fastq/ERR259/009/ERR2593669/ERR2593669.fastq.gz	f7dc6ae5d79902f03e3d67e061141739	1730736224
PRJEB9291	SAMEA4681910	ERX2609945	ERR2593670	ChIP-seq	ChIP-Seq	SINGLE	SINGLE	SINGLE	SINGLE	1	ERR2593670.fastq.gz	ftp.sra.ebi.ac.uk/vol1/fastq/ERR259/000/ERR2593670/ERR2593670.fastq.gz	1a6cee66cd082b1911f78078e5b7b656	1359872796
PRJEB9291	SAMEA4681912	ERX2609947	ERR2593672	ChIP-seq	ChIP-Seq	SINGLE	SINGLE	SINGLE	SINGLE	1	ERR2593672.fastq.gz	ftp.sra.ebi.ac.uk/vol1/fastq/ERR259/002/ERR2593672/ERR2593672.fastq.gz	4645368ed8b17c120181b687218ff106	1334188375
PRJEB9291	SAMEA4681884	ERX2609961	ERR2593686	ChIP-seq	ChIP-Seq	SINGLE	SINGLE	SINGLE	SINGLE	1	ERR2593686.fastq.gz	ftp.sra.ebi.ac.uk/vol1/fastq/ERR259/006/ERR2593686/ERR2593686.fastq.gz	de03914df7c79ba7c9fa4965282b3d38	1223965088
PRJEB9291	SAMEA4681886	ERX2609963	ERR2593688	ChIP-seq	ChIP-Seq	SINGLE	SINGLE	SINGLE	SINGLE	1	ERR2593688.fastq.gz	ftp.sra.ebi.ac.uk/vol1/fastq/ERR259/008/ERR2593688/ERR2593688.fastq.gz	f5610b7d0ea2cbbec41b3cb4095b85f1	1044164324
PRJEB9291	SAMEA4681891	ERX2609968	ERR2593693	ChIP-seq	ChIP-Seq	SINGLE	SINGLE	SINGLE	SINGLE	1	ERR2593693.fastq.gz	ftp.sra.ebi.ac.uk/vol1/fastq/ERR259/003/ERR2593693/ERR2593693.fastq.gz	8f4a2d92efc741fc3ed57c8d5588e6ad	1993159070
PRJEB9291	SAMEA4681895	ERX2609972	ERR2593697	ChIP-seq	ChIP-Seq	SINGLE	SINGLE	SINGLE	SINGLE	1	ERR2593697.fastq.gz	ftp.sra.ebi.ac.uk/vol1/fastq/ERR259/007/ERR2593697/ERR2593697.fastq.gz	c1a140e1ede8030f72adfd2fde1fd7e6	1300904089
PRJEB9291	SAMEA4681898	ERX2609975	ERR2593700	ChIP-seq	ChIP-Seq	SINGLE	SINGLE	SINGLE	SINGLE	1	ERR2593700.fastq.gz	ftp.sra.ebi.ac.uk/vol1/fastq/ERR259/000/ERR2593700/ERR2593700.fastq.gz	998aed36e7b99d0a19c300b812e2bf37	1326429343
PRJEB9291	SAMEA4681900	ERX2609977	ERR2593702	ChIP-seq	ChIP-Seq	SINGLE	SINGLE	SINGLE	SINGLE	1	ERR2593702.fastq.gz	ftp.sra.ebi.ac.uk/vol1/fastq/ERR259/002/ERR2593702/ERR2593702.fastq.gz	ca295e4563e3cbae91d591c9b7164e77	1484202004
PRJEB9291	SAMEA4681904	ERX2609981	ERR2593706	ChIP-seq	ChIP-Seq	SINGLE	SINGLE	SINGLE	SINGLE	1	ERR2593706.fastq.gz	ftp.sra.ebi.ac.uk/vol1/fastq/ERR259/006/ERR2593706/ERR2593706.fastq.gz	d1eedd34135cf21ad0e310488d326198	1601994493
PRJEB9291	SAMEA4681906	ERX2609983	ERR2593708	ChIP-seq	ChIP-Seq	SINGLE	SINGLE	SINGLE	SINGLE	1	ERR2593708.fastq.gz	ftp.sra.ebi.ac.uk/vol1/fastq/ERR259/008/ERR2593708/ERR2593708.fastq.gz	c3ca5f6e632f86802fc0e9bb9540e788	1240738262
PRJEB30364	SAMEA5176886	ERX3004241	ERR3001877	RNA-seq	RNA-Seq	PAIRED	PAIRED	PAIRED	R1	1	ERR3001877_1.fastq.gz	ftp.sra.ebi.ac.uk/vol1/fastq/ERR300/007/ERR3001877/ERR3001877_1.fastq.gz	7ac34c4dd2eccc50ec7a62d220f024d3	2027409328
PRJEB30364	SAMEA5176886	ERX3004241	ERR3001877	RNA-seq	RNA-Seq	PAIRED	PAIRED	PAIRED	R2	2	ERR3001877_2.fastq.gz	ftp.sra.ebi.ac.uk/vol1/fastq/ERR300/007/ERR3001877/ERR3001877_2.fastq.gz	fe829b5f8bf049666de4b393b3b8735d	2049185634
PRJEB33024	SAMEA5713989	ERX3398172	ERR3374020	RNA-seq	RNA-Seq	SINGLE	SINGLE	SINGLE	SINGLE	1	ERR3374020.fastq.gz	ftp.sra.ebi.ac.uk/vol1/fastq/ERR337/000/ERR3374020/ERR3374020.fastq.gz	f1a0047336bb0098f2b17173c5baaeaa	1288326132
PRJEB33024	SAMEA5713990	ERX3398173	ERR3374021	RNA-seq	RNA-Seq	SINGLE	SINGLE	SINGLE	SINGLE	1	ERR3374021.fastq.gz	ftp.sra.ebi.ac.uk/vol1/fastq/ERR337/001/ERR3374021/ERR3374021.fastq.gz	732228ec56500ed33127b476344685f7	1380968774
PRJEB4847	SAMEA2242009	ERX332410	ERR359638	RNA-seq	RNA-Seq	PAIRED	PAIRED	PAIRED	R1	1	ERR359638_1.fastq.gz	ftp.sra.ebi.ac.uk/vol1/fastq/ERR359/ERR359638/ERR359638_1.fastq.gz	da0d3460860951b34c918805173e3909	2444364935
PRJEB4847	SAMEA2242009	ERX332410	ERR359638	RNA-seq	RNA-Seq	PAIRED	PAIRED	PAIRED	R2	2	ERR359638_2.fastq.gz	ftp.sra.ebi.ac.uk/vol1/fastq/ERR359/ERR359638/ERR359638_2.fastq.gz	b9307283b12ee9125e2ad928e384307d	2878601395
PRJEB35183	SAMEA6235197	ERX3659834	ERR3668302	RNA-seq	RNA-Seq	PAIRED	PAIRED	PAIRED	R1	1	ERR3668302_1.fastq.gz	ftp.sra.ebi.ac.uk/vol1/fastq/ERR366/002/ERR3668302/ERR3668302_1.fastq.gz	8b6d40916a14ca61d92fed9da9f9c9fa	1947877654
PRJEB35183	SAMEA6235197	ERX3659834	ERR3668302	RNA-seq	RNA-Seq	PAIRED	PAIRED	PAIRED	R2	2	ERR3668302_2.fastq.gz	ftp.sra.ebi.ac.uk/vol1/fastq/ERR366/002/ERR3668302/ERR3668302_2.fastq.gz	06ed8f240700818f34cea04200c9b26b	1905865828
PRJEB35183	SAMEA6235198	ERX3659835	ERR3668303	RNA-seq	RNA-Seq	PAIRED	PAIRED	PAIRED	R1	1	ERR3668303_1.fastq.gz	ftp.sra.ebi.ac.uk/vol1/fastq/ERR366/003/ERR3668303/ERR3668303_1.fastq.gz	b99877972ce35e4906e746e891777958	2292581420
PRJEB35183	SAMEA6235198	ERX3659835	ERR3668303	RNA-seq	RNA-Seq	PAIRED	PAIRED	PAIRED	R2	2	ERR3668303_2.fastq.gz	ftp.sra.ebi.ac.uk/vol1/fastq/ERR366/003/ERR3668303/ERR3668303_2.fastq.gz	1254366bb4c24f5f8887e71994227c47	2242843496
PRJEB35183	SAMEA6235200	ERX3659837	ERR3668305	RNA-seq	RNA-Seq	PAIRED	PAIRED	PAIRED	R1	1	ERR3668305_1.fastq.gz	ftp.sra.ebi.ac.uk/vol1/fastq/ERR366/005/ERR3668305/ERR3668305_1.fastq.gz	38dd097c4304b430f0b9dec00eb666fd	1961279382
PRJEB35183	SAMEA6235200	ERX3659837	ERR3668305	RNA-seq	RNA-Seq	PAIRED	PAIRED	PAIRED	R2	2	ERR3668305_2.fastq.gz	ftp.sra.ebi.ac.uk/vol1/fastq/ERR366/005/ERR3668305/ERR3668305_2.fastq.gz	65fc4c49b9d6b785361e8b7d2ac17920	1905737967
PRJEB35183	SAMEA6235201	ERX3659838	ERR3668306	RNA-seq	RNA-Seq	PAIRED	PAIRED	PAIRED	R1	1	ERR3668306_1.fastq.gz	ftp.sra.ebi.ac.uk/vol1/fastq/ERR366/006/ERR3668306/ERR3668306_1.fastq.gz	bf6032a0a5a16c83a70b717b6f532d83	2430021819
PRJEB35183	SAMEA6235201	ERX3659838	ERR3668306	RNA-seq	RNA-Seq	PAIRED	PAIRED	PAIRED	R2	2	ERR3668306_2.fastq.gz	ftp.sra.ebi.ac.uk/vol1/fastq/ERR366/006/ERR3668306/ERR3668306_2.fastq.gz	33ace7f530c0c3e6cc3f1410dfc22d0c	2380551508
PRJEB35183	SAMEA6235207	ERX3659844	ERR3668312	RNA-seq	RNA-Seq	PAIRED	PAIRED	PAIRED	R1	1	ERR3668312_1.fastq.gz	ftp.sra.ebi.ac.uk/vol1/fastq/ERR366/002/ERR3668312/ERR3668312_1.fastq.gz	bc16c1a910560a4edf329f307511f8b4	2026293014
PRJEB35183	SAMEA6235207	ERX3659844	ERR3668312	RNA-seq	RNA-Seq	PAIRED	PAIRED	PAIRED	R2	2	ERR3668312_2.fastq.gz	ftp.sra.ebi.ac.uk/vol1/fastq/ERR366/002/ERR3668312/ERR3668312_2.fastq.gz	9fd0d986bf664c5591b5feb56e837b1e	1985282424
PRJEB38542	SAMEA6870271	ERX4147361	ERR4184070	RNA-seq	RNA-Seq	SINGLE	SINGLE	SINGLE	SINGLE	1	ERR4184070.fastq.gz	ftp.sra.ebi.ac.uk/vol1/fastq/ERR418/000/ERR4184070/ERR4184070.fastq.gz	96838f90f275e557f599880580362727	2843830465
PRJEB38542	SAMEA6870272	ERX4147362	ERR4184071	RNA-seq	RNA-Seq	SINGLE	SINGLE	SINGLE	SINGLE	1	ERR4184071.fastq.gz	ftp.sra.ebi.ac.uk/vol1/fastq/ERR418/001/ERR4184071/ERR4184071.fastq.gz	8ab3bf816587652f85e188ac17c9f226	2276420679
PRJEB38542	SAMEA6870273	ERX4147363	ERR4184072	RNA-seq	RNA-Seq	SINGLE	SINGLE	SINGLE	SINGLE	1	ERR4184072.fastq.gz	ftp.sra.ebi.ac.uk/vol1/fastq/ERR418/002/ERR4184072/ERR4184072.fastq.gz	20c9a89882a7084ce10fe4c5ef8158f2	2319232229
PRJEB38542	SAMEA6870276	ERX4147366	ERR4184075	RNA-seq	RNA-Seq	SINGLE	SINGLE	SINGLE	SINGLE	1	ERR4184075.fastq.gz	ftp.sra.ebi.ac.uk/vol1/fastq/ERR418/005/ERR4184075/ERR4184075.fastq.gz	1cfe98e9346e4fe60ba8eb9b6847c372	2141125914
PRJEB39258	SAMEA7040948	ERX4268285	ERR4319918	RNA-seq	RNA-Seq	PAIRED	PAIRED	PAIRED	R1	1	ERR4319918_1.fastq.gz	ftp.sra.ebi.ac.uk/vol1/fastq/ERR431/008/ERR4319918/ERR4319918_1.fastq.gz	833e3714aa7e2658b3955dd510aaaf48	4375089225
PRJEB39258	SAMEA7040948	ERX4268285	ERR4319918	RNA-seq	RNA-Seq	PAIRED	PAIRED	PAIRED	R2	2	ERR4319918_2.fastq.gz	ftp.sra.ebi.ac.uk/vol1/fastq/ERR431/008/ERR4319918/ERR4319918_2.fastq.gz	6418d5eacac03e1827624bd2c3eddd23	4649607464
PRJEB39258	SAMEA7040951	ERX4268288	ERR4319921	RNA-seq	RNA-Seq	PAIRED	PAIRED	PAIRED	R1	1	ERR4319921_1.fastq.gz	ftp.sra.ebi.ac.uk/vol1/fastq/ERR431/001/ERR4319921/ERR4319921_1.fastq.gz	5c3626473fbd1adce93bda2a3ff2e97f	3731492909
PRJEB39258	SAMEA7040951	ERX4268288	ERR4319921	RNA-seq	RNA-Seq	PAIRED	PAIRED	PAIRED	R2	2	ERR4319921_2.fastq.gz	ftp.sra.ebi.ac.uk/vol1/fastq/ERR431/001/ERR4319921/ERR4319921_2.fastq.gz	3d6bd5537f2db7e2fcf7356db6aa517c	3962567201
PRJEB39258	SAMEA7040965	ERX4268302	ERR4319935	RNA-seq	RNA-Seq	PAIRED	PAIRED	PAIRED	R1	1	ERR4319935_1.fastq.gz	ftp.sra.ebi.ac.uk/vol1/fastq/ERR431/005/ERR4319935/ERR4319935_1.fastq.gz	332595fcf3106c601f8f88056b2f7f94	4299921699
PRJEB39258	SAMEA7040965	ERX4268302	ERR4319935	RNA-seq	RNA-Seq	PAIRED	PAIRED	PAIRED	R2	2	ERR4319935_2.fastq.gz	ftp.sra.ebi.ac.uk/vol1/fastq/ERR431/005/ERR4319935/ERR4319935_2.fastq.gz	727c51bd3176ea8b308318a7273180f5	4583851539
PRJEB39258	SAMEA7040955	ERX4268304	ERR4319937	RNA-seq	RNA-Seq	PAIRED	PAIRED	PAIRED	R1	1	ERR4319937_1.fastq.gz	ftp.sra.ebi.ac.uk/vol1/fastq/ERR431/007/ERR4319937/ERR4319937_1.fastq.gz	a1a7431611bf193d0e70766098671af7	3925295099
PRJEB39258	SAMEA7040955	ERX4268304	ERR4319937	RNA-seq	RNA-Seq	PAIRED	PAIRED	PAIRED	R2	2	ERR4319937_2.fastq.gz	ftp.sra.ebi.ac.uk/vol1/fastq/ERR431/007/ERR4319937/ERR4319937_2.fastq.gz	10eef5f97b94c1b20cb2c7695821139b	4207271595
PRJEB48931	SAMEA11293141	ERX6987506	ERR7417865	RNA-seq	RNA-Seq	PAIRED	PAIRED	PAIRED	R1	1	ERR7417865_1.fastq.gz	ftp.sra.ebi.ac.uk/vol1/fastq/ERR741/005/ERR7417865/ERR7417865_1.fastq.gz	6b3e1360b1f1b73ab69162461cb8eba0	2085002147
PRJEB48931	SAMEA11293141	ERX6987506	ERR7417865	RNA-seq	RNA-Seq	PAIRED	PAIRED	PAIRED	R2	2	ERR7417865_2.fastq.gz	ftp.sra.ebi.ac.uk/vol1/fastq/ERR741/005/ERR7417865/ERR7417865_2.fastq.gz	212209819eaac86c4a11e99271b91f33	2332455938
PRJEB48931	SAMEA11293144	ERX6987509	ERR7417868	RNA-seq	RNA-Seq	PAIRED	PAIRED	PAIRED	R1	1	ERR7417868_1.fastq.gz	ftp.sra.ebi.ac.uk/vol1/fastq/ERR741/008/ERR7417868/ERR7417868_1.fastq.gz	a45d9480a91401d1062949bf2f2296fc	1905261757
PRJEB48931	SAMEA11293144	ERX6987509	ERR7417868	RNA-seq	RNA-Seq	PAIRED	PAIRED	PAIRED	R2	2	ERR7417868_2.fastq.gz	ftp.sra.ebi.ac.uk/vol1/fastq/ERR741/008/ERR7417868/ERR7417868_2.fastq.gz	f0a69d539e6cf4bef094962c42431e76	2155566652
PRJEB48931	SAMEA11293146	ERX6987511	ERR7417870	RNA-seq	RNA-Seq	PAIRED	PAIRED	PAIRED	R1	1	ERR7417870_1.fastq.gz	ftp.sra.ebi.ac.uk/vol1/fastq/ERR741/000/ERR7417870/ERR7417870_1.fastq.gz	7e886fb3d0e520adb7c8b1d9181b063a	1981955639
PRJEB48931	SAMEA11293146	ERX6987511	ERR7417870	RNA-seq	RNA-Seq	PAIRED	PAIRED	PAIRED	R2	2	ERR7417870_2.fastq.gz	ftp.sra.ebi.ac.uk/vol1/fastq/ERR741/000/ERR7417870/ERR7417870_2.fastq.gz	3185c736b400383a17f42c95bbac0343	2260213963
PRJEB9291	SAMEA3373341	ERX947754	ERR868153	ChIP-seq	ChIP-Seq	SINGLE	SINGLE	SINGLE	SINGLE	1	ERR868153.fastq.gz	ftp.sra.ebi.ac.uk/vol1/fastq/ERR868/ERR868153/ERR868153.fastq.gz	c1aa8785dc2d065abc3099be0bb54368	1900519775
PRJEB9291	SAMEA3373357	ERX947755	ERR868154	ChIP-seq	ChIP-Seq	SINGLE	SINGLE	SINGLE	SINGLE	1	ERR868154.fastq.gz	ftp.sra.ebi.ac.uk/vol1/fastq/ERR868/ERR868154/ERR868154.fastq.gz	ae5bc877072968a20806b338353dd049	1638544117
PRJEB9291	SAMEA3373340	ERX947756	ERR868155	ChIP-seq	ChIP-Seq	SINGLE	SINGLE	SINGLE	SINGLE	1	ERR868155.fastq.gz	ftp.sra.ebi.ac.uk/vol1/fastq/ERR868/ERR868155/ERR868155.fastq.gz	0f58414f680cd45e79076abfbdc07b3d	1543426625
PRJEB9291	SAMEA3373347	ERX947758	ERR868157	ChIP-seq	ChIP-Seq	SINGLE	SINGLE	SINGLE	SINGLE	1	ERR868157.fastq.gz	ftp.sra.ebi.ac.uk/vol1/fastq/ERR868/ERR868157/ERR868157.fastq.gz	2796410438a4ce2b22bb1e4160480f2a	1473545490
PRJEB9291	SAMEA3373350	ERX947764	ERR868163	ChIP-seq	ChIP-Seq	SINGLE	SINGLE	SINGLE	SINGLE	1	ERR868163.fastq.gz	ftp.sra.ebi.ac.uk/vol1/fastq/ERR868/ERR868163/ERR868163.fastq.gz	1a2ceb445e2374d32550fa81ea511248	1955806719
PRJEB9291	SAMEA3373351	ERX947765	ERR868164	ChIP-seq	ChIP-Seq	SINGLE	SINGLE	SINGLE	SINGLE	1	ERR868164.fastq.gz	ftp.sra.ebi.ac.uk/vol1/fastq/ERR868/ERR868164/ERR868164.fastq.gz	28e127153204d753b7990ce8c89bd0d4	1627822231
PRJEB9291	SAMEA3373344	ERX947777	ERR868176	ChIP-seq	ChIP-Seq	SINGLE	SINGLE	SINGLE	SINGLE	1	ERR868176.fastq.gz	ftp.sra.ebi.ac.uk/vol1/fastq/ERR868/ERR868176/ERR868176.fastq.gz	099ff78a49450e5e9fa92c6557a65b73	1273744805
PRJEB9291	SAMEA3373355	ERX947778	ERR868177	ChIP-seq	ChIP-Seq	SINGLE	SINGLE	SINGLE	SINGLE	1	ERR868177.fastq.gz	ftp.sra.ebi.ac.uk/vol1/fastq/ERR868/ERR868177/ERR868177.fastq.gz	6173dcc900f39fffeb4b93e02129c791	1480702964
PRJNA575354	SAMN12886797	SRX6935331	SRR10215651	RNA-seq	RNA-Seq	SINGLE	SINGLE	SINGLE	SINGLE	1	SRR10215651.fastq.gz	ftp.sra.ebi.ac.uk/vol1/fastq/SRR102/051/SRR10215651/SRR10215651.fastq.gz	d0904ce2b5565c97ea240828e76728b2	128319
PRJNA575354	SAMN12886792	SRX6935336	SRR10215656	RNA-seq	RNA-Seq	SINGLE	SINGLE	SINGLE	SINGLE	1	SRR10215656.fastq.gz	ftp.sra.ebi.ac.uk/vol1/fastq/SRR102/056/SRR10215656/SRR10215656.fastq.gz	1f9c703a4e82ce2bf8eab4215e39e9dd	121056
PRJNA594947	SAMN13541379	SRX7347961	SRR10669486	RNA-seq	RNA-Seq	SINGLE	SINGLE	SINGLE	SINGLE	1	SRR10669486.fastq.gz	ftp.sra.ebi.ac.uk/vol1/fastq/SRR106/086/SRR10669486/SRR10669486.fastq.gz	fbbb5bf5abdf7e73cea3e7c8832292c3	1414963129
PRJNA604220	SAMN13957915	SRX7656770	SRR10995634	RNA-seq	RNA-Seq	PAIRED	PAIRED	PAIRED	R1	1	SRR10995634_1.fastq.gz	ftp.sra.ebi.ac.uk/vol1/fastq/SRR109/034/SRR10995634/SRR10995634_1.fastq.gz	ae9634ec887d4ec37981ffd5704e8827	368449131
PRJNA604220	SAMN13957915	SRX7656770	SRR10995634	RNA-seq	RNA-Seq	PAIRED	PAIRED	PAIRED	R2	2	SRR10995634_2.fastq.gz	ftp.sra.ebi.ac.uk/vol1/fastq/SRR109/034/SRR10995634/SRR10995634_2.fastq.gz	06fad25732f25382329ca4290bf0c772	372445948
PRJNA604220	SAMN13957913	SRX7656772	SRR10995641	RNA-seq	RNA-Seq	PAIRED	PAIRED	PAIRED	R1	1	SRR10995641_1.fastq.gz	ftp.sra.ebi.ac.uk/vol1/fastq/SRR109/041/SRR10995641/SRR10995641_1.fastq.gz	44e2ec0eb731e8c51335acb2e333d2ee	413492436
PRJNA604220	SAMN13957913	SRX7656772	SRR10995641	RNA-seq	RNA-Seq	PAIRED	PAIRED	PAIRED	R2	2	SRR10995641_2.fastq.gz	ftp.sra.ebi.ac.uk/vol1/fastq/SRR109/041/SRR10995641/SRR10995641_2.fastq.gz	12ceea051cb58f44874632c58e0ad216	427672446
PRJNA604220	SAMN13957911	SRX7656774	SRR10995648	RNA-seq	RNA-Seq	PAIRED	PAIRED	PAIRED	R1	1	SRR10995648_1.fastq.gz	ftp.sra.ebi.ac.uk/vol1/fastq/SRR109/048/SRR10995648/SRR10995648_1.fastq.gz	b5109f9241f8059972fb92b781faf0a4	443172856
PRJNA604220	SAMN13957911	SRX7656774	SRR10995648	RNA-seq	RNA-Seq	PAIRED	PAIRED	PAIRED	R2	2	SRR10995648_2.fastq.gz	ftp.sra.ebi.ac.uk/vol1/fastq/SRR109/048/SRR10995648/SRR10995648_2.fastq.gz	5847d99d230e589a555dd3fa9c12d0c7	453012121
PRJNA604220	SAMN13957907	SRX7656778	SRR10995665	RNA-seq	RNA-Seq	PAIRED	PAIRED	PAIRED	R1	1	SRR10995665_1.fastq.gz	ftp.sra.ebi.ac.uk/vol1/fastq/SRR109/065/SRR10995665/SRR10995665_1.fastq.gz	76f6780ce06edd32bbe21c9dd7ccad68	412956040
PRJNA604220	SAMN13957907	SRX7656778	SRR10995665	RNA-seq	RNA-Seq	PAIRED	PAIRED	PAIRED	R2	2	SRR10995665_2.fastq.gz	ftp.sra.ebi.ac.uk/vol1/fastq/SRR109/065/SRR10995665/SRR10995665_2.fastq.gz	1f1af11b130bb269e27858878bedee1d	427473526
PRJNA604220	SAMN13957906	SRX7656779	SRR10995669	RNA-seq	RNA-Seq	PAIRED	PAIRED	PAIRED	R1	1	SRR10995669_1.fastq.gz	ftp.sra.ebi.ac.uk/vol1/fastq/SRR109/069/SRR10995669/SRR10995669_1.fastq.gz	2b4494fb33e1d143298a2ff988b93633	422164240
PRJNA604220	SAMN13957906	SRX7656779	SRR10995669	RNA-seq	RNA-Seq	PAIRED	PAIRED	PAIRED	R2	2	SRR10995669_2.fastq.gz	ftp.sra.ebi.ac.uk/vol1/fastq/SRR109/069/SRR10995669/SRR10995669_2.fastq.gz	5f177c34c924d9fb8cad6b6a368de045	430431873
PRJNA604220	SAMN13957905	SRX7656780	SRR10995673	RNA-seq	RNA-Seq	PAIRED	PAIRED	PAIRED	R1	1	SRR10995673_1.fastq.gz	ftp.sra.ebi.ac.uk/vol1/fastq/SRR109/073/SRR10995673/SRR10995673_1.fastq.gz	15a00063f8484be7b528f058baa1ef0e	429021329
PRJNA604220	SAMN13957905	SRX7656780	SRR10995673	RNA-seq	RNA-Seq	PAIRED	PAIRED	PAIRED	R2	2	SRR10995673_2.fastq.gz	ftp.sra.ebi.ac.uk/vol1/fastq/SRR109/073/SRR10995673/SRR10995673_2.fastq.gz	471e25069a744964dbafcdf9f16fa0f8	440312015
PRJNA604220	SAMN13957905	SRX7656780	SRR10995674	RNA-seq	RNA-Seq	PAIRED	PAIRED	PAIRED	R1	1	SRR10995674_1.fastq.gz	ftp.sra.ebi.ac.uk/vol1/fastq/SRR109/074/SRR10995674/SRR10995674_1.fastq.gz	4769f98960ff5844e44fd7f27d87192e	428718122
PRJNA604220	SAMN13957905	SRX7656780	SRR10995674	RNA-seq	RNA-Seq	PAIRED	PAIRED	PAIRED	R2	2	SRR10995674_2.fastq.gz	ftp.sra.ebi.ac.uk/vol1/fastq/SRR109/074/SRR10995674/SRR10995674_2.fastq.gz	4b35c187df489216f3489546b5307f5d	435233382
PRJNA604220	SAMN13957904	SRX7656781	SRR10995677	RNA-seq	RNA-Seq	PAIRED	PAIRED	PAIRED	R1	1	SRR10995677_1.fastq.gz	ftp.sra.ebi.ac.uk/vol1/fastq/SRR109/077/SRR10995677/SRR10995677_1.fastq.gz	171048bb9cbc2c4972f75fde144522ad	492000729
PRJNA604220	SAMN13957904	SRX7656781	SRR10995677	RNA-seq	RNA-Seq	PAIRED	PAIRED	PAIRED	R2	2	SRR10995677_2.fastq.gz	ftp.sra.ebi.ac.uk/vol1/fastq/SRR109/077/SRR10995677/SRR10995677_2.fastq.gz	5d522da7d97c8f566284c81a21c8c611	503906515
PRJNA604220	SAMN13957904	SRX7656781	SRR10995678	RNA-seq	RNA-Seq	PAIRED	PAIRED	PAIRED	R1	1	SRR10995678_1.fastq.gz	ftp.sra.ebi.ac.uk/vol1/fastq/SRR109/078/SRR10995678/SRR10995678_1.fastq.gz	5af4516d6cafd9e29dcd647c46c07951	491811929
PRJNA604220	SAMN13957904	SRX7656781	SRR10995678	RNA-seq	RNA-Seq	PAIRED	PAIRED	PAIRED	R2	2	SRR10995678_2.fastq.gz	ftp.sra.ebi.ac.uk/vol1/fastq/SRR109/078/SRR10995678/SRR10995678_2.fastq.gz	d4756e9b655460e1f31d47a0871ca4fe	498112089
PRJNA604220	SAMN13957903	SRX7656782	SRR10995680	RNA-seq	RNA-Seq	PAIRED	PAIRED	PAIRED	R1	1	SRR10995680_1.fastq.gz	ftp.sra.ebi.ac.uk/vol1/fastq/SRR109/080/SRR10995680/SRR10995680_1.fastq.gz	2e97bb3b5e8bb6b49d9a6481e440149e	446322328
PRJNA604220	SAMN13957903	SRX7656782	SRR10995680	RNA-seq	RNA-Seq	PAIRED	PAIRED	PAIRED	R2	2	SRR10995680_2.fastq.gz	ftp.sra.ebi.ac.uk/vol1/fastq/SRR109/080/SRR10995680/SRR10995680_2.fastq.gz	0c9986a84a2cd80bda88fb94882eb6a6	456135951
PRJNA604220	SAMN13957902	SRX7656783	SRR10995683	RNA-seq	RNA-Seq	PAIRED	PAIRED	PAIRED	R1	1	SRR10995683_1.fastq.gz	ftp.sra.ebi.ac.uk/vol1/fastq/SRR109/083/SRR10995683/SRR10995683_1.fastq.gz	7c64930fc69fcdab31420fef3f09b790	498406486
PRJNA604220	SAMN13957902	SRX7656783	SRR10995683	RNA-seq	RNA-Seq	PAIRED	PAIRED	PAIRED	R2	2	SRR10995683_2.fastq.gz	ftp.sra.ebi.ac.uk/vol1/fastq/SRR109/083/SRR10995683/SRR10995683_2.fastq.gz	6f4b14002eb96c875e919bf53165f4f6	512858853
PRJNA604220	SAMN13957900	SRX7656785	SRR10995693	RNA-seq	RNA-Seq	PAIRED	PAIRED	PAIRED	R1	1	SRR10995693_1.fastq.gz	ftp.sra.ebi.ac.uk/vol1/fastq/SRR109/093/SRR10995693/SRR10995693_1.fastq.gz	6ed88acd037e98a2bf128e811078d556	481207154
PRJNA604220	SAMN13957900	SRX7656785	SRR10995693	RNA-seq	RNA-Seq	PAIRED	PAIRED	PAIRED	R2	2	SRR10995693_2.fastq.gz	ftp.sra.ebi.ac.uk/vol1/fastq/SRR109/093/SRR10995693/SRR10995693_2.fastq.gz	1756f0fbb642a2c0716c01ce1e0007e2	491576599
PRJNA599947	SAMN13762562	SRX7805409	SRR11184910	RNA-seq	RNA-Seq	PAIRED	PAIRED	PAIRED	R1	1	SRR11184910_1.fastq.gz	ftp.sra.ebi.ac.uk/vol1/fastq/SRR111/010/SRR11184910/SRR11184910_1.fastq.gz	9dc8126100719bac511f34a644a2b2c7	2196890154
PRJNA599947	SAMN13762562	SRX7805409	SRR11184910	RNA-seq	RNA-Seq	PAIRED	PAIRED	PAIRED	R2	2	SRR11184910_2.fastq.gz	ftp.sra.ebi.ac.uk/vol1/fastq/SRR111/010/SRR11184910/SRR11184910_2.fastq.gz	29b68f19e596e9c0054dce501a89f222	2246540843
PRJNA599947	SAMN13762561	SRX7805408	SRR11184911	RNA-seq	RNA-Seq	PAIRED	PAIRED	PAIRED	R1	1	SRR11184911_1.fastq.gz	ftp.sra.ebi.ac.uk/vol1/fastq/SRR111/011/SRR11184911/SRR11184911_1.fastq.gz	e11e8eb256d0b63f0840720049070074	2061407918
PRJNA599947	SAMN13762561	SRX7805408	SRR11184911	RNA-seq	RNA-Seq	PAIRED	PAIRED	PAIRED	R2	2	SRR11184911_2.fastq.gz	ftp.sra.ebi.ac.uk/vol1/fastq/SRR111/011/SRR11184911/SRR11184911_2.fastq.gz	e06c505e0c7c4f32a8ec26e5bc3984fc	2112241302
PRJNA599947	SAMN13762555	SRX7805398	SRR11184921	RNA-seq	RNA-Seq	PAIRED	PAIRED	PAIRED	R1	1	SRR11184921_1.fastq.gz	ftp.sra.ebi.ac.uk/vol1/fastq/SRR111/021/SRR11184921/SRR11184921_1.fastq.gz	3e9f3d932a30f441b0708363b0487a48	2313747332
PRJNA599947	SAMN13762555	SRX7805398	SRR11184921	RNA-seq	RNA-Seq	PAIRED	PAIRED	PAIRED	R2	2	SRR11184921_2.fastq.gz	ftp.sra.ebi.ac.uk/vol1/fastq/SRR111/021/SRR11184921/SRR11184921_2.fastq.gz	4f37a20811134fe11ded8fa30aa89be7	2343806359
PRJNA613438	SAMN14404308	SRX7952183	SRR11350306	RNA-seq	RNA-Seq	SINGLE	SINGLE	SINGLE	SINGLE	1	SRR11350306.fastq.gz	ftp.sra.ebi.ac.uk/vol1/fastq/SRR113/006/SRR11350306/SRR11350306.fastq.gz	d8a4a3871ba12f39dbde5757c2753573	854248969
PRJNA613438	SAMN14404307	SRX7952182	SRR11350307	RNA-seq	RNA-Seq	SINGLE	SINGLE	SINGLE	SINGLE	1	SRR11350307.fastq.gz	ftp.sra.ebi.ac.uk/vol1/fastq/SRR113/007/SRR11350307/SRR11350307.fastq.gz	fe4f4986e7b7396698ee7fc6446ca2e2	1290653435
PRJNA613438	SAMN14404306	SRX7952181	SRR11350308	RNA-seq	RNA-Seq	SINGLE	SINGLE	SINGLE	SINGLE	1	SRR11350308.fastq.gz	ftp.sra.ebi.ac.uk/vol1/fastq/SRR113/008/SRR11350308/SRR11350308.fastq.gz	abf58d08900239437d26b6a424391355	1265086398
PRJNA613438	SAMN14404304	SRX7952179	SRR11350310	RNA-seq	RNA-Seq	SINGLE	SINGLE	SINGLE	SINGLE	1	SRR11350310.fastq.gz	ftp.sra.ebi.ac.uk/vol1/fastq/SRR113/010/SRR11350310/SRR11350310.fastq.gz	4ba2aeabdb1f3093ad802481850dd85a	1478422440
PRJNA630824	SAMN14846002	SRX8280951	SRR11721633	RNA-seq	RNA-Seq	SINGLE	SINGLE	SINGLE	SINGLE	1	SRR11721633.fastq.gz	ftp.sra.ebi.ac.uk/vol1/fastq/SRR117/033/SRR11721633/SRR11721633.fastq.gz	e4458caf79aae9168f84c37e08c55864	546830777
PRJNA630824	SAMN14845999	SRX8280948	SRR11721636	RNA-seq	RNA-Seq	SINGLE	SINGLE	SINGLE	SINGLE	1	SRR11721636.fastq.gz	ftp.sra.ebi.ac.uk/vol1/fastq/SRR117/036/SRR11721636/SRR11721636.fastq.gz	fa68efc0c982d21adf436d7a9b01d3d8	591925849
PRJNA630824	SAMN14846024	SRX8280946	SRR11721638	RNA-seq	RNA-Seq	SINGLE	SINGLE	SINGLE	SINGLE	1	SRR11721638.fastq.gz	ftp.sra.ebi.ac.uk/vol1/fastq/SRR117/038/SRR11721638/SRR11721638.fastq.gz	1346bfc379dbad18ed2bd0f9fcee8152	579083455
PRJNA630824	SAMN14846018	SRX8280940	SRR11721644	RNA-seq	RNA-Seq	SINGLE	SINGLE	SINGLE	SINGLE	1	SRR11721644.fastq.gz	ftp.sra.ebi.ac.uk/vol1/fastq/SRR117/044/SRR11721644/SRR11721644.fastq.gz	e9072e7d0499e884ece269d6617ff2eb	562177417
PRJNA630824	SAMN14846015	SRX8280937	SRR11721647	RNA-seq	RNA-Seq	SINGLE	SINGLE	SINGLE	SINGLE	1	SRR11721647.fastq.gz	ftp.sra.ebi.ac.uk/vol1/fastq/SRR117/047/SRR11721647/SRR11721647.fastq.gz	710736bef012b16d1ab8261e801d35ab	551445941
PRJNA630824	SAMN14846013	SRX8280934	SRR11721650	RNA-seq	RNA-Seq	SINGLE	SINGLE	SINGLE	SINGLE	1	SRR11721650.fastq.gz	ftp.sra.ebi.ac.uk/vol1/fastq/SRR117/050/SRR11721650/SRR11721650.fastq.gz	fc23686b5bc011b74d3ff7cd0e98b409	684450039
PRJNA630824	SAMN14846010	SRX8280931	SRR11721653	RNA-seq	RNA-Seq	SINGLE	SINGLE	SINGLE	SINGLE	1	SRR11721653.fastq.gz	ftp.sra.ebi.ac.uk/vol1/fastq/SRR117/053/SRR11721653/SRR11721653.fastq.gz	39db5932baa43572dd4057fc54aa505c	599961537
PRJNA645419	SAMN15504221	SRX8707287	SRR12194146	RNA-seq	RNA-Seq	PAIRED	PAIRED	PAIRED	R1	1	SRR12194146_1.fastq.gz	ftp.sra.ebi.ac.uk/vol1/fastq/SRR121/046/SRR12194146/SRR12194146_1.fastq.gz	a2316ef022edeb16e1d9920874c25b80	3967413158
PRJNA645419	SAMN15504221	SRX8707287	SRR12194146	RNA-seq	RNA-Seq	PAIRED	PAIRED	PAIRED	R2	2	SRR12194146_2.fastq.gz	ftp.sra.ebi.ac.uk/vol1/fastq/SRR121/046/SRR12194146/SRR12194146_2.fastq.gz	4cc0c4ee049ec19b7c2a7200495ae722	4025433731
PRJNA645419	SAMN15504221	SRX8707286	SRR12194147	RNA-seq	RNA-Seq	PAIRED	PAIRED	PAIRED	R1	1	SRR12194147_1.fastq.gz	ftp.sra.ebi.ac.uk/vol1/fastq/SRR121/047/SRR12194147/SRR12194147_1.fastq.gz	eba563af2414c278fb9a9fd1c22aaf82	4126054892
PRJNA645419	SAMN15504221	SRX8707286	SRR12194147	RNA-seq	RNA-Seq	PAIRED	PAIRED	PAIRED	R2	2	SRR12194147_2.fastq.gz	ftp.sra.ebi.ac.uk/vol1/fastq/SRR121/047/SRR12194147/SRR12194147_2.fastq.gz	7c52c65779ce30df76ced6a739aab2fc	4203949091
PRJNA645419	SAMN15504220	SRX8707282	SRR12194151	RNA-seq	RNA-Seq	PAIRED	PAIRED	PAIRED	R1	1	SRR12194151_1.fastq.gz	ftp.sra.ebi.ac.uk/vol1/fastq/SRR121/051/SRR12194151/SRR12194151_1.fastq.gz	1c998f841d77a89ffebf7fee88af66e1	4149387093
PRJNA645419	SAMN15504220	SRX8707282	SRR12194151	RNA-seq	RNA-Seq	PAIRED	PAIRED	PAIRED	R2	2	SRR12194151_2.fastq.gz	ftp.sra.ebi.ac.uk/vol1/fastq/SRR121/051/SRR12194151/SRR12194151_2.fastq.gz	306aad8d002ab10e8f3ef7d3dc486f63	4205628793
PRJNA662582	SAMN16089550	SRX9101120	SRR12618089	RNA-seq	RNA-Seq	SINGLE	SINGLE	SINGLE	SINGLE	1	SRR12618089.fastq.gz	ftp.sra.ebi.ac.uk/vol1/fastq/SRR126/089/SRR12618089/SRR12618089.fastq.gz	cc0b1e0ffc8c81c66219076779572c01	3944372328
PRJNA662582	SAMN16089549	SRX9101121	SRR12618092	RNA-seq	RNA-Seq	SINGLE	SINGLE	SINGLE	SINGLE	1	SRR12618092.fastq.gz	ftp.sra.ebi.ac.uk/vol1/fastq/SRR126/092/SRR12618092/SRR12618092.fastq.gz	8ca14e0904713d65a56eb4f606570fce	3334689517
PRJNA662582	SAMN16089592	SRX9101126	SRR12618103	RNA-seq	RNA-Seq	SINGLE	SINGLE	SINGLE	SINGLE	1	SRR12618103.fastq.gz	ftp.sra.ebi.ac.uk/vol1/fastq/SRR126/003/SRR12618103/SRR12618103.fastq.gz	fd3b3061547709d7118c523251c49eec	2185445282
PRJNA662582	SAMN16089587	SRX9101130	SRR12618113	RNA-seq	RNA-Seq	SINGLE	SINGLE	SINGLE	SINGLE	1	SRR12618113.fastq.gz	ftp.sra.ebi.ac.uk/vol1/fastq/SRR126/013/SRR12618113/SRR12618113.fastq.gz	47380c998f07efd1b34983c2ed75e260	4304502443
PRJNA662582	SAMN16089584	SRX9101133	SRR12618121	RNA-seq	RNA-Seq	SINGLE	SINGLE	SINGLE	SINGLE	1	SRR12618121.fastq.gz	ftp.sra.ebi.ac.uk/vol1/fastq/SRR126/021/SRR12618121/SRR12618121.fastq.gz	020acd4bc9498fadfafb89b8d24b0492	3147082562
PRJNA662582	SAMN16089583	SRX9101134	SRR12618123	RNA-seq	RNA-Seq	SINGLE	SINGLE	SINGLE	SINGLE	1	SRR12618123.fastq.gz	ftp.sra.ebi.ac.uk/vol1/fastq/SRR126/023/SRR12618123/SRR12618123.fastq.gz	f416788b9bf1140560bb69990ebd7b11	3581606555
PRJNA662582	SAMN16089582	SRX9101135	SRR12618125	RNA-seq	RNA-Seq	SINGLE	SINGLE	SINGLE	SINGLE	1	SRR12618125.fastq.gz	ftp.sra.ebi.ac.uk/vol1/fastq/SRR126/025/SRR12618125/SRR12618125.fastq.gz	c6d10f9a66b2912c4271f9b21d6ec250	3261207578
PRJNA662582	SAMN16089596	SRX9101141	SRR12618136	RNA-seq	RNA-Seq	SINGLE	SINGLE	SINGLE	SINGLE	1	SRR12618136.fastq.gz	ftp.sra.ebi.ac.uk/vol1/fastq/SRR126/036/SRR12618136/SRR12618136.fastq.gz	6a0277e8238a2b7924c4551b36017f51	2862572858
PRJNA662582	SAMN16089596	SRX9101141	SRR12618137	RNA-seq	RNA-Seq	SINGLE	SINGLE	SINGLE	SINGLE	1	SRR12618137.fastq.gz	ftp.sra.ebi.ac.uk/vol1/fastq/SRR126/037/SRR12618137/SRR12618137.fastq.gz	0f439766cdfb7d4b8fe880fa12af2ad3	3296199189
PRJNA667472	SAMN16373830	SRX9245429	SRR12774929	ATAC-seq	ATAC-seq	SINGLE	SINGLE	SINGLE	SINGLE	1	SRR12774929.fastq.gz	ftp.sra.ebi.ac.uk/vol1/fastq/SRR127/029/SRR12774929/SRR12774929.fastq.gz	b12526738c681595a50a5a3b98f46b48	617192925
PRJNA667472	SAMN16373836	SRX9245430	SRR12774930	ATAC-seq	ATAC-seq	SINGLE	SINGLE	SINGLE	SINGLE	1	SRR12774930.fastq.gz	ftp.sra.ebi.ac.uk/vol1/fastq/SRR127/030/SRR12774930/SRR12774930.fastq.gz	f8b25c4035f4c3231835ebe1bc0fef00	611894377
PRJNA667472	SAMN16373835	SRX9245431	SRR12774931	ATAC-seq	ATAC-seq	SINGLE	SINGLE	SINGLE	SINGLE	1	SRR12774931.fastq.gz	ftp.sra.ebi.ac.uk/vol1/fastq/SRR127/031/SRR12774931/SRR12774931.fastq.gz	9d4a207307e2d75ae7301e1d7ee044d4	1357065788
PRJNA667472	SAMN16373828	SRX9245434	SRR12774934	ATAC-seq	ATAC-seq	SINGLE	SINGLE	SINGLE	SINGLE	1	SRR12774934.fastq.gz	ftp.sra.ebi.ac.uk/vol1/fastq/SRR127/034/SRR12774934/SRR12774934.fastq.gz	d85624f5276f1ea759e3d354b808adea	497588792
PRJNA667472	SAMN16373826	SRX9245436	SRR12774936	ATAC-seq	ATAC-seq	SINGLE	SINGLE	SINGLE	SINGLE	1	SRR12774936.fastq.gz	ftp.sra.ebi.ac.uk/vol1/fastq/SRR127/036/SRR12774936/SRR12774936.fastq.gz	0a10fa914ce9c1cac149492606784a72	922121377
PRJNA746067	SAMN20179682	SRX11420371	SRR15111556	RNA-seq	RNA-Seq	PAIRED	PAIRED	PAIRED	R1	1	SRR15111556_1.fastq.gz	ftp.sra.ebi.ac.uk/vol1/fastq/SRR151/056/SRR15111556/SRR15111556_1.fastq.gz	55f069dbadad2f1f56956bc947a2d09c	1820514069
PRJNA746067	SAMN20179682	SRX11420371	SRR15111556	RNA-seq	RNA-Seq	PAIRED	PAIRED	PAIRED	R2	2	SRR15111556_2.fastq.gz	ftp.sra.ebi.ac.uk/vol1/fastq/SRR151/056/SRR15111556/SRR15111556_2.fastq.gz	0074e918529852cce8130947efd60da3	1814751020
PRJNA746067	SAMN20179667	SRX11420360	SRR15111567	RNA-seq	RNA-Seq	PAIRED	PAIRED	PAIRED	R1	1	SRR15111567_1.fastq.gz	ftp.sra.ebi.ac.uk/vol1/fastq/SRR151/067/SRR15111567/SRR15111567_1.fastq.gz	e7a1c041122c00f54088b693a7bb8687	774133929
PRJNA746067	SAMN20179667	SRX11420360	SRR15111567	RNA-seq	RNA-Seq	PAIRED	PAIRED	PAIRED	R2	2	SRR15111567_2.fastq.gz	ftp.sra.ebi.ac.uk/vol1/fastq/SRR151/067/SRR15111567/SRR15111567_2.fastq.gz	479ec1d172b75c250a054c68b333bcc0	790903719
PRJNA746067	SAMN20179670	SRX11420357	SRR15111570	RNA-seq	RNA-Seq	PAIRED	PAIRED	PAIRED	R1	1	SRR15111570_1.fastq.gz	ftp.sra.ebi.ac.uk/vol1/fastq/SRR151/070/SRR15111570/SRR15111570_1.fastq.gz	87e4961d0904a6e7f4c353bd4cc6f372	938656845
PRJNA746067	SAMN20179670	SRX11420357	SRR15111570	RNA-seq	RNA-Seq	PAIRED	PAIRED	PAIRED	R2	2	SRR15111570_2.fastq.gz	ftp.sra.ebi.ac.uk/vol1/fastq/SRR151/070/SRR15111570/SRR15111570_2.fastq.gz	8bca4737f45289c4ac3eae027b4579bb	959251758
PRJNA746067	SAMN20179669	SRX11420356	SRR15111571	RNA-seq	RNA-Seq	PAIRED	PAIRED	PAIRED	R1	1	SRR15111571_1.fastq.gz	ftp.sra.ebi.ac.uk/vol1/fastq/SRR151/071/SRR15111571/SRR15111571_1.fastq.gz	2370ecb70a329677aff2436a79405dd9	960721512
PRJNA746067	SAMN20179669	SRX11420356	SRR15111571	RNA-seq	RNA-Seq	PAIRED	PAIRED	PAIRED	R2	2	SRR15111571_2.fastq.gz	ftp.sra.ebi.ac.uk/vol1/fastq/SRR151/071/SRR15111571/SRR15111571_2.fastq.gz	608977e0a9b1bbbf7500e91a41af1f5e	979975161
PRJNA746067	SAMN20179687	SRX11420347	SRR15111580	RNA-seq	RNA-Seq	PAIRED	PAIRED	PAIRED	R1	1	SRR15111580_1.fastq.gz	ftp.sra.ebi.ac.uk/vol1/fastq/SRR151/080/SRR15111580/SRR15111580_1.fastq.gz	92b401c3768422f6d0ff796f7824e2e4	2345286141
PRJNA746067	SAMN20179687	SRX11420347	SRR15111580	RNA-seq	RNA-Seq	PAIRED	PAIRED	PAIRED	R2	2	SRR15111580_2.fastq.gz	ftp.sra.ebi.ac.uk/vol1/fastq/SRR151/080/SRR15111580/SRR15111580_2.fastq.gz	4efc31ec989bfd4f052decc642774d89	2413710744
PRJNA255418	SAMN02918452	SRX653807	SRR1516216	RNA-seq	RNA-Seq	SINGLE	SINGLE	SINGLE	SINGLE	1	SRR1516216.fastq.gz	ftp.sra.ebi.ac.uk/vol1/fastq/SRR151/006/SRR1516216/SRR1516216.fastq.gz	feb8b55f78b4812cf12969d09554d8d4	805384053
PRJNA255418	SAMN02918453	SRX653808	SRR1516217	RNA-seq	RNA-Seq	SINGLE	SINGLE	SINGLE	SINGLE	1	SRR1516217.fastq.gz	ftp.sra.ebi.ac.uk/vol1/fastq/SRR151/007/SRR1516217/SRR1516217.fastq.gz	802ab14d0560321a845589176e04ea0e	756784300
PRJNA749145	SAMN20355394	SRX11527349	SRR15221367	RNA-seq	RNA-Seq	PAIRED	PAIRED	PAIRED	R1	1	SRR15221367_1.fastq.gz	ftp.sra.ebi.ac.uk/vol1/fastq/SRR152/067/SRR15221367/SRR15221367_1.fastq.gz	6d33ce83fb3e89221fbbbcbabf6ca7f1	339428468
PRJNA749145	SAMN20355394	SRX11527349	SRR15221367	RNA-seq	RNA-Seq	PAIRED	PAIRED	PAIRED	R2	2	SRR15221367_2.fastq.gz	ftp.sra.ebi.ac.uk/vol1/fastq/SRR152/067/SRR15221367/SRR15221367_2.fastq.gz	7202bd4082df873b7309611a65983191	341903548
PRJNA749145	SAMN20355394	SRX11527348	SRR15221368	RNA-seq	RNA-Seq	PAIRED	PAIRED	PAIRED	R1	1	SRR15221368_1.fastq.gz	ftp.sra.ebi.ac.uk/vol1/fastq/SRR152/068/SRR15221368/SRR15221368_1.fastq.gz	a9e9e3ac983897813c2a46d589e7ed0f	344623985
PRJNA749145	SAMN20355394	SRX11527348	SRR15221368	RNA-seq	RNA-Seq	PAIRED	PAIRED	PAIRED	R2	2	SRR15221368_2.fastq.gz	ftp.sra.ebi.ac.uk/vol1/fastq/SRR152/068/SRR15221368/SRR15221368_2.fastq.gz	e8bc1e3be237fff66b2746690ed97406	345403805
PRJNA749145	SAMN20355394	SRX11527347	SRR15221369	RNA-seq	RNA-Seq	PAIRED	PAIRED	PAIRED	R1	1	SRR15221369_1.fastq.gz	ftp.sra.ebi.ac.uk/vol1/fastq/SRR152/069/SRR15221369/SRR15221369_1.fastq.gz	0a27f388645ab186fde26fb6b5647bb0	336762786
PRJNA749145	SAMN20355394	SRX11527347	SRR15221369	RNA-seq	RNA-Seq	PAIRED	PAIRED	PAIRED	R2	2	SRR15221369_2.fastq.gz	ftp.sra.ebi.ac.uk/vol1/fastq/SRR152/069/SRR15221369/SRR15221369_2.fastq.gz	a593a7c4b1c677883e66be73a1fe1396	336899339
PRJNA749145	SAMN20355393	SRX11527339	SRR15221377	RNA-seq	RNA-Seq	PAIRED	PAIRED	PAIRED	R1	1	SRR15221377_1.fastq.gz	ftp.sra.ebi.ac.uk/vol1/fastq/SRR152/077/SRR15221377/SRR15221377_1.fastq.gz	068f40296900ce4f9d97197dc1cc0157	314201159
PRJNA749145	SAMN20355393	SRX11527339	SRR15221377	RNA-seq	RNA-Seq	PAIRED	PAIRED	PAIRED	R2	2	SRR15221377_2.fastq.gz	ftp.sra.ebi.ac.uk/vol1/fastq/SRR152/077/SRR15221377/SRR15221377_2.fastq.gz	5d9faf22225b53b4eb95267d18062d3e	314934112
PRJNA749145	SAMN20355393	SRX11527335	SRR15221381	RNA-seq	RNA-Seq	PAIRED	PAIRED	PAIRED	R1	1	SRR15221381_1.fastq.gz	ftp.sra.ebi.ac.uk/vol1/fastq/SRR152/081/SRR15221381/SRR15221381_1.fastq.gz	03d32f02e7c03c7d83509bb7dc9bde78	321144186
PRJNA749145	SAMN20355393	SRX11527335	SRR15221381	RNA-seq	RNA-Seq	PAIRED	PAIRED	PAIRED	R2	2	SRR15221381_2.fastq.gz	ftp.sra.ebi.ac.uk/vol1/fastq/SRR152/081/SRR15221381/SRR15221381_2.fastq.gz	cae06538f2c0f801dddb2c9d1af2dba1	321841206
PRJNA749145	SAMN20355393	SRX11527334	SRR15221382	RNA-seq	RNA-Seq	PAIRED	PAIRED	PAIRED	R1	1	SRR15221382_1.fastq.gz	ftp.sra.ebi.ac.uk/vol1/fastq/SRR152/082/SRR15221382/SRR15221382_1.fastq.gz	5bdeb7116cfe6f28316b2a599471b158	327709579
PRJNA749145	SAMN20355393	SRX11527334	SRR15221382	RNA-seq	RNA-Seq	PAIRED	PAIRED	PAIRED	R2	2	SRR15221382_2.fastq.gz	ftp.sra.ebi.ac.uk/vol1/fastq/SRR152/082/SRR15221382/SRR15221382_2.fastq.gz	2aef952e3fde045509240632f0c78723	329943331
PRJNA749145	SAMN20355395	SRX11527328	SRR15221388	RNA-seq	RNA-Seq	PAIRED	PAIRED	PAIRED	R1	1	SRR15221388_1.fastq.gz	ftp.sra.ebi.ac.uk/vol1/fastq/SRR152/088/SRR15221388/SRR15221388_1.fastq.gz	4f5c4be8a585cde62819e9cd88d442ed	294919518
PRJNA749145	SAMN20355395	SRX11527328	SRR15221388	RNA-seq	RNA-Seq	PAIRED	PAIRED	PAIRED	R2	2	SRR15221388_2.fastq.gz	ftp.sra.ebi.ac.uk/vol1/fastq/SRR152/088/SRR15221388/SRR15221388_2.fastq.gz	12e4ee63e682d72d01989209b33d80a3	294622030
PRJNA749145	SAMN20355395	SRX11527322	SRR15221394	RNA-seq	RNA-Seq	PAIRED	PAIRED	PAIRED	R1	1	SRR15221394_1.fastq.gz	ftp.sra.ebi.ac.uk/vol1/fastq/SRR152/094/SRR15221394/SRR15221394_1.fastq.gz	921133da5aa57c522185497112430156	299079672
PRJNA749145	SAMN20355395	SRX11527322	SRR15221394	RNA-seq	RNA-Seq	PAIRED	PAIRED	PAIRED	R2	2	SRR15221394_2.fastq.gz	ftp.sra.ebi.ac.uk/vol1/fastq/SRR152/094/SRR15221394/SRR15221394_2.fastq.gz	d2d3e342d0b7aafac165e5b1bee30f1d	299442944
PRJNA749145	SAMN20355395	SRX11527321	SRR15221395	RNA-seq	RNA-Seq	PAIRED	PAIRED	PAIRED	R1	1	SRR15221395_1.fastq.gz	ftp.sra.ebi.ac.uk/vol1/fastq/SRR152/095/SRR15221395/SRR15221395_1.fastq.gz	a0679004ab6c2d76040e2799955897a4	305556671
PRJNA749145	SAMN20355395	SRX11527321	SRR15221395	RNA-seq	RNA-Seq	PAIRED	PAIRED	PAIRED	R2	2	SRR15221395_2.fastq.gz	ftp.sra.ebi.ac.uk/vol1/fastq/SRR152/095/SRR15221395/SRR15221395_2.fastq.gz	8082d57d10fe8687bdfc96a835ac3854	307096248
PRJNA749145	SAMN20355395	SRX11527319	SRR15221397	RNA-seq	RNA-Seq	PAIRED	PAIRED	PAIRED	R1	1	SRR15221397_1.fastq.gz	ftp.sra.ebi.ac.uk/vol1/fastq/SRR152/097/SRR15221397/SRR15221397_1.fastq.gz	86f1ed8f3513888ed61148ab222a53c5	332024243
PRJNA749145	SAMN20355395	SRX11527319	SRR15221397	RNA-seq	RNA-Seq	PAIRED	PAIRED	PAIRED	R2	2	SRR15221397_2.fastq.gz	ftp.sra.ebi.ac.uk/vol1/fastq/SRR152/097/SRR15221397/SRR15221397_2.fastq.gz	5c147feefd3472c930e6e57d13a057f3	333538267
PRJNA749145	SAMN20355395	SRX11527317	SRR15221399	RNA-seq	RNA-Seq	PAIRED	PAIRED	PAIRED	R1	1	SRR15221399_1.fastq.gz	ftp.sra.ebi.ac.uk/vol1/fastq/SRR152/099/SRR15221399/SRR15221399_1.fastq.gz	962cbe520646c878affa81084a1a329b	330189361
PRJNA749145	SAMN20355395	SRX11527317	SRR15221399	RNA-seq	RNA-Seq	PAIRED	PAIRED	PAIRED	R2	2	SRR15221399_2.fastq.gz	ftp.sra.ebi.ac.uk/vol1/fastq/SRR152/099/SRR15221399/SRR15221399_2.fastq.gz	1f68192dac55ec29df9a89c1e938e9b7	332431929
PRJNA742028	SAMN20893091	SRX11857240	SRR15559111	RNA-seq	RNA-Seq	SINGLE	SINGLE	SINGLE	SINGLE	1	SRR15559111.fastq.gz	ftp.sra.ebi.ac.uk/vol1/fastq/SRR155/011/SRR15559111/SRR15559111.fastq.gz	0021eb49833a6d80d69c1f8cfc96d148	403332259
PRJNA742028	SAMN20893089	SRX11857238	SRR15559113	RNA-seq	RNA-Seq	SINGLE	SINGLE	SINGLE	SINGLE	1	SRR15559113.fastq.gz	ftp.sra.ebi.ac.uk/vol1/fastq/SRR155/013/SRR15559113/SRR15559113.fastq.gz	e39081ee076bf0d30d1b5539f0feb68e	433180934
PRJNA742028	SAMN20893087	SRX11857236	SRR15559114	RNA-seq	RNA-Seq	SINGLE	SINGLE	SINGLE	SINGLE	1	SRR15559114.fastq.gz	ftp.sra.ebi.ac.uk/vol1/fastq/SRR155/014/SRR15559114/SRR15559114.fastq.gz	57e87113bc0906c65e07014d67fa0334	304149009
PRJNA742028	SAMN20893086	SRX11857235	SRR15559115	RNA-seq	RNA-Seq	SINGLE	SINGLE	SINGLE	SINGLE	1	SRR15559115.fastq.gz	ftp.sra.ebi.ac.uk/vol1/fastq/SRR155/015/SRR15559115/SRR15559115.fastq.gz	75e45116e498528f46a2f9f777f81a60	312622405
PRJNA778050	SAMN22901730	SRX12995921	SRR16796960	RNA-seq	RNA-Seq	SINGLE	SINGLE	SINGLE	SINGLE	1	SRR16796960.fastq.gz	ftp.sra.ebi.ac.uk/vol1/fastq/SRR167/060/SRR16796960/SRR16796960.fastq.gz	3238ac1b159a6ff4834c04fdc23d61f1	1576770940
PRJNA766998	SAMN23296634	SRX13171159	SRR16980326	RNA-seq	RNA-Seq	PAIRED	PAIRED	PAIRED	R1	1	SRR16980326_1.fastq.gz	ftp.sra.ebi.ac.uk/vol1/fastq/SRR169/026/SRR16980326/SRR16980326_1.fastq.gz	02e01dda16d02497e967d24b293d5bb4	2131905235
PRJNA766998	SAMN23296634	SRX13171159	SRR16980326	RNA-seq	RNA-Seq	PAIRED	PAIRED	PAIRED	R2	2	SRR16980326_2.fastq.gz	ftp.sra.ebi.ac.uk/vol1/fastq/SRR169/026/SRR16980326/SRR16980326_2.fastq.gz	44e4ed5670a5de5f7a6696eb81174c9e	2139538288
PRJNA766998	SAMN23296634	SRX13171158	SRR16980327	RNA-seq	RNA-Seq	PAIRED	PAIRED	PAIRED	R1	1	SRR16980327_1.fastq.gz	ftp.sra.ebi.ac.uk/vol1/fastq/SRR169/027/SRR16980327/SRR16980327_1.fastq.gz	2b36e0ae533cfd3e1ca46d4cf0c93fbc	2567075603
PRJNA766998	SAMN23296634	SRX13171158	SRR16980327	RNA-seq	RNA-Seq	PAIRED	PAIRED	PAIRED	R2	2	SRR16980327_2.fastq.gz	ftp.sra.ebi.ac.uk/vol1/fastq/SRR169/027/SRR16980327/SRR16980327_2.fastq.gz	8ca8606fa0e29c545d174b90fada3f76	2574202708
PRJNA766998	SAMN23296634	SRX13171156	SRR16980329	RNA-seq	RNA-Seq	PAIRED	PAIRED	PAIRED	R1	1	SRR16980329_1.fastq.gz	ftp.sra.ebi.ac.uk/vol1/fastq/SRR169/029/SRR16980329/SRR16980329_1.fastq.gz	1d7f186945f57f9f2ead6a6a1a806eee	2171200554
PRJNA766998	SAMN23296634	SRX13171156	SRR16980329	RNA-seq	RNA-Seq	PAIRED	PAIRED	PAIRED	R2	2	SRR16980329_2.fastq.gz	ftp.sra.ebi.ac.uk/vol1/fastq/SRR169/029/SRR16980329/SRR16980329_2.fastq.gz	eef2dae7c2f04a6a053881ae622d0c98	2184408419
PRJNA766998	SAMN23296634	SRX13171155	SRR16980330	RNA-seq	RNA-Seq	PAIRED	PAIRED	PAIRED	R1	1	SRR16980330_1.fastq.gz	ftp.sra.ebi.ac.uk/vol1/fastq/SRR169/030/SRR16980330/SRR16980330_1.fastq.gz	d9cda2c53cc4e60100344280bfa86165	1703771433
PRJNA766998	SAMN23296634	SRX13171155	SRR16980330	RNA-seq	RNA-Seq	PAIRED	PAIRED	PAIRED	R2	2	SRR16980330_2.fastq.gz	ftp.sra.ebi.ac.uk/vol1/fastq/SRR169/030/SRR16980330/SRR16980330_2.fastq.gz	c094c6f80bfd405180509d57056f0cfa	1709381167
PRJNA766998	SAMN23296634	SRX13171154	SRR16980331	RNA-seq	RNA-Seq	PAIRED	PAIRED	PAIRED	R1	1	SRR16980331_1.fastq.gz	ftp.sra.ebi.ac.uk/vol1/fastq/SRR169/031/SRR16980331/SRR16980331_1.fastq.gz	93c148a536df960db25361a564ec3b62	2421778116
PRJNA766998	SAMN23296634	SRX13171154	SRR16980331	RNA-seq	RNA-Seq	PAIRED	PAIRED	PAIRED	R2	2	SRR16980331_2.fastq.gz	ftp.sra.ebi.ac.uk/vol1/fastq/SRR169/031/SRR16980331/SRR16980331_2.fastq.gz	8abb4a9b0fd0127f6076082863db3785	2430532688
PRJNA766998	SAMN23296634	SRX13171152	SRR16980333	RNA-seq	RNA-Seq	PAIRED	PAIRED	PAIRED	R1	1	SRR16980333_1.fastq.gz	ftp.sra.ebi.ac.uk/vol1/fastq/SRR169/033/SRR16980333/SRR16980333_1.fastq.gz	5a7a8ad2c6c7925b38e95883a043abc5	1345344039
PRJNA766998	SAMN23296634	SRX13171152	SRR16980333	RNA-seq	RNA-Seq	PAIRED	PAIRED	PAIRED	R2	2	SRR16980333_2.fastq.gz	ftp.sra.ebi.ac.uk/vol1/fastq/SRR169/033/SRR16980333/SRR16980333_2.fastq.gz	836eaf6941630dbcceffe99c69cbd8cc	1351400902
PRJNA766998	SAMN23296634	SRX13171143	SRR16980342	RNA-seq	RNA-Seq	PAIRED	PAIRED	PAIRED	R1	1	SRR16980342_1.fastq.gz	ftp.sra.ebi.ac.uk/vol1/fastq/SRR169/042/SRR16980342/SRR16980342_1.fastq.gz	7e5be28409de3a38cc2fab68ae3db9f3	2051570279
PRJNA766998	SAMN23296634	SRX13171143	SRR16980342	RNA-seq	RNA-Seq	PAIRED	PAIRED	PAIRED	R2	2	SRR16980342_2.fastq.gz	ftp.sra.ebi.ac.uk/vol1/fastq/SRR169/042/SRR16980342/SRR16980342_2.fastq.gz	6b7d6aad668e73f07e9c8d61f5c7a789	2058274562
PRJNA766998	SAMN23296634	SRX13171133	SRR16980352	RNA-seq	RNA-Seq	PAIRED	PAIRED	PAIRED	R1	1	SRR16980352_1.fastq.gz	ftp.sra.ebi.ac.uk/vol1/fastq/SRR169/052/SRR16980352/SRR16980352_1.fastq.gz	f3560a6c1754071eea5725872fd05847	2328332059
PRJNA766998	SAMN23296634	SRX13171133	SRR16980352	RNA-seq	RNA-Seq	PAIRED	PAIRED	PAIRED	R2	2	SRR16980352_2.fastq.gz	ftp.sra.ebi.ac.uk/vol1/fastq/SRR169/052/SRR16980352/SRR16980352_2.fastq.gz	d64d2ef903152826a39f2bca3de3b0ea	2336607957
PRJNA766998	SAMN23296634	SRX13171128	SRR16980357	RNA-seq	RNA-Seq	PAIRED	PAIRED	PAIRED	R1	1	SRR16980357_1.fastq.gz	ftp.sra.ebi.ac.uk/vol1/fastq/SRR169/057/SRR16980357/SRR16980357_1.fastq.gz	9ebcc36f650631ca7baeb6974d37ffd7	1647358860
PRJNA766998	SAMN23296634	SRX13171128	SRR16980357	RNA-seq	RNA-Seq	PAIRED	PAIRED	PAIRED	R2	2	SRR16980357_2.fastq.gz	ftp.sra.ebi.ac.uk/vol1/fastq/SRR169/057/SRR16980357/SRR16980357_2.fastq.gz	d9b483509dca8392e11de8d4b3b2f3bd	1652633252
PRJNA766998	SAMN23296634	SRX13171124	SRR16980361	RNA-seq	RNA-Seq	PAIRED	PAIRED	PAIRED	R1	1	SRR16980361_1.fastq.gz	ftp.sra.ebi.ac.uk/vol1/fastq/SRR169/061/SRR16980361/SRR16980361_1.fastq.gz	92bfa5dd73e835cefc6f2a33cf81e785	1961020365
PRJNA766998	SAMN23296634	SRX13171124	SRR16980361	RNA-seq	RNA-Seq	PAIRED	PAIRED	PAIRED	R2	2	SRR16980361_2.fastq.gz	ftp.sra.ebi.ac.uk/vol1/fastq/SRR169/061/SRR16980361/SRR16980361_2.fastq.gz	b124e39679628bd4c4dbd2d0e33fa654	1967433320
PRJNA766998	SAMN23296634	SRX13171112	SRR16980373	RNA-seq	RNA-Seq	PAIRED	PAIRED	PAIRED	R1	1	SRR16980373_1.fastq.gz	ftp.sra.ebi.ac.uk/vol1/fastq/SRR169/073/SRR16980373/SRR16980373_1.fastq.gz	02577fce9f184c17d36366f26151e0b1	2228962075
PRJNA766998	SAMN23296634	SRX13171112	SRR16980373	RNA-seq	RNA-Seq	PAIRED	PAIRED	PAIRED	R2	2	SRR16980373_2.fastq.gz	ftp.sra.ebi.ac.uk/vol1/fastq/SRR169/073/SRR16980373/SRR16980373_2.fastq.gz	b5a1dea2ce48b16b049f9a78058445b6	2233869862
PRJNA766998	SAMN23296634	SRX13171110	SRR16980375	RNA-seq	RNA-Seq	PAIRED	PAIRED	PAIRED	R1	1	SRR16980375_1.fastq.gz	ftp.sra.ebi.ac.uk/vol1/fastq/SRR169/075/SRR16980375/SRR16980375_1.fastq.gz	5fbfe5838d78222e5f73514423a8022b	2366976622
PRJNA766998	SAMN23296634	SRX13171110	SRR16980375	RNA-seq	RNA-Seq	PAIRED	PAIRED	PAIRED	R2	2	SRR16980375_2.fastq.gz	ftp.sra.ebi.ac.uk/vol1/fastq/SRR169/075/SRR16980375/SRR16980375_2.fastq.gz	be23e678779974b31f3423b1e20ddb0d	2374597617
PRJNA766998	SAMN23296634	SRX13171109	SRR16980376	RNA-seq	RNA-Seq	PAIRED	PAIRED	PAIRED	R1	1	SRR16980376_1.fastq.gz	ftp.sra.ebi.ac.uk/vol1/fastq/SRR169/076/SRR16980376/SRR16980376_1.fastq.gz	a87d10ff165fa2dc8588fc0335afd962	1996604244
PRJNA766998	SAMN23296634	SRX13171109	SRR16980376	RNA-seq	RNA-Seq	PAIRED	PAIRED	PAIRED	R2	2	SRR16980376_2.fastq.gz	ftp.sra.ebi.ac.uk/vol1/fastq/SRR169/076/SRR16980376/SRR16980376_2.fastq.gz	2537a97e28c865daf5325625ba799b6e	2002602736
PRJNA785251	SAMN23551697	SRX13273391	SRR17085240	RNA-seq	RNA-Seq	SINGLE	SINGLE	SINGLE	SINGLE	1	SRR17085240.fastq.gz	ftp.sra.ebi.ac.uk/vol1/fastq/SRR170/040/SRR17085240/SRR17085240.fastq.gz	81aa236bbe8855e94128608c021767b0	138263405
PRJNA785251	SAMN23551697	SRX13273391	SRR17085241	RNA-seq	RNA-Seq	SINGLE	SINGLE	SINGLE	SINGLE	1	SRR17085241.fastq.gz	ftp.sra.ebi.ac.uk/vol1/fastq/SRR170/041/SRR17085241/SRR17085241.fastq.gz	b13899f3a2b4ab637c8e439942c4310f	138462432
PRJNA785251	SAMN23551698	SRX13273390	SRR17085247	RNA-seq	RNA-Seq	SINGLE	SINGLE	SINGLE	SINGLE	1	SRR17085247.fastq.gz	ftp.sra.ebi.ac.uk/vol1/fastq/SRR170/047/SRR17085247/SRR17085247.fastq.gz	884ebe6b5753cd4947dce5ac450e16de	118989502
PRJNA785251	SAMN23551698	SRX13273390	SRR17085248	RNA-seq	RNA-Seq	SINGLE	SINGLE	SINGLE	SINGLE	1	SRR17085248.fastq.gz	ftp.sra.ebi.ac.uk/vol1/fastq/SRR170/048/SRR17085248/SRR17085248.fastq.gz	54d0280680936653ffc448c44a176637	140317109
PRJNA785251	SAMN23551699	SRX13273389	SRR17085250	RNA-seq	RNA-Seq	SINGLE	SINGLE	SINGLE	SINGLE	1	SRR17085250.fastq.gz	ftp.sra.ebi.ac.uk/vol1/fastq/SRR170/050/SRR17085250/SRR17085250.fastq.gz	e2792ad0ad695bada53da5087daf5b69	138565788
PRJNA785251	SAMN23551699	SRX13273389	SRR17085255	RNA-seq	RNA-Seq	SINGLE	SINGLE	SINGLE	SINGLE	1	SRR17085255.fastq.gz	ftp.sra.ebi.ac.uk/vol1/fastq/SRR170/055/SRR17085255/SRR17085255.fastq.gz	9e38e1dda170d97ebee62e11829f1af7	26571812
PRJNA785251	SAMN23551701	SRX13273387	SRR17085262	RNA-seq	RNA-Seq	SINGLE	SINGLE	SINGLE	SINGLE	1	SRR17085262.fastq.gz	ftp.sra.ebi.ac.uk/vol1/fastq/SRR170/062/SRR17085262/SRR17085262.fastq.gz	4859b0672b655e89caddaf5dd9df4b52	139663906
PRJNA785251	SAMN23551701	SRX13273387	SRR17085263	RNA-seq	RNA-Seq	SINGLE	SINGLE	SINGLE	SINGLE	1	SRR17085263.fastq.gz	ftp.sra.ebi.ac.uk/vol1/fastq/SRR170/063/SRR17085263/SRR17085263.fastq.gz	913f9111c326fee1a681d6442efdda26	138181540
PRJNA785251	SAMN23551702	SRX13273386	SRR17085271	RNA-seq	RNA-Seq	SINGLE	SINGLE	SINGLE	SINGLE	1	SRR17085271.fastq.gz	ftp.sra.ebi.ac.uk/vol1/fastq/SRR170/071/SRR17085271/SRR17085271.fastq.gz	3d212188084913efaec0d0d222a0b251	15637204
PRJNA785251	SAMN23551703	SRX13273385	SRR17085275	RNA-seq	RNA-Seq	SINGLE	SINGLE	SINGLE	SINGLE	1	SRR17085275.fastq.gz	ftp.sra.ebi.ac.uk/vol1/fastq/SRR170/075/SRR17085275/SRR17085275.fastq.gz	b82094492ef3147c3f88afccafe812f7	138283797
PRJNA785251	SAMN23551703	SRX13273385	SRR17085276	RNA-seq	RNA-Seq	SINGLE	SINGLE	SINGLE	SINGLE	1	SRR17085276.fastq.gz	ftp.sra.ebi.ac.uk/vol1/fastq/SRR170/076/SRR17085276/SRR17085276.fastq.gz	048137e3581b832b3021b46277f5cdef	139779902
PRJNA785251	SAMN23551705	SRX13273383	SRR17085287	RNA-seq	RNA-Seq	SINGLE	SINGLE	SINGLE	SINGLE	1	SRR17085287.fastq.gz	ftp.sra.ebi.ac.uk/vol1/fastq/SRR170/087/SRR17085287/SRR17085287.fastq.gz	9561ad81cd8bca062c4abf81deff7ec5	137520632
PRJNA785251	SAMN23551707	SRX13273381	SRR17085296	RNA-seq	RNA-Seq	SINGLE	SINGLE	SINGLE	SINGLE	1	SRR17085296.fastq.gz	ftp.sra.ebi.ac.uk/vol1/fastq/SRR170/096/SRR17085296/SRR17085296.fastq.gz	1e879aea9a135ef2f2d1fdd84312dea0	137366529
PRJNA785251	SAMN23551707	SRX13273381	SRR17085297	RNA-seq	RNA-Seq	SINGLE	SINGLE	SINGLE	SINGLE	1	SRR17085297.fastq.gz	ftp.sra.ebi.ac.uk/vol1/fastq/SRR170/097/SRR17085297/SRR17085297.fastq.gz	5eb14987c15a6f66a6524fd2b7a010ba	138950288
PRJNA785251	SAMN23551692	SRX13273377	SRR17085320	RNA-seq	RNA-Seq	SINGLE	SINGLE	SINGLE	SINGLE	1	SRR17085320.fastq.gz	ftp.sra.ebi.ac.uk/vol1/fastq/SRR170/020/SRR17085320/SRR17085320.fastq.gz	27783b2ed4ccaa4408302b87a725c253	138892290
PRJNA785251	SAMN23551693	SRX13273376	SRR17085326	RNA-seq	RNA-Seq	SINGLE	SINGLE	SINGLE	SINGLE	1	SRR17085326.fastq.gz	ftp.sra.ebi.ac.uk/vol1/fastq/SRR170/026/SRR17085326/SRR17085326.fastq.gz	2e060683f4d9951b307b0640f6f3ce52	138617481
PRJNA785251	SAMN23551693	SRX13273376	SRR17085328	RNA-seq	RNA-Seq	SINGLE	SINGLE	SINGLE	SINGLE	1	SRR17085328.fastq.gz	ftp.sra.ebi.ac.uk/vol1/fastq/SRR170/028/SRR17085328/SRR17085328.fastq.gz	ab880010b6d5567d5aa1e1bc9f6de1db	59905198
PRJNA785251	SAMN23551693	SRX13273376	SRR17085329	RNA-seq	RNA-Seq	SINGLE	SINGLE	SINGLE	SINGLE	1	SRR17085329.fastq.gz	ftp.sra.ebi.ac.uk/vol1/fastq/SRR170/029/SRR17085329/SRR17085329.fastq.gz	f998cec17e605f892ce4325b226bc24c	138942562
PRJNA785251	SAMN23551693	SRX13273376	SRR17085330	RNA-seq	RNA-Seq	SINGLE	SINGLE	SINGLE	SINGLE	1	SRR17085330.fastq.gz	ftp.sra.ebi.ac.uk/vol1/fastq/SRR170/030/SRR17085330/SRR17085330.fastq.gz	e90b29e270e3d8821f18c625fa24217a	141316835
PRJNA785251	SAMN23551694	SRX13273375	SRR17085332	RNA-seq	RNA-Seq	SINGLE	SINGLE	SINGLE	SINGLE	1	SRR17085332.fastq.gz	ftp.sra.ebi.ac.uk/vol1/fastq/SRR170/032/SRR17085332/SRR17085332.fastq.gz	9b107aca1129bb9fae4bd938ab2b552a	138487161
PRJNA785251	SAMN23551694	SRX13273375	SRR17085337	RNA-seq	RNA-Seq	SINGLE	SINGLE	SINGLE	SINGLE	1	SRR17085337.fastq.gz	ftp.sra.ebi.ac.uk/vol1/fastq/SRR170/037/SRR17085337/SRR17085337.fastq.gz	744f4dc6ac86944198e7ba7034707412	26238427
PRJNA785251	SAMN23551695	SRX13273374	SRR17085339	RNA-seq	RNA-Seq	SINGLE	SINGLE	SINGLE	SINGLE	1	SRR17085339.fastq.gz	ftp.sra.ebi.ac.uk/vol1/fastq/SRR170/039/SRR17085339/SRR17085339.fastq.gz	b7c04debc90787d5b033f255751ebc14	139529782
PRJNA785251	SAMN23551695	SRX13273374	SRR17085343	RNA-seq	RNA-Seq	SINGLE	SINGLE	SINGLE	SINGLE	1	SRR17085343.fastq.gz	ftp.sra.ebi.ac.uk/vol1/fastq/SRR170/043/SRR17085343/SRR17085343.fastq.gz	c196816feac89944aee2056cd1008baf	44622331
PRJNA810994	SAMN26308033	SRX14311060	SRR18163659	RNA-seq	RNA-Seq	SINGLE	SINGLE	SINGLE	SINGLE	1	SRR18163659.fastq.gz	ftp.sra.ebi.ac.uk/vol1/fastq/SRR181/059/SRR18163659/SRR18163659.fastq.gz	abb6fc0db71cc5fe2b049e39130cbb02	2964045682
PRJNA810994	SAMN26308036	SRX14311057	SRR18163662	RNA-seq	RNA-Seq	SINGLE	SINGLE	SINGLE	SINGLE	1	SRR18163662.fastq.gz	ftp.sra.ebi.ac.uk/vol1/fastq/SRR181/062/SRR18163662/SRR18163662.fastq.gz	5c9821b54f06ffee1b1c67453aea410b	4309138649
PRJNA810994	SAMN26308041	SRX14311052	SRR18163667	RNA-seq	RNA-Seq	SINGLE	SINGLE	SINGLE	SINGLE	1	SRR18163667.fastq.gz	ftp.sra.ebi.ac.uk/vol1/fastq/SRR181/067/SRR18163667/SRR18163667.fastq.gz	5dac36c670259ec560ae414ef1a40fc5	3336945957
PRJNA817102	SAMN26747792	SRX14491409	SRR18356113	RNA-seq	RNA-Seq	PAIRED	PAIRED	PAIRED	R1	1	SRR18356113_1.fastq.gz	ftp.sra.ebi.ac.uk/vol1/fastq/SRR183/013/SRR18356113/SRR18356113_1.fastq.gz	95783823ced66bd2717be7d546568e84	1627460713
PRJNA817102	SAMN26747792	SRX14491409	SRR18356113	RNA-seq	RNA-Seq	PAIRED	PAIRED	PAIRED	R2	2	SRR18356113_2.fastq.gz	ftp.sra.ebi.ac.uk/vol1/fastq/SRR183/013/SRR18356113/SRR18356113_2.fastq.gz	4b1baef19562afa530525825189bd021	1679194270
PRJNA839086	SAMN28495779	SRX15316773	SRR19256302	RNA-seq	RNA-Seq	PAIRED	PAIRED	PAIRED	R1	1	SRR19256302_1.fastq.gz	ftp.sra.ebi.ac.uk/vol1/fastq/SRR192/002/SRR19256302/SRR19256302_1.fastq.gz	a8c1462bd0c415996c02378978e68bb4	988674821
PRJNA839086	SAMN28495779	SRX15316773	SRR19256302	RNA-seq	RNA-Seq	PAIRED	PAIRED	PAIRED	R2	2	SRR19256302_2.fastq.gz	ftp.sra.ebi.ac.uk/vol1/fastq/SRR192/002/SRR19256302/SRR19256302_2.fastq.gz	879030ca31c66d86bf4b0031a271123a	990158682
PRJNA865478	SAMN30113683	SRX16790173	SRR20770293	ChIP-seq	ChIP-Seq	SINGLE	SINGLE	SINGLE	SINGLE	1	SRR20770293.fastq.gz	ftp.sra.ebi.ac.uk/vol1/fastq/SRR207/093/SRR20770293/SRR20770293.fastq.gz	173cc193cbea4c75286a3d78fdc5adad	3133316386
PRJNA938154	SAMN33426959	SRX19488786	SRR23603788	RNA-seq	RNA-Seq	PAIRED	SINGLE	UNPAIRED_FROM_PAIRED	UNPAIRED	1	SRR23603788.fastq.gz	ftp.sra.ebi.ac.uk/vol1/fastq/SRR236/088/SRR23603788/SRR23603788.fastq.gz	8044f965297c644a3bcbcffac3bc5ac3	659363488
PRJNA938154	SAMN33426961	SRX19488784	SRR23603790	RNA-seq	RNA-Seq	PAIRED	SINGLE	UNPAIRED_FROM_PAIRED	UNPAIRED	1	SRR23603790.fastq.gz	ftp.sra.ebi.ac.uk/vol1/fastq/SRR236/090/SRR23603790/SRR23603790.fastq.gz	95254027040a331e3691faacab65a2e9	749184871
PRJNA938154	SAMN33426971	SRX19488754	SRR23603800	RNA-seq	RNA-Seq	PAIRED	SINGLE	UNPAIRED_FROM_PAIRED	UNPAIRED	1	SRR23603800.fastq.gz	ftp.sra.ebi.ac.uk/vol1/fastq/SRR236/000/SRR23603800/SRR23603800.fastq.gz	77be2421a40153ff4079b87e59ecbd30	770393858
PRJNA938154	SAMN33426999	SRX19488766	SRR23603808	RNA-seq	RNA-Seq	PAIRED	SINGLE	UNPAIRED_FROM_PAIRED	UNPAIRED	1	SRR23603808.fastq.gz	ftp.sra.ebi.ac.uk/vol1/fastq/SRR236/008/SRR23603808/SRR23603808.fastq.gz	bed32065403c32c109e5f699d248075b	705974274
PRJNA938154	SAMN33426973	SRX19488752	SRR23603822	RNA-seq	RNA-Seq	PAIRED	SINGLE	UNPAIRED_FROM_PAIRED	UNPAIRED	1	SRR23603822.fastq.gz	ftp.sra.ebi.ac.uk/vol1/fastq/SRR236/022/SRR23603822/SRR23603822.fastq.gz	bc3147ac7c1800005663a7e70b0b72d2	763092897
PRJNA938154	SAMN33426976	SRX19488749	SRR23603825	RNA-seq	RNA-Seq	PAIRED	SINGLE	UNPAIRED_FROM_PAIRED	UNPAIRED	1	SRR23603825.fastq.gz	ftp.sra.ebi.ac.uk/vol1/fastq/SRR236/025/SRR23603825/SRR23603825.fastq.gz	3873fd3b03de4bc7565e7f744099cf6f	734877583
PRJNA938154	SAMN33426979	SRX19488746	SRR23603828	RNA-seq	RNA-Seq	PAIRED	SINGLE	UNPAIRED_FROM_PAIRED	UNPAIRED	1	SRR23603828.fastq.gz	ftp.sra.ebi.ac.uk/vol1/fastq/SRR236/028/SRR23603828/SRR23603828.fastq.gz	ce0992a71b841cca3c1101e56863305e	766680257
PRJNA938154	SAMN33426980	SRX19488745	SRR23603829	RNA-seq	RNA-Seq	PAIRED	SINGLE	UNPAIRED_FROM_PAIRED	UNPAIRED	1	SRR23603829.fastq.gz	ftp.sra.ebi.ac.uk/vol1/fastq/SRR236/029/SRR23603829/SRR23603829.fastq.gz	5fdc50f149c12cf3942db71c51ea93f7	753734293
PRJNA938154	SAMN33426983	SRX19488742	SRR23603832	RNA-seq	RNA-Seq	PAIRED	SINGLE	UNPAIRED_FROM_PAIRED	UNPAIRED	1	SRR23603832.fastq.gz	ftp.sra.ebi.ac.uk/vol1/fastq/SRR236/032/SRR23603832/SRR23603832.fastq.gz	9c628608696c4cdce92d029775d9a41d	725971475
PRJNA938154	SAMN33426985	SRX19488740	SRR23603834	RNA-seq	RNA-Seq	PAIRED	SINGLE	UNPAIRED_FROM_PAIRED	UNPAIRED	1	SRR23603834.fastq.gz	ftp.sra.ebi.ac.uk/vol1/fastq/SRR236/034/SRR23603834/SRR23603834.fastq.gz	0f9d11293557828016470a3a50d506c4	763508765
PRJNA938154	SAMN33426991	SRX19488774	SRR23603840	RNA-seq	RNA-Seq	PAIRED	SINGLE	UNPAIRED_FROM_PAIRED	UNPAIRED	1	SRR23603840.fastq.gz	ftp.sra.ebi.ac.uk/vol1/fastq/SRR236/040/SRR23603840/SRR23603840.fastq.gz	473417531b055954bb2cecdd24b07239	706474875
PRJNA938154	SAMN33427013	SRX19488732	SRR23603842	RNA-seq	RNA-Seq	PAIRED	SINGLE	UNPAIRED_FROM_PAIRED	UNPAIRED	1	SRR23603842.fastq.gz	ftp.sra.ebi.ac.uk/vol1/fastq/SRR236/042/SRR23603842/SRR23603842.fastq.gz	75ec53c866770f8297728e308a3ac5bc	729492453
PRJNA938154	SAMN33427017	SRX19488728	SRR23603846	RNA-seq	RNA-Seq	PAIRED	SINGLE	UNPAIRED_FROM_PAIRED	UNPAIRED	1	SRR23603846.fastq.gz	ftp.sra.ebi.ac.uk/vol1/fastq/SRR236/046/SRR23603846/SRR23603846.fastq.gz	13ec2d971859f8bf8c89510a2031f30e	727450865
PRJNA938154	SAMN33427021	SRX19488724	SRR23603850	RNA-seq	RNA-Seq	PAIRED	SINGLE	UNPAIRED_FROM_PAIRED	UNPAIRED	1	SRR23603850.fastq.gz	ftp.sra.ebi.ac.uk/vol1/fastq/SRR236/050/SRR23603850/SRR23603850.fastq.gz	e15d0ae4b2902cb4b11fb2fc13afc9a5	701205926
PRJNA938154	SAMN33427025	SRX19488720	SRR23603854	RNA-seq	RNA-Seq	PAIRED	SINGLE	UNPAIRED_FROM_PAIRED	UNPAIRED	1	SRR23603854.fastq.gz	ftp.sra.ebi.ac.uk/vol1/fastq/SRR236/054/SRR23603854/SRR23603854.fastq.gz	78a4642d88a21b5e67fc15a0617c7650	768185650
PRJNA938154	SAMN33427031	SRX19488714	SRR23603860	RNA-seq	RNA-Seq	PAIRED	SINGLE	UNPAIRED_FROM_PAIRED	UNPAIRED	1	SRR23603860.fastq.gz	ftp.sra.ebi.ac.uk/vol1/fastq/SRR236/060/SRR23603860/SRR23603860.fastq.gz	41bec440c0dd64ea6b06769d6fda8f73	508628057
PRJNA938154	SAMN33427041	SRX19488704	SRR23603870	RNA-seq	RNA-Seq	PAIRED	SINGLE	UNPAIRED_FROM_PAIRED	UNPAIRED	1	SRR23603870.fastq.gz	ftp.sra.ebi.ac.uk/vol1/fastq/SRR236/070/SRR23603870/SRR23603870.fastq.gz	e6f37cafa9974e3a437f55abe57dfb37	643071649
PRJNA938154	SAMN33427051	SRX19488694	SRR23603880	RNA-seq	RNA-Seq	PAIRED	SINGLE	UNPAIRED_FROM_PAIRED	UNPAIRED	1	SRR23603880.fastq.gz	ftp.sra.ebi.ac.uk/vol1/fastq/SRR236/080/SRR23603880/SRR23603880.fastq.gz	44ca01cf21ef46a85a9cf9dbbb5c68f0	637894524
PRJNA938154	SAMN33427052	SRX19488693	SRR23603881	RNA-seq	RNA-Seq	PAIRED	SINGLE	UNPAIRED_FROM_PAIRED	UNPAIRED	1	SRR23603881.fastq.gz	ftp.sra.ebi.ac.uk/vol1/fastq/SRR236/081/SRR23603881/SRR23603881.fastq.gz	6f12f1999207b9de53612029c0137ea7	781829381
PRJNA953054	SAMN34105237	SRX19900042	SRR24099909	RNA-seq	RNA-Seq	PAIRED	PAIRED	PAIRED	R1	1	SRR24099909_1.fastq.gz	ftp.sra.ebi.ac.uk/vol1/fastq/SRR240/009/SRR24099909/SRR24099909_1.fastq.gz	7c5e509df4357a4837dd26ab91361d23	1847960013
PRJNA953054	SAMN34105237	SRX19900042	SRR24099909	RNA-seq	RNA-Seq	PAIRED	PAIRED	PAIRED	R2	2	SRR24099909_2.fastq.gz	ftp.sra.ebi.ac.uk/vol1/fastq/SRR240/009/SRR24099909/SRR24099909_2.fastq.gz	763e549104622a8ffe8e92b4b68d718a	1842597551
PRJNA974014	SAMN35159393	SRX20431020	SRR24650918	RNA-seq	RNA-Seq	PAIRED	PAIRED	PAIRED	R1	1	SRR24650918_1.fastq.gz	ftp.sra.ebi.ac.uk/vol1/fastq/SRR246/018/SRR24650918/SRR24650918_1.fastq.gz	f55f9c1b907ed87688c4008738e98f1b	3018967889
PRJNA974014	SAMN35159393	SRX20431020	SRR24650918	RNA-seq	RNA-Seq	PAIRED	PAIRED	PAIRED	R2	2	SRR24650918_2.fastq.gz	ftp.sra.ebi.ac.uk/vol1/fastq/SRR246/018/SRR24650918/SRR24650918_2.fastq.gz	ff17471a8f5c315e27ae2e5ba172996f	3185133236
PRJNA974014	SAMN35159395	SRX20431018	SRR24650920	RNA-seq	RNA-Seq	PAIRED	PAIRED	PAIRED	R1	1	SRR24650920_1.fastq.gz	ftp.sra.ebi.ac.uk/vol1/fastq/SRR246/020/SRR24650920/SRR24650920_1.fastq.gz	8eb81c436d0f18f8dbf36b986688630d	3485124212
PRJNA974014	SAMN35159395	SRX20431018	SRR24650920	RNA-seq	RNA-Seq	PAIRED	PAIRED	PAIRED	R2	2	SRR24650920_2.fastq.gz	ftp.sra.ebi.ac.uk/vol1/fastq/SRR246/020/SRR24650920/SRR24650920_2.fastq.gz	2a458d547915df3006be00cd3a8b772f	3669483010
PRJNA974014	SAMN35159428	SRX20431009	SRR24650929	RNA-seq	RNA-Seq	PAIRED	PAIRED	PAIRED	R1	1	SRR24650929_1.fastq.gz	ftp.sra.ebi.ac.uk/vol1/fastq/SRR246/029/SRR24650929/SRR24650929_1.fastq.gz	a9bb07cb8c0057be706fb3b628855f92	1199635569
PRJNA974014	SAMN35159428	SRX20431009	SRR24650929	RNA-seq	RNA-Seq	PAIRED	PAIRED	PAIRED	R2	2	SRR24650929_2.fastq.gz	ftp.sra.ebi.ac.uk/vol1/fastq/SRR246/029/SRR24650929/SRR24650929_2.fastq.gz	59df78122ded22b5913aeff47b865448	1267481604
PRJNA974014	SAMN35159430	SRX20431007	SRR24650931	RNA-seq	RNA-Seq	PAIRED	PAIRED	PAIRED	R1	1	SRR24650931_1.fastq.gz	ftp.sra.ebi.ac.uk/vol1/fastq/SRR246/031/SRR24650931/SRR24650931_1.fastq.gz	dce5622bfba3e72b3b105d6dcf3420c7	1015481682
PRJNA974014	SAMN35159430	SRX20431007	SRR24650931	RNA-seq	RNA-Seq	PAIRED	PAIRED	PAIRED	R2	2	SRR24650931_2.fastq.gz	ftp.sra.ebi.ac.uk/vol1/fastq/SRR246/031/SRR24650931/SRR24650931_2.fastq.gz	ef6cadbdf0bee19b9fc79861433f9fea	1071627925
PRJNA974014	SAMN35159461	SRX20431000	SRR24650938	RNA-seq	RNA-Seq	PAIRED	PAIRED	PAIRED	R1	1	SRR24650938_1.fastq.gz	ftp.sra.ebi.ac.uk/vol1/fastq/SRR246/038/SRR24650938/SRR24650938_1.fastq.gz	5d0afcc6067ea582982224f1cea075bd	1066781694
PRJNA974014	SAMN35159461	SRX20431000	SRR24650938	RNA-seq	RNA-Seq	PAIRED	PAIRED	PAIRED	R2	2	SRR24650938_2.fastq.gz	ftp.sra.ebi.ac.uk/vol1/fastq/SRR246/038/SRR24650938/SRR24650938_2.fastq.gz	07e923e6a99c92750a8ee4cb3e1d0fa7	1142029462
PRJNA974014	SAMN35159401	SRX20430996	SRR24650942	RNA-seq	RNA-Seq	PAIRED	PAIRED	PAIRED	R1	1	SRR24650942_1.fastq.gz	ftp.sra.ebi.ac.uk/vol1/fastq/SRR246/042/SRR24650942/SRR24650942_1.fastq.gz	09091b0fe7258a179beeaae1c57fac8d	3132071729
PRJNA974014	SAMN35159401	SRX20430996	SRR24650942	RNA-seq	RNA-Seq	PAIRED	PAIRED	PAIRED	R2	2	SRR24650942_2.fastq.gz	ftp.sra.ebi.ac.uk/vol1/fastq/SRR246/042/SRR24650942/SRR24650942_2.fastq.gz	8a818bcddbc10f5052f71d5a7c17d054	3397758617
PRJNA974014	SAMN35159403	SRX20430994	SRR24650944	RNA-seq	RNA-Seq	PAIRED	PAIRED	PAIRED	R1	1	SRR24650944_1.fastq.gz	ftp.sra.ebi.ac.uk/vol1/fastq/SRR246/044/SRR24650944/SRR24650944_1.fastq.gz	ecb4cad3b809d49da0ebdd8d7e8f69a5	3573412857
PRJNA974014	SAMN35159403	SRX20430994	SRR24650944	RNA-seq	RNA-Seq	PAIRED	PAIRED	PAIRED	R2	2	SRR24650944_2.fastq.gz	ftp.sra.ebi.ac.uk/vol1/fastq/SRR246/044/SRR24650944/SRR24650944_2.fastq.gz	ca3e298c677799b3a046a973c33d713e	3862734779
PRJNA974014	SAMN35159436	SRX20430985	SRR24650953	RNA-seq	RNA-Seq	PAIRED	PAIRED	PAIRED	R1	1	SRR24650953_1.fastq.gz	ftp.sra.ebi.ac.uk/vol1/fastq/SRR246/053/SRR24650953/SRR24650953_1.fastq.gz	a0324572799d1b25f538019f57a4cac4	1054858418
PRJNA974014	SAMN35159436	SRX20430985	SRR24650953	RNA-seq	RNA-Seq	PAIRED	PAIRED	PAIRED	R2	2	SRR24650953_2.fastq.gz	ftp.sra.ebi.ac.uk/vol1/fastq/SRR246/053/SRR24650953/SRR24650953_2.fastq.gz	fec1a82286a7aea27faf078a54b8c91d	1128954746
PRJNA974014	SAMN35159438	SRX20430983	SRR24650955	RNA-seq	RNA-Seq	PAIRED	PAIRED	PAIRED	R1	1	SRR24650955_1.fastq.gz	ftp.sra.ebi.ac.uk/vol1/fastq/SRR246/055/SRR24650955/SRR24650955_1.fastq.gz	bd85600ce8d31fa80f09f8b20f34f0c6	1079349574
PRJNA974014	SAMN35159438	SRX20430983	SRR24650955	RNA-seq	RNA-Seq	PAIRED	PAIRED	PAIRED	R2	2	SRR24650955_2.fastq.gz	ftp.sra.ebi.ac.uk/vol1/fastq/SRR246/055/SRR24650955/SRR24650955_2.fastq.gz	42d3f0c71a5d1999ac4dd18f6959765b	1154184663
PRJNA974014	SAMN35159466	SRX20430979	SRR24650959	RNA-seq	RNA-Seq	PAIRED	PAIRED	PAIRED	R1	1	SRR24650959_1.fastq.gz	ftp.sra.ebi.ac.uk/vol1/fastq/SRR246/059/SRR24650959/SRR24650959_1.fastq.gz	5621a55cba0b279b75e4161909eb6fc9	1018185060
PRJNA974014	SAMN35159466	SRX20430979	SRR24650959	RNA-seq	RNA-Seq	PAIRED	PAIRED	PAIRED	R2	2	SRR24650959_2.fastq.gz	ftp.sra.ebi.ac.uk/vol1/fastq/SRR246/059/SRR24650959/SRR24650959_2.fastq.gz	e28e5607569716cd73232a743aff8fd0	1062596187
PRJNA974014	SAMN35159411	SRX20430970	SRR24650968	RNA-seq	RNA-Seq	PAIRED	PAIRED	PAIRED	R1	1	SRR24650968_1.fastq.gz	ftp.sra.ebi.ac.uk/vol1/fastq/SRR246/068/SRR24650968/SRR24650968_1.fastq.gz	da72012a3dbb7f7c0f23179c098dfed9	921684163
PRJNA974014	SAMN35159411	SRX20430970	SRR24650968	RNA-seq	RNA-Seq	PAIRED	PAIRED	PAIRED	R2	2	SRR24650968_2.fastq.gz	ftp.sra.ebi.ac.uk/vol1/fastq/SRR246/068/SRR24650968/SRR24650968_2.fastq.gz	70733725b807e3da93fc52d6cf68b643	974480867
PRJNA974014	SAMN35159414	SRX20430967	SRR24650971	RNA-seq	RNA-Seq	PAIRED	PAIRED	PAIRED	R1	1	SRR24650971_1.fastq.gz	ftp.sra.ebi.ac.uk/vol1/fastq/SRR246/071/SRR24650971/SRR24650971_1.fastq.gz	328a85e608506dba1ad8b6bba9d6800b	909422759
PRJNA974014	SAMN35159414	SRX20430967	SRR24650971	RNA-seq	RNA-Seq	PAIRED	PAIRED	PAIRED	R2	2	SRR24650971_2.fastq.gz	ftp.sra.ebi.ac.uk/vol1/fastq/SRR246/071/SRR24650971/SRR24650971_2.fastq.gz	5e48f1f3973cd78cbdcf54bd1714318d	960592278
PRJNA974014	SAMN35159441	SRX20430964	SRR24650974	RNA-seq	RNA-Seq	PAIRED	PAIRED	PAIRED	R1	1	SRR24650974_1.fastq.gz	ftp.sra.ebi.ac.uk/vol1/fastq/SRR246/074/SRR24650974/SRR24650974_1.fastq.gz	8f74a8f2401a68643aa5b8a0c1ef1e13	1173853572
PRJNA974014	SAMN35159441	SRX20430964	SRR24650974	RNA-seq	RNA-Seq	PAIRED	PAIRED	PAIRED	R2	2	SRR24650974_2.fastq.gz	ftp.sra.ebi.ac.uk/vol1/fastq/SRR246/074/SRR24650974/SRR24650974_2.fastq.gz	344f96e9e3104644fb103b70137f8d83	1246502854
PRJNA974014	SAMN35159443	SRX20430962	SRR24650976	RNA-seq	RNA-Seq	PAIRED	PAIRED	PAIRED	R1	1	SRR24650976_1.fastq.gz	ftp.sra.ebi.ac.uk/vol1/fastq/SRR246/076/SRR24650976/SRR24650976_1.fastq.gz	8d144f1d01a2fb3e4a261d05d3b3de43	1324347898
PRJNA974014	SAMN35159443	SRX20430962	SRR24650976	RNA-seq	RNA-Seq	PAIRED	PAIRED	PAIRED	R2	2	SRR24650976_2.fastq.gz	ftp.sra.ebi.ac.uk/vol1/fastq/SRR246/076/SRR24650976/SRR24650976_2.fastq.gz	cee8b1b08d821d9cec076a2430d393aa	1405901263
PRJNA974014	SAMN35159447	SRX20430958	SRR24650980	RNA-seq	RNA-Seq	PAIRED	PAIRED	PAIRED	R1	1	SRR24650980_1.fastq.gz	ftp.sra.ebi.ac.uk/vol1/fastq/SRR246/080/SRR24650980/SRR24650980_1.fastq.gz	f665db601ea890f697cb258f321db0dd	1179018694
PRJNA974014	SAMN35159447	SRX20430958	SRR24650980	RNA-seq	RNA-Seq	PAIRED	PAIRED	PAIRED	R2	2	SRR24650980_2.fastq.gz	ftp.sra.ebi.ac.uk/vol1/fastq/SRR246/080/SRR24650980/SRR24650980_2.fastq.gz	4dcdd9c5e6d04028acb1dc62e1ff47b7	1247826866
PRJNA974014	SAMN35159474	SRX20430955	SRR24650983	RNA-seq	RNA-Seq	PAIRED	PAIRED	PAIRED	R1	1	SRR24650983_1.fastq.gz	ftp.sra.ebi.ac.uk/vol1/fastq/SRR246/083/SRR24650983/SRR24650983_1.fastq.gz	43ca7283dadba334b22799ef6f858553	983438123
PRJNA974014	SAMN35159474	SRX20430955	SRR24650983	RNA-seq	RNA-Seq	PAIRED	PAIRED	PAIRED	R2	2	SRR24650983_2.fastq.gz	ftp.sra.ebi.ac.uk/vol1/fastq/SRR246/083/SRR24650983/SRR24650983_2.fastq.gz	6e1ab1a3fff265e6479cce0a5c85e1e6	1044681121
PRJNA974014	SAMN35159478	SRX20430951	SRR24650987	RNA-seq	RNA-Seq	PAIRED	PAIRED	PAIRED	R1	1	SRR24650987_1.fastq.gz	ftp.sra.ebi.ac.uk/vol1/fastq/SRR246/087/SRR24650987/SRR24650987_1.fastq.gz	8a37006066a714e20ef8809552afcfa0	958810787
PRJNA974014	SAMN35159478	SRX20430951	SRR24650987	RNA-seq	RNA-Seq	PAIRED	PAIRED	PAIRED	R2	2	SRR24650987_2.fastq.gz	ftp.sra.ebi.ac.uk/vol1/fastq/SRR246/087/SRR24650987/SRR24650987_2.fastq.gz	5e7b754bfd73b4ac9f7e6d4ce6b0e1f2	1013843658
PRJNA974014	SAMN35159481	SRX20430948	SRR24650990	RNA-seq	RNA-Seq	PAIRED	PAIRED	PAIRED	R1	1	SRR24650990_1.fastq.gz	ftp.sra.ebi.ac.uk/vol1/fastq/SRR246/090/SRR24650990/SRR24650990_1.fastq.gz	0f0a1de3961b7216f269bfc3f9249d79	1251208637
PRJNA974014	SAMN35159481	SRX20430948	SRR24650990	RNA-seq	RNA-Seq	PAIRED	PAIRED	PAIRED	R2	2	SRR24650990_2.fastq.gz	ftp.sra.ebi.ac.uk/vol1/fastq/SRR246/090/SRR24650990/SRR24650990_2.fastq.gz	b589be2971e2f3597513bbc41e770e32	1313755618
PRJNA974014	SAMN35159419	SRX20431033	SRR24651000	RNA-seq	RNA-Seq	PAIRED	PAIRED	PAIRED	R1	1	SRR24651000_1.fastq.gz	ftp.sra.ebi.ac.uk/vol1/fastq/SRR246/000/SRR24651000/SRR24651000_1.fastq.gz	37fe207a8377f288a56ab72d179b9f1e	1292773614
PRJNA974014	SAMN35159419	SRX20431033	SRR24651000	RNA-seq	RNA-Seq	PAIRED	PAIRED	PAIRED	R2	2	SRR24651000_2.fastq.gz	ftp.sra.ebi.ac.uk/vol1/fastq/SRR246/000/SRR24651000/SRR24651000_2.fastq.gz	d54d0dccc2238320d8146b16dec75709	1381306501
PRJEB37009	SAMEA6602845	ERX3975424	ERR3972087	RNA-seq	RNA-Seq	SINGLE	SINGLE	SINGLE	SINGLE	1	ERR3972087.fastq.gz	ftp.sra.ebi.ac.uk/vol1/fastq/ERR397/007/ERR3972087/ERR3972087.fastq.gz	2c86de3297b9ab020030b9360264eb0c	2039513985
PRJEB37009	SAMEA6602852	ERX3975431	ERR3972094	RNA-seq	RNA-Seq	SINGLE	SINGLE	SINGLE	SINGLE	1	ERR3972094.fastq.gz	ftp.sra.ebi.ac.uk/vol1/fastq/ERR397/004/ERR3972094/ERR3972094.fastq.gz	796fe8268af59dce00deeb8cd89bd86e	1869194327
PRJNA820638	SAMN27019293	SRX14633666	SRR18502230	RNA-seq	RNA-Seq	PAIRED	PAIRED	PAIRED	R1	1	SRR18502230_1.fastq.gz	ftp.sra.ebi.ac.uk/vol1/fastq/SRR185/030/SRR18502230/SRR18502230_1.fastq.gz	0727fa9c469d1e449c5dbd857a2a9497	1749784742
PRJNA820638	SAMN27019293	SRX14633666	SRR18502230	RNA-seq	RNA-Seq	PAIRED	PAIRED	PAIRED	R2	2	SRR18502230_2.fastq.gz	ftp.sra.ebi.ac.uk/vol1/fastq/SRR185/030/SRR18502230/SRR18502230_2.fastq.gz	a655e1b474eb06a7ce1581ec5fa6cd1d	1785809157
PRJNA820638	SAMN27019297	SRX14633662	SRR18502234	RNA-seq	RNA-Seq	PAIRED	PAIRED	PAIRED	R1	1	SRR18502234_1.fastq.gz	ftp.sra.ebi.ac.uk/vol1/fastq/SRR185/034/SRR18502234/SRR18502234_1.fastq.gz	6cb19afbaa4dd9f2545bdbc0419153c6	2069192863
PRJNA820638	SAMN27019297	SRX14633662	SRR18502234	RNA-seq	RNA-Seq	PAIRED	PAIRED	PAIRED	R2	2	SRR18502234_2.fastq.gz	ftp.sra.ebi.ac.uk/vol1/fastq/SRR185/034/SRR18502234/SRR18502234_2.fastq.gz	d21822a78e24a116e57ec388c55bbc2a	2127730980
PRJNA318741	SAMN04867124	SRX1712536	SRR3401399	RNA-seq	RNA-Seq	PAIRED	PAIRED	PAIRED	R1	1	SRR3401399_1.fastq.gz	ftp.sra.ebi.ac.uk/vol1/fastq/SRR340/009/SRR3401399/SRR3401399_1.fastq.gz	b3f5da2c61c3a101afbf4aa85fb527fb	1082458339
PRJNA318741	SAMN04867124	SRX1712536	SRR3401399	RNA-seq	RNA-Seq	PAIRED	PAIRED	PAIRED	R2	2	SRR3401399_2.fastq.gz	ftp.sra.ebi.ac.uk/vol1/fastq/SRR340/009/SRR3401399/SRR3401399_2.fastq.gz	c0b477bb5625af648e422cdae72b701f	1160129846
PRJNA1363687	SAMN53215351	SRX31258994	SRR36222941	RNA-seq	RNA-Seq	PAIRED	PAIRED	PAIRED	R1	1	SRR36222941_1.fastq.gz	ftp.sra.ebi.ac.uk/vol1/fastq/SRR362/041/SRR36222941/SRR36222941_1.fastq.gz	73d18658c722a1e5696aa22431f46b39	752124847
PRJNA1363687	SAMN53215351	SRX31258994	SRR36222941	RNA-seq	RNA-Seq	PAIRED	PAIRED	PAIRED	R2	2	SRR36222941_2.fastq.gz	ftp.sra.ebi.ac.uk/vol1/fastq/SRR362/041/SRR36222941/SRR36222941_2.fastq.gz	55561cf6458b3d3da6cb6032cdf75b7c	761215339
PRJNA1397461	SAMN54431537	SRX31674368	SRR36663586	RNA-seq	RNA-Seq	PAIRED	PAIRED	PAIRED	R1	1	SRR36663586_1.fastq.gz	ftp.sra.ebi.ac.uk/vol1/fastq/SRR366/086/SRR36663586/SRR36663586_1.fastq.gz	dfb00ef0da923e13542d6121b3629287	1133664955
PRJNA1397461	SAMN54431537	SRX31674368	SRR36663586	RNA-seq	RNA-Seq	PAIRED	PAIRED	PAIRED	R2	2	SRR36663586_2.fastq.gz	ftp.sra.ebi.ac.uk/vol1/fastq/SRR366/086/SRR36663586/SRR36663586_2.fastq.gz	f02ef384c8eb1d4368fddbf66a3f51c4	1125806850
PRJNA1397461	SAMN54431536	SRX31674367	SRR36663587	RNA-seq	RNA-Seq	PAIRED	PAIRED	PAIRED	R1	1	SRR36663587_1.fastq.gz	ftp.sra.ebi.ac.uk/vol1/fastq/SRR366/087/SRR36663587/SRR36663587_1.fastq.gz	bf05a86c473f0d8a40d320081e263806	1537924171
PRJNA1397461	SAMN54431536	SRX31674367	SRR36663587	RNA-seq	RNA-Seq	PAIRED	PAIRED	PAIRED	R2	2	SRR36663587_2.fastq.gz	ftp.sra.ebi.ac.uk/vol1/fastq/SRR366/087/SRR36663587/SRR36663587_2.fastq.gz	f73db2187332d60ad891ade6e91120c0	1529281073
PRJNA1397461	SAMN54431535	SRX31674366	SRR36663588	RNA-seq	RNA-Seq	PAIRED	PAIRED	PAIRED	R1	1	SRR36663588_1.fastq.gz	ftp.sra.ebi.ac.uk/vol1/fastq/SRR366/088/SRR36663588/SRR36663588_1.fastq.gz	c99509adb7a4a9fca03f87103d504f9c	1190862842
PRJNA1397461	SAMN54431535	SRX31674366	SRR36663588	RNA-seq	RNA-Seq	PAIRED	PAIRED	PAIRED	R2	2	SRR36663588_2.fastq.gz	ftp.sra.ebi.ac.uk/vol1/fastq/SRR366/088/SRR36663588/SRR36663588_2.fastq.gz	b27cc6f4bbc5d8b0fa7923b34e2d39e6	1183593255
PRJNA1397464	SAMN54431546	SRX31674380	SRR36663596	RNA-seq	RNA-Seq	PAIRED	PAIRED	PAIRED	R1	1	SRR36663596_1.fastq.gz	ftp.sra.ebi.ac.uk/vol1/fastq/SRR366/096/SRR36663596/SRR36663596_1.fastq.gz	57f308584ea2b5dbcdf0c4abb9642f91	1322805404
PRJNA1397464	SAMN54431546	SRX31674380	SRR36663596	RNA-seq	RNA-Seq	PAIRED	PAIRED	PAIRED	R2	2	SRR36663596_2.fastq.gz	ftp.sra.ebi.ac.uk/vol1/fastq/SRR366/096/SRR36663596/SRR36663596_2.fastq.gz	0dfa7adea3fbc96b8ed4bb6c93924dbb	1324087314
PRJNA1397464	SAMN54431541	SRX31674375	SRR36663601	RNA-seq	RNA-Seq	PAIRED	PAIRED	PAIRED	R1	1	SRR36663601_1.fastq.gz	ftp.sra.ebi.ac.uk/vol1/fastq/SRR366/001/SRR36663601/SRR36663601_1.fastq.gz	f91a5a170530297dd7411b93b6b7a589	1349487407
PRJNA1397464	SAMN54431541	SRX31674375	SRR36663601	RNA-seq	RNA-Seq	PAIRED	PAIRED	PAIRED	R2	2	SRR36663601_2.fastq.gz	ftp.sra.ebi.ac.uk/vol1/fastq/SRR366/001/SRR36663601/SRR36663601_2.fastq.gz	53ff15b7732ac2b4d1bf1e67ecdabc6c	1357271527
PRJNA1399147	SAMN54474210	SRX31707198	SRR36699390	RNA-seq	RNA-Seq	PAIRED	PAIRED	PAIRED	R1	1	SRR36699390_1.fastq.gz	ftp.sra.ebi.ac.uk/vol1/fastq/SRR366/090/SRR36699390/SRR36699390_1.fastq.gz	f26821cb6503d7432c5cbc20bd8e67d1	4032133677
PRJNA1399147	SAMN54474210	SRX31707198	SRR36699390	RNA-seq	RNA-Seq	PAIRED	PAIRED	PAIRED	R2	2	SRR36699390_2.fastq.gz	ftp.sra.ebi.ac.uk/vol1/fastq/SRR366/090/SRR36699390/SRR36699390_2.fastq.gz	55a983b3b61a2e751d50e4c777ba04bd	4060422683
PRJNA1399147	SAMN54474212	SRX31707194	SRR36699394	RNA-seq	RNA-Seq	PAIRED	PAIRED	PAIRED	R1	1	SRR36699394_1.fastq.gz	ftp.sra.ebi.ac.uk/vol1/fastq/SRR366/094/SRR36699394/SRR36699394_1.fastq.gz	686594323b06deb24108fcdd67068a77	4707189032
PRJNA1399147	SAMN54474212	SRX31707194	SRR36699394	RNA-seq	RNA-Seq	PAIRED	PAIRED	PAIRED	R2	2	SRR36699394_2.fastq.gz	ftp.sra.ebi.ac.uk/vol1/fastq/SRR366/094/SRR36699394/SRR36699394_2.fastq.gz	5e35532118cb999677ddcf5a68458540	4729235115
PRJNA590486	SAMN13327504	SRX7182895	SRR10493807	RNA-seq	RNA-Seq	SINGLE	PAIRED	PAIRED_PLUS_UNPAIRED	UNPAIRED	1	SRR10493807.fastq.gz	ftp.sra.ebi.ac.uk/vol1/fastq/SRR104/007/SRR10493807/SRR10493807.fastq.gz	9d8b061dd5f077d5352c52561f5329b5	313730719
PRJNA590486	SAMN13327504	SRX7182895	SRR10493807	RNA-seq	RNA-Seq	SINGLE	PAIRED	PAIRED_PLUS_UNPAIRED	R1	2	SRR10493807_1.fastq.gz	ftp.sra.ebi.ac.uk/vol1/fastq/SRR104/007/SRR10493807/SRR10493807_1.fastq.gz	1dcb63eb05dded65cfdc5f25ebedf23a	1366199345
PRJNA590486	SAMN13327504	SRX7182895	SRR10493807	RNA-seq	RNA-Seq	SINGLE	PAIRED	PAIRED_PLUS_UNPAIRED	R2	3	SRR10493807_2.fastq.gz	ftp.sra.ebi.ac.uk/vol1/fastq/SRR104/007/SRR10493807/SRR10493807_2.fastq.gz	63a8eed1f1bde550e567f08a2f2a3dd3	1874728930
PRJNA590486	SAMN13327542	SRX7182907	SRR10493819	RNA-seq	RNA-Seq	SINGLE	PAIRED	PAIRED_PLUS_UNPAIRED	UNPAIRED	1	SRR10493819.fastq.gz	ftp.sra.ebi.ac.uk/vol1/fastq/SRR104/019/SRR10493819/SRR10493819.fastq.gz	bda30e79ec4d1c44c3f4cda3c9d2e395	305812482
PRJNA590486	SAMN13327542	SRX7182907	SRR10493819	RNA-seq	RNA-Seq	SINGLE	PAIRED	PAIRED_PLUS_UNPAIRED	R1	2	SRR10493819_1.fastq.gz	ftp.sra.ebi.ac.uk/vol1/fastq/SRR104/019/SRR10493819/SRR10493819_1.fastq.gz	4759302a040a66c5519e09afd345701a	1456697571
PRJNA590486	SAMN13327542	SRX7182907	SRR10493819	RNA-seq	RNA-Seq	SINGLE	PAIRED	PAIRED_PLUS_UNPAIRED	R2	3	SRR10493819_2.fastq.gz	ftp.sra.ebi.ac.uk/vol1/fastq/SRR104/019/SRR10493819/SRR10493819_2.fastq.gz	32eb256cb17a1715a8461d853fa5e567	1980108359
PRJNA590485	SAMN13327590	SRX7182942	SRR10493854	RNA-seq	RNA-Seq	SINGLE	PAIRED	PAIRED	R1	1	SRR10493854_1.fastq.gz	ftp.sra.ebi.ac.uk/vol1/fastq/SRR104/054/SRR10493854/SRR10493854_1.fastq.gz	d63f2875ebae4ff8e6d9bc4c3db75a18	230661991
PRJNA590485	SAMN13327590	SRX7182942	SRR10493854	RNA-seq	RNA-Seq	SINGLE	PAIRED	PAIRED	R2	2	SRR10493854_2.fastq.gz	ftp.sra.ebi.ac.uk/vol1/fastq/SRR104/054/SRR10493854/SRR10493854_2.fastq.gz	01a6552a489bbb66b3c3fc98528d35a1	218597768
PRJNA590485	SAMN13327589	SRX7182943	SRR10493855	RNA-seq	RNA-Seq	SINGLE	PAIRED	PAIRED	R1	1	SRR10493855_1.fastq.gz	ftp.sra.ebi.ac.uk/vol1/fastq/SRR104/055/SRR10493855/SRR10493855_1.fastq.gz	2e569f4e5c772c7c6b540ef75d0df7eb	448774036
PRJNA590485	SAMN13327589	SRX7182943	SRR10493855	RNA-seq	RNA-Seq	SINGLE	PAIRED	PAIRED	R2	2	SRR10493855_2.fastq.gz	ftp.sra.ebi.ac.uk/vol1/fastq/SRR104/055/SRR10493855/SRR10493855_2.fastq.gz	0ac0e46c464a584d2da5fc0860f6a699	449848466
PRJNA590485	SAMN13327587	SRX7182946	SRR10493858	RNA-seq	RNA-Seq	SINGLE	PAIRED	PAIRED	R1	1	SRR10493858_1.fastq.gz	ftp.sra.ebi.ac.uk/vol1/fastq/SRR104/058/SRR10493858/SRR10493858_1.fastq.gz	09d48c49351975d06cf68c10150982e1	566925657
PRJNA590485	SAMN13327587	SRX7182946	SRR10493858	RNA-seq	RNA-Seq	SINGLE	PAIRED	PAIRED	R2	2	SRR10493858_2.fastq.gz	ftp.sra.ebi.ac.uk/vol1/fastq/SRR104/058/SRR10493858/SRR10493858_2.fastq.gz	75d9b06709e8b476bf8bd0c8638f6bd0	580951743
PRJNA590485	SAMN13327584	SRX7182949	SRR10493861	RNA-seq	RNA-Seq	SINGLE	PAIRED	PAIRED	R1	1	SRR10493861_1.fastq.gz	ftp.sra.ebi.ac.uk/vol1/fastq/SRR104/061/SRR10493861/SRR10493861_1.fastq.gz	7fb90685a275a86008810c2efc6ff639	326557357
PRJNA590485	SAMN13327584	SRX7182949	SRR10493861	RNA-seq	RNA-Seq	SINGLE	PAIRED	PAIRED	R2	2	SRR10493861_2.fastq.gz	ftp.sra.ebi.ac.uk/vol1/fastq/SRR104/061/SRR10493861/SRR10493861_2.fastq.gz	28a7c9eb099ff4416e49d8ed70c57054	311940967
PRJNA590485	SAMN13327577	SRX7182954	SRR10493866	RNA-seq	RNA-Seq	SINGLE	PAIRED	PAIRED	R1	1	SRR10493866_1.fastq.gz	ftp.sra.ebi.ac.uk/vol1/fastq/SRR104/066/SRR10493866/SRR10493866_1.fastq.gz	c29dc30004f2df366b8a407a9cb2e681	803230645
PRJNA590485	SAMN13327577	SRX7182954	SRR10493866	RNA-seq	RNA-Seq	SINGLE	PAIRED	PAIRED	R2	2	SRR10493866_2.fastq.gz	ftp.sra.ebi.ac.uk/vol1/fastq/SRR104/066/SRR10493866/SRR10493866_2.fastq.gz	b42175d7eb7314c103bb81b4a0370369	826303128
PRJNA590485	SAMN13327568	SRX7182959	SRR10493871	RNA-seq	RNA-Seq	SINGLE	PAIRED	PAIRED	R1	1	SRR10493871_1.fastq.gz	ftp.sra.ebi.ac.uk/vol1/fastq/SRR104/071/SRR10493871/SRR10493871_1.fastq.gz	6d2bb3cac8b3ca03d81f8f73d4c8f69b	507958495
PRJNA590485	SAMN13327568	SRX7182959	SRR10493871	RNA-seq	RNA-Seq	SINGLE	PAIRED	PAIRED	R2	2	SRR10493871_2.fastq.gz	ftp.sra.ebi.ac.uk/vol1/fastq/SRR104/071/SRR10493871/SRR10493871_2.fastq.gz	7412c3d5de10c28b780f9f2e2268fb1a	500604465
PRJNA896947	SAMN31573491	SRX18122734	SRR22143445	RNA-seq	RNA-Seq	PAIRED	PAIRED	PAIRED	R1	1	SRR22143445_1.fastq.gz	ftp.sra.ebi.ac.uk/vol1/fastq/SRR221/045/SRR22143445/SRR22143445_1.fastq.gz	56cde8e02b25b279250c9ede5fe5b418	1276776407
PRJNA896947	SAMN31573491	SRX18122734	SRR22143445	RNA-seq	RNA-Seq	PAIRED	PAIRED	PAIRED	R2	2	SRR22143445_2.fastq.gz	ftp.sra.ebi.ac.uk/vol1/fastq/SRR221/045/SRR22143445/SRR22143445_2.fastq.gz	c11de0f5f26fedcdf9a74a18ddb711fe	1324314333
PRJNA896947	SAMN31573491	SRX18122733	SRR22143446	RNA-seq	RNA-Seq	PAIRED	PAIRED	PAIRED	R1	1	SRR22143446_1.fastq.gz	ftp.sra.ebi.ac.uk/vol1/fastq/SRR221/046/SRR22143446/SRR22143446_1.fastq.gz	fe4aedbc6fe51a221f99f351c6c829e5	1611056154
PRJNA896947	SAMN31573491	SRX18122733	SRR22143446	RNA-seq	RNA-Seq	PAIRED	PAIRED	PAIRED	R2	2	SRR22143446_2.fastq.gz	ftp.sra.ebi.ac.uk/vol1/fastq/SRR221/046/SRR22143446/SRR22143446_2.fastq.gz	0684e8d642680a0700824c67e0e87127	1670544933
PRJNA896947	SAMN31573491	SRX18122732	SRR22143447	RNA-seq	RNA-Seq	PAIRED	PAIRED	PAIRED	R1	1	SRR22143447_1.fastq.gz	ftp.sra.ebi.ac.uk/vol1/fastq/SRR221/047/SRR22143447/SRR22143447_1.fastq.gz	670146dd77e61a6220822ce2eaef61a9	1567917457
PRJNA896947	SAMN31573491	SRX18122732	SRR22143447	RNA-seq	RNA-Seq	PAIRED	PAIRED	PAIRED	R2	2	SRR22143447_2.fastq.gz	ftp.sra.ebi.ac.uk/vol1/fastq/SRR221/047/SRR22143447/SRR22143447_2.fastq.gz	72a1468115a2dd2d740b4bf3f2decac9	1621633723
PRJNA899862	SAMN31670990	SRX18223550	SRR22246881	RNA-seq	RNA-Seq	PAIRED	PAIRED	PAIRED	R1	1	SRR22246881_1.fastq.gz	ftp.sra.ebi.ac.uk/vol1/fastq/SRR222/081/SRR22246881/SRR22246881_1.fastq.gz	f1745d15b13a25c64303be8726ee0f1c	1833661158
PRJNA899862	SAMN31670990	SRX18223550	SRR22246881	RNA-seq	RNA-Seq	PAIRED	PAIRED	PAIRED	R2	2	SRR22246881_2.fastq.gz	ftp.sra.ebi.ac.uk/vol1/fastq/SRR222/081/SRR22246881/SRR22246881_2.fastq.gz	a12262bbd65bbad4888508e778405d21	1834052602
PRJNA899862	SAMN31671000	SRX18223540	SRR22246891	RNA-seq	RNA-Seq	PAIRED	PAIRED	PAIRED	R1	1	SRR22246891_1.fastq.gz	ftp.sra.ebi.ac.uk/vol1/fastq/SRR222/091/SRR22246891/SRR22246891_1.fastq.gz	ceb733ed074718509fe2bc711d91eec6	1242723879
PRJNA899862	SAMN31671000	SRX18223540	SRR22246891	RNA-seq	RNA-Seq	PAIRED	PAIRED	PAIRED	R2	2	SRR22246891_2.fastq.gz	ftp.sra.ebi.ac.uk/vol1/fastq/SRR222/091/SRR22246891/SRR22246891_2.fastq.gz	e929f086485a9051ae3a3f588c547db1	1242534839
PRJNA899862	SAMN31671002	SRX18223535	SRR22246896	RNA-seq	RNA-Seq	PAIRED	PAIRED	PAIRED	R1	1	SRR22246896_1.fastq.gz	ftp.sra.ebi.ac.uk/vol1/fastq/SRR222/096/SRR22246896/SRR22246896_1.fastq.gz	6c5bfe63b9c9049f084b49ae62d816b9	1397554459
PRJNA899862	SAMN31671002	SRX18223535	SRR22246896	RNA-seq	RNA-Seq	PAIRED	PAIRED	PAIRED	R2	2	SRR22246896_2.fastq.gz	ftp.sra.ebi.ac.uk/vol1/fastq/SRR222/096/SRR22246896/SRR22246896_2.fastq.gz	39d3946423ceb4de1ac8f91dc474ae33	1397493749
PRJNA899862	SAMN31671007	SRX18223530	SRR22246901	RNA-seq	RNA-Seq	PAIRED	PAIRED	PAIRED	R1	1	SRR22246901_1.fastq.gz	ftp.sra.ebi.ac.uk/vol1/fastq/SRR222/001/SRR22246901/SRR22246901_1.fastq.gz	11ca8631af67ad5302ee888a1cb2e8aa	1480725886
PRJNA899862	SAMN31671007	SRX18223530	SRR22246901	RNA-seq	RNA-Seq	PAIRED	PAIRED	PAIRED	R2	2	SRR22246901_2.fastq.gz	ftp.sra.ebi.ac.uk/vol1/fastq/SRR222/001/SRR22246901/SRR22246901_2.fastq.gz	56944aaf331ee79bf8b087003c3d28a7	1480878741
PRJNA1088164	SAMN40463203	SRX23955097	SRR28349049	RNA-seq	RNA-Seq	PAIRED	PAIRED	PAIRED	R1	1	SRR28349049_1.fastq.gz	ftp.sra.ebi.ac.uk/vol1/fastq/SRR283/049/SRR28349049/SRR28349049_1.fastq.gz	af746ab9b3d9d083405404113269a0e2	9207024383
PRJNA1088164	SAMN40463203	SRX23955097	SRR28349049	RNA-seq	RNA-Seq	PAIRED	PAIRED	PAIRED	R2	2	SRR28349049_2.fastq.gz	ftp.sra.ebi.ac.uk/vol1/fastq/SRR283/049/SRR28349049/SRR28349049_2.fastq.gz	3604c5ba2f8b2ddd474a90d0abe30c70	9278883294
PRJNA1088164	SAMN40463202	SRX23955096	SRR28349050	RNA-seq	RNA-Seq	PAIRED	PAIRED	PAIRED	R1	1	SRR28349050_1.fastq.gz	ftp.sra.ebi.ac.uk/vol1/fastq/SRR283/050/SRR28349050/SRR28349050_1.fastq.gz	5957476fa3c13e2bb1e2013ace992fef	10131412769
PRJNA1088164	SAMN40463202	SRX23955096	SRR28349050	RNA-seq	RNA-Seq	PAIRED	PAIRED	PAIRED	R2	2	SRR28349050_2.fastq.gz	ftp.sra.ebi.ac.uk/vol1/fastq/SRR283/050/SRR28349050/SRR28349050_2.fastq.gz	466a67e04867b7dae8f0bf6df4e2d490	10203039919
PRJNA1088164	SAMN40463209	SRX23955089	SRR28349057	RNA-seq	RNA-Seq	PAIRED	PAIRED	PAIRED	R1	1	SRR28349057_1.fastq.gz	ftp.sra.ebi.ac.uk/vol1/fastq/SRR283/057/SRR28349057/SRR28349057_1.fastq.gz	02f66cc07bb64b92e358b3ba9724c8c6	11565198648
PRJNA1088164	SAMN40463209	SRX23955089	SRR28349057	RNA-seq	RNA-Seq	PAIRED	PAIRED	PAIRED	R2	2	SRR28349057_2.fastq.gz	ftp.sra.ebi.ac.uk/vol1/fastq/SRR283/057/SRR28349057/SRR28349057_2.fastq.gz	c2f917a65450dd133adc40b2b33be4dc	11605446028
PRJNA1088164	SAMN40463196	SRX23955084	SRR28349062	RNA-seq	RNA-Seq	PAIRED	PAIRED	PAIRED	R1	1	SRR28349062_1.fastq.gz	ftp.sra.ebi.ac.uk/vol1/fastq/SRR283/062/SRR28349062/SRR28349062_1.fastq.gz	55e4103a64326efe056cce4831b5f5a6	7280907864
PRJNA1088164	SAMN40463196	SRX23955084	SRR28349062	RNA-seq	RNA-Seq	PAIRED	PAIRED	PAIRED	R2	2	SRR28349062_2.fastq.gz	ftp.sra.ebi.ac.uk/vol1/fastq/SRR283/062/SRR28349062/SRR28349062_2.fastq.gz	a7c713cf36e8ad30bc41ff9a1e39b5cb	7335530974
PRJNA1088164	SAMN40463195	SRX23955083	SRR28349063	RNA-seq	RNA-Seq	PAIRED	PAIRED	PAIRED	R1	1	SRR28349063_1.fastq.gz	ftp.sra.ebi.ac.uk/vol1/fastq/SRR283/063/SRR28349063/SRR28349063_1.fastq.gz	190919f421b667561187dc6389991345	8578483344
PRJNA1088164	SAMN40463195	SRX23955083	SRR28349063	RNA-seq	RNA-Seq	PAIRED	PAIRED	PAIRED	R2	2	SRR28349063_2.fastq.gz	ftp.sra.ebi.ac.uk/vol1/fastq/SRR283/063/SRR28349063/SRR28349063_2.fastq.gz	81478c4fd260decd0a970aa02309d57d	8640299138
PRJNA302601	SAMN04275174	SRX1436207	SRR2922597	RNA-seq	RNA-Seq	SINGLE	SINGLE	SINGLE	SINGLE	1	SRR2922597.fastq.gz	ftp.sra.ebi.ac.uk/vol1/fastq/SRR292/007/SRR2922597/SRR2922597.fastq.gz	dfef07e2388bce92384e7770cf8ce07c	1977549513
PRJNA302601	SAMN04275179	SRX1436212	SRR2922602	RNA-seq	RNA-Seq	SINGLE	SINGLE	SINGLE	SINGLE	1	SRR2922602.fastq.gz	ftp.sra.ebi.ac.uk/vol1/fastq/SRR292/002/SRR2922602/SRR2922602.fastq.gz	41527ae210f353c18d081ff5c70ee6c4	1388633159
PRJNA302601	SAMN04275181	SRX1436214	SRR2922604	RNA-seq	RNA-Seq	SINGLE	SINGLE	SINGLE	SINGLE	1	SRR2922604.fastq.gz	ftp.sra.ebi.ac.uk/vol1/fastq/SRR292/004/SRR2922604/SRR2922604.fastq.gz	a07ce66adc91ce417256d5b398df0ab1	1428566861
PRJNA302601	SAMN04275182	SRX1436215	SRR2922605	RNA-seq	RNA-Seq	SINGLE	SINGLE	SINGLE	SINGLE	1	SRR2922605.fastq.gz	ftp.sra.ebi.ac.uk/vol1/fastq/SRR292/005/SRR2922605/SRR2922605.fastq.gz	e8353a94eaee1bbfa93b0646f6ff0a20	2014992766
PRJNA1123849	SAMN41829161	SRX24954111	SRR29441693	RNA-seq	RNA-Seq	PAIRED	PAIRED	PAIRED	R1	1	SRR29441693_1.fastq.gz	ftp.sra.ebi.ac.uk/vol1/fastq/SRR294/093/SRR29441693/SRR29441693_1.fastq.gz	c897f59028974569ef8805abbf141211	1922342906
PRJNA1123849	SAMN41829161	SRX24954111	SRR29441693	RNA-seq	RNA-Seq	PAIRED	PAIRED	PAIRED	R2	2	SRR29441693_2.fastq.gz	ftp.sra.ebi.ac.uk/vol1/fastq/SRR294/093/SRR29441693/SRR29441693_2.fastq.gz	e17c9c09f5374ee963ba17409afc9838	2082409492
PRJNA1123849	SAMN41829159	SRX24954109	SRR29441695	RNA-seq	RNA-Seq	PAIRED	PAIRED	PAIRED	R1	1	SRR29441695_1.fastq.gz	ftp.sra.ebi.ac.uk/vol1/fastq/SRR294/095/SRR29441695/SRR29441695_1.fastq.gz	571a21a5fa355264e7d4117752b09b69	2187379851
PRJNA1123849	SAMN41829159	SRX24954109	SRR29441695	RNA-seq	RNA-Seq	PAIRED	PAIRED	PAIRED	R2	2	SRR29441695_2.fastq.gz	ftp.sra.ebi.ac.uk/vol1/fastq/SRR294/095/SRR29441695/SRR29441695_2.fastq.gz	88ee90fd32dd1bf45de853ebf38c3f5d	2390689373
PRJNA1123849	SAMN41829158	SRX24954108	SRR29441696	RNA-seq	RNA-Seq	PAIRED	PAIRED	PAIRED	R1	1	SRR29441696_1.fastq.gz	ftp.sra.ebi.ac.uk/vol1/fastq/SRR294/096/SRR29441696/SRR29441696_1.fastq.gz	cba517036abc24e291edd3d2f42495fb	2213629270
PRJNA1123849	SAMN41829158	SRX24954108	SRR29441696	RNA-seq	RNA-Seq	PAIRED	PAIRED	PAIRED	R2	2	SRR29441696_2.fastq.gz	ftp.sra.ebi.ac.uk/vol1/fastq/SRR294/096/SRR29441696/SRR29441696_2.fastq.gz	60996caabaf042067741a9778d06c233	2432207913
PRJNA1130622	SAMN42212540	SRX25176402	SRR29672913	RNA-seq	RNA-Seq	PAIRED	PAIRED	PAIRED	R1	1	SRR29672913_1.fastq.gz	ftp.sra.ebi.ac.uk/vol1/fastq/SRR296/013/SRR29672913/SRR29672913_1.fastq.gz	12f1b005cf495c94b9f3455f9a484f0c	1790676145
PRJNA1130622	SAMN42212540	SRX25176402	SRR29672913	RNA-seq	RNA-Seq	PAIRED	PAIRED	PAIRED	R2	2	SRR29672913_2.fastq.gz	ftp.sra.ebi.ac.uk/vol1/fastq/SRR296/013/SRR29672913/SRR29672913_2.fastq.gz	e11c9dcf16791cf8e9ae8dbd7a786768	1856832163
PRJNA1130622	SAMN42212545	SRX25176381	SRR29672932	RNA-seq	RNA-Seq	PAIRED	PAIRED	PAIRED	R1	1	SRR29672932_1.fastq.gz	ftp.sra.ebi.ac.uk/vol1/fastq/SRR296/032/SRR29672932/SRR29672932_1.fastq.gz	005321d5bb2fddf517227d386237c738	1874774809
PRJNA1130622	SAMN42212545	SRX25176381	SRR29672932	RNA-seq	RNA-Seq	PAIRED	PAIRED	PAIRED	R2	2	SRR29672932_2.fastq.gz	ftp.sra.ebi.ac.uk/vol1/fastq/SRR296/032/SRR29672932/SRR29672932_2.fastq.gz	ab69118a5a742235e02879be378d9d64	1864603276
PRJNA304606	SAMN04305210	SRX1457795	SRR2968323	RNA-seq	RNA-Seq	PAIRED	PAIRED	PAIRED	R1	1	SRR2968323_1.fastq.gz	ftp.sra.ebi.ac.uk/vol1/fastq/SRR296/003/SRR2968323/SRR2968323_1.fastq.gz	f146666d92defc99a320c9ac5100aab5	2628705203
PRJNA304606	SAMN04305210	SRX1457795	SRR2968323	RNA-seq	RNA-Seq	PAIRED	PAIRED	PAIRED	R2	2	SRR2968323_2.fastq.gz	ftp.sra.ebi.ac.uk/vol1/fastq/SRR296/003/SRR2968323/SRR2968323_2.fastq.gz	b9624ba84438645efa35280c866f2856	2656181790
PRJNA311594	SAMN04501035	SRX1570968	SRR3161765	RNA-seq	RNA-Seq	PAIRED	PAIRED	PAIRED	R1	1	SRR3161765_1.fastq.gz	ftp.sra.ebi.ac.uk/vol1/fastq/SRR316/005/SRR3161765/SRR3161765_1.fastq.gz	9153d49d447a0ddea0afad198b8a5c51	1087298198
PRJNA311594	SAMN04501035	SRX1570968	SRR3161765	RNA-seq	RNA-Seq	PAIRED	PAIRED	PAIRED	R2	2	SRR3161765_2.fastq.gz	ftp.sra.ebi.ac.uk/vol1/fastq/SRR316/005/SRR3161765/SRR3161765_2.fastq.gz	86bdca1007cafe6f444b4a1714cc0a1c	1114348950
PRJNA311594	SAMN04501040	SRX1570973	SRR3161770	RNA-seq	RNA-Seq	PAIRED	PAIRED	PAIRED	R1	1	SRR3161770_1.fastq.gz	ftp.sra.ebi.ac.uk/vol1/fastq/SRR316/000/SRR3161770/SRR3161770_1.fastq.gz	11160b108076e75bde50136d0b37cbc3	1169730475
PRJNA311594	SAMN04501040	SRX1570973	SRR3161770	RNA-seq	RNA-Seq	PAIRED	PAIRED	PAIRED	R2	2	SRR3161770_2.fastq.gz	ftp.sra.ebi.ac.uk/vol1/fastq/SRR316/000/SRR3161770/SRR3161770_2.fastq.gz	b924bd2353a6b09ab4ef9b56fa4c2abe	1176553050
PRJNA311594	SAMN04501048	SRX1570981	SRR3161778	RNA-seq	RNA-Seq	PAIRED	PAIRED	PAIRED	R1	1	SRR3161778_1.fastq.gz	ftp.sra.ebi.ac.uk/vol1/fastq/SRR316/008/SRR3161778/SRR3161778_1.fastq.gz	a5cc05aa277d72f3ea09ce230892ee72	1121925015
PRJNA311594	SAMN04501048	SRX1570981	SRR3161778	RNA-seq	RNA-Seq	PAIRED	PAIRED	PAIRED	R2	2	SRR3161778_2.fastq.gz	ftp.sra.ebi.ac.uk/vol1/fastq/SRR316/008/SRR3161778/SRR3161778_2.fastq.gz	2527e23d1e05f6ec450d3c99ec1518d1	1129245349
PRJNA311594	SAMN04501054	SRX1570987	SRR3161784	RNA-seq	RNA-Seq	PAIRED	PAIRED	PAIRED	R1	1	SRR3161784_1.fastq.gz	ftp.sra.ebi.ac.uk/vol1/fastq/SRR316/004/SRR3161784/SRR3161784_1.fastq.gz	cf8cef174c99c5cd4c3abe22236fe61f	1236404754
PRJNA311594	SAMN04501054	SRX1570987	SRR3161784	RNA-seq	RNA-Seq	PAIRED	PAIRED	PAIRED	R2	2	SRR3161784_2.fastq.gz	ftp.sra.ebi.ac.uk/vol1/fastq/SRR316/004/SRR3161784/SRR3161784_2.fastq.gz	4df42a26321e4862ff2076439afac220	1250946729
PRJNA311594	SAMN04501059	SRX1570992	SRR3161789	RNA-seq	RNA-Seq	PAIRED	PAIRED	PAIRED	R1	1	SRR3161789_1.fastq.gz	ftp.sra.ebi.ac.uk/vol1/fastq/SRR316/009/SRR3161789/SRR3161789_1.fastq.gz	c7d9bef12a8d5eda8c6916848588b630	1064806264
PRJNA311594	SAMN04501059	SRX1570992	SRR3161789	RNA-seq	RNA-Seq	PAIRED	PAIRED	PAIRED	R2	2	SRR3161789_2.fastq.gz	ftp.sra.ebi.ac.uk/vol1/fastq/SRR316/009/SRR3161789/SRR3161789_2.fastq.gz	2e9bd4134644e6537b7ed2265bb5a5f7	1073112489
PRJNA311594	SAMN04501063	SRX1570996	SRR3161793	RNA-seq	RNA-Seq	PAIRED	PAIRED	PAIRED	R1	1	SRR3161793_1.fastq.gz	ftp.sra.ebi.ac.uk/vol1/fastq/SRR316/003/SRR3161793/SRR3161793_1.fastq.gz	092c15e95064e69ea98f70af77d77c86	1142394009
PRJNA311594	SAMN04501063	SRX1570996	SRR3161793	RNA-seq	RNA-Seq	PAIRED	PAIRED	PAIRED	R2	2	SRR3161793_2.fastq.gz	ftp.sra.ebi.ac.uk/vol1/fastq/SRR316/003/SRR3161793/SRR3161793_2.fastq.gz	b093d44557e2d5af79032baa71d931a3	1155589280
PRJNA311594	SAMN04501066	SRX1570999	SRR3161796	RNA-seq	RNA-Seq	PAIRED	PAIRED	PAIRED	R1	1	SRR3161796_1.fastq.gz	ftp.sra.ebi.ac.uk/vol1/fastq/SRR316/006/SRR3161796/SRR3161796_1.fastq.gz	4848094b97cd515dd0789d56d8c37fea	926599440
PRJNA311594	SAMN04501066	SRX1570999	SRR3161796	RNA-seq	RNA-Seq	PAIRED	PAIRED	PAIRED	R2	2	SRR3161796_2.fastq.gz	ftp.sra.ebi.ac.uk/vol1/fastq/SRR316/006/SRR3161796/SRR3161796_2.fastq.gz	f283f2aa70c8dc2c68bab0b6568c91f1	935676295
PRJNA316065	SAMN04574683	SRX1655608	SRR3284457	RNA-seq	RNA-Seq	SINGLE	SINGLE	SINGLE	SINGLE	1	SRR3284457.fastq.gz	ftp.sra.ebi.ac.uk/vol1/fastq/SRR328/007/SRR3284457/SRR3284457.fastq.gz	f603d8e966acd3f14117f294592c8cc8	599652982
PRJNA316065	SAMN04574683	SRX1655608	SRR3284458	RNA-seq	RNA-Seq	SINGLE	SINGLE	SINGLE	SINGLE	1	SRR3284458.fastq.gz	ftp.sra.ebi.ac.uk/vol1/fastq/SRR328/008/SRR3284458/SRR3284458.fastq.gz	d52a37ae7f501feedf9aa019b2438c8a	587128115
PRJNA316065	SAMN04574686	SRX1655611	SRR3284463	RNA-seq	RNA-Seq	SINGLE	SINGLE	SINGLE	SINGLE	1	SRR3284463.fastq.gz	ftp.sra.ebi.ac.uk/vol1/fastq/SRR328/003/SRR3284463/SRR3284463.fastq.gz	cc434c0c9c8ab389578ac6585dd3f18e	532277888
PRJNA1252143	SAMN48037645	SRX28445678	SRR33198158	RNA-seq	RNA-Seq	PAIRED	PAIRED	PAIRED	R1	1	SRR33198158_1.fastq.gz	ftp.sra.ebi.ac.uk/vol1/fastq/SRR331/058/SRR33198158/SRR33198158_1.fastq.gz	effeeb2ca777d1230d39bc3c8808d7b3	1901340206
PRJNA1252143	SAMN48037645	SRX28445678	SRR33198158	RNA-seq	RNA-Seq	PAIRED	PAIRED	PAIRED	R2	2	SRR33198158_2.fastq.gz	ftp.sra.ebi.ac.uk/vol1/fastq/SRR331/058/SRR33198158/SRR33198158_2.fastq.gz	9fe5c79a40aba133004553195fa2896d	1860144498
PRJNA1252143	SAMN48037646	SRX28445677	SRR33198160	RNA-seq	RNA-Seq	PAIRED	PAIRED	PAIRED	R1	1	SRR33198160_1.fastq.gz	ftp.sra.ebi.ac.uk/vol1/fastq/SRR331/060/SRR33198160/SRR33198160_1.fastq.gz	8c8d2524ae524a8596539f148ec45317	1435413883
PRJNA1252143	SAMN48037646	SRX28445677	SRR33198160	RNA-seq	RNA-Seq	PAIRED	PAIRED	PAIRED	R2	2	SRR33198160_2.fastq.gz	ftp.sra.ebi.ac.uk/vol1/fastq/SRR331/060/SRR33198160/SRR33198160_2.fastq.gz	242db7b8f88bcbe6a8780c299c177862	1424919972
PRJNA1252143	SAMN48037647	SRX28445676	SRR33198161	RNA-seq	RNA-Seq	PAIRED	PAIRED	PAIRED	R1	1	SRR33198161_1.fastq.gz	ftp.sra.ebi.ac.uk/vol1/fastq/SRR331/061/SRR33198161/SRR33198161_1.fastq.gz	0c7bd1442a52e341e458b4a1217e830f	1702182404
PRJNA1252143	SAMN48037647	SRX28445676	SRR33198161	RNA-seq	RNA-Seq	PAIRED	PAIRED	PAIRED	R2	2	SRR33198161_2.fastq.gz	ftp.sra.ebi.ac.uk/vol1/fastq/SRR331/061/SRR33198161/SRR33198161_2.fastq.gz	8570350815686d9e84dfadbd0c39f8e4	1694822906
PRJNA1252143	SAMN48037652	SRX28445671	SRR33198166	RNA-seq	RNA-Seq	PAIRED	PAIRED	PAIRED	R1	1	SRR33198166_1.fastq.gz	ftp.sra.ebi.ac.uk/vol1/fastq/SRR331/066/SRR33198166/SRR33198166_1.fastq.gz	fb7419e1f7edb230644c4e0416f68bbf	1376274384
PRJNA1252143	SAMN48037652	SRX28445671	SRR33198166	RNA-seq	RNA-Seq	PAIRED	PAIRED	PAIRED	R2	2	SRR33198166_2.fastq.gz	ftp.sra.ebi.ac.uk/vol1/fastq/SRR331/066/SRR33198166/SRR33198166_2.fastq.gz	1053bdf75f04ddb5609ee08a733b9c36	1367357290
PRJNA1252143	SAMN48037654	SRX28445669	SRR33198168	RNA-seq	RNA-Seq	PAIRED	PAIRED	PAIRED	R1	1	SRR33198168_1.fastq.gz	ftp.sra.ebi.ac.uk/vol1/fastq/SRR331/068/SRR33198168/SRR33198168_1.fastq.gz	43a0254d1b2741ba5c4d373f672e1955	1463283505
PRJNA1252143	SAMN48037654	SRX28445669	SRR33198168	RNA-seq	RNA-Seq	PAIRED	PAIRED	PAIRED	R2	2	SRR33198168_2.fastq.gz	ftp.sra.ebi.ac.uk/vol1/fastq/SRR331/068/SRR33198168/SRR33198168_2.fastq.gz	be51fa693ae52206f5c105da9fbc276a	1450799054
PRJNA1254963	SAMN48140364	SRX28553915	SRR33309095	RNA-seq	RNA-Seq	PAIRED	PAIRED	PAIRED	R1	1	SRR33309095_1.fastq.gz	ftp.sra.ebi.ac.uk/vol1/fastq/SRR333/095/SRR33309095/SRR33309095_1.fastq.gz	6fe00be46fe84e5f91a10ef3fe325d5f	1444361983
PRJNA1254963	SAMN48140364	SRX28553915	SRR33309095	RNA-seq	RNA-Seq	PAIRED	PAIRED	PAIRED	R2	2	SRR33309095_2.fastq.gz	ftp.sra.ebi.ac.uk/vol1/fastq/SRR333/095/SRR33309095/SRR33309095_2.fastq.gz	bc61633fd68e7802e0ecd05abee51527	1511938320
PRJNA1254963	SAMN48140369	SRX28553910	SRR33309100	RNA-seq	RNA-Seq	PAIRED	PAIRED	PAIRED	R1	1	SRR33309100_1.fastq.gz	ftp.sra.ebi.ac.uk/vol1/fastq/SRR333/000/SRR33309100/SRR33309100_1.fastq.gz	a06f0454c5afadc27b8a7765259253d4	1283273318
PRJNA1254963	SAMN48140369	SRX28553910	SRR33309100	RNA-seq	RNA-Seq	PAIRED	PAIRED	PAIRED	R2	2	SRR33309100_2.fastq.gz	ftp.sra.ebi.ac.uk/vol1/fastq/SRR333/000/SRR33309100/SRR33309100_2.fastq.gz	8c3c7a1111a3ce3ac57238e41ee589b4	1342796574
PRJNA1254963	SAMN48140370	SRX28553909	SRR33309101	RNA-seq	RNA-Seq	PAIRED	PAIRED	PAIRED	R1	1	SRR33309101_1.fastq.gz	ftp.sra.ebi.ac.uk/vol1/fastq/SRR333/001/SRR33309101/SRR33309101_1.fastq.gz	467e5793ebc4145f3657a3c34cd274b4	1571333758
PRJNA1254963	SAMN48140370	SRX28553909	SRR33309101	RNA-seq	RNA-Seq	PAIRED	PAIRED	PAIRED	R2	2	SRR33309101_2.fastq.gz	ftp.sra.ebi.ac.uk/vol1/fastq/SRR333/001/SRR33309101/SRR33309101_2.fastq.gz	ab116fb12893db11a0301066bf507091	1657636468
PRJNA1254963	SAMN48140372	SRX28553907	SRR33309103	RNA-seq	RNA-Seq	PAIRED	PAIRED	PAIRED	R1	1	SRR33309103_1.fastq.gz	ftp.sra.ebi.ac.uk/vol1/fastq/SRR333/003/SRR33309103/SRR33309103_1.fastq.gz	ffcc766cadd253643410c1f1ad3222f0	1666987769
PRJNA1254963	SAMN48140372	SRX28553907	SRR33309103	RNA-seq	RNA-Seq	PAIRED	PAIRED	PAIRED	R2	2	SRR33309103_2.fastq.gz	ftp.sra.ebi.ac.uk/vol1/fastq/SRR333/003/SRR33309103/SRR33309103_2.fastq.gz	9a2ed766f4d3932a13b3ca2a7cd4f57b	1761469620
PRJNA1254963	SAMN48140378	SRX28553901	SRR33309109	RNA-seq	RNA-Seq	PAIRED	PAIRED	PAIRED	R1	1	SRR33309109_1.fastq.gz	ftp.sra.ebi.ac.uk/vol1/fastq/SRR333/009/SRR33309109/SRR33309109_1.fastq.gz	7253d648a55c725a764af8ea913355d2	1536670973
PRJNA1254963	SAMN48140378	SRX28553901	SRR33309109	RNA-seq	RNA-Seq	PAIRED	PAIRED	PAIRED	R2	2	SRR33309109_2.fastq.gz	ftp.sra.ebi.ac.uk/vol1/fastq/SRR333/009/SRR33309109/SRR33309109_2.fastq.gz	b73503b5c61ba16b4d2b7a4d86d62ab5	1603134380
PRJNA1254963	SAMN48140383	SRX28553896	SRR33309113	RNA-seq	RNA-Seq	PAIRED	PAIRED	PAIRED	R1	1	SRR33309113_1.fastq.gz	ftp.sra.ebi.ac.uk/vol1/fastq/SRR333/013/SRR33309113/SRR33309113_1.fastq.gz	9d0c1fb91f81b130b1168b832ca8df07	1263858167
PRJNA1254963	SAMN48140383	SRX28553896	SRR33309113	RNA-seq	RNA-Seq	PAIRED	PAIRED	PAIRED	R2	2	SRR33309113_2.fastq.gz	ftp.sra.ebi.ac.uk/vol1/fastq/SRR333/013/SRR33309113/SRR33309113_2.fastq.gz	326a635ba850b99399e936bbd4154279	1330737297
PRJNA1254963	SAMN48140384	SRX28553895	SRR33309114	RNA-seq	RNA-Seq	PAIRED	PAIRED	PAIRED	R1	1	SRR33309114_1.fastq.gz	ftp.sra.ebi.ac.uk/vol1/fastq/SRR333/014/SRR33309114/SRR33309114_1.fastq.gz	844fc66af4c104ce14ae3a73beb41c12	1695663410
PRJNA1254963	SAMN48140384	SRX28553895	SRR33309114	RNA-seq	RNA-Seq	PAIRED	PAIRED	PAIRED	R2	2	SRR33309114_2.fastq.gz	ftp.sra.ebi.ac.uk/vol1/fastq/SRR333/014/SRR33309114/SRR33309114_2.fastq.gz	1c3c5549b443fa820d5f30bf56d5c5a7	1762332441
PRJNA1254963	SAMN48140381	SRX28553898	SRR33309115	RNA-seq	RNA-Seq	PAIRED	PAIRED	PAIRED	R1	1	SRR33309115_1.fastq.gz	ftp.sra.ebi.ac.uk/vol1/fastq/SRR333/015/SRR33309115/SRR33309115_1.fastq.gz	e4f133ed1f65f50813b32f62980dafb8	1710147864
PRJNA1254963	SAMN48140381	SRX28553898	SRR33309115	RNA-seq	RNA-Seq	PAIRED	PAIRED	PAIRED	R2	2	SRR33309115_2.fastq.gz	ftp.sra.ebi.ac.uk/vol1/fastq/SRR333/015/SRR33309115/SRR33309115_2.fastq.gz	6b3224c533b6d0f92de7509b2d90696e	1728778322
PRJNA1254963	SAMN48140387	SRX28553892	SRR33309118	RNA-seq	RNA-Seq	PAIRED	PAIRED	PAIRED	R1	1	SRR33309118_1.fastq.gz	ftp.sra.ebi.ac.uk/vol1/fastq/SRR333/018/SRR33309118/SRR33309118_1.fastq.gz	9d37c9aa17e866156524ae8d48964a79	1670475585
PRJNA1254963	SAMN48140387	SRX28553892	SRR33309118	RNA-seq	RNA-Seq	PAIRED	PAIRED	PAIRED	R2	2	SRR33309118_2.fastq.gz	ftp.sra.ebi.ac.uk/vol1/fastq/SRR333/018/SRR33309118/SRR33309118_2.fastq.gz	4715ad8a62da674cfb804bdad534f3bc	1748518817
PRJNA1254963	SAMN48140395	SRX28553884	SRR33309126	RNA-seq	RNA-Seq	PAIRED	PAIRED	PAIRED	R1	1	SRR33309126_1.fastq.gz	ftp.sra.ebi.ac.uk/vol1/fastq/SRR333/026/SRR33309126/SRR33309126_1.fastq.gz	afc033142d53e833fc8488651604681a	1715665694
PRJNA1254963	SAMN48140395	SRX28553884	SRR33309126	RNA-seq	RNA-Seq	PAIRED	PAIRED	PAIRED	R2	2	SRR33309126_2.fastq.gz	ftp.sra.ebi.ac.uk/vol1/fastq/SRR333/026/SRR33309126/SRR33309126_2.fastq.gz	d85537a940c5fb41c27186360869b84b	1795817815
PRJNA1335855	SAMN52025842	SRX30705856	SRR35653648	RNA-seq	RNA-Seq	PAIRED	PAIRED	PAIRED	R1	1	SRR35653648_1.fastq.gz	ftp.sra.ebi.ac.uk/vol1/fastq/SRR356/048/SRR35653648/SRR35653648_1.fastq.gz	ade6d307fc6d8ac832e87b90e44dd096	1233655096
PRJNA1335855	SAMN52025842	SRX30705856	SRR35653648	RNA-seq	RNA-Seq	PAIRED	PAIRED	PAIRED	R2	2	SRR35653648_2.fastq.gz	ftp.sra.ebi.ac.uk/vol1/fastq/SRR356/048/SRR35653648/SRR35653648_2.fastq.gz	70d3dd416a916e7e9c77450eb2e88950	1236454028
PRJNA1282762	SAMN49662886	SRX33099502	SRR38262918	RNA-seq	RNA-Seq	SINGLE	SINGLE	SINGLE	SINGLE	1	SRR38262918.fastq.gz	ftp.sra.ebi.ac.uk/vol1/fastq/SRR382/018/SRR38262918/SRR38262918.fastq.gz	3e86e9573d6d2d1ec359a9943b43b615	1843816624
PRJNA330832	SAMN05426770	SRX1971991	SRR3946106	RNA-seq	RNA-Seq	SINGLE	SINGLE	SINGLE	SINGLE	1	SRR3946106.fastq.gz	ftp.sra.ebi.ac.uk/vol1/fastq/SRR394/006/SRR3946106/SRR3946106.fastq.gz	f3c289a9a7488f638b89de914c65cc00	1938579115
PRJNA330832	SAMN05426770	SRX1971993	SRR3946108	RNA-seq	RNA-Seq	SINGLE	SINGLE	SINGLE	SINGLE	1	SRR3946108.fastq.gz	ftp.sra.ebi.ac.uk/vol1/fastq/SRR394/008/SRR3946108/SRR3946108.fastq.gz	ffadd9b04a38082a38e1e685eb7d8fde	2564260418
PRJNA330832	SAMN05426770	SRX1971995	SRR3946110	RNA-seq	RNA-Seq	SINGLE	SINGLE	SINGLE	SINGLE	1	SRR3946110.fastq.gz	ftp.sra.ebi.ac.uk/vol1/fastq/SRR394/000/SRR3946110/SRR3946110.fastq.gz	e52ef4838124d825789e5622ade6ff9b	1352508446
PRJNA1489724	SAMN61409209	SRX34192515	SRR39497723	RNA-seq	RNA-Seq	PAIRED	PAIRED	PAIRED	R1	1	SRR39497723_1.fastq.gz	ftp.sra.ebi.ac.uk/vol1/fastq/SRR394/023/SRR39497723/SRR39497723_1.fastq.gz	f72f74e649da93dd84bcc35166131688	3415738980
PRJNA1489724	SAMN61409209	SRX34192515	SRR39497723	RNA-seq	RNA-Seq	PAIRED	PAIRED	PAIRED	R2	2	SRR39497723_2.fastq.gz	ftp.sra.ebi.ac.uk/vol1/fastq/SRR394/023/SRR39497723/SRR39497723_2.fastq.gz	83011c63de9d900039d499f62a52399f	3453536439
PRJNA1489724	SAMN61409214	SRX34194511	SRR39499716	RNA-seq	RNA-Seq	PAIRED	PAIRED	PAIRED	R1	1	SRR39499716_1.fastq.gz	ftp.sra.ebi.ac.uk/vol1/fastq/SRR394/016/SRR39499716/SRR39499716_1.fastq.gz	36676da73c45e21d2c0de436909d64fa	8211289485
PRJNA1489724	SAMN61409214	SRX34194511	SRR39499716	RNA-seq	RNA-Seq	PAIRED	PAIRED	PAIRED	R2	2	SRR39499716_2.fastq.gz	ftp.sra.ebi.ac.uk/vol1/fastq/SRR394/016/SRR39499716/SRR39499716_2.fastq.gz	03994f342aa687dbe8122f49af89e0ea	8316207615
PRJNA1489724	SAMN61409222	SRX34199678	SRR39505007	RNA-seq	RNA-Seq	PAIRED	PAIRED	PAIRED	R1	1	SRR39505007_1.fastq.gz	ftp.sra.ebi.ac.uk/vol1/fastq/SRR395/007/SRR39505007/SRR39505007_1.fastq.gz	f8b580cdab017122dddea73ff70225ae	5872368303
PRJNA1489724	SAMN61409222	SRX34199678	SRR39505007	RNA-seq	RNA-Seq	PAIRED	PAIRED	PAIRED	R2	2	SRR39505007_2.fastq.gz	ftp.sra.ebi.ac.uk/vol1/fastq/SRR395/007/SRR39505007/SRR39505007_2.fastq.gz	bb51045590701b0bb440b765a0b591da	5966495166
PRJNA1489724	SAMN61409220	SRX34199676	SRR39505009	RNA-seq	RNA-Seq	PAIRED	PAIRED	PAIRED	R1	1	SRR39505009_1.fastq.gz	ftp.sra.ebi.ac.uk/vol1/fastq/SRR395/009/SRR39505009/SRR39505009_1.fastq.gz	c4ae1f771c6f08a0fbd037ff25dbafcd	3854168609
PRJNA1489724	SAMN61409220	SRX34199676	SRR39505009	RNA-seq	RNA-Seq	PAIRED	PAIRED	PAIRED	R2	2	SRR39505009_2.fastq.gz	ftp.sra.ebi.ac.uk/vol1/fastq/SRR395/009/SRR39505009/SRR39505009_2.fastq.gz	7c089aa73b997b3d1f8a7f76a7c25f42	3885234553
PRJNA1489724	SAMN61409226	SRX34201582	SRR39506912	RNA-seq	RNA-Seq	PAIRED	PAIRED	PAIRED	R1	1	SRR39506912_1.fastq.gz	ftp.sra.ebi.ac.uk/vol1/fastq/SRR395/012/SRR39506912/SRR39506912_1.fastq.gz	5ccd504e6e83e511285f39447fbcd920	2976612224
PRJNA1489724	SAMN61409226	SRX34201582	SRR39506912	RNA-seq	RNA-Seq	PAIRED	PAIRED	PAIRED	R2	2	SRR39506912_2.fastq.gz	ftp.sra.ebi.ac.uk/vol1/fastq/SRR395/012/SRR39506912/SRR39506912_2.fastq.gz	ebba204ea8067a6d55e8eca363392137	3013441411
PRJNA1489724	SAMN61409225	SRX34201581	SRR39506913	RNA-seq	RNA-Seq	PAIRED	PAIRED	PAIRED	R1	1	SRR39506913_1.fastq.gz	ftp.sra.ebi.ac.uk/vol1/fastq/SRR395/013/SRR39506913/SRR39506913_1.fastq.gz	e634841559273df4094f8258511cc1d5	2450528068
PRJNA1489724	SAMN61409225	SRX34201581	SRR39506913	RNA-seq	RNA-Seq	PAIRED	PAIRED	PAIRED	R2	2	SRR39506913_2.fastq.gz	ftp.sra.ebi.ac.uk/vol1/fastq/SRR395/013/SRR39506913/SRR39506913_2.fastq.gz	3458f885191191060870e600e4e85b56	2476697433
PRJNA1492564	SAMN61510926	SRX34250725	SRR39561849	RNA-seq	RNA-Seq	PAIRED	PAIRED	PAIRED	R1	1	SRR39561849_1.fastq.gz	ftp.sra.ebi.ac.uk/vol1/fastq/SRR395/049/SRR39561849/SRR39561849_1.fastq.gz	cc0e3635c05c1339c172c16d536c3989	4876431008
PRJNA1492564	SAMN61510926	SRX34250725	SRR39561849	RNA-seq	RNA-Seq	PAIRED	PAIRED	PAIRED	R2	2	SRR39561849_2.fastq.gz	ftp.sra.ebi.ac.uk/vol1/fastq/SRR395/049/SRR39561849/SRR39561849_2.fastq.gz	7b278045c435a491bfef1970e05281a0	4914801677
PRJNA1492564	SAMN61510927	SRX34250716	SRR39561858	RNA-seq	RNA-Seq	PAIRED	PAIRED	PAIRED	R1	1	SRR39561858_1.fastq.gz	ftp.sra.ebi.ac.uk/vol1/fastq/SRR395/058/SRR39561858/SRR39561858_1.fastq.gz	90b85a256dbc5824e57f87f871e0f2e1	4879872926
PRJNA1492564	SAMN61510927	SRX34250716	SRR39561858	RNA-seq	RNA-Seq	PAIRED	PAIRED	PAIRED	R2	2	SRR39561858_2.fastq.gz	ftp.sra.ebi.ac.uk/vol1/fastq/SRR395/058/SRR39561858/SRR39561858_2.fastq.gz	9c4712291e5148fa4d246b1019d96029	4919883246
PRJNA1497331	SAMN61798547	SRX34813910	SRR40188913	RNA-seq	RNA-Seq	PAIRED	SINGLE	UNPAIRED_FROM_PAIRED	UNPAIRED	1	SRR40188913.fastq.gz	ftp.sra.ebi.ac.uk/vol1/fastq/SRR401/013/SRR40188913/SRR40188913.fastq.gz	c65f0e66b3ccae9478928b13d3271f9f	2676755120
PRJNA1516528	SAMN62608409	SRX34926297	SRR40310829	RNA-seq	RNA-Seq	PAIRED	PAIRED	PAIRED	R1	1	SRR40310829_1.fastq.gz	ftp.sra.ebi.ac.uk/vol1/fastq/SRR403/029/SRR40310829/SRR40310829_1.fastq.gz	29c91fbc272b03a3bd3b242ee34293ac	1562986302
PRJNA1516528	SAMN62608409	SRX34926297	SRR40310829	RNA-seq	RNA-Seq	PAIRED	PAIRED	PAIRED	R2	2	SRR40310829_2.fastq.gz	ftp.sra.ebi.ac.uk/vol1/fastq/SRR403/029/SRR40310829/SRR40310829_2.fastq.gz	8858e57f1b54c07b37697cbe1c7fedda	1569281571
PRJNA488640	SAMN09938577	SRX4626203	SRR7770748	RNA-seq	RNA-Seq	PAIRED	PAIRED	PAIRED	R1	1	SRR7770748_1.fastq.gz	ftp.sra.ebi.ac.uk/vol1/fastq/SRR777/008/SRR7770748/SRR7770748_1.fastq.gz	aa0ee77a02e00560f53fd42da156bc30	1429363600
PRJNA488640	SAMN09938577	SRX4626203	SRR7770748	RNA-seq	RNA-Seq	PAIRED	PAIRED	PAIRED	R2	2	SRR7770748_2.fastq.gz	ftp.sra.ebi.ac.uk/vol1/fastq/SRR777/008/SRR7770748/SRR7770748_2.fastq.gz	ba8740dcd27052bd3ae5b6ce32ac33f6	1488460749
PRJNA489076	SAMN09948071	SRX4634288	SRR7779168	RNA-seq	RNA-Seq	PAIRED	PAIRED	PAIRED	R1	1	SRR7779168_1.fastq.gz	ftp.sra.ebi.ac.uk/vol1/fastq/SRR777/008/SRR7779168/SRR7779168_1.fastq.gz	24a4ba8b4053167af42a41d1fbf839ec	1420953923
PRJNA489076	SAMN09948071	SRX4634288	SRR7779168	RNA-seq	RNA-Seq	PAIRED	PAIRED	PAIRED	R2	2	SRR7779168_2.fastq.gz	ftp.sra.ebi.ac.uk/vol1/fastq/SRR777/008/SRR7779168/SRR7779168_2.fastq.gz	0fdbf1b4651ad481b14eb2ca5571c9c4	1482127335
PRJNA489076	SAMN09948086	SRX4634291	SRR7779171	RNA-seq	RNA-Seq	PAIRED	PAIRED	PAIRED	R1	1	SRR7779171_1.fastq.gz	ftp.sra.ebi.ac.uk/vol1/fastq/SRR777/001/SRR7779171/SRR7779171_1.fastq.gz	d7709b91b4d9c5f3c49860ddf07e8b98	1354701628
PRJNA489076	SAMN09948086	SRX4634291	SRR7779171	RNA-seq	RNA-Seq	PAIRED	PAIRED	PAIRED	R2	2	SRR7779171_2.fastq.gz	ftp.sra.ebi.ac.uk/vol1/fastq/SRR777/001/SRR7779171/SRR7779171_2.fastq.gz	46d1245564cbf6a4423b02d7db21b323	1412139185
PRJNA489076	SAMN09948085	SRX4634292	SRR7779172	RNA-seq	RNA-Seq	PAIRED	PAIRED	PAIRED	R1	1	SRR7779172_1.fastq.gz	ftp.sra.ebi.ac.uk/vol1/fastq/SRR777/002/SRR7779172/SRR7779172_1.fastq.gz	96e29acb335646b2cf3b8397c601189f	1020601159
PRJNA489076	SAMN09948085	SRX4634292	SRR7779172	RNA-seq	RNA-Seq	PAIRED	PAIRED	PAIRED	R2	2	SRR7779172_2.fastq.gz	ftp.sra.ebi.ac.uk/vol1/fastq/SRR777/002/SRR7779172/SRR7779172_2.fastq.gz	b76d05010bd2ec65bc9312172b0afb54	1061281901
PRJNA489076	SAMN09948083	SRX4634294	SRR7779174	RNA-seq	RNA-Seq	PAIRED	PAIRED	PAIRED	R1	1	SRR7779174_1.fastq.gz	ftp.sra.ebi.ac.uk/vol1/fastq/SRR777/004/SRR7779174/SRR7779174_1.fastq.gz	16f2fb8898a0cc7bbdd187d01b4131d9	1337368162
PRJNA489076	SAMN09948083	SRX4634294	SRR7779174	RNA-seq	RNA-Seq	PAIRED	PAIRED	PAIRED	R2	2	SRR7779174_2.fastq.gz	ftp.sra.ebi.ac.uk/vol1/fastq/SRR777/004/SRR7779174/SRR7779174_2.fastq.gz	11894138d8187a08f3ca47dafef94401	1404268573
PRJNA489076	SAMN09948081	SRX4634297	SRR7779177	RNA-seq	RNA-Seq	PAIRED	PAIRED	PAIRED	R1	1	SRR7779177_1.fastq.gz	ftp.sra.ebi.ac.uk/vol1/fastq/SRR777/007/SRR7779177/SRR7779177_1.fastq.gz	7d5ca935a408b8621e5c6c069729dcff	1367280275
PRJNA489076	SAMN09948081	SRX4634297	SRR7779177	RNA-seq	RNA-Seq	PAIRED	PAIRED	PAIRED	R2	2	SRR7779177_2.fastq.gz	ftp.sra.ebi.ac.uk/vol1/fastq/SRR777/007/SRR7779177/SRR7779177_2.fastq.gz	a65a5e422a41a00ecca7c79169c97bfb	1440480000
PRJNA489076	SAMN09948073	SRX4634304	SRR7779184	RNA-seq	RNA-Seq	PAIRED	PAIRED	PAIRED	R1	1	SRR7779184_1.fastq.gz	ftp.sra.ebi.ac.uk/vol1/fastq/SRR777/004/SRR7779184/SRR7779184_1.fastq.gz	eea09b714d820eeff497aed2f1e99553	1525129307
PRJNA489076	SAMN09948073	SRX4634304	SRR7779184	RNA-seq	RNA-Seq	PAIRED	PAIRED	PAIRED	R2	2	SRR7779184_2.fastq.gz	ftp.sra.ebi.ac.uk/vol1/fastq/SRR777/004/SRR7779184/SRR7779184_2.fastq.gz	9d55ca3fe1e57f10aa3f6edc3773e748	1589997551
PRJNA489076	SAMN09948104	SRX4634306	SRR7779186	RNA-seq	RNA-Seq	PAIRED	PAIRED	PAIRED	R1	1	SRR7779186_1.fastq.gz	ftp.sra.ebi.ac.uk/vol1/fastq/SRR777/006/SRR7779186/SRR7779186_1.fastq.gz	c14a7e35e57b42e606d36c29869e002e	1601985512
PRJNA489076	SAMN09948104	SRX4634306	SRR7779186	RNA-seq	RNA-Seq	PAIRED	PAIRED	PAIRED	R2	2	SRR7779186_2.fastq.gz	ftp.sra.ebi.ac.uk/vol1/fastq/SRR777/006/SRR7779186/SRR7779186_2.fastq.gz	48ae7aaec1c4cd91a93f5f72a7b3d54d	1684144900
PRJNA489076	SAMN09948092	SRX4634318	SRR7779198	RNA-seq	RNA-Seq	PAIRED	PAIRED	PAIRED	R1	1	SRR7779198_1.fastq.gz	ftp.sra.ebi.ac.uk/vol1/fastq/SRR777/008/SRR7779198/SRR7779198_1.fastq.gz	6356cad431fadcaf2b38af27ee7d818b	1565937983
PRJNA489076	SAMN09948092	SRX4634318	SRR7779198	RNA-seq	RNA-Seq	PAIRED	PAIRED	PAIRED	R2	2	SRR7779198_2.fastq.gz	ftp.sra.ebi.ac.uk/vol1/fastq/SRR777/008/SRR7779198/SRR7779198_2.fastq.gz	d3dfa90658ae5dd1c187bb23ac322d71	1630153218
PRJNA489076	SAMN09948090	SRX4634320	SRR7779200	RNA-seq	RNA-Seq	PAIRED	PAIRED	PAIRED	R1	1	SRR7779200_1.fastq.gz	ftp.sra.ebi.ac.uk/vol1/fastq/SRR777/000/SRR7779200/SRR7779200_1.fastq.gz	7f136d8718fc16889a21a8397aec46b4	1492136184
PRJNA489076	SAMN09948090	SRX4634320	SRR7779200	RNA-seq	RNA-Seq	PAIRED	PAIRED	PAIRED	R2	2	SRR7779200_2.fastq.gz	ftp.sra.ebi.ac.uk/vol1/fastq/SRR777/000/SRR7779200/SRR7779200_2.fastq.gz	79c437f019b38507fb0e0aa9084c48ac	1555569075
PRJNA489076	SAMN09948088	SRX4634322	SRR7779202	RNA-seq	RNA-Seq	PAIRED	PAIRED	PAIRED	R1	1	SRR7779202_1.fastq.gz	ftp.sra.ebi.ac.uk/vol1/fastq/SRR777/002/SRR7779202/SRR7779202_1.fastq.gz	f2d27ff1b130c1ef640c86efbb718e17	1501140984
PRJNA489076	SAMN09948088	SRX4634322	SRR7779202	RNA-seq	RNA-Seq	PAIRED	PAIRED	PAIRED	R2	2	SRR7779202_2.fastq.gz	ftp.sra.ebi.ac.uk/vol1/fastq/SRR777/002/SRR7779202/SRR7779202_2.fastq.gz	92357be346c284ad1c85141385e01c2b	1562554689
PRJNA393479	SAMN07334556	SRX2991088	SRR5812569	RNA-seq	RNA-Seq	PAIRED	PAIRED	PAIRED	R1	1	SRR5812569_1.fastq.gz	ftp.sra.ebi.ac.uk/vol1/fastq/SRR581/009/SRR5812569/SRR5812569_1.fastq.gz	92a6fcb86e7905b264ffd156e6e9b8ef	4704273240
PRJNA393479	SAMN07334556	SRX2991088	SRR5812569	RNA-seq	RNA-Seq	PAIRED	PAIRED	PAIRED	R2	2	SRR5812569_2.fastq.gz	ftp.sra.ebi.ac.uk/vol1/fastq/SRR581/009/SRR5812569/SRR5812569_2.fastq.gz	1b067270331dc5da8af596bd3cf13e6e	4705639891
PRJNA393479	SAMN07334553	SRX2991091	SRR5812575	RNA-seq	RNA-Seq	PAIRED	PAIRED	PAIRED	R1	1	SRR5812575_1.fastq.gz	ftp.sra.ebi.ac.uk/vol1/fastq/SRR581/005/SRR5812575/SRR5812575_1.fastq.gz	c99f85b87e70dc532fa4daee06f576a2	2091991999
PRJNA393479	SAMN07334553	SRX2991091	SRR5812575	RNA-seq	RNA-Seq	PAIRED	PAIRED	PAIRED	R2	2	SRR5812575_2.fastq.gz	ftp.sra.ebi.ac.uk/vol1/fastq/SRR581/005/SRR5812575/SRR5812575_2.fastq.gz	8fec97f6e92e5783c0776bcdcba52e5e	2175407484
PRJNA393479	SAMN07334552	SRX2991092	SRR5812576	RNA-seq	RNA-Seq	PAIRED	PAIRED	PAIRED	R1	1	SRR5812576_1.fastq.gz	ftp.sra.ebi.ac.uk/vol1/fastq/SRR581/006/SRR5812576/SRR5812576_1.fastq.gz	d2f959bea00e1309a86a571632b9d1a7	2400641095
PRJNA393479	SAMN07334552	SRX2991092	SRR5812576	RNA-seq	RNA-Seq	PAIRED	PAIRED	PAIRED	R2	2	SRR5812576_2.fastq.gz	ftp.sra.ebi.ac.uk/vol1/fastq/SRR581/006/SRR5812576/SRR5812576_2.fastq.gz	c867ceb09dc7914a3185d093c4640f7f	2498462485
PRJNA393479	SAMN07334550	SRX2991094	SRR5812581	RNA-seq	RNA-Seq	PAIRED	PAIRED	PAIRED	R1	1	SRR5812581_1.fastq.gz	ftp.sra.ebi.ac.uk/vol1/fastq/SRR581/001/SRR5812581/SRR5812581_1.fastq.gz	1252b36cc72b0ae26b48eb91a66eac3d	2133060473
PRJNA393479	SAMN07334550	SRX2991094	SRR5812581	RNA-seq	RNA-Seq	PAIRED	PAIRED	PAIRED	R2	2	SRR5812581_2.fastq.gz	ftp.sra.ebi.ac.uk/vol1/fastq/SRR581/001/SRR5812581/SRR5812581_2.fastq.gz	46410eb6740f53d78c590b1ddba41d5a	2205826048
PRJNA319417	SAMN04887243	SRX3340585	SRR6232157	RNA-seq	RNA-Seq	PAIRED	PAIRED	PAIRED	R1	1	SRR6232157_1.fastq.gz	ftp.sra.ebi.ac.uk/vol1/fastq/SRR623/007/SRR6232157/SRR6232157_1.fastq.gz	541d86ac777b8daebb5ee2344f22cac1	1833097933
PRJNA319417	SAMN04887243	SRX3340585	SRR6232157	RNA-seq	RNA-Seq	PAIRED	PAIRED	PAIRED	R2	2	SRR6232157_2.fastq.gz	ftp.sra.ebi.ac.uk/vol1/fastq/SRR623/007/SRR6232157/SRR6232157_2.fastq.gz	7cb2a8d9bcd0bab96342c9078602fbda	1811712755
PRJNA319417	SAMN04887242	SRX3340727	SRR6232300	RNA-seq	RNA-Seq	PAIRED	PAIRED	PAIRED	R1	1	SRR6232300_1.fastq.gz	ftp.sra.ebi.ac.uk/vol1/fastq/SRR623/000/SRR6232300/SRR6232300_1.fastq.gz	926b7378bcf410f1f47d7457bc101f39	1711557925
PRJNA319417	SAMN04887242	SRX3340727	SRR6232300	RNA-seq	RNA-Seq	PAIRED	PAIRED	PAIRED	R2	2	SRR6232300_2.fastq.gz	ftp.sra.ebi.ac.uk/vol1/fastq/SRR623/000/SRR6232300/SRR6232300_2.fastq.gz	62a68a0e83b46a42e21cbcf65906707a	1744135909
PRJNA504034	SAMN10388072	SRX4986360	SRR8165626	RNA-seq	RNA-Seq	PAIRED	PAIRED	PAIRED	R1	1	SRR8165626_1.fastq.gz	ftp.sra.ebi.ac.uk/vol1/fastq/SRR816/006/SRR8165626/SRR8165626_1.fastq.gz	026b655b0b56fb1f37fd63e9dec305cf	6384913540
PRJNA504034	SAMN10388072	SRX4986360	SRR8165626	RNA-seq	RNA-Seq	PAIRED	PAIRED	PAIRED	R2	2	SRR8165626_2.fastq.gz	ftp.sra.ebi.ac.uk/vol1/fastq/SRR816/006/SRR8165626/SRR8165626_2.fastq.gz	8474e68075dd7ecaffc75ece5f549270	6431945436
PRJNA504034	SAMN10388085	SRX4986349	SRR8165637	RNA-seq	RNA-Seq	PAIRED	PAIRED	PAIRED	R1	1	SRR8165637_1.fastq.gz	ftp.sra.ebi.ac.uk/vol1/fastq/SRR816/007/SRR8165637/SRR8165637_1.fastq.gz	7788daf27dd2b5ea2245c2e7fcfda9de	8318401418
PRJNA504034	SAMN10388085	SRX4986349	SRR8165637	RNA-seq	RNA-Seq	PAIRED	PAIRED	PAIRED	R2	2	SRR8165637_2.fastq.gz	ftp.sra.ebi.ac.uk/vol1/fastq/SRR816/007/SRR8165637/SRR8165637_2.fastq.gz	3cc115eef3bb391ccc240a5975f8e952	8392008497
PRJNA504034	SAMN10388060	SRX4986329	SRR8165657	RNA-seq	RNA-Seq	PAIRED	PAIRED	PAIRED	R1	1	SRR8165657_1.fastq.gz	ftp.sra.ebi.ac.uk/vol1/fastq/SRR816/007/SRR8165657/SRR8165657_1.fastq.gz	972d22c94f1cd07a8806b823844e7949	9610504165
PRJNA504034	SAMN10388060	SRX4986329	SRR8165657	RNA-seq	RNA-Seq	PAIRED	PAIRED	PAIRED	R2	2	SRR8165657_2.fastq.gz	ftp.sra.ebi.ac.uk/vol1/fastq/SRR816/007/SRR8165657/SRR8165657_2.fastq.gz	ca4a67e8395a5d1e361469574e82dd8e	9608337538
PRJNA504034	SAMN10388082	SRX4986321	SRR8165665	RNA-seq	RNA-Seq	PAIRED	PAIRED	PAIRED	R1	1	SRR8165665_1.fastq.gz	ftp.sra.ebi.ac.uk/vol1/fastq/SRR816/005/SRR8165665/SRR8165665_1.fastq.gz	4c30b5d9059efbba978a6b81c6f07ec9	6416807515
PRJNA504034	SAMN10388082	SRX4986321	SRR8165665	RNA-seq	RNA-Seq	PAIRED	PAIRED	PAIRED	R2	2	SRR8165665_2.fastq.gz	ftp.sra.ebi.ac.uk/vol1/fastq/SRR816/005/SRR8165665/SRR8165665_2.fastq.gz	c8a4c65a577c65b54315af7656fefb1e	6503443738
PRJNA504034	SAMN10388083	SRX4986315	SRR8165671	RNA-seq	RNA-Seq	PAIRED	PAIRED	PAIRED	R1	1	SRR8165671_1.fastq.gz	ftp.sra.ebi.ac.uk/vol1/fastq/SRR816/001/SRR8165671/SRR8165671_1.fastq.gz	793517401ae6acd2fda14dc817715ca9	5080297179
PRJNA504034	SAMN10388083	SRX4986315	SRR8165671	RNA-seq	RNA-Seq	PAIRED	PAIRED	PAIRED	R2	2	SRR8165671_2.fastq.gz	ftp.sra.ebi.ac.uk/vol1/fastq/SRR816/001/SRR8165671/SRR8165671_2.fastq.gz	3cacaa23176d19010dd32a73a4bb16e0	5141930768
PRJNA545135	SAMN11875000	SRX5910664	SRR9137503	RNA-seq	RNA-Seq	PAIRED	PAIRED	PAIRED	R1	1	SRR9137503_1.fastq.gz	ftp.sra.ebi.ac.uk/vol1/fastq/SRR913/003/SRR9137503/SRR9137503_1.fastq.gz	2137a58591b2ce6bdcd7b84a3636d661	1429971477
PRJNA545135	SAMN11875000	SRX5910664	SRR9137503	RNA-seq	RNA-Seq	PAIRED	PAIRED	PAIRED	R2	2	SRR9137503_2.fastq.gz	ftp.sra.ebi.ac.uk/vol1/fastq/SRR913/003/SRR9137503/SRR9137503_2.fastq.gz	da34bd68b58223c076fe90da5056a796	1460008095
PRJNA545309	SAMN11883833	SRX5924877	SRR9151761	RNA-seq	RNA-Seq	PAIRED	PAIRED	PAIRED	R1	1	SRR9151761_1.fastq.gz	ftp.sra.ebi.ac.uk/vol1/fastq/SRR915/001/SRR9151761/SRR9151761_1.fastq.gz	058ec37428071491fddf476c91b1049f	904967034
PRJNA545309	SAMN11883833	SRX5924877	SRR9151761	RNA-seq	RNA-Seq	PAIRED	PAIRED	PAIRED	R2	2	SRR9151761_2.fastq.gz	ftp.sra.ebi.ac.uk/vol1/fastq/SRR915/001/SRR9151761/SRR9151761_2.fastq.gz	53a95f8c753ab51e9b515129bfc5c74c	912201494
PRJNA545309	SAMN11883832	SRX5924878	SRR9151762	RNA-seq	RNA-Seq	PAIRED	PAIRED	PAIRED	R1	1	SRR9151762_1.fastq.gz	ftp.sra.ebi.ac.uk/vol1/fastq/SRR915/002/SRR9151762/SRR9151762_1.fastq.gz	b22d9846d5b342ec2cb8d360638ccde2	888728398
PRJNA545309	SAMN11883832	SRX5924878	SRR9151762	RNA-seq	RNA-Seq	PAIRED	PAIRED	PAIRED	R2	2	SRR9151762_2.fastq.gz	ftp.sra.ebi.ac.uk/vol1/fastq/SRR915/002/SRR9151762/SRR9151762_2.fastq.gz	76a02fb3756cab0c3b72fff756269134	879998633
PRJNA545309	SAMN11883829	SRX5924881	SRR9151765	RNA-seq	RNA-Seq	PAIRED	PAIRED	PAIRED	R1	1	SRR9151765_1.fastq.gz	ftp.sra.ebi.ac.uk/vol1/fastq/SRR915/005/SRR9151765/SRR9151765_1.fastq.gz	ac2833fbe63d35c7f06a629f13d59115	917818226
PRJNA545309	SAMN11883829	SRX5924881	SRR9151765	RNA-seq	RNA-Seq	PAIRED	PAIRED	PAIRED	R2	2	SRR9151765_2.fastq.gz	ftp.sra.ebi.ac.uk/vol1/fastq/SRR915/005/SRR9151765/SRR9151765_2.fastq.gz	28d84a1681bcf3a2578ed6fcf96f9d12	917947224
PRJNA551666	SAMN12162721	SRX6384005	SRR9621001	RNA-seq	RNA-Seq	SINGLE	SINGLE	SINGLE	SINGLE	1	SRR9621001.fastq.gz	ftp.sra.ebi.ac.uk/vol1/fastq/SRR962/001/SRR9621001/SRR9621001.fastq.gz	e9db21931357e4df342469fd5c53cc7f	210113739
PRJNA551666	SAMN12162717	SRX6384009	SRR9621016	RNA-seq	RNA-Seq	SINGLE	SINGLE	SINGLE	SINGLE	1	SRR9621016.fastq.gz	ftp.sra.ebi.ac.uk/vol1/fastq/SRR962/006/SRR9621016/SRR9621016.fastq.gz	687dc147a4efb9aa85bb8cf3a60af8e8	195357286
PRJNA551666	SAMN12162715	SRX6384011	SRR9621024	RNA-seq	RNA-Seq	SINGLE	SINGLE	SINGLE	SINGLE	1	SRR9621024.fastq.gz	ftp.sra.ebi.ac.uk/vol1/fastq/SRR962/004/SRR9621024/SRR9621024.fastq.gz	435d5b951e44bbc175b8ce4595f644a7	154201386
PRJNA551666	SAMN12162708	SRX6384018	SRR9621053	RNA-seq	RNA-Seq	SINGLE	SINGLE	SINGLE	SINGLE	1	SRR9621053.fastq.gz	ftp.sra.ebi.ac.uk/vol1/fastq/SRR962/003/SRR9621053/SRR9621053.fastq.gz	2b3dfc5aa4ef20cd84a38f6c98ea539d	99039168
PRJNA551666	SAMN12162706	SRX6384020	SRR9621059	RNA-seq	RNA-Seq	SINGLE	SINGLE	SINGLE	SINGLE	1	SRR9621059.fastq.gz	ftp.sra.ebi.ac.uk/vol1/fastq/SRR962/009/SRR9621059/SRR9621059.fastq.gz	a2534de3ce448b6cc36ae0c4c7f325da	171113545
PRJNA551666	SAMN12162705	SRX6384021	SRR9621066	RNA-seq	RNA-Seq	SINGLE	SINGLE	SINGLE	SINGLE	1	SRR9621066.fastq.gz	ftp.sra.ebi.ac.uk/vol1/fastq/SRR962/006/SRR9621066/SRR9621066.fastq.gz	607495444e8f74c349b130a35b3050ce	210792446
PRJNA551666	SAMN12162704	SRX6384022	SRR9621067	RNA-seq	RNA-Seq	SINGLE	SINGLE	SINGLE	SINGLE	1	SRR9621067.fastq.gz	ftp.sra.ebi.ac.uk/vol1/fastq/SRR962/007/SRR9621067/SRR9621067.fastq.gz	6a145c36d4808dfb35dd8f975412f8fb	175731861
PRJNA551666	SAMN12162703	SRX6384023	SRR9621071	RNA-seq	RNA-Seq	SINGLE	SINGLE	SINGLE	SINGLE	1	SRR9621071.fastq.gz	ftp.sra.ebi.ac.uk/vol1/fastq/SRR962/001/SRR9621071/SRR9621071.fastq.gz	0442af36807650d19ec35cb6f27d08b1	193844671
PRJNA551666	SAMN12162703	SRX6384023	SRR9621073	RNA-seq	RNA-Seq	SINGLE	SINGLE	SINGLE	SINGLE	1	SRR9621073.fastq.gz	ftp.sra.ebi.ac.uk/vol1/fastq/SRR962/003/SRR9621073/SRR9621073.fastq.gz	8b42b13272a36da7fe5a58d8560a5721	195868478
PRJNA551666	SAMN12162725	SRX6384025	SRR9621082	RNA-seq	RNA-Seq	SINGLE	SINGLE	SINGLE	SINGLE	1	SRR9621082.fastq.gz	ftp.sra.ebi.ac.uk/vol1/fastq/SRR962/002/SRR9621082/SRR9621082.fastq.gz	c2a41b1a94a1fb3f053f49f37aa198c3	208859649
PRJNA551666	SAMN12162724	SRX6384026	SRR9621084	RNA-seq	RNA-Seq	SINGLE	SINGLE	SINGLE	SINGLE	1	SRR9621084.fastq.gz	ftp.sra.ebi.ac.uk/vol1/fastq/SRR962/004/SRR9621084/SRR9621084.fastq.gz	d0882e3d91cef9a98f01a855eef3c0c2	105658529
PRJNA555245	SAMN12308450	SRX6461460	SRR9703435	RNA-seq	RNA-Seq	SINGLE	SINGLE	SINGLE	SINGLE	1	SRR9703435.fastq.gz	ftp.sra.ebi.ac.uk/vol1/fastq/SRR970/005/SRR9703435/SRR9703435.fastq.gz	c747ee9c1204d06a5d002891a5fa6e00	4072898642
PRJDB5737	SAMD00079368	DRX085006	DRR091430	RNA-seq	RNA-Seq	SINGLE	SINGLE	SINGLE	SINGLE	1	DRR091430.fastq.gz	ftp.sra.ebi.ac.uk/vol1/fastq/DRR091/DRR091430/DRR091430.fastq.gz	2068bea2cc637d810ab76a96052fef39	689971815
PRJDB5897	SAMD00084268	DRX090093	DRR096597	RNA-seq	RNA-Seq	SINGLE	SINGLE	SINGLE	SINGLE	1	DRR096597.fastq.gz	ftp.sra.ebi.ac.uk/vol1/fastq/DRR096/DRR096597/DRR096597.fastq.gz	103c2628daf77aaa0527b3e8ffa226c8	1775526617
PRJDB5897	SAMD00084269	DRX090094	DRR096598	RNA-seq	RNA-Seq	SINGLE	SINGLE	SINGLE	SINGLE	1	DRR096598.fastq.gz	ftp.sra.ebi.ac.uk/vol1/fastq/DRR096/DRR096598/DRR096598.fastq.gz	739445d1534e2c39ae2d3e3b81fb68ba	1392795733
PRJDB5898	SAMD00084272	DRX090097	DRR096601	RNA-seq	RNA-Seq	SINGLE	SINGLE	SINGLE	SINGLE	1	DRR096601.fastq.gz	ftp.sra.ebi.ac.uk/vol1/fastq/DRR096/DRR096601/DRR096601.fastq.gz	a1d6cd1f54e83192623e740ae2f02267	894268633
PRJDB5898	SAMD00084274	DRX090099	DRR096603	RNA-seq	RNA-Seq	SINGLE	SINGLE	SINGLE	SINGLE	1	DRR096603.fastq.gz	ftp.sra.ebi.ac.uk/vol1/fastq/DRR096/DRR096603/DRR096603.fastq.gz	10d3920d36908d6a4df72cda275eb950	883180312
PRJDB6126	SAMD00089411	DRX092936	DRR099458	RNA-seq	RNA-Seq	SINGLE	SINGLE	SINGLE	SINGLE	1	DRR099458.fastq.gz	ftp.sra.ebi.ac.uk/vol1/fastq/DRR099/DRR099458/DRR099458.fastq.gz	9b7800db454c289e2346528d8b6a5ab1	263038517
PRJDB6126	SAMD00089413	DRX092938	DRR099460	RNA-seq	RNA-Seq	SINGLE	SINGLE	SINGLE	SINGLE	1	DRR099460.fastq.gz	ftp.sra.ebi.ac.uk/vol1/fastq/DRR099/DRR099460/DRR099460.fastq.gz	2d313294a9844336d7222c68d1f23c14	270180608
PRJDB6126	SAMD00089417	DRX092942	DRR099464	RNA-seq	RNA-Seq	SINGLE	SINGLE	SINGLE	SINGLE	1	DRR099464.fastq.gz	ftp.sra.ebi.ac.uk/vol1/fastq/DRR099/DRR099464/DRR099464.fastq.gz	7522c7ec3ff4df3eae33d41392daf350	277809312
PRJDB6126	SAMD00089426	DRX092951	DRR099473	RNA-seq	RNA-Seq	SINGLE	SINGLE	SINGLE	SINGLE	1	DRR099473.fastq.gz	ftp.sra.ebi.ac.uk/vol1/fastq/DRR099/DRR099473/DRR099473.fastq.gz	97906c3b4070566944e89388f3a8f9e3	281499966
PRJDB6126	SAMD00089430	DRX092955	DRR099477	RNA-seq	RNA-Seq	SINGLE	SINGLE	SINGLE	SINGLE	1	DRR099477.fastq.gz	ftp.sra.ebi.ac.uk/vol1/fastq/DRR099/DRR099477/DRR099477.fastq.gz	43414cde0b682663d6f1425fc224a8c6	304537304
PRJDB6126	SAMD00089434	DRX092959	DRR099481	RNA-seq	RNA-Seq	SINGLE	SINGLE	SINGLE	SINGLE	1	DRR099481.fastq.gz	ftp.sra.ebi.ac.uk/vol1/fastq/DRR099/DRR099481/DRR099481.fastq.gz	72757fb26bbc804e473bb593ec99a8d0	312150058
PRJDB6126	SAMD00089436	DRX092961	DRR099483	RNA-seq	RNA-Seq	SINGLE	SINGLE	SINGLE	SINGLE	1	DRR099483.fastq.gz	ftp.sra.ebi.ac.uk/vol1/fastq/DRR099/DRR099483/DRR099483.fastq.gz	e0836151ec3f12e46b5c3ed6927c5e17	304251741
PRJDB6126	SAMD00089438	DRX092963	DRR099485	RNA-seq	RNA-Seq	SINGLE	SINGLE	SINGLE	SINGLE	1	DRR099485.fastq.gz	ftp.sra.ebi.ac.uk/vol1/fastq/DRR099/DRR099485/DRR099485.fastq.gz	e7071f89a81bff1a47c489cadf5a6c8c	299299339
PRJDB6126	SAMD00089442	DRX092967	DRR099489	RNA-seq	RNA-Seq	SINGLE	SINGLE	SINGLE	SINGLE	1	DRR099489.fastq.gz	ftp.sra.ebi.ac.uk/vol1/fastq/DRR099/DRR099489/DRR099489.fastq.gz	3d14460daf6a3f7256f339633f2e54ce	298867074
PRJDB6126	SAMD00089446	DRX092971	DRR099493	RNA-seq	RNA-Seq	SINGLE	SINGLE	SINGLE	SINGLE	1	DRR099493.fastq.gz	ftp.sra.ebi.ac.uk/vol1/fastq/DRR099/DRR099493/DRR099493.fastq.gz	b3bed442941de8e6689faf7cfd81a0ce	275585402
PRJDB6126	SAMD00089447	DRX092972	DRR099494	RNA-seq	RNA-Seq	SINGLE	SINGLE	SINGLE	SINGLE	1	DRR099494.fastq.gz	ftp.sra.ebi.ac.uk/vol1/fastq/DRR099/DRR099494/DRR099494.fastq.gz	7d8fe6751e2d445f6368efec74febff5	234713346
PRJDB6126	SAMD00089448	DRX092973	DRR099495	RNA-seq	RNA-Seq	SINGLE	SINGLE	SINGLE	SINGLE	1	DRR099495.fastq.gz	ftp.sra.ebi.ac.uk/vol1/fastq/DRR099/DRR099495/DRR099495.fastq.gz	34307fad6a87d932b16636bbd5655b1e	280627391
PRJDB6793	SAMD00113900	DRX119134	DRR126390	RNA-seq	RNA-Seq	SINGLE	SINGLE	SINGLE	SINGLE	1	DRR126390.fastq.gz	ftp.sra.ebi.ac.uk/vol1/fastq/DRR126/DRR126390/DRR126390.fastq.gz	61c629cc6003c140d2796d87885447c4	518439462
PRJDB6793	SAMD00113904	DRX119138	DRR126394	RNA-seq	RNA-Seq	SINGLE	SINGLE	SINGLE	SINGLE	1	DRR126394.fastq.gz	ftp.sra.ebi.ac.uk/vol1/fastq/DRR126/DRR126394/DRR126394.fastq.gz	b75308e70724292612b7366cbe3bab90	212720827
PRJDB6793	SAMD00113906	DRX119140	DRR126396	RNA-seq	RNA-Seq	SINGLE	SINGLE	SINGLE	SINGLE	1	DRR126396.fastq.gz	ftp.sra.ebi.ac.uk/vol1/fastq/DRR126/DRR126396/DRR126396.fastq.gz	52d1239513e8fe26dea700e7c7595010	412518460
PRJDB6793	SAMD00113912	DRX119146	DRR126402	RNA-seq	RNA-Seq	SINGLE	SINGLE	SINGLE	SINGLE	1	DRR126402.fastq.gz	ftp.sra.ebi.ac.uk/vol1/fastq/DRR126/DRR126402/DRR126402.fastq.gz	178d4e07709b8cc02d81791d24b3e67a	105708099
PRJDB6793	SAMD00113914	DRX119148	DRR126404	RNA-seq	RNA-Seq	SINGLE	SINGLE	SINGLE	SINGLE	1	DRR126404.fastq.gz	ftp.sra.ebi.ac.uk/vol1/fastq/DRR126/DRR126404/DRR126404.fastq.gz	af5c297f469577ce4d9f26dc77e2f8d8	533158100
PRJDB6793	SAMD00113915	DRX119149	DRR126405	RNA-seq	RNA-Seq	SINGLE	SINGLE	SINGLE	SINGLE	1	DRR126405.fastq.gz	ftp.sra.ebi.ac.uk/vol1/fastq/DRR126/DRR126405/DRR126405.fastq.gz	344daa5469cff86f9cf49784516051a3	442446395
PRJDB6793	SAMD00113916	DRX119150	DRR126406	RNA-seq	RNA-Seq	SINGLE	SINGLE	SINGLE	SINGLE	1	DRR126406.fastq.gz	ftp.sra.ebi.ac.uk/vol1/fastq/DRR126/DRR126406/DRR126406.fastq.gz	81feb70407c6f894808067489851869b	412963244
PRJDB7873	SAMD00156499	DRX155560	DRR164941	RNA-seq	RNA-Seq	SINGLE	SINGLE	SINGLE	SINGLE	1	DRR164941.fastq.gz	ftp.sra.ebi.ac.uk/vol1/fastq/DRR164/DRR164941/DRR164941.fastq.gz	0d5da00c1926d119a35260cc1a86d230	891629659
PRJDB7873	SAMD00156500	DRX155561	DRR164942	RNA-seq	RNA-Seq	SINGLE	SINGLE	SINGLE	SINGLE	1	DRR164942.fastq.gz	ftp.sra.ebi.ac.uk/vol1/fastq/DRR164/DRR164942/DRR164942.fastq.gz	948aa63329853eb8cb8e97ac068f51df	814708118
PRJDB7873	SAMD00156508	DRX155569	DRR164950	RNA-seq	RNA-Seq	SINGLE	SINGLE	SINGLE	SINGLE	1	DRR164950.fastq.gz	ftp.sra.ebi.ac.uk/vol1/fastq/DRR164/DRR164950/DRR164950.fastq.gz	c972ae9111ac04484af38eb745b4c60c	865295601
PRJDB7945	SAMD00159354	DRX159885	DRR169271	RNA-seq	RNA-Seq	SINGLE	SINGLE	SINGLE	SINGLE	1	DRR169271.fastq.gz	ftp.sra.ebi.ac.uk/vol1/fastq/DRR169/DRR169271/DRR169271.fastq.gz	d318cf3e86aae338fd2f41bf780b1434	416533607
PRJDB7945	SAMD00159355	DRX159886	DRR169272	RNA-seq	RNA-Seq	SINGLE	SINGLE	SINGLE	SINGLE	1	DRR169272.fastq.gz	ftp.sra.ebi.ac.uk/vol1/fastq/DRR169/DRR169272/DRR169272.fastq.gz	a2a1cf5df460af3e3b45184be6d03ae7	620991913
PRJDB7945	SAMD00159361	DRX159892	DRR169278	RNA-seq	RNA-Seq	SINGLE	SINGLE	SINGLE	SINGLE	1	DRR169278.fastq.gz	ftp.sra.ebi.ac.uk/vol1/fastq/DRR169/DRR169278/DRR169278.fastq.gz	2cba604eb1e6d18953e75df2286b302e	452439561
PRJDB7945	SAMD00159380	DRX159911	DRR169297	RNA-seq	RNA-Seq	SINGLE	SINGLE	SINGLE	SINGLE	1	DRR169297.fastq.gz	ftp.sra.ebi.ac.uk/vol1/fastq/DRR169/DRR169297/DRR169297.fastq.gz	63265711df043f1aa61b83f7bbd715bc	415385387
PRJDB7945	SAMD00159386	DRX159917	DRR169303	RNA-seq	RNA-Seq	SINGLE	SINGLE	SINGLE	SINGLE	1	DRR169303.fastq.gz	ftp.sra.ebi.ac.uk/vol1/fastq/DRR169/DRR169303/DRR169303.fastq.gz	1c784326021716f8327c806b7aa325ef	423146639
PRJDB17021	SAMD00731272	DRX508486	DRR524604	RNA-seq	RNA-Seq	PAIRED	PAIRED	PAIRED	R1	1	DRR524604_1.fastq.gz	ftp.sra.ebi.ac.uk/vol1/fastq/DRR524/DRR524604/DRR524604_1.fastq.gz	e28b71b5786f2619c688ba992dd72538	1148675811
PRJDB17021	SAMD00731272	DRX508486	DRR524604	RNA-seq	RNA-Seq	PAIRED	PAIRED	PAIRED	R2	2	DRR524604_2.fastq.gz	ftp.sra.ebi.ac.uk/vol1/fastq/DRR524/DRR524604/DRR524604_2.fastq.gz	e31c399414ad65d7d71d702c61d2c31c	1149903286
PRJDB17021	SAMD00731276	DRX508490	DRR524608	RNA-seq	RNA-Seq	PAIRED	PAIRED	PAIRED	R1	1	DRR524608_1.fastq.gz	ftp.sra.ebi.ac.uk/vol1/fastq/DRR524/DRR524608/DRR524608_1.fastq.gz	befe9fd4e4f307006e094d144177c07c	1694977753
PRJDB17021	SAMD00731276	DRX508490	DRR524608	RNA-seq	RNA-Seq	PAIRED	PAIRED	PAIRED	R2	2	DRR524608_2.fastq.gz	ftp.sra.ebi.ac.uk/vol1/fastq/DRR524/DRR524608/DRR524608_2.fastq.gz	3bcabadc8cf986063ab1b6867e5dec33	1696245369
PRJDB17021	SAMD00731284	DRX508498	DRR524616	RNA-seq	RNA-Seq	PAIRED	PAIRED	PAIRED	R1	1	DRR524616_1.fastq.gz	ftp.sra.ebi.ac.uk/vol1/fastq/DRR524/DRR524616/DRR524616_1.fastq.gz	5e175a924324323bc6564aa3865cdbe4	1625582520
PRJDB17021	SAMD00731284	DRX508498	DRR524616	RNA-seq	RNA-Seq	PAIRED	PAIRED	PAIRED	R2	2	DRR524616_2.fastq.gz	ftp.sra.ebi.ac.uk/vol1/fastq/DRR524/DRR524616/DRR524616_2.fastq.gz	42b5e47c02347340026e1a062e19ca38	1626182491
PRJDB35724	SAMD01599752	DRX686805	DRR706781	RNA-seq	RNA-Seq	PAIRED	PAIRED	PAIRED	R1	1	DRR706781_1.fastq.gz	ftp.sra.ebi.ac.uk/vol1/fastq/DRR706/DRR706781/DRR706781_1.fastq.gz	be586690d3237dacd407fddfcfd9a74e	1011447097
PRJDB35724	SAMD01599752	DRX686805	DRR706781	RNA-seq	RNA-Seq	PAIRED	PAIRED	PAIRED	R2	2	DRR706781_2.fastq.gz	ftp.sra.ebi.ac.uk/vol1/fastq/DRR706/DRR706781/DRR706781_2.fastq.gz	8876fa8cdc11e7c95bb831408e9755d1	1035523247
PRJDB35724	SAMD01599759	DRX686812	DRR706788	RNA-seq	RNA-Seq	PAIRED	PAIRED	PAIRED	R1	1	DRR706788_1.fastq.gz	ftp.sra.ebi.ac.uk/vol1/fastq/DRR706/DRR706788/DRR706788_1.fastq.gz	1eed462938c903b5399d8721a3294dbd	1039747694
PRJDB35724	SAMD01599759	DRX686812	DRR706788	RNA-seq	RNA-Seq	PAIRED	PAIRED	PAIRED	R2	2	DRR706788_2.fastq.gz	ftp.sra.ebi.ac.uk/vol1/fastq/DRR706/DRR706788/DRR706788_2.fastq.gz	b1200fe1ca96ebcb630bdb6ee8fe010b	1052049884
PRJEB55916	SAMEA111345352	ERX10195014	ERR10745714	RNA-seq	RNA-Seq	SINGLE	PAIRED	PAIRED	R1	1	ERR10745714_1.fastq.gz	ftp.sra.ebi.ac.uk/vol1/fastq/ERR107/014/ERR10745714/ERR10745714_1.fastq.gz	53bb4c7284e9b0d7b43a49acd776a594	731121149
PRJEB55916	SAMEA111345352	ERX10195014	ERR10745714	RNA-seq	RNA-Seq	SINGLE	PAIRED	PAIRED	R2	2	ERR10745714_2.fastq.gz	ftp.sra.ebi.ac.uk/vol1/fastq/ERR107/014/ERR10745714/ERR10745714_2.fastq.gz	194b00adb5384650a0adcb5dd6264f98	740939806
PRJEB55916	SAMEA111345356	ERX10195018	ERR10745718	RNA-seq	RNA-Seq	SINGLE	PAIRED	PAIRED	R1	1	ERR10745718_1.fastq.gz	ftp.sra.ebi.ac.uk/vol1/fastq/ERR107/018/ERR10745718/ERR10745718_1.fastq.gz	d29634edb90dd4978cc34f9d20f5fbd9	720455963
PRJEB55916	SAMEA111345356	ERX10195018	ERR10745718	RNA-seq	RNA-Seq	SINGLE	PAIRED	PAIRED	R2	2	ERR10745718_2.fastq.gz	ftp.sra.ebi.ac.uk/vol1/fastq/ERR107/018/ERR10745718/ERR10745718_2.fastq.gz	54d08ff31fdcabda40792db749e29fab	734297698
PRJEB55916	SAMEA111345362	ERX10195024	ERR10745724	RNA-seq	RNA-Seq	SINGLE	PAIRED	PAIRED	R1	1	ERR10745724_1.fastq.gz	ftp.sra.ebi.ac.uk/vol1/fastq/ERR107/024/ERR10745724/ERR10745724_1.fastq.gz	ee8639b5ef8fd3a301b3dff9a951de0b	727070987
PRJEB55916	SAMEA111345362	ERX10195024	ERR10745724	RNA-seq	RNA-Seq	SINGLE	PAIRED	PAIRED	R2	2	ERR10745724_2.fastq.gz	ftp.sra.ebi.ac.uk/vol1/fastq/ERR107/024/ERR10745724/ERR10745724_2.fastq.gz	8ddd98b8fb9fdaed251cace3de39542e	742746784
PRJEB55916	SAMEA111345363	ERX10195025	ERR10745725	RNA-seq	RNA-Seq	SINGLE	PAIRED	PAIRED	R1	1	ERR10745725_1.fastq.gz	ftp.sra.ebi.ac.uk/vol1/fastq/ERR107/025/ERR10745725/ERR10745725_1.fastq.gz	c54061b1771f1f7f28083b68357c6c0a	729129636
PRJEB55916	SAMEA111345363	ERX10195025	ERR10745725	RNA-seq	RNA-Seq	SINGLE	PAIRED	PAIRED	R2	2	ERR10745725_2.fastq.gz	ftp.sra.ebi.ac.uk/vol1/fastq/ERR107/025/ERR10745725/ERR10745725_2.fastq.gz	bf4c013f6398f8b494c917a8628d77ca	740511399
PRJEB55916	SAMEA111345374	ERX10195036	ERR10745736	RNA-seq	RNA-Seq	SINGLE	PAIRED	PAIRED	R1	1	ERR10745736_1.fastq.gz	ftp.sra.ebi.ac.uk/vol1/fastq/ERR107/036/ERR10745736/ERR10745736_1.fastq.gz	636262333b5270d81a1e84a7e81515b5	649990809
PRJEB55916	SAMEA111345374	ERX10195036	ERR10745736	RNA-seq	RNA-Seq	SINGLE	PAIRED	PAIRED	R2	2	ERR10745736_2.fastq.gz	ftp.sra.ebi.ac.uk/vol1/fastq/ERR107/036/ERR10745736/ERR10745736_2.fastq.gz	dbd18595636d0922702f05f1d28baab5	663021921
PRJEB55916	SAMEA111345377	ERX10195039	ERR10745739	RNA-seq	RNA-Seq	SINGLE	PAIRED	PAIRED	R1	1	ERR10745739_1.fastq.gz	ftp.sra.ebi.ac.uk/vol1/fastq/ERR107/039/ERR10745739/ERR10745739_1.fastq.gz	8417128034aa49298ec0dd6b1bbc0d41	720869249
PRJEB55916	SAMEA111345377	ERX10195039	ERR10745739	RNA-seq	RNA-Seq	SINGLE	PAIRED	PAIRED	R2	2	ERR10745739_2.fastq.gz	ftp.sra.ebi.ac.uk/vol1/fastq/ERR107/039/ERR10745739/ERR10745739_2.fastq.gz	7a94ca12628c4ce505d7be452d2c2b17	727110578
PRJEB55916	SAMEA111345380	ERX10195042	ERR10745742	RNA-seq	RNA-Seq	SINGLE	PAIRED	PAIRED	R1	1	ERR10745742_1.fastq.gz	ftp.sra.ebi.ac.uk/vol1/fastq/ERR107/042/ERR10745742/ERR10745742_1.fastq.gz	be2498867b2912ba06903bd2c32bc3e6	789293154
PRJEB55916	SAMEA111345380	ERX10195042	ERR10745742	RNA-seq	RNA-Seq	SINGLE	PAIRED	PAIRED	R2	2	ERR10745742_2.fastq.gz	ftp.sra.ebi.ac.uk/vol1/fastq/ERR107/042/ERR10745742/ERR10745742_2.fastq.gz	7bd4a6f5fa302912f9d7d36e4adbe318	802800684
PRJEB55916	SAMEA111345381	ERX10195043	ERR10745743	RNA-seq	RNA-Seq	SINGLE	PAIRED	PAIRED	R1	1	ERR10745743_1.fastq.gz	ftp.sra.ebi.ac.uk/vol1/fastq/ERR107/043/ERR10745743/ERR10745743_1.fastq.gz	ba2596e011df4dcea58900b0f72b239d	783441394
PRJEB55916	SAMEA111345381	ERX10195043	ERR10745743	RNA-seq	RNA-Seq	SINGLE	PAIRED	PAIRED	R2	2	ERR10745743_2.fastq.gz	ftp.sra.ebi.ac.uk/vol1/fastq/ERR107/043/ERR10745743/ERR10745743_2.fastq.gz	80edca28d8f47ca5c13292cf1419e9ed	796951599
PRJEB55916	SAMEA111345388	ERX10195050	ERR10745750	RNA-seq	RNA-Seq	SINGLE	PAIRED	PAIRED	R1	1	ERR10745750_1.fastq.gz	ftp.sra.ebi.ac.uk/vol1/fastq/ERR107/050/ERR10745750/ERR10745750_1.fastq.gz	e946e0488a5318fdbb202d0a7504feab	673857980
PRJEB55916	SAMEA111345388	ERX10195050	ERR10745750	RNA-seq	RNA-Seq	SINGLE	PAIRED	PAIRED	R2	2	ERR10745750_2.fastq.gz	ftp.sra.ebi.ac.uk/vol1/fastq/ERR107/050/ERR10745750/ERR10745750_2.fastq.gz	78bd267b35d87dd47875d4382c43bc1d	685076696
PRJEB55916	SAMEA111345393	ERX10195055	ERR10745755	RNA-seq	RNA-Seq	SINGLE	PAIRED	PAIRED	R1	1	ERR10745755_1.fastq.gz	ftp.sra.ebi.ac.uk/vol1/fastq/ERR107/055/ERR10745755/ERR10745755_1.fastq.gz	1066f8e610c10e2b8d78b8ad0672885a	527292267
PRJEB55916	SAMEA111345393	ERX10195055	ERR10745755	RNA-seq	RNA-Seq	SINGLE	PAIRED	PAIRED	R2	2	ERR10745755_2.fastq.gz	ftp.sra.ebi.ac.uk/vol1/fastq/ERR107/055/ERR10745755/ERR10745755_2.fastq.gz	721d7308b0961f94fcde945165294733	532541568
PRJEB89701	SAMEA118334022	ERX14404622	ERR15000457	RNA-seq	RNA-Seq	PAIRED	PAIRED	PAIRED	R1	1	ERR15000457_1.fastq.gz	ftp.sra.ebi.ac.uk/vol1/fastq/ERR150/057/ERR15000457/ERR15000457_1.fastq.gz	9af44ee7fa42899bb012583486da86dd	969224998
PRJEB89701	SAMEA118334022	ERX14404622	ERR15000457	RNA-seq	RNA-Seq	PAIRED	PAIRED	PAIRED	R2	2	ERR15000457_2.fastq.gz	ftp.sra.ebi.ac.uk/vol1/fastq/ERR150/057/ERR15000457/ERR15000457_2.fastq.gz	f4e2a78b1a7ac2a97fe4011385e3ebe0	1004990398
PRJEB89701	SAMEA118334023	ERX14404623	ERR15000458	RNA-seq	RNA-Seq	PAIRED	PAIRED	PAIRED	R1	1	ERR15000458_1.fastq.gz	ftp.sra.ebi.ac.uk/vol1/fastq/ERR150/058/ERR15000458/ERR15000458_1.fastq.gz	f435587060309ddb75740b6a265e06e8	959756003
PRJEB89701	SAMEA118334023	ERX14404623	ERR15000458	RNA-seq	RNA-Seq	PAIRED	PAIRED	PAIRED	R2	2	ERR15000458_2.fastq.gz	ftp.sra.ebi.ac.uk/vol1/fastq/ERR150/058/ERR15000458/ERR15000458_2.fastq.gz	5b33170f4bfc1469ffa4e9075f9f6de0	1009961760
PRJEB89701	SAMEA118334026	ERX14404626	ERR15000461	RNA-seq	RNA-Seq	PAIRED	PAIRED	PAIRED	R1	1	ERR15000461_1.fastq.gz	ftp.sra.ebi.ac.uk/vol1/fastq/ERR150/061/ERR15000461/ERR15000461_1.fastq.gz	a5e3a017aa3f2a7db596ab1d1369f109	877338429
PRJEB89701	SAMEA118334026	ERX14404626	ERR15000461	RNA-seq	RNA-Seq	PAIRED	PAIRED	PAIRED	R2	2	ERR15000461_2.fastq.gz	ftp.sra.ebi.ac.uk/vol1/fastq/ERR150/061/ERR15000461/ERR15000461_2.fastq.gz	e8cc289a204a15ec925eeb3fce98a73a	792578452
PRJEB89701	SAMEA118334027	ERX14404627	ERR15000462	RNA-seq	RNA-Seq	PAIRED	PAIRED	PAIRED	R1	1	ERR15000462_1.fastq.gz	ftp.sra.ebi.ac.uk/vol1/fastq/ERR150/062/ERR15000462/ERR15000462_1.fastq.gz	2be16401cd00d94e24722449327922af	1107711769
PRJEB89701	SAMEA118334027	ERX14404627	ERR15000462	RNA-seq	RNA-Seq	PAIRED	PAIRED	PAIRED	R2	2	ERR15000462_2.fastq.gz	ftp.sra.ebi.ac.uk/vol1/fastq/ERR150/062/ERR15000462/ERR15000462_2.fastq.gz	6490a40d66bad6dc5c54789c3d1f27e2	1154664467
PRJEB89701	SAMEA118334034	ERX14404634	ERR15000469	RNA-seq	RNA-Seq	PAIRED	PAIRED	PAIRED	R1	1	ERR15000469_1.fastq.gz	ftp.sra.ebi.ac.uk/vol1/fastq/ERR150/069/ERR15000469/ERR15000469_1.fastq.gz	412ebccebdee4589777d75f872dc1ad8	1149722171
PRJEB89701	SAMEA118334034	ERX14404634	ERR15000469	RNA-seq	RNA-Seq	PAIRED	PAIRED	PAIRED	R2	2	ERR15000469_2.fastq.gz	ftp.sra.ebi.ac.uk/vol1/fastq/ERR150/069/ERR15000469/ERR15000469_2.fastq.gz	83f089ff48cd8fd009917012e2477bac	1217821219
PRJEB89701	SAMEA118334035	ERX14404635	ERR15000470	RNA-seq	RNA-Seq	PAIRED	PAIRED	PAIRED	R1	1	ERR15000470_1.fastq.gz	ftp.sra.ebi.ac.uk/vol1/fastq/ERR150/070/ERR15000470/ERR15000470_1.fastq.gz	153ead4aece992c0e7e1f01679b47a18	958308882
PRJEB89701	SAMEA118334035	ERX14404635	ERR15000470	RNA-seq	RNA-Seq	PAIRED	PAIRED	PAIRED	R2	2	ERR15000470_2.fastq.gz	ftp.sra.ebi.ac.uk/vol1/fastq/ERR150/070/ERR15000470/ERR15000470_2.fastq.gz	620a3232f0d98a5765beb033d58a1fba	1005700111
PRJEB89701	SAMEA118334037	ERX14404637	ERR15000472	RNA-seq	RNA-Seq	PAIRED	PAIRED	PAIRED	R1	1	ERR15000472_1.fastq.gz	ftp.sra.ebi.ac.uk/vol1/fastq/ERR150/072/ERR15000472/ERR15000472_1.fastq.gz	e5e87471af2a9ebfdd400822e3e62ed7	910165386
PRJEB89701	SAMEA118334037	ERX14404637	ERR15000472	RNA-seq	RNA-Seq	PAIRED	PAIRED	PAIRED	R2	2	ERR15000472_2.fastq.gz	ftp.sra.ebi.ac.uk/vol1/fastq/ERR150/072/ERR15000472/ERR15000472_2.fastq.gz	48cd60cdb6f09bf9d1d50ff73352828d	898526688
PRJEB89701	SAMEA118334039	ERX14404639	ERR15000474	RNA-seq	RNA-Seq	PAIRED	PAIRED	PAIRED	R1	1	ERR15000474_1.fastq.gz	ftp.sra.ebi.ac.uk/vol1/fastq/ERR150/074/ERR15000474/ERR15000474_1.fastq.gz	6017443d1547cc7a535f79d6c68f5ef2	1047623482
PRJEB89701	SAMEA118334039	ERX14404639	ERR15000474	RNA-seq	RNA-Seq	PAIRED	PAIRED	PAIRED	R2	2	ERR15000474_2.fastq.gz	ftp.sra.ebi.ac.uk/vol1/fastq/ERR150/074/ERR15000474/ERR15000474_2.fastq.gz	0b1ef05169654a3097d9e49540d8421b	1122637924
PRJEB89701	SAMEA118334043	ERX14404643	ERR15000478	RNA-seq	RNA-Seq	PAIRED	PAIRED	PAIRED	R1	1	ERR15000478_1.fastq.gz	ftp.sra.ebi.ac.uk/vol1/fastq/ERR150/078/ERR15000478/ERR15000478_1.fastq.gz	bc793d202f6ca955149102d5869ca038	1081899321
PRJEB89701	SAMEA118334043	ERX14404643	ERR15000478	RNA-seq	RNA-Seq	PAIRED	PAIRED	PAIRED	R2	2	ERR15000478_2.fastq.gz	ftp.sra.ebi.ac.uk/vol1/fastq/ERR150/078/ERR15000478/ERR15000478_2.fastq.gz	b779140a383b59a9309943879325119b	1185538937
PRJEB89701	SAMEA118334095	ERX14404695	ERR15000530	RNA-seq	RNA-Seq	PAIRED	PAIRED	PAIRED	R1	1	ERR15000530_1.fastq.gz	ftp.sra.ebi.ac.uk/vol1/fastq/ERR150/030/ERR15000530/ERR15000530_1.fastq.gz	e84d67d737a9c103dd079dc5eebda24d	898878776
PRJEB89701	SAMEA118334095	ERX14404695	ERR15000530	RNA-seq	RNA-Seq	PAIRED	PAIRED	PAIRED	R2	2	ERR15000530_2.fastq.gz	ftp.sra.ebi.ac.uk/vol1/fastq/ERR150/030/ERR15000530/ERR15000530_2.fastq.gz	8ffb133c4846be53543e4a6dbe4c53f8	866399145
PRJEB91924	SAMEA118679754	ERX14638330	ERR15232639	RNA-seq	RNA-Seq	SINGLE	SINGLE	SINGLE	SINGLE	1	ERR15232639.fastq.gz	ftp.sra.ebi.ac.uk/vol1/fastq/ERR152/039/ERR15232639/ERR15232639.fastq.gz	d7b83064400d28a041344e478d5aef67	4070770166
PRJEB91924	SAMEA118679753	ERX14638331	ERR15232640	RNA-seq	RNA-Seq	SINGLE	SINGLE	SINGLE	SINGLE	1	ERR15232640.fastq.gz	ftp.sra.ebi.ac.uk/vol1/fastq/ERR152/040/ERR15232640/ERR15232640.fastq.gz	81ea0d9d1e4ab9ae349cc614d52406d8	3488275426
PRJEB108721	SAMEA121759864	ERX16120884	ERR16729275	RNA-seq	RNA-Seq	SINGLE	PAIRED	PAIRED	R1	1	ERR16729275_1.fastq.gz	ftp.sra.ebi.ac.uk/vol1/fastq/ERR167/075/ERR16729275/ERR16729275_1.fastq.gz	fc413def1419d55e0e7659a62e01ad40	811046497
PRJEB108721	SAMEA121759864	ERX16120884	ERR16729275	RNA-seq	RNA-Seq	SINGLE	PAIRED	PAIRED	R2	2	ERR16729275_2.fastq.gz	ftp.sra.ebi.ac.uk/vol1/fastq/ERR167/075/ERR16729275/ERR16729275_2.fastq.gz	e4fda01fa97198bddd7923c44fa97c31	857677483
PRJEB108721	SAMEA121759871	ERX16120891	ERR16729282	RNA-seq	RNA-Seq	SINGLE	PAIRED	PAIRED	R1	1	ERR16729282_1.fastq.gz	ftp.sra.ebi.ac.uk/vol1/fastq/ERR167/082/ERR16729282/ERR16729282_1.fastq.gz	827764500f97d86fccd1fc1ca839c8d7	865025891
PRJEB108721	SAMEA121759871	ERX16120891	ERR16729282	RNA-seq	RNA-Seq	SINGLE	PAIRED	PAIRED	R2	2	ERR16729282_2.fastq.gz	ftp.sra.ebi.ac.uk/vol1/fastq/ERR167/082/ERR16729282/ERR16729282_2.fastq.gz	630a53305897acf239dcfa3f36fa18bf	895504494
PRJEB108721	SAMEA121759879	ERX16120899	ERR16729290	RNA-seq	RNA-Seq	SINGLE	PAIRED	PAIRED	R1	1	ERR16729290_1.fastq.gz	ftp.sra.ebi.ac.uk/vol1/fastq/ERR167/090/ERR16729290/ERR16729290_1.fastq.gz	3ed12f3622d363ab487e8842a24fa7c1	828924122
PRJEB108721	SAMEA121759879	ERX16120899	ERR16729290	RNA-seq	RNA-Seq	SINGLE	PAIRED	PAIRED	R2	2	ERR16729290_2.fastq.gz	ftp.sra.ebi.ac.uk/vol1/fastq/ERR167/090/ERR16729290/ERR16729290_2.fastq.gz	3e45953fa2a009908d826df16a0f07bf	876237629
PRJEB14303	SAMEA4467464	ERX2043470	ERR1983094	RNA-seq	RNA-Seq	PAIRED	PAIRED	PAIRED	R1	1	ERR1983094_1.fastq.gz	ftp.sra.ebi.ac.uk/vol1/fastq/ERR198/004/ERR1983094/ERR1983094_1.fastq.gz	eac176047d4028e041341347f9526560	1483907733
PRJEB14303	SAMEA4467464	ERX2043470	ERR1983094	RNA-seq	RNA-Seq	PAIRED	PAIRED	PAIRED	R2	2	ERR1983094_2.fastq.gz	ftp.sra.ebi.ac.uk/vol1/fastq/ERR198/004/ERR1983094/ERR1983094_2.fastq.gz	acc970853a7cbd7051cbee4e64ba419e	1517615790
PRJEB14303	SAMEA4467465	ERX2043471	ERR1983095	RNA-seq	RNA-Seq	PAIRED	PAIRED	PAIRED	R1	1	ERR1983095_1.fastq.gz	ftp.sra.ebi.ac.uk/vol1/fastq/ERR198/005/ERR1983095/ERR1983095_1.fastq.gz	2f8c691a2740511af81a2ddf105b7a97	1584698348
PRJEB14303	SAMEA4467465	ERX2043471	ERR1983095	RNA-seq	RNA-Seq	PAIRED	PAIRED	PAIRED	R2	2	ERR1983095_2.fastq.gz	ftp.sra.ebi.ac.uk/vol1/fastq/ERR198/005/ERR1983095/ERR1983095_2.fastq.gz	c90f8cd7320b5e4fd1bfdedae7775fc2	1632336966
PRJEB9291	SAMEA4681446	ERX2609474	ERR2593198	RNA-seq	RNA-Seq	PAIRED	PAIRED	PAIRED	R1	1	ERR2593198_1.fastq.gz	ftp.sra.ebi.ac.uk/vol1/fastq/ERR259/008/ERR2593198/ERR2593198_1.fastq.gz	65c77d07fea67e9eb0ca37dcecb6af9e	2930203838
PRJEB9291	SAMEA4681446	ERX2609474	ERR2593198	RNA-seq	RNA-Seq	PAIRED	PAIRED	PAIRED	R2	2	ERR2593198_2.fastq.gz	ftp.sra.ebi.ac.uk/vol1/fastq/ERR259/008/ERR2593198/ERR2593198_2.fastq.gz	99fe856d34558f7ee41255706577b0fb	2950565096
PRJEB9291	SAMEA4681877	ERX2609912	ERR2593637	ChIP-seq	ChIP-Seq	SINGLE	SINGLE	SINGLE	SINGLE	1	ERR2593637.fastq.gz	ftp.sra.ebi.ac.uk/vol1/fastq/ERR259/007/ERR2593637/ERR2593637.fastq.gz	e26566fc41cef18db895fa77ef9b5492	1252669646
PRJEB9291	SAMEA4681948	ERX2609926	ERR2593651	ChIP-seq	ChIP-Seq	SINGLE	SINGLE	SINGLE	SINGLE	1	ERR2593651.fastq.gz	ftp.sra.ebi.ac.uk/vol1/fastq/ERR259/001/ERR2593651/ERR2593651.fastq.gz	047678adf55490c0fdc6b20d5c0719b5	1151719445
PRJEB9291	SAMEA4681949	ERX2609927	ERR2593652	ChIP-seq	ChIP-Seq	SINGLE	SINGLE	SINGLE	SINGLE	1	ERR2593652.fastq.gz	ftp.sra.ebi.ac.uk/vol1/fastq/ERR259/002/ERR2593652/ERR2593652.fastq.gz	2b700eae2e4497258ece939379d9297f	1464073834
PRJEB9291	SAMEA4681923	ERX2609929	ERR2593654	ChIP-seq	ChIP-Seq	SINGLE	SINGLE	SINGLE	SINGLE	1	ERR2593654.fastq.gz	ftp.sra.ebi.ac.uk/vol1/fastq/ERR259/004/ERR2593654/ERR2593654.fastq.gz	d7003f5d9a3e27047413bff8b369bfaa	1292693729
PRJEB9291	SAMEA4681933	ERX2609939	ERR2593664	ChIP-seq	ChIP-Seq	SINGLE	SINGLE	SINGLE	SINGLE	1	ERR2593664.fastq.gz	ftp.sra.ebi.ac.uk/vol1/fastq/ERR259/004/ERR2593664/ERR2593664.fastq.gz	41e4b39211909a7719a7295a6678f4e0	1315306109
PRJEB9291	SAMEA4681935	ERX2609941	ERR2593666	ChIP-seq	ChIP-Seq	SINGLE	SINGLE	SINGLE	SINGLE	1	ERR2593666.fastq.gz	ftp.sra.ebi.ac.uk/vol1/fastq/ERR259/006/ERR2593666/ERR2593666.fastq.gz	78a1eaca9801d95c2f96332bbc6f3c72	1163212269
PRJEB9291	SAMEA4681913	ERX2609948	ERR2593673	ChIP-seq	ChIP-Seq	SINGLE	SINGLE	SINGLE	SINGLE	1	ERR2593673.fastq.gz	ftp.sra.ebi.ac.uk/vol1/fastq/ERR259/003/ERR2593673/ERR2593673.fastq.gz	8aaf6314fa60d095b9bde6bf2c61bb95	1235368695
PRJEB9291	SAMEA4681919	ERX2609953	ERR2593678	ChIP-seq	ChIP-Seq	SINGLE	SINGLE	SINGLE	SINGLE	1	ERR2593678.fastq.gz	ftp.sra.ebi.ac.uk/vol1/fastq/ERR259/008/ERR2593678/ERR2593678.fastq.gz	5499fa6ecfe09a49e64cf3657b6f15b0	1239802541
PRJEB9291	SAMEA4681920	ERX2609954	ERR2593679	ChIP-seq	ChIP-Seq	SINGLE	SINGLE	SINGLE	SINGLE	1	ERR2593679.fastq.gz	ftp.sra.ebi.ac.uk/vol1/fastq/ERR259/009/ERR2593679/ERR2593679.fastq.gz	d7adbd6a17128f280695d57a8706a283	1494918837
PRJEB9291	SAMEA4681880	ERX2609957	ERR2593682	ChIP-seq	ChIP-Seq	SINGLE	SINGLE	SINGLE	SINGLE	1	ERR2593682.fastq.gz	ftp.sra.ebi.ac.uk/vol1/fastq/ERR259/002/ERR2593682/ERR2593682.fastq.gz	c8988d6b438bf8d739d61d775ece474a	630935658
PRJEB9291	SAMEA4681885	ERX2609962	ERR2593687	ChIP-seq	ChIP-Seq	SINGLE	SINGLE	SINGLE	SINGLE	1	ERR2593687.fastq.gz	ftp.sra.ebi.ac.uk/vol1/fastq/ERR259/007/ERR2593687/ERR2593687.fastq.gz	d2e1d252aa16261838ff9debbec49c07	407746702
PRJEB9291	SAMEA4681888	ERX2609965	ERR2593690	ChIP-seq	ChIP-Seq	SINGLE	SINGLE	SINGLE	SINGLE	1	ERR2593690.fastq.gz	ftp.sra.ebi.ac.uk/vol1/fastq/ERR259/000/ERR2593690/ERR2593690.fastq.gz	9abeb398fc1fba3c46eb3e05c244d5e2	1606585118
PRJEB9291	SAMEA4681890	ERX2609967	ERR2593692	ChIP-seq	ChIP-Seq	SINGLE	SINGLE	SINGLE	SINGLE	1	ERR2593692.fastq.gz	ftp.sra.ebi.ac.uk/vol1/fastq/ERR259/002/ERR2593692/ERR2593692.fastq.gz	f604a0da3e2be810cc1371410a92196b	2264777416
PRJEB9291	SAMEA4681897	ERX2609974	ERR2593699	ChIP-seq	ChIP-Seq	SINGLE	SINGLE	SINGLE	SINGLE	1	ERR2593699.fastq.gz	ftp.sra.ebi.ac.uk/vol1/fastq/ERR259/009/ERR2593699/ERR2593699.fastq.gz	5c65303456f9a17b99ab7d5efefc09ed	1517768977
PRJEB30364	SAMEA5176892	ERX3004247	ERR3001883	RNA-seq	RNA-Seq	PAIRED	PAIRED	PAIRED	R1	1	ERR3001883_1.fastq.gz	ftp.sra.ebi.ac.uk/vol1/fastq/ERR300/003/ERR3001883/ERR3001883_1.fastq.gz	730f2dafea8b674fbe114b33260924b5	1756488732
PRJEB30364	SAMEA5176892	ERX3004247	ERR3001883	RNA-seq	RNA-Seq	PAIRED	PAIRED	PAIRED	R2	2	ERR3001883_2.fastq.gz	ftp.sra.ebi.ac.uk/vol1/fastq/ERR300/003/ERR3001883/ERR3001883_2.fastq.gz	84ee8b79f0503600939ba3c371931e0d	1739191636
PRJEB30364	SAMEA5176893	ERX3004248	ERR3001884	RNA-seq	RNA-Seq	PAIRED	PAIRED	PAIRED	R1	1	ERR3001884_1.fastq.gz	ftp.sra.ebi.ac.uk/vol1/fastq/ERR300/004/ERR3001884/ERR3001884_1.fastq.gz	0d82d067017f37cf518b26e26bb2697e	1551530355
PRJEB30364	SAMEA5176893	ERX3004248	ERR3001884	RNA-seq	RNA-Seq	PAIRED	PAIRED	PAIRED	R2	2	ERR3001884_2.fastq.gz	ftp.sra.ebi.ac.uk/vol1/fastq/ERR300/004/ERR3001884/ERR3001884_2.fastq.gz	7d3dda215eacb75870fa57985d3b8f77	1554855447
PRJEB30364	SAMEA5176900	ERX3004255	ERR3001891	RNA-seq	RNA-Seq	PAIRED	PAIRED	PAIRED	R1	1	ERR3001891_1.fastq.gz	ftp.sra.ebi.ac.uk/vol1/fastq/ERR300/001/ERR3001891/ERR3001891_1.fastq.gz	ef4de42b8ddbbc9f22d774ceaf120a5c	1603795925
PRJEB30364	SAMEA5176900	ERX3004255	ERR3001891	RNA-seq	RNA-Seq	PAIRED	PAIRED	PAIRED	R2	2	ERR3001891_2.fastq.gz	ftp.sra.ebi.ac.uk/vol1/fastq/ERR300/001/ERR3001891/ERR3001891_2.fastq.gz	9eafbb2bf12ed38f4b161755184ab0ae	1606017180
PRJEB30364	SAMEA5176901	ERX3004256	ERR3001892	RNA-seq	RNA-Seq	PAIRED	PAIRED	PAIRED	R1	1	ERR3001892_1.fastq.gz	ftp.sra.ebi.ac.uk/vol1/fastq/ERR300/002/ERR3001892/ERR3001892_1.fastq.gz	804d195f3d7c85e42dff2bc2238cf728	1697981998
PRJEB30364	SAMEA5176901	ERX3004256	ERR3001892	RNA-seq	RNA-Seq	PAIRED	PAIRED	PAIRED	R2	2	ERR3001892_2.fastq.gz	ftp.sra.ebi.ac.uk/vol1/fastq/ERR300/002/ERR3001892/ERR3001892_2.fastq.gz	dd99038d3989ee6b5713f564a98d4026	1696112436
PRJEB30364	SAMEA5176903	ERX3004258	ERR3001894	RNA-seq	RNA-Seq	PAIRED	PAIRED	PAIRED	R1	1	ERR3001894_1.fastq.gz	ftp.sra.ebi.ac.uk/vol1/fastq/ERR300/004/ERR3001894/ERR3001894_1.fastq.gz	292abb02b11bcc4d9cb5f2ad1e4590ca	1519978748
PRJEB30364	SAMEA5176903	ERX3004258	ERR3001894	RNA-seq	RNA-Seq	PAIRED	PAIRED	PAIRED	R2	2	ERR3001894_2.fastq.gz	ftp.sra.ebi.ac.uk/vol1/fastq/ERR300/004/ERR3001894/ERR3001894_2.fastq.gz	ad39236caa1b4a804f597435cd1795af	1541832501
PRJEB33024	SAMEA5713996	ERX3398179	ERR3374027	RNA-seq	RNA-Seq	SINGLE	SINGLE	SINGLE	SINGLE	1	ERR3374027.fastq.gz	ftp.sra.ebi.ac.uk/vol1/fastq/ERR337/007/ERR3374027/ERR3374027.fastq.gz	7ca8cd8b973e5979815c75c57d25a384	1216779798
PRJEB33024	SAMEA5713997	ERX3398180	ERR3374028	RNA-seq	RNA-Seq	SINGLE	SINGLE	SINGLE	SINGLE	1	ERR3374028.fastq.gz	ftp.sra.ebi.ac.uk/vol1/fastq/ERR337/008/ERR3374028/ERR3374028.fastq.gz	fca5fbd5e8b9966bb64a2b6cf2f68dc5	1294840270
PRJEB33024	SAMEA5713998	ERX3398181	ERR3374029	RNA-seq	RNA-Seq	SINGLE	SINGLE	SINGLE	SINGLE	1	ERR3374029.fastq.gz	ftp.sra.ebi.ac.uk/vol1/fastq/ERR337/009/ERR3374029/ERR3374029.fastq.gz	0e8080adb5ac51468a028625b4af63e2	1263346690
PRJEB4847	SAMEA2242009	ERX332409	ERR359637	RNA-seq	RNA-Seq	PAIRED	PAIRED	PAIRED	R1	1	ERR359637_1.fastq.gz	ftp.sra.ebi.ac.uk/vol1/fastq/ERR359/ERR359637/ERR359637_1.fastq.gz	a3d93e4ca74197da1d9f0cf9584f1e61	2586346937
PRJEB4847	SAMEA2242009	ERX332409	ERR359637	RNA-seq	RNA-Seq	PAIRED	PAIRED	PAIRED	R2	2	ERR359637_2.fastq.gz	ftp.sra.ebi.ac.uk/vol1/fastq/ERR359/ERR359637/ERR359637_2.fastq.gz	955bb60d57f6e712a33cd7d0e207493b	3053080275
PRJEB35183	SAMEA6235195	ERX3659832	ERR3668300	RNA-seq	RNA-Seq	PAIRED	PAIRED	PAIRED	R1	1	ERR3668300_1.fastq.gz	ftp.sra.ebi.ac.uk/vol1/fastq/ERR366/000/ERR3668300/ERR3668300_1.fastq.gz	78ebb53bfb5e4fddbdd6e1a015b95acf	2013063873
PRJEB35183	SAMEA6235195	ERX3659832	ERR3668300	RNA-seq	RNA-Seq	PAIRED	PAIRED	PAIRED	R2	2	ERR3668300_2.fastq.gz	ftp.sra.ebi.ac.uk/vol1/fastq/ERR366/000/ERR3668300/ERR3668300_2.fastq.gz	8cd4719be93aeb55abc2b1e9b5642a4f	1958537692
PRJEB35183	SAMEA6235196	ERX3659833	ERR3668301	RNA-seq	RNA-Seq	PAIRED	PAIRED	PAIRED	R1	1	ERR3668301_1.fastq.gz	ftp.sra.ebi.ac.uk/vol1/fastq/ERR366/001/ERR3668301/ERR3668301_1.fastq.gz	9c7b388d030d366ad567f5a6551ad185	1789411262
PRJEB35183	SAMEA6235196	ERX3659833	ERR3668301	RNA-seq	RNA-Seq	PAIRED	PAIRED	PAIRED	R2	2	ERR3668301_2.fastq.gz	ftp.sra.ebi.ac.uk/vol1/fastq/ERR366/001/ERR3668301/ERR3668301_2.fastq.gz	a03f1e00fffb4de77ffaad4375506467	1734868682
PRJEB35183	SAMEA6235202	ERX3659839	ERR3668307	RNA-seq	RNA-Seq	PAIRED	PAIRED	PAIRED	R1	1	ERR3668307_1.fastq.gz	ftp.sra.ebi.ac.uk/vol1/fastq/ERR366/007/ERR3668307/ERR3668307_1.fastq.gz	afff5fa12c44c64364f1383fc95372ca	1959450852
PRJEB35183	SAMEA6235202	ERX3659839	ERR3668307	RNA-seq	RNA-Seq	PAIRED	PAIRED	PAIRED	R2	2	ERR3668307_2.fastq.gz	ftp.sra.ebi.ac.uk/vol1/fastq/ERR366/007/ERR3668307/ERR3668307_2.fastq.gz	2717594ebba23b0330dae037193fcc0a	1946260291
PRJEB35183	SAMEA6235203	ERX3659840	ERR3668308	RNA-seq	RNA-Seq	PAIRED	PAIRED	PAIRED	R1	1	ERR3668308_1.fastq.gz	ftp.sra.ebi.ac.uk/vol1/fastq/ERR366/008/ERR3668308/ERR3668308_1.fastq.gz	485711bc3e907c36eb1bbb618b7fea7b	2064715386
PRJEB35183	SAMEA6235203	ERX3659840	ERR3668308	RNA-seq	RNA-Seq	PAIRED	PAIRED	PAIRED	R2	2	ERR3668308_2.fastq.gz	ftp.sra.ebi.ac.uk/vol1/fastq/ERR366/008/ERR3668308/ERR3668308_2.fastq.gz	a50422f1671f947447d13b43df906b6e	2011726704
PRJEB38542	SAMEA6870275	ERX4147365	ERR4184074	RNA-seq	RNA-Seq	SINGLE	SINGLE	SINGLE	SINGLE	1	ERR4184074.fastq.gz	ftp.sra.ebi.ac.uk/vol1/fastq/ERR418/004/ERR4184074/ERR4184074.fastq.gz	4a1a23027b2cf6f9463a3e0d893e7a70	2202465776
PRJEB39258	SAMEA7040968	ERX4268281	ERR4319914	RNA-seq	RNA-Seq	PAIRED	PAIRED	PAIRED	R1	1	ERR4319914_1.fastq.gz	ftp.sra.ebi.ac.uk/vol1/fastq/ERR431/004/ERR4319914/ERR4319914_1.fastq.gz	5b3befa82c453ef35939ab8202cb3a0d	3795625921
PRJEB39258	SAMEA7040968	ERX4268281	ERR4319914	RNA-seq	RNA-Seq	PAIRED	PAIRED	PAIRED	R2	2	ERR4319914_2.fastq.gz	ftp.sra.ebi.ac.uk/vol1/fastq/ERR431/004/ERR4319914/ERR4319914_2.fastq.gz	fe1b1bf3f1a54ccab6226939b7afa394	4051323129
PRJEB39258	SAMEA7040960	ERX4268289	ERR4319922	RNA-seq	RNA-Seq	PAIRED	PAIRED	PAIRED	R1	1	ERR4319922_1.fastq.gz	ftp.sra.ebi.ac.uk/vol1/fastq/ERR431/002/ERR4319922/ERR4319922_1.fastq.gz	834ae7e8eb8fb87766e053de76fefebb	4306989658
PRJEB39258	SAMEA7040960	ERX4268289	ERR4319922	RNA-seq	RNA-Seq	PAIRED	PAIRED	PAIRED	R2	2	ERR4319922_2.fastq.gz	ftp.sra.ebi.ac.uk/vol1/fastq/ERR431/002/ERR4319922/ERR4319922_2.fastq.gz	dcf0f4d5135410ff451bc39b455f6b1c	4610542488
PRJEB39258	SAMEA7040969	ERX4268290	ERR4319923	RNA-seq	RNA-Seq	PAIRED	PAIRED	PAIRED	R1	1	ERR4319923_1.fastq.gz	ftp.sra.ebi.ac.uk/vol1/fastq/ERR431/003/ERR4319923/ERR4319923_1.fastq.gz	604e8e262c17c852aa38985933e88cc0	4273450869
PRJEB39258	SAMEA7040969	ERX4268290	ERR4319923	RNA-seq	RNA-Seq	PAIRED	PAIRED	PAIRED	R2	2	ERR4319923_2.fastq.gz	ftp.sra.ebi.ac.uk/vol1/fastq/ERR431/003/ERR4319923/ERR4319923_2.fastq.gz	6e00838d46f44a82e3adf81e82213f4e	4578068692
PRJEB39258	SAMEA7040961	ERX4268292	ERR4319925	RNA-seq	RNA-Seq	PAIRED	PAIRED	PAIRED	R1	1	ERR4319925_1.fastq.gz	ftp.sra.ebi.ac.uk/vol1/fastq/ERR431/005/ERR4319925/ERR4319925_1.fastq.gz	33bce78a22a8ce6187ac2edf0dc91f88	4154463116
PRJEB39258	SAMEA7040961	ERX4268292	ERR4319925	RNA-seq	RNA-Seq	PAIRED	PAIRED	PAIRED	R2	2	ERR4319925_2.fastq.gz	ftp.sra.ebi.ac.uk/vol1/fastq/ERR431/005/ERR4319925/ERR4319925_2.fastq.gz	39366bd5aeb22751802c3fd4a781eb8f	4454151593
PRJEB39258	SAMEA7040963	ERX4268299	ERR4319932	RNA-seq	RNA-Seq	PAIRED	PAIRED	PAIRED	R1	1	ERR4319932_1.fastq.gz	ftp.sra.ebi.ac.uk/vol1/fastq/ERR431/002/ERR4319932/ERR4319932_1.fastq.gz	9c4742c3c0c05d97840f77b21d791ff6	4238939803
PRJEB39258	SAMEA7040963	ERX4268299	ERR4319932	RNA-seq	RNA-Seq	PAIRED	PAIRED	PAIRED	R2	2	ERR4319932_2.fastq.gz	ftp.sra.ebi.ac.uk/vol1/fastq/ERR431/002/ERR4319932/ERR4319932_2.fastq.gz	f6e334d8d0e72f0b3ebfeb3fc28fe910	4535700666
PRJEB39258	SAMEA7040947	ERX4268300	ERR4319933	RNA-seq	RNA-Seq	PAIRED	PAIRED	PAIRED	R1	1	ERR4319933_1.fastq.gz	ftp.sra.ebi.ac.uk/vol1/fastq/ERR431/003/ERR4319933/ERR4319933_1.fastq.gz	fa5a7f229fba1b7255615f59f6830f04	4149076489
PRJEB39258	SAMEA7040947	ERX4268300	ERR4319933	RNA-seq	RNA-Seq	PAIRED	PAIRED	PAIRED	R2	2	ERR4319933_2.fastq.gz	ftp.sra.ebi.ac.uk/vol1/fastq/ERR431/003/ERR4319933/ERR4319933_2.fastq.gz	0d821843a5b44c2fb0506815b448468e	4429368835
PRJEB48931	SAMEA11293140	ERX6987505	ERR7417864	RNA-seq	RNA-Seq	PAIRED	PAIRED	PAIRED	R1	1	ERR7417864_1.fastq.gz	ftp.sra.ebi.ac.uk/vol1/fastq/ERR741/004/ERR7417864/ERR7417864_1.fastq.gz	ee83e9d64006439fdaff935d325a2f44	2285958123
PRJEB48931	SAMEA11293140	ERX6987505	ERR7417864	RNA-seq	RNA-Seq	PAIRED	PAIRED	PAIRED	R2	2	ERR7417864_2.fastq.gz	ftp.sra.ebi.ac.uk/vol1/fastq/ERR741/004/ERR7417864/ERR7417864_2.fastq.gz	51866cbc09890e25a99c3736f9991724	2608470438
PRJEB48931	SAMEA11293142	ERX6987507	ERR7417866	RNA-seq	RNA-Seq	PAIRED	PAIRED	PAIRED	R1	1	ERR7417866_1.fastq.gz	ftp.sra.ebi.ac.uk/vol1/fastq/ERR741/006/ERR7417866/ERR7417866_1.fastq.gz	1d880f8169c83b7185a402a88f069a4b	2237890616
PRJEB48931	SAMEA11293142	ERX6987507	ERR7417866	RNA-seq	RNA-Seq	PAIRED	PAIRED	PAIRED	R2	2	ERR7417866_2.fastq.gz	ftp.sra.ebi.ac.uk/vol1/fastq/ERR741/006/ERR7417866/ERR7417866_2.fastq.gz	ff6a022b03cfdbdf3c1f0672dc6a015f	2519343923
PRJEB49939	SAMEA12293227	ERX7572627	ERR8006958	RNA-seq	RNA-Seq	PAIRED	PAIRED	PAIRED	R1	1	ERR8006958_1.fastq.gz	ftp.sra.ebi.ac.uk/vol1/fastq/ERR800/008/ERR8006958/ERR8006958_1.fastq.gz	e9ef80df8cc9e105e46bd951f3428732	1782342084
PRJEB49939	SAMEA12293227	ERX7572627	ERR8006958	RNA-seq	RNA-Seq	PAIRED	PAIRED	PAIRED	R2	2	ERR8006958_2.fastq.gz	ftp.sra.ebi.ac.uk/vol1/fastq/ERR800/008/ERR8006958/ERR8006958_2.fastq.gz	35503de37f8ffdb59a12421997419ee3	1814444239
PRJEB9291	SAMEA3373346	ERX947760	ERR868159	ChIP-seq	ChIP-Seq	SINGLE	SINGLE	SINGLE	SINGLE	1	ERR868159.fastq.gz	ftp.sra.ebi.ac.uk/vol1/fastq/ERR868/ERR868159/ERR868159.fastq.gz	2b4efa0991445813ac3ab3b1d0e0b766	1555567293
PRJEB9291	SAMEA3373348	ERX947761	ERR868160	ChIP-seq	ChIP-Seq	SINGLE	SINGLE	SINGLE	SINGLE	1	ERR868160.fastq.gz	ftp.sra.ebi.ac.uk/vol1/fastq/ERR868/ERR868160/ERR868160.fastq.gz	93b73ff5097a9f31c3331ff64b802233	1574459513
PRJEB9291	SAMEA3373362	ERX947763	ERR868162	ChIP-seq	ChIP-Seq	SINGLE	SINGLE	SINGLE	SINGLE	1	ERR868162.fastq.gz	ftp.sra.ebi.ac.uk/vol1/fastq/ERR868/ERR868162/ERR868162.fastq.gz	f5b6a83f164b5d41aa1177bdce0adef4	1679754321
PRJEB9291	SAMEA3373352	ERX947766	ERR868165	ChIP-seq	ChIP-Seq	SINGLE	SINGLE	SINGLE	SINGLE	1	ERR868165.fastq.gz	ftp.sra.ebi.ac.uk/vol1/fastq/ERR868/ERR868165/ERR868165.fastq.gz	00a5942b97d8bb006f29b8f617fb1102	1351363153
PRJEB9291	SAMEA3373343	ERX947773	ERR868172	ChIP-seq	ChIP-Seq	SINGLE	SINGLE	SINGLE	SINGLE	1	ERR868172.fastq.gz	ftp.sra.ebi.ac.uk/vol1/fastq/ERR868/ERR868172/ERR868172.fastq.gz	c59212422979476c0a280ef808efd325	1374068019
PRJNA575354	SAMN12886791	SRX6935337	SRR10215657	RNA-seq	RNA-Seq	SINGLE	SINGLE	SINGLE	SINGLE	1	SRR10215657.fastq.gz	ftp.sra.ebi.ac.uk/vol1/fastq/SRR102/057/SRR10215657/SRR10215657.fastq.gz	022307d12565c3ed9dc8c96a252363be	104857
PRJNA590486	SAMN13327503	SRX7182896	SRR10493808	RNA-seq	RNA-Seq	SINGLE	PAIRED	PAIRED_PLUS_UNPAIRED	UNPAIRED	1	SRR10493808.fastq.gz	ftp.sra.ebi.ac.uk/vol1/fastq/SRR104/008/SRR10493808/SRR10493808.fastq.gz	294e14582c9c50da76ba219d2d0db94f	350501159
PRJNA590486	SAMN13327503	SRX7182896	SRR10493808	RNA-seq	RNA-Seq	SINGLE	PAIRED	PAIRED_PLUS_UNPAIRED	R1	2	SRR10493808_1.fastq.gz	ftp.sra.ebi.ac.uk/vol1/fastq/SRR104/008/SRR10493808/SRR10493808_1.fastq.gz	d013c3479ebe976c60cd96932247e678	1494178717
PRJNA590486	SAMN13327503	SRX7182896	SRR10493808	RNA-seq	RNA-Seq	SINGLE	PAIRED	PAIRED_PLUS_UNPAIRED	R2	3	SRR10493808_2.fastq.gz	ftp.sra.ebi.ac.uk/vol1/fastq/SRR104/008/SRR10493808/SRR10493808_2.fastq.gz	14e8326fd7f681cdbadc2d12100a0bfe	2030847829
PRJNA590486	SAMN13327510	SRX7182898	SRR10493810	RNA-seq	RNA-Seq	SINGLE	PAIRED	PAIRED_PLUS_UNPAIRED	UNPAIRED	1	SRR10493810.fastq.gz	ftp.sra.ebi.ac.uk/vol1/fastq/SRR104/010/SRR10493810/SRR10493810.fastq.gz	fff550d01130a1fcc18399c0481d0a16	264314514
PRJNA590486	SAMN13327510	SRX7182898	SRR10493810	RNA-seq	RNA-Seq	SINGLE	PAIRED	PAIRED_PLUS_UNPAIRED	R1	2	SRR10493810_1.fastq.gz	ftp.sra.ebi.ac.uk/vol1/fastq/SRR104/010/SRR10493810/SRR10493810_1.fastq.gz	1a6c4d07a84d92512676ba0801ee2055	1457869158
PRJNA590486	SAMN13327510	SRX7182898	SRR10493810	RNA-seq	RNA-Seq	SINGLE	PAIRED	PAIRED_PLUS_UNPAIRED	R2	3	SRR10493810_2.fastq.gz	ftp.sra.ebi.ac.uk/vol1/fastq/SRR104/010/SRR10493810/SRR10493810_2.fastq.gz	3e1bb4e8b7cc5ae7e17d3a4eaf659605	1940935689
PRJNA590486	SAMN13327501	SRX7182900	SRR10493812	RNA-seq	RNA-Seq	SINGLE	PAIRED	PAIRED_PLUS_UNPAIRED	UNPAIRED	1	SRR10493812.fastq.gz	ftp.sra.ebi.ac.uk/vol1/fastq/SRR104/012/SRR10493812/SRR10493812.fastq.gz	e429dc329578164bac6190235247311d	247492889
PRJNA590486	SAMN13327501	SRX7182900	SRR10493812	RNA-seq	RNA-Seq	SINGLE	PAIRED	PAIRED_PLUS_UNPAIRED	R1	2	SRR10493812_1.fastq.gz	ftp.sra.ebi.ac.uk/vol1/fastq/SRR104/012/SRR10493812/SRR10493812_1.fastq.gz	296b4ab5b58af27f3ce81990fd7ab4a7	1552912187
PRJNA590486	SAMN13327501	SRX7182900	SRR10493812	RNA-seq	RNA-Seq	SINGLE	PAIRED	PAIRED_PLUS_UNPAIRED	R2	3	SRR10493812_2.fastq.gz	ftp.sra.ebi.ac.uk/vol1/fastq/SRR104/012/SRR10493812/SRR10493812_2.fastq.gz	9d0a8056ce84790e77c344303ca1374c	2004486982
PRJNA590486	SAMN13327500	SRX7182901	SRR10493813	RNA-seq	RNA-Seq	SINGLE	PAIRED	PAIRED_PLUS_UNPAIRED	UNPAIRED	1	SRR10493813.fastq.gz	ftp.sra.ebi.ac.uk/vol1/fastq/SRR104/013/SRR10493813/SRR10493813.fastq.gz	20fd46168744a96d186f5efc73190966	288590584
PRJNA590486	SAMN13327500	SRX7182901	SRR10493813	RNA-seq	RNA-Seq	SINGLE	PAIRED	PAIRED_PLUS_UNPAIRED	R1	2	SRR10493813_1.fastq.gz	ftp.sra.ebi.ac.uk/vol1/fastq/SRR104/013/SRR10493813/SRR10493813_1.fastq.gz	309d16ff694836dd87a6b30416bf2ebb	1643306648
PRJNA590486	SAMN13327500	SRX7182901	SRR10493813	RNA-seq	RNA-Seq	SINGLE	PAIRED	PAIRED_PLUS_UNPAIRED	R2	3	SRR10493813_2.fastq.gz	ftp.sra.ebi.ac.uk/vol1/fastq/SRR104/013/SRR10493813/SRR10493813_2.fastq.gz	36498b84cd0a41e55bfa1c08b7fdee90	1998043539
PRJNA590486	SAMN13327544	SRX7182905	SRR10493817	RNA-seq	RNA-Seq	SINGLE	PAIRED	PAIRED_PLUS_UNPAIRED	UNPAIRED	1	SRR10493817.fastq.gz	ftp.sra.ebi.ac.uk/vol1/fastq/SRR104/017/SRR10493817/SRR10493817.fastq.gz	3fc7bb7c0af18de0393042d161685b9d	283021376
PRJNA590486	SAMN13327544	SRX7182905	SRR10493817	RNA-seq	RNA-Seq	SINGLE	PAIRED	PAIRED_PLUS_UNPAIRED	R1	2	SRR10493817_1.fastq.gz	ftp.sra.ebi.ac.uk/vol1/fastq/SRR104/017/SRR10493817/SRR10493817_1.fastq.gz	a1e235a92425dc0322af1b7c775249f9	1344843902
PRJNA590486	SAMN13327544	SRX7182905	SRR10493817	RNA-seq	RNA-Seq	SINGLE	PAIRED	PAIRED_PLUS_UNPAIRED	R2	3	SRR10493817_2.fastq.gz	ftp.sra.ebi.ac.uk/vol1/fastq/SRR104/017/SRR10493817/SRR10493817_2.fastq.gz	7e28f2994ab0e2cbf28005ea784224e5	1792857159
PRJNA590486	SAMN13327543	SRX7182906	SRR10493818	RNA-seq	RNA-Seq	SINGLE	PAIRED	PAIRED_PLUS_UNPAIRED	UNPAIRED	1	SRR10493818.fastq.gz	ftp.sra.ebi.ac.uk/vol1/fastq/SRR104/018/SRR10493818/SRR10493818.fastq.gz	1c6c8435ff44e059ef39587543e6881c	366653635
PRJNA590486	SAMN13327543	SRX7182906	SRR10493818	RNA-seq	RNA-Seq	SINGLE	PAIRED	PAIRED_PLUS_UNPAIRED	R1	2	SRR10493818_1.fastq.gz	ftp.sra.ebi.ac.uk/vol1/fastq/SRR104/018/SRR10493818/SRR10493818_1.fastq.gz	bd9c51e7e24f9e010e218686fe3c5586	1451291365
PRJNA590486	SAMN13327543	SRX7182906	SRR10493818	RNA-seq	RNA-Seq	SINGLE	PAIRED	PAIRED_PLUS_UNPAIRED	R2	3	SRR10493818_2.fastq.gz	ftp.sra.ebi.ac.uk/vol1/fastq/SRR104/018/SRR10493818/SRR10493818_2.fastq.gz	339734fb61240343455748fb52b5cf0e	2073052623
PRJNA590485	SAMN13327591	SRX7182941	SRR10493853	RNA-seq	RNA-Seq	SINGLE	PAIRED	PAIRED	R1	1	SRR10493853_1.fastq.gz	ftp.sra.ebi.ac.uk/vol1/fastq/SRR104/053/SRR10493853/SRR10493853_1.fastq.gz	0b68301ca792c5ff5f0b5e4257db4a40	340517684
PRJNA590485	SAMN13327591	SRX7182941	SRR10493853	RNA-seq	RNA-Seq	SINGLE	PAIRED	PAIRED	R2	2	SRR10493853_2.fastq.gz	ftp.sra.ebi.ac.uk/vol1/fastq/SRR104/053/SRR10493853/SRR10493853_2.fastq.gz	423729337a51399258148deead7de6fe	311132770
PRJNA590485	SAMN13327585	SRX7182948	SRR10493860	RNA-seq	RNA-Seq	SINGLE	PAIRED	PAIRED	R1	1	SRR10493860_1.fastq.gz	ftp.sra.ebi.ac.uk/vol1/fastq/SRR104/060/SRR10493860/SRR10493860_1.fastq.gz	dd60142f0802387191df04d942d01df9	572410063
PRJNA590485	SAMN13327585	SRX7182948	SRR10493860	RNA-seq	RNA-Seq	SINGLE	PAIRED	PAIRED	R2	2	SRR10493860_2.fastq.gz	ftp.sra.ebi.ac.uk/vol1/fastq/SRR104/060/SRR10493860/SRR10493860_2.fastq.gz	566ad7addd7739ff1b9ee2a293c9e95a	588333103
PRJNA590485	SAMN13327574	SRX7182956	SRR10493868	RNA-seq	RNA-Seq	SINGLE	PAIRED	PAIRED	R1	1	SRR10493868_1.fastq.gz	ftp.sra.ebi.ac.uk/vol1/fastq/SRR104/068/SRR10493868/SRR10493868_1.fastq.gz	f6ede14decf098a0b24d7d616034287a	605827169
PRJNA590485	SAMN13327574	SRX7182956	SRR10493868	RNA-seq	RNA-Seq	SINGLE	PAIRED	PAIRED	R2	2	SRR10493868_2.fastq.gz	ftp.sra.ebi.ac.uk/vol1/fastq/SRR104/068/SRR10493868/SRR10493868_2.fastq.gz	666334cd858626fc75c43fe4dc101a07	696284467
PRJNA590485	SAMN13327566	SRX7182960	SRR10493872	RNA-seq	RNA-Seq	SINGLE	PAIRED	PAIRED	R1	1	SRR10493872_1.fastq.gz	ftp.sra.ebi.ac.uk/vol1/fastq/SRR104/072/SRR10493872/SRR10493872_1.fastq.gz	652dfb0ba0783285dd4a48775be9bb45	661850579
PRJNA590485	SAMN13327566	SRX7182960	SRR10493872	RNA-seq	RNA-Seq	SINGLE	PAIRED	PAIRED	R2	2	SRR10493872_2.fastq.gz	ftp.sra.ebi.ac.uk/vol1/fastq/SRR104/072/SRR10493872/SRR10493872_2.fastq.gz	23a4b161e355086345f17cba1df7f688	688158608
PRJNA590485	SAMN13327555	SRX7182966	SRR10493878	RNA-seq	RNA-Seq	SINGLE	PAIRED	PAIRED	R1	1	SRR10493878_1.fastq.gz	ftp.sra.ebi.ac.uk/vol1/fastq/SRR104/078/SRR10493878/SRR10493878_1.fastq.gz	e325db6d427d9ea631bb63c6e9efb5c3	499294646
PRJNA590485	SAMN13327555	SRX7182966	SRR10493878	RNA-seq	RNA-Seq	SINGLE	PAIRED	PAIRED	R2	2	SRR10493878_2.fastq.gz	ftp.sra.ebi.ac.uk/vol1/fastq/SRR104/078/SRR10493878/SRR10493878_2.fastq.gz	fe2d807a91c9263795fb226e366d2ff1	515894021
PRJNA590485	SAMN13327553	SRX7182967	SRR10493879	RNA-seq	RNA-Seq	SINGLE	PAIRED	PAIRED	R1	1	SRR10493879_1.fastq.gz	ftp.sra.ebi.ac.uk/vol1/fastq/SRR104/079/SRR10493879/SRR10493879_1.fastq.gz	0ae7a2d6d7cbd982e04ce045216dda22	656612231
PRJNA590485	SAMN13327553	SRX7182967	SRR10493879	RNA-seq	RNA-Seq	SINGLE	PAIRED	PAIRED	R2	2	SRR10493879_2.fastq.gz	ftp.sra.ebi.ac.uk/vol1/fastq/SRR104/079/SRR10493879/SRR10493879_2.fastq.gz	a2a4e419894c85c5aead526a1bd79dbf	656615453
PRJNA590485	SAMN13327552	SRX7182968	SRR10493880	RNA-seq	RNA-Seq	SINGLE	PAIRED	PAIRED	R1	1	SRR10493880_1.fastq.gz	ftp.sra.ebi.ac.uk/vol1/fastq/SRR104/080/SRR10493880/SRR10493880_1.fastq.gz	6bb091c7d891cabdbb5c7bf8732c7702	597792294
PRJNA590485	SAMN13327552	SRX7182968	SRR10493880	RNA-seq	RNA-Seq	SINGLE	PAIRED	PAIRED	R2	2	SRR10493880_2.fastq.gz	ftp.sra.ebi.ac.uk/vol1/fastq/SRR104/080/SRR10493880/SRR10493880_2.fastq.gz	01db7ab31bf13e82a018d5102f7762c7	607664848
PRJNA590485	SAMN13327551	SRX7182969	SRR10493881	RNA-seq	RNA-Seq	SINGLE	PAIRED	PAIRED	R1	1	SRR10493881_1.fastq.gz	ftp.sra.ebi.ac.uk/vol1/fastq/SRR104/081/SRR10493881/SRR10493881_1.fastq.gz	60465b20b5ff26f74865b40e0f55494e	541498658
PRJNA590485	SAMN13327551	SRX7182969	SRR10493881	RNA-seq	RNA-Seq	SINGLE	PAIRED	PAIRED	R2	2	SRR10493881_2.fastq.gz	ftp.sra.ebi.ac.uk/vol1/fastq/SRR104/081/SRR10493881/SRR10493881_2.fastq.gz	209e590d09579b9ff1ea6589a3fe9409	546737531
PRJNA593052	SAMN13451140	SRX7254143	SRR10572663	RNA-seq	RNA-Seq	PAIRED	PAIRED	PAIRED	R1	1	SRR10572663_1.fastq.gz	ftp.sra.ebi.ac.uk/vol1/fastq/SRR105/063/SRR10572663/SRR10572663_1.fastq.gz	065aeaee91f608c7d3f0cc1c98f3af2a	4589801998
PRJNA593052	SAMN13451140	SRX7254143	SRR10572663	RNA-seq	RNA-Seq	PAIRED	PAIRED	PAIRED	R2	2	SRR10572663_2.fastq.gz	ftp.sra.ebi.ac.uk/vol1/fastq/SRR105/063/SRR10572663/SRR10572663_2.fastq.gz	f457ba404b5da8b598991511597414f9	4770303389
PRJNA593052	SAMN13451139	SRX7254142	SRR10572664	RNA-seq	RNA-Seq	PAIRED	PAIRED	PAIRED	R1	1	SRR10572664_1.fastq.gz	ftp.sra.ebi.ac.uk/vol1/fastq/SRR105/064/SRR10572664/SRR10572664_1.fastq.gz	9717a4d2890ba64259028c14de5e077a	6041148181
PRJNA593052	SAMN13451139	SRX7254142	SRR10572664	RNA-seq	RNA-Seq	PAIRED	PAIRED	PAIRED	R2	2	SRR10572664_2.fastq.gz	ftp.sra.ebi.ac.uk/vol1/fastq/SRR105/064/SRR10572664/SRR10572664_2.fastq.gz	e310d824d92afdc07d2b678f2e939f74	6273156546
PRJNA594947	SAMN13541384	SRX7347963	SRR10669488	RNA-seq	RNA-Seq	SINGLE	SINGLE	SINGLE	SINGLE	1	SRR10669488.fastq.gz	ftp.sra.ebi.ac.uk/vol1/fastq/SRR106/088/SRR10669488/SRR10669488.fastq.gz	0aa79081d8f9cd3ae7801add52a1d4df	1092032980
PRJNA604220	SAMN13957914	SRX7656771	SRR10995636	RNA-seq	RNA-Seq	PAIRED	PAIRED	PAIRED	R1	1	SRR10995636_1.fastq.gz	ftp.sra.ebi.ac.uk/vol1/fastq/SRR109/036/SRR10995636/SRR10995636_1.fastq.gz	111dc284051f4af71c7850d0fd4e4eb1	416789480
PRJNA604220	SAMN13957914	SRX7656771	SRR10995636	RNA-seq	RNA-Seq	PAIRED	PAIRED	PAIRED	R2	2	SRR10995636_2.fastq.gz	ftp.sra.ebi.ac.uk/vol1/fastq/SRR109/036/SRR10995636/SRR10995636_2.fastq.gz	43dbbea1529e61121b5aab0f6bd02e94	426278718
PRJNA604220	SAMN13957912	SRX7656773	SRR10995643	RNA-seq	RNA-Seq	PAIRED	PAIRED	PAIRED	R1	1	SRR10995643_1.fastq.gz	ftp.sra.ebi.ac.uk/vol1/fastq/SRR109/043/SRR10995643/SRR10995643_1.fastq.gz	b88798544978475be017dc02fc8d8f4d	411548783
PRJNA604220	SAMN13957912	SRX7656773	SRR10995643	RNA-seq	RNA-Seq	PAIRED	PAIRED	PAIRED	R2	2	SRR10995643_2.fastq.gz	ftp.sra.ebi.ac.uk/vol1/fastq/SRR109/043/SRR10995643/SRR10995643_2.fastq.gz	035308ab7920fa60eb3aae021f9e5678	426582304
PRJNA604220	SAMN13957911	SRX7656774	SRR10995649	RNA-seq	RNA-Seq	PAIRED	PAIRED	PAIRED	R1	1	SRR10995649_1.fastq.gz	ftp.sra.ebi.ac.uk/vol1/fastq/SRR109/049/SRR10995649/SRR10995649_1.fastq.gz	596df195c4456f3ff1fe148f4c4fe0b0	447346782
PRJNA604220	SAMN13957911	SRX7656774	SRR10995649	RNA-seq	RNA-Seq	PAIRED	PAIRED	PAIRED	R2	2	SRR10995649_2.fastq.gz	ftp.sra.ebi.ac.uk/vol1/fastq/SRR109/049/SRR10995649/SRR10995649_2.fastq.gz	cb0323f25b424c83cbb76e45c1c309fa	457087381
PRJNA604220	SAMN13957910	SRX7656775	SRR10995653	RNA-seq	RNA-Seq	PAIRED	PAIRED	PAIRED	R1	1	SRR10995653_1.fastq.gz	ftp.sra.ebi.ac.uk/vol1/fastq/SRR109/053/SRR10995653/SRR10995653_1.fastq.gz	ca118057885783cdb1952bfd83d30b16	402210961
PRJNA604220	SAMN13957910	SRX7656775	SRR10995653	RNA-seq	RNA-Seq	PAIRED	PAIRED	PAIRED	R2	2	SRR10995653_2.fastq.gz	ftp.sra.ebi.ac.uk/vol1/fastq/SRR109/053/SRR10995653/SRR10995653_2.fastq.gz	b06c29daf9a3470268e97be7049e4774	420865527
PRJNA604220	SAMN13957909	SRX7656776	SRR10995658	RNA-seq	RNA-Seq	PAIRED	PAIRED	PAIRED	R1	1	SRR10995658_1.fastq.gz	ftp.sra.ebi.ac.uk/vol1/fastq/SRR109/058/SRR10995658/SRR10995658_1.fastq.gz	9d3b779ca20df4df0e581554171827fe	635529595
PRJNA604220	SAMN13957909	SRX7656776	SRR10995658	RNA-seq	RNA-Seq	PAIRED	PAIRED	PAIRED	R2	2	SRR10995658_2.fastq.gz	ftp.sra.ebi.ac.uk/vol1/fastq/SRR109/058/SRR10995658/SRR10995658_2.fastq.gz	c8232af46f6e0c98a5c647636a6bdf1a	642341587
PRJNA604220	SAMN13957908	SRX7656777	SRR10995659	RNA-seq	RNA-Seq	PAIRED	PAIRED	PAIRED	R1	1	SRR10995659_1.fastq.gz	ftp.sra.ebi.ac.uk/vol1/fastq/SRR109/059/SRR10995659/SRR10995659_1.fastq.gz	c9a0c1130e6bddc68e066e5e32fc8161	521868263
PRJNA604220	SAMN13957908	SRX7656777	SRR10995659	RNA-seq	RNA-Seq	PAIRED	PAIRED	PAIRED	R2	2	SRR10995659_2.fastq.gz	ftp.sra.ebi.ac.uk/vol1/fastq/SRR109/059/SRR10995659/SRR10995659_2.fastq.gz	0e468eed2a8dd1fdcc5957016b9a83ce	536898098
PRJNA604220	SAMN13957908	SRX7656777	SRR10995660	RNA-seq	RNA-Seq	PAIRED	PAIRED	PAIRED	R1	1	SRR10995660_1.fastq.gz	ftp.sra.ebi.ac.uk/vol1/fastq/SRR109/060/SRR10995660/SRR10995660_1.fastq.gz	5223dfe04d6d34f2df097a21cb96eef7	492547530
PRJNA604220	SAMN13957908	SRX7656777	SRR10995660	RNA-seq	RNA-Seq	PAIRED	PAIRED	PAIRED	R2	2	SRR10995660_2.fastq.gz	ftp.sra.ebi.ac.uk/vol1/fastq/SRR109/060/SRR10995660/SRR10995660_2.fastq.gz	5a9c0b917ddea6918bfa165692369578	504845981
PRJNA604220	SAMN13957908	SRX7656777	SRR10995662	RNA-seq	RNA-Seq	PAIRED	PAIRED	PAIRED	R1	1	SRR10995662_1.fastq.gz	ftp.sra.ebi.ac.uk/vol1/fastq/SRR109/062/SRR10995662/SRR10995662_1.fastq.gz	3a891b06041965ae3c62bef185dea281	488408735
PRJNA604220	SAMN13957908	SRX7656777	SRR10995662	RNA-seq	RNA-Seq	PAIRED	PAIRED	PAIRED	R2	2	SRR10995662_2.fastq.gz	ftp.sra.ebi.ac.uk/vol1/fastq/SRR109/062/SRR10995662/SRR10995662_2.fastq.gz	8118468ad47ac7b3fc317f2842934982	494805228
PRJNA604220	SAMN13957904	SRX7656781	SRR10995675	RNA-seq	RNA-Seq	PAIRED	PAIRED	PAIRED	R1	1	SRR10995675_1.fastq.gz	ftp.sra.ebi.ac.uk/vol1/fastq/SRR109/075/SRR10995675/SRR10995675_1.fastq.gz	b0a842c6a9592cfd8026dd8b91bcb3c3	503016741
PRJNA604220	SAMN13957904	SRX7656781	SRR10995675	RNA-seq	RNA-Seq	PAIRED	PAIRED	PAIRED	R2	2	SRR10995675_2.fastq.gz	ftp.sra.ebi.ac.uk/vol1/fastq/SRR109/075/SRR10995675/SRR10995675_2.fastq.gz	38eda1e2a51c8c278dc2322a55321830	515831094
PRJNA604220	SAMN13957902	SRX7656783	SRR10995685	RNA-seq	RNA-Seq	PAIRED	PAIRED	PAIRED	R1	1	SRR10995685_1.fastq.gz	ftp.sra.ebi.ac.uk/vol1/fastq/SRR109/085/SRR10995685/SRR10995685_1.fastq.gz	b9e931d947eabcc92623ff02d02f5aeb	479165836
PRJNA604220	SAMN13957902	SRX7656783	SRR10995685	RNA-seq	RNA-Seq	PAIRED	PAIRED	PAIRED	R2	2	SRR10995685_2.fastq.gz	ftp.sra.ebi.ac.uk/vol1/fastq/SRR109/085/SRR10995685/SRR10995685_2.fastq.gz	dd52b870b43191c16dc2743c785393a4	490122198
PRJNA604220	SAMN13957901	SRX7656784	SRR10995690	RNA-seq	RNA-Seq	PAIRED	PAIRED	PAIRED	R1	1	SRR10995690_1.fastq.gz	ftp.sra.ebi.ac.uk/vol1/fastq/SRR109/090/SRR10995690/SRR10995690_1.fastq.gz	8bcb8bede6f20458b1536396697211b5	564664578
PRJNA604220	SAMN13957901	SRX7656784	SRR10995690	RNA-seq	RNA-Seq	PAIRED	PAIRED	PAIRED	R2	2	SRR10995690_2.fastq.gz	ftp.sra.ebi.ac.uk/vol1/fastq/SRR109/090/SRR10995690/SRR10995690_2.fastq.gz	400949d9ea01935c4f4493337d7ea21d	577813188
PRJNA604220	SAMN13957898	SRX7656787	SRR10995700	RNA-seq	RNA-Seq	PAIRED	PAIRED	PAIRED	R1	1	SRR10995700_1.fastq.gz	ftp.sra.ebi.ac.uk/vol1/fastq/SRR109/000/SRR10995700/SRR10995700_1.fastq.gz	4b12d8066e886d4176a60df8a7568018	842141943
PRJNA604220	SAMN13957898	SRX7656787	SRR10995700	RNA-seq	RNA-Seq	PAIRED	PAIRED	PAIRED	R2	2	SRR10995700_2.fastq.gz	ftp.sra.ebi.ac.uk/vol1/fastq/SRR109/000/SRR10995700/SRR10995700_2.fastq.gz	972a5cefcc338b32ef99b55a49fa91aa	870674703
PRJNA599947	SAMN13762568	SRX7805403	SRR11184915	RNA-seq	RNA-Seq	PAIRED	PAIRED	PAIRED	R1	1	SRR11184915_1.fastq.gz	ftp.sra.ebi.ac.uk/vol1/fastq/SRR111/015/SRR11184915/SRR11184915_1.fastq.gz	e05cd6143cfdf6e41a425f06d78284fd	2330354761
PRJNA599947	SAMN13762568	SRX7805403	SRR11184915	RNA-seq	RNA-Seq	PAIRED	PAIRED	PAIRED	R2	2	SRR11184915_2.fastq.gz	ftp.sra.ebi.ac.uk/vol1/fastq/SRR111/015/SRR11184915/SRR11184915_2.fastq.gz	0ed5a0859ab595ebd65a306677aa43ed	2391355187
PRJNA599947	SAMN13762566	SRX7805401	SRR11184918	RNA-seq	RNA-Seq	PAIRED	PAIRED	PAIRED	R1	1	SRR11184918_1.fastq.gz	ftp.sra.ebi.ac.uk/vol1/fastq/SRR111/018/SRR11184918/SRR11184918_1.fastq.gz	6bf080c6297e04d25a5195e99f0f614d	2634236898
PRJNA599947	SAMN13762566	SRX7805401	SRR11184918	RNA-seq	RNA-Seq	PAIRED	PAIRED	PAIRED	R2	2	SRR11184918_2.fastq.gz	ftp.sra.ebi.ac.uk/vol1/fastq/SRR111/018/SRR11184918/SRR11184918_2.fastq.gz	72988fc321a29e6438c053906355762d	2743583277
PRJNA613438	SAMN14404305	SRX7952180	SRR11350309	RNA-seq	RNA-Seq	SINGLE	SINGLE	SINGLE	SINGLE	1	SRR11350309.fastq.gz	ftp.sra.ebi.ac.uk/vol1/fastq/SRR113/009/SRR11350309/SRR11350309.fastq.gz	be2abbe41325e0af3d110fb8316ea612	1271548263
PRJNA613438	SAMN14404313	SRX7952173	SRR11350316	RNA-seq	RNA-Seq	SINGLE	SINGLE	SINGLE	SINGLE	1	SRR11350316.fastq.gz	ftp.sra.ebi.ac.uk/vol1/fastq/SRR113/016/SRR11350316/SRR11350316.fastq.gz	b1d04de24ad931e5c50c34eac80193d4	1399125276
PRJNA613438	SAMN14404312	SRX7952172	SRR11350317	RNA-seq	RNA-Seq	SINGLE	SINGLE	SINGLE	SINGLE	1	SRR11350317.fastq.gz	ftp.sra.ebi.ac.uk/vol1/fastq/SRR113/017/SRR11350317/SRR11350317.fastq.gz	e245f5e42840bbe897b4b5d3cede235c	938938510
PRJNA613438	SAMN14404303	SRX7952171	SRR11350318	RNA-seq	RNA-Seq	SINGLE	SINGLE	SINGLE	SINGLE	1	SRR11350318.fastq.gz	ftp.sra.ebi.ac.uk/vol1/fastq/SRR113/018/SRR11350318/SRR11350318.fastq.gz	c03237a6625a941a14a11ee88d2d5c71	1321612845
PRJNA630824	SAMN14846004	SRX8280953	SRR11721631	RNA-seq	RNA-Seq	SINGLE	SINGLE	SINGLE	SINGLE	1	SRR11721631.fastq.gz	ftp.sra.ebi.ac.uk/vol1/fastq/SRR117/031/SRR11721631/SRR11721631.fastq.gz	eb339e501ec7b9b471f551cdf7dc2cc0	541620320
PRJNA630824	SAMN14846003	SRX8280952	SRR11721632	RNA-seq	RNA-Seq	SINGLE	SINGLE	SINGLE	SINGLE	1	SRR11721632.fastq.gz	ftp.sra.ebi.ac.uk/vol1/fastq/SRR117/032/SRR11721632/SRR11721632.fastq.gz	8d45b21a3a4941a99f0f08432f0b68c3	630639103
PRJNA630824	SAMN14846000	SRX8280949	SRR11721635	RNA-seq	RNA-Seq	SINGLE	SINGLE	SINGLE	SINGLE	1	SRR11721635.fastq.gz	ftp.sra.ebi.ac.uk/vol1/fastq/SRR117/035/SRR11721635/SRR11721635.fastq.gz	183a0f55a7acf6189b56d1ca3929b3a3	541916108
PRJNA630824	SAMN14845998	SRX8280947	SRR11721637	RNA-seq	RNA-Seq	SINGLE	SINGLE	SINGLE	SINGLE	1	SRR11721637.fastq.gz	ftp.sra.ebi.ac.uk/vol1/fastq/SRR117/037/SRR11721637/SRR11721637.fastq.gz	7ce58028c4ff31b1385a8113674b449c	623863789
PRJNA630824	SAMN14846023	SRX8280945	SRR11721639	RNA-seq	RNA-Seq	SINGLE	SINGLE	SINGLE	SINGLE	1	SRR11721639.fastq.gz	ftp.sra.ebi.ac.uk/vol1/fastq/SRR117/039/SRR11721639/SRR11721639.fastq.gz	da9c6d71728dee3f806992170bf35fd6	585341456
PRJNA630824	SAMN14846020	SRX8280942	SRR11721642	RNA-seq	RNA-Seq	SINGLE	SINGLE	SINGLE	SINGLE	1	SRR11721642.fastq.gz	ftp.sra.ebi.ac.uk/vol1/fastq/SRR117/042/SRR11721642/SRR11721642.fastq.gz	5b530d6bc33549f69bdb36721872fe97	562916578
PRJNA630824	SAMN14846017	SRX8280939	SRR11721645	RNA-seq	RNA-Seq	SINGLE	SINGLE	SINGLE	SINGLE	1	SRR11721645.fastq.gz	ftp.sra.ebi.ac.uk/vol1/fastq/SRR117/045/SRR11721645/SRR11721645.fastq.gz	cea7de0c80a6f2fcf33a895f83d181a2	573386337
PRJNA630824	SAMN14845997	SRX8280936	SRR11721648	RNA-seq	RNA-Seq	SINGLE	SINGLE	SINGLE	SINGLE	1	SRR11721648.fastq.gz	ftp.sra.ebi.ac.uk/vol1/fastq/SRR117/048/SRR11721648/SRR11721648.fastq.gz	c1191b953a96795b865c95bff9085260	648328933
PRJNA630824	SAMN14846014	SRX8280935	SRR11721649	RNA-seq	RNA-Seq	SINGLE	SINGLE	SINGLE	SINGLE	1	SRR11721649.fastq.gz	ftp.sra.ebi.ac.uk/vol1/fastq/SRR117/049/SRR11721649/SRR11721649.fastq.gz	e35befa31074c1eb6e6ae49b59522bd9	584010478
PRJNA630824	SAMN14846005	SRX8280926	SRR11721658	RNA-seq	RNA-Seq	SINGLE	SINGLE	SINGLE	SINGLE	1	SRR11721658.fastq.gz	ftp.sra.ebi.ac.uk/vol1/fastq/SRR117/058/SRR11721658/SRR11721658.fastq.gz	e346c179a7820ca3ab0ffea4dce4837e	587393540
PRJNA645419	SAMN15504220	SRX8707283	SRR12194150	RNA-seq	RNA-Seq	PAIRED	PAIRED	PAIRED	R1	1	SRR12194150_1.fastq.gz	ftp.sra.ebi.ac.uk/vol1/fastq/SRR121/050/SRR12194150/SRR12194150_1.fastq.gz	9612b27d5759db40d979cb23bb4da829	3921990736
PRJNA645419	SAMN15504220	SRX8707283	SRR12194150	RNA-seq	RNA-Seq	PAIRED	PAIRED	PAIRED	R2	2	SRR12194150_2.fastq.gz	ftp.sra.ebi.ac.uk/vol1/fastq/SRR121/050/SRR12194150/SRR12194150_2.fastq.gz	3fd34af9e217f88791fdcfaff6acacca	3990416883
PRJNA662582	SAMN16089552	SRX9101118	SRR12618085	RNA-seq	RNA-Seq	SINGLE	SINGLE	SINGLE	SINGLE	1	SRR12618085.fastq.gz	ftp.sra.ebi.ac.uk/vol1/fastq/SRR126/085/SRR12618085/SRR12618085.fastq.gz	edb7553bb3f9030c7db1f5f947b850ad	3481709200
PRJNA662582	SAMN16089549	SRX9101121	SRR12618090	RNA-seq	RNA-Seq	SINGLE	SINGLE	SINGLE	SINGLE	1	SRR12618090.fastq.gz	ftp.sra.ebi.ac.uk/vol1/fastq/SRR126/090/SRR12618090/SRR12618090.fastq.gz	c19b7d8e49f7afee34d8f31e9d1423cb	3279349772
PRJNA662582	SAMN16089546	SRX9101123	SRR12618096	RNA-seq	RNA-Seq	SINGLE	SINGLE	SINGLE	SINGLE	1	SRR12618096.fastq.gz	ftp.sra.ebi.ac.uk/vol1/fastq/SRR126/096/SRR12618096/SRR12618096.fastq.gz	ac3455ec327a80ddbc6c33c8be6df35f	3322874610
PRJNA662582	SAMN16089545	SRX9101124	SRR12618098	RNA-seq	RNA-Seq	SINGLE	SINGLE	SINGLE	SINGLE	1	SRR12618098.fastq.gz	ftp.sra.ebi.ac.uk/vol1/fastq/SRR126/098/SRR12618098/SRR12618098.fastq.gz	6232e4110bf3e937ab545f52ed9d352a	3059374220
PRJNA662582	SAMN16089593	SRX9101125	SRR12618100	RNA-seq	RNA-Seq	SINGLE	SINGLE	SINGLE	SINGLE	1	SRR12618100.fastq.gz	ftp.sra.ebi.ac.uk/vol1/fastq/SRR126/000/SRR12618100/SRR12618100.fastq.gz	63a1a359df24b2bb13a8b74e45c8e6ae	2829472583
PRJNA662582	SAMN16089591	SRX9101127	SRR12618105	RNA-seq	RNA-Seq	SINGLE	SINGLE	SINGLE	SINGLE	1	SRR12618105.fastq.gz	ftp.sra.ebi.ac.uk/vol1/fastq/SRR126/005/SRR12618105/SRR12618105.fastq.gz	288f51563915d44ebef16805c1e27d60	2943876549
PRJNA662582	SAMN16089590	SRX9101128	SRR12618107	RNA-seq	RNA-Seq	SINGLE	SINGLE	SINGLE	SINGLE	1	SRR12618107.fastq.gz	ftp.sra.ebi.ac.uk/vol1/fastq/SRR126/007/SRR12618107/SRR12618107.fastq.gz	9294df3e21e96eb6c95f9ae9da4751a4	5170694590
PRJNA662582	SAMN16089588	SRX9101129	SRR12618108	RNA-seq	RNA-Seq	SINGLE	SINGLE	SINGLE	SINGLE	1	SRR12618108.fastq.gz	ftp.sra.ebi.ac.uk/vol1/fastq/SRR126/008/SRR12618108/SRR12618108.fastq.gz	52c6498a9a3463e6066bb39abdeb4433	2134185487
PRJNA662582	SAMN16089588	SRX9101129	SRR12618109	RNA-seq	RNA-Seq	SINGLE	SINGLE	SINGLE	SINGLE	1	SRR12618109.fastq.gz	ftp.sra.ebi.ac.uk/vol1/fastq/SRR126/009/SRR12618109/SRR12618109.fastq.gz	548abbab56a05d6a3d04f07e20a017b8	2318638642
PRJNA662582	SAMN16089584	SRX9101133	SRR12618118	RNA-seq	RNA-Seq	SINGLE	SINGLE	SINGLE	SINGLE	1	SRR12618118.fastq.gz	ftp.sra.ebi.ac.uk/vol1/fastq/SRR126/018/SRR12618118/SRR12618118.fastq.gz	aca82fb917390f813144bb13fdf2a896	2838352011
PRJNA662582	SAMN16089584	SRX9101133	SRR12618120	RNA-seq	RNA-Seq	SINGLE	SINGLE	SINGLE	SINGLE	1	SRR12618120.fastq.gz	ftp.sra.ebi.ac.uk/vol1/fastq/SRR126/020/SRR12618120/SRR12618120.fastq.gz	fe2a88c92ac47937d1121d415d8214d5	2859298518
PRJNA662582	SAMN16089581	SRX9101136	SRR12618126	RNA-seq	RNA-Seq	SINGLE	SINGLE	SINGLE	SINGLE	1	SRR12618126.fastq.gz	ftp.sra.ebi.ac.uk/vol1/fastq/SRR126/026/SRR12618126/SRR12618126.fastq.gz	dc6e914ea7759e98195f2071ba3bda4e	3659623652
PRJNA662582	SAMN16089579	SRX9101138	SRR12618130	RNA-seq	RNA-Seq	SINGLE	SINGLE	SINGLE	SINGLE	1	SRR12618130.fastq.gz	ftp.sra.ebi.ac.uk/vol1/fastq/SRR126/030/SRR12618130/SRR12618130.fastq.gz	0ccf6028c33e45e0dccb83b5958ac7d6	3345455461
PRJNA662582	SAMN16089597	SRX9101140	SRR12618134	RNA-seq	RNA-Seq	SINGLE	SINGLE	SINGLE	SINGLE	1	SRR12618134.fastq.gz	ftp.sra.ebi.ac.uk/vol1/fastq/SRR126/034/SRR12618134/SRR12618134.fastq.gz	d298aea7b6d9e7c810f7d6e9822a539e	2783437783
PRJNA662582	SAMN16089597	SRX9101140	SRR12618135	RNA-seq	RNA-Seq	SINGLE	SINGLE	SINGLE	SINGLE	1	SRR12618135.fastq.gz	ftp.sra.ebi.ac.uk/vol1/fastq/SRR126/035/SRR12618135/SRR12618135.fastq.gz	5c1aa5932f3c9a93b0be7eabd4d3212b	3050178161
PRJNA667472	SAMN16373833	SRX9245433	SRR12774933	ATAC-seq	ATAC-seq	SINGLE	SINGLE	SINGLE	SINGLE	1	SRR12774933.fastq.gz	ftp.sra.ebi.ac.uk/vol1/fastq/SRR127/033/SRR12774933/SRR12774933.fastq.gz	80876b3d73f7bc1565fab04a81094201	913146925
PRJNA667472	SAMN16373827	SRX9245435	SRR12774935	ATAC-seq	ATAC-seq	SINGLE	SINGLE	SINGLE	SINGLE	1	SRR12774935.fastq.gz	ftp.sra.ebi.ac.uk/vol1/fastq/SRR127/035/SRR12774935/SRR12774935.fastq.gz	1d0e8b6b741ae23c395677f5859837d4	542289135
PRJNA667472	SAMN16373838	SRX9245455	SRR12774955	RNA-seq	RNA-Seq	PAIRED	PAIRED	PAIRED	R1	1	SRR12774955_1.fastq.gz	ftp.sra.ebi.ac.uk/vol1/fastq/SRR127/055/SRR12774955/SRR12774955_1.fastq.gz	9e222a03819e5472919346af117c007d	1632070369
PRJNA667472	SAMN16373838	SRX9245455	SRR12774955	RNA-seq	RNA-Seq	PAIRED	PAIRED	PAIRED	R2	2	SRR12774955_2.fastq.gz	ftp.sra.ebi.ac.uk/vol1/fastq/SRR127/055/SRR12774955/SRR12774955_2.fastq.gz	993cb133a91665176da3ffa9005636aa	1785652899
PRJNA739051	SAMN19770452	SRX11178683	SRR14860930	RNA-seq	RNA-Seq	PAIRED	PAIRED	PAIRED	R1	1	SRR14860930_1.fastq.gz	ftp.sra.ebi.ac.uk/vol1/fastq/SRR148/030/SRR14860930/SRR14860930_1.fastq.gz	f948c9fa530636903d4775444c7211e4	3800599795
PRJNA739051	SAMN19770452	SRX11178683	SRR14860930	RNA-seq	RNA-Seq	PAIRED	PAIRED	PAIRED	R2	2	SRR14860930_2.fastq.gz	ftp.sra.ebi.ac.uk/vol1/fastq/SRR148/030/SRR14860930/SRR14860930_2.fastq.gz	4c5d2042d993aa8f9706420db4e1d60b	4296261458
PRJNA739051	SAMN19770455	SRX11178675	SRR14860938	RNA-seq	RNA-Seq	PAIRED	PAIRED	PAIRED	R1	1	SRR14860938_1.fastq.gz	ftp.sra.ebi.ac.uk/vol1/fastq/SRR148/038/SRR14860938/SRR14860938_1.fastq.gz	c1ecd9f526d4cfffec59e7e1b3c5adcf	3073457575
PRJNA739051	SAMN19770455	SRX11178675	SRR14860938	RNA-seq	RNA-Seq	PAIRED	PAIRED	PAIRED	R2	2	SRR14860938_2.fastq.gz	ftp.sra.ebi.ac.uk/vol1/fastq/SRR148/038/SRR14860938/SRR14860938_2.fastq.gz	fe1364886a7625e5a7ce3815e062ed14	3519953059
PRJNA739051	SAMN19770454	SRX11178673	SRR14860940	RNA-seq	RNA-Seq	PAIRED	PAIRED	PAIRED	R1	1	SRR14860940_1.fastq.gz	ftp.sra.ebi.ac.uk/vol1/fastq/SRR148/040/SRR14860940/SRR14860940_1.fastq.gz	3e91cf67f1097361e47d9c9952ff9428	3307596956
PRJNA739051	SAMN19770454	SRX11178673	SRR14860940	RNA-seq	RNA-Seq	PAIRED	PAIRED	PAIRED	R2	2	SRR14860940_2.fastq.gz	ftp.sra.ebi.ac.uk/vol1/fastq/SRR148/040/SRR14860940/SRR14860940_2.fastq.gz	590d1c1f8c9a572e44a6b24ec059fea7	3663731849
PRJNA746067	SAMN20179674	SRX11420375	SRR15111552	RNA-seq	RNA-Seq	PAIRED	PAIRED	PAIRED	R1	1	SRR15111552_1.fastq.gz	ftp.sra.ebi.ac.uk/vol1/fastq/SRR151/052/SRR15111552/SRR15111552_1.fastq.gz	2e905e0b4839df70f5849e9109184e47	869651108
PRJNA746067	SAMN20179674	SRX11420375	SRR15111552	RNA-seq	RNA-Seq	PAIRED	PAIRED	PAIRED	R2	2	SRR15111552_2.fastq.gz	ftp.sra.ebi.ac.uk/vol1/fastq/SRR151/052/SRR15111552/SRR15111552_2.fastq.gz	e5f611a279a6f73652d097571273f982	886362150
PRJNA746067	SAMN20179684	SRX11420373	SRR15111554	RNA-seq	RNA-Seq	PAIRED	PAIRED	PAIRED	R1	1	SRR15111554_1.fastq.gz	ftp.sra.ebi.ac.uk/vol1/fastq/SRR151/054/SRR15111554/SRR15111554_1.fastq.gz	c094618da5a8c510951f5749aaa1289d	1773599221
PRJNA746067	SAMN20179684	SRX11420373	SRR15111554	RNA-seq	RNA-Seq	PAIRED	PAIRED	PAIRED	R2	2	SRR15111554_2.fastq.gz	ftp.sra.ebi.ac.uk/vol1/fastq/SRR151/054/SRR15111554/SRR15111554_2.fastq.gz	9070310b070ca017c129de701947d399	1815355397
PRJNA746067	SAMN20179683	SRX11420372	SRR15111555	RNA-seq	RNA-Seq	PAIRED	PAIRED	PAIRED	R1	1	SRR15111555_1.fastq.gz	ftp.sra.ebi.ac.uk/vol1/fastq/SRR151/055/SRR15111555/SRR15111555_1.fastq.gz	0bdcf8e9f911a45ebb0743bf15eeb0d7	1512866547
PRJNA746067	SAMN20179683	SRX11420372	SRR15111555	RNA-seq	RNA-Seq	PAIRED	PAIRED	PAIRED	R2	2	SRR15111555_2.fastq.gz	ftp.sra.ebi.ac.uk/vol1/fastq/SRR151/055/SRR15111555/SRR15111555_2.fastq.gz	656847ac4cf46e4a66132c91161fb504	1517296746
PRJNA746067	SAMN20179680	SRX11420369	SRR15111558	RNA-seq	RNA-Seq	PAIRED	PAIRED	PAIRED	R1	1	SRR15111558_1.fastq.gz	ftp.sra.ebi.ac.uk/vol1/fastq/SRR151/058/SRR15111558/SRR15111558_1.fastq.gz	4dae991693378c3481e11f4c9b3326e8	2090722965
PRJNA746067	SAMN20179680	SRX11420369	SRR15111558	RNA-seq	RNA-Seq	PAIRED	PAIRED	PAIRED	R2	2	SRR15111558_2.fastq.gz	ftp.sra.ebi.ac.uk/vol1/fastq/SRR151/058/SRR15111558/SRR15111558_2.fastq.gz	39d4f16bf614dce5d7212ee5d00477b7	2150018100
PRJNA746067	SAMN20179675	SRX11420362	SRR15111565	RNA-seq	RNA-Seq	PAIRED	PAIRED	PAIRED	R1	1	SRR15111565_1.fastq.gz	ftp.sra.ebi.ac.uk/vol1/fastq/SRR151/065/SRR15111565/SRR15111565_1.fastq.gz	9344d02216336081b05641a336596621	835343676
PRJNA746067	SAMN20179675	SRX11420362	SRR15111565	RNA-seq	RNA-Seq	PAIRED	PAIRED	PAIRED	R2	2	SRR15111565_2.fastq.gz	ftp.sra.ebi.ac.uk/vol1/fastq/SRR151/065/SRR15111565/SRR15111565_2.fastq.gz	3c3fd52d7a79960ac63e19d26be20e00	859665969
PRJNA746067	SAMN20179668	SRX11420361	SRR15111566	RNA-seq	RNA-Seq	PAIRED	PAIRED	PAIRED	R1	1	SRR15111566_1.fastq.gz	ftp.sra.ebi.ac.uk/vol1/fastq/SRR151/066/SRR15111566/SRR15111566_1.fastq.gz	c34e22d7ab9fbf9a65f9e01cdd2be0a0	874934787
PRJNA746067	SAMN20179668	SRX11420361	SRR15111566	RNA-seq	RNA-Seq	PAIRED	PAIRED	PAIRED	R2	2	SRR15111566_2.fastq.gz	ftp.sra.ebi.ac.uk/vol1/fastq/SRR151/066/SRR15111566/SRR15111566_2.fastq.gz	092052d93f36efeb9a26158f6f0b716b	896804596
PRJNA746067	SAMN20179666	SRX11420359	SRR15111568	RNA-seq	RNA-Seq	PAIRED	PAIRED	PAIRED	R1	1	SRR15111568_1.fastq.gz	ftp.sra.ebi.ac.uk/vol1/fastq/SRR151/068/SRR15111568/SRR15111568_1.fastq.gz	b5db6339da33896ef9708d2a167c2a46	1011830782
PRJNA746067	SAMN20179666	SRX11420359	SRR15111568	RNA-seq	RNA-Seq	PAIRED	PAIRED	PAIRED	R2	2	SRR15111568_2.fastq.gz	ftp.sra.ebi.ac.uk/vol1/fastq/SRR151/068/SRR15111568/SRR15111568_2.fastq.gz	176266aa0467afa26b726aa3262e6efb	1032555058
PRJNA749145	SAMN20355394	SRX11527351	SRR15221365	RNA-seq	RNA-Seq	PAIRED	PAIRED	PAIRED	R1	1	SRR15221365_1.fastq.gz	ftp.sra.ebi.ac.uk/vol1/fastq/SRR152/065/SRR15221365/SRR15221365_1.fastq.gz	540b1a567b008111838be06838684421	358152675
PRJNA749145	SAMN20355394	SRX11527351	SRR15221365	RNA-seq	RNA-Seq	PAIRED	PAIRED	PAIRED	R2	2	SRR15221365_2.fastq.gz	ftp.sra.ebi.ac.uk/vol1/fastq/SRR152/065/SRR15221365/SRR15221365_2.fastq.gz	e6e63be538ddd0563f09bd9dd42e35ad	362456590
PRJNA749145	SAMN20355394	SRX11527340	SRR15221376	RNA-seq	RNA-Seq	PAIRED	PAIRED	PAIRED	R1	1	SRR15221376_1.fastq.gz	ftp.sra.ebi.ac.uk/vol1/fastq/SRR152/076/SRR15221376/SRR15221376_1.fastq.gz	75eea858c07819aa7c7d97c73ff43808	420736159
PRJNA749145	SAMN20355394	SRX11527340	SRR15221376	RNA-seq	RNA-Seq	PAIRED	PAIRED	PAIRED	R2	2	SRR15221376_2.fastq.gz	ftp.sra.ebi.ac.uk/vol1/fastq/SRR152/076/SRR15221376/SRR15221376_2.fastq.gz	d03e7f2105de5a852f3388ddb692bce1	421800317
PRJNA749145	SAMN20355394	SRX11527336	SRR15221380	RNA-seq	RNA-Seq	PAIRED	PAIRED	PAIRED	R1	1	SRR15221380_1.fastq.gz	ftp.sra.ebi.ac.uk/vol1/fastq/SRR152/080/SRR15221380/SRR15221380_1.fastq.gz	d62dd57df95d896c7d417de77da67f40	415779169
PRJNA749145	SAMN20355394	SRX11527336	SRR15221380	RNA-seq	RNA-Seq	PAIRED	PAIRED	PAIRED	R2	2	SRR15221380_2.fastq.gz	ftp.sra.ebi.ac.uk/vol1/fastq/SRR152/080/SRR15221380/SRR15221380_2.fastq.gz	6d6478d09bb19d0103be7aacb5148da4	418097941
PRJNA749145	SAMN20355394	SRX11527325	SRR15221391	RNA-seq	RNA-Seq	PAIRED	PAIRED	PAIRED	R1	1	SRR15221391_1.fastq.gz	ftp.sra.ebi.ac.uk/vol1/fastq/SRR152/091/SRR15221391/SRR15221391_1.fastq.gz	201c3e42558b42157145d39c366f787a	422773311
PRJNA749145	SAMN20355394	SRX11527325	SRR15221391	RNA-seq	RNA-Seq	PAIRED	PAIRED	PAIRED	R2	2	SRR15221391_2.fastq.gz	ftp.sra.ebi.ac.uk/vol1/fastq/SRR152/091/SRR15221391/SRR15221391_2.fastq.gz	36900920f99031e4cbd074fe4e95ee62	422908327
PRJNA749145	SAMN20355395	SRX11527324	SRR15221392	RNA-seq	RNA-Seq	PAIRED	PAIRED	PAIRED	R1	1	SRR15221392_1.fastq.gz	ftp.sra.ebi.ac.uk/vol1/fastq/SRR152/092/SRR15221392/SRR15221392_1.fastq.gz	5f272590632ea8a36822e337e3b41624	302350979
PRJNA749145	SAMN20355395	SRX11527324	SRR15221392	RNA-seq	RNA-Seq	PAIRED	PAIRED	PAIRED	R2	2	SRR15221392_2.fastq.gz	ftp.sra.ebi.ac.uk/vol1/fastq/SRR152/092/SRR15221392/SRR15221392_2.fastq.gz	4d6921e33d0fd9d91cb43962d446afec	304800384
PRJNA749145	SAMN20355395	SRX11527320	SRR15221396	RNA-seq	RNA-Seq	PAIRED	PAIRED	PAIRED	R1	1	SRR15221396_1.fastq.gz	ftp.sra.ebi.ac.uk/vol1/fastq/SRR152/096/SRR15221396/SRR15221396_1.fastq.gz	98efe27ff7393835f63a79a392df4976	326858643
PRJNA749145	SAMN20355395	SRX11527320	SRR15221396	RNA-seq	RNA-Seq	PAIRED	PAIRED	PAIRED	R2	2	SRR15221396_2.fastq.gz	ftp.sra.ebi.ac.uk/vol1/fastq/SRR152/096/SRR15221396/SRR15221396_2.fastq.gz	fc11cb6b03f7c298d3f0a267fb99428c	330102257
PRJNA742028	SAMN20893079	SRX11857246	SRR15559105	RNA-seq	RNA-Seq	SINGLE	SINGLE	SINGLE	SINGLE	1	SRR15559105.fastq.gz	ftp.sra.ebi.ac.uk/vol1/fastq/SRR155/005/SRR15559105/SRR15559105.fastq.gz	98fd18465ef56f8e0857ee1b5c372d8b	263248578
PRJNA742028	SAMN20893078	SRX11857245	SRR15559109	RNA-seq	RNA-Seq	SINGLE	SINGLE	SINGLE	SINGLE	1	SRR15559109.fastq.gz	ftp.sra.ebi.ac.uk/vol1/fastq/SRR155/009/SRR15559109/SRR15559109.fastq.gz	7ccf5342077a53070371f371649a5da9	259234181
PRJNA742028	SAMN20893092	SRX11857241	SRR15559110	RNA-seq	RNA-Seq	SINGLE	SINGLE	SINGLE	SINGLE	1	SRR15559110.fastq.gz	ftp.sra.ebi.ac.uk/vol1/fastq/SRR155/010/SRR15559110/SRR15559110.fastq.gz	1a11b9af9b5e6b4b415a9033e63881f7	365552418
PRJNA742028	SAMN20893090	SRX11857239	SRR15559112	RNA-seq	RNA-Seq	SINGLE	SINGLE	SINGLE	SINGLE	1	SRR15559112.fastq.gz	ftp.sra.ebi.ac.uk/vol1/fastq/SRR155/012/SRR15559112/SRR15559112.fastq.gz	47605066ec4555f3ff607caa061d6ad5	424687223
PRJNA763926	SAMN21462896	SRX12214007	SRR15923901	RNA-seq	RNA-Seq	PAIRED	PAIRED	PAIRED	R1	1	SRR15923901_1.fastq.gz	ftp.sra.ebi.ac.uk/vol1/fastq/SRR159/001/SRR15923901/SRR15923901_1.fastq.gz	db1377b10cdd6dc6160eb2013e163ef5	1353746661
PRJNA763926	SAMN21462896	SRX12214007	SRR15923901	RNA-seq	RNA-Seq	PAIRED	PAIRED	PAIRED	R2	2	SRR15923901_2.fastq.gz	ftp.sra.ebi.ac.uk/vol1/fastq/SRR159/001/SRR15923901/SRR15923901_2.fastq.gz	84331f4ef83a1f73f5f37dbf4dc3656f	1481076922
PRJNA778050	SAMN22901734	SRX12995937	SRR16796944	RNA-seq	RNA-Seq	SINGLE	SINGLE	SINGLE	SINGLE	1	SRR16796944.fastq.gz	ftp.sra.ebi.ac.uk/vol1/fastq/SRR167/044/SRR16796944/SRR16796944.fastq.gz	72d1a3b068bd7e96fb7c4e9d682a57e6	1146147239
PRJNA778050	SAMN22901733	SRX12995936	SRR16796945	RNA-seq	RNA-Seq	SINGLE	SINGLE	SINGLE	SINGLE	1	SRR16796945.fastq.gz	ftp.sra.ebi.ac.uk/vol1/fastq/SRR167/045/SRR16796945/SRR16796945.fastq.gz	71d88eee2ce08a6ed4804d9c088e56c0	1583076739
PRJNA778050	SAMN22901732	SRX12995935	SRR16796946	RNA-seq	RNA-Seq	SINGLE	SINGLE	SINGLE	SINGLE	1	SRR16796946.fastq.gz	ftp.sra.ebi.ac.uk/vol1/fastq/SRR167/046/SRR16796946/SRR16796946.fastq.gz	5ddd3eebc945b8f5bc3fe7fe908620fe	965170432
PRJNA766998	SAMN23296634	SRX13171161	SRR16980324	RNA-seq	RNA-Seq	PAIRED	PAIRED	PAIRED	R1	1	SRR16980324_1.fastq.gz	ftp.sra.ebi.ac.uk/vol1/fastq/SRR169/024/SRR16980324/SRR16980324_1.fastq.gz	86b51af30888a1b1bea75d518ee88920	2346175537
PRJNA766998	SAMN23296634	SRX13171161	SRR16980324	RNA-seq	RNA-Seq	PAIRED	PAIRED	PAIRED	R2	2	SRR16980324_2.fastq.gz	ftp.sra.ebi.ac.uk/vol1/fastq/SRR169/024/SRR16980324/SRR16980324_2.fastq.gz	a6f5988fa3da49ee1107dc370f1fea5f	2360303705
PRJNA766998	SAMN23296634	SRX13171160	SRR16980325	RNA-seq	RNA-Seq	PAIRED	PAIRED	PAIRED	R1	1	SRR16980325_1.fastq.gz	ftp.sra.ebi.ac.uk/vol1/fastq/SRR169/025/SRR16980325/SRR16980325_1.fastq.gz	3d1e7b849cb3dd817265a0964af067f0	2475834972
PRJNA766998	SAMN23296634	SRX13171160	SRR16980325	RNA-seq	RNA-Seq	PAIRED	PAIRED	PAIRED	R2	2	SRR16980325_2.fastq.gz	ftp.sra.ebi.ac.uk/vol1/fastq/SRR169/025/SRR16980325/SRR16980325_2.fastq.gz	b1f9828e0187f9e520c49951df7c8fca	2487252609
PRJNA766998	SAMN23296634	SRX13171151	SRR16980334	RNA-seq	RNA-Seq	PAIRED	PAIRED	PAIRED	R1	1	SRR16980334_1.fastq.gz	ftp.sra.ebi.ac.uk/vol1/fastq/SRR169/034/SRR16980334/SRR16980334_1.fastq.gz	c345b7494d914cb660f9451adf4b2a24	3636840429
PRJNA766998	SAMN23296634	SRX13171151	SRR16980334	RNA-seq	RNA-Seq	PAIRED	PAIRED	PAIRED	R2	2	SRR16980334_2.fastq.gz	ftp.sra.ebi.ac.uk/vol1/fastq/SRR169/034/SRR16980334/SRR16980334_2.fastq.gz	5d37f60e62355c6b70a8a00b248a7430	3658794422
PRJNA766998	SAMN23296634	SRX13171149	SRR16980336	RNA-seq	RNA-Seq	PAIRED	PAIRED	PAIRED	R1	1	SRR16980336_1.fastq.gz	ftp.sra.ebi.ac.uk/vol1/fastq/SRR169/036/SRR16980336/SRR16980336_1.fastq.gz	b597e7454688fe503f798de04a145596	2925921485
PRJNA766998	SAMN23296634	SRX13171149	SRR16980336	RNA-seq	RNA-Seq	PAIRED	PAIRED	PAIRED	R2	2	SRR16980336_2.fastq.gz	ftp.sra.ebi.ac.uk/vol1/fastq/SRR169/036/SRR16980336/SRR16980336_2.fastq.gz	24ca86881f9c13fb1d460f1f51bf1214	2936671464
PRJNA766998	SAMN23296634	SRX13171148	SRR16980337	RNA-seq	RNA-Seq	PAIRED	PAIRED	PAIRED	R1	1	SRR16980337_1.fastq.gz	ftp.sra.ebi.ac.uk/vol1/fastq/SRR169/037/SRR16980337/SRR16980337_1.fastq.gz	aa926240eaa1e8bcb51d25d1aaaf1f7f	2196089530
PRJNA766998	SAMN23296634	SRX13171148	SRR16980337	RNA-seq	RNA-Seq	PAIRED	PAIRED	PAIRED	R2	2	SRR16980337_2.fastq.gz	ftp.sra.ebi.ac.uk/vol1/fastq/SRR169/037/SRR16980337/SRR16980337_2.fastq.gz	edbfe34e4b7e5ca2d7611225ed572ffa	2204355313
PRJNA766998	SAMN23296634	SRX13171141	SRR16980344	RNA-seq	RNA-Seq	PAIRED	PAIRED	PAIRED	R1	1	SRR16980344_1.fastq.gz	ftp.sra.ebi.ac.uk/vol1/fastq/SRR169/044/SRR16980344/SRR16980344_1.fastq.gz	b802956ba15f84e79e403c1ce949a279	1672459853
PRJNA766998	SAMN23296634	SRX13171141	SRR16980344	RNA-seq	RNA-Seq	PAIRED	PAIRED	PAIRED	R2	2	SRR16980344_2.fastq.gz	ftp.sra.ebi.ac.uk/vol1/fastq/SRR169/044/SRR16980344/SRR16980344_2.fastq.gz	bbec2e15416e059fe9f5439c94aa695e	1679018183
PRJNA766998	SAMN23296634	SRX13171139	SRR16980346	RNA-seq	RNA-Seq	PAIRED	PAIRED	PAIRED	R1	1	SRR16980346_1.fastq.gz	ftp.sra.ebi.ac.uk/vol1/fastq/SRR169/046/SRR16980346/SRR16980346_1.fastq.gz	b7b20791c788b492e5f0710e8c012dab	2266503323
PRJNA766998	SAMN23296634	SRX13171139	SRR16980346	RNA-seq	RNA-Seq	PAIRED	PAIRED	PAIRED	R2	2	SRR16980346_2.fastq.gz	ftp.sra.ebi.ac.uk/vol1/fastq/SRR169/046/SRR16980346/SRR16980346_2.fastq.gz	3144071ffe4ad2e010332973d8e6dc79	2278828786
PRJNA766998	SAMN23296634	SRX13171130	SRR16980355	RNA-seq	RNA-Seq	PAIRED	PAIRED	PAIRED_PLUS_UNPAIRED	UNPAIRED	1	SRR16980355.fastq.gz	ftp.sra.ebi.ac.uk/vol1/fastq/SRR169/055/SRR16980355/SRR16980355.fastq.gz	9e0aa2b4fb24f7dc2e26c81e6b23eee6	1850142514
PRJNA766998	SAMN23296634	SRX13171130	SRR16980355	RNA-seq	RNA-Seq	PAIRED	PAIRED	PAIRED_PLUS_UNPAIRED	R1	2	SRR16980355_1.fastq.gz	ftp.sra.ebi.ac.uk/vol1/fastq/SRR169/055/SRR16980355/SRR16980355_1.fastq.gz	7a9e6fb19df5ef4103a01cfb5d08aede	1149780107
PRJNA766998	SAMN23296634	SRX13171130	SRR16980355	RNA-seq	RNA-Seq	PAIRED	PAIRED	PAIRED_PLUS_UNPAIRED	R2	3	SRR16980355_2.fastq.gz	ftp.sra.ebi.ac.uk/vol1/fastq/SRR169/055/SRR16980355/SRR16980355_2.fastq.gz	d2c3977548d46ca350877ad8709f4f60	1152688473
PRJNA766998	SAMN23296634	SRX13171127	SRR16980358	RNA-seq	RNA-Seq	PAIRED	PAIRED	PAIRED	R1	1	SRR16980358_1.fastq.gz	ftp.sra.ebi.ac.uk/vol1/fastq/SRR169/058/SRR16980358/SRR16980358_1.fastq.gz	c42648fe022a55581ed819eb72c1a0df	2274058744
PRJNA766998	SAMN23296634	SRX13171127	SRR16980358	RNA-seq	RNA-Seq	PAIRED	PAIRED	PAIRED	R2	2	SRR16980358_2.fastq.gz	ftp.sra.ebi.ac.uk/vol1/fastq/SRR169/058/SRR16980358/SRR16980358_2.fastq.gz	272be43754cc75be9d32cde6a96658e1	2281354121
PRJNA766998	SAMN23296634	SRX13171120	SRR16980365	RNA-seq	RNA-Seq	PAIRED	PAIRED	PAIRED	R1	1	SRR16980365_1.fastq.gz	ftp.sra.ebi.ac.uk/vol1/fastq/SRR169/065/SRR16980365/SRR16980365_1.fastq.gz	39644c6c0e5f9856c3b1220cf739c66c	1622510012
PRJNA766998	SAMN23296634	SRX13171120	SRR16980365	RNA-seq	RNA-Seq	PAIRED	PAIRED	PAIRED	R2	2	SRR16980365_2.fastq.gz	ftp.sra.ebi.ac.uk/vol1/fastq/SRR169/065/SRR16980365/SRR16980365_2.fastq.gz	15c1dd54c7793ded7956eebe56d47e53	1627584336
PRJNA766998	SAMN23296634	SRX13171119	SRR16980366	RNA-seq	RNA-Seq	PAIRED	PAIRED	PAIRED	R1	1	SRR16980366_1.fastq.gz	ftp.sra.ebi.ac.uk/vol1/fastq/SRR169/066/SRR16980366/SRR16980366_1.fastq.gz	fa91f899fdc2867a0b1e8c50581ef461	2470276422
PRJNA766998	SAMN23296634	SRX13171119	SRR16980366	RNA-seq	RNA-Seq	PAIRED	PAIRED	PAIRED	R2	2	SRR16980366_2.fastq.gz	ftp.sra.ebi.ac.uk/vol1/fastq/SRR169/066/SRR16980366/SRR16980366_2.fastq.gz	7d35ca9e6bf759e06bf1cdce045c106c	2479594293
PRJNA766998	SAMN23296634	SRX13171117	SRR16980368	RNA-seq	RNA-Seq	PAIRED	PAIRED	PAIRED	R1	1	SRR16980368_1.fastq.gz	ftp.sra.ebi.ac.uk/vol1/fastq/SRR169/068/SRR16980368/SRR16980368_1.fastq.gz	ef841dc8b6912a8c56642401ccc07519	2800058085
PRJNA766998	SAMN23296634	SRX13171117	SRR16980368	RNA-seq	RNA-Seq	PAIRED	PAIRED	PAIRED	R2	2	SRR16980368_2.fastq.gz	ftp.sra.ebi.ac.uk/vol1/fastq/SRR169/068/SRR16980368/SRR16980368_2.fastq.gz	6160acefd6c86a3a9516bd597e507123	2810547839
PRJNA766998	SAMN23296634	SRX13171111	SRR16980374	RNA-seq	RNA-Seq	PAIRED	PAIRED	PAIRED	R1	1	SRR16980374_1.fastq.gz	ftp.sra.ebi.ac.uk/vol1/fastq/SRR169/074/SRR16980374/SRR16980374_1.fastq.gz	25295ec5b58cbdb6af1c9969f0054973	1690669890
PRJNA766998	SAMN23296634	SRX13171111	SRR16980374	RNA-seq	RNA-Seq	PAIRED	PAIRED	PAIRED	R2	2	SRR16980374_2.fastq.gz	ftp.sra.ebi.ac.uk/vol1/fastq/SRR169/074/SRR16980374/SRR16980374_2.fastq.gz	0cd7953d3344061d2194129620ed8501	1697168011
PRJNA785251	SAMN23551696	SRX13273392	SRR17085235	RNA-seq	RNA-Seq	SINGLE	SINGLE	SINGLE	SINGLE	1	SRR17085235.fastq.gz	ftp.sra.ebi.ac.uk/vol1/fastq/SRR170/035/SRR17085235/SRR17085235.fastq.gz	3d9685dfc0365982b24a1f92f77b67de	140521355
PRJNA785251	SAMN23551697	SRX13273391	SRR17085243	RNA-seq	RNA-Seq	SINGLE	SINGLE	SINGLE	SINGLE	1	SRR17085243.fastq.gz	ftp.sra.ebi.ac.uk/vol1/fastq/SRR170/043/SRR17085243/SRR17085243.fastq.gz	95af042a425374255afcfed110133255	138573647
PRJNA785251	SAMN23551697	SRX13273391	SRR17085244	RNA-seq	RNA-Seq	SINGLE	SINGLE	SINGLE	SINGLE	1	SRR17085244.fastq.gz	ftp.sra.ebi.ac.uk/vol1/fastq/SRR170/044/SRR17085244/SRR17085244.fastq.gz	6df38735f12b45d04c91aebfcdbf808b	139476800
PRJNA785251	SAMN23551699	SRX13273389	SRR17085251	RNA-seq	RNA-Seq	SINGLE	SINGLE	SINGLE	SINGLE	1	SRR17085251.fastq.gz	ftp.sra.ebi.ac.uk/vol1/fastq/SRR170/051/SRR17085251/SRR17085251.fastq.gz	c283ed085987effb84686ab1916badfd	138323682
PRJNA785251	SAMN23551699	SRX13273389	SRR17085252	RNA-seq	RNA-Seq	SINGLE	SINGLE	SINGLE	SINGLE	1	SRR17085252.fastq.gz	ftp.sra.ebi.ac.uk/vol1/fastq/SRR170/052/SRR17085252/SRR17085252.fastq.gz	b7945637d81aa5be45c0f90b60aa30b7	26413347
PRJNA785251	SAMN23551700	SRX13273388	SRR17085256	RNA-seq	RNA-Seq	SINGLE	SINGLE	SINGLE	SINGLE	1	SRR17085256.fastq.gz	ftp.sra.ebi.ac.uk/vol1/fastq/SRR170/056/SRR17085256/SRR17085256.fastq.gz	6adc3688d421f25b4ff3122149bd8694	138148241
PRJNA785251	SAMN23551700	SRX13273388	SRR17085261	RNA-seq	RNA-Seq	SINGLE	SINGLE	SINGLE	SINGLE	1	SRR17085261.fastq.gz	ftp.sra.ebi.ac.uk/vol1/fastq/SRR170/061/SRR17085261/SRR17085261.fastq.gz	436623873d4da802eba7a3f6e37d9bae	40649539
PRJNA785251	SAMN23551701	SRX13273387	SRR17085264	RNA-seq	RNA-Seq	SINGLE	SINGLE	SINGLE	SINGLE	1	SRR17085264.fastq.gz	ftp.sra.ebi.ac.uk/vol1/fastq/SRR170/064/SRR17085264/SRR17085264.fastq.gz	03347a0848780767490bbce5f6e2891f	139968163
PRJNA785251	SAMN23551703	SRX13273385	SRR17085272	RNA-seq	RNA-Seq	SINGLE	SINGLE	SINGLE	SINGLE	1	SRR17085272.fastq.gz	ftp.sra.ebi.ac.uk/vol1/fastq/SRR170/072/SRR17085272/SRR17085272.fastq.gz	8ec8f83d99c747ffa6de2d19ac970e20	138010199
PRJNA785251	SAMN23551704	SRX13273384	SRR17085278	RNA-seq	RNA-Seq	SINGLE	SINGLE	SINGLE	SINGLE	1	SRR17085278.fastq.gz	ftp.sra.ebi.ac.uk/vol1/fastq/SRR170/078/SRR17085278/SRR17085278.fastq.gz	f9613e8635903f060754accf7295f0b6	136857511
PRJNA785251	SAMN23551704	SRX13273384	SRR17085282	RNA-seq	RNA-Seq	SINGLE	SINGLE	SINGLE	SINGLE	1	SRR17085282.fastq.gz	ftp.sra.ebi.ac.uk/vol1/fastq/SRR170/082/SRR17085282/SRR17085282.fastq.gz	d1671e197cdd38c7c3a81364889fe343	139959019
PRJNA785251	SAMN23551705	SRX13273383	SRR17085286	RNA-seq	RNA-Seq	SINGLE	SINGLE	SINGLE	SINGLE	1	SRR17085286.fastq.gz	ftp.sra.ebi.ac.uk/vol1/fastq/SRR170/086/SRR17085286/SRR17085286.fastq.gz	f568941b266f0f990f41b6125ee20e1c	77322815
PRJNA785251	SAMN23551705	SRX13273383	SRR17085288	RNA-seq	RNA-Seq	SINGLE	SINGLE	SINGLE	SINGLE	1	SRR17085288.fastq.gz	ftp.sra.ebi.ac.uk/vol1/fastq/SRR170/088/SRR17085288/SRR17085288.fastq.gz	acda70927fa2f5e6c66fe463b7a24cdd	140886771
PRJNA785251	SAMN23551705	SRX13273383	SRR17085289	RNA-seq	RNA-Seq	SINGLE	SINGLE	SINGLE	SINGLE	1	SRR17085289.fastq.gz	ftp.sra.ebi.ac.uk/vol1/fastq/SRR170/089/SRR17085289/SRR17085289.fastq.gz	e4ab950ae033f6677cb9e5f1eae5cb97	77482504
PRJNA785251	SAMN23551706	SRX13273382	SRR17085292	RNA-seq	RNA-Seq	SINGLE	SINGLE	SINGLE	SINGLE	1	SRR17085292.fastq.gz	ftp.sra.ebi.ac.uk/vol1/fastq/SRR170/092/SRR17085292/SRR17085292.fastq.gz	8e5d560576ca0c7d88c52b7110ebd583	41239375
PRJNA785251	SAMN23551707	SRX13273381	SRR17085298	RNA-seq	RNA-Seq	SINGLE	SINGLE	SINGLE	SINGLE	1	SRR17085298.fastq.gz	ftp.sra.ebi.ac.uk/vol1/fastq/SRR170/098/SRR17085298/SRR17085298.fastq.gz	f246e0b97f86d0a1a339b99a69f277f5	63082818
PRJNA785251	SAMN23551708	SRX13273380	SRR17085306	RNA-seq	RNA-Seq	SINGLE	SINGLE	SINGLE	SINGLE	1	SRR17085306.fastq.gz	ftp.sra.ebi.ac.uk/vol1/fastq/SRR170/006/SRR17085306/SRR17085306.fastq.gz	fd26f1e75870e85c1fbb3aa578d2d489	139531442
PRJNA785251	SAMN23551690	SRX13273379	SRR17085308	RNA-seq	RNA-Seq	SINGLE	SINGLE	SINGLE	SINGLE	1	SRR17085308.fastq.gz	ftp.sra.ebi.ac.uk/vol1/fastq/SRR170/008/SRR17085308/SRR17085308.fastq.gz	642bc75c19364d9f128a06526d3906fc	138771897
PRJNA785251	SAMN23551690	SRX13273379	SRR17085309	RNA-seq	RNA-Seq	SINGLE	SINGLE	SINGLE	SINGLE	1	SRR17085309.fastq.gz	ftp.sra.ebi.ac.uk/vol1/fastq/SRR170/009/SRR17085309/SRR17085309.fastq.gz	d9a5bc01e313e0f9b6c4636b13bca365	138499609
PRJNA785251	SAMN23551691	SRX13273378	SRR17085314	RNA-seq	RNA-Seq	SINGLE	SINGLE	SINGLE	SINGLE	1	SRR17085314.fastq.gz	ftp.sra.ebi.ac.uk/vol1/fastq/SRR170/014/SRR17085314/SRR17085314.fastq.gz	94ce1dcff2ab21822562b1c6f3d072f7	139054489
PRJNA785251	SAMN23551691	SRX13273378	SRR17085317	RNA-seq	RNA-Seq	SINGLE	SINGLE	SINGLE	SINGLE	1	SRR17085317.fastq.gz	ftp.sra.ebi.ac.uk/vol1/fastq/SRR170/017/SRR17085317/SRR17085317.fastq.gz	20b103fc3e1a296ca75deba18d2c3a00	139338039
PRJNA785251	SAMN23551692	SRX13273377	SRR17085323	RNA-seq	RNA-Seq	SINGLE	SINGLE	SINGLE	SINGLE	1	SRR17085323.fastq.gz	ftp.sra.ebi.ac.uk/vol1/fastq/SRR170/023/SRR17085323/SRR17085323.fastq.gz	aa98f0b29938930a1f176fd78c34586b	139174238
PRJNA785251	SAMN23551692	SRX13273377	SRR17085324	RNA-seq	RNA-Seq	SINGLE	SINGLE	SINGLE	SINGLE	1	SRR17085324.fastq.gz	ftp.sra.ebi.ac.uk/vol1/fastq/SRR170/024/SRR17085324/SRR17085324.fastq.gz	6094691645dbb8475fb71dd53ccdee82	139375683
PRJNA785251	SAMN23551693	SRX13273376	SRR17085327	RNA-seq	RNA-Seq	SINGLE	SINGLE	SINGLE	SINGLE	1	SRR17085327.fastq.gz	ftp.sra.ebi.ac.uk/vol1/fastq/SRR170/027/SRR17085327/SRR17085327.fastq.gz	6ee49793154b317be4d6c22b6b96be2b	139930602
PRJNA785251	SAMN23551694	SRX13273375	SRR17085335	RNA-seq	RNA-Seq	SINGLE	SINGLE	SINGLE	SINGLE	1	SRR17085335.fastq.gz	ftp.sra.ebi.ac.uk/vol1/fastq/SRR170/035/SRR17085335/SRR17085335.fastq.gz	be5c72856ba142c1e452758533bf3622	138756033
PRJNA785251	SAMN23551695	SRX13273374	SRR17085342	RNA-seq	RNA-Seq	SINGLE	SINGLE	SINGLE	SINGLE	1	SRR17085342.fastq.gz	ftp.sra.ebi.ac.uk/vol1/fastq/SRR170/042/SRR17085342/SRR17085342.fastq.gz	d93dbb0548e920f63bf972fd560eaab6	140605358
PRJNA810994	SAMN26308034	SRX14311059	SRR18163660	RNA-seq	RNA-Seq	SINGLE	SINGLE	SINGLE	SINGLE	1	SRR18163660.fastq.gz	ftp.sra.ebi.ac.uk/vol1/fastq/SRR181/060/SRR18163660/SRR18163660.fastq.gz	eb5f89b9437cfb633e78718f7f7fdd0b	3997207968
PRJNA810994	SAMN26308038	SRX14311055	SRR18163664	RNA-seq	RNA-Seq	SINGLE	SINGLE	SINGLE	SINGLE	1	SRR18163664.fastq.gz	ftp.sra.ebi.ac.uk/vol1/fastq/SRR181/064/SRR18163664/SRR18163664.fastq.gz	467f69393cec3b3c9b7dd5371eca421b	3646152765
PRJNA810994	SAMN26308042	SRX14311051	SRR18163668	RNA-seq	RNA-Seq	SINGLE	SINGLE	SINGLE	SINGLE	1	SRR18163668.fastq.gz	ftp.sra.ebi.ac.uk/vol1/fastq/SRR181/068/SRR18163668/SRR18163668.fastq.gz	1f1bbf8df209e3135b58b8a9ef8ce873	3648134339
PRJNA820638	SAMN27019288	SRX14633671	SRR18502225	RNA-seq	RNA-Seq	PAIRED	PAIRED	PAIRED	R1	1	SRR18502225_1.fastq.gz	ftp.sra.ebi.ac.uk/vol1/fastq/SRR185/025/SRR18502225/SRR18502225_1.fastq.gz	be08bca328ebcd819d1d54d5dd17e23f	2040890862
PRJNA820638	SAMN27019288	SRX14633671	SRR18502225	RNA-seq	RNA-Seq	PAIRED	PAIRED	PAIRED	R2	2	SRR18502225_2.fastq.gz	ftp.sra.ebi.ac.uk/vol1/fastq/SRR185/025/SRR18502225/SRR18502225_2.fastq.gz	f13680c6216d10e5f5f8cf3c2d588bd3	2095434718
PRJNA820638	SAMN27019292	SRX14633667	SRR18502229	RNA-seq	RNA-Seq	PAIRED	PAIRED	PAIRED	R1	1	SRR18502229_1.fastq.gz	ftp.sra.ebi.ac.uk/vol1/fastq/SRR185/029/SRR18502229/SRR18502229_1.fastq.gz	7ac75e25c5c79025068e36b4b72aeb15	1813380431
PRJNA820638	SAMN27019292	SRX14633667	SRR18502229	RNA-seq	RNA-Seq	PAIRED	PAIRED	PAIRED	R2	2	SRR18502229_2.fastq.gz	ftp.sra.ebi.ac.uk/vol1/fastq/SRR185/029/SRR18502229/SRR18502229_2.fastq.gz	3e9ce06858152112ff248792ec8adfa4	1868848522
PRJNA820638	SAMN27019294	SRX14633665	SRR18502231	RNA-seq	RNA-Seq	PAIRED	PAIRED	PAIRED	R1	1	SRR18502231_1.fastq.gz	ftp.sra.ebi.ac.uk/vol1/fastq/SRR185/031/SRR18502231/SRR18502231_1.fastq.gz	709b3e0fb0769c41f67da953d2b4514d	1934890927
PRJNA820638	SAMN27019294	SRX14633665	SRR18502231	RNA-seq	RNA-Seq	PAIRED	PAIRED	PAIRED	R2	2	SRR18502231_2.fastq.gz	ftp.sra.ebi.ac.uk/vol1/fastq/SRR185/031/SRR18502231/SRR18502231_2.fastq.gz	9688652cdbe9d9b2882e4ed01d0c6405	1985402283
PRJNA820638	SAMN27019301	SRX14633658	SRR18502238	RNA-seq	RNA-Seq	PAIRED	PAIRED	PAIRED	R1	1	SRR18502238_1.fastq.gz	ftp.sra.ebi.ac.uk/vol1/fastq/SRR185/038/SRR18502238/SRR18502238_1.fastq.gz	1e4d2d3dc44e6d69486da36443a948e9	1956586100
PRJNA820638	SAMN27019301	SRX14633658	SRR18502238	RNA-seq	RNA-Seq	PAIRED	PAIRED	PAIRED	R2	2	SRR18502238_2.fastq.gz	ftp.sra.ebi.ac.uk/vol1/fastq/SRR185/038/SRR18502238/SRR18502238_2.fastq.gz	e2735c83682e0bd4f63ed9b36e069f2c	2001017486
PRJNA896947	SAMN31573491	SRX18122735	SRR22143444	RNA-seq	RNA-Seq	PAIRED	PAIRED	PAIRED	R1	1	SRR22143444_1.fastq.gz	ftp.sra.ebi.ac.uk/vol1/fastq/SRR221/044/SRR22143444/SRR22143444_1.fastq.gz	9b20c2dd3cde986f83953d6b4958beba	1561751062
PRJNA896947	SAMN31573491	SRX18122735	SRR22143444	RNA-seq	RNA-Seq	PAIRED	PAIRED	PAIRED	R2	2	SRR22143444_2.fastq.gz	ftp.sra.ebi.ac.uk/vol1/fastq/SRR221/044/SRR22143444/SRR22143444_2.fastq.gz	d7825dbaf5cac450247c3230153f618d	1617403391
PRJNA899862	SAMN31670979	SRX18223561	SRR22246870	RNA-seq	RNA-Seq	PAIRED	PAIRED	PAIRED	R1	1	SRR22246870_1.fastq.gz	ftp.sra.ebi.ac.uk/vol1/fastq/SRR222/070/SRR22246870/SRR22246870_1.fastq.gz	3a3f07a7764f1279fee01f05fe46939a	1994990713
PRJNA899862	SAMN31670979	SRX18223561	SRR22246870	RNA-seq	RNA-Seq	PAIRED	PAIRED	PAIRED	R2	2	SRR22246870_2.fastq.gz	ftp.sra.ebi.ac.uk/vol1/fastq/SRR222/070/SRR22246870/SRR22246870_2.fastq.gz	fde1e62c5a0e803c66c92d806c6c04ff	2008535992
PRJNA899862	SAMN31670986	SRX18223554	SRR22246877	RNA-seq	RNA-Seq	PAIRED	PAIRED	PAIRED	R1	1	SRR22246877_1.fastq.gz	ftp.sra.ebi.ac.uk/vol1/fastq/SRR222/077/SRR22246877/SRR22246877_1.fastq.gz	18c8432e84ba2be4a022be10348d3a83	2117593067
PRJNA899862	SAMN31670986	SRX18223554	SRR22246877	RNA-seq	RNA-Seq	PAIRED	PAIRED	PAIRED	R2	2	SRR22246877_2.fastq.gz	ftp.sra.ebi.ac.uk/vol1/fastq/SRR222/077/SRR22246877/SRR22246877_2.fastq.gz	6165517af170a4faff2c07833e602a09	2215860035
PRJNA899862	SAMN31670991	SRX18223549	SRR22246882	RNA-seq	RNA-Seq	PAIRED	PAIRED	PAIRED	R1	1	SRR22246882_1.fastq.gz	ftp.sra.ebi.ac.uk/vol1/fastq/SRR222/082/SRR22246882/SRR22246882_1.fastq.gz	bb8cab7ab2f5c417f3969de6cb4127e4	1899065066
PRJNA899862	SAMN31670991	SRX18223549	SRR22246882	RNA-seq	RNA-Seq	PAIRED	PAIRED	PAIRED	R2	2	SRR22246882_2.fastq.gz	ftp.sra.ebi.ac.uk/vol1/fastq/SRR222/082/SRR22246882/SRR22246882_2.fastq.gz	d468abc20ec5582b1190b2648d522c3c	1899301731
PRJNA899862	SAMN31670995	SRX18223545	SRR22246886	RNA-seq	RNA-Seq	PAIRED	PAIRED	PAIRED	R1	1	SRR22246886_1.fastq.gz	ftp.sra.ebi.ac.uk/vol1/fastq/SRR222/086/SRR22246886/SRR22246886_1.fastq.gz	23abb8c33b2c98d6611b9846ecfb9134	2065978552
PRJNA899862	SAMN31670995	SRX18223545	SRR22246886	RNA-seq	RNA-Seq	PAIRED	PAIRED	PAIRED	R2	2	SRR22246886_2.fastq.gz	ftp.sra.ebi.ac.uk/vol1/fastq/SRR222/086/SRR22246886/SRR22246886_2.fastq.gz	c23b14fe1663e46a567d78c5a044d12b	2124396209
PRJNA899862	SAMN31671001	SRX18223539	SRR22246892	RNA-seq	RNA-Seq	PAIRED	PAIRED	PAIRED	R1	1	SRR22246892_1.fastq.gz	ftp.sra.ebi.ac.uk/vol1/fastq/SRR222/092/SRR22246892/SRR22246892_1.fastq.gz	9cad2daf70d7f3a512584e5eea841573	1235068456
PRJNA899862	SAMN31671001	SRX18223539	SRR22246892	RNA-seq	RNA-Seq	PAIRED	PAIRED	PAIRED	R2	2	SRR22246892_2.fastq.gz	ftp.sra.ebi.ac.uk/vol1/fastq/SRR222/092/SRR22246892/SRR22246892_2.fastq.gz	819f6b0488045159b7b1329c83805574	1235129617
PRJNA899862	SAMN31671004	SRX18223533	SRR22246898	RNA-seq	RNA-Seq	PAIRED	PAIRED	PAIRED	R1	1	SRR22246898_1.fastq.gz	ftp.sra.ebi.ac.uk/vol1/fastq/SRR222/098/SRR22246898/SRR22246898_1.fastq.gz	862f3f0a418c008f82449821a102b7b2	1208473074
PRJNA899862	SAMN31671004	SRX18223533	SRR22246898	RNA-seq	RNA-Seq	PAIRED	PAIRED	PAIRED	R2	2	SRR22246898_2.fastq.gz	ftp.sra.ebi.ac.uk/vol1/fastq/SRR222/098/SRR22246898/SRR22246898_2.fastq.gz	c122bbc070214e83ddb50e90480f2e50	1208423549
PRJNA899862	SAMN31671008	SRX18223529	SRR22246902	RNA-seq	RNA-Seq	PAIRED	PAIRED	PAIRED	R1	1	SRR22246902_1.fastq.gz	ftp.sra.ebi.ac.uk/vol1/fastq/SRR222/002/SRR22246902/SRR22246902_1.fastq.gz	3e7912a1ca0bd36d6c57f7b1e5820253	1312160290
PRJNA899862	SAMN31671008	SRX18223529	SRR22246902	RNA-seq	RNA-Seq	PAIRED	PAIRED	PAIRED	R2	2	SRR22246902_2.fastq.gz	ftp.sra.ebi.ac.uk/vol1/fastq/SRR222/002/SRR22246902/SRR22246902_2.fastq.gz	249202399499fa4481e8a87815909746	1311969557
PRJNA899862	SAMN31671010	SRX18223527	SRR22246904	RNA-seq	RNA-Seq	PAIRED	PAIRED	PAIRED	R1	1	SRR22246904_1.fastq.gz	ftp.sra.ebi.ac.uk/vol1/fastq/SRR222/004/SRR22246904/SRR22246904_1.fastq.gz	374f8afea40804decfc797de3be0ef7b	1980128978
PRJNA899862	SAMN31671010	SRX18223527	SRR22246904	RNA-seq	RNA-Seq	PAIRED	PAIRED	PAIRED	R2	2	SRR22246904_2.fastq.gz	ftp.sra.ebi.ac.uk/vol1/fastq/SRR222/004/SRR22246904/SRR22246904_2.fastq.gz	275429bf98e3a4c7b1ccbd17de1e082f	2041451216
PRJNA938154	SAMN33426966	SRX19488779	SRR23603795	RNA-seq	RNA-Seq	PAIRED	SINGLE	UNPAIRED_FROM_PAIRED	UNPAIRED	1	SRR23603795.fastq.gz	ftp.sra.ebi.ac.uk/vol1/fastq/SRR236/095/SRR23603795/SRR23603795.fastq.gz	bc369be2c0a7203790adedf4743a752e	721967552
PRJNA938154	SAMN33426993	SRX19488772	SRR23603802	RNA-seq	RNA-Seq	PAIRED	SINGLE	UNPAIRED_FROM_PAIRED	UNPAIRED	1	SRR23603802.fastq.gz	ftp.sra.ebi.ac.uk/vol1/fastq/SRR236/002/SRR23603802/SRR23603802.fastq.gz	61d8d51eb1d7576c87f11ae4e33e022f	723507375
PRJNA938154	SAMN33427005	SRX19488760	SRR23603814	RNA-seq	RNA-Seq	PAIRED	SINGLE	UNPAIRED_FROM_PAIRED	UNPAIRED	1	SRR23603814.fastq.gz	ftp.sra.ebi.ac.uk/vol1/fastq/SRR236/014/SRR23603814/SRR23603814.fastq.gz	16bcaf78b4f2203632004eb65852a137	648816654
PRJNA938154	SAMN33427010	SRX19488755	SRR23603819	RNA-seq	RNA-Seq	PAIRED	SINGLE	UNPAIRED_FROM_PAIRED	UNPAIRED	1	SRR23603819.fastq.gz	ftp.sra.ebi.ac.uk/vol1/fastq/SRR236/019/SRR23603819/SRR23603819.fastq.gz	ed1073e45e359bd4381127878aec9d1d	781451277
PRJNA938154	SAMN33426978	SRX19488747	SRR23603827	RNA-seq	RNA-Seq	PAIRED	SINGLE	UNPAIRED_FROM_PAIRED	UNPAIRED	1	SRR23603827.fastq.gz	ftp.sra.ebi.ac.uk/vol1/fastq/SRR236/027/SRR23603827/SRR23603827.fastq.gz	4cc534b3ad77f3f6e5265448eb67df66	744727813
PRJNA938154	SAMN33427016	SRX19488729	SRR23603845	RNA-seq	RNA-Seq	PAIRED	SINGLE	UNPAIRED_FROM_PAIRED	UNPAIRED	1	SRR23603845.fastq.gz	ftp.sra.ebi.ac.uk/vol1/fastq/SRR236/045/SRR23603845/SRR23603845.fastq.gz	f6b3d9e6e9babae2cc36225aa76d560d	776572283
PRJNA938154	SAMN33427026	SRX19488719	SRR23603855	RNA-seq	RNA-Seq	PAIRED	SINGLE	UNPAIRED_FROM_PAIRED	UNPAIRED	1	SRR23603855.fastq.gz	ftp.sra.ebi.ac.uk/vol1/fastq/SRR236/055/SRR23603855/SRR23603855.fastq.gz	4e9d471a9265cc272e2b1008d50a6d11	728631558
PRJNA938154	SAMN33427029	SRX19488716	SRR23603858	RNA-seq	RNA-Seq	PAIRED	SINGLE	UNPAIRED_FROM_PAIRED	UNPAIRED	1	SRR23603858.fastq.gz	ftp.sra.ebi.ac.uk/vol1/fastq/SRR236/058/SRR23603858/SRR23603858.fastq.gz	936666752111f8697ce926e7b99bd688	717199663
PRJNA938154	SAMN33427032	SRX19488713	SRR23603861	RNA-seq	RNA-Seq	PAIRED	SINGLE	UNPAIRED_FROM_PAIRED	UNPAIRED	1	SRR23603861.fastq.gz	ftp.sra.ebi.ac.uk/vol1/fastq/SRR236/061/SRR23603861/SRR23603861.fastq.gz	93e618b34984c49947179426885df26a	532556452
PRJNA938154	SAMN33427035	SRX19488710	SRR23603864	RNA-seq	RNA-Seq	PAIRED	SINGLE	UNPAIRED_FROM_PAIRED	UNPAIRED	1	SRR23603864.fastq.gz	ftp.sra.ebi.ac.uk/vol1/fastq/SRR236/064/SRR23603864/SRR23603864.fastq.gz	1e0b8a30b1d5db83953f27d5261ed731	433631042
PRJNA938154	SAMN33427039	SRX19488706	SRR23603868	RNA-seq	RNA-Seq	PAIRED	SINGLE	UNPAIRED_FROM_PAIRED	UNPAIRED	1	SRR23603868.fastq.gz	ftp.sra.ebi.ac.uk/vol1/fastq/SRR236/068/SRR23603868/SRR23603868.fastq.gz	5382d3ccbecbce2450a7ca5d59ec5f80	714548765
PRJNA938154	SAMN33427045	SRX19488700	SRR23603874	RNA-seq	RNA-Seq	PAIRED	SINGLE	UNPAIRED_FROM_PAIRED	UNPAIRED	1	SRR23603874.fastq.gz	ftp.sra.ebi.ac.uk/vol1/fastq/SRR236/074/SRR23603874/SRR23603874.fastq.gz	ce2e4b2cb9f45dd8d1cd38c8f55dd753	630367520
PRJNA953054	SAMN34105230	SRX19900049	SRR24099902	RNA-seq	RNA-Seq	PAIRED	PAIRED	PAIRED	R1	1	SRR24099902_1.fastq.gz	ftp.sra.ebi.ac.uk/vol1/fastq/SRR240/002/SRR24099902/SRR24099902_1.fastq.gz	87ca2112cbba995824ac497f2febc6da	2177073722
PRJNA953054	SAMN34105230	SRX19900049	SRR24099902	RNA-seq	RNA-Seq	PAIRED	PAIRED	PAIRED	R2	2	SRR24099902_2.fastq.gz	ftp.sra.ebi.ac.uk/vol1/fastq/SRR240/002/SRR24099902/SRR24099902_2.fastq.gz	e303108c20fe5d886b6db10f2f9fbc95	2166897908
PRJNA953054	SAMN34105234	SRX19900045	SRR24099906	RNA-seq	RNA-Seq	PAIRED	PAIRED	PAIRED	R1	1	SRR24099906_1.fastq.gz	ftp.sra.ebi.ac.uk/vol1/fastq/SRR240/006/SRR24099906/SRR24099906_1.fastq.gz	a100e41f5266a8a6e18f5d9c35592c56	1774489720
PRJNA953054	SAMN34105234	SRX19900045	SRR24099906	RNA-seq	RNA-Seq	PAIRED	PAIRED	PAIRED	R2	2	SRR24099906_2.fastq.gz	ftp.sra.ebi.ac.uk/vol1/fastq/SRR240/006/SRR24099906/SRR24099906_2.fastq.gz	371f0b733cad755ff6591cdac6ce11ab	1772880380
PRJNA974014	SAMN35159450	SRX20431026	SRR24650912	RNA-seq	RNA-Seq	PAIRED	PAIRED	PAIRED	R1	1	SRR24650912_1.fastq.gz	ftp.sra.ebi.ac.uk/vol1/fastq/SRR246/012/SRR24650912/SRR24650912_1.fastq.gz	2183af18e17fb6310ac48855039d7753	1268758589
PRJNA974014	SAMN35159450	SRX20431026	SRR24650912	RNA-seq	RNA-Seq	PAIRED	PAIRED	PAIRED	R2	2	SRR24650912_2.fastq.gz	ftp.sra.ebi.ac.uk/vol1/fastq/SRR246/012/SRR24650912/SRR24650912_2.fastq.gz	b7e3366b5397629011bc3567da593ac2	1343080230
PRJNA974014	SAMN35159451	SRX20431025	SRR24650913	RNA-seq	RNA-Seq	PAIRED	PAIRED	PAIRED	R1	1	SRR24650913_1.fastq.gz	ftp.sra.ebi.ac.uk/vol1/fastq/SRR246/013/SRR24650913/SRR24650913_1.fastq.gz	72c35c1f6f56d2a588e005814a9abbd2	1259598191
PRJNA974014	SAMN35159451	SRX20431025	SRR24650913	RNA-seq	RNA-Seq	PAIRED	PAIRED	PAIRED	R2	2	SRR24650913_2.fastq.gz	ftp.sra.ebi.ac.uk/vol1/fastq/SRR246/013/SRR24650913/SRR24650913_2.fastq.gz	7fb58064c4291aae65647beebd2738de	1338916565
PRJNA974014	SAMN35159453	SRX20431023	SRR24650915	RNA-seq	RNA-Seq	PAIRED	PAIRED	PAIRED	R1	1	SRR24650915_1.fastq.gz	ftp.sra.ebi.ac.uk/vol1/fastq/SRR246/015/SRR24650915/SRR24650915_1.fastq.gz	97dac77b78325c776cef7d755b688ada	1088529685
PRJNA974014	SAMN35159453	SRX20431023	SRR24650915	RNA-seq	RNA-Seq	PAIRED	PAIRED	PAIRED	R2	2	SRR24650915_2.fastq.gz	ftp.sra.ebi.ac.uk/vol1/fastq/SRR246/015/SRR24650915/SRR24650915_2.fastq.gz	fb718ca38c530a3cd88581111e25f689	1145207253
PRJNA974014	SAMN35159455	SRX20431021	SRR24650917	RNA-seq	RNA-Seq	PAIRED	PAIRED	PAIRED	R1	1	SRR24650917_1.fastq.gz	ftp.sra.ebi.ac.uk/vol1/fastq/SRR246/017/SRR24650917/SRR24650917_1.fastq.gz	4771c235f6afa7f0c6b6a2e175c79cbc	1272475986
PRJNA974014	SAMN35159455	SRX20431021	SRR24650917	RNA-seq	RNA-Seq	PAIRED	PAIRED	PAIRED	R2	2	SRR24650917_2.fastq.gz	ftp.sra.ebi.ac.uk/vol1/fastq/SRR246/017/SRR24650917/SRR24650917_2.fastq.gz	eed57ddd34ea1f7d389d9bb5ab55fab0	1351654155
PRJNA974014	SAMN35159398	SRX20431015	SRR24650923	RNA-seq	RNA-Seq	PAIRED	PAIRED	PAIRED	R1	1	SRR24650923_1.fastq.gz	ftp.sra.ebi.ac.uk/vol1/fastq/SRR246/023/SRR24650923/SRR24650923_1.fastq.gz	753e0ebabed67d7e6da5500bf782628f	3534517289
PRJNA974014	SAMN35159398	SRX20431015	SRR24650923	RNA-seq	RNA-Seq	PAIRED	PAIRED	PAIRED	R2	2	SRR24650923_2.fastq.gz	ftp.sra.ebi.ac.uk/vol1/fastq/SRR246/023/SRR24650923/SRR24650923_2.fastq.gz	7e5ab6acdecfb6bbeca6adcd62f6fda1	3829123997
PRJNA974014	SAMN35159426	SRX20431011	SRR24650927	RNA-seq	RNA-Seq	PAIRED	PAIRED	PAIRED	R1	1	SRR24650927_1.fastq.gz	ftp.sra.ebi.ac.uk/vol1/fastq/SRR246/027/SRR24650927/SRR24650927_1.fastq.gz	91dbde2952a83b0d08e373fc26209c53	1098190752
PRJNA974014	SAMN35159426	SRX20431011	SRR24650927	RNA-seq	RNA-Seq	PAIRED	PAIRED	PAIRED	R2	2	SRR24650927_2.fastq.gz	ftp.sra.ebi.ac.uk/vol1/fastq/SRR246/027/SRR24650927/SRR24650927_2.fastq.gz	df08d63e3d0664aef2290e518d638922	1152206185
PRJNA974014	SAMN35159427	SRX20431010	SRR24650928	RNA-seq	RNA-Seq	PAIRED	PAIRED	PAIRED	R1	1	SRR24650928_1.fastq.gz	ftp.sra.ebi.ac.uk/vol1/fastq/SRR246/028/SRR24650928/SRR24650928_1.fastq.gz	62d7b08c5b03c1d8bcd8c6f415352056	1114965797
PRJNA974014	SAMN35159427	SRX20431010	SRR24650928	RNA-seq	RNA-Seq	PAIRED	PAIRED	PAIRED	R2	2	SRR24650928_2.fastq.gz	ftp.sra.ebi.ac.uk/vol1/fastq/SRR246/028/SRR24650928/SRR24650928_2.fastq.gz	960de5dc582ac133270a8a9892b293cc	1177629216
PRJNA974014	SAMN35159431	SRX20431006	SRR24650932	RNA-seq	RNA-Seq	PAIRED	PAIRED	PAIRED	R1	1	SRR24650932_1.fastq.gz	ftp.sra.ebi.ac.uk/vol1/fastq/SRR246/032/SRR24650932/SRR24650932_1.fastq.gz	7eca2abf8300574a5eca5c455c4104af	1040466643
PRJNA974014	SAMN35159431	SRX20431006	SRR24650932	RNA-seq	RNA-Seq	PAIRED	PAIRED	PAIRED	R2	2	SRR24650932_2.fastq.gz	ftp.sra.ebi.ac.uk/vol1/fastq/SRR246/032/SRR24650932/SRR24650932_2.fastq.gz	f6e422679231a43d864170b53ad98af7	1095183202
PRJNA974014	SAMN35159456	SRX20431005	SRR24650933	RNA-seq	RNA-Seq	PAIRED	PAIRED	PAIRED	R1	1	SRR24650933_1.fastq.gz	ftp.sra.ebi.ac.uk/vol1/fastq/SRR246/033/SRR24650933/SRR24650933_1.fastq.gz	6f9dafafb782527f83950298cd9ab613	1193485827
PRJNA974014	SAMN35159456	SRX20431005	SRR24650933	RNA-seq	RNA-Seq	PAIRED	PAIRED	PAIRED	R2	2	SRR24650933_2.fastq.gz	ftp.sra.ebi.ac.uk/vol1/fastq/SRR246/033/SRR24650933/SRR24650933_2.fastq.gz	30417604b8cd5be03788414f51c509e3	1281215066
PRJNA974014	SAMN35159463	SRX20430998	SRR24650940	RNA-seq	RNA-Seq	SINGLE	SINGLE	SINGLE	SINGLE	1	SRR24650940.fastq.gz	ftp.sra.ebi.ac.uk/vol1/fastq/SRR246/040/SRR24650940/SRR24650940.fastq.gz	8e3de471ed7a90b6d3e84df03341078f	1238324611
PRJNA974014	SAMN35159402	SRX20430995	SRR24650943	RNA-seq	RNA-Seq	PAIRED	PAIRED	PAIRED	R1	1	SRR24650943_1.fastq.gz	ftp.sra.ebi.ac.uk/vol1/fastq/SRR246/043/SRR24650943/SRR24650943_1.fastq.gz	abb377ba9e460533587f88732ac2f079	3801886954
PRJNA974014	SAMN35159402	SRX20430995	SRR24650943	RNA-seq	RNA-Seq	PAIRED	PAIRED	PAIRED	R2	2	SRR24650943_2.fastq.gz	ftp.sra.ebi.ac.uk/vol1/fastq/SRR246/043/SRR24650943/SRR24650943_2.fastq.gz	ec11716ebe219bc969d49afb895496a0	4117033368
PRJNA974014	SAMN35159433	SRX20430988	SRR24650950	RNA-seq	RNA-Seq	PAIRED	PAIRED	PAIRED	R1	1	SRR24650950_1.fastq.gz	ftp.sra.ebi.ac.uk/vol1/fastq/SRR246/050/SRR24650950/SRR24650950_1.fastq.gz	c553c4c0764c4a8d32afcb1e70c856be	1129118891
PRJNA974014	SAMN35159433	SRX20430988	SRR24650950	RNA-seq	RNA-Seq	PAIRED	PAIRED	PAIRED	R2	2	SRR24650950_2.fastq.gz	ftp.sra.ebi.ac.uk/vol1/fastq/SRR246/050/SRR24650950/SRR24650950_2.fastq.gz	086a30ad314884a5896caa9eab396502	1212242976
PRJNA974014	SAMN35159471	SRX20430974	SRR24650964	RNA-seq	RNA-Seq	PAIRED	PAIRED	PAIRED	R1	1	SRR24650964_1.fastq.gz	ftp.sra.ebi.ac.uk/vol1/fastq/SRR246/064/SRR24650964/SRR24650964_1.fastq.gz	e697faa9604c7c273d248f3cc14a9c46	1250646340
PRJNA974014	SAMN35159471	SRX20430974	SRR24650964	RNA-seq	RNA-Seq	PAIRED	PAIRED	PAIRED	R2	2	SRR24650964_2.fastq.gz	ftp.sra.ebi.ac.uk/vol1/fastq/SRR246/064/SRR24650964/SRR24650964_2.fastq.gz	146577949555e6b24a58580c200bd935	1303990226
PRJNA974014	SAMN35159445	SRX20430960	SRR24650978	RNA-seq	RNA-Seq	PAIRED	PAIRED	PAIRED	R1	1	SRR24650978_1.fastq.gz	ftp.sra.ebi.ac.uk/vol1/fastq/SRR246/078/SRR24650978/SRR24650978_1.fastq.gz	67c250bec36e380cd0b5c8e93b67d6fc	1280849899
PRJNA974014	SAMN35159445	SRX20430960	SRR24650978	RNA-seq	RNA-Seq	PAIRED	PAIRED	PAIRED	R2	2	SRR24650978_2.fastq.gz	ftp.sra.ebi.ac.uk/vol1/fastq/SRR246/078/SRR24650978/SRR24650978_2.fastq.gz	7b78fc0e7ad49072723b962f8e6682a8	1358085766
PRJNA974014	SAMN35159473	SRX20430956	SRR24650982	RNA-seq	RNA-Seq	PAIRED	PAIRED	PAIRED	R1	1	SRR24650982_1.fastq.gz	ftp.sra.ebi.ac.uk/vol1/fastq/SRR246/082/SRR24650982/SRR24650982_1.fastq.gz	56724897914b3ed5f9359080eec02954	980434724
PRJNA974014	SAMN35159473	SRX20430956	SRR24650982	RNA-seq	RNA-Seq	PAIRED	PAIRED	PAIRED	R2	2	SRR24650982_2.fastq.gz	ftp.sra.ebi.ac.uk/vol1/fastq/SRR246/082/SRR24650982/SRR24650982_2.fastq.gz	02ff261f35205e16a8af4b9020f3f7af	1034631733
PRJNA974014	SAMN35159475	SRX20430954	SRR24650984	RNA-seq	RNA-Seq	PAIRED	PAIRED	PAIRED	R1	1	SRR24650984_1.fastq.gz	ftp.sra.ebi.ac.uk/vol1/fastq/SRR246/084/SRR24650984/SRR24650984_1.fastq.gz	4ff06f46d2f84e258d5e0ef8c55a8301	1002218740
PRJNA974014	SAMN35159475	SRX20430954	SRR24650984	RNA-seq	RNA-Seq	PAIRED	PAIRED	PAIRED	R2	2	SRR24650984_2.fastq.gz	ftp.sra.ebi.ac.uk/vol1/fastq/SRR246/084/SRR24650984/SRR24650984_2.fastq.gz	c08f6e9998e219076e9301c933314d0e	1067458621
PRJNA974014	SAMN35159476	SRX20430953	SRR24650985	RNA-seq	RNA-Seq	PAIRED	PAIRED	PAIRED	R1	1	SRR24650985_1.fastq.gz	ftp.sra.ebi.ac.uk/vol1/fastq/SRR246/085/SRR24650985/SRR24650985_1.fastq.gz	528c789ceff82332cd5425d6bfb0f91b	937527203
PRJNA974014	SAMN35159476	SRX20430953	SRR24650985	RNA-seq	RNA-Seq	PAIRED	PAIRED	PAIRED	R2	2	SRR24650985_2.fastq.gz	ftp.sra.ebi.ac.uk/vol1/fastq/SRR246/085/SRR24650985/SRR24650985_2.fastq.gz	2c5cd46d4311041873990f4c4d22f273	995316530
PRJNA974014	SAMN35159482	SRX20430947	SRR24650991	RNA-seq	RNA-Seq	PAIRED	PAIRED	PAIRED	R1	1	SRR24650991_1.fastq.gz	ftp.sra.ebi.ac.uk/vol1/fastq/SRR246/091/SRR24650991/SRR24650991_1.fastq.gz	eebc0244ab6cc4bed3924600b0998b36	1195613613
PRJNA974014	SAMN35159482	SRX20430947	SRR24650991	RNA-seq	RNA-Seq	PAIRED	PAIRED	PAIRED	R2	2	SRR24650991_2.fastq.gz	ftp.sra.ebi.ac.uk/vol1/fastq/SRR246/091/SRR24650991/SRR24650991_2.fastq.gz	ec61fef5f2504492ea446724d39f5105	1260462871
PRJNA974014	SAMN35159486	SRX20430943	SRR24650995	RNA-seq	RNA-Seq	PAIRED	PAIRED	PAIRED	R1	1	SRR24650995_1.fastq.gz	ftp.sra.ebi.ac.uk/vol1/fastq/SRR246/095/SRR24650995/SRR24650995_1.fastq.gz	3c525b2c77019935b7ab9d37c28d5b9d	1182782513
PRJNA974014	SAMN35159486	SRX20430943	SRR24650995	RNA-seq	RNA-Seq	PAIRED	PAIRED	PAIRED	R2	2	SRR24650995_2.fastq.gz	ftp.sra.ebi.ac.uk/vol1/fastq/SRR246/095/SRR24650995/SRR24650995_2.fastq.gz	8470c9fdfc1b9e6e4beed762c3a4718f	1250268903
PRJNA974014	SAMN35159487	SRX20430942	SRR24650996	RNA-seq	RNA-Seq	PAIRED	PAIRED	PAIRED	R1	1	SRR24650996_1.fastq.gz	ftp.sra.ebi.ac.uk/vol1/fastq/SRR246/096/SRR24650996/SRR24650996_1.fastq.gz	cda0ea1339291a5a1382158801708d3a	1236444780
PRJNA974014	SAMN35159487	SRX20430942	SRR24650996	RNA-seq	RNA-Seq	PAIRED	PAIRED	PAIRED	R2	2	SRR24650996_2.fastq.gz	ftp.sra.ebi.ac.uk/vol1/fastq/SRR246/096/SRR24650996/SRR24650996_2.fastq.gz	3ae6eebc3e0bc16f4e7baa6c71098c48	1306029082
PRJNA974014	SAMN35159417	SRX20431035	SRR24650998	RNA-seq	RNA-Seq	PAIRED	PAIRED	PAIRED	R1	1	SRR24650998_1.fastq.gz	ftp.sra.ebi.ac.uk/vol1/fastq/SRR246/098/SRR24650998/SRR24650998_1.fastq.gz	118d74da87033831e38e5190fc115725	1266142332
PRJNA974014	SAMN35159417	SRX20431035	SRR24650998	RNA-seq	RNA-Seq	PAIRED	PAIRED	PAIRED	R2	2	SRR24650998_2.fastq.gz	ftp.sra.ebi.ac.uk/vol1/fastq/SRR246/098/SRR24650998/SRR24650998_2.fastq.gz	bfc65b081aa7d611f20cfa02042a4938	1358730993
PRJNA974014	SAMN35159420	SRX20431032	SRR24651001	RNA-seq	RNA-Seq	PAIRED	PAIRED	PAIRED	R1	1	SRR24651001_1.fastq.gz	ftp.sra.ebi.ac.uk/vol1/fastq/SRR246/001/SRR24651001/SRR24651001_1.fastq.gz	e402ea349d9bad2d9277fd943bd12583	1177004713
PRJNA974014	SAMN35159420	SRX20431032	SRR24651001	RNA-seq	RNA-Seq	PAIRED	PAIRED	PAIRED	R2	2	SRR24651001_2.fastq.gz	ftp.sra.ebi.ac.uk/vol1/fastq/SRR246/001/SRR24651001/SRR24651001_2.fastq.gz	1e0413fb02da9e6d7394414c2b2c7787	1253464599
PRJNA974014	SAMN35159421	SRX20431031	SRR24651002	RNA-seq	RNA-Seq	PAIRED	PAIRED	PAIRED	R1	1	SRR24651002_1.fastq.gz	ftp.sra.ebi.ac.uk/vol1/fastq/SRR246/002/SRR24651002/SRR24651002_1.fastq.gz	27086a6d116deb61c3e7355b3106960c	1143189355
PRJNA974014	SAMN35159421	SRX20431031	SRR24651002	RNA-seq	RNA-Seq	PAIRED	PAIRED	PAIRED	R2	2	SRR24651002_2.fastq.gz	ftp.sra.ebi.ac.uk/vol1/fastq/SRR246/002/SRR24651002/SRR24651002_2.fastq.gz	d59c1ce1b0a5ce6fd6d6c9ad141a9203	1217951978
PRJEB37009	SAMEA6602848	ERX3975427	ERR3972090	RNA-seq	RNA-Seq	SINGLE	SINGLE	SINGLE	SINGLE	1	ERR3972090.fastq.gz	ftp.sra.ebi.ac.uk/vol1/fastq/ERR397/000/ERR3972090/ERR3972090.fastq.gz	31a06af062b86ccdb69e83efe0cade8c	2049890482
PRJEB37009	SAMEA6602850	ERX3975429	ERR3972092	RNA-seq	RNA-Seq	SINGLE	SINGLE	SINGLE	SINGLE	1	ERR3972092.fastq.gz	ftp.sra.ebi.ac.uk/vol1/fastq/ERR397/002/ERR3972092/ERR3972092.fastq.gz	919cb728a89898a8862b71c24f8cd263	1831783482
PRJEB37009	SAMEA6602855	ERX3975434	ERR3972097	RNA-seq	RNA-Seq	SINGLE	SINGLE	SINGLE	SINGLE	1	ERR3972097.fastq.gz	ftp.sra.ebi.ac.uk/vol1/fastq/ERR397/007/ERR3972097/ERR3972097.fastq.gz	f5064b4a9f3b0871459c1e00666443e5	2001746525
PRJNA913861	SAMN32309274	SRX18769907	SRR22810190	RNA-seq	RNA-Seq	SINGLE	SINGLE	SINGLE	SINGLE	1	SRR22810190.fastq.gz	ftp.sra.ebi.ac.uk/vol1/fastq/SRR228/090/SRR22810190/SRR22810190.fastq.gz	228c94fc75ffaacc8ecc8eedeb1cccae	503878150
PRJNA913861	SAMN32309276	SRX18769905	SRR22810192	RNA-seq	RNA-Seq	SINGLE	SINGLE	SINGLE	SINGLE	1	SRR22810192.fastq.gz	ftp.sra.ebi.ac.uk/vol1/fastq/SRR228/092/SRR22810192/SRR22810192.fastq.gz	e8598ac7c60f9bc3718fff6c9f6dcd17	546759780
PRJNA913861	SAMN32309278	SRX18769903	SRR22810194	RNA-seq	RNA-Seq	SINGLE	SINGLE	SINGLE	SINGLE	1	SRR22810194.fastq.gz	ftp.sra.ebi.ac.uk/vol1/fastq/SRR228/094/SRR22810194/SRR22810194.fastq.gz	9b96173eb01399e8c00244c63fe85934	553792112
PRJNA1088164	SAMN40463199	SRX23955093	SRR28349053	RNA-seq	RNA-Seq	PAIRED	PAIRED	PAIRED	R1	1	SRR28349053_1.fastq.gz	ftp.sra.ebi.ac.uk/vol1/fastq/SRR283/053/SRR28349053/SRR28349053_1.fastq.gz	b89718395885eb8e7525aa4e07270ac2	9349250909
PRJNA1088164	SAMN40463199	SRX23955093	SRR28349053	RNA-seq	RNA-Seq	PAIRED	PAIRED	PAIRED	R2	2	SRR28349053_2.fastq.gz	ftp.sra.ebi.ac.uk/vol1/fastq/SRR283/053/SRR28349053/SRR28349053_2.fastq.gz	86f0e037765006ac3bc4aa3942ec752b	9407564882
PRJNA1088164	SAMN40463205	SRX23955085	SRR28349061	RNA-seq	RNA-Seq	PAIRED	PAIRED	PAIRED	R1	1	SRR28349061_1.fastq.gz	ftp.sra.ebi.ac.uk/vol1/fastq/SRR283/061/SRR28349061/SRR28349061_1.fastq.gz	64e4b23304aa5a224d2c7be7f7478243	9497078798
PRJNA1088164	SAMN40463205	SRX23955085	SRR28349061	RNA-seq	RNA-Seq	PAIRED	PAIRED	PAIRED	R2	2	SRR28349061_2.fastq.gz	ftp.sra.ebi.ac.uk/vol1/fastq/SRR283/061/SRR28349061/SRR28349061_2.fastq.gz	f08ffea5b3b1efb012af259a45dfc974	9549441742
PRJNA1090557	SAMN40570597	SRX24017562	SRR28413170	RNA-seq	RNA-Seq	PAIRED	PAIRED	PAIRED	R1	1	SRR28413170_1.fastq.gz	ftp.sra.ebi.ac.uk/vol1/fastq/SRR284/070/SRR28413170/SRR28413170_1.fastq.gz	535c7ea14a4d0f7a2ed917df5397d7f2	1222651729
PRJNA1090557	SAMN40570597	SRX24017562	SRR28413170	RNA-seq	RNA-Seq	PAIRED	PAIRED	PAIRED	R2	2	SRR28413170_2.fastq.gz	ftp.sra.ebi.ac.uk/vol1/fastq/SRR284/070/SRR28413170/SRR28413170_2.fastq.gz	fd672caeba0df99b33d9754ffae2a8d9	1225447999
PRJNA1090557	SAMN40570596	SRX24017561	SRR28413171	RNA-seq	RNA-Seq	PAIRED	PAIRED	PAIRED	R1	1	SRR28413171_1.fastq.gz	ftp.sra.ebi.ac.uk/vol1/fastq/SRR284/071/SRR28413171/SRR28413171_1.fastq.gz	254ae8f1d8f29a9f1ae327955b310f9c	1218104264
PRJNA1090557	SAMN40570596	SRX24017561	SRR28413171	RNA-seq	RNA-Seq	PAIRED	PAIRED	PAIRED	R2	2	SRR28413171_2.fastq.gz	ftp.sra.ebi.ac.uk/vol1/fastq/SRR284/071/SRR28413171/SRR28413171_2.fastq.gz	ec00e1858808b3bd28cbb776b1d45482	1220771143
PRJNA302601	SAMN04275175	SRX1436208	SRR2922598	RNA-seq	RNA-Seq	SINGLE	SINGLE	SINGLE	SINGLE	1	SRR2922598.fastq.gz	ftp.sra.ebi.ac.uk/vol1/fastq/SRR292/008/SRR2922598/SRR2922598.fastq.gz	28213d3ebe168c7fbe75fc1c24cd3c3b	1004823365
PRJNA302601	SAMN04275183	SRX1436216	SRR2922606	RNA-seq	RNA-Seq	SINGLE	SINGLE	SINGLE	SINGLE	1	SRR2922606.fastq.gz	ftp.sra.ebi.ac.uk/vol1/fastq/SRR292/006/SRR2922606/SRR2922606.fastq.gz	b109f87c9ef7f7c90bc3c34c7c6961bb	2483780843
PRJNA1123849	SAMN41829156	SRX24954104	SRR29441700	RNA-seq	RNA-Seq	PAIRED	PAIRED	PAIRED	R1	1	SRR29441700_1.fastq.gz	ftp.sra.ebi.ac.uk/vol1/fastq/SRR294/000/SRR29441700/SRR29441700_1.fastq.gz	554c0a57f14a665253027a5bcafb2c24	1764690440
PRJNA1123849	SAMN41829156	SRX24954104	SRR29441700	RNA-seq	RNA-Seq	PAIRED	PAIRED	PAIRED	R2	2	SRR29441700_2.fastq.gz	ftp.sra.ebi.ac.uk/vol1/fastq/SRR294/000/SRR29441700/SRR29441700_2.fastq.gz	6dbf876a42fd1b692e71aa88f87279fc	1920035818
PRJNA1123849	SAMN41829155	SRX24954103	SRR29441701	RNA-seq	RNA-Seq	PAIRED	PAIRED	PAIRED	R1	1	SRR29441701_1.fastq.gz	ftp.sra.ebi.ac.uk/vol1/fastq/SRR294/001/SRR29441701/SRR29441701_1.fastq.gz	7ec52d5bf8670124882297802b193d9d	1677420634
PRJNA1123849	SAMN41829155	SRX24954103	SRR29441701	RNA-seq	RNA-Seq	PAIRED	PAIRED	PAIRED	R2	2	SRR29441701_2.fastq.gz	ftp.sra.ebi.ac.uk/vol1/fastq/SRR294/001/SRR29441701/SRR29441701_2.fastq.gz	dc4753070716162c0af1181d543dda97	1785938062
PRJNA1130622	SAMN42212557	SRX25176394	SRR29672921	RNA-seq	RNA-Seq	PAIRED	PAIRED	PAIRED	R1	1	SRR29672921_1.fastq.gz	ftp.sra.ebi.ac.uk/vol1/fastq/SRR296/021/SRR29672921/SRR29672921_1.fastq.gz	d955ab939b7017b8460c121472fec44e	1526477276
PRJNA1130622	SAMN42212557	SRX25176394	SRR29672921	RNA-seq	RNA-Seq	PAIRED	PAIRED	PAIRED	R2	2	SRR29672921_2.fastq.gz	ftp.sra.ebi.ac.uk/vol1/fastq/SRR296/021/SRR29672921/SRR29672921_2.fastq.gz	c5bf1b266b6fe61508b9e068ff472cd8	1543899177
PRJNA1130622	SAMN42212550	SRX25176387	SRR29672926	RNA-seq	RNA-Seq	PAIRED	PAIRED	PAIRED	R1	1	SRR29672926_1.fastq.gz	ftp.sra.ebi.ac.uk/vol1/fastq/SRR296/026/SRR29672926/SRR29672926_1.fastq.gz	849491eeed593b14ffe5ff6c35eb3195	1790045176
PRJNA1130622	SAMN42212550	SRX25176387	SRR29672926	RNA-seq	RNA-Seq	PAIRED	PAIRED	PAIRED	R2	2	SRR29672926_2.fastq.gz	ftp.sra.ebi.ac.uk/vol1/fastq/SRR296/026/SRR29672926/SRR29672926_2.fastq.gz	b4f6ee8a01c71ea7ec2f7d7433e97649	1814305324
PRJNA1130622	SAMN42212551	SRX25176386	SRR29672927	RNA-seq	RNA-Seq	PAIRED	PAIRED	PAIRED	R1	1	SRR29672927_1.fastq.gz	ftp.sra.ebi.ac.uk/vol1/fastq/SRR296/027/SRR29672927/SRR29672927_1.fastq.gz	2c3fc8c0bfe4d3e86192d2070fa38cc5	1489163180
PRJNA1130622	SAMN42212551	SRX25176386	SRR29672927	RNA-seq	RNA-Seq	PAIRED	PAIRED	PAIRED	R2	2	SRR29672927_2.fastq.gz	ftp.sra.ebi.ac.uk/vol1/fastq/SRR296/027/SRR29672927/SRR29672927_2.fastq.gz	6b6d8db1287a6463f4f97521f8b0a814	1506838370
PRJNA1130622	SAMN42212542	SRX25176378	SRR29672934	RNA-seq	RNA-Seq	PAIRED	PAIRED	PAIRED	R1	1	SRR29672934_1.fastq.gz	ftp.sra.ebi.ac.uk/vol1/fastq/SRR296/034/SRR29672934/SRR29672934_1.fastq.gz	5f44441d697560d05a7af52f6fe29ab4	1069865412
PRJNA1130622	SAMN42212542	SRX25176378	SRR29672934	RNA-seq	RNA-Seq	PAIRED	PAIRED	PAIRED	R2	2	SRR29672934_2.fastq.gz	ftp.sra.ebi.ac.uk/vol1/fastq/SRR296/034/SRR29672934/SRR29672934_2.fastq.gz	9a2e1e1dfc2d26a2c5f2bfcd48d0b8ba	1104088575
PRJNA1130622	SAMN42212546	SRX25176382	SRR29672936	RNA-seq	RNA-Seq	PAIRED	PAIRED	PAIRED	R1	1	SRR29672936_1.fastq.gz	ftp.sra.ebi.ac.uk/vol1/fastq/SRR296/036/SRR29672936/SRR29672936_1.fastq.gz	bedc6549973e402d520412be581c3cc1	1143933843
PRJNA1130622	SAMN42212546	SRX25176382	SRR29672936	RNA-seq	RNA-Seq	PAIRED	PAIRED	PAIRED	R2	2	SRR29672936_2.fastq.gz	ftp.sra.ebi.ac.uk/vol1/fastq/SRR296/036/SRR29672936/SRR29672936_2.fastq.gz	29803aaff33738a04d8cef18333b72ce	1198097589
PRJNA304606	SAMN04305213	SRX1457798	SRR2968326	RNA-seq	RNA-Seq	PAIRED	PAIRED	PAIRED	R1	1	SRR2968326_1.fastq.gz	ftp.sra.ebi.ac.uk/vol1/fastq/SRR296/006/SRR2968326/SRR2968326_1.fastq.gz	7c6bb0766a067395460605e800659954	1696215714
PRJNA304606	SAMN04305213	SRX1457798	SRR2968326	RNA-seq	RNA-Seq	PAIRED	PAIRED	PAIRED	R2	2	SRR2968326_2.fastq.gz	ftp.sra.ebi.ac.uk/vol1/fastq/SRR296/006/SRR2968326/SRR2968326_2.fastq.gz	3218ef4d759865e72148dfc749e949ac	1715142395
PRJNA304606	SAMN04305214	SRX1457799	SRR2968327	RNA-seq	RNA-Seq	PAIRED	PAIRED	PAIRED	R1	1	SRR2968327_1.fastq.gz	ftp.sra.ebi.ac.uk/vol1/fastq/SRR296/007/SRR2968327/SRR2968327_1.fastq.gz	413faa47af3480e2f8a0f8c55fee23c5	1901132244
PRJNA304606	SAMN04305214	SRX1457799	SRR2968327	RNA-seq	RNA-Seq	PAIRED	PAIRED	PAIRED	R2	2	SRR2968327_2.fastq.gz	ftp.sra.ebi.ac.uk/vol1/fastq/SRR296/007/SRR2968327/SRR2968327_2.fastq.gz	19c71476625de6d3ffbeaf3b9983c23f	1922425876
PRJNA311594	SAMN04501027	SRX1570960	SRR3161757	RNA-seq	RNA-Seq	PAIRED	PAIRED	PAIRED	R1	1	SRR3161757_1.fastq.gz	ftp.sra.ebi.ac.uk/vol1/fastq/SRR316/007/SRR3161757/SRR3161757_1.fastq.gz	7ed7b4089cfae5016fad90367579b844	1016846040
PRJNA311594	SAMN04501027	SRX1570960	SRR3161757	RNA-seq	RNA-Seq	PAIRED	PAIRED	PAIRED	R2	2	SRR3161757_2.fastq.gz	ftp.sra.ebi.ac.uk/vol1/fastq/SRR316/007/SRR3161757/SRR3161757_2.fastq.gz	8b2f38003cc126e92281a280d39eafb0	1036620161
PRJNA311594	SAMN04501049	SRX1570982	SRR3161779	RNA-seq	RNA-Seq	PAIRED	PAIRED	PAIRED	R1	1	SRR3161779_1.fastq.gz	ftp.sra.ebi.ac.uk/vol1/fastq/SRR316/009/SRR3161779/SRR3161779_1.fastq.gz	06724c086d8692728fa97bfbe095fd41	986396652
PRJNA311594	SAMN04501049	SRX1570982	SRR3161779	RNA-seq	RNA-Seq	PAIRED	PAIRED	PAIRED	R2	2	SRR3161779_2.fastq.gz	ftp.sra.ebi.ac.uk/vol1/fastq/SRR316/009/SRR3161779/SRR3161779_2.fastq.gz	ff9f67b23ef78575038d2ecb00f604b8	999943775
PRJNA311594	SAMN04501053	SRX1570986	SRR3161783	RNA-seq	RNA-Seq	PAIRED	PAIRED	PAIRED	R1	1	SRR3161783_1.fastq.gz	ftp.sra.ebi.ac.uk/vol1/fastq/SRR316/003/SRR3161783/SRR3161783_1.fastq.gz	fc6088275750742bee420f2251673e7f	1250665336
PRJNA311594	SAMN04501053	SRX1570986	SRR3161783	RNA-seq	RNA-Seq	PAIRED	PAIRED	PAIRED	R2	2	SRR3161783_2.fastq.gz	ftp.sra.ebi.ac.uk/vol1/fastq/SRR316/003/SRR3161783/SRR3161783_2.fastq.gz	8b21000a789897a74e29f59e5da3c852	1266124254
PRJNA311594	SAMN04501055	SRX1570988	SRR3161785	RNA-seq	RNA-Seq	PAIRED	PAIRED	PAIRED	R1	1	SRR3161785_1.fastq.gz	ftp.sra.ebi.ac.uk/vol1/fastq/SRR316/005/SRR3161785/SRR3161785_1.fastq.gz	902614899d351adc5a8e3fe73e9b2bd5	1041126474
PRJNA311594	SAMN04501055	SRX1570988	SRR3161785	RNA-seq	RNA-Seq	PAIRED	PAIRED	PAIRED	R2	2	SRR3161785_2.fastq.gz	ftp.sra.ebi.ac.uk/vol1/fastq/SRR316/005/SRR3161785/SRR3161785_2.fastq.gz	8ad0918a06f84af89f996f0277242346	1052355166
PRJNA311594	SAMN04501056	SRX1570989	SRR3161786	RNA-seq	RNA-Seq	PAIRED	PAIRED	PAIRED	R1	1	SRR3161786_1.fastq.gz	ftp.sra.ebi.ac.uk/vol1/fastq/SRR316/006/SRR3161786/SRR3161786_1.fastq.gz	462a8c4c9bd769bd882b76a6a9723af7	1412228823
PRJNA311594	SAMN04501056	SRX1570989	SRR3161786	RNA-seq	RNA-Seq	PAIRED	PAIRED	PAIRED	R2	2	SRR3161786_2.fastq.gz	ftp.sra.ebi.ac.uk/vol1/fastq/SRR316/006/SRR3161786/SRR3161786_2.fastq.gz	cab556c6e57eae9424e9c91a5f721ff4	1417570379
PRJNA311594	SAMN04501062	SRX1570995	SRR3161792	RNA-seq	RNA-Seq	PAIRED	PAIRED	PAIRED	R1	1	SRR3161792_1.fastq.gz	ftp.sra.ebi.ac.uk/vol1/fastq/SRR316/002/SRR3161792/SRR3161792_1.fastq.gz	71b3be17cd8fe68adf6ed38c23379dcb	1020972945
PRJNA311594	SAMN04501062	SRX1570995	SRR3161792	RNA-seq	RNA-Seq	PAIRED	PAIRED	PAIRED	R2	2	SRR3161792_2.fastq.gz	ftp.sra.ebi.ac.uk/vol1/fastq/SRR316/002/SRR3161792/SRR3161792_2.fastq.gz	08ccaa2e6469ea282db6abc3099d341d	1029988654
PRJNA1223323	SAMN46814182	SRX27664153	SRR32329211	RNA-seq	RNA-Seq	PAIRED	PAIRED	PAIRED	R1	1	SRR32329211_1.fastq.gz	ftp.sra.ebi.ac.uk/vol1/fastq/SRR323/011/SRR32329211/SRR32329211_1.fastq.gz	9906e437df5f745322c43779031b2e41	2270086877
PRJNA1223323	SAMN46814182	SRX27664153	SRR32329211	RNA-seq	RNA-Seq	PAIRED	PAIRED	PAIRED	R2	2	SRR32329211_2.fastq.gz	ftp.sra.ebi.ac.uk/vol1/fastq/SRR323/011/SRR32329211/SRR32329211_2.fastq.gz	643feab9e5fd2a3a3508cf167dcc9b8c	2132383112
PRJNA1223323	SAMN46814184	SRX27664151	SRR32329213	RNA-seq	RNA-Seq	PAIRED	PAIRED	PAIRED	R1	1	SRR32329213_1.fastq.gz	ftp.sra.ebi.ac.uk/vol1/fastq/SRR323/013/SRR32329213/SRR32329213_1.fastq.gz	c5937e718948c8e9fce383f78e866e70	2646581606
PRJNA1223323	SAMN46814184	SRX27664151	SRR32329213	RNA-seq	RNA-Seq	PAIRED	PAIRED	PAIRED	R2	2	SRR32329213_2.fastq.gz	ftp.sra.ebi.ac.uk/vol1/fastq/SRR323/013/SRR32329213/SRR32329213_2.fastq.gz	69867327b433aceaf6fec7c3e6267c90	2476510539
PRJNA316065	SAMN04574676	SRX1655601	SRR3284444	RNA-seq	RNA-Seq	SINGLE	SINGLE	SINGLE	SINGLE	1	SRR3284444.fastq.gz	ftp.sra.ebi.ac.uk/vol1/fastq/SRR328/004/SRR3284444/SRR3284444.fastq.gz	cd37f87858fbe30061342e259f01fd78	614597812
PRJNA316065	SAMN04574677	SRX1655602	SRR3284446	RNA-seq	RNA-Seq	SINGLE	SINGLE	SINGLE	SINGLE	1	SRR3284446.fastq.gz	ftp.sra.ebi.ac.uk/vol1/fastq/SRR328/006/SRR3284446/SRR3284446.fastq.gz	5a45071d8cea4554d4ece32c56c064c2	659185114
PRJNA316065	SAMN04574678	SRX1655603	SRR3284448	RNA-seq	RNA-Seq	SINGLE	SINGLE	SINGLE	SINGLE	1	SRR3284448.fastq.gz	ftp.sra.ebi.ac.uk/vol1/fastq/SRR328/008/SRR3284448/SRR3284448.fastq.gz	309d76f2c57441e439b3087bfb0293af	600626516
PRJNA316065	SAMN04574684	SRX1655609	SRR3284459	RNA-seq	RNA-Seq	SINGLE	SINGLE	SINGLE	SINGLE	1	SRR3284459.fastq.gz	ftp.sra.ebi.ac.uk/vol1/fastq/SRR328/009/SRR3284459/SRR3284459.fastq.gz	6036e2b032f4c67764ca767628291da9	615857976
PRJNA316065	SAMN04574684	SRX1655609	SRR3284460	RNA-seq	RNA-Seq	SINGLE	SINGLE	SINGLE	SINGLE	1	SRR3284460.fastq.gz	ftp.sra.ebi.ac.uk/vol1/fastq/SRR328/000/SRR3284460/SRR3284460.fastq.gz	c7b91c2f489a90feae3e036dc887cd43	605104814
PRJNA316065	SAMN04574687	SRX1655612	SRR3284466	RNA-seq	RNA-Seq	SINGLE	SINGLE	SINGLE	SINGLE	1	SRR3284466.fastq.gz	ftp.sra.ebi.ac.uk/vol1/fastq/SRR328/006/SRR3284466/SRR3284466.fastq.gz	b0170045b1d24e3abcb64169643d6d4c	443025077
PRJNA1252143	SAMN48037640	SRX28445683	SRR33198154	RNA-seq	RNA-Seq	PAIRED	PAIRED	PAIRED	R1	1	SRR33198154_1.fastq.gz	ftp.sra.ebi.ac.uk/vol1/fastq/SRR331/054/SRR33198154/SRR33198154_1.fastq.gz	93a3749b204a2378946bb8eb4464ba38	1855375617
PRJNA1252143	SAMN48037640	SRX28445683	SRR33198154	RNA-seq	RNA-Seq	PAIRED	PAIRED	PAIRED	R2	2	SRR33198154_2.fastq.gz	ftp.sra.ebi.ac.uk/vol1/fastq/SRR331/054/SRR33198154/SRR33198154_2.fastq.gz	b140f14262176626201b7ad27c1b89ac	1809773282
PRJNA1252143	SAMN48037641	SRX28445682	SRR33198155	RNA-seq	RNA-Seq	PAIRED	PAIRED	PAIRED	R1	1	SRR33198155_1.fastq.gz	ftp.sra.ebi.ac.uk/vol1/fastq/SRR331/055/SRR33198155/SRR33198155_1.fastq.gz	4c6ddbdce9a95edee0bfaf35714d1c4c	1287777704
PRJNA1252143	SAMN48037641	SRX28445682	SRR33198155	RNA-seq	RNA-Seq	PAIRED	PAIRED	PAIRED	R2	2	SRR33198155_2.fastq.gz	ftp.sra.ebi.ac.uk/vol1/fastq/SRR331/055/SRR33198155/SRR33198155_2.fastq.gz	41e2a8a2ddadcfa6664be57451f6a05a	1287467988
PRJNA1252143	SAMN48037642	SRX28445681	SRR33198159	RNA-seq	RNA-Seq	PAIRED	PAIRED	PAIRED	R1	1	SRR33198159_1.fastq.gz	ftp.sra.ebi.ac.uk/vol1/fastq/SRR331/059/SRR33198159/SRR33198159_1.fastq.gz	60af2974fa49cea646a53311b9ad21c6	1378823007
PRJNA1252143	SAMN48037642	SRX28445681	SRR33198159	RNA-seq	RNA-Seq	PAIRED	PAIRED	PAIRED	R2	2	SRR33198159_2.fastq.gz	ftp.sra.ebi.ac.uk/vol1/fastq/SRR331/059/SRR33198159/SRR33198159_2.fastq.gz	79d3fa4fa11fbf0be7979f2fa2a43e82	1371372722
PRJNA1252143	SAMN48037653	SRX28445670	SRR33198167	RNA-seq	RNA-Seq	PAIRED	PAIRED	PAIRED	R1	1	SRR33198167_1.fastq.gz	ftp.sra.ebi.ac.uk/vol1/fastq/SRR331/067/SRR33198167/SRR33198167_1.fastq.gz	49ffe841a838fe79dbc73d25645faada	1436586577
PRJNA1252143	SAMN48037653	SRX28445670	SRR33198167	RNA-seq	RNA-Seq	PAIRED	PAIRED	PAIRED	R2	2	SRR33198167_2.fastq.gz	ftp.sra.ebi.ac.uk/vol1/fastq/SRR331/067/SRR33198167/SRR33198167_2.fastq.gz	d39bdb73a7d8d267e858b5ec3bad9f9c	1420776923
PRJNA1254963	SAMN48140368	SRX28553911	SRR33309099	RNA-seq	RNA-Seq	PAIRED	PAIRED	PAIRED	R1	1	SRR33309099_1.fastq.gz	ftp.sra.ebi.ac.uk/vol1/fastq/SRR333/099/SRR33309099/SRR33309099_1.fastq.gz	89993b4d2a355bcd3aa5fc23f47efe10	1116436647
PRJNA1254963	SAMN48140368	SRX28553911	SRR33309099	RNA-seq	RNA-Seq	PAIRED	PAIRED	PAIRED	R2	2	SRR33309099_2.fastq.gz	ftp.sra.ebi.ac.uk/vol1/fastq/SRR333/099/SRR33309099/SRR33309099_2.fastq.gz	e31988d53a6a889626774ad9c161c450	1169034727
PRJNA1254963	SAMN48140371	SRX28553908	SRR33309102	RNA-seq	RNA-Seq	PAIRED	PAIRED	PAIRED	R1	1	SRR33309102_1.fastq.gz	ftp.sra.ebi.ac.uk/vol1/fastq/SRR333/002/SRR33309102/SRR33309102_1.fastq.gz	d6e25d066b4e9d5140ef54e9156ef56c	1274376801
PRJNA1254963	SAMN48140371	SRX28553908	SRR33309102	RNA-seq	RNA-Seq	PAIRED	PAIRED	PAIRED	R2	2	SRR33309102_2.fastq.gz	ftp.sra.ebi.ac.uk/vol1/fastq/SRR333/002/SRR33309102/SRR33309102_2.fastq.gz	cb751c4a88b6db28f817592ba3a2cef4	1342995255
PRJNA1254963	SAMN48140393	SRX28553886	SRR33309124	RNA-seq	RNA-Seq	PAIRED	PAIRED	PAIRED	R1	1	SRR33309124_1.fastq.gz	ftp.sra.ebi.ac.uk/vol1/fastq/SRR333/024/SRR33309124/SRR33309124_1.fastq.gz	317b77ef1903a8cb9ffc8fc09117d6f8	1400507384
PRJNA1254963	SAMN48140393	SRX28553886	SRR33309124	RNA-seq	RNA-Seq	PAIRED	PAIRED	PAIRED	R2	2	SRR33309124_2.fastq.gz	ftp.sra.ebi.ac.uk/vol1/fastq/SRR333/024/SRR33309124/SRR33309124_2.fastq.gz	78caa105d2251ce98803435068b8d959	1469548629
PRJNA1335855	SAMN52025841	SRX30705855	SRR35653649	RNA-seq	RNA-Seq	PAIRED	PAIRED	PAIRED	R1	1	SRR35653649_1.fastq.gz	ftp.sra.ebi.ac.uk/vol1/fastq/SRR356/049/SRR35653649/SRR35653649_1.fastq.gz	e4febafb849cdb96d03bc219f39ef6a8	1167765780
PRJNA1335855	SAMN52025841	SRX30705855	SRR35653649	RNA-seq	RNA-Seq	PAIRED	PAIRED	PAIRED	R2	2	SRR35653649_2.fastq.gz	ftp.sra.ebi.ac.uk/vol1/fastq/SRR356/049/SRR35653649/SRR35653649_2.fastq.gz	cca753a0e863deec0a9f3f143a73edd4	1168735119
PRJNA1335855	SAMN52025840	SRX30705850	SRR35653654	RNA-seq	RNA-Seq	PAIRED	PAIRED	PAIRED	R1	1	SRR35653654_1.fastq.gz	ftp.sra.ebi.ac.uk/vol1/fastq/SRR356/054/SRR35653654/SRR35653654_1.fastq.gz	137728843615fc6bc2f44ee33fd029d3	1241522038
PRJNA1335855	SAMN52025840	SRX30705850	SRR35653654	RNA-seq	RNA-Seq	PAIRED	PAIRED	PAIRED	R2	2	SRR35653654_2.fastq.gz	ftp.sra.ebi.ac.uk/vol1/fastq/SRR356/054/SRR35653654/SRR35653654_2.fastq.gz	7cce28dbc09d3e23888c0be14e48f479	1244828568
PRJNA1282762	SAMN49662869	SRX33099499	SRR38262921	RNA-seq	RNA-Seq	SINGLE	SINGLE	SINGLE	SINGLE	1	SRR38262921.fastq.gz	ftp.sra.ebi.ac.uk/vol1/fastq/SRR382/021/SRR38262921/SRR38262921.fastq.gz	69547adba78fe9a3331e662b09852e1d	4092975848
PRJNA330832	SAMN05426770	SRX1971986	SRR3946101	RNA-seq	RNA-Seq	SINGLE	SINGLE	SINGLE	SINGLE	1	SRR3946101.fastq.gz	ftp.sra.ebi.ac.uk/vol1/fastq/SRR394/001/SRR3946101/SRR3946101.fastq.gz	1afac81e1a3e0657a54870398df059a2	1871673593
PRJNA330832	SAMN05426770	SRX1971989	SRR3946104	RNA-seq	RNA-Seq	SINGLE	SINGLE	SINGLE	SINGLE	1	SRR3946104.fastq.gz	ftp.sra.ebi.ac.uk/vol1/fastq/SRR394/004/SRR3946104/SRR3946104.fastq.gz	11c2fe70de29c54060d6f469467170b3	1226580684
PRJNA330832	SAMN05426770	SRX1971990	SRR3946105	RNA-seq	RNA-Seq	SINGLE	SINGLE	SINGLE	SINGLE	1	SRR3946105.fastq.gz	ftp.sra.ebi.ac.uk/vol1/fastq/SRR394/005/SRR3946105/SRR3946105.fastq.gz	2e453896a60c6a4ddefa27ea16f1a982	1430602395
PRJNA330832	SAMN05426770	SRX1971997	SRR3946112	RNA-seq	RNA-Seq	SINGLE	SINGLE	SINGLE	SINGLE	1	SRR3946112.fastq.gz	ftp.sra.ebi.ac.uk/vol1/fastq/SRR394/002/SRR3946112/SRR3946112.fastq.gz	efb68961a32a8614119647742f4c3197	1204292408
PRJNA1489724	SAMN61409207	SRX34192514	SRR39497724	RNA-seq	RNA-Seq	PAIRED	PAIRED	PAIRED	R1	1	SRR39497724_1.fastq.gz	ftp.sra.ebi.ac.uk/vol1/fastq/SRR394/024/SRR39497724/SRR39497724_1.fastq.gz	92bd9dbda641be1c0a564dd159d0b8e9	4538369962
PRJNA1489724	SAMN61409207	SRX34192514	SRR39497724	RNA-seq	RNA-Seq	PAIRED	PAIRED	PAIRED	R2	2	SRR39497724_2.fastq.gz	ftp.sra.ebi.ac.uk/vol1/fastq/SRR394/024/SRR39497724/SRR39497724_2.fastq.gz	2ee750f10c11c30012b13f821dbddd05	4593102255
PRJNA1492564	SAMN61510924	SRX34250723	SRR39561851	RNA-seq	RNA-Seq	PAIRED	PAIRED	PAIRED	R1	1	SRR39561851_1.fastq.gz	ftp.sra.ebi.ac.uk/vol1/fastq/SRR395/051/SRR39561851/SRR39561851_1.fastq.gz	e14185938eb650b18c6cfc5a70c71a52	4895055119
PRJNA1492564	SAMN61510924	SRX34250723	SRR39561851	RNA-seq	RNA-Seq	PAIRED	PAIRED	PAIRED	R2	2	SRR39561851_2.fastq.gz	ftp.sra.ebi.ac.uk/vol1/fastq/SRR395/051/SRR39561851/SRR39561851_2.fastq.gz	b2b35821c20f1c49d8656982cc0c49fa	4938692751
PRJNA1492564	SAMN61510928	SRX34250717	SRR39561857	RNA-seq	RNA-Seq	PAIRED	PAIRED	PAIRED	R1	1	SRR39561857_1.fastq.gz	ftp.sra.ebi.ac.uk/vol1/fastq/SRR395/057/SRR39561857/SRR39561857_1.fastq.gz	d442a203c3cb24009342fca2420f93f1	4873794893
PRJNA1492564	SAMN61510928	SRX34250717	SRR39561857	RNA-seq	RNA-Seq	PAIRED	PAIRED	PAIRED	R2	2	SRR39561857_2.fastq.gz	ftp.sra.ebi.ac.uk/vol1/fastq/SRR395/057/SRR39561857/SRR39561857_2.fastq.gz	6569f2c99c5b92606e4f411ef60023dd	4914816309
PRJNA1516528	SAMN62608407	SRX34926295	SRR40310831	RNA-seq	RNA-Seq	PAIRED	PAIRED	PAIRED	R1	1	SRR40310831_1.fastq.gz	ftp.sra.ebi.ac.uk/vol1/fastq/SRR403/031/SRR40310831/SRR40310831_1.fastq.gz	c397f3bac505eddef034711a45e0aae7	1411159594
PRJNA1516528	SAMN62608407	SRX34926295	SRR40310831	RNA-seq	RNA-Seq	PAIRED	PAIRED	PAIRED	R2	2	SRR40310831_2.fastq.gz	ftp.sra.ebi.ac.uk/vol1/fastq/SRR403/031/SRR40310831/SRR40310831_2.fastq.gz	c7867c7a4a9cbcb783b1bb356e7f3c5c	1418799832
PRJNA1516528	SAMN62608405	SRX34926293	SRR40310833	RNA-seq	RNA-Seq	PAIRED	PAIRED	PAIRED	R1	1	SRR40310833_1.fastq.gz	ftp.sra.ebi.ac.uk/vol1/fastq/SRR403/033/SRR40310833/SRR40310833_1.fastq.gz	095a11707282d132c950295eba6fa4dc	1582959091
PRJNA1516528	SAMN62608405	SRX34926293	SRR40310833	RNA-seq	RNA-Seq	PAIRED	PAIRED	PAIRED	R2	2	SRR40310833_2.fastq.gz	ftp.sra.ebi.ac.uk/vol1/fastq/SRR403/033/SRR40310833/SRR40310833_2.fastq.gz	cd4bbd22ed83db3506d82ed99aa39c1d	1591183729
PRJNA1516528	SAMN62608403	SRX34926291	SRR40310835	RNA-seq	RNA-Seq	PAIRED	PAIRED	PAIRED	R1	1	SRR40310835_1.fastq.gz	ftp.sra.ebi.ac.uk/vol1/fastq/SRR403/035/SRR40310835/SRR40310835_1.fastq.gz	be102d87d029a1fe22679cf54fbd4b0d	1517745681
PRJNA1516528	SAMN62608403	SRX34926291	SRR40310835	RNA-seq	RNA-Seq	PAIRED	PAIRED	PAIRED	R2	2	SRR40310835_2.fastq.gz	ftp.sra.ebi.ac.uk/vol1/fastq/SRR403/035/SRR40310835/SRR40310835_2.fastq.gz	bdce8b5c923d583dff3cf44340fba246	1527168404
PRJNA1516528	SAMN62608402	SRX34926290	SRR40310836	RNA-seq	RNA-Seq	PAIRED	PAIRED	PAIRED	R1	1	SRR40310836_1.fastq.gz	ftp.sra.ebi.ac.uk/vol1/fastq/SRR403/036/SRR40310836/SRR40310836_1.fastq.gz	bf4d1c517dfbebb697d3d9bec5982eb5	1545700332
PRJNA1516528	SAMN62608402	SRX34926290	SRR40310836	RNA-seq	RNA-Seq	PAIRED	PAIRED	PAIRED	R2	2	SRR40310836_2.fastq.gz	ftp.sra.ebi.ac.uk/vol1/fastq/SRR403/036/SRR40310836/SRR40310836_2.fastq.gz	b049c44089d74077923531ff1c3105ba	1550954744
PRJNA339147	SAMN05580156	SRX2026831	SRR4035674	RNA-seq	RNA-Seq	SINGLE	SINGLE	SINGLE	SINGLE	1	SRR4035674.fastq.gz	ftp.sra.ebi.ac.uk/vol1/fastq/SRR403/004/SRR4035674/SRR4035674.fastq.gz	43935b9daeb6af725bdd30072651be25	1885353303
PRJNA339147	SAMN05580165	SRX2026835	SRR4035678	RNA-seq	RNA-Seq	SINGLE	SINGLE	SINGLE	SINGLE	1	SRR4035678.fastq.gz	ftp.sra.ebi.ac.uk/vol1/fastq/SRR403/008/SRR4035678/SRR4035678.fastq.gz	61b88174b0ceb4f96192a665f473cc92	1469471468
PRJNA339147	SAMN05580162	SRX2026838	SRR4035681	RNA-seq	RNA-Seq	SINGLE	SINGLE	SINGLE	SINGLE	1	SRR4035681.fastq.gz	ftp.sra.ebi.ac.uk/vol1/fastq/SRR403/001/SRR4035681/SRR4035681.fastq.gz	9f92c77477bcaaaf67687881193044c4	1816444609
PRJNA318886	SAMN04869817	SRX1712694	SRR3401749	RNA-seq	RNA-Seq	PAIRED	PAIRED	PAIRED	R1	1	SRR3401749_1.fastq.gz	ftp.sra.ebi.ac.uk/vol1/fastq/SRR340/009/SRR3401749/SRR3401749_1.fastq.gz	55e56edcc9e121ce36cd7a4d2e668220	1326349859
PRJNA318886	SAMN04869817	SRX1712694	SRR3401749	RNA-seq	RNA-Seq	PAIRED	PAIRED	PAIRED	R2	2	SRR3401749_2.fastq.gz	ftp.sra.ebi.ac.uk/vol1/fastq/SRR340/009/SRR3401749/SRR3401749_2.fastq.gz	019e85f11f55cd60fb866030ebd536ae	1379951272
PRJNA318886	SAMN04869818	SRX1712695	SRR3401750	RNA-seq	RNA-Seq	PAIRED	PAIRED	PAIRED	R1	1	SRR3401750_1.fastq.gz	ftp.sra.ebi.ac.uk/vol1/fastq/SRR340/000/SRR3401750/SRR3401750_1.fastq.gz	cf59901ce1c635f11dc682550ac2b810	1325538703
PRJNA318886	SAMN04869818	SRX1712695	SRR3401750	RNA-seq	RNA-Seq	PAIRED	PAIRED	PAIRED	R2	2	SRR3401750_2.fastq.gz	ftp.sra.ebi.ac.uk/vol1/fastq/SRR340/000/SRR3401750/SRR3401750_2.fastq.gz	24fb5d82143cb7279a6f876516b0ce0d	1368882888
PRJNA318886	SAMN04869819	SRX1712696	SRR3401751	RNA-seq	RNA-Seq	PAIRED	PAIRED	PAIRED	R1	1	SRR3401751_1.fastq.gz	ftp.sra.ebi.ac.uk/vol1/fastq/SRR340/001/SRR3401751/SRR3401751_1.fastq.gz	f474551f51123a9a8acdc5b7a8e92b4a	1244637757
PRJNA318886	SAMN04869819	SRX1712696	SRR3401751	RNA-seq	RNA-Seq	PAIRED	PAIRED	PAIRED	R2	2	SRR3401751_2.fastq.gz	ftp.sra.ebi.ac.uk/vol1/fastq/SRR340/001/SRR3401751/SRR3401751_2.fastq.gz	9ca112c52c907f37d2d35586bf93b11f	1296482608
PRJNA318886	SAMN04869820	SRX1712697	SRR3401752	RNA-seq	RNA-Seq	PAIRED	PAIRED	PAIRED	R1	1	SRR3401752_1.fastq.gz	ftp.sra.ebi.ac.uk/vol1/fastq/SRR340/002/SRR3401752/SRR3401752_1.fastq.gz	4f5a8743c843c0b29faef43641f85c3e	1209673729
PRJNA318886	SAMN04869820	SRX1712697	SRR3401752	RNA-seq	RNA-Seq	PAIRED	PAIRED	PAIRED	R2	2	SRR3401752_2.fastq.gz	ftp.sra.ebi.ac.uk/vol1/fastq/SRR340/002/SRR3401752/SRR3401752_2.fastq.gz	aa00a027db75c0319833b242bee2ab1d	1252370838
PRJNA1363687	SAMN53215354	SRX31258997	SRR36222938	RNA-seq	RNA-Seq	PAIRED	PAIRED	PAIRED	R1	1	SRR36222938_1.fastq.gz	ftp.sra.ebi.ac.uk/vol1/fastq/SRR362/038/SRR36222938/SRR36222938_1.fastq.gz	22643d1856f727363cc6fd3273172cde	3775861739
PRJNA1363687	SAMN53215354	SRX31258997	SRR36222938	RNA-seq	RNA-Seq	PAIRED	PAIRED	PAIRED	R2	2	SRR36222938_2.fastq.gz	ftp.sra.ebi.ac.uk/vol1/fastq/SRR362/038/SRR36222938/SRR36222938_2.fastq.gz	713d334f0230fd444eae1562a5136145	3789818433
PRJNA1363687	SAMN53215350	SRX31258993	SRR36222942	RNA-seq	RNA-Seq	PAIRED	PAIRED	PAIRED	R1	1	SRR36222942_1.fastq.gz	ftp.sra.ebi.ac.uk/vol1/fastq/SRR362/042/SRR36222942/SRR36222942_1.fastq.gz	0285ee41fa1dd2fb34ca8f4d3d3ce5a0	789764402
PRJNA1363687	SAMN53215350	SRX31258993	SRR36222942	RNA-seq	RNA-Seq	PAIRED	PAIRED	PAIRED	R2	2	SRR36222942_2.fastq.gz	ftp.sra.ebi.ac.uk/vol1/fastq/SRR362/042/SRR36222942/SRR36222942_2.fastq.gz	25e2a633bb4234446b2d49a484d213ec	800368939
PRJNA1397461	SAMN54431539	SRX31674370	SRR36663584	RNA-seq	RNA-Seq	PAIRED	PAIRED	PAIRED	R1	1	SRR36663584_1.fastq.gz	ftp.sra.ebi.ac.uk/vol1/fastq/SRR366/084/SRR36663584/SRR36663584_1.fastq.gz	02539626ce7d0192d14ab774e3ded0e9	1337987747
PRJNA1397461	SAMN54431539	SRX31674370	SRR36663584	RNA-seq	RNA-Seq	PAIRED	PAIRED	PAIRED	R2	2	SRR36663584_2.fastq.gz	ftp.sra.ebi.ac.uk/vol1/fastq/SRR366/084/SRR36663584/SRR36663584_2.fastq.gz	940541e736b4c404e22463675181c541	1322426605
PRJNA1397461	SAMN54431538	SRX31674369	SRR36663585	RNA-seq	RNA-Seq	PAIRED	PAIRED	PAIRED	R1	1	SRR36663585_1.fastq.gz	ftp.sra.ebi.ac.uk/vol1/fastq/SRR366/085/SRR36663585/SRR36663585_1.fastq.gz	d84a70dc0e0d10af5d6ca80053013ae7	1509589960
PRJNA1397461	SAMN54431538	SRX31674369	SRR36663585	RNA-seq	RNA-Seq	PAIRED	PAIRED	PAIRED	R2	2	SRR36663585_2.fastq.gz	ftp.sra.ebi.ac.uk/vol1/fastq/SRR366/085/SRR36663585/SRR36663585_2.fastq.gz	bf251d6e6c00c71d04b65ecc6a125692	1504923632
PRJNA1397464	SAMN54431542	SRX31674376	SRR36663600	RNA-seq	RNA-Seq	PAIRED	PAIRED	PAIRED	R1	1	SRR36663600_1.fastq.gz	ftp.sra.ebi.ac.uk/vol1/fastq/SRR366/000/SRR36663600/SRR36663600_1.fastq.gz	64e4e0f16377bc8f36711bec6486b3da	1093740950
PRJNA1397464	SAMN54431542	SRX31674376	SRR36663600	RNA-seq	RNA-Seq	PAIRED	PAIRED	PAIRED	R2	2	SRR36663600_2.fastq.gz	ftp.sra.ebi.ac.uk/vol1/fastq/SRR366/000/SRR36663600/SRR36663600_2.fastq.gz	ecde6cec2a60bbf10466ffd3d25fd222	1099125634
PRJNA378939	SAMN06563820	SRX2654730	SRR5358890	RNA-seq	RNA-Seq	PAIRED	PAIRED	PAIRED	R1	1	SRR5358890_1.fastq.gz	ftp.sra.ebi.ac.uk/vol1/fastq/SRR535/000/SRR5358890/SRR5358890_1.fastq.gz	c0ebd34c97d25d4df73c2990930ec6dd	3762166222
PRJNA378939	SAMN06563820	SRX2654730	SRR5358890	RNA-seq	RNA-Seq	PAIRED	PAIRED	PAIRED	R2	2	SRR5358890_2.fastq.gz	ftp.sra.ebi.ac.uk/vol1/fastq/SRR535/000/SRR5358890/SRR5358890_2.fastq.gz	85183b48677d60d9cd6b3a19d3b07ab2	3859506188
PRJNA378247	SAMN06481670	SRX2701774	SRR5409489	RNA-seq	RNA-Seq	PAIRED	PAIRED	PAIRED	R1	1	SRR5409489_1.fastq.gz	ftp.sra.ebi.ac.uk/vol1/fastq/SRR540/009/SRR5409489/SRR5409489_1.fastq.gz	e39b27986042ebc1c2aa78bf14914ef8	1249108179
PRJNA378247	SAMN06481670	SRX2701774	SRR5409489	RNA-seq	RNA-Seq	PAIRED	PAIRED	PAIRED	R2	2	SRR5409489_2.fastq.gz	ftp.sra.ebi.ac.uk/vol1/fastq/SRR540/009/SRR5409489/SRR5409489_2.fastq.gz	74940af58412d7d02fa2fbf0d49e52d8	1222141179
PRJNA378247	SAMN06481669	SRX2701775	SRR5409490	RNA-seq	RNA-Seq	PAIRED	PAIRED	PAIRED	R1	1	SRR5409490_1.fastq.gz	ftp.sra.ebi.ac.uk/vol1/fastq/SRR540/000/SRR5409490/SRR5409490_1.fastq.gz	5330195a97c9e9305c9417afefd4ff8c	2133790302
PRJNA378247	SAMN06481669	SRX2701775	SRR5409490	RNA-seq	RNA-Seq	PAIRED	PAIRED	PAIRED	R2	2	SRR5409490_2.fastq.gz	ftp.sra.ebi.ac.uk/vol1/fastq/SRR540/000/SRR5409490/SRR5409490_2.fastq.gz	bf6631a3630b2f25559c1e42fc542993	2105011349
PRJNA393479	SAMN07334554	SRX2991090	SRR5812572	RNA-seq	RNA-Seq	PAIRED	PAIRED	PAIRED	R1	1	SRR5812572_1.fastq.gz	ftp.sra.ebi.ac.uk/vol1/fastq/SRR581/002/SRR5812572/SRR5812572_1.fastq.gz	2312e3aefab94a95e960ca78dc3d1e64	2187651268
PRJNA393479	SAMN07334554	SRX2991090	SRR5812572	RNA-seq	RNA-Seq	PAIRED	PAIRED	PAIRED	R2	2	SRR5812572_2.fastq.gz	ftp.sra.ebi.ac.uk/vol1/fastq/SRR581/002/SRR5812572/SRR5812572_2.fastq.gz	d321ab04fc4845586b459502c8cedcb2	2261034268
PRJNA393479	SAMN07334551	SRX2991093	SRR5812578	RNA-seq	RNA-Seq	PAIRED	PAIRED	PAIRED	R1	1	SRR5812578_1.fastq.gz	ftp.sra.ebi.ac.uk/vol1/fastq/SRR581/008/SRR5812578/SRR5812578_1.fastq.gz	4ddb045d17351d566ed39a47793230e7	2245116831
PRJNA393479	SAMN07334551	SRX2991093	SRR5812578	RNA-seq	RNA-Seq	PAIRED	PAIRED	PAIRED	R2	2	SRR5812578_2.fastq.gz	ftp.sra.ebi.ac.uk/vol1/fastq/SRR581/008/SRR5812578/SRR5812578_2.fastq.gz	8fb5716bba6c40762fa8565ac4d43350	2325543203
PRJNA504034	SAMN10388070	SRX4986362	SRR8165624	RNA-seq	RNA-Seq	PAIRED	PAIRED	PAIRED	R1	1	SRR8165624_1.fastq.gz	ftp.sra.ebi.ac.uk/vol1/fastq/SRR816/004/SRR8165624/SRR8165624_1.fastq.gz	286a535f1bfd7a812a073bfa4a2751d6	5683515964
PRJNA504034	SAMN10388070	SRX4986362	SRR8165624	RNA-seq	RNA-Seq	PAIRED	PAIRED	PAIRED	R2	2	SRR8165624_2.fastq.gz	ftp.sra.ebi.ac.uk/vol1/fastq/SRR816/004/SRR8165624/SRR8165624_2.fastq.gz	e182613317e1bbe0c683c19cf42e9cca	5765082010
PRJNA504034	SAMN10388066	SRX4986358	SRR8165628	RNA-seq	RNA-Seq	PAIRED	PAIRED	PAIRED	R1	1	SRR8165628_1.fastq.gz	ftp.sra.ebi.ac.uk/vol1/fastq/SRR816/008/SRR8165628/SRR8165628_1.fastq.gz	490f12ba1204e8f0049c777f02d02bec	5849236424
PRJNA504034	SAMN10388066	SRX4986358	SRR8165628	RNA-seq	RNA-Seq	PAIRED	PAIRED	PAIRED	R2	2	SRR8165628_2.fastq.gz	ftp.sra.ebi.ac.uk/vol1/fastq/SRR816/008/SRR8165628/SRR8165628_2.fastq.gz	ec2979caa51ac5f62f999b6df022b08c	5942507939
PRJNA504034	SAMN10388068	SRX4986356	SRR8165630	RNA-seq	RNA-Seq	PAIRED	PAIRED	PAIRED	R1	1	SRR8165630_1.fastq.gz	ftp.sra.ebi.ac.uk/vol1/fastq/SRR816/000/SRR8165630/SRR8165630_1.fastq.gz	bf6897e2e4ed48142db43ba51ba10b15	5672249890
PRJNA504034	SAMN10388068	SRX4986356	SRR8165630	RNA-seq	RNA-Seq	PAIRED	PAIRED	PAIRED	R2	2	SRR8165630_2.fastq.gz	ftp.sra.ebi.ac.uk/vol1/fastq/SRR816/000/SRR8165630/SRR8165630_2.fastq.gz	b00a8f05249a9484dce8b1cb17c36730	5658255602
PRJNA504034	SAMN10388064	SRX4986335	SRR8165651	RNA-seq	RNA-Seq	PAIRED	PAIRED	PAIRED	R1	1	SRR8165651_1.fastq.gz	ftp.sra.ebi.ac.uk/vol1/fastq/SRR816/001/SRR8165651/SRR8165651_1.fastq.gz	eed51f50f4b271bbac8ee94c78142f3c	2579240794
PRJNA504034	SAMN10388064	SRX4986335	SRR8165651	RNA-seq	RNA-Seq	PAIRED	PAIRED	PAIRED	R2	2	SRR8165651_2.fastq.gz	ftp.sra.ebi.ac.uk/vol1/fastq/SRR816/001/SRR8165651/SRR8165651_2.fastq.gz	35b285a279d3a8763b58362329b73ba5	2538497323
PRJNA504034	SAMN10388059	SRX4986328	SRR8165658	RNA-seq	RNA-Seq	PAIRED	PAIRED	PAIRED	R1	1	SRR8165658_1.fastq.gz	ftp.sra.ebi.ac.uk/vol1/fastq/SRR816/008/SRR8165658/SRR8165658_1.fastq.gz	e872ed16663b44bfbd063779e608585a	1829870169
PRJNA504034	SAMN10388059	SRX4986328	SRR8165658	RNA-seq	RNA-Seq	PAIRED	PAIRED	PAIRED	R2	2	SRR8165658_2.fastq.gz	ftp.sra.ebi.ac.uk/vol1/fastq/SRR816/008/SRR8165658/SRR8165658_2.fastq.gz	5ee1c3184f246ca5b5a29d80567cfbdd	1805904523
PRJNA504034	SAMN10388062	SRX4986327	SRR8165659	RNA-seq	RNA-Seq	PAIRED	PAIRED	PAIRED	R1	1	SRR8165659_1.fastq.gz	ftp.sra.ebi.ac.uk/vol1/fastq/SRR816/009/SRR8165659/SRR8165659_1.fastq.gz	edf04c24ebca34af5d69ac18121bb446	9656619844
PRJNA504034	SAMN10388062	SRX4986327	SRR8165659	RNA-seq	RNA-Seq	PAIRED	PAIRED	PAIRED	R2	2	SRR8165659_2.fastq.gz	ftp.sra.ebi.ac.uk/vol1/fastq/SRR816/009/SRR8165659/SRR8165659_2.fastq.gz	9453a5f77b5365a521ba61d202a8b043	9676663620
PRJNA504034	SAMN10388061	SRX4986326	SRR8165660	RNA-seq	RNA-Seq	PAIRED	PAIRED	PAIRED	R1	1	SRR8165660_1.fastq.gz	ftp.sra.ebi.ac.uk/vol1/fastq/SRR816/000/SRR8165660/SRR8165660_1.fastq.gz	82179167cc47acc9b4c303194119fb9a	9101389613
PRJNA504034	SAMN10388061	SRX4986326	SRR8165660	RNA-seq	RNA-Seq	PAIRED	PAIRED	PAIRED	R2	2	SRR8165660_2.fastq.gz	ftp.sra.ebi.ac.uk/vol1/fastq/SRR816/000/SRR8165660/SRR8165660_2.fastq.gz	ece52d33dc52c61969191481e5b634ab	9153797155
PRJNA504034	SAMN10388078	SRX4986325	SRR8165661	RNA-seq	RNA-Seq	PAIRED	PAIRED	PAIRED	R1	1	SRR8165661_1.fastq.gz	ftp.sra.ebi.ac.uk/vol1/fastq/SRR816/001/SRR8165661/SRR8165661_1.fastq.gz	829720d6e94cf1f645002b886eb1265b	5557216350
PRJNA504034	SAMN10388078	SRX4986325	SRR8165661	RNA-seq	RNA-Seq	PAIRED	PAIRED	PAIRED	R2	2	SRR8165661_2.fastq.gz	ftp.sra.ebi.ac.uk/vol1/fastq/SRR816/001/SRR8165661/SRR8165661_2.fastq.gz	388d5e24f959f388643537957a3c3b38	5627409520
PRJNA504034	SAMN10388081	SRX4986320	SRR8165666	RNA-seq	RNA-Seq	PAIRED	PAIRED	PAIRED	R1	1	SRR8165666_1.fastq.gz	ftp.sra.ebi.ac.uk/vol1/fastq/SRR816/006/SRR8165666/SRR8165666_1.fastq.gz	962e6b28d9f26407c16d62573bd5cdd3	5217591995
PRJNA504034	SAMN10388081	SRX4986320	SRR8165666	RNA-seq	RNA-Seq	PAIRED	PAIRED	PAIRED	R2	2	SRR8165666_2.fastq.gz	ftp.sra.ebi.ac.uk/vol1/fastq/SRR816/006/SRR8165666/SRR8165666_2.fastq.gz	4ab21716d5222497bb4a56ee86e9c705	5244282375
PRJNA504034	SAMN10388054	SRX4986312	SRR8165674	RNA-seq	RNA-Seq	PAIRED	PAIRED	PAIRED	R1	1	SRR8165674_1.fastq.gz	ftp.sra.ebi.ac.uk/vol1/fastq/SRR816/004/SRR8165674/SRR8165674_1.fastq.gz	54308b9d7c790d095f95282175b196fc	9494445663
PRJNA504034	SAMN10388054	SRX4986312	SRR8165674	RNA-seq	RNA-Seq	PAIRED	PAIRED	PAIRED	R2	2	SRR8165674_2.fastq.gz	ftp.sra.ebi.ac.uk/vol1/fastq/SRR816/004/SRR8165674/SRR8165674_2.fastq.gz	5b5b181f42ba19d78dc591265647c344	9562777995
PRJNA504034	SAMN10388046	SRX4986307	SRR8165679	RNA-seq	RNA-Seq	PAIRED	PAIRED	PAIRED	R1	1	SRR8165679_1.fastq.gz	ftp.sra.ebi.ac.uk/vol1/fastq/SRR816/009/SRR8165679/SRR8165679_1.fastq.gz	908e17de60e61eed73c22a9f4f2ab196	5336821995
PRJNA504034	SAMN10388046	SRX4986307	SRR8165679	RNA-seq	RNA-Seq	PAIRED	PAIRED	PAIRED	R2	2	SRR8165679_2.fastq.gz	ftp.sra.ebi.ac.uk/vol1/fastq/SRR816/009/SRR8165679/SRR8165679_2.fastq.gz	834bf7179f86847d432738050c131bd0	5513446280
PRJNA504034	SAMN10388050	SRX4986303	SRR8165683	RNA-seq	RNA-Seq	PAIRED	PAIRED	PAIRED	R1	1	SRR8165683_1.fastq.gz	ftp.sra.ebi.ac.uk/vol1/fastq/SRR816/003/SRR8165683/SRR8165683_1.fastq.gz	bcb4ea34aa8b1e5899a6e3a3d198ee0e	5929953801
PRJNA504034	SAMN10388050	SRX4986303	SRR8165683	RNA-seq	RNA-Seq	PAIRED	PAIRED	PAIRED	R2	2	SRR8165683_2.fastq.gz	ftp.sra.ebi.ac.uk/vol1/fastq/SRR816/003/SRR8165683/SRR8165683_2.fastq.gz	a62f2c9815de8786f5dba17dbeac671d	6074842856
PRJNA504034	SAMN10388049	SRX4986302	SRR8165684	RNA-seq	RNA-Seq	PAIRED	PAIRED	PAIRED	R1	1	SRR8165684_1.fastq.gz	ftp.sra.ebi.ac.uk/vol1/fastq/SRR816/004/SRR8165684/SRR8165684_1.fastq.gz	f867e7bc237f42c6375a73a7aa27ebe4	6117393163
PRJNA504034	SAMN10388049	SRX4986302	SRR8165684	RNA-seq	RNA-Seq	PAIRED	PAIRED	PAIRED	R2	2	SRR8165684_2.fastq.gz	ftp.sra.ebi.ac.uk/vol1/fastq/SRR816/004/SRR8165684/SRR8165684_2.fastq.gz	9e3a452d982177b79b6c1f5e3ed67b89	6267960115
PRJNA545135	SAMN11874999	SRX5910665	SRR9137504	RNA-seq	RNA-Seq	PAIRED	PAIRED	PAIRED	R1	1	SRR9137504_1.fastq.gz	ftp.sra.ebi.ac.uk/vol1/fastq/SRR913/004/SRR9137504/SRR9137504_1.fastq.gz	58ada1225cc69c1d8866465c474b8e87	1319391175
PRJNA545135	SAMN11874999	SRX5910665	SRR9137504	RNA-seq	RNA-Seq	PAIRED	PAIRED	PAIRED	R2	2	SRR9137504_2.fastq.gz	ftp.sra.ebi.ac.uk/vol1/fastq/SRR913/004/SRR9137504/SRR9137504_2.fastq.gz	38b2e1973cf8227b189b01d51e968e85	1356371698
PRJNA545309	SAMN11883836	SRX5924874	SRR9151758	RNA-seq	RNA-Seq	PAIRED	PAIRED	PAIRED	R1	1	SRR9151758_1.fastq.gz	ftp.sra.ebi.ac.uk/vol1/fastq/SRR915/008/SRR9151758/SRR9151758_1.fastq.gz	f9fbc679dffdaf7d6fe452942e083872	1091731490
PRJNA545309	SAMN11883836	SRX5924874	SRR9151758	RNA-seq	RNA-Seq	PAIRED	PAIRED	PAIRED	R2	2	SRR9151758_2.fastq.gz	ftp.sra.ebi.ac.uk/vol1/fastq/SRR915/008/SRR9151758/SRR9151758_2.fastq.gz	1ea017eb4ab1c19914b7aaff5d5199de	1099098060
PRJNA545309	SAMN11883830	SRX5924880	SRR9151764	RNA-seq	RNA-Seq	PAIRED	PAIRED	PAIRED	R1	1	SRR9151764_1.fastq.gz	ftp.sra.ebi.ac.uk/vol1/fastq/SRR915/004/SRR9151764/SRR9151764_1.fastq.gz	32752176152b440755bc0af8581824c5	1129174602
PRJNA545309	SAMN11883830	SRX5924880	SRR9151764	RNA-seq	RNA-Seq	PAIRED	PAIRED	PAIRED	R2	2	SRR9151764_2.fastq.gz	ftp.sra.ebi.ac.uk/vol1/fastq/SRR915/004/SRR9151764/SRR9151764_2.fastq.gz	6232d438c1c0f071feb4578a9913c74f	1134779701
PRJNA545309	SAMN11883828	SRX5924882	SRR9151766	RNA-seq	RNA-Seq	PAIRED	PAIRED	PAIRED	R1	1	SRR9151766_1.fastq.gz	ftp.sra.ebi.ac.uk/vol1/fastq/SRR915/006/SRR9151766/SRR9151766_1.fastq.gz	305b90c5dc98a39c8681602671b229c4	909245470
PRJNA545309	SAMN11883828	SRX5924882	SRR9151766	RNA-seq	RNA-Seq	PAIRED	PAIRED	PAIRED	R2	2	SRR9151766_2.fastq.gz	ftp.sra.ebi.ac.uk/vol1/fastq/SRR915/006/SRR9151766/SRR9151766_2.fastq.gz	a81ee22a0894e8fb20edb6058212b0ba	912765132
PRJNA545309	SAMN11883827	SRX5924883	SRR9151767	RNA-seq	RNA-Seq	PAIRED	PAIRED	PAIRED	R1	1	SRR9151767_1.fastq.gz	ftp.sra.ebi.ac.uk/vol1/fastq/SRR915/007/SRR9151767/SRR9151767_1.fastq.gz	7d4c5d9514997178ac5393d05ce369e0	1139980356
PRJNA545309	SAMN11883827	SRX5924883	SRR9151767	RNA-seq	RNA-Seq	PAIRED	PAIRED	PAIRED	R2	2	SRR9151767_2.fastq.gz	ftp.sra.ebi.ac.uk/vol1/fastq/SRR915/007/SRR9151767/SRR9151767_2.fastq.gz	ea6222082c732d9da83fa7201496e524	1146285964
PRJNA214684	SAMN02313288	SRX333375	SRR950107	RNA-seq	RNA-Seq	PAIRED	PAIRED	PAIRED	R1	1	SRR950107_1.fastq.gz	ftp.sra.ebi.ac.uk/vol1/fastq/SRR950/SRR950107/SRR950107_1.fastq.gz	f817139d9e00d149427b53ecf868e79a	9034516659
PRJNA214684	SAMN02313288	SRX333375	SRR950107	RNA-seq	RNA-Seq	PAIRED	PAIRED	PAIRED	R2	2	SRR950107_2.fastq.gz	ftp.sra.ebi.ac.uk/vol1/fastq/SRR950/SRR950107/SRR950107_2.fastq.gz	49e21a5dde250165d239e6e55fd0a923	9271112804
PRJNA551666	SAMN12162723	SRX6384003	SRR9620993	RNA-seq	RNA-Seq	SINGLE	SINGLE	SINGLE	SINGLE	1	SRR9620993.fastq.gz	ftp.sra.ebi.ac.uk/vol1/fastq/SRR962/003/SRR9620993/SRR9620993.fastq.gz	6439bffa37846092589f13c2207ab6b5	166214912
PRJNA551666	SAMN12162722	SRX6384004	SRR9620996	RNA-seq	RNA-Seq	SINGLE	SINGLE	SINGLE	SINGLE	1	SRR9620996.fastq.gz	ftp.sra.ebi.ac.uk/vol1/fastq/SRR962/006/SRR9620996/SRR9620996.fastq.gz	7981d0f515a39555230d0c144489b6e2	186436468
PRJNA551666	SAMN12162721	SRX6384005	SRR9621000	RNA-seq	RNA-Seq	SINGLE	SINGLE	SINGLE	SINGLE	1	SRR9621000.fastq.gz	ftp.sra.ebi.ac.uk/vol1/fastq/SRR962/000/SRR9621000/SRR9621000.fastq.gz	b2ef14b29f3b7edaff9cc0be6d5af4ba	202181370
PRJNA551666	SAMN12162719	SRX6384007	SRR9621007	RNA-seq	RNA-Seq	SINGLE	SINGLE	SINGLE	SINGLE	1	SRR9621007.fastq.gz	ftp.sra.ebi.ac.uk/vol1/fastq/SRR962/007/SRR9621007/SRR9621007.fastq.gz	25e47a01a344fdf228aa024e38e59171	165388297
PRJNA551666	SAMN12162717	SRX6384009	SRR9621015	RNA-seq	RNA-Seq	SINGLE	SINGLE	SINGLE	SINGLE	1	SRR9621015.fastq.gz	ftp.sra.ebi.ac.uk/vol1/fastq/SRR962/005/SRR9621015/SRR9621015.fastq.gz	98c7c56f8d5fb39a666b621972086d57	200525570
PRJNA551666	SAMN12162717	SRX6384009	SRR9621017	RNA-seq	RNA-Seq	SINGLE	SINGLE	SINGLE	SINGLE	1	SRR9621017.fastq.gz	ftp.sra.ebi.ac.uk/vol1/fastq/SRR962/007/SRR9621017/SRR9621017.fastq.gz	baa8eb6812b047681479b34f945c16d4	203364541
PRJNA551666	SAMN12162714	SRX6384012	SRR9621027	RNA-seq	RNA-Seq	SINGLE	SINGLE	SINGLE	SINGLE	1	SRR9621027.fastq.gz	ftp.sra.ebi.ac.uk/vol1/fastq/SRR962/007/SRR9621027/SRR9621027.fastq.gz	eea190ac31fb3b6e115b0981c5768c77	174905606
PRJNA551666	SAMN12162712	SRX6384014	SRR9621036	RNA-seq	RNA-Seq	SINGLE	SINGLE	SINGLE	SINGLE	1	SRR9621036.fastq.gz	ftp.sra.ebi.ac.uk/vol1/fastq/SRR962/006/SRR9621036/SRR9621036.fastq.gz	96b903a62273e86ca9fb2870a9abca5f	188250549
PRJNA551666	SAMN12162711	SRX6384015	SRR9621040	RNA-seq	RNA-Seq	SINGLE	SINGLE	SINGLE	SINGLE	1	SRR9621040.fastq.gz	ftp.sra.ebi.ac.uk/vol1/fastq/SRR962/000/SRR9621040/SRR9621040.fastq.gz	167c287d48adc0bce594a043a48b5a7f	165800967
PRJNA551666	SAMN12162708	SRX6384018	SRR9621052	RNA-seq	RNA-Seq	SINGLE	SINGLE	SINGLE	SINGLE	1	SRR9621052.fastq.gz	ftp.sra.ebi.ac.uk/vol1/fastq/SRR962/002/SRR9621052/SRR9621052.fastq.gz	6f9b795d1b544ec6155e72a3dbaec52b	95804616
PRJNA551666	SAMN12162725	SRX6384025	SRR9621079	RNA-seq	RNA-Seq	SINGLE	SINGLE	SINGLE	SINGLE	1	SRR9621079.fastq.gz	ftp.sra.ebi.ac.uk/vol1/fastq/SRR962/009/SRR9621079/SRR9621079.fastq.gz	91853458b3991269c163ba6beba2124d	205209798
PRJNA555245	SAMN12308449	SRX6461461	SRR9703436	RNA-seq	RNA-Seq	SINGLE	SINGLE	SINGLE	SINGLE	1	SRR9703436.fastq.gz	ftp.sra.ebi.ac.uk/vol1/fastq/SRR970/006/SRR9703436/SRR9703436.fastq.gz	89c9521cedcacd02013a4f7ed58fef28	2903108404
PRJNA488640	SAMN09938581	SRX4626199	SRR7770744	RNA-seq	RNA-Seq	PAIRED	PAIRED	PAIRED	R1	1	SRR7770744_1.fastq.gz	ftp.sra.ebi.ac.uk/vol1/fastq/SRR777/004/SRR7770744/SRR7770744_1.fastq.gz	4576dab415ece371af7a08258f422505	1470925402
PRJNA488640	SAMN09938581	SRX4626199	SRR7770744	RNA-seq	RNA-Seq	PAIRED	PAIRED	PAIRED	R2	2	SRR7770744_2.fastq.gz	ftp.sra.ebi.ac.uk/vol1/fastq/SRR777/004/SRR7770744/SRR7770744_2.fastq.gz	02be6ced4646c0b00529af6f289d3ba4	1531804378
PRJNA488640	SAMN09938580	SRX4626200	SRR7770745	RNA-seq	RNA-Seq	PAIRED	PAIRED	PAIRED	R1	1	SRR7770745_1.fastq.gz	ftp.sra.ebi.ac.uk/vol1/fastq/SRR777/005/SRR7770745/SRR7770745_1.fastq.gz	901dcac2997bb93b60f92ee5f524fd25	1455009472
PRJNA488640	SAMN09938580	SRX4626200	SRR7770745	RNA-seq	RNA-Seq	PAIRED	PAIRED	PAIRED	R2	2	SRR7770745_2.fastq.gz	ftp.sra.ebi.ac.uk/vol1/fastq/SRR777/005/SRR7770745/SRR7770745_2.fastq.gz	c6f087ef09396fe7acba06eef5212de1	1506506364
PRJNA489076	SAMN09948070	SRX4634289	SRR7779169	RNA-seq	RNA-Seq	PAIRED	PAIRED	PAIRED	R1	1	SRR7779169_1.fastq.gz	ftp.sra.ebi.ac.uk/vol1/fastq/SRR777/009/SRR7779169/SRR7779169_1.fastq.gz	939cffb8e4fe9e452aa4bb53387a885d	1479644454
PRJNA489076	SAMN09948070	SRX4634289	SRR7779169	RNA-seq	RNA-Seq	PAIRED	PAIRED	PAIRED	R2	2	SRR7779169_2.fastq.gz	ftp.sra.ebi.ac.uk/vol1/fastq/SRR777/009/SRR7779169/SRR7779169_2.fastq.gz	241b46d98f0ca8a304209385bf913d9c	1543441764
PRJNA489076	SAMN09948079	SRX4634299	SRR7779179	RNA-seq	RNA-Seq	PAIRED	PAIRED	PAIRED	R1	1	SRR7779179_1.fastq.gz	ftp.sra.ebi.ac.uk/vol1/fastq/SRR777/009/SRR7779179/SRR7779179_1.fastq.gz	d70595ea7c3d0fbb94c97f54bbe38381	1308401581
PRJNA489076	SAMN09948079	SRX4634299	SRR7779179	RNA-seq	RNA-Seq	PAIRED	PAIRED	PAIRED	R2	2	SRR7779179_2.fastq.gz	ftp.sra.ebi.ac.uk/vol1/fastq/SRR777/009/SRR7779179/SRR7779179_2.fastq.gz	3f3b77ab5ffc1750756030d97baed588	1372132080
PRJNA489076	SAMN09948076	SRX4634302	SRR7779182	RNA-seq	RNA-Seq	PAIRED	PAIRED	PAIRED	R1	1	SRR7779182_1.fastq.gz	ftp.sra.ebi.ac.uk/vol1/fastq/SRR777/002/SRR7779182/SRR7779182_1.fastq.gz	e98893da465bce94158c57b3aba92fc7	1555725140
PRJNA489076	SAMN09948076	SRX4634302	SRR7779182	RNA-seq	RNA-Seq	PAIRED	PAIRED	PAIRED	R2	2	SRR7779182_2.fastq.gz	ftp.sra.ebi.ac.uk/vol1/fastq/SRR777/002/SRR7779182/SRR7779182_2.fastq.gz	9260b657fe980b7b3dc59bcf58a12db1	1625798792
PRJNA489076	SAMN09948103	SRX4634307	SRR7779187	RNA-seq	RNA-Seq	PAIRED	PAIRED	PAIRED	R1	1	SRR7779187_1.fastq.gz	ftp.sra.ebi.ac.uk/vol1/fastq/SRR777/007/SRR7779187/SRR7779187_1.fastq.gz	adc83675712497d287e2d1b6e5aa60cf	1525771621
PRJNA489076	SAMN09948103	SRX4634307	SRR7779187	RNA-seq	RNA-Seq	PAIRED	PAIRED	PAIRED	R2	2	SRR7779187_2.fastq.gz	ftp.sra.ebi.ac.uk/vol1/fastq/SRR777/007/SRR7779187/SRR7779187_2.fastq.gz	2cefc731078ccda9e6149c2c5fcfb279	1603656570
PRJNA489076	SAMN09948102	SRX4634308	SRR7779188	RNA-seq	RNA-Seq	PAIRED	PAIRED	PAIRED	R1	1	SRR7779188_1.fastq.gz	ftp.sra.ebi.ac.uk/vol1/fastq/SRR777/008/SRR7779188/SRR7779188_1.fastq.gz	fd0aa87927e3df487cc6dc6bc7f26165	1347048092
PRJNA489076	SAMN09948102	SRX4634308	SRR7779188	RNA-seq	RNA-Seq	PAIRED	PAIRED	PAIRED	R2	2	SRR7779188_2.fastq.gz	ftp.sra.ebi.ac.uk/vol1/fastq/SRR777/008/SRR7779188/SRR7779188_2.fastq.gz	6bfb4ef130f09355a7d762b47f10370e	1416695761
PRJNA489076	SAMN09948096	SRX4634314	SRR7779194	RNA-seq	RNA-Seq	PAIRED	PAIRED	PAIRED	R1	1	SRR7779194_1.fastq.gz	ftp.sra.ebi.ac.uk/vol1/fastq/SRR777/004/SRR7779194/SRR7779194_1.fastq.gz	e8683f41c86e015582aa7fc2e3141cd9	1381633831
PRJNA489076	SAMN09948096	SRX4634314	SRR7779194	RNA-seq	RNA-Seq	PAIRED	PAIRED	PAIRED	R2	2	SRR7779194_2.fastq.gz	ftp.sra.ebi.ac.uk/vol1/fastq/SRR777/004/SRR7779194/SRR7779194_2.fastq.gz	b5a8aa206e8d9925677e013845fad3b6	1448242950
PRJNA489076	SAMN09948091	SRX4634319	SRR7779199	RNA-seq	RNA-Seq	PAIRED	PAIRED	PAIRED	R1	1	SRR7779199_1.fastq.gz	ftp.sra.ebi.ac.uk/vol1/fastq/SRR777/009/SRR7779199/SRR7779199_1.fastq.gz	56710a3dde5d17f559d783de54aabd3c	1700169888
PRJNA489076	SAMN09948091	SRX4634319	SRR7779199	RNA-seq	RNA-Seq	PAIRED	PAIRED	PAIRED	R2	2	SRR7779199_2.fastq.gz	ftp.sra.ebi.ac.uk/vol1/fastq/SRR777/009/SRR7779199/SRR7779199_2.fastq.gz	4b616e61364992c317b30422a6bc16fd	1771346998
PRJDB5737	SAMD00079368	DRX085006	DRR091432	RNA-seq	RNA-Seq	SINGLE	SINGLE	SINGLE	SINGLE	1	DRR091432.fastq.gz	ftp.sra.ebi.ac.uk/vol1/fastq/DRR091/DRR091432/DRR091432.fastq.gz	4e26c6fe6dbc0c7a13ea4b2919c3f008	363659198
PRJDB5737	SAMD00079369	DRX085007	DRR091435	RNA-seq	RNA-Seq	SINGLE	SINGLE	SINGLE	SINGLE	1	DRR091435.fastq.gz	ftp.sra.ebi.ac.uk/vol1/fastq/DRR091/DRR091435/DRR091435.fastq.gz	2082a559c5529b7d38eecc308e64d499	512986181
PRJDB5737	SAMD00079370	DRX085008	DRR091437	RNA-seq	RNA-Seq	SINGLE	SINGLE	SINGLE	SINGLE	1	DRR091437.fastq.gz	ftp.sra.ebi.ac.uk/vol1/fastq/DRR091/DRR091437/DRR091437.fastq.gz	f40dde9bf315975677e7dfab175546b2	452444206
PRJDB5898	SAMD00084271	DRX090096	DRR096600	RNA-seq	RNA-Seq	SINGLE	SINGLE	SINGLE	SINGLE	1	DRR096600.fastq.gz	ftp.sra.ebi.ac.uk/vol1/fastq/DRR096/DRR096600/DRR096600.fastq.gz	c618252343be50adb44c6ac6036f4139	918960250
PRJDB5898	SAMD00084273	DRX090098	DRR096602	RNA-seq	RNA-Seq	SINGLE	SINGLE	SINGLE	SINGLE	1	DRR096602.fastq.gz	ftp.sra.ebi.ac.uk/vol1/fastq/DRR096/DRR096602/DRR096602.fastq.gz	e10afd3c915b5c6c4a9c66486384f0af	966210496
PRJDB6126	SAMD00089407	DRX092932	DRR099454	RNA-seq	RNA-Seq	SINGLE	SINGLE	SINGLE	SINGLE	1	DRR099454.fastq.gz	ftp.sra.ebi.ac.uk/vol1/fastq/DRR099/DRR099454/DRR099454.fastq.gz	0656b077bb1e132040cb5a7643ee49e1	215013898
PRJDB6126	SAMD00089409	DRX092934	DRR099456	RNA-seq	RNA-Seq	SINGLE	SINGLE	SINGLE	SINGLE	1	DRR099456.fastq.gz	ftp.sra.ebi.ac.uk/vol1/fastq/DRR099/DRR099456/DRR099456.fastq.gz	e1710fc59d8eee87a7bcfe047314edfb	252047034
PRJDB6126	SAMD00089414	DRX092939	DRR099461	RNA-seq	RNA-Seq	SINGLE	SINGLE	SINGLE	SINGLE	1	DRR099461.fastq.gz	ftp.sra.ebi.ac.uk/vol1/fastq/DRR099/DRR099461/DRR099461.fastq.gz	aee16b16c853c2f0ff1ed11458de5f31	272631789
PRJDB6126	SAMD00089415	DRX092940	DRR099462	RNA-seq	RNA-Seq	SINGLE	SINGLE	SINGLE	SINGLE	1	DRR099462.fastq.gz	ftp.sra.ebi.ac.uk/vol1/fastq/DRR099/DRR099462/DRR099462.fastq.gz	1841cc48dd684163e4aef501e66e26f4	293105816
PRJDB6126	SAMD00089416	DRX092941	DRR099463	RNA-seq	RNA-Seq	SINGLE	SINGLE	SINGLE	SINGLE	1	DRR099463.fastq.gz	ftp.sra.ebi.ac.uk/vol1/fastq/DRR099/DRR099463/DRR099463.fastq.gz	f4c1f3b3a411f3346d67ca7dfeaaf423	277617424
PRJDB6126	SAMD00089422	DRX092947	DRR099469	RNA-seq	RNA-Seq	SINGLE	SINGLE	SINGLE	SINGLE	1	DRR099469.fastq.gz	ftp.sra.ebi.ac.uk/vol1/fastq/DRR099/DRR099469/DRR099469.fastq.gz	3a13b5885cf78c22f51a8d440e193f8a	281470643
PRJDB6126	SAMD00089424	DRX092949	DRR099471	RNA-seq	RNA-Seq	SINGLE	SINGLE	SINGLE	SINGLE	1	DRR099471.fastq.gz	ftp.sra.ebi.ac.uk/vol1/fastq/DRR099/DRR099471/DRR099471.fastq.gz	5eefa5dcc5bb53c8394206aa5cff6d79	307206721
PRJDB6126	SAMD00089437	DRX092962	DRR099484	RNA-seq	RNA-Seq	SINGLE	SINGLE	SINGLE	SINGLE	1	DRR099484.fastq.gz	ftp.sra.ebi.ac.uk/vol1/fastq/DRR099/DRR099484/DRR099484.fastq.gz	8dd30646a0253c098af1457d65bc40c5	290616999
PRJDB6126	SAMD00089445	DRX092970	DRR099492	RNA-seq	RNA-Seq	SINGLE	SINGLE	SINGLE	SINGLE	1	DRR099492.fastq.gz	ftp.sra.ebi.ac.uk/vol1/fastq/DRR099/DRR099492/DRR099492.fastq.gz	0f450f8f2060aa38b6e4b83001126684	300707005
PRJDB6793	SAMD00113896	DRX119130	DRR126386	RNA-seq	RNA-Seq	SINGLE	SINGLE	SINGLE	SINGLE	1	DRR126386.fastq.gz	ftp.sra.ebi.ac.uk/vol1/fastq/DRR126/DRR126386/DRR126386.fastq.gz	a7b12ca4dfeb3d835b244935e1986f31	319347146
PRJDB6793	SAMD00113897	DRX119131	DRR126387	RNA-seq	RNA-Seq	SINGLE	SINGLE	SINGLE	SINGLE	1	DRR126387.fastq.gz	ftp.sra.ebi.ac.uk/vol1/fastq/DRR126/DRR126387/DRR126387.fastq.gz	2464ef19f018828b1209cea24df5ca32	364385684
PRJDB6793	SAMD00113903	DRX119137	DRR126393	RNA-seq	RNA-Seq	SINGLE	SINGLE	SINGLE	SINGLE	1	DRR126393.fastq.gz	ftp.sra.ebi.ac.uk/vol1/fastq/DRR126/DRR126393/DRR126393.fastq.gz	f2a4b1a1c2a36b8f2f2d83bf6e4a73f5	500960480
PRJDB6793	SAMD00113908	DRX119142	DRR126398	RNA-seq	RNA-Seq	SINGLE	SINGLE	SINGLE	SINGLE	1	DRR126398.fastq.gz	ftp.sra.ebi.ac.uk/vol1/fastq/DRR126/DRR126398/DRR126398.fastq.gz	7f292cb87ab61e83015ee1ca729842ce	267984916
PRJDB6793	SAMD00113918	DRX119152	DRR126408	RNA-seq	RNA-Seq	SINGLE	SINGLE	SINGLE	SINGLE	1	DRR126408.fastq.gz	ftp.sra.ebi.ac.uk/vol1/fastq/DRR126/DRR126408/DRR126408.fastq.gz	24dd0a49a365b2c471e1217aca56e8e1	376330707
PRJDB6793	SAMD00113921	DRX119155	DRR126411	RNA-seq	RNA-Seq	SINGLE	SINGLE	SINGLE	SINGLE	1	DRR126411.fastq.gz	ftp.sra.ebi.ac.uk/vol1/fastq/DRR126/DRR126411/DRR126411.fastq.gz	b8ab564bfe03233696620759fa77dd5a	429160458
PRJDB6793	SAMD00113922	DRX119156	DRR126412	RNA-seq	RNA-Seq	SINGLE	SINGLE	SINGLE	SINGLE	1	DRR126412.fastq.gz	ftp.sra.ebi.ac.uk/vol1/fastq/DRR126/DRR126412/DRR126412.fastq.gz	da0a02e31bea65f964e793b4ce91bc38	396729582
PRJDB7873	SAMD00156501	DRX155562	DRR164943	RNA-seq	RNA-Seq	SINGLE	SINGLE	SINGLE	SINGLE	1	DRR164943.fastq.gz	ftp.sra.ebi.ac.uk/vol1/fastq/DRR164/DRR164943/DRR164943.fastq.gz	fe1940e8a7f1938113219519943577de	818388314
PRJDB7873	SAMD00156502	DRX155563	DRR164944	RNA-seq	RNA-Seq	SINGLE	SINGLE	SINGLE	SINGLE	1	DRR164944.fastq.gz	ftp.sra.ebi.ac.uk/vol1/fastq/DRR164/DRR164944/DRR164944.fastq.gz	209c6d85a70e131bee984e81bb223e3d	850263162
PRJDB7945	SAMD00159352	DRX159883	DRR169269	RNA-seq	RNA-Seq	SINGLE	SINGLE	SINGLE	SINGLE	1	DRR169269.fastq.gz	ftp.sra.ebi.ac.uk/vol1/fastq/DRR169/DRR169269/DRR169269.fastq.gz	35d026e6980f2413100e5facc13a51c5	537502286
PRJDB7945	SAMD00159358	DRX159889	DRR169275	RNA-seq	RNA-Seq	SINGLE	SINGLE	SINGLE	SINGLE	1	DRR169275.fastq.gz	ftp.sra.ebi.ac.uk/vol1/fastq/DRR169/DRR169275/DRR169275.fastq.gz	84abd2d735297f65c57bc2a735bb4a86	502156291
PRJDB7945	SAMD00159363	DRX159894	DRR169280	RNA-seq	RNA-Seq	SINGLE	SINGLE	SINGLE	SINGLE	1	DRR169280.fastq.gz	ftp.sra.ebi.ac.uk/vol1/fastq/DRR169/DRR169280/DRR169280.fastq.gz	02a68e5d07af6631f2fec44dec3a7177	295223560
PRJDB7945	SAMD00159369	DRX159900	DRR169286	RNA-seq	RNA-Seq	SINGLE	SINGLE	SINGLE	SINGLE	1	DRR169286.fastq.gz	ftp.sra.ebi.ac.uk/vol1/fastq/DRR169/DRR169286/DRR169286.fastq.gz	8f3c1d5c96d05d30bb83c47ef9862c08	370361817
PRJDB7945	SAMD00159372	DRX159903	DRR169289	RNA-seq	RNA-Seq	SINGLE	SINGLE	SINGLE	SINGLE	1	DRR169289.fastq.gz	ftp.sra.ebi.ac.uk/vol1/fastq/DRR169/DRR169289/DRR169289.fastq.gz	ed1bedf6eb9c14c2be9a9ca47f43988d	407366847
PRJDB7945	SAMD00159376	DRX159907	DRR169293	RNA-seq	RNA-Seq	SINGLE	SINGLE	SINGLE	SINGLE	1	DRR169293.fastq.gz	ftp.sra.ebi.ac.uk/vol1/fastq/DRR169/DRR169293/DRR169293.fastq.gz	6d149984e12b9e3e9ae20d41cfa69129	411540822
PRJDB7945	SAMD00159381	DRX159912	DRR169298	RNA-seq	RNA-Seq	SINGLE	SINGLE	SINGLE	SINGLE	1	DRR169298.fastq.gz	ftp.sra.ebi.ac.uk/vol1/fastq/DRR169/DRR169298/DRR169298.fastq.gz	d329a166850458b1b1f539bf26f7f293	359136207
PRJDB7945	SAMD00159382	DRX159913	DRR169299	RNA-seq	RNA-Seq	SINGLE	SINGLE	SINGLE	SINGLE	1	DRR169299.fastq.gz	ftp.sra.ebi.ac.uk/vol1/fastq/DRR169/DRR169299/DRR169299.fastq.gz	972547e21e6d1383fb0245b1669133ff	608042917
PRJDB17021	SAMD00731285	DRX508499	DRR524617	RNA-seq	RNA-Seq	PAIRED	PAIRED	PAIRED	R1	1	DRR524617_1.fastq.gz	ftp.sra.ebi.ac.uk/vol1/fastq/DRR524/DRR524617/DRR524617_1.fastq.gz	bdd47120a6a0e02ba48ccbe9e622e9fa	1781770218
PRJDB17021	SAMD00731285	DRX508499	DRR524617	RNA-seq	RNA-Seq	PAIRED	PAIRED	PAIRED	R2	2	DRR524617_2.fastq.gz	ftp.sra.ebi.ac.uk/vol1/fastq/DRR524/DRR524617/DRR524617_2.fastq.gz	4593f352aa559f73a477f7777f57602b	1782400595
PRJDB17021	SAMD00731288	DRX508502	DRR524620	RNA-seq	RNA-Seq	PAIRED	PAIRED	PAIRED	R1	1	DRR524620_1.fastq.gz	ftp.sra.ebi.ac.uk/vol1/fastq/DRR524/DRR524620/DRR524620_1.fastq.gz	a52b96e483833c5024bfea7acb6970b7	1275126711
PRJDB17021	SAMD00731288	DRX508502	DRR524620	RNA-seq	RNA-Seq	PAIRED	PAIRED	PAIRED	R2	2	DRR524620_2.fastq.gz	ftp.sra.ebi.ac.uk/vol1/fastq/DRR524/DRR524620/DRR524620_2.fastq.gz	42b13fa551c0b1795aea23b1ef6e4676	1275597500
PRJDB35724	SAMD01599747	DRX686800	DRR706776	RNA-seq	RNA-Seq	PAIRED	PAIRED	PAIRED	R1	1	DRR706776_1.fastq.gz	ftp.sra.ebi.ac.uk/vol1/fastq/DRR706/DRR706776/DRR706776_1.fastq.gz	3b1bbb2b8b9cf24a221125d62c48e39a	1009496702
PRJDB35724	SAMD01599747	DRX686800	DRR706776	RNA-seq	RNA-Seq	PAIRED	PAIRED	PAIRED	R2	2	DRR706776_2.fastq.gz	ftp.sra.ebi.ac.uk/vol1/fastq/DRR706/DRR706776/DRR706776_2.fastq.gz	9b52b53a6f44d19259efe1669f1aeba6	1082491001
PRJDB35724	SAMD01599748	DRX686801	DRR706777	RNA-seq	RNA-Seq	PAIRED	PAIRED	PAIRED	R1	1	DRR706777_1.fastq.gz	ftp.sra.ebi.ac.uk/vol1/fastq/DRR706/DRR706777/DRR706777_1.fastq.gz	220a060108cbabc8228792bc96d927da	925518037
PRJDB35724	SAMD01599748	DRX686801	DRR706777	RNA-seq	RNA-Seq	PAIRED	PAIRED	PAIRED	R2	2	DRR706777_2.fastq.gz	ftp.sra.ebi.ac.uk/vol1/fastq/DRR706/DRR706777/DRR706777_2.fastq.gz	a2f19ca6d91615b7c17afb13112c2aa3	986874638
PRJDB35724	SAMD01599750	DRX686803	DRR706779	RNA-seq	RNA-Seq	PAIRED	PAIRED	PAIRED	R1	1	DRR706779_1.fastq.gz	ftp.sra.ebi.ac.uk/vol1/fastq/DRR706/DRR706779/DRR706779_1.fastq.gz	bc1e38d3e737f70ee40ca49a1deea961	852864634
PRJDB35724	SAMD01599750	DRX686803	DRR706779	RNA-seq	RNA-Seq	PAIRED	PAIRED	PAIRED	R2	2	DRR706779_2.fastq.gz	ftp.sra.ebi.ac.uk/vol1/fastq/DRR706/DRR706779/DRR706779_2.fastq.gz	9e7d11f26e7913d0d08fb43a54081ad6	929361948
PRJDB35724	SAMD01599751	DRX686804	DRR706780	RNA-seq	RNA-Seq	PAIRED	PAIRED	PAIRED	R1	1	DRR706780_1.fastq.gz	ftp.sra.ebi.ac.uk/vol1/fastq/DRR706/DRR706780/DRR706780_1.fastq.gz	9b2ca9b668ed8ddaaebb1621adb2f2bf	669469817
PRJDB35724	SAMD01599751	DRX686804	DRR706780	RNA-seq	RNA-Seq	PAIRED	PAIRED	PAIRED	R2	2	DRR706780_2.fastq.gz	ftp.sra.ebi.ac.uk/vol1/fastq/DRR706/DRR706780/DRR706780_2.fastq.gz	b786f466b6868d2aa877a9c7fde1019e	728927660
PRJDB35724	SAMD01599753	DRX686806	DRR706782	RNA-seq	RNA-Seq	PAIRED	PAIRED	PAIRED	R1	1	DRR706782_1.fastq.gz	ftp.sra.ebi.ac.uk/vol1/fastq/DRR706/DRR706782/DRR706782_1.fastq.gz	abf06a579d622fdfced4bbb38ebdac02	1045339194
PRJDB35724	SAMD01599753	DRX686806	DRR706782	RNA-seq	RNA-Seq	PAIRED	PAIRED	PAIRED	R2	2	DRR706782_2.fastq.gz	ftp.sra.ebi.ac.uk/vol1/fastq/DRR706/DRR706782/DRR706782_2.fastq.gz	a254917c1fd962458820bff7d53c64a2	1083405597
PRJDB35724	SAMD01599756	DRX686809	DRR706785	RNA-seq	RNA-Seq	PAIRED	PAIRED	PAIRED	R1	1	DRR706785_1.fastq.gz	ftp.sra.ebi.ac.uk/vol1/fastq/DRR706/DRR706785/DRR706785_1.fastq.gz	364ce2e18c007cb22bec1831bdc104ad	924749825
PRJDB35724	SAMD01599756	DRX686809	DRR706785	RNA-seq	RNA-Seq	PAIRED	PAIRED	PAIRED	R2	2	DRR706785_2.fastq.gz	ftp.sra.ebi.ac.uk/vol1/fastq/DRR706/DRR706785/DRR706785_2.fastq.gz	f95718e2252cd0f1a0b89f07daa4b554	936605270
PRJDB35724	SAMD01599758	DRX686811	DRR706787	RNA-seq	RNA-Seq	PAIRED	PAIRED	PAIRED	R1	1	DRR706787_1.fastq.gz	ftp.sra.ebi.ac.uk/vol1/fastq/DRR706/DRR706787/DRR706787_1.fastq.gz	67a0e62de7ff4deab8c682cc6e14049e	1149696427
PRJDB35724	SAMD01599758	DRX686811	DRR706787	RNA-seq	RNA-Seq	PAIRED	PAIRED	PAIRED	R2	2	DRR706787_2.fastq.gz	ftp.sra.ebi.ac.uk/vol1/fastq/DRR706/DRR706787/DRR706787_2.fastq.gz	07803a7be9073913b1616d898eee52ef	1165344300
PRJEB55916	SAMEA111345355	ERX10195017	ERR10745717	RNA-seq	RNA-Seq	SINGLE	PAIRED	PAIRED	R1	1	ERR10745717_1.fastq.gz	ftp.sra.ebi.ac.uk/vol1/fastq/ERR107/017/ERR10745717/ERR10745717_1.fastq.gz	4f4647eea4e41dff1c5619edede8d2be	716460231
PRJEB55916	SAMEA111345355	ERX10195017	ERR10745717	RNA-seq	RNA-Seq	SINGLE	PAIRED	PAIRED	R2	2	ERR10745717_2.fastq.gz	ftp.sra.ebi.ac.uk/vol1/fastq/ERR107/017/ERR10745717/ERR10745717_2.fastq.gz	3d35fbad7e5fba6d1ed80481e5b0e689	734098465
PRJEB55916	SAMEA111345369	ERX10195031	ERR10745731	RNA-seq	RNA-Seq	SINGLE	PAIRED	PAIRED	R1	1	ERR10745731_1.fastq.gz	ftp.sra.ebi.ac.uk/vol1/fastq/ERR107/031/ERR10745731/ERR10745731_1.fastq.gz	ef771a9f3c2a71c9526b2a20dc7f5073	764578842
PRJEB55916	SAMEA111345369	ERX10195031	ERR10745731	RNA-seq	RNA-Seq	SINGLE	PAIRED	PAIRED	R2	2	ERR10745731_2.fastq.gz	ftp.sra.ebi.ac.uk/vol1/fastq/ERR107/031/ERR10745731/ERR10745731_2.fastq.gz	69249c2a295b802f271806f562bb2f11	773514076
PRJEB55916	SAMEA111345373	ERX10195035	ERR10745735	RNA-seq	RNA-Seq	SINGLE	PAIRED	PAIRED	R1	1	ERR10745735_1.fastq.gz	ftp.sra.ebi.ac.uk/vol1/fastq/ERR107/035/ERR10745735/ERR10745735_1.fastq.gz	ec304a653d577e8f1ed4e9b7cd004018	655192185
PRJEB55916	SAMEA111345373	ERX10195035	ERR10745735	RNA-seq	RNA-Seq	SINGLE	PAIRED	PAIRED	R2	2	ERR10745735_2.fastq.gz	ftp.sra.ebi.ac.uk/vol1/fastq/ERR107/035/ERR10745735/ERR10745735_2.fastq.gz	9d6d0e05e0e2f5019ed0e1ba5f9ba70d	668254371
PRJEB55916	SAMEA111345376	ERX10195038	ERR10745738	RNA-seq	RNA-Seq	SINGLE	PAIRED	PAIRED	R1	1	ERR10745738_1.fastq.gz	ftp.sra.ebi.ac.uk/vol1/fastq/ERR107/038/ERR10745738/ERR10745738_1.fastq.gz	24f0f84f66334698738799e27741e8fa	722593354
PRJEB55916	SAMEA111345376	ERX10195038	ERR10745738	RNA-seq	RNA-Seq	SINGLE	PAIRED	PAIRED	R2	2	ERR10745738_2.fastq.gz	ftp.sra.ebi.ac.uk/vol1/fastq/ERR107/038/ERR10745738/ERR10745738_2.fastq.gz	0adc51da2b2a3ef007b84f0185cee412	728319449
PRJEB55916	SAMEA111345386	ERX10195048	ERR10745748	RNA-seq	RNA-Seq	SINGLE	PAIRED	PAIRED	R1	1	ERR10745748_1.fastq.gz	ftp.sra.ebi.ac.uk/vol1/fastq/ERR107/048/ERR10745748/ERR10745748_1.fastq.gz	9eef5ba971b727c440d309c828d908e5	639056997
PRJEB55916	SAMEA111345386	ERX10195048	ERR10745748	RNA-seq	RNA-Seq	SINGLE	PAIRED	PAIRED	R2	2	ERR10745748_2.fastq.gz	ftp.sra.ebi.ac.uk/vol1/fastq/ERR107/048/ERR10745748/ERR10745748_2.fastq.gz	06223a9a8c05bca897f3d1fe923965c8	647094055
PRJEB55916	SAMEA111345392	ERX10195054	ERR10745754	RNA-seq	RNA-Seq	SINGLE	PAIRED	PAIRED	R1	1	ERR10745754_1.fastq.gz	ftp.sra.ebi.ac.uk/vol1/fastq/ERR107/054/ERR10745754/ERR10745754_1.fastq.gz	b22cca9fa3f4da0e61592bc6824676bd	532144669
PRJEB55916	SAMEA111345392	ERX10195054	ERR10745754	RNA-seq	RNA-Seq	SINGLE	PAIRED	PAIRED	R2	2	ERR10745754_2.fastq.gz	ftp.sra.ebi.ac.uk/vol1/fastq/ERR107/054/ERR10745754/ERR10745754_2.fastq.gz	c4bc6d1a868f18f99e98e15df9ed81f1	537136138
PRJEB55916	SAMEA111345395	ERX10195057	ERR10745757	RNA-seq	RNA-Seq	SINGLE	PAIRED	PAIRED	R1	1	ERR10745757_1.fastq.gz	ftp.sra.ebi.ac.uk/vol1/fastq/ERR107/057/ERR10745757/ERR10745757_1.fastq.gz	74b01a9c224be79d624c1202fee71b34	524866535
PRJEB55916	SAMEA111345395	ERX10195057	ERR10745757	RNA-seq	RNA-Seq	SINGLE	PAIRED	PAIRED	R2	2	ERR10745757_2.fastq.gz	ftp.sra.ebi.ac.uk/vol1/fastq/ERR107/057/ERR10745757/ERR10745757_2.fastq.gz	e94f65744cf5ef9e120a3195af625a5e	527783302
PRJEB89701	SAMEA118334019	ERX14404619	ERR15000454	RNA-seq	RNA-Seq	PAIRED	PAIRED	PAIRED	R1	1	ERR15000454_1.fastq.gz	ftp.sra.ebi.ac.uk/vol1/fastq/ERR150/054/ERR15000454/ERR15000454_1.fastq.gz	276d6969eac2f53ea10165fd06317ec5	1053450243
PRJEB89701	SAMEA118334019	ERX14404619	ERR15000454	RNA-seq	RNA-Seq	PAIRED	PAIRED	PAIRED	R2	2	ERR15000454_2.fastq.gz	ftp.sra.ebi.ac.uk/vol1/fastq/ERR150/054/ERR15000454/ERR15000454_2.fastq.gz	bc55d18a450413cdc1d9c43df569bcd2	1071709350
PRJEB89701	SAMEA118334021	ERX14404621	ERR15000456	RNA-seq	RNA-Seq	PAIRED	PAIRED	PAIRED	R1	1	ERR15000456_1.fastq.gz	ftp.sra.ebi.ac.uk/vol1/fastq/ERR150/056/ERR15000456/ERR15000456_1.fastq.gz	7841bf6198bd1c8847e608852a749e50	1045271422
PRJEB89701	SAMEA118334021	ERX14404621	ERR15000456	RNA-seq	RNA-Seq	PAIRED	PAIRED	PAIRED	R2	2	ERR15000456_2.fastq.gz	ftp.sra.ebi.ac.uk/vol1/fastq/ERR150/056/ERR15000456/ERR15000456_2.fastq.gz	7db9c35d986135b490a03fe57694fbdc	1096392772
PRJEB89701	SAMEA118334029	ERX14404629	ERR15000464	RNA-seq	RNA-Seq	PAIRED	PAIRED	PAIRED	R1	1	ERR15000464_1.fastq.gz	ftp.sra.ebi.ac.uk/vol1/fastq/ERR150/064/ERR15000464/ERR15000464_1.fastq.gz	7289a9b8c746551e6344ccead8fdd93a	1013722859
PRJEB89701	SAMEA118334029	ERX14404629	ERR15000464	RNA-seq	RNA-Seq	PAIRED	PAIRED	PAIRED	R2	2	ERR15000464_2.fastq.gz	ftp.sra.ebi.ac.uk/vol1/fastq/ERR150/064/ERR15000464/ERR15000464_2.fastq.gz	a718f7656a5b46fac9b9c1c1d47f47a5	1043127196
PRJEB89701	SAMEA118334030	ERX14404630	ERR15000465	RNA-seq	RNA-Seq	PAIRED	PAIRED	PAIRED	R1	1	ERR15000465_1.fastq.gz	ftp.sra.ebi.ac.uk/vol1/fastq/ERR150/065/ERR15000465/ERR15000465_1.fastq.gz	91db9d5736b84c577e6c19b8afa105aa	1118251133
PRJEB89701	SAMEA118334030	ERX14404630	ERR15000465	RNA-seq	RNA-Seq	PAIRED	PAIRED	PAIRED	R2	2	ERR15000465_2.fastq.gz	ftp.sra.ebi.ac.uk/vol1/fastq/ERR150/065/ERR15000465/ERR15000465_2.fastq.gz	139dbd557f10b712fb0290542c68524c	1169337457
PRJEB89701	SAMEA118334032	ERX14404632	ERR15000467	RNA-seq	RNA-Seq	PAIRED	PAIRED	PAIRED	R1	1	ERR15000467_1.fastq.gz	ftp.sra.ebi.ac.uk/vol1/fastq/ERR150/067/ERR15000467/ERR15000467_1.fastq.gz	049ba0cb5a6ea8b360ea1782a4a1fc70	934938270
PRJEB89701	SAMEA118334032	ERX14404632	ERR15000467	RNA-seq	RNA-Seq	PAIRED	PAIRED	PAIRED	R2	2	ERR15000467_2.fastq.gz	ftp.sra.ebi.ac.uk/vol1/fastq/ERR150/067/ERR15000467/ERR15000467_2.fastq.gz	17afc04b31a6b2c5df17f87176a54013	983901635
PRJEB89701	SAMEA118334033	ERX14404633	ERR15000468	RNA-seq	RNA-Seq	PAIRED	PAIRED	PAIRED	R1	1	ERR15000468_1.fastq.gz	ftp.sra.ebi.ac.uk/vol1/fastq/ERR150/068/ERR15000468/ERR15000468_1.fastq.gz	b21f2c5650e9b48df0ef07601d17860d	1162107431
PRJEB89701	SAMEA118334033	ERX14404633	ERR15000468	RNA-seq	RNA-Seq	PAIRED	PAIRED	PAIRED	R2	2	ERR15000468_2.fastq.gz	ftp.sra.ebi.ac.uk/vol1/fastq/ERR150/068/ERR15000468/ERR15000468_2.fastq.gz	ee62ddb1a9ec1ff69079036e4113985e	1235714633
PRJEB89701	SAMEA118334040	ERX14404640	ERR15000475	RNA-seq	RNA-Seq	PAIRED	PAIRED	PAIRED	R1	1	ERR15000475_1.fastq.gz	ftp.sra.ebi.ac.uk/vol1/fastq/ERR150/075/ERR15000475/ERR15000475_1.fastq.gz	fbf5e0f89c36953bff0850c04026e614	934455147
PRJEB89701	SAMEA118334040	ERX14404640	ERR15000475	RNA-seq	RNA-Seq	PAIRED	PAIRED	PAIRED	R2	2	ERR15000475_2.fastq.gz	ftp.sra.ebi.ac.uk/vol1/fastq/ERR150/075/ERR15000475/ERR15000475_2.fastq.gz	5a12f8237783044af945588e2ed55948	980667358
PRJEB89701	SAMEA118334073	ERX14404673	ERR15000508	RNA-seq	RNA-Seq	PAIRED	PAIRED	PAIRED	R1	1	ERR15000508_1.fastq.gz	ftp.sra.ebi.ac.uk/vol1/fastq/ERR150/008/ERR15000508/ERR15000508_1.fastq.gz	2ac442e88362f7fe9c866eaf2d85cecf	875773564
PRJEB89701	SAMEA118334073	ERX14404673	ERR15000508	RNA-seq	RNA-Seq	PAIRED	PAIRED	PAIRED	R2	2	ERR15000508_2.fastq.gz	ftp.sra.ebi.ac.uk/vol1/fastq/ERR150/008/ERR15000508/ERR15000508_2.fastq.gz	b33c00f3ea65a8b756df68687f999df4	894482938
PRJEB89701	SAMEA118334084	ERX14404684	ERR15000519	RNA-seq	RNA-Seq	PAIRED	PAIRED	PAIRED	R1	1	ERR15000519_1.fastq.gz	ftp.sra.ebi.ac.uk/vol1/fastq/ERR150/019/ERR15000519/ERR15000519_1.fastq.gz	f276c935fc8ec225a2f581d9aa3dc905	1016846213
PRJEB89701	SAMEA118334084	ERX14404684	ERR15000519	RNA-seq	RNA-Seq	PAIRED	PAIRED	PAIRED	R2	2	ERR15000519_2.fastq.gz	ftp.sra.ebi.ac.uk/vol1/fastq/ERR150/019/ERR15000519/ERR15000519_2.fastq.gz	0a51fcb8e89256cac32e0266510d1e7d	1086576564
PRJEB91924	SAMEA118679751	ERX14638333	ERR15232642	RNA-seq	RNA-Seq	SINGLE	SINGLE	SINGLE	SINGLE	1	ERR15232642.fastq.gz	ftp.sra.ebi.ac.uk/vol1/fastq/ERR152/042/ERR15232642/ERR15232642.fastq.gz	de466a539fd27f8f1666f4dc89fd8379	3713540689
PRJEB108721	SAMEA121759866	ERX16120886	ERR16729277	RNA-seq	RNA-Seq	SINGLE	PAIRED	PAIRED	R1	1	ERR16729277_1.fastq.gz	ftp.sra.ebi.ac.uk/vol1/fastq/ERR167/077/ERR16729277/ERR16729277_1.fastq.gz	3885c61890e7ad4377c27e7009ccae6d	844852017
PRJEB108721	SAMEA121759866	ERX16120886	ERR16729277	RNA-seq	RNA-Seq	SINGLE	PAIRED	PAIRED	R2	2	ERR16729277_2.fastq.gz	ftp.sra.ebi.ac.uk/vol1/fastq/ERR167/077/ERR16729277/ERR16729277_2.fastq.gz	eaa251426ed66a892550860131cc663d	886181467
PRJEB108721	SAMEA121759869	ERX16120889	ERR16729280	RNA-seq	RNA-Seq	SINGLE	PAIRED	PAIRED	R1	1	ERR16729280_1.fastq.gz	ftp.sra.ebi.ac.uk/vol1/fastq/ERR167/080/ERR16729280/ERR16729280_1.fastq.gz	c8a7ff5f522c723dc219b1380068e066	1298835361
PRJEB108721	SAMEA121759869	ERX16120889	ERR16729280	RNA-seq	RNA-Seq	SINGLE	PAIRED	PAIRED	R2	2	ERR16729280_2.fastq.gz	ftp.sra.ebi.ac.uk/vol1/fastq/ERR167/080/ERR16729280/ERR16729280_2.fastq.gz	2a5481140e8b8891af65a78b019d8d86	1330937328
PRJEB108721	SAMEA121759875	ERX16120895	ERR16729286	RNA-seq	RNA-Seq	SINGLE	PAIRED	PAIRED	R1	1	ERR16729286_1.fastq.gz	ftp.sra.ebi.ac.uk/vol1/fastq/ERR167/086/ERR16729286/ERR16729286_1.fastq.gz	37828d1332c95f5dd677899e3a63ed69	985681560
PRJEB108721	SAMEA121759875	ERX16120895	ERR16729286	RNA-seq	RNA-Seq	SINGLE	PAIRED	PAIRED	R2	2	ERR16729286_2.fastq.gz	ftp.sra.ebi.ac.uk/vol1/fastq/ERR167/086/ERR16729286/ERR16729286_2.fastq.gz	c4126c929ad62370f149c184328fd32e	1019912524
PRJEB108721	SAMEA121759877	ERX16120897	ERR16729288	RNA-seq	RNA-Seq	SINGLE	PAIRED	PAIRED	R1	1	ERR16729288_1.fastq.gz	ftp.sra.ebi.ac.uk/vol1/fastq/ERR167/088/ERR16729288/ERR16729288_1.fastq.gz	ff0f22fd0bfb7283290083f752a7ff34	926465610
PRJEB108721	SAMEA121759877	ERX16120897	ERR16729288	RNA-seq	RNA-Seq	SINGLE	PAIRED	PAIRED	R2	2	ERR16729288_2.fastq.gz	ftp.sra.ebi.ac.uk/vol1/fastq/ERR167/088/ERR16729288/ERR16729288_2.fastq.gz	d03214e880a9eddd0572bdeb6fadc213	972394842
PRJEB108721	SAMEA121759882	ERX16120902	ERR16729293	RNA-seq	RNA-Seq	SINGLE	PAIRED	PAIRED	R1	1	ERR16729293_1.fastq.gz	ftp.sra.ebi.ac.uk/vol1/fastq/ERR167/093/ERR16729293/ERR16729293_1.fastq.gz	51677d440bd9e18bcf01db997f26b224	890613139
PRJEB108721	SAMEA121759882	ERX16120902	ERR16729293	RNA-seq	RNA-Seq	SINGLE	PAIRED	PAIRED	R2	2	ERR16729293_2.fastq.gz	ftp.sra.ebi.ac.uk/vol1/fastq/ERR167/093/ERR16729293/ERR16729293_2.fastq.gz	2d0e4f2880d78ffe099890fcf6e8900b	928415257
PRJEB14303	SAMEA4467461	ERX2043467	ERR1983091	RNA-seq	RNA-Seq	PAIRED	PAIRED	PAIRED	R1	1	ERR1983091_1.fastq.gz	ftp.sra.ebi.ac.uk/vol1/fastq/ERR198/001/ERR1983091/ERR1983091_1.fastq.gz	eb82fcfc497c0a0a7b8da625c55e509b	1874136160
PRJEB14303	SAMEA4467461	ERX2043467	ERR1983091	RNA-seq	RNA-Seq	PAIRED	PAIRED	PAIRED	R2	2	ERR1983091_2.fastq.gz	ftp.sra.ebi.ac.uk/vol1/fastq/ERR198/001/ERR1983091/ERR1983091_2.fastq.gz	d4ff9c91be1aa1a993995ecf53ec32a4	1910657613
PRJEB14303	SAMEA4467467	ERX2043473	ERR1983097	RNA-seq	RNA-Seq	PAIRED	PAIRED	PAIRED	R1	1	ERR1983097_1.fastq.gz	ftp.sra.ebi.ac.uk/vol1/fastq/ERR198/007/ERR1983097/ERR1983097_1.fastq.gz	b4cf4e8b1f1b9f60ed7a5b12a592ee88	1718207015
PRJEB14303	SAMEA4467467	ERX2043473	ERR1983097	RNA-seq	RNA-Seq	PAIRED	PAIRED	PAIRED	R2	2	ERR1983097_2.fastq.gz	ftp.sra.ebi.ac.uk/vol1/fastq/ERR198/007/ERR1983097/ERR1983097_2.fastq.gz	f2618913805d74dca1a8ac7cb3a7b537	1760475970
PRJEB9291	SAMEA4681447	ERX2609475	ERR2593199	RNA-seq	RNA-Seq	PAIRED	PAIRED	PAIRED	R1	1	ERR2593199_1.fastq.gz	ftp.sra.ebi.ac.uk/vol1/fastq/ERR259/009/ERR2593199/ERR2593199_1.fastq.gz	656d2e205ce1264bca5370b7fe8e1eaa	3857886910
PRJEB9291	SAMEA4681447	ERX2609475	ERR2593199	RNA-seq	RNA-Seq	PAIRED	PAIRED	PAIRED	R2	2	ERR2593199_2.fastq.gz	ftp.sra.ebi.ac.uk/vol1/fastq/ERR259/009/ERR2593199/ERR2593199_2.fastq.gz	ca1e314e130da501e157d701b4fac674	3769843393
PRJEB9291	SAMEA4681451	ERX2609479	ERR2593203	RNA-seq	RNA-Seq	PAIRED	PAIRED	PAIRED	R1	1	ERR2593203_1.fastq.gz	ftp.sra.ebi.ac.uk/vol1/fastq/ERR259/003/ERR2593203/ERR2593203_1.fastq.gz	ca0b276d5f5323a36853ba5d3f946470	3414397260
PRJEB9291	SAMEA4681451	ERX2609479	ERR2593203	RNA-seq	RNA-Seq	PAIRED	PAIRED	PAIRED	R2	2	ERR2593203_2.fastq.gz	ftp.sra.ebi.ac.uk/vol1/fastq/ERR259/003/ERR2593203/ERR2593203_2.fastq.gz	b1d84cf023932734e6c8dd92b32c5943	3416049260
PRJEB9291	SAMEA4681454	ERX2609482	ERR2593206	RNA-seq	RNA-Seq	PAIRED	PAIRED	PAIRED	R1	1	ERR2593206_1.fastq.gz	ftp.sra.ebi.ac.uk/vol1/fastq/ERR259/006/ERR2593206/ERR2593206_1.fastq.gz	33f5631f04ee6426980ace035d1ed220	2546636409
PRJEB9291	SAMEA4681454	ERX2609482	ERR2593206	RNA-seq	RNA-Seq	PAIRED	PAIRED	PAIRED	R2	2	ERR2593206_2.fastq.gz	ftp.sra.ebi.ac.uk/vol1/fastq/ERR259/006/ERR2593206/ERR2593206_2.fastq.gz	d2863235fc9b9059310d8efbeb810c2a	2523941786
PRJEB9291	SAMEA4681867	ERX2609902	ERR2593627	ChIP-seq	ChIP-Seq	SINGLE	SINGLE	SINGLE	SINGLE	1	ERR2593627.fastq.gz	ftp.sra.ebi.ac.uk/vol1/fastq/ERR259/007/ERR2593627/ERR2593627.fastq.gz	31ef70bf86a0184356119c8a36800f70	1464135097
PRJEB9291	SAMEA4681872	ERX2609907	ERR2593632	ChIP-seq	ChIP-Seq	SINGLE	SINGLE	SINGLE	SINGLE	1	ERR2593632.fastq.gz	ftp.sra.ebi.ac.uk/vol1/fastq/ERR259/002/ERR2593632/ERR2593632.fastq.gz	67e834bfb9f179c722326e7d7b955586	576538563
PRJEB9291	SAMEA4681875	ERX2609910	ERR2593635	ChIP-seq	ChIP-Seq	SINGLE	SINGLE	SINGLE	SINGLE	1	ERR2593635.fastq.gz	ftp.sra.ebi.ac.uk/vol1/fastq/ERR259/005/ERR2593635/ERR2593635.fastq.gz	9bd65b76b5ed43851b662ae98e7d4e82	1392324456
PRJEB9291	SAMEA4681924	ERX2609930	ERR2593655	ChIP-seq	ChIP-Seq	SINGLE	SINGLE	SINGLE	SINGLE	1	ERR2593655.fastq.gz	ftp.sra.ebi.ac.uk/vol1/fastq/ERR259/005/ERR2593655/ERR2593655.fastq.gz	9cd6aef2c70f5632ef540821db197103	245325200
PRJEB9291	SAMEA4681925	ERX2609931	ERR2593656	ChIP-seq	ChIP-Seq	SINGLE	SINGLE	SINGLE	SINGLE	1	ERR2593656.fastq.gz	ftp.sra.ebi.ac.uk/vol1/fastq/ERR259/006/ERR2593656/ERR2593656.fastq.gz	50517197895d34634444b4b0cef069b2	1445888641
PRJEB9291	SAMEA4681929	ERX2609935	ERR2593660	ChIP-seq	ChIP-Seq	SINGLE	SINGLE	SINGLE	SINGLE	1	ERR2593660.fastq.gz	ftp.sra.ebi.ac.uk/vol1/fastq/ERR259/000/ERR2593660/ERR2593660.fastq.gz	ace84227107cb971a8faeeb70e05013f	1778728508
PRJEB9291	SAMEA4681915	ERX2609950	ERR2593675	ChIP-seq	ChIP-Seq	SINGLE	SINGLE	SINGLE	SINGLE	1	ERR2593675.fastq.gz	ftp.sra.ebi.ac.uk/vol1/fastq/ERR259/005/ERR2593675/ERR2593675.fastq.gz	a8079fb38b787c95232c30fa18c4ff24	1853914685
PRJEB9291	SAMEA4681881	ERX2609958	ERR2593683	ChIP-seq	ChIP-Seq	SINGLE	SINGLE	SINGLE	SINGLE	1	ERR2593683.fastq.gz	ftp.sra.ebi.ac.uk/vol1/fastq/ERR259/003/ERR2593683/ERR2593683.fastq.gz	a769b61352d659c44c18268ff47b8b43	762325787
PRJEB9291	SAMEA4681889	ERX2609966	ERR2593691	ChIP-seq	ChIP-Seq	SINGLE	SINGLE	SINGLE	SINGLE	1	ERR2593691.fastq.gz	ftp.sra.ebi.ac.uk/vol1/fastq/ERR259/001/ERR2593691/ERR2593691.fastq.gz	ea7473da41e0ce87949a2576f66e9eb2	585073067
PRJEB9291	SAMEA4681893	ERX2609970	ERR2593695	ChIP-seq	ChIP-Seq	SINGLE	SINGLE	SINGLE	SINGLE	1	ERR2593695.fastq.gz	ftp.sra.ebi.ac.uk/vol1/fastq/ERR259/005/ERR2593695/ERR2593695.fastq.gz	559cf613b9eb00d907fa681f8bda4d16	1749609292
PRJEB9291	SAMEA4681902	ERX2609979	ERR2593704	ChIP-seq	ChIP-Seq	SINGLE	SINGLE	SINGLE	SINGLE	1	ERR2593704.fastq.gz	ftp.sra.ebi.ac.uk/vol1/fastq/ERR259/004/ERR2593704/ERR2593704.fastq.gz	edcfc0f7f75f0cb4fcbc18acf588bef5	1219962451
PRJEB9291	SAMEA4681903	ERX2609980	ERR2593705	ChIP-seq	ChIP-Seq	SINGLE	SINGLE	SINGLE	SINGLE	1	ERR2593705.fastq.gz	ftp.sra.ebi.ac.uk/vol1/fastq/ERR259/005/ERR2593705/ERR2593705.fastq.gz	e76bfd5233269f735ce55d8a893b8062	1593625129
PRJEB30364	SAMEA5176888	ERX3004243	ERR3001879	RNA-seq	RNA-Seq	PAIRED	PAIRED	PAIRED	R1	1	ERR3001879_1.fastq.gz	ftp.sra.ebi.ac.uk/vol1/fastq/ERR300/009/ERR3001879/ERR3001879_1.fastq.gz	4a4b627a094ad1eec826b95f95b9b881	1651982151
PRJEB30364	SAMEA5176888	ERX3004243	ERR3001879	RNA-seq	RNA-Seq	PAIRED	PAIRED	PAIRED	R2	2	ERR3001879_2.fastq.gz	ftp.sra.ebi.ac.uk/vol1/fastq/ERR300/009/ERR3001879/ERR3001879_2.fastq.gz	1cb19791f207ca9936e5996b11cf2720	1637055164
PRJEB30364	SAMEA5176889	ERX3004244	ERR3001880	RNA-seq	RNA-Seq	PAIRED	PAIRED	PAIRED	R1	1	ERR3001880_1.fastq.gz	ftp.sra.ebi.ac.uk/vol1/fastq/ERR300/000/ERR3001880/ERR3001880_1.fastq.gz	8f5b424b290ba4c4d0bae9dbbf7446d5	1733432691
PRJEB30364	SAMEA5176889	ERX3004244	ERR3001880	RNA-seq	RNA-Seq	PAIRED	PAIRED	PAIRED	R2	2	ERR3001880_2.fastq.gz	ftp.sra.ebi.ac.uk/vol1/fastq/ERR300/000/ERR3001880/ERR3001880_2.fastq.gz	dc4e55af808434ce4d83e92bbbc3abf6	1738629966
PRJEB30364	SAMEA5176890	ERX3004245	ERR3001881	RNA-seq	RNA-Seq	PAIRED	PAIRED	PAIRED	R1	1	ERR3001881_1.fastq.gz	ftp.sra.ebi.ac.uk/vol1/fastq/ERR300/001/ERR3001881/ERR3001881_1.fastq.gz	dbabde621dc6ade2decb5fa9ae2507e7	1609964978
PRJEB30364	SAMEA5176890	ERX3004245	ERR3001881	RNA-seq	RNA-Seq	PAIRED	PAIRED	PAIRED	R2	2	ERR3001881_2.fastq.gz	ftp.sra.ebi.ac.uk/vol1/fastq/ERR300/001/ERR3001881/ERR3001881_2.fastq.gz	116ed216baf4053d4a5955d947af2a51	1626203380
PRJEB30364	SAMEA5176894	ERX3004249	ERR3001885	RNA-seq	RNA-Seq	PAIRED	PAIRED	PAIRED	R1	1	ERR3001885_1.fastq.gz	ftp.sra.ebi.ac.uk/vol1/fastq/ERR300/005/ERR3001885/ERR3001885_1.fastq.gz	ce653a9bec58b42298bf4d8091930ec4	1635245966
PRJEB30364	SAMEA5176894	ERX3004249	ERR3001885	RNA-seq	RNA-Seq	PAIRED	PAIRED	PAIRED	R2	2	ERR3001885_2.fastq.gz	ftp.sra.ebi.ac.uk/vol1/fastq/ERR300/005/ERR3001885/ERR3001885_2.fastq.gz	02df05e505cab55018faa7516ea7c7e5	1635336843
PRJEB30364	SAMEA5176896	ERX3004251	ERR3001887	RNA-seq	RNA-Seq	PAIRED	PAIRED	PAIRED	R1	1	ERR3001887_1.fastq.gz	ftp.sra.ebi.ac.uk/vol1/fastq/ERR300/007/ERR3001887/ERR3001887_1.fastq.gz	6af51b0fd6e4717bca9dcbcfafc9625e	1559734001
PRJEB30364	SAMEA5176896	ERX3004251	ERR3001887	RNA-seq	RNA-Seq	PAIRED	PAIRED	PAIRED	R2	2	ERR3001887_2.fastq.gz	ftp.sra.ebi.ac.uk/vol1/fastq/ERR300/007/ERR3001887/ERR3001887_2.fastq.gz	4b89236ad5f4230b84768bc272223506	1570067023
PRJEB30364	SAMEA5176897	ERX3004252	ERR3001888	RNA-seq	RNA-Seq	PAIRED	PAIRED	PAIRED	R1	1	ERR3001888_1.fastq.gz	ftp.sra.ebi.ac.uk/vol1/fastq/ERR300/008/ERR3001888/ERR3001888_1.fastq.gz	ff2fcac25cfded7c2cff99e0b34b889c	1606465504
PRJEB30364	SAMEA5176897	ERX3004252	ERR3001888	RNA-seq	RNA-Seq	PAIRED	PAIRED	PAIRED	R2	2	ERR3001888_2.fastq.gz	ftp.sra.ebi.ac.uk/vol1/fastq/ERR300/008/ERR3001888/ERR3001888_2.fastq.gz	92d1f61e8fd50c59f7b367fc484e5745	1605248883
PRJEB30364	SAMEA5176899	ERX3004254	ERR3001890	RNA-seq	RNA-Seq	PAIRED	PAIRED	PAIRED	R1	1	ERR3001890_1.fastq.gz	ftp.sra.ebi.ac.uk/vol1/fastq/ERR300/000/ERR3001890/ERR3001890_1.fastq.gz	16ea2bfbe97d5bd71c87dce94c0ced30	1655562963
PRJEB30364	SAMEA5176899	ERX3004254	ERR3001890	RNA-seq	RNA-Seq	PAIRED	PAIRED	PAIRED	R2	2	ERR3001890_2.fastq.gz	ftp.sra.ebi.ac.uk/vol1/fastq/ERR300/000/ERR3001890/ERR3001890_2.fastq.gz	8026849176c7cb0bfe3b45ae7c90e2d5	1666396716
PRJEB33024	SAMEA5713991	ERX3398174	ERR3374022	RNA-seq	RNA-Seq	SINGLE	SINGLE	SINGLE	SINGLE	1	ERR3374022.fastq.gz	ftp.sra.ebi.ac.uk/vol1/fastq/ERR337/002/ERR3374022/ERR3374022.fastq.gz	b738facb1d7d100121bc097bf8b4953a	1316768643
PRJEB33024	SAMEA5713992	ERX3398175	ERR3374023	RNA-seq	RNA-Seq	SINGLE	SINGLE	SINGLE	SINGLE	1	ERR3374023.fastq.gz	ftp.sra.ebi.ac.uk/vol1/fastq/ERR337/003/ERR3374023/ERR3374023.fastq.gz	b4569234e383b9319aa7209711954403	1217407264
PRJEB33024	SAMEA5713995	ERX3398178	ERR3374026	RNA-seq	RNA-Seq	SINGLE	SINGLE	SINGLE	SINGLE	1	ERR3374026.fastq.gz	ftp.sra.ebi.ac.uk/vol1/fastq/ERR337/006/ERR3374026/ERR3374026.fastq.gz	808cb66645001b78a6d61595d61b4d14	1348269536
PRJEB4847	SAMEA2338075	ERX338777	ERR366009	RNA-seq	RNA-Seq	SINGLE	SINGLE	SINGLE	SINGLE	1	ERR366009.fastq.gz	ftp.sra.ebi.ac.uk/vol1/fastq/ERR366/ERR366009/ERR366009.fastq.gz	bc497743c18cffee3b6b982417acccbc	170910794
PRJEB4847	SAMEA2338075	ERX338778	ERR366010	RNA-seq	RNA-Seq	SINGLE	SINGLE	SINGLE	SINGLE	1	ERR366010.fastq.gz	ftp.sra.ebi.ac.uk/vol1/fastq/ERR366/ERR366010/ERR366010.fastq.gz	b449662bb72bf3c5f6de18dea2cbc03c	132911561
PRJEB35183	SAMEA6235199	ERX3659836	ERR3668304	RNA-seq	RNA-Seq	PAIRED	PAIRED	PAIRED	R1	1	ERR3668304_1.fastq.gz	ftp.sra.ebi.ac.uk/vol1/fastq/ERR366/004/ERR3668304/ERR3668304_1.fastq.gz	bd2104319c08f6426ae4bfbba9562b84	1712407129
PRJEB35183	SAMEA6235199	ERX3659836	ERR3668304	RNA-seq	RNA-Seq	PAIRED	PAIRED	PAIRED	R2	2	ERR3668304_2.fastq.gz	ftp.sra.ebi.ac.uk/vol1/fastq/ERR366/004/ERR3668304/ERR3668304_2.fastq.gz	b5648795db6c5cd97a2df0d4487e9954	1663962811
PRJEB39258	SAMEA7040959	ERX4268280	ERR4319913	RNA-seq	RNA-Seq	PAIRED	PAIRED	PAIRED	R1	1	ERR4319913_1.fastq.gz	ftp.sra.ebi.ac.uk/vol1/fastq/ERR431/003/ERR4319913/ERR4319913_1.fastq.gz	58936b444a4c605b5d1ca4a881188f8c	4081350284
PRJEB39258	SAMEA7040959	ERX4268280	ERR4319913	RNA-seq	RNA-Seq	PAIRED	PAIRED	PAIRED	R2	2	ERR4319913_2.fastq.gz	ftp.sra.ebi.ac.uk/vol1/fastq/ERR431/003/ERR4319913/ERR4319913_2.fastq.gz	16e12384c0cd69210cee257658944df5	4387047963
PRJEB39258	SAMEA7040957	ERX4268286	ERR4319919	RNA-seq	RNA-Seq	PAIRED	PAIRED	PAIRED	R1	1	ERR4319919_1.fastq.gz	ftp.sra.ebi.ac.uk/vol1/fastq/ERR431/009/ERR4319919/ERR4319919_1.fastq.gz	686d243ce296b9a2f907d2a469cb39d5	3990761931
PRJEB39258	SAMEA7040957	ERX4268286	ERR4319919	RNA-seq	RNA-Seq	PAIRED	PAIRED	PAIRED	R2	2	ERR4319919_2.fastq.gz	ftp.sra.ebi.ac.uk/vol1/fastq/ERR431/009/ERR4319919/ERR4319919_2.fastq.gz	f6fd22157aa05a09b90412dbcc91e129	4257688050
PRJEB39258	SAMEA7040970	ERX4268293	ERR4319926	RNA-seq	RNA-Seq	PAIRED	PAIRED	PAIRED	R1	1	ERR4319926_1.fastq.gz	ftp.sra.ebi.ac.uk/vol1/fastq/ERR431/006/ERR4319926/ERR4319926_1.fastq.gz	fb73451cbb47b6a1d610b8f0d384766d	4045166703
PRJEB39258	SAMEA7040970	ERX4268293	ERR4319926	RNA-seq	RNA-Seq	PAIRED	PAIRED	PAIRED	R2	2	ERR4319926_2.fastq.gz	ftp.sra.ebi.ac.uk/vol1/fastq/ERR431/006/ERR4319926/ERR4319926_2.fastq.gz	577e27731d7e2f2c15e31f6ef0f41589	4337367347
PRJEB39258	SAMEA7040953	ERX4268295	ERR4319928	RNA-seq	RNA-Seq	PAIRED	PAIRED	PAIRED	R1	1	ERR4319928_1.fastq.gz	ftp.sra.ebi.ac.uk/vol1/fastq/ERR431/008/ERR4319928/ERR4319928_1.fastq.gz	667fe6ca30b1888dd42fe249b6c807a3	3971229485
PRJEB39258	SAMEA7040953	ERX4268295	ERR4319928	RNA-seq	RNA-Seq	PAIRED	PAIRED	PAIRED	R2	2	ERR4319928_2.fastq.gz	ftp.sra.ebi.ac.uk/vol1/fastq/ERR431/008/ERR4319928/ERR4319928_2.fastq.gz	80c1d0e1cefff97fdd6ace061a31dafa	4239050866
PRJEB39258	SAMEA7040945	ERX4268297	ERR4319930	RNA-seq	RNA-Seq	PAIRED	PAIRED	PAIRED	R1	1	ERR4319930_1.fastq.gz	ftp.sra.ebi.ac.uk/vol1/fastq/ERR431/000/ERR4319930/ERR4319930_1.fastq.gz	d6c537cae2e036fae6afb5193d8c5f16	4324243431
PRJEB39258	SAMEA7040945	ERX4268297	ERR4319930	RNA-seq	RNA-Seq	PAIRED	PAIRED	PAIRED	R2	2	ERR4319930_2.fastq.gz	ftp.sra.ebi.ac.uk/vol1/fastq/ERR431/000/ERR4319930/ERR4319930_2.fastq.gz	fb79726ae8183cb094a3687fe5ff745c	4561905644
PRJEB39258	SAMEA7040954	ERX4268298	ERR4319931	RNA-seq	RNA-Seq	PAIRED	PAIRED	PAIRED	R1	1	ERR4319931_1.fastq.gz	ftp.sra.ebi.ac.uk/vol1/fastq/ERR431/001/ERR4319931/ERR4319931_1.fastq.gz	bb575433bf58a5792dd1efa91798cda9	4391540695
PRJEB39258	SAMEA7040954	ERX4268298	ERR4319931	RNA-seq	RNA-Seq	PAIRED	PAIRED	PAIRED	R2	2	ERR4319931_2.fastq.gz	ftp.sra.ebi.ac.uk/vol1/fastq/ERR431/001/ERR4319931/ERR4319931_2.fastq.gz	d8d84045188882782bac3e4123dc0823	4697908175
PRJEB39258	SAMEA7040956	ERX4268301	ERR4319934	RNA-seq	RNA-Seq	PAIRED	PAIRED	PAIRED	R1	1	ERR4319934_1.fastq.gz	ftp.sra.ebi.ac.uk/vol1/fastq/ERR431/004/ERR4319934/ERR4319934_1.fastq.gz	6ea23e7711dd286a5b8691a3f1ea4067	3983773600
PRJEB39258	SAMEA7040956	ERX4268301	ERR4319934	RNA-seq	RNA-Seq	PAIRED	PAIRED	PAIRED	R2	2	ERR4319934_2.fastq.gz	ftp.sra.ebi.ac.uk/vol1/fastq/ERR431/004/ERR4319934/ERR4319934_2.fastq.gz	5b7096f7f82867b3d02f3f5500b300ea	4247222837
PRJEB39258	SAMEA7040946	ERX4268303	ERR4319936	RNA-seq	RNA-Seq	PAIRED	PAIRED	PAIRED	R1	1	ERR4319936_1.fastq.gz	ftp.sra.ebi.ac.uk/vol1/fastq/ERR431/006/ERR4319936/ERR4319936_1.fastq.gz	202805af00d8eb3114dbeddfb7070996	4117397171
PRJEB39258	SAMEA7040946	ERX4268303	ERR4319936	RNA-seq	RNA-Seq	PAIRED	PAIRED	PAIRED	R2	2	ERR4319936_2.fastq.gz	ftp.sra.ebi.ac.uk/vol1/fastq/ERR431/006/ERR4319936/ERR4319936_2.fastq.gz	84735f1e126dacf1fde00ce84d94427b	4356735082
PRJEB39258	SAMEA7040964	ERX4268305	ERR4319938	RNA-seq	RNA-Seq	PAIRED	PAIRED	PAIRED	R1	1	ERR4319938_1.fastq.gz	ftp.sra.ebi.ac.uk/vol1/fastq/ERR431/008/ERR4319938/ERR4319938_1.fastq.gz	97e38642d1b826764b54f76ced76e4bb	3954930376
PRJEB39258	SAMEA7040964	ERX4268305	ERR4319938	RNA-seq	RNA-Seq	PAIRED	PAIRED	PAIRED	R2	2	ERR4319938_2.fastq.gz	ftp.sra.ebi.ac.uk/vol1/fastq/ERR431/008/ERR4319938/ERR4319938_2.fastq.gz	14095a3b77616fd9b5d2c6791d7e94e7	4242021010
PRJEB49939	SAMEA12293228	ERX7572626	ERR8006957	RNA-seq	RNA-Seq	PAIRED	PAIRED	PAIRED	R1	1	ERR8006957_1.fastq.gz	ftp.sra.ebi.ac.uk/vol1/fastq/ERR800/007/ERR8006957/ERR8006957_1.fastq.gz	6ffba5cde1ab6693d65bbd08acc18cae	2108150281
PRJEB49939	SAMEA12293228	ERX7572626	ERR8006957	RNA-seq	RNA-Seq	PAIRED	PAIRED	PAIRED	R2	2	ERR8006957_2.fastq.gz	ftp.sra.ebi.ac.uk/vol1/fastq/ERR800/007/ERR8006957/ERR8006957_2.fastq.gz	e1b1de0a018e1c60d9c7287cf4aaf897	2196312322
PRJEB9291	SAMEA3373360	ERX947753	ERR868152	ChIP-seq	ChIP-Seq	SINGLE	SINGLE	SINGLE	SINGLE	1	ERR868152.fastq.gz	ftp.sra.ebi.ac.uk/vol1/fastq/ERR868/ERR868152/ERR868152.fastq.gz	5e0becc282f6a3b34e5659842f2695af	1678499646
PRJEB9291	SAMEA3373354	ERX947768	ERR868167	ChIP-seq	ChIP-Seq	SINGLE	SINGLE	SINGLE	SINGLE	1	ERR868167.fastq.gz	ftp.sra.ebi.ac.uk/vol1/fastq/ERR868/ERR868167/ERR868167.fastq.gz	04d1693151c71952074eff245b4abf8a	1419472968
PRJEB9291	SAMEA3373342	ERX947769	ERR868168	ChIP-seq	ChIP-Seq	SINGLE	SINGLE	SINGLE	SINGLE	1	ERR868168.fastq.gz	ftp.sra.ebi.ac.uk/vol1/fastq/ERR868/ERR868168/ERR868168.fastq.gz	0052a288e76dbaa7448317c305413936	1694165449
PRJEB9291	SAMEA3373353	ERX947770	ERR868169	ChIP-seq	ChIP-Seq	SINGLE	SINGLE	SINGLE	SINGLE	1	ERR868169.fastq.gz	ftp.sra.ebi.ac.uk/vol1/fastq/ERR868/ERR868169/ERR868169.fastq.gz	fa539f765179d2c8f2ac0e7051b0fec0	1486308050
PRJNA575354	SAMN12886799	SRX6935329	SRR10215649	RNA-seq	RNA-Seq	SINGLE	SINGLE	SINGLE	SINGLE	1	SRR10215649.fastq.gz	ftp.sra.ebi.ac.uk/vol1/fastq/SRR102/049/SRR10215649/SRR10215649.fastq.gz	9686fd6800fa26c096ba8fc0a1b71f96	129050
PRJNA575354	SAMN12886794	SRX6935334	SRR10215654	RNA-seq	RNA-Seq	SINGLE	SINGLE	SINGLE	SINGLE	1	SRR10215654.fastq.gz	ftp.sra.ebi.ac.uk/vol1/fastq/SRR102/054/SRR10215654/SRR10215654.fastq.gz	3136a4f749670f08086b6266adf2ca14	122340
PRJNA575354	SAMN12886790	SRX6935338	SRR10215658	RNA-seq	RNA-Seq	SINGLE	SINGLE	SINGLE	SINGLE	1	SRR10215658.fastq.gz	ftp.sra.ebi.ac.uk/vol1/fastq/SRR102/058/SRR10215658/SRR10215658.fastq.gz	803445f190ce577cd83319612cd85168	96096
PRJNA599947	SAMN13762563	SRX7805410	SRR11184909	RNA-seq	RNA-Seq	PAIRED	PAIRED	PAIRED	R1	1	SRR11184909_1.fastq.gz	ftp.sra.ebi.ac.uk/vol1/fastq/SRR111/009/SRR11184909/SRR11184909_1.fastq.gz	7501ad7e3044ffa8d6504e79cdc1da52	2530627941
PRJNA599947	SAMN13762563	SRX7805410	SRR11184909	RNA-seq	RNA-Seq	PAIRED	PAIRED	PAIRED	R2	2	SRR11184909_2.fastq.gz	ftp.sra.ebi.ac.uk/vol1/fastq/SRR111/009/SRR11184909/SRR11184909_2.fastq.gz	065f655aff7a40fba833dac5ee63e1ea	2621541001
PRJNA613438	SAMN14404311	SRX7952186	SRR11350303	RNA-seq	RNA-Seq	SINGLE	SINGLE	SINGLE	SINGLE	1	SRR11350303.fastq.gz	ftp.sra.ebi.ac.uk/vol1/fastq/SRR113/003/SRR11350303/SRR11350303.fastq.gz	95b1427b2194bd757ba9b47d3102235b	1024636294
PRJNA613438	SAMN14404310	SRX7952185	SRR11350304	RNA-seq	RNA-Seq	SINGLE	SINGLE	SINGLE	SINGLE	1	SRR11350304.fastq.gz	ftp.sra.ebi.ac.uk/vol1/fastq/SRR113/004/SRR11350304/SRR11350304.fastq.gz	80f5f992db7fe793b3a63453f98a348e	1097013181
PRJNA613438	SAMN14404318	SRX7952178	SRR11350311	RNA-seq	RNA-Seq	SINGLE	SINGLE	SINGLE	SINGLE	1	SRR11350311.fastq.gz	ftp.sra.ebi.ac.uk/vol1/fastq/SRR113/011/SRR11350311/SRR11350311.fastq.gz	53435c4847c84dd88fb34cab5fdd635f	1440630451
PRJNA613438	SAMN14404315	SRX7952175	SRR11350314	RNA-seq	RNA-Seq	SINGLE	SINGLE	SINGLE	SINGLE	1	SRR11350314.fastq.gz	ftp.sra.ebi.ac.uk/vol1/fastq/SRR113/014/SRR11350314/SRR11350314.fastq.gz	1df339cbba0be7469cb79d51bcce541d	2362019771
PRJNA613438	SAMN14404314	SRX7952174	SRR11350315	RNA-seq	RNA-Seq	SINGLE	SINGLE	SINGLE	SINGLE	1	SRR11350315.fastq.gz	ftp.sra.ebi.ac.uk/vol1/fastq/SRR113/015/SRR11350315/SRR11350315.fastq.gz	71a3db6902f11cc743df4867745f37d9	1373771038
PRJNA630824	SAMN14845996	SRX8280955	SRR11721629	RNA-seq	RNA-Seq	SINGLE	SINGLE	SINGLE	SINGLE	1	SRR11721629.fastq.gz	ftp.sra.ebi.ac.uk/vol1/fastq/SRR117/029/SRR11721629/SRR11721629.fastq.gz	bbffa6d50b58f5e7114ac6811a57cdb0	588334536
PRJNA630824	SAMN14846001	SRX8280950	SRR11721634	RNA-seq	RNA-Seq	SINGLE	SINGLE	SINGLE	SINGLE	1	SRR11721634.fastq.gz	ftp.sra.ebi.ac.uk/vol1/fastq/SRR117/034/SRR11721634/SRR11721634.fastq.gz	2a3696fc98f9822472a24e4cb775ae99	572706572
PRJNA630824	SAMN14846016	SRX8280938	SRR11721646	RNA-seq	RNA-Seq	SINGLE	SINGLE	SINGLE	SINGLE	1	SRR11721646.fastq.gz	ftp.sra.ebi.ac.uk/vol1/fastq/SRR117/046/SRR11721646/SRR11721646.fastq.gz	4edb28d39b12224d0def6903cd8c8541	724112666
PRJNA630824	SAMN14846012	SRX8280933	SRR11721651	RNA-seq	RNA-Seq	SINGLE	SINGLE	SINGLE	SINGLE	1	SRR11721651.fastq.gz	ftp.sra.ebi.ac.uk/vol1/fastq/SRR117/051/SRR11721651/SRR11721651.fastq.gz	0232c44b4180051b1bf7e1a04c3a022b	559355170
PRJNA630824	SAMN14846006	SRX8280927	SRR11721657	RNA-seq	RNA-Seq	SINGLE	SINGLE	SINGLE	SINGLE	1	SRR11721657.fastq.gz	ftp.sra.ebi.ac.uk/vol1/fastq/SRR117/057/SRR11721657/SRR11721657.fastq.gz	1ac793406ed42a63306c2db2d53355f2	556625217
PRJNA661407	SAMN16057385	SRX9074577	SRR12587966	RNA-seq	RNA-Seq	PAIRED	PAIRED	PAIRED	R1	1	SRR12587966_1.fastq.gz	ftp.sra.ebi.ac.uk/vol1/fastq/SRR125/066/SRR12587966/SRR12587966_1.fastq.gz	7219317bce02d577ef32b687336a5f7c	1450661845
PRJNA661407	SAMN16057385	SRX9074577	SRR12587966	RNA-seq	RNA-Seq	PAIRED	PAIRED	PAIRED	R2	2	SRR12587966_2.fastq.gz	ftp.sra.ebi.ac.uk/vol1/fastq/SRR125/066/SRR12587966/SRR12587966_2.fastq.gz	0bcc54b5b90e09141b935982b5265e4c	1562368482
PRJNA662582	SAMN16089553	SRX9101117	SRR12618082	RNA-seq	RNA-Seq	SINGLE	SINGLE	SINGLE	SINGLE	1	SRR12618082.fastq.gz	ftp.sra.ebi.ac.uk/vol1/fastq/SRR126/082/SRR12618082/SRR12618082.fastq.gz	7e53475f8def10053eff83004133c0af	2992675720
PRJNA662582	SAMN16089553	SRX9101117	SRR12618083	RNA-seq	RNA-Seq	SINGLE	SINGLE	SINGLE	SINGLE	1	SRR12618083.fastq.gz	ftp.sra.ebi.ac.uk/vol1/fastq/SRR126/083/SRR12618083/SRR12618083.fastq.gz	9b4fdb94fa3d1226bf4d4e1edd0a2656	3409831235
PRJNA662582	SAMN16089552	SRX9101118	SRR12618084	RNA-seq	RNA-Seq	SINGLE	SINGLE	SINGLE	SINGLE	1	SRR12618084.fastq.gz	ftp.sra.ebi.ac.uk/vol1/fastq/SRR126/084/SRR12618084/SRR12618084.fastq.gz	eecfbc085ac49cb8c89b37d14e705d87	3103500215
PRJNA662582	SAMN16089551	SRX9101119	SRR12618087	RNA-seq	RNA-Seq	SINGLE	SINGLE	SINGLE	SINGLE	1	SRR12618087.fastq.gz	ftp.sra.ebi.ac.uk/vol1/fastq/SRR126/087/SRR12618087/SRR12618087.fastq.gz	7cdf2076acd6cfd5be5ffaf744e62b1e	3975564548
PRJNA662582	SAMN16089549	SRX9101121	SRR12618093	RNA-seq	RNA-Seq	SINGLE	SINGLE	SINGLE	SINGLE	1	SRR12618093.fastq.gz	ftp.sra.ebi.ac.uk/vol1/fastq/SRR126/093/SRR12618093/SRR12618093.fastq.gz	05920215986080d425c6947471839187	3667583085
PRJNA662582	SAMN16089591	SRX9101127	SRR12618104	RNA-seq	RNA-Seq	SINGLE	SINGLE	SINGLE	SINGLE	1	SRR12618104.fastq.gz	ftp.sra.ebi.ac.uk/vol1/fastq/SRR126/004/SRR12618104/SRR12618104.fastq.gz	1ba564c52ee2b3004af12d1f960d3a81	2653548848
PRJNA662582	SAMN16089590	SRX9101128	SRR12618106	RNA-seq	RNA-Seq	SINGLE	SINGLE	SINGLE	SINGLE	1	SRR12618106.fastq.gz	ftp.sra.ebi.ac.uk/vol1/fastq/SRR126/006/SRR12618106/SRR12618106.fastq.gz	1ac8817f913b49d3fe129232fcb153f5	4561197156
PRJNA662582	SAMN16089587	SRX9101130	SRR12618112	RNA-seq	RNA-Seq	SINGLE	SINGLE	SINGLE	SINGLE	1	SRR12618112.fastq.gz	ftp.sra.ebi.ac.uk/vol1/fastq/SRR126/012/SRR12618112/SRR12618112.fastq.gz	943e24a42681ad7ff5a4849f06c89245	3882109563
PRJNA662582	SAMN16089585	SRX9101132	SRR12618116	RNA-seq	RNA-Seq	SINGLE	SINGLE	SINGLE	SINGLE	1	SRR12618116.fastq.gz	ftp.sra.ebi.ac.uk/vol1/fastq/SRR126/016/SRR12618116/SRR12618116.fastq.gz	df555a97e6ba51c1db20411d62632681	2715966995
PRJNA667472	SAMN16373832	SRX9245427	SRR12774927	ATAC-seq	ATAC-seq	SINGLE	SINGLE	SINGLE	SINGLE	1	SRR12774927.fastq.gz	ftp.sra.ebi.ac.uk/vol1/fastq/SRR127/027/SRR12774927/SRR12774927.fastq.gz	6783ce94e9a6480ed7e5de7df9b9f3dd	566336465
PRJNA667472	SAMN16373834	SRX9245432	SRR12774932	ATAC-seq	ATAC-seq	SINGLE	SINGLE	SINGLE	SINGLE	1	SRR12774932.fastq.gz	ftp.sra.ebi.ac.uk/vol1/fastq/SRR127/032/SRR12774932/SRR12774932.fastq.gz	51a834b945a0c772a5ae2a80f4e094f1	1005782227
PRJNA667472	SAMN16373865	SRX9245457	SRR12774957	RNA-seq	RNA-Seq	PAIRED	PAIRED	PAIRED	R1	1	SRR12774957_1.fastq.gz	ftp.sra.ebi.ac.uk/vol1/fastq/SRR127/057/SRR12774957/SRR12774957_1.fastq.gz	9913700556963e544a605ba6dc814628	1629139115
PRJNA667472	SAMN16373865	SRX9245457	SRR12774957	RNA-seq	RNA-Seq	PAIRED	PAIRED	PAIRED	R2	2	SRR12774957_2.fastq.gz	ftp.sra.ebi.ac.uk/vol1/fastq/SRR127/057/SRR12774957/SRR12774957_2.fastq.gz	a2d61493f20bfd420f3730134aecad3d	1767931189
PRJNA667472	SAMN16373863	SRX9245459	SRR12774959	RNA-seq	RNA-Seq	PAIRED	PAIRED	PAIRED	R1	1	SRR12774959_1.fastq.gz	ftp.sra.ebi.ac.uk/vol1/fastq/SRR127/059/SRR12774959/SRR12774959_1.fastq.gz	05cf2b27869a48f0503ca8d57b1d0b2f	1396342003
PRJNA667472	SAMN16373863	SRX9245459	SRR12774959	RNA-seq	RNA-Seq	PAIRED	PAIRED	PAIRED	R2	2	SRR12774959_2.fastq.gz	ftp.sra.ebi.ac.uk/vol1/fastq/SRR127/059/SRR12774959/SRR12774959_2.fastq.gz	22368bd891f25b06ab85bd287d8d23dc	1548277093
PRJNA667472	SAMN16373860	SRX9245462	SRR12774962	RNA-seq	RNA-Seq	PAIRED	PAIRED	PAIRED	R1	1	SRR12774962_1.fastq.gz	ftp.sra.ebi.ac.uk/vol1/fastq/SRR127/062/SRR12774962/SRR12774962_1.fastq.gz	6425500c6e7ce9cf02bb661a6ed2ee48	1440225505
PRJNA667472	SAMN16373860	SRX9245462	SRR12774962	RNA-seq	RNA-Seq	PAIRED	PAIRED	PAIRED	R2	2	SRR12774962_2.fastq.gz	ftp.sra.ebi.ac.uk/vol1/fastq/SRR127/062/SRR12774962/SRR12774962_2.fastq.gz	1ebf39028ea784112ba6ab1e1c34baaf	1612817078
PRJNA739051	SAMN19770453	SRX11178685	SRR14860928	RNA-seq	RNA-Seq	PAIRED	PAIRED	PAIRED	R1	1	SRR14860928_1.fastq.gz	ftp.sra.ebi.ac.uk/vol1/fastq/SRR148/028/SRR14860928/SRR14860928_1.fastq.gz	7dfac11e0a871733f2650a97a57cd10a	3407881016
PRJNA739051	SAMN19770453	SRX11178685	SRR14860928	RNA-seq	RNA-Seq	PAIRED	PAIRED	PAIRED	R2	2	SRR14860928_2.fastq.gz	ftp.sra.ebi.ac.uk/vol1/fastq/SRR148/028/SRR14860928/SRR14860928_2.fastq.gz	62d73d426a878319f76210486c3b345d	3917577772
PRJNA739051	SAMN19770455	SRX11178677	SRR14860936	RNA-seq	RNA-Seq	PAIRED	PAIRED	PAIRED	R1	1	SRR14860936_1.fastq.gz	ftp.sra.ebi.ac.uk/vol1/fastq/SRR148/036/SRR14860936/SRR14860936_1.fastq.gz	0c95cb7ac2b85a6a4884392b80e161a6	3518679966
PRJNA739051	SAMN19770455	SRX11178677	SRR14860936	RNA-seq	RNA-Seq	PAIRED	PAIRED	PAIRED	R2	2	SRR14860936_2.fastq.gz	ftp.sra.ebi.ac.uk/vol1/fastq/SRR148/036/SRR14860936/SRR14860936_2.fastq.gz	5b5c997205d3199b3c41358dfc15509c	4138552559
PRJNA746067	SAMN20179678	SRX11420367	SRR15111560	RNA-seq	RNA-Seq	PAIRED	PAIRED	PAIRED	R1	1	SRR15111560_1.fastq.gz	ftp.sra.ebi.ac.uk/vol1/fastq/SRR151/060/SRR15111560/SRR15111560_1.fastq.gz	d9cf81544bffa76f620fcc18adaada76	1408541129
PRJNA746067	SAMN20179678	SRX11420367	SRR15111560	RNA-seq	RNA-Seq	PAIRED	PAIRED	PAIRED	R2	2	SRR15111560_2.fastq.gz	ftp.sra.ebi.ac.uk/vol1/fastq/SRR151/060/SRR15111560/SRR15111560_2.fastq.gz	d3b9f86e2a192d980061f06724630ffe	1406824689
PRJNA746067	SAMN20179677	SRX11420366	SRR15111561	RNA-seq	RNA-Seq	PAIRED	PAIRED	PAIRED	R1	1	SRR15111561_1.fastq.gz	ftp.sra.ebi.ac.uk/vol1/fastq/SRR151/061/SRR15111561/SRR15111561_1.fastq.gz	9af59858d065c652411f945edd683472	871012354
PRJNA746067	SAMN20179677	SRX11420366	SRR15111561	RNA-seq	RNA-Seq	PAIRED	PAIRED	PAIRED	R2	2	SRR15111561_2.fastq.gz	ftp.sra.ebi.ac.uk/vol1/fastq/SRR151/061/SRR15111561/SRR15111561_2.fastq.gz	14c9c90f06c676e42766cfe468bae274	888275263
PRJNA746067	SAMN20179676	SRX11420365	SRR15111562	RNA-seq	RNA-Seq	PAIRED	PAIRED	PAIRED	R1	1	SRR15111562_1.fastq.gz	ftp.sra.ebi.ac.uk/vol1/fastq/SRR151/062/SRR15111562/SRR15111562_1.fastq.gz	7a98e91cb953ceee09791094e9869632	890626256
PRJNA746067	SAMN20179676	SRX11420365	SRR15111562	RNA-seq	RNA-Seq	PAIRED	PAIRED	PAIRED	R2	2	SRR15111562_2.fastq.gz	ftp.sra.ebi.ac.uk/vol1/fastq/SRR151/062/SRR15111562/SRR15111562_2.fastq.gz	27a6943cb584e56516238f082e38b05e	911594890
PRJNA749145	SAMN20355394	SRX11527350	SRR15221366	RNA-seq	RNA-Seq	PAIRED	PAIRED	PAIRED	R1	1	SRR15221366_1.fastq.gz	ftp.sra.ebi.ac.uk/vol1/fastq/SRR152/066/SRR15221366/SRR15221366_1.fastq.gz	7e11126091bbc12f16682ef8b3d1cfff	364742730
PRJNA749145	SAMN20355394	SRX11527350	SRR15221366	RNA-seq	RNA-Seq	PAIRED	PAIRED	PAIRED	R2	2	SRR15221366_2.fastq.gz	ftp.sra.ebi.ac.uk/vol1/fastq/SRR152/066/SRR15221366/SRR15221366_2.fastq.gz	61e780cccc897d9a68d743691ff2a14c	370612987
PRJNA749145	SAMN20355394	SRX11527346	SRR15221370	RNA-seq	RNA-Seq	PAIRED	PAIRED	PAIRED	R1	1	SRR15221370_1.fastq.gz	ftp.sra.ebi.ac.uk/vol1/fastq/SRR152/070/SRR15221370/SRR15221370_1.fastq.gz	e0aeb181a42a66063adeab0ec156ec56	343346848
PRJNA749145	SAMN20355394	SRX11527346	SRR15221370	RNA-seq	RNA-Seq	PAIRED	PAIRED	PAIRED	R2	2	SRR15221370_2.fastq.gz	ftp.sra.ebi.ac.uk/vol1/fastq/SRR152/070/SRR15221370/SRR15221370_2.fastq.gz	93199d574b01dea22fd6c84dea2c8a96	344874840
PRJNA749145	SAMN20355393	SRX11527343	SRR15221373	RNA-seq	RNA-Seq	PAIRED	PAIRED	PAIRED	R1	1	SRR15221373_1.fastq.gz	ftp.sra.ebi.ac.uk/vol1/fastq/SRR152/073/SRR15221373/SRR15221373_1.fastq.gz	c1467b7b4807334697833d3d6717b503	308648369
PRJNA749145	SAMN20355393	SRX11527343	SRR15221373	RNA-seq	RNA-Seq	PAIRED	PAIRED	PAIRED	R2	2	SRR15221373_2.fastq.gz	ftp.sra.ebi.ac.uk/vol1/fastq/SRR152/073/SRR15221373/SRR15221373_2.fastq.gz	af16bc20242ada7ed724bd48764abd7a	307926077
PRJNA749145	SAMN20355394	SRX11527341	SRR15221375	RNA-seq	RNA-Seq	PAIRED	PAIRED	PAIRED	R1	1	SRR15221375_1.fastq.gz	ftp.sra.ebi.ac.uk/vol1/fastq/SRR152/075/SRR15221375/SRR15221375_1.fastq.gz	240e5b965bbe3f3cdb6fbe7202643427	413023691
PRJNA749145	SAMN20355394	SRX11527341	SRR15221375	RNA-seq	RNA-Seq	PAIRED	PAIRED	PAIRED	R2	2	SRR15221375_2.fastq.gz	ftp.sra.ebi.ac.uk/vol1/fastq/SRR152/075/SRR15221375/SRR15221375_2.fastq.gz	cb8f87d4ab258fd3113a3fbb6140947d	412298851
PRJNA749145	SAMN20355393	SRX11527338	SRR15221378	RNA-seq	RNA-Seq	PAIRED	PAIRED	PAIRED	R1	1	SRR15221378_1.fastq.gz	ftp.sra.ebi.ac.uk/vol1/fastq/SRR152/078/SRR15221378/SRR15221378_1.fastq.gz	4ddc055353570ac78ca3fdae452d4c1f	323927826
PRJNA749145	SAMN20355393	SRX11527338	SRR15221378	RNA-seq	RNA-Seq	PAIRED	PAIRED	PAIRED	R2	2	SRR15221378_2.fastq.gz	ftp.sra.ebi.ac.uk/vol1/fastq/SRR152/078/SRR15221378/SRR15221378_2.fastq.gz	964ab857ac3891705c4fda325b505d42	326965269
PRJNA749145	SAMN20355393	SRX11527337	SRR15221379	RNA-seq	RNA-Seq	PAIRED	PAIRED	PAIRED	R1	1	SRR15221379_1.fastq.gz	ftp.sra.ebi.ac.uk/vol1/fastq/SRR152/079/SRR15221379/SRR15221379_1.fastq.gz	0d80bfcb9eacc969028b3122578dbcef	328282532
PRJNA749145	SAMN20355393	SRX11527337	SRR15221379	RNA-seq	RNA-Seq	PAIRED	PAIRED	PAIRED	R2	2	SRR15221379_2.fastq.gz	ftp.sra.ebi.ac.uk/vol1/fastq/SRR152/079/SRR15221379/SRR15221379_2.fastq.gz	8f9d24014479a88ae615db1c248ba3de	329749381
PRJNA778050	SAMN22901731	SRX12995932	SRR16796949	RNA-seq	RNA-Seq	SINGLE	SINGLE	SINGLE	SINGLE	1	SRR16796949.fastq.gz	ftp.sra.ebi.ac.uk/vol1/fastq/SRR167/049/SRR16796949/SRR16796949.fastq.gz	6c1309d55019b7781562aceea0be97fa	1557595277
PRJNA778050	SAMN22901728	SRX12995909	SRR16796972	RNA-seq	RNA-Seq	SINGLE	SINGLE	SINGLE	SINGLE	1	SRR16796972.fastq.gz	ftp.sra.ebi.ac.uk/vol1/fastq/SRR167/072/SRR16796972/SRR16796972.fastq.gz	3be4767f00134afabdbda2a54f894826	1321324189
PRJNA766998	SAMN23296634	SRX13171165	SRR16980320	RNA-seq	RNA-Seq	PAIRED	PAIRED	PAIRED	R1	1	SRR16980320_1.fastq.gz	ftp.sra.ebi.ac.uk/vol1/fastq/SRR169/020/SRR16980320/SRR16980320_1.fastq.gz	f81d747b1fd08cbbb81d521797666d66	2125146132
PRJNA766998	SAMN23296634	SRX13171165	SRR16980320	RNA-seq	RNA-Seq	PAIRED	PAIRED	PAIRED	R2	2	SRR16980320_2.fastq.gz	ftp.sra.ebi.ac.uk/vol1/fastq/SRR169/020/SRR16980320/SRR16980320_2.fastq.gz	e509f3baa7b97f1ab8cb089295d1c7cf	2132093801
PRJNA766998	SAMN23296634	SRX13171163	SRR16980322	RNA-seq	RNA-Seq	PAIRED	PAIRED	PAIRED	R1	1	SRR16980322_1.fastq.gz	ftp.sra.ebi.ac.uk/vol1/fastq/SRR169/022/SRR16980322/SRR16980322_1.fastq.gz	ba09be5a7c5529a9bd472d7853093e73	2357955592
PRJNA766998	SAMN23296634	SRX13171163	SRR16980322	RNA-seq	RNA-Seq	PAIRED	PAIRED	PAIRED	R2	2	SRR16980322_2.fastq.gz	ftp.sra.ebi.ac.uk/vol1/fastq/SRR169/022/SRR16980322/SRR16980322_2.fastq.gz	922055a3245cab2edd7c2dce5de6cfe6	2366204421
PRJNA766998	SAMN23296634	SRX13171162	SRR16980323	RNA-seq	RNA-Seq	PAIRED	PAIRED	PAIRED	R1	1	SRR16980323_1.fastq.gz	ftp.sra.ebi.ac.uk/vol1/fastq/SRR169/023/SRR16980323/SRR16980323_1.fastq.gz	d1f89ac4ed3edfa2083babe0bba52120	2429634203
PRJNA766998	SAMN23296634	SRX13171162	SRR16980323	RNA-seq	RNA-Seq	PAIRED	PAIRED	PAIRED	R2	2	SRR16980323_2.fastq.gz	ftp.sra.ebi.ac.uk/vol1/fastq/SRR169/023/SRR16980323/SRR16980323_2.fastq.gz	bcaa65a53031cdd72617a831e32304ab	2437070879
PRJNA766998	SAMN23296634	SRX13171153	SRR16980332	RNA-seq	RNA-Seq	PAIRED	PAIRED	PAIRED	R1	1	SRR16980332_1.fastq.gz	ftp.sra.ebi.ac.uk/vol1/fastq/SRR169/032/SRR16980332/SRR16980332_1.fastq.gz	73146b63602235a2428a9b22d47d3ec4	314711868
PRJNA766998	SAMN23296634	SRX13171153	SRR16980332	RNA-seq	RNA-Seq	PAIRED	PAIRED	PAIRED	R2	2	SRR16980332_2.fastq.gz	ftp.sra.ebi.ac.uk/vol1/fastq/SRR169/032/SRR16980332/SRR16980332_2.fastq.gz	02ddadc3640fafba188e615726b835f3	316269390
PRJNA766998	SAMN23296634	SRX13171150	SRR16980335	RNA-seq	RNA-Seq	PAIRED	PAIRED	PAIRED	R1	1	SRR16980335_1.fastq.gz	ftp.sra.ebi.ac.uk/vol1/fastq/SRR169/035/SRR16980335/SRR16980335_1.fastq.gz	c2b07a2b5ffb0d210c2126c6a0221aa0	1831117281
PRJNA766998	SAMN23296634	SRX13171150	SRR16980335	RNA-seq	RNA-Seq	PAIRED	PAIRED	PAIRED	R2	2	SRR16980335_2.fastq.gz	ftp.sra.ebi.ac.uk/vol1/fastq/SRR169/035/SRR16980335/SRR16980335_2.fastq.gz	08a213ea408f2557b32b716b26cd24d3	1842130155
PRJNA766998	SAMN23296634	SRX13171140	SRR16980345	RNA-seq	RNA-Seq	PAIRED	PAIRED	PAIRED	R1	1	SRR16980345_1.fastq.gz	ftp.sra.ebi.ac.uk/vol1/fastq/SRR169/045/SRR16980345/SRR16980345_1.fastq.gz	bb027f614bf5ec436b4ef1e89feff051	1603002032
PRJNA766998	SAMN23296634	SRX13171140	SRR16980345	RNA-seq	RNA-Seq	PAIRED	PAIRED	PAIRED	R2	2	SRR16980345_2.fastq.gz	ftp.sra.ebi.ac.uk/vol1/fastq/SRR169/045/SRR16980345/SRR16980345_2.fastq.gz	08f1f200b5e84f64b41fc98a25049b52	1613499847
PRJNA766998	SAMN23296634	SRX13171138	SRR16980347	RNA-seq	RNA-Seq	PAIRED	PAIRED	PAIRED	R1	1	SRR16980347_1.fastq.gz	ftp.sra.ebi.ac.uk/vol1/fastq/SRR169/047/SRR16980347/SRR16980347_1.fastq.gz	d6a9b90472cbb367fe2459e96c959423	961470272
PRJNA766998	SAMN23296634	SRX13171138	SRR16980347	RNA-seq	RNA-Seq	PAIRED	PAIRED	PAIRED	R2	2	SRR16980347_2.fastq.gz	ftp.sra.ebi.ac.uk/vol1/fastq/SRR169/047/SRR16980347/SRR16980347_2.fastq.gz	334cc71fe434c56db29a187e71d3f9e1	966038221
PRJNA766998	SAMN23296634	SRX13171136	SRR16980349	RNA-seq	RNA-Seq	PAIRED	PAIRED	PAIRED	R1	1	SRR16980349_1.fastq.gz	ftp.sra.ebi.ac.uk/vol1/fastq/SRR169/049/SRR16980349/SRR16980349_1.fastq.gz	f036e76fc4f3e3e7abcd3addcb98be09	2603435649
PRJNA766998	SAMN23296634	SRX13171136	SRR16980349	RNA-seq	RNA-Seq	PAIRED	PAIRED	PAIRED	R2	2	SRR16980349_2.fastq.gz	ftp.sra.ebi.ac.uk/vol1/fastq/SRR169/049/SRR16980349/SRR16980349_2.fastq.gz	082cf3d94153c92219b076b1ee666205	2611121025
PRJNA766998	SAMN23296634	SRX13171135	SRR16980350	RNA-seq	RNA-Seq	PAIRED	PAIRED	PAIRED	R1	1	SRR16980350_1.fastq.gz	ftp.sra.ebi.ac.uk/vol1/fastq/SRR169/050/SRR16980350/SRR16980350_1.fastq.gz	6b8044c51625206f9c9c2a494060fc9d	2373314742
PRJNA766998	SAMN23296634	SRX13171135	SRR16980350	RNA-seq	RNA-Seq	PAIRED	PAIRED	PAIRED	R2	2	SRR16980350_2.fastq.gz	ftp.sra.ebi.ac.uk/vol1/fastq/SRR169/050/SRR16980350/SRR16980350_2.fastq.gz	7d6c8a6d145902c30b0755256030246d	2384658366
PRJNA766998	SAMN23296634	SRX13171134	SRR16980351	RNA-seq	RNA-Seq	PAIRED	PAIRED	PAIRED	R1	1	SRR16980351_1.fastq.gz	ftp.sra.ebi.ac.uk/vol1/fastq/SRR169/051/SRR16980351/SRR16980351_1.fastq.gz	615d0a1720864f8403299cdc413c900b	2120650095
PRJNA766998	SAMN23296634	SRX13171134	SRR16980351	RNA-seq	RNA-Seq	PAIRED	PAIRED	PAIRED	R2	2	SRR16980351_2.fastq.gz	ftp.sra.ebi.ac.uk/vol1/fastq/SRR169/051/SRR16980351/SRR16980351_2.fastq.gz	7326a58580f3f0bd3b93c1b68f89493e	2131173381
PRJNA766998	SAMN23296634	SRX13171132	SRR16980353	RNA-seq	RNA-Seq	PAIRED	PAIRED	PAIRED	R1	1	SRR16980353_1.fastq.gz	ftp.sra.ebi.ac.uk/vol1/fastq/SRR169/053/SRR16980353/SRR16980353_1.fastq.gz	95bf02d64d0a95fff4e668de7c477724	2951006586
PRJNA766998	SAMN23296634	SRX13171132	SRR16980353	RNA-seq	RNA-Seq	PAIRED	PAIRED	PAIRED	R2	2	SRR16980353_2.fastq.gz	ftp.sra.ebi.ac.uk/vol1/fastq/SRR169/053/SRR16980353/SRR16980353_2.fastq.gz	d4400d75cbaeb098efbc62d7f664aea7	2956509445
PRJNA766998	SAMN23296634	SRX13171131	SRR16980354	RNA-seq	RNA-Seq	PAIRED	PAIRED	PAIRED	R1	1	SRR16980354_1.fastq.gz	ftp.sra.ebi.ac.uk/vol1/fastq/SRR169/054/SRR16980354/SRR16980354_1.fastq.gz	38b615bd91588fd32920b2134d97488c	2181513256
PRJNA766998	SAMN23296634	SRX13171131	SRR16980354	RNA-seq	RNA-Seq	PAIRED	PAIRED	PAIRED	R2	2	SRR16980354_2.fastq.gz	ftp.sra.ebi.ac.uk/vol1/fastq/SRR169/054/SRR16980354/SRR16980354_2.fastq.gz	35aa877daee5c97fa9d5b22d670b440b	2191962041
PRJNA766998	SAMN23296634	SRX13171121	SRR16980364	RNA-seq	RNA-Seq	PAIRED	PAIRED	PAIRED	R1	1	SRR16980364_1.fastq.gz	ftp.sra.ebi.ac.uk/vol1/fastq/SRR169/064/SRR16980364/SRR16980364_1.fastq.gz	9dd1949d924c250066413a09a6fe56c7	1968971518
PRJNA766998	SAMN23296634	SRX13171121	SRR16980364	RNA-seq	RNA-Seq	PAIRED	PAIRED	PAIRED	R2	2	SRR16980364_2.fastq.gz	ftp.sra.ebi.ac.uk/vol1/fastq/SRR169/064/SRR16980364/SRR16980364_2.fastq.gz	0ada341d5c61ea02f32abfe2f015e8a6	1977430682
PRJNA766998	SAMN23296634	SRX13171114	SRR16980371	RNA-seq	RNA-Seq	PAIRED	PAIRED	PAIRED_PLUS_UNPAIRED	UNPAIRED	1	SRR16980371.fastq.gz	ftp.sra.ebi.ac.uk/vol1/fastq/SRR169/071/SRR16980371/SRR16980371.fastq.gz	52aa367494bffa339e28871a3db3493c	423640710
PRJNA766998	SAMN23296634	SRX13171114	SRR16980371	RNA-seq	RNA-Seq	PAIRED	PAIRED	PAIRED_PLUS_UNPAIRED	R1	2	SRR16980371_1.fastq.gz	ftp.sra.ebi.ac.uk/vol1/fastq/SRR169/071/SRR16980371/SRR16980371_1.fastq.gz	5f6b6d536629d8b648ce2f9f4ef7625d	1505196923
PRJNA766998	SAMN23296634	SRX13171114	SRR16980371	RNA-seq	RNA-Seq	PAIRED	PAIRED	PAIRED_PLUS_UNPAIRED	R2	3	SRR16980371_2.fastq.gz	ftp.sra.ebi.ac.uk/vol1/fastq/SRR169/071/SRR16980371/SRR16980371_2.fastq.gz	18663d41d44e9c7aef3e3300234adf4e	1509049746
PRJNA785251	SAMN23551696	SRX13273392	SRR17085237	RNA-seq	RNA-Seq	SINGLE	SINGLE	SINGLE	SINGLE	1	SRR17085237.fastq.gz	ftp.sra.ebi.ac.uk/vol1/fastq/SRR170/037/SRR17085237/SRR17085237.fastq.gz	e53fae95238fc849ee23df686f51a2b5	140027175
PRJNA785251	SAMN23551697	SRX13273391	SRR17085242	RNA-seq	RNA-Seq	SINGLE	SINGLE	SINGLE	SINGLE	1	SRR17085242.fastq.gz	ftp.sra.ebi.ac.uk/vol1/fastq/SRR170/042/SRR17085242/SRR17085242.fastq.gz	4f735c2622a757fb28bb0c18d8aa2e57	35392432
PRJNA785251	SAMN23551697	SRX13273391	SRR17085245	RNA-seq	RNA-Seq	SINGLE	SINGLE	SINGLE	SINGLE	1	SRR17085245.fastq.gz	ftp.sra.ebi.ac.uk/vol1/fastq/SRR170/045/SRR17085245/SRR17085245.fastq.gz	044e30fb25563f88c776ee074d261c5f	35876868
PRJNA785251	SAMN23551698	SRX13273390	SRR17085246	RNA-seq	RNA-Seq	SINGLE	SINGLE	SINGLE	SINGLE	1	SRR17085246.fastq.gz	ftp.sra.ebi.ac.uk/vol1/fastq/SRR170/046/SRR17085246/SRR17085246.fastq.gz	da8c8a12c3d79c944529108358f4797f	139617950
PRJNA785251	SAMN23551702	SRX13273386	SRR17085269	RNA-seq	RNA-Seq	SINGLE	SINGLE	SINGLE	SINGLE	1	SRR17085269.fastq.gz	ftp.sra.ebi.ac.uk/vol1/fastq/SRR170/069/SRR17085269/SRR17085269.fastq.gz	039202ec5917ed71988950bf5c83d7e3	139078130
PRJNA785251	SAMN23551703	SRX13273385	SRR17085273	RNA-seq	RNA-Seq	SINGLE	SINGLE	SINGLE	SINGLE	1	SRR17085273.fastq.gz	ftp.sra.ebi.ac.uk/vol1/fastq/SRR170/073/SRR17085273/SRR17085273.fastq.gz	4b694980463eb3696723aeae68194471	138701719
PRJNA785251	SAMN23551703	SRX13273385	SRR17085274	RNA-seq	RNA-Seq	SINGLE	SINGLE	SINGLE	SINGLE	1	SRR17085274.fastq.gz	ftp.sra.ebi.ac.uk/vol1/fastq/SRR170/074/SRR17085274/SRR17085274.fastq.gz	d5787e069da71945b1a99f6edddbc0a7	45475146
PRJNA785251	SAMN23551703	SRX13273385	SRR17085277	RNA-seq	RNA-Seq	SINGLE	SINGLE	SINGLE	SINGLE	1	SRR17085277.fastq.gz	ftp.sra.ebi.ac.uk/vol1/fastq/SRR170/077/SRR17085277/SRR17085277.fastq.gz	f35c73b02c4a1b93e8d85db095cb7835	45862155
PRJNA785251	SAMN23551706	SRX13273382	SRR17085290	RNA-seq	RNA-Seq	SINGLE	SINGLE	SINGLE	SINGLE	1	SRR17085290.fastq.gz	ftp.sra.ebi.ac.uk/vol1/fastq/SRR170/090/SRR17085290/SRR17085290.fastq.gz	a482a8ac7317806b7ef00db0326c67fa	140613470
PRJNA785251	SAMN23551706	SRX13273382	SRR17085291	RNA-seq	RNA-Seq	SINGLE	SINGLE	SINGLE	SINGLE	1	SRR17085291.fastq.gz	ftp.sra.ebi.ac.uk/vol1/fastq/SRR170/091/SRR17085291/SRR17085291.fastq.gz	d1253bb8ba916ebbbae69a2f227f0133	141234683
PRJNA785251	SAMN23551708	SRX13273380	SRR17085305	RNA-seq	RNA-Seq	SINGLE	SINGLE	SINGLE	SINGLE	1	SRR17085305.fastq.gz	ftp.sra.ebi.ac.uk/vol1/fastq/SRR170/005/SRR17085305/SRR17085305.fastq.gz	08397520f05632911ecf88d8958d6604	137895152
PRJNA785251	SAMN23551690	SRX13273379	SRR17085310	RNA-seq	RNA-Seq	SINGLE	SINGLE	SINGLE	SINGLE	1	SRR17085310.fastq.gz	ftp.sra.ebi.ac.uk/vol1/fastq/SRR170/010/SRR17085310/SRR17085310.fastq.gz	6391e3b13d7955394df1ff077b61b4ef	25755351
PRJNA785251	SAMN23551690	SRX13273379	SRR17085311	RNA-seq	RNA-Seq	SINGLE	SINGLE	SINGLE	SINGLE	1	SRR17085311.fastq.gz	ftp.sra.ebi.ac.uk/vol1/fastq/SRR170/011/SRR17085311/SRR17085311.fastq.gz	4803e9e50a04b421cff371c7245ffec2	138974827
PRJNA785251	SAMN23551690	SRX13273379	SRR17085313	RNA-seq	RNA-Seq	SINGLE	SINGLE	SINGLE	SINGLE	1	SRR17085313.fastq.gz	ftp.sra.ebi.ac.uk/vol1/fastq/SRR170/013/SRR17085313/SRR17085313.fastq.gz	334ee8277e5e538e69f54d55ade7f6d7	27093028
PRJNA785251	SAMN23551692	SRX13273377	SRR17085321	RNA-seq	RNA-Seq	SINGLE	SINGLE	SINGLE	SINGLE	1	SRR17085321.fastq.gz	ftp.sra.ebi.ac.uk/vol1/fastq/SRR170/021/SRR17085321/SRR17085321.fastq.gz	30c254c8950673bbb25818c27c135dcb	138550444
PRJNA785251	SAMN23551692	SRX13273377	SRR17085325	RNA-seq	RNA-Seq	SINGLE	SINGLE	SINGLE	SINGLE	1	SRR17085325.fastq.gz	ftp.sra.ebi.ac.uk/vol1/fastq/SRR170/025/SRR17085325/SRR17085325.fastq.gz	b97752a249d959debed67e7857624146	24201413
PRJNA785251	SAMN23551695	SRX13273374	SRR17085341	RNA-seq	RNA-Seq	SINGLE	SINGLE	SINGLE	SINGLE	1	SRR17085341.fastq.gz	ftp.sra.ebi.ac.uk/vol1/fastq/SRR170/041/SRR17085341/SRR17085341.fastq.gz	3879fc5eda30380e71ab8dbad8a468bc	139294391
PRJNA810994	SAMN26308030	SRX14311063	SRR18163656	RNA-seq	RNA-Seq	SINGLE	SINGLE	SINGLE	SINGLE	1	SRR18163656.fastq.gz	ftp.sra.ebi.ac.uk/vol1/fastq/SRR181/056/SRR18163656/SRR18163656.fastq.gz	986635a0b391e76225b7293cd69f2102	3450098079
PRJNA810994	SAMN26308040	SRX14311053	SRR18163666	RNA-seq	RNA-Seq	SINGLE	SINGLE	SINGLE	SINGLE	1	SRR18163666.fastq.gz	ftp.sra.ebi.ac.uk/vol1/fastq/SRR181/066/SRR18163666/SRR18163666.fastq.gz	5d21eb31b4abe4556383c36a93e67b97	3564303242
PRJNA817102	SAMN26747791	SRX14491410	SRR18356112	RNA-seq	RNA-Seq	PAIRED	PAIRED	PAIRED	R1	1	SRR18356112_1.fastq.gz	ftp.sra.ebi.ac.uk/vol1/fastq/SRR183/012/SRR18356112/SRR18356112_1.fastq.gz	00c91f697ce4a780b3593fae36d67ce3	1590603450
PRJNA817102	SAMN26747791	SRX14491410	SRR18356112	RNA-seq	RNA-Seq	PAIRED	PAIRED	PAIRED	R2	2	SRR18356112_2.fastq.gz	ftp.sra.ebi.ac.uk/vol1/fastq/SRR183/012/SRR18356112/SRR18356112_2.fastq.gz	77bd0818f75a4120a50ebca91c4eeb38	1623370818
PRJNA820638	SAMN27019286	SRX14633673	SRR18502223	RNA-seq	RNA-Seq	PAIRED	PAIRED	PAIRED	R1	1	SRR18502223_1.fastq.gz	ftp.sra.ebi.ac.uk/vol1/fastq/SRR185/023/SRR18502223/SRR18502223_1.fastq.gz	05a7c4dcd0cc00c2ad25b872ed7ee865	2342683259
PRJNA820638	SAMN27019286	SRX14633673	SRR18502223	RNA-seq	RNA-Seq	PAIRED	PAIRED	PAIRED	R2	2	SRR18502223_2.fastq.gz	ftp.sra.ebi.ac.uk/vol1/fastq/SRR185/023/SRR18502223/SRR18502223_2.fastq.gz	3d5e76f31060df336bf23be3cc6c6d52	2406600724
PRJNA820638	SAMN27019289	SRX14633670	SRR18502226	RNA-seq	RNA-Seq	PAIRED	PAIRED	PAIRED	R1	1	SRR18502226_1.fastq.gz	ftp.sra.ebi.ac.uk/vol1/fastq/SRR185/026/SRR18502226/SRR18502226_1.fastq.gz	d908f1c8964effcddeab6288a22afd80	2201461884
PRJNA820638	SAMN27019289	SRX14633670	SRR18502226	RNA-seq	RNA-Seq	PAIRED	PAIRED	PAIRED	R2	2	SRR18502226_2.fastq.gz	ftp.sra.ebi.ac.uk/vol1/fastq/SRR185/026/SRR18502226/SRR18502226_2.fastq.gz	2951e3e48ef89a97b59e5a8ecfccfaa4	2272561231
PRJNA820638	SAMN27019290	SRX14633669	SRR18502227	RNA-seq	RNA-Seq	PAIRED	PAIRED	PAIRED	R1	1	SRR18502227_1.fastq.gz	ftp.sra.ebi.ac.uk/vol1/fastq/SRR185/027/SRR18502227/SRR18502227_1.fastq.gz	fba789292efcb24d97fe8ea6ab5abedd	1753866087
PRJNA820638	SAMN27019290	SRX14633669	SRR18502227	RNA-seq	RNA-Seq	PAIRED	PAIRED	PAIRED	R2	2	SRR18502227_2.fastq.gz	ftp.sra.ebi.ac.uk/vol1/fastq/SRR185/027/SRR18502227/SRR18502227_2.fastq.gz	ab6b6073a774fad5f0816517c60ef6c1	1795321901
PRJNA820638	SAMN27019291	SRX14633668	SRR18502228	RNA-seq	RNA-Seq	PAIRED	PAIRED	PAIRED	R1	1	SRR18502228_1.fastq.gz	ftp.sra.ebi.ac.uk/vol1/fastq/SRR185/028/SRR18502228/SRR18502228_1.fastq.gz	daf993143f4fa80307a8eaf327c1af21	1806056065
PRJNA820638	SAMN27019291	SRX14633668	SRR18502228	RNA-seq	RNA-Seq	PAIRED	PAIRED	PAIRED	R2	2	SRR18502228_2.fastq.gz	ftp.sra.ebi.ac.uk/vol1/fastq/SRR185/028/SRR18502228/SRR18502228_2.fastq.gz	67f7c100d5dbf70221949da54ad02b5b	1850156643
PRJNA820638	SAMN27019296	SRX14633663	SRR18502233	RNA-seq	RNA-Seq	PAIRED	PAIRED	PAIRED	R1	1	SRR18502233_1.fastq.gz	ftp.sra.ebi.ac.uk/vol1/fastq/SRR185/033/SRR18502233/SRR18502233_1.fastq.gz	205d659828036becb2bb46b9f3159a9e	1765016861
PRJNA820638	SAMN27019296	SRX14633663	SRR18502233	RNA-seq	RNA-Seq	PAIRED	PAIRED	PAIRED	R2	2	SRR18502233_2.fastq.gz	ftp.sra.ebi.ac.uk/vol1/fastq/SRR185/033/SRR18502233/SRR18502233_2.fastq.gz	fb24d5e7c7d1dee750e33eceb4bca4ed	1809430091
PRJNA839086	SAMN28495774	SRX15316778	SRR19256297	RNA-seq	RNA-Seq	PAIRED	PAIRED	PAIRED	R1	1	SRR19256297_1.fastq.gz	ftp.sra.ebi.ac.uk/vol1/fastq/SRR192/097/SRR19256297/SRR19256297_1.fastq.gz	a4fc1f2084f468662e7a4ed8b11a3b81	1176368388
PRJNA839086	SAMN28495774	SRX15316778	SRR19256297	RNA-seq	RNA-Seq	PAIRED	PAIRED	PAIRED	R2	2	SRR19256297_2.fastq.gz	ftp.sra.ebi.ac.uk/vol1/fastq/SRR192/097/SRR19256297/SRR19256297_2.fastq.gz	9c48a71388b188ad841758855b4ae9de	1179244820
PRJNA839086	SAMN28495775	SRX15316777	SRR19256298	RNA-seq	RNA-Seq	PAIRED	PAIRED	PAIRED	R1	1	SRR19256298_1.fastq.gz	ftp.sra.ebi.ac.uk/vol1/fastq/SRR192/098/SRR19256298/SRR19256298_1.fastq.gz	f1ea35622683fc13f2fe5ebe8ad9656c	1205474299
PRJNA839086	SAMN28495775	SRX15316777	SRR19256298	RNA-seq	RNA-Seq	PAIRED	PAIRED	PAIRED	R2	2	SRR19256298_2.fastq.gz	ftp.sra.ebi.ac.uk/vol1/fastq/SRR192/098/SRR19256298/SRR19256298_2.fastq.gz	548510caa4eae9ca1201f33c543bf50a	1207081023
PRJNA839086	SAMN28495777	SRX15316775	SRR19256300	RNA-seq	RNA-Seq	PAIRED	PAIRED	PAIRED	R1	1	SRR19256300_1.fastq.gz	ftp.sra.ebi.ac.uk/vol1/fastq/SRR192/000/SRR19256300/SRR19256300_1.fastq.gz	f4d069c9c3c0a2f76ac99ea0420387c0	1211202382
PRJNA839086	SAMN28495777	SRX15316775	SRR19256300	RNA-seq	RNA-Seq	PAIRED	PAIRED	PAIRED	R2	2	SRR19256300_2.fastq.gz	ftp.sra.ebi.ac.uk/vol1/fastq/SRR192/000/SRR19256300/SRR19256300_2.fastq.gz	b7a002bdb5253a1b0ccce4d0c62c3325	1213670127
PRJNA839086	SAMN28495778	SRX15316774	SRR19256301	RNA-seq	RNA-Seq	PAIRED	PAIRED	PAIRED	R1	1	SRR19256301_1.fastq.gz	ftp.sra.ebi.ac.uk/vol1/fastq/SRR192/001/SRR19256301/SRR19256301_1.fastq.gz	be4ca084da9b974b42a5af0f1729d624	1183772494
PRJNA839086	SAMN28495778	SRX15316774	SRR19256301	RNA-seq	RNA-Seq	PAIRED	PAIRED	PAIRED	R2	2	SRR19256301_2.fastq.gz	ftp.sra.ebi.ac.uk/vol1/fastq/SRR192/001/SRR19256301/SRR19256301_2.fastq.gz	5b214f135f93fc6dbc8947f17e1f04bc	1185726743
PRJNA839086	SAMN28495782	SRX15316770	SRR19256305	RNA-seq	RNA-Seq	PAIRED	PAIRED	PAIRED	R1	1	SRR19256305_1.fastq.gz	ftp.sra.ebi.ac.uk/vol1/fastq/SRR192/005/SRR19256305/SRR19256305_1.fastq.gz	70f4eef8593e7f6ae8a019a191e84b62	1039317236
PRJNA839086	SAMN28495782	SRX15316770	SRR19256305	RNA-seq	RNA-Seq	PAIRED	PAIRED	PAIRED	R2	2	SRR19256305_2.fastq.gz	ftp.sra.ebi.ac.uk/vol1/fastq/SRR192/005/SRR19256305/SRR19256305_2.fastq.gz	d7df4387d5b458b222c8d2839beb9e52	1041371572
PRJNA865478	SAMN30113683	SRX16790179	SRR20770287	ChIP-seq	ChIP-Seq	SINGLE	SINGLE	SINGLE	SINGLE	1	SRR20770287.fastq.gz	ftp.sra.ebi.ac.uk/vol1/fastq/SRR207/087/SRR20770287/SRR20770287.fastq.gz	0b6b491f21805b91df0f42771fc193fb	1992978505
PRJNA865478	SAMN30113683	SRX16790171	SRR20770295	ChIP-seq	ChIP-Seq	SINGLE	SINGLE	SINGLE	SINGLE	1	SRR20770295.fastq.gz	ftp.sra.ebi.ac.uk/vol1/fastq/SRR207/095/SRR20770295/SRR20770295.fastq.gz	f2b85129fef6a98564d0730e91a32b5f	2149554275
PRJNA938154	SAMN33426962	SRX19488783	SRR23603791	RNA-seq	RNA-Seq	PAIRED	SINGLE	UNPAIRED_FROM_PAIRED	UNPAIRED	1	SRR23603791.fastq.gz	ftp.sra.ebi.ac.uk/vol1/fastq/SRR236/091/SRR23603791/SRR23603791.fastq.gz	c3fcd1b3570fc244f384bade48547f4e	786579284
PRJNA938154	SAMN33426992	SRX19488773	SRR23603801	RNA-seq	RNA-Seq	PAIRED	SINGLE	UNPAIRED_FROM_PAIRED	UNPAIRED	1	SRR23603801.fastq.gz	ftp.sra.ebi.ac.uk/vol1/fastq/SRR236/001/SRR23603801/SRR23603801.fastq.gz	ca95224df29cf58ed48fef572c3d0598	738127582
PRJNA938154	SAMN33426995	SRX19488770	SRR23603804	RNA-seq	RNA-Seq	PAIRED	SINGLE	UNPAIRED_FROM_PAIRED	UNPAIRED	1	SRR23603804.fastq.gz	ftp.sra.ebi.ac.uk/vol1/fastq/SRR236/004/SRR23603804/SRR23603804.fastq.gz	e4e4b33ed3db45f94fe0e746be91313d	758909401
PRJNA938154	SAMN33427002	SRX19488763	SRR23603811	RNA-seq	RNA-Seq	PAIRED	SINGLE	UNPAIRED_FROM_PAIRED	UNPAIRED	1	SRR23603811.fastq.gz	ftp.sra.ebi.ac.uk/vol1/fastq/SRR236/011/SRR23603811/SRR23603811.fastq.gz	b08ea78e71e316db647e28b0dfc55bdc	759944370
PRJNA938154	SAMN33427011	SRX19488734	SRR23603820	RNA-seq	RNA-Seq	PAIRED	SINGLE	UNPAIRED_FROM_PAIRED	UNPAIRED	1	SRR23603820.fastq.gz	ftp.sra.ebi.ac.uk/vol1/fastq/SRR236/020/SRR23603820/SRR23603820.fastq.gz	02a113e1e265384e997c5274c871b323	779858394
PRJNA938154	SAMN33426972	SRX19488753	SRR23603821	RNA-seq	RNA-Seq	PAIRED	SINGLE	UNPAIRED_FROM_PAIRED	UNPAIRED	1	SRR23603821.fastq.gz	ftp.sra.ebi.ac.uk/vol1/fastq/SRR236/021/SRR23603821/SRR23603821.fastq.gz	a50a2a89a1af7b16c5465cb60a369060	830756837
PRJNA938154	SAMN33426984	SRX19488741	SRR23603833	RNA-seq	RNA-Seq	PAIRED	SINGLE	UNPAIRED_FROM_PAIRED	UNPAIRED	1	SRR23603833.fastq.gz	ftp.sra.ebi.ac.uk/vol1/fastq/SRR236/033/SRR23603833/SRR23603833.fastq.gz	4bdfd002d7b25138b3b6b4e925e04783	755407203
PRJNA938154	SAMN33426987	SRX19488738	SRR23603836	RNA-seq	RNA-Seq	PAIRED	SINGLE	UNPAIRED_FROM_PAIRED	UNPAIRED	1	SRR23603836.fastq.gz	ftp.sra.ebi.ac.uk/vol1/fastq/SRR236/036/SRR23603836/SRR23603836.fastq.gz	a1d09c444d7290e129804ef665d1428c	737603388
PRJNA938154	SAMN33427014	SRX19488731	SRR23603843	RNA-seq	RNA-Seq	PAIRED	SINGLE	UNPAIRED_FROM_PAIRED	UNPAIRED	1	SRR23603843.fastq.gz	ftp.sra.ebi.ac.uk/vol1/fastq/SRR236/043/SRR23603843/SRR23603843.fastq.gz	8d279c51f5072b7621be980b5602748b	772772353
PRJNA938154	SAMN33427018	SRX19488727	SRR23603847	RNA-seq	RNA-Seq	PAIRED	SINGLE	UNPAIRED_FROM_PAIRED	UNPAIRED	1	SRR23603847.fastq.gz	ftp.sra.ebi.ac.uk/vol1/fastq/SRR236/047/SRR23603847/SRR23603847.fastq.gz	2fa7a9fd9437ecf513f42e16b5da97c4	798601526
PRJNA938154	SAMN33427019	SRX19488726	SRR23603848	RNA-seq	RNA-Seq	PAIRED	SINGLE	UNPAIRED_FROM_PAIRED	UNPAIRED	1	SRR23603848.fastq.gz	ftp.sra.ebi.ac.uk/vol1/fastq/SRR236/048/SRR23603848/SRR23603848.fastq.gz	e02d19493571883aee2218157fe710b5	782451546
PRJNA938154	SAMN33427020	SRX19488725	SRR23603849	RNA-seq	RNA-Seq	PAIRED	SINGLE	UNPAIRED_FROM_PAIRED	UNPAIRED	1	SRR23603849.fastq.gz	ftp.sra.ebi.ac.uk/vol1/fastq/SRR236/049/SRR23603849/SRR23603849.fastq.gz	17556ac73dfdeb006e1b2e1801f31c96	832181610
PRJNA938154	SAMN33427022	SRX19488723	SRR23603851	RNA-seq	RNA-Seq	PAIRED	SINGLE	UNPAIRED_FROM_PAIRED	UNPAIRED	1	SRR23603851.fastq.gz	ftp.sra.ebi.ac.uk/vol1/fastq/SRR236/051/SRR23603851/SRR23603851.fastq.gz	14b9bfc467158753aec81311e4587eb4	811848632
PRJNA938154	SAMN33427034	SRX19488711	SRR23603863	RNA-seq	RNA-Seq	PAIRED	SINGLE	UNPAIRED_FROM_PAIRED	UNPAIRED	1	SRR23603863.fastq.gz	ftp.sra.ebi.ac.uk/vol1/fastq/SRR236/063/SRR23603863/SRR23603863.fastq.gz	df0bd7fe372bd6d0ee243c47ea5509ee	404059203
PRJNA938154	SAMN33427038	SRX19488707	SRR23603867	RNA-seq	RNA-Seq	PAIRED	SINGLE	UNPAIRED_FROM_PAIRED	UNPAIRED	1	SRR23603867.fastq.gz	ftp.sra.ebi.ac.uk/vol1/fastq/SRR236/067/SRR23603867/SRR23603867.fastq.gz	0afc2a6f8e34c4a24a06cc1401ca8d77	639363513
PRJNA938154	SAMN33427040	SRX19488705	SRR23603869	RNA-seq	RNA-Seq	PAIRED	SINGLE	UNPAIRED_FROM_PAIRED	UNPAIRED	1	SRR23603869.fastq.gz	ftp.sra.ebi.ac.uk/vol1/fastq/SRR236/069/SRR23603869/SRR23603869.fastq.gz	f2c2a29d422d64a93f9ba0b5d5c3158f	652684492
PRJNA938154	SAMN33427043	SRX19488702	SRR23603872	RNA-seq	RNA-Seq	PAIRED	SINGLE	UNPAIRED_FROM_PAIRED	UNPAIRED	1	SRR23603872.fastq.gz	ftp.sra.ebi.ac.uk/vol1/fastq/SRR236/072/SRR23603872/SRR23603872.fastq.gz	c7d71bb0c421f98495b3e557fbe8c28c	621435366
PRJNA938154	SAMN33427044	SRX19488701	SRR23603873	RNA-seq	RNA-Seq	PAIRED	SINGLE	UNPAIRED_FROM_PAIRED	UNPAIRED	1	SRR23603873.fastq.gz	ftp.sra.ebi.ac.uk/vol1/fastq/SRR236/073/SRR23603873/SRR23603873.fastq.gz	52005b6c5241839d0d87c960914272c0	735815924
PRJNA938154	SAMN33427048	SRX19488697	SRR23603877	RNA-seq	RNA-Seq	PAIRED	SINGLE	UNPAIRED_FROM_PAIRED	UNPAIRED	1	SRR23603877.fastq.gz	ftp.sra.ebi.ac.uk/vol1/fastq/SRR236/077/SRR23603877/SRR23603877.fastq.gz	76a9a649fa60e64a886fa7e71122ed31	648830862
PRJNA938154	SAMN33427049	SRX19488696	SRR23603878	RNA-seq	RNA-Seq	PAIRED	SINGLE	UNPAIRED_FROM_PAIRED	UNPAIRED	1	SRR23603878.fastq.gz	ftp.sra.ebi.ac.uk/vol1/fastq/SRR236/078/SRR23603878/SRR23603878.fastq.gz	dc659a77a8dab17eac1324b74030a9f9	609260472
PRJNA941080	SAMN33589140	SRX19564101	SRR23702454	RNA-seq	RNA-Seq	PAIRED	PAIRED	PAIRED	R1	1	SRR23702454_1.fastq.gz	ftp.sra.ebi.ac.uk/vol1/fastq/SRR237/054/SRR23702454/SRR23702454_1.fastq.gz	21c8fd26e14f51a7de19a4cbd3a7ceb1	1071067594
PRJNA941080	SAMN33589140	SRX19564101	SRR23702454	RNA-seq	RNA-Seq	PAIRED	PAIRED	PAIRED	R2	2	SRR23702454_2.fastq.gz	ftp.sra.ebi.ac.uk/vol1/fastq/SRR237/054/SRR23702454/SRR23702454_2.fastq.gz	f4b61d57864612d14c7a29e4b39f42c0	1071845102
PRJNA953054	SAMN34105233	SRX19900046	SRR24099905	RNA-seq	RNA-Seq	PAIRED	PAIRED	PAIRED	R1	1	SRR24099905_1.fastq.gz	ftp.sra.ebi.ac.uk/vol1/fastq/SRR240/005/SRR24099905/SRR24099905_1.fastq.gz	c0d2915ddc36e76e600ece39546bb86c	1683401958
PRJNA953054	SAMN34105233	SRX19900046	SRR24099905	RNA-seq	RNA-Seq	PAIRED	PAIRED	PAIRED	R2	2	SRR24099905_2.fastq.gz	ftp.sra.ebi.ac.uk/vol1/fastq/SRR240/005/SRR24099905/SRR24099905_2.fastq.gz	1df3945602ef0619c72be0042e58cb83	1678879301
PRJNA974014	SAMN35159452	SRX20431024	SRR24650914	RNA-seq	RNA-Seq	PAIRED	PAIRED	PAIRED	R1	1	SRR24650914_1.fastq.gz	ftp.sra.ebi.ac.uk/vol1/fastq/SRR246/014/SRR24650914/SRR24650914_1.fastq.gz	226480c518c9fe996c33117069bd4562	1183886488
PRJNA974014	SAMN35159452	SRX20431024	SRR24650914	RNA-seq	RNA-Seq	PAIRED	PAIRED	PAIRED	R2	2	SRR24650914_2.fastq.gz	ftp.sra.ebi.ac.uk/vol1/fastq/SRR246/014/SRR24650914/SRR24650914_2.fastq.gz	2375d7bc6c585b2959cdf7eb66c62d00	1248869465
PRJNA974014	SAMN35159454	SRX20431022	SRR24650916	RNA-seq	RNA-Seq	PAIRED	PAIRED	PAIRED	R1	1	SRR24650916_1.fastq.gz	ftp.sra.ebi.ac.uk/vol1/fastq/SRR246/016/SRR24650916/SRR24650916_1.fastq.gz	2684c2189dc0aa30819ac8e916c42d46	1284822712
PRJNA974014	SAMN35159454	SRX20431022	SRR24650916	RNA-seq	RNA-Seq	PAIRED	PAIRED	PAIRED	R2	2	SRR24650916_2.fastq.gz	ftp.sra.ebi.ac.uk/vol1/fastq/SRR246/016/SRR24650916/SRR24650916_2.fastq.gz	7839ae611c1dddda9c3c9ce55801000a	1359916746
PRJNA974014	SAMN35159397	SRX20431016	SRR24650922	RNA-seq	RNA-Seq	PAIRED	PAIRED	PAIRED	R1	1	SRR24650922_1.fastq.gz	ftp.sra.ebi.ac.uk/vol1/fastq/SRR246/022/SRR24650922/SRR24650922_1.fastq.gz	e8ec86598b7f216085c16584b292cb2f	3628249387
PRJNA974014	SAMN35159397	SRX20431016	SRR24650922	RNA-seq	RNA-Seq	PAIRED	PAIRED	PAIRED	R2	2	SRR24650922_2.fastq.gz	ftp.sra.ebi.ac.uk/vol1/fastq/SRR246/022/SRR24650922/SRR24650922_2.fastq.gz	4dc69ae29e492191e58e9d37079c2687	3818519209
PRJNA974014	SAMN35159429	SRX20431008	SRR24650930	RNA-seq	RNA-Seq	PAIRED	PAIRED	PAIRED	R1	1	SRR24650930_1.fastq.gz	ftp.sra.ebi.ac.uk/vol1/fastq/SRR246/030/SRR24650930/SRR24650930_1.fastq.gz	2151ff798aa772ef672325ceb9c6f03d	935977058
PRJNA974014	SAMN35159429	SRX20431008	SRR24650930	RNA-seq	RNA-Seq	PAIRED	PAIRED	PAIRED	R2	2	SRR24650930_2.fastq.gz	ftp.sra.ebi.ac.uk/vol1/fastq/SRR246/030/SRR24650930/SRR24650930_2.fastq.gz	4531483ac3ad263f44bf3c3ee6f9026c	982610059
PRJNA974014	SAMN35159457	SRX20431004	SRR24650934	RNA-seq	RNA-Seq	PAIRED	PAIRED	PAIRED	R1	1	SRR24650934_1.fastq.gz	ftp.sra.ebi.ac.uk/vol1/fastq/SRR246/034/SRR24650934/SRR24650934_1.fastq.gz	2278052c8b887690d9fa21a02df1dd74	1222291593
PRJNA974014	SAMN35159457	SRX20431004	SRR24650934	RNA-seq	RNA-Seq	PAIRED	PAIRED	PAIRED	R2	2	SRR24650934_2.fastq.gz	ftp.sra.ebi.ac.uk/vol1/fastq/SRR246/034/SRR24650934/SRR24650934_2.fastq.gz	b9a331cf03c73251a826f3c66a551a0a	1300407208
PRJNA974014	SAMN35159462	SRX20430999	SRR24650939	RNA-seq	RNA-Seq	PAIRED	PAIRED	PAIRED	R1	1	SRR24650939_1.fastq.gz	ftp.sra.ebi.ac.uk/vol1/fastq/SRR246/039/SRR24650939/SRR24650939_1.fastq.gz	917f101629f31a498a3afe1e12547bdb	1147055367
PRJNA974014	SAMN35159462	SRX20430999	SRR24650939	RNA-seq	RNA-Seq	PAIRED	PAIRED	PAIRED	R2	2	SRR24650939_2.fastq.gz	ftp.sra.ebi.ac.uk/vol1/fastq/SRR246/039/SRR24650939/SRR24650939_2.fastq.gz	1c487b7f00611e814d950dce967798da	1221230491
PRJNA974014	SAMN35159404	SRX20430993	SRR24650945	RNA-seq	RNA-Seq	PAIRED	PAIRED	PAIRED	R1	1	SRR24650945_1.fastq.gz	ftp.sra.ebi.ac.uk/vol1/fastq/SRR246/045/SRR24650945/SRR24650945_1.fastq.gz	6d1ce78c11909380654e1d455e20d05f	3961368557
PRJNA974014	SAMN35159404	SRX20430993	SRR24650945	RNA-seq	RNA-Seq	PAIRED	PAIRED	PAIRED	R2	2	SRR24650945_2.fastq.gz	ftp.sra.ebi.ac.uk/vol1/fastq/SRR246/045/SRR24650945/SRR24650945_2.fastq.gz	570407d559a1a280143b3c095bb75068	4295635737
PRJNA974014	SAMN35159406	SRX20430991	SRR24650947	RNA-seq	RNA-Seq	PAIRED	PAIRED	PAIRED	R1	1	SRR24650947_1.fastq.gz	ftp.sra.ebi.ac.uk/vol1/fastq/SRR246/047/SRR24650947/SRR24650947_1.fastq.gz	3e974c87ae0bcc0718fc4aef0cce7da9	3750274628
PRJNA974014	SAMN35159406	SRX20430991	SRR24650947	RNA-seq	RNA-Seq	PAIRED	PAIRED	PAIRED	R2	2	SRR24650947_2.fastq.gz	ftp.sra.ebi.ac.uk/vol1/fastq/SRR246/047/SRR24650947/SRR24650947_2.fastq.gz	d0fc791beb9d3b79be9a0cb2a0388d91	3934304203
PRJNA974014	SAMN35159434	SRX20430987	SRR24650951	RNA-seq	RNA-Seq	PAIRED	PAIRED	PAIRED	R1	1	SRR24650951_1.fastq.gz	ftp.sra.ebi.ac.uk/vol1/fastq/SRR246/051/SRR24650951/SRR24650951_1.fastq.gz	e12b1ddd1ae16e804bacb14961c8d9d9	1060868715
PRJNA974014	SAMN35159434	SRX20430987	SRR24650951	RNA-seq	RNA-Seq	PAIRED	PAIRED	PAIRED	R2	2	SRR24650951_2.fastq.gz	ftp.sra.ebi.ac.uk/vol1/fastq/SRR246/051/SRR24650951/SRR24650951_2.fastq.gz	5098fcd018c123c3c8f9997ddbcf984d	1125734410
PRJNA974014	SAMN35159439	SRX20430982	SRR24650956	RNA-seq	RNA-Seq	PAIRED	PAIRED	PAIRED	R1	1	SRR24650956_1.fastq.gz	ftp.sra.ebi.ac.uk/vol1/fastq/SRR246/056/SRR24650956/SRR24650956_1.fastq.gz	bb789201491a7ac5c1e3268ef9ed8bb9	1062411764
PRJNA974014	SAMN35159439	SRX20430982	SRR24650956	RNA-seq	RNA-Seq	PAIRED	PAIRED	PAIRED	R2	2	SRR24650956_2.fastq.gz	ftp.sra.ebi.ac.uk/vol1/fastq/SRR246/056/SRR24650956/SRR24650956_2.fastq.gz	aa02004719d65cebaab2419941ee17b4	1133861522
PRJNA974014	SAMN35159468	SRX20430977	SRR24650961	RNA-seq	RNA-Seq	PAIRED	PAIRED	PAIRED	R1	1	SRR24650961_1.fastq.gz	ftp.sra.ebi.ac.uk/vol1/fastq/SRR246/061/SRR24650961/SRR24650961_1.fastq.gz	0ce4396ec0b7f07d1645cc637f74337e	1010782747
PRJNA974014	SAMN35159468	SRX20430977	SRR24650961	RNA-seq	RNA-Seq	PAIRED	PAIRED	PAIRED	R2	2	SRR24650961_2.fastq.gz	ftp.sra.ebi.ac.uk/vol1/fastq/SRR246/061/SRR24650961/SRR24650961_2.fastq.gz	4ea89544b832a39094f928dd17acaacf	1052259539
PRJNA974014	SAMN35159408	SRX20430973	SRR24650965	RNA-seq	RNA-Seq	PAIRED	PAIRED	PAIRED	R1	1	SRR24650965_1.fastq.gz	ftp.sra.ebi.ac.uk/vol1/fastq/SRR246/065/SRR24650965/SRR24650965_1.fastq.gz	056652e8908527b92ade9e9b5f7cea79	3577447766
PRJNA974014	SAMN35159408	SRX20430973	SRR24650965	RNA-seq	RNA-Seq	PAIRED	PAIRED	PAIRED	R2	2	SRR24650965_2.fastq.gz	ftp.sra.ebi.ac.uk/vol1/fastq/SRR246/065/SRR24650965/SRR24650965_2.fastq.gz	1e63f6604036b3437c6f7973dc555236	3746212336
PRJNA974014	SAMN35159409	SRX20430972	SRR24650966	RNA-seq	RNA-Seq	PAIRED	PAIRED	PAIRED	R1	1	SRR24650966_1.fastq.gz	ftp.sra.ebi.ac.uk/vol1/fastq/SRR246/066/SRR24650966/SRR24650966_1.fastq.gz	f0f6adb533ea4913726155dfe20267db	963676665
PRJNA974014	SAMN35159409	SRX20430972	SRR24650966	RNA-seq	RNA-Seq	PAIRED	PAIRED	PAIRED	R2	2	SRR24650966_2.fastq.gz	ftp.sra.ebi.ac.uk/vol1/fastq/SRR246/066/SRR24650966/SRR24650966_2.fastq.gz	f2d9cac998cbfe07e51edbfb4da5ba1a	1021686084
PRJNA974014	SAMN35159413	SRX20430968	SRR24650970	RNA-seq	RNA-Seq	PAIRED	PAIRED	PAIRED	R1	1	SRR24650970_1.fastq.gz	ftp.sra.ebi.ac.uk/vol1/fastq/SRR246/070/SRR24650970/SRR24650970_1.fastq.gz	064f7a5135bb11bbcde472e58475e99a	882101762
PRJNA974014	SAMN35159413	SRX20430968	SRR24650970	RNA-seq	RNA-Seq	PAIRED	PAIRED	PAIRED	R2	2	SRR24650970_2.fastq.gz	ftp.sra.ebi.ac.uk/vol1/fastq/SRR246/070/SRR24650970/SRR24650970_2.fastq.gz	1af35b1768a88579dbf8dd3fef2d4d48	927056537
PRJNA974014	SAMN35159444	SRX20430961	SRR24650977	RNA-seq	RNA-Seq	PAIRED	PAIRED	PAIRED	R1	1	SRR24650977_1.fastq.gz	ftp.sra.ebi.ac.uk/vol1/fastq/SRR246/077/SRR24650977/SRR24650977_1.fastq.gz	d730f9f122ff5b1b0c1f7547278f530a	1098214883
PRJNA974014	SAMN35159444	SRX20430961	SRR24650977	RNA-seq	RNA-Seq	PAIRED	PAIRED	PAIRED	R2	2	SRR24650977_2.fastq.gz	ftp.sra.ebi.ac.uk/vol1/fastq/SRR246/077/SRR24650977/SRR24650977_2.fastq.gz	c8c531d434d47058fa7005f168291e77	1163704373
PRJNA974014	SAMN35159446	SRX20430959	SRR24650979	RNA-seq	RNA-Seq	PAIRED	PAIRED	PAIRED	R1	1	SRR24650979_1.fastq.gz	ftp.sra.ebi.ac.uk/vol1/fastq/SRR246/079/SRR24650979/SRR24650979_1.fastq.gz	2adf97743039e1059df74a5a57ed9e98	998432796
PRJNA974014	SAMN35159446	SRX20430959	SRR24650979	RNA-seq	RNA-Seq	PAIRED	PAIRED	PAIRED	R2	2	SRR24650979_2.fastq.gz	ftp.sra.ebi.ac.uk/vol1/fastq/SRR246/079/SRR24650979/SRR24650979_2.fastq.gz	6487697ebadb59b489ea98a4cc3bb844	1063117487
PRJNA974014	SAMN35159477	SRX20430952	SRR24650986	RNA-seq	RNA-Seq	PAIRED	PAIRED	PAIRED	R1	1	SRR24650986_1.fastq.gz	ftp.sra.ebi.ac.uk/vol1/fastq/SRR246/086/SRR24650986/SRR24650986_1.fastq.gz	f70926487919c452c5a63cfdf3f60321	936734257
PRJNA974014	SAMN35159477	SRX20430952	SRR24650986	RNA-seq	RNA-Seq	PAIRED	PAIRED	PAIRED	R2	2	SRR24650986_2.fastq.gz	ftp.sra.ebi.ac.uk/vol1/fastq/SRR246/086/SRR24650986/SRR24650986_2.fastq.gz	c1774b01fe06ff9f91ad955a319425e5	995379457
PRJNA974014	SAMN35159484	SRX20430945	SRR24650993	RNA-seq	RNA-Seq	PAIRED	PAIRED	PAIRED	R1	1	SRR24650993_1.fastq.gz	ftp.sra.ebi.ac.uk/vol1/fastq/SRR246/093/SRR24650993/SRR24650993_1.fastq.gz	cadda36bf2252a43dba7621c2ebcc0fe	1171880438
PRJNA974014	SAMN35159484	SRX20430945	SRR24650993	RNA-seq	RNA-Seq	PAIRED	PAIRED	PAIRED	R2	2	SRR24650993_2.fastq.gz	ftp.sra.ebi.ac.uk/vol1/fastq/SRR246/093/SRR24650993/SRR24650993_2.fastq.gz	970ad095b127cd71a3d9479204164a94	1236355501
PRJNA974014	SAMN35159416	SRX20431036	SRR24650997	RNA-seq	RNA-Seq	PAIRED	PAIRED	PAIRED	R1	1	SRR24650997_1.fastq.gz	ftp.sra.ebi.ac.uk/vol1/fastq/SRR246/097/SRR24650997/SRR24650997_1.fastq.gz	fb34ec0117b611f9ba67025eb154b912	1109711554
PRJNA974014	SAMN35159416	SRX20431036	SRR24650997	RNA-seq	RNA-Seq	PAIRED	PAIRED	PAIRED	R2	2	SRR24650997_2.fastq.gz	ftp.sra.ebi.ac.uk/vol1/fastq/SRR246/097/SRR24650997/SRR24650997_2.fastq.gz	0d6696d0d0e85c3a72100df6e45d41ff	1179893248
PRJNA974014	SAMN35159418	SRX20431034	SRR24650999	RNA-seq	RNA-Seq	PAIRED	PAIRED	PAIRED	R1	1	SRR24650999_1.fastq.gz	ftp.sra.ebi.ac.uk/vol1/fastq/SRR246/099/SRR24650999/SRR24650999_1.fastq.gz	99ba0a5f20d6b4ecb0209154bfe54bec	1116290742
PRJNA974014	SAMN35159418	SRX20431034	SRR24650999	RNA-seq	RNA-Seq	PAIRED	PAIRED	PAIRED	R2	2	SRR24650999_2.fastq.gz	ftp.sra.ebi.ac.uk/vol1/fastq/SRR246/099/SRR24650999/SRR24650999_2.fastq.gz	9bc20519eea6dca2b553dcbdc0376625	1186636551
PRJNA974014	SAMN35159423	SRX20431029	SRR24651004	RNA-seq	RNA-Seq	PAIRED	PAIRED	PAIRED	R1	1	SRR24651004_1.fastq.gz	ftp.sra.ebi.ac.uk/vol1/fastq/SRR246/004/SRR24651004/SRR24651004_1.fastq.gz	0ac3a6fd5c6c6f83fdfd401c3fbe7386	1146237963
PRJNA974014	SAMN35159423	SRX20431029	SRR24651004	RNA-seq	RNA-Seq	PAIRED	PAIRED	PAIRED	R2	2	SRR24651004_2.fastq.gz	ftp.sra.ebi.ac.uk/vol1/fastq/SRR246/004/SRR24651004/SRR24651004_2.fastq.gz	b5a78fd32cff8a501048998b1d03c42b	1220289874
PRJNA992436	SAMN36352946	SRX20932350	SRR25184716	RNA-seq	RNA-Seq	PAIRED	PAIRED	PAIRED	R1	1	SRR25184716_1.fastq.gz	ftp.sra.ebi.ac.uk/vol1/fastq/SRR251/016/SRR25184716/SRR25184716_1.fastq.gz	e7cebfaafdc2260a90c68924d9532ee6	1653908501
PRJNA992436	SAMN36352946	SRX20932350	SRR25184716	RNA-seq	RNA-Seq	PAIRED	PAIRED	PAIRED	R2	2	SRR25184716_2.fastq.gz	ftp.sra.ebi.ac.uk/vol1/fastq/SRR251/016/SRR25184716/SRR25184716_2.fastq.gz	10748329b43bcb081be521f1a9627b2a	1704334205
PRJNA992436	SAMN36352946	SRX20932349	SRR25184717	RNA-seq	RNA-Seq	PAIRED	PAIRED	PAIRED	R1	1	SRR25184717_1.fastq.gz	ftp.sra.ebi.ac.uk/vol1/fastq/SRR251/017/SRR25184717/SRR25184717_1.fastq.gz	82b17a179937ede5ca3dfa2cd5bb1de3	1918316364
PRJNA992436	SAMN36352946	SRX20932349	SRR25184717	RNA-seq	RNA-Seq	PAIRED	PAIRED	PAIRED	R2	2	SRR25184717_2.fastq.gz	ftp.sra.ebi.ac.uk/vol1/fastq/SRR251/017/SRR25184717/SRR25184717_2.fastq.gz	636152b8c1f5aaf5ed3bd7f291c6800f	1936484445
PRJNA992436	SAMN36352946	SRX20932348	SRR25184718	RNA-seq	RNA-Seq	PAIRED	PAIRED	PAIRED	R1	1	SRR25184718_1.fastq.gz	ftp.sra.ebi.ac.uk/vol1/fastq/SRR251/018/SRR25184718/SRR25184718_1.fastq.gz	6a563e28d20391bce7c0c1323f69f20b	1659334932
PRJNA992436	SAMN36352946	SRX20932348	SRR25184718	RNA-seq	RNA-Seq	PAIRED	PAIRED	PAIRED	R2	2	SRR25184718_2.fastq.gz	ftp.sra.ebi.ac.uk/vol1/fastq/SRR251/018/SRR25184718/SRR25184718_2.fastq.gz	700f6786780d302bb46991505e513ae5	1682833626
PRJNA992436	SAMN36352946	SRX20932347	SRR25184719	RNA-seq	RNA-Seq	PAIRED	PAIRED	PAIRED	R1	1	SRR25184719_1.fastq.gz	ftp.sra.ebi.ac.uk/vol1/fastq/SRR251/019/SRR25184719/SRR25184719_1.fastq.gz	6647c5a60dd4603e65840f7779dde120	1874254934
PRJNA992436	SAMN36352946	SRX20932347	SRR25184719	RNA-seq	RNA-Seq	PAIRED	PAIRED	PAIRED	R2	2	SRR25184719_2.fastq.gz	ftp.sra.ebi.ac.uk/vol1/fastq/SRR251/019/SRR25184719/SRR25184719_2.fastq.gz	4439f6678a8730bcb224483bf5195e97	1925122781
PRJNA992436	SAMN36352946	SRX20932345	SRR25184721	RNA-seq	RNA-Seq	PAIRED	PAIRED	PAIRED	R1	1	SRR25184721_1.fastq.gz	ftp.sra.ebi.ac.uk/vol1/fastq/SRR251/021/SRR25184721/SRR25184721_1.fastq.gz	0921f183cb1b76aaf1457ad21d9a2c61	1670423465
PRJNA992436	SAMN36352946	SRX20932345	SRR25184721	RNA-seq	RNA-Seq	PAIRED	PAIRED	PAIRED	R2	2	SRR25184721_2.fastq.gz	ftp.sra.ebi.ac.uk/vol1/fastq/SRR251/021/SRR25184721/SRR25184721_2.fastq.gz	eba156440e37ec6e197b134e106012f9	1692830562
PRJNA590486	SAMN13327506	SRX7182894	SRR10493806	RNA-seq	RNA-Seq	SINGLE	PAIRED	PAIRED_PLUS_UNPAIRED	UNPAIRED	1	SRR10493806.fastq.gz	ftp.sra.ebi.ac.uk/vol1/fastq/SRR104/006/SRR10493806/SRR10493806.fastq.gz	e768f9c2581a484f2ababb9260de79a6	420490258
PRJNA590486	SAMN13327506	SRX7182894	SRR10493806	RNA-seq	RNA-Seq	SINGLE	PAIRED	PAIRED_PLUS_UNPAIRED	R1	2	SRR10493806_1.fastq.gz	ftp.sra.ebi.ac.uk/vol1/fastq/SRR104/006/SRR10493806/SRR10493806_1.fastq.gz	8a49e778fd30ce2b9360a3800bc85823	1209412248
PRJNA590486	SAMN13327506	SRX7182894	SRR10493806	RNA-seq	RNA-Seq	SINGLE	PAIRED	PAIRED_PLUS_UNPAIRED	R2	3	SRR10493806_2.fastq.gz	ftp.sra.ebi.ac.uk/vol1/fastq/SRR104/006/SRR10493806/SRR10493806_2.fastq.gz	2ec7b73b46d7006d2b3bdbd12caa7df3	1801131758
PRJNA590485	SAMN13327597	SRX7182935	SRR10493847	RNA-seq	RNA-Seq	SINGLE	PAIRED	PAIRED_PLUS_UNPAIRED	UNPAIRED	1	SRR10493847.fastq.gz	ftp.sra.ebi.ac.uk/vol1/fastq/SRR104/047/SRR10493847/SRR10493847.fastq.gz	b5000070102e0c3c26562b5b4e434858	123
PRJNA590485	SAMN13327597	SRX7182935	SRR10493847	RNA-seq	RNA-Seq	SINGLE	PAIRED	PAIRED_PLUS_UNPAIRED	R1	2	SRR10493847_1.fastq.gz	ftp.sra.ebi.ac.uk/vol1/fastq/SRR104/047/SRR10493847/SRR10493847_1.fastq.gz	28b8cf1adda63d4d07809633baafa4d1	470027268
PRJNA590485	SAMN13327597	SRX7182935	SRR10493847	RNA-seq	RNA-Seq	SINGLE	PAIRED	PAIRED_PLUS_UNPAIRED	R2	3	SRR10493847_2.fastq.gz	ftp.sra.ebi.ac.uk/vol1/fastq/SRR104/047/SRR10493847/SRR10493847_2.fastq.gz	e0ce5c401c46bb25e71bce9e9986c74d	475795163
PRJNA590485	SAMN13327596	SRX7182936	SRR10493848	RNA-seq	RNA-Seq	SINGLE	PAIRED	PAIRED	R1	1	SRR10493848_1.fastq.gz	ftp.sra.ebi.ac.uk/vol1/fastq/SRR104/048/SRR10493848/SRR10493848_1.fastq.gz	fe789906f0083626a2d296840739948d	372934129
PRJNA590485	SAMN13327596	SRX7182936	SRR10493848	RNA-seq	RNA-Seq	SINGLE	PAIRED	PAIRED	R2	2	SRR10493848_2.fastq.gz	ftp.sra.ebi.ac.uk/vol1/fastq/SRR104/048/SRR10493848/SRR10493848_2.fastq.gz	cac3df1e2416b71c4c6c8fcc2432d8c6	370947336
PRJNA590485	SAMN13327594	SRX7182938	SRR10493850	RNA-seq	RNA-Seq	SINGLE	PAIRED	PAIRED	R1	1	SRR10493850_1.fastq.gz	ftp.sra.ebi.ac.uk/vol1/fastq/SRR104/050/SRR10493850/SRR10493850_1.fastq.gz	6a639522a514fea41b7bfa1ab3289742	520032141
PRJNA590485	SAMN13327594	SRX7182938	SRR10493850	RNA-seq	RNA-Seq	SINGLE	PAIRED	PAIRED	R2	2	SRR10493850_2.fastq.gz	ftp.sra.ebi.ac.uk/vol1/fastq/SRR104/050/SRR10493850/SRR10493850_2.fastq.gz	6e3459aeaae123be6c73d7e2cefc05d1	538026103
PRJNA590485	SAMN13327592	SRX7182940	SRR10493852	RNA-seq	RNA-Seq	SINGLE	PAIRED	PAIRED	R1	1	SRR10493852_1.fastq.gz	ftp.sra.ebi.ac.uk/vol1/fastq/SRR104/052/SRR10493852/SRR10493852_1.fastq.gz	51318556e5099e1c9eba47245f0647e2	304754543
PRJNA590485	SAMN13327592	SRX7182940	SRR10493852	RNA-seq	RNA-Seq	SINGLE	PAIRED	PAIRED	R2	2	SRR10493852_2.fastq.gz	ftp.sra.ebi.ac.uk/vol1/fastq/SRR104/052/SRR10493852/SRR10493852_2.fastq.gz	bb4a0a7957c372f41d8457e6d9a17795	277296810
PRJNA590485	SAMN13327575	SRX7182955	SRR10493867	RNA-seq	RNA-Seq	SINGLE	PAIRED	PAIRED	R1	1	SRR10493867_1.fastq.gz	ftp.sra.ebi.ac.uk/vol1/fastq/SRR104/067/SRR10493867/SRR10493867_1.fastq.gz	85c4e37ddd76cecc6efc87356441f109	614323521
PRJNA590485	SAMN13327575	SRX7182955	SRR10493867	RNA-seq	RNA-Seq	SINGLE	PAIRED	PAIRED	R2	2	SRR10493867_2.fastq.gz	ftp.sra.ebi.ac.uk/vol1/fastq/SRR104/067/SRR10493867/SRR10493867_2.fastq.gz	5dbde6fa7954b6d0ecd8ee55f395dd74	632450787
PRJNA590485	SAMN13327560	SRX7182964	SRR10493876	RNA-seq	RNA-Seq	SINGLE	PAIRED	PAIRED	R1	1	SRR10493876_1.fastq.gz	ftp.sra.ebi.ac.uk/vol1/fastq/SRR104/076/SRR10493876/SRR10493876_1.fastq.gz	420ff2b2e860d4031a2f0a8a463fc43e	602027719
PRJNA590485	SAMN13327560	SRX7182964	SRR10493876	RNA-seq	RNA-Seq	SINGLE	PAIRED	PAIRED	R2	2	SRR10493876_2.fastq.gz	ftp.sra.ebi.ac.uk/vol1/fastq/SRR104/076/SRR10493876/SRR10493876_2.fastq.gz	87e294ec39ee062a68aa4a83ab92634d	621141413
PRJNA896947	SAMN31573491	SRX18122743	SRR22143436	RNA-seq	RNA-Seq	PAIRED	PAIRED	PAIRED	R1	1	SRR22143436_1.fastq.gz	ftp.sra.ebi.ac.uk/vol1/fastq/SRR221/036/SRR22143436/SRR22143436_1.fastq.gz	55fb1f073a2f63da25a90598db86df36	1607223995
PRJNA896947	SAMN31573491	SRX18122743	SRR22143436	RNA-seq	RNA-Seq	PAIRED	PAIRED	PAIRED	R2	2	SRR22143436_2.fastq.gz	ftp.sra.ebi.ac.uk/vol1/fastq/SRR221/036/SRR22143436/SRR22143436_2.fastq.gz	baa8cc010b58d5863daa4d0b9d0df30b	1678460510
PRJNA899862	SAMN31670982	SRX18223558	SRR22246873	RNA-seq	RNA-Seq	PAIRED	PAIRED	PAIRED	R1	1	SRR22246873_1.fastq.gz	ftp.sra.ebi.ac.uk/vol1/fastq/SRR222/073/SRR22246873/SRR22246873_1.fastq.gz	b12a14dde849475b08b957b1f28978c4	1892032033
PRJNA899862	SAMN31670982	SRX18223558	SRR22246873	RNA-seq	RNA-Seq	PAIRED	PAIRED	PAIRED	R2	2	SRR22246873_2.fastq.gz	ftp.sra.ebi.ac.uk/vol1/fastq/SRR222/073/SRR22246873/SRR22246873_2.fastq.gz	a54fd6495c8aecd67481c32a05573cda	1892272796
PRJNA899862	SAMN31670983	SRX18223557	SRR22246874	RNA-seq	RNA-Seq	PAIRED	PAIRED	PAIRED	R1	1	SRR22246874_1.fastq.gz	ftp.sra.ebi.ac.uk/vol1/fastq/SRR222/074/SRR22246874/SRR22246874_1.fastq.gz	b63cc52f652a804d6aef70aecc6d42f4	1628949107
PRJNA899862	SAMN31670983	SRX18223557	SRR22246874	RNA-seq	RNA-Seq	PAIRED	PAIRED	PAIRED	R2	2	SRR22246874_2.fastq.gz	ftp.sra.ebi.ac.uk/vol1/fastq/SRR222/074/SRR22246874/SRR22246874_2.fastq.gz	9537f82cf0e4c1a7fff97e42e5baed10	1629276615
PRJNA899862	SAMN31670985	SRX18223555	SRR22246876	RNA-seq	RNA-Seq	PAIRED	PAIRED	PAIRED	R1	1	SRR22246876_1.fastq.gz	ftp.sra.ebi.ac.uk/vol1/fastq/SRR222/076/SRR22246876/SRR22246876_1.fastq.gz	a5a56a74c440931b7392d866698dda82	1726495292
PRJNA899862	SAMN31670985	SRX18223555	SRR22246876	RNA-seq	RNA-Seq	PAIRED	PAIRED	PAIRED	R2	2	SRR22246876_2.fastq.gz	ftp.sra.ebi.ac.uk/vol1/fastq/SRR222/076/SRR22246876/SRR22246876_2.fastq.gz	bdf3098a2562488c21f87fdcd197eb31	1726916696
PRJNA899862	SAMN31670989	SRX18223551	SRR22246880	RNA-seq	RNA-Seq	PAIRED	PAIRED	PAIRED	R1	1	SRR22246880_1.fastq.gz	ftp.sra.ebi.ac.uk/vol1/fastq/SRR222/080/SRR22246880/SRR22246880_1.fastq.gz	ebffd9efe8c879bbe7452a2c24328942	2171856170
PRJNA899862	SAMN31670989	SRX18223551	SRR22246880	RNA-seq	RNA-Seq	PAIRED	PAIRED	PAIRED	R2	2	SRR22246880_2.fastq.gz	ftp.sra.ebi.ac.uk/vol1/fastq/SRR222/080/SRR22246880/SRR22246880_2.fastq.gz	9a2a368c15133af4bd24d1bcec28e98a	2234738813
PRJNA899862	SAMN31670992	SRX18223548	SRR22246883	RNA-seq	RNA-Seq	PAIRED	PAIRED	PAIRED	R1	1	SRR22246883_1.fastq.gz	ftp.sra.ebi.ac.uk/vol1/fastq/SRR222/083/SRR22246883/SRR22246883_1.fastq.gz	783f40664d8b0dc324682c2a8455ac6d	1531744073
PRJNA899862	SAMN31670992	SRX18223548	SRR22246883	RNA-seq	RNA-Seq	PAIRED	PAIRED	PAIRED	R2	2	SRR22246883_2.fastq.gz	ftp.sra.ebi.ac.uk/vol1/fastq/SRR222/083/SRR22246883/SRR22246883_2.fastq.gz	dc139e5c8d1d8ff78b9b4694343915a3	1532138818
PRJNA899862	SAMN31670997	SRX18223543	SRR22246888	RNA-seq	RNA-Seq	PAIRED	PAIRED	PAIRED	R1	1	SRR22246888_1.fastq.gz	ftp.sra.ebi.ac.uk/vol1/fastq/SRR222/088/SRR22246888/SRR22246888_1.fastq.gz	4b86596c6b4be6a08041ec9aa84428e8	1673535216
PRJNA899862	SAMN31670997	SRX18223543	SRR22246888	RNA-seq	RNA-Seq	PAIRED	PAIRED	PAIRED	R2	2	SRR22246888_2.fastq.gz	ftp.sra.ebi.ac.uk/vol1/fastq/SRR222/088/SRR22246888/SRR22246888_2.fastq.gz	25066508fa17f5170fa5f842aee87c49	1674090332
PRJNA913861	SAMN32309273	SRX18769908	SRR22810189	RNA-seq	RNA-Seq	SINGLE	SINGLE	SINGLE	SINGLE	1	SRR22810189.fastq.gz	ftp.sra.ebi.ac.uk/vol1/fastq/SRR228/089/SRR22810189/SRR22810189.fastq.gz	6bcb155cfee5850fc6b60ceca6161613	594603218
PRJNA1088164	SAMN40463198	SRX23955092	SRR28349054	RNA-seq	RNA-Seq	PAIRED	PAIRED	PAIRED	R1	1	SRR28349054_1.fastq.gz	ftp.sra.ebi.ac.uk/vol1/fastq/SRR283/054/SRR28349054/SRR28349054_1.fastq.gz	0dda22494f60ad621c1f9e79a99052c6	9150846851
PRJNA1088164	SAMN40463198	SRX23955092	SRR28349054	RNA-seq	RNA-Seq	PAIRED	PAIRED	PAIRED	R2	2	SRR28349054_2.fastq.gz	ftp.sra.ebi.ac.uk/vol1/fastq/SRR283/054/SRR28349054/SRR28349054_2.fastq.gz	65b57a78cf2f89741668aec520b4b5ef	9205023544
PRJNA1088164	SAMN40463210	SRX23955090	SRR28349056	RNA-seq	RNA-Seq	PAIRED	PAIRED	PAIRED	R1	1	SRR28349056_1.fastq.gz	ftp.sra.ebi.ac.uk/vol1/fastq/SRR283/056/SRR28349056/SRR28349056_1.fastq.gz	61aec8c413cc6c0b959bb5c51b1d1a82	8522523553
PRJNA1088164	SAMN40463210	SRX23955090	SRR28349056	RNA-seq	RNA-Seq	PAIRED	PAIRED	PAIRED	R2	2	SRR28349056_2.fastq.gz	ftp.sra.ebi.ac.uk/vol1/fastq/SRR283/056/SRR28349056/SRR28349056_2.fastq.gz	e10fdc80a9e71ffcfe6b34514b89a3d4	8588885125
PRJNA1088164	SAMN40463206	SRX23955086	SRR28349060	RNA-seq	RNA-Seq	PAIRED	PAIRED	PAIRED	R1	1	SRR28349060_1.fastq.gz	ftp.sra.ebi.ac.uk/vol1/fastq/SRR283/060/SRR28349060/SRR28349060_1.fastq.gz	ce7075eebf876931f9eb39f22fb313e3	8952123443
PRJNA1088164	SAMN40463206	SRX23955086	SRR28349060	RNA-seq	RNA-Seq	PAIRED	PAIRED	PAIRED	R2	2	SRR28349060_2.fastq.gz	ftp.sra.ebi.ac.uk/vol1/fastq/SRR283/060/SRR28349060/SRR28349060_2.fastq.gz	288cacf6b1503132bf3f51ee850ed273	9006515212
PRJNA302601	SAMN04275177	SRX1436210	SRR2922600	RNA-seq	RNA-Seq	SINGLE	SINGLE	SINGLE	SINGLE	1	SRR2922600.fastq.gz	ftp.sra.ebi.ac.uk/vol1/fastq/SRR292/000/SRR2922600/SRR2922600.fastq.gz	88dfee345d0e833113ade34170848a77	1933770831
PRJNA1123849	SAMN41829164	SRX24954114	SRR29441690	RNA-seq	RNA-Seq	PAIRED	PAIRED	PAIRED	R1	1	SRR29441690_1.fastq.gz	ftp.sra.ebi.ac.uk/vol1/fastq/SRR294/090/SRR29441690/SRR29441690_1.fastq.gz	9b72f1bac54de37dd993cbffbea6a8e7	1766039465
PRJNA1123849	SAMN41829164	SRX24954114	SRR29441690	RNA-seq	RNA-Seq	PAIRED	PAIRED	PAIRED	R2	2	SRR29441690_2.fastq.gz	ftp.sra.ebi.ac.uk/vol1/fastq/SRR294/090/SRR29441690/SRR29441690_2.fastq.gz	807301672985b14d930f2bef6f285492	1906459154
PRJNA1130622	SAMN42212553	SRX25176390	SRR29672924	RNA-seq	RNA-Seq	PAIRED	PAIRED	PAIRED	R1	1	SRR29672924_1.fastq.gz	ftp.sra.ebi.ac.uk/vol1/fastq/SRR296/024/SRR29672924/SRR29672924_1.fastq.gz	e306beda373dd9301f5f876145acefee	1436557269
PRJNA1130622	SAMN42212553	SRX25176390	SRR29672924	RNA-seq	RNA-Seq	PAIRED	PAIRED	PAIRED	R2	2	SRR29672924_2.fastq.gz	ftp.sra.ebi.ac.uk/vol1/fastq/SRR296/024/SRR29672924/SRR29672924_2.fastq.gz	6bb44e49711445c24c3568a42c5005da	1457572828
PRJNA1130622	SAMN42212554	SRX25176391	SRR29672929	RNA-seq	RNA-Seq	PAIRED	PAIRED	PAIRED	R1	1	SRR29672929_1.fastq.gz	ftp.sra.ebi.ac.uk/vol1/fastq/SRR296/029/SRR29672929/SRR29672929_1.fastq.gz	bf3558e9b40bfce9af073e05407da89d	1554545719
PRJNA1130622	SAMN42212554	SRX25176391	SRR29672929	RNA-seq	RNA-Seq	PAIRED	PAIRED	PAIRED	R2	2	SRR29672929_2.fastq.gz	ftp.sra.ebi.ac.uk/vol1/fastq/SRR296/029/SRR29672929/SRR29672929_2.fastq.gz	aff2293a3ad47216fc75876919688e20	1571778105
PRJNA1130622	SAMN42212549	SRX25176385	SRR29672930	RNA-seq	RNA-Seq	PAIRED	PAIRED	PAIRED	R1	1	SRR29672930_1.fastq.gz	ftp.sra.ebi.ac.uk/vol1/fastq/SRR296/030/SRR29672930/SRR29672930_1.fastq.gz	fee8148350582d9a2c49d6f4ab330690	1343640922
PRJNA1130622	SAMN42212549	SRX25176385	SRR29672930	RNA-seq	RNA-Seq	PAIRED	PAIRED	PAIRED	R2	2	SRR29672930_2.fastq.gz	ftp.sra.ebi.ac.uk/vol1/fastq/SRR296/030/SRR29672930/SRR29672930_2.fastq.gz	b0f3bf735d3074174b1a93c80ccc19c3	1316654213
PRJNA304606	SAMN04305215	SRX1457800	SRR2968328	RNA-seq	RNA-Seq	PAIRED	PAIRED	PAIRED	R1	1	SRR2968328_1.fastq.gz	ftp.sra.ebi.ac.uk/vol1/fastq/SRR296/008/SRR2968328/SRR2968328_1.fastq.gz	79142a254e9619d13e7bd738632516d4	2100289208
PRJNA304606	SAMN04305215	SRX1457800	SRR2968328	RNA-seq	RNA-Seq	PAIRED	PAIRED	PAIRED	R2	2	SRR2968328_2.fastq.gz	ftp.sra.ebi.ac.uk/vol1/fastq/SRR296/008/SRR2968328/SRR2968328_2.fastq.gz	cd6deb2b2db2e5ed37f68a91aeaf88f4	2119591800
PRJNA1139152	SAMN42763091	SRX25423545	SRR29929617	ATAC-seq	ATAC-seq	PAIRED	PAIRED	PAIRED	R1	1	SRR29929617_1.fastq.gz	ftp.sra.ebi.ac.uk/vol1/fastq/SRR299/017/SRR29929617/SRR29929617_1.fastq.gz	df70403f2aea26aab457ed978ec501b8	9026946105
PRJNA1139152	SAMN42763091	SRX25423545	SRR29929617	ATAC-seq	ATAC-seq	PAIRED	PAIRED	PAIRED	R2	2	SRR29929617_2.fastq.gz	ftp.sra.ebi.ac.uk/vol1/fastq/SRR299/017/SRR29929617/SRR29929617_2.fastq.gz	a7f22600cc347800c1868af15a999ef9	26276099991
PRJNA316065	SAMN04574676	SRX1655601	SRR3284443	RNA-seq	RNA-Seq	SINGLE	SINGLE	SINGLE	SINGLE	1	SRR3284443.fastq.gz	ftp.sra.ebi.ac.uk/vol1/fastq/SRR328/003/SRR3284443/SRR3284443.fastq.gz	49a2e67552eef36ae1a1f60a7d80de1d	626173562
PRJNA316065	SAMN04574680	SRX1655605	SRR3284451	RNA-seq	RNA-Seq	SINGLE	SINGLE	SINGLE	SINGLE	1	SRR3284451.fastq.gz	ftp.sra.ebi.ac.uk/vol1/fastq/SRR328/001/SRR3284451/SRR3284451.fastq.gz	b96889d88a2cb4876c74fefe660d73ac	385748345
PRJNA316065	SAMN04574681	SRX1655606	SRR3284453	RNA-seq	RNA-Seq	SINGLE	SINGLE	SINGLE	SINGLE	1	SRR3284453.fastq.gz	ftp.sra.ebi.ac.uk/vol1/fastq/SRR328/003/SRR3284453/SRR3284453.fastq.gz	9ab2b0a9fd7ffca233199066011d810e	496223345
PRJNA316065	SAMN04574682	SRX1655607	SRR3284455	RNA-seq	RNA-Seq	SINGLE	SINGLE	SINGLE	SINGLE	1	SRR3284455.fastq.gz	ftp.sra.ebi.ac.uk/vol1/fastq/SRR328/005/SRR3284455/SRR3284455.fastq.gz	df97e2aa1aad2a0104eba118bcb3e224	630754081
PRJNA316065	SAMN04574685	SRX1655610	SRR3284461	RNA-seq	RNA-Seq	SINGLE	SINGLE	SINGLE	SINGLE	1	SRR3284461.fastq.gz	ftp.sra.ebi.ac.uk/vol1/fastq/SRR328/001/SRR3284461/SRR3284461.fastq.gz	68e62db5b7163a568e8b346b7c747d0d	516137409
PRJNA316065	SAMN04574685	SRX1655610	SRR3284462	RNA-seq	RNA-Seq	SINGLE	SINGLE	SINGLE	SINGLE	1	SRR3284462.fastq.gz	ftp.sra.ebi.ac.uk/vol1/fastq/SRR328/002/SRR3284462/SRR3284462.fastq.gz	8655ab8d2a6fdd9970038d845651ae75	506077692
PRJNA1252143	SAMN48037637	SRX28445686	SRR33198151	RNA-seq	RNA-Seq	PAIRED	PAIRED	PAIRED	R1	1	SRR33198151_1.fastq.gz	ftp.sra.ebi.ac.uk/vol1/fastq/SRR331/051/SRR33198151/SRR33198151_1.fastq.gz	78f20a3e144d540b3c71d269927ffeea	1485900975
PRJNA1252143	SAMN48037637	SRX28445686	SRR33198151	RNA-seq	RNA-Seq	PAIRED	PAIRED	PAIRED	R2	2	SRR33198151_2.fastq.gz	ftp.sra.ebi.ac.uk/vol1/fastq/SRR331/051/SRR33198151/SRR33198151_2.fastq.gz	7331ad6e763040a0f9175f044903ef8e	1460032687
PRJNA1254963	SAMN48140379	SRX28553900	SRR33309110	RNA-seq	RNA-Seq	PAIRED	PAIRED	PAIRED	R1	1	SRR33309110_1.fastq.gz	ftp.sra.ebi.ac.uk/vol1/fastq/SRR333/010/SRR33309110/SRR33309110_1.fastq.gz	a4446759a5d629e06b0a3f5fe6d64069	1475318686
PRJNA1254963	SAMN48140379	SRX28553900	SRR33309110	RNA-seq	RNA-Seq	PAIRED	PAIRED	PAIRED	R2	2	SRR33309110_2.fastq.gz	ftp.sra.ebi.ac.uk/vol1/fastq/SRR333/010/SRR33309110/SRR33309110_2.fastq.gz	db3075e15f8d894b166f8fb07ed7097e	1550321565
PRJNA1254963	SAMN48140380	SRX28553899	SRR33309111	RNA-seq	RNA-Seq	PAIRED	PAIRED	PAIRED	R1	1	SRR33309111_1.fastq.gz	ftp.sra.ebi.ac.uk/vol1/fastq/SRR333/011/SRR33309111/SRR33309111_1.fastq.gz	84a98aa57228e3ae89a8e2599985c7d1	1512174032
PRJNA1254963	SAMN48140380	SRX28553899	SRR33309111	RNA-seq	RNA-Seq	PAIRED	PAIRED	PAIRED	R2	2	SRR33309111_2.fastq.gz	ftp.sra.ebi.ac.uk/vol1/fastq/SRR333/011/SRR33309111/SRR33309111_2.fastq.gz	8c8ef9fd8b8ffd21b622799ff62aed64	1544634085
PRJNA1254963	SAMN48140391	SRX28553888	SRR33309121	RNA-seq	RNA-Seq	PAIRED	PAIRED	PAIRED	R1	1	SRR33309121_1.fastq.gz	ftp.sra.ebi.ac.uk/vol1/fastq/SRR333/021/SRR33309121/SRR33309121_1.fastq.gz	06ed86f2a79befce04ae315432fb9ae8	1380588611
PRJNA1254963	SAMN48140391	SRX28553888	SRR33309121	RNA-seq	RNA-Seq	PAIRED	PAIRED	PAIRED	R2	2	SRR33309121_2.fastq.gz	ftp.sra.ebi.ac.uk/vol1/fastq/SRR333/021/SRR33309121/SRR33309121_2.fastq.gz	d75818a19a20c4af32a5b89621b0f5cc	1448551755
PRJNA1254963	SAMN48140389	SRX28553890	SRR33309123	RNA-seq	RNA-Seq	PAIRED	PAIRED	PAIRED	R1	1	SRR33309123_1.fastq.gz	ftp.sra.ebi.ac.uk/vol1/fastq/SRR333/023/SRR33309123/SRR33309123_1.fastq.gz	66dbc296dc086434bd0bc554dab675d5	1120995630
PRJNA1254963	SAMN48140389	SRX28553890	SRR33309123	RNA-seq	RNA-Seq	PAIRED	PAIRED	PAIRED	R2	2	SRR33309123_2.fastq.gz	ftp.sra.ebi.ac.uk/vol1/fastq/SRR333/023/SRR33309123/SRR33309123_2.fastq.gz	ac70462a387400b75a9ec23acb504975	1175856589
PRJNA1282762	SAMN49662885	SRX33099501	SRR38262919	RNA-seq	RNA-Seq	SINGLE	SINGLE	SINGLE	SINGLE	1	SRR38262919.fastq.gz	ftp.sra.ebi.ac.uk/vol1/fastq/SRR382/019/SRR38262919/SRR38262919.fastq.gz	168f58b616c28318a82511e53a5feedd	3603651318
PRJNA330832	SAMN05426770	SRX1971988	SRR3946103	RNA-seq	RNA-Seq	SINGLE	SINGLE	SINGLE	SINGLE	1	SRR3946103.fastq.gz	ftp.sra.ebi.ac.uk/vol1/fastq/SRR394/003/SRR3946103/SRR3946103.fastq.gz	7c899647b2443d478398d0582e39ecff	1264434758
PRJNA330832	SAMN05426770	SRX1971996	SRR3946111	RNA-seq	RNA-Seq	SINGLE	SINGLE	SINGLE	SINGLE	1	SRR3946111.fastq.gz	ftp.sra.ebi.ac.uk/vol1/fastq/SRR394/001/SRR3946111/SRR3946111.fastq.gz	1d65e761925faad933abecc583804baa	1279210759
PRJNA1489724	SAMN61409210	SRX34192516	SRR39497722	RNA-seq	RNA-Seq	PAIRED	PAIRED	PAIRED	R1	1	SRR39497722_1.fastq.gz	ftp.sra.ebi.ac.uk/vol1/fastq/SRR394/022/SRR39497722/SRR39497722_1.fastq.gz	a4c21a3fd2975fc0351f2f3c1997655d	3184973848
PRJNA1489724	SAMN61409210	SRX34192516	SRR39497722	RNA-seq	RNA-Seq	PAIRED	PAIRED	PAIRED	R2	2	SRR39497722_2.fastq.gz	ftp.sra.ebi.ac.uk/vol1/fastq/SRR394/022/SRR39497722/SRR39497722_2.fastq.gz	257fa1cfc336c70b930053e54dd2d7a3	3234371427
PRJNA1489724	SAMN61409221	SRX34199677	SRR39505008	RNA-seq	RNA-Seq	PAIRED	PAIRED	PAIRED	R1	1	SRR39505008_1.fastq.gz	ftp.sra.ebi.ac.uk/vol1/fastq/SRR395/008/SRR39505008/SRR39505008_1.fastq.gz	1e7535083a0b5525ac6d4572b14f0d3a	4255774257
PRJNA1489724	SAMN61409221	SRX34199677	SRR39505008	RNA-seq	RNA-Seq	PAIRED	PAIRED	PAIRED	R2	2	SRR39505008_2.fastq.gz	ftp.sra.ebi.ac.uk/vol1/fastq/SRR395/008/SRR39505008/SRR39505008_2.fastq.gz	7c85c28e0924bc8c93df4511cbbb43f9	4314950744
PRJNA1489724	SAMN61409219	SRX34199675	SRR39505010	RNA-seq	RNA-Seq	PAIRED	PAIRED	PAIRED	R1	1	SRR39505010_1.fastq.gz	ftp.sra.ebi.ac.uk/vol1/fastq/SRR395/010/SRR39505010/SRR39505010_1.fastq.gz	30b47d69db87e1a6a4150116453731d2	3617069825
PRJNA1489724	SAMN61409219	SRX34199675	SRR39505010	RNA-seq	RNA-Seq	PAIRED	PAIRED	PAIRED	R2	2	SRR39505010_2.fastq.gz	ftp.sra.ebi.ac.uk/vol1/fastq/SRR395/010/SRR39505010/SRR39505010_2.fastq.gz	c4f89c335549e9a8d79ef6fae5872319	3694653818
PRJNA1489724	SAMN61409224	SRX34201580	SRR39506914	RNA-seq	RNA-Seq	PAIRED	PAIRED	PAIRED	R1	1	SRR39506914_1.fastq.gz	ftp.sra.ebi.ac.uk/vol1/fastq/SRR395/014/SRR39506914/SRR39506914_1.fastq.gz	119a875450003ad4c6ae085fcab8d1db	5248001730
PRJNA1489724	SAMN61409224	SRX34201580	SRR39506914	RNA-seq	RNA-Seq	PAIRED	PAIRED	PAIRED	R2	2	SRR39506914_2.fastq.gz	ftp.sra.ebi.ac.uk/vol1/fastq/SRR395/014/SRR39506914/SRR39506914_2.fastq.gz	b62adec4f722ebef3c8f0fe4371bea7f	5303914791
PRJNA1489724	SAMN61409223	SRX34201579	SRR39506915	RNA-seq	RNA-Seq	PAIRED	PAIRED	PAIRED	R1	1	SRR39506915_1.fastq.gz	ftp.sra.ebi.ac.uk/vol1/fastq/SRR395/015/SRR39506915/SRR39506915_1.fastq.gz	b6e4d8e4d8ebf6bc629b62be3df78c9c	5273683133
PRJNA1489724	SAMN61409223	SRX34201579	SRR39506915	RNA-seq	RNA-Seq	PAIRED	PAIRED	PAIRED	R2	2	SRR39506915_2.fastq.gz	ftp.sra.ebi.ac.uk/vol1/fastq/SRR395/015/SRR39506915/SRR39506915_2.fastq.gz	c697d5a7946aae3795ba59bfd1c37aa8	5363533167
PRJNA1489724	SAMN61409229	SRX34203864	SRR39511191	RNA-seq	RNA-Seq	PAIRED	PAIRED	PAIRED	R1	1	SRR39511191_1.fastq.gz	ftp.sra.ebi.ac.uk/vol1/fastq/SRR395/091/SRR39511191/SRR39511191_1.fastq.gz	f9ee6d6d98cc089dfec88544ada69b1d	6079915984
PRJNA1489724	SAMN61409229	SRX34203864	SRR39511191	RNA-seq	RNA-Seq	PAIRED	PAIRED	PAIRED	R2	2	SRR39511191_2.fastq.gz	ftp.sra.ebi.ac.uk/vol1/fastq/SRR395/091/SRR39511191/SRR39511191_2.fastq.gz	8a40d3e1bad4b44c612c19fd7548b905	6175770424
PRJNA1489724	SAMN61409228	SRX34203863	SRR39511192	RNA-seq	RNA-Seq	PAIRED	PAIRED	PAIRED	R1	1	SRR39511192_1.fastq.gz	ftp.sra.ebi.ac.uk/vol1/fastq/SRR395/092/SRR39511192/SRR39511192_1.fastq.gz	1945b49ad42f929b463b666c09b4ef58	3273098957
PRJNA1489724	SAMN61409228	SRX34203863	SRR39511192	RNA-seq	RNA-Seq	PAIRED	PAIRED	PAIRED	R2	2	SRR39511192_2.fastq.gz	ftp.sra.ebi.ac.uk/vol1/fastq/SRR395/092/SRR39511192/SRR39511192_2.fastq.gz	cae8f2ba8526b2d4c03da52b45e23857	3323645610
PRJNA1489724	SAMN61409227	SRX34203862	SRR39511193	RNA-seq	RNA-Seq	PAIRED	PAIRED	PAIRED	R1	1	SRR39511193_1.fastq.gz	ftp.sra.ebi.ac.uk/vol1/fastq/SRR395/093/SRR39511193/SRR39511193_1.fastq.gz	7b63f0c8968cabeaf7deaf3f28aa9184	4161603475
PRJNA1489724	SAMN61409227	SRX34203862	SRR39511193	RNA-seq	RNA-Seq	PAIRED	PAIRED	PAIRED	R2	2	SRR39511193_2.fastq.gz	ftp.sra.ebi.ac.uk/vol1/fastq/SRR395/093/SRR39511193/SRR39511193_2.fastq.gz	24aa9cd3e19db9192b52ab8eb66380b5	4227436120
PRJNA1492564	SAMN61510923	SRX34250722	SRR39561852	RNA-seq	RNA-Seq	PAIRED	PAIRED	PAIRED	R1	1	SRR39561852_1.fastq.gz	ftp.sra.ebi.ac.uk/vol1/fastq/SRR395/052/SRR39561852/SRR39561852_1.fastq.gz	20ce8cc9a0406ce361b382daaa275104	4932684688
PRJNA1492564	SAMN61510923	SRX34250722	SRR39561852	RNA-seq	RNA-Seq	PAIRED	PAIRED	PAIRED	R2	2	SRR39561852_2.fastq.gz	ftp.sra.ebi.ac.uk/vol1/fastq/SRR395/052/SRR39561852/SRR39561852_2.fastq.gz	9139a33212e48965b444ccd18b420554	5001198587
PRJNA1516528	SAMN62608408	SRX34926296	SRR40310830	RNA-seq	RNA-Seq	PAIRED	PAIRED	PAIRED	R1	1	SRR40310830_1.fastq.gz	ftp.sra.ebi.ac.uk/vol1/fastq/SRR403/030/SRR40310830/SRR40310830_1.fastq.gz	b9c81d7cdcc95eb59f5a4373ef5fd0a1	1650289477
PRJNA1516528	SAMN62608408	SRX34926296	SRR40310830	RNA-seq	RNA-Seq	PAIRED	PAIRED	PAIRED	R2	2	SRR40310830_2.fastq.gz	ftp.sra.ebi.ac.uk/vol1/fastq/SRR403/030/SRR40310830/SRR40310830_2.fastq.gz	6c740d2aedd888dbbf39db1693198843	1653832535
PRJNA1516528	SAMN62608406	SRX34926294	SRR40310832	RNA-seq	RNA-Seq	PAIRED	PAIRED	PAIRED	R1	1	SRR40310832_1.fastq.gz	ftp.sra.ebi.ac.uk/vol1/fastq/SRR403/032/SRR40310832/SRR40310832_1.fastq.gz	99543df2750e89d80e92114bc9ccfc50	955686555
PRJNA1516528	SAMN62608406	SRX34926294	SRR40310832	RNA-seq	RNA-Seq	PAIRED	PAIRED	PAIRED	R2	2	SRR40310832_2.fastq.gz	ftp.sra.ebi.ac.uk/vol1/fastq/SRR403/032/SRR40310832/SRR40310832_2.fastq.gz	a7f95360ebabd588e3d942bb94c1e506	959007720
PRJNA1516528	SAMN62608404	SRX34926292	SRR40310834	RNA-seq	RNA-Seq	PAIRED	PAIRED	PAIRED	R1	1	SRR40310834_1.fastq.gz	ftp.sra.ebi.ac.uk/vol1/fastq/SRR403/034/SRR40310834/SRR40310834_1.fastq.gz	5153d5061820510ee5d79574d909a6b6	1279907913
PRJNA1516528	SAMN62608404	SRX34926292	SRR40310834	RNA-seq	RNA-Seq	PAIRED	PAIRED	PAIRED	R2	2	SRR40310834_2.fastq.gz	ftp.sra.ebi.ac.uk/vol1/fastq/SRR403/034/SRR40310834/SRR40310834_2.fastq.gz	b49679b99efa4aa9a311347b6165ac2c	1274527830
PRJNA339147	SAMN05580163	SRX2026837	SRR4035680	RNA-seq	RNA-Seq	SINGLE	SINGLE	SINGLE	SINGLE	1	SRR4035680.fastq.gz	ftp.sra.ebi.ac.uk/vol1/fastq/SRR403/000/SRR4035680/SRR4035680.fastq.gz	f42f3da1b81ad6bbff9c028124151a73	1629374158
PRJEB37009	SAMEA6602849	ERX3975428	ERR3972091	RNA-seq	RNA-Seq	SINGLE	SINGLE	SINGLE	SINGLE	1	ERR3972091.fastq.gz	ftp.sra.ebi.ac.uk/vol1/fastq/ERR397/001/ERR3972091/ERR3972091.fastq.gz	2b752b90d072adbeef7ee51686e414c3	2145833416
PRJEB37009	SAMEA6602851	ERX3975430	ERR3972093	RNA-seq	RNA-Seq	SINGLE	SINGLE	SINGLE	SINGLE	1	ERR3972093.fastq.gz	ftp.sra.ebi.ac.uk/vol1/fastq/ERR397/003/ERR3972093/ERR3972093.fastq.gz	fb2f10843f334077ba5a2f6ebcc7f0b3	1877161317
PRJNA318741	SAMN04867128	SRX1712537	SRR3401401	RNA-seq	RNA-Seq	PAIRED	PAIRED	PAIRED	R1	1	SRR3401401_1.fastq.gz	ftp.sra.ebi.ac.uk/vol1/fastq/SRR340/001/SRR3401401/SRR3401401_1.fastq.gz	618c3601161eeae15bfca10ab520c2c5	1234032055
PRJNA318741	SAMN04867128	SRX1712537	SRR3401401	RNA-seq	RNA-Seq	PAIRED	PAIRED	PAIRED	R2	2	SRR3401401_2.fastq.gz	ftp.sra.ebi.ac.uk/vol1/fastq/SRR340/001/SRR3401401/SRR3401401_2.fastq.gz	a1bbe1dcd476186a983c70420cb9fe1e	1272374199
PRJNA318886	SAMN04869813	SRX1712689	SRR3401745	RNA-seq	RNA-Seq	PAIRED	PAIRED	PAIRED	R1	1	SRR3401745_1.fastq.gz	ftp.sra.ebi.ac.uk/vol1/fastq/SRR340/005/SRR3401745/SRR3401745_1.fastq.gz	b0d38cbcab76740b4666abad29cfff96	1082458342
PRJNA318886	SAMN04869813	SRX1712689	SRR3401745	RNA-seq	RNA-Seq	PAIRED	PAIRED	PAIRED	R2	2	SRR3401745_2.fastq.gz	ftp.sra.ebi.ac.uk/vol1/fastq/SRR340/005/SRR3401745/SRR3401745_2.fastq.gz	e06f6a45931eb142ce7cb22461aadfff	1160130021
PRJNA318886	SAMN04869815	SRX1712692	SRR3401747	RNA-seq	RNA-Seq	PAIRED	PAIRED	PAIRED	R1	1	SRR3401747_1.fastq.gz	ftp.sra.ebi.ac.uk/vol1/fastq/SRR340/007/SRR3401747/SRR3401747_1.fastq.gz	a2dbf08080edfc78a8ac282e33a8e6e6	1252505351
PRJNA318886	SAMN04869815	SRX1712692	SRR3401747	RNA-seq	RNA-Seq	PAIRED	PAIRED	PAIRED	R2	2	SRR3401747_2.fastq.gz	ftp.sra.ebi.ac.uk/vol1/fastq/SRR340/007/SRR3401747/SRR3401747_2.fastq.gz	f5498dcc996fe5f1156228f049b40b2f	1293597499
PRJNA318886	SAMN04869816	SRX1712693	SRR3401748	RNA-seq	RNA-Seq	PAIRED	PAIRED	PAIRED	R1	1	SRR3401748_1.fastq.gz	ftp.sra.ebi.ac.uk/vol1/fastq/SRR340/008/SRR3401748/SRR3401748_1.fastq.gz	9266982e33d7a0a46ef22b4f794ae058	1154554821
PRJNA318886	SAMN04869816	SRX1712693	SRR3401748	RNA-seq	RNA-Seq	PAIRED	PAIRED	PAIRED	R2	2	SRR3401748_2.fastq.gz	ftp.sra.ebi.ac.uk/vol1/fastq/SRR340/008/SRR3401748/SRR3401748_2.fastq.gz	e520496da0eb65f340da8076bf1a8c81	1190663193
PRJNA1363687	SAMN53215357	SRX31259000	SRR36222935	RNA-seq	RNA-Seq	PAIRED	PAIRED	PAIRED	R1	1	SRR36222935_1.fastq.gz	ftp.sra.ebi.ac.uk/vol1/fastq/SRR362/035/SRR36222935/SRR36222935_1.fastq.gz	d42a41b9088d0239f2ff5b0e3ec77cd1	4066906484
PRJNA1363687	SAMN53215357	SRX31259000	SRR36222935	RNA-seq	RNA-Seq	PAIRED	PAIRED	PAIRED	R2	2	SRR36222935_2.fastq.gz	ftp.sra.ebi.ac.uk/vol1/fastq/SRR362/035/SRR36222935/SRR36222935_2.fastq.gz	596eab8ff592ccc80ff86fbb7b70565b	4076483430
PRJNA1363687	SAMN53215356	SRX31258999	SRR36222936	RNA-seq	RNA-Seq	PAIRED	PAIRED	PAIRED	R1	1	SRR36222936_1.fastq.gz	ftp.sra.ebi.ac.uk/vol1/fastq/SRR362/036/SRR36222936/SRR36222936_1.fastq.gz	2c06db9decb8783d2f03e4bb79dc0df7	2862178615
PRJNA1363687	SAMN53215356	SRX31258999	SRR36222936	RNA-seq	RNA-Seq	PAIRED	PAIRED	PAIRED	R2	2	SRR36222936_2.fastq.gz	ftp.sra.ebi.ac.uk/vol1/fastq/SRR362/036/SRR36222936/SRR36222936_2.fastq.gz	bf17437a897e217f913e03f312026cd4	2832033406
PRJNA1363687	SAMN53215355	SRX31258998	SRR36222937	RNA-seq	RNA-Seq	PAIRED	PAIRED	PAIRED	R1	1	SRR36222937_1.fastq.gz	ftp.sra.ebi.ac.uk/vol1/fastq/SRR362/037/SRR36222937/SRR36222937_1.fastq.gz	6f6f2857bb7d6135665720a718acb4e1	4565961711
PRJNA1363687	SAMN53215355	SRX31258998	SRR36222937	RNA-seq	RNA-Seq	PAIRED	PAIRED	PAIRED	R2	2	SRR36222937_2.fastq.gz	ftp.sra.ebi.ac.uk/vol1/fastq/SRR362/037/SRR36222937/SRR36222937_2.fastq.gz	cf05a6ab2070365e917edad6d2f60755	4487213381
PRJNA1363687	SAMN53215352	SRX31258995	SRR36222940	RNA-seq	RNA-Seq	PAIRED	PAIRED	PAIRED	R1	1	SRR36222940_1.fastq.gz	ftp.sra.ebi.ac.uk/vol1/fastq/SRR362/040/SRR36222940/SRR36222940_1.fastq.gz	7fc21e823035a646fe8b9c0985b386fd	1245441269
PRJNA1363687	SAMN53215352	SRX31258995	SRR36222940	RNA-seq	RNA-Seq	PAIRED	PAIRED	PAIRED	R2	2	SRR36222940_2.fastq.gz	ftp.sra.ebi.ac.uk/vol1/fastq/SRR362/040/SRR36222940/SRR36222940_2.fastq.gz	22bf5e5f7a0aac7ce8e7ee4ecc863896	1233397933
PRJNA1399147	SAMN54474211	SRX31707199	SRR36699389	RNA-seq	RNA-Seq	PAIRED	PAIRED	PAIRED	R1	1	SRR36699389_1.fastq.gz	ftp.sra.ebi.ac.uk/vol1/fastq/SRR366/089/SRR36699389/SRR36699389_1.fastq.gz	3921e047832e7a188e76c495319783c7	4252314818
PRJNA1399147	SAMN54474211	SRX31707199	SRR36699389	RNA-seq	RNA-Seq	PAIRED	PAIRED	PAIRED	R2	2	SRR36699389_2.fastq.gz	ftp.sra.ebi.ac.uk/vol1/fastq/SRR366/089/SRR36699389/SRR36699389_2.fastq.gz	a386a654a85cc8e5c253630444896822	4300296964
PRJNA1399147	SAMN54474214	SRX31707196	SRR36699392	RNA-seq	RNA-Seq	PAIRED	PAIRED	PAIRED	R1	1	SRR36699392_1.fastq.gz	ftp.sra.ebi.ac.uk/vol1/fastq/SRR366/092/SRR36699392/SRR36699392_1.fastq.gz	56eea408115ee12020437e761579972d	4230519080
PRJNA1399147	SAMN54474214	SRX31707196	SRR36699392	RNA-seq	RNA-Seq	PAIRED	PAIRED	PAIRED	R2	2	SRR36699392_2.fastq.gz	ftp.sra.ebi.ac.uk/vol1/fastq/SRR366/092/SRR36699392/SRR36699392_2.fastq.gz	dfb5af194dfbc689fc0d07a78f29dcd0	4245986888
PRJNA1399147	SAMN54474213	SRX31707195	SRR36699393	RNA-seq	RNA-Seq	PAIRED	PAIRED	PAIRED	R1	1	SRR36699393_1.fastq.gz	ftp.sra.ebi.ac.uk/vol1/fastq/SRR366/093/SRR36699393/SRR36699393_1.fastq.gz	6e470ceddb6128fd0c2d030400c8bce6	4395867636
PRJNA1399147	SAMN54474213	SRX31707195	SRR36699393	RNA-seq	RNA-Seq	PAIRED	PAIRED	PAIRED	R2	2	SRR36699393_2.fastq.gz	ftp.sra.ebi.ac.uk/vol1/fastq/SRR366/093/SRR36699393/SRR36699393_2.fastq.gz	4f361716a3559455d326a22acbe370f9	4444197896
PRJNA477823	SAMN09479743	SRX4292704	SRR7421882	RNA-seq	RNA-Seq	SINGLE	SINGLE	SINGLE	SINGLE	1	SRR7421882.fastq.gz	ftp.sra.ebi.ac.uk/vol1/fastq/SRR742/002/SRR7421882/SRR7421882.fastq.gz	8059bff5f3d5b2fee7e3bc420bfe4842	4706820549
PRJNA489076	SAMN09948077	SRX4634301	SRR7779181	RNA-seq	RNA-Seq	PAIRED	PAIRED	PAIRED	R1	1	SRR7779181_1.fastq.gz	ftp.sra.ebi.ac.uk/vol1/fastq/SRR777/001/SRR7779181/SRR7779181_1.fastq.gz	d1f441635abf947031449451233c2f92	1762709719
PRJNA489076	SAMN09948077	SRX4634301	SRR7779181	RNA-seq	RNA-Seq	PAIRED	PAIRED	PAIRED	R2	2	SRR7779181_2.fastq.gz	ftp.sra.ebi.ac.uk/vol1/fastq/SRR777/001/SRR7779181/SRR7779181_2.fastq.gz	c2d676f34726a984861aaa5bc40b2751	1841981937
PRJNA489076	SAMN09948100	SRX4634310	SRR7779190	RNA-seq	RNA-Seq	PAIRED	PAIRED	PAIRED	R1	1	SRR7779190_1.fastq.gz	ftp.sra.ebi.ac.uk/vol1/fastq/SRR777/000/SRR7779190/SRR7779190_1.fastq.gz	a2bd3be3aef90ac5fd86c9d7341a2ece	1300628118
PRJNA489076	SAMN09948100	SRX4634310	SRR7779190	RNA-seq	RNA-Seq	PAIRED	PAIRED	PAIRED	R2	2	SRR7779190_2.fastq.gz	ftp.sra.ebi.ac.uk/vol1/fastq/SRR777/000/SRR7779190/SRR7779190_2.fastq.gz	da9de972a256e9b7fcac09aa03e93a4a	1360067643
PRJNA489076	SAMN09948098	SRX4634312	SRR7779192	RNA-seq	RNA-Seq	PAIRED	PAIRED	PAIRED	R1	1	SRR7779192_1.fastq.gz	ftp.sra.ebi.ac.uk/vol1/fastq/SRR777/002/SRR7779192/SRR7779192_1.fastq.gz	1663b87cabd12dcd28ebb157428c6166	1518174982
PRJNA489076	SAMN09948098	SRX4634312	SRR7779192	RNA-seq	RNA-Seq	PAIRED	PAIRED	PAIRED	R2	2	SRR7779192_2.fastq.gz	ftp.sra.ebi.ac.uk/vol1/fastq/SRR777/002/SRR7779192/SRR7779192_2.fastq.gz	f09716f4435f6e4f4a0c0e7d0f2ece10	1589186980
PRJNA489076	SAMN09948089	SRX4634321	SRR7779201	RNA-seq	RNA-Seq	PAIRED	PAIRED	PAIRED	R1	1	SRR7779201_1.fastq.gz	ftp.sra.ebi.ac.uk/vol1/fastq/SRR777/001/SRR7779201/SRR7779201_1.fastq.gz	4e1c28e0b99500c505de266c4cbf5a06	1404154674
PRJNA489076	SAMN09948089	SRX4634321	SRR7779201	RNA-seq	RNA-Seq	PAIRED	PAIRED	PAIRED	R2	2	SRR7779201_2.fastq.gz	ftp.sra.ebi.ac.uk/vol1/fastq/SRR777/001/SRR7779201/SRR7779201_2.fastq.gz	aff2658b3f927f93620a3eb29876f93b	1456520496
PRJNA504034	SAMN10388089	SRX4986353	SRR8165633	RNA-seq	RNA-Seq	PAIRED	PAIRED	PAIRED	R1	1	SRR8165633_1.fastq.gz	ftp.sra.ebi.ac.uk/vol1/fastq/SRR816/003/SRR8165633/SRR8165633_1.fastq.gz	4d6cd6ff7d810dab3047e87949ebc3eb	7141558725
PRJNA504034	SAMN10388089	SRX4986353	SRR8165633	RNA-seq	RNA-Seq	PAIRED	PAIRED	PAIRED	R2	2	SRR8165633_2.fastq.gz	ftp.sra.ebi.ac.uk/vol1/fastq/SRR816/003/SRR8165633/SRR8165633_2.fastq.gz	aec40fd213eeb6926532dfc661f1bde7	7170287600
PRJNA504034	SAMN10388086	SRX4986348	SRR8165638	RNA-seq	RNA-Seq	PAIRED	PAIRED	PAIRED	R1	1	SRR8165638_1.fastq.gz	ftp.sra.ebi.ac.uk/vol1/fastq/SRR816/008/SRR8165638/SRR8165638_1.fastq.gz	bc8e4d5dc9518f4e17ab4b9b510c9846	9305356594
PRJNA504034	SAMN10388086	SRX4986348	SRR8165638	RNA-seq	RNA-Seq	PAIRED	PAIRED	PAIRED	R2	2	SRR8165638_2.fastq.gz	ftp.sra.ebi.ac.uk/vol1/fastq/SRR816/008/SRR8165638/SRR8165638_2.fastq.gz	9b91340a4b54e1fa6185d9f7b0e86048	9280479122
PRJNA504034	SAMN10388056	SRX4986333	SRR8165653	RNA-seq	RNA-Seq	PAIRED	PAIRED	PAIRED	R1	1	SRR8165653_1.fastq.gz	ftp.sra.ebi.ac.uk/vol1/fastq/SRR816/003/SRR8165653/SRR8165653_1.fastq.gz	685aa0b1f435f2649fee6af0f1e0c39f	9081449077
PRJNA504034	SAMN10388056	SRX4986333	SRR8165653	RNA-seq	RNA-Seq	PAIRED	PAIRED	PAIRED	R2	2	SRR8165653_2.fastq.gz	ftp.sra.ebi.ac.uk/vol1/fastq/SRR816/003/SRR8165653/SRR8165653_2.fastq.gz	b9ad9ac6df501d0eef026109d1f99153	9114755325
PRJNA504034	SAMN10388075	SRX4986322	SRR8165664	RNA-seq	RNA-Seq	PAIRED	PAIRED	PAIRED	R1	1	SRR8165664_1.fastq.gz	ftp.sra.ebi.ac.uk/vol1/fastq/SRR816/004/SRR8165664/SRR8165664_1.fastq.gz	e391ee6a34f4d1094782d5aa20f393f4	5604935612
PRJNA504034	SAMN10388075	SRX4986322	SRR8165664	RNA-seq	RNA-Seq	PAIRED	PAIRED	PAIRED	R2	2	SRR8165664_2.fastq.gz	ftp.sra.ebi.ac.uk/vol1/fastq/SRR816/004/SRR8165664/SRR8165664_2.fastq.gz	0e2baff2b8db1bb8c81b4e2a69f17d39	5653894211
PRJNA504034	SAMN10388048	SRX4986309	SRR8165677	RNA-seq	RNA-Seq	PAIRED	PAIRED	PAIRED	R1	1	SRR8165677_1.fastq.gz	ftp.sra.ebi.ac.uk/vol1/fastq/SRR816/007/SRR8165677/SRR8165677_1.fastq.gz	cf97ac52ac58a46325e2171b66fb3594	5505611993
PRJNA504034	SAMN10388048	SRX4986309	SRR8165677	RNA-seq	RNA-Seq	PAIRED	PAIRED	PAIRED	R2	2	SRR8165677_2.fastq.gz	ftp.sra.ebi.ac.uk/vol1/fastq/SRR816/007/SRR8165677/SRR8165677_2.fastq.gz	855fa324d7c45931b9487b2cf1d66195	5633733765
PRJNA504034	SAMN10388045	SRX4986306	SRR8165680	RNA-seq	RNA-Seq	PAIRED	PAIRED	PAIRED	R1	1	SRR8165680_1.fastq.gz	ftp.sra.ebi.ac.uk/vol1/fastq/SRR816/000/SRR8165680/SRR8165680_1.fastq.gz	ee0a42ca2d58618503595c9756f3ea7d	5338454049
PRJNA504034	SAMN10388045	SRX4986306	SRR8165680	RNA-seq	RNA-Seq	PAIRED	PAIRED	PAIRED	R2	2	SRR8165680_2.fastq.gz	ftp.sra.ebi.ac.uk/vol1/fastq/SRR816/000/SRR8165680/SRR8165680_2.fastq.gz	b0f16c293305b44a341289cbcddac37e	5520865730
PRJNA504034	SAMN10388052	SRX4986305	SRR8165681	RNA-seq	RNA-Seq	PAIRED	PAIRED	PAIRED	R1	1	SRR8165681_1.fastq.gz	ftp.sra.ebi.ac.uk/vol1/fastq/SRR816/001/SRR8165681/SRR8165681_1.fastq.gz	9f0e45d27493aaad49acf0ef4c30e4a4	6408395661
PRJNA504034	SAMN10388052	SRX4986305	SRR8165681	RNA-seq	RNA-Seq	PAIRED	PAIRED	PAIRED	R2	2	SRR8165681_2.fastq.gz	ftp.sra.ebi.ac.uk/vol1/fastq/SRR816/001/SRR8165681/SRR8165681_2.fastq.gz	a09d28b9f25961e21583e48bffbd4c37	6625126084
PRJNA545135	SAMN11874997	SRX5910667	SRR9137506	RNA-seq	RNA-Seq	PAIRED	PAIRED	PAIRED	R1	1	SRR9137506_1.fastq.gz	ftp.sra.ebi.ac.uk/vol1/fastq/SRR913/006/SRR9137506/SRR9137506_1.fastq.gz	22dffef5de78f66e1de82f187d09a918	1430702352
PRJNA545135	SAMN11874997	SRX5910667	SRR9137506	RNA-seq	RNA-Seq	PAIRED	PAIRED	PAIRED	R2	2	SRR9137506_2.fastq.gz	ftp.sra.ebi.ac.uk/vol1/fastq/SRR913/006/SRR9137506/SRR9137506_2.fastq.gz	5133d53ff2da76b5e50c57fc80fed227	1477298205
PRJNA545135	SAMN11874992	SRX5910671	SRR9137510	RNA-seq	RNA-Seq	PAIRED	PAIRED	PAIRED	R1	1	SRR9137510_1.fastq.gz	ftp.sra.ebi.ac.uk/vol1/fastq/SRR913/000/SRR9137510/SRR9137510_1.fastq.gz	16dc4b85be1812f1b9ecb6902a5f56c5	1291875858
PRJNA545135	SAMN11874992	SRX5910671	SRR9137510	RNA-seq	RNA-Seq	PAIRED	PAIRED	PAIRED	R2	2	SRR9137510_2.fastq.gz	ftp.sra.ebi.ac.uk/vol1/fastq/SRR913/000/SRR9137510/SRR9137510_2.fastq.gz	e72ca80a697b23d4d5e5f14e14e8535e	1323028676
PRJNA545309	SAMN11883837	SRX5924873	SRR9151757	RNA-seq	RNA-Seq	PAIRED	PAIRED	PAIRED	R1	1	SRR9151757_1.fastq.gz	ftp.sra.ebi.ac.uk/vol1/fastq/SRR915/007/SRR9151757/SRR9151757_1.fastq.gz	77a1b75119bcfedd5865f44c31d6ca26	1101234195
PRJNA545309	SAMN11883837	SRX5924873	SRR9151757	RNA-seq	RNA-Seq	PAIRED	PAIRED	PAIRED	R2	2	SRR9151757_2.fastq.gz	ftp.sra.ebi.ac.uk/vol1/fastq/SRR915/007/SRR9151757/SRR9151757_2.fastq.gz	d63e82cb7686bd9b8d186cc1efb107e9	1109065876
PRJNA545309	SAMN11883834	SRX5924876	SRR9151760	RNA-seq	RNA-Seq	PAIRED	PAIRED	PAIRED	R1	1	SRR9151760_1.fastq.gz	ftp.sra.ebi.ac.uk/vol1/fastq/SRR915/000/SRR9151760/SRR9151760_1.fastq.gz	87b08d1da75d3fc3bedfdfd4c360d803	1273674412
PRJNA545309	SAMN11883834	SRX5924876	SRR9151760	RNA-seq	RNA-Seq	PAIRED	PAIRED	PAIRED	R2	2	SRR9151760_2.fastq.gz	ftp.sra.ebi.ac.uk/vol1/fastq/SRR915/000/SRR9151760/SRR9151760_2.fastq.gz	040ad0881a5c004e031c258189dde5ec	1282001996
PRJNA214684	SAMN02313290	SRX333377	SRR950109	RNA-seq	RNA-Seq	PAIRED	PAIRED	PAIRED	R1	1	SRR950109_1.fastq.gz	ftp.sra.ebi.ac.uk/vol1/fastq/SRR950/SRR950109/SRR950109_1.fastq.gz	1312757aaebc99e13d78e04d17fb53d9	8696335986
PRJNA214684	SAMN02313290	SRX333377	SRR950109	RNA-seq	RNA-Seq	PAIRED	PAIRED	PAIRED	R2	2	SRR950109_2.fastq.gz	ftp.sra.ebi.ac.uk/vol1/fastq/SRR950/SRR950109/SRR950109_2.fastq.gz	efddc476de220c77dceb38f41cca389a	8920725389
PRJNA551666	SAMN12162722	SRX6384004	SRR9620997	RNA-seq	RNA-Seq	SINGLE	SINGLE	SINGLE	SINGLE	1	SRR9620997.fastq.gz	ftp.sra.ebi.ac.uk/vol1/fastq/SRR962/007/SRR9620997/SRR9620997.fastq.gz	4c875cddc996a1e8a5ca0796a39af1e7	193478391
PRJNA551666	SAMN12162720	SRX6384006	SRR9621004	RNA-seq	RNA-Seq	SINGLE	SINGLE	SINGLE	SINGLE	1	SRR9621004.fastq.gz	ftp.sra.ebi.ac.uk/vol1/fastq/SRR962/004/SRR9621004/SRR9621004.fastq.gz	88ac51712922b25d71535568cffa1dfb	162808413
PRJNA551666	SAMN12162720	SRX6384006	SRR9621006	RNA-seq	RNA-Seq	SINGLE	SINGLE	SINGLE	SINGLE	1	SRR9621006.fastq.gz	ftp.sra.ebi.ac.uk/vol1/fastq/SRR962/006/SRR9621006/SRR9621006.fastq.gz	3187d0fdfc177e126b55dcbd069a5303	170423407
PRJNA551666	SAMN12162719	SRX6384007	SRR9621010	RNA-seq	RNA-Seq	SINGLE	SINGLE	SINGLE	SINGLE	1	SRR9621010.fastq.gz	ftp.sra.ebi.ac.uk/vol1/fastq/SRR962/000/SRR9621010/SRR9621010.fastq.gz	b23fd0c30a78e6a8a517c6c6d92b615a	168457626
PRJNA551666	SAMN12162718	SRX6384008	SRR9621011	RNA-seq	RNA-Seq	SINGLE	SINGLE	SINGLE	SINGLE	1	SRR9621011.fastq.gz	ftp.sra.ebi.ac.uk/vol1/fastq/SRR962/001/SRR9621011/SRR9621011.fastq.gz	93c54991b5b2a0b45952d35e0ab70a95	178946061
PRJNA551666	SAMN12162718	SRX6384008	SRR9621012	RNA-seq	RNA-Seq	SINGLE	SINGLE	SINGLE	SINGLE	1	SRR9621012.fastq.gz	ftp.sra.ebi.ac.uk/vol1/fastq/SRR962/002/SRR9621012/SRR9621012.fastq.gz	5400d8dec0dfcdaba5ccb52ac975d59e	174310333
PRJNA551666	SAMN12162718	SRX6384008	SRR9621013	RNA-seq	RNA-Seq	SINGLE	SINGLE	SINGLE	SINGLE	1	SRR9621013.fastq.gz	ftp.sra.ebi.ac.uk/vol1/fastq/SRR962/003/SRR9621013/SRR9621013.fastq.gz	83eba1be10454be52e770d4c01eedfae	181393018
PRJNA551666	SAMN12162718	SRX6384008	SRR9621014	RNA-seq	RNA-Seq	SINGLE	SINGLE	SINGLE	SINGLE	1	SRR9621014.fastq.gz	ftp.sra.ebi.ac.uk/vol1/fastq/SRR962/004/SRR9621014/SRR9621014.fastq.gz	724e5dfa17d6b8db4aa6efde37c7658b	182331548
PRJNA551666	SAMN12162717	SRX6384009	SRR9621018	RNA-seq	RNA-Seq	SINGLE	SINGLE	SINGLE	SINGLE	1	SRR9621018.fastq.gz	ftp.sra.ebi.ac.uk/vol1/fastq/SRR962/008/SRR9621018/SRR9621018.fastq.gz	542b38145ab5c6661250a0b68c2227b7	204821594
PRJNA551666	SAMN12162716	SRX6384010	SRR9621021	RNA-seq	RNA-Seq	SINGLE	SINGLE	SINGLE	SINGLE	1	SRR9621021.fastq.gz	ftp.sra.ebi.ac.uk/vol1/fastq/SRR962/001/SRR9621021/SRR9621021.fastq.gz	698df4227b723bd712a93700fb9d4c3e	119407728
PRJNA551666	SAMN12162713	SRX6384013	SRR9621031	RNA-seq	RNA-Seq	SINGLE	SINGLE	SINGLE	SINGLE	1	SRR9621031.fastq.gz	ftp.sra.ebi.ac.uk/vol1/fastq/SRR962/001/SRR9621031/SRR9621031.fastq.gz	0aafae2424af8baeeb4af81a4b16dfbc	185590031
PRJNA551666	SAMN12162713	SRX6384013	SRR9621033	RNA-seq	RNA-Seq	SINGLE	SINGLE	SINGLE	SINGLE	1	SRR9621033.fastq.gz	ftp.sra.ebi.ac.uk/vol1/fastq/SRR962/003/SRR9621033/SRR9621033.fastq.gz	576703c0359b350bcd36df64a2a291c8	187920698
PRJNA551666	SAMN12162712	SRX6384014	SRR9621038	RNA-seq	RNA-Seq	SINGLE	SINGLE	SINGLE	SINGLE	1	SRR9621038.fastq.gz	ftp.sra.ebi.ac.uk/vol1/fastq/SRR962/008/SRR9621038/SRR9621038.fastq.gz	679172f0fa7afe5a896990afbaf6936e	196433395
PRJNA551666	SAMN12162711	SRX6384015	SRR9621041	RNA-seq	RNA-Seq	SINGLE	SINGLE	SINGLE	SINGLE	1	SRR9621041.fastq.gz	ftp.sra.ebi.ac.uk/vol1/fastq/SRR962/001/SRR9621041/SRR9621041.fastq.gz	eee91c54569d8ffbf86ae4836ea224e5	172051634
PRJNA551666	SAMN12162711	SRX6384015	SRR9621042	RNA-seq	RNA-Seq	SINGLE	SINGLE	SINGLE	SINGLE	1	SRR9621042.fastq.gz	ftp.sra.ebi.ac.uk/vol1/fastq/SRR962/002/SRR9621042/SRR9621042.fastq.gz	2ebb6e572e88c5aeb155c646f53a36d4	173105798
PRJNA551666	SAMN12162710	SRX6384016	SRR9621043	RNA-seq	RNA-Seq	SINGLE	SINGLE	SINGLE	SINGLE	1	SRR9621043.fastq.gz	ftp.sra.ebi.ac.uk/vol1/fastq/SRR962/003/SRR9621043/SRR9621043.fastq.gz	33245dffbafacf91acecaa39dbb7b3e5	165885249
PRJNA551666	SAMN12162710	SRX6384016	SRR9621044	RNA-seq	RNA-Seq	SINGLE	SINGLE	SINGLE	SINGLE	1	SRR9621044.fastq.gz	ftp.sra.ebi.ac.uk/vol1/fastq/SRR962/004/SRR9621044/SRR9621044.fastq.gz	505a8004b97441b7c408ecc7a4d205c3	161534797
PRJNA551666	SAMN12162710	SRX6384016	SRR9621045	RNA-seq	RNA-Seq	SINGLE	SINGLE	SINGLE	SINGLE	1	SRR9621045.fastq.gz	ftp.sra.ebi.ac.uk/vol1/fastq/SRR962/005/SRR9621045/SRR9621045.fastq.gz	4083f57132b2ea9eaa21514ae0d6912b	167676223
PRJNA551666	SAMN12162709	SRX6384017	SRR9621050	RNA-seq	RNA-Seq	SINGLE	SINGLE	SINGLE	SINGLE	1	SRR9621050.fastq.gz	ftp.sra.ebi.ac.uk/vol1/fastq/SRR962/000/SRR9621050/SRR9621050.fastq.gz	ea21b45b018ed551b80d35a28792567e	183076623
PRJNA551666	SAMN12162705	SRX6384021	SRR9621063	RNA-seq	RNA-Seq	SINGLE	SINGLE	SINGLE	SINGLE	1	SRR9621063.fastq.gz	ftp.sra.ebi.ac.uk/vol1/fastq/SRR962/003/SRR9621063/SRR9621063.fastq.gz	676ae80af34c22c69e11052c351b527f	207642194
PRJNA551666	SAMN12162705	SRX6384021	SRR9621064	RNA-seq	RNA-Seq	SINGLE	SINGLE	SINGLE	SINGLE	1	SRR9621064.fastq.gz	ftp.sra.ebi.ac.uk/vol1/fastq/SRR962/004/SRR9621064/SRR9621064.fastq.gz	6d1f0e287ae2423a25b248354ece93d2	202068140
PRJNA551666	SAMN12162724	SRX6384026	SRR9621086	RNA-seq	RNA-Seq	SINGLE	SINGLE	SINGLE	SINGLE	1	SRR9621086.fastq.gz	ftp.sra.ebi.ac.uk/vol1/fastq/SRR962/006/SRR9621086/SRR9621086.fastq.gz	a1d0d0cc2b41b4f92c3ff9a5a37f0db9	109844262
PRJNA555245	SAMN12308451	SRX6461459	SRR9703434	RNA-seq	RNA-Seq	SINGLE	SINGLE	SINGLE	SINGLE	1	SRR9703434.fastq.gz	ftp.sra.ebi.ac.uk/vol1/fastq/SRR970/004/SRR9703434/SRR9703434.fastq.gz	aba09829f1f9bf0cfd7d46455b3fda05	2562503230
PRJNA556890	SAMN12375424	SRX6601537	SRR9846912	RNA-seq	RNA-Seq	PAIRED	PAIRED	PAIRED	R1	1	SRR9846912_1.fastq.gz	ftp.sra.ebi.ac.uk/vol1/fastq/SRR984/002/SRR9846912/SRR9846912_1.fastq.gz	25f98269ed042b578ecd3faf8fab6944	2090230707
PRJNA556890	SAMN12375424	SRX6601537	SRR9846912	RNA-seq	RNA-Seq	PAIRED	PAIRED	PAIRED	R2	2	SRR9846912_2.fastq.gz	ftp.sra.ebi.ac.uk/vol1/fastq/SRR984/002/SRR9846912/SRR9846912_2.fastq.gz	d800a0f9cd3a8e015a7639ff4b49b20e	2158501142
PRJNA593052	SAMN13451143	SRX7254146	SRR10572660	RNA-seq	RNA-Seq	PAIRED	PAIRED	PAIRED	R1	1	SRR10572660_1.fastq.gz	ftp.sra.ebi.ac.uk/vol1/fastq/SRR105/060/SRR10572660/SRR10572660_1.fastq.gz	2cc0961c5d7d981809fe1b57b738a1f6	6334994091
PRJNA593052	SAMN13451143	SRX7254146	SRR10572660	RNA-seq	RNA-Seq	PAIRED	PAIRED	PAIRED	R2	2	SRR10572660_2.fastq.gz	ftp.sra.ebi.ac.uk/vol1/fastq/SRR105/060/SRR10572660/SRR10572660_2.fastq.gz	9403c35ae8cce3ced5dd2657fc0728eb	6569488485
PRJNA594947	SAMN13541378	SRX7347962	SRR10669487	RNA-seq	RNA-Seq	SINGLE	SINGLE	SINGLE	SINGLE	1	SRR10669487.fastq.gz	ftp.sra.ebi.ac.uk/vol1/fastq/SRR106/087/SRR10669487/SRR10669487.fastq.gz	226e6c22ec0bf04f7d6166cf116d4879	1200537598
PRJNA604220	SAMN13957915	SRX7656770	SRR10995631	RNA-seq	RNA-Seq	PAIRED	PAIRED	PAIRED	R1	1	SRR10995631_1.fastq.gz	ftp.sra.ebi.ac.uk/vol1/fastq/SRR109/031/SRR10995631/SRR10995631_1.fastq.gz	bc024b0b0742fd7d533d87a4cc83fe88	378674027
PRJNA604220	SAMN13957915	SRX7656770	SRR10995631	RNA-seq	RNA-Seq	PAIRED	PAIRED	PAIRED	R2	2	SRR10995631_2.fastq.gz	ftp.sra.ebi.ac.uk/vol1/fastq/SRR109/031/SRR10995631/SRR10995631_2.fastq.gz	d727ecfcd0dbbb887880fa4eaf0e2af7	388199167
PRJNA604220	SAMN13957915	SRX7656770	SRR10995632	RNA-seq	RNA-Seq	PAIRED	PAIRED	PAIRED	R1	1	SRR10995632_1.fastq.gz	ftp.sra.ebi.ac.uk/vol1/fastq/SRR109/032/SRR10995632/SRR10995632_1.fastq.gz	8c9517ecdc5644b5c47a9f2f3f6e3893	363287452
PRJNA604220	SAMN13957915	SRX7656770	SRR10995632	RNA-seq	RNA-Seq	PAIRED	PAIRED	PAIRED	R2	2	SRR10995632_2.fastq.gz	ftp.sra.ebi.ac.uk/vol1/fastq/SRR109/032/SRR10995632/SRR10995632_2.fastq.gz	466ce7cb3eb889d85fde23dd2e1c7ed1	371257676
PRJNA604220	SAMN13957915	SRX7656770	SRR10995633	RNA-seq	RNA-Seq	PAIRED	PAIRED	PAIRED	R1	1	SRR10995633_1.fastq.gz	ftp.sra.ebi.ac.uk/vol1/fastq/SRR109/033/SRR10995633/SRR10995633_1.fastq.gz	acf438a5bc2de37088140ab206ca53e2	369194059
PRJNA604220	SAMN13957915	SRX7656770	SRR10995633	RNA-seq	RNA-Seq	PAIRED	PAIRED	PAIRED	R2	2	SRR10995633_2.fastq.gz	ftp.sra.ebi.ac.uk/vol1/fastq/SRR109/033/SRR10995633/SRR10995633_2.fastq.gz	423662f6ada846851839ea0ffdd73310	377425284
PRJNA604220	SAMN13957914	SRX7656771	SRR10995635	RNA-seq	RNA-Seq	PAIRED	PAIRED	PAIRED	R1	1	SRR10995635_1.fastq.gz	ftp.sra.ebi.ac.uk/vol1/fastq/SRR109/035/SRR10995635/SRR10995635_1.fastq.gz	4de06fe1da8bd8b668d2b625a656504a	429122450
PRJNA604220	SAMN13957914	SRX7656771	SRR10995635	RNA-seq	RNA-Seq	PAIRED	PAIRED	PAIRED	R2	2	SRR10995635_2.fastq.gz	ftp.sra.ebi.ac.uk/vol1/fastq/SRR109/035/SRR10995635/SRR10995635_2.fastq.gz	42707311740f6c8d1638cf6ba393a45c	439621443
PRJNA604220	SAMN13957914	SRX7656771	SRR10995637	RNA-seq	RNA-Seq	PAIRED	PAIRED	PAIRED	R1	1	SRR10995637_1.fastq.gz	ftp.sra.ebi.ac.uk/vol1/fastq/SRR109/037/SRR10995637/SRR10995637_1.fastq.gz	10924af6a7d3ee06a7519020e3f43519	424713640
PRJNA604220	SAMN13957914	SRX7656771	SRR10995637	RNA-seq	RNA-Seq	PAIRED	PAIRED	PAIRED	R2	2	SRR10995637_2.fastq.gz	ftp.sra.ebi.ac.uk/vol1/fastq/SRR109/037/SRR10995637/SRR10995637_2.fastq.gz	e750784c4030f5257b9dc6e23236851c	434099689
PRJNA604220	SAMN13957912	SRX7656773	SRR10995645	RNA-seq	RNA-Seq	PAIRED	PAIRED	PAIRED	R1	1	SRR10995645_1.fastq.gz	ftp.sra.ebi.ac.uk/vol1/fastq/SRR109/045/SRR10995645/SRR10995645_1.fastq.gz	fad8441dd35e3da53c44e31f1b06ae80	404820674
PRJNA604220	SAMN13957912	SRX7656773	SRR10995645	RNA-seq	RNA-Seq	PAIRED	PAIRED	PAIRED	R2	2	SRR10995645_2.fastq.gz	ftp.sra.ebi.ac.uk/vol1/fastq/SRR109/045/SRR10995645/SRR10995645_2.fastq.gz	be322823b7d6dd71a87ea03af6f01de9	415723490
PRJNA604220	SAMN13957912	SRX7656773	SRR10995646	RNA-seq	RNA-Seq	PAIRED	PAIRED	PAIRED	R1	1	SRR10995646_1.fastq.gz	ftp.sra.ebi.ac.uk/vol1/fastq/SRR109/046/SRR10995646/SRR10995646_1.fastq.gz	97f95c8cd8069687288296dd1ce90219	403498541
PRJNA604220	SAMN13957912	SRX7656773	SRR10995646	RNA-seq	RNA-Seq	PAIRED	PAIRED	PAIRED	R2	2	SRR10995646_2.fastq.gz	ftp.sra.ebi.ac.uk/vol1/fastq/SRR109/046/SRR10995646/SRR10995646_2.fastq.gz	de5406598f1def7d85a4f5f844a1a88d	409739204
PRJNA604220	SAMN13957911	SRX7656774	SRR10995650	RNA-seq	RNA-Seq	PAIRED	PAIRED	PAIRED	R1	1	SRR10995650_1.fastq.gz	ftp.sra.ebi.ac.uk/vol1/fastq/SRR109/050/SRR10995650/SRR10995650_1.fastq.gz	c32fb28035fcab07e99cbea6f288956d	445717489
PRJNA604220	SAMN13957911	SRX7656774	SRR10995650	RNA-seq	RNA-Seq	PAIRED	PAIRED	PAIRED	R2	2	SRR10995650_2.fastq.gz	ftp.sra.ebi.ac.uk/vol1/fastq/SRR109/050/SRR10995650/SRR10995650_2.fastq.gz	cfdb376395c2aaee838f889d4757a4e8	450743717
PRJNA604220	SAMN13957910	SRX7656775	SRR10995651	RNA-seq	RNA-Seq	PAIRED	PAIRED	PAIRED	R1	1	SRR10995651_1.fastq.gz	ftp.sra.ebi.ac.uk/vol1/fastq/SRR109/051/SRR10995651/SRR10995651_1.fastq.gz	fb466e062f4c0777fa6b41410c1d48d2	415753975
PRJNA604220	SAMN13957910	SRX7656775	SRR10995651	RNA-seq	RNA-Seq	PAIRED	PAIRED	PAIRED	R2	2	SRR10995651_2.fastq.gz	ftp.sra.ebi.ac.uk/vol1/fastq/SRR109/051/SRR10995651/SRR10995651_2.fastq.gz	6324bd2c63bdba1ea1dbef975dacd96e	449825050
PRJNA604220	SAMN13957909	SRX7656776	SRR10995657	RNA-seq	RNA-Seq	PAIRED	PAIRED	PAIRED	R1	1	SRR10995657_1.fastq.gz	ftp.sra.ebi.ac.uk/vol1/fastq/SRR109/057/SRR10995657/SRR10995657_1.fastq.gz	81a84900310513539a95a274acabff71	637080538
PRJNA604220	SAMN13957909	SRX7656776	SRR10995657	RNA-seq	RNA-Seq	PAIRED	PAIRED	PAIRED	R2	2	SRR10995657_2.fastq.gz	ftp.sra.ebi.ac.uk/vol1/fastq/SRR109/057/SRR10995657/SRR10995657_2.fastq.gz	9320bc79a1a2d894254647b28547b9c9	650792229
PRJNA604220	SAMN13957908	SRX7656777	SRR10995661	RNA-seq	RNA-Seq	PAIRED	PAIRED	PAIRED	R1	1	SRR10995661_1.fastq.gz	ftp.sra.ebi.ac.uk/vol1/fastq/SRR109/061/SRR10995661/SRR10995661_1.fastq.gz	23e15b2cbb3d5eea740d07971257c50f	491428683
PRJNA604220	SAMN13957908	SRX7656777	SRR10995661	RNA-seq	RNA-Seq	PAIRED	PAIRED	PAIRED	R2	2	SRR10995661_2.fastq.gz	ftp.sra.ebi.ac.uk/vol1/fastq/SRR109/061/SRR10995661/SRR10995661_2.fastq.gz	a8f60ea1f1c055337366ab56d665348c	503208840
PRJNA604220	SAMN13957907	SRX7656778	SRR10995663	RNA-seq	RNA-Seq	PAIRED	PAIRED	PAIRED	R1	1	SRR10995663_1.fastq.gz	ftp.sra.ebi.ac.uk/vol1/fastq/SRR109/063/SRR10995663/SRR10995663_1.fastq.gz	317a73fcaf485a2c2d2eba0b350fdeb7	428576012
PRJNA604220	SAMN13957907	SRX7656778	SRR10995663	RNA-seq	RNA-Seq	PAIRED	PAIRED	PAIRED	R2	2	SRR10995663_2.fastq.gz	ftp.sra.ebi.ac.uk/vol1/fastq/SRR109/063/SRR10995663/SRR10995663_2.fastq.gz	f50463597f057025516dfd0069265f34	452912937
PRJNA604220	SAMN13957907	SRX7656778	SRR10995664	RNA-seq	RNA-Seq	PAIRED	PAIRED	PAIRED	R1	1	SRR10995664_1.fastq.gz	ftp.sra.ebi.ac.uk/vol1/fastq/SRR109/064/SRR10995664/SRR10995664_1.fastq.gz	80622ed2302344500787a57163a5d7fb	412479298
PRJNA604220	SAMN13957907	SRX7656778	SRR10995664	RNA-seq	RNA-Seq	PAIRED	PAIRED	PAIRED	R2	2	SRR10995664_2.fastq.gz	ftp.sra.ebi.ac.uk/vol1/fastq/SRR109/064/SRR10995664/SRR10995664_2.fastq.gz	ce1c8ce04392ebc3497fbd447445afb6	428206472
PRJNA604220	SAMN13957906	SRX7656779	SRR10995670	RNA-seq	RNA-Seq	PAIRED	PAIRED	PAIRED	R1	1	SRR10995670_1.fastq.gz	ftp.sra.ebi.ac.uk/vol1/fastq/SRR109/070/SRR10995670/SRR10995670_1.fastq.gz	fb95a65ca0884088972a1587206fd899	422166572
PRJNA604220	SAMN13957906	SRX7656779	SRR10995670	RNA-seq	RNA-Seq	PAIRED	PAIRED	PAIRED	R2	2	SRR10995670_2.fastq.gz	ftp.sra.ebi.ac.uk/vol1/fastq/SRR109/070/SRR10995670/SRR10995670_2.fastq.gz	55584f102022ef8f250060e9b1ec2c6e	425556176
PRJNA604220	SAMN13957905	SRX7656780	SRR10995671	RNA-seq	RNA-Seq	PAIRED	PAIRED	PAIRED	R1	1	SRR10995671_1.fastq.gz	ftp.sra.ebi.ac.uk/vol1/fastq/SRR109/071/SRR10995671/SRR10995671_1.fastq.gz	8dc25a42e70a426a9c6d0283ccfa4626	440921876
PRJNA604220	SAMN13957905	SRX7656780	SRR10995671	RNA-seq	RNA-Seq	PAIRED	PAIRED	PAIRED	R2	2	SRR10995671_2.fastq.gz	ftp.sra.ebi.ac.uk/vol1/fastq/SRR109/071/SRR10995671/SRR10995671_2.fastq.gz	50fa2444687361d5dc5e52bd028dd4b3	457335261
PRJNA604220	SAMN13957905	SRX7656780	SRR10995672	RNA-seq	RNA-Seq	PAIRED	PAIRED	PAIRED	R1	1	SRR10995672_1.fastq.gz	ftp.sra.ebi.ac.uk/vol1/fastq/SRR109/072/SRR10995672/SRR10995672_1.fastq.gz	e41defb5954d63ab3681f1318712b610	426504840
PRJNA604220	SAMN13957905	SRX7656780	SRR10995672	RNA-seq	RNA-Seq	PAIRED	PAIRED	PAIRED	R2	2	SRR10995672_2.fastq.gz	ftp.sra.ebi.ac.uk/vol1/fastq/SRR109/072/SRR10995672/SRR10995672_2.fastq.gz	3af49be642fb48791dae6b82e2e1053e	438201757
PRJNA604220	SAMN13957903	SRX7656782	SRR10995679	RNA-seq	RNA-Seq	PAIRED	PAIRED	PAIRED	R1	1	SRR10995679_1.fastq.gz	ftp.sra.ebi.ac.uk/vol1/fastq/SRR109/079/SRR10995679/SRR10995679_1.fastq.gz	48f95f52450074251ab4272bc09acd87	458963788
PRJNA604220	SAMN13957903	SRX7656782	SRR10995679	RNA-seq	RNA-Seq	PAIRED	PAIRED	PAIRED	R2	2	SRR10995679_2.fastq.gz	ftp.sra.ebi.ac.uk/vol1/fastq/SRR109/079/SRR10995679/SRR10995679_2.fastq.gz	3ed295c6808ceb34f0d9e26642f6382f	472366711
PRJNA604220	SAMN13957900	SRX7656785	SRR10995691	RNA-seq	RNA-Seq	PAIRED	PAIRED	PAIRED	R1	1	SRR10995691_1.fastq.gz	ftp.sra.ebi.ac.uk/vol1/fastq/SRR109/091/SRR10995691/SRR10995691_1.fastq.gz	43802e0ad41f06c8fcb60bb072318f27	486270794
PRJNA604220	SAMN13957900	SRX7656785	SRR10995691	RNA-seq	RNA-Seq	PAIRED	PAIRED	PAIRED	R2	2	SRR10995691_2.fastq.gz	ftp.sra.ebi.ac.uk/vol1/fastq/SRR109/091/SRR10995691/SRR10995691_2.fastq.gz	c10e6a031a1363ce07c006ea61c31adc	498203667
PRJNA604220	SAMN13957900	SRX7656785	SRR10995692	RNA-seq	RNA-Seq	PAIRED	PAIRED	PAIRED	R1	1	SRR10995692_1.fastq.gz	ftp.sra.ebi.ac.uk/vol1/fastq/SRR109/092/SRR10995692/SRR10995692_1.fastq.gz	e870d9ad2356dcf30853016f9dad7a90	472161358
PRJNA604220	SAMN13957900	SRX7656785	SRR10995692	RNA-seq	RNA-Seq	PAIRED	PAIRED	PAIRED	R2	2	SRR10995692_2.fastq.gz	ftp.sra.ebi.ac.uk/vol1/fastq/SRR109/092/SRR10995692/SRR10995692_2.fastq.gz	85332690571378f01b494a08ae6f0d9b	482099066
PRJNA604220	SAMN13957899	SRX7656786	SRR10995697	RNA-seq	RNA-Seq	PAIRED	PAIRED	PAIRED	R1	1	SRR10995697_1.fastq.gz	ftp.sra.ebi.ac.uk/vol1/fastq/SRR109/097/SRR10995697/SRR10995697_1.fastq.gz	38577b72748178e7472fa8530f49d2e4	474687298
PRJNA604220	SAMN13957899	SRX7656786	SRR10995697	RNA-seq	RNA-Seq	PAIRED	PAIRED	PAIRED	R2	2	SRR10995697_2.fastq.gz	ftp.sra.ebi.ac.uk/vol1/fastq/SRR109/097/SRR10995697/SRR10995697_2.fastq.gz	c182fb2779b11b05a3e140d370151517	485587116
PRJNA604220	SAMN13957899	SRX7656786	SRR10995698	RNA-seq	RNA-Seq	PAIRED	PAIRED	PAIRED	R1	1	SRR10995698_1.fastq.gz	ftp.sra.ebi.ac.uk/vol1/fastq/SRR109/098/SRR10995698/SRR10995698_1.fastq.gz	a4aec36ff1d2d757e9ca517ddcad5ca4	473006836
PRJNA604220	SAMN13957899	SRX7656786	SRR10995698	RNA-seq	RNA-Seq	PAIRED	PAIRED	PAIRED	R2	2	SRR10995698_2.fastq.gz	ftp.sra.ebi.ac.uk/vol1/fastq/SRR109/098/SRR10995698/SRR10995698_2.fastq.gz	1bf0e43b6b0703ae747f0922080257fc	478681517
PRJNA604220	SAMN13957898	SRX7656787	SRR10995702	RNA-seq	RNA-Seq	PAIRED	PAIRED	PAIRED	R1	1	SRR10995702_1.fastq.gz	ftp.sra.ebi.ac.uk/vol1/fastq/SRR109/002/SRR10995702/SRR10995702_1.fastq.gz	2e4fe3def1106eafd98fc9a0711c9c26	842656172
PRJNA604220	SAMN13957898	SRX7656787	SRR10995702	RNA-seq	RNA-Seq	PAIRED	PAIRED	PAIRED	R2	2	SRR10995702_2.fastq.gz	ftp.sra.ebi.ac.uk/vol1/fastq/SRR109/002/SRR10995702/SRR10995702_2.fastq.gz	5127ef56fa388b4b4b5852814452ed51	859707595
PRJNA742028	SAMN20893082	SRX11857249	SRR15559102	RNA-seq	RNA-Seq	SINGLE	SINGLE	SINGLE	SINGLE	1	SRR15559102.fastq.gz	ftp.sra.ebi.ac.uk/vol1/fastq/SRR155/002/SRR15559102/SRR15559102.fastq.gz	f809d397a25ef5d5d9e1239c2bef6c83	211864766
PRJNA742028	SAMN20893080	SRX11857247	SRR15559104	RNA-seq	RNA-Seq	SINGLE	SINGLE	SINGLE	SINGLE	1	SRR15559104.fastq.gz	ftp.sra.ebi.ac.uk/vol1/fastq/SRR155/004/SRR15559104/SRR15559104.fastq.gz	1cd2bf1af70a0ce79763b835104ee865	254976639
PRJNA742028	SAMN20893073	SRX11857230	SRR15559121	RNA-seq	RNA-Seq	SINGLE	SINGLE	SINGLE	SINGLE	1	SRR15559121.fastq.gz	ftp.sra.ebi.ac.uk/vol1/fastq/SRR155/021/SRR15559121/SRR15559121.fastq.gz	e5ab53fae7d893d567056b0c902432b0	386108174
PRJNA311594	SAMN04501030	SRX1570963	SRR3161760	RNA-seq	RNA-Seq	PAIRED	PAIRED	PAIRED	R1	1	SRR3161760_1.fastq.gz	ftp.sra.ebi.ac.uk/vol1/fastq/SRR316/000/SRR3161760/SRR3161760_1.fastq.gz	12d9ea00466bc17e92e7a263fbc77706	1068270136
PRJNA311594	SAMN04501030	SRX1570963	SRR3161760	RNA-seq	RNA-Seq	PAIRED	PAIRED	PAIRED	R2	2	SRR3161760_2.fastq.gz	ftp.sra.ebi.ac.uk/vol1/fastq/SRR316/000/SRR3161760/SRR3161760_2.fastq.gz	3f6f71d42f87781bc4acc36794264738	1092566867
PRJNA311594	SAMN04501031	SRX1570964	SRR3161761	RNA-seq	RNA-Seq	PAIRED	PAIRED	PAIRED	R1	1	SRR3161761_1.fastq.gz	ftp.sra.ebi.ac.uk/vol1/fastq/SRR316/001/SRR3161761/SRR3161761_1.fastq.gz	15525dddafe00ab0466644f551cc51ae	966373947
PRJNA311594	SAMN04501031	SRX1570964	SRR3161761	RNA-seq	RNA-Seq	PAIRED	PAIRED	PAIRED	R2	2	SRR3161761_2.fastq.gz	ftp.sra.ebi.ac.uk/vol1/fastq/SRR316/001/SRR3161761/SRR3161761_2.fastq.gz	9cb92fe03b864062c2ce9e8b34a7b411	989805427
PRJNA311594	SAMN04501036	SRX1570969	SRR3161766	RNA-seq	RNA-Seq	PAIRED	PAIRED	PAIRED	R1	1	SRR3161766_1.fastq.gz	ftp.sra.ebi.ac.uk/vol1/fastq/SRR316/006/SRR3161766/SRR3161766_1.fastq.gz	906768116ef82400e8adbcefecd7b73a	1303323684
PRJNA311594	SAMN04501036	SRX1570969	SRR3161766	RNA-seq	RNA-Seq	PAIRED	PAIRED	PAIRED	R2	2	SRR3161766_2.fastq.gz	ftp.sra.ebi.ac.uk/vol1/fastq/SRR316/006/SRR3161766/SRR3161766_2.fastq.gz	60e38172e4e306a2e7120e6d03c334ef	1337797130
PRJNA311594	SAMN04501047	SRX1570980	SRR3161777	RNA-seq	RNA-Seq	PAIRED	PAIRED	PAIRED	R1	1	SRR3161777_1.fastq.gz	ftp.sra.ebi.ac.uk/vol1/fastq/SRR316/007/SRR3161777/SRR3161777_1.fastq.gz	cb70b7b84a0bc464745c65335f527be9	1130099161
PRJNA311594	SAMN04501047	SRX1570980	SRR3161777	RNA-seq	RNA-Seq	PAIRED	PAIRED	PAIRED	R2	2	SRR3161777_2.fastq.gz	ftp.sra.ebi.ac.uk/vol1/fastq/SRR316/007/SRR3161777/SRR3161777_2.fastq.gz	f729101970057dc72850feb7d15e6714	1145137015
PRJNA311594	SAMN04501065	SRX1570998	SRR3161795	RNA-seq	RNA-Seq	PAIRED	PAIRED	PAIRED	R1	1	SRR3161795_1.fastq.gz	ftp.sra.ebi.ac.uk/vol1/fastq/SRR316/005/SRR3161795/SRR3161795_1.fastq.gz	1af19b81b6df81542e09bbb8dbdf1635	1135453288
PRJNA311594	SAMN04501065	SRX1570998	SRR3161795	RNA-seq	RNA-Seq	PAIRED	PAIRED	PAIRED	R2	2	SRR3161795_2.fastq.gz	ftp.sra.ebi.ac.uk/vol1/fastq/SRR316/005/SRR3161795/SRR3161795_2.fastq.gz	6e09a2d99b1fe35c0ae5cf1b8017d544	1145555650
PRJNA1223323	SAMN46814176	SRX27664159	SRR32329205	RNA-seq	RNA-Seq	PAIRED	PAIRED	PAIRED	R1	1	SRR32329205_1.fastq.gz	ftp.sra.ebi.ac.uk/vol1/fastq/SRR323/005/SRR32329205/SRR32329205_1.fastq.gz	d7e9c4f882d25214e65b5f4bd86f3eb5	2951049245
PRJNA1223323	SAMN46814176	SRX27664159	SRR32329205	RNA-seq	RNA-Seq	PAIRED	PAIRED	PAIRED	R2	2	SRR32329205_2.fastq.gz	ftp.sra.ebi.ac.uk/vol1/fastq/SRR323/005/SRR32329205/SRR32329205_2.fastq.gz	27ba209268563ff9a81a7deb888c9282	2763895861
PRJNA378247	SAMN06481668	SRX2701776	SRR5409491	RNA-seq	RNA-Seq	PAIRED	PAIRED	PAIRED	R1	1	SRR5409491_1.fastq.gz	ftp.sra.ebi.ac.uk/vol1/fastq/SRR540/001/SRR5409491/SRR5409491_1.fastq.gz	f89b4b63aa7ddb35cd65a86ba2e1d5df	1678186916
PRJNA378247	SAMN06481668	SRX2701776	SRR5409491	RNA-seq	RNA-Seq	PAIRED	PAIRED	PAIRED	R2	2	SRR5409491_2.fastq.gz	ftp.sra.ebi.ac.uk/vol1/fastq/SRR540/001/SRR5409491/SRR5409491_2.fastq.gz	d528609aab1c4e6e30f7a70078ef4db2	1743768804
PRJNA393479	SAMN07334547	SRX2991083	SRR5812564	RNA-seq	RNA-Seq	PAIRED	PAIRED	PAIRED	R1	1	SRR5812564_1.fastq.gz	ftp.sra.ebi.ac.uk/vol1/fastq/SRR581/004/SRR5812564/SRR5812564_1.fastq.gz	ad097ace78aeff415498d3e0ff359f7d	6096695560
PRJNA393479	SAMN07334547	SRX2991083	SRR5812564	RNA-seq	RNA-Seq	PAIRED	PAIRED	PAIRED	R2	2	SRR5812564_2.fastq.gz	ftp.sra.ebi.ac.uk/vol1/fastq/SRR581/004/SRR5812564/SRR5812564_2.fastq.gz	4a218d2569a3139b52d53bcd5b8cca3b	6105571299
PRJNA393479	SAMN07334558	SRX2991086	SRR5812567	RNA-seq	RNA-Seq	PAIRED	PAIRED	PAIRED	R1	1	SRR5812567_1.fastq.gz	ftp.sra.ebi.ac.uk/vol1/fastq/SRR581/007/SRR5812567/SRR5812567_1.fastq.gz	26011be365551a9624262eead5919169	5292927143
PRJNA393479	SAMN07334558	SRX2991086	SRR5812567	RNA-seq	RNA-Seq	PAIRED	PAIRED	PAIRED	R2	2	SRR5812567_2.fastq.gz	ftp.sra.ebi.ac.uk/vol1/fastq/SRR581/007/SRR5812567/SRR5812567_2.fastq.gz	5860d5fece8ab25fcd7a1ea122cfd3c8	5279526366
PRJNA393479	SAMN07334555	SRX2991089	SRR5812570	RNA-seq	RNA-Seq	PAIRED	PAIRED	PAIRED	R1	1	SRR5812570_1.fastq.gz	ftp.sra.ebi.ac.uk/vol1/fastq/SRR581/000/SRR5812570/SRR5812570_1.fastq.gz	98e4f84ed835e06376c31ffc69078300	2253554614
PRJNA393479	SAMN07334555	SRX2991089	SRR5812570	RNA-seq	RNA-Seq	PAIRED	PAIRED	PAIRED	R2	2	SRR5812570_2.fastq.gz	ftp.sra.ebi.ac.uk/vol1/fastq/SRR581/000/SRR5812570/SRR5812570_2.fastq.gz	2934944385bbeb5e5374e613de2a2903	2350191841
PRJNA393479	SAMN07334553	SRX2991091	SRR5812574	RNA-seq	RNA-Seq	PAIRED	PAIRED	PAIRED	R1	1	SRR5812574_1.fastq.gz	ftp.sra.ebi.ac.uk/vol1/fastq/SRR581/004/SRR5812574/SRR5812574_1.fastq.gz	8260250c93b37438608009c330c03f62	2152226305
PRJNA393479	SAMN07334553	SRX2991091	SRR5812574	RNA-seq	RNA-Seq	PAIRED	PAIRED	PAIRED	R2	2	SRR5812574_2.fastq.gz	ftp.sra.ebi.ac.uk/vol1/fastq/SRR581/004/SRR5812574/SRR5812574_2.fastq.gz	1e8a77f50070b0d018cf41ba64aa7e0a	2230623860
PRJNA393479	SAMN07334552	SRX2991092	SRR5812577	RNA-seq	RNA-Seq	PAIRED	PAIRED	PAIRED	R1	1	SRR5812577_1.fastq.gz	ftp.sra.ebi.ac.uk/vol1/fastq/SRR581/007/SRR5812577/SRR5812577_1.fastq.gz	2ec3b30052f06c180cd576eb69e4204d	2325392562
PRJNA393479	SAMN07334552	SRX2991092	SRR5812577	RNA-seq	RNA-Seq	PAIRED	PAIRED	PAIRED	R2	2	SRR5812577_2.fastq.gz	ftp.sra.ebi.ac.uk/vol1/fastq/SRR581/007/SRR5812577/SRR5812577_2.fastq.gz	d1eb8e20ca587952d9089577d08cb2b7	2428292457
PRJNA393479	SAMN07334550	SRX2991094	SRR5812580	RNA-seq	RNA-Seq	PAIRED	PAIRED	PAIRED	R1	1	SRR5812580_1.fastq.gz	ftp.sra.ebi.ac.uk/vol1/fastq/SRR581/000/SRR5812580/SRR5812580_1.fastq.gz	8c8fc87c80e816ffe7389a5ef0aee2f8	2196502640
PRJNA393479	SAMN07334550	SRX2991094	SRR5812580	RNA-seq	RNA-Seq	PAIRED	PAIRED	PAIRED	R2	2	SRR5812580_2.fastq.gz	ftp.sra.ebi.ac.uk/vol1/fastq/SRR581/000/SRR5812580/SRR5812580_2.fastq.gz	ae7b4dbff0cb110d401aa97140d7ff40	2264914366
PRJDB5737	SAMD00079370	DRX085008	DRR091436	RNA-seq	RNA-Seq	SINGLE	SINGLE	SINGLE	SINGLE	1	DRR091436.fastq.gz	ftp.sra.ebi.ac.uk/vol1/fastq/DRR091/DRR091436/DRR091436.fastq.gz	20f2877f75307819f79eae5ca8242266	437749852
PRJDB5737	SAMD00079370	DRX085008	DRR091438	RNA-seq	RNA-Seq	SINGLE	SINGLE	SINGLE	SINGLE	1	DRR091438.fastq.gz	ftp.sra.ebi.ac.uk/vol1/fastq/DRR091/DRR091438/DRR091438.fastq.gz	07d3931498830d200f50aa24ced32216	469423229
PRJDB5737	SAMD00079371	DRX085009	DRR091439	RNA-seq	RNA-Seq	SINGLE	SINGLE	SINGLE	SINGLE	1	DRR091439.fastq.gz	ftp.sra.ebi.ac.uk/vol1/fastq/DRR091/DRR091439/DRR091439.fastq.gz	648d6d5f9f025244ad9a52c3bdaf6f82	970181395
PRJDB5831	SAMD00082622	DRX087370	DRR093874	RNA-seq	RNA-Seq	PAIRED	PAIRED	PAIRED	R1	1	DRR093874_1.fastq.gz	ftp.sra.ebi.ac.uk/vol1/fastq/DRR093/DRR093874/DRR093874_1.fastq.gz	55d3287e916e222a74b9960819d5b941	3744732273
PRJDB5831	SAMD00082622	DRX087370	DRR093874	RNA-seq	RNA-Seq	PAIRED	PAIRED	PAIRED	R2	2	DRR093874_2.fastq.gz	ftp.sra.ebi.ac.uk/vol1/fastq/DRR093/DRR093874/DRR093874_2.fastq.gz	975957a7fb7ed7d011260660b6dbf0fa	3729516347
PRJDB6126	SAMD00089410	DRX092935	DRR099457	RNA-seq	RNA-Seq	SINGLE	SINGLE	SINGLE	SINGLE	1	DRR099457.fastq.gz	ftp.sra.ebi.ac.uk/vol1/fastq/DRR099/DRR099457/DRR099457.fastq.gz	1f76a841a9bec376b87de5942bd053b1	256993975
PRJDB6126	SAMD00089419	DRX092944	DRR099466	RNA-seq	RNA-Seq	SINGLE	SINGLE	SINGLE	SINGLE	1	DRR099466.fastq.gz	ftp.sra.ebi.ac.uk/vol1/fastq/DRR099/DRR099466/DRR099466.fastq.gz	ea62592ab5b823542f2b5bed60dbdd22	298932060
PRJDB6126	SAMD00089420	DRX092945	DRR099467	RNA-seq	RNA-Seq	SINGLE	SINGLE	SINGLE	SINGLE	1	DRR099467.fastq.gz	ftp.sra.ebi.ac.uk/vol1/fastq/DRR099/DRR099467/DRR099467.fastq.gz	3a225b56179fd7170464a5801142cb96	299231223
PRJDB6126	SAMD00089425	DRX092950	DRR099472	RNA-seq	RNA-Seq	SINGLE	SINGLE	SINGLE	SINGLE	1	DRR099472.fastq.gz	ftp.sra.ebi.ac.uk/vol1/fastq/DRR099/DRR099472/DRR099472.fastq.gz	9007f1e5e10e8a2963d2815ec9757f1e	261897197
PRJDB6126	SAMD00089432	DRX092957	DRR099479	RNA-seq	RNA-Seq	SINGLE	SINGLE	SINGLE	SINGLE	1	DRR099479.fastq.gz	ftp.sra.ebi.ac.uk/vol1/fastq/DRR099/DRR099479/DRR099479.fastq.gz	c64ae531e8da9f66fddee011aa249f1f	299921194
PRJDB6126	SAMD00089440	DRX092965	DRR099487	RNA-seq	RNA-Seq	SINGLE	SINGLE	SINGLE	SINGLE	1	DRR099487.fastq.gz	ftp.sra.ebi.ac.uk/vol1/fastq/DRR099/DRR099487/DRR099487.fastq.gz	5edb30883078bb2aec1fd2d1b01018a0	284708873
PRJDB6126	SAMD00089441	DRX092966	DRR099488	RNA-seq	RNA-Seq	SINGLE	SINGLE	SINGLE	SINGLE	1	DRR099488.fastq.gz	ftp.sra.ebi.ac.uk/vol1/fastq/DRR099/DRR099488/DRR099488.fastq.gz	a58f9b819e6f38f05a79004de67c4dfb	295021203
PRJDB6126	SAMD00089443	DRX092968	DRR099490	RNA-seq	RNA-Seq	SINGLE	SINGLE	SINGLE	SINGLE	1	DRR099490.fastq.gz	ftp.sra.ebi.ac.uk/vol1/fastq/DRR099/DRR099490/DRR099490.fastq.gz	2feb6d63afddba89c7ba871669dfa577	298051410
PRJDB6126	SAMD00089449	DRX092974	DRR099496	RNA-seq	RNA-Seq	SINGLE	SINGLE	SINGLE	SINGLE	1	DRR099496.fastq.gz	ftp.sra.ebi.ac.uk/vol1/fastq/DRR099/DRR099496/DRR099496.fastq.gz	fb048f39a5c449444dc0a5eca3f77954	240327618
PRJDB6126	SAMD00089450	DRX092975	DRR099497	RNA-seq	RNA-Seq	SINGLE	SINGLE	SINGLE	SINGLE	1	DRR099497.fastq.gz	ftp.sra.ebi.ac.uk/vol1/fastq/DRR099/DRR099497/DRR099497.fastq.gz	c812b3d3c591f9cb91c56b4c235f9d3a	250855276
PRJDB6793	SAMD00113901	DRX119135	DRR126391	RNA-seq	RNA-Seq	SINGLE	SINGLE	SINGLE	SINGLE	1	DRR126391.fastq.gz	ftp.sra.ebi.ac.uk/vol1/fastq/DRR126/DRR126391/DRR126391.fastq.gz	cc470827e132f15d565bd8861d081597	297581506
PRJDB6793	SAMD00113902	DRX119136	DRR126392	RNA-seq	RNA-Seq	SINGLE	SINGLE	SINGLE	SINGLE	1	DRR126392.fastq.gz	ftp.sra.ebi.ac.uk/vol1/fastq/DRR126/DRR126392/DRR126392.fastq.gz	e6bd497751d412a121c201f129041879	290340178
PRJDB6793	SAMD00113905	DRX119139	DRR126395	RNA-seq	RNA-Seq	SINGLE	SINGLE	SINGLE	SINGLE	1	DRR126395.fastq.gz	ftp.sra.ebi.ac.uk/vol1/fastq/DRR126/DRR126395/DRR126395.fastq.gz	6ac7899766830a3f63834f3c5d98722b	282360621
PRJDB6793	SAMD00113907	DRX119141	DRR126397	RNA-seq	RNA-Seq	SINGLE	SINGLE	SINGLE	SINGLE	1	DRR126397.fastq.gz	ftp.sra.ebi.ac.uk/vol1/fastq/DRR126/DRR126397/DRR126397.fastq.gz	ebec090b11593de0ed17a12dc08ba63a	417873449
PRJDB6793	SAMD00113911	DRX119145	DRR126401	RNA-seq	RNA-Seq	SINGLE	SINGLE	SINGLE	SINGLE	1	DRR126401.fastq.gz	ftp.sra.ebi.ac.uk/vol1/fastq/DRR126/DRR126401/DRR126401.fastq.gz	fa9159b6dcb5a83c05854b9203af2945	370827031
PRJDB6793	SAMD00113924	DRX119158	DRR126414	RNA-seq	RNA-Seq	SINGLE	SINGLE	SINGLE	SINGLE	1	DRR126414.fastq.gz	ftp.sra.ebi.ac.uk/vol1/fastq/DRR126/DRR126414/DRR126414.fastq.gz	c24c1e7103c4740c5bd2492e61325812	418264425
PRJDB7945	SAMD00159353	DRX159884	DRR169270	RNA-seq	RNA-Seq	SINGLE	SINGLE	SINGLE	SINGLE	1	DRR169270.fastq.gz	ftp.sra.ebi.ac.uk/vol1/fastq/DRR169/DRR169270/DRR169270.fastq.gz	82f1cc0dde818f1c0b9956bb756d43e3	399432894
PRJDB7945	SAMD00159357	DRX159888	DRR169274	RNA-seq	RNA-Seq	SINGLE	SINGLE	SINGLE	SINGLE	1	DRR169274.fastq.gz	ftp.sra.ebi.ac.uk/vol1/fastq/DRR169/DRR169274/DRR169274.fastq.gz	9b9c8ac6984de1963196232a825573dd	605876796
PRJDB7945	SAMD00159359	DRX159890	DRR169276	RNA-seq	RNA-Seq	SINGLE	SINGLE	SINGLE	SINGLE	1	DRR169276.fastq.gz	ftp.sra.ebi.ac.uk/vol1/fastq/DRR169/DRR169276/DRR169276.fastq.gz	1f386e2538cfe110ea3c18765d4b2a6f	530639242
PRJDB7945	SAMD00159360	DRX159891	DRR169277	RNA-seq	RNA-Seq	SINGLE	SINGLE	SINGLE	SINGLE	1	DRR169277.fastq.gz	ftp.sra.ebi.ac.uk/vol1/fastq/DRR169/DRR169277/DRR169277.fastq.gz	503cf33e5b5c783637e6abf249644349	386468366
PRJDB7945	SAMD00159365	DRX159896	DRR169282	RNA-seq	RNA-Seq	SINGLE	SINGLE	SINGLE	SINGLE	1	DRR169282.fastq.gz	ftp.sra.ebi.ac.uk/vol1/fastq/DRR169/DRR169282/DRR169282.fastq.gz	9106ccf483eff66df403055b4abb7a43	609688037
PRJDB7945	SAMD00159366	DRX159897	DRR169283	RNA-seq	RNA-Seq	SINGLE	SINGLE	SINGLE	SINGLE	1	DRR169283.fastq.gz	ftp.sra.ebi.ac.uk/vol1/fastq/DRR169/DRR169283/DRR169283.fastq.gz	7a54e52c7f0ba55b1053483e3a86f21e	385102938
PRJDB7945	SAMD00159370	DRX159901	DRR169287	RNA-seq	RNA-Seq	SINGLE	SINGLE	SINGLE	SINGLE	1	DRR169287.fastq.gz	ftp.sra.ebi.ac.uk/vol1/fastq/DRR169/DRR169287/DRR169287.fastq.gz	7862fa01cde29972b00629fb53f363b8	473216633
PRJDB7945	SAMD00159371	DRX159902	DRR169288	RNA-seq	RNA-Seq	SINGLE	SINGLE	SINGLE	SINGLE	1	DRR169288.fastq.gz	ftp.sra.ebi.ac.uk/vol1/fastq/DRR169/DRR169288/DRR169288.fastq.gz	fa267deae3603308c1e45856474eb3ed	498147839
PRJDB7945	SAMD00159373	DRX159904	DRR169290	RNA-seq	RNA-Seq	SINGLE	SINGLE	SINGLE	SINGLE	1	DRR169290.fastq.gz	ftp.sra.ebi.ac.uk/vol1/fastq/DRR169/DRR169290/DRR169290.fastq.gz	de302d0c737beaf6dba4b3dbe33fa6a7	561648180
PRJDB7945	SAMD00159374	DRX159905	DRR169291	RNA-seq	RNA-Seq	SINGLE	SINGLE	SINGLE	SINGLE	1	DRR169291.fastq.gz	ftp.sra.ebi.ac.uk/vol1/fastq/DRR169/DRR169291/DRR169291.fastq.gz	8fda78f27c569cd799db342e17edb45b	315911773
PRJDB7945	SAMD00159377	DRX159908	DRR169294	RNA-seq	RNA-Seq	SINGLE	SINGLE	SINGLE	SINGLE	1	DRR169294.fastq.gz	ftp.sra.ebi.ac.uk/vol1/fastq/DRR169/DRR169294/DRR169294.fastq.gz	20e721ebaa985d97baf9c16ba683ed5d	448420233
PRJDB7945	SAMD00159384	DRX159915	DRR169301	RNA-seq	RNA-Seq	SINGLE	SINGLE	SINGLE	SINGLE	1	DRR169301.fastq.gz	ftp.sra.ebi.ac.uk/vol1/fastq/DRR169/DRR169301/DRR169301.fastq.gz	40b4d6de0bc5d710fab375e31ab12ab9	715126673
PRJDB17021	SAMD00731273	DRX508487	DRR524605	RNA-seq	RNA-Seq	PAIRED	PAIRED	PAIRED	R1	1	DRR524605_1.fastq.gz	ftp.sra.ebi.ac.uk/vol1/fastq/DRR524/DRR524605/DRR524605_1.fastq.gz	411ccec2f7e73ac7f853672e7d1c36c9	1559322148
PRJDB17021	SAMD00731273	DRX508487	DRR524605	RNA-seq	RNA-Seq	PAIRED	PAIRED	PAIRED	R2	2	DRR524605_2.fastq.gz	ftp.sra.ebi.ac.uk/vol1/fastq/DRR524/DRR524605/DRR524605_2.fastq.gz	e868ca57d27f98fb552ad4de931d2b1f	1560649351
PRJDB17021	SAMD00731277	DRX508491	DRR524609	RNA-seq	RNA-Seq	PAIRED	PAIRED	PAIRED	R1	1	DRR524609_1.fastq.gz	ftp.sra.ebi.ac.uk/vol1/fastq/DRR524/DRR524609/DRR524609_1.fastq.gz	435a9e482dac0a5c37456d248a899952	1251251615
PRJDB17021	SAMD00731277	DRX508491	DRR524609	RNA-seq	RNA-Seq	PAIRED	PAIRED	PAIRED	R2	2	DRR524609_2.fastq.gz	ftp.sra.ebi.ac.uk/vol1/fastq/DRR524/DRR524609/DRR524609_2.fastq.gz	8ef107fc8d735658b49b479c53a0c98b	1252641731
PRJDB17021	SAMD00731280	DRX508494	DRR524612	RNA-seq	RNA-Seq	PAIRED	PAIRED	PAIRED	R1	1	DRR524612_1.fastq.gz	ftp.sra.ebi.ac.uk/vol1/fastq/DRR524/DRR524612/DRR524612_1.fastq.gz	3929c04aa38dd8b416a53ce5b401b9d3	1673875660
PRJDB17021	SAMD00731280	DRX508494	DRR524612	RNA-seq	RNA-Seq	PAIRED	PAIRED	PAIRED	R2	2	DRR524612_2.fastq.gz	ftp.sra.ebi.ac.uk/vol1/fastq/DRR524/DRR524612/DRR524612_2.fastq.gz	f16ead03f1bfd5d91827f4210947f862	1674544346
PRJDB17021	SAMD00731297	DRX508511	DRR524629	RNA-seq	RNA-Seq	PAIRED	PAIRED	PAIRED	R1	1	DRR524629_1.fastq.gz	ftp.sra.ebi.ac.uk/vol1/fastq/DRR524/DRR524629/DRR524629_1.fastq.gz	93f9c020b2146560aca2f43b3cd539e4	1643252501
PRJDB17021	SAMD00731297	DRX508511	DRR524629	RNA-seq	RNA-Seq	PAIRED	PAIRED	PAIRED	R2	2	DRR524629_2.fastq.gz	ftp.sra.ebi.ac.uk/vol1/fastq/DRR524/DRR524629/DRR524629_2.fastq.gz	07d2c0aff21ffe9d7141d02400e7bab1	1644018090
PRJDB35724	SAMD01599744	DRX686797	DRR706773	RNA-seq	RNA-Seq	PAIRED	PAIRED	PAIRED	R1	1	DRR706773_1.fastq.gz	ftp.sra.ebi.ac.uk/vol1/fastq/DRR706/DRR706773/DRR706773_1.fastq.gz	29abd15485aa0600cb40b6e59050e198	951662475
PRJDB35724	SAMD01599744	DRX686797	DRR706773	RNA-seq	RNA-Seq	PAIRED	PAIRED	PAIRED	R2	2	DRR706773_2.fastq.gz	ftp.sra.ebi.ac.uk/vol1/fastq/DRR706/DRR706773/DRR706773_2.fastq.gz	1ef25ca84f4f492e705ac90d44416142	1004681680
PRJDB35724	SAMD01599749	DRX686802	DRR706778	RNA-seq	RNA-Seq	PAIRED	PAIRED	PAIRED	R1	1	DRR706778_1.fastq.gz	ftp.sra.ebi.ac.uk/vol1/fastq/DRR706/DRR706778/DRR706778_1.fastq.gz	eda1c0b6a2d18ce777c02695aac430a7	857068956
PRJDB35724	SAMD01599749	DRX686802	DRR706778	RNA-seq	RNA-Seq	PAIRED	PAIRED	PAIRED	R2	2	DRR706778_2.fastq.gz	ftp.sra.ebi.ac.uk/vol1/fastq/DRR706/DRR706778/DRR706778_2.fastq.gz	c7bebe8436f4af069664047cee95785f	903983713
PRJDB35724	SAMD01599757	DRX686810	DRR706786	RNA-seq	RNA-Seq	PAIRED	PAIRED	PAIRED_PLUS_UNPAIRED	UNPAIRED	1	DRR706786.fastq.gz	ftp.sra.ebi.ac.uk/vol1/fastq/DRR706/DRR706786/DRR706786.fastq.gz	ed5e30fa3cf19d12a8a1e68952f4f9a3	60047377
PRJDB35724	SAMD01599757	DRX686810	DRR706786	RNA-seq	RNA-Seq	PAIRED	PAIRED	PAIRED_PLUS_UNPAIRED	R1	2	DRR706786_1.fastq.gz	ftp.sra.ebi.ac.uk/vol1/fastq/DRR706/DRR706786/DRR706786_1.fastq.gz	5d8e757c6be6ae0d72414b8b9d578f7f	587178335
PRJDB35724	SAMD01599757	DRX686810	DRR706786	RNA-seq	RNA-Seq	PAIRED	PAIRED	PAIRED_PLUS_UNPAIRED	R2	3	DRR706786_2.fastq.gz	ftp.sra.ebi.ac.uk/vol1/fastq/DRR706/DRR706786/DRR706786_2.fastq.gz	16fc454a5f309e82ec5dc6a27dee450b	596809207
PRJDB35724	SAMD01599761	DRX686814	DRR706790	RNA-seq	RNA-Seq	PAIRED	PAIRED	PAIRED	R1	1	DRR706790_1.fastq.gz	ftp.sra.ebi.ac.uk/vol1/fastq/DRR706/DRR706790/DRR706790_1.fastq.gz	1c0ce8048d822a7aad675c8468a92b72	996268786
PRJDB35724	SAMD01599761	DRX686814	DRR706790	RNA-seq	RNA-Seq	PAIRED	PAIRED	PAIRED	R2	2	DRR706790_2.fastq.gz	ftp.sra.ebi.ac.uk/vol1/fastq/DRR706/DRR706790/DRR706790_2.fastq.gz	4b9d4a0908fc52edaa296f29ac348bac	1012299698
PRJEB55916	SAMEA111345351	ERX10195013	ERR10745713	RNA-seq	RNA-Seq	SINGLE	PAIRED	PAIRED	R1	1	ERR10745713_1.fastq.gz	ftp.sra.ebi.ac.uk/vol1/fastq/ERR107/013/ERR10745713/ERR10745713_1.fastq.gz	e17e44f61be3bc6b51353b2b544b7a45	728060805
PRJEB55916	SAMEA111345351	ERX10195013	ERR10745713	RNA-seq	RNA-Seq	SINGLE	PAIRED	PAIRED	R2	2	ERR10745713_2.fastq.gz	ftp.sra.ebi.ac.uk/vol1/fastq/ERR107/013/ERR10745713/ERR10745713_2.fastq.gz	86d9d643c71f26a7450110579ff8be21	741570364
PRJEB55916	SAMEA111345353	ERX10195015	ERR10745715	RNA-seq	RNA-Seq	SINGLE	PAIRED	PAIRED	R1	1	ERR10745715_1.fastq.gz	ftp.sra.ebi.ac.uk/vol1/fastq/ERR107/015/ERR10745715/ERR10745715_1.fastq.gz	4c37d06d75f3f96b6db279e295f05e76	722150013
PRJEB55916	SAMEA111345353	ERX10195015	ERR10745715	RNA-seq	RNA-Seq	SINGLE	PAIRED	PAIRED	R2	2	ERR10745715_2.fastq.gz	ftp.sra.ebi.ac.uk/vol1/fastq/ERR107/015/ERR10745715/ERR10745715_2.fastq.gz	3f5290e21515cc0d565f1a2976721d5f	739556056
PRJEB55916	SAMEA111345354	ERX10195016	ERR10745716	RNA-seq	RNA-Seq	SINGLE	PAIRED	PAIRED	R1	1	ERR10745716_1.fastq.gz	ftp.sra.ebi.ac.uk/vol1/fastq/ERR107/016/ERR10745716/ERR10745716_1.fastq.gz	0d4b46b894a6cafd1deb655078d69f7b	718173535
PRJEB55916	SAMEA111345354	ERX10195016	ERR10745716	RNA-seq	RNA-Seq	SINGLE	PAIRED	PAIRED	R2	2	ERR10745716_2.fastq.gz	ftp.sra.ebi.ac.uk/vol1/fastq/ERR107/016/ERR10745716/ERR10745716_2.fastq.gz	846590213e1d1a83dfb01669b6c22158	735760552
PRJEB55916	SAMEA111345357	ERX10195019	ERR10745719	RNA-seq	RNA-Seq	SINGLE	PAIRED	PAIRED	R1	1	ERR10745719_1.fastq.gz	ftp.sra.ebi.ac.uk/vol1/fastq/ERR107/019/ERR10745719/ERR10745719_1.fastq.gz	0ed5fdfde397ec150b1eb5f9928c2512	841808940
PRJEB55916	SAMEA111345357	ERX10195019	ERR10745719	RNA-seq	RNA-Seq	SINGLE	PAIRED	PAIRED	R2	2	ERR10745719_2.fastq.gz	ftp.sra.ebi.ac.uk/vol1/fastq/ERR107/019/ERR10745719/ERR10745719_2.fastq.gz	2e67600e9e94dbe6562570a6599f1a4a	856802123
PRJEB55916	SAMEA111345372	ERX10195034	ERR10745734	RNA-seq	RNA-Seq	SINGLE	PAIRED	PAIRED	R1	1	ERR10745734_1.fastq.gz	ftp.sra.ebi.ac.uk/vol1/fastq/ERR107/034/ERR10745734/ERR10745734_1.fastq.gz	82e2881f65bc03391426346df314959d	653032190
PRJEB55916	SAMEA111345372	ERX10195034	ERR10745734	RNA-seq	RNA-Seq	SINGLE	PAIRED	PAIRED	R2	2	ERR10745734_2.fastq.gz	ftp.sra.ebi.ac.uk/vol1/fastq/ERR107/034/ERR10745734/ERR10745734_2.fastq.gz	76e2952879500414ab20f2f6c9f8dea8	665657561
PRJEB55916	SAMEA111345375	ERX10195037	ERR10745737	RNA-seq	RNA-Seq	SINGLE	PAIRED	PAIRED	R1	1	ERR10745737_1.fastq.gz	ftp.sra.ebi.ac.uk/vol1/fastq/ERR107/037/ERR10745737/ERR10745737_1.fastq.gz	def7507c197e956aaf120cde32f8406c	652107195
PRJEB55916	SAMEA111345375	ERX10195037	ERR10745737	RNA-seq	RNA-Seq	SINGLE	PAIRED	PAIRED	R2	2	ERR10745737_2.fastq.gz	ftp.sra.ebi.ac.uk/vol1/fastq/ERR107/037/ERR10745737/ERR10745737_2.fastq.gz	e6cfb0506f29767c15b382682141ca61	661733128
PRJEB55916	SAMEA111345383	ERX10195045	ERR10745745	RNA-seq	RNA-Seq	SINGLE	PAIRED	PAIRED	R1	1	ERR10745745_1.fastq.gz	ftp.sra.ebi.ac.uk/vol1/fastq/ERR107/045/ERR10745745/ERR10745745_1.fastq.gz	652be34a4f36456da0a897f21d8eee12	779562462
PRJEB55916	SAMEA111345383	ERX10195045	ERR10745745	RNA-seq	RNA-Seq	SINGLE	PAIRED	PAIRED	R2	2	ERR10745745_2.fastq.gz	ftp.sra.ebi.ac.uk/vol1/fastq/ERR107/045/ERR10745745/ERR10745745_2.fastq.gz	a6cd292d25eda5c4d8e68d247d78e706	788622120
PRJEB55916	SAMEA111345385	ERX10195047	ERR10745747	RNA-seq	RNA-Seq	SINGLE	PAIRED	PAIRED	R1	1	ERR10745747_1.fastq.gz	ftp.sra.ebi.ac.uk/vol1/fastq/ERR107/047/ERR10745747/ERR10745747_1.fastq.gz	c4b7f333717475094e3607ea371dcf94	642609339
PRJEB55916	SAMEA111345385	ERX10195047	ERR10745747	RNA-seq	RNA-Seq	SINGLE	PAIRED	PAIRED	R2	2	ERR10745747_2.fastq.gz	ftp.sra.ebi.ac.uk/vol1/fastq/ERR107/047/ERR10745747/ERR10745747_2.fastq.gz	16afea42bde41b8b4e36e3d76996b691	650824634
PRJEB55916	SAMEA111345387	ERX10195049	ERR10745749	RNA-seq	RNA-Seq	SINGLE	PAIRED	PAIRED	R1	1	ERR10745749_1.fastq.gz	ftp.sra.ebi.ac.uk/vol1/fastq/ERR107/049/ERR10745749/ERR10745749_1.fastq.gz	653993339e4f045288342511d2d5cb47	642789273
PRJEB55916	SAMEA111345387	ERX10195049	ERR10745749	RNA-seq	RNA-Seq	SINGLE	PAIRED	PAIRED	R2	2	ERR10745749_2.fastq.gz	ftp.sra.ebi.ac.uk/vol1/fastq/ERR107/049/ERR10745749/ERR10745749_2.fastq.gz	e2c6b60758a14ace3ac18364fc1dd361	647321606
PRJEB55916	SAMEA111345389	ERX10195051	ERR10745751	RNA-seq	RNA-Seq	SINGLE	PAIRED	PAIRED	R1	1	ERR10745751_1.fastq.gz	ftp.sra.ebi.ac.uk/vol1/fastq/ERR107/051/ERR10745751/ERR10745751_1.fastq.gz	eb53537d46c90be788f6e22403f50548	672026239
PRJEB55916	SAMEA111345389	ERX10195051	ERR10745751	RNA-seq	RNA-Seq	SINGLE	PAIRED	PAIRED	R2	2	ERR10745751_2.fastq.gz	ftp.sra.ebi.ac.uk/vol1/fastq/ERR107/051/ERR10745751/ERR10745751_2.fastq.gz	2340d4db53d8d965f02378872478039f	683532767
PRJEB55916	SAMEA111345390	ERX10195052	ERR10745752	RNA-seq	RNA-Seq	SINGLE	PAIRED	PAIRED	R1	1	ERR10745752_1.fastq.gz	ftp.sra.ebi.ac.uk/vol1/fastq/ERR107/052/ERR10745752/ERR10745752_1.fastq.gz	ffb4189ba63b6f233f1d3e94f9dc20ed	661797427
PRJEB55916	SAMEA111345390	ERX10195052	ERR10745752	RNA-seq	RNA-Seq	SINGLE	PAIRED	PAIRED	R2	2	ERR10745752_2.fastq.gz	ftp.sra.ebi.ac.uk/vol1/fastq/ERR107/052/ERR10745752/ERR10745752_2.fastq.gz	0fe7423ca3842b51ba5231d08d2f4c59	673768440
PRJEB55916	SAMEA111345391	ERX10195053	ERR10745753	RNA-seq	RNA-Seq	SINGLE	PAIRED	PAIRED	R1	1	ERR10745753_1.fastq.gz	ftp.sra.ebi.ac.uk/vol1/fastq/ERR107/053/ERR10745753/ERR10745753_1.fastq.gz	19a8fed4b69bdd576a50d7b707961cc1	661223722
PRJEB55916	SAMEA111345391	ERX10195053	ERR10745753	RNA-seq	RNA-Seq	SINGLE	PAIRED	PAIRED	R2	2	ERR10745753_2.fastq.gz	ftp.sra.ebi.ac.uk/vol1/fastq/ERR107/053/ERR10745753/ERR10745753_2.fastq.gz	349324ce46cf7849526940a8d1d3beea	670227098
PRJEB89701	SAMEA118334020	ERX14404620	ERR15000455	RNA-seq	RNA-Seq	PAIRED	PAIRED	PAIRED	R1	1	ERR15000455_1.fastq.gz	ftp.sra.ebi.ac.uk/vol1/fastq/ERR150/055/ERR15000455/ERR15000455_1.fastq.gz	d9dc5ba333c1143d604ae05e4df09df0	1092418464
PRJEB89701	SAMEA118334020	ERX14404620	ERR15000455	RNA-seq	RNA-Seq	PAIRED	PAIRED	PAIRED	R2	2	ERR15000455_2.fastq.gz	ftp.sra.ebi.ac.uk/vol1/fastq/ERR150/055/ERR15000455/ERR15000455_2.fastq.gz	16d582a92e92cc8c27f6c69f170ac77e	1136684086
PRJEB89701	SAMEA118334062	ERX14404662	ERR15000497	RNA-seq	RNA-Seq	PAIRED	PAIRED	PAIRED	R1	1	ERR15000497_1.fastq.gz	ftp.sra.ebi.ac.uk/vol1/fastq/ERR150/097/ERR15000497/ERR15000497_1.fastq.gz	0895a903d7b05407e5158930e6da6315	938185951
PRJEB89701	SAMEA118334062	ERX14404662	ERR15000497	RNA-seq	RNA-Seq	PAIRED	PAIRED	PAIRED	R2	2	ERR15000497_2.fastq.gz	ftp.sra.ebi.ac.uk/vol1/fastq/ERR150/097/ERR15000497/ERR15000497_2.fastq.gz	0f14ad5f9f8cdda693b1f71e07a392ae	1008230437
PRJEB108721	SAMEA121759863	ERX16120883	ERR16729274	RNA-seq	RNA-Seq	SINGLE	PAIRED	PAIRED	R1	1	ERR16729274_1.fastq.gz	ftp.sra.ebi.ac.uk/vol1/fastq/ERR167/074/ERR16729274/ERR16729274_1.fastq.gz	ce1cb898bef4f8369abef8fda800f9cc	772444810
PRJEB108721	SAMEA121759863	ERX16120883	ERR16729274	RNA-seq	RNA-Seq	SINGLE	PAIRED	PAIRED	R2	2	ERR16729274_2.fastq.gz	ftp.sra.ebi.ac.uk/vol1/fastq/ERR167/074/ERR16729274/ERR16729274_2.fastq.gz	9e636493cf4b4045fdf3e0e89294cb3a	820461175
PRJEB108721	SAMEA121759865	ERX16120885	ERR16729276	RNA-seq	RNA-Seq	SINGLE	PAIRED	PAIRED	R1	1	ERR16729276_1.fastq.gz	ftp.sra.ebi.ac.uk/vol1/fastq/ERR167/076/ERR16729276/ERR16729276_1.fastq.gz	b9c2752d12ae36688922c5d3519cbc10	779519196
PRJEB108721	SAMEA121759865	ERX16120885	ERR16729276	RNA-seq	RNA-Seq	SINGLE	PAIRED	PAIRED	R2	2	ERR16729276_2.fastq.gz	ftp.sra.ebi.ac.uk/vol1/fastq/ERR167/076/ERR16729276/ERR16729276_2.fastq.gz	798a2779577bf85a6483e5e5147e58b6	821265297
PRJEB108721	SAMEA121759867	ERX16120887	ERR16729278	RNA-seq	RNA-Seq	SINGLE	PAIRED	PAIRED	R1	1	ERR16729278_1.fastq.gz	ftp.sra.ebi.ac.uk/vol1/fastq/ERR167/078/ERR16729278/ERR16729278_1.fastq.gz	80c45fce29de96f4c4be0cf5809b3529	900981693
PRJEB108721	SAMEA121759867	ERX16120887	ERR16729278	RNA-seq	RNA-Seq	SINGLE	PAIRED	PAIRED	R2	2	ERR16729278_2.fastq.gz	ftp.sra.ebi.ac.uk/vol1/fastq/ERR167/078/ERR16729278/ERR16729278_2.fastq.gz	305651fb93f37dcbc077bf4c8aba7581	953346264
PRJEB108721	SAMEA121759872	ERX16120892	ERR16729283	RNA-seq	RNA-Seq	SINGLE	PAIRED	PAIRED	R1	1	ERR16729283_1.fastq.gz	ftp.sra.ebi.ac.uk/vol1/fastq/ERR167/083/ERR16729283/ERR16729283_1.fastq.gz	9190042e486d03f65ece2f9ab49a84db	817356773
PRJEB108721	SAMEA121759872	ERX16120892	ERR16729283	RNA-seq	RNA-Seq	SINGLE	PAIRED	PAIRED	R2	2	ERR16729283_2.fastq.gz	ftp.sra.ebi.ac.uk/vol1/fastq/ERR167/083/ERR16729283/ERR16729283_2.fastq.gz	1fc4a61365cdf0ffeaf3999dfbbaa762	843624284
PRJEB108721	SAMEA121759873	ERX16120893	ERR16729284	RNA-seq	RNA-Seq	SINGLE	PAIRED	PAIRED	R1	1	ERR16729284_1.fastq.gz	ftp.sra.ebi.ac.uk/vol1/fastq/ERR167/084/ERR16729284/ERR16729284_1.fastq.gz	7b2b87eafe3eca8495a7f8eb8e0ac093	852951713
PRJEB108721	SAMEA121759873	ERX16120893	ERR16729284	RNA-seq	RNA-Seq	SINGLE	PAIRED	PAIRED	R2	2	ERR16729284_2.fastq.gz	ftp.sra.ebi.ac.uk/vol1/fastq/ERR167/084/ERR16729284/ERR16729284_2.fastq.gz	0107edea5a219487cea1efa72be8b521	877706623
PRJEB108721	SAMEA121759874	ERX16120894	ERR16729285	RNA-seq	RNA-Seq	SINGLE	PAIRED	PAIRED	R1	1	ERR16729285_1.fastq.gz	ftp.sra.ebi.ac.uk/vol1/fastq/ERR167/085/ERR16729285/ERR16729285_1.fastq.gz	846084e3fc8436a1d55d1a52ee139dbe	784173999
PRJEB108721	SAMEA121759874	ERX16120894	ERR16729285	RNA-seq	RNA-Seq	SINGLE	PAIRED	PAIRED	R2	2	ERR16729285_2.fastq.gz	ftp.sra.ebi.ac.uk/vol1/fastq/ERR167/085/ERR16729285/ERR16729285_2.fastq.gz	595adf7f42a0866e56d908673a92f013	801361293
PRJEB108721	SAMEA121759876	ERX16120896	ERR16729287	RNA-seq	RNA-Seq	SINGLE	PAIRED	PAIRED	R1	1	ERR16729287_1.fastq.gz	ftp.sra.ebi.ac.uk/vol1/fastq/ERR167/087/ERR16729287/ERR16729287_1.fastq.gz	ed5ce51a147fd7942cf27a9a9666c3ce	724970186
PRJEB108721	SAMEA121759876	ERX16120896	ERR16729287	RNA-seq	RNA-Seq	SINGLE	PAIRED	PAIRED	R2	2	ERR16729287_2.fastq.gz	ftp.sra.ebi.ac.uk/vol1/fastq/ERR167/087/ERR16729287/ERR16729287_2.fastq.gz	eefc740396bdd5c06236babe90dc4f65	747515526
PRJEB108721	SAMEA121759878	ERX16120898	ERR16729289	RNA-seq	RNA-Seq	SINGLE	PAIRED	PAIRED	R1	1	ERR16729289_1.fastq.gz	ftp.sra.ebi.ac.uk/vol1/fastq/ERR167/089/ERR16729289/ERR16729289_1.fastq.gz	2b15528a37f828785af98cbcba0bbe9c	930172647
PRJEB108721	SAMEA121759878	ERX16120898	ERR16729289	RNA-seq	RNA-Seq	SINGLE	PAIRED	PAIRED	R2	2	ERR16729289_2.fastq.gz	ftp.sra.ebi.ac.uk/vol1/fastq/ERR167/089/ERR16729289/ERR16729289_2.fastq.gz	090a93cd35acaa177ac0de1bd04b1cbe	986634784
PRJEB108721	SAMEA121759880	ERX16120900	ERR16729291	RNA-seq	RNA-Seq	SINGLE	PAIRED	PAIRED	R1	1	ERR16729291_1.fastq.gz	ftp.sra.ebi.ac.uk/vol1/fastq/ERR167/091/ERR16729291/ERR16729291_1.fastq.gz	c401a9e6d953e80c1c3be6fce629edf6	789429594
PRJEB108721	SAMEA121759880	ERX16120900	ERR16729291	RNA-seq	RNA-Seq	SINGLE	PAIRED	PAIRED	R2	2	ERR16729291_2.fastq.gz	ftp.sra.ebi.ac.uk/vol1/fastq/ERR167/091/ERR16729291/ERR16729291_2.fastq.gz	b93f7c503f02cb86e69fcffbff9c5e61	828808100
PRJEB9291	SAMEA4681449	ERX2609477	ERR2593201	RNA-seq	RNA-Seq	PAIRED	PAIRED	PAIRED	R1	1	ERR2593201_1.fastq.gz	ftp.sra.ebi.ac.uk/vol1/fastq/ERR259/001/ERR2593201/ERR2593201_1.fastq.gz	5b287cba2da03de276916d9a40635aec	2591637312
PRJEB9291	SAMEA4681449	ERX2609477	ERR2593201	RNA-seq	RNA-Seq	PAIRED	PAIRED	PAIRED	R2	2	ERR2593201_2.fastq.gz	ftp.sra.ebi.ac.uk/vol1/fastq/ERR259/001/ERR2593201/ERR2593201_2.fastq.gz	fdd6a1b3bdb27f21cc9f7fb38953626d	2641399451
PRJEB9291	SAMEA4681450	ERX2609478	ERR2593202	RNA-seq	RNA-Seq	PAIRED	PAIRED	PAIRED	R1	1	ERR2593202_1.fastq.gz	ftp.sra.ebi.ac.uk/vol1/fastq/ERR259/002/ERR2593202/ERR2593202_1.fastq.gz	5bbdc5d340c6dbea0f5b1eaeae1a0e0f	2638091476
PRJEB9291	SAMEA4681450	ERX2609478	ERR2593202	RNA-seq	RNA-Seq	PAIRED	PAIRED	PAIRED	R2	2	ERR2593202_2.fastq.gz	ftp.sra.ebi.ac.uk/vol1/fastq/ERR259/002/ERR2593202/ERR2593202_2.fastq.gz	4b650944c174f4039c2dd9c189e9b4ae	2631712687
PRJEB9291	SAMEA4681866	ERX2609901	ERR2593626	ChIP-seq	ChIP-Seq	SINGLE	SINGLE	SINGLE	SINGLE	1	ERR2593626.fastq.gz	ftp.sra.ebi.ac.uk/vol1/fastq/ERR259/006/ERR2593626/ERR2593626.fastq.gz	1cc2115f395de45ab9e1a549dfbb582f	1566413011
PRJEB9291	SAMEA4681869	ERX2609904	ERR2593629	ChIP-seq	ChIP-Seq	SINGLE	SINGLE	SINGLE	SINGLE	1	ERR2593629.fastq.gz	ftp.sra.ebi.ac.uk/vol1/fastq/ERR259/009/ERR2593629/ERR2593629.fastq.gz	4fe810fbfe4a9791022bd461612a67b0	1465092112
PRJEB9291	SAMEA4681871	ERX2609906	ERR2593631	ChIP-seq	ChIP-Seq	SINGLE	SINGLE	SINGLE	SINGLE	1	ERR2593631.fastq.gz	ftp.sra.ebi.ac.uk/vol1/fastq/ERR259/001/ERR2593631/ERR2593631.fastq.gz	42e7550b0c10d118e36a922d92fbdd07	1526041939
PRJEB9291	SAMEA4681873	ERX2609908	ERR2593633	ChIP-seq	ChIP-Seq	SINGLE	SINGLE	SINGLE	SINGLE	1	ERR2593633.fastq.gz	ftp.sra.ebi.ac.uk/vol1/fastq/ERR259/003/ERR2593633/ERR2593633.fastq.gz	cc7ad130005ff8a71ab893e7cb2287c5	3014531451
PRJEB9291	SAMEA4681878	ERX2609913	ERR2593638	ChIP-seq	ChIP-Seq	SINGLE	SINGLE	SINGLE	SINGLE	1	ERR2593638.fastq.gz	ftp.sra.ebi.ac.uk/vol1/fastq/ERR259/008/ERR2593638/ERR2593638.fastq.gz	5b3f18f2f5c1fc6f9bdc22641561d3b4	1657977469
PRJEB9291	SAMEA4681937	ERX2609915	ERR2593640	ChIP-seq	ChIP-Seq	SINGLE	SINGLE	SINGLE	SINGLE	1	ERR2593640.fastq.gz	ftp.sra.ebi.ac.uk/vol1/fastq/ERR259/000/ERR2593640/ERR2593640.fastq.gz	2103cb7de4ba0b0ec91488906326c752	2225463328
PRJEB9291	SAMEA4681926	ERX2609932	ERR2593657	ChIP-seq	ChIP-Seq	SINGLE	SINGLE	SINGLE	SINGLE	1	ERR2593657.fastq.gz	ftp.sra.ebi.ac.uk/vol1/fastq/ERR259/007/ERR2593657/ERR2593657.fastq.gz	297d5e8d23af860eecc6197b61617fc4	1526449859
PRJEB9291	SAMEA4681934	ERX2609940	ERR2593665	ChIP-seq	ChIP-Seq	SINGLE	SINGLE	SINGLE	SINGLE	1	ERR2593665.fastq.gz	ftp.sra.ebi.ac.uk/vol1/fastq/ERR259/005/ERR2593665/ERR2593665.fastq.gz	587d67f8310f7ab6ae62392a24fbd582	1398059987
PRJEB9291	SAMEA4681911	ERX2609946	ERR2593671	ChIP-seq	ChIP-Seq	SINGLE	SINGLE	SINGLE	SINGLE	1	ERR2593671.fastq.gz	ftp.sra.ebi.ac.uk/vol1/fastq/ERR259/001/ERR2593671/ERR2593671.fastq.gz	6e4ceaedeaa654881ddf649654bf63b7	1591578796
PRJEB9291	SAMEA4681916	ERX2609951	ERR2593676	ChIP-seq	ChIP-Seq	SINGLE	SINGLE	SINGLE	SINGLE	1	ERR2593676.fastq.gz	ftp.sra.ebi.ac.uk/vol1/fastq/ERR259/006/ERR2593676/ERR2593676.fastq.gz	8b8c600c14a0271451e3adb3672fea0c	1220070436
PRJEB9291	SAMEA4681921	ERX2609955	ERR2593680	ChIP-seq	ChIP-Seq	SINGLE	SINGLE	SINGLE	SINGLE	1	ERR2593680.fastq.gz	ftp.sra.ebi.ac.uk/vol1/fastq/ERR259/000/ERR2593680/ERR2593680.fastq.gz	ff9d27416fbe0848e571ef281da9587c	1343968983
PRJEB9291	SAMEA4681879	ERX2609956	ERR2593681	ChIP-seq	ChIP-Seq	SINGLE	SINGLE	SINGLE	SINGLE	1	ERR2593681.fastq.gz	ftp.sra.ebi.ac.uk/vol1/fastq/ERR259/001/ERR2593681/ERR2593681.fastq.gz	85b8d9220924f45413053f71c39ae51c	2459796811
PRJEB9291	SAMEA4681882	ERX2609959	ERR2593684	ChIP-seq	ChIP-Seq	SINGLE	SINGLE	SINGLE	SINGLE	1	ERR2593684.fastq.gz	ftp.sra.ebi.ac.uk/vol1/fastq/ERR259/004/ERR2593684/ERR2593684.fastq.gz	0a8ae7ca684a426c3aed9488b51af103	1414892324
PRJEB9291	SAMEA4681894	ERX2609971	ERR2593696	ChIP-seq	ChIP-Seq	SINGLE	SINGLE	SINGLE	SINGLE	1	ERR2593696.fastq.gz	ftp.sra.ebi.ac.uk/vol1/fastq/ERR259/006/ERR2593696/ERR2593696.fastq.gz	f330ffc1db1346e2fdf67bf04bda2603	1451023516
PRJEB9291	SAMEA4681896	ERX2609973	ERR2593698	ChIP-seq	ChIP-Seq	SINGLE	SINGLE	SINGLE	SINGLE	1	ERR2593698.fastq.gz	ftp.sra.ebi.ac.uk/vol1/fastq/ERR259/008/ERR2593698/ERR2593698.fastq.gz	9aae3030fa3a075059fd4ed833b8040a	1209570721
PRJEB9291	SAMEA4681899	ERX2609976	ERR2593701	ChIP-seq	ChIP-Seq	SINGLE	SINGLE	SINGLE	SINGLE	1	ERR2593701.fastq.gz	ftp.sra.ebi.ac.uk/vol1/fastq/ERR259/001/ERR2593701/ERR2593701.fastq.gz	06bf7d7174e94726750146efe42c03e0	3245144045
PRJEB9291	SAMEA4681901	ERX2609978	ERR2593703	ChIP-seq	ChIP-Seq	SINGLE	SINGLE	SINGLE	SINGLE	1	ERR2593703.fastq.gz	ftp.sra.ebi.ac.uk/vol1/fastq/ERR259/003/ERR2593703/ERR2593703.fastq.gz	1e9e8d120684d7669809d7409fe93628	921600272
PRJEB9291	SAMEA4681905	ERX2609982	ERR2593707	ChIP-seq	ChIP-Seq	SINGLE	SINGLE	SINGLE	SINGLE	1	ERR2593707.fastq.gz	ftp.sra.ebi.ac.uk/vol1/fastq/ERR259/007/ERR2593707/ERR2593707.fastq.gz	f6ee982c0067b24a954696b4ff19fe93	1528032224
PRJEB30364	SAMEA5176887	ERX3004242	ERR3001878	RNA-seq	RNA-Seq	PAIRED	PAIRED	PAIRED	R1	1	ERR3001878_1.fastq.gz	ftp.sra.ebi.ac.uk/vol1/fastq/ERR300/008/ERR3001878/ERR3001878_1.fastq.gz	3ef3f80312b42b8433bb015a57c8b980	1733614520
PRJEB30364	SAMEA5176887	ERX3004242	ERR3001878	RNA-seq	RNA-Seq	PAIRED	PAIRED	PAIRED	R2	2	ERR3001878_2.fastq.gz	ftp.sra.ebi.ac.uk/vol1/fastq/ERR300/008/ERR3001878/ERR3001878_2.fastq.gz	aa8a20f0c9af22501ed50922a2d5aa17	1723514635
PRJEB30364	SAMEA5176902	ERX3004257	ERR3001893	RNA-seq	RNA-Seq	PAIRED	PAIRED	PAIRED	R1	1	ERR3001893_1.fastq.gz	ftp.sra.ebi.ac.uk/vol1/fastq/ERR300/003/ERR3001893/ERR3001893_1.fastq.gz	35c4f931fe2fc490cf25bea3c1598adc	1624647460
PRJEB30364	SAMEA5176902	ERX3004257	ERR3001893	RNA-seq	RNA-Seq	PAIRED	PAIRED	PAIRED	R2	2	ERR3001893_2.fastq.gz	ftp.sra.ebi.ac.uk/vol1/fastq/ERR300/003/ERR3001893/ERR3001893_2.fastq.gz	77eff8a67bcbdb3ac689c92c49ca0dac	1618656959
PRJEB33024	SAMEA5713993	ERX3398176	ERR3374024	RNA-seq	RNA-Seq	SINGLE	SINGLE	SINGLE	SINGLE	1	ERR3374024.fastq.gz	ftp.sra.ebi.ac.uk/vol1/fastq/ERR337/004/ERR3374024/ERR3374024.fastq.gz	3160f1fc1617f1950e6f9854437ddb55	1188831062
PRJEB35183	SAMEA6235204	ERX3659841	ERR3668309	RNA-seq	RNA-Seq	PAIRED	PAIRED	PAIRED	R1	1	ERR3668309_1.fastq.gz	ftp.sra.ebi.ac.uk/vol1/fastq/ERR366/009/ERR3668309/ERR3668309_1.fastq.gz	ae8cee9e2c18eb3079c480e35bb76767	2311437064
PRJEB35183	SAMEA6235204	ERX3659841	ERR3668309	RNA-seq	RNA-Seq	PAIRED	PAIRED	PAIRED	R2	2	ERR3668309_2.fastq.gz	ftp.sra.ebi.ac.uk/vol1/fastq/ERR366/009/ERR3668309/ERR3668309_2.fastq.gz	80f4222061171596442301d0f90d51b0	2248436642
PRJEB35183	SAMEA6235206	ERX3659843	ERR3668311	RNA-seq	RNA-Seq	PAIRED	PAIRED	PAIRED	R1	1	ERR3668311_1.fastq.gz	ftp.sra.ebi.ac.uk/vol1/fastq/ERR366/001/ERR3668311/ERR3668311_1.fastq.gz	ff7ed017835a575c581695823f82c492	1914451423
PRJEB35183	SAMEA6235206	ERX3659843	ERR3668311	RNA-seq	RNA-Seq	PAIRED	PAIRED	PAIRED	R2	2	ERR3668311_2.fastq.gz	ftp.sra.ebi.ac.uk/vol1/fastq/ERR366/001/ERR3668311/ERR3668311_2.fastq.gz	54785b04a72b2c4d8171fe5f9af2d54c	1868546779
PRJEB38542	SAMEA6870278	ERX4147368	ERR4184077	RNA-seq	RNA-Seq	SINGLE	SINGLE	SINGLE	SINGLE	1	ERR4184077.fastq.gz	ftp.sra.ebi.ac.uk/vol1/fastq/ERR418/007/ERR4184077/ERR4184077.fastq.gz	50d17155c4bc6fac391b288cd90f914a	2585012516
PRJEB38542	SAMEA6870279	ERX4147369	ERR4184078	RNA-seq	RNA-Seq	SINGLE	SINGLE	SINGLE	SINGLE	1	ERR4184078.fastq.gz	ftp.sra.ebi.ac.uk/vol1/fastq/ERR418/008/ERR4184078/ERR4184078.fastq.gz	8c16e16cea068f8edc191bf2a5ebbe52	2124152241
PRJEB38542	SAMEA6870281	ERX4147371	ERR4184080	RNA-seq	RNA-Seq	SINGLE	SINGLE	SINGLE	SINGLE	1	ERR4184080.fastq.gz	ftp.sra.ebi.ac.uk/vol1/fastq/ERR418/000/ERR4184080/ERR4184080.fastq.gz	46cf0e262894f7369da036674eee3b27	2647911126
PRJEB38542	SAMEA6870282	ERX4147372	ERR4184081	RNA-seq	RNA-Seq	SINGLE	SINGLE	SINGLE	SINGLE	1	ERR4184081.fastq.gz	ftp.sra.ebi.ac.uk/vol1/fastq/ERR418/001/ERR4184081/ERR4184081.fastq.gz	15ed3071d3b9a16d1d9a485776db75d5	2433679012
PRJEB39258	SAMEA7040967	ERX4268284	ERR4319917	RNA-seq	RNA-Seq	PAIRED	PAIRED	PAIRED	R1	1	ERR4319917_1.fastq.gz	ftp.sra.ebi.ac.uk/vol1/fastq/ERR431/007/ERR4319917/ERR4319917_1.fastq.gz	9b9c52eafb230e2bc774a12a65028d03	4220175418
PRJEB39258	SAMEA7040967	ERX4268284	ERR4319917	RNA-seq	RNA-Seq	PAIRED	PAIRED	PAIRED	R2	2	ERR4319917_2.fastq.gz	ftp.sra.ebi.ac.uk/vol1/fastq/ERR431/007/ERR4319917/ERR4319917_2.fastq.gz	2f051c24ecd29663df5372f2b491c01a	4527652822
PRJEB39258	SAMEA7040966	ERX4268287	ERR4319920	RNA-seq	RNA-Seq	PAIRED	PAIRED	PAIRED	R1	1	ERR4319920_1.fastq.gz	ftp.sra.ebi.ac.uk/vol1/fastq/ERR431/000/ERR4319920/ERR4319920_1.fastq.gz	41357f04ccb2eb902be41f25a05dc32b	4057321808
PRJEB39258	SAMEA7040966	ERX4268287	ERR4319920	RNA-seq	RNA-Seq	PAIRED	PAIRED	PAIRED	R2	2	ERR4319920_2.fastq.gz	ftp.sra.ebi.ac.uk/vol1/fastq/ERR431/000/ERR4319920/ERR4319920_2.fastq.gz	d5b6a220a94c5abb50a2dc2f924dccaa	4292556832
PRJEB48931	SAMEA11293139	ERX6987504	ERR7417863	RNA-seq	RNA-Seq	PAIRED	PAIRED	PAIRED	R1	1	ERR7417863_1.fastq.gz	ftp.sra.ebi.ac.uk/vol1/fastq/ERR741/003/ERR7417863/ERR7417863_1.fastq.gz	387a25055cd34b638ea406c963fcfdf5	2097993115
PRJEB48931	SAMEA11293139	ERX6987504	ERR7417863	RNA-seq	RNA-Seq	PAIRED	PAIRED	PAIRED	R2	2	ERR7417863_2.fastq.gz	ftp.sra.ebi.ac.uk/vol1/fastq/ERR741/003/ERR7417863/ERR7417863_2.fastq.gz	4bf304108cdd27a33db9d1aa4574ddd0	2424540597
PRJEB48931	SAMEA11293143	ERX6987508	ERR7417867	RNA-seq	RNA-Seq	PAIRED	PAIRED	PAIRED	R1	1	ERR7417867_1.fastq.gz	ftp.sra.ebi.ac.uk/vol1/fastq/ERR741/007/ERR7417867/ERR7417867_1.fastq.gz	e11b14c4f4ef58097f8631617efcf553	1874102110
PRJEB48931	SAMEA11293143	ERX6987508	ERR7417867	RNA-seq	RNA-Seq	PAIRED	PAIRED	PAIRED	R2	2	ERR7417867_2.fastq.gz	ftp.sra.ebi.ac.uk/vol1/fastq/ERR741/007/ERR7417867/ERR7417867_2.fastq.gz	123daba98993e6e4d502d8e24973284a	2144341921
PRJEB48931	SAMEA11293145	ERX6987510	ERR7417869	RNA-seq	RNA-Seq	PAIRED	PAIRED	PAIRED	R1	1	ERR7417869_1.fastq.gz	ftp.sra.ebi.ac.uk/vol1/fastq/ERR741/009/ERR7417869/ERR7417869_1.fastq.gz	554aef09fc9ea93b010045bff41500fd	1874008982
PRJEB48931	SAMEA11293145	ERX6987510	ERR7417869	RNA-seq	RNA-Seq	PAIRED	PAIRED	PAIRED	R2	2	ERR7417869_2.fastq.gz	ftp.sra.ebi.ac.uk/vol1/fastq/ERR741/009/ERR7417869/ERR7417869_2.fastq.gz	03dabe03995c0a9c67c16e5c08f29094	2129047383
PRJEB9291	SAMEA3373339	ERX947751	ERR868150	ChIP-seq	ChIP-Seq	SINGLE	SINGLE	SINGLE	SINGLE	1	ERR868150.fastq.gz	ftp.sra.ebi.ac.uk/vol1/fastq/ERR868/ERR868150/ERR868150.fastq.gz	68c626c2c1f044ab7b026aed108e0fc7	1961607862
PRJEB9291	SAMEA3373361	ERX947752	ERR868151	ChIP-seq	ChIP-Seq	SINGLE	SINGLE	SINGLE	SINGLE	1	ERR868151.fastq.gz	ftp.sra.ebi.ac.uk/vol1/fastq/ERR868/ERR868151/ERR868151.fastq.gz	9146a6437118eee4a28ec84387a9ce5b	1474770817
PRJEB9291	SAMEA3373337	ERX947762	ERR868161	ChIP-seq	ChIP-Seq	SINGLE	SINGLE	SINGLE	SINGLE	1	ERR868161.fastq.gz	ftp.sra.ebi.ac.uk/vol1/fastq/ERR868/ERR868161/ERR868161.fastq.gz	33917d449e623053480a3e6d24bc9115	1657752800
PRJEB9291	SAMEA3373350	ERX947771	ERR868170	ChIP-seq	ChIP-Seq	SINGLE	SINGLE	SINGLE	SINGLE	1	ERR868170.fastq.gz	ftp.sra.ebi.ac.uk/vol1/fastq/ERR868/ERR868170/ERR868170.fastq.gz	177ec9021bd5fe46f8dcd4e78610c70f	1437660510
PRJEB9291	SAMEA3373363	ERX947774	ERR868173	ChIP-seq	ChIP-Seq	SINGLE	SINGLE	SINGLE	SINGLE	1	ERR868173.fastq.gz	ftp.sra.ebi.ac.uk/vol1/fastq/ERR868/ERR868173/ERR868173.fastq.gz	990bb3df860e078a65770b4edb47191a	1343015968
PRJNA575354	SAMN12886800	SRX6935328	SRR10215648	RNA-seq	RNA-Seq	SINGLE	SINGLE	SINGLE	SINGLE	1	SRR10215648.fastq.gz	ftp.sra.ebi.ac.uk/vol1/fastq/SRR102/048/SRR10215648/SRR10215648.fastq.gz	53034040208e97ba46ffeaf61dd9ae22	126281
PRJNA575354	SAMN12886798	SRX6935330	SRR10215650	RNA-seq	RNA-Seq	SINGLE	SINGLE	SINGLE	SINGLE	1	SRR10215650.fastq.gz	ftp.sra.ebi.ac.uk/vol1/fastq/SRR102/050/SRR10215650/SRR10215650.fastq.gz	f93f1fb3a144eadb117fcd3f032f9a9f	127737
PRJNA575354	SAMN12886796	SRX6935332	SRR10215652	RNA-seq	RNA-Seq	SINGLE	SINGLE	SINGLE	SINGLE	1	SRR10215652.fastq.gz	ftp.sra.ebi.ac.uk/vol1/fastq/SRR102/052/SRR10215652/SRR10215652.fastq.gz	b0c3d1e1d2c75c71c5959713cdfa3bf0	125230
PRJNA575354	SAMN12886795	SRX6935333	SRR10215653	RNA-seq	RNA-Seq	SINGLE	SINGLE	SINGLE	SINGLE	1	SRR10215653.fastq.gz	ftp.sra.ebi.ac.uk/vol1/fastq/SRR102/053/SRR10215653/SRR10215653.fastq.gz	b95b3e89456751e0825a2c678df899d2	124985
PRJNA590486	SAMN13327513	SRX7182892	SRR10493804	RNA-seq	RNA-Seq	SINGLE	PAIRED	PAIRED_PLUS_UNPAIRED	UNPAIRED	1	SRR10493804.fastq.gz	ftp.sra.ebi.ac.uk/vol1/fastq/SRR104/004/SRR10493804/SRR10493804.fastq.gz	d38c73a1e10fbffaab976ef185fda495	338171047
PRJNA590486	SAMN13327513	SRX7182892	SRR10493804	RNA-seq	RNA-Seq	SINGLE	PAIRED	PAIRED_PLUS_UNPAIRED	R1	2	SRR10493804_1.fastq.gz	ftp.sra.ebi.ac.uk/vol1/fastq/SRR104/004/SRR10493804/SRR10493804_1.fastq.gz	c806672a9d1f3f122dc0014edef861d6	1492010085
PRJNA590486	SAMN13327513	SRX7182892	SRR10493804	RNA-seq	RNA-Seq	SINGLE	PAIRED	PAIRED_PLUS_UNPAIRED	R2	3	SRR10493804_2.fastq.gz	ftp.sra.ebi.ac.uk/vol1/fastq/SRR104/004/SRR10493804/SRR10493804_2.fastq.gz	3755354a2bb7c714d9e8d950cdf5cba6	2015688584
PRJNA590486	SAMN13327508	SRX7182893	SRR10493805	RNA-seq	RNA-Seq	SINGLE	PAIRED	PAIRED_PLUS_UNPAIRED	UNPAIRED	1	SRR10493805.fastq.gz	ftp.sra.ebi.ac.uk/vol1/fastq/SRR104/005/SRR10493805/SRR10493805.fastq.gz	a69dd9a009e501014044c12eced5a796	338877092
PRJNA590486	SAMN13327508	SRX7182893	SRR10493805	RNA-seq	RNA-Seq	SINGLE	PAIRED	PAIRED_PLUS_UNPAIRED	R1	2	SRR10493805_1.fastq.gz	ftp.sra.ebi.ac.uk/vol1/fastq/SRR104/005/SRR10493805/SRR10493805_1.fastq.gz	1bf2a4192c71f40840440f324d69a094	1465169055
PRJNA590486	SAMN13327508	SRX7182893	SRR10493805	RNA-seq	RNA-Seq	SINGLE	PAIRED	PAIRED_PLUS_UNPAIRED	R2	3	SRR10493805_2.fastq.gz	ftp.sra.ebi.ac.uk/vol1/fastq/SRR104/005/SRR10493805/SRR10493805_2.fastq.gz	51da6761ea0773ae04f704d45261830c	2012700406
PRJNA590486	SAMN13327512	SRX7182897	SRR10493809	RNA-seq	RNA-Seq	SINGLE	PAIRED	PAIRED_PLUS_UNPAIRED	UNPAIRED	1	SRR10493809.fastq.gz	ftp.sra.ebi.ac.uk/vol1/fastq/SRR104/009/SRR10493809/SRR10493809.fastq.gz	e440cdc7d19c33ef146f79e917508d1c	374314106
PRJNA590486	SAMN13327512	SRX7182897	SRR10493809	RNA-seq	RNA-Seq	SINGLE	PAIRED	PAIRED_PLUS_UNPAIRED	R1	2	SRR10493809_1.fastq.gz	ftp.sra.ebi.ac.uk/vol1/fastq/SRR104/009/SRR10493809/SRR10493809_1.fastq.gz	b46ef1ef77c003dfb8916b4e57500d48	1372642599
PRJNA590486	SAMN13327512	SRX7182897	SRR10493809	RNA-seq	RNA-Seq	SINGLE	PAIRED	PAIRED_PLUS_UNPAIRED	R2	3	SRR10493809_2.fastq.gz	ftp.sra.ebi.ac.uk/vol1/fastq/SRR104/009/SRR10493809/SRR10493809_2.fastq.gz	b448d5f41f959b5afdac1acdad76913b	1885136741
PRJNA590486	SAMN13327509	SRX7182899	SRR10493811	RNA-seq	RNA-Seq	SINGLE	PAIRED	PAIRED_PLUS_UNPAIRED	UNPAIRED	1	SRR10493811.fastq.gz	ftp.sra.ebi.ac.uk/vol1/fastq/SRR104/011/SRR10493811/SRR10493811.fastq.gz	5220ddb1d7beeb2185da819aa08e2c1c	215328427
PRJNA590486	SAMN13327509	SRX7182899	SRR10493811	RNA-seq	RNA-Seq	SINGLE	PAIRED	PAIRED_PLUS_UNPAIRED	R1	2	SRR10493811_1.fastq.gz	ftp.sra.ebi.ac.uk/vol1/fastq/SRR104/011/SRR10493811/SRR10493811_1.fastq.gz	6b9a1b1616d964771e22f9625f3f2c25	1469051430
PRJNA590486	SAMN13327509	SRX7182899	SRR10493811	RNA-seq	RNA-Seq	SINGLE	PAIRED	PAIRED_PLUS_UNPAIRED	R2	3	SRR10493811_2.fastq.gz	ftp.sra.ebi.ac.uk/vol1/fastq/SRR104/011/SRR10493811/SRR10493811_2.fastq.gz	ffcd01a1e3950468ad129995e48d61ed	1903991431
PRJNA590486	SAMN13327498	SRX7182902	SRR10493814	RNA-seq	RNA-Seq	SINGLE	PAIRED	PAIRED_PLUS_UNPAIRED	UNPAIRED	1	SRR10493814.fastq.gz	ftp.sra.ebi.ac.uk/vol1/fastq/SRR104/014/SRR10493814/SRR10493814.fastq.gz	33bda51da332b2081d6fea41cdd4ed32	283617389
PRJNA590486	SAMN13327498	SRX7182902	SRR10493814	RNA-seq	RNA-Seq	SINGLE	PAIRED	PAIRED_PLUS_UNPAIRED	R1	2	SRR10493814_1.fastq.gz	ftp.sra.ebi.ac.uk/vol1/fastq/SRR104/014/SRR10493814/SRR10493814_1.fastq.gz	880780c0249f82dd659d1a5ac621e4a7	1414516477
PRJNA590486	SAMN13327498	SRX7182902	SRR10493814	RNA-seq	RNA-Seq	SINGLE	PAIRED	PAIRED_PLUS_UNPAIRED	R2	3	SRR10493814_2.fastq.gz	ftp.sra.ebi.ac.uk/vol1/fastq/SRR104/014/SRR10493814/SRR10493814_2.fastq.gz	dca7712793af877a93f1c7500d814b23	1877805506
PRJNA590486	SAMN13327545	SRX7182904	SRR10493816	RNA-seq	RNA-Seq	SINGLE	PAIRED	PAIRED_PLUS_UNPAIRED	UNPAIRED	1	SRR10493816.fastq.gz	ftp.sra.ebi.ac.uk/vol1/fastq/SRR104/016/SRR10493816/SRR10493816.fastq.gz	fa30c9b5cddb747df7060616542dab1f	336549426
PRJNA590486	SAMN13327545	SRX7182904	SRR10493816	RNA-seq	RNA-Seq	SINGLE	PAIRED	PAIRED_PLUS_UNPAIRED	R1	2	SRR10493816_1.fastq.gz	ftp.sra.ebi.ac.uk/vol1/fastq/SRR104/016/SRR10493816/SRR10493816_1.fastq.gz	355d272e76c3dd77f12a16e7e93a25db	1476060416
PRJNA590486	SAMN13327545	SRX7182904	SRR10493816	RNA-seq	RNA-Seq	SINGLE	PAIRED	PAIRED_PLUS_UNPAIRED	R2	3	SRR10493816_2.fastq.gz	ftp.sra.ebi.ac.uk/vol1/fastq/SRR104/016/SRR10493816/SRR10493816_2.fastq.gz	d5927e59cce22d78010d6afe25030bd4	2030982291
PRJNA590485	SAMN13327588	SRX7182945	SRR10493857	RNA-seq	RNA-Seq	SINGLE	PAIRED	PAIRED	R1	1	SRR10493857_1.fastq.gz	ftp.sra.ebi.ac.uk/vol1/fastq/SRR104/057/SRR10493857/SRR10493857_1.fastq.gz	a3de54cce68520a8ff65d1934de75aff	227835305
PRJNA590485	SAMN13327588	SRX7182945	SRR10493857	RNA-seq	RNA-Seq	SINGLE	PAIRED	PAIRED	R2	2	SRR10493857_2.fastq.gz	ftp.sra.ebi.ac.uk/vol1/fastq/SRR104/057/SRR10493857/SRR10493857_2.fastq.gz	aee2ada96505c9c91b456fde800a607f	210489330
PRJNA590485	SAMN13327586	SRX7182947	SRR10493859	RNA-seq	RNA-Seq	SINGLE	PAIRED	PAIRED	R1	1	SRR10493859_1.fastq.gz	ftp.sra.ebi.ac.uk/vol1/fastq/SRR104/059/SRR10493859/SRR10493859_1.fastq.gz	d1aeaf1ee289ca152e851efce5ead1be	510576643
PRJNA590485	SAMN13327586	SRX7182947	SRR10493859	RNA-seq	RNA-Seq	SINGLE	PAIRED	PAIRED	R2	2	SRR10493859_2.fastq.gz	ftp.sra.ebi.ac.uk/vol1/fastq/SRR104/059/SRR10493859/SRR10493859_2.fastq.gz	9840a9ea7a7c2150c510e1cbfa3fce52	524571896
PRJNA590485	SAMN13327583	SRX7182950	SRR10493862	RNA-seq	RNA-Seq	SINGLE	PAIRED	PAIRED	R1	1	SRR10493862_1.fastq.gz	ftp.sra.ebi.ac.uk/vol1/fastq/SRR104/062/SRR10493862/SRR10493862_1.fastq.gz	f54008b7a8714231e30e1f44160606d1	161981601
PRJNA590485	SAMN13327583	SRX7182950	SRR10493862	RNA-seq	RNA-Seq	SINGLE	PAIRED	PAIRED	R2	2	SRR10493862_2.fastq.gz	ftp.sra.ebi.ac.uk/vol1/fastq/SRR104/062/SRR10493862/SRR10493862_2.fastq.gz	89c94dec3700092dfa3a10b93fcff65d	154018864
PRJNA590485	SAMN13327582	SRX7182951	SRR10493863	RNA-seq	RNA-Seq	SINGLE	PAIRED	PAIRED	R1	1	SRR10493863_1.fastq.gz	ftp.sra.ebi.ac.uk/vol1/fastq/SRR104/063/SRR10493863/SRR10493863_1.fastq.gz	bc4e336d5aa4c7b88bea77a6700dd540	603409203
PRJNA590485	SAMN13327582	SRX7182951	SRR10493863	RNA-seq	RNA-Seq	SINGLE	PAIRED	PAIRED	R2	2	SRR10493863_2.fastq.gz	ftp.sra.ebi.ac.uk/vol1/fastq/SRR104/063/SRR10493863/SRR10493863_2.fastq.gz	f010e651e6d8dc9821e6d3f4ee481382	606031802
PRJNA590485	SAMN13327572	SRX7182957	SRR10493869	RNA-seq	RNA-Seq	SINGLE	PAIRED	PAIRED	R1	1	SRR10493869_1.fastq.gz	ftp.sra.ebi.ac.uk/vol1/fastq/SRR104/069/SRR10493869/SRR10493869_1.fastq.gz	3983e3753a0331230224f83d7012a437	561316717
PRJNA590485	SAMN13327572	SRX7182957	SRR10493869	RNA-seq	RNA-Seq	SINGLE	PAIRED	PAIRED	R2	2	SRR10493869_2.fastq.gz	ftp.sra.ebi.ac.uk/vol1/fastq/SRR104/069/SRR10493869/SRR10493869_2.fastq.gz	a3d5f2daad53bd5e56d4cf8afdf97fd9	579288664
PRJNA590485	SAMN13327571	SRX7182958	SRR10493870	RNA-seq	RNA-Seq	SINGLE	PAIRED	PAIRED	R1	1	SRR10493870_1.fastq.gz	ftp.sra.ebi.ac.uk/vol1/fastq/SRR104/070/SRR10493870/SRR10493870_1.fastq.gz	e67806d333d6a3794f1b4d507cc29c6e	437852336
PRJNA590485	SAMN13327571	SRX7182958	SRR10493870	RNA-seq	RNA-Seq	SINGLE	PAIRED	PAIRED	R2	2	SRR10493870_2.fastq.gz	ftp.sra.ebi.ac.uk/vol1/fastq/SRR104/070/SRR10493870/SRR10493870_2.fastq.gz	6ca46646af6711ca1b66907ca2ffe7e8	430747262
PRJNA590485	SAMN13327561	SRX7182963	SRR10493875	RNA-seq	RNA-Seq	SINGLE	PAIRED	PAIRED	R1	1	SRR10493875_1.fastq.gz	ftp.sra.ebi.ac.uk/vol1/fastq/SRR104/075/SRR10493875/SRR10493875_1.fastq.gz	ffc8fd50a8783def96c85077c7f5f0a7	590240159
PRJNA590485	SAMN13327561	SRX7182963	SRR10493875	RNA-seq	RNA-Seq	SINGLE	PAIRED	PAIRED	R2	2	SRR10493875_2.fastq.gz	ftp.sra.ebi.ac.uk/vol1/fastq/SRR104/075/SRR10493875/SRR10493875_2.fastq.gz	a4471d35176d6a6cbb0c94942876fb4c	606056717
PRJNA604220	SAMN13957913	SRX7656772	SRR10995639	RNA-seq	RNA-Seq	PAIRED	PAIRED	PAIRED	R1	1	SRR10995639_1.fastq.gz	ftp.sra.ebi.ac.uk/vol1/fastq/SRR109/039/SRR10995639/SRR10995639_1.fastq.gz	4599bc851797c4e3a0952b0f3087d67f	432514904
PRJNA604220	SAMN13957913	SRX7656772	SRR10995639	RNA-seq	RNA-Seq	PAIRED	PAIRED	PAIRED	R2	2	SRR10995639_2.fastq.gz	ftp.sra.ebi.ac.uk/vol1/fastq/SRR109/039/SRR10995639/SRR10995639_2.fastq.gz	49afbb0fe06d87d568261ba5695ec3fb	453351278
PRJNA604220	SAMN13957913	SRX7656772	SRR10995640	RNA-seq	RNA-Seq	PAIRED	PAIRED	PAIRED	R1	1	SRR10995640_1.fastq.gz	ftp.sra.ebi.ac.uk/vol1/fastq/SRR109/040/SRR10995640/SRR10995640_1.fastq.gz	175618c64548debe55c56e7e0e76b48c	412636916
PRJNA604220	SAMN13957913	SRX7656772	SRR10995640	RNA-seq	RNA-Seq	PAIRED	PAIRED	PAIRED	R2	2	SRR10995640_2.fastq.gz	ftp.sra.ebi.ac.uk/vol1/fastq/SRR109/040/SRR10995640/SRR10995640_2.fastq.gz	d43891b9f4894a009c38d472b678c553	427647195
PRJNA604220	SAMN13957913	SRX7656772	SRR10995642	RNA-seq	RNA-Seq	PAIRED	PAIRED	PAIRED	R1	1	SRR10995642_1.fastq.gz	ftp.sra.ebi.ac.uk/vol1/fastq/SRR109/042/SRR10995642/SRR10995642_1.fastq.gz	4ab4201087d4d45b19d8fc6c92983c7f	412241768
PRJNA604220	SAMN13957913	SRX7656772	SRR10995642	RNA-seq	RNA-Seq	PAIRED	PAIRED	PAIRED	R2	2	SRR10995642_2.fastq.gz	ftp.sra.ebi.ac.uk/vol1/fastq/SRR109/042/SRR10995642/SRR10995642_2.fastq.gz	89ed10032fd9b4c8963cc38149174a9c	421350169
PRJNA604220	SAMN13957911	SRX7656774	SRR10995647	RNA-seq	RNA-Seq	PAIRED	PAIRED	PAIRED	R1	1	SRR10995647_1.fastq.gz	ftp.sra.ebi.ac.uk/vol1/fastq/SRR109/047/SRR10995647/SRR10995647_1.fastq.gz	6f267684e24b24019657d68ebbc7b85c	457797580
PRJNA604220	SAMN13957911	SRX7656774	SRR10995647	RNA-seq	RNA-Seq	PAIRED	PAIRED	PAIRED	R2	2	SRR10995647_2.fastq.gz	ftp.sra.ebi.ac.uk/vol1/fastq/SRR109/047/SRR10995647/SRR10995647_2.fastq.gz	391acb7d73674cee917791068f4e8af2	469297272
PRJNA604220	SAMN13957907	SRX7656778	SRR10995666	RNA-seq	RNA-Seq	PAIRED	PAIRED	PAIRED	R1	1	SRR10995666_1.fastq.gz	ftp.sra.ebi.ac.uk/vol1/fastq/SRR109/066/SRR10995666/SRR10995666_1.fastq.gz	d9f8c4134bcef3c17159c8e302150f07	412116855
PRJNA604220	SAMN13957907	SRX7656778	SRR10995666	RNA-seq	RNA-Seq	PAIRED	PAIRED	PAIRED	R2	2	SRR10995666_2.fastq.gz	ftp.sra.ebi.ac.uk/vol1/fastq/SRR109/066/SRR10995666/SRR10995666_2.fastq.gz	8070b753126c2ebce0c3dae9d1bcb9d9	421781436
PRJNA604220	SAMN13957906	SRX7656779	SRR10995667	RNA-seq	RNA-Seq	PAIRED	PAIRED	PAIRED	R1	1	SRR10995667_1.fastq.gz	ftp.sra.ebi.ac.uk/vol1/fastq/SRR109/067/SRR10995667/SRR10995667_1.fastq.gz	f46f1217d72283485aedfa22cc02cca6	425489905
PRJNA604220	SAMN13957906	SRX7656779	SRR10995667	RNA-seq	RNA-Seq	PAIRED	PAIRED	PAIRED	R2	2	SRR10995667_2.fastq.gz	ftp.sra.ebi.ac.uk/vol1/fastq/SRR109/067/SRR10995667/SRR10995667_2.fastq.gz	6ef767f42c73e84c07308d5e95d65de9	434633628
PRJNA604220	SAMN13957904	SRX7656781	SRR10995676	RNA-seq	RNA-Seq	PAIRED	PAIRED	PAIRED	R1	1	SRR10995676_1.fastq.gz	ftp.sra.ebi.ac.uk/vol1/fastq/SRR109/076/SRR10995676/SRR10995676_1.fastq.gz	a8bc9bdb6390cb5b1f603e6ec0dceea6	486633029
PRJNA604220	SAMN13957904	SRX7656781	SRR10995676	RNA-seq	RNA-Seq	PAIRED	PAIRED	PAIRED	R2	2	SRR10995676_2.fastq.gz	ftp.sra.ebi.ac.uk/vol1/fastq/SRR109/076/SRR10995676/SRR10995676_2.fastq.gz	cfe0556a3fceea0aa70dda1325c912e8	498629266
PRJNA604220	SAMN13957902	SRX7656783	SRR10995684	RNA-seq	RNA-Seq	PAIRED	PAIRED	PAIRED	R1	1	SRR10995684_1.fastq.gz	ftp.sra.ebi.ac.uk/vol1/fastq/SRR109/084/SRR10995684/SRR10995684_1.fastq.gz	efe5a41fdb5f3fc2817cc9a6c4a7b985	480487470
PRJNA604220	SAMN13957902	SRX7656783	SRR10995684	RNA-seq	RNA-Seq	PAIRED	PAIRED	PAIRED	R2	2	SRR10995684_2.fastq.gz	ftp.sra.ebi.ac.uk/vol1/fastq/SRR109/084/SRR10995684/SRR10995684_2.fastq.gz	ccad2e60c65a0a0c711dceea99fbb1f7	491909874
PRJNA604220	SAMN13957901	SRX7656784	SRR10995687	RNA-seq	RNA-Seq	PAIRED	PAIRED	PAIRED	R1	1	SRR10995687_1.fastq.gz	ftp.sra.ebi.ac.uk/vol1/fastq/SRR109/087/SRR10995687/SRR10995687_1.fastq.gz	60f95798237d63a6d9733f7b66cb2987	586115092
PRJNA604220	SAMN13957901	SRX7656784	SRR10995687	RNA-seq	RNA-Seq	PAIRED	PAIRED	PAIRED	R2	2	SRR10995687_2.fastq.gz	ftp.sra.ebi.ac.uk/vol1/fastq/SRR109/087/SRR10995687/SRR10995687_2.fastq.gz	8ea903866713bb24ac2793bc08c8caba	619616868
PRJNA604220	SAMN13957901	SRX7656784	SRR10995688	RNA-seq	RNA-Seq	PAIRED	PAIRED	PAIRED	R1	1	SRR10995688_1.fastq.gz	ftp.sra.ebi.ac.uk/vol1/fastq/SRR109/088/SRR10995688/SRR10995688_1.fastq.gz	ed9b2ec1376f59fdb76f21d8ce86d37a	565027533
PRJNA604220	SAMN13957901	SRX7656784	SRR10995688	RNA-seq	RNA-Seq	PAIRED	PAIRED	PAIRED	R2	2	SRR10995688_2.fastq.gz	ftp.sra.ebi.ac.uk/vol1/fastq/SRR109/088/SRR10995688/SRR10995688_2.fastq.gz	f2f75658bb29f8f4ef18c7331908d0f0	586180986
PRJNA604220	SAMN13957901	SRX7656784	SRR10995689	RNA-seq	RNA-Seq	PAIRED	PAIRED	PAIRED	R1	1	SRR10995689_1.fastq.gz	ftp.sra.ebi.ac.uk/vol1/fastq/SRR109/089/SRR10995689/SRR10995689_1.fastq.gz	476fe91ee41f31793e6c9c718e6426a6	564756904
PRJNA604220	SAMN13957901	SRX7656784	SRR10995689	RNA-seq	RNA-Seq	PAIRED	PAIRED	PAIRED	R2	2	SRR10995689_2.fastq.gz	ftp.sra.ebi.ac.uk/vol1/fastq/SRR109/089/SRR10995689/SRR10995689_2.fastq.gz	5d2bee1348a7373013e418d23c9e75ea	584799353
PRJNA604220	SAMN13957899	SRX7656786	SRR10995695	RNA-seq	RNA-Seq	PAIRED	PAIRED	PAIRED	R1	1	SRR10995695_1.fastq.gz	ftp.sra.ebi.ac.uk/vol1/fastq/SRR109/095/SRR10995695/SRR10995695_1.fastq.gz	4f935fd8bfe5f87a88cb036ee26384b1	502276939
PRJNA604220	SAMN13957899	SRX7656786	SRR10995695	RNA-seq	RNA-Seq	PAIRED	PAIRED	PAIRED	R2	2	SRR10995695_2.fastq.gz	ftp.sra.ebi.ac.uk/vol1/fastq/SRR109/095/SRR10995695/SRR10995695_2.fastq.gz	0b18e3488163d527919fcf2fbdfc78c1	515331120
PRJNA604220	SAMN13957898	SRX7656787	SRR10995699	RNA-seq	RNA-Seq	PAIRED	PAIRED	PAIRED	R1	1	SRR10995699_1.fastq.gz	ftp.sra.ebi.ac.uk/vol1/fastq/SRR109/099/SRR10995699/SRR10995699_1.fastq.gz	6708996bb4c54fc30154b145386770fe	873639071
PRJNA604220	SAMN13957898	SRX7656787	SRR10995699	RNA-seq	RNA-Seq	PAIRED	PAIRED	PAIRED	R2	2	SRR10995699_2.fastq.gz	ftp.sra.ebi.ac.uk/vol1/fastq/SRR109/099/SRR10995699/SRR10995699_2.fastq.gz	6b3b20da40495709ee77d7fba481e1dc	913111708
PRJNA599947	SAMN13762557	SRX7805404	SRR11184914	RNA-seq	RNA-Seq	PAIRED	PAIRED	PAIRED	R1	1	SRR11184914_1.fastq.gz	ftp.sra.ebi.ac.uk/vol1/fastq/SRR111/014/SRR11184914/SRR11184914_1.fastq.gz	207fb0ac5a242a958a2fe5f9fc170fdc	1995722542
PRJNA599947	SAMN13762557	SRX7805404	SRR11184914	RNA-seq	RNA-Seq	PAIRED	PAIRED	PAIRED	R2	2	SRR11184914_2.fastq.gz	ftp.sra.ebi.ac.uk/vol1/fastq/SRR111/014/SRR11184914/SRR11184914_2.fastq.gz	010281331c240c3012037040b73e16e9	2037148167
PRJNA599947	SAMN13762558	SRX7805405	SRR11184917	RNA-seq	RNA-Seq	PAIRED	PAIRED	PAIRED	R1	1	SRR11184917_1.fastq.gz	ftp.sra.ebi.ac.uk/vol1/fastq/SRR111/017/SRR11184917/SRR11184917_1.fastq.gz	9d112f518cc0d4fc1ac554d74132019e	2175385052
PRJNA599947	SAMN13762558	SRX7805405	SRR11184917	RNA-seq	RNA-Seq	PAIRED	PAIRED	PAIRED	R2	2	SRR11184917_2.fastq.gz	ftp.sra.ebi.ac.uk/vol1/fastq/SRR111/017/SRR11184917/SRR11184917_2.fastq.gz	af4139a88146fc1fd45a01aad1828761	2229299712
PRJNA599947	SAMN13762556	SRX7805399	SRR11184920	RNA-seq	RNA-Seq	PAIRED	PAIRED	PAIRED	R1	1	SRR11184920_1.fastq.gz	ftp.sra.ebi.ac.uk/vol1/fastq/SRR111/020/SRR11184920/SRR11184920_1.fastq.gz	f62070114abc5ee36b093b4ea2f8aeb5	2062912617
PRJNA599947	SAMN13762556	SRX7805399	SRR11184920	RNA-seq	RNA-Seq	PAIRED	PAIRED	PAIRED	R2	2	SRR11184920_2.fastq.gz	ftp.sra.ebi.ac.uk/vol1/fastq/SRR111/020/SRR11184920/SRR11184920_2.fastq.gz	ce08b1ee4c474c39cc908b58738a72ae	2099008054
PRJNA613438	SAMN14404309	SRX7952184	SRR11350305	RNA-seq	RNA-Seq	SINGLE	SINGLE	SINGLE	SINGLE	1	SRR11350305.fastq.gz	ftp.sra.ebi.ac.uk/vol1/fastq/SRR113/005/SRR11350305/SRR11350305.fastq.gz	d4c8bfa94cdb2a7621213d1ced771c56	1478743222
PRJNA613438	SAMN14404317	SRX7952177	SRR11350312	RNA-seq	RNA-Seq	SINGLE	SINGLE	SINGLE	SINGLE	1	SRR11350312.fastq.gz	ftp.sra.ebi.ac.uk/vol1/fastq/SRR113/012/SRR11350312/SRR11350312.fastq.gz	c3bd674631d9733b93d5374f4552624c	1165280103
PRJNA613438	SAMN14404302	SRX7952170	SRR11350319	RNA-seq	RNA-Seq	SINGLE	SINGLE	SINGLE	SINGLE	1	SRR11350319.fastq.gz	ftp.sra.ebi.ac.uk/vol1/fastq/SRR113/019/SRR11350319/SRR11350319.fastq.gz	1a647ecb0a79a3a0012ed669fa1d7292	1414977408
PRJNA630824	SAMN14845995	SRX8280954	SRR11721630	RNA-seq	RNA-Seq	SINGLE	SINGLE	SINGLE	SINGLE	1	SRR11721630.fastq.gz	ftp.sra.ebi.ac.uk/vol1/fastq/SRR117/030/SRR11721630/SRR11721630.fastq.gz	284b52c523e997aa13c797c821949487	781503250
PRJNA630824	SAMN14846022	SRX8280944	SRR11721640	RNA-seq	RNA-Seq	SINGLE	SINGLE	SINGLE	SINGLE	1	SRR11721640.fastq.gz	ftp.sra.ebi.ac.uk/vol1/fastq/SRR117/040/SRR11721640/SRR11721640.fastq.gz	4d652a1d2b7e3b8a5fab37f2694a0b0e	539382096
PRJNA630824	SAMN14846021	SRX8280943	SRR11721641	RNA-seq	RNA-Seq	SINGLE	SINGLE	SINGLE	SINGLE	1	SRR11721641.fastq.gz	ftp.sra.ebi.ac.uk/vol1/fastq/SRR117/041/SRR11721641/SRR11721641.fastq.gz	683168ddb700266a6b462170adfea82b	526632762
PRJNA630824	SAMN14846009	SRX8280930	SRR11721654	RNA-seq	RNA-Seq	SINGLE	SINGLE	SINGLE	SINGLE	1	SRR11721654.fastq.gz	ftp.sra.ebi.ac.uk/vol1/fastq/SRR117/054/SRR11721654/SRR11721654.fastq.gz	7c8039a8fc3a90aee7e0f83232dd85f9	607584081
PRJNA661407	SAMN16057385	SRX9074578	SRR12587965	RNA-seq	RNA-Seq	PAIRED	PAIRED	PAIRED	R1	1	SRR12587965_1.fastq.gz	ftp.sra.ebi.ac.uk/vol1/fastq/SRR125/065/SRR12587965/SRR12587965_1.fastq.gz	fd920d9904b2d884b0391afcda75b7a0	1891915897
PRJNA661407	SAMN16057385	SRX9074578	SRR12587965	RNA-seq	RNA-Seq	PAIRED	PAIRED	PAIRED	R2	2	SRR12587965_2.fastq.gz	ftp.sra.ebi.ac.uk/vol1/fastq/SRR125/065/SRR12587965/SRR12587965_2.fastq.gz	bb5f74273c09352522f508c65ec8d293	2062327704
PRJNA661407	SAMN16057385	SRX9074576	SRR12587967	RNA-seq	RNA-Seq	PAIRED	PAIRED	PAIRED	R1	1	SRR12587967_1.fastq.gz	ftp.sra.ebi.ac.uk/vol1/fastq/SRR125/067/SRR12587967/SRR12587967_1.fastq.gz	3f61dc74953c24e7215423359414be83	1717852848
PRJNA661407	SAMN16057385	SRX9074576	SRR12587967	RNA-seq	RNA-Seq	PAIRED	PAIRED	PAIRED	R2	2	SRR12587967_2.fastq.gz	ftp.sra.ebi.ac.uk/vol1/fastq/SRR125/067/SRR12587967/SRR12587967_2.fastq.gz	90cad2839d2495fb03a7752d64edbbfa	1874567947
PRJNA662582	SAMN16089551	SRX9101119	SRR12618086	RNA-seq	RNA-Seq	SINGLE	SINGLE	SINGLE	SINGLE	1	SRR12618086.fastq.gz	ftp.sra.ebi.ac.uk/vol1/fastq/SRR126/086/SRR12618086/SRR12618086.fastq.gz	b30aad932528bffc5f2c5cc15b56314e	3608821250
PRJNA662582	SAMN16089550	SRX9101120	SRR12618088	RNA-seq	RNA-Seq	SINGLE	SINGLE	SINGLE	SINGLE	1	SRR12618088.fastq.gz	ftp.sra.ebi.ac.uk/vol1/fastq/SRR126/088/SRR12618088/SRR12618088.fastq.gz	dce428dd5df1c97099d3555b27b47cf5	3522695595
PRJNA662582	SAMN16089547	SRX9101122	SRR12618095	RNA-seq	RNA-Seq	SINGLE	SINGLE	SINGLE	SINGLE	1	SRR12618095.fastq.gz	ftp.sra.ebi.ac.uk/vol1/fastq/SRR126/095/SRR12618095/SRR12618095.fastq.gz	5f01f78bd4d9faf680240bfa298f55bb	3625669706
PRJNA662582	SAMN16089545	SRX9101124	SRR12618099	RNA-seq	RNA-Seq	SINGLE	SINGLE	SINGLE	SINGLE	1	SRR12618099.fastq.gz	ftp.sra.ebi.ac.uk/vol1/fastq/SRR126/099/SRR12618099/SRR12618099.fastq.gz	3597aecd7cffa88f8549de7605e6c441	3414488185
PRJNA662582	SAMN16089592	SRX9101126	SRR12618102	RNA-seq	RNA-Seq	SINGLE	SINGLE	SINGLE	SINGLE	1	SRR12618102.fastq.gz	ftp.sra.ebi.ac.uk/vol1/fastq/SRR126/002/SRR12618102/SRR12618102.fastq.gz	76e6a40b8a74cc22d26447523ad89fcc	2092254100
PRJNA662582	SAMN16089588	SRX9101129	SRR12618110	RNA-seq	RNA-Seq	SINGLE	SINGLE	SINGLE	SINGLE	1	SRR12618110.fastq.gz	ftp.sra.ebi.ac.uk/vol1/fastq/SRR126/010/SRR12618110/SRR12618110.fastq.gz	ae731295ee7c1aa7016ab0b1a0a11931	887919290
PRJNA662582	SAMN16089588	SRX9101129	SRR12618111	RNA-seq	RNA-Seq	SINGLE	SINGLE	SINGLE	SINGLE	1	SRR12618111.fastq.gz	ftp.sra.ebi.ac.uk/vol1/fastq/SRR126/011/SRR12618111/SRR12618111.fastq.gz	e1555d3b3d42a54d287d409cfe0555fe	955485525
PRJNA662582	SAMN16089586	SRX9101131	SRR12618114	RNA-seq	RNA-Seq	SINGLE	SINGLE	SINGLE	SINGLE	1	SRR12618114.fastq.gz	ftp.sra.ebi.ac.uk/vol1/fastq/SRR126/014/SRR12618114/SRR12618114.fastq.gz	a53c787eab8e6d8b766a06748d32a401	3070403417
PRJNA662582	SAMN16089585	SRX9101132	SRR12618117	RNA-seq	RNA-Seq	SINGLE	SINGLE	SINGLE	SINGLE	1	SRR12618117.fastq.gz	ftp.sra.ebi.ac.uk/vol1/fastq/SRR126/017/SRR12618117/SRR12618117.fastq.gz	b0f22d870c6be9fe77a4f93865fa75f6	2981039758
PRJNA662582	SAMN16089583	SRX9101134	SRR12618122	RNA-seq	RNA-Seq	SINGLE	SINGLE	SINGLE	SINGLE	1	SRR12618122.fastq.gz	ftp.sra.ebi.ac.uk/vol1/fastq/SRR126/022/SRR12618122/SRR12618122.fastq.gz	08490221e6f30ee05aa273407af275f6	3342697898
PRJNA662582	SAMN16089581	SRX9101136	SRR12618127	RNA-seq	RNA-Seq	SINGLE	SINGLE	SINGLE	SINGLE	1	SRR12618127.fastq.gz	ftp.sra.ebi.ac.uk/vol1/fastq/SRR126/027/SRR12618127/SRR12618127.fastq.gz	a9a99ac125708865d2b04c3c1c2d4240	4189338846
PRJNA662582	SAMN16089580	SRX9101137	SRR12618128	RNA-seq	RNA-Seq	SINGLE	SINGLE	SINGLE	SINGLE	1	SRR12618128.fastq.gz	ftp.sra.ebi.ac.uk/vol1/fastq/SRR126/028/SRR12618128/SRR12618128.fastq.gz	50607af451b157fca16fc04df0514f4e	2810808834
PRJNA662582	SAMN16089580	SRX9101137	SRR12618129	RNA-seq	RNA-Seq	SINGLE	SINGLE	SINGLE	SINGLE	1	SRR12618129.fastq.gz	ftp.sra.ebi.ac.uk/vol1/fastq/SRR126/029/SRR12618129/SRR12618129.fastq.gz	3db1c03041117dbab3721e459d71b687	2958236448
PRJNA662582	SAMN16089578	SRX9101139	SRR12618132	RNA-seq	RNA-Seq	SINGLE	SINGLE	SINGLE	SINGLE	1	SRR12618132.fastq.gz	ftp.sra.ebi.ac.uk/vol1/fastq/SRR126/032/SRR12618132/SRR12618132.fastq.gz	3a510774a534381b45521e916dc6f3c3	3378879689
PRJNA662582	SAMN16089578	SRX9101139	SRR12618133	RNA-seq	RNA-Seq	SINGLE	SINGLE	SINGLE	SINGLE	1	SRR12618133.fastq.gz	ftp.sra.ebi.ac.uk/vol1/fastq/SRR126/033/SRR12618133/SRR12618133.fastq.gz	0f4140bdb606897044bc9375958d3f69	3715842126
PRJNA662582	SAMN16089594	SRX9101142	SRR12618138	RNA-seq	RNA-Seq	SINGLE	SINGLE	SINGLE	SINGLE	1	SRR12618138.fastq.gz	ftp.sra.ebi.ac.uk/vol1/fastq/SRR126/038/SRR12618138/SRR12618138.fastq.gz	38795b63e589f81b35f58548d2b2692d	3050908247
PRJNA662582	SAMN16089594	SRX9101142	SRR12618139	RNA-seq	RNA-Seq	SINGLE	SINGLE	SINGLE	SINGLE	1	SRR12618139.fastq.gz	ftp.sra.ebi.ac.uk/vol1/fastq/SRR126/039/SRR12618139/SRR12618139.fastq.gz	4f2bdb73aed5196315a10c467a022597	3249988989
PRJNA739051	SAMN19770452	SRX11178684	SRR14860929	RNA-seq	RNA-Seq	PAIRED	PAIRED	PAIRED	R1	1	SRR14860929_1.fastq.gz	ftp.sra.ebi.ac.uk/vol1/fastq/SRR148/029/SRR14860929/SRR14860929_1.fastq.gz	6a6df834dcfae7e9cddb8ac67330f545	2075855493
PRJNA739051	SAMN19770452	SRX11178684	SRR14860929	RNA-seq	RNA-Seq	PAIRED	PAIRED	PAIRED	R2	2	SRR14860929_2.fastq.gz	ftp.sra.ebi.ac.uk/vol1/fastq/SRR148/029/SRR14860929/SRR14860929_2.fastq.gz	2dfef3dd6b6d56a91bbace30be77411e	2310040778
PRJNA739051	SAMN19770452	SRX11178682	SRR14860931	RNA-seq	RNA-Seq	PAIRED	PAIRED	PAIRED	R1	1	SRR14860931_1.fastq.gz	ftp.sra.ebi.ac.uk/vol1/fastq/SRR148/031/SRR14860931/SRR14860931_1.fastq.gz	c0e73bd62c0807608273dce2b16738bf	2658185777
PRJNA739051	SAMN19770452	SRX11178682	SRR14860931	RNA-seq	RNA-Seq	PAIRED	PAIRED	PAIRED	R2	2	SRR14860931_2.fastq.gz	ftp.sra.ebi.ac.uk/vol1/fastq/SRR148/031/SRR14860931/SRR14860931_2.fastq.gz	b4e23e51e5b29d9821ba6b4fb83df32f	3101019633
PRJNA739051	SAMN19770451	SRX11178681	SRR14860932	RNA-seq	RNA-Seq	PAIRED	PAIRED	PAIRED	R1	1	SRR14860932_1.fastq.gz	ftp.sra.ebi.ac.uk/vol1/fastq/SRR148/032/SRR14860932/SRR14860932_1.fastq.gz	305bcb9d0f7abf2742764c91e15cf0cd	3773768774
PRJNA739051	SAMN19770451	SRX11178681	SRR14860932	RNA-seq	RNA-Seq	PAIRED	PAIRED	PAIRED	R2	2	SRR14860932_2.fastq.gz	ftp.sra.ebi.ac.uk/vol1/fastq/SRR148/032/SRR14860932/SRR14860932_2.fastq.gz	4fb2402706daea6aab345541ba2ec37a	4281613287
PRJNA739051	SAMN19770456	SRX11178679	SRR14860934	RNA-seq	RNA-Seq	PAIRED	PAIRED	PAIRED	R1	1	SRR14860934_1.fastq.gz	ftp.sra.ebi.ac.uk/vol1/fastq/SRR148/034/SRR14860934/SRR14860934_1.fastq.gz	c3bf991b21dd81e1ab09f3e18f2ebef0	3646731854
PRJNA739051	SAMN19770456	SRX11178679	SRR14860934	RNA-seq	RNA-Seq	PAIRED	PAIRED	PAIRED	R2	2	SRR14860934_2.fastq.gz	ftp.sra.ebi.ac.uk/vol1/fastq/SRR148/034/SRR14860934/SRR14860934_2.fastq.gz	f49c33edfe73128a0b7b718f88f72b7e	4188283495
PRJNA739051	SAMN19770455	SRX11178676	SRR14860937	RNA-seq	RNA-Seq	PAIRED	PAIRED	PAIRED	R1	1	SRR14860937_1.fastq.gz	ftp.sra.ebi.ac.uk/vol1/fastq/SRR148/037/SRR14860937/SRR14860937_1.fastq.gz	dfe6f343ddcf3bf2632556d318f0c67c	3047238428
PRJNA739051	SAMN19770455	SRX11178676	SRR14860937	RNA-seq	RNA-Seq	PAIRED	PAIRED	PAIRED	R2	2	SRR14860937_2.fastq.gz	ftp.sra.ebi.ac.uk/vol1/fastq/SRR148/037/SRR14860937/SRR14860937_2.fastq.gz	6bbe3fccc7576febd67110e41ce03632	3292254425
PRJNA739051	SAMN19770454	SRX11178674	SRR14860939	RNA-seq	RNA-Seq	PAIRED	PAIRED	PAIRED	R1	1	SRR14860939_1.fastq.gz	ftp.sra.ebi.ac.uk/vol1/fastq/SRR148/039/SRR14860939/SRR14860939_1.fastq.gz	40c4345cb34fedfdda425c4547c86723	3759071136
PRJNA739051	SAMN19770454	SRX11178674	SRR14860939	RNA-seq	RNA-Seq	PAIRED	PAIRED	PAIRED	R2	2	SRR14860939_2.fastq.gz	ftp.sra.ebi.ac.uk/vol1/fastq/SRR148/039/SRR14860939/SRR14860939_2.fastq.gz	40caf72834bf14ad10357227ad879a31	4319780149
PRJNA746067	SAMN20179686	SRX11420376	SRR15111551	RNA-seq	RNA-Seq	PAIRED	PAIRED	PAIRED	R1	1	SRR15111551_1.fastq.gz	ftp.sra.ebi.ac.uk/vol1/fastq/SRR151/051/SRR15111551/SRR15111551_1.fastq.gz	00eb7eda0eac446d8ea3d319e683f445	2641574750
PRJNA746067	SAMN20179686	SRX11420376	SRR15111551	RNA-seq	RNA-Seq	PAIRED	PAIRED	PAIRED	R2	2	SRR15111551_2.fastq.gz	ftp.sra.ebi.ac.uk/vol1/fastq/SRR151/051/SRR15111551/SRR15111551_2.fastq.gz	a1ff94156f7a078862a7b2e4f4f68bd1	2725093307
PRJNA746067	SAMN20179673	SRX11420364	SRR15111563	RNA-seq	RNA-Seq	PAIRED	PAIRED	PAIRED	R1	1	SRR15111563_1.fastq.gz	ftp.sra.ebi.ac.uk/vol1/fastq/SRR151/063/SRR15111563/SRR15111563_1.fastq.gz	ef0dfec9d854f4cb3b012cd4d3b531d7	867056400
PRJNA746067	SAMN20179673	SRX11420364	SRR15111563	RNA-seq	RNA-Seq	PAIRED	PAIRED	PAIRED	R2	2	SRR15111563_2.fastq.gz	ftp.sra.ebi.ac.uk/vol1/fastq/SRR151/063/SRR15111563/SRR15111563_2.fastq.gz	4146360a0534f08812eec2929e60edea	883180230
PRJNA746067	SAMN20179671	SRX11420358	SRR15111569	RNA-seq	RNA-Seq	PAIRED	PAIRED	PAIRED	R1	1	SRR15111569_1.fastq.gz	ftp.sra.ebi.ac.uk/vol1/fastq/SRR151/069/SRR15111569/SRR15111569_1.fastq.gz	0deabf6e0787de36b1d7c8320ad912a8	938519357
PRJNA746067	SAMN20179671	SRX11420358	SRR15111569	RNA-seq	RNA-Seq	PAIRED	PAIRED	PAIRED	R2	2	SRR15111569_2.fastq.gz	ftp.sra.ebi.ac.uk/vol1/fastq/SRR151/069/SRR15111569/SRR15111569_2.fastq.gz	ac1adab96635b7c7d4e8cfb19db25d31	960115535
PRJNA746067	SAMN20179692	SRX11420352	SRR15111575	RNA-seq	RNA-Seq	PAIRED	PAIRED	PAIRED	R1	1	SRR15111575_1.fastq.gz	ftp.sra.ebi.ac.uk/vol1/fastq/SRR151/075/SRR15111575/SRR15111575_1.fastq.gz	c5b7b890f4f0bfee488836bb5e5c60a2	1584949272
PRJNA746067	SAMN20179692	SRX11420352	SRR15111575	RNA-seq	RNA-Seq	PAIRED	PAIRED	PAIRED	R2	2	SRR15111575_2.fastq.gz	ftp.sra.ebi.ac.uk/vol1/fastq/SRR151/075/SRR15111575/SRR15111575_2.fastq.gz	9424020a56ea23c7845c70eb431afc82	1618972211
PRJNA255418	SAMN02918451	SRX653806	SRR1516215	RNA-seq	RNA-Seq	SINGLE	SINGLE	SINGLE	SINGLE	1	SRR1516215.fastq.gz	ftp.sra.ebi.ac.uk/vol1/fastq/SRR151/005/SRR1516215/SRR1516215.fastq.gz	9862965712420ae46e5d45cdc87ae2f0	805078244
PRJNA749145	SAMN20355393	SRX11527344	SRR15221372	RNA-seq	RNA-Seq	PAIRED	PAIRED	PAIRED	R1	1	SRR15221372_1.fastq.gz	ftp.sra.ebi.ac.uk/vol1/fastq/SRR152/072/SRR15221372/SRR15221372_1.fastq.gz	b5aa4636a4ca926f88e8a2827f5b48d3	315740111
PRJNA749145	SAMN20355393	SRX11527344	SRR15221372	RNA-seq	RNA-Seq	PAIRED	PAIRED	PAIRED	R2	2	SRR15221372_2.fastq.gz	ftp.sra.ebi.ac.uk/vol1/fastq/SRR152/072/SRR15221372/SRR15221372_2.fastq.gz	a602bd5aa5ab6b85ff483402885a81b1	315701578
PRJNA749145	SAMN20355394	SRX11527342	SRR15221374	RNA-seq	RNA-Seq	PAIRED	PAIRED	PAIRED	R1	1	SRR15221374_1.fastq.gz	ftp.sra.ebi.ac.uk/vol1/fastq/SRR152/074/SRR15221374/SRR15221374_1.fastq.gz	757e5c93ed6cc1c7e78b41cb59ea6394	366743603
PRJNA749145	SAMN20355394	SRX11527342	SRR15221374	RNA-seq	RNA-Seq	PAIRED	PAIRED	PAIRED	R2	2	SRR15221374_2.fastq.gz	ftp.sra.ebi.ac.uk/vol1/fastq/SRR152/074/SRR15221374/SRR15221374_2.fastq.gz	18cfa588ec4b2b2cba271860842f8e9f	371890040
PRJNA749145	SAMN20355393	SRX11527332	SRR15221384	RNA-seq	RNA-Seq	PAIRED	PAIRED	PAIRED	R1	1	SRR15221384_1.fastq.gz	ftp.sra.ebi.ac.uk/vol1/fastq/SRR152/084/SRR15221384/SRR15221384_1.fastq.gz	69063afe83b0b96c16e880421d6ca36a	257459743
PRJNA749145	SAMN20355393	SRX11527332	SRR15221384	RNA-seq	RNA-Seq	PAIRED	PAIRED	PAIRED	R2	2	SRR15221384_2.fastq.gz	ftp.sra.ebi.ac.uk/vol1/fastq/SRR152/084/SRR15221384/SRR15221384_2.fastq.gz	e1a1d60bbb1c80bdcaa348cce4458d7f	255861085
PRJNA749145	SAMN20355393	SRX11527330	SRR15221386	RNA-seq	RNA-Seq	PAIRED	PAIRED	PAIRED	R1	1	SRR15221386_1.fastq.gz	ftp.sra.ebi.ac.uk/vol1/fastq/SRR152/086/SRR15221386/SRR15221386_1.fastq.gz	bf3185f82cd3319698cc385a7f14287e	257094727
PRJNA749145	SAMN20355393	SRX11527330	SRR15221386	RNA-seq	RNA-Seq	PAIRED	PAIRED	PAIRED	R2	2	SRR15221386_2.fastq.gz	ftp.sra.ebi.ac.uk/vol1/fastq/SRR152/086/SRR15221386/SRR15221386_2.fastq.gz	fbfafce0f33fe37eab07019a965478ea	256126751
PRJNA749145	SAMN20355395	SRX11527329	SRR15221387	RNA-seq	RNA-Seq	PAIRED	PAIRED	PAIRED	R1	1	SRR15221387_1.fastq.gz	ftp.sra.ebi.ac.uk/vol1/fastq/SRR152/087/SRR15221387/SRR15221387_1.fastq.gz	65e19f368aba238ae64eca51fa673828	289745335
PRJNA749145	SAMN20355395	SRX11527329	SRR15221387	RNA-seq	RNA-Seq	PAIRED	PAIRED	PAIRED	R2	2	SRR15221387_2.fastq.gz	ftp.sra.ebi.ac.uk/vol1/fastq/SRR152/087/SRR15221387/SRR15221387_2.fastq.gz	3c8c89216f777b75689e19f4015e9651	290983564
PRJNA749145	SAMN20355395	SRX11527327	SRR15221389	RNA-seq	RNA-Seq	PAIRED	PAIRED	PAIRED	R1	1	SRR15221389_1.fastq.gz	ftp.sra.ebi.ac.uk/vol1/fastq/SRR152/089/SRR15221389/SRR15221389_1.fastq.gz	f97029aa3d42b9c2f463e05210d90e2c	288122868
PRJNA749145	SAMN20355395	SRX11527327	SRR15221389	RNA-seq	RNA-Seq	PAIRED	PAIRED	PAIRED	R2	2	SRR15221389_2.fastq.gz	ftp.sra.ebi.ac.uk/vol1/fastq/SRR152/089/SRR15221389/SRR15221389_2.fastq.gz	d1af32519e0290ecadd8f78a94480e51	287285578
PRJNA749145	SAMN20355395	SRX11527318	SRR15221398	RNA-seq	RNA-Seq	PAIRED	PAIRED	PAIRED	R1	1	SRR15221398_1.fastq.gz	ftp.sra.ebi.ac.uk/vol1/fastq/SRR152/098/SRR15221398/SRR15221398_1.fastq.gz	bd03b97cca65c232db0233935cfccb67	324211589
PRJNA749145	SAMN20355395	SRX11527318	SRR15221398	RNA-seq	RNA-Seq	PAIRED	PAIRED	PAIRED	R2	2	SRR15221398_2.fastq.gz	ftp.sra.ebi.ac.uk/vol1/fastq/SRR152/098/SRR15221398/SRR15221398_2.fastq.gz	14c9e813146d73c29f5c3e116dd20765	325129472
PRJNA749145	SAMN20355394	SRX11527316	SRR15221400	RNA-seq	RNA-Seq	PAIRED	PAIRED	PAIRED	R1	1	SRR15221400_1.fastq.gz	ftp.sra.ebi.ac.uk/vol1/fastq/SRR152/000/SRR15221400/SRR15221400_1.fastq.gz	55eb5229c54c5663d8db7039eb23a25d	360821618
PRJNA749145	SAMN20355394	SRX11527316	SRR15221400	RNA-seq	RNA-Seq	PAIRED	PAIRED	PAIRED	R2	2	SRR15221400_2.fastq.gz	ftp.sra.ebi.ac.uk/vol1/fastq/SRR152/000/SRR15221400/SRR15221400_2.fastq.gz	9ead2ab85a06faa119de75fb37da5003	367455707
PRJNA742028	SAMN20893077	SRX11857244	SRR15559106	RNA-seq	RNA-Seq	SINGLE	SINGLE	SINGLE	SINGLE	1	SRR15559106.fastq.gz	ftp.sra.ebi.ac.uk/vol1/fastq/SRR155/006/SRR15559106/SRR15559106.fastq.gz	e0e28977e87ef389a21875a8455c0b00	489389435
PRJNA742028	SAMN20893075	SRX11857242	SRR15559108	RNA-seq	RNA-Seq	SINGLE	SINGLE	SINGLE	SINGLE	1	SRR15559108.fastq.gz	ftp.sra.ebi.ac.uk/vol1/fastq/SRR155/008/SRR15559108/SRR15559108.fastq.gz	aa5cd9d8fad6b3463e4a370196170f04	365429755
PRJNA742028	SAMN20893085	SRX11857234	SRR15559116	RNA-seq	RNA-Seq	SINGLE	SINGLE	SINGLE	SINGLE	1	SRR15559116.fastq.gz	ftp.sra.ebi.ac.uk/vol1/fastq/SRR155/016/SRR15559116/SRR15559116.fastq.gz	523863c809b1c0c4e92302deb54a5746	305798618
PRJNA742028	SAMN20893084	SRX11857233	SRR15559118	RNA-seq	RNA-Seq	SINGLE	SINGLE	SINGLE	SINGLE	1	SRR15559118.fastq.gz	ftp.sra.ebi.ac.uk/vol1/fastq/SRR155/018/SRR15559118/SRR15559118.fastq.gz	07ca3b9e3714a718109f28e2d01342d2	278894214
PRJNA766998	SAMN23296634	SRX13171164	SRR16980321	RNA-seq	RNA-Seq	PAIRED	PAIRED	PAIRED	R1	1	SRR16980321_1.fastq.gz	ftp.sra.ebi.ac.uk/vol1/fastq/SRR169/021/SRR16980321/SRR16980321_1.fastq.gz	4f23869b5457f83b59d0468eb6a3ce5e	2070117690
PRJNA766998	SAMN23296634	SRX13171164	SRR16980321	RNA-seq	RNA-Seq	PAIRED	PAIRED	PAIRED	R2	2	SRR16980321_2.fastq.gz	ftp.sra.ebi.ac.uk/vol1/fastq/SRR169/021/SRR16980321/SRR16980321_2.fastq.gz	fc117fc782198af65e53f29f69868ff3	2076484175
PRJNA766998	SAMN23296634	SRX13171145	SRR16980340	RNA-seq	RNA-Seq	PAIRED	PAIRED	PAIRED	R1	1	SRR16980340_1.fastq.gz	ftp.sra.ebi.ac.uk/vol1/fastq/SRR169/040/SRR16980340/SRR16980340_1.fastq.gz	f23f008316f0ceea1f96e02dbb70b605	2262947227
PRJNA766998	SAMN23296634	SRX13171145	SRR16980340	RNA-seq	RNA-Seq	PAIRED	PAIRED	PAIRED	R2	2	SRR16980340_2.fastq.gz	ftp.sra.ebi.ac.uk/vol1/fastq/SRR169/040/SRR16980340/SRR16980340_2.fastq.gz	1b174102e83cef2ddcc1949f2ce1a0ca	2269746586
PRJNA766998	SAMN23296634	SRX13171142	SRR16980343	RNA-seq	RNA-Seq	PAIRED	PAIRED	PAIRED	R1	1	SRR16980343_1.fastq.gz	ftp.sra.ebi.ac.uk/vol1/fastq/SRR169/043/SRR16980343/SRR16980343_1.fastq.gz	6ef00f1fb891606a68a972df3f46ec0c	2070798841
PRJNA766998	SAMN23296634	SRX13171142	SRR16980343	RNA-seq	RNA-Seq	PAIRED	PAIRED	PAIRED	R2	2	SRR16980343_2.fastq.gz	ftp.sra.ebi.ac.uk/vol1/fastq/SRR169/043/SRR16980343/SRR16980343_2.fastq.gz	c4b27329dc5d3b0e240204eab7b2831e	2078724051
PRJNA766998	SAMN23296634	SRX13171126	SRR16980359	RNA-seq	RNA-Seq	PAIRED	PAIRED	PAIRED	R1	1	SRR16980359_1.fastq.gz	ftp.sra.ebi.ac.uk/vol1/fastq/SRR169/059/SRR16980359/SRR16980359_1.fastq.gz	4541f3b20e816b1d32e061a50b90bbf8	1948650015
PRJNA766998	SAMN23296634	SRX13171126	SRR16980359	RNA-seq	RNA-Seq	PAIRED	PAIRED	PAIRED	R2	2	SRR16980359_2.fastq.gz	ftp.sra.ebi.ac.uk/vol1/fastq/SRR169/059/SRR16980359/SRR16980359_2.fastq.gz	89a68097a95fde8fcec9806a751b8d0f	1958054139
PRJNA766998	SAMN23296634	SRX13171125	SRR16980360	RNA-seq	RNA-Seq	PAIRED	PAIRED	PAIRED	R1	1	SRR16980360_1.fastq.gz	ftp.sra.ebi.ac.uk/vol1/fastq/SRR169/060/SRR16980360/SRR16980360_1.fastq.gz	172883daf4bca2bfa72e055c74135602	1971831854
PRJNA766998	SAMN23296634	SRX13171125	SRR16980360	RNA-seq	RNA-Seq	PAIRED	PAIRED	PAIRED	R2	2	SRR16980360_2.fastq.gz	ftp.sra.ebi.ac.uk/vol1/fastq/SRR169/060/SRR16980360/SRR16980360_2.fastq.gz	7b4312fd31a816e9213bc33a3d768652	1981924614
PRJNA766998	SAMN23296634	SRX13171118	SRR16980367	RNA-seq	RNA-Seq	PAIRED	PAIRED	PAIRED	R1	1	SRR16980367_1.fastq.gz	ftp.sra.ebi.ac.uk/vol1/fastq/SRR169/067/SRR16980367/SRR16980367_1.fastq.gz	d545f73ede0b3937a9c7201e280df2b0	2213161418
PRJNA766998	SAMN23296634	SRX13171118	SRR16980367	RNA-seq	RNA-Seq	PAIRED	PAIRED	PAIRED	R2	2	SRR16980367_2.fastq.gz	ftp.sra.ebi.ac.uk/vol1/fastq/SRR169/067/SRR16980367/SRR16980367_2.fastq.gz	94aa1e02b9444677be84d25e331a4e87	2220161130
PRJNA766998	SAMN23296634	SRX13171115	SRR16980370	RNA-seq	RNA-Seq	PAIRED	PAIRED	PAIRED	R1	1	SRR16980370_1.fastq.gz	ftp.sra.ebi.ac.uk/vol1/fastq/SRR169/070/SRR16980370/SRR16980370_1.fastq.gz	73ebffeb4e3c751103e26bc322d31bb6	2382592247
PRJNA766998	SAMN23296634	SRX13171115	SRR16980370	RNA-seq	RNA-Seq	PAIRED	PAIRED	PAIRED	R2	2	SRR16980370_2.fastq.gz	ftp.sra.ebi.ac.uk/vol1/fastq/SRR169/070/SRR16980370/SRR16980370_2.fastq.gz	087b450cfafa588630583edb436bdd06	2388515336
PRJNA810994	SAMN26308039	SRX14311054	SRR18163665	RNA-seq	RNA-Seq	SINGLE	SINGLE	SINGLE	SINGLE	1	SRR18163665.fastq.gz	ftp.sra.ebi.ac.uk/vol1/fastq/SRR181/065/SRR18163665/SRR18163665.fastq.gz	8a60c03d00ba6c830a84a153bfe0875a	3014130462
PRJNA820638	SAMN27019287	SRX14633672	SRR18502224	RNA-seq	RNA-Seq	PAIRED	PAIRED	PAIRED	R1	1	SRR18502224_1.fastq.gz	ftp.sra.ebi.ac.uk/vol1/fastq/SRR185/024/SRR18502224/SRR18502224_1.fastq.gz	d475daab627c51581727a574cae6bd5a	2045440223
PRJNA820638	SAMN27019287	SRX14633672	SRR18502224	RNA-seq	RNA-Seq	PAIRED	PAIRED	PAIRED	R2	2	SRR18502224_2.fastq.gz	ftp.sra.ebi.ac.uk/vol1/fastq/SRR185/024/SRR18502224/SRR18502224_2.fastq.gz	f6b03b584e3b3cc46a8f6abca82b1846	2098185722
PRJNA820638	SAMN27019298	SRX14633661	SRR18502235	RNA-seq	RNA-Seq	PAIRED	PAIRED	PAIRED	R1	1	SRR18502235_1.fastq.gz	ftp.sra.ebi.ac.uk/vol1/fastq/SRR185/035/SRR18502235/SRR18502235_1.fastq.gz	ee1e3a394996f189948ac5cbb0783ba4	1796234701
PRJNA820638	SAMN27019298	SRX14633661	SRR18502235	RNA-seq	RNA-Seq	PAIRED	PAIRED	PAIRED	R2	2	SRR18502235_2.fastq.gz	ftp.sra.ebi.ac.uk/vol1/fastq/SRR185/035/SRR18502235/SRR18502235_2.fastq.gz	25337c2704f59402a692174c5c1f1eff	1847307695
PRJNA820638	SAMN27019300	SRX14633659	SRR18502237	RNA-seq	RNA-Seq	PAIRED	PAIRED	PAIRED	R1	1	SRR18502237_1.fastq.gz	ftp.sra.ebi.ac.uk/vol1/fastq/SRR185/037/SRR18502237/SRR18502237_1.fastq.gz	be99bd73edb4956f9f028768c42ec1b1	1817608142
PRJNA820638	SAMN27019300	SRX14633659	SRR18502237	RNA-seq	RNA-Seq	PAIRED	PAIRED	PAIRED	R2	2	SRR18502237_2.fastq.gz	ftp.sra.ebi.ac.uk/vol1/fastq/SRR185/037/SRR18502237/SRR18502237_2.fastq.gz	102cd5ae0f5b21bb51a772fa652e05bb	1860411794
PRJNA839086	SAMN28495772	SRX15316780	SRR19256295	RNA-seq	RNA-Seq	PAIRED	PAIRED	PAIRED	R1	1	SRR19256295_1.fastq.gz	ftp.sra.ebi.ac.uk/vol1/fastq/SRR192/095/SRR19256295/SRR19256295_1.fastq.gz	df7cc12777d6614648abf6cf973a8a92	1276601004
PRJNA839086	SAMN28495772	SRX15316780	SRR19256295	RNA-seq	RNA-Seq	PAIRED	PAIRED	PAIRED	R2	2	SRR19256295_2.fastq.gz	ftp.sra.ebi.ac.uk/vol1/fastq/SRR192/095/SRR19256295/SRR19256295_2.fastq.gz	217beb2bf32368ebf7cbf0c5a0afd428	1282063933
PRJNA839086	SAMN28495773	SRX15316779	SRR19256296	RNA-seq	RNA-Seq	PAIRED	PAIRED	PAIRED	R1	1	SRR19256296_1.fastq.gz	ftp.sra.ebi.ac.uk/vol1/fastq/SRR192/096/SRR19256296/SRR19256296_1.fastq.gz	392a9e27a6b3a3a651f416af48f2e5e0	1245066834
PRJNA839086	SAMN28495773	SRX15316779	SRR19256296	RNA-seq	RNA-Seq	PAIRED	PAIRED	PAIRED	R2	2	SRR19256296_2.fastq.gz	ftp.sra.ebi.ac.uk/vol1/fastq/SRR192/096/SRR19256296/SRR19256296_2.fastq.gz	0ac00cf02ab73a01f6b1c9c22b987f99	1248162641
PRJNA839086	SAMN28495783	SRX15316769	SRR19256306	RNA-seq	RNA-Seq	PAIRED	PAIRED	PAIRED	R1	1	SRR19256306_1.fastq.gz	ftp.sra.ebi.ac.uk/vol1/fastq/SRR192/006/SRR19256306/SRR19256306_1.fastq.gz	7513861d678ca84a95405c5f0619553a	1199558865
PRJNA839086	SAMN28495783	SRX15316769	SRR19256306	RNA-seq	RNA-Seq	PAIRED	PAIRED	PAIRED	R2	2	SRR19256306_2.fastq.gz	ftp.sra.ebi.ac.uk/vol1/fastq/SRR192/006/SRR19256306/SRR19256306_2.fastq.gz	ca83b5ebe452daf95b1ca77bcdf01681	1202394216
PRJNA865478	SAMN30113683	SRX16790175	SRR20770291	ChIP-seq	ChIP-Seq	SINGLE	SINGLE	SINGLE	SINGLE	1	SRR20770291.fastq.gz	ftp.sra.ebi.ac.uk/vol1/fastq/SRR207/091/SRR20770291/SRR20770291.fastq.gz	6682c5a866839d8c850f25a8c3a61725	2475681216
PRJNA865478	SAMN30113683	SRX16790174	SRR20770292	ChIP-seq	ChIP-Seq	SINGLE	SINGLE	SINGLE	SINGLE	1	SRR20770292.fastq.gz	ftp.sra.ebi.ac.uk/vol1/fastq/SRR207/092/SRR20770292/SRR20770292.fastq.gz	3ebb4e664464ffc8f2c37bfc7a3c1de4	2189839668
PRJNA865478	SAMN30113683	SRX16790172	SRR20770294	ChIP-seq	ChIP-Seq	SINGLE	SINGLE	SINGLE	SINGLE	1	SRR20770294.fastq.gz	ftp.sra.ebi.ac.uk/vol1/fastq/SRR207/094/SRR20770294/SRR20770294.fastq.gz	b8930b0ee55c390b54bebd21ae46ce66	2193948334
PRJNA865478	SAMN30113683	SRX16790170	SRR20770296	ChIP-seq	ChIP-Seq	SINGLE	SINGLE	SINGLE	SINGLE	1	SRR20770296.fastq.gz	ftp.sra.ebi.ac.uk/vol1/fastq/SRR207/096/SRR20770296/SRR20770296.fastq.gz	47cc708e98bf6d76abc3604fe8a21420	2187878817
PRJNA938154	SAMN33426963	SRX19488782	SRR23603792	RNA-seq	RNA-Seq	PAIRED	SINGLE	UNPAIRED_FROM_PAIRED	UNPAIRED	1	SRR23603792.fastq.gz	ftp.sra.ebi.ac.uk/vol1/fastq/SRR236/092/SRR23603792/SRR23603792.fastq.gz	195c4f25c86cd98e57f5aceb135355e6	834038396
PRJNA938154	SAMN33426969	SRX19488776	SRR23603798	RNA-seq	RNA-Seq	PAIRED	SINGLE	UNPAIRED_FROM_PAIRED	UNPAIRED	1	SRR23603798.fastq.gz	ftp.sra.ebi.ac.uk/vol1/fastq/SRR236/098/SRR23603798/SRR23603798.fastq.gz	aabee5081695cec289f674c2d6dc3964	721916428
PRJNA938154	SAMN33426994	SRX19488771	SRR23603803	RNA-seq	RNA-Seq	PAIRED	SINGLE	UNPAIRED_FROM_PAIRED	UNPAIRED	1	SRR23603803.fastq.gz	ftp.sra.ebi.ac.uk/vol1/fastq/SRR236/003/SRR23603803/SRR23603803.fastq.gz	5e712e6c0618c99fcb647461ba986de5	703157161
PRJNA938154	SAMN33426997	SRX19488768	SRR23603806	RNA-seq	RNA-Seq	PAIRED	SINGLE	UNPAIRED_FROM_PAIRED	UNPAIRED	1	SRR23603806.fastq.gz	ftp.sra.ebi.ac.uk/vol1/fastq/SRR236/006/SRR23603806/SRR23603806.fastq.gz	e14cf265892e18b0b147ee76982a2113	707908944
PRJNA938154	SAMN33426998	SRX19488767	SRR23603807	RNA-seq	RNA-Seq	PAIRED	SINGLE	UNPAIRED_FROM_PAIRED	UNPAIRED	1	SRR23603807.fastq.gz	ftp.sra.ebi.ac.uk/vol1/fastq/SRR236/007/SRR23603807/SRR23603807.fastq.gz	be88095545d8da65e52c724c390189ce	717772412
PRJNA938154	SAMN33427001	SRX19488764	SRR23603810	RNA-seq	RNA-Seq	PAIRED	SINGLE	UNPAIRED_FROM_PAIRED	UNPAIRED	1	SRR23603810.fastq.gz	ftp.sra.ebi.ac.uk/vol1/fastq/SRR236/010/SRR23603810/SRR23603810.fastq.gz	ef11b2d39df8eb695d5c11bf4613a8b3	685750476
PRJNA938154	SAMN33427003	SRX19488762	SRR23603812	RNA-seq	RNA-Seq	PAIRED	SINGLE	UNPAIRED_FROM_PAIRED	UNPAIRED	1	SRR23603812.fastq.gz	ftp.sra.ebi.ac.uk/vol1/fastq/SRR236/012/SRR23603812/SRR23603812.fastq.gz	98e9572d406948135b3271b20cd0d669	765570126
PRJNA938154	SAMN33427004	SRX19488761	SRR23603813	RNA-seq	RNA-Seq	PAIRED	SINGLE	UNPAIRED_FROM_PAIRED	UNPAIRED	1	SRR23603813.fastq.gz	ftp.sra.ebi.ac.uk/vol1/fastq/SRR236/013/SRR23603813/SRR23603813.fastq.gz	08cebcbca81a05a7081323980a16229a	743569958
PRJNA938154	SAMN33427006	SRX19488759	SRR23603815	RNA-seq	RNA-Seq	PAIRED	SINGLE	UNPAIRED_FROM_PAIRED	UNPAIRED	1	SRR23603815.fastq.gz	ftp.sra.ebi.ac.uk/vol1/fastq/SRR236/015/SRR23603815/SRR23603815.fastq.gz	d7d27aa5b0a5b22563b13a31a515334d	764761704
PRJNA938154	SAMN33427009	SRX19488756	SRR23603818	RNA-seq	RNA-Seq	PAIRED	SINGLE	UNPAIRED_FROM_PAIRED	UNPAIRED	1	SRR23603818.fastq.gz	ftp.sra.ebi.ac.uk/vol1/fastq/SRR236/018/SRR23603818/SRR23603818.fastq.gz	43de8af805a35f9f650161eb635f10ff	779265526
PRJNA938154	SAMN33426974	SRX19488751	SRR23603823	RNA-seq	RNA-Seq	PAIRED	SINGLE	UNPAIRED_FROM_PAIRED	UNPAIRED	1	SRR23603823.fastq.gz	ftp.sra.ebi.ac.uk/vol1/fastq/SRR236/023/SRR23603823/SRR23603823.fastq.gz	e80bf85618e646b411ace2f28ec1db96	741909974
PRJNA938154	SAMN33426975	SRX19488750	SRR23603824	RNA-seq	RNA-Seq	PAIRED	SINGLE	UNPAIRED_FROM_PAIRED	UNPAIRED	1	SRR23603824.fastq.gz	ftp.sra.ebi.ac.uk/vol1/fastq/SRR236/024/SRR23603824/SRR23603824.fastq.gz	341b6c26e61d7fa0be35f9ecaedcefa3	823193880
PRJNA938154	SAMN33426977	SRX19488748	SRR23603826	RNA-seq	RNA-Seq	PAIRED	SINGLE	UNPAIRED_FROM_PAIRED	UNPAIRED	1	SRR23603826.fastq.gz	ftp.sra.ebi.ac.uk/vol1/fastq/SRR236/026/SRR23603826/SRR23603826.fastq.gz	b4350521f18f1f3f311200f778367001	789818963
PRJNA938154	SAMN33426982	SRX19488743	SRR23603831	RNA-seq	RNA-Seq	PAIRED	SINGLE	UNPAIRED_FROM_PAIRED	UNPAIRED	1	SRR23603831.fastq.gz	ftp.sra.ebi.ac.uk/vol1/fastq/SRR236/031/SRR23603831/SRR23603831.fastq.gz	8373b4c81474e896e45abafb1c4c2f49	734548862
PRJNA938154	SAMN33426986	SRX19488739	SRR23603835	RNA-seq	RNA-Seq	PAIRED	SINGLE	UNPAIRED_FROM_PAIRED	UNPAIRED	1	SRR23603835.fastq.gz	ftp.sra.ebi.ac.uk/vol1/fastq/SRR236/035/SRR23603835/SRR23603835.fastq.gz	2f5cae3445a1390ebe2d1a4c36a78955	760341807
PRJNA938154	SAMN33426990	SRX19488735	SRR23603839	RNA-seq	RNA-Seq	PAIRED	SINGLE	UNPAIRED_FROM_PAIRED	UNPAIRED	1	SRR23603839.fastq.gz	ftp.sra.ebi.ac.uk/vol1/fastq/SRR236/039/SRR23603839/SRR23603839.fastq.gz	e351b2c46a6986c3946ca335f2da65ce	811246725
PRJNA938154	SAMN33427012	SRX19488733	SRR23603841	RNA-seq	RNA-Seq	PAIRED	SINGLE	UNPAIRED_FROM_PAIRED	UNPAIRED	1	SRR23603841.fastq.gz	ftp.sra.ebi.ac.uk/vol1/fastq/SRR236/041/SRR23603841/SRR23603841.fastq.gz	91f7d2cf82a652e2c7aff7de75ef7cc9	963666384
PRJNA938154	SAMN33427024	SRX19488721	SRR23603853	RNA-seq	RNA-Seq	PAIRED	SINGLE	UNPAIRED_FROM_PAIRED	UNPAIRED	1	SRR23603853.fastq.gz	ftp.sra.ebi.ac.uk/vol1/fastq/SRR236/053/SRR23603853/SRR23603853.fastq.gz	5b96f210508da732ffd0f0fb7dccbaac	742764613
PRJNA938154	SAMN33427030	SRX19488715	SRR23603859	RNA-seq	RNA-Seq	PAIRED	SINGLE	UNPAIRED_FROM_PAIRED	UNPAIRED	1	SRR23603859.fastq.gz	ftp.sra.ebi.ac.uk/vol1/fastq/SRR236/059/SRR23603859/SRR23603859.fastq.gz	e7adf89ed67a69e37cd76079b0d81cfc	460451002
PRJNA938154	SAMN33427033	SRX19488712	SRR23603862	RNA-seq	RNA-Seq	PAIRED	SINGLE	UNPAIRED_FROM_PAIRED	UNPAIRED	1	SRR23603862.fastq.gz	ftp.sra.ebi.ac.uk/vol1/fastq/SRR236/062/SRR23603862/SRR23603862.fastq.gz	0c7ab4b92cba96d16e0e8625fed4c43e	493552741
PRJNA938154	SAMN33427036	SRX19488709	SRR23603865	RNA-seq	RNA-Seq	PAIRED	SINGLE	UNPAIRED_FROM_PAIRED	UNPAIRED	1	SRR23603865.fastq.gz	ftp.sra.ebi.ac.uk/vol1/fastq/SRR236/065/SRR23603865/SRR23603865.fastq.gz	275cef332b748c2c0fd1b72d68eb22b7	525094857
PRJNA938154	SAMN33427037	SRX19488708	SRR23603866	RNA-seq	RNA-Seq	PAIRED	SINGLE	UNPAIRED_FROM_PAIRED	UNPAIRED	1	SRR23603866.fastq.gz	ftp.sra.ebi.ac.uk/vol1/fastq/SRR236/066/SRR23603866/SRR23603866.fastq.gz	1b8148e1b69afcbcba5ca981142d1ff8	402412730
PRJNA938154	SAMN33427047	SRX19488698	SRR23603876	RNA-seq	RNA-Seq	PAIRED	SINGLE	UNPAIRED_FROM_PAIRED	UNPAIRED	1	SRR23603876.fastq.gz	ftp.sra.ebi.ac.uk/vol1/fastq/SRR236/076/SRR23603876/SRR23603876.fastq.gz	a2680ba5541482bf21e97e4d387ca5dd	668489852
PRJNA941080	SAMN33589141	SRX19564102	SRR23702453	RNA-seq	RNA-Seq	PAIRED	PAIRED	PAIRED	R1	1	SRR23702453_1.fastq.gz	ftp.sra.ebi.ac.uk/vol1/fastq/SRR237/053/SRR23702453/SRR23702453_1.fastq.gz	63065959e3f1924cfc77545f9eb4e837	1237238240
PRJNA941080	SAMN33589141	SRX19564102	SRR23702453	RNA-seq	RNA-Seq	PAIRED	PAIRED	PAIRED	R2	2	SRR23702453_2.fastq.gz	ftp.sra.ebi.ac.uk/vol1/fastq/SRR237/053/SRR23702453/SRR23702453_2.fastq.gz	cc6484aed78630677a9ab3f5160509f1	1238269906
PRJNA941080	SAMN33589137	SRX19564098	SRR23702457	RNA-seq	RNA-Seq	PAIRED	PAIRED	PAIRED	R1	1	SRR23702457_1.fastq.gz	ftp.sra.ebi.ac.uk/vol1/fastq/SRR237/057/SRR23702457/SRR23702457_1.fastq.gz	80a4a5dad4060c87acf083d1556230f7	1051644589
PRJNA941080	SAMN33589137	SRX19564098	SRR23702457	RNA-seq	RNA-Seq	PAIRED	PAIRED	PAIRED	R2	2	SRR23702457_2.fastq.gz	ftp.sra.ebi.ac.uk/vol1/fastq/SRR237/057/SRR23702457/SRR23702457_2.fastq.gz	fe136112e853ec210e83ba8adedf9cba	1052332478
PRJNA953054	SAMN34105231	SRX19900048	SRR24099903	RNA-seq	RNA-Seq	PAIRED	PAIRED	PAIRED	R1	1	SRR24099903_1.fastq.gz	ftp.sra.ebi.ac.uk/vol1/fastq/SRR240/003/SRR24099903/SRR24099903_1.fastq.gz	a6f1d5bce745363864aedf71ef66e2e4	1532146423
PRJNA953054	SAMN34105231	SRX19900048	SRR24099903	RNA-seq	RNA-Seq	PAIRED	PAIRED	PAIRED	R2	2	SRR24099903_2.fastq.gz	ftp.sra.ebi.ac.uk/vol1/fastq/SRR240/003/SRR24099903/SRR24099903_2.fastq.gz	13d7e2002e41407cd281eaf885983c3f	1527362440
PRJNA974014	SAMN35159449	SRX20431027	SRR24650911	RNA-seq	RNA-Seq	PAIRED	PAIRED	PAIRED	R1	1	SRR24650911_1.fastq.gz	ftp.sra.ebi.ac.uk/vol1/fastq/SRR246/011/SRR24650911/SRR24650911_1.fastq.gz	c3a4b498c485d3f9679fac7c8d260091	1234306415
PRJNA974014	SAMN35159449	SRX20431027	SRR24650911	RNA-seq	RNA-Seq	PAIRED	PAIRED	PAIRED	R2	2	SRR24650911_2.fastq.gz	ftp.sra.ebi.ac.uk/vol1/fastq/SRR246/011/SRR24650911/SRR24650911_2.fastq.gz	c7bc5d6934e02efcbda7c34606d09d2f	1310929344
PRJNA974014	SAMN35159394	SRX20431019	SRR24650919	RNA-seq	RNA-Seq	PAIRED	PAIRED	PAIRED	R1	1	SRR24650919_1.fastq.gz	ftp.sra.ebi.ac.uk/vol1/fastq/SRR246/019/SRR24650919/SRR24650919_1.fastq.gz	26721f2d968741a925e7708ee893e0ca	3634614844
PRJNA974014	SAMN35159394	SRX20431019	SRR24650919	RNA-seq	RNA-Seq	PAIRED	PAIRED	PAIRED	R2	2	SRR24650919_2.fastq.gz	ftp.sra.ebi.ac.uk/vol1/fastq/SRR246/019/SRR24650919/SRR24650919_2.fastq.gz	02b5c2496ede4a787212466881d144ba	3834545997
PRJNA974014	SAMN35159396	SRX20431017	SRR24650921	RNA-seq	RNA-Seq	PAIRED	PAIRED	PAIRED	R1	1	SRR24650921_1.fastq.gz	ftp.sra.ebi.ac.uk/vol1/fastq/SRR246/021/SRR24650921/SRR24650921_1.fastq.gz	202009e8a2474190ed86b51f18b66a69	3857343887
PRJNA974014	SAMN35159396	SRX20431017	SRR24650921	RNA-seq	RNA-Seq	PAIRED	PAIRED	PAIRED	R2	2	SRR24650921_2.fastq.gz	ftp.sra.ebi.ac.uk/vol1/fastq/SRR246/021/SRR24650921/SRR24650921_2.fastq.gz	e631badb923fcdd821eec20d4fccb49e	4089452393
PRJNA974014	SAMN35159399	SRX20431014	SRR24650924	RNA-seq	RNA-Seq	PAIRED	PAIRED	PAIRED	R1	1	SRR24650924_1.fastq.gz	ftp.sra.ebi.ac.uk/vol1/fastq/SRR246/024/SRR24650924/SRR24650924_1.fastq.gz	1bf8081c059024a4654c0f6cba998223	3698837077
PRJNA974014	SAMN35159399	SRX20431014	SRR24650924	RNA-seq	RNA-Seq	PAIRED	PAIRED	PAIRED	R2	2	SRR24650924_2.fastq.gz	ftp.sra.ebi.ac.uk/vol1/fastq/SRR246/024/SRR24650924/SRR24650924_2.fastq.gz	a0884aa42d456cd8cf7e54a71a235aa0	4017000573
PRJNA974014	SAMN35159424	SRX20431013	SRR24650925	RNA-seq	RNA-Seq	PAIRED	PAIRED	PAIRED	R1	1	SRR24650925_1.fastq.gz	ftp.sra.ebi.ac.uk/vol1/fastq/SRR246/025/SRR24650925/SRR24650925_1.fastq.gz	cb9a77dff3726ff0aeeb2934b5b3085b	1196460870
PRJNA974014	SAMN35159424	SRX20431013	SRR24650925	RNA-seq	RNA-Seq	PAIRED	PAIRED	PAIRED	R2	2	SRR24650925_2.fastq.gz	ftp.sra.ebi.ac.uk/vol1/fastq/SRR246/025/SRR24650925/SRR24650925_2.fastq.gz	08273431a8edbf8cc51c1d2cf92c44c9	1274704856
PRJNA974014	SAMN35159458	SRX20431003	SRR24650935	RNA-seq	RNA-Seq	PAIRED	PAIRED	PAIRED	R1	1	SRR24650935_1.fastq.gz	ftp.sra.ebi.ac.uk/vol1/fastq/SRR246/035/SRR24650935/SRR24650935_1.fastq.gz	48627faf14ad52486cff66239a9f12e8	1156710695
PRJNA974014	SAMN35159458	SRX20431003	SRR24650935	RNA-seq	RNA-Seq	PAIRED	PAIRED	PAIRED	R2	2	SRR24650935_2.fastq.gz	ftp.sra.ebi.ac.uk/vol1/fastq/SRR246/035/SRR24650935/SRR24650935_2.fastq.gz	5f92e66eb7402e5fefbf82e449a5e904	1240310331
PRJNA974014	SAMN35159459	SRX20431002	SRR24650936	RNA-seq	RNA-Seq	PAIRED	PAIRED	PAIRED	R1	1	SRR24650936_1.fastq.gz	ftp.sra.ebi.ac.uk/vol1/fastq/SRR246/036/SRR24650936/SRR24650936_1.fastq.gz	227d43c72cc115f1c647d769e9ac1525	1119703588
PRJNA974014	SAMN35159459	SRX20431002	SRR24650936	RNA-seq	RNA-Seq	PAIRED	PAIRED	PAIRED	R2	2	SRR24650936_2.fastq.gz	ftp.sra.ebi.ac.uk/vol1/fastq/SRR246/036/SRR24650936/SRR24650936_2.fastq.gz	7b497fd2df41d9fd469d1ea5eb09cf66	1199471661
PRJNA974014	SAMN35159460	SRX20431001	SRR24650937	RNA-seq	RNA-Seq	PAIRED	PAIRED	PAIRED	R1	1	SRR24650937_1.fastq.gz	ftp.sra.ebi.ac.uk/vol1/fastq/SRR246/037/SRR24650937/SRR24650937_1.fastq.gz	1bc58802392a6a0cabe5a836c8f08336	1179500129
PRJNA974014	SAMN35159460	SRX20431001	SRR24650937	RNA-seq	RNA-Seq	PAIRED	PAIRED	PAIRED	R2	2	SRR24650937_2.fastq.gz	ftp.sra.ebi.ac.uk/vol1/fastq/SRR246/037/SRR24650937/SRR24650937_2.fastq.gz	4a0ddc86a5bb57bc9a4f282970faea65	1261242003
PRJNA974014	SAMN35159432	SRX20430989	SRR24650949	RNA-seq	RNA-Seq	PAIRED	PAIRED	PAIRED	R1	1	SRR24650949_1.fastq.gz	ftp.sra.ebi.ac.uk/vol1/fastq/SRR246/049/SRR24650949/SRR24650949_1.fastq.gz	d7f5d4c42fa7f162bb2815faeae5e7a3	1064408936
PRJNA974014	SAMN35159432	SRX20430989	SRR24650949	RNA-seq	RNA-Seq	PAIRED	PAIRED	PAIRED	R2	2	SRR24650949_2.fastq.gz	ftp.sra.ebi.ac.uk/vol1/fastq/SRR246/049/SRR24650949/SRR24650949_2.fastq.gz	61225006c64592404f13bbc0a1f996ee	1124242933
PRJNA974014	SAMN35159435	SRX20430986	SRR24650952	RNA-seq	RNA-Seq	PAIRED	PAIRED	PAIRED	R1	1	SRR24650952_1.fastq.gz	ftp.sra.ebi.ac.uk/vol1/fastq/SRR246/052/SRR24650952/SRR24650952_1.fastq.gz	288c31490fe959aec36a9a0e07159704	1077472214
PRJNA974014	SAMN35159435	SRX20430986	SRR24650952	RNA-seq	RNA-Seq	PAIRED	PAIRED	PAIRED	R2	2	SRR24650952_2.fastq.gz	ftp.sra.ebi.ac.uk/vol1/fastq/SRR246/052/SRR24650952/SRR24650952_2.fastq.gz	3eb8dbcfbc7a84f94796499b2d5eddf1	1151657426
PRJNA974014	SAMN35159467	SRX20430978	SRR24650960	RNA-seq	RNA-Seq	PAIRED	PAIRED	PAIRED	R1	1	SRR24650960_1.fastq.gz	ftp.sra.ebi.ac.uk/vol1/fastq/SRR246/060/SRR24650960/SRR24650960_1.fastq.gz	a5bb02279ba057d1442f344313741754	1058821483
PRJNA974014	SAMN35159467	SRX20430978	SRR24650960	RNA-seq	RNA-Seq	PAIRED	PAIRED	PAIRED	R2	2	SRR24650960_2.fastq.gz	ftp.sra.ebi.ac.uk/vol1/fastq/SRR246/060/SRR24650960/SRR24650960_2.fastq.gz	3d8e9ee06c9b64eca732bb3a11f26a65	1114090705
PRJNA974014	SAMN35159470	SRX20430975	SRR24650963	RNA-seq	RNA-Seq	PAIRED	PAIRED	PAIRED	R1	1	SRR24650963_1.fastq.gz	ftp.sra.ebi.ac.uk/vol1/fastq/SRR246/063/SRR24650963/SRR24650963_1.fastq.gz	8fe9092e254a47e50744c8ebba502a5d	1064742425
PRJNA974014	SAMN35159470	SRX20430975	SRR24650963	RNA-seq	RNA-Seq	PAIRED	PAIRED	PAIRED	R2	2	SRR24650963_2.fastq.gz	ftp.sra.ebi.ac.uk/vol1/fastq/SRR246/063/SRR24650963/SRR24650963_2.fastq.gz	860deef20e0234781440cbb218d39962	1108752317
PRJNA974014	SAMN35159415	SRX20430966	SRR24650972	RNA-seq	RNA-Seq	PAIRED	PAIRED	PAIRED	R1	1	SRR24650972_1.fastq.gz	ftp.sra.ebi.ac.uk/vol1/fastq/SRR246/072/SRR24650972/SRR24650972_1.fastq.gz	2c4be0d97770049ca724237d09afbf35	893052267
PRJNA974014	SAMN35159415	SRX20430966	SRR24650972	RNA-seq	RNA-Seq	PAIRED	PAIRED	PAIRED	R2	2	SRR24650972_2.fastq.gz	ftp.sra.ebi.ac.uk/vol1/fastq/SRR246/072/SRR24650972/SRR24650972_2.fastq.gz	315710be5f74b5d38e1d8fb2cd9cb123	940279675
PRJNA974014	SAMN35159440	SRX20430965	SRR24650973	RNA-seq	RNA-Seq	PAIRED	PAIRED	PAIRED	R1	1	SRR24650973_1.fastq.gz	ftp.sra.ebi.ac.uk/vol1/fastq/SRR246/073/SRR24650973/SRR24650973_1.fastq.gz	11457f8ef4c1751f7a8c28e3f44cc511	1137350261
PRJNA974014	SAMN35159440	SRX20430965	SRR24650973	RNA-seq	RNA-Seq	PAIRED	PAIRED	PAIRED	R2	2	SRR24650973_2.fastq.gz	ftp.sra.ebi.ac.uk/vol1/fastq/SRR246/073/SRR24650973/SRR24650973_2.fastq.gz	43eb09cdf30ad8f876fba1db27f1746d	1215725031
PRJNA974014	SAMN35159442	SRX20430963	SRR24650975	RNA-seq	RNA-Seq	PAIRED	PAIRED	PAIRED	R1	1	SRR24650975_1.fastq.gz	ftp.sra.ebi.ac.uk/vol1/fastq/SRR246/075/SRR24650975/SRR24650975_1.fastq.gz	369774e3ff2593231410a6d1f8f567ea	1182844850
PRJNA974014	SAMN35159442	SRX20430963	SRR24650975	RNA-seq	RNA-Seq	PAIRED	PAIRED	PAIRED	R2	2	SRR24650975_2.fastq.gz	ftp.sra.ebi.ac.uk/vol1/fastq/SRR246/075/SRR24650975/SRR24650975_2.fastq.gz	c2c5c3d6e8a13795dea9ccf21a53ef16	1263272602
PRJNA974014	SAMN35159472	SRX20430957	SRR24650981	RNA-seq	RNA-Seq	PAIRED	PAIRED	PAIRED	R1	1	SRR24650981_1.fastq.gz	ftp.sra.ebi.ac.uk/vol1/fastq/SRR246/081/SRR24650981/SRR24650981_1.fastq.gz	0b6e50644d1eb36f1d9020ff27c5f75a	1048449799
PRJNA974014	SAMN35159472	SRX20430957	SRR24650981	RNA-seq	RNA-Seq	PAIRED	PAIRED	PAIRED	R2	2	SRR24650981_2.fastq.gz	ftp.sra.ebi.ac.uk/vol1/fastq/SRR246/081/SRR24650981/SRR24650981_2.fastq.gz	d58204b64b3cbca528a9595682566e09	1118890319
PRJNA974014	SAMN35159480	SRX20430949	SRR24650989	RNA-seq	RNA-Seq	PAIRED	PAIRED	PAIRED	R1	1	SRR24650989_1.fastq.gz	ftp.sra.ebi.ac.uk/vol1/fastq/SRR246/089/SRR24650989/SRR24650989_1.fastq.gz	737e093dfab40ed3eff7fe37776ca639	1337001983
PRJNA974014	SAMN35159480	SRX20430949	SRR24650989	RNA-seq	RNA-Seq	PAIRED	PAIRED	PAIRED	R2	2	SRR24650989_2.fastq.gz	ftp.sra.ebi.ac.uk/vol1/fastq/SRR246/089/SRR24650989/SRR24650989_2.fastq.gz	14038127de4ebda81d04388d12c2344c	1426889467
PRJNA974014	SAMN35159483	SRX20430946	SRR24650992	RNA-seq	RNA-Seq	PAIRED	PAIRED	PAIRED	R1	1	SRR24650992_1.fastq.gz	ftp.sra.ebi.ac.uk/vol1/fastq/SRR246/092/SRR24650992/SRR24650992_1.fastq.gz	4bd4cf4cfb185fd21676f2cf7aa2a1ee	1242180065
PRJNA974014	SAMN35159483	SRX20430946	SRR24650992	RNA-seq	RNA-Seq	PAIRED	PAIRED	PAIRED	R2	2	SRR24650992_2.fastq.gz	ftp.sra.ebi.ac.uk/vol1/fastq/SRR246/092/SRR24650992/SRR24650992_2.fastq.gz	5065dbf9ae6e2cc7f6b7c28f5fb73769	1305291279
PRJNA974014	SAMN35159485	SRX20430944	SRR24650994	RNA-seq	RNA-Seq	PAIRED	PAIRED	PAIRED	R1	1	SRR24650994_1.fastq.gz	ftp.sra.ebi.ac.uk/vol1/fastq/SRR246/094/SRR24650994/SRR24650994_1.fastq.gz	f6fcec1c71ef6b6fda4e1f0a122711d7	1203886914
PRJNA974014	SAMN35159485	SRX20430944	SRR24650994	RNA-seq	RNA-Seq	PAIRED	PAIRED	PAIRED	R2	2	SRR24650994_2.fastq.gz	ftp.sra.ebi.ac.uk/vol1/fastq/SRR246/094/SRR24650994/SRR24650994_2.fastq.gz	631b0b2af2d0217b7bcd5a5d9a127633	1267174142
PRJEB37009	SAMEA6602853	ERX3975432	ERR3972095	RNA-seq	RNA-Seq	SINGLE	SINGLE	SINGLE	SINGLE	1	ERR3972095.fastq.gz	ftp.sra.ebi.ac.uk/vol1/fastq/ERR397/005/ERR3972095/ERR3972095.fastq.gz	645da7be3d0ebf1e728b4b8b086247dd	1960851205
PRJEB37009	SAMEA6602854	ERX3975433	ERR3972096	RNA-seq	RNA-Seq	SINGLE	SINGLE	SINGLE	SINGLE	1	ERR3972096.fastq.gz	ftp.sra.ebi.ac.uk/vol1/fastq/ERR397/006/ERR3972096/ERR3972096.fastq.gz	2f671b597932d6d1458772f2ad7e6874	1946673210
PRJNA593052	SAMN13451146	SRX7254149	SRR10572657	RNA-seq	RNA-Seq	PAIRED	PAIRED	PAIRED	R1	1	SRR10572657_1.fastq.gz	ftp.sra.ebi.ac.uk/vol1/fastq/SRR105/057/SRR10572657/SRR10572657_1.fastq.gz	2afa53be6fc3d00280a0a322541a705f	6331308698
PRJNA593052	SAMN13451146	SRX7254149	SRR10572657	RNA-seq	RNA-Seq	PAIRED	PAIRED	PAIRED	R2	2	SRR10572657_2.fastq.gz	ftp.sra.ebi.ac.uk/vol1/fastq/SRR105/057/SRR10572657/SRR10572657_2.fastq.gz	5a1ce23bfb283b161b4de62ee72f0698	6554360296
PRJNA785251	SAMN23551696	SRX13273392	SRR17085239	RNA-seq	RNA-Seq	SINGLE	SINGLE	SINGLE	SINGLE	1	SRR17085239.fastq.gz	ftp.sra.ebi.ac.uk/vol1/fastq/SRR170/039/SRR17085239/SRR17085239.fastq.gz	72afac1af636625f18fdaea39147b2ed	51180524
PRJNA785251	SAMN23551699	SRX13273389	SRR17085253	RNA-seq	RNA-Seq	SINGLE	SINGLE	SINGLE	SINGLE	1	SRR17085253.fastq.gz	ftp.sra.ebi.ac.uk/vol1/fastq/SRR170/053/SRR17085253/SRR17085253.fastq.gz	dc65a41dbd221b815fa5e590a24abe28	138899700
PRJNA785251	SAMN23551699	SRX13273389	SRR17085254	RNA-seq	RNA-Seq	SINGLE	SINGLE	SINGLE	SINGLE	1	SRR17085254.fastq.gz	ftp.sra.ebi.ac.uk/vol1/fastq/SRR170/054/SRR17085254/SRR17085254.fastq.gz	4167e67a9b0e0d8c2758751469430a28	139208578
PRJNA785251	SAMN23551700	SRX13273388	SRR17085257	RNA-seq	RNA-Seq	SINGLE	SINGLE	SINGLE	SINGLE	1	SRR17085257.fastq.gz	ftp.sra.ebi.ac.uk/vol1/fastq/SRR170/057/SRR17085257/SRR17085257.fastq.gz	459877b0d5ca9c8cc23baa478d994313	138615744
PRJNA785251	SAMN23551700	SRX13273388	SRR17085258	RNA-seq	RNA-Seq	SINGLE	SINGLE	SINGLE	SINGLE	1	SRR17085258.fastq.gz	ftp.sra.ebi.ac.uk/vol1/fastq/SRR170/058/SRR17085258/SRR17085258.fastq.gz	1c4116649bcef39ccdbcbe39b0d2c14c	39744925
PRJNA785251	SAMN23551700	SRX13273388	SRR17085259	RNA-seq	RNA-Seq	SINGLE	SINGLE	SINGLE	SINGLE	1	SRR17085259.fastq.gz	ftp.sra.ebi.ac.uk/vol1/fastq/SRR170/059/SRR17085259/SRR17085259.fastq.gz	61f330e428a15e0baaa3b59efd63085d	138439303
PRJNA785251	SAMN23551700	SRX13273388	SRR17085260	RNA-seq	RNA-Seq	SINGLE	SINGLE	SINGLE	SINGLE	1	SRR17085260.fastq.gz	ftp.sra.ebi.ac.uk/vol1/fastq/SRR170/060/SRR17085260/SRR17085260.fastq.gz	baf74d9e5eb3bb7e3b3f8525eae64e9f	139638849
PRJNA785251	SAMN23551702	SRX13273386	SRR17085266	RNA-seq	RNA-Seq	SINGLE	SINGLE	SINGLE	SINGLE	1	SRR17085266.fastq.gz	ftp.sra.ebi.ac.uk/vol1/fastq/SRR170/066/SRR17085266/SRR17085266.fastq.gz	0627aef3a95ac9a47569630bf8ab7b7b	138830670
PRJNA785251	SAMN23551702	SRX13273386	SRR17085267	RNA-seq	RNA-Seq	SINGLE	SINGLE	SINGLE	SINGLE	1	SRR17085267.fastq.gz	ftp.sra.ebi.ac.uk/vol1/fastq/SRR170/067/SRR17085267/SRR17085267.fastq.gz	3e4e86852e4508655d5775e944753f07	138322782
PRJNA785251	SAMN23551702	SRX13273386	SRR17085268	RNA-seq	RNA-Seq	SINGLE	SINGLE	SINGLE	SINGLE	1	SRR17085268.fastq.gz	ftp.sra.ebi.ac.uk/vol1/fastq/SRR170/068/SRR17085268/SRR17085268.fastq.gz	7ceb6f4b00cc7649c922aedd97e7ca19	15475096
PRJNA785251	SAMN23551702	SRX13273386	SRR17085270	RNA-seq	RNA-Seq	SINGLE	SINGLE	SINGLE	SINGLE	1	SRR17085270.fastq.gz	ftp.sra.ebi.ac.uk/vol1/fastq/SRR170/070/SRR17085270/SRR17085270.fastq.gz	531f1386efcbaa4b04db82cf7c90f4bc	139091163
PRJNA785251	SAMN23551704	SRX13273384	SRR17085279	RNA-seq	RNA-Seq	SINGLE	SINGLE	SINGLE	SINGLE	1	SRR17085279.fastq.gz	ftp.sra.ebi.ac.uk/vol1/fastq/SRR170/079/SRR17085279/SRR17085279.fastq.gz	e299312c9e99c9d8366e624b6de79295	138480492
PRJNA785251	SAMN23551704	SRX13273384	SRR17085281	RNA-seq	RNA-Seq	SINGLE	SINGLE	SINGLE	SINGLE	1	SRR17085281.fastq.gz	ftp.sra.ebi.ac.uk/vol1/fastq/SRR170/081/SRR17085281/SRR17085281.fastq.gz	7ee8afe3d51803602087c5ef8dfaea54	137164842
PRJNA785251	SAMN23551704	SRX13273384	SRR17085283	RNA-seq	RNA-Seq	SINGLE	SINGLE	SINGLE	SINGLE	1	SRR17085283.fastq.gz	ftp.sra.ebi.ac.uk/vol1/fastq/SRR170/083/SRR17085283/SRR17085283.fastq.gz	1d29fef05518b312e5055624bfd9108a	64452593
PRJNA785251	SAMN23551706	SRX13273382	SRR17085293	RNA-seq	RNA-Seq	SINGLE	SINGLE	SINGLE	SINGLE	1	SRR17085293.fastq.gz	ftp.sra.ebi.ac.uk/vol1/fastq/SRR170/093/SRR17085293/SRR17085293.fastq.gz	03c52b364200843519a43c71d26eafe6	140997612
PRJNA785251	SAMN23551706	SRX13273382	SRR17085294	RNA-seq	RNA-Seq	SINGLE	SINGLE	SINGLE	SINGLE	1	SRR17085294.fastq.gz	ftp.sra.ebi.ac.uk/vol1/fastq/SRR170/094/SRR17085294/SRR17085294.fastq.gz	c0d9c34f53cd5c10586daf4998ca5bfa	142325650
PRJNA785251	SAMN23551706	SRX13273382	SRR17085295	RNA-seq	RNA-Seq	SINGLE	SINGLE	SINGLE	SINGLE	1	SRR17085295.fastq.gz	ftp.sra.ebi.ac.uk/vol1/fastq/SRR170/095/SRR17085295/SRR17085295.fastq.gz	689057d8ec0d0ad88f713b6cca6657e5	41843877
PRJNA785251	SAMN23551707	SRX13273381	SRR17085299	RNA-seq	RNA-Seq	SINGLE	SINGLE	SINGLE	SINGLE	1	SRR17085299.fastq.gz	ftp.sra.ebi.ac.uk/vol1/fastq/SRR170/099/SRR17085299/SRR17085299.fastq.gz	4b40cbbbe1b918d66be3af046190cf04	137732315
PRJNA785251	SAMN23551708	SRX13273380	SRR17085302	RNA-seq	RNA-Seq	SINGLE	SINGLE	SINGLE	SINGLE	1	SRR17085302.fastq.gz	ftp.sra.ebi.ac.uk/vol1/fastq/SRR170/002/SRR17085302/SRR17085302.fastq.gz	1b4cc657ee0fc532d6db1bea57a92d8b	137642174
PRJNA785251	SAMN23551708	SRX13273380	SRR17085303	RNA-seq	RNA-Seq	SINGLE	SINGLE	SINGLE	SINGLE	1	SRR17085303.fastq.gz	ftp.sra.ebi.ac.uk/vol1/fastq/SRR170/003/SRR17085303/SRR17085303.fastq.gz	8b811880a72b3c3863a8aec2898139d7	138399067
PRJNA785251	SAMN23551708	SRX13273380	SRR17085304	RNA-seq	RNA-Seq	SINGLE	SINGLE	SINGLE	SINGLE	1	SRR17085304.fastq.gz	ftp.sra.ebi.ac.uk/vol1/fastq/SRR170/004/SRR17085304/SRR17085304.fastq.gz	0f242387fd0577330041aaa386ff4eaa	46474602
PRJNA785251	SAMN23551691	SRX13273378	SRR17085315	RNA-seq	RNA-Seq	SINGLE	SINGLE	SINGLE	SINGLE	1	SRR17085315.fastq.gz	ftp.sra.ebi.ac.uk/vol1/fastq/SRR170/015/SRR17085315/SRR17085315.fastq.gz	8f51e881b6395f59ba95e9c85d025bcb	138590611
PRJNA785251	SAMN23551691	SRX13273378	SRR17085316	RNA-seq	RNA-Seq	SINGLE	SINGLE	SINGLE	SINGLE	1	SRR17085316.fastq.gz	ftp.sra.ebi.ac.uk/vol1/fastq/SRR170/016/SRR17085316/SRR17085316.fastq.gz	aab8a927989922add8590114a28e37dd	19812680
PRJNA785251	SAMN23551691	SRX13273378	SRR17085318	RNA-seq	RNA-Seq	SINGLE	SINGLE	SINGLE	SINGLE	1	SRR17085318.fastq.gz	ftp.sra.ebi.ac.uk/vol1/fastq/SRR170/018/SRR17085318/SRR17085318.fastq.gz	0a6648fdedacf053eabe1de02f24d00e	139409986
PRJNA785251	SAMN23551693	SRX13273376	SRR17085331	RNA-seq	RNA-Seq	SINGLE	SINGLE	SINGLE	SINGLE	1	SRR17085331.fastq.gz	ftp.sra.ebi.ac.uk/vol1/fastq/SRR170/031/SRR17085331/SRR17085331.fastq.gz	954dfdeba99fb6b249b670d998df06f8	60234317
PRJNA785251	SAMN23551694	SRX13273375	SRR17085333	RNA-seq	RNA-Seq	SINGLE	SINGLE	SINGLE	SINGLE	1	SRR17085333.fastq.gz	ftp.sra.ebi.ac.uk/vol1/fastq/SRR170/033/SRR17085333/SRR17085333.fastq.gz	7a5ae0b81d6bb7f86be5de978e3d816b	138271302
PRJNA785251	SAMN23551694	SRX13273375	SRR17085334	RNA-seq	RNA-Seq	SINGLE	SINGLE	SINGLE	SINGLE	1	SRR17085334.fastq.gz	ftp.sra.ebi.ac.uk/vol1/fastq/SRR170/034/SRR17085334/SRR17085334.fastq.gz	4a22738dd880bfd3076e32ee850ab519	25372422
PRJNA1363687	SAMN53215353	SRX31258996	SRR36222939	RNA-seq	RNA-Seq	PAIRED	PAIRED	PAIRED	R1	1	SRR36222939_1.fastq.gz	ftp.sra.ebi.ac.uk/vol1/fastq/SRR362/039/SRR36222939/SRR36222939_1.fastq.gz	8f7ae1d9a631a82fbd952053859509fe	1400910969
PRJNA1363687	SAMN53215353	SRX31258996	SRR36222939	RNA-seq	RNA-Seq	PAIRED	PAIRED	PAIRED	R2	2	SRR36222939_2.fastq.gz	ftp.sra.ebi.ac.uk/vol1/fastq/SRR362/039/SRR36222939/SRR36222939_2.fastq.gz	d9b6dc3f2b85d075672f45daa36956b2	1426878400
PRJNA1397461	SAMN54431533	SRX31674364	SRR36663590	RNA-seq	RNA-Seq	PAIRED	PAIRED	PAIRED	R1	1	SRR36663590_1.fastq.gz	ftp.sra.ebi.ac.uk/vol1/fastq/SRR366/090/SRR36663590/SRR36663590_1.fastq.gz	d633b658ac73675d37e6d47cb621f070	1300329435
PRJNA1397461	SAMN54431533	SRX31674364	SRR36663590	RNA-seq	RNA-Seq	PAIRED	PAIRED	PAIRED	R2	2	SRR36663590_2.fastq.gz	ftp.sra.ebi.ac.uk/vol1/fastq/SRR366/090/SRR36663590/SRR36663590_2.fastq.gz	038a00873fea70146c2b9ed68bbc62ee	1290321421
PRJNA1397464	SAMN54431544	SRX31674378	SRR36663598	RNA-seq	RNA-Seq	PAIRED	PAIRED	PAIRED	R1	1	SRR36663598_1.fastq.gz	ftp.sra.ebi.ac.uk/vol1/fastq/SRR366/098/SRR36663598/SRR36663598_1.fastq.gz	4129e574c9fe2c2edc10d8ae2b29f15c	1408527886
PRJNA1397464	SAMN54431544	SRX31674378	SRR36663598	RNA-seq	RNA-Seq	PAIRED	PAIRED	PAIRED	R2	2	SRR36663598_2.fastq.gz	ftp.sra.ebi.ac.uk/vol1/fastq/SRR366/098/SRR36663598/SRR36663598_2.fastq.gz	42127c1110c2aa9070d921c21a516f97	1408760340
PRJNA1399147	SAMN54474209	SRX31707197	SRR36699391	RNA-seq	RNA-Seq	PAIRED	PAIRED	PAIRED	R1	1	SRR36699391_1.fastq.gz	ftp.sra.ebi.ac.uk/vol1/fastq/SRR366/091/SRR36699391/SRR36699391_1.fastq.gz	e387746ef4724e83da056762ba30449a	3807838527
PRJNA1399147	SAMN54474209	SRX31707197	SRR36699391	RNA-seq	RNA-Seq	PAIRED	PAIRED	PAIRED	R2	2	SRR36699391_2.fastq.gz	ftp.sra.ebi.ac.uk/vol1/fastq/SRR366/091/SRR36699391/SRR36699391_2.fastq.gz	180dbdc0fff6d6d37dbb49823ba4c490	3835394247
PRJNA378939	SAMN06563821	SRX2654727	SRR5358887	RNA-seq	RNA-Seq	PAIRED	PAIRED	PAIRED	R1	1	SRR5358887_1.fastq.gz	ftp.sra.ebi.ac.uk/vol1/fastq/SRR535/007/SRR5358887/SRR5358887_1.fastq.gz	d67822fc81aa771e1073f4538ba08c9b	2065987224
PRJNA378939	SAMN06563821	SRX2654727	SRR5358887	RNA-seq	RNA-Seq	PAIRED	PAIRED	PAIRED	R2	2	SRR5358887_2.fastq.gz	ftp.sra.ebi.ac.uk/vol1/fastq/SRR535/007/SRR5358887/SRR5358887_2.fastq.gz	99c5413142b4c6f26133ced7bc4fdfeb	2031466083
PRJNA378939	SAMN06563821	SRX2654728	SRR5358888	RNA-seq	RNA-Seq	PAIRED	PAIRED	PAIRED	R1	1	SRR5358888_1.fastq.gz	ftp.sra.ebi.ac.uk/vol1/fastq/SRR535/008/SRR5358888/SRR5358888_1.fastq.gz	bf1c556ab1ecda1676909301122f112f	3307273593
PRJNA378939	SAMN06563821	SRX2654728	SRR5358888	RNA-seq	RNA-Seq	PAIRED	PAIRED	PAIRED	R2	2	SRR5358888_2.fastq.gz	ftp.sra.ebi.ac.uk/vol1/fastq/SRR535/008/SRR5358888/SRR5358888_2.fastq.gz	0ecb5289c1cbe228f4ec2fd1317d9b85	3389910876
PRJNA378247	SAMN06481667	SRX2701777	SRR5409492	RNA-seq	RNA-Seq	PAIRED	PAIRED	PAIRED	R1	1	SRR5409492_1.fastq.gz	ftp.sra.ebi.ac.uk/vol1/fastq/SRR540/002/SRR5409492/SRR5409492_1.fastq.gz	a1022179c67421c64eb45b5c1f08e4db	1056947972
PRJNA378247	SAMN06481667	SRX2701777	SRR5409492	RNA-seq	RNA-Seq	PAIRED	PAIRED	PAIRED	R2	2	SRR5409492_2.fastq.gz	ftp.sra.ebi.ac.uk/vol1/fastq/SRR540/002/SRR5409492/SRR5409492_2.fastq.gz	68c7380229a47856ad7aee5e07c9a4d2	1110679663
PRJNA393479	SAMN07334560	SRX2991084	SRR5812565	RNA-seq	RNA-Seq	PAIRED	PAIRED	PAIRED	R1	1	SRR5812565_1.fastq.gz	ftp.sra.ebi.ac.uk/vol1/fastq/SRR581/005/SRR5812565/SRR5812565_1.fastq.gz	0f2fed538416aa7bc422f986c760e33d	5869169280
PRJNA393479	SAMN07334560	SRX2991084	SRR5812565	RNA-seq	RNA-Seq	PAIRED	PAIRED	PAIRED	R2	2	SRR5812565_2.fastq.gz	ftp.sra.ebi.ac.uk/vol1/fastq/SRR581/005/SRR5812565/SRR5812565_2.fastq.gz	2eda5100d3debe504f3c93c959642bc4	5872501544
PRJNA393479	SAMN07334554	SRX2991090	SRR5812573	RNA-seq	RNA-Seq	PAIRED	PAIRED	PAIRED	R1	1	SRR5812573_1.fastq.gz	ftp.sra.ebi.ac.uk/vol1/fastq/SRR581/003/SRR5812573/SRR5812573_1.fastq.gz	c36e49697b7513af73e5360a04518782	2120593755
PRJNA393479	SAMN07334554	SRX2991090	SRR5812573	RNA-seq	RNA-Seq	PAIRED	PAIRED	PAIRED	R2	2	SRR5812573_2.fastq.gz	ftp.sra.ebi.ac.uk/vol1/fastq/SRR581/003/SRR5812573/SRR5812573_2.fastq.gz	25398364dfa97e6943df528970a71951	2198330558
PRJNA488640	SAMN09938582	SRX4626198	SRR7770743	RNA-seq	RNA-Seq	PAIRED	PAIRED	PAIRED	R1	1	SRR7770743_1.fastq.gz	ftp.sra.ebi.ac.uk/vol1/fastq/SRR777/003/SRR7770743/SRR7770743_1.fastq.gz	a9e07648236d8ae5e97ef85d5f763ff2	1766619542
PRJNA488640	SAMN09938582	SRX4626198	SRR7770743	RNA-seq	RNA-Seq	PAIRED	PAIRED	PAIRED	R2	2	SRR7770743_2.fastq.gz	ftp.sra.ebi.ac.uk/vol1/fastq/SRR777/003/SRR7770743/SRR7770743_2.fastq.gz	c3abfa23a9998ca1e5dcce634e2af7fa	1828065225
PRJNA488640	SAMN09938579	SRX4626201	SRR7770746	RNA-seq	RNA-Seq	PAIRED	PAIRED	PAIRED	R1	1	SRR7770746_1.fastq.gz	ftp.sra.ebi.ac.uk/vol1/fastq/SRR777/006/SRR7770746/SRR7770746_1.fastq.gz	dc4d6e8656f527603d1693e7c82c6d3e	1535138274
PRJNA488640	SAMN09938579	SRX4626201	SRR7770746	RNA-seq	RNA-Seq	PAIRED	PAIRED	PAIRED	R2	2	SRR7770746_2.fastq.gz	ftp.sra.ebi.ac.uk/vol1/fastq/SRR777/006/SRR7770746/SRR7770746_2.fastq.gz	9525f99be991b66c2b177c654d365aae	1600913416
PRJNA488640	SAMN09938576	SRX4626204	SRR7770749	RNA-seq	RNA-Seq	PAIRED	PAIRED	PAIRED	R1	1	SRR7770749_1.fastq.gz	ftp.sra.ebi.ac.uk/vol1/fastq/SRR777/009/SRR7770749/SRR7770749_1.fastq.gz	42acb87786aecded884d15485ccaeeff	1558250948
PRJNA488640	SAMN09938576	SRX4626204	SRR7770749	RNA-seq	RNA-Seq	PAIRED	PAIRED	PAIRED	R2	2	SRR7770749_2.fastq.gz	ftp.sra.ebi.ac.uk/vol1/fastq/SRR777/009/SRR7770749/SRR7770749_2.fastq.gz	75d2c5a480cdf0b754f0ccee564c0876	1608410729
PRJNA489076	SAMN09948084	SRX4634293	SRR7779173	RNA-seq	RNA-Seq	PAIRED	PAIRED	PAIRED	R1	1	SRR7779173_1.fastq.gz	ftp.sra.ebi.ac.uk/vol1/fastq/SRR777/003/SRR7779173/SRR7779173_1.fastq.gz	b205dfdbee3ac611672c9547f84000c4	1468476324
PRJNA489076	SAMN09948084	SRX4634293	SRR7779173	RNA-seq	RNA-Seq	PAIRED	PAIRED	PAIRED	R2	2	SRR7779173_2.fastq.gz	ftp.sra.ebi.ac.uk/vol1/fastq/SRR777/003/SRR7779173/SRR7779173_2.fastq.gz	6516acd5cf97dfaddb7972671f648adc	1531023645
PRJNA489076	SAMN09948080	SRX4634298	SRR7779178	RNA-seq	RNA-Seq	PAIRED	PAIRED	PAIRED	R1	1	SRR7779178_1.fastq.gz	ftp.sra.ebi.ac.uk/vol1/fastq/SRR777/008/SRR7779178/SRR7779178_1.fastq.gz	23520d18272a68dadca8e8f3a0ab6f97	1397719052
PRJNA489076	SAMN09948080	SRX4634298	SRR7779178	RNA-seq	RNA-Seq	PAIRED	PAIRED	PAIRED	R2	2	SRR7779178_2.fastq.gz	ftp.sra.ebi.ac.uk/vol1/fastq/SRR777/008/SRR7779178/SRR7779178_2.fastq.gz	cfcda122d64d3899f004474c7056cf0a	1462305818
PRJNA489076	SAMN09948072	SRX4634305	SRR7779185	RNA-seq	RNA-Seq	PAIRED	PAIRED	PAIRED	R1	1	SRR7779185_1.fastq.gz	ftp.sra.ebi.ac.uk/vol1/fastq/SRR777/005/SRR7779185/SRR7779185_1.fastq.gz	00450c9ac89fe021d445cf2065f28b8a	1507960021
PRJNA489076	SAMN09948072	SRX4634305	SRR7779185	RNA-seq	RNA-Seq	PAIRED	PAIRED	PAIRED	R2	2	SRR7779185_2.fastq.gz	ftp.sra.ebi.ac.uk/vol1/fastq/SRR777/005/SRR7779185/SRR7779185_2.fastq.gz	18a788acb2e352ae4615c3389803824c	1574471861
PRJNA489076	SAMN09948101	SRX4634309	SRR7779189	RNA-seq	RNA-Seq	PAIRED	PAIRED	PAIRED	R1	1	SRR7779189_1.fastq.gz	ftp.sra.ebi.ac.uk/vol1/fastq/SRR777/009/SRR7779189/SRR7779189_1.fastq.gz	aa8107661081a038f4204f12b14258c4	1484648632
PRJNA489076	SAMN09948101	SRX4634309	SRR7779189	RNA-seq	RNA-Seq	PAIRED	PAIRED	PAIRED	R2	2	SRR7779189_2.fastq.gz	ftp.sra.ebi.ac.uk/vol1/fastq/SRR777/009/SRR7779189/SRR7779189_2.fastq.gz	28f3ecdfc49a7d08cf5d36ffa52e1dcf	1552342145
PRJNA489076	SAMN09948099	SRX4634311	SRR7779191	RNA-seq	RNA-Seq	PAIRED	PAIRED	PAIRED	R1	1	SRR7779191_1.fastq.gz	ftp.sra.ebi.ac.uk/vol1/fastq/SRR777/001/SRR7779191/SRR7779191_1.fastq.gz	106c3747bff76b082927219ee28189c5	1382915569
PRJNA489076	SAMN09948099	SRX4634311	SRR7779191	RNA-seq	RNA-Seq	PAIRED	PAIRED	PAIRED	R2	2	SRR7779191_2.fastq.gz	ftp.sra.ebi.ac.uk/vol1/fastq/SRR777/001/SRR7779191/SRR7779191_2.fastq.gz	b68ecea79fd2565c8d31499a36cb892e	1451455916
PRJNA489076	SAMN09948097	SRX4634313	SRR7779193	RNA-seq	RNA-Seq	PAIRED	PAIRED	PAIRED	R1	1	SRR7779193_1.fastq.gz	ftp.sra.ebi.ac.uk/vol1/fastq/SRR777/003/SRR7779193/SRR7779193_1.fastq.gz	8d5c12ddbc1f17b367bfeba346b13e36	1574239744
PRJNA489076	SAMN09948097	SRX4634313	SRR7779193	RNA-seq	RNA-Seq	PAIRED	PAIRED	PAIRED	R2	2	SRR7779193_2.fastq.gz	ftp.sra.ebi.ac.uk/vol1/fastq/SRR777/003/SRR7779193/SRR7779193_2.fastq.gz	487b8fc722da025e1ad2f7453f6232d7	1649424106
PRJNA489076	SAMN09948094	SRX4634316	SRR7779196	RNA-seq	RNA-Seq	PAIRED	PAIRED	PAIRED	R1	1	SRR7779196_1.fastq.gz	ftp.sra.ebi.ac.uk/vol1/fastq/SRR777/006/SRR7779196/SRR7779196_1.fastq.gz	c48f95ee693c4cdc4d84fdd8b4d21b9e	1453077364
PRJNA489076	SAMN09948094	SRX4634316	SRR7779196	RNA-seq	RNA-Seq	PAIRED	PAIRED	PAIRED	R2	2	SRR7779196_2.fastq.gz	ftp.sra.ebi.ac.uk/vol1/fastq/SRR777/006/SRR7779196/SRR7779196_2.fastq.gz	640f09d2df752b860c5168d913ace8cf	1516133742
PRJNA504034	SAMN10388073	SRX4986365	SRR8165621	RNA-seq	RNA-Seq	PAIRED	PAIRED	PAIRED	R1	1	SRR8165621_1.fastq.gz	ftp.sra.ebi.ac.uk/vol1/fastq/SRR816/001/SRR8165621/SRR8165621_1.fastq.gz	06e8d18fac63fdae384f9ed1c940b2db	5552427474
PRJNA504034	SAMN10388073	SRX4986365	SRR8165621	RNA-seq	RNA-Seq	PAIRED	PAIRED	PAIRED	R2	2	SRR8165621_2.fastq.gz	ftp.sra.ebi.ac.uk/vol1/fastq/SRR816/001/SRR8165621/SRR8165621_2.fastq.gz	af0fb574dab1425c1af15fd8c6ab3a59	5551228121
PRJNA504034	SAMN10388074	SRX4986364	SRR8165622	RNA-seq	RNA-Seq	PAIRED	PAIRED	PAIRED	R1	1	SRR8165622_1.fastq.gz	ftp.sra.ebi.ac.uk/vol1/fastq/SRR816/002/SRR8165622/SRR8165622_1.fastq.gz	3c887e13fd6b99fddbb77090c994eec4	6010246351
PRJNA504034	SAMN10388074	SRX4986364	SRR8165622	RNA-seq	RNA-Seq	PAIRED	PAIRED	PAIRED	R2	2	SRR8165622_2.fastq.gz	ftp.sra.ebi.ac.uk/vol1/fastq/SRR816/002/SRR8165622/SRR8165622_2.fastq.gz	2f7eb9620299905d58481583f219437f	6092164077
PRJNA504034	SAMN10388069	SRX4986363	SRR8165623	RNA-seq	RNA-Seq	PAIRED	PAIRED	PAIRED	R1	1	SRR8165623_1.fastq.gz	ftp.sra.ebi.ac.uk/vol1/fastq/SRR816/003/SRR8165623/SRR8165623_1.fastq.gz	0ea62a2c77c62622ea7ad0ee4675dc33	5000630959
PRJNA504034	SAMN10388069	SRX4986363	SRR8165623	RNA-seq	RNA-Seq	PAIRED	PAIRED	PAIRED	R2	2	SRR8165623_2.fastq.gz	ftp.sra.ebi.ac.uk/vol1/fastq/SRR816/003/SRR8165623/SRR8165623_2.fastq.gz	1881e3e143164444cf4ccd24a8e6c63e	5011235034
PRJNA504034	SAMN10388071	SRX4986361	SRR8165625	RNA-seq	RNA-Seq	PAIRED	PAIRED	PAIRED	R1	1	SRR8165625_1.fastq.gz	ftp.sra.ebi.ac.uk/vol1/fastq/SRR816/005/SRR8165625/SRR8165625_1.fastq.gz	a21ab05a35b5ff76a659cd0c81e5bc87	6083418056
PRJNA504034	SAMN10388071	SRX4986361	SRR8165625	RNA-seq	RNA-Seq	PAIRED	PAIRED	PAIRED	R2	2	SRR8165625_2.fastq.gz	ftp.sra.ebi.ac.uk/vol1/fastq/SRR816/005/SRR8165625/SRR8165625_2.fastq.gz	e2d265eaf3d174d7c5515d05260070d8	6131337819
PRJNA504034	SAMN10388077	SRX4986324	SRR8165662	RNA-seq	RNA-Seq	PAIRED	PAIRED	PAIRED	R1	1	SRR8165662_1.fastq.gz	ftp.sra.ebi.ac.uk/vol1/fastq/SRR816/002/SRR8165662/SRR8165662_1.fastq.gz	679a47599c8e075d27580f5f916716f1	5446109225
PRJNA504034	SAMN10388077	SRX4986324	SRR8165662	RNA-seq	RNA-Seq	PAIRED	PAIRED	PAIRED	R2	2	SRR8165662_2.fastq.gz	ftp.sra.ebi.ac.uk/vol1/fastq/SRR816/002/SRR8165662/SRR8165662_2.fastq.gz	cf8972d9cde99728950940ecac53cd43	5519890907
PRJNA504034	SAMN10388076	SRX4986323	SRR8165663	RNA-seq	RNA-Seq	PAIRED	PAIRED	PAIRED	R1	1	SRR8165663_1.fastq.gz	ftp.sra.ebi.ac.uk/vol1/fastq/SRR816/003/SRR8165663/SRR8165663_1.fastq.gz	6720991d0af960ce25c26ab0d88b6df4	7149469625
PRJNA504034	SAMN10388076	SRX4986323	SRR8165663	RNA-seq	RNA-Seq	PAIRED	PAIRED	PAIRED	R2	2	SRR8165663_2.fastq.gz	ftp.sra.ebi.ac.uk/vol1/fastq/SRR816/003/SRR8165663/SRR8165663_2.fastq.gz	d508dfdc5212f6e633ede8d191e21993	7195519118
PRJNA504034	SAMN10388079	SRX4986318	SRR8165668	RNA-seq	RNA-Seq	PAIRED	PAIRED	PAIRED	R1	1	SRR8165668_1.fastq.gz	ftp.sra.ebi.ac.uk/vol1/fastq/SRR816/008/SRR8165668/SRR8165668_1.fastq.gz	bcb64b4817aa22466b97ea51233f0ce2	6672580248
PRJNA504034	SAMN10388079	SRX4986318	SRR8165668	RNA-seq	RNA-Seq	PAIRED	PAIRED	PAIRED	R2	2	SRR8165668_2.fastq.gz	ftp.sra.ebi.ac.uk/vol1/fastq/SRR816/008/SRR8165668/SRR8165668_2.fastq.gz	e71f5b25a2b861b5c0e54a3985e98c77	6738703901
PRJNA504034	SAMN10388047	SRX4986308	SRR8165678	RNA-seq	RNA-Seq	PAIRED	PAIRED	PAIRED	R1	1	SRR8165678_1.fastq.gz	ftp.sra.ebi.ac.uk/vol1/fastq/SRR816/008/SRR8165678/SRR8165678_1.fastq.gz	4e3ad55cf67ef83ceca961d69633af4c	5985985391
PRJNA504034	SAMN10388047	SRX4986308	SRR8165678	RNA-seq	RNA-Seq	PAIRED	PAIRED	PAIRED	R2	2	SRR8165678_2.fastq.gz	ftp.sra.ebi.ac.uk/vol1/fastq/SRR816/008/SRR8165678/SRR8165678_2.fastq.gz	4659b7b4ddfbaa95912f17c75e909c62	6189357092
PRJNA504034	SAMN10388051	SRX4986304	SRR8165682	RNA-seq	RNA-Seq	PAIRED	PAIRED	PAIRED	R1	1	SRR8165682_1.fastq.gz	ftp.sra.ebi.ac.uk/vol1/fastq/SRR816/002/SRR8165682/SRR8165682_1.fastq.gz	578faa3a19ee09d48fcbcb66323e1b3e	5814090942
PRJNA504034	SAMN10388051	SRX4986304	SRR8165682	RNA-seq	RNA-Seq	PAIRED	PAIRED	PAIRED	R2	2	SRR8165682_2.fastq.gz	ftp.sra.ebi.ac.uk/vol1/fastq/SRR816/002/SRR8165682/SRR8165682_2.fastq.gz	0ac0b76f939ab56503098045d984fbf4	5993747196
PRJNA545135	SAMN11874994	SRX5910669	SRR9137508	RNA-seq	RNA-Seq	PAIRED	PAIRED	PAIRED	R1	1	SRR9137508_1.fastq.gz	ftp.sra.ebi.ac.uk/vol1/fastq/SRR913/008/SRR9137508/SRR9137508_1.fastq.gz	e331baf7f52a0e20051856d63115d0a3	1559816668
PRJNA545135	SAMN11874994	SRX5910669	SRR9137508	RNA-seq	RNA-Seq	PAIRED	PAIRED	PAIRED	R2	2	SRR9137508_2.fastq.gz	ftp.sra.ebi.ac.uk/vol1/fastq/SRR913/008/SRR9137508/SRR9137508_2.fastq.gz	22e97b9bf6b93bff5ae4e53be621057d	1592361568
PRJNA545309	SAMN11883826	SRX5924884	SRR9151768	RNA-seq	RNA-Seq	PAIRED	PAIRED	PAIRED	R1	1	SRR9151768_1.fastq.gz	ftp.sra.ebi.ac.uk/vol1/fastq/SRR915/008/SRR9151768/SRR9151768_1.fastq.gz	3eb3163bfae9586f09652f0e87c2c7e1	1090300377
PRJNA545309	SAMN11883826	SRX5924884	SRR9151768	RNA-seq	RNA-Seq	PAIRED	PAIRED	PAIRED	R2	2	SRR9151768_2.fastq.gz	ftp.sra.ebi.ac.uk/vol1/fastq/SRR915/008/SRR9151768/SRR9151768_2.fastq.gz	38079a4fc767dd13d42f5332581821e4	1099642050
PRJNA214684	SAMN02313289	SRX333376	SRR950108	RNA-seq	RNA-Seq	PAIRED	PAIRED	PAIRED	R1	1	SRR950108_1.fastq.gz	ftp.sra.ebi.ac.uk/vol1/fastq/SRR950/SRR950108/SRR950108_1.fastq.gz	2ed728dc1d7004e759f62d097752a642	10349963090
PRJNA214684	SAMN02313289	SRX333376	SRR950108	RNA-seq	RNA-Seq	PAIRED	PAIRED	PAIRED	R2	2	SRR950108_2.fastq.gz	ftp.sra.ebi.ac.uk/vol1/fastq/SRR950/SRR950108/SRR950108_2.fastq.gz	e7ae7762d16843fd808eddefe79a36e5	10626996432
PRJNA551666	SAMN12162723	SRX6384003	SRR9620992	RNA-seq	RNA-Seq	SINGLE	SINGLE	SINGLE	SINGLE	1	SRR9620992.fastq.gz	ftp.sra.ebi.ac.uk/vol1/fastq/SRR962/002/SRR9620992/SRR9620992.fastq.gz	eea0649877019b15cf025c4fc029ce0c	161006136
PRJNA551666	SAMN12162723	SRX6384003	SRR9620994	RNA-seq	RNA-Seq	SINGLE	SINGLE	SINGLE	SINGLE	1	SRR9620994.fastq.gz	ftp.sra.ebi.ac.uk/vol1/fastq/SRR962/004/SRR9620994/SRR9620994.fastq.gz	43e14541e02e6cd96d526e5134f2dcfe	167781493
PRJNA551666	SAMN12162720	SRX6384006	SRR9621003	RNA-seq	RNA-Seq	SINGLE	SINGLE	SINGLE	SINGLE	1	SRR9621003.fastq.gz	ftp.sra.ebi.ac.uk/vol1/fastq/SRR962/003/SRR9621003/SRR9621003.fastq.gz	0ba0d788400a49fc4754a58aaa0ce480	167504472
PRJNA551666	SAMN12162719	SRX6384007	SRR9621008	RNA-seq	RNA-Seq	SINGLE	SINGLE	SINGLE	SINGLE	1	SRR9621008.fastq.gz	ftp.sra.ebi.ac.uk/vol1/fastq/SRR962/008/SRR9621008/SRR9621008.fastq.gz	0e5ea1e8cf2556c2444495ef59042a7b	160874757
PRJNA551666	SAMN12162716	SRX6384010	SRR9621019	RNA-seq	RNA-Seq	SINGLE	SINGLE	SINGLE	SINGLE	1	SRR9621019.fastq.gz	ftp.sra.ebi.ac.uk/vol1/fastq/SRR962/009/SRR9621019/SRR9621019.fastq.gz	22526d81409b65ce5fc4d4c9d73cba42	118682381
PRJNA551666	SAMN12162716	SRX6384010	SRR9621020	RNA-seq	RNA-Seq	SINGLE	SINGLE	SINGLE	SINGLE	1	SRR9621020.fastq.gz	ftp.sra.ebi.ac.uk/vol1/fastq/SRR962/000/SRR9621020/SRR9621020.fastq.gz	51e55fe101c2b77f644f9926b35d1551	115447639
PRJNA551666	SAMN12162716	SRX6384010	SRR9621022	RNA-seq	RNA-Seq	SINGLE	SINGLE	SINGLE	SINGLE	1	SRR9621022.fastq.gz	ftp.sra.ebi.ac.uk/vol1/fastq/SRR962/002/SRR9621022/SRR9621022.fastq.gz	e3f05df3342bbed160b12b4a0e51d9ce	119830648
PRJNA551666	SAMN12162715	SRX6384011	SRR9621025	RNA-seq	RNA-Seq	SINGLE	SINGLE	SINGLE	SINGLE	1	SRR9621025.fastq.gz	ftp.sra.ebi.ac.uk/vol1/fastq/SRR962/005/SRR9621025/SRR9621025.fastq.gz	5f820e474d75a94908b9f0505decbdfa	159103228
PRJNA551666	SAMN12162715	SRX6384011	SRR9621026	RNA-seq	RNA-Seq	SINGLE	SINGLE	SINGLE	SINGLE	1	SRR9621026.fastq.gz	ftp.sra.ebi.ac.uk/vol1/fastq/SRR962/006/SRR9621026/SRR9621026.fastq.gz	158812ed4567c03faa88c199ea301bdc	160473243
PRJNA551666	SAMN12162713	SRX6384013	SRR9621032	RNA-seq	RNA-Seq	SINGLE	SINGLE	SINGLE	SINGLE	1	SRR9621032.fastq.gz	ftp.sra.ebi.ac.uk/vol1/fastq/SRR962/002/SRR9621032/SRR9621032.fastq.gz	6d1719895ffc861dc5f1df06eb668ed1	180919732
PRJNA551666	SAMN12162713	SRX6384013	SRR9621034	RNA-seq	RNA-Seq	SINGLE	SINGLE	SINGLE	SINGLE	1	SRR9621034.fastq.gz	ftp.sra.ebi.ac.uk/vol1/fastq/SRR962/004/SRR9621034/SRR9621034.fastq.gz	2e6792ed9c368a935702cf9388408226	188733268
PRJNA551666	SAMN12162711	SRX6384015	SRR9621039	RNA-seq	RNA-Seq	SINGLE	SINGLE	SINGLE	SINGLE	1	SRR9621039.fastq.gz	ftp.sra.ebi.ac.uk/vol1/fastq/SRR962/009/SRR9621039/SRR9621039.fastq.gz	44374b0cfac87d73cecb0115caf70ace	170220045
PRJNA551666	SAMN12162709	SRX6384017	SRR9621047	RNA-seq	RNA-Seq	SINGLE	SINGLE	SINGLE	SINGLE	1	SRR9621047.fastq.gz	ftp.sra.ebi.ac.uk/vol1/fastq/SRR962/007/SRR9621047/SRR9621047.fastq.gz	4fb13aeba9485f29c0f47ebfa571c98d	179780133
PRJNA551666	SAMN12162709	SRX6384017	SRR9621048	RNA-seq	RNA-Seq	SINGLE	SINGLE	SINGLE	SINGLE	1	SRR9621048.fastq.gz	ftp.sra.ebi.ac.uk/vol1/fastq/SRR962/008/SRR9621048/SRR9621048.fastq.gz	8860efbfb0f6bd374726e9820693b3f0	175240334
PRJNA551666	SAMN12162709	SRX6384017	SRR9621049	RNA-seq	RNA-Seq	SINGLE	SINGLE	SINGLE	SINGLE	1	SRR9621049.fastq.gz	ftp.sra.ebi.ac.uk/vol1/fastq/SRR962/009/SRR9621049/SRR9621049.fastq.gz	fc9940b6ba0f0dd784449a5b0fad1d99	181698667
PRJNA551666	SAMN12162708	SRX6384018	SRR9621054	RNA-seq	RNA-Seq	SINGLE	SINGLE	SINGLE	SINGLE	1	SRR9621054.fastq.gz	ftp.sra.ebi.ac.uk/vol1/fastq/SRR962/004/SRR9621054/SRR9621054.fastq.gz	1c2bfea226951cb99c0efa41006fe48a	99551354
PRJNA551666	SAMN12162707	SRX6384019	SRR9621056	RNA-seq	RNA-Seq	SINGLE	SINGLE	SINGLE	SINGLE	1	SRR9621056.fastq.gz	ftp.sra.ebi.ac.uk/vol1/fastq/SRR962/006/SRR9621056/SRR9621056.fastq.gz	b05e31e8e42bcf0c0a37a7df3d596b7d	175134344
PRJNA551666	SAMN12162706	SRX6384020	SRR9621061	RNA-seq	RNA-Seq	SINGLE	SINGLE	SINGLE	SINGLE	1	SRR9621061.fastq.gz	ftp.sra.ebi.ac.uk/vol1/fastq/SRR962/001/SRR9621061/SRR9621061.fastq.gz	43728948a799a68989cc2ccfb196fbee	172466510
PRJNA551666	SAMN12162706	SRX6384020	SRR9621062	RNA-seq	RNA-Seq	SINGLE	SINGLE	SINGLE	SINGLE	1	SRR9621062.fastq.gz	ftp.sra.ebi.ac.uk/vol1/fastq/SRR962/002/SRR9621062/SRR9621062.fastq.gz	0c6b1a142ad723152baf2cbc4a87423a	173576248
PRJNA551666	SAMN12162705	SRX6384021	SRR9621065	RNA-seq	RNA-Seq	SINGLE	SINGLE	SINGLE	SINGLE	1	SRR9621065.fastq.gz	ftp.sra.ebi.ac.uk/vol1/fastq/SRR962/005/SRR9621065/SRR9621065.fastq.gz	642b84690047ba264ea9a89229df1767	209723126
PRJNA551666	SAMN12162704	SRX6384022	SRR9621068	RNA-seq	RNA-Seq	SINGLE	SINGLE	SINGLE	SINGLE	1	SRR9621068.fastq.gz	ftp.sra.ebi.ac.uk/vol1/fastq/SRR962/008/SRR9621068/SRR9621068.fastq.gz	643e8b0e2af9c6dddcc41164f0da1f17	170627876
PRJNA551666	SAMN12162703	SRX6384023	SRR9621072	RNA-seq	RNA-Seq	SINGLE	SINGLE	SINGLE	SINGLE	1	SRR9621072.fastq.gz	ftp.sra.ebi.ac.uk/vol1/fastq/SRR962/002/SRR9621072/SRR9621072.fastq.gz	2508a518ed8dc1aee7c652b88bc9194e	188667753
PRJNA551666	SAMN12162703	SRX6384023	SRR9621074	RNA-seq	RNA-Seq	SINGLE	SINGLE	SINGLE	SINGLE	1	SRR9621074.fastq.gz	ftp.sra.ebi.ac.uk/vol1/fastq/SRR962/004/SRR9621074/SRR9621074.fastq.gz	12fa17f8aafcb37f34884af0d1d18620	197109950
PRJNA551666	SAMN12162702	SRX6384024	SRR9621075	RNA-seq	RNA-Seq	SINGLE	SINGLE	SINGLE	SINGLE	1	SRR9621075.fastq.gz	ftp.sra.ebi.ac.uk/vol1/fastq/SRR962/005/SRR9621075/SRR9621075.fastq.gz	384a97f0c8daf9677abc851b49492172	18047562
PRJNA551666	SAMN12162702	SRX6384024	SRR9621076	RNA-seq	RNA-Seq	SINGLE	SINGLE	SINGLE	SINGLE	1	SRR9621076.fastq.gz	ftp.sra.ebi.ac.uk/vol1/fastq/SRR962/006/SRR9621076/SRR9621076.fastq.gz	5b91f4299a702897a2f2ce60f43ae3a7	17573766
PRJNA551666	SAMN12162702	SRX6384024	SRR9621077	RNA-seq	RNA-Seq	SINGLE	SINGLE	SINGLE	SINGLE	1	SRR9621077.fastq.gz	ftp.sra.ebi.ac.uk/vol1/fastq/SRR962/007/SRR9621077/SRR9621077.fastq.gz	166590db35aa4d9046f384bd92961772	18376094
PRJNA556890	SAMN12375427	SRX6601534	SRR9846909	RNA-seq	RNA-Seq	PAIRED	PAIRED	PAIRED	R1	1	SRR9846909_1.fastq.gz	ftp.sra.ebi.ac.uk/vol1/fastq/SRR984/009/SRR9846909/SRR9846909_1.fastq.gz	8f967367fdee16800e8d27e1db92c3a5	1871807198
PRJNA556890	SAMN12375427	SRX6601534	SRR9846909	RNA-seq	RNA-Seq	PAIRED	PAIRED	PAIRED	R2	2	SRR9846909_2.fastq.gz	ftp.sra.ebi.ac.uk/vol1/fastq/SRR984/009/SRR9846909/SRR9846909_2.fastq.gz	481e40cfb3c4b62ea32a262942c5bb22	1956575726
PRJNA556890	SAMN12375426	SRX6601535	SRR9846910	RNA-seq	RNA-Seq	PAIRED	PAIRED	PAIRED	R1	1	SRR9846910_1.fastq.gz	ftp.sra.ebi.ac.uk/vol1/fastq/SRR984/000/SRR9846910/SRR9846910_1.fastq.gz	661d82fb5c72ebe1348f267394eeb671	1831614131
PRJNA556890	SAMN12375426	SRX6601535	SRR9846910	RNA-seq	RNA-Seq	PAIRED	PAIRED	PAIRED	R2	2	SRR9846910_2.fastq.gz	ftp.sra.ebi.ac.uk/vol1/fastq/SRR984/000/SRR9846910/SRR9846910_2.fastq.gz	3b9dd6bad36debb5bd1e9f18402c3e57	1893363763
PRJNA556890	SAMN12375425	SRX6601536	SRR9846911	RNA-seq	RNA-Seq	PAIRED	PAIRED	PAIRED	R1	1	SRR9846911_1.fastq.gz	ftp.sra.ebi.ac.uk/vol1/fastq/SRR984/001/SRR9846911/SRR9846911_1.fastq.gz	0799913f731e1ce9c5066c2ba0b90b9b	1988455861
PRJNA556890	SAMN12375425	SRX6601536	SRR9846911	RNA-seq	RNA-Seq	PAIRED	PAIRED	PAIRED	R2	2	SRR9846911_2.fastq.gz	ftp.sra.ebi.ac.uk/vol1/fastq/SRR984/001/SRR9846911/SRR9846911_2.fastq.gz	e28cb2566a99b31773cc12fabc80e22e	2029339010
PRJNA667472	SAMN16373840	SRX9245453	SRR12774953	RNA-seq	RNA-Seq	PAIRED	PAIRED	PAIRED	R1	1	SRR12774953_1.fastq.gz	ftp.sra.ebi.ac.uk/vol1/fastq/SRR127/053/SRR12774953/SRR12774953_1.fastq.gz	b5c54b956f26f731eee14655f6833aa1	1378162262
PRJNA667472	SAMN16373840	SRX9245453	SRR12774953	RNA-seq	RNA-Seq	PAIRED	PAIRED	PAIRED	R2	2	SRR12774953_2.fastq.gz	ftp.sra.ebi.ac.uk/vol1/fastq/SRR127/053/SRR12774953/SRR12774953_2.fastq.gz	15423f23e4c4449374195bb6d4cf95a5	1466825317
PRJNA667472	SAMN16373839	SRX9245454	SRR12774954	RNA-seq	RNA-Seq	PAIRED	PAIRED	PAIRED	R1	1	SRR12774954_1.fastq.gz	ftp.sra.ebi.ac.uk/vol1/fastq/SRR127/054/SRR12774954/SRR12774954_1.fastq.gz	62fbab8ce5d5c04b05d8be516d8f75fc	1730393122
PRJNA667472	SAMN16373839	SRX9245454	SRR12774954	RNA-seq	RNA-Seq	PAIRED	PAIRED	PAIRED	R2	2	SRR12774954_2.fastq.gz	ftp.sra.ebi.ac.uk/vol1/fastq/SRR127/054/SRR12774954/SRR12774954_2.fastq.gz	8a4916a6a2a5ff0759e90df393d94b55	1867025349
PRJNA667472	SAMN16373866	SRX9245456	SRR12774956	RNA-seq	RNA-Seq	PAIRED	PAIRED	PAIRED	R1	1	SRR12774956_1.fastq.gz	ftp.sra.ebi.ac.uk/vol1/fastq/SRR127/056/SRR12774956/SRR12774956_1.fastq.gz	081cc8839251febfe6289d611d225be6	925703741
PRJNA667472	SAMN16373866	SRX9245456	SRR12774956	RNA-seq	RNA-Seq	PAIRED	PAIRED	PAIRED	R2	2	SRR12774956_2.fastq.gz	ftp.sra.ebi.ac.uk/vol1/fastq/SRR127/056/SRR12774956/SRR12774956_2.fastq.gz	bca415bede1afce55a3887880cc366f1	988411783
PRJNA667472	SAMN16373862	SRX9245460	SRR12774960	RNA-seq	RNA-Seq	PAIRED	PAIRED	PAIRED	R1	1	SRR12774960_1.fastq.gz	ftp.sra.ebi.ac.uk/vol1/fastq/SRR127/060/SRR12774960/SRR12774960_1.fastq.gz	636c53880e4492ad89e63e6c6dd7fb03	1592761895
PRJNA667472	SAMN16373862	SRX9245460	SRR12774960	RNA-seq	RNA-Seq	PAIRED	PAIRED	PAIRED	R2	2	SRR12774960_2.fastq.gz	ftp.sra.ebi.ac.uk/vol1/fastq/SRR127/060/SRR12774960/SRR12774960_2.fastq.gz	bd54da3f0040d17958dcb4151eaf47ef	1698298432
PRJNA667472	SAMN16373861	SRX9245461	SRR12774961	RNA-seq	RNA-Seq	PAIRED	PAIRED	PAIRED	R1	1	SRR12774961_1.fastq.gz	ftp.sra.ebi.ac.uk/vol1/fastq/SRR127/061/SRR12774961/SRR12774961_1.fastq.gz	4c0d41a8442c898a87b1b17560246bee	1329116738
PRJNA667472	SAMN16373861	SRX9245461	SRR12774961	RNA-seq	RNA-Seq	PAIRED	PAIRED	PAIRED	R2	2	SRR12774961_2.fastq.gz	ftp.sra.ebi.ac.uk/vol1/fastq/SRR127/061/SRR12774961/SRR12774961_2.fastq.gz	13f490ac9ea3ce70e5a4277ff59aba47	1461271217
PRJNA667472	SAMN16373859	SRX9245463	SRR12774963	RNA-seq	RNA-Seq	PAIRED	PAIRED	PAIRED	R1	1	SRR12774963_1.fastq.gz	ftp.sra.ebi.ac.uk/vol1/fastq/SRR127/063/SRR12774963/SRR12774963_1.fastq.gz	396f2db8baef1007b35db05b48e0d93a	1585253735
PRJNA667472	SAMN16373859	SRX9245463	SRR12774963	RNA-seq	RNA-Seq	PAIRED	PAIRED	PAIRED	R2	2	SRR12774963_2.fastq.gz	ftp.sra.ebi.ac.uk/vol1/fastq/SRR127/063/SRR12774963/SRR12774963_2.fastq.gz	2e241d4df46feead64f12dce434fba6e	1728200233
PRJNA896947	SAMN31573491	SRX18122742	SRR22143437	RNA-seq	RNA-Seq	PAIRED	PAIRED	PAIRED	R1	1	SRR22143437_1.fastq.gz	ftp.sra.ebi.ac.uk/vol1/fastq/SRR221/037/SRR22143437/SRR22143437_1.fastq.gz	9af6195492c5983f89efaf0d81719f93	1530869947
PRJNA896947	SAMN31573491	SRX18122742	SRR22143437	RNA-seq	RNA-Seq	PAIRED	PAIRED	PAIRED	R2	2	SRR22143437_2.fastq.gz	ftp.sra.ebi.ac.uk/vol1/fastq/SRR221/037/SRR22143437/SRR22143437_2.fastq.gz	001b37082efb1f4b7414250309e626b0	1611508590
PRJNA896947	SAMN31573491	SRX18122730	SRR22143449	RNA-seq	RNA-Seq	PAIRED	PAIRED	PAIRED	R1	1	SRR22143449_1.fastq.gz	ftp.sra.ebi.ac.uk/vol1/fastq/SRR221/049/SRR22143449/SRR22143449_1.fastq.gz	4da07484d5a76dd9be1bbde455ec1d8a	1656770406
PRJNA896947	SAMN31573491	SRX18122730	SRR22143449	RNA-seq	RNA-Seq	PAIRED	PAIRED	PAIRED	R2	2	SRR22143449_2.fastq.gz	ftp.sra.ebi.ac.uk/vol1/fastq/SRR221/049/SRR22143449/SRR22143449_2.fastq.gz	19c0f718ad3ac068f0dd8634b2a9b7bf	1695138561
PRJNA899862	SAMN31670978	SRX18223562	SRR22246869	RNA-seq	RNA-Seq	PAIRED	PAIRED	PAIRED	R1	1	SRR22246869_1.fastq.gz	ftp.sra.ebi.ac.uk/vol1/fastq/SRR222/069/SRR22246869/SRR22246869_1.fastq.gz	79aad4fd7afdb3a40eb3869ef6f5170a	2073468426
PRJNA899862	SAMN31670978	SRX18223562	SRR22246869	RNA-seq	RNA-Seq	PAIRED	PAIRED	PAIRED	R2	2	SRR22246869_2.fastq.gz	ftp.sra.ebi.ac.uk/vol1/fastq/SRR222/069/SRR22246869/SRR22246869_2.fastq.gz	2967632d9d0d991fa44e0d18d42dfe71	2110562968
PRJNA899862	SAMN31670984	SRX18223556	SRR22246875	RNA-seq	RNA-Seq	PAIRED	PAIRED	PAIRED	R1	1	SRR22246875_1.fastq.gz	ftp.sra.ebi.ac.uk/vol1/fastq/SRR222/075/SRR22246875/SRR22246875_1.fastq.gz	67b0d4fe830b55ba4b0ca474db78d86a	1862903932
PRJNA899862	SAMN31670984	SRX18223556	SRR22246875	RNA-seq	RNA-Seq	PAIRED	PAIRED	PAIRED	R2	2	SRR22246875_2.fastq.gz	ftp.sra.ebi.ac.uk/vol1/fastq/SRR222/075/SRR22246875/SRR22246875_2.fastq.gz	31c975d2e4894ff054221ca39c593d10	1898815327
PRJNA899862	SAMN31670987	SRX18223553	SRR22246878	RNA-seq	RNA-Seq	PAIRED	PAIRED	PAIRED	R1	1	SRR22246878_1.fastq.gz	ftp.sra.ebi.ac.uk/vol1/fastq/SRR222/078/SRR22246878/SRR22246878_1.fastq.gz	598046475081bd6be4d71cf813016f0e	1626757727
PRJNA899862	SAMN31670987	SRX18223553	SRR22246878	RNA-seq	RNA-Seq	PAIRED	PAIRED	PAIRED	R2	2	SRR22246878_2.fastq.gz	ftp.sra.ebi.ac.uk/vol1/fastq/SRR222/078/SRR22246878/SRR22246878_2.fastq.gz	a96f0af48359524e0b7f0c4da1206b29	1627493383
PRJNA899862	SAMN31670988	SRX18223552	SRR22246879	RNA-seq	RNA-Seq	PAIRED	PAIRED	PAIRED	R1	1	SRR22246879_1.fastq.gz	ftp.sra.ebi.ac.uk/vol1/fastq/SRR222/079/SRR22246879/SRR22246879_1.fastq.gz	5bf87965d639be8d4da9ad64ca7579f0	1642038819
PRJNA899862	SAMN31670988	SRX18223552	SRR22246879	RNA-seq	RNA-Seq	PAIRED	PAIRED	PAIRED	R2	2	SRR22246879_2.fastq.gz	ftp.sra.ebi.ac.uk/vol1/fastq/SRR222/079/SRR22246879/SRR22246879_2.fastq.gz	d1f4c9105523fd94c7a290db6eb7cad1	1643032688
PRJNA899862	SAMN31670993	SRX18223547	SRR22246884	RNA-seq	RNA-Seq	PAIRED	PAIRED	PAIRED	R1	1	SRR22246884_1.fastq.gz	ftp.sra.ebi.ac.uk/vol1/fastq/SRR222/084/SRR22246884/SRR22246884_1.fastq.gz	d07312d0f040e4634622aae1715bff96	1540194883
PRJNA899862	SAMN31670993	SRX18223547	SRR22246884	RNA-seq	RNA-Seq	PAIRED	PAIRED	PAIRED	R2	2	SRR22246884_2.fastq.gz	ftp.sra.ebi.ac.uk/vol1/fastq/SRR222/084/SRR22246884/SRR22246884_2.fastq.gz	c6c6451e16066266bcee7b6c0a0d6d64	1540467830
PRJNA899862	SAMN31670994	SRX18223546	SRR22246885	RNA-seq	RNA-Seq	PAIRED	PAIRED	PAIRED	R1	1	SRR22246885_1.fastq.gz	ftp.sra.ebi.ac.uk/vol1/fastq/SRR222/085/SRR22246885/SRR22246885_1.fastq.gz	1605e5c3a461d4f6c8720dfd39f5274b	1734541723
PRJNA899862	SAMN31670994	SRX18223546	SRR22246885	RNA-seq	RNA-Seq	PAIRED	PAIRED	PAIRED	R2	2	SRR22246885_2.fastq.gz	ftp.sra.ebi.ac.uk/vol1/fastq/SRR222/085/SRR22246885/SRR22246885_2.fastq.gz	3da4c7c2dc31aebefe24d2e2a4838c8d	1734776585
PRJNA899862	SAMN31670996	SRX18223544	SRR22246887	RNA-seq	RNA-Seq	PAIRED	PAIRED	PAIRED	R1	1	SRR22246887_1.fastq.gz	ftp.sra.ebi.ac.uk/vol1/fastq/SRR222/087/SRR22246887/SRR22246887_1.fastq.gz	c4e7dafa705916681d730cc67e347207	1555150240
PRJNA899862	SAMN31670996	SRX18223544	SRR22246887	RNA-seq	RNA-Seq	PAIRED	PAIRED	PAIRED	R2	2	SRR22246887_2.fastq.gz	ftp.sra.ebi.ac.uk/vol1/fastq/SRR222/087/SRR22246887/SRR22246887_2.fastq.gz	59ba511d2889419a0739bc5d440ec174	1555851719
PRJNA899862	SAMN31670975	SRX18223538	SRR22246893	RNA-seq	RNA-Seq	PAIRED	PAIRED	PAIRED	R1	1	SRR22246893_1.fastq.gz	ftp.sra.ebi.ac.uk/vol1/fastq/SRR222/093/SRR22246893/SRR22246893_1.fastq.gz	d76038f1e4e17cb4887113e0daa57864	1453391150
PRJNA899862	SAMN31670975	SRX18223538	SRR22246893	RNA-seq	RNA-Seq	PAIRED	PAIRED	PAIRED	R2	2	SRR22246893_2.fastq.gz	ftp.sra.ebi.ac.uk/vol1/fastq/SRR222/093/SRR22246893/SRR22246893_2.fastq.gz	b929441f4964d849be09aef33a813897	1453585228
PRJNA899862	SAMN31671003	SRX18223534	SRR22246897	RNA-seq	RNA-Seq	PAIRED	PAIRED	PAIRED	R1	1	SRR22246897_1.fastq.gz	ftp.sra.ebi.ac.uk/vol1/fastq/SRR222/097/SRR22246897/SRR22246897_1.fastq.gz	d168edebd15c60be1b9f9d57051f70c8	1477020859
PRJNA899862	SAMN31671003	SRX18223534	SRR22246897	RNA-seq	RNA-Seq	PAIRED	PAIRED	PAIRED	R2	2	SRR22246897_2.fastq.gz	ftp.sra.ebi.ac.uk/vol1/fastq/SRR222/097/SRR22246897/SRR22246897_2.fastq.gz	83a8b0d592b953379a24e4df4887c8b7	1476557959
PRJNA913861	SAMN32309277	SRX18769904	SRR22810193	RNA-seq	RNA-Seq	SINGLE	SINGLE	SINGLE	SINGLE	1	SRR22810193.fastq.gz	ftp.sra.ebi.ac.uk/vol1/fastq/SRR228/093/SRR22810193/SRR22810193.fastq.gz	bc69eb43c876762071ed8bb40c1555fc	521714915
PRJNA1088164	SAMN40463200	SRX23955094	SRR28349052	RNA-seq	RNA-Seq	PAIRED	PAIRED	PAIRED	R1	1	SRR28349052_1.fastq.gz	ftp.sra.ebi.ac.uk/vol1/fastq/SRR283/052/SRR28349052/SRR28349052_1.fastq.gz	d90109138cce28aab36b0becff04aa73	9651367383
PRJNA1088164	SAMN40463200	SRX23955094	SRR28349052	RNA-seq	RNA-Seq	PAIRED	PAIRED	PAIRED	R2	2	SRR28349052_2.fastq.gz	ftp.sra.ebi.ac.uk/vol1/fastq/SRR283/052/SRR28349052/SRR28349052_2.fastq.gz	bc1244c19d3097d1e6cd12a2c933a954	9712810364
PRJNA1088164	SAMN40463197	SRX23955091	SRR28349055	RNA-seq	RNA-Seq	PAIRED	PAIRED	PAIRED	R1	1	SRR28349055_1.fastq.gz	ftp.sra.ebi.ac.uk/vol1/fastq/SRR283/055/SRR28349055/SRR28349055_1.fastq.gz	889f7e58f04d905b2913af2d55429fba	8946247011
PRJNA1088164	SAMN40463197	SRX23955091	SRR28349055	RNA-seq	RNA-Seq	PAIRED	PAIRED	PAIRED	R2	2	SRR28349055_2.fastq.gz	ftp.sra.ebi.ac.uk/vol1/fastq/SRR283/055/SRR28349055/SRR28349055_2.fastq.gz	566d996935f74056181eace0a2e9824e	8999517918
PRJNA1088164	SAMN40463208	SRX23955088	SRR28349058	RNA-seq	RNA-Seq	PAIRED	PAIRED	PAIRED	R1	1	SRR28349058_1.fastq.gz	ftp.sra.ebi.ac.uk/vol1/fastq/SRR283/058/SRR28349058/SRR28349058_1.fastq.gz	a964abb7a5c9946c85c1423617be2507	10206976787
PRJNA1088164	SAMN40463208	SRX23955088	SRR28349058	RNA-seq	RNA-Seq	PAIRED	PAIRED	PAIRED	R2	2	SRR28349058_2.fastq.gz	ftp.sra.ebi.ac.uk/vol1/fastq/SRR283/058/SRR28349058/SRR28349058_2.fastq.gz	4cb456757556ac1548587098f0387ed6	10281751992
PRJNA1088164	SAMN40463207	SRX23955087	SRR28349059	RNA-seq	RNA-Seq	PAIRED	PAIRED	PAIRED	R1	1	SRR28349059_1.fastq.gz	ftp.sra.ebi.ac.uk/vol1/fastq/SRR283/059/SRR28349059/SRR28349059_1.fastq.gz	ab4075c197d60cd39ae170c7cd0a6b23	11574056689
PRJNA1088164	SAMN40463207	SRX23955087	SRR28349059	RNA-seq	RNA-Seq	PAIRED	PAIRED	PAIRED	R2	2	SRR28349059_2.fastq.gz	ftp.sra.ebi.ac.uk/vol1/fastq/SRR283/059/SRR28349059/SRR28349059_2.fastq.gz	28954392d893386c31da14561915fecb	11637680909
PRJNA302601	SAMN04275176	SRX1436209	SRR2922599	RNA-seq	RNA-Seq	SINGLE	SINGLE	SINGLE	SINGLE	1	SRR2922599.fastq.gz	ftp.sra.ebi.ac.uk/vol1/fastq/SRR292/009/SRR2922599/SRR2922599.fastq.gz	3aafa73af9bb58268585fc09fecc6944	1921246245
PRJNA302601	SAMN04275178	SRX1436211	SRR2922601	RNA-seq	RNA-Seq	SINGLE	SINGLE	SINGLE	SINGLE	1	SRR2922601.fastq.gz	ftp.sra.ebi.ac.uk/vol1/fastq/SRR292/001/SRR2922601/SRR2922601.fastq.gz	b2c27ed4890031a26b7556dad6e3cff4	1823655330
PRJNA1123849	SAMN41829163	SRX24954113	SRR29441691	RNA-seq	RNA-Seq	PAIRED	PAIRED	PAIRED	R1	1	SRR29441691_1.fastq.gz	ftp.sra.ebi.ac.uk/vol1/fastq/SRR294/091/SRR29441691/SRR29441691_1.fastq.gz	0bbeb102f421489b9a53fae769a1da39	1704704543
PRJNA1123849	SAMN41829163	SRX24954113	SRR29441691	RNA-seq	RNA-Seq	PAIRED	PAIRED	PAIRED	R2	2	SRR29441691_2.fastq.gz	ftp.sra.ebi.ac.uk/vol1/fastq/SRR294/091/SRR29441691/SRR29441691_2.fastq.gz	fcc73a6fe4f73168b34373ba8693940b	1809683223
PRJNA1123849	SAMN41829162	SRX24954112	SRR29441692	RNA-seq	RNA-Seq	PAIRED	PAIRED	PAIRED	R1	1	SRR29441692_1.fastq.gz	ftp.sra.ebi.ac.uk/vol1/fastq/SRR294/092/SRR29441692/SRR29441692_1.fastq.gz	023b75af8254b62c9a33913de252d503	1956322866
PRJNA1123849	SAMN41829162	SRX24954112	SRR29441692	RNA-seq	RNA-Seq	PAIRED	PAIRED	PAIRED	R2	2	SRR29441692_2.fastq.gz	ftp.sra.ebi.ac.uk/vol1/fastq/SRR294/092/SRR29441692/SRR29441692_2.fastq.gz	4cd560571b76994cc6700ccd816b9d7b	2082342256
PRJNA1123849	SAMN41829160	SRX24954110	SRR29441694	RNA-seq	RNA-Seq	PAIRED	PAIRED	PAIRED	R1	1	SRR29441694_1.fastq.gz	ftp.sra.ebi.ac.uk/vol1/fastq/SRR294/094/SRR29441694/SRR29441694_1.fastq.gz	1ad74b3fdd44dbf172a2bbfedbbbda5e	1738161173
PRJNA1123849	SAMN41829160	SRX24954110	SRR29441694	RNA-seq	RNA-Seq	PAIRED	PAIRED	PAIRED	R2	2	SRR29441694_2.fastq.gz	ftp.sra.ebi.ac.uk/vol1/fastq/SRR294/094/SRR29441694/SRR29441694_2.fastq.gz	bb14e1d0a5e75006446b9c8de5f14535	1875566660
PRJNA1123849	SAMN41829166	SRX24954106	SRR29441698	RNA-seq	RNA-Seq	PAIRED	PAIRED	PAIRED	R1	1	SRR29441698_1.fastq.gz	ftp.sra.ebi.ac.uk/vol1/fastq/SRR294/098/SRR29441698/SRR29441698_1.fastq.gz	fb54af25a3a76ebd0fba0f9793776f64	1544508442
PRJNA1123849	SAMN41829166	SRX24954106	SRR29441698	RNA-seq	RNA-Seq	PAIRED	PAIRED	PAIRED	R2	2	SRR29441698_2.fastq.gz	ftp.sra.ebi.ac.uk/vol1/fastq/SRR294/098/SRR29441698/SRR29441698_2.fastq.gz	2827538c1603492e8271f200cad75014	1668866995
PRJNA1130622	SAMN42212541	SRX25176403	SRR29672912	RNA-seq	RNA-Seq	PAIRED	PAIRED	PAIRED	R1	1	SRR29672912_1.fastq.gz	ftp.sra.ebi.ac.uk/vol1/fastq/SRR296/012/SRR29672912/SRR29672912_1.fastq.gz	738bd4e3266ebf0e66bd0c1db98b0a11	1612590867
PRJNA1130622	SAMN42212541	SRX25176403	SRR29672912	RNA-seq	RNA-Seq	PAIRED	PAIRED	PAIRED	R2	2	SRR29672912_2.fastq.gz	ftp.sra.ebi.ac.uk/vol1/fastq/SRR296/012/SRR29672912/SRR29672912_2.fastq.gz	c3a18dee947dae16346ed7cdf95c945b	1677368557
PRJNA1130622	SAMN42212547	SRX25176383	SRR29672931	RNA-seq	RNA-Seq	PAIRED	PAIRED	PAIRED	R1	1	SRR29672931_1.fastq.gz	ftp.sra.ebi.ac.uk/vol1/fastq/SRR296/031/SRR29672931/SRR29672931_1.fastq.gz	1ff1383dfc52eed560728c72540db77f	1806730119
PRJNA1130622	SAMN42212547	SRX25176383	SRR29672931	RNA-seq	RNA-Seq	PAIRED	PAIRED	PAIRED	R2	2	SRR29672931_2.fastq.gz	ftp.sra.ebi.ac.uk/vol1/fastq/SRR296/031/SRR29672931/SRR29672931_2.fastq.gz	85246079b93eec1bdf47011829ebeede	1872806991
PRJNA1130622	SAMN42212532	SRX25176376	SRR29672939	RNA-seq	RNA-Seq	PAIRED	PAIRED	PAIRED	R1	1	SRR29672939_1.fastq.gz	ftp.sra.ebi.ac.uk/vol1/fastq/SRR296/039/SRR29672939/SRR29672939_1.fastq.gz	a7a025d64f1aa85a336e9763386194e6	1615390917
PRJNA1130622	SAMN42212532	SRX25176376	SRR29672939	RNA-seq	RNA-Seq	PAIRED	PAIRED	PAIRED	R2	2	SRR29672939_2.fastq.gz	ftp.sra.ebi.ac.uk/vol1/fastq/SRR296/039/SRR29672939/SRR29672939_2.fastq.gz	d6d9e044e5692548cb8fadf5cd25d973	1677826321
PRJNA304606	SAMN04305212	SRX1457797	SRR2968325	RNA-seq	RNA-Seq	PAIRED	PAIRED	PAIRED	R1	1	SRR2968325_1.fastq.gz	ftp.sra.ebi.ac.uk/vol1/fastq/SRR296/005/SRR2968325/SRR2968325_1.fastq.gz	5b3d3906f18fa92e8c45caaafc4ed247	1596862824
PRJNA304606	SAMN04305212	SRX1457797	SRR2968325	RNA-seq	RNA-Seq	PAIRED	PAIRED	PAIRED	R2	2	SRR2968325_2.fastq.gz	ftp.sra.ebi.ac.uk/vol1/fastq/SRR296/005/SRR2968325/SRR2968325_2.fastq.gz	4732271c3c691d10b42cc4b13f021436	1608484972
PRJNA1139152	SAMN42763087	SRX25423549	SRR29929613	ATAC-seq	ATAC-seq	PAIRED	PAIRED	PAIRED	R1	1	SRR29929613_1.fastq.gz	ftp.sra.ebi.ac.uk/vol1/fastq/SRR299/013/SRR29929613/SRR29929613_1.fastq.gz	02cafaac9aa14d7baa8bc55cb51f9f99	8741767146
PRJNA1139152	SAMN42763087	SRX25423549	SRR29929613	ATAC-seq	ATAC-seq	PAIRED	PAIRED	PAIRED	R2	2	SRR29929613_2.fastq.gz	ftp.sra.ebi.ac.uk/vol1/fastq/SRR299/013/SRR29929613/SRR29929613_2.fastq.gz	820d51cbc6af39968918900c79933884	24835524461
PRJNA1139152	SAMN42763090	SRX25423546	SRR29929616	RNA-seq	RNA-Seq	PAIRED	PAIRED	PAIRED	R1	1	SRR29929616_1.fastq.gz	ftp.sra.ebi.ac.uk/vol1/fastq/SRR299/016/SRR29929616/SRR29929616_1.fastq.gz	5636883a2ba395a652b3176e82cdd515	12108311289
PRJNA1139152	SAMN42763090	SRX25423546	SRR29929616	RNA-seq	RNA-Seq	PAIRED	PAIRED	PAIRED	R2	2	SRR29929616_2.fastq.gz	ftp.sra.ebi.ac.uk/vol1/fastq/SRR299/016/SRR29929616/SRR29929616_2.fastq.gz	5db2316095624c2506f56c970d91c232	21689771560
PRJNA1139152	SAMN42763092	SRX25423544	SRR29929618	RNA-seq	RNA-Seq	PAIRED	PAIRED	PAIRED	R1	1	SRR29929618_1.fastq.gz	ftp.sra.ebi.ac.uk/vol1/fastq/SRR299/018/SRR29929618/SRR29929618_1.fastq.gz	ed7a17247d4b6972bafd125b06779eb0	12272211882
PRJNA1139152	SAMN42763092	SRX25423544	SRR29929618	RNA-seq	RNA-Seq	PAIRED	PAIRED	PAIRED	R2	2	SRR29929618_2.fastq.gz	ftp.sra.ebi.ac.uk/vol1/fastq/SRR299/018/SRR29929618/SRR29929618_2.fastq.gz	7c839289efa64868b8c5d4a29d894191	21700353451
PRJNA311594	SAMN04501032	SRX1570965	SRR3161762	RNA-seq	RNA-Seq	PAIRED	PAIRED	PAIRED	R1	1	SRR3161762_1.fastq.gz	ftp.sra.ebi.ac.uk/vol1/fastq/SRR316/002/SRR3161762/SRR3161762_1.fastq.gz	31688928844baa4e4bacc9beb8a49735	1002588378
PRJNA311594	SAMN04501032	SRX1570965	SRR3161762	RNA-seq	RNA-Seq	PAIRED	PAIRED	PAIRED	R2	2	SRR3161762_2.fastq.gz	ftp.sra.ebi.ac.uk/vol1/fastq/SRR316/002/SRR3161762/SRR3161762_2.fastq.gz	0b14a327378d7f461dd36e74ad74fb1d	1018411060
PRJNA311594	SAMN04501042	SRX1570975	SRR3161772	RNA-seq	RNA-Seq	PAIRED	PAIRED	PAIRED	R1	1	SRR3161772_1.fastq.gz	ftp.sra.ebi.ac.uk/vol1/fastq/SRR316/002/SRR3161772/SRR3161772_1.fastq.gz	bd8ce766be38c9d1c88d977cb86ab153	1083084478
PRJNA311594	SAMN04501042	SRX1570975	SRR3161772	RNA-seq	RNA-Seq	PAIRED	PAIRED	PAIRED	R2	2	SRR3161772_2.fastq.gz	ftp.sra.ebi.ac.uk/vol1/fastq/SRR316/002/SRR3161772/SRR3161772_2.fastq.gz	be2099baaece6abd58a9a28c65b5039d	1094553921
PRJNA311594	SAMN04501043	SRX1570976	SRR3161773	RNA-seq	RNA-Seq	PAIRED	PAIRED	PAIRED	R1	1	SRR3161773_1.fastq.gz	ftp.sra.ebi.ac.uk/vol1/fastq/SRR316/003/SRR3161773/SRR3161773_1.fastq.gz	b57e2562aee6e5b4a96c79c6514c5bc9	1146942514
PRJNA311594	SAMN04501043	SRX1570976	SRR3161773	RNA-seq	RNA-Seq	PAIRED	PAIRED	PAIRED	R2	2	SRR3161773_2.fastq.gz	ftp.sra.ebi.ac.uk/vol1/fastq/SRR316/003/SRR3161773/SRR3161773_2.fastq.gz	e1c796275f6808c73a50ce8b7871b737	1153204711
PRJNA311594	SAMN04501052	SRX1570985	SRR3161782	RNA-seq	RNA-Seq	PAIRED	PAIRED	PAIRED	R1	1	SRR3161782_1.fastq.gz	ftp.sra.ebi.ac.uk/vol1/fastq/SRR316/002/SRR3161782/SRR3161782_1.fastq.gz	c003ca9f75cdb06446b837c40e00800b	1296536967
PRJNA311594	SAMN04501052	SRX1570985	SRR3161782	RNA-seq	RNA-Seq	PAIRED	PAIRED	PAIRED	R2	2	SRR3161782_2.fastq.gz	ftp.sra.ebi.ac.uk/vol1/fastq/SRR316/002/SRR3161782/SRR3161782_2.fastq.gz	9cca9ce58a8b644876ecec72f43ee637	1310620847
PRJNA311594	SAMN04501057	SRX1570990	SRR3161787	RNA-seq	RNA-Seq	PAIRED	PAIRED	PAIRED	R1	1	SRR3161787_1.fastq.gz	ftp.sra.ebi.ac.uk/vol1/fastq/SRR316/007/SRR3161787/SRR3161787_1.fastq.gz	9328d7baeecab1b9cb8d1b434d39d146	1301405951
PRJNA311594	SAMN04501057	SRX1570990	SRR3161787	RNA-seq	RNA-Seq	PAIRED	PAIRED	PAIRED	R2	2	SRR3161787_2.fastq.gz	ftp.sra.ebi.ac.uk/vol1/fastq/SRR316/007/SRR3161787/SRR3161787_2.fastq.gz	8a454ff571cd9b3534a83e9952d73883	1311159861
PRJNA311594	SAMN04501058	SRX1570991	SRR3161788	RNA-seq	RNA-Seq	PAIRED	PAIRED	PAIRED	R1	1	SRR3161788_1.fastq.gz	ftp.sra.ebi.ac.uk/vol1/fastq/SRR316/008/SRR3161788/SRR3161788_1.fastq.gz	4bfca0ceb16afe84c4896a42ec3ccc6b	1182453616
PRJNA311594	SAMN04501058	SRX1570991	SRR3161788	RNA-seq	RNA-Seq	PAIRED	PAIRED	PAIRED	R2	2	SRR3161788_2.fastq.gz	ftp.sra.ebi.ac.uk/vol1/fastq/SRR316/008/SRR3161788/SRR3161788_2.fastq.gz	ad4316699550c052ee0a102b9f7d6b77	1193029845
PRJNA311594	SAMN04501060	SRX1570993	SRR3161790	RNA-seq	RNA-Seq	PAIRED	PAIRED	PAIRED	R1	1	SRR3161790_1.fastq.gz	ftp.sra.ebi.ac.uk/vol1/fastq/SRR316/000/SRR3161790/SRR3161790_1.fastq.gz	83967076368b09ffaf3a20656f88763f	1075412589
PRJNA311594	SAMN04501060	SRX1570993	SRR3161790	RNA-seq	RNA-Seq	PAIRED	PAIRED	PAIRED	R2	2	SRR3161790_2.fastq.gz	ftp.sra.ebi.ac.uk/vol1/fastq/SRR316/000/SRR3161790/SRR3161790_2.fastq.gz	fd0e98abe4fd8349b27e04bb3e0eba11	1086309808
PRJNA311594	SAMN04501061	SRX1570994	SRR3161791	RNA-seq	RNA-Seq	PAIRED	PAIRED	PAIRED	R1	1	SRR3161791_1.fastq.gz	ftp.sra.ebi.ac.uk/vol1/fastq/SRR316/001/SRR3161791/SRR3161791_1.fastq.gz	87bb137e87e9461d4e5d2735f8cd8a45	1107779497
PRJNA311594	SAMN04501061	SRX1570994	SRR3161791	RNA-seq	RNA-Seq	PAIRED	PAIRED	PAIRED	R2	2	SRR3161791_2.fastq.gz	ftp.sra.ebi.ac.uk/vol1/fastq/SRR316/001/SRR3161791/SRR3161791_2.fastq.gz	4121698db09d2b230fe282fbe3a3a6e1	1118282271
PRJNA311594	SAMN04501064	SRX1570997	SRR3161794	RNA-seq	RNA-Seq	PAIRED	PAIRED	PAIRED	R1	1	SRR3161794_1.fastq.gz	ftp.sra.ebi.ac.uk/vol1/fastq/SRR316/004/SRR3161794/SRR3161794_1.fastq.gz	796c75d968b58017076d216b643dafee	1128490954
PRJNA311594	SAMN04501064	SRX1570997	SRR3161794	RNA-seq	RNA-Seq	PAIRED	PAIRED	PAIRED	R2	2	SRR3161794_2.fastq.gz	ftp.sra.ebi.ac.uk/vol1/fastq/SRR316/004/SRR3161794/SRR3161794_2.fastq.gz	cc378603320b0801ead61b206c9220e0	1131763366
PRJNA1223323	SAMN46814178	SRX27664157	SRR32329207	RNA-seq	RNA-Seq	PAIRED	PAIRED	PAIRED	R1	1	SRR32329207_1.fastq.gz	ftp.sra.ebi.ac.uk/vol1/fastq/SRR323/007/SRR32329207/SRR32329207_1.fastq.gz	91c286deaf8e93130db7ab9f29889214	2521704115
PRJNA1223323	SAMN46814178	SRX27664157	SRR32329207	RNA-seq	RNA-Seq	PAIRED	PAIRED	PAIRED	R2	2	SRR32329207_2.fastq.gz	ftp.sra.ebi.ac.uk/vol1/fastq/SRR323/007/SRR32329207/SRR32329207_2.fastq.gz	6dffc490c1efc9a80ba7d94f598686cb	2332747573
PRJNA1223323	SAMN46814179	SRX27664156	SRR32329208	RNA-seq	RNA-Seq	PAIRED	PAIRED	PAIRED	R1	1	SRR32329208_1.fastq.gz	ftp.sra.ebi.ac.uk/vol1/fastq/SRR323/008/SRR32329208/SRR32329208_1.fastq.gz	9ac00d8fb5bd4d09dc985759be26d245	2997261579
PRJNA1223323	SAMN46814179	SRX27664156	SRR32329208	RNA-seq	RNA-Seq	PAIRED	PAIRED	PAIRED	R2	2	SRR32329208_2.fastq.gz	ftp.sra.ebi.ac.uk/vol1/fastq/SRR323/008/SRR32329208/SRR32329208_2.fastq.gz	dc7c7f7041379e6129992d4b075db2a9	2764166413
PRJNA1223323	SAMN46814180	SRX27664155	SRR32329209	RNA-seq	RNA-Seq	PAIRED	PAIRED	PAIRED	R1	1	SRR32329209_1.fastq.gz	ftp.sra.ebi.ac.uk/vol1/fastq/SRR323/009/SRR32329209/SRR32329209_1.fastq.gz	229903cf8362ec2ebf995cd9a2e35b24	3205526194
PRJNA1223323	SAMN46814180	SRX27664155	SRR32329209	RNA-seq	RNA-Seq	PAIRED	PAIRED	PAIRED	R2	2	SRR32329209_2.fastq.gz	ftp.sra.ebi.ac.uk/vol1/fastq/SRR323/009/SRR32329209/SRR32329209_2.fastq.gz	54d4aea29b636044fc181eab20f70ef6	2985486913
PRJNA1223323	SAMN46814183	SRX27664152	SRR32329212	RNA-seq	RNA-Seq	PAIRED	PAIRED	PAIRED	R1	1	SRR32329212_1.fastq.gz	ftp.sra.ebi.ac.uk/vol1/fastq/SRR323/012/SRR32329212/SRR32329212_1.fastq.gz	17d0049fb30e7645252c5c797d3496a6	2328508221
PRJNA1223323	SAMN46814183	SRX27664152	SRR32329212	RNA-seq	RNA-Seq	PAIRED	PAIRED	PAIRED	R2	2	SRR32329212_2.fastq.gz	ftp.sra.ebi.ac.uk/vol1/fastq/SRR323/012/SRR32329212/SRR32329212_2.fastq.gz	09473aaa4e7eb5c90c3e160976fa8739	2163979506
PRJNA316065	SAMN04574677	SRX1655602	SRR3284445	RNA-seq	RNA-Seq	SINGLE	SINGLE	SINGLE	SINGLE	1	SRR3284445.fastq.gz	ftp.sra.ebi.ac.uk/vol1/fastq/SRR328/005/SRR3284445/SRR3284445.fastq.gz	bc7c18b3771ad4f1770c2cf8098b6a05	653953468
PRJNA316065	SAMN04574678	SRX1655603	SRR3284447	RNA-seq	RNA-Seq	SINGLE	SINGLE	SINGLE	SINGLE	1	SRR3284447.fastq.gz	ftp.sra.ebi.ac.uk/vol1/fastq/SRR328/007/SRR3284447/SRR3284447.fastq.gz	df691dc54b007a8d2862772974751e7d	596070781
PRJNA316065	SAMN04574679	SRX1655604	SRR3284449	RNA-seq	RNA-Seq	SINGLE	SINGLE	SINGLE	SINGLE	1	SRR3284449.fastq.gz	ftp.sra.ebi.ac.uk/vol1/fastq/SRR328/009/SRR3284449/SRR3284449.fastq.gz	a2e231cb8b72b3011a181590c9f5c8b3	435867919
PRJNA316065	SAMN04574679	SRX1655604	SRR3284450	RNA-seq	RNA-Seq	SINGLE	SINGLE	SINGLE	SINGLE	1	SRR3284450.fastq.gz	ftp.sra.ebi.ac.uk/vol1/fastq/SRR328/000/SRR3284450/SRR3284450.fastq.gz	72c344e9a7920ca091402d17146dbba7	439211740
PRJNA316065	SAMN04574687	SRX1655612	SRR3284465	RNA-seq	RNA-Seq	SINGLE	SINGLE	SINGLE	SINGLE	1	SRR3284465.fastq.gz	ftp.sra.ebi.ac.uk/vol1/fastq/SRR328/005/SRR3284465/SRR3284465.fastq.gz	d3562d5a8a27e19ede4c08faba801f9b	439510710
PRJNA1252143	SAMN48037639	SRX28445684	SRR33198153	RNA-seq	RNA-Seq	PAIRED	PAIRED	PAIRED	R1	1	SRR33198153_1.fastq.gz	ftp.sra.ebi.ac.uk/vol1/fastq/SRR331/053/SRR33198153/SRR33198153_1.fastq.gz	b83bbf59aa7ee4c3f67b3bf4be74bc22	1285296758
PRJNA1252143	SAMN48037639	SRX28445684	SRR33198153	RNA-seq	RNA-Seq	PAIRED	PAIRED	PAIRED	R2	2	SRR33198153_2.fastq.gz	ftp.sra.ebi.ac.uk/vol1/fastq/SRR331/053/SRR33198153/SRR33198153_2.fastq.gz	386080e1cd70ecebb6433067c5c4d82f	1283267576
PRJNA1252143	SAMN48037643	SRX28445680	SRR33198156	RNA-seq	RNA-Seq	PAIRED	PAIRED	PAIRED	R1	1	SRR33198156_1.fastq.gz	ftp.sra.ebi.ac.uk/vol1/fastq/SRR331/056/SRR33198156/SRR33198156_1.fastq.gz	6dcc9180cd01b4ef7dff26e7a5b46e5a	1371121732
PRJNA1252143	SAMN48037643	SRX28445680	SRR33198156	RNA-seq	RNA-Seq	PAIRED	PAIRED	PAIRED	R2	2	SRR33198156_2.fastq.gz	ftp.sra.ebi.ac.uk/vol1/fastq/SRR331/056/SRR33198156/SRR33198156_2.fastq.gz	8ca99eb36211c8820f4cf6a4af233087	1356337517
PRJNA1252143	SAMN48037644	SRX28445679	SRR33198157	RNA-seq	RNA-Seq	PAIRED	PAIRED	PAIRED	R1	1	SRR33198157_1.fastq.gz	ftp.sra.ebi.ac.uk/vol1/fastq/SRR331/057/SRR33198157/SRR33198157_1.fastq.gz	86834a792507792c7c5563c3f88bc113	1589631453
PRJNA1252143	SAMN48037644	SRX28445679	SRR33198157	RNA-seq	RNA-Seq	PAIRED	PAIRED	PAIRED	R2	2	SRR33198157_2.fastq.gz	ftp.sra.ebi.ac.uk/vol1/fastq/SRR331/057/SRR33198157/SRR33198157_2.fastq.gz	5d46f3f4e60791005ed6ef7ea988918c	1576397484
PRJNA1252143	SAMN48037648	SRX28445675	SRR33198162	RNA-seq	RNA-Seq	PAIRED	PAIRED	PAIRED	R1	1	SRR33198162_1.fastq.gz	ftp.sra.ebi.ac.uk/vol1/fastq/SRR331/062/SRR33198162/SRR33198162_1.fastq.gz	401400a19af6c368964746c9f6f66a53	1531800896
PRJNA1252143	SAMN48037648	SRX28445675	SRR33198162	RNA-seq	RNA-Seq	PAIRED	PAIRED	PAIRED	R2	2	SRR33198162_2.fastq.gz	ftp.sra.ebi.ac.uk/vol1/fastq/SRR331/062/SRR33198162/SRR33198162_2.fastq.gz	6a016e79a543fd121420c118467a7539	1502862394
PRJNA1252143	SAMN48037650	SRX28445673	SRR33198164	RNA-seq	RNA-Seq	PAIRED	PAIRED	PAIRED	R1	1	SRR33198164_1.fastq.gz	ftp.sra.ebi.ac.uk/vol1/fastq/SRR331/064/SRR33198164/SRR33198164_1.fastq.gz	1c3ea89b443a44b27b3f0c0ef34782df	1524456110
PRJNA1252143	SAMN48037650	SRX28445673	SRR33198164	RNA-seq	RNA-Seq	PAIRED	PAIRED	PAIRED	R2	2	SRR33198164_2.fastq.gz	ftp.sra.ebi.ac.uk/vol1/fastq/SRR331/064/SRR33198164/SRR33198164_2.fastq.gz	765fd9520df1e9d571d674a84c0d8273	1511338477
PRJNA1254963	SAMN48140365	SRX28553914	SRR33309096	RNA-seq	RNA-Seq	PAIRED	PAIRED	PAIRED	R1	1	SRR33309096_1.fastq.gz	ftp.sra.ebi.ac.uk/vol1/fastq/SRR333/096/SRR33309096/SRR33309096_1.fastq.gz	4c563c724bdc8068be5041a12db65f7d	1978188642
PRJNA1254963	SAMN48140365	SRX28553914	SRR33309096	RNA-seq	RNA-Seq	PAIRED	PAIRED	PAIRED	R2	2	SRR33309096_2.fastq.gz	ftp.sra.ebi.ac.uk/vol1/fastq/SRR333/096/SRR33309096/SRR33309096_2.fastq.gz	e498dad27acaef0ca6d8340c50f7fb26	2009477373
PRJNA1254963	SAMN48140373	SRX28553906	SRR33309107	RNA-seq	RNA-Seq	PAIRED	PAIRED	PAIRED	R1	1	SRR33309107_1.fastq.gz	ftp.sra.ebi.ac.uk/vol1/fastq/SRR333/007/SRR33309107/SRR33309107_1.fastq.gz	a6e121f8ba56d6f2604ff75b7afdab77	1386599554
PRJNA1254963	SAMN48140373	SRX28553906	SRR33309107	RNA-seq	RNA-Seq	PAIRED	PAIRED	PAIRED	R2	2	SRR33309107_2.fastq.gz	ftp.sra.ebi.ac.uk/vol1/fastq/SRR333/007/SRR33309107/SRR33309107_2.fastq.gz	99e35576d9e7def2703ce1417dec0c7e	1457835876
PRJNA1254963	SAMN48140377	SRX28553902	SRR33309108	RNA-seq	RNA-Seq	PAIRED	PAIRED	PAIRED	R1	1	SRR33309108_1.fastq.gz	ftp.sra.ebi.ac.uk/vol1/fastq/SRR333/008/SRR33309108/SRR33309108_1.fastq.gz	4610bb890a51ffc5ffd313ab03d7dc03	1424886217
PRJNA1254963	SAMN48140377	SRX28553902	SRR33309108	RNA-seq	RNA-Seq	PAIRED	PAIRED	PAIRED	R2	2	SRR33309108_2.fastq.gz	ftp.sra.ebi.ac.uk/vol1/fastq/SRR333/008/SRR33309108/SRR33309108_2.fastq.gz	ecde6592a29e8137e48f2f8200ea5ae2	1409917003
PRJNA1254963	SAMN48140385	SRX28553894	SRR33309116	RNA-seq	RNA-Seq	PAIRED	PAIRED	PAIRED	R1	1	SRR33309116_1.fastq.gz	ftp.sra.ebi.ac.uk/vol1/fastq/SRR333/016/SRR33309116/SRR33309116_1.fastq.gz	e4a5e3c7f05a20c03cd0ec81f79c4bbb	1451258206
PRJNA1254963	SAMN48140385	SRX28553894	SRR33309116	RNA-seq	RNA-Seq	PAIRED	PAIRED	PAIRED	R2	2	SRR33309116_2.fastq.gz	ftp.sra.ebi.ac.uk/vol1/fastq/SRR333/016/SRR33309116/SRR33309116_2.fastq.gz	9e16c43ec16688e0baa8e7f22caed0db	1371453308
PRJNA318886	SAMN04869814	SRX1712691	SRR3401746	RNA-seq	RNA-Seq	PAIRED	PAIRED	PAIRED	R1	1	SRR3401746_1.fastq.gz	ftp.sra.ebi.ac.uk/vol1/fastq/SRR340/006/SRR3401746/SRR3401746_1.fastq.gz	1b4e7db3bd482ba4d8b4e39873e6ff32	1234032122
PRJNA318886	SAMN04869814	SRX1712691	SRR3401746	RNA-seq	RNA-Seq	PAIRED	PAIRED	PAIRED	R2	2	SRR3401746_2.fastq.gz	ftp.sra.ebi.ac.uk/vol1/fastq/SRR340/006/SRR3401746/SRR3401746_2.fastq.gz	6d6c5fd41e47c60ed2f13f1a893f9601	1272374269
PRJNA1335855	SAMN52025842	SRX30705858	SRR35653646	RNA-seq	RNA-Seq	PAIRED	PAIRED	PAIRED	R1	1	SRR35653646_1.fastq.gz	ftp.sra.ebi.ac.uk/vol1/fastq/SRR356/046/SRR35653646/SRR35653646_1.fastq.gz	f7d5355a69e441d382354ac98d12bb7c	1331058537
PRJNA1335855	SAMN52025842	SRX30705858	SRR35653646	RNA-seq	RNA-Seq	PAIRED	PAIRED	PAIRED	R2	2	SRR35653646_2.fastq.gz	ftp.sra.ebi.ac.uk/vol1/fastq/SRR356/046/SRR35653646/SRR35653646_2.fastq.gz	a939c8d6dc368bcecd4fe00bbc581cc7	1334380220
PRJNA1335855	SAMN52025842	SRX30705857	SRR35653647	RNA-seq	RNA-Seq	PAIRED	PAIRED	PAIRED	R1	1	SRR35653647_1.fastq.gz	ftp.sra.ebi.ac.uk/vol1/fastq/SRR356/047/SRR35653647/SRR35653647_1.fastq.gz	237300c2357468ec32e492e61e89f750	1254288994
PRJNA1335855	SAMN52025842	SRX30705857	SRR35653647	RNA-seq	RNA-Seq	PAIRED	PAIRED	PAIRED	R2	2	SRR35653647_2.fastq.gz	ftp.sra.ebi.ac.uk/vol1/fastq/SRR356/047/SRR35653647/SRR35653647_2.fastq.gz	46c4419ac3eaf4c1fd43772351867791	1253852476
PRJNA1335855	SAMN52025841	SRX30705853	SRR35653651	RNA-seq	RNA-Seq	PAIRED	PAIRED	PAIRED	R1	1	SRR35653651_1.fastq.gz	ftp.sra.ebi.ac.uk/vol1/fastq/SRR356/051/SRR35653651/SRR35653651_1.fastq.gz	e3c488434dafc7305dcab95bbccf57d6	1254733880
PRJNA1335855	SAMN52025841	SRX30705853	SRR35653651	RNA-seq	RNA-Seq	PAIRED	PAIRED	PAIRED	R2	2	SRR35653651_2.fastq.gz	ftp.sra.ebi.ac.uk/vol1/fastq/SRR356/051/SRR35653651/SRR35653651_2.fastq.gz	f8fdada19034150e3ff845aaa961e548	1257856394
PRJNA1335855	SAMN52025840	SRX30705852	SRR35653652	RNA-seq	RNA-Seq	PAIRED	PAIRED	PAIRED	R1	1	SRR35653652_1.fastq.gz	ftp.sra.ebi.ac.uk/vol1/fastq/SRR356/052/SRR35653652/SRR35653652_1.fastq.gz	3b2114bc16e339dd151490a768ec0280	1216968809
PRJNA1335855	SAMN52025840	SRX30705852	SRR35653652	RNA-seq	RNA-Seq	PAIRED	PAIRED	PAIRED	R2	2	SRR35653652_2.fastq.gz	ftp.sra.ebi.ac.uk/vol1/fastq/SRR356/052/SRR35653652/SRR35653652_2.fastq.gz	91c598c6f3d9a6689358efe9c029091f	1211692912
PRJNA330832	SAMN05426770	SRX1971987	SRR3946102	RNA-seq	RNA-Seq	SINGLE	SINGLE	SINGLE	SINGLE	1	SRR3946102.fastq.gz	ftp.sra.ebi.ac.uk/vol1/fastq/SRR394/002/SRR3946102/SRR3946102.fastq.gz	675135af810aa99cb347cc5dcfb82423	1223398762
PRJNA330832	SAMN05426770	SRX1971992	SRR3946107	RNA-seq	RNA-Seq	SINGLE	SINGLE	SINGLE	SINGLE	1	SRR3946107.fastq.gz	ftp.sra.ebi.ac.uk/vol1/fastq/SRR394/007/SRR3946107/SRR3946107.fastq.gz	da04d9d790725b60aa8f749156d8262a	1493929308
PRJNA330832	SAMN05426770	SRX1971994	SRR3946109	RNA-seq	RNA-Seq	SINGLE	SINGLE	SINGLE	SINGLE	1	SRR3946109.fastq.gz	ftp.sra.ebi.ac.uk/vol1/fastq/SRR394/009/SRR3946109/SRR3946109.fastq.gz	9c8425a10fe87b43fbdc39657829f7df	1662207234
PRJNA1489724	SAMN61409213	SRX34194510	SRR39499717	RNA-seq	RNA-Seq	PAIRED	PAIRED	PAIRED	R1	1	SRR39499717_1.fastq.gz	ftp.sra.ebi.ac.uk/vol1/fastq/SRR394/017/SRR39499717/SRR39499717_1.fastq.gz	4f6bcf55893fa944a3fa11048c5048ff	3109472218
PRJNA1489724	SAMN61409213	SRX34194510	SRR39499717	RNA-seq	RNA-Seq	PAIRED	PAIRED	PAIRED	R2	2	SRR39499717_2.fastq.gz	ftp.sra.ebi.ac.uk/vol1/fastq/SRR394/017/SRR39499717/SRR39499717_2.fastq.gz	26dcae1bc64f2dbf364f74aa3f965b5d	3149464851
PRJNA1489724	SAMN61409212	SRX34194509	SRR39499718	RNA-seq	RNA-Seq	PAIRED	PAIRED	PAIRED	R1	1	SRR39499718_1.fastq.gz	ftp.sra.ebi.ac.uk/vol1/fastq/SRR394/018/SRR39499718/SRR39499718_1.fastq.gz	71d168b82dee06be5419fbde7bda6b19	5615585596
PRJNA1489724	SAMN61409212	SRX34194509	SRR39499718	RNA-seq	RNA-Seq	PAIRED	PAIRED	PAIRED	R2	2	SRR39499718_2.fastq.gz	ftp.sra.ebi.ac.uk/vol1/fastq/SRR394/018/SRR39499718/SRR39499718_2.fastq.gz	ce10758df92ed820b06ee14d26713aef	5704746937
PRJNA1489724	SAMN61409216	SRX34197918	SRR39503243	RNA-seq	RNA-Seq	PAIRED	PAIRED	PAIRED	R1	1	SRR39503243_1.fastq.gz	ftp.sra.ebi.ac.uk/vol1/fastq/SRR395/043/SRR39503243/SRR39503243_1.fastq.gz	0b3791da6ca16b17d686c860ff20a6db	4087285726
PRJNA1489724	SAMN61409216	SRX34197918	SRR39503243	RNA-seq	RNA-Seq	PAIRED	PAIRED	PAIRED	R2	2	SRR39503243_2.fastq.gz	ftp.sra.ebi.ac.uk/vol1/fastq/SRR395/043/SRR39503243/SRR39503243_2.fastq.gz	1488d76a97655eab5bdf50728f6123e8	4156050308
PRJNA1489724	SAMN61409215	SRX34197917	SRR39503244	RNA-seq	RNA-Seq	PAIRED	PAIRED	PAIRED	R1	1	SRR39503244_1.fastq.gz	ftp.sra.ebi.ac.uk/vol1/fastq/SRR395/044/SRR39503244/SRR39503244_1.fastq.gz	27e85267aeb61c9a3293bd44f0f9c331	5818862440
PRJNA1489724	SAMN61409215	SRX34197917	SRR39503244	RNA-seq	RNA-Seq	PAIRED	PAIRED	PAIRED	R2	2	SRR39503244_2.fastq.gz	ftp.sra.ebi.ac.uk/vol1/fastq/SRR395/044/SRR39503244/SRR39503244_2.fastq.gz	bf6f0919598b0e3eef7313e39440343c	5869642292
PRJNA1489724	SAMN61409230	SRX34203865	SRR39511190	RNA-seq	RNA-Seq	PAIRED	PAIRED	PAIRED	R1	1	SRR39511190_1.fastq.gz	ftp.sra.ebi.ac.uk/vol1/fastq/SRR395/090/SRR39511190/SRR39511190_1.fastq.gz	925680afbf0bb1362e05efc66a1e9134	6212502846
PRJNA1489724	SAMN61409230	SRX34203865	SRR39511190	RNA-seq	RNA-Seq	PAIRED	PAIRED	PAIRED	R2	2	SRR39511190_2.fastq.gz	ftp.sra.ebi.ac.uk/vol1/fastq/SRR395/090/SRR39511190/SRR39511190_2.fastq.gz	3b9695987565b6f7932e8b2d5a758e0e	6299873135
PRJNA1492564	SAMN61510925	SRX34250724	SRR39561850	RNA-seq	RNA-Seq	PAIRED	PAIRED	PAIRED	R1	1	SRR39561850_1.fastq.gz	ftp.sra.ebi.ac.uk/vol1/fastq/SRR395/050/SRR39561850/SRR39561850_1.fastq.gz	bc20fca6042f21b788ec65913cf5bad5	4883498548
PRJNA1492564	SAMN61510925	SRX34250724	SRR39561850	RNA-seq	RNA-Seq	PAIRED	PAIRED	PAIRED	R2	2	SRR39561850_2.fastq.gz	ftp.sra.ebi.ac.uk/vol1/fastq/SRR395/050/SRR39561850/SRR39561850_2.fastq.gz	560e17466a3f468edaa9b1fb912e7713	4929246900
PRJNA1492564	SAMN61510922	SRX34250721	SRR39561853	RNA-seq	RNA-Seq	PAIRED	PAIRED	PAIRED	R1	1	SRR39561853_1.fastq.gz	ftp.sra.ebi.ac.uk/vol1/fastq/SRR395/053/SRR39561853/SRR39561853_1.fastq.gz	452fbaf3ef678d896fe385abf5e3b9f3	4956342945
PRJNA1492564	SAMN61510922	SRX34250721	SRR39561853	RNA-seq	RNA-Seq	PAIRED	PAIRED	PAIRED	R2	2	SRR39561853_2.fastq.gz	ftp.sra.ebi.ac.uk/vol1/fastq/SRR395/053/SRR39561853/SRR39561853_2.fastq.gz	6d15fda97948015b0dce12fc6eb37854	5012342599
PRJNA1492564	SAMN61510920	SRX34250719	SRR39561855	RNA-seq	RNA-Seq	PAIRED	PAIRED	PAIRED	R1	1	SRR39561855_1.fastq.gz	ftp.sra.ebi.ac.uk/vol1/fastq/SRR395/055/SRR39561855/SRR39561855_1.fastq.gz	119679413fe95e25e7b6982b63e91867	4926977185
PRJNA1492564	SAMN61510920	SRX34250719	SRR39561855	RNA-seq	RNA-Seq	PAIRED	PAIRED	PAIRED	R2	2	SRR39561855_2.fastq.gz	ftp.sra.ebi.ac.uk/vol1/fastq/SRR395/055/SRR39561855/SRR39561855_2.fastq.gz	1b643c4a6f2543908aae219c7a4b491a	4965772652
PRJNA1492564	SAMN61510919	SRX34250718	SRR39561856	RNA-seq	RNA-Seq	PAIRED	PAIRED	PAIRED	R1	1	SRR39561856_1.fastq.gz	ftp.sra.ebi.ac.uk/vol1/fastq/SRR395/056/SRR39561856/SRR39561856_1.fastq.gz	7893c7bbe29d61000e2df62c94976db3	4896342592
PRJNA1492564	SAMN61510919	SRX34250718	SRR39561856	RNA-seq	RNA-Seq	PAIRED	PAIRED	PAIRED	R2	2	SRR39561856_2.fastq.gz	ftp.sra.ebi.ac.uk/vol1/fastq/SRR395/056/SRR39561856/SRR39561856_2.fastq.gz	996fd6eaaeac432cd96889e524fc3cfa	4945344280
PRJNA1492564	SAMN61510918	SRX34250715	SRR39561859	RNA-seq	RNA-Seq	PAIRED	PAIRED	PAIRED	R1	1	SRR39561859_1.fastq.gz	ftp.sra.ebi.ac.uk/vol1/fastq/SRR395/059/SRR39561859/SRR39561859_1.fastq.gz	51c5395801dffefb66a4f9bf6abe8de1	4910900577
PRJNA1492564	SAMN61510918	SRX34250715	SRR39561859	RNA-seq	RNA-Seq	PAIRED	PAIRED	PAIRED	R2	2	SRR39561859_2.fastq.gz	ftp.sra.ebi.ac.uk/vol1/fastq/SRR395/059/SRR39561859/SRR39561859_2.fastq.gz	f8deafbe2c1ccf1dfa16b6fc55946a01	4971243690
PRJNA1497331	SAMN61798551	SRX34813914	SRR40188909	RNA-seq	RNA-Seq	PAIRED	PAIRED	PAIRED	R1	1	SRR40188909_1.fastq.gz	ftp.sra.ebi.ac.uk/vol1/fastq/SRR401/009/SRR40188909/SRR40188909_1.fastq.gz	606c351924d026fcd9fc030bee613a5a	1286446881
PRJNA1497331	SAMN61798551	SRX34813914	SRR40188909	RNA-seq	RNA-Seq	PAIRED	PAIRED	PAIRED	R2	2	SRR40188909_2.fastq.gz	ftp.sra.ebi.ac.uk/vol1/fastq/SRR401/009/SRR40188909/SRR40188909_2.fastq.gz	f16c282298731b60677d06fb207d20ec	1292596992
PRJNA1497331	SAMN61798550	SRX34813913	SRR40188910	RNA-seq	RNA-Seq	PAIRED	PAIRED	PAIRED	R1	1	SRR40188910_1.fastq.gz	ftp.sra.ebi.ac.uk/vol1/fastq/SRR401/010/SRR40188910/SRR40188910_1.fastq.gz	ed24c4e5b1ec85ac98829acf540bb0c3	1207654997
PRJNA1497331	SAMN61798550	SRX34813913	SRR40188910	RNA-seq	RNA-Seq	PAIRED	PAIRED	PAIRED	R2	2	SRR40188910_2.fastq.gz	ftp.sra.ebi.ac.uk/vol1/fastq/SRR401/010/SRR40188910/SRR40188910_2.fastq.gz	607ddc219c5c6630816a76e88933b348	1210905396
PRJNA1497331	SAMN61798548	SRX34813911	SRR40188912	RNA-seq	RNA-Seq	PAIRED	PAIRED	PAIRED	R1	1	SRR40188912_1.fastq.gz	ftp.sra.ebi.ac.uk/vol1/fastq/SRR401/012/SRR40188912/SRR40188912_1.fastq.gz	23177e893e834d5d016c32b0f8924ebb	1532266704
PRJNA1497331	SAMN61798548	SRX34813911	SRR40188912	RNA-seq	RNA-Seq	PAIRED	PAIRED	PAIRED	R2	2	SRR40188912_2.fastq.gz	ftp.sra.ebi.ac.uk/vol1/fastq/SRR401/012/SRR40188912/SRR40188912_2.fastq.gz	b6fd0e5a22dea03cfac34959761ce10f	1536621718
PRJNA1516528	SAMN62608410	SRX34926288	SRR40310838	RNA-seq	RNA-Seq	PAIRED	PAIRED	PAIRED	R1	1	SRR40310838_1.fastq.gz	ftp.sra.ebi.ac.uk/vol1/fastq/SRR403/038/SRR40310838/SRR40310838_1.fastq.gz	4edb00fbd07ef866b8d1539c93ed9592	1275465043
PRJNA1516528	SAMN62608410	SRX34926288	SRR40310838	RNA-seq	RNA-Seq	PAIRED	PAIRED	PAIRED	R2	2	SRR40310838_2.fastq.gz	ftp.sra.ebi.ac.uk/vol1/fastq/SRR403/038/SRR40310838/SRR40310838_2.fastq.gz	c20cfd0c9a30b87f695e053ae6281228	1264387069
PRJNA1516528	SAMN62608400	SRX34926286	SRR40310840	RNA-seq	RNA-Seq	PAIRED	PAIRED	PAIRED	R1	1	SRR40310840_1.fastq.gz	ftp.sra.ebi.ac.uk/vol1/fastq/SRR403/040/SRR40310840/SRR40310840_1.fastq.gz	fb7983867144879c88f75d6b7bdf0514	1393942211
PRJNA1516528	SAMN62608400	SRX34926286	SRR40310840	RNA-seq	RNA-Seq	PAIRED	PAIRED	PAIRED	R2	2	SRR40310840_2.fastq.gz	ftp.sra.ebi.ac.uk/vol1/fastq/SRR403/040/SRR40310840/SRR40310840_2.fastq.gz	0abe931198ecc72ce06b5a78a2c6375d	1383811658
PRJNA339147	SAMN05580155	SRX2026832	SRR4035675	RNA-seq	RNA-Seq	SINGLE	SINGLE	SINGLE	SINGLE	1	SRR4035675.fastq.gz	ftp.sra.ebi.ac.uk/vol1/fastq/SRR403/005/SRR4035675/SRR4035675.fastq.gz	f22844f46b903c2d011ee302916c1b0d	1670483915
PRJNA339147	SAMN05580154	SRX2026833	SRR4035676	RNA-seq	RNA-Seq	SINGLE	SINGLE	SINGLE	SINGLE	1	SRR4035676.fastq.gz	ftp.sra.ebi.ac.uk/vol1/fastq/SRR403/006/SRR4035676/SRR4035676.fastq.gz	b2ed79dadf793a8d197cbc8419f6af12	1838684869
PRJNA339147	SAMN05580164	SRX2026836	SRR4035679	RNA-seq	RNA-Seq	SINGLE	SINGLE	SINGLE	SINGLE	1	SRR4035679.fastq.gz	ftp.sra.ebi.ac.uk/vol1/fastq/SRR403/009/SRR4035679/SRR4035679.fastq.gz	52d59514acfe1ca4211c3f00d22dc6d9	1747166708
PRJDB5737	SAMD00079368	DRX085006	DRR091431	RNA-seq	RNA-Seq	SINGLE	SINGLE	SINGLE	SINGLE	1	DRR091431.fastq.gz	ftp.sra.ebi.ac.uk/vol1/fastq/DRR091/DRR091431/DRR091431.fastq.gz	c289e9ef4bcb24811de6d3619b5dd3dd	408955255
PRJDB5737	SAMD00079369	DRX085007	DRR091433	RNA-seq	RNA-Seq	SINGLE	SINGLE	SINGLE	SINGLE	1	DRR091433.fastq.gz	ftp.sra.ebi.ac.uk/vol1/fastq/DRR091/DRR091433/DRR091433.fastq.gz	7f51ee4ee2c4f4375c72e122c1a0166d	375840962
PRJDB5737	SAMD00079369	DRX085007	DRR091434	RNA-seq	RNA-Seq	SINGLE	SINGLE	SINGLE	SINGLE	1	DRR091434.fastq.gz	ftp.sra.ebi.ac.uk/vol1/fastq/DRR091/DRR091434/DRR091434.fastq.gz	20eabd5c94b78759c9514643b1f115ee	410639561
PRJDB5831	SAMD00082620	DRX087368	DRR093872	RNA-seq	RNA-Seq	PAIRED	PAIRED	PAIRED	R1	1	DRR093872_1.fastq.gz	ftp.sra.ebi.ac.uk/vol1/fastq/DRR093/DRR093872/DRR093872_1.fastq.gz	6ee1f31a3a5f5904b9026aab74d4cad6	3328801474
PRJDB5831	SAMD00082620	DRX087368	DRR093872	RNA-seq	RNA-Seq	PAIRED	PAIRED	PAIRED	R2	2	DRR093872_2.fastq.gz	ftp.sra.ebi.ac.uk/vol1/fastq/DRR093/DRR093872/DRR093872_2.fastq.gz	b5c1cfeb4b0d094ac018fc216aad35ca	3311461924
PRJDB5831	SAMD00082621	DRX087369	DRR093873	RNA-seq	RNA-Seq	PAIRED	PAIRED	PAIRED	R1	1	DRR093873_1.fastq.gz	ftp.sra.ebi.ac.uk/vol1/fastq/DRR093/DRR093873/DRR093873_1.fastq.gz	2a7de31f2c44afe3c775aee099039c0b	3813051336
PRJDB5831	SAMD00082621	DRX087369	DRR093873	RNA-seq	RNA-Seq	PAIRED	PAIRED	PAIRED	R2	2	DRR093873_2.fastq.gz	ftp.sra.ebi.ac.uk/vol1/fastq/DRR093/DRR093873/DRR093873_2.fastq.gz	64d04b2f259d0cc7704fd27e8e3b806d	3797119167
PRJDB6126	SAMD00089412	DRX092937	DRR099459	RNA-seq	RNA-Seq	SINGLE	SINGLE	SINGLE	SINGLE	1	DRR099459.fastq.gz	ftp.sra.ebi.ac.uk/vol1/fastq/DRR099/DRR099459/DRR099459.fastq.gz	76c6113236216eb9b0552dec89498a01	251966529
PRJDB6126	SAMD00089418	DRX092943	DRR099465	RNA-seq	RNA-Seq	SINGLE	SINGLE	SINGLE	SINGLE	1	DRR099465.fastq.gz	ftp.sra.ebi.ac.uk/vol1/fastq/DRR099/DRR099465/DRR099465.fastq.gz	0b84ce020ce74385b4244f0a4ad56666	266778642
PRJDB6126	SAMD00089423	DRX092948	DRR099470	RNA-seq	RNA-Seq	SINGLE	SINGLE	SINGLE	SINGLE	1	DRR099470.fastq.gz	ftp.sra.ebi.ac.uk/vol1/fastq/DRR099/DRR099470/DRR099470.fastq.gz	0abad12f8e02dcec3e0610b6912bcd40	277526982
PRJDB6126	SAMD00089428	DRX092953	DRR099475	RNA-seq	RNA-Seq	SINGLE	SINGLE	SINGLE	SINGLE	1	DRR099475.fastq.gz	ftp.sra.ebi.ac.uk/vol1/fastq/DRR099/DRR099475/DRR099475.fastq.gz	34d7b0f944a66a27db3ce53af63231f9	271895046
PRJDB6126	SAMD00089431	DRX092956	DRR099478	RNA-seq	RNA-Seq	SINGLE	SINGLE	SINGLE	SINGLE	1	DRR099478.fastq.gz	ftp.sra.ebi.ac.uk/vol1/fastq/DRR099/DRR099478/DRR099478.fastq.gz	5c791a18a5008ff9328970536dbd1bd2	295936541
PRJDB6126	SAMD00089435	DRX092960	DRR099482	RNA-seq	RNA-Seq	SINGLE	SINGLE	SINGLE	SINGLE	1	DRR099482.fastq.gz	ftp.sra.ebi.ac.uk/vol1/fastq/DRR099/DRR099482/DRR099482.fastq.gz	9e3ea68a189cc877ca25eaf01c6dfafa	310748314
PRJDB6126	SAMD00089439	DRX092964	DRR099486	RNA-seq	RNA-Seq	SINGLE	SINGLE	SINGLE	SINGLE	1	DRR099486.fastq.gz	ftp.sra.ebi.ac.uk/vol1/fastq/DRR099/DRR099486/DRR099486.fastq.gz	1e086d91a9500aeec8fa131987bccafc	275052981
PRJDB6126	SAMD00089451	DRX092976	DRR099498	RNA-seq	RNA-Seq	SINGLE	SINGLE	SINGLE	SINGLE	1	DRR099498.fastq.gz	ftp.sra.ebi.ac.uk/vol1/fastq/DRR099/DRR099498/DRR099498.fastq.gz	b88ddfd8b1a3abfcccbb3ddeb0e5ba35	298491574
PRJDB6126	SAMD00089452	DRX092977	DRR099499	RNA-seq	RNA-Seq	SINGLE	SINGLE	SINGLE	SINGLE	1	DRR099499.fastq.gz	ftp.sra.ebi.ac.uk/vol1/fastq/DRR099/DRR099499/DRR099499.fastq.gz	d54fddf894981b1e0cce3b8c872237b4	258119125
PRJDB6793	SAMD00113893	DRX119127	DRR126383	RNA-seq	RNA-Seq	SINGLE	SINGLE	SINGLE	SINGLE	1	DRR126383.fastq.gz	ftp.sra.ebi.ac.uk/vol1/fastq/DRR126/DRR126383/DRR126383.fastq.gz	022d7f1608c07fc72a692ec85857ef71	408122579
PRJDB6793	SAMD00113894	DRX119128	DRR126384	RNA-seq	RNA-Seq	SINGLE	SINGLE	SINGLE	SINGLE	1	DRR126384.fastq.gz	ftp.sra.ebi.ac.uk/vol1/fastq/DRR126/DRR126384/DRR126384.fastq.gz	b0e39643d9aadd3dcc994bbb2719b108	323990837
PRJDB6793	SAMD00113895	DRX119129	DRR126385	RNA-seq	RNA-Seq	SINGLE	SINGLE	SINGLE	SINGLE	1	DRR126385.fastq.gz	ftp.sra.ebi.ac.uk/vol1/fastq/DRR126/DRR126385/DRR126385.fastq.gz	a124ed5ef56a8a5322ac3710990da779	336683069
PRJDB6793	SAMD00113909	DRX119143	DRR126399	RNA-seq	RNA-Seq	SINGLE	SINGLE	SINGLE	SINGLE	1	DRR126399.fastq.gz	ftp.sra.ebi.ac.uk/vol1/fastq/DRR126/DRR126399/DRR126399.fastq.gz	207dd8e09cf9f845222e5c88f2073cac	387065212
PRJDB6793	SAMD00113910	DRX119144	DRR126400	RNA-seq	RNA-Seq	SINGLE	SINGLE	SINGLE	SINGLE	1	DRR126400.fastq.gz	ftp.sra.ebi.ac.uk/vol1/fastq/DRR126/DRR126400/DRR126400.fastq.gz	266bedc18208679609e81833e21def29	326455500
PRJDB7873	SAMD00156498	DRX155559	DRR164940	RNA-seq	RNA-Seq	SINGLE	SINGLE	SINGLE	SINGLE	1	DRR164940.fastq.gz	ftp.sra.ebi.ac.uk/vol1/fastq/DRR164/DRR164940/DRR164940.fastq.gz	ffb7100ef7ddba45b8d265e69b39f5c4	841664220
PRJDB7873	SAMD00156505	DRX155566	DRR164947	RNA-seq	RNA-Seq	SINGLE	SINGLE	SINGLE	SINGLE	1	DRR164947.fastq.gz	ftp.sra.ebi.ac.uk/vol1/fastq/DRR164/DRR164947/DRR164947.fastq.gz	29d1888e82b5ebb6bad8657dfe7f9693	754049621
PRJDB7873	SAMD00156506	DRX155567	DRR164948	RNA-seq	RNA-Seq	SINGLE	SINGLE	SINGLE	SINGLE	1	DRR164948.fastq.gz	ftp.sra.ebi.ac.uk/vol1/fastq/DRR164/DRR164948/DRR164948.fastq.gz	014918d78d1726f99273bed73ec93fd8	793572808
PRJDB7873	SAMD00156507	DRX155568	DRR164949	RNA-seq	RNA-Seq	SINGLE	SINGLE	SINGLE	SINGLE	1	DRR164949.fastq.gz	ftp.sra.ebi.ac.uk/vol1/fastq/DRR164/DRR164949/DRR164949.fastq.gz	1916b0a459f3315e6105a68764c968b0	876319598
PRJDB7945	SAMD00159356	DRX159887	DRR169273	RNA-seq	RNA-Seq	SINGLE	SINGLE	SINGLE	SINGLE	1	DRR169273.fastq.gz	ftp.sra.ebi.ac.uk/vol1/fastq/DRR169/DRR169273/DRR169273.fastq.gz	02dafa1c0cbb8d9b6fc7f97e6bf91d32	621303826
PRJDB7945	SAMD00159368	DRX159899	DRR169285	RNA-seq	RNA-Seq	SINGLE	SINGLE	SINGLE	SINGLE	1	DRR169285.fastq.gz	ftp.sra.ebi.ac.uk/vol1/fastq/DRR169/DRR169285/DRR169285.fastq.gz	12e3fe37ef7fbe146aed312e9589fa37	900724409
PRJDB7945	SAMD00159379	DRX159910	DRR169296	RNA-seq	RNA-Seq	SINGLE	SINGLE	SINGLE	SINGLE	1	DRR169296.fastq.gz	ftp.sra.ebi.ac.uk/vol1/fastq/DRR169/DRR169296/DRR169296.fastq.gz	7d4c49d1b4d81b7006ed3233d107fbc5	552812714
PRJDB7945	SAMD00159385	DRX159916	DRR169302	RNA-seq	RNA-Seq	SINGLE	SINGLE	SINGLE	SINGLE	1	DRR169302.fastq.gz	ftp.sra.ebi.ac.uk/vol1/fastq/DRR169/DRR169302/DRR169302.fastq.gz	785fe16cf8f357a598ad9cebc24ead9b	412576688
PRJDB17021	SAMD00731292	DRX508506	DRR524624	RNA-seq	RNA-Seq	PAIRED	PAIRED	PAIRED	R1	1	DRR524624_1.fastq.gz	ftp.sra.ebi.ac.uk/vol1/fastq/DRR524/DRR524624/DRR524624_1.fastq.gz	0acf17ff2d4e0729cb8b7ea72ae16b8c	1562908198
PRJDB17021	SAMD00731292	DRX508506	DRR524624	RNA-seq	RNA-Seq	PAIRED	PAIRED	PAIRED	R2	2	DRR524624_2.fastq.gz	ftp.sra.ebi.ac.uk/vol1/fastq/DRR524/DRR524624/DRR524624_2.fastq.gz	46c91f65e77f5024a4a25e7b3f4e8876	1563299666
PRJDB17021	SAMD00731293	DRX508507	DRR524625	RNA-seq	RNA-Seq	PAIRED	PAIRED	PAIRED	R1	1	DRR524625_1.fastq.gz	ftp.sra.ebi.ac.uk/vol1/fastq/DRR524/DRR524625/DRR524625_1.fastq.gz	6e41792350a948b8bb2b8df29d1ac2c3	1397994903
PRJDB17021	SAMD00731293	DRX508507	DRR524625	RNA-seq	RNA-Seq	PAIRED	PAIRED	PAIRED	R2	2	DRR524625_2.fastq.gz	ftp.sra.ebi.ac.uk/vol1/fastq/DRR524/DRR524625/DRR524625_2.fastq.gz	1a399bb2d03745828d7682f09cadd4e4	1398685374
PRJDB17021	SAMD00731272	DRX552124	DRR568657	RNA-seq	RNA-Seq	SINGLE	SINGLE	PACBIO_SUBREADS	SUBREADS	1	DRR568657_subreads.fastq.gz	ftp.sra.ebi.ac.uk/vol1/fastq/DRR568/DRR568657/DRR568657_subreads.fastq.gz	e886b6f085e96c83be05b4759bcba2c6	3252428580
PRJDB17021	SAMD00731273	DRX552125	DRR568658	RNA-seq	RNA-Seq	SINGLE	SINGLE	PACBIO_SUBREADS	SUBREADS	1	DRR568658_subreads.fastq.gz	ftp.sra.ebi.ac.uk/vol1/fastq/DRR568/DRR568658/DRR568658_subreads.fastq.gz	9003025c24edcace9a98302cf78ecf35	3719442740
PRJDB35724	SAMD01599754	DRX686807	DRR706783	RNA-seq	RNA-Seq	PAIRED	PAIRED	PAIRED	R1	1	DRR706783_1.fastq.gz	ftp.sra.ebi.ac.uk/vol1/fastq/DRR706/DRR706783/DRR706783_1.fastq.gz	ce48158c6f5971e353f312214fdbafcb	1071625600
PRJDB35724	SAMD01599754	DRX686807	DRR706783	RNA-seq	RNA-Seq	PAIRED	PAIRED	PAIRED	R2	2	DRR706783_2.fastq.gz	ftp.sra.ebi.ac.uk/vol1/fastq/DRR706/DRR706783/DRR706783_2.fastq.gz	21b3b06b3888aca2327febd01fd81ec1	1103014447
PRJDB35724	SAMD01599755	DRX686808	DRR706784	RNA-seq	RNA-Seq	PAIRED	PAIRED	PAIRED	R1	1	DRR706784_1.fastq.gz	ftp.sra.ebi.ac.uk/vol1/fastq/DRR706/DRR706784/DRR706784_1.fastq.gz	3d51eec889e46cab25ef6aa39ac3e9b7	971520327
PRJDB35724	SAMD01599755	DRX686808	DRR706784	RNA-seq	RNA-Seq	PAIRED	PAIRED	PAIRED	R2	2	DRR706784_2.fastq.gz	ftp.sra.ebi.ac.uk/vol1/fastq/DRR706/DRR706784/DRR706784_2.fastq.gz	c9e4148f9d4b86a8a51895b3175f0b2f	1101304134
PRJEB55916	SAMEA111345350	ERX10195012	ERR10745712	RNA-seq	RNA-Seq	SINGLE	PAIRED	PAIRED	R1	1	ERR10745712_1.fastq.gz	ftp.sra.ebi.ac.uk/vol1/fastq/ERR107/012/ERR10745712/ERR10745712_1.fastq.gz	46431c06f899dcd03b6e379a212f92b7	734729921
PRJEB55916	SAMEA111345350	ERX10195012	ERR10745712	RNA-seq	RNA-Seq	SINGLE	PAIRED	PAIRED	R2	2	ERR10745712_2.fastq.gz	ftp.sra.ebi.ac.uk/vol1/fastq/ERR107/012/ERR10745712/ERR10745712_2.fastq.gz	dc0e6c3e7e2ac7df2df75d8b49c84375	748374393
PRJEB55916	SAMEA111345359	ERX10195021	ERR10745721	RNA-seq	RNA-Seq	SINGLE	PAIRED	PAIRED	R1	1	ERR10745721_1.fastq.gz	ftp.sra.ebi.ac.uk/vol1/fastq/ERR107/021/ERR10745721/ERR10745721_1.fastq.gz	029cb1ce698c1afa0970d31f330e00a3	835887679
PRJEB55916	SAMEA111345359	ERX10195021	ERR10745721	RNA-seq	RNA-Seq	SINGLE	PAIRED	PAIRED	R2	2	ERR10745721_2.fastq.gz	ftp.sra.ebi.ac.uk/vol1/fastq/ERR107/021/ERR10745721/ERR10745721_2.fastq.gz	5ec35faa86509d2bbd0fcb928d57b1d9	850493799
PRJEB55916	SAMEA111345360	ERX10195022	ERR10745722	RNA-seq	RNA-Seq	SINGLE	PAIRED	PAIRED	R1	1	ERR10745722_1.fastq.gz	ftp.sra.ebi.ac.uk/vol1/fastq/ERR107/022/ERR10745722/ERR10745722_1.fastq.gz	8602ecb25332c62d25e78fdaf37e2388	842447806
PRJEB55916	SAMEA111345360	ERX10195022	ERR10745722	RNA-seq	RNA-Seq	SINGLE	PAIRED	PAIRED	R2	2	ERR10745722_2.fastq.gz	ftp.sra.ebi.ac.uk/vol1/fastq/ERR107/022/ERR10745722/ERR10745722_2.fastq.gz	fa5ff1d5de05213b6506a911ace82ddb	852233030
PRJEB55916	SAMEA111345361	ERX10195023	ERR10745723	RNA-seq	RNA-Seq	SINGLE	PAIRED	PAIRED	R1	1	ERR10745723_1.fastq.gz	ftp.sra.ebi.ac.uk/vol1/fastq/ERR107/023/ERR10745723/ERR10745723_1.fastq.gz	5b6e179704ebb37895874956dda363a9	730696111
PRJEB55916	SAMEA111345361	ERX10195023	ERR10745723	RNA-seq	RNA-Seq	SINGLE	PAIRED	PAIRED	R2	2	ERR10745723_2.fastq.gz	ftp.sra.ebi.ac.uk/vol1/fastq/ERR107/023/ERR10745723/ERR10745723_2.fastq.gz	824af8552eeaeaf1eee45a2d6d120d57	746986515
PRJEB55916	SAMEA111345364	ERX10195026	ERR10745726	RNA-seq	RNA-Seq	SINGLE	PAIRED	PAIRED	R1	1	ERR10745726_1.fastq.gz	ftp.sra.ebi.ac.uk/vol1/fastq/ERR107/026/ERR10745726/ERR10745726_1.fastq.gz	07b8708e27fcb3b59295acb95dfb92fc	620105313
PRJEB55916	SAMEA111345364	ERX10195026	ERR10745726	RNA-seq	RNA-Seq	SINGLE	PAIRED	PAIRED	R2	2	ERR10745726_2.fastq.gz	ftp.sra.ebi.ac.uk/vol1/fastq/ERR107/026/ERR10745726/ERR10745726_2.fastq.gz	c2208045cbfabb72642199cd2e5ba4f2	623050774
PRJEB55916	SAMEA111345367	ERX10195029	ERR10745729	RNA-seq	RNA-Seq	SINGLE	PAIRED	PAIRED	R1	1	ERR10745729_1.fastq.gz	ftp.sra.ebi.ac.uk/vol1/fastq/ERR107/029/ERR10745729/ERR10745729_1.fastq.gz	b43b3a5f4df03cbb02955800e56e0a6a	598075577
PRJEB55916	SAMEA111345367	ERX10195029	ERR10745729	RNA-seq	RNA-Seq	SINGLE	PAIRED	PAIRED	R2	2	ERR10745729_2.fastq.gz	ftp.sra.ebi.ac.uk/vol1/fastq/ERR107/029/ERR10745729/ERR10745729_2.fastq.gz	0d9218293bbf2461a5b8d7c1eed3a238	598035458
PRJEB55916	SAMEA111345370	ERX10195032	ERR10745732	RNA-seq	RNA-Seq	SINGLE	PAIRED	PAIRED	R1	1	ERR10745732_1.fastq.gz	ftp.sra.ebi.ac.uk/vol1/fastq/ERR107/032/ERR10745732/ERR10745732_1.fastq.gz	c3d1bdbbb12d510bfcd693f5a1a2650f	757453820
PRJEB55916	SAMEA111345370	ERX10195032	ERR10745732	RNA-seq	RNA-Seq	SINGLE	PAIRED	PAIRED	R2	2	ERR10745732_2.fastq.gz	ftp.sra.ebi.ac.uk/vol1/fastq/ERR107/032/ERR10745732/ERR10745732_2.fastq.gz	d0b6703322f3aacbc3247c88760088ce	766107442
PRJEB55916	SAMEA111345379	ERX10195041	ERR10745741	RNA-seq	RNA-Seq	SINGLE	PAIRED	PAIRED	R1	1	ERR10745741_1.fastq.gz	ftp.sra.ebi.ac.uk/vol1/fastq/ERR107/041/ERR10745741/ERR10745741_1.fastq.gz	b90bf4c472088924623b777039989bde	708796335
PRJEB55916	SAMEA111345379	ERX10195041	ERR10745741	RNA-seq	RNA-Seq	SINGLE	PAIRED	PAIRED	R2	2	ERR10745741_2.fastq.gz	ftp.sra.ebi.ac.uk/vol1/fastq/ERR107/041/ERR10745741/ERR10745741_2.fastq.gz	111113557be558dd0928268283b3d03c	711427788
PRJEB55916	SAMEA111345382	ERX10195044	ERR10745744	RNA-seq	RNA-Seq	SINGLE	PAIRED	PAIRED	R1	1	ERR10745744_1.fastq.gz	ftp.sra.ebi.ac.uk/vol1/fastq/ERR107/044/ERR10745744/ERR10745744_1.fastq.gz	8a95e35ca12fa9e04c0cbdab7369d20a	777836901
PRJEB55916	SAMEA111345382	ERX10195044	ERR10745744	RNA-seq	RNA-Seq	SINGLE	PAIRED	PAIRED	R2	2	ERR10745744_2.fastq.gz	ftp.sra.ebi.ac.uk/vol1/fastq/ERR107/044/ERR10745744/ERR10745744_2.fastq.gz	0da931312b5d0fc38d633857447603d9	790920110
PRJEB55916	SAMEA111345384	ERX10195046	ERR10745746	RNA-seq	RNA-Seq	SINGLE	PAIRED	PAIRED	R1	1	ERR10745746_1.fastq.gz	ftp.sra.ebi.ac.uk/vol1/fastq/ERR107/046/ERR10745746/ERR10745746_1.fastq.gz	d8ab225de0a75be2ef902a65a1877c03	647072207
PRJEB55916	SAMEA111345384	ERX10195046	ERR10745746	RNA-seq	RNA-Seq	SINGLE	PAIRED	PAIRED	R2	2	ERR10745746_2.fastq.gz	ftp.sra.ebi.ac.uk/vol1/fastq/ERR107/046/ERR10745746/ERR10745746_2.fastq.gz	34d6ffe36708534ba7ff7f6cfcdf8a07	654881011
PRJEB89701	SAMEA118334024	ERX14404624	ERR15000459	RNA-seq	RNA-Seq	PAIRED	PAIRED	PAIRED	R1	1	ERR15000459_1.fastq.gz	ftp.sra.ebi.ac.uk/vol1/fastq/ERR150/059/ERR15000459/ERR15000459_1.fastq.gz	65ab86878bc69556d6892c8aa4f7e883	1064246938
PRJEB89701	SAMEA118334024	ERX14404624	ERR15000459	RNA-seq	RNA-Seq	PAIRED	PAIRED	PAIRED	R2	2	ERR15000459_2.fastq.gz	ftp.sra.ebi.ac.uk/vol1/fastq/ERR150/059/ERR15000459/ERR15000459_2.fastq.gz	5e86a14265fb665ac1278dfa059cfce6	1016611629
PRJEB89701	SAMEA118334028	ERX14404628	ERR15000463	RNA-seq	RNA-Seq	PAIRED	PAIRED	PAIRED	R1	1	ERR15000463_1.fastq.gz	ftp.sra.ebi.ac.uk/vol1/fastq/ERR150/063/ERR15000463/ERR15000463_1.fastq.gz	5b39fa98d3ee0261259e54330ea7e473	1250155727
PRJEB89701	SAMEA118334028	ERX14404628	ERR15000463	RNA-seq	RNA-Seq	PAIRED	PAIRED	PAIRED	R2	2	ERR15000463_2.fastq.gz	ftp.sra.ebi.ac.uk/vol1/fastq/ERR150/063/ERR15000463/ERR15000463_2.fastq.gz	33b5b89d0a1dcf694559dff78be4ba51	1304462378
PRJEB89701	SAMEA118334036	ERX14404636	ERR15000471	RNA-seq	RNA-Seq	PAIRED	PAIRED	PAIRED	R1	1	ERR15000471_1.fastq.gz	ftp.sra.ebi.ac.uk/vol1/fastq/ERR150/071/ERR15000471/ERR15000471_1.fastq.gz	cae43a6e70334dd8a724b94131647d3c	984494504
PRJEB89701	SAMEA118334036	ERX14404636	ERR15000471	RNA-seq	RNA-Seq	PAIRED	PAIRED	PAIRED	R2	2	ERR15000471_2.fastq.gz	ftp.sra.ebi.ac.uk/vol1/fastq/ERR150/071/ERR15000471/ERR15000471_2.fastq.gz	1a5d7ee2472cd0bb3be5733193a42485	1003423135
PRJEB89701	SAMEA118334038	ERX14404638	ERR15000473	RNA-seq	RNA-Seq	PAIRED	PAIRED	PAIRED	R1	1	ERR15000473_1.fastq.gz	ftp.sra.ebi.ac.uk/vol1/fastq/ERR150/073/ERR15000473/ERR15000473_1.fastq.gz	9ab1351cafa6f52be56bb144352e057d	1076929670
PRJEB89701	SAMEA118334038	ERX14404638	ERR15000473	RNA-seq	RNA-Seq	PAIRED	PAIRED	PAIRED	R2	2	ERR15000473_2.fastq.gz	ftp.sra.ebi.ac.uk/vol1/fastq/ERR150/073/ERR15000473/ERR15000473_2.fastq.gz	9c76b4acea4aaac213c74d89e43dea0e	1122435733
PRJEB89701	SAMEA118334041	ERX14404641	ERR15000476	RNA-seq	RNA-Seq	PAIRED	PAIRED	PAIRED	R1	1	ERR15000476_1.fastq.gz	ftp.sra.ebi.ac.uk/vol1/fastq/ERR150/076/ERR15000476/ERR15000476_1.fastq.gz	d1789a9d31773ca0ed36bdb5e320e954	950421822
PRJEB89701	SAMEA118334041	ERX14404641	ERR15000476	RNA-seq	RNA-Seq	PAIRED	PAIRED	PAIRED	R2	2	ERR15000476_2.fastq.gz	ftp.sra.ebi.ac.uk/vol1/fastq/ERR150/076/ERR15000476/ERR15000476_2.fastq.gz	d4627fedaa14fa492c9bc19296a86854	1005132235
PRJEB91924	SAMEA118679752	ERX14638332	ERR15232641	RNA-seq	RNA-Seq	SINGLE	SINGLE	SINGLE	SINGLE	1	ERR15232641.fastq.gz	ftp.sra.ebi.ac.uk/vol1/fastq/ERR152/041/ERR15232641/ERR15232641.fastq.gz	7f109406c1a4b82dfe4e7d7fc7dc8304	2809798965
PRJEB108721	SAMEA121759870	ERX16120890	ERR16729281	RNA-seq	RNA-Seq	SINGLE	PAIRED	PAIRED	R1	1	ERR16729281_1.fastq.gz	ftp.sra.ebi.ac.uk/vol1/fastq/ERR167/081/ERR16729281/ERR16729281_1.fastq.gz	194fd158a37caf432c12ee0e64177842	865099623
PRJEB108721	SAMEA121759870	ERX16120890	ERR16729281	RNA-seq	RNA-Seq	SINGLE	PAIRED	PAIRED	R2	2	ERR16729281_2.fastq.gz	ftp.sra.ebi.ac.uk/vol1/fastq/ERR167/081/ERR16729281/ERR16729281_2.fastq.gz	b93646984af7832914921e5433b7a56d	890373157
PRJEB108721	SAMEA121759881	ERX16120901	ERR16729292	RNA-seq	RNA-Seq	SINGLE	PAIRED	PAIRED	R1	1	ERR16729292_1.fastq.gz	ftp.sra.ebi.ac.uk/vol1/fastq/ERR167/092/ERR16729292/ERR16729292_1.fastq.gz	410bd612ff6e230c04557871dcfdacf6	873623290
PRJEB108721	SAMEA121759881	ERX16120901	ERR16729292	RNA-seq	RNA-Seq	SINGLE	PAIRED	PAIRED	R2	2	ERR16729292_2.fastq.gz	ftp.sra.ebi.ac.uk/vol1/fastq/ERR167/092/ERR16729292/ERR16729292_2.fastq.gz	7d76a8b9dd831df416c23bef644d233a	916446422
PRJEB108721	SAMEA121759883	ERX16120903	ERR16729294	RNA-seq	RNA-Seq	SINGLE	PAIRED	PAIRED	R1	1	ERR16729294_1.fastq.gz	ftp.sra.ebi.ac.uk/vol1/fastq/ERR167/094/ERR16729294/ERR16729294_1.fastq.gz	54613eab905cf8223b3c99b1ea054b65	823015388
PRJEB108721	SAMEA121759883	ERX16120903	ERR16729294	RNA-seq	RNA-Seq	SINGLE	PAIRED	PAIRED	R2	2	ERR16729294_2.fastq.gz	ftp.sra.ebi.ac.uk/vol1/fastq/ERR167/094/ERR16729294/ERR16729294_2.fastq.gz	44df13e0d75fa76e22e74038ef14be4b	866916210
PRJEB108721	SAMEA121759885	ERX16120905	ERR16729296	RNA-seq	RNA-Seq	SINGLE	PAIRED	PAIRED	R1	1	ERR16729296_1.fastq.gz	ftp.sra.ebi.ac.uk/vol1/fastq/ERR167/096/ERR16729296/ERR16729296_1.fastq.gz	1128c750c69cee0e6033d08e67e860cc	902489733
PRJEB108721	SAMEA121759885	ERX16120905	ERR16729296	RNA-seq	RNA-Seq	SINGLE	PAIRED	PAIRED	R2	2	ERR16729296_2.fastq.gz	ftp.sra.ebi.ac.uk/vol1/fastq/ERR167/096/ERR16729296/ERR16729296_2.fastq.gz	531f936610636fe52f8bf845f592bcbd	943410684
PRJEB108721	SAMEA121759886	ERX16120906	ERR16729297	RNA-seq	RNA-Seq	SINGLE	PAIRED	PAIRED	R1	1	ERR16729297_1.fastq.gz	ftp.sra.ebi.ac.uk/vol1/fastq/ERR167/097/ERR16729297/ERR16729297_1.fastq.gz	d824b4887b9006d22f3b7db4e306765e	892048264
PRJEB108721	SAMEA121759886	ERX16120906	ERR16729297	RNA-seq	RNA-Seq	SINGLE	PAIRED	PAIRED	R2	2	ERR16729297_2.fastq.gz	ftp.sra.ebi.ac.uk/vol1/fastq/ERR167/097/ERR16729297/ERR16729297_2.fastq.gz	041a355ba75fa517c075bc9e4e5a18c9	942733463
PRJEB14303	SAMEA4467466	ERX2043472	ERR1983096	RNA-seq	RNA-Seq	PAIRED	PAIRED	PAIRED	R1	1	ERR1983096_1.fastq.gz	ftp.sra.ebi.ac.uk/vol1/fastq/ERR198/006/ERR1983096/ERR1983096_1.fastq.gz	8bb745138804908dc469a7cebb669b56	1499220783
PRJEB14303	SAMEA4467466	ERX2043472	ERR1983096	RNA-seq	RNA-Seq	PAIRED	PAIRED	PAIRED	R2	2	ERR1983096_2.fastq.gz	ftp.sra.ebi.ac.uk/vol1/fastq/ERR198/006/ERR1983096/ERR1983096_2.fastq.gz	583fce4accb6a82f32ca7cb757d36abf	1545295191
PRJEB9291	SAMEA4681448	ERX2609476	ERR2593200	RNA-seq	RNA-Seq	PAIRED	PAIRED	PAIRED	R1	1	ERR2593200_1.fastq.gz	ftp.sra.ebi.ac.uk/vol1/fastq/ERR259/000/ERR2593200/ERR2593200_1.fastq.gz	ac327b2da9ab4696de3f20b14a4e2b51	2856379022
PRJEB9291	SAMEA4681448	ERX2609476	ERR2593200	RNA-seq	RNA-Seq	PAIRED	PAIRED	PAIRED	R2	2	ERR2593200_2.fastq.gz	ftp.sra.ebi.ac.uk/vol1/fastq/ERR259/000/ERR2593200/ERR2593200_2.fastq.gz	389f6cf51c22e079420cd8fbede55319	2873220768
PRJEB9291	SAMEA4681452	ERX2609480	ERR2593204	RNA-seq	RNA-Seq	PAIRED	PAIRED	PAIRED	R1	1	ERR2593204_1.fastq.gz	ftp.sra.ebi.ac.uk/vol1/fastq/ERR259/004/ERR2593204/ERR2593204_1.fastq.gz	704ecbc4428a53086f07c87858812a05	3089435383
PRJEB9291	SAMEA4681452	ERX2609480	ERR2593204	RNA-seq	RNA-Seq	PAIRED	PAIRED	PAIRED	R2	2	ERR2593204_2.fastq.gz	ftp.sra.ebi.ac.uk/vol1/fastq/ERR259/004/ERR2593204/ERR2593204_2.fastq.gz	b8048f249006a6a2a262f6ffd141a9a2	3066756323
PRJEB9291	SAMEA4681453	ERX2609481	ERR2593205	RNA-seq	RNA-Seq	PAIRED	PAIRED	PAIRED	R1	1	ERR2593205_1.fastq.gz	ftp.sra.ebi.ac.uk/vol1/fastq/ERR259/005/ERR2593205/ERR2593205_1.fastq.gz	071c690aa2013e580c299997026d5817	3164774064
PRJEB9291	SAMEA4681453	ERX2609481	ERR2593205	RNA-seq	RNA-Seq	PAIRED	PAIRED	PAIRED	R2	2	ERR2593205_2.fastq.gz	ftp.sra.ebi.ac.uk/vol1/fastq/ERR259/005/ERR2593205/ERR2593205_2.fastq.gz	d9e83096b4869479d1a6b8fbd13c8fd5	3180849629
PRJEB9291	SAMEA4681936	ERX2609914	ERR2593639	ChIP-seq	ChIP-Seq	SINGLE	SINGLE	SINGLE	SINGLE	1	ERR2593639.fastq.gz	ftp.sra.ebi.ac.uk/vol1/fastq/ERR259/009/ERR2593639/ERR2593639.fastq.gz	dbe01edaffc7467d907d160d6e705a48	1704862350
PRJEB9291	SAMEA4681939	ERX2609917	ERR2593642	ChIP-seq	ChIP-Seq	SINGLE	SINGLE	SINGLE	SINGLE	1	ERR2593642.fastq.gz	ftp.sra.ebi.ac.uk/vol1/fastq/ERR259/002/ERR2593642/ERR2593642.fastq.gz	f4d8b57d80ad0377be1284d050f64adc	1857175999
PRJEB9291	SAMEA4681940	ERX2609918	ERR2593643	ChIP-seq	ChIP-Seq	SINGLE	SINGLE	SINGLE	SINGLE	1	ERR2593643.fastq.gz	ftp.sra.ebi.ac.uk/vol1/fastq/ERR259/003/ERR2593643/ERR2593643.fastq.gz	2dada934cb92d6a584a340d70caac546	2012811759
PRJEB9291	SAMEA4681942	ERX2609920	ERR2593645	ChIP-seq	ChIP-Seq	SINGLE	SINGLE	SINGLE	SINGLE	1	ERR2593645.fastq.gz	ftp.sra.ebi.ac.uk/vol1/fastq/ERR259/005/ERR2593645/ERR2593645.fastq.gz	311f30993c52d36b60109ab3479b7cef	238501
PRJEB9291	SAMEA4681943	ERX2609921	ERR2593646	ChIP-seq	ChIP-Seq	SINGLE	SINGLE	SINGLE	SINGLE	1	ERR2593646.fastq.gz	ftp.sra.ebi.ac.uk/vol1/fastq/ERR259/006/ERR2593646/ERR2593646.fastq.gz	c37a9130bfc5dc6f06b71b52efce33fc	1698768279
PRJEB9291	SAMEA4681945	ERX2609923	ERR2593648	ChIP-seq	ChIP-Seq	SINGLE	SINGLE	SINGLE	SINGLE	1	ERR2593648.fastq.gz	ftp.sra.ebi.ac.uk/vol1/fastq/ERR259/008/ERR2593648/ERR2593648.fastq.gz	d695a1f654925bc3860122eea039cbf5	1765567777
PRJEB9291	SAMEA4681946	ERX2609924	ERR2593649	ChIP-seq	ChIP-Seq	SINGLE	SINGLE	SINGLE	SINGLE	1	ERR2593649.fastq.gz	ftp.sra.ebi.ac.uk/vol1/fastq/ERR259/009/ERR2593649/ERR2593649.fastq.gz	3cf29c12f90bc9f8432283132531b214	1028412036
PRJEB9291	SAMEA4681947	ERX2609925	ERR2593650	ChIP-seq	ChIP-Seq	SINGLE	SINGLE	SINGLE	SINGLE	1	ERR2593650.fastq.gz	ftp.sra.ebi.ac.uk/vol1/fastq/ERR259/000/ERR2593650/ERR2593650.fastq.gz	0242a43f3d7ad15717888fd665ae07ed	1784427360
PRJEB9291	SAMEA4681930	ERX2609936	ERR2593661	ChIP-seq	ChIP-Seq	SINGLE	SINGLE	SINGLE	SINGLE	1	ERR2593661.fastq.gz	ftp.sra.ebi.ac.uk/vol1/fastq/ERR259/001/ERR2593661/ERR2593661.fastq.gz	c1bf7146638bab5ac74601f03ca0b37d	980944
PRJEB9291	SAMEA4681907	ERX2609942	ERR2593667	ChIP-seq	ChIP-Seq	SINGLE	SINGLE	SINGLE	SINGLE	1	ERR2593667.fastq.gz	ftp.sra.ebi.ac.uk/vol1/fastq/ERR259/007/ERR2593667/ERR2593667.fastq.gz	0e7e6c247736461138941c9a13ae492b	2309320131
PRJEB9291	SAMEA4681914	ERX2609949	ERR2593674	ChIP-seq	ChIP-Seq	SINGLE	SINGLE	SINGLE	SINGLE	1	ERR2593674.fastq.gz	ftp.sra.ebi.ac.uk/vol1/fastq/ERR259/004/ERR2593674/ERR2593674.fastq.gz	ad257b2190bd3f765cfe9e3e2cdb5907	1141999610
PRJEB9291	SAMEA4681917	ERX2609952	ERR2593677	ChIP-seq	ChIP-Seq	SINGLE	SINGLE	SINGLE	SINGLE	1	ERR2593677.fastq.gz	ftp.sra.ebi.ac.uk/vol1/fastq/ERR259/007/ERR2593677/ERR2593677.fastq.gz	8f72277ce9d80f82bef67c91f5ec0b34	1067848364
PRJEB9291	SAMEA4681883	ERX2609960	ERR2593685	ChIP-seq	ChIP-Seq	SINGLE	SINGLE	SINGLE	SINGLE	1	ERR2593685.fastq.gz	ftp.sra.ebi.ac.uk/vol1/fastq/ERR259/005/ERR2593685/ERR2593685.fastq.gz	e50a81c5d571c6119a34f3fdb780cca7	994615372
PRJEB9291	SAMEA4681887	ERX2609964	ERR2593689	ChIP-seq	ChIP-Seq	SINGLE	SINGLE	SINGLE	SINGLE	1	ERR2593689.fastq.gz	ftp.sra.ebi.ac.uk/vol1/fastq/ERR259/009/ERR2593689/ERR2593689.fastq.gz	bccf72e73dd176150eddeaaf8048695d	1485843008
PRJEB9291	SAMEA4681892	ERX2609969	ERR2593694	ChIP-seq	ChIP-Seq	SINGLE	SINGLE	SINGLE	SINGLE	1	ERR2593694.fastq.gz	ftp.sra.ebi.ac.uk/vol1/fastq/ERR259/004/ERR2593694/ERR2593694.fastq.gz	d78b26e3c4d6732348be760a04b93a3a	1760556431
PRJEB30364	SAMEA5176891	ERX3004246	ERR3001882	RNA-seq	RNA-Seq	PAIRED	PAIRED	PAIRED	R1	1	ERR3001882_1.fastq.gz	ftp.sra.ebi.ac.uk/vol1/fastq/ERR300/002/ERR3001882/ERR3001882_1.fastq.gz	4277ab3e075ebc5723ebd38bec0a7943	1837917435
PRJEB30364	SAMEA5176891	ERX3004246	ERR3001882	RNA-seq	RNA-Seq	PAIRED	PAIRED	PAIRED	R2	2	ERR3001882_2.fastq.gz	ftp.sra.ebi.ac.uk/vol1/fastq/ERR300/002/ERR3001882/ERR3001882_2.fastq.gz	a33d1d5350df7e0f3f321837279f63f9	1850406294
PRJEB30364	SAMEA5176895	ERX3004250	ERR3001886	RNA-seq	RNA-Seq	PAIRED	PAIRED	PAIRED	R1	1	ERR3001886_1.fastq.gz	ftp.sra.ebi.ac.uk/vol1/fastq/ERR300/006/ERR3001886/ERR3001886_1.fastq.gz	04fce7aacb92eb62a1b498b89a54d984	1569165672
PRJEB30364	SAMEA5176895	ERX3004250	ERR3001886	RNA-seq	RNA-Seq	PAIRED	PAIRED	PAIRED	R2	2	ERR3001886_2.fastq.gz	ftp.sra.ebi.ac.uk/vol1/fastq/ERR300/006/ERR3001886/ERR3001886_2.fastq.gz	e44cc889126ee42fc5b67559ef4581a2	1564233508
PRJEB30364	SAMEA5176898	ERX3004253	ERR3001889	RNA-seq	RNA-Seq	PAIRED	PAIRED	PAIRED	R1	1	ERR3001889_1.fastq.gz	ftp.sra.ebi.ac.uk/vol1/fastq/ERR300/009/ERR3001889/ERR3001889_1.fastq.gz	eb4480b22182e7d7f24b90853c827776	1725363548
PRJEB30364	SAMEA5176898	ERX3004253	ERR3001889	RNA-seq	RNA-Seq	PAIRED	PAIRED	PAIRED	R2	2	ERR3001889_2.fastq.gz	ftp.sra.ebi.ac.uk/vol1/fastq/ERR300/009/ERR3001889/ERR3001889_2.fastq.gz	82f035afa952ffdb3cc404578fca7c4d	1718718535
PRJEB33024	SAMEA5713994	ERX3398177	ERR3374025	RNA-seq	RNA-Seq	SINGLE	SINGLE	SINGLE	SINGLE	1	ERR3374025.fastq.gz	ftp.sra.ebi.ac.uk/vol1/fastq/ERR337/005/ERR3374025/ERR3374025.fastq.gz	9270432d7e91ca2aec0108465d3ec190	1328857746
PRJEB35183	SAMEA6235205	ERX3659842	ERR3668310	RNA-seq	RNA-Seq	PAIRED	PAIRED	PAIRED	R1	1	ERR3668310_1.fastq.gz	ftp.sra.ebi.ac.uk/vol1/fastq/ERR366/000/ERR3668310/ERR3668310_1.fastq.gz	0cfed75de3bbe2b1b936e233e1d60163	1885226334
PRJEB35183	SAMEA6235205	ERX3659842	ERR3668310	RNA-seq	RNA-Seq	PAIRED	PAIRED	PAIRED	R2	2	ERR3668310_2.fastq.gz	ftp.sra.ebi.ac.uk/vol1/fastq/ERR366/000/ERR3668310/ERR3668310_2.fastq.gz	6de6bf0a22022e106bf0fcf7a3e74725	1847852494
PRJEB38542	SAMEA6870274	ERX4147364	ERR4184073	RNA-seq	RNA-Seq	SINGLE	SINGLE	SINGLE	SINGLE	1	ERR4184073.fastq.gz	ftp.sra.ebi.ac.uk/vol1/fastq/ERR418/003/ERR4184073/ERR4184073.fastq.gz	303e4df33a6fb4279e6324c25b529f62	2539814347
PRJEB38542	SAMEA6870277	ERX4147367	ERR4184076	RNA-seq	RNA-Seq	SINGLE	SINGLE	SINGLE	SINGLE	1	ERR4184076.fastq.gz	ftp.sra.ebi.ac.uk/vol1/fastq/ERR418/006/ERR4184076/ERR4184076.fastq.gz	395724ec593ead5d2fa70b46fad3badd	2147093597
PRJEB38542	SAMEA6870280	ERX4147370	ERR4184079	RNA-seq	RNA-Seq	SINGLE	SINGLE	SINGLE	SINGLE	1	ERR4184079.fastq.gz	ftp.sra.ebi.ac.uk/vol1/fastq/ERR418/009/ERR4184079/ERR4184079.fastq.gz	610643bec2496f3313a349b9ba5966db	2489016266
PRJEB38542	SAMEA6870283	ERX4147373	ERR4184082	RNA-seq	RNA-Seq	SINGLE	SINGLE	SINGLE	SINGLE	1	ERR4184082.fastq.gz	ftp.sra.ebi.ac.uk/vol1/fastq/ERR418/002/ERR4184082/ERR4184082.fastq.gz	c94b8839c0d40335fd8ba369d84ded49	3052663321
PRJEB38542	SAMEA6870284	ERX4147374	ERR4184083	RNA-seq	RNA-Seq	SINGLE	SINGLE	SINGLE	SINGLE	1	ERR4184083.fastq.gz	ftp.sra.ebi.ac.uk/vol1/fastq/ERR418/003/ERR4184083/ERR4184083.fastq.gz	e036770e4e9396a85fd02288a2424a6c	3108091581
PRJEB39258	SAMEA7040950	ERX4268279	ERR4319912	RNA-seq	RNA-Seq	PAIRED	PAIRED	PAIRED	R1	1	ERR4319912_1.fastq.gz	ftp.sra.ebi.ac.uk/vol1/fastq/ERR431/002/ERR4319912/ERR4319912_1.fastq.gz	ba4bec06e90544e4807bb9ffa53f1fd1	4097802953
PRJEB39258	SAMEA7040950	ERX4268279	ERR4319912	RNA-seq	RNA-Seq	PAIRED	PAIRED	PAIRED	R2	2	ERR4319912_2.fastq.gz	ftp.sra.ebi.ac.uk/vol1/fastq/ERR431/002/ERR4319912/ERR4319912_2.fastq.gz	d623f290d0555c6ae644ef181c985e5f	4398369519
PRJEB39258	SAMEA7040949	ERX4268282	ERR4319915	RNA-seq	RNA-Seq	PAIRED	PAIRED	PAIRED	R1	1	ERR4319915_1.fastq.gz	ftp.sra.ebi.ac.uk/vol1/fastq/ERR431/005/ERR4319915/ERR4319915_1.fastq.gz	b121c872bb25acb3cda3d29b92a2fe60	4212427148
PRJEB39258	SAMEA7040949	ERX4268282	ERR4319915	RNA-seq	RNA-Seq	PAIRED	PAIRED	PAIRED	R2	2	ERR4319915_2.fastq.gz	ftp.sra.ebi.ac.uk/vol1/fastq/ERR431/005/ERR4319915/ERR4319915_2.fastq.gz	ea4471b67970a6a9f9a4a88911f631bf	4469208088
PRJEB39258	SAMEA7040958	ERX4268283	ERR4319916	RNA-seq	RNA-Seq	PAIRED	PAIRED	PAIRED	R1	1	ERR4319916_1.fastq.gz	ftp.sra.ebi.ac.uk/vol1/fastq/ERR431/006/ERR4319916/ERR4319916_1.fastq.gz	145a6bf4181193988859df55db9335e8	4497720496
PRJEB39258	SAMEA7040958	ERX4268283	ERR4319916	RNA-seq	RNA-Seq	PAIRED	PAIRED	PAIRED	R2	2	ERR4319916_2.fastq.gz	ftp.sra.ebi.ac.uk/vol1/fastq/ERR431/006/ERR4319916/ERR4319916_2.fastq.gz	fcc0d87c26a1cbf7177394bda2ddcf45	4831963444
PRJEB39258	SAMEA7040952	ERX4268291	ERR4319924	RNA-seq	RNA-Seq	PAIRED	PAIRED	PAIRED	R1	1	ERR4319924_1.fastq.gz	ftp.sra.ebi.ac.uk/vol1/fastq/ERR431/004/ERR4319924/ERR4319924_1.fastq.gz	2c7978c25e35d37d99322d292b2f8fa5	4118360808
PRJEB39258	SAMEA7040952	ERX4268291	ERR4319924	RNA-seq	RNA-Seq	PAIRED	PAIRED	PAIRED	R2	2	ERR4319924_2.fastq.gz	ftp.sra.ebi.ac.uk/vol1/fastq/ERR431/004/ERR4319924/ERR4319924_2.fastq.gz	d1e822e0ab5c3cef4c378c1c7480c6ff	4427978273
PRJEB39258	SAMEA7040944	ERX4268294	ERR4319927	RNA-seq	RNA-Seq	PAIRED	PAIRED	PAIRED	R1	1	ERR4319927_1.fastq.gz	ftp.sra.ebi.ac.uk/vol1/fastq/ERR431/007/ERR4319927/ERR4319927_1.fastq.gz	06bee0e9d0f9745612c13e92cd431fbb	3824885047
PRJEB39258	SAMEA7040944	ERX4268294	ERR4319927	RNA-seq	RNA-Seq	PAIRED	PAIRED	PAIRED	R2	2	ERR4319927_2.fastq.gz	ftp.sra.ebi.ac.uk/vol1/fastq/ERR431/007/ERR4319927/ERR4319927_2.fastq.gz	8a899773a00c439d4dd472c4d9b66598	4040458885
PRJEB39258	SAMEA7040962	ERX4268296	ERR4319929	RNA-seq	RNA-Seq	PAIRED	PAIRED	PAIRED	R1	1	ERR4319929_1.fastq.gz	ftp.sra.ebi.ac.uk/vol1/fastq/ERR431/009/ERR4319929/ERR4319929_1.fastq.gz	d1a9930b61537800966d7f33ac807849	4021865948
PRJEB39258	SAMEA7040962	ERX4268296	ERR4319929	RNA-seq	RNA-Seq	PAIRED	PAIRED	PAIRED	R2	2	ERR4319929_2.fastq.gz	ftp.sra.ebi.ac.uk/vol1/fastq/ERR431/009/ERR4319929/ERR4319929_2.fastq.gz	ce4ba49e4169d00cf00aac439607b110	4277816090
PRJEB9291	SAMEA3373338	ERX947757	ERR868156	ChIP-seq	ChIP-Seq	SINGLE	SINGLE	SINGLE	SINGLE	1	ERR868156.fastq.gz	ftp.sra.ebi.ac.uk/vol1/fastq/ERR868/ERR868156/ERR868156.fastq.gz	0832082c718c3511e6366c2bdff008e1	1689538167
PRJEB9291	SAMEA3373345	ERX947759	ERR868158	ChIP-seq	ChIP-Seq	SINGLE	SINGLE	SINGLE	SINGLE	1	ERR868158.fastq.gz	ftp.sra.ebi.ac.uk/vol1/fastq/ERR868/ERR868158/ERR868158.fastq.gz	7bd734588ef8a05ebf650503b89b5e20	1747847310
PRJEB9291	SAMEA3373349	ERX947767	ERR868166	ChIP-seq	ChIP-Seq	SINGLE	SINGLE	SINGLE	SINGLE	1	ERR868166.fastq.gz	ftp.sra.ebi.ac.uk/vol1/fastq/ERR868/ERR868166/ERR868166.fastq.gz	045b773d546af5c364dc8f1f8e56ccdd	1274185055
PRJEB9291	SAMEA3373358	ERX947772	ERR868171	ChIP-seq	ChIP-Seq	SINGLE	SINGLE	SINGLE	SINGLE	1	ERR868171.fastq.gz	ftp.sra.ebi.ac.uk/vol1/fastq/ERR868/ERR868171/ERR868171.fastq.gz	6f57e3fe583f102b47c52a339cff232c	1268737944
PRJEB9291	SAMEA3373359	ERX947775	ERR868174	ChIP-seq	ChIP-Seq	SINGLE	SINGLE	SINGLE	SINGLE	1	ERR868174.fastq.gz	ftp.sra.ebi.ac.uk/vol1/fastq/ERR868/ERR868174/ERR868174.fastq.gz	2a8702558507c65bbd0b74343e0073f1	887984244
PRJEB9291	SAMEA3373356	ERX947776	ERR868175	ChIP-seq	ChIP-Seq	SINGLE	SINGLE	SINGLE	SINGLE	1	ERR868175.fastq.gz	ftp.sra.ebi.ac.uk/vol1/fastq/ERR868/ERR868175/ERR868175.fastq.gz	b42ddef7bc33dc8ed6b889cf3bd3b2f8	1372808373
	SAMN00115256	SRX028119	SRR070303	RNA-seq	RNA-Seq	SINGLE	SINGLE	SINGLE	SINGLE	1	SRR070303.fastq.gz	ftp.sra.ebi.ac.uk/vol1/fastq/SRR070/SRR070303/SRR070303.fastq.gz	385207023e6716e1575cc9a868e7b428	466174993
PRJNA575354	SAMN12886793	SRX6935335	SRR10215655	RNA-seq	RNA-Seq	SINGLE	SINGLE	SINGLE	SINGLE	1	SRR10215655.fastq.gz	ftp.sra.ebi.ac.uk/vol1/fastq/SRR102/055/SRR10215655/SRR10215655.fastq.gz	849976fe4900b7fdae8687273c75dd78	117618
PRJNA599947	SAMN13762564	SRX7805411	SRR11184908	RNA-seq	RNA-Seq	PAIRED	PAIRED	PAIRED	R1	1	SRR11184908_1.fastq.gz	ftp.sra.ebi.ac.uk/vol1/fastq/SRR111/008/SRR11184908/SRR11184908_1.fastq.gz	7d11de707a0d7c262a2ad36af89b6f54	2021937167
PRJNA599947	SAMN13762564	SRX7805411	SRR11184908	RNA-seq	RNA-Seq	PAIRED	PAIRED	PAIRED	R2	2	SRR11184908_2.fastq.gz	ftp.sra.ebi.ac.uk/vol1/fastq/SRR111/008/SRR11184908/SRR11184908_2.fastq.gz	7a20074fc3e6e1b85bfc348ceab78dba	2069701682
PRJNA599947	SAMN13762560	SRX7805407	SRR11184912	RNA-seq	RNA-Seq	PAIRED	PAIRED	PAIRED	R1	1	SRR11184912_1.fastq.gz	ftp.sra.ebi.ac.uk/vol1/fastq/SRR111/012/SRR11184912/SRR11184912_1.fastq.gz	f77b88acdcdd83a1b20197e1fa4b80b1	2002079100
PRJNA599947	SAMN13762560	SRX7805407	SRR11184912	RNA-seq	RNA-Seq	PAIRED	PAIRED	PAIRED	R2	2	SRR11184912_2.fastq.gz	ftp.sra.ebi.ac.uk/vol1/fastq/SRR111/012/SRR11184912/SRR11184912_2.fastq.gz	0b49985452d4173fb1e2a5fe72c35405	2050195504
PRJNA599947	SAMN13762559	SRX7805406	SRR11184913	RNA-seq	RNA-Seq	PAIRED	PAIRED	PAIRED	R1	1	SRR11184913_1.fastq.gz	ftp.sra.ebi.ac.uk/vol1/fastq/SRR111/013/SRR11184913/SRR11184913_1.fastq.gz	f0743c6d933493aa3aa0dbf2f26c87f8	2156530607
PRJNA599947	SAMN13762559	SRX7805406	SRR11184913	RNA-seq	RNA-Seq	PAIRED	PAIRED	PAIRED	R2	2	SRR11184913_2.fastq.gz	ftp.sra.ebi.ac.uk/vol1/fastq/SRR111/013/SRR11184913/SRR11184913_2.fastq.gz	3fd5e9f78db1a1c9c278c374937651ab	2196074301
PRJNA599947	SAMN13762567	SRX7805402	SRR11184916	RNA-seq	RNA-Seq	PAIRED	PAIRED	PAIRED	R1	1	SRR11184916_1.fastq.gz	ftp.sra.ebi.ac.uk/vol1/fastq/SRR111/016/SRR11184916/SRR11184916_1.fastq.gz	2017fd73afd0cd6265c17c916f0efaa0	3037205732
PRJNA599947	SAMN13762567	SRX7805402	SRR11184916	RNA-seq	RNA-Seq	PAIRED	PAIRED	PAIRED	R2	2	SRR11184916_2.fastq.gz	ftp.sra.ebi.ac.uk/vol1/fastq/SRR111/016/SRR11184916/SRR11184916_2.fastq.gz	a3012057b27e15961b665ab08627fe46	3105430668
PRJNA599947	SAMN13762565	SRX7805400	SRR11184919	RNA-seq	RNA-Seq	PAIRED	PAIRED	PAIRED	R1	1	SRR11184919_1.fastq.gz	ftp.sra.ebi.ac.uk/vol1/fastq/SRR111/019/SRR11184919/SRR11184919_1.fastq.gz	7a0b707ad5b4bcb1fc1417ea4307227c	2674051659
PRJNA599947	SAMN13762565	SRX7805400	SRR11184919	RNA-seq	RNA-Seq	PAIRED	PAIRED	PAIRED	R2	2	SRR11184919_2.fastq.gz	ftp.sra.ebi.ac.uk/vol1/fastq/SRR111/019/SRR11184919/SRR11184919_2.fastq.gz	787cbee55fa64be5a593ba3df9b840a7	2759331558
PRJNA613438	SAMN14404316	SRX7952176	SRR11350313	RNA-seq	RNA-Seq	SINGLE	SINGLE	SINGLE	SINGLE	1	SRR11350313.fastq.gz	ftp.sra.ebi.ac.uk/vol1/fastq/SRR113/013/SRR11350313/SRR11350313.fastq.gz	1b1050960246353b813ecf2eaab4a6be	939717297
PRJNA630824	SAMN14846019	SRX8280941	SRR11721643	RNA-seq	RNA-Seq	SINGLE	SINGLE	SINGLE	SINGLE	1	SRR11721643.fastq.gz	ftp.sra.ebi.ac.uk/vol1/fastq/SRR117/043/SRR11721643/SRR11721643.fastq.gz	1984301848fec7403a9fbfaf592ae044	657891306
PRJNA630824	SAMN14846011	SRX8280932	SRR11721652	RNA-seq	RNA-Seq	SINGLE	SINGLE	SINGLE	SINGLE	1	SRR11721652.fastq.gz	ftp.sra.ebi.ac.uk/vol1/fastq/SRR117/052/SRR11721652/SRR11721652.fastq.gz	12d4116ae40c7a565680fca3356ee8ab	641165608
PRJNA630824	SAMN14846008	SRX8280929	SRR11721655	RNA-seq	RNA-Seq	SINGLE	SINGLE	SINGLE	SINGLE	1	SRR11721655.fastq.gz	ftp.sra.ebi.ac.uk/vol1/fastq/SRR117/055/SRR11721655/SRR11721655.fastq.gz	06dcaa29aa444d49e0343e85856bd521	573562266
PRJNA630824	SAMN14846007	SRX8280928	SRR11721656	RNA-seq	RNA-Seq	SINGLE	SINGLE	SINGLE	SINGLE	1	SRR11721656.fastq.gz	ftp.sra.ebi.ac.uk/vol1/fastq/SRR117/056/SRR11721656/SRR11721656.fastq.gz	38ed35079ea6e0686e45e461575a3d3c	531982090
PRJNA645419	SAMN15504221	SRX8707288	SRR12194145	RNA-seq	RNA-Seq	PAIRED	PAIRED	PAIRED	R1	1	SRR12194145_1.fastq.gz	ftp.sra.ebi.ac.uk/vol1/fastq/SRR121/045/SRR12194145/SRR12194145_1.fastq.gz	64be1cdfbf6c3cea40cfd97b0ca3e976	4171911081
PRJNA645419	SAMN15504221	SRX8707288	SRR12194145	RNA-seq	RNA-Seq	PAIRED	PAIRED	PAIRED	R2	2	SRR12194145_2.fastq.gz	ftp.sra.ebi.ac.uk/vol1/fastq/SRR121/045/SRR12194145/SRR12194145_2.fastq.gz	80532a1e5b65b7a7c03941d5a84de259	4241299290
PRJNA645419	SAMN15504220	SRX8707281	SRR12194152	RNA-seq	RNA-Seq	PAIRED	PAIRED	PAIRED	R1	1	SRR12194152_1.fastq.gz	ftp.sra.ebi.ac.uk/vol1/fastq/SRR121/052/SRR12194152/SRR12194152_1.fastq.gz	e3480e3c04bc758ba0e0d75d6ed7165f	4012080138
PRJNA645419	SAMN15504220	SRX8707281	SRR12194152	RNA-seq	RNA-Seq	PAIRED	PAIRED	PAIRED	R2	2	SRR12194152_2.fastq.gz	ftp.sra.ebi.ac.uk/vol1/fastq/SRR121/052/SRR12194152/SRR12194152_2.fastq.gz	a774bd23e34997fa92373308956c7763	4078142031
PRJNA661407	SAMN16057385	SRX9074579	SRR12587964	RNA-seq	RNA-Seq	PAIRED	PAIRED	PAIRED	R1	1	SRR12587964_1.fastq.gz	ftp.sra.ebi.ac.uk/vol1/fastq/SRR125/064/SRR12587964/SRR12587964_1.fastq.gz	524b65df43957f9cd6c2be8886c74943	1595821091
PRJNA661407	SAMN16057385	SRX9074579	SRR12587964	RNA-seq	RNA-Seq	PAIRED	PAIRED	PAIRED	R2	2	SRR12587964_2.fastq.gz	ftp.sra.ebi.ac.uk/vol1/fastq/SRR125/064/SRR12587964/SRR12587964_2.fastq.gz	f0a5680559348e0a8aef1c6720e51ed7	1735187065
PRJNA662582	SAMN16089549	SRX9101121	SRR12618091	RNA-seq	RNA-Seq	SINGLE	SINGLE	SINGLE	SINGLE	1	SRR12618091.fastq.gz	ftp.sra.ebi.ac.uk/vol1/fastq/SRR126/091/SRR12618091/SRR12618091.fastq.gz	42ab0d27a3be06e1f9e835789d2fdf34	3519791906
PRJNA662582	SAMN16089547	SRX9101122	SRR12618094	RNA-seq	RNA-Seq	SINGLE	SINGLE	SINGLE	SINGLE	1	SRR12618094.fastq.gz	ftp.sra.ebi.ac.uk/vol1/fastq/SRR126/094/SRR12618094/SRR12618094.fastq.gz	f19cec12f93d86cc77edbec3ca68f7d7	3229059441
PRJNA662582	SAMN16089546	SRX9101123	SRR12618097	RNA-seq	RNA-Seq	SINGLE	SINGLE	SINGLE	SINGLE	1	SRR12618097.fastq.gz	ftp.sra.ebi.ac.uk/vol1/fastq/SRR126/097/SRR12618097/SRR12618097.fastq.gz	d6c3c9112513d3b594eb760eda49cbc6	3707680180
PRJNA662582	SAMN16089593	SRX9101125	SRR12618101	RNA-seq	RNA-Seq	SINGLE	SINGLE	SINGLE	SINGLE	1	SRR12618101.fastq.gz	ftp.sra.ebi.ac.uk/vol1/fastq/SRR126/001/SRR12618101/SRR12618101.fastq.gz	4599d5a50a41e75828a5b01003b02e57	3236283993
PRJNA662582	SAMN16089586	SRX9101131	SRR12618115	RNA-seq	RNA-Seq	SINGLE	SINGLE	SINGLE	SINGLE	1	SRR12618115.fastq.gz	ftp.sra.ebi.ac.uk/vol1/fastq/SRR126/015/SRR12618115/SRR12618115.fastq.gz	79c8d9d0ddb65c4c6002622bb230f2fa	3456894766
PRJNA662582	SAMN16089584	SRX9101133	SRR12618119	RNA-seq	RNA-Seq	SINGLE	SINGLE	SINGLE	SINGLE	1	SRR12618119.fastq.gz	ftp.sra.ebi.ac.uk/vol1/fastq/SRR126/019/SRR12618119/SRR12618119.fastq.gz	630aa386a7f267172ed5f12a57e3749b	3056600518
PRJNA662582	SAMN16089582	SRX9101135	SRR12618124	RNA-seq	RNA-Seq	SINGLE	SINGLE	SINGLE	SINGLE	1	SRR12618124.fastq.gz	ftp.sra.ebi.ac.uk/vol1/fastq/SRR126/024/SRR12618124/SRR12618124.fastq.gz	a1bd300feddacdf598a9e41eb5bd4a1f	3068253538
PRJNA662582	SAMN16089579	SRX9101138	SRR12618131	RNA-seq	RNA-Seq	SINGLE	SINGLE	SINGLE	SINGLE	1	SRR12618131.fastq.gz	ftp.sra.ebi.ac.uk/vol1/fastq/SRR126/031/SRR12618131/SRR12618131.fastq.gz	1bd37c338afc1053e141196c0d1a3952	3673675443
PRJNA667472	SAMN16373837	SRX9245426	SRR12774926	ATAC-seq	ATAC-seq	SINGLE	SINGLE	SINGLE	SINGLE	1	SRR12774926.fastq.gz	ftp.sra.ebi.ac.uk/vol1/fastq/SRR127/026/SRR12774926/SRR12774926.fastq.gz	3aac9d06173556067b888a1b0f83ed7d	720408625
PRJNA667472	SAMN16373831	SRX9245428	SRR12774928	ATAC-seq	ATAC-seq	SINGLE	SINGLE	SINGLE	SINGLE	1	SRR12774928.fastq.gz	ftp.sra.ebi.ac.uk/vol1/fastq/SRR127/028/SRR12774928/SRR12774928.fastq.gz	4e40b6e12dd2e8d5a2b3fd22f934534d	526971813
PRJNA667472	SAMN16373864	SRX9245458	SRR12774958	RNA-seq	RNA-Seq	PAIRED	PAIRED	PAIRED	R1	1	SRR12774958_1.fastq.gz	ftp.sra.ebi.ac.uk/vol1/fastq/SRR127/058/SRR12774958/SRR12774958_1.fastq.gz	d3c0eecb5b5ce8fcd8e1a74376abd966	1562160926
PRJNA667472	SAMN16373864	SRX9245458	SRR12774958	RNA-seq	RNA-Seq	PAIRED	PAIRED	PAIRED	R2	2	SRR12774958_2.fastq.gz	ftp.sra.ebi.ac.uk/vol1/fastq/SRR127/058/SRR12774958/SRR12774958_2.fastq.gz	056265cba5ffead68ae6fa386a944a67	1734126914
PRJNA739051	SAMN19770454	SRX11178688	SRR14860925	RNA-seq	RNA-Seq	PAIRED	PAIRED	PAIRED	R1	1	SRR14860925_1.fastq.gz	ftp.sra.ebi.ac.uk/vol1/fastq/SRR148/025/SRR14860925/SRR14860925_1.fastq.gz	3cb55e3fa83162f056a9ee4928e2bf3d	3068873313
PRJNA739051	SAMN19770454	SRX11178688	SRR14860925	RNA-seq	RNA-Seq	PAIRED	PAIRED	PAIRED	R2	2	SRR14860925_2.fastq.gz	ftp.sra.ebi.ac.uk/vol1/fastq/SRR148/025/SRR14860925/SRR14860925_2.fastq.gz	fd94597151aba07fede17d6547c6bce6	3434926155
PRJNA739051	SAMN19770453	SRX11178687	SRR14860926	RNA-seq	RNA-Seq	PAIRED	PAIRED	PAIRED	R1	1	SRR14860926_1.fastq.gz	ftp.sra.ebi.ac.uk/vol1/fastq/SRR148/026/SRR14860926/SRR14860926_1.fastq.gz	845f833488eaa8a95eadb62a1eaab774	3701042879
PRJNA739051	SAMN19770453	SRX11178687	SRR14860926	RNA-seq	RNA-Seq	PAIRED	PAIRED	PAIRED	R2	2	SRR14860926_2.fastq.gz	ftp.sra.ebi.ac.uk/vol1/fastq/SRR148/026/SRR14860926/SRR14860926_2.fastq.gz	8f632c42884984121d0bfc58cad9f230	4228988761
PRJNA739051	SAMN19770453	SRX11178686	SRR14860927	RNA-seq	RNA-Seq	PAIRED	PAIRED	PAIRED	R1	1	SRR14860927_1.fastq.gz	ftp.sra.ebi.ac.uk/vol1/fastq/SRR148/027/SRR14860927/SRR14860927_1.fastq.gz	81583485d6e0ee478d564796bb265122	3260142326
PRJNA739051	SAMN19770453	SRX11178686	SRR14860927	RNA-seq	RNA-Seq	PAIRED	PAIRED	PAIRED	R2	2	SRR14860927_2.fastq.gz	ftp.sra.ebi.ac.uk/vol1/fastq/SRR148/027/SRR14860927/SRR14860927_2.fastq.gz	e1855980690b72de59722bcf844048fe	3930514978
PRJNA739051	SAMN19770456	SRX11178680	SRR14860933	RNA-seq	RNA-Seq	PAIRED	PAIRED	PAIRED	R1	1	SRR14860933_1.fastq.gz	ftp.sra.ebi.ac.uk/vol1/fastq/SRR148/033/SRR14860933/SRR14860933_1.fastq.gz	0039a006ec70024634844ef51fd0d411	3484260271
PRJNA739051	SAMN19770456	SRX11178680	SRR14860933	RNA-seq	RNA-Seq	PAIRED	PAIRED	PAIRED	R2	2	SRR14860933_2.fastq.gz	ftp.sra.ebi.ac.uk/vol1/fastq/SRR148/033/SRR14860933/SRR14860933_2.fastq.gz	cc3275818b20ee290f429546385fa19f	3934965638
PRJNA739051	SAMN19770456	SRX11178678	SRR14860935	RNA-seq	RNA-Seq	PAIRED	PAIRED	PAIRED	R1	1	SRR14860935_1.fastq.gz	ftp.sra.ebi.ac.uk/vol1/fastq/SRR148/035/SRR14860935/SRR14860935_1.fastq.gz	e12ae03faedceb80682381c9c404a784	3292551779
PRJNA739051	SAMN19770456	SRX11178678	SRR14860935	RNA-seq	RNA-Seq	PAIRED	PAIRED	PAIRED	R2	2	SRR14860935_2.fastq.gz	ftp.sra.ebi.ac.uk/vol1/fastq/SRR148/035/SRR14860935/SRR14860935_2.fastq.gz	ec5311c0d17fa181c3af2fab033e4335	3748465785
PRJNA739051	SAMN19770451	SRX11178672	SRR14860941	RNA-seq	RNA-Seq	PAIRED	PAIRED	PAIRED	R1	1	SRR14860941_1.fastq.gz	ftp.sra.ebi.ac.uk/vol1/fastq/SRR148/041/SRR14860941/SRR14860941_1.fastq.gz	7f996b2f8b54f555d75a90ccf6a957f1	3264288844
PRJNA739051	SAMN19770451	SRX11178672	SRR14860941	RNA-seq	RNA-Seq	PAIRED	PAIRED	PAIRED	R2	2	SRR14860941_2.fastq.gz	ftp.sra.ebi.ac.uk/vol1/fastq/SRR148/041/SRR14860941/SRR14860941_2.fastq.gz	bb9435fc4cea366e2424e8e323bda108	3717665778
PRJNA739051	SAMN19770451	SRX11178671	SRR14860942	RNA-seq	RNA-Seq	PAIRED	PAIRED	PAIRED	R1	1	SRR14860942_1.fastq.gz	ftp.sra.ebi.ac.uk/vol1/fastq/SRR148/042/SRR14860942/SRR14860942_1.fastq.gz	77699f3af4a349edaf6d09856a0cec47	3361626313
PRJNA739051	SAMN19770451	SRX11178671	SRR14860942	RNA-seq	RNA-Seq	PAIRED	PAIRED	PAIRED	R2	2	SRR14860942_2.fastq.gz	ftp.sra.ebi.ac.uk/vol1/fastq/SRR148/042/SRR14860942/SRR14860942_2.fastq.gz	1680984c2f2b9c630d333b0948aad594	3825701124
PRJNA746067	SAMN20179685	SRX11420374	SRR15111553	RNA-seq	RNA-Seq	PAIRED	PAIRED	PAIRED	R1	1	SRR15111553_1.fastq.gz	ftp.sra.ebi.ac.uk/vol1/fastq/SRR151/053/SRR15111553/SRR15111553_1.fastq.gz	e6b67fa2c5e9260c2d9666a62c750e78	1877467526
PRJNA746067	SAMN20179685	SRX11420374	SRR15111553	RNA-seq	RNA-Seq	PAIRED	PAIRED	PAIRED	R2	2	SRR15111553_2.fastq.gz	ftp.sra.ebi.ac.uk/vol1/fastq/SRR151/053/SRR15111553/SRR15111553_2.fastq.gz	d1a78875243cdeefc2004a8999166e3d	1932185499
PRJNA746067	SAMN20179681	SRX11420370	SRR15111557	RNA-seq	RNA-Seq	PAIRED	PAIRED	PAIRED	R1	1	SRR15111557_1.fastq.gz	ftp.sra.ebi.ac.uk/vol1/fastq/SRR151/057/SRR15111557/SRR15111557_1.fastq.gz	8643f0aa651d04455998ad99b0b0fa55	1584579845
PRJNA746067	SAMN20179681	SRX11420370	SRR15111557	RNA-seq	RNA-Seq	PAIRED	PAIRED	PAIRED	R2	2	SRR15111557_2.fastq.gz	ftp.sra.ebi.ac.uk/vol1/fastq/SRR151/057/SRR15111557/SRR15111557_2.fastq.gz	f725ce4eefbc58d43bd5d099d7f4112e	1580230993
PRJNA746067	SAMN20179679	SRX11420368	SRR15111559	RNA-seq	RNA-Seq	PAIRED	PAIRED	PAIRED	R1	1	SRR15111559_1.fastq.gz	ftp.sra.ebi.ac.uk/vol1/fastq/SRR151/059/SRR15111559/SRR15111559_1.fastq.gz	9d7091ad94ba74aa0e976bc4291383db	1573476894
PRJNA746067	SAMN20179679	SRX11420368	SRR15111559	RNA-seq	RNA-Seq	PAIRED	PAIRED	PAIRED	R2	2	SRR15111559_2.fastq.gz	ftp.sra.ebi.ac.uk/vol1/fastq/SRR151/059/SRR15111559/SRR15111559_2.fastq.gz	8788505bf4c5d4a9cf65d09862d5703a	1570889552
PRJNA746067	SAMN20179672	SRX11420363	SRR15111564	RNA-seq	RNA-Seq	PAIRED	PAIRED	PAIRED	R1	1	SRR15111564_1.fastq.gz	ftp.sra.ebi.ac.uk/vol1/fastq/SRR151/064/SRR15111564/SRR15111564_1.fastq.gz	30e9ee291c5669421cac23a409d9c5aa	877099461
PRJNA746067	SAMN20179672	SRX11420363	SRR15111564	RNA-seq	RNA-Seq	PAIRED	PAIRED	PAIRED	R2	2	SRR15111564_2.fastq.gz	ftp.sra.ebi.ac.uk/vol1/fastq/SRR151/064/SRR15111564/SRR15111564_2.fastq.gz	d33fda2572a6f527fead9198db72652b	893311991
PRJNA746067	SAMN20179695	SRX11420355	SRR15111572	RNA-seq	RNA-Seq	PAIRED	PAIRED	PAIRED	R1	1	SRR15111572_1.fastq.gz	ftp.sra.ebi.ac.uk/vol1/fastq/SRR151/072/SRR15111572/SRR15111572_1.fastq.gz	de05598f0059bb0816c1cd77e3d83783	2005355710
PRJNA746067	SAMN20179695	SRX11420355	SRR15111572	RNA-seq	RNA-Seq	PAIRED	PAIRED	PAIRED	R2	2	SRR15111572_2.fastq.gz	ftp.sra.ebi.ac.uk/vol1/fastq/SRR151/072/SRR15111572/SRR15111572_2.fastq.gz	cb7e42719eba194cca85f9ea137c7616	2065943005
PRJNA746067	SAMN20179694	SRX11420354	SRR15111573	RNA-seq	RNA-Seq	PAIRED	PAIRED	PAIRED	R1	1	SRR15111573_1.fastq.gz	ftp.sra.ebi.ac.uk/vol1/fastq/SRR151/073/SRR15111573/SRR15111573_1.fastq.gz	e24eed7024a7c2e65f0f0b164eda0fab	2520752825
PRJNA746067	SAMN20179694	SRX11420354	SRR15111573	RNA-seq	RNA-Seq	PAIRED	PAIRED	PAIRED	R2	2	SRR15111573_2.fastq.gz	ftp.sra.ebi.ac.uk/vol1/fastq/SRR151/073/SRR15111573/SRR15111573_2.fastq.gz	0b3cb9bcb3f82407080530c46c90db4e	2588378549
PRJNA746067	SAMN20179693	SRX11420353	SRR15111574	RNA-seq	RNA-Seq	PAIRED	PAIRED	PAIRED	R1	1	SRR15111574_1.fastq.gz	ftp.sra.ebi.ac.uk/vol1/fastq/SRR151/074/SRR15111574/SRR15111574_1.fastq.gz	6675c99ac21dc72deb237b240dd4d3db	1797912635
PRJNA746067	SAMN20179693	SRX11420353	SRR15111574	RNA-seq	RNA-Seq	PAIRED	PAIRED	PAIRED	R2	2	SRR15111574_2.fastq.gz	ftp.sra.ebi.ac.uk/vol1/fastq/SRR151/074/SRR15111574/SRR15111574_2.fastq.gz	72dbdcabf7ad41a920746e186c6c0586	1865610452
PRJNA746067	SAMN20179691	SRX11420351	SRR15111576	RNA-seq	RNA-Seq	PAIRED	PAIRED	PAIRED	R1	1	SRR15111576_1.fastq.gz	ftp.sra.ebi.ac.uk/vol1/fastq/SRR151/076/SRR15111576/SRR15111576_1.fastq.gz	0ad9b347ce1295eff4efa9dc64831796	1134938851
PRJNA746067	SAMN20179691	SRX11420351	SRR15111576	RNA-seq	RNA-Seq	PAIRED	PAIRED	PAIRED	R2	2	SRR15111576_2.fastq.gz	ftp.sra.ebi.ac.uk/vol1/fastq/SRR151/076/SRR15111576/SRR15111576_2.fastq.gz	e2ca4838374f16bf2b07b9ff09cea267	1160827046
PRJNA746067	SAMN20179690	SRX11420350	SRR15111577	RNA-seq	RNA-Seq	PAIRED	PAIRED	PAIRED	R1	1	SRR15111577_1.fastq.gz	ftp.sra.ebi.ac.uk/vol1/fastq/SRR151/077/SRR15111577/SRR15111577_1.fastq.gz	df36775b4c5436fb3c8d8a92cfbfbd63	1544705597
PRJNA746067	SAMN20179690	SRX11420350	SRR15111577	RNA-seq	RNA-Seq	PAIRED	PAIRED	PAIRED	R2	2	SRR15111577_2.fastq.gz	ftp.sra.ebi.ac.uk/vol1/fastq/SRR151/077/SRR15111577/SRR15111577_2.fastq.gz	f89f200b0f837aae61dfa78cddc367f1	1583226568
PRJNA746067	SAMN20179689	SRX11420349	SRR15111578	RNA-seq	RNA-Seq	PAIRED	PAIRED	PAIRED	R1	1	SRR15111578_1.fastq.gz	ftp.sra.ebi.ac.uk/vol1/fastq/SRR151/078/SRR15111578/SRR15111578_1.fastq.gz	ca6da6d40bda91cbfca42281a5947609	1290366996
PRJNA746067	SAMN20179689	SRX11420349	SRR15111578	RNA-seq	RNA-Seq	PAIRED	PAIRED	PAIRED	R2	2	SRR15111578_2.fastq.gz	ftp.sra.ebi.ac.uk/vol1/fastq/SRR151/078/SRR15111578/SRR15111578_2.fastq.gz	33b2b40d72f99c0543c2766c3c768fe6	1279722243
PRJNA746067	SAMN20179688	SRX11420348	SRR15111579	RNA-seq	RNA-Seq	PAIRED	PAIRED	PAIRED	R1	1	SRR15111579_1.fastq.gz	ftp.sra.ebi.ac.uk/vol1/fastq/SRR151/079/SRR15111579/SRR15111579_1.fastq.gz	1743c1e5ab1e7a913d7674ec385d8402	1678734423
PRJNA746067	SAMN20179688	SRX11420348	SRR15111579	RNA-seq	RNA-Seq	PAIRED	PAIRED	PAIRED	R2	2	SRR15111579_2.fastq.gz	ftp.sra.ebi.ac.uk/vol1/fastq/SRR151/079/SRR15111579/SRR15111579_2.fastq.gz	404f04c115836a5e791015936affac42	1729220902
PRJNA255418	SAMN02918450	SRX653805	SRR1516214	RNA-seq	RNA-Seq	SINGLE	SINGLE	SINGLE	SINGLE	1	SRR1516214.fastq.gz	ftp.sra.ebi.ac.uk/vol1/fastq/SRR151/004/SRR1516214/SRR1516214.fastq.gz	14f1e5226a8bfc1f2fcfbc061b4fe603	711691577
PRJNA749145	SAMN20355393	SRX11527345	SRR15221371	RNA-seq	RNA-Seq	PAIRED	PAIRED	PAIRED	R1	1	SRR15221371_1.fastq.gz	ftp.sra.ebi.ac.uk/vol1/fastq/SRR152/071/SRR15221371/SRR15221371_1.fastq.gz	ebeec2c1d1caa315d68f2b809573de9c	310474795
PRJNA749145	SAMN20355393	SRX11527345	SRR15221371	RNA-seq	RNA-Seq	PAIRED	PAIRED	PAIRED	R2	2	SRR15221371_2.fastq.gz	ftp.sra.ebi.ac.uk/vol1/fastq/SRR152/071/SRR15221371/SRR15221371_2.fastq.gz	ca3c8648ec2bfcde25b85215ac70902a	311973310
PRJNA749145	SAMN20355393	SRX11527333	SRR15221383	RNA-seq	RNA-Seq	PAIRED	PAIRED	PAIRED	R1	1	SRR15221383_1.fastq.gz	ftp.sra.ebi.ac.uk/vol1/fastq/SRR152/083/SRR15221383/SRR15221383_1.fastq.gz	7f64c8b21d6d11e9dfa0c99784f05ab9	253743891
PRJNA749145	SAMN20355393	SRX11527333	SRR15221383	RNA-seq	RNA-Seq	PAIRED	PAIRED	PAIRED	R2	2	SRR15221383_2.fastq.gz	ftp.sra.ebi.ac.uk/vol1/fastq/SRR152/083/SRR15221383/SRR15221383_2.fastq.gz	cb6a29ec85bca2ea2d0be51b4eddb555	253280310
PRJNA749145	SAMN20355393	SRX11527331	SRR15221385	RNA-seq	RNA-Seq	PAIRED	PAIRED	PAIRED	R1	1	SRR15221385_1.fastq.gz	ftp.sra.ebi.ac.uk/vol1/fastq/SRR152/085/SRR15221385/SRR15221385_1.fastq.gz	5e0b4b13b36097ec33fead7e5777aa7f	252339986
PRJNA749145	SAMN20355393	SRX11527331	SRR15221385	RNA-seq	RNA-Seq	PAIRED	PAIRED	PAIRED	R2	2	SRR15221385_2.fastq.gz	ftp.sra.ebi.ac.uk/vol1/fastq/SRR152/085/SRR15221385/SRR15221385_2.fastq.gz	0b840314deef9217a4a27f0c31e812fc	250077076
PRJNA749145	SAMN20355395	SRX11527326	SRR15221390	RNA-seq	RNA-Seq	PAIRED	PAIRED	PAIRED	R1	1	SRR15221390_1.fastq.gz	ftp.sra.ebi.ac.uk/vol1/fastq/SRR152/090/SRR15221390/SRR15221390_1.fastq.gz	eef28ddc850dd0bc25e1e50b37036499	292983868
PRJNA749145	SAMN20355395	SRX11527326	SRR15221390	RNA-seq	RNA-Seq	PAIRED	PAIRED	PAIRED	R2	2	SRR15221390_2.fastq.gz	ftp.sra.ebi.ac.uk/vol1/fastq/SRR152/090/SRR15221390/SRR15221390_2.fastq.gz	f87c9205959133cbaf2a2bf22d15885d	293443107
PRJNA749145	SAMN20355395	SRX11527323	SRR15221393	RNA-seq	RNA-Seq	PAIRED	PAIRED	PAIRED	R1	1	SRR15221393_1.fastq.gz	ftp.sra.ebi.ac.uk/vol1/fastq/SRR152/093/SRR15221393/SRR15221393_1.fastq.gz	8788da34c79db77c7c363acf518f2f10	306408872
PRJNA749145	SAMN20355395	SRX11527323	SRR15221393	RNA-seq	RNA-Seq	PAIRED	PAIRED	PAIRED	R2	2	SRR15221393_2.fastq.gz	ftp.sra.ebi.ac.uk/vol1/fastq/SRR152/093/SRR15221393/SRR15221393_2.fastq.gz	71fbc0fc8d6faac0f6b9430bae96b6c3	307223447
PRJNA763926	SAMN21462896	SRX12214016	SRR15923892	RNA-seq	RNA-Seq	PAIRED	PAIRED	PAIRED	R1	1	SRR15923892_1.fastq.gz	ftp.sra.ebi.ac.uk/vol1/fastq/SRR159/092/SRR15923892/SRR15923892_1.fastq.gz	7f02a1bf0d21ef0d3b48fd9ed23e09e0	1291998428
PRJNA763926	SAMN21462896	SRX12214016	SRR15923892	RNA-seq	RNA-Seq	PAIRED	PAIRED	PAIRED	R2	2	SRR15923892_2.fastq.gz	ftp.sra.ebi.ac.uk/vol1/fastq/SRR159/092/SRR15923892/SRR15923892_2.fastq.gz	bbb4bb13f649a70b49aff88860375d88	1337211976
PRJNA763926	SAMN21462896	SRX12214008	SRR15923900	RNA-seq	RNA-Seq	PAIRED	PAIRED	PAIRED	R1	1	SRR15923900_1.fastq.gz	ftp.sra.ebi.ac.uk/vol1/fastq/SRR159/000/SRR15923900/SRR15923900_1.fastq.gz	9f2095a3a5dc4d06d835386840c2b8a8	1327464184
PRJNA763926	SAMN21462896	SRX12214008	SRR15923900	RNA-seq	RNA-Seq	PAIRED	PAIRED	PAIRED	R2	2	SRR15923900_2.fastq.gz	ftp.sra.ebi.ac.uk/vol1/fastq/SRR159/000/SRR15923900/SRR15923900_2.fastq.gz	a7a9a90b226e419e69bf980392ee0d48	1473203999
PRJNA778050	SAMN22901735	SRX12995938	SRR16796943	RNA-seq	RNA-Seq	SINGLE	SINGLE	SINGLE	SINGLE	1	SRR16796943.fastq.gz	ftp.sra.ebi.ac.uk/vol1/fastq/SRR167/043/SRR16796943/SRR16796943.fastq.gz	d0e608d1be9aa0e7e88533389153ee5a	1325950680
PRJNA778050	SAMN22901729	SRX12995910	SRR16796971	RNA-seq	RNA-Seq	SINGLE	SINGLE	SINGLE	SINGLE	1	SRR16796971.fastq.gz	ftp.sra.ebi.ac.uk/vol1/fastq/SRR167/071/SRR16796971/SRR16796971.fastq.gz	bb5c0bd88b54d655fee8484b54bfe11d	1506718552
PRJNA766998	SAMN23296634	SRX13171157	SRR16980328	RNA-seq	RNA-Seq	PAIRED	PAIRED	PAIRED	R1	1	SRR16980328_1.fastq.gz	ftp.sra.ebi.ac.uk/vol1/fastq/SRR169/028/SRR16980328/SRR16980328_1.fastq.gz	0acd8db100fb3ea205010f3599e21148	1748355725
PRJNA766998	SAMN23296634	SRX13171157	SRR16980328	RNA-seq	RNA-Seq	PAIRED	PAIRED	PAIRED	R2	2	SRR16980328_2.fastq.gz	ftp.sra.ebi.ac.uk/vol1/fastq/SRR169/028/SRR16980328/SRR16980328_2.fastq.gz	3bd7d61538b5e7b39c4d7662e5b5ab30	1758294166
PRJNA766998	SAMN23296634	SRX13171147	SRR16980338	RNA-seq	RNA-Seq	PAIRED	PAIRED	PAIRED	R1	1	SRR16980338_1.fastq.gz	ftp.sra.ebi.ac.uk/vol1/fastq/SRR169/038/SRR16980338/SRR16980338_1.fastq.gz	5b81dae43c64ce39ff5f05dc79d73061	1576246959
PRJNA766998	SAMN23296634	SRX13171147	SRR16980338	RNA-seq	RNA-Seq	PAIRED	PAIRED	PAIRED	R2	2	SRR16980338_2.fastq.gz	ftp.sra.ebi.ac.uk/vol1/fastq/SRR169/038/SRR16980338/SRR16980338_2.fastq.gz	bde5c89ae40740b433407feab73439fb	1584108650
PRJNA766998	SAMN23296634	SRX13171146	SRR16980339	RNA-seq	RNA-Seq	PAIRED	PAIRED	PAIRED	R1	1	SRR16980339_1.fastq.gz	ftp.sra.ebi.ac.uk/vol1/fastq/SRR169/039/SRR16980339/SRR16980339_1.fastq.gz	be9142c3f77521b8fbe06edcaf90c36f	1999395883
PRJNA766998	SAMN23296634	SRX13171146	SRR16980339	RNA-seq	RNA-Seq	PAIRED	PAIRED	PAIRED	R2	2	SRR16980339_2.fastq.gz	ftp.sra.ebi.ac.uk/vol1/fastq/SRR169/039/SRR16980339/SRR16980339_2.fastq.gz	49d7d818f85eca96a8009ad789b4cbd7	2009541303
PRJNA766998	SAMN23296634	SRX13171144	SRR16980341	RNA-seq	RNA-Seq	PAIRED	PAIRED	PAIRED	R1	1	SRR16980341_1.fastq.gz	ftp.sra.ebi.ac.uk/vol1/fastq/SRR169/041/SRR16980341/SRR16980341_1.fastq.gz	afb27a732996b3934e62bf0096acff0f	3478177086
PRJNA766998	SAMN23296634	SRX13171144	SRR16980341	RNA-seq	RNA-Seq	PAIRED	PAIRED	PAIRED	R2	2	SRR16980341_2.fastq.gz	ftp.sra.ebi.ac.uk/vol1/fastq/SRR169/041/SRR16980341/SRR16980341_2.fastq.gz	72dd1ceb0788c62345e432a1edcdf54f	3488960498
PRJNA766998	SAMN23296634	SRX13171137	SRR16980348	RNA-seq	RNA-Seq	PAIRED	PAIRED	PAIRED	R1	1	SRR16980348_1.fastq.gz	ftp.sra.ebi.ac.uk/vol1/fastq/SRR169/048/SRR16980348/SRR16980348_1.fastq.gz	bb300630cb54e32efffb96476d56dd0e	1011327360
PRJNA766998	SAMN23296634	SRX13171137	SRR16980348	RNA-seq	RNA-Seq	PAIRED	PAIRED	PAIRED	R2	2	SRR16980348_2.fastq.gz	ftp.sra.ebi.ac.uk/vol1/fastq/SRR169/048/SRR16980348/SRR16980348_2.fastq.gz	3a7a3bf72f6be0636b1ce10924362533	1014784408
PRJNA766998	SAMN23296634	SRX13171129	SRR16980356	RNA-seq	RNA-Seq	PAIRED	PAIRED	PAIRED	R1	1	SRR16980356_1.fastq.gz	ftp.sra.ebi.ac.uk/vol1/fastq/SRR169/056/SRR16980356/SRR16980356_1.fastq.gz	ccbde5505fef3d8c88da22f85dc710c6	2306562188
PRJNA766998	SAMN23296634	SRX13171129	SRR16980356	RNA-seq	RNA-Seq	PAIRED	PAIRED	PAIRED	R2	2	SRR16980356_2.fastq.gz	ftp.sra.ebi.ac.uk/vol1/fastq/SRR169/056/SRR16980356/SRR16980356_2.fastq.gz	5413bd7c368e39524b311be24b4d43ef	2314791067
PRJNA766998	SAMN23296634	SRX13171123	SRR16980362	RNA-seq	RNA-Seq	PAIRED	PAIRED	PAIRED	R1	1	SRR16980362_1.fastq.gz	ftp.sra.ebi.ac.uk/vol1/fastq/SRR169/062/SRR16980362/SRR16980362_1.fastq.gz	a1e650e8ad6089aae2c32aaebe6169bd	2258610832
PRJNA766998	SAMN23296634	SRX13171123	SRR16980362	RNA-seq	RNA-Seq	PAIRED	PAIRED	PAIRED	R2	2	SRR16980362_2.fastq.gz	ftp.sra.ebi.ac.uk/vol1/fastq/SRR169/062/SRR16980362/SRR16980362_2.fastq.gz	063e5d4a8a5f006595f1a8e83015d214	2265234404
PRJNA766998	SAMN23296634	SRX13171122	SRR16980363	RNA-seq	RNA-Seq	PAIRED	PAIRED	PAIRED	R1	1	SRR16980363_1.fastq.gz	ftp.sra.ebi.ac.uk/vol1/fastq/SRR169/063/SRR16980363/SRR16980363_1.fastq.gz	cef18af1912ec0f887c0902bc8f968c4	2260186882
PRJNA766998	SAMN23296634	SRX13171122	SRR16980363	RNA-seq	RNA-Seq	PAIRED	PAIRED	PAIRED	R2	2	SRR16980363_2.fastq.gz	ftp.sra.ebi.ac.uk/vol1/fastq/SRR169/063/SRR16980363/SRR16980363_2.fastq.gz	f0e3bec02a7cd7e37ddbca1416546515	2269595257
PRJNA766998	SAMN23296634	SRX13171116	SRR16980369	RNA-seq	RNA-Seq	PAIRED	PAIRED	PAIRED	R1	1	SRR16980369_1.fastq.gz	ftp.sra.ebi.ac.uk/vol1/fastq/SRR169/069/SRR16980369/SRR16980369_1.fastq.gz	e284e3f8035015dbec5480defd9209c2	2134859746
PRJNA766998	SAMN23296634	SRX13171116	SRR16980369	RNA-seq	RNA-Seq	PAIRED	PAIRED	PAIRED	R2	2	SRR16980369_2.fastq.gz	ftp.sra.ebi.ac.uk/vol1/fastq/SRR169/069/SRR16980369/SRR16980369_2.fastq.gz	fe0200cc9a2ce8be65a09e11459acfc4	2142745719
PRJNA766998	SAMN23296634	SRX13171113	SRR16980372	RNA-seq	RNA-Seq	PAIRED	PAIRED	PAIRED	R1	1	SRR16980372_1.fastq.gz	ftp.sra.ebi.ac.uk/vol1/fastq/SRR169/072/SRR16980372/SRR16980372_1.fastq.gz	55c3512907552bb8162fcf8bb4a53698	2270271152
PRJNA766998	SAMN23296634	SRX13171113	SRR16980372	RNA-seq	RNA-Seq	PAIRED	PAIRED	PAIRED	R2	2	SRR16980372_2.fastq.gz	ftp.sra.ebi.ac.uk/vol1/fastq/SRR169/072/SRR16980372/SRR16980372_2.fastq.gz	13b686b8e0ac9be6d713a94eae0938f8	2279167979
PRJNA785251	SAMN23551696	SRX13273392	SRR17085234	RNA-seq	RNA-Seq	SINGLE	SINGLE	SINGLE	SINGLE	1	SRR17085234.fastq.gz	ftp.sra.ebi.ac.uk/vol1/fastq/SRR170/034/SRR17085234/SRR17085234.fastq.gz	134e4ad3b8b8c09ff272c3f764e0672d	139640367
PRJNA785251	SAMN23551696	SRX13273392	SRR17085236	RNA-seq	RNA-Seq	SINGLE	SINGLE	SINGLE	SINGLE	1	SRR17085236.fastq.gz	ftp.sra.ebi.ac.uk/vol1/fastq/SRR170/036/SRR17085236/SRR17085236.fastq.gz	8dba9d6b129ddb5a98647ab511823c10	50861693
PRJNA785251	SAMN23551696	SRX13273392	SRR17085238	RNA-seq	RNA-Seq	SINGLE	SINGLE	SINGLE	SINGLE	1	SRR17085238.fastq.gz	ftp.sra.ebi.ac.uk/vol1/fastq/SRR170/038/SRR17085238/SRR17085238.fastq.gz	7fa458a6383e996e8d173fe4c530f89e	141583600
PRJNA785251	SAMN23551698	SRX13273390	SRR17085249	RNA-seq	RNA-Seq	SINGLE	SINGLE	SINGLE	SINGLE	1	SRR17085249.fastq.gz	ftp.sra.ebi.ac.uk/vol1/fastq/SRR170/049/SRR17085249/SRR17085249.fastq.gz	9a032e1d8bffe1cd6fcb8b8baec38c7b	118738165
PRJNA785251	SAMN23551701	SRX13273387	SRR17085265	RNA-seq	RNA-Seq	SINGLE	SINGLE	SINGLE	SINGLE	1	SRR17085265.fastq.gz	ftp.sra.ebi.ac.uk/vol1/fastq/SRR170/065/SRR17085265/SRR17085265.fastq.gz	1b450c045e7af285168549ad4290461d	139051447
PRJNA785251	SAMN23551704	SRX13273384	SRR17085280	RNA-seq	RNA-Seq	SINGLE	SINGLE	SINGLE	SINGLE	1	SRR17085280.fastq.gz	ftp.sra.ebi.ac.uk/vol1/fastq/SRR170/080/SRR17085280/SRR17085280.fastq.gz	d66a3dbf00bb729be4a12ad2a617058f	64123568
PRJNA785251	SAMN23551705	SRX13273383	SRR17085284	RNA-seq	RNA-Seq	SINGLE	SINGLE	SINGLE	SINGLE	1	SRR17085284.fastq.gz	ftp.sra.ebi.ac.uk/vol1/fastq/SRR170/084/SRR17085284/SRR17085284.fastq.gz	53476e50c512ce042f439da7081424cf	137166688
PRJNA785251	SAMN23551705	SRX13273383	SRR17085285	RNA-seq	RNA-Seq	SINGLE	SINGLE	SINGLE	SINGLE	1	SRR17085285.fastq.gz	ftp.sra.ebi.ac.uk/vol1/fastq/SRR170/085/SRR17085285/SRR17085285.fastq.gz	ef2d895bfda4d73eb4b23d233f1df340	139676112
PRJNA785251	SAMN23551707	SRX13273381	SRR17085300	RNA-seq	RNA-Seq	SINGLE	SINGLE	SINGLE	SINGLE	1	SRR17085300.fastq.gz	ftp.sra.ebi.ac.uk/vol1/fastq/SRR170/000/SRR17085300/SRR17085300.fastq.gz	4dc111e809259e3a0dcc57ff2298d1d9	140344969
PRJNA785251	SAMN23551707	SRX13273381	SRR17085301	RNA-seq	RNA-Seq	SINGLE	SINGLE	SINGLE	SINGLE	1	SRR17085301.fastq.gz	ftp.sra.ebi.ac.uk/vol1/fastq/SRR170/001/SRR17085301/SRR17085301.fastq.gz	79c77872e0de11531573be15d62f2c54	63080065
PRJNA785251	SAMN23551708	SRX13273380	SRR17085307	RNA-seq	RNA-Seq	SINGLE	SINGLE	SINGLE	SINGLE	1	SRR17085307.fastq.gz	ftp.sra.ebi.ac.uk/vol1/fastq/SRR170/007/SRR17085307/SRR17085307.fastq.gz	1f590e7acf86b0fc99209844ece22641	46660746
PRJNA785251	SAMN23551690	SRX13273379	SRR17085312	RNA-seq	RNA-Seq	SINGLE	SINGLE	SINGLE	SINGLE	1	SRR17085312.fastq.gz	ftp.sra.ebi.ac.uk/vol1/fastq/SRR170/012/SRR17085312/SRR17085312.fastq.gz	d917718f1e2f876641ed35c6e84dfbd1	139395530
PRJNA785251	SAMN23551691	SRX13273378	SRR17085319	RNA-seq	RNA-Seq	SINGLE	SINGLE	SINGLE	SINGLE	1	SRR17085319.fastq.gz	ftp.sra.ebi.ac.uk/vol1/fastq/SRR170/019/SRR17085319/SRR17085319.fastq.gz	787d2d7f083d248e3dfa4801a8549e53	20154397
PRJNA785251	SAMN23551692	SRX13273377	SRR17085322	RNA-seq	RNA-Seq	SINGLE	SINGLE	SINGLE	SINGLE	1	SRR17085322.fastq.gz	ftp.sra.ebi.ac.uk/vol1/fastq/SRR170/022/SRR17085322/SRR17085322.fastq.gz	990ccc311620145fccdeeca1beac140d	23715869
PRJNA785251	SAMN23551694	SRX13273375	SRR17085336	RNA-seq	RNA-Seq	SINGLE	SINGLE	SINGLE	SINGLE	1	SRR17085336.fastq.gz	ftp.sra.ebi.ac.uk/vol1/fastq/SRR170/036/SRR17085336/SRR17085336.fastq.gz	fc75567a7301d1d12279b3955f939c85	139127968
PRJNA785251	SAMN23551695	SRX13273374	SRR17085338	RNA-seq	RNA-Seq	SINGLE	SINGLE	SINGLE	SINGLE	1	SRR17085338.fastq.gz	ftp.sra.ebi.ac.uk/vol1/fastq/SRR170/038/SRR17085338/SRR17085338.fastq.gz	ff9b6572343fb5be34dcafc090dc911a	139006611
PRJNA785251	SAMN23551695	SRX13273374	SRR17085340	RNA-seq	RNA-Seq	SINGLE	SINGLE	SINGLE	SINGLE	1	SRR17085340.fastq.gz	ftp.sra.ebi.ac.uk/vol1/fastq/SRR170/040/SRR17085340/SRR17085340.fastq.gz	b42e286a587e125f669c17c2d6afc3c0	44694693
PRJNA810994	SAMN26308029	SRX14311064	SRR18163655	RNA-seq	RNA-Seq	SINGLE	SINGLE	SINGLE	SINGLE	1	SRR18163655.fastq.gz	ftp.sra.ebi.ac.uk/vol1/fastq/SRR181/055/SRR18163655/SRR18163655.fastq.gz	d5c8fbe97642d288e91cb60126f2eeaf	3269504864
PRJNA810994	SAMN26308031	SRX14311062	SRR18163657	RNA-seq	RNA-Seq	SINGLE	SINGLE	SINGLE	SINGLE	1	SRR18163657.fastq.gz	ftp.sra.ebi.ac.uk/vol1/fastq/SRR181/057/SRR18163657/SRR18163657.fastq.gz	5eafbd40a268d02b29fb3bd58fc8ab21	3387987109
PRJNA810994	SAMN26308032	SRX14311061	SRR18163658	RNA-seq	RNA-Seq	SINGLE	SINGLE	SINGLE	SINGLE	1	SRR18163658.fastq.gz	ftp.sra.ebi.ac.uk/vol1/fastq/SRR181/058/SRR18163658/SRR18163658.fastq.gz	92b135f02f9f9e9930dbdfeddc9b4272	3812680287
PRJNA810994	SAMN26308035	SRX14311058	SRR18163661	RNA-seq	RNA-Seq	SINGLE	SINGLE	SINGLE	SINGLE	1	SRR18163661.fastq.gz	ftp.sra.ebi.ac.uk/vol1/fastq/SRR181/061/SRR18163661/SRR18163661.fastq.gz	cfa92780f4f8f8a3e3dbc8381b34ba11	3341049182
PRJNA810994	SAMN26308037	SRX14311056	SRR18163663	RNA-seq	RNA-Seq	SINGLE	SINGLE	SINGLE	SINGLE	1	SRR18163663.fastq.gz	ftp.sra.ebi.ac.uk/vol1/fastq/SRR181/063/SRR18163663/SRR18163663.fastq.gz	eab3cea8f72a48d20114833c934e7e69	3370292368
PRJNA810994	SAMN26308043	SRX14311050	SRR18163669	RNA-seq	RNA-Seq	SINGLE	SINGLE	SINGLE	SINGLE	1	SRR18163669.fastq.gz	ftp.sra.ebi.ac.uk/vol1/fastq/SRR181/069/SRR18163669/SRR18163669.fastq.gz	c930c1a3bc9713f34cae7e94581f04bb	3871227053
PRJNA820638	SAMN27019295	SRX14633664	SRR18502232	RNA-seq	RNA-Seq	PAIRED	PAIRED	PAIRED	R1	1	SRR18502232_1.fastq.gz	ftp.sra.ebi.ac.uk/vol1/fastq/SRR185/032/SRR18502232/SRR18502232_1.fastq.gz	f0dbc445fc3847c2c0f1b0aa564b8470	1868340859
PRJNA820638	SAMN27019295	SRX14633664	SRR18502232	RNA-seq	RNA-Seq	PAIRED	PAIRED	PAIRED	R2	2	SRR18502232_2.fastq.gz	ftp.sra.ebi.ac.uk/vol1/fastq/SRR185/032/SRR18502232/SRR18502232_2.fastq.gz	9c237ea155134553fc4d0201f9675b48	1919334502
PRJNA820638	SAMN27019299	SRX14633660	SRR18502236	RNA-seq	RNA-Seq	PAIRED	PAIRED	PAIRED	R1	1	SRR18502236_1.fastq.gz	ftp.sra.ebi.ac.uk/vol1/fastq/SRR185/036/SRR18502236/SRR18502236_1.fastq.gz	4c9e40774b43dc2dfc2c0b9681920d6e	1638518867
PRJNA820638	SAMN27019299	SRX14633660	SRR18502236	RNA-seq	RNA-Seq	PAIRED	PAIRED	PAIRED	R2	2	SRR18502236_2.fastq.gz	ftp.sra.ebi.ac.uk/vol1/fastq/SRR185/036/SRR18502236/SRR18502236_2.fastq.gz	fe6ab458be70014446053a04117bd911	1676621922
PRJNA839086	SAMN28495776	SRX15316776	SRR19256299	RNA-seq	RNA-Seq	PAIRED	PAIRED	PAIRED	R1	1	SRR19256299_1.fastq.gz	ftp.sra.ebi.ac.uk/vol1/fastq/SRR192/099/SRR19256299/SRR19256299_1.fastq.gz	ba175e69a04880969701abc592ca7f15	1191286851
PRJNA839086	SAMN28495776	SRX15316776	SRR19256299	RNA-seq	RNA-Seq	PAIRED	PAIRED	PAIRED	R2	2	SRR19256299_2.fastq.gz	ftp.sra.ebi.ac.uk/vol1/fastq/SRR192/099/SRR19256299/SRR19256299_2.fastq.gz	42b3e470bbf732103c673477c492f905	1193047216
PRJNA839086	SAMN28495780	SRX15316772	SRR19256303	RNA-seq	RNA-Seq	PAIRED	PAIRED	PAIRED	R1	1	SRR19256303_1.fastq.gz	ftp.sra.ebi.ac.uk/vol1/fastq/SRR192/003/SRR19256303/SRR19256303_1.fastq.gz	18ef104200aebed090efbaa2e67847bd	1175859700
PRJNA839086	SAMN28495780	SRX15316772	SRR19256303	RNA-seq	RNA-Seq	PAIRED	PAIRED	PAIRED	R2	2	SRR19256303_2.fastq.gz	ftp.sra.ebi.ac.uk/vol1/fastq/SRR192/003/SRR19256303/SRR19256303_2.fastq.gz	42a41866d27ac15040d55585b64daecf	1179020978
PRJNA839086	SAMN28495781	SRX15316771	SRR19256304	RNA-seq	RNA-Seq	PAIRED	PAIRED	PAIRED	R1	1	SRR19256304_1.fastq.gz	ftp.sra.ebi.ac.uk/vol1/fastq/SRR192/004/SRR19256304/SRR19256304_1.fastq.gz	b596f3b485b835b36616d6c025c6ca99	1145200886
PRJNA839086	SAMN28495781	SRX15316771	SRR19256304	RNA-seq	RNA-Seq	PAIRED	PAIRED	PAIRED	R2	2	SRR19256304_2.fastq.gz	ftp.sra.ebi.ac.uk/vol1/fastq/SRR192/004/SRR19256304/SRR19256304_2.fastq.gz	c3d11ef27fb46f055a24b6888ef34aeb	1147559764
PRJNA865478	SAMN30113683	SRX16790169	SRR20770297	ChIP-seq	ChIP-Seq	SINGLE	SINGLE	SINGLE	SINGLE	1	SRR20770297.fastq.gz	ftp.sra.ebi.ac.uk/vol1/fastq/SRR207/097/SRR20770297/SRR20770297.fastq.gz	7f268c7938bf23eddd0b68be679ea649	1909331888
PRJNA896947	SAMN31573491	SRX18122731	SRR22143448	RNA-seq	RNA-Seq	PAIRED	PAIRED	PAIRED	R1	1	SRR22143448_1.fastq.gz	ftp.sra.ebi.ac.uk/vol1/fastq/SRR221/048/SRR22143448/SRR22143448_1.fastq.gz	c488aa4d3a58a80f33becf436c119a05	1524127016
PRJNA896947	SAMN31573491	SRX18122731	SRR22143448	RNA-seq	RNA-Seq	PAIRED	PAIRED	PAIRED	R2	2	SRR22143448_2.fastq.gz	ftp.sra.ebi.ac.uk/vol1/fastq/SRR221/048/SRR22143448/SRR22143448_2.fastq.gz	f51232f64eea792adda65118ae20c907	1564061650
PRJNA899862	SAMN31670980	SRX18223560	SRR22246871	RNA-seq	RNA-Seq	PAIRED	PAIRED	PAIRED	R1	1	SRR22246871_1.fastq.gz	ftp.sra.ebi.ac.uk/vol1/fastq/SRR222/071/SRR22246871/SRR22246871_1.fastq.gz	2717de593a944d2688c91ee9d3983bfe	2053347981
PRJNA899862	SAMN31670980	SRX18223560	SRR22246871	RNA-seq	RNA-Seq	PAIRED	PAIRED	PAIRED	R2	2	SRR22246871_2.fastq.gz	ftp.sra.ebi.ac.uk/vol1/fastq/SRR222/071/SRR22246871/SRR22246871_2.fastq.gz	d04b3b5aa27c0027d909a257f56c48a3	2096178845
PRJNA899862	SAMN31670981	SRX18223559	SRR22246872	RNA-seq	RNA-Seq	PAIRED	PAIRED	PAIRED	R1	1	SRR22246872_1.fastq.gz	ftp.sra.ebi.ac.uk/vol1/fastq/SRR222/072/SRR22246872/SRR22246872_1.fastq.gz	a3a0afa98030fa540f3463e7f6fbdae2	1667885803
PRJNA899862	SAMN31670981	SRX18223559	SRR22246872	RNA-seq	RNA-Seq	PAIRED	PAIRED	PAIRED	R2	2	SRR22246872_2.fastq.gz	ftp.sra.ebi.ac.uk/vol1/fastq/SRR222/072/SRR22246872/SRR22246872_2.fastq.gz	200a11f587bed94795c5a75022e3333d	1668210870
PRJNA899862	SAMN31670998	SRX18223542	SRR22246889	RNA-seq	RNA-Seq	PAIRED	PAIRED	PAIRED	R1	1	SRR22246889_1.fastq.gz	ftp.sra.ebi.ac.uk/vol1/fastq/SRR222/089/SRR22246889/SRR22246889_1.fastq.gz	a93bd6aa9b32efe345199b04961483ca	1561483818
PRJNA899862	SAMN31670998	SRX18223542	SRR22246889	RNA-seq	RNA-Seq	PAIRED	PAIRED	PAIRED	R2	2	SRR22246889_2.fastq.gz	ftp.sra.ebi.ac.uk/vol1/fastq/SRR222/089/SRR22246889/SRR22246889_2.fastq.gz	7164cbd3d477190f0b220a90fccdd1b1	1588502719
PRJNA899862	SAMN31670999	SRX18223541	SRR22246890	RNA-seq	RNA-Seq	PAIRED	PAIRED	PAIRED	R1	1	SRR22246890_1.fastq.gz	ftp.sra.ebi.ac.uk/vol1/fastq/SRR222/090/SRR22246890/SRR22246890_1.fastq.gz	de36146fcc108cee03c9b773203e4f41	1569280135
PRJNA899862	SAMN31670999	SRX18223541	SRR22246890	RNA-seq	RNA-Seq	PAIRED	PAIRED	PAIRED	R2	2	SRR22246890_2.fastq.gz	ftp.sra.ebi.ac.uk/vol1/fastq/SRR222/090/SRR22246890/SRR22246890_2.fastq.gz	f169b3c53cf782c6cf0218f9af51c011	1569821796
PRJNA899862	SAMN31670976	SRX18223537	SRR22246894	RNA-seq	RNA-Seq	PAIRED	PAIRED	PAIRED	R1	1	SRR22246894_1.fastq.gz	ftp.sra.ebi.ac.uk/vol1/fastq/SRR222/094/SRR22246894/SRR22246894_1.fastq.gz	ea94fb8bd4941d4ad3a8de4a10af6b29	1693511846
PRJNA899862	SAMN31670976	SRX18223537	SRR22246894	RNA-seq	RNA-Seq	PAIRED	PAIRED	PAIRED	R2	2	SRR22246894_2.fastq.gz	ftp.sra.ebi.ac.uk/vol1/fastq/SRR222/094/SRR22246894/SRR22246894_2.fastq.gz	834dc99a45733d30f043c66d4cfe8fb0	1693884935
PRJNA899862	SAMN31670977	SRX18223536	SRR22246895	RNA-seq	RNA-Seq	PAIRED	PAIRED	PAIRED	R1	1	SRR22246895_1.fastq.gz	ftp.sra.ebi.ac.uk/vol1/fastq/SRR222/095/SRR22246895/SRR22246895_1.fastq.gz	b2d9f837af1427e73906b379d98ba70b	1920663886
PRJNA899862	SAMN31670977	SRX18223536	SRR22246895	RNA-seq	RNA-Seq	PAIRED	PAIRED	PAIRED	R2	2	SRR22246895_2.fastq.gz	ftp.sra.ebi.ac.uk/vol1/fastq/SRR222/095/SRR22246895/SRR22246895_2.fastq.gz	684c0ab6caf4b92ff51e9209b42c457e	1973406672
PRJNA899862	SAMN31671005	SRX18223532	SRR22246899	RNA-seq	RNA-Seq	PAIRED	PAIRED	PAIRED	R1	1	SRR22246899_1.fastq.gz	ftp.sra.ebi.ac.uk/vol1/fastq/SRR222/099/SRR22246899/SRR22246899_1.fastq.gz	32fe7f042ea77ba08f3ee7e0a7ff6e05	1298301007
PRJNA899862	SAMN31671005	SRX18223532	SRR22246899	RNA-seq	RNA-Seq	PAIRED	PAIRED	PAIRED	R2	2	SRR22246899_2.fastq.gz	ftp.sra.ebi.ac.uk/vol1/fastq/SRR222/099/SRR22246899/SRR22246899_2.fastq.gz	4769ede8c6ab32491913cb684a87a044	1298186547
PRJNA899862	SAMN31671006	SRX18223531	SRR22246900	RNA-seq	RNA-Seq	PAIRED	PAIRED	PAIRED	R1	1	SRR22246900_1.fastq.gz	ftp.sra.ebi.ac.uk/vol1/fastq/SRR222/000/SRR22246900/SRR22246900_1.fastq.gz	e49b0d0e6bc371c73c4228a4fe0d1f54	1218803280
PRJNA899862	SAMN31671006	SRX18223531	SRR22246900	RNA-seq	RNA-Seq	PAIRED	PAIRED	PAIRED	R2	2	SRR22246900_2.fastq.gz	ftp.sra.ebi.ac.uk/vol1/fastq/SRR222/000/SRR22246900/SRR22246900_2.fastq.gz	863cc4508a6a9e69e2ec79f5d7d6abab	1218678261
PRJNA899862	SAMN31671009	SRX18223528	SRR22246903	RNA-seq	RNA-Seq	PAIRED	PAIRED	PAIRED	R1	1	SRR22246903_1.fastq.gz	ftp.sra.ebi.ac.uk/vol1/fastq/SRR222/003/SRR22246903/SRR22246903_1.fastq.gz	59170e0f2b48f049191fca917bb065e5	1357468319
PRJNA899862	SAMN31671009	SRX18223528	SRR22246903	RNA-seq	RNA-Seq	PAIRED	PAIRED	PAIRED	R2	2	SRR22246903_2.fastq.gz	ftp.sra.ebi.ac.uk/vol1/fastq/SRR222/003/SRR22246903/SRR22246903_2.fastq.gz	45f9cac977e336dc2f4733cc75897569	1357440196
PRJNA953054	SAMN34105229	SRX19900050	SRR24099901	RNA-seq	RNA-Seq	PAIRED	PAIRED	PAIRED	R1	1	SRR24099901_1.fastq.gz	ftp.sra.ebi.ac.uk/vol1/fastq/SRR240/001/SRR24099901/SRR24099901_1.fastq.gz	a790784598561816093820030882f9bd	1803420550
PRJNA953054	SAMN34105229	SRX19900050	SRR24099901	RNA-seq	RNA-Seq	PAIRED	PAIRED	PAIRED	R2	2	SRR24099901_2.fastq.gz	ftp.sra.ebi.ac.uk/vol1/fastq/SRR240/001/SRR24099901/SRR24099901_2.fastq.gz	805bfbfa632ca35d3aa51f9cb3b35693	1801654004
PRJNA953054	SAMN34105232	SRX19900047	SRR24099904	RNA-seq	RNA-Seq	PAIRED	PAIRED	PAIRED	R1	1	SRR24099904_1.fastq.gz	ftp.sra.ebi.ac.uk/vol1/fastq/SRR240/004/SRR24099904/SRR24099904_1.fastq.gz	41d370b4cb19a0e60c3e04db580d33c2	1634672475
PRJNA953054	SAMN34105232	SRX19900047	SRR24099904	RNA-seq	RNA-Seq	PAIRED	PAIRED	PAIRED	R2	2	SRR24099904_2.fastq.gz	ftp.sra.ebi.ac.uk/vol1/fastq/SRR240/004/SRR24099904/SRR24099904_2.fastq.gz	9aeac4046be0ec0275cf47d48178aa24	1622325354
PRJNA953054	SAMN34105235	SRX19900044	SRR24099907	RNA-seq	RNA-Seq	PAIRED	PAIRED	PAIRED	R1	1	SRR24099907_1.fastq.gz	ftp.sra.ebi.ac.uk/vol1/fastq/SRR240/007/SRR24099907/SRR24099907_1.fastq.gz	528905fc08c93ab2521ec7895737cf99	1779326041
PRJNA953054	SAMN34105235	SRX19900044	SRR24099907	RNA-seq	RNA-Seq	PAIRED	PAIRED	PAIRED	R2	2	SRR24099907_2.fastq.gz	ftp.sra.ebi.ac.uk/vol1/fastq/SRR240/007/SRR24099907/SRR24099907_2.fastq.gz	6f341200f152bfb1cbf73e9c29487b16	1773637475
PRJNA953054	SAMN34105236	SRX19900043	SRR24099908	RNA-seq	RNA-Seq	PAIRED	PAIRED	PAIRED	R1	1	SRR24099908_1.fastq.gz	ftp.sra.ebi.ac.uk/vol1/fastq/SRR240/008/SRR24099908/SRR24099908_1.fastq.gz	11c43191de50fb61e656f0dfac9157dc	1939234612
PRJNA953054	SAMN34105236	SRX19900043	SRR24099908	RNA-seq	RNA-Seq	PAIRED	PAIRED	PAIRED	R2	2	SRR24099908_2.fastq.gz	ftp.sra.ebi.ac.uk/vol1/fastq/SRR240/008/SRR24099908/SRR24099908_2.fastq.gz	0098d7599ebfe9a2e79a53eb3d716e1e	1930110404
PRJNA974014	SAMN35159448	SRX20431028	SRR24650910	RNA-seq	RNA-Seq	PAIRED	PAIRED	PAIRED	R1	1	SRR24650910_1.fastq.gz	ftp.sra.ebi.ac.uk/vol1/fastq/SRR246/010/SRR24650910/SRR24650910_1.fastq.gz	dc1f0199213f2dc29cec2f28008144f0	1130572634
PRJNA974014	SAMN35159448	SRX20431028	SRR24650910	RNA-seq	RNA-Seq	PAIRED	PAIRED	PAIRED	R2	2	SRR24650910_2.fastq.gz	ftp.sra.ebi.ac.uk/vol1/fastq/SRR246/010/SRR24650910/SRR24650910_2.fastq.gz	906d1a8b906f2cc4d70cc6e9d09bbe3b	1200753350
PRJNA974014	SAMN35159425	SRX20431012	SRR24650926	RNA-seq	RNA-Seq	PAIRED	PAIRED	PAIRED	R1	1	SRR24650926_1.fastq.gz	ftp.sra.ebi.ac.uk/vol1/fastq/SRR246/026/SRR24650926/SRR24650926_1.fastq.gz	4c0d1a0a6bc8e233888728f082687dc5	1094187487
PRJNA974014	SAMN35159425	SRX20431012	SRR24650926	RNA-seq	RNA-Seq	PAIRED	PAIRED	PAIRED	R2	2	SRR24650926_2.fastq.gz	ftp.sra.ebi.ac.uk/vol1/fastq/SRR246/026/SRR24650926/SRR24650926_2.fastq.gz	ff0dbfffc497dd85aeee555be061cd49	1156877566
PRJNA974014	SAMN35159400	SRX20430997	SRR24650941	RNA-seq	RNA-Seq	PAIRED	PAIRED	PAIRED	R1	1	SRR24650941_1.fastq.gz	ftp.sra.ebi.ac.uk/vol1/fastq/SRR246/041/SRR24650941/SRR24650941_1.fastq.gz	31e9b974b2dc4560b15d57ddecc9eed0	3566594144
PRJNA974014	SAMN35159400	SRX20430997	SRR24650941	RNA-seq	RNA-Seq	PAIRED	PAIRED	PAIRED	R2	2	SRR24650941_2.fastq.gz	ftp.sra.ebi.ac.uk/vol1/fastq/SRR246/041/SRR24650941/SRR24650941_2.fastq.gz	2d91743ae68babe1c100cce28d38c7df	3873112383
PRJNA974014	SAMN35159405	SRX20430992	SRR24650946	RNA-seq	RNA-Seq	PAIRED	PAIRED	PAIRED	R1	1	SRR24650946_1.fastq.gz	ftp.sra.ebi.ac.uk/vol1/fastq/SRR246/046/SRR24650946/SRR24650946_1.fastq.gz	113f7304e9e200719d052e440c09c059	3642682088
PRJNA974014	SAMN35159405	SRX20430992	SRR24650946	RNA-seq	RNA-Seq	PAIRED	PAIRED	PAIRED	R2	2	SRR24650946_2.fastq.gz	ftp.sra.ebi.ac.uk/vol1/fastq/SRR246/046/SRR24650946/SRR24650946_2.fastq.gz	7fddf5b1e657b729309d8d106440b832	3948032158
PRJNA974014	SAMN35159407	SRX20430990	SRR24650948	RNA-seq	RNA-Seq	PAIRED	PAIRED	PAIRED	R1	1	SRR24650948_1.fastq.gz	ftp.sra.ebi.ac.uk/vol1/fastq/SRR246/048/SRR24650948/SRR24650948_1.fastq.gz	bd075472360cf8776fa532cb28a82997	3953971821
PRJNA974014	SAMN35159407	SRX20430990	SRR24650948	RNA-seq	RNA-Seq	PAIRED	PAIRED	PAIRED	R2	2	SRR24650948_2.fastq.gz	ftp.sra.ebi.ac.uk/vol1/fastq/SRR246/048/SRR24650948/SRR24650948_2.fastq.gz	8c8c0150ff9733ba10bc6d1d98997c23	4167695283
PRJNA974014	SAMN35159437	SRX20430984	SRR24650954	RNA-seq	RNA-Seq	PAIRED	PAIRED	PAIRED	R1	1	SRR24650954_1.fastq.gz	ftp.sra.ebi.ac.uk/vol1/fastq/SRR246/054/SRR24650954/SRR24650954_1.fastq.gz	702bf276cc355fff6279500a9fc626cb	1074199416
PRJNA974014	SAMN35159437	SRX20430984	SRR24650954	RNA-seq	RNA-Seq	PAIRED	PAIRED	PAIRED	R2	2	SRR24650954_2.fastq.gz	ftp.sra.ebi.ac.uk/vol1/fastq/SRR246/054/SRR24650954/SRR24650954_2.fastq.gz	df762cecf3b313dc554d69e3e2298103	1147304879
PRJNA974014	SAMN35159464	SRX20430981	SRR24650957	RNA-seq	RNA-Seq	PAIRED	PAIRED	PAIRED	R1	1	SRR24650957_1.fastq.gz	ftp.sra.ebi.ac.uk/vol1/fastq/SRR246/057/SRR24650957/SRR24650957_1.fastq.gz	ddde379739f92414cb2dbcc6a36b335e	1099041850
PRJNA974014	SAMN35159464	SRX20430981	SRR24650957	RNA-seq	RNA-Seq	PAIRED	PAIRED	PAIRED	R2	2	SRR24650957_2.fastq.gz	ftp.sra.ebi.ac.uk/vol1/fastq/SRR246/057/SRR24650957/SRR24650957_2.fastq.gz	746609a61b4310793fc712982d4a5ccf	1152464258
PRJNA974014	SAMN35159465	SRX20430980	SRR24650958	RNA-seq	RNA-Seq	PAIRED	PAIRED	PAIRED	R1	1	SRR24650958_1.fastq.gz	ftp.sra.ebi.ac.uk/vol1/fastq/SRR246/058/SRR24650958/SRR24650958_1.fastq.gz	9e8fcf34837bd58e4bedd845079e496c	1167893979
PRJNA974014	SAMN35159465	SRX20430980	SRR24650958	RNA-seq	RNA-Seq	PAIRED	PAIRED	PAIRED	R2	2	SRR24650958_2.fastq.gz	ftp.sra.ebi.ac.uk/vol1/fastq/SRR246/058/SRR24650958/SRR24650958_2.fastq.gz	45b06449d6d86f7349448498cfc0ed40	1215975593
PRJNA974014	SAMN35159469	SRX20430976	SRR24650962	RNA-seq	RNA-Seq	PAIRED	PAIRED	PAIRED	R1	1	SRR24650962_1.fastq.gz	ftp.sra.ebi.ac.uk/vol1/fastq/SRR246/062/SRR24650962/SRR24650962_1.fastq.gz	e8d9954d85d502028f769638cc8beb3c	997215472
PRJNA974014	SAMN35159469	SRX20430976	SRR24650962	RNA-seq	RNA-Seq	PAIRED	PAIRED	PAIRED	R2	2	SRR24650962_2.fastq.gz	ftp.sra.ebi.ac.uk/vol1/fastq/SRR246/062/SRR24650962/SRR24650962_2.fastq.gz	86ca55b6e031ca8bcd2d1fe1d744ffdb	1041112912
PRJNA974014	SAMN35159410	SRX20430971	SRR24650967	RNA-seq	RNA-Seq	PAIRED	PAIRED	PAIRED	R1	1	SRR24650967_1.fastq.gz	ftp.sra.ebi.ac.uk/vol1/fastq/SRR246/067/SRR24650967/SRR24650967_1.fastq.gz	4328375be7b44af53e6e1dfe1b8ccbf7	854698475
PRJNA974014	SAMN35159410	SRX20430971	SRR24650967	RNA-seq	RNA-Seq	PAIRED	PAIRED	PAIRED	R2	2	SRR24650967_2.fastq.gz	ftp.sra.ebi.ac.uk/vol1/fastq/SRR246/067/SRR24650967/SRR24650967_2.fastq.gz	d87334643f0a2449031aa24b3e698a4f	896348276
PRJNA974014	SAMN35159412	SRX20430969	SRR24650969	RNA-seq	RNA-Seq	PAIRED	PAIRED	PAIRED	R1	1	SRR24650969_1.fastq.gz	ftp.sra.ebi.ac.uk/vol1/fastq/SRR246/069/SRR24650969/SRR24650969_1.fastq.gz	e033839215a0f6e61b7dc51b466eaaa8	972022175
PRJNA974014	SAMN35159412	SRX20430969	SRR24650969	RNA-seq	RNA-Seq	PAIRED	PAIRED	PAIRED	R2	2	SRR24650969_2.fastq.gz	ftp.sra.ebi.ac.uk/vol1/fastq/SRR246/069/SRR24650969/SRR24650969_2.fastq.gz	e9de0b11f9131f4fd9a30972be843c86	1026266181
PRJNA974014	SAMN35159479	SRX20430950	SRR24650988	RNA-seq	RNA-Seq	PAIRED	PAIRED	PAIRED	R1	1	SRR24650988_1.fastq.gz	ftp.sra.ebi.ac.uk/vol1/fastq/SRR246/088/SRR24650988/SRR24650988_1.fastq.gz	5a2fdb479d2a4ce504eb528c6000fe2b	1198409245
PRJNA974014	SAMN35159479	SRX20430950	SRR24650988	RNA-seq	RNA-Seq	PAIRED	PAIRED	PAIRED	R2	2	SRR24650988_2.fastq.gz	ftp.sra.ebi.ac.uk/vol1/fastq/SRR246/088/SRR24650988/SRR24650988_2.fastq.gz	893158255c8f37020911b09189040451	1273167894
PRJNA974014	SAMN35159422	SRX20431030	SRR24651003	RNA-seq	RNA-Seq	PAIRED	PAIRED	PAIRED	R1	1	SRR24651003_1.fastq.gz	ftp.sra.ebi.ac.uk/vol1/fastq/SRR246/003/SRR24651003/SRR24651003_1.fastq.gz	8c48fa6d8ffaf790734c977523c36b68	1184788836
PRJNA974014	SAMN35159422	SRX20431030	SRR24651003	RNA-seq	RNA-Seq	PAIRED	PAIRED	PAIRED	R2	2	SRR24651003_2.fastq.gz	ftp.sra.ebi.ac.uk/vol1/fastq/SRR246/003/SRR24651003/SRR24651003_2.fastq.gz	624cd1d429e359def7c5c84535dc8756	1272171706
PRJNA992436	SAMN36352946	SRX20932346	SRR25184720	RNA-seq	RNA-Seq	PAIRED	PAIRED	PAIRED	R1	1	SRR25184720_1.fastq.gz	ftp.sra.ebi.ac.uk/vol1/fastq/SRR251/020/SRR25184720/SRR25184720_1.fastq.gz	bee3098b40fa980a0df36898eaff964e	1836499128
PRJNA992436	SAMN36352946	SRX20932346	SRR25184720	RNA-seq	RNA-Seq	PAIRED	PAIRED	PAIRED	R2	2	SRR25184720_2.fastq.gz	ftp.sra.ebi.ac.uk/vol1/fastq/SRR251/020/SRR25184720/SRR25184720_2.fastq.gz	2e6be5f41deb4b0055289526b76e246d	1886327487
PRJEB37009	SAMEA6602844	ERX3975423	ERR3972086	RNA-seq	RNA-Seq	SINGLE	SINGLE	SINGLE	SINGLE	1	ERR3972086.fastq.gz	ftp.sra.ebi.ac.uk/vol1/fastq/ERR397/006/ERR3972086/ERR3972086.fastq.gz	f0f769680e45e07fc58e2c7c340fd87b	2153863587
PRJEB37009	SAMEA6602846	ERX3975425	ERR3972088	RNA-seq	RNA-Seq	SINGLE	SINGLE	SINGLE	SINGLE	1	ERR3972088.fastq.gz	ftp.sra.ebi.ac.uk/vol1/fastq/ERR397/008/ERR3972088/ERR3972088.fastq.gz	324a65e2a3155301b3b9ce7b38721bd2	2041410517
PRJEB37009	SAMEA6602847	ERX3975426	ERR3972089	RNA-seq	RNA-Seq	SINGLE	SINGLE	SINGLE	SINGLE	1	ERR3972089.fastq.gz	ftp.sra.ebi.ac.uk/vol1/fastq/ERR397/009/ERR3972089/ERR3972089.fastq.gz	435557fef0fae4ce40ca3d9a945441e8	1852745863
PRJNA593052	SAMN13451145	SRX7254148	SRR10572658	RNA-seq	RNA-Seq	PAIRED	PAIRED	PAIRED	R1	1	SRR10572658_1.fastq.gz	ftp.sra.ebi.ac.uk/vol1/fastq/SRR105/058/SRR10572658/SRR10572658_1.fastq.gz	6a6fd81bbb81590626774f2d3e05b17d	6302208072
PRJNA593052	SAMN13451145	SRX7254148	SRR10572658	RNA-seq	RNA-Seq	PAIRED	PAIRED	PAIRED	R2	2	SRR10572658_2.fastq.gz	ftp.sra.ebi.ac.uk/vol1/fastq/SRR105/058/SRR10572658/SRR10572658_2.fastq.gz	a337fb7a69550a66defd183ff0e9cde9	6523237544
PRJNA593052	SAMN13451144	SRX7254147	SRR10572659	RNA-seq	RNA-Seq	PAIRED	PAIRED	PAIRED	R1	1	SRR10572659_1.fastq.gz	ftp.sra.ebi.ac.uk/vol1/fastq/SRR105/059/SRR10572659/SRR10572659_1.fastq.gz	578f15ce873a221b6d115bc36b08064c	6851292936
PRJNA593052	SAMN13451144	SRX7254147	SRR10572659	RNA-seq	RNA-Seq	PAIRED	PAIRED	PAIRED	R2	2	SRR10572659_2.fastq.gz	ftp.sra.ebi.ac.uk/vol1/fastq/SRR105/059/SRR10572659/SRR10572659_2.fastq.gz	40612392743f7fe4b2f44949af033594	7118524351
PRJNA593052	SAMN13451142	SRX7254145	SRR10572661	RNA-seq	RNA-Seq	PAIRED	PAIRED	PAIRED	R1	1	SRR10572661_1.fastq.gz	ftp.sra.ebi.ac.uk/vol1/fastq/SRR105/061/SRR10572661/SRR10572661_1.fastq.gz	d129c46b5a85a0b60e7ac1230be16add	6961728895
PRJNA593052	SAMN13451142	SRX7254145	SRR10572661	RNA-seq	RNA-Seq	PAIRED	PAIRED	PAIRED	R2	2	SRR10572661_2.fastq.gz	ftp.sra.ebi.ac.uk/vol1/fastq/SRR105/061/SRR10572661/SRR10572661_2.fastq.gz	440a5849fd407a575dc73fb0f744dfbe	7226401233
PRJNA593052	SAMN13451141	SRX7254144	SRR10572662	RNA-seq	RNA-Seq	PAIRED	PAIRED	PAIRED	R1	1	SRR10572662_1.fastq.gz	ftp.sra.ebi.ac.uk/vol1/fastq/SRR105/062/SRR10572662/SRR10572662_1.fastq.gz	4504947ae2a95d8678d6554fe5ba47b4	6564151379
PRJNA593052	SAMN13451141	SRX7254144	SRR10572662	RNA-seq	RNA-Seq	PAIRED	PAIRED	PAIRED	R2	2	SRR10572662_2.fastq.gz	ftp.sra.ebi.ac.uk/vol1/fastq/SRR105/062/SRR10572662/SRR10572662_2.fastq.gz	12953b1aa8a5810985ea144ab1605b9f	6804719235
PRJNA594947	SAMN13541377	SRX7347964	SRR10669489	RNA-seq	RNA-Seq	SINGLE	SINGLE	SINGLE	SINGLE	1	SRR10669489.fastq.gz	ftp.sra.ebi.ac.uk/vol1/fastq/SRR106/089/SRR10669489/SRR10669489.fastq.gz	09631f6ee3ec5386533b9496d13b1120	869783999
PRJNA604220	SAMN13957914	SRX7656771	SRR10995638	RNA-seq	RNA-Seq	PAIRED	PAIRED	PAIRED	R1	1	SRR10995638_1.fastq.gz	ftp.sra.ebi.ac.uk/vol1/fastq/SRR109/038/SRR10995638/SRR10995638_1.fastq.gz	904ced86076174e3baf989cf058a9833	423605266
PRJNA604220	SAMN13957914	SRX7656771	SRR10995638	RNA-seq	RNA-Seq	PAIRED	PAIRED	PAIRED	R2	2	SRR10995638_2.fastq.gz	ftp.sra.ebi.ac.uk/vol1/fastq/SRR109/038/SRR10995638/SRR10995638_2.fastq.gz	a0384e418f0f8ab9253465ee82e6cd35	428333273
PRJNA604220	SAMN13957912	SRX7656773	SRR10995644	RNA-seq	RNA-Seq	PAIRED	PAIRED	PAIRED	R1	1	SRR10995644_1.fastq.gz	ftp.sra.ebi.ac.uk/vol1/fastq/SRR109/044/SRR10995644/SRR10995644_1.fastq.gz	88c83886dfb3fca38354a1b66e35b5f1	398077237
PRJNA604220	SAMN13957912	SRX7656773	SRR10995644	RNA-seq	RNA-Seq	PAIRED	PAIRED	PAIRED	R2	2	SRR10995644_2.fastq.gz	ftp.sra.ebi.ac.uk/vol1/fastq/SRR109/044/SRR10995644/SRR10995644_2.fastq.gz	392483fbe3f64abfa4972381bed63756	409146241
PRJNA604220	SAMN13957910	SRX7656775	SRR10995652	RNA-seq	RNA-Seq	PAIRED	PAIRED	PAIRED	R1	1	SRR10995652_1.fastq.gz	ftp.sra.ebi.ac.uk/vol1/fastq/SRR109/052/SRR10995652/SRR10995652_1.fastq.gz	235e0aad16512927a64f778d336fb164	401633518
PRJNA604220	SAMN13957910	SRX7656775	SRR10995652	RNA-seq	RNA-Seq	PAIRED	PAIRED	PAIRED	R2	2	SRR10995652_2.fastq.gz	ftp.sra.ebi.ac.uk/vol1/fastq/SRR109/052/SRR10995652/SRR10995652_2.fastq.gz	8b5b6bd4523364b7a885289dc37f8f6c	422023142
PRJNA604220	SAMN13957910	SRX7656775	SRR10995654	RNA-seq	RNA-Seq	PAIRED	PAIRED	PAIRED	R1	1	SRR10995654_1.fastq.gz	ftp.sra.ebi.ac.uk/vol1/fastq/SRR109/054/SRR10995654/SRR10995654_1.fastq.gz	f14e09c0f2feb9fa02fcacc00889f64f	401800058
PRJNA604220	SAMN13957910	SRX7656775	SRR10995654	RNA-seq	RNA-Seq	PAIRED	PAIRED	PAIRED	R2	2	SRR10995654_2.fastq.gz	ftp.sra.ebi.ac.uk/vol1/fastq/SRR109/054/SRR10995654/SRR10995654_2.fastq.gz	972f3a38a70564ef53a11b1cf9c359b0	415293991
PRJNA604220	SAMN13957909	SRX7656776	SRR10995655	RNA-seq	RNA-Seq	PAIRED	PAIRED	PAIRED	R1	1	SRR10995655_1.fastq.gz	ftp.sra.ebi.ac.uk/vol1/fastq/SRR109/055/SRR10995655/SRR10995655_1.fastq.gz	49607dee4d53b03a4d0122f0adc2e77f	648441833
PRJNA604220	SAMN13957909	SRX7656776	SRR10995655	RNA-seq	RNA-Seq	PAIRED	PAIRED	PAIRED	R2	2	SRR10995655_2.fastq.gz	ftp.sra.ebi.ac.uk/vol1/fastq/SRR109/055/SRR10995655/SRR10995655_2.fastq.gz	b10963c58e68a8fa4856c9a0e3b56846	665452251
PRJNA604220	SAMN13957909	SRX7656776	SRR10995656	RNA-seq	RNA-Seq	PAIRED	PAIRED	PAIRED	R1	1	SRR10995656_1.fastq.gz	ftp.sra.ebi.ac.uk/vol1/fastq/SRR109/056/SRR10995656/SRR10995656_1.fastq.gz	a809664b3ffb319dea30246370b2f25e	629534652
PRJNA604220	SAMN13957909	SRX7656776	SRR10995656	RNA-seq	RNA-Seq	PAIRED	PAIRED	PAIRED	R2	2	SRR10995656_2.fastq.gz	ftp.sra.ebi.ac.uk/vol1/fastq/SRR109/056/SRR10995656/SRR10995656_2.fastq.gz	9604b90838344eaa8b2a0146593b1fa2	643352571
PRJNA604220	SAMN13957906	SRX7656779	SRR10995668	RNA-seq	RNA-Seq	PAIRED	PAIRED	PAIRED	R1	1	SRR10995668_1.fastq.gz	ftp.sra.ebi.ac.uk/vol1/fastq/SRR109/068/SRR10995668/SRR10995668_1.fastq.gz	407cff4ec4cabd016f870d0adb774ada	413445950
PRJNA604220	SAMN13957906	SRX7656779	SRR10995668	RNA-seq	RNA-Seq	PAIRED	PAIRED	PAIRED	R2	2	SRR10995668_2.fastq.gz	ftp.sra.ebi.ac.uk/vol1/fastq/SRR109/068/SRR10995668/SRR10995668_2.fastq.gz	b4dfa7eef1397e1936b0252d6766c3db	421091283
PRJNA604220	SAMN13957903	SRX7656782	SRR10995681	RNA-seq	RNA-Seq	PAIRED	PAIRED	PAIRED	R1	1	SRR10995681_1.fastq.gz	ftp.sra.ebi.ac.uk/vol1/fastq/SRR109/081/SRR10995681/SRR10995681_1.fastq.gz	92136bf0bb887b512e53437d39c4e052	454434525
PRJNA604220	SAMN13957903	SRX7656782	SRR10995681	RNA-seq	RNA-Seq	PAIRED	PAIRED	PAIRED	R2	2	SRR10995681_2.fastq.gz	ftp.sra.ebi.ac.uk/vol1/fastq/SRR109/081/SRR10995681/SRR10995681_2.fastq.gz	e40cf3dd411f4acc73a1020be4d994a8	464645528
PRJNA604220	SAMN13957903	SRX7656782	SRR10995682	RNA-seq	RNA-Seq	PAIRED	PAIRED	PAIRED	R1	1	SRR10995682_1.fastq.gz	ftp.sra.ebi.ac.uk/vol1/fastq/SRR109/082/SRR10995682/SRR10995682_1.fastq.gz	efb2becb3e39bd117e4676f266cd537e	454334176
PRJNA604220	SAMN13957903	SRX7656782	SRR10995682	RNA-seq	RNA-Seq	PAIRED	PAIRED	PAIRED	R2	2	SRR10995682_2.fastq.gz	ftp.sra.ebi.ac.uk/vol1/fastq/SRR109/082/SRR10995682/SRR10995682_2.fastq.gz	8d0716a11d855f4070b2127c9c44bc2e	459354752
PRJNA604220	SAMN13957902	SRX7656783	SRR10995686	RNA-seq	RNA-Seq	PAIRED	PAIRED	PAIRED	R1	1	SRR10995686_1.fastq.gz	ftp.sra.ebi.ac.uk/vol1/fastq/SRR109/086/SRR10995686/SRR10995686_1.fastq.gz	371a6afb1f41487fd3d8cf78d2e4e0b8	478063161
PRJNA604220	SAMN13957902	SRX7656783	SRR10995686	RNA-seq	RNA-Seq	PAIRED	PAIRED	PAIRED	R2	2	SRR10995686_2.fastq.gz	ftp.sra.ebi.ac.uk/vol1/fastq/SRR109/086/SRR10995686/SRR10995686_2.fastq.gz	0e1cd83ef0f6b16ac8d4349a0f9fd8b3	483929946
PRJNA604220	SAMN13957900	SRX7656785	SRR10995694	RNA-seq	RNA-Seq	PAIRED	PAIRED	PAIRED	R1	1	SRR10995694_1.fastq.gz	ftp.sra.ebi.ac.uk/vol1/fastq/SRR109/094/SRR10995694/SRR10995694_1.fastq.gz	4b906a6e7c0a406e711218aac1b16536	480170806
PRJNA604220	SAMN13957900	SRX7656785	SRR10995694	RNA-seq	RNA-Seq	PAIRED	PAIRED	PAIRED	R2	2	SRR10995694_2.fastq.gz	ftp.sra.ebi.ac.uk/vol1/fastq/SRR109/094/SRR10995694/SRR10995694_2.fastq.gz	eb29e58bd24ff373fa7485a36c1cdcb4	484979850
PRJNA604220	SAMN13957899	SRX7656786	SRR10995696	RNA-seq	RNA-Seq	PAIRED	PAIRED	PAIRED	R1	1	SRR10995696_1.fastq.gz	ftp.sra.ebi.ac.uk/vol1/fastq/SRR109/096/SRR10995696/SRR10995696_1.fastq.gz	1f9cab0cf1f20e0558cda9f95b443f28	474856124
PRJNA604220	SAMN13957899	SRX7656786	SRR10995696	RNA-seq	RNA-Seq	PAIRED	PAIRED	PAIRED	R2	2	SRR10995696_2.fastq.gz	ftp.sra.ebi.ac.uk/vol1/fastq/SRR109/096/SRR10995696/SRR10995696_2.fastq.gz	f5baf80af3d0425e60ce9183a70d752d	486088218
PRJNA604220	SAMN13957898	SRX7656787	SRR10995701	RNA-seq	RNA-Seq	PAIRED	PAIRED	PAIRED	R1	1	SRR10995701_1.fastq.gz	ftp.sra.ebi.ac.uk/vol1/fastq/SRR109/001/SRR10995701/SRR10995701_1.fastq.gz	6d60a8b9bd508122723826db3d92a99c	843642515
PRJNA604220	SAMN13957898	SRX7656787	SRR10995701	RNA-seq	RNA-Seq	PAIRED	PAIRED	PAIRED	R2	2	SRR10995701_2.fastq.gz	ftp.sra.ebi.ac.uk/vol1/fastq/SRR109/001/SRR10995701/SRR10995701_2.fastq.gz	1c3a43aace68fac8dd0e93b0687d9f3b	870961774
PRJNA913861	SAMN32309275	SRX18769906	SRR22810191	RNA-seq	RNA-Seq	SINGLE	SINGLE	SINGLE	SINGLE	1	SRR22810191.fastq.gz	ftp.sra.ebi.ac.uk/vol1/fastq/SRR228/091/SRR22810191/SRR22810191.fastq.gz	8ad11d6131d18844febc2cfce6d016bb	520748915
PRJNA938154	SAMN33426958	SRX19488787	SRR23603787	RNA-seq	RNA-Seq	PAIRED	SINGLE	UNPAIRED_FROM_PAIRED	UNPAIRED	1	SRR23603787.fastq.gz	ftp.sra.ebi.ac.uk/vol1/fastq/SRR236/087/SRR23603787/SRR23603787.fastq.gz	71616f89f4927b2a07c2e9c230d0f17f	1046768563
PRJNA938154	SAMN33426960	SRX19488785	SRR23603789	RNA-seq	RNA-Seq	PAIRED	SINGLE	UNPAIRED_FROM_PAIRED	UNPAIRED	1	SRR23603789.fastq.gz	ftp.sra.ebi.ac.uk/vol1/fastq/SRR236/089/SRR23603789/SRR23603789.fastq.gz	a6806b766660af9717c556acded62fda	605924805
PRJNA938154	SAMN33426964	SRX19488781	SRR23603793	RNA-seq	RNA-Seq	PAIRED	SINGLE	UNPAIRED_FROM_PAIRED	UNPAIRED	1	SRR23603793.fastq.gz	ftp.sra.ebi.ac.uk/vol1/fastq/SRR236/093/SRR23603793/SRR23603793.fastq.gz	5489204ec0130e91647da127416d8872	858015060
PRJNA938154	SAMN33426965	SRX19488780	SRR23603794	RNA-seq	RNA-Seq	PAIRED	SINGLE	UNPAIRED_FROM_PAIRED	UNPAIRED	1	SRR23603794.fastq.gz	ftp.sra.ebi.ac.uk/vol1/fastq/SRR236/094/SRR23603794/SRR23603794.fastq.gz	3024c6598fa4394f9b29169fd7f110a8	790937723
PRJNA938154	SAMN33426967	SRX19488778	SRR23603796	RNA-seq	RNA-Seq	PAIRED	SINGLE	UNPAIRED_FROM_PAIRED	UNPAIRED	1	SRR23603796.fastq.gz	ftp.sra.ebi.ac.uk/vol1/fastq/SRR236/096/SRR23603796/SRR23603796.fastq.gz	5625b187873a7918b528338dcf027df8	719590589
PRJNA938154	SAMN33426968	SRX19488777	SRR23603797	RNA-seq	RNA-Seq	PAIRED	SINGLE	UNPAIRED_FROM_PAIRED	UNPAIRED	1	SRR23603797.fastq.gz	ftp.sra.ebi.ac.uk/vol1/fastq/SRR236/097/SRR23603797/SRR23603797.fastq.gz	c2408d67bc4049f74cd213fe25b1e428	729920155
PRJNA938154	SAMN33426970	SRX19488775	SRR23603799	RNA-seq	RNA-Seq	PAIRED	SINGLE	UNPAIRED_FROM_PAIRED	UNPAIRED	1	SRR23603799.fastq.gz	ftp.sra.ebi.ac.uk/vol1/fastq/SRR236/099/SRR23603799/SRR23603799.fastq.gz	59e329c17111a136eb29415b94d9826f	721379126
PRJNA938154	SAMN33426996	SRX19488769	SRR23603805	RNA-seq	RNA-Seq	PAIRED	SINGLE	UNPAIRED_FROM_PAIRED	UNPAIRED	1	SRR23603805.fastq.gz	ftp.sra.ebi.ac.uk/vol1/fastq/SRR236/005/SRR23603805/SRR23603805.fastq.gz	0db6c161736e00eee5fe06d204956397	769944200
PRJNA938154	SAMN33427000	SRX19488765	SRR23603809	RNA-seq	RNA-Seq	PAIRED	SINGLE	UNPAIRED_FROM_PAIRED	UNPAIRED	1	SRR23603809.fastq.gz	ftp.sra.ebi.ac.uk/vol1/fastq/SRR236/009/SRR23603809/SRR23603809.fastq.gz	1ba56ea6a2c436780b5e010a86b2cc21	700159467
PRJNA938154	SAMN33427007	SRX19488758	SRR23603816	RNA-seq	RNA-Seq	PAIRED	SINGLE	UNPAIRED_FROM_PAIRED	UNPAIRED	1	SRR23603816.fastq.gz	ftp.sra.ebi.ac.uk/vol1/fastq/SRR236/016/SRR23603816/SRR23603816.fastq.gz	e191bf43565d5f7c84d63b0adbe39bd4	808288726
PRJNA938154	SAMN33427008	SRX19488757	SRR23603817	RNA-seq	RNA-Seq	PAIRED	SINGLE	UNPAIRED_FROM_PAIRED	UNPAIRED	1	SRR23603817.fastq.gz	ftp.sra.ebi.ac.uk/vol1/fastq/SRR236/017/SRR23603817/SRR23603817.fastq.gz	71141e01e7b9ef85e13ee9fe97266cf3	781474697
PRJNA938154	SAMN33426981	SRX19488744	SRR23603830	RNA-seq	RNA-Seq	PAIRED	SINGLE	UNPAIRED_FROM_PAIRED	UNPAIRED	1	SRR23603830.fastq.gz	ftp.sra.ebi.ac.uk/vol1/fastq/SRR236/030/SRR23603830/SRR23603830.fastq.gz	d1c7b9f0823ca2e881ff411aaf697d38	761679478
PRJNA938154	SAMN33426988	SRX19488737	SRR23603837	RNA-seq	RNA-Seq	PAIRED	SINGLE	UNPAIRED_FROM_PAIRED	UNPAIRED	1	SRR23603837.fastq.gz	ftp.sra.ebi.ac.uk/vol1/fastq/SRR236/037/SRR23603837/SRR23603837.fastq.gz	3da6548b1eae27437b3e2ca8c153fb0e	767739674
PRJNA938154	SAMN33426989	SRX19488736	SRR23603838	RNA-seq	RNA-Seq	PAIRED	SINGLE	UNPAIRED_FROM_PAIRED	UNPAIRED	1	SRR23603838.fastq.gz	ftp.sra.ebi.ac.uk/vol1/fastq/SRR236/038/SRR23603838/SRR23603838.fastq.gz	d89086c7c6ddc501435b30dd1f1a611c	690251273
PRJNA938154	SAMN33427015	SRX19488730	SRR23603844	RNA-seq	RNA-Seq	PAIRED	SINGLE	UNPAIRED_FROM_PAIRED	UNPAIRED	1	SRR23603844.fastq.gz	ftp.sra.ebi.ac.uk/vol1/fastq/SRR236/044/SRR23603844/SRR23603844.fastq.gz	340282ab607f91e670cd5b89392361b6	749502317
PRJNA938154	SAMN33427023	SRX19488722	SRR23603852	RNA-seq	RNA-Seq	PAIRED	SINGLE	UNPAIRED_FROM_PAIRED	UNPAIRED	1	SRR23603852.fastq.gz	ftp.sra.ebi.ac.uk/vol1/fastq/SRR236/052/SRR23603852/SRR23603852.fastq.gz	571205d90f133c977e5b3e9af1679d7c	682394537
PRJNA938154	SAMN33427027	SRX19488718	SRR23603856	RNA-seq	RNA-Seq	PAIRED	SINGLE	UNPAIRED_FROM_PAIRED	UNPAIRED	1	SRR23603856.fastq.gz	ftp.sra.ebi.ac.uk/vol1/fastq/SRR236/056/SRR23603856/SRR23603856.fastq.gz	7708b6c37527457c94d01a2668d3e087	741411287
PRJNA938154	SAMN33427028	SRX19488717	SRR23603857	RNA-seq	RNA-Seq	PAIRED	SINGLE	UNPAIRED_FROM_PAIRED	UNPAIRED	1	SRR23603857.fastq.gz	ftp.sra.ebi.ac.uk/vol1/fastq/SRR236/057/SRR23603857/SRR23603857.fastq.gz	6fabe47491f3c97e7eb1dfe62cf51902	848164222
PRJNA938154	SAMN33427042	SRX19488703	SRR23603871	RNA-seq	RNA-Seq	PAIRED	SINGLE	UNPAIRED_FROM_PAIRED	UNPAIRED	1	SRR23603871.fastq.gz	ftp.sra.ebi.ac.uk/vol1/fastq/SRR236/071/SRR23603871/SRR23603871.fastq.gz	96b9844f1379d2143965644061f7fdcc	703790652
PRJNA938154	SAMN33427046	SRX19488699	SRR23603875	RNA-seq	RNA-Seq	PAIRED	SINGLE	UNPAIRED_FROM_PAIRED	UNPAIRED	1	SRR23603875.fastq.gz	ftp.sra.ebi.ac.uk/vol1/fastq/SRR236/075/SRR23603875/SRR23603875.fastq.gz	318d1357ec6ac8053345ced659b6df28	626438330
PRJNA938154	SAMN33427050	SRX19488695	SRR23603879	RNA-seq	RNA-Seq	PAIRED	SINGLE	UNPAIRED_FROM_PAIRED	UNPAIRED	1	SRR23603879.fastq.gz	ftp.sra.ebi.ac.uk/vol1/fastq/SRR236/079/SRR23603879/SRR23603879.fastq.gz	b62fd2ab5fb9e656709a619d6c5a8a67	634524289
PRJNA938154	SAMN33427053	SRX19488692	SRR23603882	RNA-seq	RNA-Seq	PAIRED	SINGLE	UNPAIRED_FROM_PAIRED	UNPAIRED	1	SRR23603882.fastq.gz	ftp.sra.ebi.ac.uk/vol1/fastq/SRR236/082/SRR23603882/SRR23603882.fastq.gz	e3efe8a9223b865b912ea1cab83ef12d	587421403
PRJNA941080	SAMN33589139	SRX19564100	SRR23702455	RNA-seq	RNA-Seq	PAIRED	PAIRED	PAIRED	R1	1	SRR23702455_1.fastq.gz	ftp.sra.ebi.ac.uk/vol1/fastq/SRR237/055/SRR23702455/SRR23702455_1.fastq.gz	ac3cd35ea4997bdbca1bd3821d0c8049	1047557252
PRJNA941080	SAMN33589139	SRX19564100	SRR23702455	RNA-seq	RNA-Seq	PAIRED	PAIRED	PAIRED	R2	2	SRR23702455_2.fastq.gz	ftp.sra.ebi.ac.uk/vol1/fastq/SRR237/055/SRR23702455/SRR23702455_2.fastq.gz	302bcada55f341e5c8a310dc76dba716	1048392346
PRJNA941080	SAMN33589138	SRX19564099	SRR23702456	RNA-seq	RNA-Seq	PAIRED	PAIRED	PAIRED	R1	1	SRR23702456_1.fastq.gz	ftp.sra.ebi.ac.uk/vol1/fastq/SRR237/056/SRR23702456/SRR23702456_1.fastq.gz	d7565bbf3d6b4d46c3ae1fe74642b71f	1130789547
PRJNA941080	SAMN33589138	SRX19564099	SRR23702456	RNA-seq	RNA-Seq	PAIRED	PAIRED	PAIRED	R2	2	SRR23702456_2.fastq.gz	ftp.sra.ebi.ac.uk/vol1/fastq/SRR237/056/SRR23702456/SRR23702456_2.fastq.gz	ea3e315e342bfd02e6b6246039b141ec	1131805632
PRJNA1088164	SAMN40463204	SRX23955098	SRR28349048	RNA-seq	RNA-Seq	PAIRED	PAIRED	PAIRED	R1	1	SRR28349048_1.fastq.gz	ftp.sra.ebi.ac.uk/vol1/fastq/SRR283/048/SRR28349048/SRR28349048_1.fastq.gz	7a53a36a305a82df18683e8092b88d9b	9078561885
PRJNA1088164	SAMN40463204	SRX23955098	SRR28349048	RNA-seq	RNA-Seq	PAIRED	PAIRED	PAIRED	R2	2	SRR28349048_2.fastq.gz	ftp.sra.ebi.ac.uk/vol1/fastq/SRR283/048/SRR28349048/SRR28349048_2.fastq.gz	5ed27da0444b5148888ea41edec76e76	9143779597
PRJNA1088164	SAMN40463201	SRX23955095	SRR28349051	RNA-seq	RNA-Seq	PAIRED	PAIRED	PAIRED	R1	1	SRR28349051_1.fastq.gz	ftp.sra.ebi.ac.uk/vol1/fastq/SRR283/051/SRR28349051/SRR28349051_1.fastq.gz	c3237359bbb30011f34dea32f4c1c0df	8911214442
PRJNA1088164	SAMN40463201	SRX23955095	SRR28349051	RNA-seq	RNA-Seq	PAIRED	PAIRED	PAIRED	R2	2	SRR28349051_2.fastq.gz	ftp.sra.ebi.ac.uk/vol1/fastq/SRR283/051/SRR28349051/SRR28349051_2.fastq.gz	937fa9c4ada030db2c94facbc5bc6530	8961395077
PRJNA302601	SAMN04275180	SRX1436213	SRR2922603	RNA-seq	RNA-Seq	SINGLE	SINGLE	SINGLE	SINGLE	1	SRR2922603.fastq.gz	ftp.sra.ebi.ac.uk/vol1/fastq/SRR292/003/SRR2922603/SRR2922603.fastq.gz	a1253612ad449645ede782b93a51cd1d	1792079681
PRJNA1123849	SAMN41829157	SRX24954107	SRR29441697	RNA-seq	RNA-Seq	PAIRED	PAIRED	PAIRED	R1	1	SRR29441697_1.fastq.gz	ftp.sra.ebi.ac.uk/vol1/fastq/SRR294/097/SRR29441697/SRR29441697_1.fastq.gz	9bc6c42046851170c54fd6c458465247	1904283551
PRJNA1123849	SAMN41829157	SRX24954107	SRR29441697	RNA-seq	RNA-Seq	PAIRED	PAIRED	PAIRED	R2	2	SRR29441697_2.fastq.gz	ftp.sra.ebi.ac.uk/vol1/fastq/SRR294/097/SRR29441697/SRR29441697_2.fastq.gz	bac1dae5aebaf8281608bc5eaf4ab4bc	2061611027
PRJNA1123849	SAMN41829165	SRX24954105	SRR29441699	RNA-seq	RNA-Seq	PAIRED	PAIRED	PAIRED	R1	1	SRR29441699_1.fastq.gz	ftp.sra.ebi.ac.uk/vol1/fastq/SRR294/099/SRR29441699/SRR29441699_1.fastq.gz	edeccd9de4c01304db26230dbfb8676b	1778018345
PRJNA1123849	SAMN41829165	SRX24954105	SRR29441699	RNA-seq	RNA-Seq	PAIRED	PAIRED	PAIRED	R2	2	SRR29441699_2.fastq.gz	ftp.sra.ebi.ac.uk/vol1/fastq/SRR294/099/SRR29441699/SRR29441699_2.fastq.gz	5be2efaac7aa8339a1962d89fa8f8085	1902679994
PRJNA1130622	SAMN42212552	SRX25176389	SRR29672928	RNA-seq	RNA-Seq	PAIRED	PAIRED	PAIRED	R1	1	SRR29672928_1.fastq.gz	ftp.sra.ebi.ac.uk/vol1/fastq/SRR296/028/SRR29672928/SRR29672928_1.fastq.gz	7d6bf4f67f56f8b9332d512dfe7e6c0e	1934092187
PRJNA1130622	SAMN42212552	SRX25176389	SRR29672928	RNA-seq	RNA-Seq	PAIRED	PAIRED	PAIRED	R2	2	SRR29672928_2.fastq.gz	ftp.sra.ebi.ac.uk/vol1/fastq/SRR296/028/SRR29672928/SRR29672928_2.fastq.gz	dbc36bebac7e87f714449507dec93a2a	1959392053
PRJNA304606	SAMN04305211	SRX1457796	SRR2968324	RNA-seq	RNA-Seq	PAIRED	PAIRED	PAIRED	R1	1	SRR2968324_1.fastq.gz	ftp.sra.ebi.ac.uk/vol1/fastq/SRR296/004/SRR2968324/SRR2968324_1.fastq.gz	2f0d412d84971a611103e46c42b6b5c9	2178405882
PRJNA304606	SAMN04305211	SRX1457796	SRR2968324	RNA-seq	RNA-Seq	PAIRED	PAIRED	PAIRED	R2	2	SRR2968324_2.fastq.gz	ftp.sra.ebi.ac.uk/vol1/fastq/SRR296/004/SRR2968324/SRR2968324_2.fastq.gz	d463f549228ed3f694ca62145cc81b1f	2207098453
PRJNA1139152	SAMN42763088	SRX25423548	SRR29929614	RNA-seq	RNA-Seq	PAIRED	PAIRED	PAIRED	R1	1	SRR29929614_1.fastq.gz	ftp.sra.ebi.ac.uk/vol1/fastq/SRR299/014/SRR29929614/SRR29929614_1.fastq.gz	43df1b0d249d6371705b7fe764583ea7	12118561536
PRJNA1139152	SAMN42763088	SRX25423548	SRR29929614	RNA-seq	RNA-Seq	PAIRED	PAIRED	PAIRED	R2	2	SRR29929614_2.fastq.gz	ftp.sra.ebi.ac.uk/vol1/fastq/SRR299/014/SRR29929614/SRR29929614_2.fastq.gz	6f9d1a95b61e8ca0baa98427403cf492	21294316707
PRJNA1139152	SAMN42763089	SRX25423547	SRR29929615	ATAC-seq	ATAC-seq	PAIRED	PAIRED	PAIRED	R1	1	SRR29929615_1.fastq.gz	ftp.sra.ebi.ac.uk/vol1/fastq/SRR299/015/SRR29929615/SRR29929615_1.fastq.gz	74e9d09b4dea3490389df60764951525	8768361923
PRJNA1139152	SAMN42763089	SRX25423547	SRR29929615	ATAC-seq	ATAC-seq	PAIRED	PAIRED	PAIRED	R2	2	SRR29929615_2.fastq.gz	ftp.sra.ebi.ac.uk/vol1/fastq/SRR299/015/SRR29929615/SRR29929615_2.fastq.gz	c1abb70774468341d4ae1821defbec57	25765168282
PRJNA311594	SAMN04501028	SRX1570961	SRR3161758	RNA-seq	RNA-Seq	PAIRED	PAIRED	PAIRED	R1	1	SRR3161758_1.fastq.gz	ftp.sra.ebi.ac.uk/vol1/fastq/SRR316/008/SRR3161758/SRR3161758_1.fastq.gz	6b5fa31614a92798dd916e0dd857a2f3	1046844143
PRJNA311594	SAMN04501028	SRX1570961	SRR3161758	RNA-seq	RNA-Seq	PAIRED	PAIRED	PAIRED	R2	2	SRR3161758_2.fastq.gz	ftp.sra.ebi.ac.uk/vol1/fastq/SRR316/008/SRR3161758/SRR3161758_2.fastq.gz	4b0f4de6221b96f76621260243ab1736	1069084964
PRJNA311594	SAMN04501029	SRX1570962	SRR3161759	RNA-seq	RNA-Seq	PAIRED	PAIRED	PAIRED	R1	1	SRR3161759_1.fastq.gz	ftp.sra.ebi.ac.uk/vol1/fastq/SRR316/009/SRR3161759/SRR3161759_1.fastq.gz	e9bbd724607982787a4b67c835526281	1055416273
PRJNA311594	SAMN04501029	SRX1570962	SRR3161759	RNA-seq	RNA-Seq	PAIRED	PAIRED	PAIRED	R2	2	SRR3161759_2.fastq.gz	ftp.sra.ebi.ac.uk/vol1/fastq/SRR316/009/SRR3161759/SRR3161759_2.fastq.gz	a188574ae3efc965d996dd0dd47e4c73	1079424818
PRJNA311594	SAMN04501033	SRX1570966	SRR3161763	RNA-seq	RNA-Seq	PAIRED	PAIRED	PAIRED	R1	1	SRR3161763_1.fastq.gz	ftp.sra.ebi.ac.uk/vol1/fastq/SRR316/003/SRR3161763/SRR3161763_1.fastq.gz	e477a7918b1bf439c81d6463e60d8ed6	1008887492
PRJNA311594	SAMN04501033	SRX1570966	SRR3161763	RNA-seq	RNA-Seq	PAIRED	PAIRED	PAIRED	R2	2	SRR3161763_2.fastq.gz	ftp.sra.ebi.ac.uk/vol1/fastq/SRR316/003/SRR3161763/SRR3161763_2.fastq.gz	bbb20103fbef78390313399aa2724f50	1031137095
PRJNA311594	SAMN04501034	SRX1570967	SRR3161764	RNA-seq	RNA-Seq	PAIRED	PAIRED	PAIRED	R1	1	SRR3161764_1.fastq.gz	ftp.sra.ebi.ac.uk/vol1/fastq/SRR316/004/SRR3161764/SRR3161764_1.fastq.gz	90f198fd1f229f88c307b4105fa59ffe	1068162609
PRJNA311594	SAMN04501034	SRX1570967	SRR3161764	RNA-seq	RNA-Seq	PAIRED	PAIRED	PAIRED	R2	2	SRR3161764_2.fastq.gz	ftp.sra.ebi.ac.uk/vol1/fastq/SRR316/004/SRR3161764/SRR3161764_2.fastq.gz	b8a2d5e91c3ad571bcc4c3a6bc716c7c	1089937436
PRJNA311594	SAMN04501037	SRX1570970	SRR3161767	RNA-seq	RNA-Seq	PAIRED	PAIRED	PAIRED	R1	1	SRR3161767_1.fastq.gz	ftp.sra.ebi.ac.uk/vol1/fastq/SRR316/007/SRR3161767/SRR3161767_1.fastq.gz	0da9805b297089d51dde437fb9a19195	1169839862
PRJNA311594	SAMN04501037	SRX1570970	SRR3161767	RNA-seq	RNA-Seq	PAIRED	PAIRED	PAIRED	R2	2	SRR3161767_2.fastq.gz	ftp.sra.ebi.ac.uk/vol1/fastq/SRR316/007/SRR3161767/SRR3161767_2.fastq.gz	4f02befc9c5292503bff528958ef11b2	1185619017
PRJNA311594	SAMN04501038	SRX1570971	SRR3161768	RNA-seq	RNA-Seq	PAIRED	PAIRED	PAIRED	R1	1	SRR3161768_1.fastq.gz	ftp.sra.ebi.ac.uk/vol1/fastq/SRR316/008/SRR3161768/SRR3161768_1.fastq.gz	3278ce8a14788e7f2a23856a5212b437	1076414676
PRJNA311594	SAMN04501038	SRX1570971	SRR3161768	RNA-seq	RNA-Seq	PAIRED	PAIRED	PAIRED	R2	2	SRR3161768_2.fastq.gz	ftp.sra.ebi.ac.uk/vol1/fastq/SRR316/008/SRR3161768/SRR3161768_2.fastq.gz	68a9149661ad8f4f928ae641886d4d27	1087443175
PRJNA311594	SAMN04501039	SRX1570972	SRR3161769	RNA-seq	RNA-Seq	PAIRED	PAIRED	PAIRED	R1	1	SRR3161769_1.fastq.gz	ftp.sra.ebi.ac.uk/vol1/fastq/SRR316/009/SRR3161769/SRR3161769_1.fastq.gz	0cd680fbd54c39f0ba1b879e79289a61	1260714245
PRJNA311594	SAMN04501039	SRX1570972	SRR3161769	RNA-seq	RNA-Seq	PAIRED	PAIRED	PAIRED	R2	2	SRR3161769_2.fastq.gz	ftp.sra.ebi.ac.uk/vol1/fastq/SRR316/009/SRR3161769/SRR3161769_2.fastq.gz	134f4671a5fc14646362a2e6404dcf75	1277219422
PRJNA311594	SAMN04501041	SRX1570974	SRR3161771	RNA-seq	RNA-Seq	PAIRED	PAIRED	PAIRED	R1	1	SRR3161771_1.fastq.gz	ftp.sra.ebi.ac.uk/vol1/fastq/SRR316/001/SRR3161771/SRR3161771_1.fastq.gz	49367f9f9c1e19a02674358b1600d16f	1166874764
PRJNA311594	SAMN04501041	SRX1570974	SRR3161771	RNA-seq	RNA-Seq	PAIRED	PAIRED	PAIRED	R2	2	SRR3161771_2.fastq.gz	ftp.sra.ebi.ac.uk/vol1/fastq/SRR316/001/SRR3161771/SRR3161771_2.fastq.gz	60343afe96ca671d918d354d69496d18	1180319814
PRJNA311594	SAMN04501044	SRX1570977	SRR3161774	RNA-seq	RNA-Seq	PAIRED	PAIRED	PAIRED	R1	1	SRR3161774_1.fastq.gz	ftp.sra.ebi.ac.uk/vol1/fastq/SRR316/004/SRR3161774/SRR3161774_1.fastq.gz	e13020b6fa78c4fc460665064198958e	1291103433
PRJNA311594	SAMN04501044	SRX1570977	SRR3161774	RNA-seq	RNA-Seq	PAIRED	PAIRED	PAIRED	R2	2	SRR3161774_2.fastq.gz	ftp.sra.ebi.ac.uk/vol1/fastq/SRR316/004/SRR3161774/SRR3161774_2.fastq.gz	55488e07b93b4b6b2d51670bf9f3bfc4	1299673425
PRJNA311594	SAMN04501045	SRX1570978	SRR3161775	RNA-seq	RNA-Seq	PAIRED	PAIRED	PAIRED	R1	1	SRR3161775_1.fastq.gz	ftp.sra.ebi.ac.uk/vol1/fastq/SRR316/005/SRR3161775/SRR3161775_1.fastq.gz	f889fea224cb305e7c00ef44d89cb8a4	1290104704
PRJNA311594	SAMN04501045	SRX1570978	SRR3161775	RNA-seq	RNA-Seq	PAIRED	PAIRED	PAIRED	R2	2	SRR3161775_2.fastq.gz	ftp.sra.ebi.ac.uk/vol1/fastq/SRR316/005/SRR3161775/SRR3161775_2.fastq.gz	eb129bd5eb4c0f8520cfb544e9c0ba90	1298432557
PRJNA311594	SAMN04501046	SRX1570979	SRR3161776	RNA-seq	RNA-Seq	PAIRED	PAIRED	PAIRED	R1	1	SRR3161776_1.fastq.gz	ftp.sra.ebi.ac.uk/vol1/fastq/SRR316/006/SRR3161776/SRR3161776_1.fastq.gz	3d3ac94c6d322c33a7fa2b1ef360c2ab	1249966302
PRJNA311594	SAMN04501046	SRX1570979	SRR3161776	RNA-seq	RNA-Seq	PAIRED	PAIRED	PAIRED	R2	2	SRR3161776_2.fastq.gz	ftp.sra.ebi.ac.uk/vol1/fastq/SRR316/006/SRR3161776/SRR3161776_2.fastq.gz	126eabea00b69083fc9ccfa77bf30e2c	1260539336
PRJNA311594	SAMN04501050	SRX1570983	SRR3161780	RNA-seq	RNA-Seq	PAIRED	PAIRED	PAIRED	R1	1	SRR3161780_1.fastq.gz	ftp.sra.ebi.ac.uk/vol1/fastq/SRR316/000/SRR3161780/SRR3161780_1.fastq.gz	1c07ffbc7012fe396b6193d005e05796	938048662
PRJNA311594	SAMN04501050	SRX1570983	SRR3161780	RNA-seq	RNA-Seq	PAIRED	PAIRED	PAIRED	R2	2	SRR3161780_2.fastq.gz	ftp.sra.ebi.ac.uk/vol1/fastq/SRR316/000/SRR3161780/SRR3161780_2.fastq.gz	58fc32707644a7ccc3fb0c6da648fa60	947594624
PRJNA311594	SAMN04501051	SRX1570984	SRR3161781	RNA-seq	RNA-Seq	PAIRED	PAIRED	PAIRED	R1	1	SRR3161781_1.fastq.gz	ftp.sra.ebi.ac.uk/vol1/fastq/SRR316/001/SRR3161781/SRR3161781_1.fastq.gz	45abffef68d7ed2f171a771baedbbbc7	1327158876
PRJNA311594	SAMN04501051	SRX1570984	SRR3161781	RNA-seq	RNA-Seq	PAIRED	PAIRED	PAIRED	R2	2	SRR3161781_2.fastq.gz	ftp.sra.ebi.ac.uk/vol1/fastq/SRR316/001/SRR3161781/SRR3161781_2.fastq.gz	826b895356a30ea21130f30afd5d912f	1336046593
PRJNA1223323	SAMN46814177	SRX27664158	SRR32329206	RNA-seq	RNA-Seq	PAIRED	PAIRED	PAIRED	R1	1	SRR32329206_1.fastq.gz	ftp.sra.ebi.ac.uk/vol1/fastq/SRR323/006/SRR32329206/SRR32329206_1.fastq.gz	c22549342d743cf9b41fa4dc5cd1a5c1	2857530209
PRJNA1223323	SAMN46814177	SRX27664158	SRR32329206	RNA-seq	RNA-Seq	PAIRED	PAIRED	PAIRED	R2	2	SRR32329206_2.fastq.gz	ftp.sra.ebi.ac.uk/vol1/fastq/SRR323/006/SRR32329206/SRR32329206_2.fastq.gz	665869ff3ad132304772f0dd843792f1	2660470492
PRJNA1223323	SAMN46814181	SRX27664154	SRR32329210	RNA-seq	RNA-Seq	PAIRED	PAIRED	PAIRED	R1	1	SRR32329210_1.fastq.gz	ftp.sra.ebi.ac.uk/vol1/fastq/SRR323/010/SRR32329210/SRR32329210_1.fastq.gz	d536e4359384c24ca77172acbab9dd3c	2940530196
PRJNA1223323	SAMN46814181	SRX27664154	SRR32329210	RNA-seq	RNA-Seq	PAIRED	PAIRED	PAIRED	R2	2	SRR32329210_2.fastq.gz	ftp.sra.ebi.ac.uk/vol1/fastq/SRR323/010/SRR32329210/SRR32329210_2.fastq.gz	bf4724b256001a62a088ded351c361f9	2715375122
PRJNA316065	SAMN04574680	SRX1655605	SRR3284452	RNA-seq	RNA-Seq	SINGLE	SINGLE	SINGLE	SINGLE	1	SRR3284452.fastq.gz	ftp.sra.ebi.ac.uk/vol1/fastq/SRR328/002/SRR3284452/SRR3284452.fastq.gz	3769db41e4b0621296f0a245dbc503f2	388947073
PRJNA316065	SAMN04574681	SRX1655606	SRR3284454	RNA-seq	RNA-Seq	SINGLE	SINGLE	SINGLE	SINGLE	1	SRR3284454.fastq.gz	ftp.sra.ebi.ac.uk/vol1/fastq/SRR328/004/SRR3284454/SRR3284454.fastq.gz	344856fd789cd7d7beb9cef25c671dd7	500214166
PRJNA316065	SAMN04574682	SRX1655607	SRR3284456	RNA-seq	RNA-Seq	SINGLE	SINGLE	SINGLE	SINGLE	1	SRR3284456.fastq.gz	ftp.sra.ebi.ac.uk/vol1/fastq/SRR328/006/SRR3284456/SRR3284456.fastq.gz	d4dadfe962d6e89e76a4bf88b77b1de7	617692184
PRJNA316065	SAMN04574686	SRX1655611	SRR3284464	RNA-seq	RNA-Seq	SINGLE	SINGLE	SINGLE	SINGLE	1	SRR3284464.fastq.gz	ftp.sra.ebi.ac.uk/vol1/fastq/SRR328/004/SRR3284464/SRR3284464.fastq.gz	b67c94420bc84810473bc424d101074b	523370647
PRJNA590485	SAMN13327598	SRX7182934	SRR10493846	RNA-seq	RNA-Seq	SINGLE	PAIRED	PAIRED_PLUS_UNPAIRED	UNPAIRED	1	SRR10493846.fastq.gz	ftp.sra.ebi.ac.uk/vol1/fastq/SRR104/046/SRR10493846/SRR10493846.fastq.gz	9ae88e2130e88b0e55eaa6319872bb1f	119
PRJNA590485	SAMN13327598	SRX7182934	SRR10493846	RNA-seq	RNA-Seq	SINGLE	PAIRED	PAIRED_PLUS_UNPAIRED	R1	2	SRR10493846_1.fastq.gz	ftp.sra.ebi.ac.uk/vol1/fastq/SRR104/046/SRR10493846/SRR10493846_1.fastq.gz	446b803008252889e05316a04e9a5c1d	12082049
PRJNA590485	SAMN13327598	SRX7182934	SRR10493846	RNA-seq	RNA-Seq	SINGLE	PAIRED	PAIRED_PLUS_UNPAIRED	R2	3	SRR10493846_2.fastq.gz	ftp.sra.ebi.ac.uk/vol1/fastq/SRR104/046/SRR10493846/SRR10493846_2.fastq.gz	6f0cd9192583d36504a543f5e5b8f261	12195090
PRJNA590485	SAMN13327595	SRX7182937	SRR10493849	RNA-seq	RNA-Seq	SINGLE	PAIRED	PAIRED	R1	1	SRR10493849_1.fastq.gz	ftp.sra.ebi.ac.uk/vol1/fastq/SRR104/049/SRR10493849/SRR10493849_1.fastq.gz	53fc6522ee63d2e187268ac156b6b308	474370913
PRJNA590485	SAMN13327595	SRX7182937	SRR10493849	RNA-seq	RNA-Seq	SINGLE	PAIRED	PAIRED	R2	2	SRR10493849_2.fastq.gz	ftp.sra.ebi.ac.uk/vol1/fastq/SRR104/049/SRR10493849/SRR10493849_2.fastq.gz	f8cbae7ef14b0be0a1d9b2695ffbfeab	488393693
PRJNA590485	SAMN13327593	SRX7182939	SRR10493851	RNA-seq	RNA-Seq	SINGLE	PAIRED	PAIRED	R1	1	SRR10493851_1.fastq.gz	ftp.sra.ebi.ac.uk/vol1/fastq/SRR104/051/SRR10493851/SRR10493851_1.fastq.gz	7767ea6091a4d8f8ac984aa8347c8777	504463473
PRJNA590485	SAMN13327593	SRX7182939	SRR10493851	RNA-seq	RNA-Seq	SINGLE	PAIRED	PAIRED	R2	2	SRR10493851_2.fastq.gz	ftp.sra.ebi.ac.uk/vol1/fastq/SRR104/051/SRR10493851/SRR10493851_2.fastq.gz	3f8542aeca684b77603acf750d16230d	517004294
PRJNA590485	SAMN13327549	SRX7182944	SRR10493856	RNA-seq	RNA-Seq	SINGLE	PAIRED	PAIRED	R1	1	SRR10493856_1.fastq.gz	ftp.sra.ebi.ac.uk/vol1/fastq/SRR104/056/SRR10493856/SRR10493856_1.fastq.gz	832d06599f8240d4990c04cebfd7044f	697327975
PRJNA590485	SAMN13327549	SRX7182944	SRR10493856	RNA-seq	RNA-Seq	SINGLE	PAIRED	PAIRED	R2	2	SRR10493856_2.fastq.gz	ftp.sra.ebi.ac.uk/vol1/fastq/SRR104/056/SRR10493856/SRR10493856_2.fastq.gz	dddaec56b4ea10b05789a25d30fb0191	704638380
PRJNA590485	SAMN13327581	SRX7182952	SRR10493864	RNA-seq	RNA-Seq	SINGLE	PAIRED	PAIRED	R1	1	SRR10493864_1.fastq.gz	ftp.sra.ebi.ac.uk/vol1/fastq/SRR104/064/SRR10493864/SRR10493864_1.fastq.gz	053d035fd6e461e4b0ea97fee7694ea8	721235632
PRJNA590485	SAMN13327581	SRX7182952	SRR10493864	RNA-seq	RNA-Seq	SINGLE	PAIRED	PAIRED	R2	2	SRR10493864_2.fastq.gz	ftp.sra.ebi.ac.uk/vol1/fastq/SRR104/064/SRR10493864/SRR10493864_2.fastq.gz	16ffa1f871dccb0e36a75ca689ea5f46	758438949
PRJNA590485	SAMN13327579	SRX7182953	SRR10493865	RNA-seq	RNA-Seq	SINGLE	PAIRED	PAIRED	R1	1	SRR10493865_1.fastq.gz	ftp.sra.ebi.ac.uk/vol1/fastq/SRR104/065/SRR10493865/SRR10493865_1.fastq.gz	03398b36de1c0107044232759a683ff4	392833655
PRJNA590485	SAMN13327579	SRX7182953	SRR10493865	RNA-seq	RNA-Seq	SINGLE	PAIRED	PAIRED	R2	2	SRR10493865_2.fastq.gz	ftp.sra.ebi.ac.uk/vol1/fastq/SRR104/065/SRR10493865/SRR10493865_2.fastq.gz	93daa4a179e7b1b80edcfd6d4f585ec1	382293980
PRJNA590485	SAMN13327565	SRX7182961	SRR10493873	RNA-seq	RNA-Seq	SINGLE	PAIRED	PAIRED	R1	1	SRR10493873_1.fastq.gz	ftp.sra.ebi.ac.uk/vol1/fastq/SRR104/073/SRR10493873/SRR10493873_1.fastq.gz	31d23a38dc4aec00bb855f7eefd7c1df	728287074
PRJNA590485	SAMN13327565	SRX7182961	SRR10493873	RNA-seq	RNA-Seq	SINGLE	PAIRED	PAIRED	R2	2	SRR10493873_2.fastq.gz	ftp.sra.ebi.ac.uk/vol1/fastq/SRR104/073/SRR10493873/SRR10493873_2.fastq.gz	436b65ad41b3088b94630eccdddd16fe	741132378
PRJNA590485	SAMN13327563	SRX7182962	SRR10493874	RNA-seq	RNA-Seq	SINGLE	PAIRED	PAIRED	R1	1	SRR10493874_1.fastq.gz	ftp.sra.ebi.ac.uk/vol1/fastq/SRR104/074/SRR10493874/SRR10493874_1.fastq.gz	abef3e40871ffa8b27be58fd85d560c5	644481453
PRJNA590485	SAMN13327563	SRX7182962	SRR10493874	RNA-seq	RNA-Seq	SINGLE	PAIRED	PAIRED	R2	2	SRR10493874_2.fastq.gz	ftp.sra.ebi.ac.uk/vol1/fastq/SRR104/074/SRR10493874/SRR10493874_2.fastq.gz	d3444c884e6267384f062798391719f1	670203821
PRJNA590485	SAMN13327558	SRX7182965	SRR10493877	RNA-seq	RNA-Seq	SINGLE	PAIRED	PAIRED	R1	1	SRR10493877_1.fastq.gz	ftp.sra.ebi.ac.uk/vol1/fastq/SRR104/077/SRR10493877/SRR10493877_1.fastq.gz	51ed51a78e2638cd9debe220c3b47be2	615739567
PRJNA590485	SAMN13327558	SRX7182965	SRR10493877	RNA-seq	RNA-Seq	SINGLE	PAIRED	PAIRED	R2	2	SRR10493877_2.fastq.gz	ftp.sra.ebi.ac.uk/vol1/fastq/SRR104/077/SRR10493877/SRR10493877_2.fastq.gz	5a9cb45bdbf9b68509a61bfac11ab65a	635609977
PRJNA1252143	SAMN48037638	SRX28445685	SRR33198152	RNA-seq	RNA-Seq	PAIRED	PAIRED	PAIRED	R1	1	SRR33198152_1.fastq.gz	ftp.sra.ebi.ac.uk/vol1/fastq/SRR331/052/SRR33198152/SRR33198152_1.fastq.gz	d07527e721ae584d37afd671ad940994	1410483008
PRJNA1252143	SAMN48037638	SRX28445685	SRR33198152	RNA-seq	RNA-Seq	PAIRED	PAIRED	PAIRED	R2	2	SRR33198152_2.fastq.gz	ftp.sra.ebi.ac.uk/vol1/fastq/SRR331/052/SRR33198152/SRR33198152_2.fastq.gz	96825b2007c48bbceafe3f2e579a5e4e	1406631325
PRJNA1252143	SAMN48037649	SRX28445674	SRR33198163	RNA-seq	RNA-Seq	PAIRED	PAIRED	PAIRED	R1	1	SRR33198163_1.fastq.gz	ftp.sra.ebi.ac.uk/vol1/fastq/SRR331/063/SRR33198163/SRR33198163_1.fastq.gz	c50e8c501c91b2519eeb0d86489dfbc6	1560892949
PRJNA1252143	SAMN48037649	SRX28445674	SRR33198163	RNA-seq	RNA-Seq	PAIRED	PAIRED	PAIRED	R2	2	SRR33198163_2.fastq.gz	ftp.sra.ebi.ac.uk/vol1/fastq/SRR331/063/SRR33198163/SRR33198163_2.fastq.gz	5183b970bae1909e018ae3d07c34f23a	1540327046
PRJNA1252143	SAMN48037651	SRX28445672	SRR33198165	RNA-seq	RNA-Seq	PAIRED	PAIRED	PAIRED	R1	1	SRR33198165_1.fastq.gz	ftp.sra.ebi.ac.uk/vol1/fastq/SRR331/065/SRR33198165/SRR33198165_1.fastq.gz	b630f9d51ac1ab3408fc63987c6c5a08	1492713274
PRJNA1252143	SAMN48037651	SRX28445672	SRR33198165	RNA-seq	RNA-Seq	PAIRED	PAIRED	PAIRED	R2	2	SRR33198165_2.fastq.gz	ftp.sra.ebi.ac.uk/vol1/fastq/SRR331/065/SRR33198165/SRR33198165_2.fastq.gz	b8547d8aaf3563203376b739e2255dc3	1463485126
PRJNA1335855	SAMN52025841	SRX30705854	SRR35653650	RNA-seq	RNA-Seq	PAIRED	PAIRED	PAIRED	R1	1	SRR35653650_1.fastq.gz	ftp.sra.ebi.ac.uk/vol1/fastq/SRR356/050/SRR35653650/SRR35653650_1.fastq.gz	3cdd93f1bf58d820b7ea4c43557b0afc	1110206208
PRJNA1335855	SAMN52025841	SRX30705854	SRR35653650	RNA-seq	RNA-Seq	PAIRED	PAIRED	PAIRED	R2	2	SRR35653650_2.fastq.gz	ftp.sra.ebi.ac.uk/vol1/fastq/SRR356/050/SRR35653650/SRR35653650_2.fastq.gz	7d7c6f6d070abc39c972626a214bda01	1116154720
PRJNA1335855	SAMN52025840	SRX30705851	SRR35653653	RNA-seq	RNA-Seq	PAIRED	PAIRED	PAIRED	R1	1	SRR35653653_1.fastq.gz	ftp.sra.ebi.ac.uk/vol1/fastq/SRR356/053/SRR35653653/SRR35653653_1.fastq.gz	fabf936fa48511fb45600ceeffca2493	1263326294
PRJNA1335855	SAMN52025840	SRX30705851	SRR35653653	RNA-seq	RNA-Seq	PAIRED	PAIRED	PAIRED	R2	2	SRR35653653_2.fastq.gz	ftp.sra.ebi.ac.uk/vol1/fastq/SRR356/053/SRR35653653/SRR35653653_2.fastq.gz	6ab6b8627b18dac50d6dbdbc9bb1dc2c	1266775431
PRJNA1282762	SAMN49662871	SRX33099500	SRR38262920	RNA-seq	RNA-Seq	SINGLE	SINGLE	SINGLE	SINGLE	1	SRR38262920.fastq.gz	ftp.sra.ebi.ac.uk/vol1/fastq/SRR382/020/SRR38262920/SRR38262920.fastq.gz	aec1d065c192d12330cb08e17394726c	2015311875
PRJNA1282762	SAMN57466944	SRX33099713	SRR38263132	RNA-seq	RNA-Seq	SINGLE	SINGLE	SINGLE	SINGLE	1	SRR38263132.fastq.gz	ftp.sra.ebi.ac.uk/vol1/fastq/SRR382/032/SRR38263132/SRR38263132.fastq.gz	cfe15175f887e1a45bc5594b0359f99a	1991905797
PRJNA1489724	SAMN61409211	SRX34194508	SRR39499719	RNA-seq	RNA-Seq	PAIRED	PAIRED	PAIRED	R1	1	SRR39499719_1.fastq.gz	ftp.sra.ebi.ac.uk/vol1/fastq/SRR394/019/SRR39499719/SRR39499719_1.fastq.gz	87f54bccbb4ab5ed11c05e5a8a3c7c9b	3997113928
PRJNA1489724	SAMN61409211	SRX34194508	SRR39499719	RNA-seq	RNA-Seq	PAIRED	PAIRED	PAIRED	R2	2	SRR39499719_2.fastq.gz	ftp.sra.ebi.ac.uk/vol1/fastq/SRR394/019/SRR39499719/SRR39499719_2.fastq.gz	1d3a771f6e55b85e5ab4a9601a81a0fa	4036040508
PRJNA1489724	SAMN61409218	SRX34197920	SRR39503241	RNA-seq	RNA-Seq	PAIRED	PAIRED	PAIRED	R1	1	SRR39503241_1.fastq.gz	ftp.sra.ebi.ac.uk/vol1/fastq/SRR395/041/SRR39503241/SRR39503241_1.fastq.gz	b973d2b90fd576ec2422b62efa03db53	5606616076
PRJNA1489724	SAMN61409218	SRX34197920	SRR39503241	RNA-seq	RNA-Seq	PAIRED	PAIRED	PAIRED	R2	2	SRR39503241_2.fastq.gz	ftp.sra.ebi.ac.uk/vol1/fastq/SRR395/041/SRR39503241/SRR39503241_2.fastq.gz	c2f0ffd4696ee60c88cb0547a6725bd7	5664879490
PRJNA1489724	SAMN61409217	SRX34197919	SRR39503242	RNA-seq	RNA-Seq	PAIRED	PAIRED	PAIRED	R1	1	SRR39503242_1.fastq.gz	ftp.sra.ebi.ac.uk/vol1/fastq/SRR395/042/SRR39503242/SRR39503242_1.fastq.gz	bda78ad39ce9629c9f3e68a7ec39719b	4210014802
PRJNA1489724	SAMN61409217	SRX34197919	SRR39503242	RNA-seq	RNA-Seq	PAIRED	PAIRED	PAIRED	R2	2	SRR39503242_2.fastq.gz	ftp.sra.ebi.ac.uk/vol1/fastq/SRR395/042/SRR39503242/SRR39503242_2.fastq.gz	7ba5a843b90580936fef7c315b39a939	4263410557
PRJNA1492564	SAMN61510921	SRX34250720	SRR39561854	RNA-seq	RNA-Seq	PAIRED	PAIRED	PAIRED	R1	1	SRR39561854_1.fastq.gz	ftp.sra.ebi.ac.uk/vol1/fastq/SRR395/054/SRR39561854/SRR39561854_1.fastq.gz	91a397e9f74b3af29d786b233f5ea418	4916047011
PRJNA1492564	SAMN61510921	SRX34250720	SRR39561854	RNA-seq	RNA-Seq	PAIRED	PAIRED	PAIRED	R2	2	SRR39561854_2.fastq.gz	ftp.sra.ebi.ac.uk/vol1/fastq/SRR395/054/SRR39561854/SRR39561854_2.fastq.gz	375ba48236e6b49dc8a5eb6bf5122485	4974816343
PRJNA1492564	SAMN61510917	SRX34250714	SRR39561860	RNA-seq	RNA-Seq	PAIRED	PAIRED	PAIRED	R1	1	SRR39561860_1.fastq.gz	ftp.sra.ebi.ac.uk/vol1/fastq/SRR395/060/SRR39561860/SRR39561860_1.fastq.gz	81d74519c6b736d38f5983a7396739b9	4892938600
PRJNA1492564	SAMN61510917	SRX34250714	SRR39561860	RNA-seq	RNA-Seq	PAIRED	PAIRED	PAIRED	R2	2	SRR39561860_2.fastq.gz	ftp.sra.ebi.ac.uk/vol1/fastq/SRR395/060/SRR39561860/SRR39561860_2.fastq.gz	81e9667fb56c4277acf5e08d161711ba	4929234478
PRJNA1516528	SAMN62608401	SRX34926287	SRR40310839	RNA-seq	RNA-Seq	PAIRED	PAIRED	PAIRED	R1	1	SRR40310839_1.fastq.gz	ftp.sra.ebi.ac.uk/vol1/fastq/SRR403/039/SRR40310839/SRR40310839_1.fastq.gz	908ff276c40a32b7f8baba7f9b649b3a	1362071313
PRJNA1516528	SAMN62608401	SRX34926287	SRR40310839	RNA-seq	RNA-Seq	PAIRED	PAIRED	PAIRED	R2	2	SRR40310839_2.fastq.gz	ftp.sra.ebi.ac.uk/vol1/fastq/SRR403/039/SRR40310839/SRR40310839_2.fastq.gz	09a40b5ac80b138fedd995f32ffd667a	1350124808
PRJNA339147	SAMN05580166	SRX2026834	SRR4035677	RNA-seq	RNA-Seq	SINGLE	SINGLE	SINGLE	SINGLE	1	SRR4035677.fastq.gz	ftp.sra.ebi.ac.uk/vol1/fastq/SRR403/007/SRR4035677/SRR4035677.fastq.gz	d53f79ab73dfb7f13e791d0bacb2c318	1626955297
PRJNA339147	SAMN05580161	SRX2026839	SRR4035682	RNA-seq	RNA-Seq	SINGLE	SINGLE	SINGLE	SINGLE	1	SRR4035682.fastq.gz	ftp.sra.ebi.ac.uk/vol1/fastq/SRR403/002/SRR4035682/SRR4035682.fastq.gz	c99b2fe1d24c31cc7e06a86ecd1527f9	1570541455
PRJNA378939	SAMN06563820	SRX2654729	SRR5358889	RNA-seq	RNA-Seq	PAIRED	PAIRED	PAIRED	R1	1	SRR5358889_1.fastq.gz	ftp.sra.ebi.ac.uk/vol1/fastq/SRR535/009/SRR5358889/SRR5358889_1.fastq.gz	c25a9eaadca5669840fcc18864c88af5	1753990973
PRJNA378939	SAMN06563820	SRX2654729	SRR5358889	RNA-seq	RNA-Seq	PAIRED	PAIRED	PAIRED	R2	2	SRR5358889_2.fastq.gz	ftp.sra.ebi.ac.uk/vol1/fastq/SRR535/009/SRR5358889/SRR5358889_2.fastq.gz	c83cf5ebe049e2ce13ec0a922488a4a5	1762057694
PRJNA393479	SAMN07334559	SRX2991085	SRR5812566	RNA-seq	RNA-Seq	PAIRED	PAIRED	PAIRED	R1	1	SRR5812566_1.fastq.gz	ftp.sra.ebi.ac.uk/vol1/fastq/SRR581/006/SRR5812566/SRR5812566_1.fastq.gz	0d8c95d618fb050a0910fc1bd4fb4485	6193631405
PRJNA393479	SAMN07334559	SRX2991085	SRR5812566	RNA-seq	RNA-Seq	PAIRED	PAIRED	PAIRED	R2	2	SRR5812566_2.fastq.gz	ftp.sra.ebi.ac.uk/vol1/fastq/SRR581/006/SRR5812566/SRR5812566_2.fastq.gz	5fa8f79b3ad45f76eea4389c2ffbd16a	6196527854
PRJNA393479	SAMN07334557	SRX2991087	SRR5812568	RNA-seq	RNA-Seq	PAIRED	PAIRED	PAIRED	R1	1	SRR5812568_1.fastq.gz	ftp.sra.ebi.ac.uk/vol1/fastq/SRR581/008/SRR5812568/SRR5812568_1.fastq.gz	4c815868ee75ce97b89223cc520427d2	5477767710
PRJNA393479	SAMN07334557	SRX2991087	SRR5812568	RNA-seq	RNA-Seq	PAIRED	PAIRED	PAIRED	R2	2	SRR5812568_2.fastq.gz	ftp.sra.ebi.ac.uk/vol1/fastq/SRR581/008/SRR5812568/SRR5812568_2.fastq.gz	c4b913400994c6ab1f5872f2d5574313	5470273970
PRJNA393479	SAMN07334555	SRX2991089	SRR5812571	RNA-seq	RNA-Seq	PAIRED	PAIRED	PAIRED	R1	1	SRR5812571_1.fastq.gz	ftp.sra.ebi.ac.uk/vol1/fastq/SRR581/001/SRR5812571/SRR5812571_1.fastq.gz	a92631b6bdf8a519c3f71742405f58ee	2186132810
PRJNA393479	SAMN07334555	SRX2991089	SRR5812571	RNA-seq	RNA-Seq	PAIRED	PAIRED	PAIRED	R2	2	SRR5812571_2.fastq.gz	ftp.sra.ebi.ac.uk/vol1/fastq/SRR581/001/SRR5812571/SRR5812571_2.fastq.gz	bfbec24e1c5cc02f56276187a96ccf24	2288536611
PRJNA393479	SAMN07334551	SRX2991093	SRR5812579	RNA-seq	RNA-Seq	PAIRED	PAIRED	PAIRED	R1	1	SRR5812579_1.fastq.gz	ftp.sra.ebi.ac.uk/vol1/fastq/SRR581/009/SRR5812579/SRR5812579_1.fastq.gz	2f7a5bc05a318c78947d40336a0bf452	2177020074
PRJNA393479	SAMN07334551	SRX2991093	SRR5812579	RNA-seq	RNA-Seq	PAIRED	PAIRED	PAIRED	R2	2	SRR5812579_2.fastq.gz	ftp.sra.ebi.ac.uk/vol1/fastq/SRR581/009/SRR5812579/SRR5812579_2.fastq.gz	6e4c56aec908a4e1777f536b08d11569	2261966640
PRJNA488640	SAMN09938583	SRX4626197	SRR7770742	RNA-seq	RNA-Seq	PAIRED	PAIRED	PAIRED	R1	1	SRR7770742_1.fastq.gz	ftp.sra.ebi.ac.uk/vol1/fastq/SRR777/002/SRR7770742/SRR7770742_1.fastq.gz	96663098d8c1381b6e9ae7e7e66855f8	1592104367
PRJNA488640	SAMN09938583	SRX4626197	SRR7770742	RNA-seq	RNA-Seq	PAIRED	PAIRED	PAIRED	R2	2	SRR7770742_2.fastq.gz	ftp.sra.ebi.ac.uk/vol1/fastq/SRR777/002/SRR7770742/SRR7770742_2.fastq.gz	1417e0a09cdbfd26e0cd467acab02519	1646984965
PRJNA488640	SAMN09938578	SRX4626202	SRR7770747	RNA-seq	RNA-Seq	PAIRED	PAIRED	PAIRED	R1	1	SRR7770747_1.fastq.gz	ftp.sra.ebi.ac.uk/vol1/fastq/SRR777/007/SRR7770747/SRR7770747_1.fastq.gz	0780b1a4d838cd93a0913daf3b938b5e	1397484306
PRJNA488640	SAMN09938578	SRX4626202	SRR7770747	RNA-seq	RNA-Seq	PAIRED	PAIRED	PAIRED	R2	2	SRR7770747_2.fastq.gz	ftp.sra.ebi.ac.uk/vol1/fastq/SRR777/007/SRR7770747/SRR7770747_2.fastq.gz	518b96976aaae3fef0006485e0d50fb6	1441900574
PRJNA489076	SAMN09948069	SRX4634290	SRR7779170	RNA-seq	RNA-Seq	PAIRED	PAIRED	PAIRED	R1	1	SRR7779170_1.fastq.gz	ftp.sra.ebi.ac.uk/vol1/fastq/SRR777/000/SRR7779170/SRR7779170_1.fastq.gz	7c5ecbdbe57db11d5314832ac6bb0f14	1166474534
PRJNA489076	SAMN09948069	SRX4634290	SRR7779170	RNA-seq	RNA-Seq	PAIRED	PAIRED	PAIRED	R2	2	SRR7779170_2.fastq.gz	ftp.sra.ebi.ac.uk/vol1/fastq/SRR777/000/SRR7779170/SRR7779170_2.fastq.gz	4fa55d948d4e6b4d7e2c98dae60f061a	1214305842
PRJNA489076	SAMN09948082	SRX4634295	SRR7779175	RNA-seq	RNA-Seq	PAIRED	PAIRED	PAIRED	R1	1	SRR7779175_1.fastq.gz	ftp.sra.ebi.ac.uk/vol1/fastq/SRR777/005/SRR7779175/SRR7779175_1.fastq.gz	226400d90db4ecc3c84d353bb0183c9c	1096825550
PRJNA489076	SAMN09948082	SRX4634295	SRR7779175	RNA-seq	RNA-Seq	PAIRED	PAIRED	PAIRED	R2	2	SRR7779175_2.fastq.gz	ftp.sra.ebi.ac.uk/vol1/fastq/SRR777/005/SRR7779175/SRR7779175_2.fastq.gz	fb6016659d0417bb57395ab514d14b5d	1149692300
PRJNA489076	SAMN09948075	SRX4634296	SRR7779176	RNA-seq	RNA-Seq	PAIRED	PAIRED	PAIRED	R1	1	SRR7779176_1.fastq.gz	ftp.sra.ebi.ac.uk/vol1/fastq/SRR777/006/SRR7779176/SRR7779176_1.fastq.gz	0a44ce65971993fcfbebb6e60fcdad38	1126779661
PRJNA489076	SAMN09948075	SRX4634296	SRR7779176	RNA-seq	RNA-Seq	PAIRED	PAIRED	PAIRED	R2	2	SRR7779176_2.fastq.gz	ftp.sra.ebi.ac.uk/vol1/fastq/SRR777/006/SRR7779176/SRR7779176_2.fastq.gz	d7201f5f43a3b1c1386d8477962be545	1180905850
PRJNA489076	SAMN09948078	SRX4634300	SRR7779180	RNA-seq	RNA-Seq	PAIRED	PAIRED	PAIRED	R1	1	SRR7779180_1.fastq.gz	ftp.sra.ebi.ac.uk/vol1/fastq/SRR777/000/SRR7779180/SRR7779180_1.fastq.gz	705d0178eead8421981a2d204e675f0c	1521502776
PRJNA489076	SAMN09948078	SRX4634300	SRR7779180	RNA-seq	RNA-Seq	PAIRED	PAIRED	PAIRED	R2	2	SRR7779180_2.fastq.gz	ftp.sra.ebi.ac.uk/vol1/fastq/SRR777/000/SRR7779180/SRR7779180_2.fastq.gz	18652347a56fca1d9ffa9882e21afdb4	1588675035
PRJNA489076	SAMN09948074	SRX4634303	SRR7779183	RNA-seq	RNA-Seq	PAIRED	PAIRED	PAIRED	R1	1	SRR7779183_1.fastq.gz	ftp.sra.ebi.ac.uk/vol1/fastq/SRR777/003/SRR7779183/SRR7779183_1.fastq.gz	a8028e71f6ad14f72deea094ae7585c9	1533371202
PRJNA489076	SAMN09948074	SRX4634303	SRR7779183	RNA-seq	RNA-Seq	PAIRED	PAIRED	PAIRED	R2	2	SRR7779183_2.fastq.gz	ftp.sra.ebi.ac.uk/vol1/fastq/SRR777/003/SRR7779183/SRR7779183_2.fastq.gz	33d1c1aa453dfcd29b8b19e72a105b70	1594962618
PRJNA489076	SAMN09948095	SRX4634315	SRR7779195	RNA-seq	RNA-Seq	PAIRED	PAIRED	PAIRED	R1	1	SRR7779195_1.fastq.gz	ftp.sra.ebi.ac.uk/vol1/fastq/SRR777/005/SRR7779195/SRR7779195_1.fastq.gz	8be0556d74097efab34c15f524fe422a	1496325195
PRJNA489076	SAMN09948095	SRX4634315	SRR7779195	RNA-seq	RNA-Seq	PAIRED	PAIRED	PAIRED	R2	2	SRR7779195_2.fastq.gz	ftp.sra.ebi.ac.uk/vol1/fastq/SRR777/005/SRR7779195/SRR7779195_2.fastq.gz	c241747641c92bb9c0f6aaabc3e86f31	1561217385
PRJNA489076	SAMN09948093	SRX4634317	SRR7779197	RNA-seq	RNA-Seq	PAIRED	PAIRED	PAIRED	R1	1	SRR7779197_1.fastq.gz	ftp.sra.ebi.ac.uk/vol1/fastq/SRR777/007/SRR7779197/SRR7779197_1.fastq.gz	2e6020fe5503af7746abd8d5ce445dc0	1294311043
PRJNA489076	SAMN09948093	SRX4634317	SRR7779197	RNA-seq	RNA-Seq	PAIRED	PAIRED	PAIRED	R2	2	SRR7779197_2.fastq.gz	ftp.sra.ebi.ac.uk/vol1/fastq/SRR777/007/SRR7779197/SRR7779197_2.fastq.gz	45d10d77654ce4031e95e2175a7754a7	1355858808
PRJNA489076	SAMN09948087	SRX4634323	SRR7779203	RNA-seq	RNA-Seq	PAIRED	PAIRED	PAIRED	R1	1	SRR7779203_1.fastq.gz	ftp.sra.ebi.ac.uk/vol1/fastq/SRR777/003/SRR7779203/SRR7779203_1.fastq.gz	dfc4eaa255bca325458cddfdf89e0479	1214001646
PRJNA489076	SAMN09948087	SRX4634323	SRR7779203	RNA-seq	RNA-Seq	PAIRED	PAIRED	PAIRED	R2	2	SRR7779203_2.fastq.gz	ftp.sra.ebi.ac.uk/vol1/fastq/SRR777/003/SRR7779203/SRR7779203_2.fastq.gz	b414f76642a3e9bf3dfa444ada05e03d	1264687325
PRJNA504034	SAMN10388065	SRX4986359	SRR8165627	RNA-seq	RNA-Seq	PAIRED	PAIRED	PAIRED	R1	1	SRR8165627_1.fastq.gz	ftp.sra.ebi.ac.uk/vol1/fastq/SRR816/007/SRR8165627/SRR8165627_1.fastq.gz	eeab585b12b7e81607b4438610ff708a	1859409327
PRJNA504034	SAMN10388065	SRX4986359	SRR8165627	RNA-seq	RNA-Seq	PAIRED	PAIRED	PAIRED	R2	2	SRR8165627_2.fastq.gz	ftp.sra.ebi.ac.uk/vol1/fastq/SRR816/007/SRR8165627/SRR8165627_2.fastq.gz	4634762e70fc432ab0a1cb4a722f9bab	1828444775
PRJNA504034	SAMN10388067	SRX4986357	SRR8165629	RNA-seq	RNA-Seq	PAIRED	PAIRED	PAIRED	R1	1	SRR8165629_1.fastq.gz	ftp.sra.ebi.ac.uk/vol1/fastq/SRR816/009/SRR8165629/SRR8165629_1.fastq.gz	72c2444ee6a591c670d40f5d2a2714ed	5550020621
PRJNA504034	SAMN10388067	SRX4986357	SRR8165629	RNA-seq	RNA-Seq	PAIRED	PAIRED	PAIRED	R2	2	SRR8165629_2.fastq.gz	ftp.sra.ebi.ac.uk/vol1/fastq/SRR816/009/SRR8165629/SRR8165629_2.fastq.gz	9ec01f0789fcec5335203c07a234b261	5586447547
PRJNA504034	SAMN10388087	SRX4986351	SRR8165635	RNA-seq	RNA-Seq	PAIRED	PAIRED	PAIRED	R1	1	SRR8165635_1.fastq.gz	ftp.sra.ebi.ac.uk/vol1/fastq/SRR816/005/SRR8165635/SRR8165635_1.fastq.gz	b83483e37533bc2df144269614c6afe9	9336289524
PRJNA504034	SAMN10388087	SRX4986351	SRR8165635	RNA-seq	RNA-Seq	PAIRED	PAIRED	PAIRED	R2	2	SRR8165635_2.fastq.gz	ftp.sra.ebi.ac.uk/vol1/fastq/SRR816/005/SRR8165635/SRR8165635_2.fastq.gz	8bde6732d24965f0f6dcf098a554ea4f	9381635849
PRJNA504034	SAMN10388088	SRX4986350	SRR8165636	RNA-seq	RNA-Seq	PAIRED	PAIRED	PAIRED	R1	1	SRR8165636_1.fastq.gz	ftp.sra.ebi.ac.uk/vol1/fastq/SRR816/006/SRR8165636/SRR8165636_1.fastq.gz	9263b9fbb340e9826e5e9a94c472c1ec	8870556751
PRJNA504034	SAMN10388088	SRX4986350	SRR8165636	RNA-seq	RNA-Seq	PAIRED	PAIRED	PAIRED	R2	2	SRR8165636_2.fastq.gz	ftp.sra.ebi.ac.uk/vol1/fastq/SRR816/006/SRR8165636/SRR8165636_2.fastq.gz	8ca7cfd4a096b4dbcda5daaa7e20f876	8929425145
PRJNA504034	SAMN10388063	SRX4986334	SRR8165652	RNA-seq	RNA-Seq	PAIRED	PAIRED	PAIRED	R1	1	SRR8165652_1.fastq.gz	ftp.sra.ebi.ac.uk/vol1/fastq/SRR816/002/SRR8165652/SRR8165652_1.fastq.gz	f6d14a43cd1b1db8f685c235afaa20b6	2495585373
PRJNA504034	SAMN10388063	SRX4986334	SRR8165652	RNA-seq	RNA-Seq	PAIRED	PAIRED	PAIRED	R2	2	SRR8165652_2.fastq.gz	ftp.sra.ebi.ac.uk/vol1/fastq/SRR816/002/SRR8165652/SRR8165652_2.fastq.gz	4f9fff32882624c817533affcc971dfc	2449705522
PRJNA504034	SAMN10388055	SRX4986332	SRR8165654	RNA-seq	RNA-Seq	PAIRED	PAIRED	PAIRED	R1	1	SRR8165654_1.fastq.gz	ftp.sra.ebi.ac.uk/vol1/fastq/SRR816/004/SRR8165654/SRR8165654_1.fastq.gz	4e4753a8680b0dd41f8d11e9ca8cf073	9276281740
PRJNA504034	SAMN10388055	SRX4986332	SRR8165654	RNA-seq	RNA-Seq	PAIRED	PAIRED	PAIRED	R2	2	SRR8165654_2.fastq.gz	ftp.sra.ebi.ac.uk/vol1/fastq/SRR816/004/SRR8165654/SRR8165654_2.fastq.gz	f3df15978149f77c0951fc1cda9fb2b1	9314006851
PRJNA504034	SAMN10388058	SRX4986331	SRR8165655	RNA-seq	RNA-Seq	PAIRED	PAIRED	PAIRED	R1	1	SRR8165655_1.fastq.gz	ftp.sra.ebi.ac.uk/vol1/fastq/SRR816/005/SRR8165655/SRR8165655_1.fastq.gz	20fdbf618c014dcbaa2d856421373c72	1978384649
PRJNA504034	SAMN10388058	SRX4986331	SRR8165655	RNA-seq	RNA-Seq	PAIRED	PAIRED	PAIRED	R2	2	SRR8165655_2.fastq.gz	ftp.sra.ebi.ac.uk/vol1/fastq/SRR816/005/SRR8165655/SRR8165655_2.fastq.gz	edcbb09f5014ba4c31b0dc8ef4f8180f	1947808842
PRJNA504034	SAMN10388057	SRX4986330	SRR8165656	RNA-seq	RNA-Seq	PAIRED	PAIRED	PAIRED	R1	1	SRR8165656_1.fastq.gz	ftp.sra.ebi.ac.uk/vol1/fastq/SRR816/006/SRR8165656/SRR8165656_1.fastq.gz	e7c264c648ed342b536a84bb4c041f2c	2207349065
PRJNA504034	SAMN10388057	SRX4986330	SRR8165656	RNA-seq	RNA-Seq	PAIRED	PAIRED	PAIRED	R2	2	SRR8165656_2.fastq.gz	ftp.sra.ebi.ac.uk/vol1/fastq/SRR816/006/SRR8165656/SRR8165656_2.fastq.gz	817ba01e2d30831e0ebab2e3dcad074b	2172131352
PRJNA504034	SAMN10388080	SRX4986319	SRR8165667	RNA-seq	RNA-Seq	PAIRED	PAIRED	PAIRED	R1	1	SRR8165667_1.fastq.gz	ftp.sra.ebi.ac.uk/vol1/fastq/SRR816/007/SRR8165667/SRR8165667_1.fastq.gz	4c789049b2c0279bdd5195fae13173bb	5142809015
PRJNA504034	SAMN10388080	SRX4986319	SRR8165667	RNA-seq	RNA-Seq	PAIRED	PAIRED	PAIRED	R2	2	SRR8165667_2.fastq.gz	ftp.sra.ebi.ac.uk/vol1/fastq/SRR816/007/SRR8165667/SRR8165667_2.fastq.gz	fd11037eccdef21c63e5ffef9afa2674	5165284746
PRJNA504034	SAMN10388084	SRX4986316	SRR8165670	RNA-seq	RNA-Seq	PAIRED	PAIRED	PAIRED	R1	1	SRR8165670_1.fastq.gz	ftp.sra.ebi.ac.uk/vol1/fastq/SRR816/000/SRR8165670/SRR8165670_1.fastq.gz	5245942bff350b7076af1d0c7a298226	8880022517
PRJNA504034	SAMN10388084	SRX4986316	SRR8165670	RNA-seq	RNA-Seq	PAIRED	PAIRED	PAIRED	R2	2	SRR8165670_2.fastq.gz	ftp.sra.ebi.ac.uk/vol1/fastq/SRR816/000/SRR8165670/SRR8165670_2.fastq.gz	528cc747d91304bf07f0fcab7ce6e41d	8920175973
PRJNA504034	SAMN10388053	SRX4986311	SRR8165675	RNA-seq	RNA-Seq	PAIRED	PAIRED	PAIRED	R1	1	SRR8165675_1.fastq.gz	ftp.sra.ebi.ac.uk/vol1/fastq/SRR816/005/SRR8165675/SRR8165675_1.fastq.gz	be1875e33b218e6c72c91d8421513193	5294646091
PRJNA504034	SAMN10388053	SRX4986311	SRR8165675	RNA-seq	RNA-Seq	PAIRED	PAIRED	PAIRED	R2	2	SRR8165675_2.fastq.gz	ftp.sra.ebi.ac.uk/vol1/fastq/SRR816/005/SRR8165675/SRR8165675_2.fastq.gz	4e2eaed634fd91d0d4b29b1bcf9d5d2b	5455006902
PRJNA545135	SAMN11874998	SRX5910666	SRR9137505	RNA-seq	RNA-Seq	PAIRED	PAIRED	PAIRED	R1	1	SRR9137505_1.fastq.gz	ftp.sra.ebi.ac.uk/vol1/fastq/SRR913/005/SRR9137505/SRR9137505_1.fastq.gz	94dc5f336a5a3b160815842bef6ac9b2	1561384131
PRJNA545135	SAMN11874998	SRX5910666	SRR9137505	RNA-seq	RNA-Seq	PAIRED	PAIRED	PAIRED	R2	2	SRR9137505_2.fastq.gz	ftp.sra.ebi.ac.uk/vol1/fastq/SRR913/005/SRR9137505/SRR9137505_2.fastq.gz	6e007bf7becc89d4ae3e1e7591e45c3d	1597332720
PRJNA545135	SAMN11874996	SRX5910668	SRR9137507	RNA-seq	RNA-Seq	PAIRED	PAIRED	PAIRED	R1	1	SRR9137507_1.fastq.gz	ftp.sra.ebi.ac.uk/vol1/fastq/SRR913/007/SRR9137507/SRR9137507_1.fastq.gz	22b42aac145fc51b48c6c348a408515a	1361829146
PRJNA545135	SAMN11874996	SRX5910668	SRR9137507	RNA-seq	RNA-Seq	PAIRED	PAIRED	PAIRED	R2	2	SRR9137507_2.fastq.gz	ftp.sra.ebi.ac.uk/vol1/fastq/SRR913/007/SRR9137507/SRR9137507_2.fastq.gz	c42012aa817006b5a83e012167c74ff9	1385547967
PRJNA545135	SAMN11874993	SRX5910670	SRR9137509	RNA-seq	RNA-Seq	PAIRED	PAIRED	PAIRED	R1	1	SRR9137509_1.fastq.gz	ftp.sra.ebi.ac.uk/vol1/fastq/SRR913/009/SRR9137509/SRR9137509_1.fastq.gz	157c84ed40e51b259a5dc4a9acbb9a9f	1592831226
PRJNA545135	SAMN11874993	SRX5910670	SRR9137509	RNA-seq	RNA-Seq	PAIRED	PAIRED	PAIRED	R2	2	SRR9137509_2.fastq.gz	ftp.sra.ebi.ac.uk/vol1/fastq/SRR913/009/SRR9137509/SRR9137509_2.fastq.gz	b9366e99654a696de15eab9d7d01c877	1627565631
PRJNA545309	SAMN11883835	SRX5924875	SRR9151759	RNA-seq	RNA-Seq	PAIRED	PAIRED	PAIRED	R1	1	SRR9151759_1.fastq.gz	ftp.sra.ebi.ac.uk/vol1/fastq/SRR915/009/SRR9151759/SRR9151759_1.fastq.gz	e0c5f9856fb3c3fe4ab454f4e1e5cb1a	1168016433
PRJNA545309	SAMN11883835	SRX5924875	SRR9151759	RNA-seq	RNA-Seq	PAIRED	PAIRED	PAIRED	R2	2	SRR9151759_2.fastq.gz	ftp.sra.ebi.ac.uk/vol1/fastq/SRR915/009/SRR9151759/SRR9151759_2.fastq.gz	92ab3453e0d0e19a2a2a166f2a8dc28a	1176879620
PRJNA545309	SAMN11883831	SRX5924879	SRR9151763	RNA-seq	RNA-Seq	PAIRED	PAIRED	PAIRED	R1	1	SRR9151763_1.fastq.gz	ftp.sra.ebi.ac.uk/vol1/fastq/SRR915/003/SRR9151763/SRR9151763_1.fastq.gz	6c3f82dbd30b650b322b9b4b99e44493	1005064393
PRJNA545309	SAMN11883831	SRX5924879	SRR9151763	RNA-seq	RNA-Seq	PAIRED	PAIRED	PAIRED	R2	2	SRR9151763_2.fastq.gz	ftp.sra.ebi.ac.uk/vol1/fastq/SRR915/003/SRR9151763/SRR9151763_2.fastq.gz	1715712f3cb2c056177e6d4b3344fc9b	1008837398
PRJNA551666	SAMN12162723	SRX6384003	SRR9620991	RNA-seq	RNA-Seq	SINGLE	SINGLE	SINGLE	SINGLE	1	SRR9620991.fastq.gz	ftp.sra.ebi.ac.uk/vol1/fastq/SRR962/001/SRR9620991/SRR9620991.fastq.gz	f3a8e8599763a84ae8b8ae3cec352ece	164344279
PRJNA551666	SAMN12162722	SRX6384004	SRR9620995	RNA-seq	RNA-Seq	SINGLE	SINGLE	SINGLE	SINGLE	1	SRR9620995.fastq.gz	ftp.sra.ebi.ac.uk/vol1/fastq/SRR962/005/SRR9620995/SRR9620995.fastq.gz	b11e50ca95b485014e36cb37f1b36238	191484177
PRJNA551666	SAMN12162722	SRX6384004	SRR9620998	RNA-seq	RNA-Seq	SINGLE	SINGLE	SINGLE	SINGLE	1	SRR9620998.fastq.gz	ftp.sra.ebi.ac.uk/vol1/fastq/SRR962/008/SRR9620998/SRR9620998.fastq.gz	f131670849f9198a9afb83a9f20ecdd2	194603512
PRJNA551666	SAMN12162721	SRX6384005	SRR9620999	RNA-seq	RNA-Seq	SINGLE	SINGLE	SINGLE	SINGLE	1	SRR9620999.fastq.gz	ftp.sra.ebi.ac.uk/vol1/fastq/SRR962/009/SRR9620999/SRR9620999.fastq.gz	01a88efb8290c1bcaf1855ca81fea30d	207820725
PRJNA551666	SAMN12162721	SRX6384005	SRR9621002	RNA-seq	RNA-Seq	SINGLE	SINGLE	SINGLE	SINGLE	1	SRR9621002.fastq.gz	ftp.sra.ebi.ac.uk/vol1/fastq/SRR962/002/SRR9621002/SRR9621002.fastq.gz	bf101ebab961033f593c5ea3c1f4381d	211237883
PRJNA551666	SAMN12162720	SRX6384006	SRR9621005	RNA-seq	RNA-Seq	SINGLE	SINGLE	SINGLE	SINGLE	1	SRR9621005.fastq.gz	ftp.sra.ebi.ac.uk/vol1/fastq/SRR962/005/SRR9621005/SRR9621005.fastq.gz	376e6022aafc96fbb5618221144aa3e0	169769275
PRJNA551666	SAMN12162719	SRX6384007	SRR9621009	RNA-seq	RNA-Seq	SINGLE	SINGLE	SINGLE	SINGLE	1	SRR9621009.fastq.gz	ftp.sra.ebi.ac.uk/vol1/fastq/SRR962/009/SRR9621009/SRR9621009.fastq.gz	de9b2b3b785d13bbf694b1cdebf9851d	167539749
PRJNA551666	SAMN12162715	SRX6384011	SRR9621023	RNA-seq	RNA-Seq	SINGLE	SINGLE	SINGLE	SINGLE	1	SRR9621023.fastq.gz	ftp.sra.ebi.ac.uk/vol1/fastq/SRR962/003/SRR9621023/SRR9621023.fastq.gz	ef67fcbab42adafeaf62048818e0904d	157527072
PRJNA551666	SAMN12162714	SRX6384012	SRR9621028	RNA-seq	RNA-Seq	SINGLE	SINGLE	SINGLE	SINGLE	1	SRR9621028.fastq.gz	ftp.sra.ebi.ac.uk/vol1/fastq/SRR962/008/SRR9621028/SRR9621028.fastq.gz	63adaa24486003aa6754e968bf28334e	170498658
PRJNA551666	SAMN12162714	SRX6384012	SRR9621029	RNA-seq	RNA-Seq	SINGLE	SINGLE	SINGLE	SINGLE	1	SRR9621029.fastq.gz	ftp.sra.ebi.ac.uk/vol1/fastq/SRR962/009/SRR9621029/SRR9621029.fastq.gz	51f7713302cfdb37f131806613a8cb61	176946313
PRJNA551666	SAMN12162714	SRX6384012	SRR9621030	RNA-seq	RNA-Seq	SINGLE	SINGLE	SINGLE	SINGLE	1	SRR9621030.fastq.gz	ftp.sra.ebi.ac.uk/vol1/fastq/SRR962/000/SRR9621030/SRR9621030.fastq.gz	97b10860db564d1a827ea430326d1871	177870445
PRJNA551666	SAMN12162712	SRX6384014	SRR9621035	RNA-seq	RNA-Seq	SINGLE	SINGLE	SINGLE	SINGLE	1	SRR9621035.fastq.gz	ftp.sra.ebi.ac.uk/vol1/fastq/SRR962/005/SRR9621035/SRR9621035.fastq.gz	259ca664167ba24bd888cc93ec9bf45f	193157255
PRJNA551666	SAMN12162712	SRX6384014	SRR9621037	RNA-seq	RNA-Seq	SINGLE	SINGLE	SINGLE	SINGLE	1	SRR9621037.fastq.gz	ftp.sra.ebi.ac.uk/vol1/fastq/SRR962/007/SRR9621037/SRR9621037.fastq.gz	43c3161e1c186b932b61c8cdeed5e192	195704393
PRJNA551666	SAMN12162710	SRX6384016	SRR9621046	RNA-seq	RNA-Seq	SINGLE	SINGLE	SINGLE	SINGLE	1	SRR9621046.fastq.gz	ftp.sra.ebi.ac.uk/vol1/fastq/SRR962/006/SRR9621046/SRR9621046.fastq.gz	db0ccee32ce692a19a734e120a9e926f	168529004
PRJNA551666	SAMN12162708	SRX6384018	SRR9621051	RNA-seq	RNA-Seq	SINGLE	SINGLE	SINGLE	SINGLE	1	SRR9621051.fastq.gz	ftp.sra.ebi.ac.uk/vol1/fastq/SRR962/001/SRR9621051/SRR9621051.fastq.gz	76a4d2ad27e6b9f5a4ed737fbf1faf6d	98414695
PRJNA551666	SAMN12162707	SRX6384019	SRR9621055	RNA-seq	RNA-Seq	SINGLE	SINGLE	SINGLE	SINGLE	1	SRR9621055.fastq.gz	ftp.sra.ebi.ac.uk/vol1/fastq/SRR962/005/SRR9621055/SRR9621055.fastq.gz	a46f33de0a55f8b16f46966aae920a7e	179122016
PRJNA551666	SAMN12162707	SRX6384019	SRR9621057	RNA-seq	RNA-Seq	SINGLE	SINGLE	SINGLE	SINGLE	1	SRR9621057.fastq.gz	ftp.sra.ebi.ac.uk/vol1/fastq/SRR962/007/SRR9621057/SRR9621057.fastq.gz	5dd25579dae544c6cc8bc3f8854d359a	180628647
PRJNA551666	SAMN12162707	SRX6384019	SRR9621058	RNA-seq	RNA-Seq	SINGLE	SINGLE	SINGLE	SINGLE	1	SRR9621058.fastq.gz	ftp.sra.ebi.ac.uk/vol1/fastq/SRR962/008/SRR9621058/SRR9621058.fastq.gz	3ff26a9b2eff3fea1e92b1c9c9562782	182397372
PRJNA551666	SAMN12162706	SRX6384020	SRR9621060	RNA-seq	RNA-Seq	SINGLE	SINGLE	SINGLE	SINGLE	1	SRR9621060.fastq.gz	ftp.sra.ebi.ac.uk/vol1/fastq/SRR962/000/SRR9621060/SRR9621060.fastq.gz	92df6d00057871460227ef98c7d732cf	166784372
PRJNA551666	SAMN12162704	SRX6384022	SRR9621069	RNA-seq	RNA-Seq	SINGLE	SINGLE	SINGLE	SINGLE	1	SRR9621069.fastq.gz	ftp.sra.ebi.ac.uk/vol1/fastq/SRR962/009/SRR9621069/SRR9621069.fastq.gz	acea2bf256b7378d78bf735806788ea2	177590565
PRJNA551666	SAMN12162704	SRX6384022	SRR9621070	RNA-seq	RNA-Seq	SINGLE	SINGLE	SINGLE	SINGLE	1	SRR9621070.fastq.gz	ftp.sra.ebi.ac.uk/vol1/fastq/SRR962/000/SRR9621070/SRR9621070.fastq.gz	f3148a132f2ac7c9f7a475a153a0e0dd	178428223
PRJNA551666	SAMN12162702	SRX6384024	SRR9621078	RNA-seq	RNA-Seq	SINGLE	SINGLE	SINGLE	SINGLE	1	SRR9621078.fastq.gz	ftp.sra.ebi.ac.uk/vol1/fastq/SRR962/008/SRR9621078/SRR9621078.fastq.gz	5f799e137dd5f47127e53bb9b1647c03	18307730
PRJNA551666	SAMN12162725	SRX6384025	SRR9621080	RNA-seq	RNA-Seq	SINGLE	SINGLE	SINGLE	SINGLE	1	SRR9621080.fastq.gz	ftp.sra.ebi.ac.uk/vol1/fastq/SRR962/000/SRR9621080/SRR9621080.fastq.gz	67a9448cc3272b7128f189de3f8222f1	199839575
PRJNA551666	SAMN12162725	SRX6384025	SRR9621081	RNA-seq	RNA-Seq	SINGLE	SINGLE	SINGLE	SINGLE	1	SRR9621081.fastq.gz	ftp.sra.ebi.ac.uk/vol1/fastq/SRR962/001/SRR9621081/SRR9621081.fastq.gz	da9de89976e34f1d5701a63baad83280	207565162
PRJNA551666	SAMN12162724	SRX6384026	SRR9621083	RNA-seq	RNA-Seq	SINGLE	SINGLE	SINGLE	SINGLE	1	SRR9621083.fastq.gz	ftp.sra.ebi.ac.uk/vol1/fastq/SRR962/003/SRR9621083/SRR9621083.fastq.gz	a6f73b8d5d7538fe7adf68010ddbcbe4	108743605
PRJNA551666	SAMN12162724	SRX6384026	SRR9621085	RNA-seq	RNA-Seq	SINGLE	SINGLE	SINGLE	SINGLE	1	SRR9621085.fastq.gz	ftp.sra.ebi.ac.uk/vol1/fastq/SRR962/005/SRR9621085/SRR9621085.fastq.gz	3ecf3a7eaddf1a6bb9f4595d3b07470a	109408618
PRJNA742028	SAMN20893081	SRX11857248	SRR15559103	RNA-seq	RNA-Seq	SINGLE	SINGLE	SINGLE	SINGLE	1	SRR15559103.fastq.gz	ftp.sra.ebi.ac.uk/vol1/fastq/SRR155/003/SRR15559103/SRR15559103.fastq.gz	d0bb219eb99deb43bbb1cea2cade5806	247409218
PRJNA742028	SAMN20893076	SRX11857243	SRR15559107	RNA-seq	RNA-Seq	SINGLE	SINGLE	SINGLE	SINGLE	1	SRR15559107.fastq.gz	ftp.sra.ebi.ac.uk/vol1/fastq/SRR155/007/SRR15559107/SRR15559107.fastq.gz	62f2fc7b4f56871d6058c8b1017c5563	424059494
PRJNA742028	SAMN20893088	SRX11857237	SRR15559117	RNA-seq	RNA-Seq	SINGLE	SINGLE	SINGLE	SINGLE	1	SRR15559117.fastq.gz	ftp.sra.ebi.ac.uk/vol1/fastq/SRR155/017/SRR15559117/SRR15559117.fastq.gz	c95c49b10e9c978016f13affa3049d7a	369894854
PRJNA742028	SAMN20893083	SRX11857232	SRR15559119	RNA-seq	RNA-Seq	SINGLE	SINGLE	SINGLE	SINGLE	1	SRR15559119.fastq.gz	ftp.sra.ebi.ac.uk/vol1/fastq/SRR155/019/SRR15559119/SRR15559119.fastq.gz	2f284d7e927b4671cb99aea6b1628109	275072026
PRJNA742028	SAMN20893074	SRX11857231	SRR15559120	RNA-seq	RNA-Seq	SINGLE	SINGLE	SINGLE	SINGLE	1	SRR15559120.fastq.gz	ftp.sra.ebi.ac.uk/vol1/fastq/SRR155/020/SRR15559120/SRR15559120.fastq.gz	1009ce24daa23925fefd96c54ffe3950	399270255
PRJNA1254963	SAMN48140366	SRX28553913	SRR33309097	RNA-seq	RNA-Seq	PAIRED	PAIRED	PAIRED	R1	1	SRR33309097_1.fastq.gz	ftp.sra.ebi.ac.uk/vol1/fastq/SRR333/097/SRR33309097/SRR33309097_1.fastq.gz	69ff8156100a51703e674731da164637	1273173026
PRJNA1254963	SAMN48140366	SRX28553913	SRR33309097	RNA-seq	RNA-Seq	PAIRED	PAIRED	PAIRED	R2	2	SRR33309097_2.fastq.gz	ftp.sra.ebi.ac.uk/vol1/fastq/SRR333/097/SRR33309097/SRR33309097_2.fastq.gz	f4af34de8ba0f5cbb9dd8543b3bd8390	1325209721
PRJNA1254963	SAMN48140367	SRX28553912	SRR33309098	RNA-seq	RNA-Seq	PAIRED	PAIRED	PAIRED	R1	1	SRR33309098_1.fastq.gz	ftp.sra.ebi.ac.uk/vol1/fastq/SRR333/098/SRR33309098/SRR33309098_1.fastq.gz	e84aa62f4ee2597c55d90d1bf28be505	1117221502
PRJNA1254963	SAMN48140367	SRX28553912	SRR33309098	RNA-seq	RNA-Seq	PAIRED	PAIRED	PAIRED	R2	2	SRR33309098_2.fastq.gz	ftp.sra.ebi.ac.uk/vol1/fastq/SRR333/098/SRR33309098/SRR33309098_2.fastq.gz	3a355bc67a106c031ce3f6fac3ed3f1d	1087676870
PRJNA1254963	SAMN48140374	SRX28553905	SRR33309104	RNA-seq	RNA-Seq	PAIRED	PAIRED	PAIRED	R1	1	SRR33309104_1.fastq.gz	ftp.sra.ebi.ac.uk/vol1/fastq/SRR333/004/SRR33309104/SRR33309104_1.fastq.gz	98ee18c66ffa3e1d8feba0edd1b48cb6	1685019840
PRJNA1254963	SAMN48140374	SRX28553905	SRR33309104	RNA-seq	RNA-Seq	PAIRED	PAIRED	PAIRED	R2	2	SRR33309104_2.fastq.gz	ftp.sra.ebi.ac.uk/vol1/fastq/SRR333/004/SRR33309104/SRR33309104_2.fastq.gz	9287cdf31315728b5d48d159b7eaecc4	1780108489
PRJNA1254963	SAMN48140375	SRX28553904	SRR33309105	RNA-seq	RNA-Seq	PAIRED	PAIRED	PAIRED	R1	1	SRR33309105_1.fastq.gz	ftp.sra.ebi.ac.uk/vol1/fastq/SRR333/005/SRR33309105/SRR33309105_1.fastq.gz	4cb96b3dd8c6efba56aa0a33e988665d	1510734431
PRJNA1254963	SAMN48140375	SRX28553904	SRR33309105	RNA-seq	RNA-Seq	PAIRED	PAIRED	PAIRED	R2	2	SRR33309105_2.fastq.gz	ftp.sra.ebi.ac.uk/vol1/fastq/SRR333/005/SRR33309105/SRR33309105_2.fastq.gz	124d5e72e67f928d1f9f62b28e6da164	1554522350
PRJNA1254963	SAMN48140376	SRX28553903	SRR33309106	RNA-seq	RNA-Seq	PAIRED	PAIRED	PAIRED	R1	1	SRR33309106_1.fastq.gz	ftp.sra.ebi.ac.uk/vol1/fastq/SRR333/006/SRR33309106/SRR33309106_1.fastq.gz	994428b265c86e68f85fffd4d251d963	1313423060
PRJNA1254963	SAMN48140376	SRX28553903	SRR33309106	RNA-seq	RNA-Seq	PAIRED	PAIRED	PAIRED	R2	2	SRR33309106_2.fastq.gz	ftp.sra.ebi.ac.uk/vol1/fastq/SRR333/006/SRR33309106/SRR33309106_2.fastq.gz	c49d520dcbb145441136bf8148a1838e	1264395536
PRJNA1254963	SAMN48140382	SRX28553897	SRR33309112	RNA-seq	RNA-Seq	PAIRED	PAIRED	PAIRED	R1	1	SRR33309112_1.fastq.gz	ftp.sra.ebi.ac.uk/vol1/fastq/SRR333/012/SRR33309112/SRR33309112_1.fastq.gz	f4eaf5e1b667ad9da9fd6a5fb0e7d4b0	1447498727
PRJNA1254963	SAMN48140382	SRX28553897	SRR33309112	RNA-seq	RNA-Seq	PAIRED	PAIRED	PAIRED	R2	2	SRR33309112_2.fastq.gz	ftp.sra.ebi.ac.uk/vol1/fastq/SRR333/012/SRR33309112/SRR33309112_2.fastq.gz	ce891f353f7cfc3cd650948f32450f44	1517427651
PRJNA1254963	SAMN48140386	SRX28553893	SRR33309117	RNA-seq	RNA-Seq	PAIRED	PAIRED	PAIRED	R1	1	SRR33309117_1.fastq.gz	ftp.sra.ebi.ac.uk/vol1/fastq/SRR333/017/SRR33309117/SRR33309117_1.fastq.gz	51a5380e3908893f7122acf405ac5b48	1487128689
PRJNA1254963	SAMN48140386	SRX28553893	SRR33309117	RNA-seq	RNA-Seq	PAIRED	PAIRED	PAIRED	R2	2	SRR33309117_2.fastq.gz	ftp.sra.ebi.ac.uk/vol1/fastq/SRR333/017/SRR33309117/SRR33309117_2.fastq.gz	6c636ac79730fc4c7d8619b71b00ea39	1517029712
PRJNA1254963	SAMN48140388	SRX28553891	SRR33309119	RNA-seq	RNA-Seq	PAIRED	PAIRED	PAIRED	R1	1	SRR33309119_1.fastq.gz	ftp.sra.ebi.ac.uk/vol1/fastq/SRR333/019/SRR33309119/SRR33309119_1.fastq.gz	6cc5dd2edc39370c562a53631a8d3fab	1699099855
PRJNA1254963	SAMN48140388	SRX28553891	SRR33309119	RNA-seq	RNA-Seq	PAIRED	PAIRED	PAIRED	R2	2	SRR33309119_2.fastq.gz	ftp.sra.ebi.ac.uk/vol1/fastq/SRR333/019/SRR33309119/SRR33309119_2.fastq.gz	ea6f5d1dc5bd90bad7f139f22fc5628d	1802872686
PRJNA1254963	SAMN48140390	SRX28553889	SRR33309120	RNA-seq	RNA-Seq	PAIRED	PAIRED	PAIRED	R1	1	SRR33309120_1.fastq.gz	ftp.sra.ebi.ac.uk/vol1/fastq/SRR333/020/SRR33309120/SRR33309120_1.fastq.gz	78dcd85967c12975ea9e24ccd38a6b5c	1697240275
PRJNA1254963	SAMN48140390	SRX28553889	SRR33309120	RNA-seq	RNA-Seq	PAIRED	PAIRED	PAIRED	R2	2	SRR33309120_2.fastq.gz	ftp.sra.ebi.ac.uk/vol1/fastq/SRR333/020/SRR33309120/SRR33309120_2.fastq.gz	9cd11cd9f92fb7d6a6e47463ecf4b50d	1669555598
PRJNA1254963	SAMN48140392	SRX28553887	SRR33309122	RNA-seq	RNA-Seq	PAIRED	PAIRED	PAIRED	R1	1	SRR33309122_1.fastq.gz	ftp.sra.ebi.ac.uk/vol1/fastq/SRR333/022/SRR33309122/SRR33309122_1.fastq.gz	3243d3fbd289ac80e62c0e676104d989	1007782446
PRJNA1254963	SAMN48140392	SRX28553887	SRR33309122	RNA-seq	RNA-Seq	PAIRED	PAIRED	PAIRED	R2	2	SRR33309122_2.fastq.gz	ftp.sra.ebi.ac.uk/vol1/fastq/SRR333/022/SRR33309122/SRR33309122_2.fastq.gz	2ebd43f69d675bf6fdc8487ba78db0ec	1058834346
PRJNA1254963	SAMN48140394	SRX28553885	SRR33309125	RNA-seq	RNA-Seq	PAIRED	PAIRED	PAIRED	R1	1	SRR33309125_1.fastq.gz	ftp.sra.ebi.ac.uk/vol1/fastq/SRR333/025/SRR33309125/SRR33309125_1.fastq.gz	d7651c783472a276f97694a85b156c8b	2331762598
PRJNA1254963	SAMN48140394	SRX28553885	SRR33309125	RNA-seq	RNA-Seq	PAIRED	PAIRED	PAIRED	R2	2	SRR33309125_2.fastq.gz	ftp.sra.ebi.ac.uk/vol1/fastq/SRR333/025/SRR33309125/SRR33309125_2.fastq.gz	401005787e085b239f4f2dbeb2fbec04	2106668339
PRJNA1254963	SAMN48140396	SRX28553883	SRR33309127	RNA-seq	RNA-Seq	PAIRED	PAIRED	PAIRED	R1	1	SRR33309127_1.fastq.gz	ftp.sra.ebi.ac.uk/vol1/fastq/SRR333/027/SRR33309127/SRR33309127_1.fastq.gz	6a4abd47e9d040ed7a709fd7d48b59f8	1800213711
PRJNA1254963	SAMN48140396	SRX28553883	SRR33309127	RNA-seq	RNA-Seq	PAIRED	PAIRED	PAIRED	R2	2	SRR33309127_2.fastq.gz	ftp.sra.ebi.ac.uk/vol1/fastq/SRR333/027/SRR33309127/SRR33309127_2.fastq.gz	3d8b667a64cec92cb34ef045d895639c	1905364883
PRJNA355213	SAMN06074320	SRX2600494	SRR5298325	RNA-seq	RNA-Seq	SINGLE	SINGLE	SINGLE	SINGLE	1	SRR5298325.fastq.gz	ftp.sra.ebi.ac.uk/vol1/fastq/SRR529/005/SRR5298325/SRR5298325.fastq.gz	1cfaae0ee73a1a9dab800dff7adbfcb2	2838065491
PRJNA1397461	SAMN54431534	SRX31674365	SRR36663589	RNA-seq	RNA-Seq	PAIRED	PAIRED	PAIRED	R1	1	SRR36663589_1.fastq.gz	ftp.sra.ebi.ac.uk/vol1/fastq/SRR366/089/SRR36663589/SRR36663589_1.fastq.gz	726d640c1dd7abc800b9b7acebd5c9b4	1501440698
PRJNA1397461	SAMN54431534	SRX31674365	SRR36663589	RNA-seq	RNA-Seq	PAIRED	PAIRED	PAIRED	R2	2	SRR36663589_2.fastq.gz	ftp.sra.ebi.ac.uk/vol1/fastq/SRR366/089/SRR36663589/SRR36663589_2.fastq.gz	c9e2d0a4c1fe839eaa90a6154f27e982	1494443997
PRJNA1397461	SAMN54431532	SRX31674363	SRR36663591	RNA-seq	RNA-Seq	PAIRED	PAIRED	PAIRED	R1	1	SRR36663591_1.fastq.gz	ftp.sra.ebi.ac.uk/vol1/fastq/SRR366/091/SRR36663591/SRR36663591_1.fastq.gz	c9b1da97bbb6eac7ddb30a852a493337	1489981088
PRJNA1397461	SAMN54431532	SRX31674363	SRR36663591	RNA-seq	RNA-Seq	PAIRED	PAIRED	PAIRED	R2	2	SRR36663591_2.fastq.gz	ftp.sra.ebi.ac.uk/vol1/fastq/SRR366/091/SRR36663591/SRR36663591_2.fastq.gz	908499f4e016bffe12dd85393ba051cb	1484450456
PRJNA1397464	SAMN54431545	SRX31674379	SRR36663597	RNA-seq	RNA-Seq	PAIRED	PAIRED	PAIRED	R1	1	SRR36663597_1.fastq.gz	ftp.sra.ebi.ac.uk/vol1/fastq/SRR366/097/SRR36663597/SRR36663597_1.fastq.gz	067fa82b7c056a2a1b308e8a264a0e2f	1363877063
PRJNA1397464	SAMN54431545	SRX31674379	SRR36663597	RNA-seq	RNA-Seq	PAIRED	PAIRED	PAIRED	R2	2	SRR36663597_2.fastq.gz	ftp.sra.ebi.ac.uk/vol1/fastq/SRR366/097/SRR36663597/SRR36663597_2.fastq.gz	f171ff47ec02cdc55e055382457c6939	1399063216
PRJNA1397464	SAMN54431543	SRX31674377	SRR36663599	RNA-seq	RNA-Seq	PAIRED	PAIRED	PAIRED	R1	1	SRR36663599_1.fastq.gz	ftp.sra.ebi.ac.uk/vol1/fastq/SRR366/099/SRR36663599/SRR36663599_1.fastq.gz	45b97eb250d16d62dcb5a4fa7406386a	1243491988
PRJNA1397464	SAMN54431543	SRX31674377	SRR36663599	RNA-seq	RNA-Seq	PAIRED	PAIRED	PAIRED	R2	2	SRR36663599_2.fastq.gz	ftp.sra.ebi.ac.uk/vol1/fastq/SRR366/099/SRR36663599/SRR36663599_2.fastq.gz	c246d8c8641566f7917b16bba3bbf882	1249273110
